date,station,deployment,has_data,data_start,data_end,n_points,n_ideal,true_missing,sp_nominal,dt_FG,dt_true,t_i0_offset_s,n_gaps,gap_total_missing,n_gaps_raw,gap_total_missing_raw,jitter_mean_ms,jitter_std_ms,jitter_maxabs_ms,frac_mean,frac_std,frac_maxabs,jitter_unstable,max_abs_epsilon,figure_generated
2014-09-10,CE02SHBP-LJ01D-07-VEL3DC108,1,False,,,0,0,,1.0,,,,,,,,,,,,,,,,False
2014-09-11,CE02SHBP-LJ01D-07-VEL3DC108,1,False,,,0,0,,1.0,,,,,,,,,,,,,,,,False
2014-09-12,CE02SHBP-LJ01D-07-VEL3DC108,1,False,,,0,0,,1.0,,,,,,,,,,,,,,,,False
2014-09-13,CE02SHBP-LJ01D-07-VEL3DC108,1,False,,,0,0,,1.0,,,,,,,,,,,,,,,,False
2014-09-14,CE02SHBP-LJ01D-07-VEL3DC108,1,False,,,0,0,,1.0,,,,,,,,,,,,,,,,False
2014-09-15,CE02SHBP-LJ01D-07-VEL3DC108,1,False,,,0,0,,1.0,,,,,,,,,,,,,,,,False
2014-09-16,CE02SHBP-LJ01D-07-VEL3DC108,1,False,,,0,0,,1.0,,,,,,,,,,,,,,,,False
2014-09-17,CE02SHBP-LJ01D-07-VEL3DC108,1,False,,,0,0,,1.0,,,,,,,,,,,,,,,,False
2014-09-18,CE02SHBP-LJ01D-07-VEL3DC108,1,False,,,0,0,,1.0,,,,,,,,,,,,,,,,False
2014-09-19,CE02SHBP-LJ01D-07-VEL3DC108,1,False,,,0,0,,1.0,,,,,,,,,,,,,,,,False
2014-09-20,CE02SHBP-LJ01D-07-VEL3DC108,1,False,,,0,0,,1.0,,,,,,,,,,,,,,,,False
2014-09-21,CE02SHBP-LJ01D-07-VEL3DC108,1,False,,,0,0,,1.0,,,,,,,,,,,,,,,,False
2014-09-22,CE02SHBP-LJ01D-07-VEL3DC108,1,False,,,0,0,,1.0,,,,,,,,,,,,,,,,False
2014-09-23,CE02SHBP-LJ01D-07-VEL3DC108,1,False,,,0,0,,1.0,,,,,,,,,,,,,,,,False
2014-09-24,CE02SHBP-LJ01D-07-VEL3DC108,1,False,,,0,0,,1.0,,,,,,,,,,,,,,,,False
2014-09-25,CE02SHBP-LJ01D-07-VEL3DC108,1,True,2014-09-25T18:35:01Z,2014-09-25T23:59:15Z,19168,19455,287,1.0,1.0,1.0,0.0,5,287,5,287,-0.0,0.0,0.0,-1.553564e-11,8.341257e-12,2.910383e-11,False,0.0,True
2014-09-26,CE02SHBP-LJ01D-07-VEL3DC108,1,True,2014-09-26T00:00:00Z,2014-09-26T23:59:15Z,85338,86356,1018,1.0,1.0,1.0,0.0,23,1018,23,1018,-0.0,0.0,1e-06,-4.561023e-10,2.580194e-10,9.022187e-10,False,0.0,True
2014-09-27,CE02SHBP-LJ01D-07-VEL3DC108,1,True,2014-09-27T00:00:00Z,2014-09-27T23:59:15Z,82839,86356,3517,1.0,1.0,1.0,0.0,24,3517,24,3517,-0.0,0.0,1e-06,-4.991025e-10,2.799579e-10,9.749783e-10,False,0.0,True
2014-09-28,CE02SHBP-LJ01D-07-VEL3DC108,1,True,2014-09-28T00:00:00Z,2014-09-28T23:59:16Z,85338,86357,1019,1.0,1.0,1.0,-0.0,23,1019,23,1019,0.0,0.0,1e-06,3.448531e-10,1.953882e-10,6.8394e-10,False,0.0,True
2014-09-29,CE02SHBP-LJ01D-07-VEL3DC108,1,True,2014-09-29T00:00:00Z,2014-09-29T23:59:15Z,85338,86356,1018,1.0,1.0,1.0,-0.0,23,1018,23,1018,0.0,0.0,0.0,4.469015e-12,2.845936e-12,7.275958e-12,False,0.0,True
2014-09-30,CE02SHBP-LJ01D-07-VEL3DC108,1,True,2014-09-30T00:00:00Z,2014-09-30T23:59:15Z,85341,86356,1015,1.0,1.0,1.0,-0.0,23,1015,23,1015,0.0,0.0,1e-06,3.161589e-10,1.791161e-10,6.257324e-10,False,0.0,True
2014-10-01,CE02SHBP-LJ01D-07-VEL3DC108,1,True,2014-10-01T00:00:00Z,2014-10-01T23:59:16Z,85333,86357,1024,1.0,1.0,1.0,-0.0,23,1024,23,1024,-0.0,0.0,0.0,-4.741424e-11,2.808816e-11,1.018634e-10,False,0.0,True
2014-10-02,CE02SHBP-LJ01D-07-VEL3DC108,1,True,2014-10-02T00:00:00Z,2014-10-02T23:59:15Z,85339,86356,1017,1.0,1.0,1.0,0.0,23,1017,23,1017,-0.0,0.0,0.0,-2.018626e-10,1.119631e-10,3.929017e-10,False,0.0,True
2014-10-03,CE02SHBP-LJ01D-07-VEL3DC108,1,True,2014-10-03T00:00:00Z,2014-10-03T23:59:14Z,85341,86355,1014,1.0,1.0,1.0,-0.0,23,1014,23,1014,0.0,0.0,0.0,1.323379e-11,5.413101e-12,2.182787e-11,False,0.0,True
2014-10-04,CE02SHBP-LJ01D-07-VEL3DC108,1,True,2014-10-04T00:00:00Z,2014-10-04T23:59:15Z,85337,86356,1019,1.0,1.0,1.0,0.0,23,1019,23,1019,-0.0,0.0,0.0,-1.972067e-10,1.085065e-10,3.783498e-10,False,0.0,True
2014-10-05,CE02SHBP-LJ01D-07-VEL3DC108,1,True,2014-10-05T00:00:00Z,2014-10-05T23:59:15Z,85341,86356,1015,1.0,1.0,1.0,-0.0,23,1015,23,1015,0.0,0.0,0.0,6.190953e-11,3.233201e-11,1.164153e-10,False,0.0,True
2014-10-06,CE02SHBP-LJ01D-07-VEL3DC108,1,True,2014-10-06T00:00:00Z,2014-10-06T23:59:15Z,85343,86356,1013,1.0,1.0,1.0,0.0,23,1013,23,1013,-1e-06,0.0,1e-06,-7.226248e-10,4.11278e-10,1.44064e-09,False,0.0,True
2014-10-07,CE02SHBP-LJ01D-07-VEL3DC108,1,True,2014-10-07T00:00:00Z,2014-10-07T23:59:15Z,85491,86356,865,1.0,1.0,1.0,0.0,20,865,20,865,-0.0,0.0,1e-06,-2.782e-10,1.602276e-10,5.529728e-10,False,0.0,True
2014-10-08,CE02SHBP-LJ01D-07-VEL3DC108,1,True,2014-10-08T00:00:00Z,2014-10-08T23:59:16Z,85335,86357,1022,1.0,1.0,1.0,-0.0,23,1022,23,1022,0.0,0.0,0.0,2.351204e-10,1.272706e-10,4.511094e-10,False,0.0,True
2014-10-09,CE02SHBP-LJ01D-07-VEL3DC108,1,True,2014-10-09T00:00:00Z,2014-10-09T23:59:15Z,85340,86356,1016,1.0,1.0,1.0,-0.0,23,1016,23,1016,0.0,0.0,0.0,1.974299e-10,1.089224e-10,3.929017e-10,False,0.0,True
2014-10-10,CE02SHBP-LJ01D-07-VEL3DC108,1,True,2014-10-10T00:00:00Z,2014-10-10T23:59:14Z,85379,86355,976,1.0,1.0,1.0,-0.0,23,976,23,976,0.0,0.0,0.0,3.801191e-11,1.892687e-11,7.275958e-11,False,0.0,True
2014-10-11,CE02SHBP-LJ01D-07-VEL3DC108,1,True,2014-10-11T00:00:00Z,2014-10-11T23:59:14Z,85337,86355,1018,1.0,1.0,1.0,0.0,23,1018,23,1018,-0.0,0.0,0.0,-2.875818e-11,1.698733e-11,5.820766e-11,False,0.0,True
2014-10-12,CE02SHBP-LJ01D-07-VEL3DC108,1,True,2014-10-12T00:00:00Z,2014-10-12T23:59:15Z,85338,86356,1018,1.0,1.0,1.0,0.0,23,1018,23,1018,-0.0,0.0,0.0,-1.104217e-10,5.542364e-11,2.037268e-10,False,0.0,True
2014-10-13,CE02SHBP-LJ01D-07-VEL3DC108,1,True,2014-10-13T00:00:00Z,2014-10-13T23:59:14Z,85340,86355,1015,1.0,1.0,1.0,-0.0,23,1015,23,1015,0.0,0.0,0.0,2.254513e-10,1.219187e-10,4.365575e-10,False,0.0,True
2014-10-14,CE02SHBP-LJ01D-07-VEL3DC108,1,True,2014-10-14T00:00:00Z,2014-10-14T23:59:14Z,85342,86355,1013,1.0,1.0,1.0,0.0,23,1013,23,1013,-0.0,0.0,0.0,-2.300801e-10,1.328786e-10,4.656613e-10,False,0.0,True
2014-10-15,CE02SHBP-LJ01D-07-VEL3DC108,1,True,2014-10-15T00:00:00Z,2014-10-15T23:59:15Z,85338,86356,1018,1.0,1.0,1.0,0.0,23,1018,23,1018,0.0,0.0,1e-06,2.784773e-10,1.639187e-10,5.675247e-10,False,0.0,True
2014-10-16,CE02SHBP-LJ01D-07-VEL3DC108,1,True,2014-10-16T00:00:00Z,2014-10-16T23:59:15Z,85344,86356,1012,1.0,1.0,1.0,0.0,23,1012,23,1012,-0.0,0.0,1e-06,-4.177015e-10,2.359378e-10,8.294592e-10,False,0.0,True
2014-10-17,CE02SHBP-LJ01D-07-VEL3DC108,1,True,2014-10-17T00:00:00Z,2014-10-17T23:59:14Z,85340,86355,1015,1.0,1.0,1.0,-0.0,23,1015,23,1015,1e-06,0.0,2e-06,7.924783e-10,4.471285e-10,1.571607e-09,False,0.0,True
2014-10-18,CE02SHBP-LJ01D-07-VEL3DC108,1,True,2014-10-18T00:00:00Z,2014-10-18T23:59:15Z,85339,86356,1017,1.0,1.0,1.0,-0.0,23,1017,23,1017,0.0,0.0,1e-06,3.783759e-10,2.14676e-10,7.421477e-10,False,0.0,True
2014-10-19,CE02SHBP-LJ01D-07-VEL3DC108,1,True,2014-10-19T00:00:00Z,2014-10-19T23:59:15Z,85341,86356,1015,1.0,1.0,1.0,0.0,23,1015,23,1015,-0.0,0.0,1e-06,-2.835477e-10,1.583361e-10,5.529728e-10,False,0.0,True
2014-10-20,CE02SHBP-LJ01D-07-VEL3DC108,1,True,2014-10-20T00:00:00Z,2014-10-20T23:59:14Z,85335,86355,1020,1.0,1.0,1.0,0.0,23,1020,23,1020,-0.0,0.0,0.0,-1.769207e-10,9.855134e-11,3.49246e-10,False,0.0,True
2014-10-21,CE02SHBP-LJ01D-07-VEL3DC108,1,True,2014-10-21T00:00:00Z,2014-10-21T23:59:15Z,85341,86356,1015,1.0,1.0,1.0,-0.0,23,1015,23,1015,1e-06,0.0,1e-06,5.660682e-10,3.221605e-10,1.120497e-09,False,0.0,True
2014-10-22,CE02SHBP-LJ01D-07-VEL3DC108,1,True,2014-10-22T00:00:00Z,2014-10-22T23:59:15Z,85340,86356,1016,1.0,1.0,1.0,-0.0,23,1016,23,1016,0.0,0.0,1e-06,3.975426e-10,2.258109e-10,7.858034e-10,False,0.0,True
2014-10-23,CE02SHBP-LJ01D-07-VEL3DC108,1,True,2014-10-23T00:00:00Z,2014-10-23T23:59:15Z,85337,86356,1019,1.0,1.0,1.0,0.0,23,1019,23,1019,0.0,0.0,0.0,8.599374e-11,5.034307e-11,1.74623e-10,False,0.0,True
2014-10-24,CE02SHBP-LJ01D-07-VEL3DC108,1,True,2014-10-24T00:00:00Z,2014-10-24T23:59:16Z,85343,86357,1014,1.0,1.0,1.0,-0.0,23,1014,23,1014,0.0,0.0,1e-06,4.519116e-10,2.589593e-10,9.022187e-10,False,0.0,True
2014-10-25,CE02SHBP-LJ01D-07-VEL3DC108,1,True,2014-10-25T00:00:00Z,2014-10-25T23:59:14Z,86350,86355,5,1.0,1.0,1.0,0.0,5,5,5,5,-0.0,0.0,0.0,-2.065018e-10,1.144166e-10,4.074536e-10,False,0.0,True
2014-10-26,CE02SHBP-LJ01D-07-VEL3DC108,1,True,2014-10-26T00:00:00Z,2014-10-26T23:59:14Z,85337,86355,1018,1.0,1.0,1.0,-0.0,23,1018,23,1018,0.0,0.0,1e-06,3.075286e-10,1.721458e-10,6.111804e-10,False,0.0,True
2014-10-27,CE02SHBP-LJ01D-07-VEL3DC108,1,True,2014-10-27T00:00:00Z,2014-10-27T23:59:15Z,85337,86356,1019,1.0,1.0,1.0,0.0,23,1019,23,1019,-1e-06,0.0,1e-06,-5.911564e-10,3.308408e-10,1.164153e-09,False,0.0,True
2014-10-28,CE02SHBP-LJ01D-07-VEL3DC108,1,True,2014-10-28T00:00:00Z,2014-10-28T23:59:15Z,85337,86356,1019,1.0,1.0,1.0,0.0,23,1019,23,1019,0.0,0.0,0.0,7.653406e-11,4.422228e-11,1.600711e-10,False,0.0,True
2014-10-29,CE02SHBP-LJ01D-07-VEL3DC108,1,True,2014-10-29T00:00:00Z,2014-10-29T23:59:14Z,85336,86355,1019,1.0,1.0,1.0,0.0,23,1019,23,1019,-0.0,0.0,0.0,-4.885177e-11,2.653013e-11,1.018634e-10,False,0.0,True
2014-10-30,CE02SHBP-LJ01D-07-VEL3DC108,1,True,2014-10-30T00:00:00Z,2014-10-30T23:59:15Z,45834,86356,40522,1.0,1.0,1.0,-0.0,13,40522,13,40522,-0.0,0.0,1e-06,-2.999347e-10,2.152752e-10,5.820766e-10,False,0.0,True
2014-10-31,CE02SHBP-LJ01D-07-VEL3DC108,1,True,2014-10-31T00:00:00Z,2014-10-31T23:59:14Z,85340,86355,1015,1.0,1.0,1.0,0.0,23,1015,23,1015,-0.0,0.0,0.0,-9.041196e-11,4.920728e-11,1.74623e-10,False,0.0,True
2014-11-01,CE02SHBP-LJ01D-07-VEL3DC108,1,True,2014-11-01T00:00:00Z,2014-11-01T23:59:15Z,85340,86356,1016,1.0,1.0,1.0,0.0,23,1016,23,1016,0.0,0.0,0.0,1.053385e-10,6.08104e-11,2.037268e-10,False,0.0,True
2014-11-02,CE02SHBP-LJ01D-07-VEL3DC108,1,True,2014-11-02T00:00:00Z,2014-11-02T23:59:15Z,85341,86356,1015,1.0,1.0,1.0,-0.0,23,1015,23,1015,0.0,0.0,0.0,1.254307e-10,6.74295e-11,2.473826e-10,False,0.0,True
2014-11-03,CE02SHBP-LJ01D-07-VEL3DC108,1,True,2014-11-03T00:00:00Z,2014-11-03T23:59:14Z,85339,86355,1016,1.0,1.0,1.0,0.0,23,1016,23,1016,-0.0,0.0,0.0,-2.407172e-10,1.374931e-10,4.802132e-10,False,0.0,True
2014-11-04,CE02SHBP-LJ01D-07-VEL3DC108,1,True,2014-11-04T00:00:00Z,2014-11-04T16:05:32Z,57225,57933,708,1.0,1.0,1.0,0.0,16,708,16,708,-0.0,0.0,1e-06,-3.933311e-10,2.223294e-10,7.785275e-10,False,0.0,True
2014-11-05,CE02SHBP-LJ01D-07-VEL3DC108,1,True,2014-11-05T19:03:00Z,2014-11-05T23:59:15Z,17613,17776,163,1.0,1.0,1.0,0.0,4,163,4,163,-0.0,0.0,0.0,-2.500573e-11,1.378554e-11,4.729372e-11,False,0.0,True
2014-11-06,CE02SHBP-LJ01D-07-VEL3DC108,1,True,2014-11-06T00:00:00Z,2014-11-06T23:59:15Z,85337,86356,1019,1.0,1.0,1.0,0.0,23,1019,23,1019,0.0,0.0,0.0,1.53051e-10,8.915598e-11,3.055902e-10,False,0.0,True
2014-11-07,CE02SHBP-LJ01D-07-VEL3DC108,1,True,2014-11-07T00:00:00Z,2014-11-07T23:59:16Z,85343,86357,1014,1.0,1.0,1.0,-0.0,23,1014,23,1014,1e-06,0.0,1e-06,6.246732e-10,3.503026e-10,1.236913e-09,False,0.0,True
2014-11-08,CE02SHBP-LJ01D-07-VEL3DC108,1,True,2014-11-08T00:00:00Z,2014-11-08T23:59:15Z,85344,86356,1012,1.0,1.0,1.0,0.0,23,1012,23,1012,-0.0,0.0,0.0,-9.292251e-12,4.856515e-12,1.455192e-11,False,0.0,True
2014-11-09,CE02SHBP-LJ01D-07-VEL3DC108,1,True,2014-11-09T00:00:00Z,2014-11-09T23:59:15Z,85339,86356,1017,1.0,1.0,1.0,0.0,23,1017,23,1017,0.0,0.0,0.0,1.347158e-10,8.16806e-11,2.764864e-10,False,0.0,True
2014-11-10,CE02SHBP-LJ01D-07-VEL3DC108,1,True,2014-11-10T00:00:00Z,2014-11-10T23:59:15Z,85338,86356,1018,1.0,1.0,1.0,-0.0,23,1018,23,1018,-0.0,0.0,0.0,-1.106377e-10,6.774753e-11,2.328306e-10,False,0.0,True
2014-11-11,CE02SHBP-LJ01D-07-VEL3DC108,1,True,2014-11-11T00:00:00Z,2014-11-11T23:59:14Z,85335,86355,1020,1.0,1.0,1.0,-0.0,23,1020,23,1020,1e-06,0.0,1e-06,6.078346e-10,3.444648e-10,1.207809e-09,False,0.0,True
2014-11-12,CE02SHBP-LJ01D-07-VEL3DC108,1,True,2014-11-12T00:00:00Z,2014-11-12T23:59:16Z,85341,86357,1016,1.0,1.0,1.0,0.0,23,1016,23,1016,-0.0,0.0,0.0,-1.544903e-10,8.758809e-11,3.055902e-10,False,0.0,True
2014-11-13,CE02SHBP-LJ01D-07-VEL3DC108,1,True,2014-11-13T00:00:00Z,2014-11-13T23:59:15Z,85338,86356,1018,1.0,1.0,1.0,-0.0,23,1018,23,1018,1e-06,0.0,1e-06,6.030892e-10,3.417532e-10,1.193257e-09,False,0.0,True
2014-11-14,CE02SHBP-LJ01D-07-VEL3DC108,1,True,2014-11-14T00:00:00Z,2014-11-14T18:35:22Z,66113,66923,810,1.0,1.0,1.0,0.0,19,810,19,810,-0.0,0.0,1e-06,-3.486651e-10,1.972479e-10,6.8394e-10,False,0.0,True
2014-11-15,CE02SHBP-LJ01D-07-VEL3DC108,1,False,,,0,0,,1.0,,,,,,,,,,,,,,,,False
2014-11-16,CE02SHBP-LJ01D-07-VEL3DC108,1,False,,,0,0,,1.0,,,,,,,,,,,,,,,,False
2014-11-17,CE02SHBP-LJ01D-07-VEL3DC108,1,True,2014-11-17T18:07:00Z,2014-11-17T23:59:15Z,20892,21136,244,1.0,1.0,1.0,0.0,5,244,5,244,-0.0,0.0,0.0,-5.657953e-11,3.140802e-11,1.127773e-10,False,0.0,True
2014-11-18,CE02SHBP-LJ01D-07-VEL3DC108,1,True,2014-11-18T00:00:00Z,2014-11-18T23:59:16Z,85338,86357,1019,1.0,1.0,1.0,0.0,23,1019,23,1019,-0.0,0.0,0.0,-2.153185e-10,1.207432e-10,4.220055e-10,False,0.0,True
2014-11-19,CE02SHBP-LJ01D-07-VEL3DC108,1,True,2014-11-19T00:00:00Z,2014-11-19T23:59:15Z,85338,86356,1018,1.0,1.0,1.0,0.0,23,1018,23,1018,-0.0,0.0,0.0,-1.766654e-10,9.889603e-11,3.49246e-10,False,0.0,True
2014-11-20,CE02SHBP-LJ01D-07-VEL3DC108,1,True,2014-11-20T00:00:00Z,2014-11-20T23:59:15Z,85337,86356,1019,1.0,1.0,1.0,-0.0,23,1019,23,1019,0.0,0.0,0.0,1.969539e-10,1.131491e-10,3.929017e-10,False,0.0,True
2014-11-21,CE02SHBP-LJ01D-07-VEL3DC108,1,True,2014-11-21T00:00:00Z,2014-11-21T23:59:14Z,85337,86355,1018,1.0,1.0,1.0,0.0,23,1018,23,1018,0.0,0.0,0.0,2.832513e-11,2.200861e-11,7.275958e-11,False,0.0,True
2014-11-22,CE02SHBP-LJ01D-07-VEL3DC108,1,True,2014-11-22T00:00:00Z,2014-11-22T23:59:14Z,85338,86355,1017,1.0,1.0,1.0,0.0,23,1017,23,1017,0.0,0.0,0.0,1.636793e-10,9.800956e-11,3.346941e-10,False,0.0,True
2014-11-23,CE02SHBP-LJ01D-07-VEL3DC108,1,True,2014-11-23T00:00:00Z,2014-11-23T23:59:15Z,85342,86356,1014,1.0,1.0,1.0,0.0,23,1014,23,1014,-0.0,0.0,1e-06,-3.878976e-10,2.203409e-10,7.712515e-10,False,0.0,True
2014-11-24,CE02SHBP-LJ01D-07-VEL3DC108,1,True,2014-11-24T00:00:00Z,2014-11-24T23:59:15Z,85336,86356,1020,1.0,1.0,1.0,0.0,23,1020,23,1020,-0.0,0.0,1e-06,-4.314843e-10,2.491209e-10,8.58563e-10,False,0.0,True
2014-11-25,CE02SHBP-LJ01D-07-VEL3DC108,1,True,2014-11-25T00:00:00Z,2014-11-25T23:59:14Z,85341,86355,1014,1.0,1.0,1.0,0.0,23,1014,23,1014,-0.0,0.0,0.0,-1.727839e-10,9.933623e-11,3.49246e-10,False,0.0,True
2014-11-26,CE02SHBP-LJ01D-07-VEL3DC108,1,True,2014-11-26T00:00:00Z,2014-11-26T23:59:15Z,85341,86356,1015,1.0,1.0,1.0,0.0,23,1015,23,1015,0.0,0.0,1e-06,3.152409e-10,1.838257e-10,6.257324e-10,False,0.0,True
2014-11-27,CE02SHBP-LJ01D-07-VEL3DC108,1,True,2014-11-27T00:00:00Z,2014-11-27T23:59:15Z,85338,86356,1018,1.0,1.0,1.0,-0.0,23,1018,23,1018,1e-06,0.0,1e-06,6.280638e-10,3.545634e-10,1.236913e-09,False,0.0,True
2014-11-28,CE02SHBP-LJ01D-07-VEL3DC108,1,True,2014-11-28T00:00:00Z,2014-11-28T23:59:15Z,85337,86356,1019,1.0,1.0,1.0,0.0,23,1019,23,1019,0.0,0.0,1e-06,2.817697e-10,1.645761e-10,5.675247e-10,False,0.0,True
2014-11-29,CE02SHBP-LJ01D-07-VEL3DC108,1,True,2014-11-29T00:00:00Z,2014-11-29T23:59:14Z,85340,86355,1015,1.0,1.0,1.0,0.0,23,1015,23,1015,-0.0,0.0,1e-06,-4.407169e-10,2.51186e-10,8.731149e-10,False,0.0,True
2014-11-30,CE02SHBP-LJ01D-07-VEL3DC108,1,True,2014-11-30T00:00:00Z,2014-11-30T23:59:15Z,85341,86356,1015,1.0,1.0,1.0,0.0,23,1015,23,1015,-0.0,0.0,1e-06,-3.503719e-10,1.974095e-10,6.8394e-10,False,0.0,True
2014-12-01,CE02SHBP-LJ01D-07-VEL3DC108,1,True,2014-12-01T00:00:00Z,2014-12-01T23:59:14Z,85338,86355,1017,1.0,1.0,1.0,0.0,23,1017,23,1017,-1e-06,0.0,1e-06,-6.516916e-10,3.729126e-10,1.29512e-09,False,0.0,True
2014-12-02,CE02SHBP-LJ01D-07-VEL3DC108,1,True,2014-12-02T00:00:00Z,2014-12-02T23:59:15Z,85338,86356,1018,1.0,1.0,1.0,-0.0,23,1018,23,1018,-0.0,0.0,0.0,-1.09841e-10,6.841937e-11,2.328306e-10,False,0.0,True
2014-12-03,CE02SHBP-LJ01D-07-VEL3DC108,1,True,2014-12-03T00:00:00Z,2014-12-03T23:59:15Z,85339,86356,1017,1.0,1.0,1.0,-0.0,23,1017,23,1017,0.0,0.0,1e-06,2.577032e-10,1.427092e-10,5.09317e-10,False,0.0,True
2014-12-04,CE02SHBP-LJ01D-07-VEL3DC108,1,True,2014-12-04T00:00:00Z,2014-12-04T23:59:14Z,85334,86355,1021,1.0,1.0,1.0,0.0,23,1021,23,1021,-0.0,0.0,0.0,-8.659954e-11,4.950474e-11,1.74623e-10,False,0.0,True
2014-12-05,CE02SHBP-LJ01D-07-VEL3DC108,1,True,2014-12-05T00:00:00Z,2014-12-05T23:59:15Z,85340,86356,1016,1.0,1.0,1.0,-0.0,23,1016,23,1016,0.0,0.0,0.0,1.579503e-10,8.783297e-11,3.055902e-10,False,0.0,True
2014-12-06,CE02SHBP-LJ01D-07-VEL3DC108,1,True,2014-12-06T00:00:00Z,2014-12-06T23:59:15Z,85336,86356,1020,1.0,1.0,1.0,0.0,23,1020,23,1020,-0.0,0.0,0.0,-1.544341e-10,8.767969e-11,3.055902e-10,False,0.0,True
2014-12-07,CE02SHBP-LJ01D-07-VEL3DC108,1,True,2014-12-07T00:00:00Z,2014-12-07T20:59:15Z,74674,75556,882,1.0,1.0,1.0,0.0,20,882,20,882,-0.0,0.0,0.0,-2.339221e-10,1.248697e-10,4.511094e-10,False,0.0,True
2014-12-08,CE02SHBP-LJ01D-07-VEL3DC108,1,False,,,0,0,,1.0,,,,,,,,,,,,,,,,False
2014-12-09,CE02SHBP-LJ01D-07-VEL3DC108,1,False,,,0,0,,1.0,,,,,,,,,,,,,,,,False
2014-12-10,CE02SHBP-LJ01D-07-VEL3DC108,1,False,,,0,0,,1.0,,,,,,,,,,,,,,,,False
2014-12-11,CE02SHBP-LJ01D-07-VEL3DC108,1,False,,,0,0,,1.0,,,,,,,,,,,,,,,,False
2014-12-12,CE02SHBP-LJ01D-07-VEL3DC108,1,False,,,0,0,,1.0,,,,,,,,,,,,,,,,False
2014-12-13,CE02SHBP-LJ01D-07-VEL3DC108,1,False,,,0,0,,1.0,,,,,,,,,,,,,,,,False
2014-12-14,CE02SHBP-LJ01D-07-VEL3DC108,1,False,,,0,0,,1.0,,,,,,,,,,,,,,,,False
2014-12-15,CE02SHBP-LJ01D-07-VEL3DC108,1,False,,,0,0,,1.0,,,,,,,,,,,,,,,,False
2014-12-16,CE02SHBP-LJ01D-07-VEL3DC108,1,True,2014-12-16T22:20:01Z,2014-12-16T23:59:15Z,4835,5955,1120,1.0,1.0,1.0,0.0,1,1120,1,1120,-0.0,0.0,0.0,-1.752707e-11,9.465956e-12,3.183231e-11,False,0.0,True
2014-12-17,CE02SHBP-LJ01D-07-VEL3DC108,1,True,2014-12-17T00:00:00Z,2014-12-17T23:59:15Z,85342,86356,1014,1.0,1.0,1.0,0.0,23,1014,23,1014,-0.0,0.0,0.0,-2.113673e-10,1.176358e-10,4.220055e-10,False,0.0,True
2014-12-18,CE02SHBP-LJ01D-07-VEL3DC108,1,True,2014-12-18T00:00:00Z,2014-12-18T23:59:15Z,85343,86356,1013,1.0,1.0,1.0,-0.0,23,1013,23,1013,1e-06,0.0,1e-06,6.807904e-10,3.850372e-10,1.353328e-09,False,0.0,True
2014-12-19,CE02SHBP-LJ01D-07-VEL3DC108,1,True,2014-12-19T00:00:00Z,2014-12-19T23:59:15Z,85340,86356,1016,1.0,1.0,1.0,-0.0,23,1016,23,1016,0.0,0.0,1e-06,4.135533e-10,2.367555e-10,8.294592e-10,False,0.0,True
2014-12-20,CE02SHBP-LJ01D-07-VEL3DC108,1,True,2014-12-20T00:00:00Z,2014-12-20T23:59:14Z,85334,86355,1021,1.0,1.0,1.0,0.0,23,1021,23,1021,-1e-06,0.0,2e-06,-7.713746e-10,4.41839e-10,1.527951e-09,False,0.0,True
2014-12-21,CE02SHBP-LJ01D-07-VEL3DC108,1,True,2014-12-21T00:00:00Z,2014-12-21T23:59:14Z,85339,86355,1016,1.0,1.0,1.0,0.0,23,1016,23,1016,-0.0,0.0,1e-06,-4.270897e-10,2.417517e-10,8.440111e-10,False,0.0,True
2014-12-22,CE02SHBP-LJ01D-07-VEL3DC108,1,True,2014-12-22T00:00:00Z,2014-12-22T23:59:14Z,85337,86355,1018,1.0,1.0,1.0,-0.0,23,1018,23,1018,-0.0,0.0,1e-06,-3.35508e-10,1.939613e-10,6.693881e-10,False,0.0,True
2014-12-23,CE02SHBP-LJ01D-07-VEL3DC108,1,True,2014-12-23T00:00:00Z,2014-12-23T23:59:14Z,85337,86355,1018,1.0,1.0,1.0,-0.0,23,1018,23,1018,1e-06,0.0,2e-06,8.772958e-10,4.985324e-10,1.74623e-09,False,0.0,True
2014-12-24,CE02SHBP-LJ01D-07-VEL3DC108,1,True,2014-12-24T00:00:00Z,2014-12-24T23:59:14Z,85338,86355,1017,1.0,1.0,1.0,-0.0,23,1017,23,1017,0.0,0.0,1e-06,3.401398e-10,1.928928e-10,6.693881e-10,False,0.0,True
2014-12-25,CE02SHBP-LJ01D-07-VEL3DC108,1,True,2014-12-25T00:00:00Z,2014-12-25T23:59:15Z,85340,86356,1016,1.0,1.0,1.0,-0.0,23,1016,23,1016,0.0,0.0,1e-06,4.552162e-10,2.551913e-10,9.022187e-10,False,0.0,True
2014-12-26,CE02SHBP-LJ01D-07-VEL3DC108,1,True,2014-12-26T00:00:00Z,2014-12-26T23:59:15Z,85338,86356,1018,1.0,1.0,1.0,0.0,23,1018,23,1018,-0.0,0.0,0.0,-1.012833e-11,4.262828e-12,1.455192e-11,False,0.0,True
2014-12-27,CE02SHBP-LJ01D-07-VEL3DC108,1,True,2014-12-27T00:00:00Z,2014-12-27T23:59:14Z,85340,86355,1015,1.0,1.0,1.0,0.0,23,1015,23,1015,-0.0,0.0,1e-06,-3.02714e-10,1.694288e-10,5.966285e-10,False,0.0,True
2014-12-28,CE02SHBP-LJ01D-07-VEL3DC108,1,True,2014-12-28T00:00:00Z,2014-12-28T23:59:15Z,85337,86356,1019,1.0,1.0,1.0,0.0,23,1019,23,1019,-0.0,0.0,0.0,-3.935392e-11,2.115106e-11,7.275958e-11,False,0.0,True
2014-12-29,CE02SHBP-LJ01D-07-VEL3DC108,1,True,2014-12-29T00:00:00Z,2014-12-29T23:59:15Z,85344,86356,1012,1.0,1.0,1.0,0.0,23,1012,23,1012,-0.0,0.0,1e-06,-2.824855e-10,1.593741e-10,5.529728e-10,False,0.0,True
2014-12-30,CE02SHBP-LJ01D-07-VEL3DC108,1,True,2014-12-30T00:00:00Z,2014-12-30T23:59:15Z,85341,86356,1015,1.0,1.0,1.0,-0.0,23,1015,23,1015,-0.0,0.0,1e-06,-2.767092e-10,1.620148e-10,5.529728e-10,False,0.0,True
2014-12-31,CE02SHBP-LJ01D-07-VEL3DC108,1,True,2014-12-31T00:00:00Z,2014-12-31T23:59:14Z,85336,86355,1019,1.0,1.0,1.0,0.0,23,1019,23,1019,0.0,0.0,0.0,2.15702e-10,1.247598e-10,4.365575e-10,False,0.0,True
2015-01-01,CE02SHBP-LJ01D-07-VEL3DC108,1,True,2015-01-01T00:00:00Z,2015-01-01T23:59:15Z,85337,86356,1019,1.0,1.0,1.0,-0.0,23,1019,23,1019,-0.0,0.0,0.0,-5.724068e-11,3.376198e-11,1.164153e-10,False,0.0,True
2015-01-02,CE02SHBP-LJ01D-07-VEL3DC108,1,True,2015-01-02T00:00:00Z,2015-01-02T23:59:16Z,85341,86357,1016,1.0,1.0,1.0,0.0,23,1016,23,1016,-0.0,0.0,1e-06,-3.829401e-10,2.182589e-10,7.566996e-10,False,0.0,True
2015-01-03,CE02SHBP-LJ01D-07-VEL3DC108,1,True,2015-01-03T00:00:00Z,2015-01-03T23:59:15Z,85343,86356,1013,1.0,1.0,1.0,0.0,23,1013,23,1013,-0.0,0.0,0.0,-1.72802e-10,9.931126e-11,3.49246e-10,False,0.0,True
2015-01-04,CE02SHBP-LJ01D-07-VEL3DC108,1,True,2015-01-04T00:00:00Z,2015-01-04T23:59:14Z,85342,86355,1013,1.0,1.0,1.0,0.0,23,1013,23,1013,0.0,0.0,1e-06,2.92811e-10,1.729064e-10,5.966285e-10,False,0.0,True
2015-01-05,CE02SHBP-LJ01D-07-VEL3DC108,1,True,2015-01-05T00:00:00Z,2015-01-05T23:59:14Z,85338,86355,1017,1.0,1.0,1.0,-0.0,23,1017,23,1017,0.0,0.0,0.0,1.446272e-11,4.285384e-12,2.182787e-11,False,0.0,True
2015-01-06,CE02SHBP-LJ01D-07-VEL3DC108,1,True,2015-01-06T00:00:00Z,2015-01-06T23:59:14Z,85339,86355,1016,1.0,1.0,1.0,0.0,23,1016,23,1016,-1e-06,0.0,1e-06,-6.654329e-10,3.775983e-10,1.324224e-09,False,0.0,True
2015-01-07,CE02SHBP-LJ01D-07-VEL3DC108,1,True,2015-01-07T00:00:00Z,2015-01-07T23:59:15Z,83337,86356,3019,1.0,1.0,1.0,-0.0,23,3019,23,3019,1e-06,0.0,1e-06,7.207064e-10,4.113236e-10,1.426088e-09,False,0.0,True
2015-01-08,CE02SHBP-LJ01D-07-VEL3DC108,1,True,2015-01-08T00:00:00Z,2015-01-08T23:59:15Z,85340,86356,1016,1.0,1.0,1.0,-0.0,23,1016,23,1016,1e-06,0.0,1e-06,6.278559e-10,3.548128e-10,1.236913e-09,False,0.0,True
2015-01-09,CE02SHBP-LJ01D-07-VEL3DC108,1,True,2015-01-09T00:00:00Z,2015-01-09T23:59:15Z,85681,86356,675,1.0,1.0,1.0,-0.0,16,675,16,675,0.0,0.0,0.0,1.727863e-10,9.945487e-11,3.49246e-10,False,0.0,True
2015-01-10,CE02SHBP-LJ01D-07-VEL3DC108,1,True,2015-01-10T00:00:00Z,2015-01-10T23:59:15Z,85338,86356,1018,1.0,1.0,1.0,0.0,23,1018,23,1018,-0.0,0.0,0.0,-1.575489e-10,8.786586e-11,3.055902e-10,False,0.0,True
2015-01-11,CE02SHBP-LJ01D-07-VEL3DC108,1,True,2015-01-11T00:00:00Z,2015-01-11T23:59:15Z,85338,86356,1018,1.0,1.0,1.0,-0.0,23,1018,23,1018,-0.0,0.0,1e-06,-3.249244e-10,1.893543e-10,6.548362e-10,False,0.0,True
2015-01-12,CE02SHBP-LJ01D-07-VEL3DC108,1,True,2015-01-12T00:00:00Z,2015-01-12T23:59:15Z,85340,86356,1016,1.0,1.0,1.0,0.0,23,1016,23,1016,-0.0,0.0,1e-06,-3.835453e-10,2.214157e-10,7.712515e-10,False,0.0,True
2015-01-13,CE02SHBP-LJ01D-07-VEL3DC108,1,True,2015-01-13T00:00:00Z,2015-01-13T23:59:15Z,85338,86356,1018,1.0,1.0,1.0,0.0,23,1018,23,1018,0.0,0.0,0.0,1.665258e-10,9.849396e-11,3.346941e-10,False,0.0,True
2015-01-14,CE02SHBP-LJ01D-07-VEL3DC108,1,True,2015-01-14T00:00:00Z,2015-01-14T23:59:14Z,85339,86355,1016,1.0,1.0,1.0,-0.0,23,1016,23,1016,0.0,0.0,0.0,2.199201e-10,1.238319e-10,4.365575e-10,False,0.0,True
2015-01-15,CE02SHBP-LJ01D-07-VEL3DC108,1,True,2015-01-15T00:00:00Z,2015-01-15T23:59:14Z,85340,86355,1015,1.0,1.0,1.0,0.0,23,1015,23,1015,-0.0,0.0,1e-06,-2.874091e-10,1.539231e-10,5.529728e-10,False,0.0,True
2015-01-16,CE02SHBP-LJ01D-07-VEL3DC108,1,True,2015-01-16T00:00:00Z,2015-01-16T23:59:15Z,85342,86356,1014,1.0,1.0,1.0,0.0,23,1014,23,1014,-0.0,0.0,1e-06,-3.749188e-10,2.149702e-10,7.421477e-10,False,0.0,True
2015-01-17,CE02SHBP-LJ01D-07-VEL3DC108,1,True,2015-01-17T00:00:00Z,2015-01-17T23:59:15Z,85339,86356,1017,1.0,1.0,1.0,-0.0,23,1017,23,1017,0.0,0.0,0.0,2.489335e-10,1.400576e-10,4.947651e-10,False,0.0,True
2015-01-18,CE02SHBP-LJ01D-07-VEL3DC108,1,True,2015-01-18T00:00:00Z,2015-01-18T23:59:14Z,85340,86355,1015,1.0,1.0,1.0,-0.0,23,1015,23,1015,1e-06,0.0,1e-06,7.32963e-10,4.203052e-10,1.455192e-09,False,0.0,True
2015-01-19,CE02SHBP-LJ01D-07-VEL3DC108,1,True,2015-01-19T00:00:00Z,2015-01-19T23:59:15Z,85342,86356,1014,1.0,1.0,1.0,-0.0,23,1014,23,1014,0.0,0.0,0.0,1.873525e-10,1.034579e-10,3.637979e-10,False,0.0,True
2015-01-20,CE02SHBP-LJ01D-07-VEL3DC108,1,True,2015-01-20T00:00:00Z,2015-01-20T23:59:14Z,85337,86355,1018,1.0,1.0,1.0,-0.0,23,1018,23,1018,0.0,0.0,0.0,3.902499e-11,1.791247e-11,7.275958e-11,False,0.0,True
2015-01-21,CE02SHBP-LJ01D-07-VEL3DC108,1,True,2015-01-21T00:00:00Z,2015-01-21T23:59:15Z,85339,86356,1017,1.0,1.0,1.0,0.0,23,1017,23,1017,-1e-06,0.0,1e-06,-6.37378e-10,3.604494e-10,1.266017e-09,False,0.0,True
2015-01-22,CE02SHBP-LJ01D-07-VEL3DC108,1,True,2015-01-22T00:00:00Z,2015-01-22T23:59:14Z,85340,86355,1015,1.0,1.0,1.0,0.0,23,1015,23,1015,-0.0,0.0,1e-06,-4.133433e-10,2.370244e-10,8.294592e-10,False,0.0,True
2015-01-23,CE02SHBP-LJ01D-07-VEL3DC108,1,True,2015-01-23T00:00:00Z,2015-01-23T23:59:15Z,85336,86356,1020,1.0,1.0,1.0,-0.0,23,1020,23,1020,0.0,0.0,0.0,6.380559e-11,3.461128e-11,1.309672e-10,False,0.0,True
2015-01-24,CE02SHBP-LJ01D-07-VEL3DC108,1,True,2015-01-24T00:00:00Z,2015-01-24T23:59:16Z,85341,86357,1016,1.0,1.0,1.0,0.0,23,1016,23,1016,-1e-06,0.0,1e-06,-5.8017e-10,3.267908e-10,1.149601e-09,False,0.0,True
2015-01-25,CE02SHBP-LJ01D-07-VEL3DC108,1,True,2015-01-25T00:00:00Z,2015-01-25T23:59:15Z,85339,86356,1017,1.0,1.0,1.0,0.0,23,1017,23,1017,-0.0,0.0,1e-06,-2.974924e-10,1.713306e-10,5.966285e-10,False,0.0,True
2015-01-26,CE02SHBP-LJ01D-07-VEL3DC108,1,True,2015-01-26T00:00:00Z,2015-01-26T23:59:15Z,85475,86356,881,1.0,1.0,1.0,0.0,21,881,21,881,-1e-06,0.0,1e-06,-6.851588e-10,3.878695e-10,1.353328e-09,False,0.0,True
2015-01-27,CE02SHBP-LJ01D-07-VEL3DC108,1,True,2015-01-27T00:00:00Z,2015-01-27T23:59:14Z,85473,86355,882,1.0,1.0,1.0,0.0,20,882,20,882,-0.0,0.0,0.0,-2.347694e-10,1.316724e-10,4.656613e-10,False,0.0,True
2015-01-28,CE02SHBP-LJ01D-07-VEL3DC108,1,True,2015-01-28T00:00:00Z,2015-01-28T23:59:14Z,85343,86355,1012,1.0,1.0,1.0,-0.0,23,1012,23,1012,0.0,0.0,0.0,2.410601e-10,1.370163e-10,4.802132e-10,False,0.0,True
2015-01-29,CE02SHBP-LJ01D-07-VEL3DC108,1,True,2015-01-29T00:00:00Z,2015-01-29T23:59:15Z,85343,86356,1013,1.0,1.0,1.0,-0.0,23,1013,23,1013,-0.0,0.0,0.0,-7.620374e-11,4.468017e-11,1.600711e-10,False,0.0,True
2015-01-30,CE02SHBP-LJ01D-07-VEL3DC108,1,True,2015-01-30T00:00:00Z,2015-01-30T23:59:55Z,84829,86396,1567,1.0,1.0,1.0,-0.0,28,1567,28,1567,0.0,0.0,0.0,1.853789e-10,1.042161e-10,3.637979e-10,False,0.0,True
2015-01-31,CE02SHBP-LJ01D-07-VEL3DC108,1,True,2015-01-31T00:00:00Z,2015-01-31T23:56:42Z,81285,86203,4918,1.0,1.0,1.0,-0.0,34,4918,34,4918,0.0,0.0,0.0,6.028331e-11,3.022855e-11,1.164153e-10,False,0.0,True
2015-02-01,CE02SHBP-LJ01D-07-VEL3DC108,1,False,,,0,0,,1.0,,,,,,,,,,,,,,,,False
2015-02-02,CE02SHBP-LJ01D-07-VEL3DC108,1,False,,,0,0,,1.0,,,,,,,,,,,,,,,,False
2015-02-03,CE02SHBP-LJ01D-07-VEL3DC108,1,True,2015-02-03T09:00:00Z,2015-02-03T23:59:15Z,49948,53956,4008,1.0,1.0,1.0,-0.0,14,4008,14,4008,-0.0,0.0,0.0,-7.477389e-11,3.995547e-11,1.455192e-10,False,0.0,True
2015-02-04,CE02SHBP-LJ01D-07-VEL3DC108,1,True,2015-02-04T00:00:00Z,2015-02-04T23:09:14Z,82336,83355,1019,1.0,1.0,1.0,-0.0,23,1019,23,1019,0.0,0.0,0.0,2.918527e-11,1.252065e-11,4.365575e-11,False,0.0,True
2015-02-05,CE02SHBP-LJ01D-07-VEL3DC108,1,True,2015-02-05T01:00:00Z,2015-02-05T23:59:14Z,78338,82755,4417,1.0,1.0,1.0,0.0,22,4417,22,4417,-0.0,0.0,1e-06,-3.361345e-10,1.769837e-10,6.402843e-10,False,0.0,True
2015-02-06,CE02SHBP-LJ01D-07-VEL3DC108,1,True,2015-02-06T00:00:00Z,2015-02-06T23:59:15Z,85345,86356,1011,1.0,1.0,1.0,-0.0,23,1011,23,1011,-0.0,0.0,0.0,-1.338562e-10,7.785406e-11,2.619345e-10,False,0.0,True
2015-02-07,CE02SHBP-LJ01D-07-VEL3DC108,1,True,2015-02-07T00:00:00Z,2015-02-07T23:59:15Z,85338,86356,1018,1.0,1.0,1.0,0.0,23,1018,23,1018,0.0,0.0,0.0,6.234601e-12,7.81917e-12,1.455192e-11,False,0.0,True
2015-02-08,CE02SHBP-LJ01D-07-VEL3DC108,1,True,2015-02-08T00:00:00Z,2015-02-08T23:59:15Z,85386,86356,970,1.0,1.0,1.0,-0.0,22,970,22,970,0.0,0.0,0.0,2.406234e-10,1.375389e-10,4.802132e-10,False,0.0,True
2015-02-09,CE02SHBP-LJ01D-07-VEL3DC108,1,True,2015-02-09T00:00:00Z,2015-02-09T23:59:16Z,85341,86357,1016,1.0,1.0,1.0,-0.0,23,1016,23,1016,1e-06,0.0,1e-06,5.767581e-10,3.226634e-10,1.135049e-09,False,0.0,True
2015-02-10,CE02SHBP-LJ01D-07-VEL3DC108,1,True,2015-02-10T00:00:00Z,2015-02-10T23:59:14Z,85336,86355,1019,1.0,1.0,1.0,-0.0,23,1019,23,1019,1e-06,0.0,2e-06,8.193164e-10,4.615412e-10,1.615263e-09,False,0.0,True
2015-02-11,CE02SHBP-LJ01D-07-VEL3DC108,1,True,2015-02-11T00:00:00Z,2015-02-11T23:59:15Z,85336,86356,1020,1.0,1.0,1.0,-0.0,23,1020,23,1020,0.0,0.0,1e-06,2.725896e-10,1.543077e-10,5.384209e-10,False,0.0,True
2015-02-12,CE02SHBP-LJ01D-07-VEL3DC108,1,True,2015-02-12T00:00:00Z,2015-02-12T23:59:15Z,85340,86356,1016,1.0,1.0,1.0,0.0,23,1016,23,1016,-1e-06,0.0,1e-06,-5.558452e-10,3.175265e-10,1.105946e-09,False,0.0,True
2015-02-13,CE02SHBP-LJ01D-07-VEL3DC108,1,True,2015-02-13T00:00:00Z,2015-02-13T23:59:15Z,85336,86356,1020,1.0,1.0,1.0,0.0,23,1020,23,1020,-0.0,0.0,1e-06,-3.544367e-10,2.012861e-10,6.984919e-10,False,0.0,True
2015-02-14,CE02SHBP-LJ01D-07-VEL3DC108,1,True,2015-02-14T00:00:00Z,2015-02-14T23:59:15Z,85338,86356,1018,1.0,1.0,1.0,0.0,23,1018,23,1018,0.0,0.0,0.0,7.61857e-11,4.95941e-11,1.600711e-10,False,0.0,True
2015-02-15,CE02SHBP-LJ01D-07-VEL3DC108,1,True,2015-02-15T00:00:00Z,2015-02-15T23:59:16Z,85382,86357,975,1.0,1.0,1.0,0.0,22,975,22,975,0.0,0.0,0.0,1.683699e-10,1.005605e-10,3.49246e-10,False,0.0,True
2015-02-16,CE02SHBP-LJ01D-07-VEL3DC108,1,True,2015-02-16T00:00:00Z,2015-02-16T23:59:15Z,85337,86356,1019,1.0,1.0,1.0,-0.0,23,1019,23,1019,0.0,0.0,0.0,2.248889e-10,1.262311e-10,4.365575e-10,False,0.0,True
2015-02-17,CE02SHBP-LJ01D-07-VEL3DC108,1,True,2015-02-17T00:00:00Z,2015-02-17T23:59:15Z,85338,86356,1018,1.0,1.0,1.0,0.0,23,1018,23,1018,0.0,0.0,1e-06,2.828835e-10,1.634457e-10,5.675247e-10,False,0.0,True
2015-02-18,CE02SHBP-LJ01D-07-VEL3DC108,1,True,2015-02-18T00:00:00Z,2015-02-18T23:59:16Z,85343,86357,1014,1.0,1.0,1.0,-0.0,23,1014,23,1014,0.0,0.0,0.0,3.954849e-11,2.090305e-11,7.275958e-11,False,0.0,True
2015-02-19,CE02SHBP-LJ01D-07-VEL3DC108,1,True,2015-02-19T00:00:00Z,2015-02-19T23:59:14Z,85340,86355,1015,1.0,1.0,1.0,-0.0,23,1015,23,1015,0.0,0.0,1e-06,3.266868e-10,1.833934e-10,6.402843e-10,False,0.0,True
2015-02-20,CE02SHBP-LJ01D-07-VEL3DC108,1,True,2015-02-20T00:00:00Z,2015-02-20T23:59:15Z,84897,86356,1459,1.0,1.0,1.0,-0.0,24,1459,24,1459,0.0,0.0,0.0,2.524947e-10,1.429986e-10,4.947651e-10,False,0.0,True
2015-02-21,CE02SHBP-LJ01D-07-VEL3DC108,1,True,2015-02-21T00:00:00Z,2015-02-21T23:59:15Z,85338,86356,1018,1.0,1.0,1.0,-0.0,23,1018,23,1018,1e-06,0.0,1e-06,7.037814e-10,3.997602e-10,1.396984e-09,False,0.0,True
2015-02-22,CE02SHBP-LJ01D-07-VEL3DC108,1,True,2015-02-22T00:00:00Z,2015-02-22T23:59:15Z,85343,86356,1013,1.0,1.0,1.0,-0.0,23,1013,23,1013,0.0,0.0,0.0,1.450962e-10,8.176697e-11,2.910383e-10,False,0.0,True
2015-02-23,CE02SHBP-LJ01D-07-VEL3DC108,1,True,2015-02-23T00:00:00Z,2015-02-23T23:59:15Z,85341,86356,1015,1.0,1.0,1.0,0.0,23,1015,23,1015,-0.0,0.0,1e-06,-2.793437e-10,1.592562e-10,5.529728e-10,False,0.0,True
2015-02-24,CE02SHBP-LJ01D-07-VEL3DC108,1,True,2015-02-24T00:00:00Z,2015-02-24T23:59:15Z,85336,86356,1020,1.0,1.0,1.0,-0.0,23,1020,23,1020,0.0,0.0,1e-06,3.453137e-10,1.910796e-10,6.693881e-10,False,0.0,True
2015-02-25,CE02SHBP-LJ01D-07-VEL3DC108,1,True,2015-02-25T00:00:00Z,2015-02-25T23:59:15Z,85339,86356,1017,1.0,1.0,1.0,-0.0,23,1017,23,1017,0.0,0.0,0.0,2.393544e-10,1.348846e-10,4.802132e-10,False,0.0,True
2015-02-26,CE02SHBP-LJ01D-07-VEL3DC108,1,True,2015-02-26T00:00:00Z,2015-02-26T23:59:15Z,85339,86356,1017,1.0,1.0,1.0,-0.0,23,1017,23,1017,1e-06,0.0,1e-06,7.379261e-10,4.223812e-10,1.469743e-09,False,0.0,True
2015-02-27,CE02SHBP-LJ01D-07-VEL3DC108,1,True,2015-02-27T00:00:00Z,2015-02-27T23:59:14Z,85342,86355,1013,1.0,1.0,1.0,-0.0,23,1013,23,1013,0.0,0.0,1e-06,3.986575e-10,2.25253e-10,7.858034e-10,False,0.0,True
2015-02-28,CE02SHBP-LJ01D-07-VEL3DC108,1,True,2015-02-28T00:00:00Z,2015-02-28T23:59:15Z,85341,86356,1015,1.0,1.0,1.0,-0.0,23,1015,23,1015,0.0,0.0,1e-06,2.870492e-10,1.626029e-10,5.675247e-10,False,0.0,True
2015-03-01,CE02SHBP-LJ01D-07-VEL3DC108,1,True,2015-03-01T00:00:00Z,2015-03-01T23:59:16Z,85334,86357,1023,1.0,1.0,1.0,0.0,23,1023,23,1023,-0.0,0.0,0.0,-1.930951e-10,1.092896e-10,3.783498e-10,False,0.0,True
2015-03-02,CE02SHBP-LJ01D-07-VEL3DC108,1,True,2015-03-02T00:00:00Z,2015-03-02T23:59:14Z,86262,86355,93,1.0,1.0,1.0,0.0,6,93,6,93,-0.0,0.0,1e-06,-2.888222e-10,1.649767e-10,5.820766e-10,False,0.0,True
2015-03-03,CE02SHBP-LJ01D-07-VEL3DC108,1,True,2015-03-03T00:00:00Z,2015-03-03T23:59:15Z,85340,86356,1016,1.0,1.0,1.0,-0.0,23,1016,23,1016,0.0,0.0,1e-06,3.937685e-10,2.221209e-10,7.712515e-10,False,0.0,True
2015-03-04,CE02SHBP-LJ01D-07-VEL3DC108,1,True,2015-03-04T00:00:00Z,2015-03-04T23:59:15Z,85340,86356,1016,1.0,1.0,1.0,0.0,23,1016,23,1016,-1e-06,0.0,1e-06,-5.472774e-10,3.109934e-10,1.091394e-09,False,0.0,True
2015-03-05,CE02SHBP-LJ01D-07-VEL3DC108,1,True,2015-03-05T00:00:00Z,2015-03-05T23:59:15Z,85427,86356,929,1.0,1.0,1.0,-0.0,22,929,22,929,0.0,0.0,1e-06,2.630472e-10,1.486131e-10,5.238689e-10,False,0.0,True
2015-03-06,CE02SHBP-LJ01D-07-VEL3DC108,1,True,2015-03-06T00:00:00Z,2015-03-06T23:59:16Z,85340,86357,1017,1.0,1.0,1.0,-0.0,23,1017,23,1017,0.0,0.0,1e-06,2.54475e-10,1.463651e-10,5.09317e-10,False,0.0,True
2015-03-07,CE02SHBP-LJ01D-07-VEL3DC108,1,True,2015-03-07T00:00:00Z,2015-03-07T23:00:53Z,81846,82854,1008,1.0,1.0,1.0,0.0,23,1008,23,1008,-0.0,0.0,0.0,-1.367274e-12,1.702738e-12,3.637979e-12,False,0.0,True
2015-03-08,CE02SHBP-LJ01D-07-VEL3DC108,1,False,,,0,0,,1.0,,,,,,,,,,,,,,,,False
2015-03-09,CE02SHBP-LJ01D-07-VEL3DC108,1,True,2015-03-09T07:00:00Z,2015-03-09T23:59:15Z,58059,61156,3097,1.0,1.0,1.0,0.0,16,3097,16,3097,-0.0,0.0,0.0,-2.380463e-10,1.263933e-10,4.583853e-10,False,0.0,True
2015-03-10,CE02SHBP-LJ01D-07-VEL3DC108,1,True,2015-03-10T00:00:00Z,2015-03-10T23:59:15Z,85335,86356,1021,1.0,1.0,1.0,0.0,23,1021,23,1021,-0.0,0.0,1e-06,-2.629566e-10,1.48706e-10,5.238689e-10,False,0.0,True
2015-03-11,CE02SHBP-LJ01D-07-VEL3DC108,1,True,2015-03-11T00:00:00Z,2015-03-11T23:59:15Z,85339,86356,1017,1.0,1.0,1.0,0.0,23,1017,23,1017,-1e-06,0.0,1e-06,-5.511563e-10,3.105125e-10,1.091394e-09,False,0.0,True
2015-03-12,CE02SHBP-LJ01D-07-VEL3DC108,1,True,2015-03-12T00:00:00Z,2015-03-12T23:59:16Z,85336,86357,1021,1.0,1.0,1.0,0.0,23,1021,23,1021,-0.0,0.0,0.0,-1.002548e-10,5.434221e-11,1.891749e-10,False,0.0,True
2015-03-13,CE02SHBP-LJ01D-07-VEL3DC108,1,True,2015-03-13T00:00:00Z,2015-03-13T23:59:15Z,85341,86356,1015,1.0,1.0,1.0,0.0,23,1015,23,1015,-1e-06,0.0,1e-06,-6.475902e-10,3.651678e-10,1.280569e-09,False,0.0,True
2015-03-14,CE02SHBP-LJ01D-07-VEL3DC108,1,True,2015-03-14T00:00:00Z,2015-03-14T23:59:14Z,85339,86355,1016,1.0,1.0,1.0,-0.0,23,1016,23,1016,-1e-06,0.0,1e-06,-5.741461e-10,3.333948e-10,1.149601e-09,False,0.0,True
2015-03-15,CE02SHBP-LJ01D-07-VEL3DC108,1,True,2015-03-15T00:00:00Z,2015-03-15T23:59:15Z,85343,86356,1013,1.0,1.0,1.0,0.0,23,1013,23,1013,-0.0,0.0,1e-06,-4.596579e-10,2.625894e-10,9.167707e-10,False,0.0,True
2015-03-16,CE02SHBP-LJ01D-07-VEL3DC108,1,True,2015-03-16T00:00:00Z,2015-03-16T23:59:15Z,85343,86356,1013,1.0,1.0,1.0,0.0,23,1013,23,1013,-0.0,0.0,1e-06,-3.544897e-10,2.011905e-10,6.984919e-10,False,0.0,True
2015-03-17,CE02SHBP-LJ01D-07-VEL3DC108,1,True,2015-03-17T00:00:00Z,2015-03-17T23:59:15Z,85340,86356,1016,1.0,1.0,1.0,0.0,23,1016,23,1016,0.0,0.0,0.0,7.130705e-11,4.617055e-11,1.600711e-10,False,0.0,True
2015-03-18,CE02SHBP-LJ01D-07-VEL3DC108,1,True,2015-03-18T00:00:00Z,2015-03-18T23:59:14Z,85338,86355,1017,1.0,1.0,1.0,0.0,23,1017,23,1017,0.0,0.0,0.0,5.341025e-11,3.380622e-11,1.164153e-10,False,0.0,True
2015-03-19,CE02SHBP-LJ01D-07-VEL3DC108,1,True,2015-03-19T00:00:00Z,2015-03-19T23:59:15Z,85341,86356,1015,1.0,1.0,1.0,-0.0,23,1015,23,1015,0.0,0.0,0.0,1.383492e-10,7.658569e-11,2.619345e-10,False,0.0,True
2015-03-20,CE02SHBP-LJ01D-07-VEL3DC108,1,True,2015-03-20T00:00:00Z,2015-03-20T23:59:14Z,85385,86355,970,1.0,1.0,1.0,-0.0,22,970,22,970,0.0,0.0,0.0,1.624121e-10,9.0654e-11,3.201421e-10,False,0.0,True
2015-03-21,CE02SHBP-LJ01D-07-VEL3DC108,1,True,2015-03-21T00:00:00Z,2015-03-21T14:06:28Z,50170,50789,619,1.0,1.0,1.0,-0.0,14,619,14,619,0.0,0.0,0.0,2.045076e-10,1.139152e-10,4.001777e-10,False,0.0,True
2015-03-22,CE02SHBP-LJ01D-07-VEL3DC108,1,True,2015-03-22T02:14:00Z,2015-03-22T23:59:15Z,77394,78316,922,1.0,1.0,1.0,0.0,21,922,21,922,-1e-06,0.0,1e-06,-5.403864e-10,3.065885e-10,1.076842e-09,False,0.0,True
2015-03-23,CE02SHBP-LJ01D-07-VEL3DC108,1,True,2015-03-23T00:00:00Z,2015-03-23T23:59:15Z,85334,86356,1022,1.0,1.0,1.0,-0.0,23,1022,23,1022,0.0,0.0,1e-06,4.369471e-10,2.469229e-10,8.58563e-10,False,0.0,True
2015-03-24,CE02SHBP-LJ01D-07-VEL3DC108,1,True,2015-03-24T00:00:00Z,2015-03-24T23:59:15Z,85229,86356,1127,1.0,1.0,1.0,-0.0,24,1127,24,1127,0.0,0.0,0.0,1.354329e-10,7.600582e-11,2.619345e-10,False,0.0,True
2015-03-25,CE02SHBP-LJ01D-07-VEL3DC108,1,True,2015-03-25T00:00:00Z,2015-03-25T23:59:15Z,85335,86356,1021,1.0,1.0,1.0,-0.0,23,1021,23,1021,0.0,0.0,1e-06,3.541397e-10,2.013944e-10,6.984919e-10,False,0.0,True
2015-03-26,CE02SHBP-LJ01D-07-VEL3DC108,1,True,2015-03-26T00:00:00Z,2015-03-26T23:59:15Z,85384,86356,972,1.0,1.0,1.0,-0.0,22,972,22,972,0.0,0.0,1e-06,3.165414e-10,1.823297e-10,6.257324e-10,False,0.0,True
2015-03-27,CE02SHBP-LJ01D-07-VEL3DC108,1,True,2015-03-27T00:00:00Z,2015-03-27T23:59:16Z,85343,86357,1014,1.0,1.0,1.0,0.0,23,1014,23,1014,-1e-06,0.0,1e-06,-7.22689e-10,4.112043e-10,1.44064e-09,False,0.0,True
2015-03-28,CE02SHBP-LJ01D-07-VEL3DC108,1,True,2015-03-28T00:00:00Z,2015-03-28T23:59:15Z,85340,86356,1016,1.0,1.0,1.0,-0.0,23,1016,23,1016,-0.0,0.0,0.0,-8.206805e-11,5.095189e-11,1.74623e-10,False,0.0,True
2015-03-29,CE02SHBP-LJ01D-07-VEL3DC108,1,True,2015-03-29T00:00:00Z,2015-03-29T23:59:15Z,85340,86356,1016,1.0,1.0,1.0,0.0,23,1016,23,1016,-0.0,0.0,0.0,-6.818881e-11,3.774129e-11,1.309672e-10,False,0.0,True
2015-03-30,CE02SHBP-LJ01D-07-VEL3DC108,1,True,2015-03-30T00:00:00Z,2015-03-30T23:59:15Z,85340,86356,1016,1.0,1.0,1.0,0.0,23,1016,23,1016,-0.0,0.0,1e-06,-4.599621e-10,2.62175e-10,9.167707e-10,False,0.0,True
2015-03-31,CE02SHBP-LJ01D-07-VEL3DC108,1,True,2015-03-31T00:00:00Z,2015-03-31T23:59:15Z,85338,86356,1018,1.0,1.0,1.0,0.0,23,1018,23,1018,0.0,0.0,1e-06,4.981783e-10,2.884291e-10,1.004082e-09,False,0.0,True
2015-04-01,CE02SHBP-LJ01D-07-VEL3DC108,1,True,2015-04-01T00:00:00Z,2015-04-01T23:59:14Z,85339,86355,1016,1.0,1.0,1.0,-0.0,23,1016,23,1016,0.0,0.0,0.0,1.153785e-10,6.604349e-11,2.328306e-10,False,0.0,True
2015-04-02,CE02SHBP-LJ01D-07-VEL3DC108,1,True,2015-04-02T00:00:00Z,2015-04-02T23:59:15Z,85339,86356,1017,1.0,1.0,1.0,-0.0,23,1017,23,1017,0.0,0.0,0.0,1.58601e-10,9.101996e-11,3.201421e-10,False,0.0,True
2015-04-03,CE02SHBP-LJ01D-07-VEL3DC108,1,True,2015-04-03T00:00:00Z,2015-04-03T23:59:15Z,85342,86356,1014,1.0,1.0,1.0,0.0,23,1014,23,1014,0.0,0.0,0.0,5.310422e-11,3.467203e-11,1.164153e-10,False,0.0,True
2015-04-04,CE02SHBP-LJ01D-07-VEL3DC108,1,True,2015-04-04T00:00:00Z,2015-04-04T23:59:15Z,85341,86356,1015,1.0,1.0,1.0,0.0,23,1015,23,1015,-0.0,0.0,0.0,-4.777253e-11,2.757395e-11,1.018634e-10,False,0.0,True
2015-04-05,CE02SHBP-LJ01D-07-VEL3DC108,1,True,2015-04-05T00:00:00Z,2015-04-05T23:59:14Z,85340,86355,1015,1.0,1.0,1.0,0.0,23,1015,23,1015,-1e-06,0.0,1e-06,-6.007517e-10,3.363339e-10,1.178705e-09,False,0.0,True
2015-04-06,CE02SHBP-LJ01D-07-VEL3DC108,1,True,2015-04-06T00:00:00Z,2015-04-06T23:59:15Z,85340,86356,1016,1.0,1.0,1.0,-0.0,23,1016,23,1016,-0.0,0.0,0.0,-9.689063e-12,9.395308e-12,2.910383e-11,False,0.0,True
2015-04-07,CE02SHBP-LJ01D-07-VEL3DC108,1,True,2015-04-07T00:00:00Z,2015-04-07T23:59:14Z,85470,86355,885,1.0,1.0,1.0,0.0,20,885,20,885,-0.0,0.0,1e-06,-4.606558e-10,2.653416e-10,9.167707e-10,False,0.0,True
2015-04-08,CE02SHBP-LJ01D-07-VEL3DC108,1,True,2015-04-08T00:00:00Z,2015-04-08T23:59:15Z,85345,86356,1011,1.0,1.0,1.0,-0.0,23,1011,23,1011,-0.0,0.0,1e-06,-3.930604e-10,2.270875e-10,7.858034e-10,False,0.0,True
2015-04-09,CE02SHBP-LJ01D-07-VEL3DC108,1,True,2015-04-09T00:00:00Z,2015-04-09T23:59:15Z,85340,86356,1016,1.0,1.0,1.0,-0.0,23,1016,23,1016,-0.0,0.0,0.0,-1.426961e-10,8.422054e-11,2.910383e-10,False,0.0,True
2015-04-10,CE02SHBP-LJ01D-07-VEL3DC108,1,True,2015-04-10T00:00:00Z,2015-04-10T23:59:14Z,85336,86355,1019,1.0,1.0,1.0,-0.0,23,1019,23,1019,0.0,0.0,0.0,2.587915e-11,1.283029e-11,4.365575e-11,False,0.0,True
2015-04-11,CE02SHBP-LJ01D-07-VEL3DC108,1,True,2015-04-11T00:00:00Z,2015-04-11T23:59:15Z,85340,86356,1016,1.0,1.0,1.0,0.0,23,1016,23,1016,0.0,0.0,1e-06,2.817802e-10,1.645508e-10,5.675247e-10,False,0.0,True
2015-04-12,CE02SHBP-LJ01D-07-VEL3DC108,1,True,2015-04-12T00:00:00Z,2015-04-12T23:59:14Z,85337,86355,1018,1.0,1.0,1.0,-0.0,23,1018,23,1018,0.0,0.0,1e-06,3.839952e-10,2.168582e-10,7.566996e-10,False,0.0,True
2015-04-13,CE02SHBP-LJ01D-07-VEL3DC108,1,True,2015-04-13T00:00:00Z,2015-04-13T23:59:15Z,85344,86356,1012,1.0,1.0,1.0,0.0,23,1012,23,1012,-0.0,0.0,1e-06,-2.790848e-10,1.596054e-10,5.529728e-10,False,0.0,True
2015-04-14,CE02SHBP-LJ01D-07-VEL3DC108,1,True,2015-04-14T00:00:00Z,2015-04-14T23:59:14Z,85339,86355,1016,1.0,1.0,1.0,-0.0,23,1016,23,1016,1e-06,0.0,1e-06,7.154942e-10,4.032513e-10,1.411536e-09,False,0.0,True
2015-04-15,CE02SHBP-LJ01D-07-VEL3DC108,1,True,2015-04-15T00:00:00Z,2015-04-15T23:59:15Z,85337,86356,1019,1.0,1.0,1.0,-0.0,23,1019,23,1019,0.0,0.0,0.0,1.593572e-11,9.110437e-12,2.910383e-11,False,0.0,True
2015-04-16,CE02SHBP-LJ01D-07-VEL3DC108,1,True,2015-04-16T00:00:00Z,2015-04-16T23:59:15Z,85342,86356,1014,1.0,1.0,1.0,0.0,23,1014,23,1014,-0.0,0.0,0.0,-1.630074e-10,9.39855e-11,3.201421e-10,False,0.0,True
2015-04-17,CE02SHBP-LJ01D-07-VEL3DC108,1,True,2015-04-17T00:00:00Z,2015-04-17T23:59:15Z,85339,86356,1017,1.0,1.0,1.0,-0.0,23,1017,23,1017,0.0,0.0,1e-06,2.698257e-10,1.536358e-10,5.384209e-10,False,0.0,True
2015-04-18,CE02SHBP-LJ01D-07-VEL3DC108,1,True,2015-04-18T00:00:00Z,2015-04-18T23:59:15Z,85340,86356,1016,1.0,1.0,1.0,0.0,23,1016,23,1016,-1e-06,0.0,1e-06,-5.898805e-10,3.321676e-10,1.164153e-09,False,0.0,True
2015-04-19,CE02SHBP-LJ01D-07-VEL3DC108,1,True,2015-04-19T00:00:00Z,2015-04-19T23:59:15Z,85342,86356,1014,1.0,1.0,1.0,0.0,23,1014,23,1014,-0.0,0.0,1e-06,-4.519214e-10,2.58935e-10,9.022187e-10,False,0.0,True
2015-04-20,CE02SHBP-LJ01D-07-VEL3DC108,1,True,2015-04-20T00:00:00Z,2015-04-20T23:59:15Z,85342,86356,1014,1.0,1.0,1.0,0.0,23,1014,23,1014,-1e-06,0.0,1e-06,-5.125301e-10,2.923773e-10,1.018634e-09,False,0.0,True
2015-04-21,CE02SHBP-LJ01D-07-VEL3DC108,1,True,2015-04-21T00:00:00Z,2015-04-21T23:59:14Z,85335,86355,1020,1.0,1.0,1.0,0.0,23,1020,23,1020,-0.0,0.0,0.0,-1.971501e-10,1.085981e-10,3.783498e-10,False,0.0,True
2015-04-22,CE02SHBP-LJ01D-07-VEL3DC108,1,True,2015-04-22T00:00:00Z,2015-04-22T23:59:15Z,85343,86356,1013,1.0,1.0,1.0,-0.0,23,1013,23,1013,-0.0,0.0,0.0,-1.777421e-10,1.065076e-10,3.637979e-10,False,0.0,True
2015-04-23,CE02SHBP-LJ01D-07-VEL3DC108,1,True,2015-04-23T00:00:00Z,2015-04-23T22:28:41Z,79953,80922,969,1.0,1.0,1.0,0.0,22,969,22,969,-1e-06,0.0,2e-06,-7.780764e-10,4.408865e-10,1.542503e-09,False,0.0,True
2015-04-24,CE02SHBP-LJ01D-07-VEL3DC108,1,True,2015-04-24T21:34:00Z,2015-04-24T23:59:15Z,8611,8716,105,1.0,1.0,1.0,-0.0,2,105,2,105,0.0,0.0,0.0,2.37966e-11,1.325619e-11,4.729372e-11,False,0.0,True
2015-04-25,CE02SHBP-LJ01D-07-VEL3DC108,1,True,2015-04-25T00:00:00Z,2015-04-25T23:59:15Z,85336,86356,1020,1.0,1.0,1.0,-0.0,23,1020,23,1020,1e-06,0.0,2e-06,7.723156e-10,4.415892e-10,1.542503e-09,False,0.0,True
2015-04-26,CE02SHBP-LJ01D-07-VEL3DC108,1,True,2015-04-26T00:00:00Z,2015-04-26T23:59:14Z,85331,86355,1024,1.0,1.0,1.0,-0.0,23,1024,23,1024,0.0,0.0,1e-06,3.262521e-10,1.879431e-10,6.548362e-10,False,0.0,True
2015-04-27,CE02SHBP-LJ01D-07-VEL3DC108,1,True,2015-04-27T00:00:00Z,2015-04-27T18:44:26Z,66666,67467,801,1.0,1.0,1.0,0.0,18,801,18,801,0.0,0.0,0.0,7.480943e-12,4.850916e-12,1.455192e-11,False,0.0,True
2015-04-28,CE02SHBP-LJ01D-07-VEL3DC108,1,False,,,0,0,,1.0,,,,,,,,,,,,,,,,False
2015-04-29,CE02SHBP-LJ01D-07-VEL3DC108,1,False,,,0,0,,1.0,,,,,,,,,,,,,,,,False
2015-04-30,CE02SHBP-LJ01D-07-VEL3DC108,1,True,2015-04-30T22:42:01Z,2015-04-30T23:59:16Z,3597,4636,1039,1.0,1.0,1.0,0.0,1,1039,1,1039,0.0,0.0,0.0,2.241889e-12,8.870574e-13,3.637979e-12,False,0.0,True
2015-05-01,CE02SHBP-LJ01D-07-VEL3DC108,1,True,2015-05-01T00:00:00Z,2015-05-01T23:59:15Z,85342,86356,1014,1.0,1.0,1.0,-0.0,23,1014,23,1014,0.0,0.0,0.0,2.300673e-10,1.329052e-10,4.656613e-10,False,0.0,True
2015-05-02,CE02SHBP-LJ01D-07-VEL3DC108,1,True,2015-05-02T00:00:00Z,2015-05-02T23:59:14Z,85422,86355,933,1.0,1.0,1.0,-0.0,22,933,22,933,0.0,0.0,0.0,1.453041e-11,9.637304e-14,1.455192e-11,False,0.0,True
2015-05-03,CE02SHBP-LJ01D-07-VEL3DC108,1,True,2015-05-03T00:00:00Z,2015-05-03T23:59:15Z,85340,86356,1016,1.0,1.0,1.0,0.0,23,1016,23,1016,-1e-06,0.0,1e-06,-5.705879e-10,3.211973e-10,1.120497e-09,False,0.0,True
2015-05-04,CE02SHBP-LJ01D-07-VEL3DC108,1,True,2015-05-04T00:00:00Z,2015-05-04T23:59:14Z,85339,86355,1016,1.0,1.0,1.0,0.0,23,1016,23,1016,-0.0,0.0,0.0,-9.697549e-11,5.43276e-11,1.891749e-10,False,0.0,True
2015-05-05,CE02SHBP-LJ01D-07-VEL3DC108,1,True,2015-05-05T00:00:00Z,2015-05-05T23:59:15Z,85337,86356,1019,1.0,1.0,1.0,0.0,23,1019,23,1019,-0.0,0.0,1e-06,-4.369158e-10,2.469585e-10,8.58563e-10,False,0.0,True
2015-05-06,CE02SHBP-LJ01D-07-VEL3DC108,1,True,2015-05-06T00:00:00Z,2015-05-06T23:59:14Z,85339,86355,1016,1.0,1.0,1.0,0.0,23,1016,23,1016,-1e-06,0.0,1e-06,-6.515188e-10,3.646019e-10,1.280569e-09,False,0.0,True
2015-05-07,CE02SHBP-LJ01D-07-VEL3DC108,1,True,2015-05-07T00:00:00Z,2015-05-07T23:59:15Z,85341,86356,1015,1.0,1.0,1.0,-0.0,23,1015,23,1015,1e-06,0.0,2e-06,7.732361e-10,4.361722e-10,1.527951e-09,False,0.0,True
2015-05-08,CE02SHBP-LJ01D-07-VEL3DC108,1,True,2015-05-08T00:00:00Z,2015-05-08T23:59:15Z,85340,86356,1016,1.0,1.0,1.0,-0.0,23,1016,23,1016,0.0,0.0,1e-06,3.022092e-10,1.659839e-10,5.966285e-10,False,0.0,True
2015-05-09,CE02SHBP-LJ01D-07-VEL3DC108,1,True,2015-05-09T00:00:00Z,2015-05-09T23:59:15Z,86310,86356,46,1.0,1.0,1.0,0.0,4,46,4,46,-0.0,0.0,0.0,-1.822468e-10,1.051838e-10,3.637979e-10,False,0.0,True
2015-05-10,CE02SHBP-LJ01D-07-VEL3DC108,1,True,2015-05-10T00:00:00Z,2015-05-10T23:59:15Z,85336,86356,1020,1.0,1.0,1.0,0.0,23,1020,23,1020,0.0,0.0,1e-06,4.650176e-10,2.686409e-10,9.313226e-10,False,0.0,True
2015-05-11,CE02SHBP-LJ01D-07-VEL3DC108,1,True,2015-05-11T00:00:00Z,2015-05-11T23:59:14Z,85344,86355,1011,1.0,1.0,1.0,0.0,23,1011,23,1011,-0.0,0.0,1e-06,-4.648209e-10,2.6077e-10,9.167707e-10,False,0.0,True
2015-05-12,CE02SHBP-LJ01D-07-VEL3DC108,1,True,2015-05-12T00:00:00Z,2015-05-12T23:59:15Z,85333,86356,1023,1.0,1.0,1.0,0.0,23,1023,23,1023,-0.0,0.0,0.0,-2.355134e-10,1.307288e-10,4.656613e-10,False,0.0,True
2015-05-13,CE02SHBP-LJ01D-07-VEL3DC108,1,True,2015-05-13T00:00:00Z,2015-05-13T23:59:15Z,85340,86356,1016,1.0,1.0,1.0,-0.0,23,1016,23,1016,0.0,0.0,1e-06,4.358892e-10,2.479562e-10,8.58563e-10,False,0.0,True
2015-05-14,CE02SHBP-LJ01D-07-VEL3DC108,1,True,2015-05-14T00:00:00Z,2015-05-14T23:59:15Z,85342,86356,1014,1.0,1.0,1.0,0.0,23,1014,23,1014,1e-06,0.0,1e-06,5.214097e-10,3.029634e-10,1.047738e-09,False,0.0,True
2015-05-15,CE02SHBP-LJ01D-07-VEL3DC108,1,True,2015-05-15T00:00:00Z,2015-05-15T23:59:15Z,85335,86356,1021,1.0,1.0,1.0,-0.0,23,1021,23,1021,-0.0,0.0,0.0,-1.43524e-10,8.349055e-11,2.910383e-10,False,0.0,True
2015-05-16,CE02SHBP-LJ01D-07-VEL3DC108,1,True,2015-05-16T00:00:00Z,2015-05-16T23:59:15Z,85341,86356,1015,1.0,1.0,1.0,0.0,23,1015,23,1015,-0.0,0.0,0.0,-5.680594e-11,2.992704e-11,1.164153e-10,False,0.0,True
2015-05-17,CE02SHBP-LJ01D-07-VEL3DC108,1,True,2015-05-17T00:00:00Z,2015-05-17T23:59:16Z,85341,86357,1016,1.0,1.0,1.0,0.0,23,1016,23,1016,-0.0,0.0,1e-06,-3.272858e-10,1.869464e-10,6.548362e-10,False,0.0,True
2015-05-18,CE02SHBP-LJ01D-07-VEL3DC108,1,True,2015-05-18T00:00:00Z,2015-05-18T23:59:15Z,85343,86356,1013,1.0,1.0,1.0,-0.0,23,1013,23,1013,1e-06,0.0,2e-06,7.767542e-10,4.403307e-10,1.542503e-09,False,0.0,True
2015-05-19,CE02SHBP-LJ01D-07-VEL3DC108,1,True,2015-05-19T00:00:00Z,2015-05-19T23:59:15Z,85423,86356,933,1.0,1.0,1.0,0.0,22,933,22,933,0.0,0.0,1e-06,2.597326e-10,1.533709e-10,5.238689e-10,False,0.0,True
2015-05-20,CE02SHBP-LJ01D-07-VEL3DC108,1,True,2015-05-20T00:00:00Z,2015-05-20T23:59:14Z,85340,86355,1015,1.0,1.0,1.0,-0.0,23,1015,23,1015,1e-06,0.0,1e-06,5.12716e-10,2.926167e-10,1.018634e-09,False,0.0,True
2015-05-21,CE02SHBP-LJ01D-07-VEL3DC108,1,True,2015-05-21T00:00:00Z,2015-05-21T23:59:15Z,85339,86356,1017,1.0,1.0,1.0,0.0,23,1017,23,1017,0.0,0.0,0.0,1.958403e-10,1.182225e-10,3.929017e-10,False,0.0,True
2015-05-22,CE02SHBP-LJ01D-07-VEL3DC108,1,True,2015-05-22T00:00:00Z,2015-05-22T23:59:15Z,85337,86356,1019,1.0,1.0,1.0,0.0,23,1019,23,1019,0.0,0.0,0.0,1.008037e-10,5.83562e-11,2.037268e-10,False,0.0,True
2015-05-23,CE02SHBP-LJ01D-07-VEL3DC108,1,True,2015-05-23T00:00:00Z,2015-05-23T23:59:15Z,85344,86356,1012,1.0,1.0,1.0,-0.0,23,1012,23,1012,1e-06,0.0,1e-06,6.941908e-10,3.942081e-10,1.382432e-09,False,0.0,True
2015-05-24,CE02SHBP-LJ01D-07-VEL3DC108,1,True,2015-05-24T00:00:00Z,2015-05-24T23:59:15Z,85425,86356,931,1.0,1.0,1.0,-0.0,21,931,21,931,-0.0,0.0,0.0,-1.492369e-10,8.964703e-11,3.055902e-10,False,0.0,True
2015-05-25,CE02SHBP-LJ01D-07-VEL3DC108,1,True,2015-05-25T00:00:00Z,2015-05-25T23:59:14Z,85339,86355,1016,1.0,1.0,1.0,0.0,23,1016,23,1016,-1e-06,0.0,1e-06,-6.28122e-10,3.544622e-10,1.236913e-09,False,0.0,True
2015-05-26,CE02SHBP-LJ01D-07-VEL3DC108,1,True,2015-05-26T00:00:00Z,2015-05-26T23:59:14Z,85337,86355,1018,1.0,1.0,1.0,0.0,23,1018,23,1018,-1e-06,0.0,1e-06,-5.910618e-10,3.309388e-10,1.164153e-09,False,0.0,True
2015-05-27,CE02SHBP-LJ01D-07-VEL3DC108,1,True,2015-05-27T00:00:00Z,2015-05-27T23:59:15Z,85383,86356,973,1.0,1.0,1.0,-0.0,22,973,22,973,0.0,0.0,1e-06,4.452257e-10,2.542756e-10,8.876668e-10,False,0.0,True
2015-05-28,CE02SHBP-LJ01D-07-VEL3DC108,1,True,2015-05-28T00:00:00Z,2015-05-28T23:59:14Z,85335,86355,1020,1.0,1.0,1.0,0.0,23,1020,23,1020,0.0,0.0,0.0,1.677982e-10,9.717365e-11,3.346941e-10,False,0.0,True
2015-05-29,CE02SHBP-LJ01D-07-VEL3DC108,1,True,2015-05-29T00:00:00Z,2015-05-29T23:59:15Z,85998,86356,358,1.0,1.0,1.0,0.0,12,358,12,358,-0.0,0.0,1e-06,-3.163775e-10,1.826114e-10,6.257324e-10,False,0.0,True
2015-05-30,CE02SHBP-LJ01D-07-VEL3DC108,1,True,2015-05-30T00:00:00Z,2015-05-30T23:59:14Z,85341,86355,1014,1.0,1.0,1.0,-0.0,23,1014,23,1014,1e-06,0.0,1e-06,5.427568e-10,3.119011e-10,1.076842e-09,False,0.0,True
2015-05-31,CE02SHBP-LJ01D-07-VEL3DC108,1,True,2015-05-31T00:00:00Z,2015-05-31T23:59:14Z,85339,86355,1016,1.0,1.0,1.0,0.0,23,1016,23,1016,-1e-06,0.0,2e-06,-8.593291e-10,4.862568e-10,1.702574e-09,False,0.0,True
2015-06-01,CE02SHBP-LJ01D-07-VEL3DC108,1,True,2015-06-01T00:00:00Z,2015-06-01T23:59:15Z,85339,86356,1017,1.0,1.0,1.0,-0.0,23,1017,23,1017,1e-06,0.0,1e-06,5.520474e-10,3.138403e-10,1.091394e-09,False,0.0,True
2015-06-02,CE02SHBP-LJ01D-07-VEL3DC108,1,True,2015-06-02T00:00:00Z,2015-06-02T23:59:15Z,85342,86356,1014,1.0,1.0,1.0,0.0,23,1014,23,1014,0.0,0.0,0.0,4.823198e-12,6.357252e-12,1.455192e-11,False,0.0,True
2015-06-03,CE02SHBP-LJ01D-07-VEL3DC108,1,True,2015-06-03T00:00:00Z,2015-06-03T23:59:14Z,85338,86355,1017,1.0,1.0,1.0,0.0,23,1017,23,1017,-0.0,0.0,1e-06,-2.825077e-10,1.593401e-10,5.529728e-10,False,0.0,True
2015-06-04,CE02SHBP-LJ01D-07-VEL3DC108,1,True,2015-06-04T00:00:00Z,2015-06-04T23:59:15Z,85340,86356,1016,1.0,1.0,1.0,0.0,23,1016,23,1016,-1e-06,0.0,1e-06,-7.291309e-10,4.166481e-10,1.455192e-09,False,0.0,True
2015-06-05,CE02SHBP-LJ01D-07-VEL3DC108,1,True,2015-06-05T00:00:00Z,2015-06-05T23:59:59Z,85429,86400,971,1.0,1.0,1.0,-0.0,22,971,22,971,0.0,0.0,1e-06,3.643081e-10,2.068186e-10,7.275958e-10,False,0.0,True
2015-06-06,CE02SHBP-LJ01D-07-VEL3DC108,1,True,2015-06-06T00:00:00Z,2015-06-06T23:59:15Z,85338,86356,1018,1.0,1.0,1.0,-0.0,23,1018,23,1018,0.0,0.0,1e-06,2.551791e-10,1.458029e-10,5.09317e-10,False,0.0,True
2015-06-07,CE02SHBP-LJ01D-07-VEL3DC108,1,True,2015-06-07T00:00:00Z,2015-06-07T23:59:15Z,85337,86356,1019,1.0,1.0,1.0,-0.0,23,1019,23,1019,1e-06,0.0,1e-06,6.6227e-10,3.770932e-10,1.309672e-09,False,0.0,True
2015-06-08,CE02SHBP-LJ01D-07-VEL3DC108,1,True,2015-06-08T00:00:00Z,2015-06-08T23:59:16Z,85344,86357,1013,1.0,1.0,1.0,0.0,23,1013,23,1013,-1e-06,0.0,1e-06,-6.182506e-10,3.492901e-10,1.222361e-09,False,0.0,True
2015-06-09,CE02SHBP-LJ01D-07-VEL3DC108,1,True,2015-06-09T00:00:00Z,2015-06-09T23:59:14Z,85341,86355,1014,1.0,1.0,1.0,-0.0,23,1014,23,1014,0.0,0.0,0.0,7.654476e-11,4.069551e-11,1.455192e-10,False,0.0,True
2015-06-10,CE02SHBP-LJ01D-07-VEL3DC108,1,True,2015-06-10T00:00:00Z,2015-06-10T23:59:15Z,85342,86356,1014,1.0,1.0,1.0,-0.0,23,1014,23,1014,-0.0,0.0,0.0,-5.308685e-11,3.469674e-11,1.164153e-10,False,0.0,True
2015-06-11,CE02SHBP-LJ01D-07-VEL3DC108,1,True,2015-06-11T00:00:00Z,2015-06-11T23:58:18Z,80879,86299,5420,1.0,1.0,1.0,0.0,154,5420,154,5420,-0.0,0.0,1e-06,-4.373993e-10,2.481208e-10,9.022187e-10,False,0.0,True
2015-06-12,CE02SHBP-LJ01D-07-VEL3DC108,1,True,2015-06-12T00:00:00Z,2015-06-12T23:59:04Z,65744,86345,20601,1.0,1.0,1.0,0.0,568,20601,568,20601,-0.0,0.0,1e-06,-3.73993e-10,2.149512e-10,7.421477e-10,False,0.0,True
2015-06-13,CE02SHBP-LJ01D-07-VEL3DC108,1,True,2015-06-13T00:00:00Z,2015-06-13T23:59:59Z,67583,86400,18817,1.0,1.0,1.0,-0.0,553,18817,553,18817,0.0,0.0,0.0,2.227082e-10,1.304162e-10,4.511094e-10,False,0.0,True
2015-06-14,CE02SHBP-LJ01D-07-VEL3DC108,1,True,2015-06-14T00:00:00Z,2015-06-14T23:59:36Z,63089,86377,23288,1.0,1.0,1.0,0.0,621,23288,621,23288,0.0,0.0,1e-06,3.640611e-10,2.166656e-10,7.421477e-10,False,0.0,True
2015-06-15,CE02SHBP-LJ01D-07-VEL3DC108,1,True,2015-06-15T00:00:00Z,2015-06-15T23:56:56Z,26987,86217,59230,1.0,1.0,1.0,0.0,293,59230,293,59230,-0.0,0.0,0.0,-2.074123e-10,1.084562e-10,3.201421e-10,False,0.0,True
2015-06-16,CE02SHBP-LJ01D-07-VEL3DC108,1,True,2015-06-16T00:00:00Z,2015-06-16T23:59:49Z,62610,86390,23780,1.0,1.0,1.0,-0.0,707,23780,707,23780,0.0,0.0,0.0,1.677889e-10,9.717019e-11,3.346941e-10,False,0.0,True
2015-06-17,CE02SHBP-LJ01D-07-VEL3DC108,1,True,2015-06-17T00:01:00Z,2015-06-17T23:57:06Z,61764,86167,24403,1.0,1.0,1.0,0.0,693,24403,693,24403,-0.0,0.0,0.0,-1.184842e-10,6.523606e-11,2.328306e-10,False,0.0,True
2015-06-18,CE02SHBP-LJ01D-07-VEL3DC108,1,True,2015-06-18T00:00:00Z,2015-06-18T23:59:14Z,61312,86355,25043,1.0,1.0,1.0,-0.0,736,25043,736,25043,0.0,0.0,0.0,1.777881e-10,9.91494e-11,3.49246e-10,False,0.0,True
2015-06-19,CE02SHBP-LJ01D-07-VEL3DC108,1,True,2015-06-19T00:00:00Z,2015-06-19T23:58:21Z,60771,86302,25531,1.0,1.0,1.0,0.0,741,25531,741,25531,0.0,0.0,1e-06,4.643337e-10,2.774834e-10,9.458745e-10,False,0.0,True
2015-06-20,CE02SHBP-LJ01D-07-VEL3DC108,1,True,2015-06-20T00:00:00Z,2015-06-20T23:59:10Z,62311,86351,24040,1.0,1.0,1.0,-0.0,705,24040,705,24040,0.0,0.0,1e-06,4.104195e-10,2.329214e-10,8.149073e-10,False,0.0,True
2015-06-21,CE02SHBP-LJ01D-07-VEL3DC108,1,True,2015-06-21T00:00:00Z,2015-06-21T23:59:12Z,62315,86353,24038,1.0,1.0,1.0,-0.0,673,24038,673,24038,1e-06,0.0,1e-06,6.457651e-10,3.649489e-10,1.266017e-09,False,0.0,True
2015-06-22,CE02SHBP-LJ01D-07-VEL3DC108,1,True,2015-06-22T00:01:00Z,2015-06-22T23:59:59Z,60210,86340,26130,1.0,1.0,1.0,0.0,676,26130,676,26130,-0.0,0.0,1e-06,-4.933016e-10,2.785497e-10,9.749783e-10,False,0.0,True
2015-06-23,CE02SHBP-LJ01D-07-VEL3DC108,1,True,2015-06-23T00:00:00Z,2015-06-23T23:59:59Z,63254,86400,23146,1.0,1.0,1.0,-0.0,665,23146,665,23146,-0.0,0.0,0.0,-2.478857e-10,1.438992e-10,4.947651e-10,False,0.0,True
2015-06-24,CE02SHBP-LJ01D-07-VEL3DC108,1,True,2015-06-24T00:00:00Z,2015-06-24T23:59:39Z,60739,86380,25641,1.0,1.0,1.0,0.0,749,25641,749,25641,0.0,0.0,1e-06,2.860986e-10,1.684464e-10,5.820766e-10,False,0.0,True
2015-06-25,CE02SHBP-LJ01D-07-VEL3DC108,1,True,2015-06-25T00:00:00Z,2015-06-25T23:59:58Z,62062,86399,24337,1.0,1.0,1.0,0.0,685,24337,685,24337,-0.0,0.0,1e-06,-3.608377e-10,2.037248e-10,7.130438e-10,False,0.0,True
2015-06-26,CE02SHBP-LJ01D-07-VEL3DC108,1,True,2015-06-26T00:00:00Z,2015-06-26T23:57:18Z,60420,86239,25819,1.0,1.0,1.0,0.0,704,25819,704,25819,-0.0,0.0,0.0,-9.999247e-12,4.253124e-12,1.455192e-11,False,0.0,True
2015-06-27,CE02SHBP-LJ01D-07-VEL3DC108,1,True,2015-06-27T00:00:00Z,2015-06-27T23:59:12Z,60678,86353,25675,1.0,1.0,1.0,0.0,661,25675,661,25675,0.0,0.0,0.0,1.860605e-11,1.145075e-11,4.365575e-11,False,0.0,True
2015-06-28,CE02SHBP-LJ01D-07-VEL3DC108,1,True,2015-06-28T00:00:00Z,2015-06-28T23:57:43Z,59761,86264,26503,1.0,1.0,1.0,0.0,687,26503,687,26503,0.0,0.0,1e-06,2.525447e-10,1.505791e-10,5.238689e-10,False,0.0,True
2015-06-29,CE02SHBP-LJ01D-07-VEL3DC108,1,True,2015-06-29T00:00:00Z,2015-06-29T23:58:10Z,59495,86291,26796,1.0,1.0,1.0,0.0,688,26796,688,26796,-0.0,0.0,0.0,-1.305073e-10,6.606105e-11,2.473826e-10,False,0.0,True
2015-06-30,CE02SHBP-LJ01D-07-VEL3DC108,1,True,2015-06-30T00:00:00Z,2015-06-30T23:59:25Z,59129,86366,27237,1.0,1.0,1.0,-0.0,705,27237,705,27237,0.0,0.0,1e-06,4.153424e-10,2.334407e-10,8.149073e-10,False,0.0,True
2015-07-01,CE02SHBP-LJ01D-07-VEL3DC108,1,True,2015-07-01T00:00:00Z,2015-07-01T20:52:34Z,48391,75155,26764,1.0,1.0,1.0,-0.0,571,26764,571,26764,0.0,0.0,0.0,1.745697e-10,9.958496e-11,3.637979e-10,False,0.0,True
2015-07-02,CE02SHBP-LJ01D-07-VEL3DC108,1,False,,,0,0,,1.0,,,,,,,,,,,,,,,,False
2015-07-03,CE02SHBP-LJ01D-07-VEL3DC108,1,False,,,0,0,,1.0,,,,,,,,,,,,,,,,False
2015-07-04,CE02SHBP-LJ01D-07-VEL3DC108,1,False,,,0,0,,1.0,,,,,,,,,,,,,,,,False
2015-07-05,CE02SHBP-LJ01D-07-VEL3DC108,1,False,,,0,0,,1.0,,,,,,,,,,,,,,,,False
2015-07-06,CE02SHBP-LJ01D-07-VEL3DC108,1,True,2015-07-06T20:54:01Z,2015-07-06T23:59:01Z,7840,11101,3261,1.0,1.0,1.0,0.0,131,3261,131,3261,-0.0,0.0,0.0,-2.735045e-11,1.4752e-11,5.275069e-11,False,0.0,True
2015-07-07,CE02SHBP-LJ01D-07-VEL3DC108,1,True,2015-07-07T00:00:00Z,2015-07-07T08:46:47Z,20752,31608,10856,1.0,1.0,1.0,0.0,302,10856,302,10856,-0.0,0.0,0.0,-1.83073e-11,9.473706e-12,3.637979e-11,False,0.0,True
2015-07-08,CE02SHBP-LJ01D-07-VEL3DC108,1,False,,,0,0,,1.0,,,,,,,,,,,,,,,,False
2015-07-09,CE02SHBP-LJ01D-07-VEL3DC108,1,True,2015-07-09T23:33:00Z,2015-07-09T23:59:23Z,998,1584,586,1.0,1.0,1.0,0.0,15,586,15,586,-0.0,0.0,0.0,-8.125342e-13,3.990381e-13,1.364242e-12,False,0.0,True
2015-07-10,CE02SHBP-LJ01D-07-VEL3DC108,1,True,2015-07-10T00:00:00Z,2015-07-10T17:37:22Z,41294,63443,22149,1.0,1.0,1.0,0.0,547,22149,547,22149,-0.0,0.0,1e-06,-3.637588e-10,2.08235e-10,7.275958e-10,False,0.0,True
2015-07-11,CE02SHBP-LJ01D-07-VEL3DC108,1,False,,,0,0,,1.0,,,,,,,,,,,,,,,,False
2015-07-12,CE02SHBP-LJ01D-07-VEL3DC108,1,False,,,0,0,,1.0,,,,,,,,,,,,,,,,False
2015-07-13,CE02SHBP-LJ01D-07-VEL3DC108,1,True,2015-07-13T18:01:00Z,2015-07-13T23:58:26Z,15050,21447,6397,1.0,1.0,1.0,0.0,198,6397,198,6397,-0.0,0.0,0.0,-8.28663e-12,3.934416e-12,1.455192e-11,False,0.0,True
2015-07-14,CE02SHBP-LJ01D-07-VEL3DC108,1,True,2015-07-14T00:00:00Z,2015-07-14T19:48:32Z,47513,71313,23800,1.0,1.0,1.0,0.0,656,23800,656,23800,0.0,0.0,0.0,1.395743e-10,8.256675e-11,2.910383e-10,False,0.0,True
2015-07-15,CE02SHBP-LJ01D-07-VEL3DC108,1,True,2015-07-15T22:48:01Z,2015-07-15T22:49:52Z,112,112,0,1.0,1.0,1.0,0.0,0,0,0,0,-0.0,0.0,0.0,-3.912778e-14,1.31663e-14,5.684342e-14,False,0.0,False
2015-07-16,CE02SHBP-LJ01D-07-VEL3DC108,1,True,2015-07-16T17:26:01Z,2015-07-16T23:59:14Z,16785,23594,6809,1.0,1.0,1.0,0.0,220,6809,220,6809,-0.0,0.0,0.0,-3.742255e-11,1.888863e-11,6.548362e-11,False,0.0,True
2015-07-17,CE02SHBP-LJ01D-07-VEL3DC108,1,True,2015-07-17T00:00:00Z,2015-07-17T23:59:15Z,84009,86356,2347,1.0,1.0,1.0,-0.0,25,2347,25,2347,0.0,0.0,1e-06,3.655443e-10,2.09801e-10,7.275958e-10,False,0.0,True
2015-07-18,CE02SHBP-LJ01D-07-VEL3DC108,1,True,2015-07-18T00:00:00Z,2015-07-18T23:59:16Z,85341,86357,1016,1.0,1.0,1.0,-0.0,23,1016,23,1016,0.0,0.0,1e-06,4.93665e-10,2.772791e-10,9.749783e-10,False,0.0,True
2015-07-19,CE02SHBP-LJ01D-07-VEL3DC108,1,True,2015-07-19T00:00:00Z,2015-07-19T23:59:14Z,85340,86355,1015,1.0,1.0,1.0,-0.0,23,1015,23,1015,0.0,0.0,0.0,1.3552e-10,7.599286e-11,2.619345e-10,False,0.0,True
2015-07-20,CE02SHBP-LJ01D-07-VEL3DC108,1,True,2015-07-20T00:00:00Z,2015-07-20T23:59:15Z,85338,86356,1018,1.0,1.0,1.0,-0.0,23,1018,23,1018,1e-06,0.0,1e-06,5.285196e-10,2.952524e-10,1.033186e-09,False,0.0,True
2015-07-21,CE02SHBP-LJ01D-07-VEL3DC108,1,True,2015-07-21T00:00:00Z,2015-07-21T23:59:14Z,85338,86355,1017,1.0,1.0,1.0,0.0,23,1017,23,1017,-0.0,0.0,0.0,-2.05781e-10,1.150281e-10,4.074536e-10,False,0.0,True
2015-07-22,CE02SHBP-LJ01D-07-VEL3DC108,1,True,2015-07-22T00:00:00Z,2015-07-22T23:59:16Z,85337,86357,1020,1.0,1.0,1.0,0.0,23,1020,23,1020,-0.0,0.0,1e-06,-3.887288e-10,2.196131e-10,7.712515e-10,False,0.0,True
2015-07-23,CE02SHBP-LJ01D-07-VEL3DC108,1,True,2015-07-23T00:00:00Z,2015-07-23T23:59:14Z,85343,86355,1012,1.0,1.0,1.0,-0.0,24,1012,24,1012,1e-06,0.0,1e-06,7.435467e-10,4.204132e-10,1.469743e-09,False,0.0,True
2015-07-24,CE02SHBP-LJ01D-07-VEL3DC108,1,True,2015-07-24T00:00:00Z,2015-07-24T23:59:15Z,85337,86356,1019,1.0,1.0,1.0,-0.0,23,1019,23,1019,1e-06,0.0,1e-06,5.026797e-10,2.8711e-10,1.004082e-09,False,0.0,True
2015-07-25,CE02SHBP-LJ01D-07-VEL3DC108,1,True,2015-07-25T00:00:00Z,2015-07-25T23:59:15Z,85335,86356,1021,1.0,1.0,1.0,-0.0,23,1021,23,1021,0.0,0.0,0.0,1.930864e-10,1.092871e-10,3.783498e-10,False,0.0,True
2015-07-26,CE02SHBP-LJ01D-07-VEL3DC108,1,True,2015-07-26T00:00:00Z,2015-07-26T23:59:15Z,85340,86356,1016,1.0,1.0,1.0,0.0,23,1016,23,1016,0.0,0.0,0.0,6.291635e-11,3.978658e-11,1.309672e-10,False,0.0,True
2015-07-27,CE02SHBP-LJ01D-07-VEL3DC108,1,True,2015-07-27T00:00:00Z,2015-07-27T23:59:15Z,85332,86356,1024,1.0,1.0,1.0,0.0,23,1024,23,1024,-1e-06,0.0,1e-06,-5.621301e-10,3.145774e-10,1.105946e-09,False,0.0,True
2015-07-28,CE02SHBP-LJ01D-07-VEL3DC108,1,True,2015-07-28T00:00:00Z,2015-07-28T23:59:15Z,85427,86356,929,1.0,1.0,1.0,-0.0,21,929,21,929,-0.0,0.0,0.0,-7.981203e-12,6.245207e-12,1.455192e-11,False,0.0,True
2015-07-29,CE02SHBP-LJ01D-07-VEL3DC108,1,True,2015-07-29T00:00:00Z,2015-07-29T23:59:15Z,85343,86356,1013,1.0,1.0,1.0,-0.0,23,1013,23,1013,0.0,0.0,1e-06,4.547503e-10,2.594754e-10,9.022187e-10,False,0.0,True
2015-07-30,CE02SHBP-LJ01D-07-VEL3DC108,1,True,2015-07-30T00:00:00Z,2015-07-30T23:59:15Z,85340,86356,1016,1.0,1.0,1.0,-0.0,23,1016,23,1016,-0.0,0.0,0.0,-8.515215e-11,5.109747e-11,1.74623e-10,False,0.0,True
2015-07-31,CE02SHBP-LJ01D-07-VEL3DC108,1,True,2015-07-31T00:00:00Z,2015-07-31T17:53:12Z,63749,64393,644,1.0,1.0,1.0,0.0,16,644,16,644,-0.0,0.0,0.0,-1.940817e-10,1.105194e-10,3.856258e-10,False,0.0,True
2015-08-01,CE02SHBP-LJ01D-07-VEL3DC108,0,False,,,0,0,,,,,,,,,,,,,,,,,,False
2015-08-02,CE02SHBP-LJ01D-07-VEL3DC108,2,True,2015-08-02T19:35:01Z,2015-08-02T23:31:08Z,14168,14168,0,1.0,1.0,1.0,-0.0,0,0,0,0,0.0,0.0,0.0,4.573567e-11,2.619257e-11,9.094947e-11,False,0.0,False
2015-08-03,CE02SHBP-LJ01D-07-VEL3DC108,2,True,2015-08-03T00:00:00Z,2015-08-03T23:59:51Z,86392,86392,0,1.0,1.0,1.0,-0.0,0,0,0,0,0.0,0.0,0.0,1.254235e-10,6.750391e-11,2.473826e-10,False,0.0,False
2015-08-04,CE02SHBP-LJ01D-07-VEL3DC108,2,True,2015-08-04T00:00:00Z,2015-08-04T23:59:11Z,86352,86352,0,1.0,1.0,1.0,0.0,0,0,0,0,-0.0,0.0,1e-06,-3.791161e-10,2.100044e-10,7.421477e-10,False,0.0,False
2015-08-05,CE02SHBP-LJ01D-07-VEL3DC108,2,True,2015-08-05T00:00:00Z,2015-08-05T23:59:50Z,86391,86391,0,1.0,1.0,1.0,0.0,0,0,0,0,-0.0,0.0,0.0,-1.726878e-10,9.959365e-11,3.49246e-10,False,0.0,False
2015-08-06,CE02SHBP-LJ01D-07-VEL3DC108,2,True,2015-08-06T00:00:00Z,2015-08-06T23:59:51Z,86392,86392,0,1.0,1.0,1.0,-0.0,0,0,0,0,0.0,0.0,0.0,1.254235e-10,6.750391e-11,2.473826e-10,False,0.0,False
2015-08-07,CE02SHBP-LJ01D-07-VEL3DC108,2,True,2015-08-07T00:00:00Z,2015-08-07T23:59:52Z,86393,86393,0,1.0,1.0,1.0,-0.0,0,0,0,0,-0.0,0.0,1e-06,-3.057992e-10,1.783672e-10,6.111804e-10,False,0.0,False
2015-08-08,CE02SHBP-LJ01D-07-VEL3DC108,2,True,2015-08-08T00:00:00Z,2015-08-08T23:59:52Z,86393,86393,0,1.0,1.0,1.0,-0.0,0,0,0,0,-0.0,0.0,1e-06,-3.057992e-10,1.783672e-10,6.111804e-10,False,0.0,False
2015-08-09,CE02SHBP-LJ01D-07-VEL3DC108,2,True,2015-08-09T00:00:00Z,2015-08-09T23:59:52Z,86393,86393,0,1.0,1.0,1.0,-0.0,0,0,0,0,-0.0,0.0,1e-06,-3.057992e-10,1.783672e-10,6.111804e-10,False,0.0,False
2015-08-10,CE02SHBP-LJ01D-07-VEL3DC108,2,True,2015-08-10T00:00:00Z,2015-08-10T23:59:58Z,86399,86399,0,1.0,1.0,1.0,-0.0,0,0,0,0,0.0,0.0,0.0,2.304436e-10,1.325542e-10,4.656613e-10,False,0.0,False
2015-08-11,CE02SHBP-LJ01D-07-VEL3DC108,2,True,2015-08-11T00:00:00Z,2015-08-11T23:59:52Z,86393,86393,0,1.0,1.0,1.0,-0.0,0,0,0,0,-0.0,0.0,1e-06,-3.057992e-10,1.783672e-10,6.111804e-10,False,0.0,False
2015-08-12,CE02SHBP-LJ01D-07-VEL3DC108,2,True,2015-08-12T00:00:00Z,2015-08-12T23:59:04Z,86345,86345,0,1.0,1.0,1.0,0.0,0,0,0,0,-0.0,0.0,0.0,-7.766321e-11,4.304537e-11,1.600711e-10,False,0.0,False
2015-08-13,CE02SHBP-LJ01D-07-VEL3DC108,2,True,2015-08-13T00:00:00Z,2015-08-13T23:59:51Z,86392,86392,0,1.0,1.0,1.0,-0.0,0,0,0,0,0.0,0.0,0.0,1.254235e-10,6.750391e-11,2.473826e-10,False,0.0,False
2015-08-14,CE02SHBP-LJ01D-07-VEL3DC108,2,True,2015-08-14T00:00:00Z,2015-08-14T23:59:52Z,86393,86393,0,1.0,1.0,1.0,-0.0,0,0,0,0,-0.0,0.0,1e-06,-3.057992e-10,1.783672e-10,6.111804e-10,False,0.0,False
2015-08-15,CE02SHBP-LJ01D-07-VEL3DC108,2,True,2015-08-15T00:00:00Z,2015-08-15T14:05:23Z,50724,50724,0,1.0,1.0,1.0,-0.0,0,0,0,0,0.0,0.0,1e-06,2.821788e-10,1.569546e-10,5.529728e-10,False,0.0,False
2015-08-16,CE02SHBP-LJ01D-07-VEL3DC108,2,True,2015-08-16T02:30:00Z,2015-08-16T23:58:56Z,77337,77337,0,1.0,1.0,1.0,0.0,0,0,0,0,-0.0,0.0,0.0,-2.060426e-10,1.189588e-10,4.074536e-10,False,0.0,False
2015-08-17,CE02SHBP-LJ01D-07-VEL3DC108,2,True,2015-08-17T00:00:00Z,2015-08-17T23:59:57Z,86398,86398,0,1.0,1.0,1.0,0.0,0,0,0,0,0.0,0.0,0.0,2.260374e-10,1.337608e-10,4.656613e-10,False,0.0,False
2015-08-18,CE02SHBP-LJ01D-07-VEL3DC108,2,True,2015-08-18T00:00:00Z,2015-08-18T23:59:51Z,86392,86392,0,1.0,1.0,1.0,-0.0,0,0,0,0,0.0,0.0,0.0,1.254235e-10,6.750391e-11,2.473826e-10,False,0.0,False
2015-08-19,CE02SHBP-LJ01D-07-VEL3DC108,2,True,2015-08-19T00:00:00Z,2015-08-19T23:59:50Z,86391,86391,0,1.0,1.0,1.0,0.0,0,0,0,0,-0.0,0.0,0.0,-1.726878e-10,9.959365e-11,3.49246e-10,False,0.0,False
2015-08-20,CE02SHBP-LJ01D-07-VEL3DC108,2,True,2015-08-20T00:00:00Z,2015-08-20T23:59:59Z,86400,86400,0,1.0,1.0,1.0,0.0,0,0,0,0,-0.0,0.0,1e-06,-4.352338e-10,2.451816e-10,8.58563e-10,False,0.0,False
2015-08-21,CE02SHBP-LJ01D-07-VEL3DC108,2,True,2015-08-21T00:00:00Z,2015-08-21T23:59:10Z,81892,86351,4459,1.0,1.0,1.0,0.0,1,4459,1,4459,-0.0,0.0,0.0,-1.152634e-10,6.177809e-11,2.328306e-10,False,0.0,True
2015-08-22,CE02SHBP-LJ01D-07-VEL3DC108,2,True,2015-08-22T00:00:00Z,2015-08-22T23:59:59Z,86400,86400,0,1.0,1.0,1.0,0.0,0,0,0,0,-0.0,0.0,1e-06,-4.352338e-10,2.451816e-10,8.58563e-10,False,0.0,False
2015-08-23,CE02SHBP-LJ01D-07-VEL3DC108,2,True,2015-08-23T00:00:00Z,2015-08-23T23:59:53Z,86394,86394,0,1.0,1.0,1.0,0.0,0,0,0,0,-0.0,0.0,1e-06,-3.792206e-10,2.141488e-10,7.421477e-10,False,0.0,False
2015-08-24,CE02SHBP-LJ01D-07-VEL3DC108,2,True,2015-08-24T00:00:00Z,2015-08-24T23:59:51Z,86392,86392,0,1.0,1.0,1.0,-0.0,0,0,0,0,0.0,0.0,0.0,1.254235e-10,6.750391e-11,2.473826e-10,False,0.0,False
2015-08-25,CE02SHBP-LJ01D-07-VEL3DC108,2,True,2015-08-25T00:00:00Z,2015-08-25T23:59:55Z,86396,86396,0,1.0,1.0,1.0,-0.0,0,0,0,0,-0.0,0.0,0.0,-1.042676e-10,6.193725e-11,2.182787e-10,False,0.0,False
2015-08-26,CE02SHBP-LJ01D-07-VEL3DC108,2,True,2015-08-26T00:00:00Z,2015-08-26T23:59:04Z,86345,86345,0,1.0,1.0,1.0,0.0,0,0,0,0,-0.0,0.0,0.0,-7.766321e-11,4.304537e-11,1.600711e-10,False,0.0,False
2015-08-27,CE02SHBP-LJ01D-07-VEL3DC108,2,True,2015-08-27T00:00:00Z,2015-08-27T23:59:52Z,86393,86393,0,1.0,1.0,1.0,-0.0,0,0,0,0,-0.0,0.0,1e-06,-3.057992e-10,1.783672e-10,6.111804e-10,False,0.0,False
2015-08-28,CE02SHBP-LJ01D-07-VEL3DC108,2,True,2015-08-28T00:00:00Z,2015-08-28T23:59:54Z,86395,86395,0,1.0,1.0,1.0,0.0,0,0,0,0,-0.0,0.0,1e-06,-3.601443e-10,2.029711e-10,7.130438e-10,False,0.0,False
2015-08-29,CE02SHBP-LJ01D-07-VEL3DC108,2,True,2015-08-29T00:00:00Z,2015-08-29T23:59:28Z,85007,86369,1362,1.0,1.0,1.0,-0.0,1,1362,1,1362,1e-06,0.0,1e-06,7.173606e-10,4.094792e-10,1.44064e-09,False,0.0,True
2015-08-30,CE02SHBP-LJ01D-07-VEL3DC108,2,True,2015-08-30T00:00:00Z,2015-08-30T23:59:52Z,86393,86393,0,1.0,1.0,1.0,-0.0,0,0,0,0,-0.0,0.0,1e-06,-3.057992e-10,1.783672e-10,6.111804e-10,False,0.0,False
2015-08-31,CE02SHBP-LJ01D-07-VEL3DC108,2,True,2015-08-31T00:00:00Z,2015-08-31T23:59:16Z,86357,86357,0,1.0,1.0,1.0,0.0,0,0,0,0,-0.0,0.0,1e-06,-4.605181e-10,2.652531e-10,9.167707e-10,False,0.0,False
2015-09-01,CE02SHBP-LJ01D-07-VEL3DC108,2,True,2015-09-01T00:00:00Z,2015-09-01T23:59:28Z,86369,86369,0,1.0,1.0,1.0,0.0,0,0,0,0,0.0,0.0,1e-06,3.489221e-10,2.032511e-10,6.984919e-10,False,0.0,False
2015-09-02,CE02SHBP-LJ01D-07-VEL3DC108,2,True,2015-09-02T00:00:00Z,2015-09-02T23:59:59Z,86400,86400,0,1.0,1.0,1.0,0.0,0,0,0,0,-0.0,0.0,1e-06,-4.352338e-10,2.451816e-10,8.58563e-10,False,0.0,False
2015-09-03,CE02SHBP-LJ01D-07-VEL3DC108,2,True,2015-09-03T00:00:00Z,2015-09-03T23:59:54Z,86395,86395,0,1.0,1.0,1.0,0.0,0,0,0,0,-0.0,0.0,1e-06,-3.601443e-10,2.029711e-10,7.130438e-10,False,0.0,False
2015-09-04,CE02SHBP-LJ01D-07-VEL3DC108,2,True,2015-09-04T00:00:00Z,2015-09-04T23:59:53Z,86394,86394,0,1.0,1.0,1.0,0.0,0,0,0,0,-0.0,0.0,1e-06,-3.792206e-10,2.141488e-10,7.421477e-10,False,0.0,False
2015-09-05,CE02SHBP-LJ01D-07-VEL3DC108,2,True,2015-09-05T00:00:00Z,2015-09-05T23:59:54Z,86395,86395,0,1.0,1.0,1.0,0.0,0,0,0,0,-0.0,0.0,1e-06,-3.601443e-10,2.029711e-10,7.130438e-10,False,0.0,False
2015-09-06,CE02SHBP-LJ01D-07-VEL3DC108,2,True,2015-09-06T00:00:00Z,2015-09-06T23:59:04Z,86345,86345,0,1.0,1.0,1.0,0.0,0,0,0,0,-0.0,0.0,0.0,-7.766321e-11,4.304537e-11,1.600711e-10,False,0.0,False
2015-09-07,CE02SHBP-LJ01D-07-VEL3DC108,2,True,2015-09-07T00:00:00Z,2015-09-07T23:59:52Z,86393,86393,0,1.0,1.0,1.0,-0.0,0,0,0,0,-0.0,0.0,1e-06,-3.057992e-10,1.783672e-10,6.111804e-10,False,0.0,False
2015-09-08,CE02SHBP-LJ01D-07-VEL3DC108,2,True,2015-09-08T00:00:00Z,2015-09-08T23:59:52Z,86393,86393,0,1.0,1.0,1.0,-0.0,0,0,0,0,-0.0,0.0,1e-06,-3.057992e-10,1.783672e-10,6.111804e-10,False,0.0,False
2015-09-09,CE02SHBP-LJ01D-07-VEL3DC108,2,True,2015-09-09T00:00:00Z,2015-09-09T23:59:54Z,86395,86395,0,1.0,1.0,1.0,0.0,0,0,0,0,-0.0,0.0,1e-06,-3.601443e-10,2.029711e-10,7.130438e-10,False,0.0,False
2015-09-10,CE02SHBP-LJ01D-07-VEL3DC108,2,True,2015-09-10T00:00:00Z,2015-09-10T23:59:52Z,86393,86393,0,1.0,1.0,1.0,-0.0,0,0,0,0,-0.0,0.0,1e-06,-3.057992e-10,1.783672e-10,6.111804e-10,False,0.0,False
2015-09-11,CE02SHBP-LJ01D-07-VEL3DC108,2,True,2015-09-11T00:00:00Z,2015-09-11T23:59:56Z,86397,86397,0,1.0,1.0,1.0,-0.0,0,0,0,0,-0.0,0.0,0.0,-1.060337e-10,6.429039e-11,2.182787e-10,False,0.0,False
2015-09-12,CE02SHBP-LJ01D-07-VEL3DC108,2,True,2015-09-12T00:00:00Z,2015-09-12T23:59:54Z,86395,86395,0,1.0,1.0,1.0,0.0,0,0,0,0,-0.0,0.0,1e-06,-3.601443e-10,2.029711e-10,7.130438e-10,False,0.0,False
2015-09-13,CE02SHBP-LJ01D-07-VEL3DC108,2,True,2015-09-13T00:00:00Z,2015-09-13T23:59:50Z,86391,86391,0,1.0,1.0,1.0,0.0,0,0,0,0,-0.0,0.0,0.0,-1.726878e-10,9.959365e-11,3.49246e-10,False,0.0,False
2015-09-14,CE02SHBP-LJ01D-07-VEL3DC108,2,True,2015-09-14T00:00:00Z,2015-09-14T23:59:54Z,86395,86395,0,1.0,1.0,1.0,0.0,0,0,0,0,-0.0,0.0,1e-06,-3.601443e-10,2.029711e-10,7.130438e-10,False,0.0,False
2015-09-15,CE02SHBP-LJ01D-07-VEL3DC108,2,True,2015-09-15T00:00:00Z,2015-09-15T23:59:53Z,86394,86394,0,1.0,1.0,1.0,0.0,0,0,0,0,-0.0,0.0,1e-06,-3.792206e-10,2.141488e-10,7.421477e-10,False,0.0,False
2015-09-16,CE02SHBP-LJ01D-07-VEL3DC108,2,True,2015-09-16T00:00:00Z,2015-09-16T23:59:54Z,86395,86395,0,1.0,1.0,1.0,0.0,0,0,0,0,-0.0,0.0,1e-06,-3.601443e-10,2.029711e-10,7.130438e-10,False,0.0,False
2015-09-17,CE02SHBP-LJ01D-07-VEL3DC108,2,True,2015-09-17T00:00:00Z,2015-09-17T23:59:07Z,86348,86348,0,1.0,1.0,1.0,-0.0,0,0,0,0,0.0,0.0,0.0,2.113569e-10,1.17558e-10,4.220055e-10,False,0.0,False
2015-09-18,CE02SHBP-LJ01D-07-VEL3DC108,2,True,2015-09-18T00:00:00Z,2015-09-18T23:59:06Z,86347,86347,0,1.0,1.0,1.0,0.0,0,0,0,0,-0.0,0.0,0.0,-2.119347e-10,1.208202e-10,4.220055e-10,False,0.0,False
2015-09-19,CE02SHBP-LJ01D-07-VEL3DC108,2,True,2015-09-19T00:00:00Z,2015-09-19T23:59:50Z,86391,86391,0,1.0,1.0,1.0,0.0,0,0,0,0,-0.0,0.0,0.0,-1.726878e-10,9.959365e-11,3.49246e-10,False,0.0,False
2015-09-20,CE02SHBP-LJ01D-07-VEL3DC108,2,True,2015-09-20T00:00:00Z,2015-09-20T23:59:52Z,86393,86393,0,1.0,1.0,1.0,-0.0,0,0,0,0,-0.0,0.0,1e-06,-3.057992e-10,1.783672e-10,6.111804e-10,False,0.0,False
2015-09-21,CE02SHBP-LJ01D-07-VEL3DC108,2,True,2015-09-21T00:00:00Z,2015-09-21T23:59:53Z,86394,86394,0,1.0,1.0,1.0,0.0,0,0,0,0,-0.0,0.0,1e-06,-3.792206e-10,2.141488e-10,7.421477e-10,False,0.0,False
2015-09-22,CE02SHBP-LJ01D-07-VEL3DC108,2,True,2015-09-22T00:00:00Z,2015-09-22T23:59:49Z,86390,86390,0,1.0,1.0,1.0,0.0,0,0,0,0,-0.0,0.0,1e-06,-4.409482e-10,2.510514e-10,8.731149e-10,False,0.0,False
2015-09-23,CE02SHBP-LJ01D-07-VEL3DC108,2,True,2015-09-23T00:00:00Z,2015-09-23T23:59:52Z,86393,86393,0,1.0,1.0,1.0,-0.0,0,0,0,0,-0.0,0.0,1e-06,-3.057992e-10,1.783672e-10,6.111804e-10,False,0.0,False
2015-09-24,CE02SHBP-LJ01D-07-VEL3DC108,2,True,2015-09-24T00:00:00Z,2015-09-24T23:59:49Z,86390,86390,0,1.0,1.0,1.0,0.0,0,0,0,0,-0.0,0.0,1e-06,-4.409482e-10,2.510514e-10,8.731149e-10,False,0.0,False
2015-09-25,CE02SHBP-LJ01D-07-VEL3DC108,2,True,2015-09-25T00:00:00Z,2015-09-25T23:59:51Z,86392,86392,0,1.0,1.0,1.0,-0.0,0,0,0,0,0.0,0.0,0.0,1.254235e-10,6.750391e-11,2.473826e-10,False,0.0,False
2015-09-26,CE02SHBP-LJ01D-07-VEL3DC108,2,True,2015-09-26T00:00:00Z,2015-09-26T23:59:14Z,86355,86355,0,1.0,1.0,1.0,-0.0,0,0,0,0,-0.0,0.0,0.0,-2.395979e-10,1.385528e-10,4.802132e-10,False,0.0,False
2015-09-27,CE02SHBP-LJ01D-07-VEL3DC108,2,True,2015-09-27T00:00:00Z,2015-09-27T23:59:52Z,86393,86393,0,1.0,1.0,1.0,-0.0,0,0,0,0,-0.0,0.0,1e-06,-3.057992e-10,1.783672e-10,6.111804e-10,False,0.0,False
2015-09-28,CE02SHBP-LJ01D-07-VEL3DC108,2,True,2015-09-28T00:00:00Z,2015-09-28T23:59:51Z,86392,86392,0,1.0,1.0,1.0,-0.0,0,0,0,0,0.0,0.0,0.0,1.254235e-10,6.750391e-11,2.473826e-10,False,0.0,False
2015-09-29,CE02SHBP-LJ01D-07-VEL3DC108,2,True,2015-09-29T00:00:00Z,2015-09-29T23:59:53Z,86394,86394,0,1.0,1.0,1.0,0.0,0,0,0,0,-0.0,0.0,1e-06,-3.792206e-10,2.141488e-10,7.421477e-10,False,0.0,False
2015-09-30,CE02SHBP-LJ01D-07-VEL3DC108,2,True,2015-09-30T00:00:00Z,2015-09-30T23:59:09Z,86350,86350,0,1.0,1.0,1.0,-0.0,0,0,0,0,0.0,0.0,0.0,1.541089e-10,8.405302e-11,3.055902e-10,False,0.0,False
2015-10-01,CE02SHBP-LJ01D-07-VEL3DC108,2,True,2015-10-01T00:00:00Z,2015-10-01T23:59:59Z,86400,86400,0,1.0,1.0,1.0,0.0,0,0,0,0,-0.0,0.0,1e-06,-4.352338e-10,2.451816e-10,8.58563e-10,False,0.0,False
2015-10-02,CE02SHBP-LJ01D-07-VEL3DC108,2,True,2015-10-02T00:00:00Z,2015-10-02T23:59:50Z,86391,86391,0,1.0,1.0,1.0,0.0,0,0,0,0,-0.0,0.0,0.0,-1.726878e-10,9.959365e-11,3.49246e-10,False,0.0,False
2015-10-03,CE02SHBP-LJ01D-07-VEL3DC108,2,True,2015-10-03T00:00:00Z,2015-10-03T23:59:52Z,86393,86393,0,1.0,1.0,1.0,-0.0,0,0,0,0,-0.0,0.0,1e-06,-3.057992e-10,1.783672e-10,6.111804e-10,False,0.0,False
2015-10-04,CE02SHBP-LJ01D-07-VEL3DC108,2,True,2015-10-04T00:00:00Z,2015-10-04T23:59:51Z,86392,86392,0,1.0,1.0,1.0,-0.0,0,0,0,0,0.0,0.0,0.0,1.254235e-10,6.750391e-11,2.473826e-10,False,0.0,False
2015-10-05,CE02SHBP-LJ01D-07-VEL3DC108,2,True,2015-10-05T00:00:00Z,2015-10-05T23:59:51Z,86392,86392,0,1.0,1.0,1.0,-0.0,0,0,0,0,0.0,0.0,0.0,1.254235e-10,6.750391e-11,2.473826e-10,False,0.0,False
2015-10-06,CE02SHBP-LJ01D-07-VEL3DC108,2,True,2015-10-06T00:00:00Z,2015-10-06T23:59:51Z,86392,86392,0,1.0,1.0,1.0,-0.0,0,0,0,0,0.0,0.0,0.0,1.254235e-10,6.750391e-11,2.473826e-10,False,0.0,False
2015-10-07,CE02SHBP-LJ01D-07-VEL3DC108,2,True,2015-10-07T00:00:00Z,2015-10-07T23:59:51Z,86392,86392,0,1.0,1.0,1.0,-0.0,0,0,0,0,0.0,0.0,0.0,1.254235e-10,6.750391e-11,2.473826e-10,False,0.0,False
2015-10-08,CE02SHBP-LJ01D-07-VEL3DC108,2,True,2015-10-08T00:00:00Z,2015-10-08T23:59:50Z,86391,86391,0,1.0,1.0,1.0,0.0,0,0,0,0,-0.0,0.0,0.0,-1.726878e-10,9.959365e-11,3.49246e-10,False,0.0,False
2015-10-09,CE02SHBP-LJ01D-07-VEL3DC108,2,True,2015-10-09T00:00:00Z,2015-10-09T23:59:51Z,86392,86392,0,1.0,1.0,1.0,-0.0,0,0,0,0,0.0,0.0,0.0,1.254235e-10,6.750391e-11,2.473826e-10,False,0.0,False
2015-10-10,CE02SHBP-LJ01D-07-VEL3DC108,2,True,2015-10-10T00:00:00Z,2015-10-10T23:59:15Z,86356,86356,0,1.0,1.0,1.0,-0.0,0,0,0,0,1e-06,0.0,1e-06,5.564802e-10,3.164857e-10,1.105946e-09,False,0.0,False
2015-10-11,CE02SHBP-LJ01D-07-VEL3DC108,2,True,2015-10-11T00:00:00Z,2015-10-11T23:59:55Z,86396,86396,0,1.0,1.0,1.0,-0.0,0,0,0,0,-0.0,0.0,0.0,-1.042676e-10,6.193725e-11,2.182787e-10,False,0.0,False
2015-10-12,CE02SHBP-LJ01D-07-VEL3DC108,2,True,2015-10-12T00:00:00Z,2015-10-12T23:59:52Z,86393,86393,0,1.0,1.0,1.0,-0.0,0,0,0,0,-0.0,0.0,1e-06,-3.057992e-10,1.783672e-10,6.111804e-10,False,0.0,False
2015-10-13,CE02SHBP-LJ01D-07-VEL3DC108,2,True,2015-10-13T00:00:00Z,2015-10-13T23:59:51Z,86392,86392,0,1.0,1.0,1.0,-0.0,0,0,0,0,0.0,0.0,0.0,1.254235e-10,6.750391e-11,2.473826e-10,False,0.0,False
2015-10-14,CE02SHBP-LJ01D-07-VEL3DC108,2,True,2015-10-14T00:00:00Z,2015-10-14T23:59:53Z,86394,86394,0,1.0,1.0,1.0,0.0,0,0,0,0,-0.0,0.0,1e-06,-3.792206e-10,2.141488e-10,7.421477e-10,False,0.0,False
2015-10-15,CE02SHBP-LJ01D-07-VEL3DC108,2,True,2015-10-15T00:00:00Z,2015-10-15T23:59:52Z,86393,86393,0,1.0,1.0,1.0,-0.0,0,0,0,0,-0.0,0.0,1e-06,-3.057992e-10,1.783672e-10,6.111804e-10,False,0.0,False
2015-10-16,CE02SHBP-LJ01D-07-VEL3DC108,2,True,2015-10-16T00:00:00Z,2015-10-16T23:59:51Z,86392,86392,0,1.0,1.0,1.0,-0.0,0,0,0,0,0.0,0.0,0.0,1.254235e-10,6.750391e-11,2.473826e-10,False,0.0,False
2015-10-17,CE02SHBP-LJ01D-07-VEL3DC108,2,True,2015-10-17T00:00:00Z,2015-10-17T23:59:57Z,86398,86398,0,1.0,1.0,1.0,0.0,0,0,0,0,0.0,0.0,0.0,2.260374e-10,1.337608e-10,4.656613e-10,False,0.0,False
2015-10-18,CE02SHBP-LJ01D-07-VEL3DC108,2,True,2015-10-18T00:00:00Z,2015-10-18T23:59:53Z,86394,86394,0,1.0,1.0,1.0,0.0,0,0,0,0,-0.0,0.0,1e-06,-3.792206e-10,2.141488e-10,7.421477e-10,False,0.0,False
2015-10-19,CE02SHBP-LJ01D-07-VEL3DC108,2,True,2015-10-19T00:00:00Z,2015-10-19T23:59:50Z,86391,86391,0,1.0,1.0,1.0,0.0,0,0,0,0,-0.0,0.0,0.0,-1.726878e-10,9.959365e-11,3.49246e-10,False,0.0,False
2015-10-20,CE02SHBP-LJ01D-07-VEL3DC108,2,True,2015-10-20T00:00:00Z,2015-10-20T23:59:52Z,86398,86393,0,1.0,1.0,0.99999988,0.009232679,0,0,0,0,-1e-06,23.17421,141.555564,-5.297906e-10,0.02317421,0.1415556,False,0.142925,False
2015-10-21,CE02SHBP-LJ01D-07-VEL3DC108,2,True,2015-10-21T00:00:00Z,2015-10-21T23:59:50Z,86391,86391,0,1.0,1.0,1.0,0.0,0,0,0,0,-0.0,0.0,0.0,-1.726878e-10,9.959365e-11,3.49246e-10,False,0.0,False
2015-10-22,CE02SHBP-LJ01D-07-VEL3DC108,2,True,2015-10-22T00:00:00Z,2015-10-22T23:59:08Z,86349,86349,0,1.0,1.0,1.0,0.0,0,0,0,0,-0.0,0.0,1e-06,-3.557974e-10,2.037008e-10,7.130438e-10,False,0.0,False
2015-10-23,CE02SHBP-LJ01D-07-VEL3DC108,2,True,2015-10-23T00:00:00Z,2015-10-23T23:59:51Z,86392,86392,0,1.0,1.0,1.0,-0.0,0,0,0,0,0.0,0.0,0.0,1.254235e-10,6.750391e-11,2.473826e-10,False,0.0,False
2015-10-24,CE02SHBP-LJ01D-07-VEL3DC108,2,True,2015-10-24T00:00:00Z,2015-10-24T23:59:53Z,86394,86394,0,1.0,1.0,1.0,0.0,0,0,0,0,-0.0,0.0,1e-06,-3.792206e-10,2.141488e-10,7.421477e-10,False,0.0,False
2015-10-25,CE02SHBP-LJ01D-07-VEL3DC108,2,True,2015-10-25T00:00:00Z,2015-10-25T23:59:52Z,86393,86393,0,1.0,1.0,1.0,-0.0,0,0,0,0,-0.0,0.0,1e-06,-3.057992e-10,1.783672e-10,6.111804e-10,False,0.0,False
2015-10-26,CE02SHBP-LJ01D-07-VEL3DC108,2,True,2015-10-26T00:00:00Z,2015-10-26T23:59:55Z,86396,86396,0,1.0,1.0,1.0,-0.0,0,0,0,0,-0.0,0.0,0.0,-1.042676e-10,6.193725e-11,2.182787e-10,False,0.0,False
2015-10-27,CE02SHBP-LJ01D-07-VEL3DC108,2,True,2015-10-27T00:00:00Z,2015-10-27T23:59:56Z,86397,86397,0,1.0,1.0,1.0,-0.0,0,0,0,0,-0.0,0.0,0.0,-1.060337e-10,6.429039e-11,2.182787e-10,False,0.0,False
2015-10-28,CE02SHBP-LJ01D-07-VEL3DC108,2,True,2015-10-28T00:00:00Z,2015-10-28T23:59:52Z,86393,86393,0,1.0,1.0,1.0,-0.0,0,0,0,0,-0.0,0.0,1e-06,-3.057992e-10,1.783672e-10,6.111804e-10,False,0.0,False
2015-10-29,CE02SHBP-LJ01D-07-VEL3DC108,2,True,2015-10-29T00:00:00Z,2015-10-29T23:59:52Z,86393,86393,0,1.0,1.0,1.0,-0.0,0,0,0,0,-0.0,0.0,1e-06,-3.057992e-10,1.783672e-10,6.111804e-10,False,0.0,False
2015-10-30,CE02SHBP-LJ01D-07-VEL3DC108,2,True,2015-10-30T00:00:00Z,2015-10-30T23:59:52Z,86393,86393,0,1.0,1.0,1.0,-0.0,0,0,0,0,-0.0,0.0,1e-06,-3.057992e-10,1.783672e-10,6.111804e-10,False,0.0,False
2015-10-31,CE02SHBP-LJ01D-07-VEL3DC108,2,True,2015-10-31T00:00:00Z,2015-10-31T23:59:58Z,86399,86399,0,1.0,1.0,1.0,-0.0,0,0,0,0,0.0,0.0,0.0,2.304436e-10,1.325542e-10,4.656613e-10,False,0.0,False
2015-11-01,CE02SHBP-LJ01D-07-VEL3DC108,2,True,2015-11-01T00:00:00Z,2015-11-01T23:59:51Z,86392,86392,0,1.0,1.0,1.0,-0.0,0,0,0,0,0.0,0.0,0.0,1.254235e-10,6.750391e-11,2.473826e-10,False,0.0,False
2015-11-02,CE02SHBP-LJ01D-07-VEL3DC108,2,True,2015-11-02T00:00:00Z,2015-11-02T23:59:51Z,86392,86392,0,1.0,1.0,1.0,-0.0,0,0,0,0,0.0,0.0,0.0,1.254235e-10,6.750391e-11,2.473826e-10,False,0.0,False
2015-11-03,CE02SHBP-LJ01D-07-VEL3DC108,2,True,2015-11-03T00:00:00Z,2015-11-03T23:59:53Z,86394,86394,0,1.0,1.0,1.0,0.0,0,0,0,0,-0.0,0.0,1e-06,-3.792206e-10,2.141488e-10,7.421477e-10,False,0.0,False
2015-11-04,CE02SHBP-LJ01D-07-VEL3DC108,2,True,2015-11-04T00:00:00Z,2015-11-04T23:59:54Z,86395,86395,0,1.0,1.0,1.0,0.0,0,0,0,0,-0.0,0.0,1e-06,-3.601443e-10,2.029711e-10,7.130438e-10,False,0.0,False
2015-11-05,CE02SHBP-LJ01D-07-VEL3DC108,2,True,2015-11-05T00:00:00Z,2015-11-05T23:59:50Z,86391,86391,0,1.0,1.0,1.0,0.0,0,0,0,0,-0.0,0.0,0.0,-1.726878e-10,9.959365e-11,3.49246e-10,False,0.0,False
2015-11-06,CE02SHBP-LJ01D-07-VEL3DC108,2,True,2015-11-06T00:00:00Z,2015-11-06T23:59:55Z,86396,86396,0,1.0,1.0,1.0,-0.0,0,0,0,0,-0.0,0.0,0.0,-1.042676e-10,6.193725e-11,2.182787e-10,False,0.0,False
2015-11-07,CE02SHBP-LJ01D-07-VEL3DC108,2,True,2015-11-07T00:00:00Z,2015-11-07T23:59:50Z,86391,86391,0,1.0,1.0,1.0,0.0,0,0,0,0,-0.0,0.0,0.0,-1.726878e-10,9.959365e-11,3.49246e-10,False,0.0,False
2015-11-08,CE02SHBP-LJ01D-07-VEL3DC108,2,True,2015-11-08T00:00:00Z,2015-11-08T23:59:57Z,86398,86398,0,1.0,1.0,1.0,0.0,0,0,0,0,0.0,0.0,0.0,2.260374e-10,1.337608e-10,4.656613e-10,False,0.0,False
2015-11-09,CE02SHBP-LJ01D-07-VEL3DC108,2,True,2015-11-09T00:00:00Z,2015-11-09T23:59:52Z,86393,86393,0,1.0,1.0,1.0,-0.0,0,0,0,0,-0.0,0.0,1e-06,-3.057992e-10,1.783672e-10,6.111804e-10,False,0.0,False
2015-11-10,CE02SHBP-LJ01D-07-VEL3DC108,2,True,2015-11-10T00:00:00Z,2015-11-10T23:59:55Z,86396,86396,0,1.0,1.0,1.0,-0.0,0,0,0,0,-0.0,0.0,0.0,-1.042676e-10,6.193725e-11,2.182787e-10,False,0.0,False
2015-11-11,CE02SHBP-LJ01D-07-VEL3DC108,2,True,2015-11-11T00:00:00Z,2015-11-11T23:59:50Z,86391,86391,0,1.0,1.0,1.0,0.0,0,0,0,0,-0.0,0.0,0.0,-1.726878e-10,9.959365e-11,3.49246e-10,False,0.0,False
2015-11-12,CE02SHBP-LJ01D-07-VEL3DC108,2,True,2015-11-12T00:00:00Z,2015-11-12T23:59:53Z,86394,86394,0,1.0,1.0,1.0,0.0,0,0,0,0,-0.0,0.0,1e-06,-3.792206e-10,2.141488e-10,7.421477e-10,False,0.0,False
2015-11-13,CE02SHBP-LJ01D-07-VEL3DC108,2,True,2015-11-13T00:00:00Z,2015-11-13T23:59:51Z,86392,86392,0,1.0,1.0,1.0,-0.0,0,0,0,0,0.0,0.0,0.0,1.254235e-10,6.750391e-11,2.473826e-10,False,0.0,False
2015-11-14,CE02SHBP-LJ01D-07-VEL3DC108,2,True,2015-11-14T00:00:00Z,2015-11-14T23:59:51Z,86392,86392,0,1.0,1.0,1.0,-0.0,0,0,0,0,0.0,0.0,0.0,1.254235e-10,6.750391e-11,2.473826e-10,False,0.0,False
2015-11-15,CE02SHBP-LJ01D-07-VEL3DC108,2,True,2015-11-15T00:00:00Z,2015-11-15T23:59:54Z,86395,86395,0,1.0,1.0,1.0,0.0,0,0,0,0,-0.0,0.0,1e-06,-3.601443e-10,2.029711e-10,7.130438e-10,False,0.0,False
2015-11-16,CE02SHBP-LJ01D-07-VEL3DC108,2,True,2015-11-16T00:00:00Z,2015-11-16T23:59:53Z,86394,86394,0,1.0,1.0,1.0,0.0,0,0,0,0,-0.0,0.0,1e-06,-3.792206e-10,2.141488e-10,7.421477e-10,False,0.0,False
2015-11-17,CE02SHBP-LJ01D-07-VEL3DC108,2,True,2015-11-17T00:00:00Z,2015-11-17T23:59:51Z,86392,86392,0,1.0,1.0,1.0,-0.0,0,0,0,0,0.0,0.0,0.0,1.254235e-10,6.750391e-11,2.473826e-10,False,0.0,False
2015-11-18,CE02SHBP-LJ01D-07-VEL3DC108,2,True,2015-11-18T00:00:00Z,2015-11-18T23:59:55Z,86396,86396,0,1.0,1.0,1.0,-0.0,0,0,0,0,-0.0,0.0,0.0,-1.042676e-10,6.193725e-11,2.182787e-10,False,0.0,False
2015-11-19,CE02SHBP-LJ01D-07-VEL3DC108,2,True,2015-11-19T00:00:00Z,2015-11-19T23:59:51Z,86392,86392,0,1.0,1.0,1.0,-0.0,0,0,0,0,0.0,0.0,0.0,1.254235e-10,6.750391e-11,2.473826e-10,False,0.0,False
2015-11-20,CE02SHBP-LJ01D-07-VEL3DC108,2,True,2015-11-20T00:00:00Z,2015-11-20T23:59:52Z,86393,86393,0,1.0,1.0,1.0,-0.0,0,0,0,0,-0.0,0.0,1e-06,-3.057992e-10,1.783672e-10,6.111804e-10,False,0.0,False
2015-11-21,CE02SHBP-LJ01D-07-VEL3DC108,2,True,2015-11-21T00:00:00Z,2015-11-21T23:59:55Z,86396,86396,0,1.0,1.0,1.0,-0.0,0,0,0,0,-0.0,0.0,0.0,-1.042676e-10,6.193725e-11,2.182787e-10,False,0.0,False
2015-11-22,CE02SHBP-LJ01D-07-VEL3DC108,2,True,2015-11-22T00:00:00Z,2015-11-22T23:59:52Z,86393,86393,0,1.0,1.0,1.0,-0.0,0,0,0,0,-0.0,0.0,1e-06,-3.057992e-10,1.783672e-10,6.111804e-10,False,0.0,False
2015-11-23,CE02SHBP-LJ01D-07-VEL3DC108,2,True,2015-11-23T00:00:00Z,2015-11-23T23:59:58Z,86399,86399,0,1.0,1.0,1.0,-0.0,0,0,0,0,0.0,0.0,0.0,2.304436e-10,1.325542e-10,4.656613e-10,False,0.0,False
2015-11-24,CE02SHBP-LJ01D-07-VEL3DC108,2,True,2015-11-24T00:00:00Z,2015-11-24T23:59:52Z,86393,86393,0,1.0,1.0,1.0,-0.0,0,0,0,0,-0.0,0.0,1e-06,-3.057992e-10,1.783672e-10,6.111804e-10,False,0.0,False
2015-11-25,CE02SHBP-LJ01D-07-VEL3DC108,2,True,2015-11-25T00:00:00Z,2015-11-25T23:59:51Z,86392,86392,0,1.0,1.0,1.0,-0.0,0,0,0,0,0.0,0.0,0.0,1.254235e-10,6.750391e-11,2.473826e-10,False,0.0,False
2015-11-26,CE02SHBP-LJ01D-07-VEL3DC108,2,True,2015-11-26T00:00:00Z,2015-11-26T23:59:51Z,86392,86392,0,1.0,1.0,1.0,-0.0,0,0,0,0,0.0,0.0,0.0,1.254235e-10,6.750391e-11,2.473826e-10,False,0.0,False
2015-11-27,CE02SHBP-LJ01D-07-VEL3DC108,2,True,2015-11-27T00:00:00Z,2015-11-27T23:59:52Z,86393,86393,0,1.0,1.0,1.0,-0.0,0,0,0,0,-0.0,0.0,1e-06,-3.057992e-10,1.783672e-10,6.111804e-10,False,0.0,False
2015-11-28,CE02SHBP-LJ01D-07-VEL3DC108,2,True,2015-11-28T00:00:00Z,2015-11-28T23:59:54Z,86395,86395,0,1.0,1.0,1.0,0.0,0,0,0,0,-0.0,0.0,1e-06,-3.601443e-10,2.029711e-10,7.130438e-10,False,0.0,False
2015-11-29,CE02SHBP-LJ01D-07-VEL3DC108,2,True,2015-11-29T00:00:00Z,2015-11-29T23:59:52Z,86393,86393,0,1.0,1.0,1.0,-0.0,0,0,0,0,-0.0,0.0,1e-06,-3.057992e-10,1.783672e-10,6.111804e-10,False,0.0,False
2015-11-30,CE02SHBP-LJ01D-07-VEL3DC108,2,True,2015-11-30T00:00:00Z,2015-11-30T23:59:56Z,86397,86397,0,1.0,1.0,1.0,-0.0,0,0,0,0,-0.0,0.0,0.0,-1.060337e-10,6.429039e-11,2.182787e-10,False,0.0,False
2015-12-01,CE02SHBP-LJ01D-07-VEL3DC108,2,True,2015-12-01T00:00:00Z,2015-12-01T23:59:56Z,86397,86397,0,1.0,1.0,1.0,-0.0,0,0,0,0,-0.0,0.0,0.0,-1.060337e-10,6.429039e-11,2.182787e-10,False,0.0,False
2015-12-02,CE02SHBP-LJ01D-07-VEL3DC108,2,True,2015-12-02T00:00:00Z,2015-12-02T23:59:51Z,86392,86392,0,1.0,1.0,1.0,-0.0,0,0,0,0,0.0,0.0,0.0,1.254235e-10,6.750391e-11,2.473826e-10,False,0.0,False
2015-12-03,CE02SHBP-LJ01D-07-VEL3DC108,2,True,2015-12-03T00:00:00Z,2015-12-03T23:59:50Z,86391,86391,0,1.0,1.0,1.0,0.0,0,0,0,0,-0.0,0.0,0.0,-1.726878e-10,9.959365e-11,3.49246e-10,False,0.0,False
2015-12-04,CE02SHBP-LJ01D-07-VEL3DC108,2,True,2015-12-04T00:00:00Z,2015-12-04T23:59:53Z,86394,86394,0,1.0,1.0,1.0,0.0,0,0,0,0,-0.0,0.0,1e-06,-3.792206e-10,2.141488e-10,7.421477e-10,False,0.0,False
2015-12-05,CE02SHBP-LJ01D-07-VEL3DC108,2,True,2015-12-05T00:00:00Z,2015-12-05T23:59:54Z,86395,86395,0,1.0,1.0,1.0,0.0,0,0,0,0,-0.0,0.0,1e-06,-3.601443e-10,2.029711e-10,7.130438e-10,False,0.0,False
2015-12-06,CE02SHBP-LJ01D-07-VEL3DC108,2,True,2015-12-06T00:00:00Z,2015-12-06T23:59:50Z,86391,86391,0,1.0,1.0,1.0,0.0,0,0,0,0,-0.0,0.0,0.0,-1.726878e-10,9.959365e-11,3.49246e-10,False,0.0,False
2015-12-07,CE02SHBP-LJ01D-07-VEL3DC108,2,True,2015-12-07T00:00:00Z,2015-12-07T23:59:55Z,86396,86396,0,1.0,1.0,1.0,-0.0,0,0,0,0,-0.0,0.0,0.0,-1.042676e-10,6.193725e-11,2.182787e-10,False,0.0,False
2015-12-08,CE02SHBP-LJ01D-07-VEL3DC108,2,True,2015-12-08T00:00:00Z,2015-12-08T23:59:51Z,86392,86392,0,1.0,1.0,1.0,-0.0,0,0,0,0,0.0,0.0,0.0,1.254235e-10,6.750391e-11,2.473826e-10,False,0.0,False
2015-12-09,CE02SHBP-LJ01D-07-VEL3DC108,2,True,2015-12-09T00:00:00Z,2015-12-09T23:59:52Z,86393,86393,0,1.0,1.0,1.0,-0.0,0,0,0,0,-0.0,0.0,1e-06,-3.057992e-10,1.783672e-10,6.111804e-10,False,0.0,False
2015-12-10,CE02SHBP-LJ01D-07-VEL3DC108,2,True,2015-12-10T00:00:00Z,2015-12-10T23:59:52Z,86393,86393,0,1.0,1.0,1.0,-0.0,0,0,0,0,-0.0,0.0,1e-06,-3.057992e-10,1.783672e-10,6.111804e-10,False,0.0,False
2015-12-11,CE02SHBP-LJ01D-07-VEL3DC108,2,True,2015-12-11T00:00:00Z,2015-12-11T23:59:05Z,86346,86346,0,1.0,1.0,1.0,0.0,0,0,0,0,-0.0,0.0,0.0,-3.955583e-11,2.087049e-11,7.275958e-11,False,0.0,False
2015-12-12,CE02SHBP-LJ01D-07-VEL3DC108,2,True,2015-12-12T00:00:00Z,2015-12-12T23:59:51Z,86392,86392,0,1.0,1.0,1.0,-0.0,0,0,0,0,0.0,0.0,0.0,1.254235e-10,6.750391e-11,2.473826e-10,False,0.0,False
2015-12-13,CE02SHBP-LJ01D-07-VEL3DC108,2,True,2015-12-13T00:00:00Z,2015-12-13T23:59:53Z,86394,86394,0,1.0,1.0,1.0,0.0,0,0,0,0,-0.0,0.0,1e-06,-3.792206e-10,2.141488e-10,7.421477e-10,False,0.0,False
2015-12-14,CE02SHBP-LJ01D-07-VEL3DC108,2,True,2015-12-14T00:00:00Z,2015-12-14T23:59:53Z,86394,86394,0,1.0,1.0,1.0,0.0,0,0,0,0,-0.0,0.0,1e-06,-3.792206e-10,2.141488e-10,7.421477e-10,False,0.0,False
2015-12-15,CE02SHBP-LJ01D-07-VEL3DC108,2,True,2015-12-15T00:00:00Z,2015-12-15T23:59:57Z,86398,86398,0,1.0,1.0,1.0,0.0,0,0,0,0,0.0,0.0,0.0,2.260374e-10,1.337608e-10,4.656613e-10,False,0.0,False
2015-12-16,CE02SHBP-LJ01D-07-VEL3DC108,2,True,2015-12-16T00:00:00Z,2015-12-16T23:59:51Z,86392,86392,0,1.0,1.0,1.0,-0.0,0,0,0,0,0.0,0.0,0.0,1.254235e-10,6.750391e-11,2.473826e-10,False,0.0,False
2015-12-17,CE02SHBP-LJ01D-07-VEL3DC108,2,True,2015-12-17T00:00:00Z,2015-12-17T23:59:06Z,86347,86347,0,1.0,1.0,1.0,0.0,0,0,0,0,-0.0,0.0,0.0,-2.119347e-10,1.208202e-10,4.220055e-10,False,0.0,False
2015-12-18,CE02SHBP-LJ01D-07-VEL3DC108,2,True,2015-12-18T00:00:00Z,2015-12-18T23:59:55Z,86396,86396,0,1.0,1.0,1.0,-0.0,0,0,0,0,-0.0,0.0,0.0,-1.042676e-10,6.193725e-11,2.182787e-10,False,0.0,False
2015-12-19,CE02SHBP-LJ01D-07-VEL3DC108,2,True,2015-12-19T00:00:00Z,2015-12-19T23:59:51Z,86392,86392,0,1.0,1.0,1.0,-0.0,0,0,0,0,0.0,0.0,0.0,1.254235e-10,6.750391e-11,2.473826e-10,False,0.0,False
2015-12-20,CE02SHBP-LJ01D-07-VEL3DC108,2,True,2015-12-20T00:00:00Z,2015-12-20T23:59:52Z,86393,86393,0,1.0,1.0,1.0,-0.0,0,0,0,0,-0.0,0.0,1e-06,-3.057992e-10,1.783672e-10,6.111804e-10,False,0.0,False
2015-12-21,CE02SHBP-LJ01D-07-VEL3DC108,2,True,2015-12-21T00:00:00Z,2015-12-21T23:59:51Z,86392,86392,0,1.0,1.0,1.0,-0.0,0,0,0,0,0.0,0.0,0.0,1.254235e-10,6.750391e-11,2.473826e-10,False,0.0,False
2015-12-22,CE02SHBP-LJ01D-07-VEL3DC108,2,True,2015-12-22T00:00:00Z,2015-12-22T23:59:50Z,86391,86391,0,1.0,1.0,1.0,0.0,0,0,0,0,-0.0,0.0,0.0,-1.726878e-10,9.959365e-11,3.49246e-10,False,0.0,False
2015-12-23,CE02SHBP-LJ01D-07-VEL3DC108,2,True,2015-12-23T00:00:00Z,2015-12-23T23:59:57Z,86398,86398,0,1.0,1.0,1.0,0.0,0,0,0,0,0.0,0.0,0.0,2.260374e-10,1.337608e-10,4.656613e-10,False,0.0,False
2015-12-24,CE02SHBP-LJ01D-07-VEL3DC108,2,True,2015-12-24T00:00:00Z,2015-12-24T23:59:50Z,86391,86391,0,1.0,1.0,1.0,0.0,0,0,0,0,-0.0,0.0,0.0,-1.726878e-10,9.959365e-11,3.49246e-10,False,0.0,False
2015-12-25,CE02SHBP-LJ01D-07-VEL3DC108,2,True,2015-12-25T00:00:00Z,2015-12-25T23:59:57Z,86398,86398,0,1.0,1.0,1.0,0.0,0,0,0,0,0.0,0.0,0.0,2.260374e-10,1.337608e-10,4.656613e-10,False,0.0,False
2015-12-26,CE02SHBP-LJ01D-07-VEL3DC108,2,True,2015-12-26T00:00:00Z,2015-12-26T23:59:54Z,86395,86395,0,1.0,1.0,1.0,0.0,0,0,0,0,-0.0,0.0,1e-06,-3.601443e-10,2.029711e-10,7.130438e-10,False,0.0,False
2015-12-27,CE02SHBP-LJ01D-07-VEL3DC108,2,True,2015-12-27T00:00:00Z,2015-12-27T23:59:51Z,86392,86392,0,1.0,1.0,1.0,-0.0,0,0,0,0,0.0,0.0,0.0,1.254235e-10,6.750391e-11,2.473826e-10,False,0.0,False
2015-12-28,CE02SHBP-LJ01D-07-VEL3DC108,2,True,2015-12-28T00:00:00Z,2015-12-28T23:59:51Z,86399,86392,0,1.0,1.0,0.999999995,0.000514117,0,0,0,0,-0.0,1.972565,20.352234,-2.722856e-10,0.001972565,0.02035223,False,0.020819,False
2015-12-29,CE02SHBP-LJ01D-07-VEL3DC108,2,True,2015-12-29T00:00:00Z,2015-12-29T23:59:55Z,86396,86396,0,1.0,1.0,1.0,-0.0,0,0,0,0,-0.0,0.0,0.0,-1.042676e-10,6.193725e-11,2.182787e-10,False,0.0,False
2015-12-30,CE02SHBP-LJ01D-07-VEL3DC108,2,True,2015-12-30T00:00:00Z,2015-12-30T23:59:53Z,86394,86394,0,1.0,1.0,1.0,0.0,0,0,0,0,-0.0,0.0,1e-06,-3.792206e-10,2.141488e-10,7.421477e-10,False,0.0,False
2015-12-31,CE02SHBP-LJ01D-07-VEL3DC108,2,True,2015-12-31T00:00:00Z,2015-12-31T23:59:55Z,86403,86396,0,1.0,1.0,0.999999976,-0.00085778,0,0,0,0,1e-06,9.180872,52.648766,5.380513e-10,0.009180872,0.05264877,False,0.054609,False
2016-01-01,CE02SHBP-LJ01D-07-VEL3DC108,2,True,2016-01-01T00:00:00Z,2016-01-01T23:59:59Z,86400,86400,0,1.0,1.0,1.0,0.0,0,0,0,0,-0.0,0.0,1e-06,-4.352338e-10,2.451816e-10,8.58563e-10,False,0.0,False
2016-01-02,CE02SHBP-LJ01D-07-VEL3DC108,2,True,2016-01-02T00:00:00Z,2016-01-02T23:59:56Z,86397,86397,0,1.0,1.0,1.0,-0.0,0,0,0,0,-0.0,0.0,0.0,-1.060337e-10,6.429039e-11,2.182787e-10,False,0.0,False
2016-01-03,CE02SHBP-LJ01D-07-VEL3DC108,2,True,2016-01-03T00:00:00Z,2016-01-03T23:59:52Z,86393,86393,0,1.0,1.0,1.0,-0.0,0,0,0,0,-0.0,0.0,1e-06,-3.057992e-10,1.783672e-10,6.111804e-10,False,0.0,False
2016-01-04,CE02SHBP-LJ01D-07-VEL3DC108,2,True,2016-01-04T00:00:00Z,2016-01-04T23:59:54Z,86395,86395,0,1.0,1.0,1.0,0.0,0,0,0,0,-0.0,0.0,1e-06,-3.601443e-10,2.029711e-10,7.130438e-10,False,0.0,False
2016-01-05,CE02SHBP-LJ01D-07-VEL3DC108,2,True,2016-01-05T00:00:00Z,2016-01-05T23:59:53Z,86394,86394,0,1.0,1.0,1.0,0.0,0,0,0,0,-0.0,0.0,1e-06,-3.792206e-10,2.141488e-10,7.421477e-10,False,0.0,False
2016-01-06,CE02SHBP-LJ01D-07-VEL3DC108,2,True,2016-01-06T00:00:00Z,2016-01-06T23:59:58Z,86399,86399,0,1.0,1.0,1.0,-0.0,0,0,0,0,0.0,0.0,0.0,2.304436e-10,1.325542e-10,4.656613e-10,False,0.0,False
2016-01-07,CE02SHBP-LJ01D-07-VEL3DC108,2,True,2016-01-07T00:00:00Z,2016-01-07T23:59:31Z,86059,86372,313,1.0,1.0,1.0,0.0,4,313,4,313,0.0,0.0,0.0,3.701516e-11,2.361791e-11,7.275958e-11,False,0.0,True
2016-01-08,CE02SHBP-LJ01D-07-VEL3DC108,2,True,2016-01-08T00:00:00Z,2016-01-08T23:59:51Z,86392,86392,0,1.0,1.0,1.0,-0.0,0,0,0,0,0.0,0.0,0.0,1.254235e-10,6.750391e-11,2.473826e-10,False,0.0,False
2016-01-09,CE02SHBP-LJ01D-07-VEL3DC108,2,True,2016-01-09T00:00:00Z,2016-01-09T23:59:52Z,86393,86393,0,1.0,1.0,1.0,-0.0,0,0,0,0,-0.0,0.0,1e-06,-3.057992e-10,1.783672e-10,6.111804e-10,False,0.0,False
2016-01-10,CE02SHBP-LJ01D-07-VEL3DC108,2,True,2016-01-10T00:00:00Z,2016-01-10T23:59:54Z,86395,86395,0,1.0,1.0,1.0,0.0,0,0,0,0,-0.0,0.0,1e-06,-3.601443e-10,2.029711e-10,7.130438e-10,False,0.0,False
2016-01-11,CE02SHBP-LJ01D-07-VEL3DC108,2,True,2016-01-11T00:00:00Z,2016-01-11T23:59:52Z,86393,86393,0,1.0,1.0,1.0,-0.0,0,0,0,0,-0.0,0.0,1e-06,-3.057992e-10,1.783672e-10,6.111804e-10,False,0.0,False
2016-01-12,CE02SHBP-LJ01D-07-VEL3DC108,2,True,2016-01-12T00:00:00Z,2016-01-12T23:59:55Z,86396,86396,0,1.0,1.0,1.0,-0.0,0,0,0,0,-0.0,0.0,0.0,-1.042676e-10,6.193725e-11,2.182787e-10,False,0.0,False
2016-01-13,CE02SHBP-LJ01D-07-VEL3DC108,2,True,2016-01-13T00:00:00Z,2016-01-13T23:59:50Z,86391,86391,0,1.0,1.0,1.0,0.0,0,0,0,0,-0.0,0.0,0.0,-1.726878e-10,9.959365e-11,3.49246e-10,False,0.0,False
2016-01-14,CE02SHBP-LJ01D-07-VEL3DC108,2,True,2016-01-14T00:00:00Z,2016-01-14T23:59:52Z,86393,86393,0,1.0,1.0,1.0,-0.0,0,0,0,0,-0.0,0.0,1e-06,-3.057992e-10,1.783672e-10,6.111804e-10,False,0.0,False
2016-01-15,CE02SHBP-LJ01D-07-VEL3DC108,2,True,2016-01-15T00:00:00Z,2016-01-15T23:59:54Z,86395,86395,0,1.0,1.0,1.0,0.0,0,0,0,0,-0.0,0.0,1e-06,-3.601443e-10,2.029711e-10,7.130438e-10,False,0.0,False
2016-01-16,CE02SHBP-LJ01D-07-VEL3DC108,2,True,2016-01-16T00:00:00Z,2016-01-16T23:59:55Z,86396,86396,0,1.0,1.0,1.0,-0.0,0,0,0,0,-0.0,0.0,0.0,-1.042676e-10,6.193725e-11,2.182787e-10,False,0.0,False
2016-01-17,CE02SHBP-LJ01D-07-VEL3DC108,2,True,2016-01-17T00:00:00Z,2016-01-17T23:59:53Z,86394,86394,0,1.0,1.0,1.0,0.0,0,0,0,0,-0.0,0.0,1e-06,-3.792206e-10,2.141488e-10,7.421477e-10,False,0.0,False
2016-01-18,CE02SHBP-LJ01D-07-VEL3DC108,2,True,2016-01-18T00:00:00Z,2016-01-18T23:59:51Z,86392,86392,0,1.0,1.0,1.0,-0.0,0,0,0,0,0.0,0.0,0.0,1.254235e-10,6.750391e-11,2.473826e-10,False,0.0,False
2016-01-19,CE02SHBP-LJ01D-07-VEL3DC108,2,True,2016-01-19T00:00:00Z,2016-01-19T23:59:55Z,86396,86396,0,1.0,1.0,1.0,-0.0,0,0,0,0,-0.0,0.0,0.0,-1.042676e-10,6.193725e-11,2.182787e-10,False,0.0,False
2016-01-20,CE02SHBP-LJ01D-07-VEL3DC108,2,True,2016-01-20T00:00:00Z,2016-01-20T23:59:07Z,86348,86348,0,1.0,1.0,1.0,-0.0,0,0,0,0,0.0,0.0,0.0,2.113569e-10,1.17558e-10,4.220055e-10,False,0.0,False
2016-01-21,CE02SHBP-LJ01D-07-VEL3DC108,2,True,2016-01-21T00:00:00Z,2016-01-21T23:59:51Z,86392,86392,0,1.0,1.0,1.0,-0.0,0,0,0,0,0.0,0.0,0.0,1.254235e-10,6.750391e-11,2.473826e-10,False,0.0,False
2016-01-22,CE02SHBP-LJ01D-07-VEL3DC108,2,True,2016-01-22T00:00:00Z,2016-01-22T23:59:51Z,86392,86392,0,1.0,1.0,1.0,-0.0,0,0,0,0,0.0,0.0,0.0,1.254235e-10,6.750391e-11,2.473826e-10,False,0.0,False
2016-01-23,CE02SHBP-LJ01D-07-VEL3DC108,2,True,2016-01-23T00:00:00Z,2016-01-23T23:59:56Z,86397,86397,0,1.0,1.0,1.0,-0.0,0,0,0,0,-0.0,0.0,0.0,-1.060337e-10,6.429039e-11,2.182787e-10,False,0.0,False
2016-01-24,CE02SHBP-LJ01D-07-VEL3DC108,2,True,2016-01-24T00:00:00Z,2016-01-24T23:59:53Z,86394,86394,0,1.0,1.0,1.0,0.0,0,0,0,0,-0.0,0.0,1e-06,-3.792206e-10,2.141488e-10,7.421477e-10,False,0.0,False
2016-01-25,CE02SHBP-LJ01D-07-VEL3DC108,2,True,2016-01-25T00:00:00Z,2016-01-25T23:59:04Z,86345,86345,0,1.0,1.0,1.0,0.0,0,0,0,0,-0.0,0.0,0.0,-7.766321e-11,4.304537e-11,1.600711e-10,False,0.0,False
2016-01-26,CE02SHBP-LJ01D-07-VEL3DC108,2,True,2016-01-26T00:00:00Z,2016-01-26T23:59:52Z,86393,86393,0,1.0,1.0,1.0,-0.0,0,0,0,0,-0.0,0.0,1e-06,-3.057992e-10,1.783672e-10,6.111804e-10,False,0.0,False
2016-01-27,CE02SHBP-LJ01D-07-VEL3DC108,2,True,2016-01-27T00:00:00Z,2016-01-27T23:59:52Z,86393,86393,0,1.0,1.0,1.0,-0.0,0,0,0,0,-0.0,0.0,1e-06,-3.057992e-10,1.783672e-10,6.111804e-10,False,0.0,False
2016-01-28,CE02SHBP-LJ01D-07-VEL3DC108,2,True,2016-01-28T00:00:00Z,2016-01-28T23:59:54Z,86395,86395,0,1.0,1.0,1.0,0.0,0,0,0,0,-0.0,0.0,1e-06,-3.601443e-10,2.029711e-10,7.130438e-10,False,0.0,False
2016-01-29,CE02SHBP-LJ01D-07-VEL3DC108,2,True,2016-01-29T00:00:00Z,2016-01-29T23:59:51Z,86392,86392,0,1.0,1.0,1.0,-0.0,0,0,0,0,0.0,0.0,0.0,1.254235e-10,6.750391e-11,2.473826e-10,False,0.0,False
2016-01-30,CE02SHBP-LJ01D-07-VEL3DC108,2,True,2016-01-30T00:00:00Z,2016-01-30T20:07:29Z,72450,72450,0,1.0,1.0,1.0,-0.0,0,0,0,0,1e-06,0.0,1e-06,7.077728e-10,4.05082e-10,1.411536e-09,False,0.0,False
2016-01-31,CE02SHBP-LJ01D-07-VEL3DC108,2,True,2016-01-31T02:31:00Z,2016-01-31T23:59:00Z,77281,77281,0,1.0,1.0,1.0,-0.0,0,0,0,0,-0.0,0.0,0.0,-1.675756e-11,9.571607e-12,2.910383e-11,False,0.0,False
2016-02-01,CE02SHBP-LJ01D-07-VEL3DC108,2,True,2016-02-01T00:00:00Z,2016-02-01T23:59:51Z,86392,86392,0,1.0,1.0,1.0,-0.0,0,0,0,0,0.0,0.0,0.0,1.254235e-10,6.750391e-11,2.473826e-10,False,0.0,False
2016-02-02,CE02SHBP-LJ01D-07-VEL3DC108,2,True,2016-02-02T00:00:00Z,2016-02-02T23:59:55Z,86396,86396,0,1.0,1.0,1.0,-0.0,0,0,0,0,-0.0,0.0,0.0,-1.042676e-10,6.193725e-11,2.182787e-10,False,0.0,False
2016-02-03,CE02SHBP-LJ01D-07-VEL3DC108,2,True,2016-02-03T00:00:00Z,2016-02-03T23:59:52Z,86393,86393,0,1.0,1.0,1.0,-0.0,0,0,0,0,-0.0,0.0,1e-06,-3.057992e-10,1.783672e-10,6.111804e-10,False,0.0,False
2016-02-04,CE02SHBP-LJ01D-07-VEL3DC108,2,True,2016-02-04T00:00:00Z,2016-02-04T23:59:52Z,86393,86393,0,1.0,1.0,1.0,-0.0,0,0,0,0,-0.0,0.0,1e-06,-3.057992e-10,1.783672e-10,6.111804e-10,False,0.0,False
2016-02-05,CE02SHBP-LJ01D-07-VEL3DC108,2,True,2016-02-05T00:00:00Z,2016-02-05T23:59:58Z,86399,86399,0,1.0,1.0,1.0,-0.0,0,0,0,0,0.0,0.0,0.0,2.304436e-10,1.325542e-10,4.656613e-10,False,0.0,False
2016-02-06,CE02SHBP-LJ01D-07-VEL3DC108,2,True,2016-02-06T00:00:00Z,2016-02-06T23:59:50Z,86391,86391,0,1.0,1.0,1.0,0.0,0,0,0,0,-0.0,0.0,0.0,-1.726878e-10,9.959365e-11,3.49246e-10,False,0.0,False
2016-02-07,CE02SHBP-LJ01D-07-VEL3DC108,2,True,2016-02-07T00:00:00Z,2016-02-07T23:59:52Z,86393,86393,0,1.0,1.0,1.0,-0.0,0,0,0,0,-0.0,0.0,1e-06,-3.057992e-10,1.783672e-10,6.111804e-10,False,0.0,False
2016-02-08,CE02SHBP-LJ01D-07-VEL3DC108,2,True,2016-02-08T00:00:00Z,2016-02-08T23:59:52Z,86393,86393,0,1.0,1.0,1.0,-0.0,0,0,0,0,-0.0,0.0,1e-06,-3.057992e-10,1.783672e-10,6.111804e-10,False,0.0,False
2016-02-09,CE02SHBP-LJ01D-07-VEL3DC108,2,True,2016-02-09T00:00:00Z,2016-02-09T23:59:53Z,86394,86394,0,1.0,1.0,1.0,0.0,0,0,0,0,-0.0,0.0,1e-06,-3.792206e-10,2.141488e-10,7.421477e-10,False,0.0,False
2016-02-10,CE02SHBP-LJ01D-07-VEL3DC108,2,True,2016-02-10T00:00:00Z,2016-02-10T23:59:58Z,86399,86399,0,1.0,1.0,1.0,-0.0,0,0,0,0,0.0,0.0,0.0,2.304436e-10,1.325542e-10,4.656613e-10,False,0.0,False
2016-02-11,CE02SHBP-LJ01D-07-VEL3DC108,2,True,2016-02-11T00:00:00Z,2016-02-11T23:59:52Z,86393,86393,0,1.0,1.0,1.0,-0.0,0,0,0,0,-0.0,0.0,1e-06,-3.057992e-10,1.783672e-10,6.111804e-10,False,0.0,False
2016-02-12,CE02SHBP-LJ01D-07-VEL3DC108,2,True,2016-02-12T00:00:00Z,2016-02-12T23:59:51Z,86392,86392,0,1.0,1.0,1.0,-0.0,0,0,0,0,0.0,0.0,0.0,1.254235e-10,6.750391e-11,2.473826e-10,False,0.0,False
2016-02-13,CE02SHBP-LJ01D-07-VEL3DC108,2,True,2016-02-13T00:00:00Z,2016-02-13T23:59:05Z,86346,86346,0,1.0,1.0,1.0,0.0,0,0,0,0,-0.0,0.0,0.0,-3.955583e-11,2.087049e-11,7.275958e-11,False,0.0,False
2016-02-14,CE02SHBP-LJ01D-07-VEL3DC108,2,True,2016-02-14T00:00:00Z,2016-02-14T23:59:53Z,86394,86394,0,1.0,1.0,1.0,0.0,0,0,0,0,-0.0,0.0,1e-06,-3.792206e-10,2.141488e-10,7.421477e-10,False,0.0,False
2016-02-15,CE02SHBP-LJ01D-07-VEL3DC108,2,True,2016-02-15T00:00:00Z,2016-02-15T23:59:51Z,86392,86392,0,1.0,1.0,1.0,-0.0,0,0,0,0,0.0,0.0,0.0,1.254235e-10,6.750391e-11,2.473826e-10,False,0.0,False
2016-02-16,CE02SHBP-LJ01D-07-VEL3DC108,2,True,2016-02-16T00:00:00Z,2016-02-16T23:59:51Z,86392,86392,0,1.0,1.0,1.0,-0.0,0,0,0,0,0.0,0.0,0.0,1.254235e-10,6.750391e-11,2.473826e-10,False,0.0,False
2016-02-17,CE02SHBP-LJ01D-07-VEL3DC108,2,True,2016-02-17T00:00:00Z,2016-02-17T23:59:51Z,86392,86392,0,1.0,1.0,1.0,-0.0,0,0,0,0,0.0,0.0,0.0,1.254235e-10,6.750391e-11,2.473826e-10,False,0.0,False
2016-02-18,CE02SHBP-LJ01D-07-VEL3DC108,2,True,2016-02-18T00:00:00Z,2016-02-18T23:59:53Z,86394,86394,0,1.0,1.0,1.0,0.0,0,0,0,0,-0.0,0.0,1e-06,-3.792206e-10,2.141488e-10,7.421477e-10,False,0.0,False
2016-02-19,CE02SHBP-LJ01D-07-VEL3DC108,2,True,2016-02-19T00:00:00Z,2016-02-19T23:59:54Z,86395,86395,0,1.0,1.0,1.0,0.0,0,0,0,0,-0.0,0.0,1e-06,-3.601443e-10,2.029711e-10,7.130438e-10,False,0.0,False
2016-02-20,CE02SHBP-LJ01D-07-VEL3DC108,2,True,2016-02-20T00:00:00Z,2016-02-20T23:59:52Z,86393,86393,0,1.0,1.0,1.0,-0.0,0,0,0,0,-0.0,0.0,1e-06,-3.057992e-10,1.783672e-10,6.111804e-10,False,0.0,False
2016-02-21,CE02SHBP-LJ01D-07-VEL3DC108,2,True,2016-02-21T00:00:00Z,2016-02-21T23:59:53Z,86394,86394,0,1.0,1.0,1.0,0.0,0,0,0,0,-0.0,0.0,1e-06,-3.792206e-10,2.141488e-10,7.421477e-10,False,0.0,False
2016-02-22,CE02SHBP-LJ01D-07-VEL3DC108,2,True,2016-02-22T00:00:00Z,2016-02-22T23:59:08Z,86349,86349,0,1.0,1.0,1.0,0.0,0,0,0,0,-0.0,0.0,1e-06,-3.557974e-10,2.037008e-10,7.130438e-10,False,0.0,False
2016-02-23,CE02SHBP-LJ01D-07-VEL3DC108,2,True,2016-02-23T00:00:00Z,2016-02-23T23:59:50Z,86391,86391,0,1.0,1.0,1.0,0.0,0,0,0,0,-0.0,0.0,0.0,-1.726878e-10,9.959365e-11,3.49246e-10,False,0.0,False
2016-02-24,CE02SHBP-LJ01D-07-VEL3DC108,2,True,2016-02-24T00:00:00Z,2016-02-24T23:59:52Z,86393,86393,0,1.0,1.0,1.0,-0.0,0,0,0,0,-0.0,0.0,1e-06,-3.057992e-10,1.783672e-10,6.111804e-10,False,0.0,False
2016-02-25,CE02SHBP-LJ01D-07-VEL3DC108,2,True,2016-02-25T00:00:00Z,2016-02-25T23:59:51Z,86392,86392,0,1.0,1.0,1.0,-0.0,0,0,0,0,0.0,0.0,0.0,1.254235e-10,6.750391e-11,2.473826e-10,False,0.0,False
2016-02-26,CE02SHBP-LJ01D-07-VEL3DC108,2,True,2016-02-26T00:00:00Z,2016-02-26T23:59:53Z,86394,86394,0,1.0,1.0,1.0,0.0,0,0,0,0,-0.0,0.0,1e-06,-3.792206e-10,2.141488e-10,7.421477e-10,False,0.0,False
2016-02-27,CE02SHBP-LJ01D-07-VEL3DC108,2,True,2016-02-27T00:00:00Z,2016-02-27T23:59:16Z,86346,86357,11,1.0,1.0,1.0,0.0,1,11,1,11,0.0,0.0,0.0,7.189219e-12,4.725311e-12,1.455192e-11,False,0.0,True
2016-02-28,CE02SHBP-LJ01D-07-VEL3DC108,2,True,2016-02-28T00:00:00Z,2016-02-28T23:59:52Z,86393,86393,0,1.0,1.0,1.0,-0.0,0,0,0,0,-0.0,0.0,1e-06,-3.057992e-10,1.783672e-10,6.111804e-10,False,0.0,False
2016-02-29,CE02SHBP-LJ01D-07-VEL3DC108,2,True,2016-02-29T00:00:00Z,2016-02-29T23:59:51Z,86392,86392,0,1.0,1.0,1.0,-0.0,0,0,0,0,0.0,0.0,0.0,1.254235e-10,6.750391e-11,2.473826e-10,False,0.0,False
2016-03-01,CE02SHBP-LJ01D-07-VEL3DC108,2,True,2016-03-01T00:00:00Z,2016-03-01T23:59:52Z,86393,86393,0,1.0,1.0,1.0,-0.0,0,0,0,0,-0.0,0.0,1e-06,-3.057992e-10,1.783672e-10,6.111804e-10,False,0.0,False
2016-03-02,CE02SHBP-LJ01D-07-VEL3DC108,2,True,2016-03-02T00:00:00Z,2016-03-02T23:59:51Z,86392,86392,0,1.0,1.0,1.0,-0.0,0,0,0,0,0.0,0.0,0.0,1.254235e-10,6.750391e-11,2.473826e-10,False,0.0,False
2016-03-03,CE02SHBP-LJ01D-07-VEL3DC108,2,True,2016-03-03T00:00:00Z,2016-03-03T23:59:58Z,86399,86399,0,1.0,1.0,1.0,-0.0,0,0,0,0,0.0,0.0,0.0,2.304436e-10,1.325542e-10,4.656613e-10,False,0.0,False
2016-03-04,CE02SHBP-LJ01D-07-VEL3DC108,2,True,2016-03-04T00:00:00Z,2016-03-04T23:59:52Z,86393,86393,0,1.0,1.0,1.0,-0.0,0,0,0,0,-0.0,0.0,1e-06,-3.057992e-10,1.783672e-10,6.111804e-10,False,0.0,False
2016-03-05,CE02SHBP-LJ01D-07-VEL3DC108,2,True,2016-03-05T00:00:00Z,2016-03-05T23:59:54Z,86395,86395,0,1.0,1.0,1.0,0.0,0,0,0,0,-0.0,0.0,1e-06,-3.601443e-10,2.029711e-10,7.130438e-10,False,0.0,False
2016-03-06,CE02SHBP-LJ01D-07-VEL3DC108,2,True,2016-03-06T00:00:00Z,2016-03-06T23:59:51Z,86392,86392,0,1.0,1.0,1.0,-0.0,0,0,0,0,0.0,0.0,0.0,1.254235e-10,6.750391e-11,2.473826e-10,False,0.0,False
2016-03-07,CE02SHBP-LJ01D-07-VEL3DC108,2,True,2016-03-07T00:00:00Z,2016-03-07T23:59:51Z,86392,86392,0,1.0,1.0,1.0,-0.0,0,0,0,0,0.0,0.0,0.0,1.254235e-10,6.750391e-11,2.473826e-10,False,0.0,False
2016-03-08,CE02SHBP-LJ01D-07-VEL3DC108,2,True,2016-03-08T00:00:00Z,2016-03-08T23:59:05Z,86346,86346,0,1.0,1.0,1.0,0.0,0,0,0,0,-0.0,0.0,0.0,-3.955583e-11,2.087049e-11,7.275958e-11,False,0.0,False
2016-03-09,CE02SHBP-LJ01D-07-VEL3DC108,2,True,2016-03-09T00:00:00Z,2016-03-09T23:59:52Z,86393,86393,0,1.0,1.0,1.0,-0.0,0,0,0,0,-0.0,0.0,1e-06,-3.057992e-10,1.783672e-10,6.111804e-10,False,0.0,False
2016-03-10,CE02SHBP-LJ01D-07-VEL3DC108,2,True,2016-03-10T00:00:00Z,2016-03-10T23:06:15Z,83176,83176,0,1.0,1.0,1.0,0.0,0,0,0,0,0.0,0.0,1e-06,3.693423e-10,2.133073e-10,7.421477e-10,False,0.0,False
2016-03-11,CE02SHBP-LJ01D-07-VEL3DC108,2,True,2016-03-11T07:33:00Z,2016-03-11T23:59:09Z,59170,59170,0,1.0,1.0,1.0,-0.0,0,0,0,0,0.0,0.0,1e-06,3.651713e-10,2.06891e-10,7.203198e-10,False,0.0,False
2016-03-12,CE02SHBP-LJ01D-07-VEL3DC108,2,True,2016-03-12T00:00:00Z,2016-03-12T23:59:51Z,86392,86392,0,1.0,1.0,1.0,-0.0,0,0,0,0,0.0,0.0,0.0,1.254235e-10,6.750391e-11,2.473826e-10,False,0.0,False
2016-03-13,CE02SHBP-LJ01D-07-VEL3DC108,2,True,2016-03-13T00:00:00Z,2016-03-13T23:59:57Z,86398,86398,0,1.0,1.0,1.0,0.0,0,0,0,0,0.0,0.0,0.0,2.260374e-10,1.337608e-10,4.656613e-10,False,0.0,False
2016-03-14,CE02SHBP-LJ01D-07-VEL3DC108,2,True,2016-03-14T00:00:00Z,2016-03-14T23:59:52Z,86393,86393,0,1.0,1.0,1.0,-0.0,0,0,0,0,-0.0,0.0,1e-06,-3.057992e-10,1.783672e-10,6.111804e-10,False,0.0,False
2016-03-15,CE02SHBP-LJ01D-07-VEL3DC108,2,True,2016-03-15T00:00:00Z,2016-03-15T23:59:06Z,86347,86347,0,1.0,1.0,1.0,0.0,0,0,0,0,-0.0,0.0,0.0,-2.119347e-10,1.208202e-10,4.220055e-10,False,0.0,False
2016-03-16,CE02SHBP-LJ01D-07-VEL3DC108,2,True,2016-03-16T00:00:00Z,2016-03-16T23:59:51Z,86392,86392,0,1.0,1.0,1.0,-0.0,0,0,0,0,0.0,0.0,0.0,1.254235e-10,6.750391e-11,2.473826e-10,False,0.0,False
2016-03-17,CE02SHBP-LJ01D-07-VEL3DC108,2,True,2016-03-17T00:00:00Z,2016-03-17T23:59:53Z,86394,86394,0,1.0,1.0,1.0,0.0,0,0,0,0,-0.0,0.0,1e-06,-3.792206e-10,2.141488e-10,7.421477e-10,False,0.0,False
2016-03-18,CE02SHBP-LJ01D-07-VEL3DC108,2,True,2016-03-18T00:00:00Z,2016-03-18T23:59:56Z,86397,86397,0,1.0,1.0,1.0,-0.0,0,0,0,0,-0.0,0.0,0.0,-1.060337e-10,6.429039e-11,2.182787e-10,False,0.0,False
2016-03-19,CE02SHBP-LJ01D-07-VEL3DC108,2,True,2016-03-19T00:00:00Z,2016-03-19T23:59:54Z,86395,86395,0,1.0,1.0,1.0,0.0,0,0,0,0,-0.0,0.0,1e-06,-3.601443e-10,2.029711e-10,7.130438e-10,False,0.0,False
2016-03-20,CE02SHBP-LJ01D-07-VEL3DC108,2,True,2016-03-20T00:00:00Z,2016-03-20T23:59:51Z,86392,86392,0,1.0,1.0,1.0,-0.0,0,0,0,0,0.0,0.0,0.0,1.254235e-10,6.750391e-11,2.473826e-10,False,0.0,False
2016-03-21,CE02SHBP-LJ01D-07-VEL3DC108,2,True,2016-03-21T00:00:00Z,2016-03-21T23:59:53Z,86394,86394,0,1.0,1.0,1.0,0.0,0,0,0,0,-0.0,0.0,1e-06,-3.792206e-10,2.141488e-10,7.421477e-10,False,0.0,False
2016-03-22,CE02SHBP-LJ01D-07-VEL3DC108,2,True,2016-03-22T00:00:00Z,2016-03-22T23:59:08Z,86349,86349,0,1.0,1.0,1.0,0.0,0,0,0,0,-0.0,0.0,1e-06,-3.557974e-10,2.037008e-10,7.130438e-10,False,0.0,False
2016-03-23,CE02SHBP-LJ01D-07-VEL3DC108,2,True,2016-03-23T00:00:00Z,2016-03-23T23:59:05Z,86346,86346,0,1.0,1.0,1.0,0.0,0,0,0,0,-0.0,0.0,0.0,-3.955583e-11,2.087049e-11,7.275958e-11,False,0.0,False
2016-03-24,CE02SHBP-LJ01D-07-VEL3DC108,2,True,2016-03-24T00:00:00Z,2016-03-24T23:59:50Z,86391,86391,0,1.0,1.0,1.0,0.0,0,0,0,0,-0.0,0.0,0.0,-1.726878e-10,9.959365e-11,3.49246e-10,False,0.0,False
2016-03-25,CE02SHBP-LJ01D-07-VEL3DC108,2,True,2016-03-25T00:00:00Z,2016-03-25T23:59:50Z,86391,86391,0,1.0,1.0,1.0,0.0,0,0,0,0,-0.0,0.0,0.0,-1.726878e-10,9.959365e-11,3.49246e-10,False,0.0,False
2016-03-26,CE02SHBP-LJ01D-07-VEL3DC108,2,True,2016-03-26T00:00:00Z,2016-03-26T23:59:53Z,86394,86394,0,1.0,1.0,1.0,0.0,0,0,0,0,-0.0,0.0,1e-06,-3.792206e-10,2.141488e-10,7.421477e-10,False,0.0,False
2016-03-27,CE02SHBP-LJ01D-07-VEL3DC108,2,True,2016-03-27T00:00:00Z,2016-03-27T23:59:52Z,86393,86393,0,1.0,1.0,1.0,-0.0,0,0,0,0,-0.0,0.0,1e-06,-3.057992e-10,1.783672e-10,6.111804e-10,False,0.0,False
2016-03-28,CE02SHBP-LJ01D-07-VEL3DC108,2,True,2016-03-28T00:00:00Z,2016-03-28T23:59:52Z,86393,86393,0,1.0,1.0,1.0,-0.0,0,0,0,0,-0.0,0.0,1e-06,-3.057992e-10,1.783672e-10,6.111804e-10,False,0.0,False
2016-03-29,CE02SHBP-LJ01D-07-VEL3DC108,2,True,2016-03-29T00:00:00Z,2016-03-29T23:59:56Z,86397,86397,0,1.0,1.0,1.0,-0.0,0,0,0,0,-0.0,0.0,0.0,-1.060337e-10,6.429039e-11,2.182787e-10,False,0.0,False
2016-03-30,CE02SHBP-LJ01D-07-VEL3DC108,2,True,2016-03-30T00:00:00Z,2016-03-30T22:54:57Z,82498,82498,0,1.0,1.0,1.0,0.0,0,0,0,0,-0.0,0.0,0.0,-1.519104e-10,7.941838e-11,2.910383e-10,False,0.0,False
2016-03-31,CE02SHBP-LJ01D-07-VEL3DC108,2,False,,,0,0,,1.0,,,,,,,,,,,,,,,,False
2016-04-01,CE02SHBP-LJ01D-07-VEL3DC108,2,False,,,0,0,,1.0,,,,,,,,,,,,,,,,False
2016-04-02,CE02SHBP-LJ01D-07-VEL3DC108,2,False,,,0,0,,1.0,,,,,,,,,,,,,,,,False
2016-04-03,CE02SHBP-LJ01D-07-VEL3DC108,2,False,,,0,0,,1.0,,,,,,,,,,,,,,,,False
2016-04-04,CE02SHBP-LJ01D-07-VEL3DC108,2,False,,,0,0,,1.0,,,,,,,,,,,,,,,,False
2016-04-05,CE02SHBP-LJ01D-07-VEL3DC108,2,False,,,0,0,,1.0,,,,,,,,,,,,,,,,False
2016-04-06,CE02SHBP-LJ01D-07-VEL3DC108,2,False,,,0,0,,1.0,,,,,,,,,,,,,,,,False
2016-04-07,CE02SHBP-LJ01D-07-VEL3DC108,2,False,,,0,0,,1.0,,,,,,,,,,,,,,,,False
2016-04-08,CE02SHBP-LJ01D-07-VEL3DC108,2,False,,,0,0,,1.0,,,,,,,,,,,,,,,,False
2016-04-09,CE02SHBP-LJ01D-07-VEL3DC108,2,False,,,0,0,,1.0,,,,,,,,,,,,,,,,False
2016-04-10,CE02SHBP-LJ01D-07-VEL3DC108,2,False,,,0,0,,1.0,,,,,,,,,,,,,,,,False
2016-04-11,CE02SHBP-LJ01D-07-VEL3DC108,2,False,,,0,0,,1.0,,,,,,,,,,,,,,,,False
2016-04-12,CE02SHBP-LJ01D-07-VEL3DC108,2,False,,,0,0,,1.0,,,,,,,,,,,,,,,,False
2016-04-13,CE02SHBP-LJ01D-07-VEL3DC108,2,False,,,0,0,,1.0,,,,,,,,,,,,,,,,False
2016-04-14,CE02SHBP-LJ01D-07-VEL3DC108,2,False,,,0,0,,1.0,,,,,,,,,,,,,,,,False
2016-04-15,CE02SHBP-LJ01D-07-VEL3DC108,2,False,,,0,0,,1.0,,,,,,,,,,,,,,,,False
2016-04-16,CE02SHBP-LJ01D-07-VEL3DC108,2,False,,,0,0,,1.0,,,,,,,,,,,,,,,,False
2016-04-17,CE02SHBP-LJ01D-07-VEL3DC108,2,False,,,0,0,,1.0,,,,,,,,,,,,,,,,False
2016-04-18,CE02SHBP-LJ01D-07-VEL3DC108,2,False,,,0,0,,1.0,,,,,,,,,,,,,,,,False
2016-04-19,CE02SHBP-LJ01D-07-VEL3DC108,2,False,,,0,0,,1.0,,,,,,,,,,,,,,,,False
2016-04-20,CE02SHBP-LJ01D-07-VEL3DC108,2,False,,,0,0,,1.0,,,,,,,,,,,,,,,,False
2016-04-21,CE02SHBP-LJ01D-07-VEL3DC108,2,False,,,0,0,,1.0,,,,,,,,,,,,,,,,False
2016-04-22,CE02SHBP-LJ01D-07-VEL3DC108,2,False,,,0,0,,1.0,,,,,,,,,,,,,,,,False
2016-04-23,CE02SHBP-LJ01D-07-VEL3DC108,2,False,,,0,0,,1.0,,,,,,,,,,,,,,,,False
2016-04-24,CE02SHBP-LJ01D-07-VEL3DC108,2,False,,,0,0,,1.0,,,,,,,,,,,,,,,,False
2016-04-25,CE02SHBP-LJ01D-07-VEL3DC108,2,False,,,0,0,,1.0,,,,,,,,,,,,,,,,False
2016-04-26,CE02SHBP-LJ01D-07-VEL3DC108,2,False,,,0,0,,1.0,,,,,,,,,,,,,,,,False
2016-04-27,CE02SHBP-LJ01D-07-VEL3DC108,2,False,,,0,0,,1.0,,,,,,,,,,,,,,,,False
2016-04-28,CE02SHBP-LJ01D-07-VEL3DC108,2,False,,,0,0,,1.0,,,,,,,,,,,,,,,,False
2016-04-29,CE02SHBP-LJ01D-07-VEL3DC108,2,True,2016-04-29T09:18:20Z,2016-04-29T23:59:51Z,52892,52892,0,1.0,1.0,1.0,-0.0,0,0,0,0,-0.0,0.0,0.0,-9.342023e-11,5.489647e-11,1.891749e-10,False,0.0,False
2016-04-30,CE02SHBP-LJ01D-07-VEL3DC108,2,True,2016-04-30T00:00:00Z,2016-04-30T23:59:54Z,86395,86395,0,1.0,1.0,1.0,0.0,0,0,0,0,-0.0,0.0,1e-06,-3.601443e-10,2.029711e-10,7.130438e-10,False,0.0,False
2016-05-01,CE02SHBP-LJ01D-07-VEL3DC108,2,True,2016-05-01T00:00:00Z,2016-05-01T23:59:53Z,86394,86394,0,1.0,1.0,1.0,0.0,0,0,0,0,-0.0,0.0,1e-06,-3.792206e-10,2.141488e-10,7.421477e-10,False,0.0,False
2016-05-02,CE02SHBP-LJ01D-07-VEL3DC108,2,True,2016-05-02T00:00:00Z,2016-05-02T23:59:53Z,86394,86394,0,1.0,1.0,1.0,0.0,0,0,0,0,-0.0,0.0,1e-06,-3.792206e-10,2.141488e-10,7.421477e-10,False,0.0,False
2016-05-03,CE02SHBP-LJ01D-07-VEL3DC108,2,True,2016-05-03T00:00:00Z,2016-05-03T23:59:57Z,86398,86398,0,1.0,1.0,1.0,0.0,0,0,0,0,0.0,0.0,0.0,2.260374e-10,1.337608e-10,4.656613e-10,False,0.0,False
2016-05-04,CE02SHBP-LJ01D-07-VEL3DC108,2,True,2016-05-04T00:00:00Z,2016-05-04T23:59:52Z,86393,86393,0,1.0,1.0,1.0,-0.0,0,0,0,0,-0.0,0.0,1e-06,-3.057992e-10,1.783672e-10,6.111804e-10,False,0.0,False
2016-05-05,CE02SHBP-LJ01D-07-VEL3DC108,2,True,2016-05-05T00:00:00Z,2016-05-05T23:59:08Z,86349,86349,0,1.0,1.0,1.0,0.0,0,0,0,0,-0.0,0.0,1e-06,-3.557974e-10,2.037008e-10,7.130438e-10,False,0.0,False
2016-05-06,CE02SHBP-LJ01D-07-VEL3DC108,2,True,2016-05-06T00:00:00Z,2016-05-06T23:59:52Z,86393,86393,0,1.0,1.0,1.0,-0.0,0,0,0,0,-0.0,0.0,1e-06,-3.057992e-10,1.783672e-10,6.111804e-10,False,0.0,False
2016-05-07,CE02SHBP-LJ01D-07-VEL3DC108,2,True,2016-05-07T00:00:00Z,2016-05-07T23:59:51Z,86392,86392,0,1.0,1.0,1.0,-0.0,0,0,0,0,0.0,0.0,0.0,1.254235e-10,6.750391e-11,2.473826e-10,False,0.0,False
2016-05-08,CE02SHBP-LJ01D-07-VEL3DC108,2,True,2016-05-08T00:00:00Z,2016-05-08T23:59:53Z,86394,86394,0,1.0,1.0,1.0,0.0,0,0,0,0,-0.0,0.0,1e-06,-3.792206e-10,2.141488e-10,7.421477e-10,False,0.0,False
2016-05-09,CE02SHBP-LJ01D-07-VEL3DC108,2,True,2016-05-09T00:00:00Z,2016-05-09T23:59:57Z,86398,86398,0,1.0,1.0,1.0,0.0,0,0,0,0,0.0,0.0,0.0,2.260374e-10,1.337608e-10,4.656613e-10,False,0.0,False
2016-05-10,CE02SHBP-LJ01D-07-VEL3DC108,2,True,2016-05-10T00:00:00Z,2016-05-10T23:59:14Z,86355,86355,0,1.0,1.0,1.0,-0.0,0,0,0,0,-0.0,0.0,0.0,-2.395979e-10,1.385528e-10,4.802132e-10,False,0.0,False
2016-05-11,CE02SHBP-LJ01D-07-VEL3DC108,2,True,2016-05-11T00:00:00Z,2016-05-11T23:59:50Z,86391,86391,0,1.0,1.0,1.0,0.0,0,0,0,0,-0.0,0.0,0.0,-1.726878e-10,9.959365e-11,3.49246e-10,False,0.0,False
2016-05-12,CE02SHBP-LJ01D-07-VEL3DC108,2,True,2016-05-12T00:00:00Z,2016-05-12T23:59:50Z,86391,86391,0,1.0,1.0,1.0,0.0,0,0,0,0,-0.0,0.0,0.0,-1.726878e-10,9.959365e-11,3.49246e-10,False,0.0,False
2016-05-13,CE02SHBP-LJ01D-07-VEL3DC108,2,True,2016-05-13T00:00:00Z,2016-05-13T23:59:52Z,86393,86393,0,1.0,1.0,1.0,-0.0,0,0,0,0,-0.0,0.0,1e-06,-3.057992e-10,1.783672e-10,6.111804e-10,False,0.0,False
2016-05-14,CE02SHBP-LJ01D-07-VEL3DC108,2,True,2016-05-14T00:00:00Z,2016-05-14T23:59:53Z,86394,86394,0,1.0,1.0,1.0,0.0,0,0,0,0,-0.0,0.0,1e-06,-3.792206e-10,2.141488e-10,7.421477e-10,False,0.0,False
2016-05-15,CE02SHBP-LJ01D-07-VEL3DC108,2,True,2016-05-15T00:00:00Z,2016-05-15T23:59:52Z,86393,86393,0,1.0,1.0,1.0,-0.0,0,0,0,0,-0.0,0.0,1e-06,-3.057992e-10,1.783672e-10,6.111804e-10,False,0.0,False
2016-05-16,CE02SHBP-LJ01D-07-VEL3DC108,2,True,2016-05-16T00:00:00Z,2016-05-16T23:59:14Z,86355,86355,0,1.0,1.0,1.0,-0.0,0,0,0,0,-0.0,0.0,0.0,-2.395979e-10,1.385528e-10,4.802132e-10,False,0.0,False
2016-05-17,CE02SHBP-LJ01D-07-VEL3DC108,2,True,2016-05-17T00:00:00Z,2016-05-17T23:59:51Z,86392,86392,0,1.0,1.0,1.0,-0.0,0,0,0,0,0.0,0.0,0.0,1.254235e-10,6.750391e-11,2.473826e-10,False,0.0,False
2016-05-18,CE02SHBP-LJ01D-07-VEL3DC108,2,True,2016-05-18T00:00:00Z,2016-05-18T23:59:50Z,86391,86391,0,1.0,1.0,1.0,0.0,0,0,0,0,-0.0,0.0,0.0,-1.726878e-10,9.959365e-11,3.49246e-10,False,0.0,False
2016-05-19,CE02SHBP-LJ01D-07-VEL3DC108,2,True,2016-05-19T00:00:00Z,2016-05-19T23:59:51Z,86392,86392,0,1.0,1.0,1.0,-0.0,0,0,0,0,0.0,0.0,0.0,1.254235e-10,6.750391e-11,2.473826e-10,False,0.0,False
2016-05-20,CE02SHBP-LJ01D-07-VEL3DC108,2,True,2016-05-20T00:00:00Z,2016-05-20T16:32:38Z,59559,59559,0,1.0,1.0,1.0,-0.0,0,0,0,0,0.0,0.0,1e-06,3.046327e-10,1.75027e-10,6.111804e-10,False,0.0,False
2016-05-21,CE02SHBP-LJ01D-07-VEL3DC108,2,True,2016-05-21T01:07:00Z,2016-05-21T23:58:58Z,80447,82319,1872,1.0,1.0,1.0,0.0,2,1872,2,1872,0.0,0.0,0.0,4.655519e-11,2.59638e-11,8.731149e-11,False,0.0,True
2016-05-22,CE02SHBP-LJ01D-07-VEL3DC108,2,True,2016-05-22T00:00:00Z,2016-05-22T23:59:07Z,86348,86348,0,1.0,1.0,1.0,-0.0,0,0,0,0,0.0,0.0,0.0,2.113569e-10,1.17558e-10,4.220055e-10,False,0.0,False
2016-05-23,CE02SHBP-LJ01D-07-VEL3DC108,2,True,2016-05-23T00:00:00Z,2016-05-23T23:59:52Z,86393,86393,0,1.0,1.0,1.0,-0.0,0,0,0,0,-0.0,0.0,1e-06,-3.057992e-10,1.783672e-10,6.111804e-10,False,0.0,False
2016-05-24,CE02SHBP-LJ01D-07-VEL3DC108,2,True,2016-05-24T00:00:00Z,2016-05-24T23:59:50Z,86391,86391,0,1.0,1.0,1.0,0.0,0,0,0,0,-0.0,0.0,0.0,-1.726878e-10,9.959365e-11,3.49246e-10,False,0.0,False
2016-05-25,CE02SHBP-LJ01D-07-VEL3DC108,2,True,2016-05-25T00:00:00Z,2016-05-25T23:59:54Z,86395,86395,0,1.0,1.0,1.0,0.0,0,0,0,0,-0.0,0.0,1e-06,-3.601443e-10,2.029711e-10,7.130438e-10,False,0.0,False
2016-05-26,CE02SHBP-LJ01D-07-VEL3DC108,2,True,2016-05-26T00:00:00Z,2016-05-26T23:59:51Z,86392,86392,0,1.0,1.0,1.0,-0.0,0,0,0,0,0.0,0.0,0.0,1.254235e-10,6.750391e-11,2.473826e-10,False,0.0,False
2016-05-27,CE02SHBP-LJ01D-07-VEL3DC108,2,True,2016-05-27T00:00:00Z,2016-05-27T23:59:54Z,86395,86395,0,1.0,1.0,1.0,0.0,0,0,0,0,-0.0,0.0,1e-06,-3.601443e-10,2.029711e-10,7.130438e-10,False,0.0,False
2016-05-28,CE02SHBP-LJ01D-07-VEL3DC108,2,True,2016-05-28T00:00:00Z,2016-05-28T23:59:53Z,86394,86394,0,1.0,1.0,1.0,0.0,0,0,0,0,-0.0,0.0,1e-06,-3.792206e-10,2.141488e-10,7.421477e-10,False,0.0,False
2016-05-29,CE02SHBP-LJ01D-07-VEL3DC108,2,True,2016-05-29T00:00:00Z,2016-05-29T23:59:51Z,86392,86392,0,1.0,1.0,1.0,-0.0,0,0,0,0,0.0,0.0,0.0,1.254235e-10,6.750391e-11,2.473826e-10,False,0.0,False
2016-05-30,CE02SHBP-LJ01D-07-VEL3DC108,2,True,2016-05-30T00:00:00Z,2016-05-30T23:59:50Z,86391,86391,0,1.0,1.0,1.0,0.0,0,0,0,0,-0.0,0.0,0.0,-1.726878e-10,9.959365e-11,3.49246e-10,False,0.0,False
2016-05-31,CE02SHBP-LJ01D-07-VEL3DC108,2,True,2016-05-31T00:00:00Z,2016-05-31T23:59:53Z,86394,86394,0,1.0,1.0,1.0,0.0,0,0,0,0,-0.0,0.0,1e-06,-3.792206e-10,2.141488e-10,7.421477e-10,False,0.0,False
2016-06-01,CE02SHBP-LJ01D-07-VEL3DC108,2,True,2016-06-01T00:00:00Z,2016-06-01T23:59:55Z,86396,86396,0,1.0,1.0,1.0,-0.0,0,0,0,0,-0.0,0.0,0.0,-1.042676e-10,6.193725e-11,2.182787e-10,False,0.0,False
2016-06-02,CE02SHBP-LJ01D-07-VEL3DC108,2,True,2016-06-02T00:00:00Z,2016-06-02T23:59:51Z,86392,86392,0,1.0,1.0,1.0,-0.0,0,0,0,0,0.0,0.0,0.0,1.254235e-10,6.750391e-11,2.473826e-10,False,0.0,False
2016-06-03,CE02SHBP-LJ01D-07-VEL3DC108,2,True,2016-06-03T00:00:00Z,2016-06-03T23:59:50Z,86391,86391,0,1.0,1.0,1.0,0.0,0,0,0,0,-0.0,0.0,0.0,-1.726878e-10,9.959365e-11,3.49246e-10,False,0.0,False
2016-06-04,CE02SHBP-LJ01D-07-VEL3DC108,2,True,2016-06-04T00:00:00Z,2016-06-04T23:59:55Z,86396,86396,0,1.0,1.0,1.0,-0.0,0,0,0,0,-0.0,0.0,0.0,-1.042676e-10,6.193725e-11,2.182787e-10,False,0.0,False
2016-06-05,CE02SHBP-LJ01D-07-VEL3DC108,2,True,2016-06-05T00:00:00Z,2016-06-05T23:59:15Z,86356,86356,0,1.0,1.0,1.0,-0.0,0,0,0,0,1e-06,0.0,1e-06,5.564802e-10,3.164857e-10,1.105946e-09,False,0.0,False
2016-06-06,CE02SHBP-LJ01D-07-VEL3DC108,2,True,2016-06-06T00:00:00Z,2016-06-06T23:59:54Z,86395,86395,0,1.0,1.0,1.0,0.0,0,0,0,0,-0.0,0.0,1e-06,-3.601443e-10,2.029711e-10,7.130438e-10,False,0.0,False
2016-06-07,CE02SHBP-LJ01D-07-VEL3DC108,2,True,2016-06-07T00:00:00Z,2016-06-07T23:59:51Z,86392,86392,0,1.0,1.0,1.0,-0.0,0,0,0,0,0.0,0.0,0.0,1.254235e-10,6.750391e-11,2.473826e-10,False,0.0,False
2016-06-08,CE02SHBP-LJ01D-07-VEL3DC108,2,True,2016-06-08T00:00:00Z,2016-06-08T23:59:55Z,86396,86396,0,1.0,1.0,1.0,-0.0,0,0,0,0,-0.0,0.0,0.0,-1.042676e-10,6.193725e-11,2.182787e-10,False,0.0,False
2016-06-09,CE02SHBP-LJ01D-07-VEL3DC108,2,True,2016-06-09T00:00:00Z,2016-06-09T23:59:55Z,86396,86396,0,1.0,1.0,1.0,-0.0,0,0,0,0,-0.0,0.0,0.0,-1.042676e-10,6.193725e-11,2.182787e-10,False,0.0,False
2016-06-10,CE02SHBP-LJ01D-07-VEL3DC108,2,True,2016-06-10T00:00:00Z,2016-06-10T23:59:52Z,86393,86393,0,1.0,1.0,1.0,-0.0,0,0,0,0,-0.0,0.0,1e-06,-3.057992e-10,1.783672e-10,6.111804e-10,False,0.0,False
2016-06-11,CE02SHBP-LJ01D-07-VEL3DC108,2,True,2016-06-11T00:00:00Z,2016-06-11T23:59:50Z,86391,86391,0,1.0,1.0,1.0,0.0,0,0,0,0,-0.0,0.0,0.0,-1.726878e-10,9.959365e-11,3.49246e-10,False,0.0,False
2016-06-12,CE02SHBP-LJ01D-07-VEL3DC108,2,True,2016-06-12T00:00:00Z,2016-06-12T23:59:51Z,86392,86392,0,1.0,1.0,1.0,-0.0,0,0,0,0,0.0,0.0,0.0,1.254235e-10,6.750391e-11,2.473826e-10,False,0.0,False
2016-06-13,CE02SHBP-LJ01D-07-VEL3DC108,2,True,2016-06-13T00:00:00Z,2016-06-13T23:59:56Z,86397,86397,0,1.0,1.0,1.0,-0.0,0,0,0,0,-0.0,0.0,0.0,-1.060337e-10,6.429039e-11,2.182787e-10,False,0.0,False
2016-06-14,CE02SHBP-LJ01D-07-VEL3DC108,2,True,2016-06-14T00:00:00Z,2016-06-14T23:59:55Z,86396,86396,0,1.0,1.0,1.0,-0.0,0,0,0,0,-0.0,0.0,0.0,-1.042676e-10,6.193725e-11,2.182787e-10,False,0.0,False
2016-06-15,CE02SHBP-LJ01D-07-VEL3DC108,2,True,2016-06-15T00:00:00Z,2016-06-15T23:59:29Z,86003,86370,367,1.0,1.0,1.0,-0.0,2,367,2,367,0.0,0.0,1e-06,4.683164e-10,2.648447e-10,9.313226e-10,False,0.0,True
2016-06-16,CE02SHBP-LJ01D-07-VEL3DC108,2,True,2016-06-16T00:00:00Z,2016-06-16T23:59:57Z,86398,86398,0,1.0,1.0,1.0,0.0,0,0,0,0,0.0,0.0,0.0,2.260374e-10,1.337608e-10,4.656613e-10,False,0.0,False
2016-06-17,CE02SHBP-LJ01D-07-VEL3DC108,2,True,2016-06-17T00:00:00Z,2016-06-17T23:59:56Z,86397,86397,0,1.0,1.0,1.0,-0.0,0,0,0,0,-0.0,0.0,0.0,-1.060337e-10,6.429039e-11,2.182787e-10,False,0.0,False
2016-06-18,CE02SHBP-LJ01D-07-VEL3DC108,2,True,2016-06-18T00:00:00Z,2016-06-18T23:59:06Z,86347,86347,0,1.0,1.0,1.0,0.0,0,0,0,0,-0.0,0.0,0.0,-2.119347e-10,1.208202e-10,4.220055e-10,False,0.0,False
2016-06-19,CE02SHBP-LJ01D-07-VEL3DC108,2,True,2016-06-19T00:00:00Z,2016-06-19T23:59:53Z,86394,86394,0,1.0,1.0,1.0,0.0,0,0,0,0,-0.0,0.0,1e-06,-3.792206e-10,2.141488e-10,7.421477e-10,False,0.0,False
2016-06-20,CE02SHBP-LJ01D-07-VEL3DC108,2,True,2016-06-20T00:00:00Z,2016-06-20T23:59:50Z,86391,86391,0,1.0,1.0,1.0,0.0,0,0,0,0,-0.0,0.0,0.0,-1.726878e-10,9.959365e-11,3.49246e-10,False,0.0,False
2016-06-21,CE02SHBP-LJ01D-07-VEL3DC108,2,True,2016-06-21T00:00:00Z,2016-06-21T23:59:50Z,86391,86391,0,1.0,1.0,1.0,0.0,0,0,0,0,-0.0,0.0,0.0,-1.726878e-10,9.959365e-11,3.49246e-10,False,0.0,False
2016-06-22,CE02SHBP-LJ01D-07-VEL3DC108,2,True,2016-06-22T00:00:00Z,2016-06-22T23:59:50Z,86391,86391,0,1.0,1.0,1.0,0.0,0,0,0,0,-0.0,0.0,0.0,-1.726878e-10,9.959365e-11,3.49246e-10,False,0.0,False
2016-06-23,CE02SHBP-LJ01D-07-VEL3DC108,2,True,2016-06-23T00:00:00Z,2016-06-23T23:59:54Z,86395,86395,0,1.0,1.0,1.0,0.0,0,0,0,0,-0.0,0.0,1e-06,-3.601443e-10,2.029711e-10,7.130438e-10,False,0.0,False
2016-06-24,CE02SHBP-LJ01D-07-VEL3DC108,2,True,2016-06-24T00:00:00Z,2016-06-24T23:59:52Z,86393,86393,0,1.0,1.0,1.0,-0.0,0,0,0,0,-0.0,0.0,1e-06,-3.057992e-10,1.783672e-10,6.111804e-10,False,0.0,False
2016-06-25,CE02SHBP-LJ01D-07-VEL3DC108,2,True,2016-06-25T00:00:00Z,2016-06-25T23:59:50Z,86391,86391,0,1.0,1.0,1.0,0.0,0,0,0,0,-0.0,0.0,0.0,-1.726878e-10,9.959365e-11,3.49246e-10,False,0.0,False
2016-06-26,CE02SHBP-LJ01D-07-VEL3DC108,2,True,2016-06-26T00:00:00Z,2016-06-26T23:59:53Z,86394,86394,0,1.0,1.0,1.0,0.0,0,0,0,0,-0.0,0.0,1e-06,-3.792206e-10,2.141488e-10,7.421477e-10,False,0.0,False
2016-06-27,CE02SHBP-LJ01D-07-VEL3DC108,2,True,2016-06-27T00:00:00Z,2016-06-27T23:59:56Z,86397,86397,0,1.0,1.0,1.0,-0.0,0,0,0,0,-0.0,0.0,0.0,-1.060337e-10,6.429039e-11,2.182787e-10,False,0.0,False
2016-06-28,CE02SHBP-LJ01D-07-VEL3DC108,2,True,2016-06-28T00:00:00Z,2016-06-28T23:59:55Z,86396,86396,0,1.0,1.0,1.0,-0.0,0,0,0,0,-0.0,0.0,0.0,-1.042676e-10,6.193725e-11,2.182787e-10,False,0.0,False
2016-06-29,CE02SHBP-LJ01D-07-VEL3DC108,2,True,2016-06-29T00:00:00Z,2016-06-29T23:59:15Z,86339,86356,17,1.0,1.0,1.0,0.0,1,17,1,17,-0.0,0.0,1e-06,-3.936852e-10,2.226012e-10,7.858034e-10,False,0.0,True
2016-06-30,CE02SHBP-LJ01D-07-VEL3DC108,2,True,2016-06-30T00:00:00Z,2016-06-30T23:59:53Z,86394,86394,0,1.0,1.0,1.0,0.0,0,0,0,0,-0.0,0.0,1e-06,-3.792206e-10,2.141488e-10,7.421477e-10,False,0.0,False
2016-07-01,CE02SHBP-LJ01D-07-VEL3DC108,2,True,2016-07-01T00:00:00Z,2016-07-01T23:59:53Z,86394,86394,0,1.0,1.0,1.0,0.0,0,0,0,0,-0.0,0.0,1e-06,-3.792206e-10,2.141488e-10,7.421477e-10,False,0.0,False
2016-07-02,CE02SHBP-LJ01D-07-VEL3DC108,2,True,2016-07-02T00:00:00Z,2016-07-02T23:59:52Z,86393,86393,0,1.0,1.0,1.0,-0.0,0,0,0,0,-0.0,0.0,1e-06,-3.057992e-10,1.783672e-10,6.111804e-10,False,0.0,False
2016-07-03,CE02SHBP-LJ01D-07-VEL3DC108,2,True,2016-07-03T00:00:00Z,2016-07-03T23:59:51Z,86392,86392,0,1.0,1.0,1.0,-0.0,0,0,0,0,0.0,0.0,0.0,1.254235e-10,6.750391e-11,2.473826e-10,False,0.0,False
2016-07-04,CE02SHBP-LJ01D-07-VEL3DC108,2,True,2016-07-04T00:00:00Z,2016-07-04T23:59:55Z,86396,86396,0,1.0,1.0,1.0,-0.0,0,0,0,0,-0.0,0.0,0.0,-1.042676e-10,6.193725e-11,2.182787e-10,False,0.0,False
2016-07-05,CE02SHBP-LJ01D-07-VEL3DC108,2,True,2016-07-05T00:00:00Z,2016-07-05T23:59:06Z,86347,86347,0,1.0,1.0,1.0,0.0,0,0,0,0,-0.0,0.0,0.0,-2.119347e-10,1.208202e-10,4.220055e-10,False,0.0,False
2016-07-06,CE02SHBP-LJ01D-07-VEL3DC108,2,True,2016-07-06T00:00:00Z,2016-07-06T23:59:51Z,86392,86392,0,1.0,1.0,1.0,-0.0,0,0,0,0,0.0,0.0,0.0,1.254235e-10,6.750391e-11,2.473826e-10,False,0.0,False
2016-07-07,CE02SHBP-LJ01D-07-VEL3DC108,2,True,2016-07-07T00:00:00Z,2016-07-07T23:59:53Z,86394,86394,0,1.0,1.0,1.0,0.0,0,0,0,0,-0.0,0.0,1e-06,-3.792206e-10,2.141488e-10,7.421477e-10,False,0.0,False
2016-07-08,CE02SHBP-LJ01D-07-VEL3DC108,2,True,2016-07-08T00:00:00Z,2016-07-08T23:59:56Z,86397,86397,0,1.0,1.0,1.0,-0.0,0,0,0,0,-0.0,0.0,0.0,-1.060337e-10,6.429039e-11,2.182787e-10,False,0.0,False
2016-07-09,CE02SHBP-LJ01D-07-VEL3DC108,2,True,2016-07-09T00:00:00Z,2016-07-09T23:59:50Z,86391,86391,0,1.0,1.0,1.0,0.0,0,0,0,0,-0.0,0.0,0.0,-1.726878e-10,9.959365e-11,3.49246e-10,False,0.0,False
2016-07-10,CE02SHBP-LJ01D-07-VEL3DC108,2,True,2016-07-10T00:00:00Z,2016-07-10T23:59:56Z,86397,86397,0,1.0,1.0,1.0,-0.0,0,0,0,0,-0.0,0.0,0.0,-1.060337e-10,6.429039e-11,2.182787e-10,False,0.0,False
2016-07-11,CE02SHBP-LJ01D-07-VEL3DC108,2,True,2016-07-11T00:00:00Z,2016-07-11T23:59:17Z,86336,86358,22,1.0,1.0,1.0,-0.0,2,22,2,22,-0.0,0.0,0.0,-1.328671e-11,1.339691e-11,4.365575e-11,False,0.0,True
2016-07-12,CE02SHBP-LJ01D-07-VEL3DC108,2,True,2016-07-12T00:00:00Z,2016-07-12T23:59:53Z,86394,86394,0,1.0,1.0,1.0,0.0,0,0,0,0,-0.0,0.0,1e-06,-3.792206e-10,2.141488e-10,7.421477e-10,False,0.0,False
2016-07-13,CE02SHBP-LJ01D-07-VEL3DC108,2,True,2016-07-13T00:00:00Z,2016-07-13T23:59:29Z,81006,86370,5364,1.0,1.0,1.0,0.0,1,5364,1,5364,-0.0,0.0,0.0,-1.721452e-10,9.034443e-11,3.201421e-10,False,0.0,True
2016-07-14,CE02SHBP-LJ01D-07-VEL3DC108,2,True,2016-07-14T00:00:00Z,2016-07-14T23:59:52Z,86393,86393,0,1.0,1.0,1.0,-0.0,0,0,0,0,-0.0,0.0,1e-06,-3.057992e-10,1.783672e-10,6.111804e-10,False,0.0,False
2016-07-15,CE02SHBP-LJ01D-07-VEL3DC108,2,True,2016-07-15T00:00:00Z,2016-07-15T23:59:55Z,86396,86396,0,1.0,1.0,1.0,-0.0,0,0,0,0,-0.0,0.0,0.0,-1.042676e-10,6.193725e-11,2.182787e-10,False,0.0,False
2016-07-16,CE02SHBP-LJ01D-07-VEL3DC108,2,True,2016-07-16T00:00:00Z,2016-07-16T23:59:51Z,86392,86392,0,1.0,1.0,1.0,-0.0,0,0,0,0,0.0,0.0,0.0,1.254235e-10,6.750391e-11,2.473826e-10,False,0.0,False
2016-07-17,CE02SHBP-LJ01D-07-VEL3DC108,2,True,2016-07-17T00:00:00Z,2016-07-17T23:59:55Z,86396,86396,0,1.0,1.0,1.0,-0.0,0,0,0,0,-0.0,0.0,0.0,-1.042676e-10,6.193725e-11,2.182787e-10,False,0.0,False
2016-07-18,CE02SHBP-LJ01D-07-VEL3DC108,2,True,2016-07-18T00:00:00Z,2016-07-18T18:58:11Z,68243,68292,49,1.0,1.0,1.0,-0.0,2,49,2,49,0.0,0.0,1e-06,2.727049e-10,1.535245e-10,5.384209e-10,False,0.0,True
2016-07-19,CE02SHBP-LJ01D-07-VEL3DC108,2,True,2016-07-19T00:00:00Z,2016-07-19T23:59:52Z,86393,86393,0,1.0,1.0,1.0,-0.0,0,0,0,0,-0.0,0.0,1e-06,-3.057992e-10,1.783672e-10,6.111804e-10,False,0.0,False
2016-07-20,CE02SHBP-LJ01D-07-VEL3DC108,2,True,2016-07-20T00:00:00Z,2016-07-20T23:59:56Z,86397,86397,0,1.0,1.0,1.0,-0.0,0,0,0,0,-0.0,0.0,0.0,-1.060337e-10,6.429039e-11,2.182787e-10,False,0.0,False
2016-07-21,CE02SHBP-LJ01D-07-VEL3DC108,0,False,,,0,0,,,,,,,,,,,,,,,,,,False
2016-07-22,CE02SHBP-LJ01D-07-VEL3DC108,3,False,,,0,0,,1.0,,,,,,,,,,,,,,,,False
2016-07-23,CE02SHBP-LJ01D-07-VEL3DC108,3,False,,,0,0,,1.0,,,,,,,,,,,,,,,,False
2016-07-24,CE02SHBP-LJ01D-07-VEL3DC108,3,False,,,0,0,,1.0,,,,,,,,,,,,,,,,False
2016-07-25,CE02SHBP-LJ01D-07-VEL3DC108,3,True,2016-07-25T19:06:01Z,2016-07-25T23:57:42Z,17502,17502,0,1.0,1.0,1.0,-0.0,0,0,0,0,0.0,0.0,0.0,2.664971e-11,1.481414e-11,5.09317e-11,False,0.0,False
2016-07-26,CE02SHBP-LJ01D-07-VEL3DC108,3,True,2016-07-26T00:00:00Z,2016-07-26T23:59:53Z,86394,86394,0,1.0,1.0,1.0,0.0,0,0,0,0,-0.0,0.0,1e-06,-3.792206e-10,2.141488e-10,7.421477e-10,False,0.0,False
2016-07-27,CE02SHBP-LJ01D-07-VEL3DC108,3,True,2016-07-27T00:00:00Z,2016-07-27T23:59:57Z,86398,86398,0,1.0,1.0,1.0,0.0,0,0,0,0,0.0,0.0,0.0,2.260374e-10,1.337608e-10,4.656613e-10,False,0.0,False
2016-07-28,CE02SHBP-LJ01D-07-VEL3DC108,3,True,2016-07-28T00:00:00Z,2016-07-28T23:59:53Z,86394,86394,0,1.0,1.0,1.0,0.0,0,0,0,0,-0.0,0.0,1e-06,-3.792206e-10,2.141488e-10,7.421477e-10,False,0.0,False
2016-07-29,CE02SHBP-LJ01D-07-VEL3DC108,3,True,2016-07-29T00:00:00Z,2016-07-29T23:59:54Z,85619,86395,776,1.0,1.0,1.0,0.0,3,776,3,776,-0.0,0.0,1e-06,-3.315813e-10,1.875417e-10,6.548362e-10,False,0.0,True
2016-07-30,CE02SHBP-LJ01D-07-VEL3DC108,3,True,2016-07-30T00:00:00Z,2016-07-30T23:59:55Z,86396,86396,0,1.0,1.0,1.0,-0.0,0,0,0,0,-0.0,0.0,0.0,-1.042676e-10,6.193725e-11,2.182787e-10,False,0.0,False
2016-07-31,CE02SHBP-LJ01D-07-VEL3DC108,3,True,2016-07-31T00:00:00Z,2016-07-31T23:59:54Z,86395,86395,0,1.0,1.0,1.0,0.0,0,0,0,0,-0.0,0.0,1e-06,-3.601443e-10,2.029711e-10,7.130438e-10,False,0.0,False
2016-08-01,CE02SHBP-LJ01D-07-VEL3DC108,3,True,2016-08-01T00:00:00Z,2016-08-01T23:59:52Z,86393,86393,0,1.0,1.0,1.0,-0.0,0,0,0,0,-0.0,0.0,1e-06,-3.057992e-10,1.783672e-10,6.111804e-10,False,0.0,False
2016-08-02,CE02SHBP-LJ01D-07-VEL3DC108,3,True,2016-08-02T00:00:00Z,2016-08-02T23:59:54Z,86395,86395,0,1.0,1.0,1.0,0.0,0,0,0,0,-0.0,0.0,1e-06,-3.601443e-10,2.029711e-10,7.130438e-10,False,0.0,False
2016-08-03,CE02SHBP-LJ01D-07-VEL3DC108,3,True,2016-08-03T00:00:00Z,2016-08-03T23:59:53Z,86394,86394,0,1.0,1.0,1.0,0.0,0,0,0,0,-0.0,0.0,1e-06,-3.792206e-10,2.141488e-10,7.421477e-10,False,0.0,False
2016-08-04,CE02SHBP-LJ01D-07-VEL3DC108,3,True,2016-08-04T00:00:00Z,2016-08-04T23:59:53Z,86394,86394,0,1.0,1.0,1.0,0.0,0,0,0,0,-0.0,0.0,1e-06,-3.792206e-10,2.141488e-10,7.421477e-10,False,0.0,False
2016-08-05,CE02SHBP-LJ01D-07-VEL3DC108,3,True,2016-08-05T00:00:00Z,2016-08-05T23:59:54Z,86395,86395,0,1.0,1.0,1.0,0.0,0,0,0,0,-0.0,0.0,1e-06,-3.601443e-10,2.029711e-10,7.130438e-10,False,0.0,False
2016-08-06,CE02SHBP-LJ01D-07-VEL3DC108,3,True,2016-08-06T00:00:00Z,2016-08-06T23:59:54Z,86395,86395,0,1.0,1.0,1.0,0.0,0,0,0,0,-0.0,0.0,1e-06,-3.601443e-10,2.029711e-10,7.130438e-10,False,0.0,False
2016-08-07,CE02SHBP-LJ01D-07-VEL3DC108,3,True,2016-08-07T00:00:00Z,2016-08-07T23:59:52Z,86393,86393,0,1.0,1.0,1.0,-0.0,0,0,0,0,-0.0,0.0,1e-06,-3.057992e-10,1.783672e-10,6.111804e-10,False,0.0,False
2016-08-08,CE02SHBP-LJ01D-07-VEL3DC108,3,True,2016-08-08T00:00:00Z,2016-08-08T23:59:53Z,86394,86394,0,1.0,1.0,1.0,0.0,0,0,0,0,-0.0,0.0,1e-06,-3.792206e-10,2.141488e-10,7.421477e-10,False,0.0,False
2016-08-09,CE02SHBP-LJ01D-07-VEL3DC108,3,True,2016-08-09T00:00:00Z,2016-08-09T23:59:54Z,86395,86395,0,1.0,1.0,1.0,0.0,0,0,0,0,-0.0,0.0,1e-06,-3.601443e-10,2.029711e-10,7.130438e-10,False,0.0,False
2016-08-10,CE02SHBP-LJ01D-07-VEL3DC108,3,True,2016-08-10T00:00:00Z,2016-08-10T23:59:53Z,86394,86394,0,1.0,1.0,1.0,0.0,0,0,0,0,-0.0,0.0,1e-06,-3.792206e-10,2.141488e-10,7.421477e-10,False,0.0,False
2016-08-11,CE02SHBP-LJ01D-07-VEL3DC108,3,True,2016-08-11T00:00:00Z,2016-08-11T23:59:13Z,86283,86354,71,1.0,1.0,1.0,0.0,1,71,1,71,-0.0,0.0,0.0,-1.344218e-10,7.711301e-11,2.619345e-10,False,0.0,True
2016-08-12,CE02SHBP-LJ01D-07-VEL3DC108,3,True,2016-08-12T00:00:00Z,2016-08-12T23:59:55Z,86396,86396,0,1.0,1.0,1.0,-0.0,0,0,0,0,-0.0,0.0,0.0,-1.042676e-10,6.193725e-11,2.182787e-10,False,0.0,False
2016-08-13,CE02SHBP-LJ01D-07-VEL3DC108,3,True,2016-08-13T00:00:00Z,2016-08-13T23:59:53Z,86394,86394,0,1.0,1.0,1.0,0.0,0,0,0,0,-0.0,0.0,1e-06,-3.792206e-10,2.141488e-10,7.421477e-10,False,0.0,False
2016-08-14,CE02SHBP-LJ01D-07-VEL3DC108,3,True,2016-08-14T00:00:00Z,2016-08-14T23:59:53Z,86394,86394,0,1.0,1.0,1.0,0.0,0,0,0,0,-0.0,0.0,1e-06,-3.792206e-10,2.141488e-10,7.421477e-10,False,0.0,False
2016-08-15,CE02SHBP-LJ01D-07-VEL3DC108,3,True,2016-08-15T00:00:00Z,2016-08-15T23:59:55Z,86396,86396,0,1.0,1.0,1.0,-0.0,0,0,0,0,-0.0,0.0,0.0,-1.042676e-10,6.193725e-11,2.182787e-10,False,0.0,False
2016-08-16,CE02SHBP-LJ01D-07-VEL3DC108,3,True,2016-08-16T00:00:00Z,2016-08-16T23:59:52Z,86393,86393,0,1.0,1.0,1.0,-0.0,0,0,0,0,-0.0,0.0,1e-06,-3.057992e-10,1.783672e-10,6.111804e-10,False,0.0,False
2016-08-17,CE02SHBP-LJ01D-07-VEL3DC108,3,True,2016-08-17T00:00:00Z,2016-08-17T23:59:54Z,86395,86395,0,1.0,1.0,1.0,0.0,0,0,0,0,-0.0,0.0,1e-06,-3.601443e-10,2.029711e-10,7.130438e-10,False,0.0,False
2016-08-18,CE02SHBP-LJ01D-07-VEL3DC108,3,True,2016-08-18T00:00:00Z,2016-08-18T23:59:53Z,86394,86394,0,1.0,1.0,1.0,0.0,0,0,0,0,-0.0,0.0,1e-06,-3.792206e-10,2.141488e-10,7.421477e-10,False,0.0,False
2016-08-19,CE02SHBP-LJ01D-07-VEL3DC108,3,True,2016-08-19T00:00:00Z,2016-08-19T23:59:55Z,86396,86396,0,1.0,1.0,1.0,-0.0,0,0,0,0,-0.0,0.0,0.0,-1.042676e-10,6.193725e-11,2.182787e-10,False,0.0,False
2016-08-20,CE02SHBP-LJ01D-07-VEL3DC108,3,True,2016-08-20T00:00:00Z,2016-08-20T23:59:54Z,86395,86395,0,1.0,1.0,1.0,0.0,0,0,0,0,-0.0,0.0,1e-06,-3.601443e-10,2.029711e-10,7.130438e-10,False,0.0,False
2016-08-21,CE02SHBP-LJ01D-07-VEL3DC108,3,True,2016-08-21T00:00:00Z,2016-08-21T23:59:54Z,86395,86395,0,1.0,1.0,1.0,0.0,0,0,0,0,-0.0,0.0,1e-06,-3.601443e-10,2.029711e-10,7.130438e-10,False,0.0,False
2016-08-22,CE02SHBP-LJ01D-07-VEL3DC108,3,True,2016-08-22T00:00:00Z,2016-08-22T23:59:54Z,86395,86395,0,1.0,1.0,1.0,0.0,0,0,0,0,-0.0,0.0,1e-06,-3.601443e-10,2.029711e-10,7.130438e-10,False,0.0,False
2016-08-23,CE02SHBP-LJ01D-07-VEL3DC108,3,True,2016-08-23T00:00:00Z,2016-08-23T23:59:54Z,86395,86395,0,1.0,1.0,1.0,0.0,0,0,0,0,-0.0,0.0,1e-06,-3.601443e-10,2.029711e-10,7.130438e-10,False,0.0,False
2016-08-24,CE02SHBP-LJ01D-07-VEL3DC108,3,True,2016-08-24T00:00:00Z,2016-08-24T23:59:54Z,86395,86395,0,1.0,1.0,1.0,0.0,0,0,0,0,-0.0,0.0,1e-06,-3.601443e-10,2.029711e-10,7.130438e-10,False,0.0,False
2016-08-25,CE02SHBP-LJ01D-07-VEL3DC108,3,True,2016-08-25T00:00:00Z,2016-08-25T23:59:54Z,86395,86395,0,1.0,1.0,1.0,0.0,0,0,0,0,-0.0,0.0,1e-06,-3.601443e-10,2.029711e-10,7.130438e-10,False,0.0,False
2016-08-26,CE02SHBP-LJ01D-07-VEL3DC108,3,True,2016-08-26T00:00:00Z,2016-08-26T23:59:53Z,86394,86394,0,1.0,1.0,1.0,0.0,0,0,0,0,-0.0,0.0,1e-06,-3.792206e-10,2.141488e-10,7.421477e-10,False,0.0,False
2016-08-27,CE02SHBP-LJ01D-07-VEL3DC108,3,True,2016-08-27T00:00:00Z,2016-08-27T23:59:53Z,86394,86394,0,1.0,1.0,1.0,0.0,0,0,0,0,-0.0,0.0,1e-06,-3.792206e-10,2.141488e-10,7.421477e-10,False,0.0,False
2016-08-28,CE02SHBP-LJ01D-07-VEL3DC108,3,True,2016-08-28T00:00:00Z,2016-08-28T23:59:54Z,86395,86395,0,1.0,1.0,1.0,0.0,0,0,0,0,-0.0,0.0,1e-06,-3.601443e-10,2.029711e-10,7.130438e-10,False,0.0,False
2016-08-29,CE02SHBP-LJ01D-07-VEL3DC108,3,True,2016-08-29T00:00:00Z,2016-08-29T23:59:52Z,86393,86393,0,1.0,1.0,1.0,-0.0,0,0,0,0,-0.0,0.0,1e-06,-3.057992e-10,1.783672e-10,6.111804e-10,False,0.0,False
2016-08-30,CE02SHBP-LJ01D-07-VEL3DC108,3,True,2016-08-30T00:00:00Z,2016-08-30T23:59:53Z,86394,86394,0,1.0,1.0,1.0,0.0,0,0,0,0,-0.0,0.0,1e-06,-3.792206e-10,2.141488e-10,7.421477e-10,False,0.0,False
2016-08-31,CE02SHBP-LJ01D-07-VEL3DC108,3,True,2016-08-31T00:00:00Z,2016-08-31T23:59:53Z,86394,86394,0,1.0,1.0,1.0,0.0,0,0,0,0,-0.0,0.0,1e-06,-3.792206e-10,2.141488e-10,7.421477e-10,False,0.0,False
2016-09-01,CE02SHBP-LJ01D-07-VEL3DC108,3,True,2016-09-01T00:00:00Z,2016-09-01T23:59:54Z,86395,86395,0,1.0,1.0,1.0,0.0,0,0,0,0,-0.0,0.0,1e-06,-3.601443e-10,2.029711e-10,7.130438e-10,False,0.0,False
2016-09-02,CE02SHBP-LJ01D-07-VEL3DC108,3,True,2016-09-02T00:00:00Z,2016-09-02T23:59:53Z,86394,86394,0,1.0,1.0,1.0,0.0,0,0,0,0,-0.0,0.0,1e-06,-3.792206e-10,2.141488e-10,7.421477e-10,False,0.0,False
2016-09-03,CE02SHBP-LJ01D-07-VEL3DC108,3,True,2016-09-03T00:00:00Z,2016-09-03T23:59:54Z,86395,86395,0,1.0,1.0,1.0,0.0,0,0,0,0,-0.0,0.0,1e-06,-3.601443e-10,2.029711e-10,7.130438e-10,False,0.0,False
2016-09-04,CE02SHBP-LJ01D-07-VEL3DC108,3,True,2016-09-04T00:00:00Z,2016-09-04T23:59:53Z,86394,86394,0,1.0,1.0,1.0,0.0,0,0,0,0,-0.0,0.0,1e-06,-3.792206e-10,2.141488e-10,7.421477e-10,False,0.0,False
2016-09-05,CE02SHBP-LJ01D-07-VEL3DC108,3,True,2016-09-05T00:00:00Z,2016-09-05T23:59:54Z,86395,86395,0,1.0,1.0,1.0,0.0,0,0,0,0,-0.0,0.0,1e-06,-3.601443e-10,2.029711e-10,7.130438e-10,False,0.0,False
2016-09-06,CE02SHBP-LJ01D-07-VEL3DC108,3,True,2016-09-06T00:00:00Z,2016-09-06T23:59:54Z,86395,86395,0,1.0,1.0,1.0,0.0,0,0,0,0,-0.0,0.0,1e-06,-3.601443e-10,2.029711e-10,7.130438e-10,False,0.0,False
2016-09-07,CE02SHBP-LJ01D-07-VEL3DC108,3,True,2016-09-07T00:00:00Z,2016-09-07T23:59:54Z,86395,86395,0,1.0,1.0,1.0,0.0,0,0,0,0,-0.0,0.0,1e-06,-3.601443e-10,2.029711e-10,7.130438e-10,False,0.0,False
2016-09-08,CE02SHBP-LJ01D-07-VEL3DC108,3,True,2016-09-08T00:00:00Z,2016-09-08T23:59:53Z,86394,86394,0,1.0,1.0,1.0,0.0,0,0,0,0,-0.0,0.0,1e-06,-3.792206e-10,2.141488e-10,7.421477e-10,False,0.0,False
2016-09-09,CE02SHBP-LJ01D-07-VEL3DC108,3,True,2016-09-09T00:00:00Z,2016-09-09T23:59:54Z,86395,86395,0,1.0,1.0,1.0,0.0,0,0,0,0,-0.0,0.0,1e-06,-3.601443e-10,2.029711e-10,7.130438e-10,False,0.0,False
2016-09-10,CE02SHBP-LJ01D-07-VEL3DC108,3,True,2016-09-10T00:00:00Z,2016-09-10T23:59:53Z,86394,86394,0,1.0,1.0,1.0,0.0,0,0,0,0,-0.0,0.0,1e-06,-3.792206e-10,2.141488e-10,7.421477e-10,False,0.0,False
2016-09-11,CE02SHBP-LJ01D-07-VEL3DC108,3,True,2016-09-11T00:00:00Z,2016-09-11T23:59:53Z,86394,86394,0,1.0,1.0,1.0,0.0,0,0,0,0,-0.0,0.0,1e-06,-3.792206e-10,2.141488e-10,7.421477e-10,False,0.0,False
2016-09-12,CE02SHBP-LJ01D-07-VEL3DC108,3,True,2016-09-12T00:00:00Z,2016-09-12T23:59:53Z,86394,86394,0,1.0,1.0,1.0,0.0,0,0,0,0,-0.0,0.0,1e-06,-3.792206e-10,2.141488e-10,7.421477e-10,False,0.0,False
2016-09-13,CE02SHBP-LJ01D-07-VEL3DC108,3,True,2016-09-13T00:00:00Z,2016-09-13T23:59:52Z,86393,86393,0,1.0,1.0,1.0,-0.0,0,0,0,0,-0.0,0.0,1e-06,-3.057992e-10,1.783672e-10,6.111804e-10,False,0.0,False
2016-09-14,CE02SHBP-LJ01D-07-VEL3DC108,3,True,2016-09-14T00:00:00Z,2016-09-14T23:59:55Z,86396,86396,0,1.0,1.0,1.0,-0.0,0,0,0,0,-0.0,0.0,0.0,-1.042676e-10,6.193725e-11,2.182787e-10,False,0.0,False
2016-09-15,CE02SHBP-LJ01D-07-VEL3DC108,3,True,2016-09-15T00:00:00Z,2016-09-15T23:59:54Z,86395,86395,0,1.0,1.0,1.0,0.0,0,0,0,0,-0.0,0.0,1e-06,-3.601443e-10,2.029711e-10,7.130438e-10,False,0.0,False
2016-09-16,CE02SHBP-LJ01D-07-VEL3DC108,3,True,2016-09-16T00:00:00Z,2016-09-16T23:59:53Z,86394,86394,0,1.0,1.0,1.0,0.0,0,0,0,0,-0.0,0.0,1e-06,-3.792206e-10,2.141488e-10,7.421477e-10,False,0.0,False
2016-09-17,CE02SHBP-LJ01D-07-VEL3DC108,3,True,2016-09-17T00:00:00Z,2016-09-17T23:59:54Z,86395,86395,0,1.0,1.0,1.0,0.0,0,0,0,0,-0.0,0.0,1e-06,-3.601443e-10,2.029711e-10,7.130438e-10,False,0.0,False
2016-09-18,CE02SHBP-LJ01D-07-VEL3DC108,3,True,2016-09-18T00:00:00Z,2016-09-18T23:59:55Z,86396,86396,0,1.0,1.0,1.0,-0.0,0,0,0,0,-0.0,0.0,0.0,-1.042676e-10,6.193725e-11,2.182787e-10,False,0.0,False
2016-09-19,CE02SHBP-LJ01D-07-VEL3DC108,3,True,2016-09-19T00:00:00Z,2016-09-19T23:59:53Z,86394,86394,0,1.0,1.0,1.0,0.0,0,0,0,0,-0.0,0.0,1e-06,-3.792206e-10,2.141488e-10,7.421477e-10,False,0.0,False
2016-09-20,CE02SHBP-LJ01D-07-VEL3DC108,3,True,2016-09-20T00:00:00Z,2016-09-20T23:59:54Z,86395,86395,0,1.0,1.0,1.0,0.0,0,0,0,0,-0.0,0.0,1e-06,-3.601443e-10,2.029711e-10,7.130438e-10,False,0.0,False
2016-09-21,CE02SHBP-LJ01D-07-VEL3DC108,3,True,2016-09-21T00:00:00Z,2016-09-21T23:59:53Z,86394,86394,0,1.0,1.0,1.0,0.0,0,0,0,0,-0.0,0.0,1e-06,-3.792206e-10,2.141488e-10,7.421477e-10,False,0.0,False
2016-09-22,CE02SHBP-LJ01D-07-VEL3DC108,3,True,2016-09-22T00:00:00Z,2016-09-22T23:59:53Z,86394,86394,0,1.0,1.0,1.0,0.0,0,0,0,0,-0.0,0.0,1e-06,-3.792206e-10,2.141488e-10,7.421477e-10,False,0.0,False
2016-09-23,CE02SHBP-LJ01D-07-VEL3DC108,3,True,2016-09-23T00:00:00Z,2016-09-23T23:59:53Z,86394,86394,0,1.0,1.0,1.0,0.0,0,0,0,0,-0.0,0.0,1e-06,-3.792206e-10,2.141488e-10,7.421477e-10,False,0.0,False
2016-09-24,CE02SHBP-LJ01D-07-VEL3DC108,3,True,2016-09-24T00:00:00Z,2016-09-24T23:59:54Z,86395,86395,0,1.0,1.0,1.0,0.0,0,0,0,0,-0.0,0.0,1e-06,-3.601443e-10,2.029711e-10,7.130438e-10,False,0.0,False
2016-09-25,CE02SHBP-LJ01D-07-VEL3DC108,3,True,2016-09-25T00:00:00Z,2016-09-25T23:59:55Z,86396,86396,0,1.0,1.0,1.0,-0.0,0,0,0,0,-0.0,0.0,0.0,-1.042676e-10,6.193725e-11,2.182787e-10,False,0.0,False
2016-09-26,CE02SHBP-LJ01D-07-VEL3DC108,3,True,2016-09-26T00:00:00Z,2016-09-26T23:59:53Z,86394,86394,0,1.0,1.0,1.0,0.0,0,0,0,0,-0.0,0.0,1e-06,-3.792206e-10,2.141488e-10,7.421477e-10,False,0.0,False
2016-09-27,CE02SHBP-LJ01D-07-VEL3DC108,3,True,2016-09-27T00:00:00Z,2016-09-27T23:59:54Z,86395,86395,0,1.0,1.0,1.0,0.0,0,0,0,0,-0.0,0.0,1e-06,-3.601443e-10,2.029711e-10,7.130438e-10,False,0.0,False
2016-09-28,CE02SHBP-LJ01D-07-VEL3DC108,3,True,2016-09-28T00:00:00Z,2016-09-28T23:59:54Z,86395,86395,0,1.0,1.0,1.0,0.0,0,0,0,0,-0.0,0.0,1e-06,-3.601443e-10,2.029711e-10,7.130438e-10,False,0.0,False
2016-09-29,CE02SHBP-LJ01D-07-VEL3DC108,3,True,2016-09-29T00:00:00Z,2016-09-29T23:59:52Z,86393,86393,0,1.0,1.0,1.0,-0.0,0,0,0,0,-0.0,0.0,1e-06,-3.057992e-10,1.783672e-10,6.111804e-10,False,0.0,False
2016-09-30,CE02SHBP-LJ01D-07-VEL3DC108,3,True,2016-09-30T00:00:00Z,2016-09-30T23:59:52Z,86393,86393,0,1.0,1.0,1.0,-0.0,0,0,0,0,-0.0,0.0,1e-06,-3.057992e-10,1.783672e-10,6.111804e-10,False,0.0,False
2016-10-01,CE02SHBP-LJ01D-07-VEL3DC108,3,True,2016-10-01T00:00:00Z,2016-10-01T23:59:55Z,86396,86396,0,1.0,1.0,1.0,-0.0,0,0,0,0,-0.0,0.0,0.0,-1.042676e-10,6.193725e-11,2.182787e-10,False,0.0,False
2016-10-02,CE02SHBP-LJ01D-07-VEL3DC108,3,True,2016-10-02T00:00:00Z,2016-10-02T23:59:53Z,86394,86394,0,1.0,1.0,1.0,0.0,0,0,0,0,-0.0,0.0,1e-06,-3.792206e-10,2.141488e-10,7.421477e-10,False,0.0,False
2016-10-03,CE02SHBP-LJ01D-07-VEL3DC108,3,True,2016-10-03T00:00:00Z,2016-10-03T23:59:53Z,86394,86394,0,1.0,1.0,1.0,0.0,0,0,0,0,-0.0,0.0,1e-06,-3.792206e-10,2.141488e-10,7.421477e-10,False,0.0,False
2016-10-04,CE02SHBP-LJ01D-07-VEL3DC108,3,True,2016-10-04T00:00:00Z,2016-10-04T23:59:53Z,86394,86394,0,1.0,1.0,1.0,0.0,0,0,0,0,-0.0,0.0,1e-06,-3.792206e-10,2.141488e-10,7.421477e-10,False,0.0,False
2016-10-05,CE02SHBP-LJ01D-07-VEL3DC108,3,True,2016-10-05T00:00:00Z,2016-10-05T23:59:53Z,86394,86394,0,1.0,1.0,1.0,0.0,0,0,0,0,-0.0,0.0,1e-06,-3.792206e-10,2.141488e-10,7.421477e-10,False,0.0,False
2016-10-06,CE02SHBP-LJ01D-07-VEL3DC108,3,True,2016-10-06T00:00:00Z,2016-10-06T23:59:53Z,86394,86394,0,1.0,1.0,1.0,0.0,0,0,0,0,-0.0,0.0,1e-06,-3.792206e-10,2.141488e-10,7.421477e-10,False,0.0,False
2016-10-07,CE02SHBP-LJ01D-07-VEL3DC108,3,True,2016-10-07T00:00:00Z,2016-10-07T23:59:54Z,86395,86395,0,1.0,1.0,1.0,0.0,0,0,0,0,-0.0,0.0,1e-06,-3.601443e-10,2.029711e-10,7.130438e-10,False,0.0,False
2016-10-08,CE02SHBP-LJ01D-07-VEL3DC108,3,True,2016-10-08T00:00:00Z,2016-10-08T23:59:53Z,86394,86394,0,1.0,1.0,1.0,0.0,0,0,0,0,-0.0,0.0,1e-06,-3.792206e-10,2.141488e-10,7.421477e-10,False,0.0,False
2016-10-09,CE02SHBP-LJ01D-07-VEL3DC108,3,True,2016-10-09T00:00:00Z,2016-10-09T23:59:03Z,86344,86344,0,1.0,1.0,1.0,0.0,0,0,0,0,-0.0,0.0,1e-06,-3.888801e-10,2.192023e-10,7.712515e-10,False,0.0,False
2016-10-10,CE02SHBP-LJ01D-07-VEL3DC108,3,True,2016-10-10T00:00:00Z,2016-10-10T23:59:54Z,86395,86395,0,1.0,1.0,1.0,0.0,0,0,0,0,-0.0,0.0,1e-06,-3.601443e-10,2.029711e-10,7.130438e-10,False,0.0,False
2016-10-11,CE02SHBP-LJ01D-07-VEL3DC108,3,True,2016-10-11T00:00:00Z,2016-10-11T23:59:53Z,86394,86394,0,1.0,1.0,1.0,0.0,0,0,0,0,-0.0,0.0,1e-06,-3.792206e-10,2.141488e-10,7.421477e-10,False,0.0,False
2016-10-12,CE02SHBP-LJ01D-07-VEL3DC108,3,True,2016-10-12T00:00:00Z,2016-10-12T23:59:51Z,86392,86392,0,1.0,1.0,1.0,-0.0,0,0,0,0,0.0,0.0,0.0,1.254235e-10,6.750391e-11,2.473826e-10,False,0.0,False
2016-10-13,CE02SHBP-LJ01D-07-VEL3DC108,3,True,2016-10-13T00:00:00Z,2016-10-13T23:59:56Z,86397,86397,0,1.0,1.0,1.0,-0.0,0,0,0,0,-0.0,0.0,0.0,-1.060337e-10,6.429039e-11,2.182787e-10,False,0.0,False
2016-10-14,CE02SHBP-LJ01D-07-VEL3DC108,3,True,2016-10-14T00:00:00Z,2016-10-14T23:59:53Z,86394,86394,0,1.0,1.0,1.0,0.0,0,0,0,0,-0.0,0.0,1e-06,-3.792206e-10,2.141488e-10,7.421477e-10,False,0.0,False
2016-10-15,CE02SHBP-LJ01D-07-VEL3DC108,3,True,2016-10-15T00:00:00Z,2016-10-15T23:59:52Z,86393,86393,0,1.0,1.0,1.0,-0.0,0,0,0,0,-0.0,0.0,1e-06,-3.057992e-10,1.783672e-10,6.111804e-10,False,0.0,False
2016-10-16,CE02SHBP-LJ01D-07-VEL3DC108,3,True,2016-10-16T00:00:00Z,2016-10-16T23:59:53Z,86394,86394,0,1.0,1.0,1.0,0.0,0,0,0,0,-0.0,0.0,1e-06,-3.792206e-10,2.141488e-10,7.421477e-10,False,0.0,False
2016-10-17,CE02SHBP-LJ01D-07-VEL3DC108,3,True,2016-10-17T00:00:00Z,2016-10-17T23:59:55Z,86396,86396,0,1.0,1.0,1.0,-0.0,0,0,0,0,-0.0,0.0,0.0,-1.042676e-10,6.193725e-11,2.182787e-10,False,0.0,False
2016-10-18,CE02SHBP-LJ01D-07-VEL3DC108,3,True,2016-10-18T00:00:00Z,2016-10-18T23:59:53Z,86394,86394,0,1.0,1.0,1.0,0.0,0,0,0,0,-0.0,0.0,1e-06,-3.792206e-10,2.141488e-10,7.421477e-10,False,0.0,False
2016-10-19,CE02SHBP-LJ01D-07-VEL3DC108,3,True,2016-10-19T00:00:00Z,2016-10-19T23:59:54Z,86395,86395,0,1.0,1.0,1.0,0.0,0,0,0,0,-0.0,0.0,1e-06,-3.601443e-10,2.029711e-10,7.130438e-10,False,0.0,False
2016-10-20,CE02SHBP-LJ01D-07-VEL3DC108,3,True,2016-10-20T00:00:00Z,2016-10-20T23:59:56Z,86397,86397,0,1.0,1.0,1.0,-0.0,0,0,0,0,-0.0,0.0,0.0,-1.060337e-10,6.429039e-11,2.182787e-10,False,0.0,False
2016-10-21,CE02SHBP-LJ01D-07-VEL3DC108,3,True,2016-10-21T00:00:00Z,2016-10-21T23:59:52Z,86393,86393,0,1.0,1.0,1.0,-0.0,0,0,0,0,-0.0,0.0,1e-06,-3.057992e-10,1.783672e-10,6.111804e-10,False,0.0,False
2016-10-22,CE02SHBP-LJ01D-07-VEL3DC108,3,True,2016-10-22T00:00:00Z,2016-10-22T23:59:54Z,86395,86395,0,1.0,1.0,1.0,0.0,0,0,0,0,-0.0,0.0,1e-06,-3.601443e-10,2.029711e-10,7.130438e-10,False,0.0,False
2016-10-23,CE02SHBP-LJ01D-07-VEL3DC108,3,True,2016-10-23T00:00:00Z,2016-10-23T23:59:53Z,86394,86394,0,1.0,1.0,1.0,0.0,0,0,0,0,-0.0,0.0,1e-06,-3.792206e-10,2.141488e-10,7.421477e-10,False,0.0,False
2016-10-24,CE02SHBP-LJ01D-07-VEL3DC108,3,True,2016-10-24T00:00:00Z,2016-10-24T23:59:54Z,86395,86395,0,1.0,1.0,1.0,0.0,0,0,0,0,-0.0,0.0,1e-06,-3.601443e-10,2.029711e-10,7.130438e-10,False,0.0,False
2016-10-25,CE02SHBP-LJ01D-07-VEL3DC108,3,True,2016-10-25T00:00:00Z,2016-10-25T23:59:53Z,86394,86394,0,1.0,1.0,1.0,0.0,0,0,0,0,-0.0,0.0,1e-06,-3.792206e-10,2.141488e-10,7.421477e-10,False,0.0,False
2016-10-26,CE02SHBP-LJ01D-07-VEL3DC108,3,True,2016-10-26T00:00:00Z,2016-10-26T23:59:54Z,86395,86395,0,1.0,1.0,1.0,0.0,0,0,0,0,-0.0,0.0,1e-06,-3.601443e-10,2.029711e-10,7.130438e-10,False,0.0,False
2016-10-27,CE02SHBP-LJ01D-07-VEL3DC108,3,True,2016-10-27T00:00:00Z,2016-10-27T23:59:53Z,86394,86394,0,1.0,1.0,1.0,0.0,0,0,0,0,-0.0,0.0,1e-06,-3.792206e-10,2.141488e-10,7.421477e-10,False,0.0,False
2016-10-28,CE02SHBP-LJ01D-07-VEL3DC108,3,True,2016-10-28T00:00:00Z,2016-10-28T23:59:55Z,86396,86396,0,1.0,1.0,1.0,-0.0,0,0,0,0,-0.0,0.0,0.0,-1.042676e-10,6.193725e-11,2.182787e-10,False,0.0,False
2016-10-29,CE02SHBP-LJ01D-07-VEL3DC108,3,True,2016-10-29T00:00:00Z,2016-10-29T23:59:54Z,86395,86395,0,1.0,1.0,1.0,0.0,0,0,0,0,-0.0,0.0,1e-06,-3.601443e-10,2.029711e-10,7.130438e-10,False,0.0,False
2016-10-30,CE02SHBP-LJ01D-07-VEL3DC108,3,True,2016-10-30T00:00:00Z,2016-10-30T23:59:53Z,86394,86394,0,1.0,1.0,1.0,0.0,0,0,0,0,-0.0,0.0,1e-06,-3.792206e-10,2.141488e-10,7.421477e-10,False,0.0,False
2016-10-31,CE02SHBP-LJ01D-07-VEL3DC108,3,True,2016-10-31T00:00:00Z,2016-10-31T23:59:54Z,86395,86395,0,1.0,1.0,1.0,0.0,0,0,0,0,-0.0,0.0,1e-06,-3.601443e-10,2.029711e-10,7.130438e-10,False,0.0,False
2016-11-01,CE02SHBP-LJ01D-07-VEL3DC108,3,True,2016-11-01T00:00:00Z,2016-11-01T23:59:55Z,86396,86396,0,1.0,1.0,1.0,-0.0,0,0,0,0,-0.0,0.0,0.0,-1.042676e-10,6.193725e-11,2.182787e-10,False,0.0,False
2016-11-02,CE02SHBP-LJ01D-07-VEL3DC108,3,True,2016-11-02T00:00:00Z,2016-11-02T23:59:53Z,86394,86394,0,1.0,1.0,1.0,0.0,0,0,0,0,-0.0,0.0,1e-06,-3.792206e-10,2.141488e-10,7.421477e-10,False,0.0,False
2016-11-03,CE02SHBP-LJ01D-07-VEL3DC108,3,True,2016-11-03T00:00:00Z,2016-11-03T23:59:52Z,86393,86393,0,1.0,1.0,1.0,-0.0,0,0,0,0,-0.0,0.0,1e-06,-3.057992e-10,1.783672e-10,6.111804e-10,False,0.0,False
2016-11-04,CE02SHBP-LJ01D-07-VEL3DC108,3,True,2016-11-04T00:00:00Z,2016-11-04T23:59:54Z,86395,86395,0,1.0,1.0,1.0,0.0,0,0,0,0,-0.0,0.0,1e-06,-3.601443e-10,2.029711e-10,7.130438e-10,False,0.0,False
2016-11-05,CE02SHBP-LJ01D-07-VEL3DC108,3,True,2016-11-05T00:00:00Z,2016-11-05T23:59:55Z,86396,86396,0,1.0,1.0,1.0,-0.0,0,0,0,0,-0.0,0.0,0.0,-1.042676e-10,6.193725e-11,2.182787e-10,False,0.0,False
2016-11-06,CE02SHBP-LJ01D-07-VEL3DC108,3,True,2016-11-06T00:00:00Z,2016-11-06T23:59:55Z,86396,86396,0,1.0,1.0,1.0,-0.0,0,0,0,0,-0.0,0.0,0.0,-1.042676e-10,6.193725e-11,2.182787e-10,False,0.0,False
2016-11-07,CE02SHBP-LJ01D-07-VEL3DC108,3,True,2016-11-07T00:00:00Z,2016-11-07T23:59:53Z,86394,86394,0,1.0,1.0,1.0,0.0,0,0,0,0,-0.0,0.0,1e-06,-3.792206e-10,2.141488e-10,7.421477e-10,False,0.0,False
2016-11-08,CE02SHBP-LJ01D-07-VEL3DC108,3,True,2016-11-08T00:00:00Z,2016-11-08T23:59:54Z,86395,86395,0,1.0,1.0,1.0,0.0,0,0,0,0,-0.0,0.0,1e-06,-3.601443e-10,2.029711e-10,7.130438e-10,False,0.0,False
2016-11-09,CE02SHBP-LJ01D-07-VEL3DC108,3,True,2016-11-09T00:00:00Z,2016-11-09T23:59:53Z,86394,86394,0,1.0,1.0,1.0,0.0,0,0,0,0,-0.0,0.0,1e-06,-3.792206e-10,2.141488e-10,7.421477e-10,False,0.0,False
2016-11-10,CE02SHBP-LJ01D-07-VEL3DC108,3,True,2016-11-10T00:00:00Z,2016-11-10T23:59:52Z,86393,86393,0,1.0,1.0,1.0,-0.0,0,0,0,0,-0.0,0.0,1e-06,-3.057992e-10,1.783672e-10,6.111804e-10,False,0.0,False
2016-11-11,CE02SHBP-LJ01D-07-VEL3DC108,3,True,2016-11-11T00:00:00Z,2016-11-11T23:59:55Z,86396,86396,0,1.0,1.0,1.0,-0.0,0,0,0,0,-0.0,0.0,0.0,-1.042676e-10,6.193725e-11,2.182787e-10,False,0.0,False
2016-11-12,CE02SHBP-LJ01D-07-VEL3DC108,3,True,2016-11-12T00:00:00Z,2016-11-12T23:59:53Z,86394,86394,0,1.0,1.0,1.0,0.0,0,0,0,0,-0.0,0.0,1e-06,-3.792206e-10,2.141488e-10,7.421477e-10,False,0.0,False
2016-11-13,CE02SHBP-LJ01D-07-VEL3DC108,3,True,2016-11-13T00:00:00Z,2016-11-13T23:59:52Z,86393,86393,0,1.0,1.0,1.0,-0.0,0,0,0,0,-0.0,0.0,1e-06,-3.057992e-10,1.783672e-10,6.111804e-10,False,0.0,False
2016-11-14,CE02SHBP-LJ01D-07-VEL3DC108,3,True,2016-11-14T00:00:00Z,2016-11-14T23:59:53Z,86394,86394,0,1.0,1.0,1.0,0.0,0,0,0,0,-0.0,0.0,1e-06,-3.792206e-10,2.141488e-10,7.421477e-10,False,0.0,False
2016-11-15,CE02SHBP-LJ01D-07-VEL3DC108,3,True,2016-11-15T00:00:00Z,2016-11-15T23:59:54Z,86395,86395,0,1.0,1.0,1.0,0.0,0,0,0,0,-0.0,0.0,1e-06,-3.601443e-10,2.029711e-10,7.130438e-10,False,0.0,False
2016-11-16,CE02SHBP-LJ01D-07-VEL3DC108,3,True,2016-11-16T00:00:00Z,2016-11-16T23:59:52Z,86393,86393,0,1.0,1.0,1.0,-0.0,0,0,0,0,-0.0,0.0,1e-06,-3.057992e-10,1.783672e-10,6.111804e-10,False,0.0,False
2016-11-17,CE02SHBP-LJ01D-07-VEL3DC108,3,True,2016-11-17T00:00:00Z,2016-11-17T23:59:53Z,86394,86394,0,1.0,1.0,1.0,0.0,0,0,0,0,-0.0,0.0,1e-06,-3.792206e-10,2.141488e-10,7.421477e-10,False,0.0,False
2016-11-18,CE02SHBP-LJ01D-07-VEL3DC108,3,True,2016-11-18T00:00:00Z,2016-11-18T23:59:53Z,86394,86394,0,1.0,1.0,1.0,0.0,0,0,0,0,-0.0,0.0,1e-06,-3.792206e-10,2.141488e-10,7.421477e-10,False,0.0,False
2016-11-19,CE02SHBP-LJ01D-07-VEL3DC108,3,True,2016-11-19T00:00:00Z,2016-11-19T23:59:53Z,86394,86394,0,1.0,1.0,1.0,0.0,0,0,0,0,-0.0,0.0,1e-06,-3.792206e-10,2.141488e-10,7.421477e-10,False,0.0,False
2016-11-20,CE02SHBP-LJ01D-07-VEL3DC108,3,True,2016-11-20T00:00:00Z,2016-11-20T23:59:53Z,86394,86394,0,1.0,1.0,1.0,0.0,0,0,0,0,-0.0,0.0,1e-06,-3.792206e-10,2.141488e-10,7.421477e-10,False,0.0,False
2016-11-21,CE02SHBP-LJ01D-07-VEL3DC108,3,True,2016-11-21T00:00:00Z,2016-11-21T23:59:53Z,86394,86394,0,1.0,1.0,1.0,0.0,0,0,0,0,-0.0,0.0,1e-06,-3.792206e-10,2.141488e-10,7.421477e-10,False,0.0,False
2016-11-22,CE02SHBP-LJ01D-07-VEL3DC108,3,True,2016-11-22T00:00:00Z,2016-11-22T23:59:53Z,86394,86394,0,1.0,1.0,1.0,0.0,0,0,0,0,-0.0,0.0,1e-06,-3.792206e-10,2.141488e-10,7.421477e-10,False,0.0,False
2016-11-23,CE02SHBP-LJ01D-07-VEL3DC108,3,True,2016-11-23T00:00:00Z,2016-11-23T23:59:54Z,86395,86395,0,1.0,1.0,1.0,0.0,0,0,0,0,-0.0,0.0,1e-06,-3.601443e-10,2.029711e-10,7.130438e-10,False,0.0,False
2016-11-24,CE02SHBP-LJ01D-07-VEL3DC108,3,True,2016-11-24T00:00:00Z,2016-11-24T23:59:55Z,86396,86396,0,1.0,1.0,1.0,-0.0,0,0,0,0,-0.0,0.0,0.0,-1.042676e-10,6.193725e-11,2.182787e-10,False,0.0,False
2016-11-25,CE02SHBP-LJ01D-07-VEL3DC108,3,True,2016-11-25T00:00:00Z,2016-11-25T23:59:52Z,86393,86393,0,1.0,1.0,1.0,-0.0,0,0,0,0,-0.0,0.0,1e-06,-3.057992e-10,1.783672e-10,6.111804e-10,False,0.0,False
2016-11-26,CE02SHBP-LJ01D-07-VEL3DC108,3,True,2016-11-26T00:00:00Z,2016-11-26T23:59:53Z,86394,86394,0,1.0,1.0,1.0,0.0,0,0,0,0,-0.0,0.0,1e-06,-3.792206e-10,2.141488e-10,7.421477e-10,False,0.0,False
2016-11-27,CE02SHBP-LJ01D-07-VEL3DC108,3,True,2016-11-27T00:00:00Z,2016-11-27T23:59:55Z,86396,86396,0,1.0,1.0,1.0,-0.0,0,0,0,0,-0.0,0.0,0.0,-1.042676e-10,6.193725e-11,2.182787e-10,False,0.0,False
2016-11-28,CE02SHBP-LJ01D-07-VEL3DC108,3,True,2016-11-28T00:00:00Z,2016-11-28T23:59:52Z,86393,86393,0,1.0,1.0,1.0,-0.0,0,0,0,0,-0.0,0.0,1e-06,-3.057992e-10,1.783672e-10,6.111804e-10,False,0.0,False
2016-11-29,CE02SHBP-LJ01D-07-VEL3DC108,3,True,2016-11-29T00:00:00Z,2016-11-29T23:59:54Z,86395,86395,0,1.0,1.0,1.0,0.0,0,0,0,0,-0.0,0.0,1e-06,-3.601443e-10,2.029711e-10,7.130438e-10,False,0.0,False
2016-11-30,CE02SHBP-LJ01D-07-VEL3DC108,3,True,2016-11-30T00:00:00Z,2016-11-30T23:59:18Z,86228,86359,131,1.0,1.0,1.0,-0.0,1,131,1,131,-0.0,0.0,1e-06,-2.877298e-10,1.661371e-10,5.820766e-10,False,0.0,True
2016-12-01,CE02SHBP-LJ01D-07-VEL3DC108,3,True,2016-12-01T00:00:00Z,2016-12-01T23:59:53Z,86394,86394,0,1.0,1.0,1.0,0.0,0,0,0,0,-0.0,0.0,1e-06,-3.792206e-10,2.141488e-10,7.421477e-10,False,0.0,False
2016-12-02,CE02SHBP-LJ01D-07-VEL3DC108,3,True,2016-12-02T00:00:00Z,2016-12-02T23:59:54Z,86395,86395,0,1.0,1.0,1.0,0.0,0,0,0,0,-0.0,0.0,1e-06,-3.601443e-10,2.029711e-10,7.130438e-10,False,0.0,False
2016-12-03,CE02SHBP-LJ01D-07-VEL3DC108,3,True,2016-12-03T00:00:00Z,2016-12-03T23:59:53Z,86394,86394,0,1.0,1.0,1.0,0.0,0,0,0,0,-0.0,0.0,1e-06,-3.792206e-10,2.141488e-10,7.421477e-10,False,0.0,False
2016-12-04,CE02SHBP-LJ01D-07-VEL3DC108,3,True,2016-12-04T00:00:00Z,2016-12-04T23:59:54Z,86395,86395,0,1.0,1.0,1.0,0.0,0,0,0,0,-0.0,0.0,1e-06,-3.601443e-10,2.029711e-10,7.130438e-10,False,0.0,False
2016-12-05,CE02SHBP-LJ01D-07-VEL3DC108,3,True,2016-12-05T00:00:00Z,2016-12-05T23:59:55Z,86396,86396,0,1.0,1.0,1.0,-0.0,0,0,0,0,-0.0,0.0,0.0,-1.042676e-10,6.193725e-11,2.182787e-10,False,0.0,False
2016-12-06,CE02SHBP-LJ01D-07-VEL3DC108,3,True,2016-12-06T00:00:00Z,2016-12-06T23:59:53Z,86394,86394,0,1.0,1.0,1.0,0.0,0,0,0,0,-0.0,0.0,1e-06,-3.792206e-10,2.141488e-10,7.421477e-10,False,0.0,False
2016-12-07,CE02SHBP-LJ01D-07-VEL3DC108,3,True,2016-12-07T00:00:00Z,2016-12-07T23:59:53Z,86394,86394,0,1.0,1.0,1.0,0.0,0,0,0,0,-0.0,0.0,1e-06,-3.792206e-10,2.141488e-10,7.421477e-10,False,0.0,False
2016-12-08,CE02SHBP-LJ01D-07-VEL3DC108,3,True,2016-12-08T00:00:00Z,2016-12-08T23:59:53Z,86394,86394,0,1.0,1.0,1.0,0.0,0,0,0,0,-0.0,0.0,1e-06,-3.792206e-10,2.141488e-10,7.421477e-10,False,0.0,False
2016-12-09,CE02SHBP-LJ01D-07-VEL3DC108,3,True,2016-12-09T00:00:00Z,2016-12-09T23:59:54Z,86395,86395,0,1.0,1.0,1.0,0.0,0,0,0,0,-0.0,0.0,1e-06,-3.601443e-10,2.029711e-10,7.130438e-10,False,0.0,False
2016-12-10,CE02SHBP-LJ01D-07-VEL3DC108,3,True,2016-12-10T00:00:00Z,2016-12-10T23:59:53Z,86394,86394,0,1.0,1.0,1.0,0.0,0,0,0,0,-0.0,0.0,1e-06,-3.792206e-10,2.141488e-10,7.421477e-10,False,0.0,False
2016-12-11,CE02SHBP-LJ01D-07-VEL3DC108,3,True,2016-12-11T00:00:00Z,2016-12-11T23:59:53Z,86394,86394,0,1.0,1.0,1.0,0.0,0,0,0,0,-0.0,0.0,1e-06,-3.792206e-10,2.141488e-10,7.421477e-10,False,0.0,False
2016-12-12,CE02SHBP-LJ01D-07-VEL3DC108,3,True,2016-12-12T00:00:00Z,2016-12-12T23:59:54Z,86395,86395,0,1.0,1.0,1.0,0.0,0,0,0,0,-0.0,0.0,1e-06,-3.601443e-10,2.029711e-10,7.130438e-10,False,0.0,False
2016-12-13,CE02SHBP-LJ01D-07-VEL3DC108,3,True,2016-12-13T00:00:00Z,2016-12-13T23:59:54Z,86395,86395,0,1.0,1.0,1.0,0.0,0,0,0,0,-0.0,0.0,1e-06,-3.601443e-10,2.029711e-10,7.130438e-10,False,0.0,False
2016-12-14,CE02SHBP-LJ01D-07-VEL3DC108,3,True,2016-12-14T00:00:00Z,2016-12-14T23:59:56Z,86397,86397,0,1.0,1.0,1.0,-0.0,0,0,0,0,-0.0,0.0,0.0,-1.060337e-10,6.429039e-11,2.182787e-10,False,0.0,False
2016-12-15,CE02SHBP-LJ01D-07-VEL3DC108,3,True,2016-12-15T00:00:00Z,2016-12-15T23:59:53Z,86394,86394,0,1.0,1.0,1.0,0.0,0,0,0,0,-0.0,0.0,1e-06,-3.792206e-10,2.141488e-10,7.421477e-10,False,0.0,False
2016-12-16,CE02SHBP-LJ01D-07-VEL3DC108,3,True,2016-12-16T00:00:00Z,2016-12-16T23:59:55Z,86396,86396,0,1.0,1.0,1.0,-0.0,0,0,0,0,-0.0,0.0,0.0,-1.042676e-10,6.193725e-11,2.182787e-10,False,0.0,False
2016-12-17,CE02SHBP-LJ01D-07-VEL3DC108,3,True,2016-12-17T00:00:00Z,2016-12-17T23:59:54Z,86395,86395,0,1.0,1.0,1.0,0.0,0,0,0,0,-0.0,0.0,1e-06,-3.601443e-10,2.029711e-10,7.130438e-10,False,0.0,False
2016-12-18,CE02SHBP-LJ01D-07-VEL3DC108,3,True,2016-12-18T00:00:00Z,2016-12-18T23:59:53Z,86394,86394,0,1.0,1.0,1.0,0.0,0,0,0,0,-0.0,0.0,1e-06,-3.792206e-10,2.141488e-10,7.421477e-10,False,0.0,False
2016-12-19,CE02SHBP-LJ01D-07-VEL3DC108,3,True,2016-12-19T00:00:00Z,2016-12-19T23:59:55Z,86396,86396,0,1.0,1.0,1.0,-0.0,0,0,0,0,-0.0,0.0,0.0,-1.042676e-10,6.193725e-11,2.182787e-10,False,0.0,False
2016-12-20,CE02SHBP-LJ01D-07-VEL3DC108,3,True,2016-12-20T00:00:00Z,2016-12-20T23:59:54Z,86395,86395,0,1.0,1.0,1.0,0.0,0,0,0,0,-0.0,0.0,1e-06,-3.601443e-10,2.029711e-10,7.130438e-10,False,0.0,False
2016-12-21,CE02SHBP-LJ01D-07-VEL3DC108,3,True,2016-12-21T00:00:00Z,2016-12-21T23:59:54Z,86395,86395,0,1.0,1.0,1.0,0.0,0,0,0,0,-0.0,0.0,1e-06,-3.601443e-10,2.029711e-10,7.130438e-10,False,0.0,False
2016-12-22,CE02SHBP-LJ01D-07-VEL3DC108,3,True,2016-12-22T00:00:00Z,2016-12-22T01:49:16Z,6557,6557,0,1.0,1.0,1.0,-0.0,0,0,0,0,0.0,0.0,0.0,2.266766e-13,1.919341e-13,4.547474e-13,False,0.0,False
2016-12-23,CE02SHBP-LJ01D-07-VEL3DC108,3,True,2016-12-23T12:42:00Z,2016-12-23T23:58:52Z,40613,40613,0,1.0,1.0,1.0,-0.0,0,0,0,0,-0.0,0.0,0.0,-3.548263e-11,2.145105e-11,7.275958e-11,False,0.0,False
2016-12-24,CE02SHBP-LJ01D-07-VEL3DC108,3,True,2016-12-24T00:00:00Z,2016-12-24T23:59:55Z,86396,86396,0,1.0,1.0,1.0,-0.0,0,0,0,0,-0.0,0.0,0.0,-1.042676e-10,6.193725e-11,2.182787e-10,False,0.0,False
2016-12-25,CE02SHBP-LJ01D-07-VEL3DC108,3,True,2016-12-25T00:00:00Z,2016-12-25T23:59:55Z,86396,86396,0,1.0,1.0,1.0,-0.0,0,0,0,0,-0.0,0.0,0.0,-1.042676e-10,6.193725e-11,2.182787e-10,False,0.0,False
2016-12-26,CE02SHBP-LJ01D-07-VEL3DC108,3,True,2016-12-26T00:00:00Z,2016-12-26T23:59:53Z,86394,86394,0,1.0,1.0,1.0,0.0,0,0,0,0,-0.0,0.0,1e-06,-3.792206e-10,2.141488e-10,7.421477e-10,False,0.0,False
2016-12-27,CE02SHBP-LJ01D-07-VEL3DC108,3,True,2016-12-27T00:00:00Z,2016-12-27T23:59:55Z,86396,86396,0,1.0,1.0,1.0,-0.0,0,0,0,0,-0.0,0.0,0.0,-1.042676e-10,6.193725e-11,2.182787e-10,False,0.0,False
2016-12-28,CE02SHBP-LJ01D-07-VEL3DC108,3,True,2016-12-28T00:00:00Z,2016-12-28T23:59:55Z,86396,86396,0,1.0,1.0,1.0,-0.0,0,0,0,0,-0.0,0.0,0.0,-1.042676e-10,6.193725e-11,2.182787e-10,False,0.0,False
2016-12-29,CE02SHBP-LJ01D-07-VEL3DC108,3,True,2016-12-29T00:00:00Z,2016-12-29T23:59:53Z,86394,86394,0,1.0,1.0,1.0,0.0,0,0,0,0,-0.0,0.0,1e-06,-3.792206e-10,2.141488e-10,7.421477e-10,False,0.0,False
2016-12-30,CE02SHBP-LJ01D-07-VEL3DC108,3,True,2016-12-30T00:00:00Z,2016-12-30T23:59:54Z,86395,86395,0,1.0,1.0,1.0,0.0,0,0,0,0,-0.0,0.0,1e-06,-3.601443e-10,2.029711e-10,7.130438e-10,False,0.0,False
2016-12-31,CE02SHBP-LJ01D-07-VEL3DC108,3,True,2016-12-31T00:00:00Z,2016-12-31T23:59:58Z,86399,86399,0,1.0,1.0,1.0,-0.0,0,0,0,0,0.0,0.0,0.0,2.304436e-10,1.325542e-10,4.656613e-10,False,0.0,False
2017-01-01,CE02SHBP-LJ01D-07-VEL3DC108,3,True,2017-01-01T00:00:00Z,2017-01-01T23:59:55Z,86396,86396,0,1.0,1.0,1.0,-0.0,0,0,0,0,-0.0,0.0,0.0,-1.042676e-10,6.193725e-11,2.182787e-10,False,0.0,False
2017-01-02,CE02SHBP-LJ01D-07-VEL3DC108,3,True,2017-01-02T00:00:00Z,2017-01-02T23:59:54Z,86395,86395,0,1.0,1.0,1.0,0.0,0,0,0,0,-0.0,0.0,1e-06,-3.601443e-10,2.029711e-10,7.130438e-10,False,0.0,False
2017-01-03,CE02SHBP-LJ01D-07-VEL3DC108,3,True,2017-01-03T00:00:00Z,2017-01-03T23:59:55Z,86396,86396,0,1.0,1.0,1.0,-0.0,0,0,0,0,-0.0,0.0,0.0,-1.042676e-10,6.193725e-11,2.182787e-10,False,0.0,False
2017-01-04,CE02SHBP-LJ01D-07-VEL3DC108,3,True,2017-01-04T00:00:00Z,2017-01-04T23:59:53Z,86394,86394,0,1.0,1.0,1.0,0.0,0,0,0,0,-0.0,0.0,1e-06,-3.792206e-10,2.141488e-10,7.421477e-10,False,0.0,False
2017-01-05,CE02SHBP-LJ01D-07-VEL3DC108,3,True,2017-01-05T00:00:00Z,2017-01-05T23:59:54Z,86395,86395,0,1.0,1.0,1.0,0.0,0,0,0,0,-0.0,0.0,1e-06,-3.601443e-10,2.029711e-10,7.130438e-10,False,0.0,False
2017-01-06,CE02SHBP-LJ01D-07-VEL3DC108,3,True,2017-01-06T00:00:00Z,2017-01-06T23:59:56Z,86397,86397,0,1.0,1.0,1.0,-0.0,0,0,0,0,-0.0,0.0,0.0,-1.060337e-10,6.429039e-11,2.182787e-10,False,0.0,False
2017-01-07,CE02SHBP-LJ01D-07-VEL3DC108,3,True,2017-01-07T00:00:00Z,2017-01-07T23:59:52Z,86393,86393,0,1.0,1.0,1.0,-0.0,0,0,0,0,-0.0,0.0,1e-06,-3.057992e-10,1.783672e-10,6.111804e-10,False,0.0,False
2017-01-08,CE02SHBP-LJ01D-07-VEL3DC108,3,True,2017-01-08T00:00:00Z,2017-01-08T23:59:26Z,80171,86367,6196,1.0,1.0,1.0,-0.0,1,6196,1,6196,0.0,0.0,1e-06,3.615729e-10,2.111266e-10,7.566996e-10,False,0.0,True
2017-01-09,CE02SHBP-LJ01D-07-VEL3DC108,3,True,2017-01-09T00:00:00Z,2017-01-09T18:30:15Z,66616,66616,0,1.0,1.0,1.0,0.0,0,0,0,0,-0.0,0.0,0.0,-1.976134e-10,1.082604e-10,3.783498e-10,False,0.0,False
2017-01-10,CE02SHBP-LJ01D-07-VEL3DC108,3,False,,,0,0,,1.0,,,,,,,,,,,,,,,,False
2017-01-11,CE02SHBP-LJ01D-07-VEL3DC108,3,True,2017-01-11T01:21:01Z,2017-01-11T23:58:32Z,81452,81452,0,1.0,1.0,1.0,0.0,0,0,0,0,-0.0,0.0,1e-06,-2.59855e-10,1.397861e-10,5.09317e-10,False,0.0,False
2017-01-12,CE02SHBP-LJ01D-07-VEL3DC108,3,True,2017-01-12T00:00:00Z,2017-01-12T23:59:54Z,86395,86395,0,1.0,1.0,1.0,0.0,0,0,0,0,-0.0,0.0,1e-06,-3.601443e-10,2.029711e-10,7.130438e-10,False,0.0,False
2017-01-13,CE02SHBP-LJ01D-07-VEL3DC108,3,True,2017-01-13T00:00:00Z,2017-01-13T23:59:56Z,86397,86397,0,1.0,1.0,1.0,-0.0,0,0,0,0,-0.0,0.0,0.0,-1.060337e-10,6.429039e-11,2.182787e-10,False,0.0,False
2017-01-14,CE02SHBP-LJ01D-07-VEL3DC108,3,True,2017-01-14T00:00:00Z,2017-01-14T23:59:53Z,86394,86394,0,1.0,1.0,1.0,0.0,0,0,0,0,-0.0,0.0,1e-06,-3.792206e-10,2.141488e-10,7.421477e-10,False,0.0,False
2017-01-15,CE02SHBP-LJ01D-07-VEL3DC108,3,True,2017-01-15T00:00:00Z,2017-01-15T23:59:54Z,86395,86395,0,1.0,1.0,1.0,0.0,0,0,0,0,-0.0,0.0,1e-06,-3.601443e-10,2.029711e-10,7.130438e-10,False,0.0,False
2017-01-16,CE02SHBP-LJ01D-07-VEL3DC108,3,True,2017-01-16T00:00:00Z,2017-01-16T23:59:54Z,86395,86395,0,1.0,1.0,1.0,0.0,0,0,0,0,-0.0,0.0,1e-06,-3.601443e-10,2.029711e-10,7.130438e-10,False,0.0,False
2017-01-17,CE02SHBP-LJ01D-07-VEL3DC108,3,True,2017-01-17T00:00:00Z,2017-01-17T23:59:54Z,86395,86395,0,1.0,1.0,1.0,0.0,0,0,0,0,-0.0,0.0,1e-06,-3.601443e-10,2.029711e-10,7.130438e-10,False,0.0,False
2017-01-18,CE02SHBP-LJ01D-07-VEL3DC108,3,True,2017-01-18T00:00:00Z,2017-01-18T23:59:53Z,86394,86394,0,1.0,1.0,1.0,0.0,0,0,0,0,-0.0,0.0,1e-06,-3.792206e-10,2.141488e-10,7.421477e-10,False,0.0,False
2017-01-19,CE02SHBP-LJ01D-07-VEL3DC108,3,True,2017-01-19T00:00:00Z,2017-01-19T23:59:55Z,86396,86396,0,1.0,1.0,1.0,-0.0,0,0,0,0,-0.0,0.0,0.0,-1.042676e-10,6.193725e-11,2.182787e-10,False,0.0,False
2017-01-20,CE02SHBP-LJ01D-07-VEL3DC108,3,True,2017-01-20T00:00:00Z,2017-01-20T23:59:56Z,86397,86397,0,1.0,1.0,1.0,-0.0,0,0,0,0,-0.0,0.0,0.0,-1.060337e-10,6.429039e-11,2.182787e-10,False,0.0,False
2017-01-21,CE02SHBP-LJ01D-07-VEL3DC108,3,True,2017-01-21T00:00:00Z,2017-01-21T23:59:53Z,86394,86394,0,1.0,1.0,1.0,0.0,0,0,0,0,-0.0,0.0,1e-06,-3.792206e-10,2.141488e-10,7.421477e-10,False,0.0,False
2017-01-22,CE02SHBP-LJ01D-07-VEL3DC108,3,True,2017-01-22T00:00:00Z,2017-01-22T23:59:52Z,86393,86393,0,1.0,1.0,1.0,-0.0,0,0,0,0,-0.0,0.0,1e-06,-3.057992e-10,1.783672e-10,6.111804e-10,False,0.0,False
2017-01-23,CE02SHBP-LJ01D-07-VEL3DC108,3,True,2017-01-23T00:00:00Z,2017-01-23T23:59:52Z,86393,86393,0,1.0,1.0,1.0,-0.0,0,0,0,0,-0.0,0.0,1e-06,-3.057992e-10,1.783672e-10,6.111804e-10,False,0.0,False
2017-01-24,CE02SHBP-LJ01D-07-VEL3DC108,3,True,2017-01-24T00:00:00Z,2017-01-24T23:59:53Z,86394,86394,0,1.0,1.0,1.0,0.0,0,0,0,0,-0.0,0.0,1e-06,-3.792206e-10,2.141488e-10,7.421477e-10,False,0.0,False
2017-01-25,CE02SHBP-LJ01D-07-VEL3DC108,3,True,2017-01-25T00:00:00Z,2017-01-25T23:59:54Z,86395,86395,0,1.0,1.0,1.0,0.0,0,0,0,0,-0.0,0.0,1e-06,-3.601443e-10,2.029711e-10,7.130438e-10,False,0.0,False
2017-01-26,CE02SHBP-LJ01D-07-VEL3DC108,3,True,2017-01-26T00:00:00Z,2017-01-26T23:59:53Z,86394,86394,0,1.0,1.0,1.0,0.0,0,0,0,0,-0.0,0.0,1e-06,-3.792206e-10,2.141488e-10,7.421477e-10,False,0.0,False
2017-01-27,CE02SHBP-LJ01D-07-VEL3DC108,3,True,2017-01-27T00:00:00Z,2017-01-27T23:59:52Z,86393,86393,0,1.0,1.0,1.0,-0.0,0,0,0,0,-0.0,0.0,1e-06,-3.057992e-10,1.783672e-10,6.111804e-10,False,0.0,False
2017-01-28,CE02SHBP-LJ01D-07-VEL3DC108,3,True,2017-01-28T00:00:00Z,2017-01-28T23:59:55Z,86396,86396,0,1.0,1.0,1.0,-0.0,0,0,0,0,-0.0,0.0,0.0,-1.042676e-10,6.193725e-11,2.182787e-10,False,0.0,False
2017-01-29,CE02SHBP-LJ01D-07-VEL3DC108,3,True,2017-01-29T00:00:00Z,2017-01-29T23:59:52Z,86393,86393,0,1.0,1.0,1.0,-0.0,0,0,0,0,-0.0,0.0,1e-06,-3.057992e-10,1.783672e-10,6.111804e-10,False,0.0,False
2017-01-30,CE02SHBP-LJ01D-07-VEL3DC108,3,True,2017-01-30T00:00:00Z,2017-01-30T23:59:54Z,86395,86395,0,1.0,1.0,1.0,0.0,0,0,0,0,-0.0,0.0,1e-06,-3.601443e-10,2.029711e-10,7.130438e-10,False,0.0,False
2017-01-31,CE02SHBP-LJ01D-07-VEL3DC108,3,True,2017-01-31T00:00:00Z,2017-01-31T23:59:54Z,86395,86395,0,1.0,1.0,1.0,0.0,0,0,0,0,-0.0,0.0,1e-06,-3.601443e-10,2.029711e-10,7.130438e-10,False,0.0,False
2017-02-01,CE02SHBP-LJ01D-07-VEL3DC108,3,True,2017-02-01T00:00:00Z,2017-02-01T23:59:53Z,86394,86394,0,1.0,1.0,1.0,0.0,0,0,0,0,-0.0,0.0,1e-06,-3.792206e-10,2.141488e-10,7.421477e-10,False,0.0,False
2017-02-02,CE02SHBP-LJ01D-07-VEL3DC108,3,True,2017-02-02T00:00:00Z,2017-02-02T23:59:53Z,86394,86394,0,1.0,1.0,1.0,0.0,0,0,0,0,-0.0,0.0,1e-06,-3.792206e-10,2.141488e-10,7.421477e-10,False,0.0,False
2017-02-03,CE02SHBP-LJ01D-07-VEL3DC108,3,True,2017-02-03T00:00:00Z,2017-02-03T23:59:53Z,86394,86394,0,1.0,1.0,1.0,0.0,0,0,0,0,-0.0,0.0,1e-06,-3.792206e-10,2.141488e-10,7.421477e-10,False,0.0,False
2017-02-04,CE02SHBP-LJ01D-07-VEL3DC108,3,True,2017-02-04T00:00:00Z,2017-02-04T23:59:55Z,86396,86396,0,1.0,1.0,1.0,-0.0,0,0,0,0,-0.0,0.0,0.0,-1.042676e-10,6.193725e-11,2.182787e-10,False,0.0,False
2017-02-05,CE02SHBP-LJ01D-07-VEL3DC108,3,True,2017-02-05T00:00:00Z,2017-02-05T23:59:54Z,86395,86395,0,1.0,1.0,1.0,0.0,0,0,0,0,-0.0,0.0,1e-06,-3.601443e-10,2.029711e-10,7.130438e-10,False,0.0,False
2017-02-06,CE02SHBP-LJ01D-07-VEL3DC108,3,True,2017-02-06T00:00:00Z,2017-02-06T23:59:53Z,86394,86394,0,1.0,1.0,1.0,0.0,0,0,0,0,-0.0,0.0,1e-06,-3.792206e-10,2.141488e-10,7.421477e-10,False,0.0,False
2017-02-07,CE02SHBP-LJ01D-07-VEL3DC108,3,True,2017-02-07T00:00:00Z,2017-02-07T23:59:55Z,86396,86396,0,1.0,1.0,1.0,-0.0,0,0,0,0,-0.0,0.0,0.0,-1.042676e-10,6.193725e-11,2.182787e-10,False,0.0,False
2017-02-08,CE02SHBP-LJ01D-07-VEL3DC108,3,True,2017-02-08T00:00:00Z,2017-02-08T23:59:54Z,86395,86395,0,1.0,1.0,1.0,0.0,0,0,0,0,-0.0,0.0,1e-06,-3.601443e-10,2.029711e-10,7.130438e-10,False,0.0,False
2017-02-09,CE02SHBP-LJ01D-07-VEL3DC108,3,True,2017-02-09T00:00:00Z,2017-02-09T23:59:54Z,86395,86395,0,1.0,1.0,1.0,0.0,0,0,0,0,-0.0,0.0,1e-06,-3.601443e-10,2.029711e-10,7.130438e-10,False,0.0,False
2017-02-10,CE02SHBP-LJ01D-07-VEL3DC108,3,True,2017-02-10T00:00:00Z,2017-02-10T23:59:54Z,86395,86395,0,1.0,1.0,1.0,0.0,0,0,0,0,-0.0,0.0,1e-06,-3.601443e-10,2.029711e-10,7.130438e-10,False,0.0,False
2017-02-11,CE02SHBP-LJ01D-07-VEL3DC108,3,True,2017-02-11T00:00:00Z,2017-02-11T23:59:55Z,86396,86396,0,1.0,1.0,1.0,-0.0,0,0,0,0,-0.0,0.0,0.0,-1.042676e-10,6.193725e-11,2.182787e-10,False,0.0,False
2017-02-12,CE02SHBP-LJ01D-07-VEL3DC108,3,True,2017-02-12T00:00:00Z,2017-02-12T23:59:52Z,86393,86393,0,1.0,1.0,1.0,-0.0,0,0,0,0,-0.0,0.0,1e-06,-3.057992e-10,1.783672e-10,6.111804e-10,False,0.0,False
2017-02-13,CE02SHBP-LJ01D-07-VEL3DC108,3,True,2017-02-13T00:00:00Z,2017-02-13T23:59:53Z,86394,86394,0,1.0,1.0,1.0,0.0,0,0,0,0,-0.0,0.0,1e-06,-3.792206e-10,2.141488e-10,7.421477e-10,False,0.0,False
2017-02-14,CE02SHBP-LJ01D-07-VEL3DC108,3,True,2017-02-14T00:00:00Z,2017-02-14T23:59:54Z,86395,86395,0,1.0,1.0,1.0,0.0,0,0,0,0,-0.0,0.0,1e-06,-3.601443e-10,2.029711e-10,7.130438e-10,False,0.0,False
2017-02-15,CE02SHBP-LJ01D-07-VEL3DC108,3,True,2017-02-15T00:00:00Z,2017-02-15T14:42:27Z,52948,52948,0,1.0,1.0,1.0,-0.0,0,0,0,0,0.0,0.0,0.0,2.2172e-10,1.240914e-10,4.365575e-10,False,0.0,False
2017-02-16,CE02SHBP-LJ01D-07-VEL3DC108,3,True,2017-02-16T22:20:01Z,2017-02-16T23:59:07Z,5947,5947,0,1.0,1.0,1.0,0.0,0,0,0,0,-0.0,0.0,0.0,-2.652338e-12,1.519662e-12,5.456968e-12,False,0.0,False
2017-02-17,CE02SHBP-LJ01D-07-VEL3DC108,3,True,2017-02-17T00:00:00Z,2017-02-17T23:59:54Z,86395,86395,0,1.0,1.0,1.0,0.0,0,0,0,0,-0.0,0.0,1e-06,-3.601443e-10,2.029711e-10,7.130438e-10,False,0.0,False
2017-02-18,CE02SHBP-LJ01D-07-VEL3DC108,3,True,2017-02-18T00:00:00Z,2017-02-18T23:59:52Z,86393,86393,0,1.0,1.0,1.0,-0.0,0,0,0,0,-0.0,0.0,1e-06,-3.057992e-10,1.783672e-10,6.111804e-10,False,0.0,False
2017-02-19,CE02SHBP-LJ01D-07-VEL3DC108,3,True,2017-02-19T00:00:00Z,2017-02-19T23:59:54Z,86395,86395,0,1.0,1.0,1.0,0.0,0,0,0,0,-0.0,0.0,1e-06,-3.601443e-10,2.029711e-10,7.130438e-10,False,0.0,False
2017-02-20,CE02SHBP-LJ01D-07-VEL3DC108,3,True,2017-02-20T00:00:00Z,2017-02-20T23:59:53Z,86394,86394,0,1.0,1.0,1.0,0.0,0,0,0,0,-0.0,0.0,1e-06,-3.792206e-10,2.141488e-10,7.421477e-10,False,0.0,False
2017-02-21,CE02SHBP-LJ01D-07-VEL3DC108,3,True,2017-02-21T00:00:00Z,2017-02-21T23:59:53Z,86394,86394,0,1.0,1.0,1.0,0.0,0,0,0,0,-0.0,0.0,1e-06,-3.792206e-10,2.141488e-10,7.421477e-10,False,0.0,False
2017-02-22,CE02SHBP-LJ01D-07-VEL3DC108,3,True,2017-02-22T00:00:00Z,2017-02-22T23:59:52Z,86393,86393,0,1.0,1.0,1.0,-0.0,0,0,0,0,-0.0,0.0,1e-06,-3.057992e-10,1.783672e-10,6.111804e-10,False,0.0,False
2017-02-23,CE02SHBP-LJ01D-07-VEL3DC108,3,True,2017-02-23T00:00:00Z,2017-02-23T23:59:54Z,86395,86395,0,1.0,1.0,1.0,0.0,0,0,0,0,-0.0,0.0,1e-06,-3.601443e-10,2.029711e-10,7.130438e-10,False,0.0,False
2017-02-24,CE02SHBP-LJ01D-07-VEL3DC108,3,True,2017-02-24T00:00:00Z,2017-02-24T23:59:53Z,86394,86394,0,1.0,1.0,1.0,0.0,0,0,0,0,-0.0,0.0,1e-06,-3.792206e-10,2.141488e-10,7.421477e-10,False,0.0,False
2017-02-25,CE02SHBP-LJ01D-07-VEL3DC108,3,True,2017-02-25T00:00:00Z,2017-02-25T23:59:53Z,86394,86394,0,1.0,1.0,1.0,0.0,0,0,0,0,-0.0,0.0,1e-06,-3.792206e-10,2.141488e-10,7.421477e-10,False,0.0,False
2017-02-26,CE02SHBP-LJ01D-07-VEL3DC108,3,True,2017-02-26T00:00:00Z,2017-02-26T23:59:53Z,86394,86394,0,1.0,1.0,1.0,0.0,0,0,0,0,-0.0,0.0,1e-06,-3.792206e-10,2.141488e-10,7.421477e-10,False,0.0,False
2017-02-27,CE02SHBP-LJ01D-07-VEL3DC108,3,True,2017-02-27T00:00:00Z,2017-02-27T23:59:53Z,86394,86394,0,1.0,1.0,1.0,0.0,0,0,0,0,-0.0,0.0,1e-06,-3.792206e-10,2.141488e-10,7.421477e-10,False,0.0,False
2017-02-28,CE02SHBP-LJ01D-07-VEL3DC108,3,True,2017-02-28T00:00:00Z,2017-02-28T23:59:54Z,86395,86395,0,1.0,1.0,1.0,0.0,0,0,0,0,-0.0,0.0,1e-06,-3.601443e-10,2.029711e-10,7.130438e-10,False,0.0,False
2017-03-01,CE02SHBP-LJ01D-07-VEL3DC108,3,True,2017-03-01T00:00:00Z,2017-03-01T23:59:54Z,86395,86395,0,1.0,1.0,1.0,0.0,0,0,0,0,-0.0,0.0,1e-06,-3.601443e-10,2.029711e-10,7.130438e-10,False,0.0,False
2017-03-02,CE02SHBP-LJ01D-07-VEL3DC108,3,True,2017-03-02T00:00:00Z,2017-03-02T23:59:53Z,86394,86394,0,1.0,1.0,1.0,0.0,0,0,0,0,-0.0,0.0,1e-06,-3.792206e-10,2.141488e-10,7.421477e-10,False,0.0,False
2017-03-03,CE02SHBP-LJ01D-07-VEL3DC108,3,True,2017-03-03T00:00:00Z,2017-03-03T23:59:54Z,86395,86395,0,1.0,1.0,1.0,0.0,0,0,0,0,-0.0,0.0,1e-06,-3.601443e-10,2.029711e-10,7.130438e-10,False,0.0,False
2017-03-04,CE02SHBP-LJ01D-07-VEL3DC108,3,True,2017-03-04T00:00:00Z,2017-03-04T15:54:42Z,57283,57283,0,1.0,1.0,1.0,0.0,0,0,0,0,-0.0,0.0,1e-06,-2.611582e-10,1.500498e-10,5.238689e-10,False,0.0,False
2017-03-05,CE02SHBP-LJ01D-07-VEL3DC108,3,False,,,0,0,,1.0,,,,,,,,,,,,,,,,False
2017-03-06,CE02SHBP-LJ01D-07-VEL3DC108,3,True,2017-03-06T01:14:00Z,2017-03-06T23:58:54Z,81895,81895,0,1.0,1.0,1.0,-0.0,0,0,0,0,1e-06,0.0,1e-06,5.702546e-10,3.192136e-10,1.120497e-09,False,0.0,False
2017-03-07,CE02SHBP-LJ01D-07-VEL3DC108,3,True,2017-03-07T00:00:00Z,2017-03-07T23:59:54Z,86395,86395,0,1.0,1.0,1.0,0.0,0,0,0,0,-0.0,0.0,1e-06,-3.601443e-10,2.029711e-10,7.130438e-10,False,0.0,False
2017-03-08,CE02SHBP-LJ01D-07-VEL3DC108,3,True,2017-03-08T00:00:00Z,2017-03-08T23:59:53Z,86394,86394,0,1.0,1.0,1.0,0.0,0,0,0,0,-0.0,0.0,1e-06,-3.792206e-10,2.141488e-10,7.421477e-10,False,0.0,False
2017-03-09,CE02SHBP-LJ01D-07-VEL3DC108,3,True,2017-03-09T00:00:00Z,2017-03-09T23:59:52Z,86393,86393,0,1.0,1.0,1.0,-0.0,0,0,0,0,-0.0,0.0,1e-06,-3.057992e-10,1.783672e-10,6.111804e-10,False,0.0,False
2017-03-10,CE02SHBP-LJ01D-07-VEL3DC108,3,True,2017-03-10T00:00:00Z,2017-03-10T23:59:53Z,86394,86394,0,1.0,1.0,1.0,0.0,0,0,0,0,-0.0,0.0,1e-06,-3.792206e-10,2.141488e-10,7.421477e-10,False,0.0,False
2017-03-11,CE02SHBP-LJ01D-07-VEL3DC108,3,True,2017-03-11T00:00:00Z,2017-03-11T23:59:52Z,86393,86393,0,1.0,1.0,1.0,-0.0,0,0,0,0,-0.0,0.0,1e-06,-3.057992e-10,1.783672e-10,6.111804e-10,False,0.0,False
2017-03-12,CE02SHBP-LJ01D-07-VEL3DC108,3,True,2017-03-12T00:00:00Z,2017-03-12T23:59:52Z,86393,86393,0,1.0,1.0,1.0,-0.0,0,0,0,0,-0.0,0.0,1e-06,-3.057992e-10,1.783672e-10,6.111804e-10,False,0.0,False
2017-03-13,CE02SHBP-LJ01D-07-VEL3DC108,3,True,2017-03-13T00:00:00Z,2017-03-13T23:59:55Z,86396,86396,0,1.0,1.0,1.0,-0.0,0,0,0,0,-0.0,0.0,0.0,-1.042676e-10,6.193725e-11,2.182787e-10,False,0.0,False
2017-03-14,CE02SHBP-LJ01D-07-VEL3DC108,3,True,2017-03-14T00:00:00Z,2017-03-14T23:59:53Z,86394,86394,0,1.0,1.0,1.0,0.0,0,0,0,0,-0.0,0.0,1e-06,-3.792206e-10,2.141488e-10,7.421477e-10,False,0.0,False
2017-03-15,CE02SHBP-LJ01D-07-VEL3DC108,3,True,2017-03-15T00:00:00Z,2017-03-15T23:59:54Z,86395,86395,0,1.0,1.0,1.0,0.0,0,0,0,0,-0.0,0.0,1e-06,-3.601443e-10,2.029711e-10,7.130438e-10,False,0.0,False
2017-03-16,CE02SHBP-LJ01D-07-VEL3DC108,3,True,2017-03-16T00:00:00Z,2017-03-16T23:59:54Z,86395,86395,0,1.0,1.0,1.0,0.0,0,0,0,0,-0.0,0.0,1e-06,-3.601443e-10,2.029711e-10,7.130438e-10,False,0.0,False
2017-03-17,CE02SHBP-LJ01D-07-VEL3DC108,3,True,2017-03-17T00:00:00Z,2017-03-17T23:59:54Z,86395,86395,0,1.0,1.0,1.0,0.0,0,0,0,0,-0.0,0.0,1e-06,-3.601443e-10,2.029711e-10,7.130438e-10,False,0.0,False
2017-03-18,CE02SHBP-LJ01D-07-VEL3DC108,3,True,2017-03-18T00:00:00Z,2017-03-18T23:59:53Z,86394,86394,0,1.0,1.0,1.0,0.0,0,0,0,0,-0.0,0.0,1e-06,-3.792206e-10,2.141488e-10,7.421477e-10,False,0.0,False
2017-03-19,CE02SHBP-LJ01D-07-VEL3DC108,3,True,2017-03-19T00:00:00Z,2017-03-19T23:59:53Z,86394,86394,0,1.0,1.0,1.0,0.0,0,0,0,0,-0.0,0.0,1e-06,-3.792206e-10,2.141488e-10,7.421477e-10,False,0.0,False
2017-03-20,CE02SHBP-LJ01D-07-VEL3DC108,3,True,2017-03-20T00:00:00Z,2017-03-20T23:59:53Z,86394,86394,0,1.0,1.0,1.0,0.0,0,0,0,0,-0.0,0.0,1e-06,-3.792206e-10,2.141488e-10,7.421477e-10,False,0.0,False
2017-03-21,CE02SHBP-LJ01D-07-VEL3DC108,3,True,2017-03-21T00:00:00Z,2017-03-21T23:59:54Z,86395,86395,0,1.0,1.0,1.0,0.0,0,0,0,0,-0.0,0.0,1e-06,-3.601443e-10,2.029711e-10,7.130438e-10,False,0.0,False
2017-03-22,CE02SHBP-LJ01D-07-VEL3DC108,3,True,2017-03-22T00:00:00Z,2017-03-22T23:59:54Z,86395,86395,0,1.0,1.0,1.0,0.0,0,0,0,0,-0.0,0.0,1e-06,-3.601443e-10,2.029711e-10,7.130438e-10,False,0.0,False
2017-03-23,CE02SHBP-LJ01D-07-VEL3DC108,3,True,2017-03-23T00:00:00Z,2017-03-23T23:59:54Z,86395,86395,0,1.0,1.0,1.0,0.0,0,0,0,0,-0.0,0.0,1e-06,-3.601443e-10,2.029711e-10,7.130438e-10,False,0.0,False
2017-03-24,CE02SHBP-LJ01D-07-VEL3DC108,3,True,2017-03-24T00:00:00Z,2017-03-24T23:59:54Z,86395,86395,0,1.0,1.0,1.0,0.0,0,0,0,0,-0.0,0.0,1e-06,-3.601443e-10,2.029711e-10,7.130438e-10,False,0.0,False
2017-03-25,CE02SHBP-LJ01D-07-VEL3DC108,3,True,2017-03-25T00:00:00Z,2017-03-25T23:59:53Z,86394,86394,0,1.0,1.0,1.0,0.0,0,0,0,0,-0.0,0.0,1e-06,-3.792206e-10,2.141488e-10,7.421477e-10,False,0.0,False
2017-03-26,CE02SHBP-LJ01D-07-VEL3DC108,3,True,2017-03-26T00:00:00Z,2017-03-26T23:59:53Z,86394,86394,0,1.0,1.0,1.0,0.0,0,0,0,0,-0.0,0.0,1e-06,-3.792206e-10,2.141488e-10,7.421477e-10,False,0.0,False
2017-03-27,CE02SHBP-LJ01D-07-VEL3DC108,3,True,2017-03-27T00:00:00Z,2017-03-27T23:59:54Z,86395,86395,0,1.0,1.0,1.0,0.0,0,0,0,0,-0.0,0.0,1e-06,-3.601443e-10,2.029711e-10,7.130438e-10,False,0.0,False
2017-03-28,CE02SHBP-LJ01D-07-VEL3DC108,3,True,2017-03-28T00:00:00Z,2017-03-28T23:59:53Z,86394,86394,0,1.0,1.0,1.0,0.0,0,0,0,0,-0.0,0.0,1e-06,-3.792206e-10,2.141488e-10,7.421477e-10,False,0.0,False
2017-03-29,CE02SHBP-LJ01D-07-VEL3DC108,3,True,2017-03-29T00:00:00Z,2017-03-29T23:59:52Z,86393,86393,0,1.0,1.0,1.0,-0.0,0,0,0,0,-0.0,0.0,1e-06,-3.057992e-10,1.783672e-10,6.111804e-10,False,0.0,False
2017-03-30,CE02SHBP-LJ01D-07-VEL3DC108,3,True,2017-03-30T00:00:00Z,2017-03-30T23:59:54Z,86395,86395,0,1.0,1.0,1.0,0.0,0,0,0,0,-0.0,0.0,1e-06,-3.601443e-10,2.029711e-10,7.130438e-10,False,0.0,False
2017-03-31,CE02SHBP-LJ01D-07-VEL3DC108,3,True,2017-03-31T00:00:00Z,2017-03-31T23:59:53Z,86394,86394,0,1.0,1.0,1.0,0.0,0,0,0,0,-0.0,0.0,1e-06,-3.792206e-10,2.141488e-10,7.421477e-10,False,0.0,False
2017-04-01,CE02SHBP-LJ01D-07-VEL3DC108,3,True,2017-04-01T00:00:00Z,2017-04-01T23:59:54Z,86395,86395,0,1.0,1.0,1.0,0.0,0,0,0,0,-0.0,0.0,1e-06,-3.601443e-10,2.029711e-10,7.130438e-10,False,0.0,False
2017-04-02,CE02SHBP-LJ01D-07-VEL3DC108,3,True,2017-04-02T00:00:00Z,2017-04-02T23:59:52Z,86393,86393,0,1.0,1.0,1.0,-0.0,0,0,0,0,-0.0,0.0,1e-06,-3.057992e-10,1.783672e-10,6.111804e-10,False,0.0,False
2017-04-03,CE02SHBP-LJ01D-07-VEL3DC108,3,True,2017-04-03T00:00:00Z,2017-04-03T23:59:53Z,86394,86394,0,1.0,1.0,1.0,0.0,0,0,0,0,-0.0,0.0,1e-06,-3.792206e-10,2.141488e-10,7.421477e-10,False,0.0,False
2017-04-04,CE02SHBP-LJ01D-07-VEL3DC108,3,True,2017-04-04T00:00:00Z,2017-04-04T23:59:54Z,86395,86395,0,1.0,1.0,1.0,0.0,0,0,0,0,-0.0,0.0,1e-06,-3.601443e-10,2.029711e-10,7.130438e-10,False,0.0,False
2017-04-05,CE02SHBP-LJ01D-07-VEL3DC108,3,True,2017-04-05T00:00:00Z,2017-04-05T23:59:54Z,86395,86395,0,1.0,1.0,1.0,0.0,0,0,0,0,-0.0,0.0,1e-06,-3.601443e-10,2.029711e-10,7.130438e-10,False,0.0,False
2017-04-06,CE02SHBP-LJ01D-07-VEL3DC108,3,True,2017-04-06T00:00:00Z,2017-04-06T23:59:53Z,86394,86394,0,1.0,1.0,1.0,0.0,0,0,0,0,-0.0,0.0,1e-06,-3.792206e-10,2.141488e-10,7.421477e-10,False,0.0,False
2017-04-07,CE02SHBP-LJ01D-07-VEL3DC108,3,True,2017-04-07T00:00:00Z,2017-04-07T23:59:54Z,86395,86395,0,1.0,1.0,1.0,0.0,0,0,0,0,-0.0,0.0,1e-06,-3.601443e-10,2.029711e-10,7.130438e-10,False,0.0,False
2017-04-08,CE02SHBP-LJ01D-07-VEL3DC108,3,True,2017-04-08T00:00:00Z,2017-04-08T23:59:53Z,86394,86394,0,1.0,1.0,1.0,0.0,0,0,0,0,-0.0,0.0,1e-06,-3.792206e-10,2.141488e-10,7.421477e-10,False,0.0,False
2017-04-09,CE02SHBP-LJ01D-07-VEL3DC108,3,True,2017-04-09T00:00:00Z,2017-04-09T23:59:54Z,86395,86395,0,1.0,1.0,1.0,0.0,0,0,0,0,-0.0,0.0,1e-06,-3.601443e-10,2.029711e-10,7.130438e-10,False,0.0,False
2017-04-10,CE02SHBP-LJ01D-07-VEL3DC108,3,True,2017-04-10T00:00:00Z,2017-04-10T23:59:54Z,86395,86395,0,1.0,1.0,1.0,0.0,0,0,0,0,-0.0,0.0,1e-06,-3.601443e-10,2.029711e-10,7.130438e-10,False,0.0,False
2017-04-11,CE02SHBP-LJ01D-07-VEL3DC108,3,True,2017-04-11T00:00:00Z,2017-04-11T23:59:55Z,86396,86396,0,1.0,1.0,1.0,-0.0,0,0,0,0,-0.0,0.0,0.0,-1.042676e-10,6.193725e-11,2.182787e-10,False,0.0,False
2017-04-12,CE02SHBP-LJ01D-07-VEL3DC108,3,True,2017-04-12T00:00:00Z,2017-04-12T23:59:54Z,86395,86395,0,1.0,1.0,1.0,0.0,0,0,0,0,-0.0,0.0,1e-06,-3.601443e-10,2.029711e-10,7.130438e-10,False,0.0,False
2017-04-13,CE02SHBP-LJ01D-07-VEL3DC108,3,True,2017-04-13T00:00:00Z,2017-04-13T23:59:53Z,86394,86394,0,1.0,1.0,1.0,0.0,0,0,0,0,-0.0,0.0,1e-06,-3.792206e-10,2.141488e-10,7.421477e-10,False,0.0,False
2017-04-14,CE02SHBP-LJ01D-07-VEL3DC108,3,True,2017-04-14T00:00:00Z,2017-04-14T23:59:53Z,86394,86394,0,1.0,1.0,1.0,0.0,0,0,0,0,-0.0,0.0,1e-06,-3.792206e-10,2.141488e-10,7.421477e-10,False,0.0,False
2017-04-15,CE02SHBP-LJ01D-07-VEL3DC108,3,True,2017-04-15T00:00:00Z,2017-04-15T23:59:53Z,86394,86394,0,1.0,1.0,1.0,0.0,0,0,0,0,-0.0,0.0,1e-06,-3.792206e-10,2.141488e-10,7.421477e-10,False,0.0,False
2017-04-16,CE02SHBP-LJ01D-07-VEL3DC108,3,True,2017-04-16T00:00:00Z,2017-04-16T23:59:54Z,86395,86395,0,1.0,1.0,1.0,0.0,0,0,0,0,-0.0,0.0,1e-06,-3.601443e-10,2.029711e-10,7.130438e-10,False,0.0,False
2017-04-17,CE02SHBP-LJ01D-07-VEL3DC108,3,True,2017-04-17T00:00:00Z,2017-04-17T23:59:54Z,86395,86395,0,1.0,1.0,1.0,0.0,0,0,0,0,-0.0,0.0,1e-06,-3.601443e-10,2.029711e-10,7.130438e-10,False,0.0,False
2017-04-18,CE02SHBP-LJ01D-07-VEL3DC108,3,True,2017-04-18T00:00:00Z,2017-04-18T23:59:54Z,86395,86395,0,1.0,1.0,1.0,0.0,0,0,0,0,-0.0,0.0,1e-06,-3.601443e-10,2.029711e-10,7.130438e-10,False,0.0,False
2017-04-19,CE02SHBP-LJ01D-07-VEL3DC108,3,True,2017-04-19T00:00:00Z,2017-04-19T23:59:53Z,86394,86394,0,1.0,1.0,1.0,0.0,0,0,0,0,-0.0,0.0,1e-06,-3.792206e-10,2.141488e-10,7.421477e-10,False,0.0,False
2017-04-20,CE02SHBP-LJ01D-07-VEL3DC108,3,True,2017-04-20T00:00:00Z,2017-04-20T23:59:55Z,86396,86396,0,1.0,1.0,1.0,-0.0,0,0,0,0,-0.0,0.0,0.0,-1.042676e-10,6.193725e-11,2.182787e-10,False,0.0,False
2017-04-21,CE02SHBP-LJ01D-07-VEL3DC108,3,True,2017-04-21T00:00:00Z,2017-04-21T23:59:57Z,86398,86398,0,1.0,1.0,1.0,0.0,0,0,0,0,0.0,0.0,0.0,2.260374e-10,1.337608e-10,4.656613e-10,False,0.0,False
2017-04-22,CE02SHBP-LJ01D-07-VEL3DC108,3,True,2017-04-22T00:00:00Z,2017-04-22T23:59:52Z,86393,86393,0,1.0,1.0,1.0,-0.0,0,0,0,0,-0.0,0.0,1e-06,-3.057992e-10,1.783672e-10,6.111804e-10,False,0.0,False
2017-04-23,CE02SHBP-LJ01D-07-VEL3DC108,3,True,2017-04-23T00:00:00Z,2017-04-23T23:59:54Z,86395,86395,0,1.0,1.0,1.0,0.0,0,0,0,0,-0.0,0.0,1e-06,-3.601443e-10,2.029711e-10,7.130438e-10,False,0.0,False
2017-04-24,CE02SHBP-LJ01D-07-VEL3DC108,3,True,2017-04-24T00:00:00Z,2017-04-24T23:59:54Z,86395,86395,0,1.0,1.0,1.0,0.0,0,0,0,0,-0.0,0.0,1e-06,-3.601443e-10,2.029711e-10,7.130438e-10,False,0.0,False
2017-04-25,CE02SHBP-LJ01D-07-VEL3DC108,3,True,2017-04-25T00:00:00Z,2017-04-25T23:59:54Z,86395,86395,0,1.0,1.0,1.0,0.0,0,0,0,0,-0.0,0.0,1e-06,-3.601443e-10,2.029711e-10,7.130438e-10,False,0.0,False
2017-04-26,CE02SHBP-LJ01D-07-VEL3DC108,3,True,2017-04-26T00:00:00Z,2017-04-26T23:59:53Z,86394,86394,0,1.0,1.0,1.0,0.0,0,0,0,0,-0.0,0.0,1e-06,-3.792206e-10,2.141488e-10,7.421477e-10,False,0.0,False
2017-04-27,CE02SHBP-LJ01D-07-VEL3DC108,3,True,2017-04-27T00:00:00Z,2017-04-27T23:59:53Z,86394,86394,0,1.0,1.0,1.0,0.0,0,0,0,0,-0.0,0.0,1e-06,-3.792206e-10,2.141488e-10,7.421477e-10,False,0.0,False
2017-04-28,CE02SHBP-LJ01D-07-VEL3DC108,3,True,2017-04-28T00:00:00Z,2017-04-28T23:59:53Z,86394,86394,0,1.0,1.0,1.0,0.0,0,0,0,0,-0.0,0.0,1e-06,-3.792206e-10,2.141488e-10,7.421477e-10,False,0.0,False
2017-04-29,CE02SHBP-LJ01D-07-VEL3DC108,3,True,2017-04-29T00:00:00Z,2017-04-29T23:59:54Z,86395,86395,0,1.0,1.0,1.0,0.0,0,0,0,0,-0.0,0.0,1e-06,-3.601443e-10,2.029711e-10,7.130438e-10,False,0.0,False
2017-04-30,CE02SHBP-LJ01D-07-VEL3DC108,3,True,2017-04-30T00:00:00Z,2017-04-30T23:59:53Z,86394,86394,0,1.0,1.0,1.0,0.0,0,0,0,0,-0.0,0.0,1e-06,-3.792206e-10,2.141488e-10,7.421477e-10,False,0.0,False
2017-05-01,CE02SHBP-LJ01D-07-VEL3DC108,3,True,2017-05-01T00:00:00Z,2017-05-01T23:59:53Z,86394,86394,0,1.0,1.0,1.0,0.0,0,0,0,0,-0.0,0.0,1e-06,-3.792206e-10,2.141488e-10,7.421477e-10,False,0.0,False
2017-05-02,CE02SHBP-LJ01D-07-VEL3DC108,3,True,2017-05-02T00:00:00Z,2017-05-02T23:59:47Z,83227,86388,3161,1.0,1.0,1.0,-0.0,1,3161,1,3161,1e-06,1e-06,2e-06,9.091918e-10,5.198406e-10,1.862645e-09,False,0.0,True
2017-05-03,CE02SHBP-LJ01D-07-VEL3DC108,3,True,2017-05-03T00:00:00Z,2017-05-03T23:59:54Z,86395,86395,0,1.0,1.0,1.0,0.0,0,0,0,0,-0.0,0.0,1e-06,-3.601443e-10,2.029711e-10,7.130438e-10,False,0.0,False
2017-05-04,CE02SHBP-LJ01D-07-VEL3DC108,3,True,2017-05-04T00:00:00Z,2017-05-04T23:59:52Z,86393,86393,0,1.0,1.0,1.0,-0.0,0,0,0,0,-0.0,0.0,1e-06,-3.057992e-10,1.783672e-10,6.111804e-10,False,0.0,False
2017-05-05,CE02SHBP-LJ01D-07-VEL3DC108,3,True,2017-05-05T00:00:00Z,2017-05-05T23:59:53Z,86394,86394,0,1.0,1.0,1.0,0.0,0,0,0,0,-0.0,0.0,1e-06,-3.792206e-10,2.141488e-10,7.421477e-10,False,0.0,False
2017-05-06,CE02SHBP-LJ01D-07-VEL3DC108,3,True,2017-05-06T00:00:00Z,2017-05-06T23:59:54Z,86395,86395,0,1.0,1.0,1.0,0.0,0,0,0,0,-0.0,0.0,1e-06,-3.601443e-10,2.029711e-10,7.130438e-10,False,0.0,False
2017-05-07,CE02SHBP-LJ01D-07-VEL3DC108,3,True,2017-05-07T00:00:00Z,2017-05-07T23:59:54Z,86395,86395,0,1.0,1.0,1.0,0.0,0,0,0,0,-0.0,0.0,1e-06,-3.601443e-10,2.029711e-10,7.130438e-10,False,0.0,False
2017-05-08,CE02SHBP-LJ01D-07-VEL3DC108,3,True,2017-05-08T00:00:00Z,2017-05-08T23:59:52Z,86393,86393,0,1.0,1.0,1.0,-0.0,0,0,0,0,-0.0,0.0,1e-06,-3.057992e-10,1.783672e-10,6.111804e-10,False,0.0,False
2017-05-09,CE02SHBP-LJ01D-07-VEL3DC108,3,True,2017-05-09T00:00:00Z,2017-05-09T23:59:55Z,86396,86396,0,1.0,1.0,1.0,-0.0,0,0,0,0,-0.0,0.0,0.0,-1.042676e-10,6.193725e-11,2.182787e-10,False,0.0,False
2017-05-10,CE02SHBP-LJ01D-07-VEL3DC108,3,True,2017-05-10T00:00:00Z,2017-05-10T23:59:54Z,86395,86395,0,1.0,1.0,1.0,0.0,0,0,0,0,-0.0,0.0,1e-06,-3.601443e-10,2.029711e-10,7.130438e-10,False,0.0,False
2017-05-11,CE02SHBP-LJ01D-07-VEL3DC108,3,True,2017-05-11T00:00:00Z,2017-05-11T23:59:54Z,86395,86395,0,1.0,1.0,1.0,0.0,0,0,0,0,-0.0,0.0,1e-06,-3.601443e-10,2.029711e-10,7.130438e-10,False,0.0,False
2017-05-12,CE02SHBP-LJ01D-07-VEL3DC108,3,True,2017-05-12T00:00:00Z,2017-05-12T23:59:54Z,86395,86395,0,1.0,1.0,1.0,0.0,0,0,0,0,-0.0,0.0,1e-06,-3.601443e-10,2.029711e-10,7.130438e-10,False,0.0,False
2017-05-13,CE02SHBP-LJ01D-07-VEL3DC108,3,True,2017-05-13T00:00:00Z,2017-05-13T23:59:53Z,86394,86394,0,1.0,1.0,1.0,0.0,0,0,0,0,-0.0,0.0,1e-06,-3.792206e-10,2.141488e-10,7.421477e-10,False,0.0,False
2017-05-14,CE02SHBP-LJ01D-07-VEL3DC108,3,True,2017-05-14T00:00:00Z,2017-05-14T23:59:54Z,86395,86395,0,1.0,1.0,1.0,0.0,0,0,0,0,-0.0,0.0,1e-06,-3.601443e-10,2.029711e-10,7.130438e-10,False,0.0,False
2017-05-15,CE02SHBP-LJ01D-07-VEL3DC108,3,True,2017-05-15T00:00:00Z,2017-05-15T23:59:53Z,86394,86394,0,1.0,1.0,1.0,0.0,0,0,0,0,-0.0,0.0,1e-06,-3.792206e-10,2.141488e-10,7.421477e-10,False,0.0,False
2017-05-16,CE02SHBP-LJ01D-07-VEL3DC108,3,True,2017-05-16T00:00:00Z,2017-05-16T23:59:52Z,86393,86393,0,1.0,1.0,1.0,-0.0,0,0,0,0,-0.0,0.0,1e-06,-3.057992e-10,1.783672e-10,6.111804e-10,False,0.0,False
2017-05-17,CE02SHBP-LJ01D-07-VEL3DC108,3,True,2017-05-17T00:00:00Z,2017-05-17T23:59:53Z,86394,86394,0,1.0,1.0,1.0,0.0,0,0,0,0,-0.0,0.0,1e-06,-3.792206e-10,2.141488e-10,7.421477e-10,False,0.0,False
2017-05-18,CE02SHBP-LJ01D-07-VEL3DC108,3,True,2017-05-18T00:00:00Z,2017-05-18T23:59:54Z,86395,86395,0,1.0,1.0,1.0,0.0,0,0,0,0,-0.0,0.0,1e-06,-3.601443e-10,2.029711e-10,7.130438e-10,False,0.0,False
2017-05-19,CE02SHBP-LJ01D-07-VEL3DC108,3,True,2017-05-19T00:00:00Z,2017-05-19T23:59:54Z,86395,86395,0,1.0,1.0,1.0,0.0,0,0,0,0,-0.0,0.0,1e-06,-3.601443e-10,2.029711e-10,7.130438e-10,False,0.0,False
2017-05-20,CE02SHBP-LJ01D-07-VEL3DC108,3,True,2017-05-20T00:00:00Z,2017-05-20T23:59:57Z,86116,86398,282,1.0,1.0,1.0,-0.0,3,282,3,282,0.0,0.0,1e-06,4.142735e-10,2.371082e-10,8.294592e-10,False,0.0,True
2017-05-21,CE02SHBP-LJ01D-07-VEL3DC108,3,True,2017-05-21T00:00:00Z,2017-05-21T23:59:03Z,86344,86344,0,1.0,1.0,1.0,0.0,0,0,0,0,-0.0,0.0,1e-06,-3.888801e-10,2.192023e-10,7.712515e-10,False,0.0,False
2017-05-22,CE02SHBP-LJ01D-07-VEL3DC108,3,True,2017-05-22T00:00:00Z,2017-05-22T23:59:53Z,86394,86394,0,1.0,1.0,1.0,0.0,0,0,0,0,-0.0,0.0,1e-06,-3.792206e-10,2.141488e-10,7.421477e-10,False,0.0,False
2017-05-23,CE02SHBP-LJ01D-07-VEL3DC108,3,True,2017-05-23T00:00:00Z,2017-05-23T23:59:52Z,86393,86393,0,1.0,1.0,1.0,-0.0,0,0,0,0,-0.0,0.0,1e-06,-3.057992e-10,1.783672e-10,6.111804e-10,False,0.0,False
2017-05-24,CE02SHBP-LJ01D-07-VEL3DC108,3,True,2017-05-24T00:00:00Z,2017-05-24T23:59:53Z,86394,86394,0,1.0,1.0,1.0,0.0,0,0,0,0,-0.0,0.0,1e-06,-3.792206e-10,2.141488e-10,7.421477e-10,False,0.0,False
2017-05-25,CE02SHBP-LJ01D-07-VEL3DC108,3,True,2017-05-25T00:00:00Z,2017-05-25T23:59:54Z,86395,86395,0,1.0,1.0,1.0,0.0,0,0,0,0,-0.0,0.0,1e-06,-3.601443e-10,2.029711e-10,7.130438e-10,False,0.0,False
2017-05-26,CE02SHBP-LJ01D-07-VEL3DC108,3,True,2017-05-26T00:00:00Z,2017-05-26T23:59:53Z,86394,86394,0,1.0,1.0,1.0,0.0,0,0,0,0,-0.0,0.0,1e-06,-3.792206e-10,2.141488e-10,7.421477e-10,False,0.0,False
2017-05-27,CE02SHBP-LJ01D-07-VEL3DC108,3,True,2017-05-27T00:00:00Z,2017-05-27T23:59:53Z,86394,86394,0,1.0,1.0,1.0,0.0,0,0,0,0,-0.0,0.0,1e-06,-3.792206e-10,2.141488e-10,7.421477e-10,False,0.0,False
2017-05-28,CE02SHBP-LJ01D-07-VEL3DC108,3,True,2017-05-28T00:00:00Z,2017-05-28T23:59:56Z,86397,86397,0,1.0,1.0,1.0,-0.0,0,0,0,0,-0.0,0.0,0.0,-1.060337e-10,6.429039e-11,2.182787e-10,False,0.0,False
2017-05-29,CE02SHBP-LJ01D-07-VEL3DC108,3,True,2017-05-29T00:00:00Z,2017-05-29T23:59:52Z,86393,86393,0,1.0,1.0,1.0,-0.0,0,0,0,0,-0.0,0.0,1e-06,-3.057992e-10,1.783672e-10,6.111804e-10,False,0.0,False
2017-05-30,CE02SHBP-LJ01D-07-VEL3DC108,3,True,2017-05-30T00:00:00Z,2017-05-30T23:59:54Z,86395,86395,0,1.0,1.0,1.0,0.0,0,0,0,0,-0.0,0.0,1e-06,-3.601443e-10,2.029711e-10,7.130438e-10,False,0.0,False
2017-05-31,CE02SHBP-LJ01D-07-VEL3DC108,3,True,2017-05-31T00:00:00Z,2017-05-31T23:59:54Z,86395,86395,0,1.0,1.0,1.0,0.0,0,0,0,0,-0.0,0.0,1e-06,-3.601443e-10,2.029711e-10,7.130438e-10,False,0.0,False
2017-06-01,CE02SHBP-LJ01D-07-VEL3DC108,3,True,2017-06-01T00:00:00Z,2017-06-01T23:59:54Z,86395,86395,0,1.0,1.0,1.0,0.0,0,0,0,0,-0.0,0.0,1e-06,-3.601443e-10,2.029711e-10,7.130438e-10,False,0.0,False
2017-06-02,CE02SHBP-LJ01D-07-VEL3DC108,3,True,2017-06-02T00:00:00Z,2017-06-02T23:59:54Z,86395,86395,0,1.0,1.0,1.0,0.0,0,0,0,0,-0.0,0.0,1e-06,-3.601443e-10,2.029711e-10,7.130438e-10,False,0.0,False
2017-06-03,CE02SHBP-LJ01D-07-VEL3DC108,3,True,2017-06-03T00:00:00Z,2017-06-03T23:59:54Z,86395,86395,0,1.0,1.0,1.0,0.0,0,0,0,0,-0.0,0.0,1e-06,-3.601443e-10,2.029711e-10,7.130438e-10,False,0.0,False
2017-06-04,CE02SHBP-LJ01D-07-VEL3DC108,3,True,2017-06-04T00:00:00Z,2017-06-04T23:59:54Z,86395,86395,0,1.0,1.0,1.0,0.0,0,0,0,0,-0.0,0.0,1e-06,-3.601443e-10,2.029711e-10,7.130438e-10,False,0.0,False
2017-06-05,CE02SHBP-LJ01D-07-VEL3DC108,3,True,2017-06-05T00:00:00Z,2017-06-05T23:59:53Z,86394,86394,0,1.0,1.0,1.0,0.0,0,0,0,0,-0.0,0.0,1e-06,-3.792206e-10,2.141488e-10,7.421477e-10,False,0.0,False
2017-06-06,CE02SHBP-LJ01D-07-VEL3DC108,3,True,2017-06-06T00:00:00Z,2017-06-06T23:59:54Z,86395,86395,0,1.0,1.0,1.0,0.0,0,0,0,0,-0.0,0.0,1e-06,-3.601443e-10,2.029711e-10,7.130438e-10,False,0.0,False
2017-06-07,CE02SHBP-LJ01D-07-VEL3DC108,3,True,2017-06-07T00:00:00Z,2017-06-07T23:59:53Z,86394,86394,0,1.0,1.0,1.0,0.0,0,0,0,0,-0.0,0.0,1e-06,-3.792206e-10,2.141488e-10,7.421477e-10,False,0.0,False
2017-06-08,CE02SHBP-LJ01D-07-VEL3DC108,3,True,2017-06-08T00:00:00Z,2017-06-08T23:59:52Z,86393,86393,0,1.0,1.0,1.0,-0.0,0,0,0,0,-0.0,0.0,1e-06,-3.057992e-10,1.783672e-10,6.111804e-10,False,0.0,False
2017-06-09,CE02SHBP-LJ01D-07-VEL3DC108,3,True,2017-06-09T00:00:00Z,2017-06-09T23:59:54Z,86395,86395,0,1.0,1.0,1.0,0.0,0,0,0,0,-0.0,0.0,1e-06,-3.601443e-10,2.029711e-10,7.130438e-10,False,0.0,False
2017-06-10,CE02SHBP-LJ01D-07-VEL3DC108,3,True,2017-06-10T00:00:00Z,2017-06-10T23:59:52Z,86393,86393,0,1.0,1.0,1.0,-0.0,0,0,0,0,-0.0,0.0,1e-06,-3.057992e-10,1.783672e-10,6.111804e-10,False,0.0,False
2017-06-11,CE02SHBP-LJ01D-07-VEL3DC108,3,True,2017-06-11T00:00:00Z,2017-06-11T23:59:53Z,86394,86394,0,1.0,1.0,1.0,0.0,0,0,0,0,-0.0,0.0,1e-06,-3.792206e-10,2.141488e-10,7.421477e-10,False,0.0,False
2017-06-12,CE02SHBP-LJ01D-07-VEL3DC108,3,True,2017-06-12T00:00:00Z,2017-06-12T23:59:56Z,86397,86397,0,1.0,1.0,1.0,-0.0,0,0,0,0,-0.0,0.0,0.0,-1.060337e-10,6.429039e-11,2.182787e-10,False,0.0,False
2017-06-13,CE02SHBP-LJ01D-07-VEL3DC108,3,True,2017-06-13T00:00:00Z,2017-06-13T23:59:53Z,86394,86394,0,1.0,1.0,1.0,0.0,0,0,0,0,-0.0,0.0,1e-06,-3.792206e-10,2.141488e-10,7.421477e-10,False,0.0,False
2017-06-14,CE02SHBP-LJ01D-07-VEL3DC108,3,True,2017-06-14T00:00:00Z,2017-06-14T23:59:54Z,86395,86395,0,1.0,1.0,1.0,0.0,0,0,0,0,-0.0,0.0,1e-06,-3.601443e-10,2.029711e-10,7.130438e-10,False,0.0,False
2017-06-15,CE02SHBP-LJ01D-07-VEL3DC108,3,True,2017-06-15T00:00:00Z,2017-06-15T23:59:54Z,86395,86395,0,1.0,1.0,1.0,0.0,0,0,0,0,-0.0,0.0,1e-06,-3.601443e-10,2.029711e-10,7.130438e-10,False,0.0,False
2017-06-16,CE02SHBP-LJ01D-07-VEL3DC108,3,True,2017-06-16T00:00:00Z,2017-06-16T23:59:55Z,86396,86396,0,1.0,1.0,1.0,-0.0,0,0,0,0,-0.0,0.0,0.0,-1.042676e-10,6.193725e-11,2.182787e-10,False,0.0,False
2017-06-17,CE02SHBP-LJ01D-07-VEL3DC108,3,True,2017-06-17T00:00:00Z,2017-06-17T23:59:53Z,86394,86394,0,1.0,1.0,1.0,0.0,0,0,0,0,-0.0,0.0,1e-06,-3.792206e-10,2.141488e-10,7.421477e-10,False,0.0,False
2017-06-18,CE02SHBP-LJ01D-07-VEL3DC108,3,True,2017-06-18T00:00:00Z,2017-06-18T23:59:51Z,86392,86392,0,1.0,1.0,1.0,-0.0,0,0,0,0,0.0,0.0,0.0,1.254235e-10,6.750391e-11,2.473826e-10,False,0.0,False
2017-06-19,CE02SHBP-LJ01D-07-VEL3DC108,3,True,2017-06-19T00:00:00Z,2017-06-19T23:59:54Z,86395,86395,0,1.0,1.0,1.0,0.0,0,0,0,0,-0.0,0.0,1e-06,-3.601443e-10,2.029711e-10,7.130438e-10,False,0.0,False
2017-06-20,CE02SHBP-LJ01D-07-VEL3DC108,3,True,2017-06-20T00:00:00Z,2017-06-20T23:59:52Z,86393,86393,0,1.0,1.0,1.0,-0.0,0,0,0,0,-0.0,0.0,1e-06,-3.057992e-10,1.783672e-10,6.111804e-10,False,0.0,False
2017-06-21,CE02SHBP-LJ01D-07-VEL3DC108,3,True,2017-06-21T00:00:00Z,2017-06-21T23:59:52Z,86393,86393,0,1.0,1.0,1.0,-0.0,0,0,0,0,-0.0,0.0,1e-06,-3.057992e-10,1.783672e-10,6.111804e-10,False,0.0,False
2017-06-22,CE02SHBP-LJ01D-07-VEL3DC108,3,True,2017-06-22T00:00:00Z,2017-06-22T23:59:54Z,86395,86395,0,1.0,1.0,1.0,0.0,0,0,0,0,-0.0,0.0,1e-06,-3.601443e-10,2.029711e-10,7.130438e-10,False,0.0,False
2017-06-23,CE02SHBP-LJ01D-07-VEL3DC108,3,True,2017-06-23T00:00:00Z,2017-06-23T23:59:55Z,86396,86396,0,1.0,1.0,1.0,-0.0,0,0,0,0,-0.0,0.0,0.0,-1.042676e-10,6.193725e-11,2.182787e-10,False,0.0,False
2017-06-24,CE02SHBP-LJ01D-07-VEL3DC108,3,True,2017-06-24T00:00:00Z,2017-06-24T23:59:53Z,86394,86394,0,1.0,1.0,1.0,0.0,0,0,0,0,-0.0,0.0,1e-06,-3.792206e-10,2.141488e-10,7.421477e-10,False,0.0,False
2017-06-25,CE02SHBP-LJ01D-07-VEL3DC108,3,True,2017-06-25T00:00:00Z,2017-06-25T23:59:54Z,86395,86395,0,1.0,1.0,1.0,0.0,0,0,0,0,-0.0,0.0,1e-06,-3.601443e-10,2.029711e-10,7.130438e-10,False,0.0,False
2017-06-26,CE02SHBP-LJ01D-07-VEL3DC108,3,True,2017-06-26T00:00:00Z,2017-06-26T23:59:52Z,86393,86393,0,1.0,1.0,1.0,-0.0,0,0,0,0,-0.0,0.0,1e-06,-3.057992e-10,1.783672e-10,6.111804e-10,False,0.0,False
2017-06-27,CE02SHBP-LJ01D-07-VEL3DC108,3,True,2017-06-27T00:00:00Z,2017-06-27T23:59:27Z,86007,86368,361,1.0,1.0,1.0,-0.0,1,361,1,361,0.0,0.0,1e-06,4.969731e-10,2.864482e-10,1.004082e-09,False,0.0,True
2017-06-28,CE02SHBP-LJ01D-07-VEL3DC108,3,True,2017-06-28T00:00:00Z,2017-06-28T23:59:53Z,86394,86394,0,1.0,1.0,1.0,0.0,0,0,0,0,-0.0,0.0,1e-06,-3.792206e-10,2.141488e-10,7.421477e-10,False,0.0,False
2017-06-29,CE02SHBP-LJ01D-07-VEL3DC108,3,True,2017-06-29T00:00:00Z,2017-06-29T23:59:57Z,86398,86398,0,1.0,1.0,1.0,0.0,0,0,0,0,0.0,0.0,0.0,2.260374e-10,1.337608e-10,4.656613e-10,False,0.0,False
2017-06-30,CE02SHBP-LJ01D-07-VEL3DC108,3,True,2017-06-30T00:00:00Z,2017-06-30T23:59:53Z,86394,86394,0,1.0,1.0,1.0,0.0,0,0,0,0,-0.0,0.0,1e-06,-3.792206e-10,2.141488e-10,7.421477e-10,False,0.0,False
2017-07-01,CE02SHBP-LJ01D-07-VEL3DC108,3,True,2017-07-01T00:00:00Z,2017-07-01T23:59:53Z,86394,86394,0,1.0,1.0,1.0,0.0,0,0,0,0,-0.0,0.0,1e-06,-3.792206e-10,2.141488e-10,7.421477e-10,False,0.0,False
2017-07-02,CE02SHBP-LJ01D-07-VEL3DC108,3,True,2017-07-02T00:00:00Z,2017-07-02T23:59:53Z,86394,86394,0,1.0,1.0,1.0,0.0,0,0,0,0,-0.0,0.0,1e-06,-3.792206e-10,2.141488e-10,7.421477e-10,False,0.0,False
2017-07-03,CE02SHBP-LJ01D-07-VEL3DC108,3,True,2017-07-03T00:00:00Z,2017-07-03T23:59:55Z,86396,86396,0,1.0,1.0,1.0,-0.0,0,0,0,0,-0.0,0.0,0.0,-1.042676e-10,6.193725e-11,2.182787e-10,False,0.0,False
2017-07-04,CE02SHBP-LJ01D-07-VEL3DC108,3,True,2017-07-04T00:00:00Z,2017-07-04T23:59:54Z,86395,86395,0,1.0,1.0,1.0,0.0,0,0,0,0,-0.0,0.0,1e-06,-3.601443e-10,2.029711e-10,7.130438e-10,False,0.0,False
2017-07-05,CE02SHBP-LJ01D-07-VEL3DC108,3,True,2017-07-05T00:00:00Z,2017-07-05T23:59:54Z,32226,86395,54169,1.0,1.0,1.0,0.0,1,54169,1,54169,0.0,0.0,0.0,1.488718e-10,1.405974e-10,3.49246e-10,False,0.0,True
2017-07-06,CE02SHBP-LJ01D-07-VEL3DC108,3,True,2017-07-06T00:00:00Z,2017-07-06T23:59:52Z,86393,86393,0,1.0,1.0,1.0,-0.0,0,0,0,0,-0.0,0.0,1e-06,-3.057992e-10,1.783672e-10,6.111804e-10,False,0.0,False
2017-07-07,CE02SHBP-LJ01D-07-VEL3DC108,3,True,2017-07-07T00:00:00Z,2017-07-07T23:59:43Z,85450,86384,934,1.0,1.0,1.0,0.0,1,934,1,934,-0.0,0.0,0.0,-8.626086e-11,4.62424e-11,1.74623e-10,False,0.0,True
2017-07-08,CE02SHBP-LJ01D-07-VEL3DC108,3,True,2017-07-08T00:00:00Z,2017-07-08T23:59:55Z,86396,86396,0,1.0,1.0,1.0,-0.0,0,0,0,0,-0.0,0.0,0.0,-1.042676e-10,6.193725e-11,2.182787e-10,False,0.0,False
2017-07-09,CE02SHBP-LJ01D-07-VEL3DC108,3,True,2017-07-09T00:00:00Z,2017-07-09T23:59:54Z,86395,86395,0,1.0,1.0,1.0,0.0,0,0,0,0,-0.0,0.0,1e-06,-3.601443e-10,2.029711e-10,7.130438e-10,False,0.0,False
2017-07-10,CE02SHBP-LJ01D-07-VEL3DC108,3,True,2017-07-10T00:00:00Z,2017-07-10T23:59:53Z,86394,86394,0,1.0,1.0,1.0,0.0,0,0,0,0,-0.0,0.0,1e-06,-3.792206e-10,2.141488e-10,7.421477e-10,False,0.0,False
2017-07-11,CE02SHBP-LJ01D-07-VEL3DC108,3,True,2017-07-11T00:00:00Z,2017-07-11T23:59:55Z,86396,86396,0,1.0,1.0,1.0,-0.0,0,0,0,0,-0.0,0.0,0.0,-1.042676e-10,6.193725e-11,2.182787e-10,False,0.0,False
2017-07-12,CE02SHBP-LJ01D-07-VEL3DC108,3,True,2017-07-12T00:00:00Z,2017-07-12T23:59:52Z,86393,86393,0,1.0,1.0,1.0,-0.0,0,0,0,0,-0.0,0.0,1e-06,-3.057992e-10,1.783672e-10,6.111804e-10,False,0.0,False
2017-07-13,CE02SHBP-LJ01D-07-VEL3DC108,3,True,2017-07-13T00:00:00Z,2017-07-13T23:59:55Z,86396,86396,0,1.0,1.0,1.0,-0.0,0,0,0,0,-0.0,0.0,0.0,-1.042676e-10,6.193725e-11,2.182787e-10,False,0.0,False
2017-07-14,CE02SHBP-LJ01D-07-VEL3DC108,3,True,2017-07-14T00:00:00Z,2017-07-14T23:59:54Z,86395,86395,0,1.0,1.0,1.0,0.0,0,0,0,0,-0.0,0.0,1e-06,-3.601443e-10,2.029711e-10,7.130438e-10,False,0.0,False
2017-07-15,CE02SHBP-LJ01D-07-VEL3DC108,3,True,2017-07-15T00:00:00Z,2017-07-15T23:59:54Z,86395,86395,0,1.0,1.0,1.0,0.0,0,0,0,0,-0.0,0.0,1e-06,-3.601443e-10,2.029711e-10,7.130438e-10,False,0.0,False
2017-07-16,CE02SHBP-LJ01D-07-VEL3DC108,3,True,2017-07-16T00:00:00Z,2017-07-16T23:59:52Z,86393,86393,0,1.0,1.0,1.0,-0.0,0,0,0,0,-0.0,0.0,1e-06,-3.057992e-10,1.783672e-10,6.111804e-10,False,0.0,False
2017-07-17,CE02SHBP-LJ01D-07-VEL3DC108,3,True,2017-07-17T00:00:00Z,2017-07-17T23:59:54Z,86395,86395,0,1.0,1.0,1.0,0.0,0,0,0,0,-0.0,0.0,1e-06,-3.601443e-10,2.029711e-10,7.130438e-10,False,0.0,False
2017-07-18,CE02SHBP-LJ01D-07-VEL3DC108,3,True,2017-07-18T00:00:00Z,2017-07-18T23:59:28Z,85616,86369,753,1.0,1.0,1.0,-0.0,3,753,3,753,0.0,0.0,0.0,2.387222e-10,1.318663e-10,4.656613e-10,False,0.0,True
2017-07-19,CE02SHBP-LJ01D-07-VEL3DC108,3,True,2017-07-19T00:00:00Z,2017-07-19T23:59:45Z,86117,86386,269,1.0,1.0,1.0,0.0,1,269,1,269,-0.0,0.0,0.0,-2.210355e-10,1.271339e-10,4.365575e-10,False,0.0,True
2017-07-20,CE02SHBP-LJ01D-07-VEL3DC108,3,True,2017-07-20T00:00:00Z,2017-07-20T23:59:55Z,86396,86396,0,1.0,1.0,1.0,-0.0,0,0,0,0,-0.0,0.0,0.0,-1.042676e-10,6.193725e-11,2.182787e-10,False,0.0,False
2017-07-21,CE02SHBP-LJ01D-07-VEL3DC108,3,True,2017-07-21T00:00:00Z,2017-07-21T23:59:52Z,86393,86393,0,1.0,1.0,1.0,-0.0,0,0,0,0,-0.0,0.0,1e-06,-3.057992e-10,1.783672e-10,6.111804e-10,False,0.0,False
2017-07-22,CE02SHBP-LJ01D-07-VEL3DC108,3,True,2017-07-22T00:00:00Z,2017-07-22T23:59:54Z,86395,86395,0,1.0,1.0,1.0,0.0,0,0,0,0,-0.0,0.0,1e-06,-3.601443e-10,2.029711e-10,7.130438e-10,False,0.0,False
2017-07-23,CE02SHBP-LJ01D-07-VEL3DC108,3,True,2017-07-23T00:00:00Z,2017-07-23T23:59:55Z,86396,86396,0,1.0,1.0,1.0,-0.0,0,0,0,0,-0.0,0.0,0.0,-1.042676e-10,6.193725e-11,2.182787e-10,False,0.0,False
2017-07-24,CE02SHBP-LJ01D-07-VEL3DC108,3,True,2017-07-24T00:00:00Z,2017-07-24T23:59:54Z,86395,86395,0,1.0,1.0,1.0,0.0,0,0,0,0,-0.0,0.0,1e-06,-3.601443e-10,2.029711e-10,7.130438e-10,False,0.0,False
2017-07-25,CE02SHBP-LJ01D-07-VEL3DC108,3,True,2017-07-25T00:00:00Z,2017-07-25T23:59:54Z,86395,86395,0,1.0,1.0,1.0,0.0,0,0,0,0,-0.0,0.0,1e-06,-3.601443e-10,2.029711e-10,7.130438e-10,False,0.0,False
2017-07-26,CE02SHBP-LJ01D-07-VEL3DC108,3,True,2017-07-26T00:00:00Z,2017-07-26T23:59:53Z,86394,86394,0,1.0,1.0,1.0,0.0,0,0,0,0,-0.0,0.0,1e-06,-3.792206e-10,2.141488e-10,7.421477e-10,False,0.0,False
2017-07-27,CE02SHBP-LJ01D-07-VEL3DC108,3,True,2017-07-27T00:00:00Z,2017-07-27T23:59:52Z,86393,86393,0,1.0,1.0,1.0,-0.0,0,0,0,0,-0.0,0.0,1e-06,-3.057992e-10,1.783672e-10,6.111804e-10,False,0.0,False
2017-07-28,CE02SHBP-LJ01D-07-VEL3DC108,3,True,2017-07-28T00:00:00Z,2017-07-28T23:59:54Z,86394,86395,1,1.0,1.0,1.0,0.0,1,1,1,1,0.0,0.0,0.0,1.582879e-10,9.15675e-11,3.201421e-10,False,0.0,True
2017-07-29,CE02SHBP-LJ01D-07-VEL3DC108,3,True,2017-07-29T00:00:00Z,2017-07-29T23:59:53Z,86394,86394,0,1.0,1.0,1.0,0.0,0,0,0,0,-0.0,0.0,1e-06,-3.792206e-10,2.141488e-10,7.421477e-10,False,0.0,False
2017-07-30,CE02SHBP-LJ01D-07-VEL3DC108,3,True,2017-07-30T00:00:00Z,2017-07-30T23:59:54Z,86395,86395,0,1.0,1.0,1.0,0.0,0,0,0,0,-0.0,0.0,1e-06,-3.601443e-10,2.029711e-10,7.130438e-10,False,0.0,False
2017-07-31,CE02SHBP-LJ01D-07-VEL3DC108,3,True,2017-07-31T00:00:00Z,2017-07-31T23:59:53Z,86394,86394,0,1.0,1.0,1.0,0.0,0,0,0,0,-0.0,0.0,1e-06,-3.792206e-10,2.141488e-10,7.421477e-10,False,0.0,False
2017-08-01,CE02SHBP-LJ01D-07-VEL3DC108,3,True,2017-08-01T00:00:00Z,2017-08-01T23:59:54Z,86395,86395,0,1.0,1.0,1.0,0.0,0,0,0,0,-0.0,0.0,1e-06,-3.601443e-10,2.029711e-10,7.130438e-10,False,0.0,False
2017-08-02,CE02SHBP-LJ01D-07-VEL3DC108,3,True,2017-08-02T00:00:00Z,2017-08-02T23:59:53Z,86394,86394,0,1.0,1.0,1.0,0.0,0,0,0,0,-0.0,0.0,1e-06,-3.792206e-10,2.141488e-10,7.421477e-10,False,0.0,False
2017-08-03,CE02SHBP-LJ01D-07-VEL3DC108,3,True,2017-08-03T00:00:00Z,2017-08-03T23:59:53Z,86394,86394,0,1.0,1.0,1.0,0.0,0,0,0,0,-0.0,0.0,1e-06,-3.792206e-10,2.141488e-10,7.421477e-10,False,0.0,False
2017-08-04,CE02SHBP-LJ01D-07-VEL3DC108,3,True,2017-08-04T00:00:00Z,2017-08-04T23:59:59Z,86400,86400,0,1.0,1.0,1.0,-5.825e-06,0,0,0,0,-0.0,0.383467,55.971892,-4.308597e-10,0.0003834672,0.05597189,False,0.049109,False
2017-08-05,CE02SHBP-LJ01D-07-VEL3DC108,3,True,2017-08-05T00:00:00Z,2017-08-05T23:59:53Z,86394,86394,0,1.0,1.0,1.0,0.0,0,0,0,0,-0.0,0.0,1e-06,-3.792206e-10,2.141488e-10,7.421477e-10,False,0.0,False
2017-08-06,CE02SHBP-LJ01D-07-VEL3DC108,3,True,2017-08-06T00:00:00Z,2017-08-06T23:59:54Z,86395,86395,0,1.0,1.0,1.0,0.0,0,0,0,0,-0.0,0.0,1e-06,-3.601443e-10,2.029711e-10,7.130438e-10,False,0.0,False
2017-08-07,CE02SHBP-LJ01D-07-VEL3DC108,3,True,2017-08-07T00:00:00Z,2017-08-07T23:59:52Z,86393,86393,0,1.0,1.0,1.0,-0.0,0,0,0,0,-0.0,0.0,1e-06,-3.057992e-10,1.783672e-10,6.111804e-10,False,0.0,False
2017-08-08,CE02SHBP-LJ01D-07-VEL3DC108,3,True,2017-08-08T00:00:00Z,2017-08-08T23:59:55Z,86396,86396,0,1.0,1.0,1.0,-0.0,0,0,0,0,-0.0,0.0,0.0,-1.042676e-10,6.193725e-11,2.182787e-10,False,0.0,False
2017-08-09,CE02SHBP-LJ01D-07-VEL3DC108,3,True,2017-08-09T00:00:00Z,2017-08-09T17:12:41Z,61504,61962,458,1.0,1.0,1.0,-0.0,2,458,2,458,1e-06,0.0,2e-06,8.009435e-10,4.566091e-10,1.600711e-09,False,0.0,True
2017-08-10,CE02SHBP-LJ01D-07-VEL3DC108,3,True,2017-08-10T22:54:01Z,2017-08-10T23:58:50Z,3890,3890,0,1.0,1.0,1.0,-0.0,0,0,0,0,0.0,0.0,0.0,1.224627e-12,5.793468e-13,2.273737e-12,False,0.0,False
2017-08-11,CE02SHBP-LJ01D-07-VEL3DC108,3,True,2017-08-11T00:00:00Z,2017-08-11T23:59:53Z,86394,86394,0,1.0,1.0,1.0,0.0,0,0,0,0,-0.0,0.0,1e-06,-3.792206e-10,2.141488e-10,7.421477e-10,False,0.0,False
2017-08-12,CE02SHBP-LJ01D-07-VEL3DC108,3,True,2017-08-12T00:00:00Z,2017-08-12T23:59:54Z,86395,86395,0,1.0,1.0,1.0,0.0,0,0,0,0,-0.0,0.0,1e-06,-3.601443e-10,2.029711e-10,7.130438e-10,False,0.0,False
2017-08-13,CE02SHBP-LJ01D-07-VEL3DC108,3,True,2017-08-13T00:00:00Z,2017-08-13T23:59:51Z,86392,86392,0,1.0,1.0,1.0,-0.0,0,0,0,0,0.0,0.0,0.0,1.254235e-10,6.750391e-11,2.473826e-10,False,0.0,False
2017-08-14,CE02SHBP-LJ01D-07-VEL3DC108,3,True,2017-08-14T00:00:00Z,2017-08-14T23:59:55Z,86396,86396,0,1.0,1.0,1.0,-0.0,0,0,0,0,-0.0,0.0,0.0,-1.042676e-10,6.193725e-11,2.182787e-10,False,0.0,False
2017-08-15,CE02SHBP-LJ01D-07-VEL3DC108,3,True,2017-08-15T00:00:00Z,2017-08-15T23:59:52Z,86393,86393,0,1.0,1.0,1.0,-0.0,0,0,0,0,-0.0,0.0,1e-06,-3.057992e-10,1.783672e-10,6.111804e-10,False,0.0,False
2017-08-16,CE02SHBP-LJ01D-07-VEL3DC108,3,True,2017-08-16T00:00:00Z,2017-08-16T23:59:53Z,86394,86394,0,1.0,1.0,1.0,0.0,0,0,0,0,-0.0,0.0,1e-06,-3.792206e-10,2.141488e-10,7.421477e-10,False,0.0,False
2017-08-17,CE02SHBP-LJ01D-07-VEL3DC108,3,True,2017-08-17T00:00:00Z,2017-08-17T23:59:17Z,86228,86358,130,1.0,1.0,1.0,0.0,1,130,1,130,0.0,0.0,0.0,1.200142e-10,6.917708e-11,2.328306e-10,False,0.0,True
2017-08-18,CE02SHBP-LJ01D-07-VEL3DC108,3,True,2017-08-18T00:00:00Z,2017-08-18T23:59:52Z,86393,86393,0,1.0,1.0,1.0,-0.0,0,0,0,0,-0.0,0.0,1e-06,-3.057992e-10,1.783672e-10,6.111804e-10,False,0.0,False
2017-08-19,CE02SHBP-LJ01D-07-VEL3DC108,3,True,2017-08-19T00:00:00Z,2017-08-19T23:59:55Z,86396,86396,0,1.0,1.0,1.0,-0.0,0,0,0,0,-0.0,0.0,0.0,-1.042676e-10,6.193725e-11,2.182787e-10,False,0.0,False
2017-08-20,CE02SHBP-LJ01D-07-VEL3DC108,3,True,2017-08-20T00:00:00Z,2017-08-20T23:59:54Z,86395,86395,0,1.0,1.0,1.0,0.0,0,0,0,0,-0.0,0.0,1e-06,-3.601443e-10,2.029711e-10,7.130438e-10,False,0.0,False
2017-08-21,CE02SHBP-LJ01D-07-VEL3DC108,3,True,2017-08-21T00:00:00Z,2017-08-21T23:59:53Z,86394,86394,0,1.0,1.0,1.0,0.0,0,0,0,0,-0.0,0.0,1e-06,-3.792206e-10,2.141488e-10,7.421477e-10,False,0.0,False
2017-08-22,CE02SHBP-LJ01D-07-VEL3DC108,3,True,2017-08-22T00:00:00Z,2017-08-22T23:59:55Z,86396,86396,0,1.0,1.0,1.0,-0.0,0,0,0,0,-0.0,0.0,0.0,-1.042676e-10,6.193725e-11,2.182787e-10,False,0.0,False
2017-08-23,CE02SHBP-LJ01D-07-VEL3DC108,3,True,2017-08-23T00:00:00Z,2017-08-23T23:59:54Z,86395,86395,0,1.0,1.0,1.0,0.0,0,0,0,0,-0.0,0.0,1e-06,-3.601443e-10,2.029711e-10,7.130438e-10,False,0.0,False
2017-08-24,CE02SHBP-LJ01D-07-VEL3DC108,3,True,2017-08-24T00:00:00Z,2017-08-24T22:45:50Z,81951,81951,0,1.0,1.0,1.0,-0.0,0,0,0,0,1e-06,0.0,1e-06,5.382424e-10,3.084332e-10,1.076842e-09,False,0.0,False
2017-08-25,CE02SHBP-LJ01D-07-VEL3DC108,3,False,,,0,0,,1.0,,,,,,,,,,,,,,,,False
2017-08-26,CE02SHBP-LJ01D-07-VEL3DC108,3,False,,,0,0,,1.0,,,,,,,,,,,,,,,,False
2017-08-27,CE02SHBP-LJ01D-07-VEL3DC108,3,False,,,0,0,,1.0,,,,,,,,,,,,,,,,False
2017-08-28,CE02SHBP-LJ01D-07-VEL3DC108,3,False,,,0,0,,1.0,,,,,,,,,,,,,,,,False
2017-08-29,CE02SHBP-LJ01D-07-VEL3DC108,3,True,2017-08-29T00:52:01Z,2017-08-29T23:59:09Z,83229,83229,0,1.0,1.0,1.0,-0.0,0,0,0,0,0.0,0.0,0.0,3.283623e-11,1.836426e-11,5.820766e-11,False,0.0,False
2017-08-30,CE02SHBP-LJ01D-07-VEL3DC108,3,True,2017-08-30T00:00:00Z,2017-08-30T23:59:54Z,86395,86395,0,1.0,1.0,1.0,0.0,0,0,0,0,-0.0,0.0,1e-06,-3.601443e-10,2.029711e-10,7.130438e-10,False,0.0,False
2017-08-31,CE02SHBP-LJ01D-07-VEL3DC108,3,True,2017-08-31T00:00:00Z,2017-08-31T23:59:54Z,86005,86395,390,1.0,1.0,1.0,-0.0,3,390,3,390,0.0,0.0,1e-06,3.116693e-10,1.751543e-10,6.111804e-10,False,0.0,True
2017-09-01,CE02SHBP-LJ01D-07-VEL3DC108,3,True,2017-09-01T00:00:00Z,2017-09-01T23:59:55Z,86396,86396,0,1.0,1.0,1.0,-0.0,0,0,0,0,-0.0,0.0,0.0,-1.042676e-10,6.193725e-11,2.182787e-10,False,0.0,False
2017-09-02,CE02SHBP-LJ01D-07-VEL3DC108,3,True,2017-09-02T00:00:00Z,2017-09-02T23:59:53Z,86394,86394,0,1.0,1.0,1.0,0.0,0,0,0,0,-0.0,0.0,1e-06,-3.792206e-10,2.141488e-10,7.421477e-10,False,0.0,False
2017-09-03,CE02SHBP-LJ01D-07-VEL3DC108,3,True,2017-09-03T00:00:00Z,2017-09-03T23:59:53Z,86394,86394,0,1.0,1.0,1.0,0.0,0,0,0,0,-0.0,0.0,1e-06,-3.792206e-10,2.141488e-10,7.421477e-10,False,0.0,False
2017-09-04,CE02SHBP-LJ01D-07-VEL3DC108,3,True,2017-09-04T00:00:00Z,2017-09-04T23:59:53Z,86394,86394,0,1.0,1.0,1.0,0.0,0,0,0,0,-0.0,0.0,1e-06,-3.792206e-10,2.141488e-10,7.421477e-10,False,0.0,False
2017-09-05,CE02SHBP-LJ01D-07-VEL3DC108,3,True,2017-09-05T00:00:00Z,2017-09-05T23:59:53Z,86394,86394,0,1.0,1.0,1.0,0.0,0,0,0,0,-0.0,0.0,1e-06,-3.792206e-10,2.141488e-10,7.421477e-10,False,0.0,False
2017-09-06,CE02SHBP-LJ01D-07-VEL3DC108,3,True,2017-09-06T00:00:00Z,2017-09-06T23:59:53Z,86394,86394,0,1.0,1.0,1.0,0.0,0,0,0,0,-0.0,0.0,1e-06,-3.792206e-10,2.141488e-10,7.421477e-10,False,0.0,False
2017-09-07,CE02SHBP-LJ01D-07-VEL3DC108,3,True,2017-09-07T00:00:00Z,2017-09-07T23:59:16Z,86227,86357,130,1.0,1.0,1.0,-0.0,1,130,1,130,0.0,0.0,1e-06,4.501827e-10,2.566873e-10,8.876668e-10,False,0.0,True
2017-09-08,CE02SHBP-LJ01D-07-VEL3DC108,3,True,2017-09-08T00:00:00Z,2017-09-08T23:59:54Z,86395,86395,0,1.0,1.0,1.0,0.0,0,0,0,0,-0.0,0.0,1e-06,-3.601443e-10,2.029711e-10,7.130438e-10,False,0.0,False
2017-09-09,CE02SHBP-LJ01D-07-VEL3DC108,3,True,2017-09-09T00:00:00Z,2017-09-09T02:42:02Z,9723,9723,0,1.0,1.0,1.0,-0.0,0,0,0,0,0.0,0.0,0.0,1.788051e-11,9.920232e-12,3.45608e-11,False,0.0,False
2017-09-10,CE02SHBP-LJ01D-07-VEL3DC108,4,True,2017-09-10T14:47:01Z,2017-09-10T23:59:48Z,33168,33168,0,1.0,1.0,1.0,-0.0,0,0,0,0,0.0,0.0,0.0,1.479462e-10,8.246527e-11,2.910383e-10,False,0.0,False
2017-09-11,CE02SHBP-LJ01D-07-VEL3DC108,4,True,2017-09-11T00:00:00Z,2017-09-11T23:59:54Z,86395,86395,0,1.0,1.0,1.0,0.0,0,0,0,0,-0.0,0.0,1e-06,-3.601443e-10,2.029711e-10,7.130438e-10,False,0.0,False
2017-09-12,CE02SHBP-LJ01D-07-VEL3DC108,4,True,2017-09-12T00:00:00Z,2017-09-12T23:59:55Z,86396,86396,0,1.0,1.0,1.0,-0.0,0,0,0,0,-0.0,0.0,0.0,-1.042676e-10,6.193725e-11,2.182787e-10,False,0.0,False
2017-09-13,CE02SHBP-LJ01D-07-VEL3DC108,4,True,2017-09-13T00:00:00Z,2017-09-13T23:59:55Z,86284,86396,112,1.0,1.0,1.0,-0.0,5,112,5,112,0.0,0.0,1e-06,3.032083e-10,1.734419e-10,6.111804e-10,False,0.0,True
2017-09-14,CE02SHBP-LJ01D-07-VEL3DC108,4,True,2017-09-14T00:00:00Z,2017-09-14T23:59:12Z,86282,86353,71,1.0,1.0,1.0,-0.0,1,71,1,71,-0.0,0.0,0.0,-1.050836e-10,6.119901e-11,2.037268e-10,False,0.0,True
2017-09-15,CE02SHBP-LJ01D-07-VEL3DC108,4,True,2017-09-15T00:00:00Z,2017-09-15T23:59:52Z,86393,86393,0,1.0,1.0,1.0,-0.0,0,0,0,0,-0.0,0.0,1e-06,-3.057992e-10,1.783672e-10,6.111804e-10,False,0.0,False
2017-09-16,CE02SHBP-LJ01D-07-VEL3DC108,4,True,2017-09-16T00:00:00Z,2017-09-16T23:59:53Z,86394,86394,0,1.0,1.0,1.0,0.0,0,0,0,0,-0.0,0.0,1e-06,-3.792206e-10,2.141488e-10,7.421477e-10,False,0.0,False
2017-09-17,CE02SHBP-LJ01D-07-VEL3DC108,4,True,2017-09-17T00:00:00Z,2017-09-17T23:59:53Z,86394,86394,0,1.0,1.0,1.0,0.0,0,0,0,0,-0.0,0.0,1e-06,-3.792206e-10,2.141488e-10,7.421477e-10,False,0.0,False
2017-09-18,CE02SHBP-LJ01D-07-VEL3DC108,4,True,2017-09-18T00:00:00Z,2017-09-18T23:59:19Z,86230,86360,130,1.0,1.0,1.0,0.0,1,130,1,130,-0.0,0.0,1e-06,-4.418449e-10,2.540386e-10,8.876668e-10,False,0.0,True
2017-09-19,CE02SHBP-LJ01D-07-VEL3DC108,4,True,2017-09-19T00:00:00Z,2017-09-19T23:59:55Z,86396,86396,0,1.0,1.0,1.0,-0.0,0,0,0,0,-0.0,0.0,0.0,-1.042676e-10,6.193725e-11,2.182787e-10,False,0.0,False
2017-09-20,CE02SHBP-LJ01D-07-VEL3DC108,4,True,2017-09-20T00:00:00Z,2017-09-20T23:59:52Z,86393,86393,0,1.0,1.0,1.0,-0.0,0,0,0,0,-0.0,0.0,1e-06,-3.057992e-10,1.783672e-10,6.111804e-10,False,0.0,False
2017-09-21,CE02SHBP-LJ01D-07-VEL3DC108,4,True,2017-09-21T00:00:00Z,2017-09-21T23:59:55Z,86396,86396,0,1.0,1.0,1.0,-0.0,0,0,0,0,-0.0,0.0,0.0,-1.042676e-10,6.193725e-11,2.182787e-10,False,0.0,False
2017-09-22,CE02SHBP-LJ01D-07-VEL3DC108,4,True,2017-09-22T00:00:00Z,2017-09-22T23:59:53Z,86394,86394,0,1.0,1.0,1.0,0.0,0,0,0,0,-0.0,0.0,1e-06,-3.792206e-10,2.141488e-10,7.421477e-10,False,0.0,False
2017-09-23,CE02SHBP-LJ01D-07-VEL3DC108,4,True,2017-09-23T00:00:00Z,2017-09-23T23:59:52Z,86393,86393,0,1.0,1.0,1.0,-0.0,0,0,0,0,-0.0,0.0,1e-06,-3.057992e-10,1.783672e-10,6.111804e-10,False,0.0,False
2017-09-24,CE02SHBP-LJ01D-07-VEL3DC108,4,True,2017-09-24T00:00:00Z,2017-09-24T23:59:53Z,86394,86394,0,1.0,1.0,1.0,0.0,0,0,0,0,-0.0,0.0,1e-06,-3.792206e-10,2.141488e-10,7.421477e-10,False,0.0,False
2017-09-25,CE02SHBP-LJ01D-07-VEL3DC108,4,True,2017-09-25T00:00:00Z,2017-09-25T23:59:52Z,86393,86393,0,1.0,1.0,1.0,-0.0,0,0,0,0,-0.0,0.0,1e-06,-3.057992e-10,1.783672e-10,6.111804e-10,False,0.0,False
2017-09-26,CE02SHBP-LJ01D-07-VEL3DC108,4,True,2017-09-26T00:00:00Z,2017-09-26T23:59:53Z,86394,86394,0,1.0,1.0,1.0,0.0,0,0,0,0,-0.0,0.0,1e-06,-3.792206e-10,2.141488e-10,7.421477e-10,False,0.0,False
2017-09-27,CE02SHBP-LJ01D-07-VEL3DC108,4,True,2017-09-27T00:00:00Z,2017-09-27T23:59:54Z,86395,86395,0,1.0,1.0,1.0,0.0,0,0,0,0,-0.0,0.0,1e-06,-3.601443e-10,2.029711e-10,7.130438e-10,False,0.0,False
2017-09-28,CE02SHBP-LJ01D-07-VEL3DC108,4,True,2017-09-28T00:00:00Z,2017-09-28T23:59:53Z,86394,86394,0,1.0,1.0,1.0,0.0,0,0,0,0,-0.0,0.0,1e-06,-3.792206e-10,2.141488e-10,7.421477e-10,False,0.0,False
2017-09-29,CE02SHBP-LJ01D-07-VEL3DC108,4,True,2017-09-29T00:00:00Z,2017-09-29T23:59:54Z,86395,86395,0,1.0,1.0,1.0,0.0,0,0,0,0,-0.0,0.0,1e-06,-3.601443e-10,2.029711e-10,7.130438e-10,False,0.0,False
2017-09-30,CE02SHBP-LJ01D-07-VEL3DC108,4,True,2017-09-30T00:00:00Z,2017-09-30T23:59:55Z,86396,86396,0,1.0,1.0,1.0,-0.0,0,0,0,0,-0.0,0.0,0.0,-1.042676e-10,6.193725e-11,2.182787e-10,False,0.0,False
2017-10-01,CE02SHBP-LJ01D-07-VEL3DC108,4,True,2017-10-01T00:00:00Z,2017-10-01T23:59:54Z,86395,86395,0,1.0,1.0,1.0,0.0,0,0,0,0,-0.0,0.0,1e-06,-3.601443e-10,2.029711e-10,7.130438e-10,False,0.0,False
2017-10-02,CE02SHBP-LJ01D-07-VEL3DC108,4,True,2017-10-02T00:00:00Z,2017-10-02T23:59:52Z,86393,86393,0,1.0,1.0,1.0,-0.0,0,0,0,0,-0.0,0.0,1e-06,-3.057992e-10,1.783672e-10,6.111804e-10,False,0.0,False
2017-10-03,CE02SHBP-LJ01D-07-VEL3DC108,4,True,2017-10-03T00:00:00Z,2017-10-03T23:59:54Z,86395,86395,0,1.0,1.0,1.0,0.0,0,0,0,0,-0.0,0.0,1e-06,-3.601443e-10,2.029711e-10,7.130438e-10,False,0.0,False
2017-10-04,CE02SHBP-LJ01D-07-VEL3DC108,4,True,2017-10-04T00:00:00Z,2017-10-04T23:59:55Z,86396,86396,0,1.0,1.0,1.0,-0.0,0,0,0,0,-0.0,0.0,0.0,-1.042676e-10,6.193725e-11,2.182787e-10,False,0.0,False
2017-10-05,CE02SHBP-LJ01D-07-VEL3DC108,4,True,2017-10-05T00:00:00Z,2017-10-05T23:59:56Z,86397,86397,0,1.0,1.0,1.0,-0.0,0,0,0,0,-0.0,0.0,0.0,-1.060337e-10,6.429039e-11,2.182787e-10,False,0.0,False
2017-10-06,CE02SHBP-LJ01D-07-VEL3DC108,4,True,2017-10-06T00:00:00Z,2017-10-06T23:59:54Z,86395,86395,0,1.0,1.0,1.0,0.0,0,0,0,0,-0.0,0.0,1e-06,-3.601443e-10,2.029711e-10,7.130438e-10,False,0.0,False
2017-10-07,CE02SHBP-LJ01D-07-VEL3DC108,4,True,2017-10-07T00:00:00Z,2017-10-07T23:59:54Z,86395,86395,0,1.0,1.0,1.0,0.0,0,0,0,0,-0.0,0.0,1e-06,-3.601443e-10,2.029711e-10,7.130438e-10,False,0.0,False
2017-10-08,CE02SHBP-LJ01D-07-VEL3DC108,4,True,2017-10-08T00:00:00Z,2017-10-08T23:59:55Z,86396,86396,0,1.0,1.0,1.0,-0.0,0,0,0,0,-0.0,0.0,0.0,-1.042676e-10,6.193725e-11,2.182787e-10,False,0.0,False
2017-10-09,CE02SHBP-LJ01D-07-VEL3DC108,4,True,2017-10-09T00:00:00Z,2017-10-09T23:59:54Z,86395,86395,0,1.0,1.0,1.0,0.0,0,0,0,0,-0.0,0.0,1e-06,-3.601443e-10,2.029711e-10,7.130438e-10,False,0.0,False
2017-10-10,CE02SHBP-LJ01D-07-VEL3DC108,4,True,2017-10-10T00:00:00Z,2017-10-10T23:59:54Z,86395,86395,0,1.0,1.0,1.0,0.0,0,0,0,0,-0.0,0.0,1e-06,-3.601443e-10,2.029711e-10,7.130438e-10,False,0.0,False
2017-10-11,CE02SHBP-LJ01D-07-VEL3DC108,4,True,2017-10-11T00:00:00Z,2017-10-11T23:59:53Z,86394,86394,0,1.0,1.0,1.0,0.0,0,0,0,0,-0.0,0.0,1e-06,-3.792206e-10,2.141488e-10,7.421477e-10,False,0.0,False
2017-10-12,CE02SHBP-LJ01D-07-VEL3DC108,4,True,2017-10-12T00:00:00Z,2017-10-12T23:59:52Z,86393,86393,0,1.0,1.0,1.0,-0.0,0,0,0,0,-0.0,0.0,1e-06,-3.057992e-10,1.783672e-10,6.111804e-10,False,0.0,False
2017-10-13,CE02SHBP-LJ01D-07-VEL3DC108,4,True,2017-10-13T00:00:00Z,2017-10-13T23:59:55Z,86396,86396,0,1.0,1.0,1.0,-0.0,0,0,0,0,-0.0,0.0,0.0,-1.042676e-10,6.193725e-11,2.182787e-10,False,0.0,False
2017-10-14,CE02SHBP-LJ01D-07-VEL3DC108,4,True,2017-10-14T00:00:00Z,2017-10-14T23:59:52Z,86393,86393,0,1.0,1.0,1.0,-0.0,0,0,0,0,-0.0,0.0,1e-06,-3.057992e-10,1.783672e-10,6.111804e-10,False,0.0,False
2017-10-15,CE02SHBP-LJ01D-07-VEL3DC108,4,True,2017-10-15T00:00:00Z,2017-10-15T23:59:53Z,86394,86394,0,1.0,1.0,1.0,0.0,0,0,0,0,-0.0,0.0,1e-06,-3.792206e-10,2.141488e-10,7.421477e-10,False,0.0,False
2017-10-16,CE02SHBP-LJ01D-07-VEL3DC108,4,True,2017-10-16T00:00:00Z,2017-10-16T23:59:55Z,86396,86396,0,1.0,1.0,1.0,-0.0,0,0,0,0,-0.0,0.0,0.0,-1.042676e-10,6.193725e-11,2.182787e-10,False,0.0,False
2017-10-17,CE02SHBP-LJ01D-07-VEL3DC108,4,True,2017-10-17T00:00:00Z,2017-10-17T23:59:54Z,86395,86395,0,1.0,1.0,1.0,0.0,0,0,0,0,-0.0,0.0,1e-06,-3.601443e-10,2.029711e-10,7.130438e-10,False,0.0,False
2017-10-18,CE02SHBP-LJ01D-07-VEL3DC108,4,True,2017-10-18T00:00:00Z,2017-10-18T23:59:55Z,86396,86396,0,1.0,1.0,1.0,-0.0,0,0,0,0,-0.0,0.0,0.0,-1.042676e-10,6.193725e-11,2.182787e-10,False,0.0,False
2017-10-19,CE02SHBP-LJ01D-07-VEL3DC108,4,True,2017-10-19T00:00:00Z,2017-10-19T23:59:53Z,86394,86394,0,1.0,1.0,1.0,0.0,0,0,0,0,-0.0,0.0,1e-06,-3.792206e-10,2.141488e-10,7.421477e-10,False,0.0,False
2017-10-20,CE02SHBP-LJ01D-07-VEL3DC108,4,True,2017-10-20T00:00:00Z,2017-10-20T23:59:18Z,81115,86359,5244,1.0,1.0,1.0,0.0,81,5244,81,5244,-0.0,0.0,0.0,-1.713495e-10,1.000523e-10,3.49246e-10,False,0.0,True
2017-10-21,CE02SHBP-LJ01D-07-VEL3DC108,4,True,2017-10-21T00:00:00Z,2017-10-21T23:59:40Z,79726,86381,6655,1.0,1.0,1.0,-0.0,126,6655,126,6655,0.0,0.0,1e-06,2.909483e-10,1.62679e-10,5.675247e-10,False,0.0,True
2017-10-22,CE02SHBP-LJ01D-07-VEL3DC108,4,True,2017-10-22T00:00:00Z,2017-10-22T23:59:03Z,80498,86344,5846,1.0,1.0,1.0,0.0,116,5846,116,5846,0.0,0.0,0.0,1.243291e-10,7.253992e-11,2.473826e-10,False,0.0,True
2017-10-23,CE02SHBP-LJ01D-07-VEL3DC108,4,True,2017-10-23T00:00:00Z,2017-10-23T23:59:42Z,80105,86383,6278,1.0,1.0,1.0,0.0,120,6278,120,6278,-0.0,0.0,1e-06,-2.942515e-10,1.639207e-10,5.820766e-10,False,0.0,True
2017-10-24,CE02SHBP-LJ01D-07-VEL3DC108,4,True,2017-10-24T00:00:00Z,2017-10-24T23:59:22Z,79786,86363,6577,1.0,1.0,1.0,-0.0,133,6577,133,6577,1e-06,0.0,1e-06,5.875101e-10,3.397403e-10,1.193257e-09,False,0.0,True
2017-10-25,CE02SHBP-LJ01D-07-VEL3DC108,4,True,2017-10-25T00:00:00Z,2017-10-25T23:59:05Z,83395,86346,2951,1.0,1.0,1.0,0.0,72,2951,72,2951,0.0,0.0,1e-06,4.38254e-10,2.584049e-10,8.876668e-10,False,0.0,True
2017-10-26,CE02SHBP-LJ01D-07-VEL3DC108,4,True,2017-10-26T00:00:00Z,2017-10-26T23:59:54Z,86395,86395,0,1.0,1.0,1.0,0.0,0,0,0,0,-0.0,0.0,1e-06,-3.601443e-10,2.029711e-10,7.130438e-10,False,0.0,False
2017-10-27,CE02SHBP-LJ01D-07-VEL3DC108,4,True,2017-10-27T00:00:00Z,2017-10-27T23:59:54Z,86395,86395,0,1.0,1.0,1.0,0.0,0,0,0,0,-0.0,0.0,1e-06,-3.601443e-10,2.029711e-10,7.130438e-10,False,0.0,False
2017-10-28,CE02SHBP-LJ01D-07-VEL3DC108,4,True,2017-10-28T00:00:00Z,2017-10-28T23:59:53Z,86394,86394,0,1.0,1.0,1.0,0.0,0,0,0,0,-0.0,0.0,1e-06,-3.792206e-10,2.141488e-10,7.421477e-10,False,0.0,False
2017-10-29,CE02SHBP-LJ01D-07-VEL3DC108,4,True,2017-10-29T00:00:00Z,2017-10-29T23:59:54Z,86395,86395,0,1.0,1.0,1.0,0.0,0,0,0,0,-0.0,0.0,1e-06,-3.601443e-10,2.029711e-10,7.130438e-10,False,0.0,False
2017-10-30,CE02SHBP-LJ01D-07-VEL3DC108,4,True,2017-10-30T00:00:00Z,2017-10-30T23:59:54Z,86395,86395,0,1.0,1.0,1.0,0.0,0,0,0,0,-0.0,0.0,1e-06,-3.601443e-10,2.029711e-10,7.130438e-10,False,0.0,False
2017-10-31,CE02SHBP-LJ01D-07-VEL3DC108,4,True,2017-10-31T00:00:00Z,2017-10-31T23:59:53Z,86394,86394,0,1.0,1.0,1.0,0.0,0,0,0,0,-0.0,0.0,1e-06,-3.792206e-10,2.141488e-10,7.421477e-10,False,0.0,False
2017-11-01,CE02SHBP-LJ01D-07-VEL3DC108,4,True,2017-11-01T00:00:00Z,2017-11-01T23:59:54Z,86395,86395,0,1.0,1.0,1.0,0.0,0,0,0,0,-0.0,0.0,1e-06,-3.601443e-10,2.029711e-10,7.130438e-10,False,0.0,False
2017-11-02,CE02SHBP-LJ01D-07-VEL3DC108,4,True,2017-11-02T00:00:00Z,2017-11-02T23:59:58Z,86399,86399,0,1.0,1.0,1.0,-0.0,0,0,0,0,0.0,0.0,0.0,2.304436e-10,1.325542e-10,4.656613e-10,False,0.0,False
2017-11-03,CE02SHBP-LJ01D-07-VEL3DC108,4,True,2017-11-03T00:00:00Z,2017-11-03T23:59:54Z,86395,86395,0,1.0,1.0,1.0,0.0,0,0,0,0,-0.0,0.0,1e-06,-3.601443e-10,2.029711e-10,7.130438e-10,False,0.0,False
2017-11-04,CE02SHBP-LJ01D-07-VEL3DC108,4,True,2017-11-04T00:00:00Z,2017-11-04T23:59:55Z,86396,86396,0,1.0,1.0,1.0,-0.0,0,0,0,0,-0.0,0.0,0.0,-1.042676e-10,6.193725e-11,2.182787e-10,False,0.0,False
2017-11-05,CE02SHBP-LJ01D-07-VEL3DC108,4,True,2017-11-05T00:00:00Z,2017-11-05T23:59:52Z,86393,86393,0,1.0,1.0,1.0,-0.0,0,0,0,0,-0.0,0.0,1e-06,-3.057992e-10,1.783672e-10,6.111804e-10,False,0.0,False
2017-11-06,CE02SHBP-LJ01D-07-VEL3DC108,4,True,2017-11-06T00:00:00Z,2017-11-06T23:59:55Z,86396,86396,0,1.0,1.0,1.0,-0.0,0,0,0,0,-0.0,0.0,0.0,-1.042676e-10,6.193725e-11,2.182787e-10,False,0.0,False
2017-11-07,CE02SHBP-LJ01D-07-VEL3DC108,4,True,2017-11-07T00:00:00Z,2017-11-07T23:59:54Z,86395,86395,0,1.0,1.0,1.0,0.0,0,0,0,0,-0.0,0.0,1e-06,-3.601443e-10,2.029711e-10,7.130438e-10,False,0.0,False
2017-11-08,CE02SHBP-LJ01D-07-VEL3DC108,4,True,2017-11-08T00:00:00Z,2017-11-08T23:59:52Z,86393,86393,0,1.0,1.0,1.0,-0.0,0,0,0,0,-0.0,0.0,1e-06,-3.057992e-10,1.783672e-10,6.111804e-10,False,0.0,False
2017-11-09,CE02SHBP-LJ01D-07-VEL3DC108,4,True,2017-11-09T00:00:00Z,2017-11-09T23:59:54Z,86395,86395,0,1.0,1.0,1.0,0.0,0,0,0,0,-0.0,0.0,1e-06,-3.601443e-10,2.029711e-10,7.130438e-10,False,0.0,False
2017-11-10,CE02SHBP-LJ01D-07-VEL3DC108,4,True,2017-11-10T00:00:00Z,2017-11-10T23:59:53Z,86394,86394,0,1.0,1.0,1.0,0.0,0,0,0,0,-0.0,0.0,1e-06,-3.792206e-10,2.141488e-10,7.421477e-10,False,0.0,False
2017-11-11,CE02SHBP-LJ01D-07-VEL3DC108,4,True,2017-11-11T00:00:00Z,2017-11-11T23:59:55Z,86396,86396,0,1.0,1.0,1.0,-0.0,0,0,0,0,-0.0,0.0,0.0,-1.042676e-10,6.193725e-11,2.182787e-10,False,0.0,False
2017-11-12,CE02SHBP-LJ01D-07-VEL3DC108,4,True,2017-11-12T00:00:00Z,2017-11-12T23:59:52Z,86393,86393,0,1.0,1.0,1.0,-0.0,0,0,0,0,-0.0,0.0,1e-06,-3.057992e-10,1.783672e-10,6.111804e-10,False,0.0,False
2017-11-13,CE02SHBP-LJ01D-07-VEL3DC108,4,True,2017-11-13T00:00:00Z,2017-11-13T23:02:27Z,82948,82948,0,1.0,1.0,1.0,-0.0,0,0,0,0,0.0,0.0,0.0,1.668419e-10,9.470826e-11,3.346941e-10,False,0.0,False
2017-11-14,CE02SHBP-LJ01D-07-VEL3DC108,4,True,2017-11-14T23:53:01Z,2017-11-14T23:58:35Z,335,335,0,1.0,1.0,1.0,-0.0,0,0,0,0,-0.0,0.0,0.0,-6.813196e-14,4.68648e-14,1.705303e-13,False,0.0,False
2017-11-15,CE02SHBP-LJ01D-07-VEL3DC108,4,True,2017-11-15T00:00:00Z,2017-11-15T23:59:54Z,86395,86395,0,1.0,1.0,1.0,0.0,0,0,0,0,-0.0,0.0,1e-06,-3.601443e-10,2.029711e-10,7.130438e-10,False,0.0,False
2017-11-16,CE02SHBP-LJ01D-07-VEL3DC108,4,True,2017-11-16T00:00:00Z,2017-11-16T23:59:16Z,86227,86357,130,1.0,1.0,1.0,-0.0,1,130,1,130,0.0,0.0,1e-06,2.690992e-10,1.50063e-10,5.238689e-10,False,0.0,True
2017-11-17,CE02SHBP-LJ01D-07-VEL3DC108,4,True,2017-11-17T00:00:00Z,2017-11-17T23:59:52Z,86393,86393,0,1.0,1.0,1.0,-0.0,0,0,0,0,-0.0,0.0,1e-06,-3.057992e-10,1.783672e-10,6.111804e-10,False,0.0,False
2017-11-18,CE02SHBP-LJ01D-07-VEL3DC108,4,True,2017-11-18T00:00:00Z,2017-11-18T23:59:53Z,86394,86394,0,1.0,1.0,1.0,0.0,0,0,0,0,-0.0,0.0,1e-06,-3.792206e-10,2.141488e-10,7.421477e-10,False,0.0,False
2017-11-19,CE02SHBP-LJ01D-07-VEL3DC108,4,True,2017-11-19T00:00:00Z,2017-11-19T23:59:53Z,86394,86394,0,1.0,1.0,1.0,0.0,0,0,0,0,-0.0,0.0,1e-06,-3.792206e-10,2.141488e-10,7.421477e-10,False,0.0,False
2017-11-20,CE02SHBP-LJ01D-07-VEL3DC108,4,True,2017-11-20T00:00:00Z,2017-11-20T23:59:55Z,86396,86396,0,1.0,1.0,1.0,-0.0,0,0,0,0,-0.0,0.0,0.0,-1.042676e-10,6.193725e-11,2.182787e-10,False,0.0,False
2017-11-21,CE02SHBP-LJ01D-07-VEL3DC108,4,True,2017-11-21T00:00:00Z,2017-11-21T18:47:49Z,67670,67670,0,1.0,1.0,1.0,0.0,0,0,0,0,0.0,0.0,1e-06,3.342617e-10,1.932623e-10,6.693881e-10,False,0.0,False
2017-11-22,CE02SHBP-LJ01D-07-VEL3DC108,4,True,2017-11-22T03:18:00Z,2017-11-22T23:59:07Z,74338,74468,130,1.0,1.0,1.0,-0.0,1,130,1,130,-0.0,0.0,0.0,-8.583348e-11,5.248331e-11,1.74623e-10,False,0.0,True
2017-11-23,CE02SHBP-LJ01D-07-VEL3DC108,4,True,2017-11-23T00:00:00Z,2017-11-23T23:59:54Z,86395,86395,0,1.0,1.0,1.0,0.0,0,0,0,0,-0.0,0.0,1e-06,-3.601443e-10,2.029711e-10,7.130438e-10,False,0.0,False
2017-11-24,CE02SHBP-LJ01D-07-VEL3DC108,4,True,2017-11-24T00:00:00Z,2017-11-24T23:59:53Z,86394,86394,0,1.0,1.0,1.0,0.0,0,0,0,0,-0.0,0.0,1e-06,-3.792206e-10,2.141488e-10,7.421477e-10,False,0.0,False
2017-11-25,CE02SHBP-LJ01D-07-VEL3DC108,4,True,2017-11-25T00:00:00Z,2017-11-25T23:59:55Z,86396,86396,0,1.0,1.0,1.0,-0.0,0,0,0,0,-0.0,0.0,0.0,-1.042676e-10,6.193725e-11,2.182787e-10,False,0.0,False
2017-11-26,CE02SHBP-LJ01D-07-VEL3DC108,4,True,2017-11-26T00:00:00Z,2017-11-26T23:59:54Z,86395,86395,0,1.0,1.0,1.0,0.0,0,0,0,0,-0.0,0.0,1e-06,-3.601443e-10,2.029711e-10,7.130438e-10,False,0.0,False
2017-11-27,CE02SHBP-LJ01D-07-VEL3DC108,4,True,2017-11-27T00:00:00Z,2017-11-27T23:59:52Z,86393,86393,0,1.0,1.0,1.0,-0.0,0,0,0,0,-0.0,0.0,1e-06,-3.057992e-10,1.783672e-10,6.111804e-10,False,0.0,False
2017-11-28,CE02SHBP-LJ01D-07-VEL3DC108,4,True,2017-11-28T00:00:00Z,2017-11-28T23:59:52Z,86393,86393,0,1.0,1.0,1.0,-0.0,0,0,0,0,-0.0,0.0,1e-06,-3.057992e-10,1.783672e-10,6.111804e-10,False,0.0,False
2017-11-29,CE02SHBP-LJ01D-07-VEL3DC108,4,True,2017-11-29T00:00:00Z,2017-11-29T23:59:55Z,86396,86396,0,1.0,1.0,1.0,-0.0,0,0,0,0,-0.0,0.0,0.0,-1.042676e-10,6.193725e-11,2.182787e-10,False,0.0,False
2017-11-30,CE02SHBP-LJ01D-07-VEL3DC108,4,True,2017-11-30T00:00:00Z,2017-11-30T20:56:34Z,75395,75395,0,1.0,1.0,1.0,0.0,0,0,0,0,0.0,0.0,0.0,4.167573e-11,2.439153e-11,8.731149e-11,False,0.0,False
2017-12-01,CE02SHBP-LJ01D-07-VEL3DC108,4,False,,,0,0,,1.0,,,,,,,,,,,,,,,,False
2017-12-02,CE02SHBP-LJ01D-07-VEL3DC108,4,True,2017-12-02T02:11:00Z,2017-12-02T23:58:31Z,78452,78452,0,1.0,1.0,1.0,0.0,0,0,0,0,-0.0,0.0,0.0,-8.685002e-11,4.705208e-11,1.74623e-10,False,0.0,False
2017-12-03,CE02SHBP-LJ01D-07-VEL3DC108,4,True,2017-12-03T00:00:00Z,2017-12-03T23:59:54Z,86395,86395,0,1.0,1.0,1.0,0.0,0,0,0,0,-0.0,0.0,1e-06,-3.601443e-10,2.029711e-10,7.130438e-10,False,0.0,False
2017-12-04,CE02SHBP-LJ01D-07-VEL3DC108,4,True,2017-12-04T00:00:00Z,2017-12-04T23:59:52Z,86393,86393,0,1.0,1.0,1.0,-0.0,0,0,0,0,-0.0,0.0,1e-06,-3.057992e-10,1.783672e-10,6.111804e-10,False,0.0,False
2017-12-05,CE02SHBP-LJ01D-07-VEL3DC108,4,True,2017-12-05T00:00:00Z,2017-12-05T23:59:55Z,86396,86396,0,1.0,1.0,1.0,-0.0,0,0,0,0,-0.0,0.0,0.0,-1.042676e-10,6.193725e-11,2.182787e-10,False,0.0,False
2017-12-06,CE02SHBP-LJ01D-07-VEL3DC108,4,True,2017-12-06T00:00:00Z,2017-12-06T23:59:53Z,86394,86394,0,1.0,1.0,1.0,0.0,0,0,0,0,-0.0,0.0,1e-06,-3.792206e-10,2.141488e-10,7.421477e-10,False,0.0,False
2017-12-07,CE02SHBP-LJ01D-07-VEL3DC108,4,True,2017-12-07T00:00:00Z,2017-12-07T23:59:52Z,86393,86393,0,1.0,1.0,1.0,-0.0,0,0,0,0,-0.0,0.0,1e-06,-3.057992e-10,1.783672e-10,6.111804e-10,False,0.0,False
2017-12-08,CE02SHBP-LJ01D-07-VEL3DC108,4,True,2017-12-08T00:00:00Z,2017-12-08T23:59:53Z,86394,86394,0,1.0,1.0,1.0,0.0,0,0,0,0,-0.0,0.0,1e-06,-3.792206e-10,2.141488e-10,7.421477e-10,False,0.0,False
2017-12-09,CE02SHBP-LJ01D-07-VEL3DC108,4,True,2017-12-09T00:00:00Z,2017-12-09T23:59:55Z,86396,86396,0,1.0,1.0,1.0,-0.0,0,0,0,0,-0.0,0.0,0.0,-1.042676e-10,6.193725e-11,2.182787e-10,False,0.0,False
2017-12-10,CE02SHBP-LJ01D-07-VEL3DC108,4,True,2017-12-10T00:00:00Z,2017-12-10T23:59:55Z,86396,86396,0,1.0,1.0,1.0,-0.0,0,0,0,0,-0.0,0.0,0.0,-1.042676e-10,6.193725e-11,2.182787e-10,False,0.0,False
2017-12-11,CE02SHBP-LJ01D-07-VEL3DC108,4,True,2017-12-11T00:00:00Z,2017-12-11T23:59:54Z,86395,86395,0,1.0,1.0,1.0,0.0,0,0,0,0,-0.0,0.0,1e-06,-3.601443e-10,2.029711e-10,7.130438e-10,False,0.0,False
2017-12-12,CE02SHBP-LJ01D-07-VEL3DC108,4,True,2017-12-12T00:00:00Z,2017-12-12T23:59:55Z,86396,86396,0,1.0,1.0,1.0,-0.0,0,0,0,0,-0.0,0.0,0.0,-1.042676e-10,6.193725e-11,2.182787e-10,False,0.0,False
2017-12-13,CE02SHBP-LJ01D-07-VEL3DC108,4,True,2017-12-13T00:00:00Z,2017-12-13T19:38:47Z,70728,70728,0,1.0,1.0,1.0,0.0,0,0,0,0,-0.0,0.0,0.0,-9.300299e-11,4.926323e-11,1.74623e-10,False,0.0,False
2017-12-14,CE02SHBP-LJ01D-07-VEL3DC108,4,True,2017-12-14T02:10:00Z,2017-12-14T23:59:19Z,78560,78560,0,1.0,1.0,1.0,0.0,0,0,0,0,-0.0,0.0,0.0,-1.004912e-10,5.52685e-11,1.891749e-10,False,0.0,False
2017-12-15,CE02SHBP-LJ01D-07-VEL3DC108,4,True,2017-12-15T00:00:00Z,2017-12-15T23:59:54Z,86395,86395,0,1.0,1.0,1.0,0.0,0,0,0,0,-0.0,0.0,1e-06,-3.601443e-10,2.029711e-10,7.130438e-10,False,0.0,False
2017-12-16,CE02SHBP-LJ01D-07-VEL3DC108,4,True,2017-12-16T00:00:00Z,2017-12-16T23:59:52Z,86393,86393,0,1.0,1.0,1.0,-0.0,0,0,0,0,-0.0,0.0,1e-06,-3.057992e-10,1.783672e-10,6.111804e-10,False,0.0,False
2017-12-17,CE02SHBP-LJ01D-07-VEL3DC108,4,True,2017-12-17T00:00:00Z,2017-12-17T23:59:54Z,86395,86395,0,1.0,1.0,1.0,0.0,0,0,0,0,-0.0,0.0,1e-06,-3.601443e-10,2.029711e-10,7.130438e-10,False,0.0,False
2017-12-18,CE02SHBP-LJ01D-07-VEL3DC108,4,True,2017-12-18T00:00:00Z,2017-12-18T23:59:53Z,86394,86394,0,1.0,1.0,1.0,0.0,0,0,0,0,-0.0,0.0,1e-06,-3.792206e-10,2.141488e-10,7.421477e-10,False,0.0,False
2017-12-19,CE02SHBP-LJ01D-07-VEL3DC108,4,True,2017-12-19T00:00:00Z,2017-12-19T23:59:54Z,86395,86395,0,1.0,1.0,1.0,0.0,0,0,0,0,-0.0,0.0,1e-06,-3.601443e-10,2.029711e-10,7.130438e-10,False,0.0,False
2017-12-20,CE02SHBP-LJ01D-07-VEL3DC108,4,True,2017-12-20T00:00:00Z,2017-12-20T23:59:54Z,86395,86395,0,1.0,1.0,1.0,0.0,0,0,0,0,-0.0,0.0,1e-06,-3.601443e-10,2.029711e-10,7.130438e-10,False,0.0,False
2017-12-21,CE02SHBP-LJ01D-07-VEL3DC108,4,True,2017-12-21T00:00:00Z,2017-12-21T23:59:54Z,86395,86395,0,1.0,1.0,1.0,0.0,0,0,0,0,-0.0,0.0,1e-06,-3.601443e-10,2.029711e-10,7.130438e-10,False,0.0,False
2017-12-22,CE02SHBP-LJ01D-07-VEL3DC108,4,True,2017-12-22T00:00:00Z,2017-12-22T23:59:53Z,86394,86394,0,1.0,1.0,1.0,0.0,0,0,0,0,-0.0,0.0,1e-06,-3.792206e-10,2.141488e-10,7.421477e-10,False,0.0,False
2017-12-23,CE02SHBP-LJ01D-07-VEL3DC108,4,True,2017-12-23T00:00:00Z,2017-12-23T23:59:52Z,86393,86393,0,1.0,1.0,1.0,-0.0,0,0,0,0,-0.0,0.0,1e-06,-3.057992e-10,1.783672e-10,6.111804e-10,False,0.0,False
2017-12-24,CE02SHBP-LJ01D-07-VEL3DC108,4,True,2017-12-24T00:00:00Z,2017-12-24T23:59:54Z,86395,86395,0,1.0,1.0,1.0,0.0,0,0,0,0,-0.0,0.0,1e-06,-3.601443e-10,2.029711e-10,7.130438e-10,False,0.0,False
2017-12-25,CE02SHBP-LJ01D-07-VEL3DC108,4,True,2017-12-25T00:00:00Z,2017-12-25T23:59:53Z,86394,86394,0,1.0,1.0,1.0,0.0,0,0,0,0,-0.0,0.0,1e-06,-3.792206e-10,2.141488e-10,7.421477e-10,False,0.0,False
2017-12-26,CE02SHBP-LJ01D-07-VEL3DC108,4,True,2017-12-26T00:00:00Z,2017-12-26T23:59:52Z,86393,86393,0,1.0,1.0,1.0,-0.0,0,0,0,0,-0.0,0.0,1e-06,-3.057992e-10,1.783672e-10,6.111804e-10,False,0.0,False
2017-12-27,CE02SHBP-LJ01D-07-VEL3DC108,4,True,2017-12-27T00:00:00Z,2017-12-27T23:59:55Z,86396,86396,0,1.0,1.0,1.0,-0.0,0,0,0,0,-0.0,0.0,0.0,-1.042676e-10,6.193725e-11,2.182787e-10,False,0.0,False
2017-12-28,CE02SHBP-LJ01D-07-VEL3DC108,4,True,2017-12-28T00:00:00Z,2017-12-28T23:59:53Z,86394,86394,0,1.0,1.0,1.0,0.0,0,0,0,0,-0.0,0.0,1e-06,-3.792206e-10,2.141488e-10,7.421477e-10,False,0.0,False
2017-12-29,CE02SHBP-LJ01D-07-VEL3DC108,4,True,2017-12-29T00:00:00Z,2017-12-29T23:59:53Z,86394,86394,0,1.0,1.0,1.0,0.0,0,0,0,0,-0.0,0.0,1e-06,-3.792206e-10,2.141488e-10,7.421477e-10,False,0.0,False
2017-12-30,CE02SHBP-LJ01D-07-VEL3DC108,4,True,2017-12-30T00:00:00Z,2017-12-30T23:59:57Z,86398,86398,0,1.0,1.0,1.0,0.0,0,0,0,0,0.0,0.0,0.0,2.260374e-10,1.337608e-10,4.656613e-10,False,0.0,False
2017-12-31,CE02SHBP-LJ01D-07-VEL3DC108,4,True,2017-12-31T00:00:00Z,2017-12-31T23:59:53Z,86394,86394,0,1.0,1.0,1.0,0.0,0,0,0,0,-0.0,0.0,1e-06,-3.792206e-10,2.141488e-10,7.421477e-10,False,0.0,False
2018-01-01,CE02SHBP-LJ01D-07-VEL3DC108,4,True,2018-01-01T00:00:00Z,2018-01-01T23:59:53Z,86394,86394,0,1.0,1.0,1.0,0.0,0,0,0,0,-0.0,0.0,1e-06,-3.792206e-10,2.141488e-10,7.421477e-10,False,0.0,False
2018-01-02,CE02SHBP-LJ01D-07-VEL3DC108,4,True,2018-01-02T00:00:00Z,2018-01-02T23:59:40Z,71838,86381,14543,1.0,1.0,1.0,-0.0,1,14543,1,14543,0.0,0.0,1e-06,4.49269e-10,2.774332e-10,1.033186e-09,False,0.0,True
2018-01-03,CE02SHBP-LJ01D-07-VEL3DC108,4,True,2018-01-03T00:00:00Z,2018-01-03T23:59:53Z,86394,86394,0,1.0,1.0,1.0,0.0,0,0,0,0,-0.0,0.0,1e-06,-3.792206e-10,2.141488e-10,7.421477e-10,False,0.0,False
2018-01-04,CE02SHBP-LJ01D-07-VEL3DC108,4,True,2018-01-04T00:00:00Z,2018-01-04T23:59:55Z,86396,86396,0,1.0,1.0,1.0,-0.0,0,0,0,0,-0.0,0.0,0.0,-1.042676e-10,6.193725e-11,2.182787e-10,False,0.0,False
2018-01-05,CE02SHBP-LJ01D-07-VEL3DC108,4,True,2018-01-05T00:00:00Z,2018-01-05T23:59:44Z,85005,86385,1380,1.0,1.0,1.0,-0.0,1,1380,1,1380,-0.0,0.0,0.0,-1.452892e-11,1.24795e-11,4.365575e-11,False,0.0,True
2018-01-06,CE02SHBP-LJ01D-07-VEL3DC108,4,True,2018-01-06T00:00:00Z,2018-01-06T23:59:55Z,86396,86396,0,1.0,1.0,1.0,-0.0,0,0,0,0,-0.0,0.0,0.0,-1.042676e-10,6.193725e-11,2.182787e-10,False,0.0,False
2018-01-07,CE02SHBP-LJ01D-07-VEL3DC108,4,True,2018-01-07T00:00:00Z,2018-01-07T23:59:55Z,86396,86396,0,1.0,1.0,1.0,-0.0,0,0,0,0,-0.0,0.0,0.0,-1.042676e-10,6.193725e-11,2.182787e-10,False,0.0,False
2018-01-08,CE02SHBP-LJ01D-07-VEL3DC108,4,True,2018-01-08T00:00:00Z,2018-01-08T23:59:56Z,86397,86397,0,1.0,1.0,1.0,-0.0,0,0,0,0,-0.0,0.0,0.0,-1.060337e-10,6.429039e-11,2.182787e-10,False,0.0,False
2018-01-09,CE02SHBP-LJ01D-07-VEL3DC108,4,True,2018-01-09T00:00:00Z,2018-01-09T23:59:54Z,86395,86395,0,1.0,1.0,1.0,0.0,0,0,0,0,-0.0,0.0,1e-06,-3.601443e-10,2.029711e-10,7.130438e-10,False,0.0,False
2018-01-10,CE02SHBP-LJ01D-07-VEL3DC108,4,True,2018-01-10T00:00:00Z,2018-01-10T23:59:19Z,85949,86360,411,1.0,1.0,1.0,-0.0,1,411,1,411,0.0,0.0,1e-06,4.485254e-10,2.511245e-10,8.876668e-10,False,0.0,True
2018-01-11,CE02SHBP-LJ01D-07-VEL3DC108,4,True,2018-01-11T00:00:00Z,2018-01-11T23:59:13Z,86170,86354,184,1.0,1.0,1.0,-0.0,1,184,1,184,1e-06,0.0,2e-06,7.667498e-10,4.328633e-10,1.513399e-09,False,0.0,True
2018-01-12,CE02SHBP-LJ01D-07-VEL3DC108,4,True,2018-01-12T00:00:00Z,2018-01-12T23:59:55Z,86396,86396,0,1.0,1.0,1.0,-0.0,0,0,0,0,-0.0,0.0,0.0,-1.042676e-10,6.193725e-11,2.182787e-10,False,0.0,False
2018-01-13,CE02SHBP-LJ01D-07-VEL3DC108,4,True,2018-01-13T00:00:00Z,2018-01-13T23:59:53Z,86394,86394,0,1.0,1.0,1.0,0.0,0,0,0,0,-0.0,0.0,1e-06,-3.792206e-10,2.141488e-10,7.421477e-10,False,0.0,False
2018-01-14,CE02SHBP-LJ01D-07-VEL3DC108,4,True,2018-01-14T00:00:00Z,2018-01-14T23:59:54Z,86395,86395,0,1.0,1.0,1.0,0.0,0,0,0,0,-0.0,0.0,1e-06,-3.601443e-10,2.029711e-10,7.130438e-10,False,0.0,False
2018-01-15,CE02SHBP-LJ01D-07-VEL3DC108,4,True,2018-01-15T00:00:00Z,2018-01-15T23:59:53Z,86394,86394,0,1.0,1.0,1.0,0.0,0,0,0,0,-0.0,0.0,1e-06,-3.792206e-10,2.141488e-10,7.421477e-10,False,0.0,False
2018-01-16,CE02SHBP-LJ01D-07-VEL3DC108,4,True,2018-01-16T00:00:00Z,2018-01-16T23:59:52Z,86393,86393,0,1.0,1.0,1.0,-0.0,0,0,0,0,-0.0,0.0,1e-06,-3.057992e-10,1.783672e-10,6.111804e-10,False,0.0,False
2018-01-17,CE02SHBP-LJ01D-07-VEL3DC108,4,True,2018-01-17T00:00:00Z,2018-01-17T23:59:54Z,86395,86395,0,1.0,1.0,1.0,0.0,0,0,0,0,-0.0,0.0,1e-06,-3.601443e-10,2.029711e-10,7.130438e-10,False,0.0,False
2018-01-18,CE02SHBP-LJ01D-07-VEL3DC108,4,True,2018-01-18T00:00:00Z,2018-01-18T23:59:55Z,86396,86396,0,1.0,1.0,1.0,-0.0,0,0,0,0,-0.0,0.0,0.0,-1.042676e-10,6.193725e-11,2.182787e-10,False,0.0,False
2018-01-19,CE02SHBP-LJ01D-07-VEL3DC108,4,True,2018-01-19T00:00:00Z,2018-01-19T23:59:30Z,20446,86371,65925,1.0,1.0,1.0,0.0,1,65925,1,65925,-0.0,0.0,0.0,-6.887373e-11,4.825654e-11,1.164153e-10,False,0.0,True
2018-01-20,CE02SHBP-LJ01D-07-VEL3DC108,4,True,2018-01-20T00:00:00Z,2018-01-20T23:59:55Z,86396,86396,0,1.0,1.0,1.0,-0.0,0,0,0,0,-0.0,0.0,0.0,-1.042676e-10,6.193725e-11,2.182787e-10,False,0.0,False
2018-01-21,CE02SHBP-LJ01D-07-VEL3DC108,4,True,2018-01-21T00:00:00Z,2018-01-21T23:59:54Z,86395,86395,0,1.0,1.0,1.0,0.0,0,0,0,0,-0.0,0.0,1e-06,-3.601443e-10,2.029711e-10,7.130438e-10,False,0.0,False
2018-01-22,CE02SHBP-LJ01D-07-VEL3DC108,4,True,2018-01-22T00:00:00Z,2018-01-22T23:59:53Z,86394,86394,0,1.0,1.0,1.0,0.0,0,0,0,0,-0.0,0.0,1e-06,-3.792206e-10,2.141488e-10,7.421477e-10,False,0.0,False
2018-01-23,CE02SHBP-LJ01D-07-VEL3DC108,4,True,2018-01-23T00:00:00Z,2018-01-23T23:59:53Z,86394,86394,0,1.0,1.0,1.0,0.0,0,0,0,0,-0.0,0.0,1e-06,-3.792206e-10,2.141488e-10,7.421477e-10,False,0.0,False
2018-01-24,CE02SHBP-LJ01D-07-VEL3DC108,4,True,2018-01-24T00:00:00Z,2018-01-24T23:59:52Z,86393,86393,0,1.0,1.0,1.0,-0.0,0,0,0,0,-0.0,0.0,1e-06,-3.057992e-10,1.783672e-10,6.111804e-10,False,0.0,False
2018-01-25,CE02SHBP-LJ01D-07-VEL3DC108,4,True,2018-01-25T00:00:00Z,2018-01-25T23:59:22Z,83897,86363,2466,1.0,1.0,1.0,0.0,4,2466,4,2466,-0.0,0.0,1e-06,-3.225394e-10,1.8061e-10,6.257324e-10,False,0.0,True
2018-01-26,CE02SHBP-LJ01D-07-VEL3DC108,4,True,2018-01-26T00:00:00Z,2018-01-26T23:59:53Z,86394,86394,0,1.0,1.0,1.0,0.0,0,0,0,0,-0.0,0.0,1e-06,-3.792206e-10,2.141488e-10,7.421477e-10,False,0.0,False
2018-01-27,CE02SHBP-LJ01D-07-VEL3DC108,4,True,2018-01-27T00:00:00Z,2018-01-27T23:59:54Z,86395,86395,0,1.0,1.0,1.0,0.0,0,0,0,0,-0.0,0.0,1e-06,-3.601443e-10,2.029711e-10,7.130438e-10,False,0.0,False
2018-01-28,CE02SHBP-LJ01D-07-VEL3DC108,4,True,2018-01-28T00:00:00Z,2018-01-28T23:59:54Z,86395,86395,0,1.0,1.0,1.0,0.0,0,0,0,0,-0.0,0.0,1e-06,-3.601443e-10,2.029711e-10,7.130438e-10,False,0.0,False
2018-01-29,CE02SHBP-LJ01D-07-VEL3DC108,4,True,2018-01-29T00:00:00Z,2018-01-29T23:59:52Z,86393,86393,0,1.0,1.0,1.0,-0.0,0,0,0,0,-0.0,0.0,1e-06,-3.057992e-10,1.783672e-10,6.111804e-10,False,0.0,False
2018-01-30,CE02SHBP-LJ01D-07-VEL3DC108,4,True,2018-01-30T00:00:00Z,2018-01-30T23:59:52Z,86393,86393,0,1.0,1.0,1.0,-0.0,0,0,0,0,-0.0,0.0,1e-06,-3.057992e-10,1.783672e-10,6.111804e-10,False,0.0,False
2018-01-31,CE02SHBP-LJ01D-07-VEL3DC108,4,True,2018-01-31T00:00:00Z,2018-01-31T23:59:55Z,86396,86396,0,1.0,1.0,1.0,-0.0,0,0,0,0,-0.0,0.0,0.0,-1.042676e-10,6.193725e-11,2.182787e-10,False,0.0,False
2018-02-01,CE02SHBP-LJ01D-07-VEL3DC108,4,True,2018-02-01T00:00:00Z,2018-02-01T23:59:53Z,86394,86394,0,1.0,1.0,1.0,0.0,0,0,0,0,-0.0,0.0,1e-06,-3.792206e-10,2.141488e-10,7.421477e-10,False,0.0,False
2018-02-02,CE02SHBP-LJ01D-07-VEL3DC108,4,True,2018-02-02T00:00:00Z,2018-02-02T23:59:54Z,86395,86395,0,1.0,1.0,1.0,0.0,0,0,0,0,-0.0,0.0,1e-06,-3.601443e-10,2.029711e-10,7.130438e-10,False,0.0,False
2018-02-03,CE02SHBP-LJ01D-07-VEL3DC108,4,True,2018-02-03T00:00:00Z,2018-02-03T23:59:56Z,86397,86397,0,1.0,1.0,1.0,-0.0,0,0,0,0,-0.0,0.0,0.0,-1.060337e-10,6.429039e-11,2.182787e-10,False,0.0,False
2018-02-04,CE02SHBP-LJ01D-07-VEL3DC108,4,True,2018-02-04T00:00:00Z,2018-02-04T23:59:53Z,86394,86394,0,1.0,1.0,1.0,0.0,0,0,0,0,-0.0,0.0,1e-06,-3.792206e-10,2.141488e-10,7.421477e-10,False,0.0,False
2018-02-05,CE02SHBP-LJ01D-07-VEL3DC108,4,True,2018-02-05T00:00:00Z,2018-02-05T23:59:52Z,86393,86393,0,1.0,1.0,1.0,-0.0,0,0,0,0,-0.0,0.0,1e-06,-3.057992e-10,1.783672e-10,6.111804e-10,False,0.0,False
2018-02-06,CE02SHBP-LJ01D-07-VEL3DC108,4,True,2018-02-06T00:00:00Z,2018-02-06T23:59:52Z,86393,86393,0,1.0,1.0,1.0,-0.0,0,0,0,0,-0.0,0.0,1e-06,-3.057992e-10,1.783672e-10,6.111804e-10,False,0.0,False
2018-02-07,CE02SHBP-LJ01D-07-VEL3DC108,4,True,2018-02-07T00:00:00Z,2018-02-07T23:59:55Z,86396,86396,0,1.0,1.0,1.0,-0.0,0,0,0,0,-0.0,0.0,0.0,-1.042676e-10,6.193725e-11,2.182787e-10,False,0.0,False
2018-02-08,CE02SHBP-LJ01D-07-VEL3DC108,4,True,2018-02-08T00:00:00Z,2018-02-08T23:59:52Z,86393,86393,0,1.0,1.0,1.0,-0.0,0,0,0,0,-0.0,0.0,1e-06,-3.057992e-10,1.783672e-10,6.111804e-10,False,0.0,False
2018-02-09,CE02SHBP-LJ01D-07-VEL3DC108,4,True,2018-02-09T00:00:00Z,2018-02-09T23:59:56Z,86397,86397,0,1.0,1.0,1.0,-0.0,0,0,0,0,-0.0,0.0,0.0,-1.060337e-10,6.429039e-11,2.182787e-10,False,0.0,False
2018-02-10,CE02SHBP-LJ01D-07-VEL3DC108,4,True,2018-02-10T00:00:00Z,2018-02-10T23:59:53Z,86394,86394,0,1.0,1.0,1.0,0.0,0,0,0,0,-0.0,0.0,1e-06,-3.792206e-10,2.141488e-10,7.421477e-10,False,0.0,False
2018-02-11,CE02SHBP-LJ01D-07-VEL3DC108,4,True,2018-02-11T00:00:00Z,2018-02-11T23:59:55Z,86396,86396,0,1.0,1.0,1.0,-0.0,0,0,0,0,-0.0,0.0,0.0,-1.042676e-10,6.193725e-11,2.182787e-10,False,0.0,False
2018-02-12,CE02SHBP-LJ01D-07-VEL3DC108,4,True,2018-02-12T00:00:00Z,2018-02-12T23:59:54Z,86395,86395,0,1.0,1.0,1.0,0.0,0,0,0,0,-0.0,0.0,1e-06,-3.601443e-10,2.029711e-10,7.130438e-10,False,0.0,False
2018-02-13,CE02SHBP-LJ01D-07-VEL3DC108,4,True,2018-02-13T00:00:00Z,2018-02-13T23:59:53Z,86394,86394,0,1.0,1.0,1.0,0.0,0,0,0,0,-0.0,0.0,1e-06,-3.792206e-10,2.141488e-10,7.421477e-10,False,0.0,False
2018-02-14,CE02SHBP-LJ01D-07-VEL3DC108,4,True,2018-02-14T00:00:00Z,2018-02-14T23:59:53Z,86394,86394,0,1.0,1.0,1.0,0.0,0,0,0,0,-0.0,0.0,1e-06,-3.792206e-10,2.141488e-10,7.421477e-10,False,0.0,False
2018-02-15,CE02SHBP-LJ01D-07-VEL3DC108,4,True,2018-02-15T00:00:00Z,2018-02-15T23:59:53Z,86394,86394,0,1.0,1.0,1.0,0.0,0,0,0,0,-0.0,0.0,1e-06,-3.792206e-10,2.141488e-10,7.421477e-10,False,0.0,False
2018-02-16,CE02SHBP-LJ01D-07-VEL3DC108,4,True,2018-02-16T00:00:00Z,2018-02-16T23:59:55Z,86396,86396,0,1.0,1.0,1.0,-0.0,0,0,0,0,-0.0,0.0,0.0,-1.042676e-10,6.193725e-11,2.182787e-10,False,0.0,False
2018-02-17,CE02SHBP-LJ01D-07-VEL3DC108,4,True,2018-02-17T00:00:00Z,2018-02-17T23:59:54Z,86395,86395,0,1.0,1.0,1.0,0.0,0,0,0,0,-0.0,0.0,1e-06,-3.601443e-10,2.029711e-10,7.130438e-10,False,0.0,False
2018-02-18,CE02SHBP-LJ01D-07-VEL3DC108,4,True,2018-02-18T00:00:00Z,2018-02-18T23:59:52Z,86393,86393,0,1.0,1.0,1.0,-0.0,0,0,0,0,-0.0,0.0,1e-06,-3.057992e-10,1.783672e-10,6.111804e-10,False,0.0,False
2018-02-19,CE02SHBP-LJ01D-07-VEL3DC108,4,True,2018-02-19T00:00:00Z,2018-02-19T23:59:55Z,86396,86396,0,1.0,1.0,1.0,-0.0,0,0,0,0,-0.0,0.0,0.0,-1.042676e-10,6.193725e-11,2.182787e-10,False,0.0,False
2018-02-20,CE02SHBP-LJ01D-07-VEL3DC108,4,True,2018-02-20T00:00:00Z,2018-02-20T23:59:52Z,86393,86393,0,1.0,1.0,1.0,-0.0,0,0,0,0,-0.0,0.0,1e-06,-3.057992e-10,1.783672e-10,6.111804e-10,False,0.0,False
2018-02-21,CE02SHBP-LJ01D-07-VEL3DC108,4,True,2018-02-21T00:00:00Z,2018-02-21T23:59:53Z,86394,86394,0,1.0,1.0,1.0,0.0,0,0,0,0,-0.0,0.0,1e-06,-3.792206e-10,2.141488e-10,7.421477e-10,False,0.0,False
2018-02-22,CE02SHBP-LJ01D-07-VEL3DC108,4,True,2018-02-22T00:00:00Z,2018-02-22T23:59:43Z,85339,86384,1045,1.0,1.0,1.0,-0.0,2,1045,2,1045,1e-06,0.0,1e-06,6.173847e-10,3.543431e-10,1.236913e-09,False,0.0,True
2018-02-23,CE02SHBP-LJ01D-07-VEL3DC108,4,True,2018-02-23T00:00:00Z,2018-02-23T23:59:51Z,86392,86392,0,1.0,1.0,1.0,-0.0,0,0,0,0,0.0,0.0,0.0,1.254235e-10,6.750391e-11,2.473826e-10,False,0.0,False
2018-02-24,CE02SHBP-LJ01D-07-VEL3DC108,4,True,2018-02-24T00:00:00Z,2018-02-24T23:59:54Z,86395,86395,0,1.0,1.0,1.0,0.0,0,0,0,0,-0.0,0.0,1e-06,-3.601443e-10,2.029711e-10,7.130438e-10,False,0.0,False
2018-02-25,CE02SHBP-LJ01D-07-VEL3DC108,4,True,2018-02-25T00:00:00Z,2018-02-25T23:59:53Z,86394,86394,0,1.0,1.0,1.0,0.0,0,0,0,0,-0.0,0.0,1e-06,-3.792206e-10,2.141488e-10,7.421477e-10,False,0.0,False
2018-02-26,CE02SHBP-LJ01D-07-VEL3DC108,4,True,2018-02-26T00:00:00Z,2018-02-26T23:59:53Z,86394,86394,0,1.0,1.0,1.0,0.0,0,0,0,0,-0.0,0.0,1e-06,-3.792206e-10,2.141488e-10,7.421477e-10,False,0.0,False
2018-02-27,CE02SHBP-LJ01D-07-VEL3DC108,4,True,2018-02-27T00:00:00Z,2018-02-27T23:59:53Z,86394,86394,0,1.0,1.0,1.0,0.0,0,0,0,0,-0.0,0.0,1e-06,-3.792206e-10,2.141488e-10,7.421477e-10,False,0.0,False
2018-02-28,CE02SHBP-LJ01D-07-VEL3DC108,4,True,2018-02-28T00:00:00Z,2018-02-28T23:59:54Z,86395,86395,0,1.0,1.0,1.0,0.0,0,0,0,0,-0.0,0.0,1e-06,-3.601443e-10,2.029711e-10,7.130438e-10,False,0.0,False
2018-03-01,CE02SHBP-LJ01D-07-VEL3DC108,4,True,2018-03-01T00:00:00Z,2018-03-01T23:59:54Z,86395,86395,0,1.0,1.0,1.0,0.0,0,0,0,0,-0.0,0.0,1e-06,-3.601443e-10,2.029711e-10,7.130438e-10,False,0.0,False
2018-03-02,CE02SHBP-LJ01D-07-VEL3DC108,4,True,2018-03-02T00:00:00Z,2018-03-02T23:59:53Z,86394,86394,0,1.0,1.0,1.0,0.0,0,0,0,0,-0.0,0.0,1e-06,-3.792206e-10,2.141488e-10,7.421477e-10,False,0.0,False
2018-03-03,CE02SHBP-LJ01D-07-VEL3DC108,4,True,2018-03-03T00:00:00Z,2018-03-03T23:59:53Z,86394,86394,0,1.0,1.0,1.0,0.0,0,0,0,0,-0.0,0.0,1e-06,-3.792206e-10,2.141488e-10,7.421477e-10,False,0.0,False
2018-03-04,CE02SHBP-LJ01D-07-VEL3DC108,4,True,2018-03-04T00:00:00Z,2018-03-04T23:59:52Z,86393,86393,0,1.0,1.0,1.0,-0.0,0,0,0,0,-0.0,0.0,1e-06,-3.057992e-10,1.783672e-10,6.111804e-10,False,0.0,False
2018-03-05,CE02SHBP-LJ01D-07-VEL3DC108,4,True,2018-03-05T00:00:00Z,2018-03-05T23:59:54Z,86395,86395,0,1.0,1.0,1.0,0.0,0,0,0,0,-0.0,0.0,1e-06,-3.601443e-10,2.029711e-10,7.130438e-10,False,0.0,False
2018-03-06,CE02SHBP-LJ01D-07-VEL3DC108,4,True,2018-03-06T00:00:00Z,2018-03-06T23:59:54Z,86395,86395,0,1.0,1.0,1.0,0.0,0,0,0,0,-0.0,0.0,1e-06,-3.601443e-10,2.029711e-10,7.130438e-10,False,0.0,False
2018-03-07,CE02SHBP-LJ01D-07-VEL3DC108,4,True,2018-03-07T00:00:00Z,2018-03-07T23:59:53Z,86394,86394,0,1.0,1.0,1.0,0.0,0,0,0,0,-0.0,0.0,1e-06,-3.792206e-10,2.141488e-10,7.421477e-10,False,0.0,False
2018-03-08,CE02SHBP-LJ01D-07-VEL3DC108,4,True,2018-03-08T00:00:00Z,2018-03-08T23:59:53Z,86394,86394,0,1.0,1.0,1.0,0.0,0,0,0,0,-0.0,0.0,1e-06,-3.792206e-10,2.141488e-10,7.421477e-10,False,0.0,False
2018-03-09,CE02SHBP-LJ01D-07-VEL3DC108,4,True,2018-03-09T00:00:00Z,2018-03-09T23:59:53Z,86394,86394,0,1.0,1.0,1.0,0.0,0,0,0,0,-0.0,0.0,1e-06,-3.792206e-10,2.141488e-10,7.421477e-10,False,0.0,False
2018-03-10,CE02SHBP-LJ01D-07-VEL3DC108,4,True,2018-03-10T00:00:00Z,2018-03-10T20:10:16Z,72617,72617,0,1.0,1.0,1.0,-0.0,0,0,0,0,0.0,0.0,0.0,2.503009e-10,1.437354e-10,4.947651e-10,False,0.0,False
2018-03-11,CE02SHBP-LJ01D-07-VEL3DC108,4,False,,,0,0,,1.0,,,,,,,,,,,,,,,,False
2018-03-12,CE02SHBP-LJ01D-07-VEL3DC108,4,True,2018-03-12T16:22:01Z,2018-03-12T23:58:31Z,27391,27391,0,1.0,1.0,1.0,-0.0,0,0,0,0,0.0,0.0,0.0,1.319484e-10,7.198097e-11,2.582965e-10,False,0.0,False
2018-03-13,CE02SHBP-LJ01D-07-VEL3DC108,4,True,2018-03-13T00:00:00Z,2018-03-13T23:59:56Z,86397,86397,0,1.0,1.0,1.0,-0.0,0,0,0,0,-0.0,0.0,0.0,-1.060337e-10,6.429039e-11,2.182787e-10,False,0.0,False
2018-03-14,CE02SHBP-LJ01D-07-VEL3DC108,4,True,2018-03-14T00:00:00Z,2018-03-14T23:59:53Z,86394,86394,0,1.0,1.0,1.0,0.0,0,0,0,0,-0.0,0.0,1e-06,-3.792206e-10,2.141488e-10,7.421477e-10,False,0.0,False
2018-03-15,CE02SHBP-LJ01D-07-VEL3DC108,4,True,2018-03-15T00:00:00Z,2018-03-15T23:59:42Z,72227,86383,14156,1.0,1.0,1.0,-0.0,10,14156,10,14156,0.0,0.0,1e-06,4.236118e-10,2.686917e-10,9.458745e-10,False,0.0,True
2018-03-16,CE02SHBP-LJ01D-07-VEL3DC108,4,True,2018-03-16T00:00:00Z,2018-03-16T23:59:53Z,86394,86394,0,1.0,1.0,1.0,0.0,0,0,0,0,-0.0,0.0,1e-06,-3.792206e-10,2.141488e-10,7.421477e-10,False,0.0,False
2018-03-17,CE02SHBP-LJ01D-07-VEL3DC108,4,True,2018-03-17T00:00:00Z,2018-03-17T23:59:53Z,86394,86394,0,1.0,1.0,1.0,0.0,0,0,0,0,-0.0,0.0,1e-06,-3.792206e-10,2.141488e-10,7.421477e-10,False,0.0,False
2018-03-18,CE02SHBP-LJ01D-07-VEL3DC108,4,True,2018-03-18T00:00:00Z,2018-03-18T23:59:53Z,86394,86394,0,1.0,1.0,1.0,0.0,0,0,0,0,-0.0,0.0,1e-06,-3.792206e-10,2.141488e-10,7.421477e-10,False,0.0,False
2018-03-19,CE02SHBP-LJ01D-07-VEL3DC108,4,True,2018-03-19T00:00:00Z,2018-03-19T23:59:54Z,86395,86395,0,1.0,1.0,1.0,0.0,0,0,0,0,-0.0,0.0,1e-06,-3.601443e-10,2.029711e-10,7.130438e-10,False,0.0,False
2018-03-20,CE02SHBP-LJ01D-07-VEL3DC108,4,True,2018-03-20T00:00:00Z,2018-03-20T23:59:54Z,86395,86395,0,1.0,1.0,1.0,0.0,0,0,0,0,-0.0,0.0,1e-06,-3.601443e-10,2.029711e-10,7.130438e-10,False,0.0,False
2018-03-21,CE02SHBP-LJ01D-07-VEL3DC108,4,True,2018-03-21T00:00:00Z,2018-03-21T23:59:54Z,86395,86395,0,1.0,1.0,1.0,0.0,0,0,0,0,-0.0,0.0,1e-06,-3.601443e-10,2.029711e-10,7.130438e-10,False,0.0,False
2018-03-22,CE02SHBP-LJ01D-07-VEL3DC108,4,True,2018-03-22T00:00:00Z,2018-03-22T23:59:53Z,86394,86394,0,1.0,1.0,1.0,0.0,0,0,0,0,-0.0,0.0,1e-06,-3.792206e-10,2.141488e-10,7.421477e-10,False,0.0,False
2018-03-23,CE02SHBP-LJ01D-07-VEL3DC108,4,True,2018-03-23T00:00:00Z,2018-03-23T23:59:53Z,86394,86394,0,1.0,1.0,1.0,0.0,0,0,0,0,-0.0,0.0,1e-06,-3.792206e-10,2.141488e-10,7.421477e-10,False,0.0,False
2018-03-24,CE02SHBP-LJ01D-07-VEL3DC108,4,True,2018-03-24T00:00:00Z,2018-03-24T23:59:54Z,86395,86395,0,1.0,1.0,1.0,0.0,0,0,0,0,-0.0,0.0,1e-06,-3.601443e-10,2.029711e-10,7.130438e-10,False,0.0,False
2018-03-25,CE02SHBP-LJ01D-07-VEL3DC108,4,True,2018-03-25T00:00:00Z,2018-03-25T23:59:52Z,86393,86393,0,1.0,1.0,1.0,-0.0,0,0,0,0,-0.0,0.0,1e-06,-3.057992e-10,1.783672e-10,6.111804e-10,False,0.0,False
2018-03-26,CE02SHBP-LJ01D-07-VEL3DC108,4,True,2018-03-26T00:00:00Z,2018-03-26T23:59:55Z,86396,86396,0,1.0,1.0,1.0,-0.0,0,0,0,0,-0.0,0.0,0.0,-1.042676e-10,6.193725e-11,2.182787e-10,False,0.0,False
2018-03-27,CE02SHBP-LJ01D-07-VEL3DC108,4,True,2018-03-27T00:00:00Z,2018-03-27T23:59:54Z,86395,86395,0,1.0,1.0,1.0,0.0,0,0,0,0,-0.0,0.0,1e-06,-3.601443e-10,2.029711e-10,7.130438e-10,False,0.0,False
2018-03-28,CE02SHBP-LJ01D-07-VEL3DC108,4,True,2018-03-28T00:00:00Z,2018-03-28T23:59:55Z,86396,86396,0,1.0,1.0,1.0,-0.0,0,0,0,0,-0.0,0.0,0.0,-1.042676e-10,6.193725e-11,2.182787e-10,False,0.0,False
2018-03-29,CE02SHBP-LJ01D-07-VEL3DC108,4,True,2018-03-29T00:00:00Z,2018-03-29T23:59:54Z,86395,86395,0,1.0,1.0,1.0,0.0,0,0,0,0,-0.0,0.0,1e-06,-3.601443e-10,2.029711e-10,7.130438e-10,False,0.0,False
2018-03-30,CE02SHBP-LJ01D-07-VEL3DC108,4,True,2018-03-30T00:00:00Z,2018-03-30T23:59:54Z,86395,86395,0,1.0,1.0,1.0,0.0,0,0,0,0,-0.0,0.0,1e-06,-3.601443e-10,2.029711e-10,7.130438e-10,False,0.0,False
2018-03-31,CE02SHBP-LJ01D-07-VEL3DC108,4,True,2018-03-31T00:00:00Z,2018-03-31T23:59:55Z,86396,86396,0,1.0,1.0,1.0,-0.0,0,0,0,0,-0.0,0.0,0.0,-1.042676e-10,6.193725e-11,2.182787e-10,False,0.0,False
2018-04-01,CE02SHBP-LJ01D-07-VEL3DC108,4,True,2018-04-01T00:00:00Z,2018-04-01T23:59:53Z,86394,86394,0,1.0,1.0,1.0,0.0,0,0,0,0,-0.0,0.0,1e-06,-3.792206e-10,2.141488e-10,7.421477e-10,False,0.0,False
2018-04-02,CE02SHBP-LJ01D-07-VEL3DC108,4,True,2018-04-02T00:00:00Z,2018-04-02T23:59:53Z,86394,86394,0,1.0,1.0,1.0,0.0,0,0,0,0,-0.0,0.0,1e-06,-3.792206e-10,2.141488e-10,7.421477e-10,False,0.0,False
2018-04-03,CE02SHBP-LJ01D-07-VEL3DC108,4,True,2018-04-03T00:00:00Z,2018-04-03T23:59:51Z,86392,86392,0,1.0,1.0,1.0,-0.0,0,0,0,0,0.0,0.0,0.0,1.254235e-10,6.750391e-11,2.473826e-10,False,0.0,False
2018-04-04,CE02SHBP-LJ01D-07-VEL3DC108,4,True,2018-04-04T00:00:00Z,2018-04-04T23:59:55Z,86396,86396,0,1.0,1.0,1.0,-0.0,0,0,0,0,-0.0,0.0,0.0,-1.042676e-10,6.193725e-11,2.182787e-10,False,0.0,False
2018-04-05,CE02SHBP-LJ01D-07-VEL3DC108,4,True,2018-04-05T00:00:00Z,2018-04-05T23:59:53Z,86394,86394,0,1.0,1.0,1.0,0.0,0,0,0,0,-0.0,0.0,1e-06,-3.792206e-10,2.141488e-10,7.421477e-10,False,0.0,False
2018-04-06,CE02SHBP-LJ01D-07-VEL3DC108,4,True,2018-04-06T00:00:00Z,2018-04-06T23:59:58Z,86399,86399,0,1.0,1.0,1.0,-0.0,0,0,0,0,0.0,0.0,0.0,2.304436e-10,1.325542e-10,4.656613e-10,False,0.0,False
2018-04-07,CE02SHBP-LJ01D-07-VEL3DC108,4,True,2018-04-07T00:00:00Z,2018-04-07T23:59:53Z,86394,86394,0,1.0,1.0,1.0,0.0,0,0,0,0,-0.0,0.0,1e-06,-3.792206e-10,2.141488e-10,7.421477e-10,False,0.0,False
2018-04-08,CE02SHBP-LJ01D-07-VEL3DC108,4,True,2018-04-08T00:00:00Z,2018-04-08T23:59:52Z,86393,86393,0,1.0,1.0,1.0,-0.0,0,0,0,0,-0.0,0.0,1e-06,-3.057992e-10,1.783672e-10,6.111804e-10,False,0.0,False
2018-04-09,CE02SHBP-LJ01D-07-VEL3DC108,4,True,2018-04-09T00:00:00Z,2018-04-09T23:59:55Z,86396,86396,0,1.0,1.0,1.0,-0.0,0,0,0,0,-0.0,0.0,0.0,-1.042676e-10,6.193725e-11,2.182787e-10,False,0.0,False
2018-04-10,CE02SHBP-LJ01D-07-VEL3DC108,4,True,2018-04-10T00:00:00Z,2018-04-10T23:59:53Z,86394,86394,0,1.0,1.0,1.0,0.0,0,0,0,0,-0.0,0.0,1e-06,-3.792206e-10,2.141488e-10,7.421477e-10,False,0.0,False
2018-04-11,CE02SHBP-LJ01D-07-VEL3DC108,4,True,2018-04-11T00:00:00Z,2018-04-11T23:59:53Z,86394,86394,0,1.0,1.0,1.0,0.0,0,0,0,0,-0.0,0.0,1e-06,-3.792206e-10,2.141488e-10,7.421477e-10,False,0.0,False
2018-04-12,CE02SHBP-LJ01D-07-VEL3DC108,4,True,2018-04-12T00:00:00Z,2018-04-12T23:59:53Z,86394,86394,0,1.0,1.0,1.0,0.0,0,0,0,0,-0.0,0.0,1e-06,-3.792206e-10,2.141488e-10,7.421477e-10,False,0.0,False
2018-04-13,CE02SHBP-LJ01D-07-VEL3DC108,4,True,2018-04-13T00:00:00Z,2018-04-13T23:59:54Z,86395,86395,0,1.0,1.0,1.0,0.0,0,0,0,0,-0.0,0.0,1e-06,-3.601443e-10,2.029711e-10,7.130438e-10,False,0.0,False
2018-04-14,CE02SHBP-LJ01D-07-VEL3DC108,4,True,2018-04-14T00:00:00Z,2018-04-14T23:59:54Z,86395,86395,0,1.0,1.0,1.0,0.0,0,0,0,0,-0.0,0.0,1e-06,-3.601443e-10,2.029711e-10,7.130438e-10,False,0.0,False
2018-04-15,CE02SHBP-LJ01D-07-VEL3DC108,4,True,2018-04-15T00:00:00Z,2018-04-15T23:59:52Z,86393,86393,0,1.0,1.0,1.0,-0.0,0,0,0,0,-0.0,0.0,1e-06,-3.057992e-10,1.783672e-10,6.111804e-10,False,0.0,False
2018-04-16,CE02SHBP-LJ01D-07-VEL3DC108,4,True,2018-04-16T00:00:00Z,2018-04-16T23:59:54Z,86395,86395,0,1.0,1.0,1.0,0.0,0,0,0,0,-0.0,0.0,1e-06,-3.601443e-10,2.029711e-10,7.130438e-10,False,0.0,False
2018-04-17,CE02SHBP-LJ01D-07-VEL3DC108,4,True,2018-04-17T00:00:00Z,2018-04-17T23:59:51Z,86392,86392,0,1.0,1.0,1.0,-0.0,0,0,0,0,0.0,0.0,0.0,1.254235e-10,6.750391e-11,2.473826e-10,False,0.0,False
2018-04-18,CE02SHBP-LJ01D-07-VEL3DC108,4,True,2018-04-18T00:00:00Z,2018-04-18T23:59:56Z,86397,86397,0,1.0,1.0,1.0,-0.0,0,0,0,0,-0.0,0.0,0.0,-1.060337e-10,6.429039e-11,2.182787e-10,False,0.0,False
2018-04-19,CE02SHBP-LJ01D-07-VEL3DC108,4,True,2018-04-19T00:00:00Z,2018-04-19T23:59:15Z,66282,86356,20074,1.0,1.0,1.0,-0.0,1,20074,1,20074,0.0,0.0,1e-06,3.197454e-10,1.947206e-10,6.111804e-10,False,0.0,True
2018-04-20,CE02SHBP-LJ01D-07-VEL3DC108,4,True,2018-04-20T00:00:00Z,2018-04-20T23:59:54Z,86395,86395,0,1.0,1.0,1.0,0.0,0,0,0,0,-0.0,0.0,1e-06,-3.601443e-10,2.029711e-10,7.130438e-10,False,0.0,False
2018-04-21,CE02SHBP-LJ01D-07-VEL3DC108,4,True,2018-04-21T00:00:00Z,2018-04-21T23:59:56Z,86397,86397,0,1.0,1.0,1.0,-0.0,0,0,0,0,-0.0,0.0,0.0,-1.060337e-10,6.429039e-11,2.182787e-10,False,0.0,False
2018-04-22,CE02SHBP-LJ01D-07-VEL3DC108,4,True,2018-04-22T00:00:00Z,2018-04-22T23:59:55Z,86396,86396,0,1.0,1.0,1.0,-0.0,0,0,0,0,-0.0,0.0,0.0,-1.042676e-10,6.193725e-11,2.182787e-10,False,0.0,False
2018-04-23,CE02SHBP-LJ01D-07-VEL3DC108,4,True,2018-04-23T00:00:00Z,2018-04-23T23:59:55Z,86396,86396,0,1.0,1.0,1.0,-0.0,0,0,0,0,-0.0,0.0,0.0,-1.042676e-10,6.193725e-11,2.182787e-10,False,0.0,False
2018-04-24,CE02SHBP-LJ01D-07-VEL3DC108,4,True,2018-04-24T00:00:00Z,2018-04-24T23:59:52Z,86393,86393,0,1.0,1.0,1.0,-0.0,0,0,0,0,-0.0,0.0,1e-06,-3.057992e-10,1.783672e-10,6.111804e-10,False,0.0,False
2018-04-25,CE02SHBP-LJ01D-07-VEL3DC108,4,True,2018-04-25T00:00:00Z,2018-04-25T23:59:54Z,86395,86395,0,1.0,1.0,1.0,0.0,0,0,0,0,-0.0,0.0,1e-06,-3.601443e-10,2.029711e-10,7.130438e-10,False,0.0,False
2018-04-26,CE02SHBP-LJ01D-07-VEL3DC108,4,True,2018-04-26T00:00:00Z,2018-04-26T23:59:55Z,75172,86396,11224,1.0,1.0,1.0,-0.0,1,11224,1,11224,-0.0,0.0,0.0,-2.963079e-11,1.810412e-11,5.820766e-11,False,0.0,True
2018-04-27,CE02SHBP-LJ01D-07-VEL3DC108,4,True,2018-04-27T00:00:00Z,2018-04-27T23:59:53Z,86394,86394,0,1.0,1.0,1.0,0.0,0,0,0,0,-0.0,0.0,1e-06,-3.792206e-10,2.141488e-10,7.421477e-10,False,0.0,False
2018-04-28,CE02SHBP-LJ01D-07-VEL3DC108,4,True,2018-04-28T00:00:00Z,2018-04-28T23:59:53Z,86394,86394,0,1.0,1.0,1.0,0.0,0,0,0,0,-0.0,0.0,1e-06,-3.792206e-10,2.141488e-10,7.421477e-10,False,0.0,False
2018-04-29,CE02SHBP-LJ01D-07-VEL3DC108,4,True,2018-04-29T00:00:00Z,2018-04-29T23:59:53Z,86394,86394,0,1.0,1.0,1.0,0.0,0,0,0,0,-0.0,0.0,1e-06,-3.792206e-10,2.141488e-10,7.421477e-10,False,0.0,False
2018-04-30,CE02SHBP-LJ01D-07-VEL3DC108,4,True,2018-04-30T00:00:00Z,2018-04-30T23:59:53Z,86394,86394,0,1.0,1.0,1.0,0.0,0,0,0,0,-0.0,0.0,1e-06,-3.792206e-10,2.141488e-10,7.421477e-10,False,0.0,False
2018-05-01,CE02SHBP-LJ01D-07-VEL3DC108,4,True,2018-05-01T00:00:00Z,2018-05-01T23:59:53Z,86394,86394,0,1.0,1.0,1.0,0.0,0,0,0,0,-0.0,0.0,1e-06,-3.792206e-10,2.141488e-10,7.421477e-10,False,0.0,False
2018-05-02,CE02SHBP-LJ01D-07-VEL3DC108,4,True,2018-05-02T00:00:00Z,2018-05-02T23:59:55Z,86396,86396,0,1.0,1.0,1.0,-0.0,0,0,0,0,-0.0,0.0,0.0,-1.042676e-10,6.193725e-11,2.182787e-10,False,0.0,False
2018-05-03,CE02SHBP-LJ01D-07-VEL3DC108,4,True,2018-05-03T00:00:00Z,2018-05-03T23:59:52Z,86393,86393,0,1.0,1.0,1.0,-0.0,0,0,0,0,-0.0,0.0,1e-06,-3.057992e-10,1.783672e-10,6.111804e-10,False,0.0,False
2018-05-04,CE02SHBP-LJ01D-07-VEL3DC108,4,True,2018-05-04T00:00:00Z,2018-05-04T23:59:55Z,86396,86396,0,1.0,1.0,1.0,-0.0,0,0,0,0,-0.0,0.0,0.0,-1.042676e-10,6.193725e-11,2.182787e-10,False,0.0,False
2018-05-05,CE02SHBP-LJ01D-07-VEL3DC108,4,True,2018-05-05T00:00:00Z,2018-05-05T23:59:53Z,86394,86394,0,1.0,1.0,1.0,0.0,0,0,0,0,-0.0,0.0,1e-06,-3.792206e-10,2.141488e-10,7.421477e-10,False,0.0,False
2018-05-06,CE02SHBP-LJ01D-07-VEL3DC108,4,True,2018-05-06T00:00:00Z,2018-05-06T23:59:51Z,86392,86392,0,1.0,1.0,1.0,-0.0,0,0,0,0,0.0,0.0,0.0,1.254235e-10,6.750391e-11,2.473826e-10,False,0.0,False
2018-05-07,CE02SHBP-LJ01D-07-VEL3DC108,4,True,2018-05-07T00:00:00Z,2018-05-07T23:59:53Z,86394,86394,0,1.0,1.0,1.0,0.0,0,0,0,0,-0.0,0.0,1e-06,-3.792206e-10,2.141488e-10,7.421477e-10,False,0.0,False
2018-05-08,CE02SHBP-LJ01D-07-VEL3DC108,4,True,2018-05-08T00:00:00Z,2018-05-08T23:59:55Z,86396,86396,0,1.0,1.0,1.0,-0.0,0,0,0,0,-0.0,0.0,0.0,-1.042676e-10,6.193725e-11,2.182787e-10,False,0.0,False
2018-05-09,CE02SHBP-LJ01D-07-VEL3DC108,4,True,2018-05-09T00:00:00Z,2018-05-09T23:59:53Z,86394,86394,0,1.0,1.0,1.0,0.0,0,0,0,0,-0.0,0.0,1e-06,-3.792206e-10,2.141488e-10,7.421477e-10,False,0.0,False
2018-05-10,CE02SHBP-LJ01D-07-VEL3DC108,4,True,2018-05-10T00:00:00Z,2018-05-10T23:59:53Z,86394,86394,0,1.0,1.0,1.0,0.0,0,0,0,0,-0.0,0.0,1e-06,-3.792206e-10,2.141488e-10,7.421477e-10,False,0.0,False
2018-05-11,CE02SHBP-LJ01D-07-VEL3DC108,4,True,2018-05-11T00:00:00Z,2018-05-11T23:59:54Z,85785,86395,610,1.0,1.0,1.0,-0.0,1,610,1,610,-0.0,0.0,0.0,-1.10859e-10,6.804705e-11,2.328306e-10,False,0.0,True
2018-05-12,CE02SHBP-LJ01D-07-VEL3DC108,4,True,2018-05-12T00:00:00Z,2018-05-12T23:59:54Z,86395,86395,0,1.0,1.0,1.0,0.0,0,0,0,0,-0.0,0.0,1e-06,-3.601443e-10,2.029711e-10,7.130438e-10,False,0.0,False
2018-05-13,CE02SHBP-LJ01D-07-VEL3DC108,4,True,2018-05-13T00:00:00Z,2018-05-13T23:59:53Z,86394,86394,0,1.0,1.0,1.0,0.0,0,0,0,0,-0.0,0.0,1e-06,-3.792206e-10,2.141488e-10,7.421477e-10,False,0.0,False
2018-05-14,CE02SHBP-LJ01D-07-VEL3DC108,4,True,2018-05-14T00:00:00Z,2018-05-14T23:59:54Z,86395,86395,0,1.0,1.0,1.0,0.0,0,0,0,0,-0.0,0.0,1e-06,-3.601443e-10,2.029711e-10,7.130438e-10,False,0.0,False
2018-05-15,CE02SHBP-LJ01D-07-VEL3DC108,4,True,2018-05-15T00:00:00Z,2018-05-15T23:59:05Z,86346,86346,0,1.0,1.0,1.0,0.0,0,0,0,0,-0.0,0.0,0.0,-3.955583e-11,2.087049e-11,7.275958e-11,False,0.0,False
2018-05-16,CE02SHBP-LJ01D-07-VEL3DC108,4,True,2018-05-16T00:00:00Z,2018-05-16T23:59:52Z,86393,86393,0,1.0,1.0,1.0,-0.0,0,0,0,0,-0.0,0.0,1e-06,-3.057992e-10,1.783672e-10,6.111804e-10,False,0.0,False
2018-05-17,CE02SHBP-LJ01D-07-VEL3DC108,4,True,2018-05-17T00:00:00Z,2018-05-17T23:59:53Z,86394,86394,0,1.0,1.0,1.0,0.0,0,0,0,0,-0.0,0.0,1e-06,-3.792206e-10,2.141488e-10,7.421477e-10,False,0.0,False
2018-05-18,CE02SHBP-LJ01D-07-VEL3DC108,4,True,2018-05-18T00:00:00Z,2018-05-18T23:59:40Z,82116,86381,4265,1.0,1.0,1.0,-0.0,1,4265,1,4265,-0.0,0.0,0.0,-1.757545e-10,1.063929e-10,3.637979e-10,False,0.0,True
2018-05-19,CE02SHBP-LJ01D-07-VEL3DC108,4,True,2018-05-19T00:00:00Z,2018-05-19T23:59:53Z,86394,86394,0,1.0,1.0,1.0,0.0,0,0,0,0,-0.0,0.0,1e-06,-3.792206e-10,2.141488e-10,7.421477e-10,False,0.0,False
2018-05-20,CE02SHBP-LJ01D-07-VEL3DC108,4,True,2018-05-20T00:00:00Z,2018-05-20T23:59:54Z,86395,86395,0,1.0,1.0,1.0,0.0,0,0,0,0,-0.0,0.0,1e-06,-3.601443e-10,2.029711e-10,7.130438e-10,False,0.0,False
2018-05-21,CE02SHBP-LJ01D-07-VEL3DC108,4,True,2018-05-21T00:00:00Z,2018-05-21T23:59:56Z,86397,86397,0,1.0,1.0,1.0,-0.0,0,0,0,0,-0.0,0.0,0.0,-1.060337e-10,6.429039e-11,2.182787e-10,False,0.0,False
2018-05-22,CE02SHBP-LJ01D-07-VEL3DC108,4,True,2018-05-22T00:00:00Z,2018-05-22T23:59:53Z,86394,86394,0,1.0,1.0,1.0,0.0,0,0,0,0,-0.0,0.0,1e-06,-3.792206e-10,2.141488e-10,7.421477e-10,False,0.0,False
2018-05-23,CE02SHBP-LJ01D-07-VEL3DC108,4,True,2018-05-23T00:00:00Z,2018-05-23T23:59:53Z,86394,86394,0,1.0,1.0,1.0,0.0,0,0,0,0,-0.0,0.0,1e-06,-3.792206e-10,2.141488e-10,7.421477e-10,False,0.0,False
2018-05-24,CE02SHBP-LJ01D-07-VEL3DC108,4,True,2018-05-24T00:00:00Z,2018-05-24T23:59:54Z,86395,86395,0,1.0,1.0,1.0,0.0,0,0,0,0,-0.0,0.0,1e-06,-3.601443e-10,2.029711e-10,7.130438e-10,False,0.0,False
2018-05-25,CE02SHBP-LJ01D-07-VEL3DC108,4,True,2018-05-25T00:00:00Z,2018-05-25T23:59:54Z,86395,86395,0,1.0,1.0,1.0,0.0,0,0,0,0,-0.0,0.0,1e-06,-3.601443e-10,2.029711e-10,7.130438e-10,False,0.0,False
2018-05-26,CE02SHBP-LJ01D-07-VEL3DC108,4,True,2018-05-26T00:00:00Z,2018-05-26T23:59:55Z,86396,86396,0,1.0,1.0,1.0,-0.0,0,0,0,0,-0.0,0.0,0.0,-1.042676e-10,6.193725e-11,2.182787e-10,False,0.0,False
2018-05-27,CE02SHBP-LJ01D-07-VEL3DC108,4,True,2018-05-27T00:00:00Z,2018-05-27T23:59:56Z,86397,86397,0,1.0,1.0,1.0,-0.0,0,0,0,0,-0.0,0.0,0.0,-1.060337e-10,6.429039e-11,2.182787e-10,False,0.0,False
2018-05-28,CE02SHBP-LJ01D-07-VEL3DC108,4,True,2018-05-28T00:00:00Z,2018-05-28T23:59:55Z,86396,86396,0,1.0,1.0,1.0,-0.0,0,0,0,0,-0.0,0.0,0.0,-1.042676e-10,6.193725e-11,2.182787e-10,False,0.0,False
2018-05-29,CE02SHBP-LJ01D-07-VEL3DC108,4,True,2018-05-29T00:00:00Z,2018-05-29T23:59:55Z,86396,86396,0,1.0,1.0,1.0,-0.0,0,0,0,0,-0.0,0.0,0.0,-1.042676e-10,6.193725e-11,2.182787e-10,False,0.0,False
2018-05-30,CE02SHBP-LJ01D-07-VEL3DC108,4,True,2018-05-30T00:00:00Z,2018-05-30T23:59:54Z,86395,86395,0,1.0,1.0,1.0,0.0,0,0,0,0,-0.0,0.0,1e-06,-3.601443e-10,2.029711e-10,7.130438e-10,False,0.0,False
2018-05-31,CE02SHBP-LJ01D-07-VEL3DC108,4,True,2018-05-31T00:00:00Z,2018-05-31T23:59:53Z,86394,86394,0,1.0,1.0,1.0,0.0,0,0,0,0,-0.0,0.0,1e-06,-3.792206e-10,2.141488e-10,7.421477e-10,False,0.0,False
2018-06-01,CE02SHBP-LJ01D-07-VEL3DC108,4,True,2018-06-01T00:00:00Z,2018-06-01T23:59:54Z,86395,86395,0,1.0,1.0,1.0,0.0,0,0,0,0,-0.0,0.0,1e-06,-3.601443e-10,2.029711e-10,7.130438e-10,False,0.0,False
2018-06-02,CE02SHBP-LJ01D-07-VEL3DC108,4,True,2018-06-02T00:00:00Z,2018-06-02T23:59:56Z,86397,86397,0,1.0,1.0,1.0,-0.0,0,0,0,0,-0.0,0.0,0.0,-1.060337e-10,6.429039e-11,2.182787e-10,False,0.0,False
2018-06-03,CE02SHBP-LJ01D-07-VEL3DC108,4,True,2018-06-03T00:00:00Z,2018-06-03T23:59:55Z,86396,86396,0,1.0,1.0,1.0,-0.0,0,0,0,0,-0.0,0.0,0.0,-1.042676e-10,6.193725e-11,2.182787e-10,False,0.0,False
2018-06-04,CE02SHBP-LJ01D-07-VEL3DC108,4,True,2018-06-04T00:00:00Z,2018-06-04T23:59:53Z,86394,86394,0,1.0,1.0,1.0,0.0,0,0,0,0,-0.0,0.0,1e-06,-3.792206e-10,2.141488e-10,7.421477e-10,False,0.0,False
2018-06-05,CE02SHBP-LJ01D-07-VEL3DC108,4,True,2018-06-05T00:00:00Z,2018-06-05T23:59:52Z,86393,86393,0,1.0,1.0,1.0,-0.0,0,0,0,0,-0.0,0.0,1e-06,-3.057992e-10,1.783672e-10,6.111804e-10,False,0.0,False
2018-06-06,CE02SHBP-LJ01D-07-VEL3DC108,4,True,2018-06-06T00:00:00Z,2018-06-06T23:59:54Z,86395,86395,0,1.0,1.0,1.0,0.0,0,0,0,0,-0.0,0.0,1e-06,-3.601443e-10,2.029711e-10,7.130438e-10,False,0.0,False
2018-06-07,CE02SHBP-LJ01D-07-VEL3DC108,4,True,2018-06-07T00:00:00Z,2018-06-07T23:59:54Z,86395,86395,0,1.0,1.0,1.0,0.0,0,0,0,0,-0.0,0.0,1e-06,-3.601443e-10,2.029711e-10,7.130438e-10,False,0.0,False
2018-06-08,CE02SHBP-LJ01D-07-VEL3DC108,4,True,2018-06-08T00:00:00Z,2018-06-08T23:59:56Z,86397,86397,0,1.0,1.0,1.0,-0.0,0,0,0,0,-0.0,0.0,0.0,-1.060337e-10,6.429039e-11,2.182787e-10,False,0.0,False
2018-06-09,CE02SHBP-LJ01D-07-VEL3DC108,4,True,2018-06-09T00:00:00Z,2018-06-09T23:59:17Z,86228,86358,130,1.0,1.0,1.0,-0.0,1,130,1,130,1e-06,0.0,1e-06,7.099579e-10,4.016324e-10,1.411536e-09,False,0.0,True
2018-06-10,CE02SHBP-LJ01D-07-VEL3DC108,4,True,2018-06-10T00:00:00Z,2018-06-10T23:59:55Z,86396,86396,0,1.0,1.0,1.0,-0.0,0,0,0,0,-0.0,0.0,0.0,-1.042676e-10,6.193725e-11,2.182787e-10,False,0.0,False
2018-06-11,CE02SHBP-LJ01D-07-VEL3DC108,4,True,2018-06-11T00:00:00Z,2018-06-11T23:59:53Z,86394,86394,0,1.0,1.0,1.0,0.0,0,0,0,0,-0.0,0.0,1e-06,-3.792206e-10,2.141488e-10,7.421477e-10,False,0.0,False
2018-06-12,CE02SHBP-LJ01D-07-VEL3DC108,4,True,2018-06-12T00:00:00Z,2018-06-12T23:59:55Z,86396,86396,0,1.0,1.0,1.0,-0.0,0,0,0,0,-0.0,0.0,0.0,-1.042676e-10,6.193725e-11,2.182787e-10,False,0.0,False
2018-06-13,CE02SHBP-LJ01D-07-VEL3DC108,4,True,2018-06-13T00:00:00Z,2018-06-13T23:59:53Z,86394,86394,0,1.0,1.0,1.0,0.0,0,0,0,0,-0.0,0.0,1e-06,-3.792206e-10,2.141488e-10,7.421477e-10,False,0.0,False
2018-06-14,CE02SHBP-LJ01D-07-VEL3DC108,4,True,2018-06-14T00:00:00Z,2018-06-14T23:59:52Z,86393,86393,0,1.0,1.0,1.0,-0.0,0,0,0,0,-0.0,0.0,1e-06,-3.057992e-10,1.783672e-10,6.111804e-10,False,0.0,False
2018-06-15,CE02SHBP-LJ01D-07-VEL3DC108,4,True,2018-06-15T00:00:00Z,2018-06-15T23:59:55Z,86396,86396,0,1.0,1.0,1.0,-0.0,0,0,0,0,-0.0,0.0,0.0,-1.042676e-10,6.193725e-11,2.182787e-10,False,0.0,False
2018-06-16,CE02SHBP-LJ01D-07-VEL3DC108,4,True,2018-06-16T00:00:00Z,2018-06-16T23:59:20Z,86227,86361,134,1.0,1.0,1.0,-0.0,1,134,1,134,0.0,0.0,0.0,7.659302e-11,4.405857e-11,1.600711e-10,False,0.0,True
2018-06-17,CE02SHBP-LJ01D-07-VEL3DC108,4,True,2018-06-17T00:00:00Z,2018-06-17T23:59:53Z,86394,86394,0,1.0,1.0,1.0,0.0,0,0,0,0,-0.0,0.0,1e-06,-3.792206e-10,2.141488e-10,7.421477e-10,False,0.0,False
2018-06-18,CE02SHBP-LJ01D-07-VEL3DC108,4,True,2018-06-18T00:00:00Z,2018-06-18T23:59:53Z,86394,86394,0,1.0,1.0,1.0,0.0,0,0,0,0,-0.0,0.0,1e-06,-3.792206e-10,2.141488e-10,7.421477e-10,False,0.0,False
2018-06-19,CE02SHBP-LJ01D-07-VEL3DC108,4,True,2018-06-19T00:00:00Z,2018-06-19T23:59:55Z,86396,86396,0,1.0,1.0,1.0,-0.0,0,0,0,0,-0.0,0.0,0.0,-1.042676e-10,6.193725e-11,2.182787e-10,False,0.0,False
2018-06-20,CE02SHBP-LJ01D-07-VEL3DC108,4,True,2018-06-20T00:00:00Z,2018-06-20T23:59:52Z,86393,86393,0,1.0,1.0,1.0,-0.0,0,0,0,0,-0.0,0.0,1e-06,-3.057992e-10,1.783672e-10,6.111804e-10,False,0.0,False
2018-06-21,CE02SHBP-LJ01D-07-VEL3DC108,4,True,2018-06-21T00:00:00Z,2018-06-21T23:59:54Z,86395,86395,0,1.0,1.0,1.0,0.0,0,0,0,0,-0.0,0.0,1e-06,-3.601443e-10,2.029711e-10,7.130438e-10,False,0.0,False
2018-06-22,CE02SHBP-LJ01D-07-VEL3DC108,4,True,2018-06-22T00:00:00Z,2018-06-22T23:59:53Z,86394,86394,0,1.0,1.0,1.0,0.0,0,0,0,0,-0.0,0.0,1e-06,-3.792206e-10,2.141488e-10,7.421477e-10,False,0.0,False
2018-06-23,CE02SHBP-LJ01D-07-VEL3DC108,4,True,2018-06-23T00:00:00Z,2018-06-23T23:59:16Z,86227,86357,130,1.0,1.0,1.0,0.0,1,130,1,130,-0.0,0.0,0.0,-1.047546e-10,5.76602e-11,2.037268e-10,False,0.0,True
2018-06-24,CE02SHBP-LJ01D-07-VEL3DC108,4,True,2018-06-24T00:00:00Z,2018-06-24T23:59:56Z,86397,86397,0,1.0,1.0,1.0,-0.0,0,0,0,0,-0.0,0.0,0.0,-1.060337e-10,6.429039e-11,2.182787e-10,False,0.0,False
2018-06-25,CE02SHBP-LJ01D-07-VEL3DC108,4,True,2018-06-25T00:00:00Z,2018-06-25T23:59:53Z,86394,86394,0,1.0,1.0,1.0,0.0,0,0,0,0,-0.0,0.0,1e-06,-3.792206e-10,2.141488e-10,7.421477e-10,False,0.0,False
2018-06-26,CE02SHBP-LJ01D-07-VEL3DC108,4,True,2018-06-26T00:00:00Z,2018-06-26T23:59:52Z,86393,86393,0,1.0,1.0,1.0,-0.0,0,0,0,0,-0.0,0.0,1e-06,-3.057992e-10,1.783672e-10,6.111804e-10,False,0.0,False
2018-06-27,CE02SHBP-LJ01D-07-VEL3DC108,4,True,2018-06-27T00:00:00Z,2018-06-27T23:59:54Z,86395,86395,0,1.0,1.0,1.0,0.0,0,0,0,0,-0.0,0.0,1e-06,-3.601443e-10,2.029711e-10,7.130438e-10,False,0.0,False
2018-06-28,CE02SHBP-LJ01D-07-VEL3DC108,4,True,2018-06-28T00:00:00Z,2018-06-28T23:59:55Z,86396,86396,0,1.0,1.0,1.0,-0.0,0,0,0,0,-0.0,0.0,0.0,-1.042676e-10,6.193725e-11,2.182787e-10,False,0.0,False
2018-06-29,CE02SHBP-LJ01D-07-VEL3DC108,4,True,2018-06-29T00:00:00Z,2018-06-29T01:56:39Z,7000,7000,0,1.0,1.0,1.0,0.0,0,0,0,0,0.0,0.0,0.0,9.404553e-13,8.482426e-13,2.728484e-12,False,0.0,False
2018-06-30,CE02SHBP-LJ01D-07-VEL3DC108,5,False,,,0,0,,1.0,,,,,,,,,,,,,,,,False
2018-07-01,CE02SHBP-LJ01D-07-VEL3DC108,5,False,,,0,0,,1.0,,,,,,,,,,,,,,,,False
2018-07-02,CE02SHBP-LJ01D-07-VEL3DC108,5,False,,,0,0,,1.0,,,,,,,,,,,,,,,,False
2018-07-03,CE02SHBP-LJ01D-07-VEL3DC108,5,False,,,0,0,,1.0,,,,,,,,,,,,,,,,False
2018-07-04,CE02SHBP-LJ01D-07-VEL3DC108,5,False,,,0,0,,1.0,,,,,,,,,,,,,,,,False
2018-07-05,CE02SHBP-LJ01D-07-VEL3DC108,5,False,,,0,0,,1.0,,,,,,,,,,,,,,,,False
2018-07-06,CE02SHBP-LJ01D-07-VEL3DC108,5,False,,,0,0,,1.0,,,,,,,,,,,,,,,,False
2018-07-07,CE02SHBP-LJ01D-07-VEL3DC108,5,False,,,0,0,,1.0,,,,,,,,,,,,,,,,False
2018-07-08,CE02SHBP-LJ01D-07-VEL3DC108,5,False,,,0,0,,1.0,,,,,,,,,,,,,,,,False
2018-07-09,CE02SHBP-LJ01D-07-VEL3DC108,5,False,,,0,0,,1.0,,,,,,,,,,,,,,,,False
2018-07-10,CE02SHBP-LJ01D-07-VEL3DC108,5,True,2018-07-10T19:13:01Z,2018-07-10T19:26:23Z,803,803,0,1.0,1.0,1.0,-0.0,0,0,0,0,-0.0,0.0,0.0,-1.691498e-13,1.163553e-13,3.410605e-13,False,0.0,False
2018-07-11,CE02SHBP-LJ01D-07-VEL3DC108,5,True,2018-07-11T00:00:00Z,2018-07-11T23:59:48Z,86389,86389,0,1.0,1.0,1.0,0.0,0,0,0,0,0.0,0.0,0.0,2.45195e-11,1.424949e-11,4.365575e-11,False,0.0,False
2018-07-12,CE02SHBP-LJ01D-07-VEL3DC108,5,True,2018-07-12T00:00:00Z,2018-07-12T23:59:48Z,86389,86389,0,1.0,1.0,1.0,0.0,0,0,0,0,0.0,0.0,0.0,2.45195e-11,1.424949e-11,4.365575e-11,False,0.0,False
2018-07-13,CE02SHBP-LJ01D-07-VEL3DC108,5,True,2018-07-13T00:00:00Z,2018-07-13T23:59:48Z,86389,86389,0,1.0,1.0,1.0,0.0,0,0,0,0,0.0,0.0,0.0,2.45195e-11,1.424949e-11,4.365575e-11,False,0.0,False
2018-07-14,CE02SHBP-LJ01D-07-VEL3DC108,5,True,2018-07-14T00:00:00Z,2018-07-14T23:59:47Z,86388,86388,0,1.0,1.0,1.0,-0.0,0,0,0,0,0.0,0.0,1e-06,3.079591e-10,1.761886e-10,6.111804e-10,False,0.0,False
2018-07-15,CE02SHBP-LJ01D-07-VEL3DC108,5,True,2018-07-15T00:00:00Z,2018-07-15T23:59:48Z,86389,86389,0,1.0,1.0,1.0,0.0,0,0,0,0,0.0,0.0,0.0,2.45195e-11,1.424949e-11,4.365575e-11,False,0.0,False
2018-07-16,CE02SHBP-LJ01D-07-VEL3DC108,5,True,2018-07-16T00:00:00Z,2018-07-16T23:59:48Z,86389,86389,0,1.0,1.0,1.0,0.0,0,0,0,0,0.0,0.0,0.0,2.45195e-11,1.424949e-11,4.365575e-11,False,0.0,False
2018-07-17,CE02SHBP-LJ01D-07-VEL3DC108,5,True,2018-07-17T00:00:00Z,2018-07-17T23:59:48Z,86389,86389,0,1.0,1.0,1.0,0.0,0,0,0,0,0.0,0.0,0.0,2.45195e-11,1.424949e-11,4.365575e-11,False,0.0,False
2018-07-18,CE02SHBP-LJ01D-07-VEL3DC108,5,True,2018-07-18T00:00:00Z,2018-07-18T23:59:48Z,86389,86389,0,1.0,1.0,1.0,0.0,0,0,0,0,0.0,0.0,0.0,2.45195e-11,1.424949e-11,4.365575e-11,False,0.0,False
2018-07-19,CE02SHBP-LJ01D-07-VEL3DC108,5,True,2018-07-19T00:00:00Z,2018-07-19T23:59:48Z,86389,86389,0,1.0,1.0,1.0,0.0,0,0,0,0,0.0,0.0,0.0,2.45195e-11,1.424949e-11,4.365575e-11,False,0.0,False
2018-07-20,CE02SHBP-LJ01D-07-VEL3DC108,5,True,2018-07-20T00:00:00Z,2018-07-20T23:59:48Z,86389,86389,0,1.0,1.0,1.0,0.0,0,0,0,0,0.0,0.0,0.0,2.45195e-11,1.424949e-11,4.365575e-11,False,0.0,False
2018-07-21,CE02SHBP-LJ01D-07-VEL3DC108,5,True,2018-07-21T00:00:00Z,2018-07-21T23:59:48Z,86389,86389,0,1.0,1.0,1.0,0.0,0,0,0,0,0.0,0.0,0.0,2.45195e-11,1.424949e-11,4.365575e-11,False,0.0,False
2018-07-22,CE02SHBP-LJ01D-07-VEL3DC108,5,True,2018-07-22T00:00:00Z,2018-07-22T23:59:48Z,86389,86389,0,1.0,1.0,1.0,0.0,0,0,0,0,0.0,0.0,0.0,2.45195e-11,1.424949e-11,4.365575e-11,False,0.0,False
2018-07-23,CE02SHBP-LJ01D-07-VEL3DC108,5,True,2018-07-23T00:00:00Z,2018-07-23T23:59:48Z,86389,86389,0,1.0,1.0,1.0,0.0,0,0,0,0,0.0,0.0,0.0,2.45195e-11,1.424949e-11,4.365575e-11,False,0.0,False
2018-07-24,CE02SHBP-LJ01D-07-VEL3DC108,5,True,2018-07-24T00:00:00Z,2018-07-24T23:59:48Z,86389,86389,0,1.0,1.0,1.0,0.0,0,0,0,0,0.0,0.0,0.0,2.45195e-11,1.424949e-11,4.365575e-11,False,0.0,False
2018-07-25,CE02SHBP-LJ01D-07-VEL3DC108,5,True,2018-07-25T00:00:00Z,2018-07-25T23:59:48Z,86389,86389,0,1.0,1.0,1.0,0.0,0,0,0,0,0.0,0.0,0.0,2.45195e-11,1.424949e-11,4.365575e-11,False,0.0,False
2018-07-26,CE02SHBP-LJ01D-07-VEL3DC108,5,True,2018-07-26T00:00:00Z,2018-07-26T23:59:48Z,86389,86389,0,1.0,1.0,1.0,0.0,0,0,0,0,0.0,0.0,0.0,2.45195e-11,1.424949e-11,4.365575e-11,False,0.0,False
2018-07-27,CE02SHBP-LJ01D-07-VEL3DC108,5,True,2018-07-27T00:00:00Z,2018-07-27T23:59:48Z,86389,86389,0,1.0,1.0,1.0,0.0,0,0,0,0,0.0,0.0,0.0,2.45195e-11,1.424949e-11,4.365575e-11,False,0.0,False
2018-07-28,CE02SHBP-LJ01D-07-VEL3DC108,5,True,2018-07-28T00:00:00Z,2018-07-28T23:59:48Z,86389,86389,0,1.0,1.0,1.0,0.0,0,0,0,0,0.0,0.0,0.0,2.45195e-11,1.424949e-11,4.365575e-11,False,0.0,False
2018-07-29,CE02SHBP-LJ01D-07-VEL3DC108,5,True,2018-07-29T00:00:00Z,2018-07-29T23:59:48Z,86389,86389,0,1.0,1.0,1.0,0.0,0,0,0,0,0.0,0.0,0.0,2.45195e-11,1.424949e-11,4.365575e-11,False,0.0,False
2018-07-30,CE02SHBP-LJ01D-07-VEL3DC108,5,True,2018-07-30T00:00:00Z,2018-07-30T23:59:48Z,86389,86389,0,1.0,1.0,1.0,0.0,0,0,0,0,0.0,0.0,0.0,2.45195e-11,1.424949e-11,4.365575e-11,False,0.0,False
2018-07-31,CE02SHBP-LJ01D-07-VEL3DC108,5,True,2018-07-31T00:00:00Z,2018-07-31T23:59:48Z,86389,86389,0,1.0,1.0,1.0,0.0,0,0,0,0,0.0,0.0,0.0,2.45195e-11,1.424949e-11,4.365575e-11,False,0.0,False
2018-08-01,CE02SHBP-LJ01D-07-VEL3DC108,5,True,2018-08-01T00:00:00Z,2018-08-01T23:59:48Z,86389,86389,0,1.0,1.0,1.0,0.0,0,0,0,0,0.0,0.0,0.0,2.45195e-11,1.424949e-11,4.365575e-11,False,0.0,False
2018-08-02,CE02SHBP-LJ01D-07-VEL3DC108,5,True,2018-08-02T00:00:00Z,2018-08-02T23:59:47Z,86388,86388,0,1.0,1.0,1.0,-0.0,0,0,0,0,0.0,0.0,1e-06,3.079591e-10,1.761886e-10,6.111804e-10,False,0.0,False
2018-08-03,CE02SHBP-LJ01D-07-VEL3DC108,5,True,2018-08-03T00:00:00Z,2018-08-03T23:59:48Z,86389,86389,0,1.0,1.0,1.0,0.0,0,0,0,0,0.0,0.0,0.0,2.45195e-11,1.424949e-11,4.365575e-11,False,0.0,False
2018-08-04,CE02SHBP-LJ01D-07-VEL3DC108,5,True,2018-08-04T00:00:00Z,2018-08-04T23:59:48Z,86389,86389,0,1.0,1.0,1.0,0.0,0,0,0,0,0.0,0.0,0.0,2.45195e-11,1.424949e-11,4.365575e-11,False,0.0,False
2018-08-05,CE02SHBP-LJ01D-07-VEL3DC108,5,True,2018-08-05T00:00:00Z,2018-08-05T23:59:48Z,86389,86389,0,1.0,1.0,1.0,0.0,0,0,0,0,0.0,0.0,0.0,2.45195e-11,1.424949e-11,4.365575e-11,False,0.0,False
2018-08-06,CE02SHBP-LJ01D-07-VEL3DC108,5,True,2018-08-06T00:00:00Z,2018-08-06T23:59:48Z,86389,86389,0,1.0,1.0,1.0,0.0,0,0,0,0,0.0,0.0,0.0,2.45195e-11,1.424949e-11,4.365575e-11,False,0.0,False
2018-08-07,CE02SHBP-LJ01D-07-VEL3DC108,5,True,2018-08-07T00:00:00Z,2018-08-07T23:59:45Z,77334,86386,9052,1.0,1.0,1.0,0.0,2,9052,2,9052,-0.0,0.0,1e-06,-3.593503e-10,1.911919e-10,6.693881e-10,False,0.0,True
2018-08-08,CE02SHBP-LJ01D-07-VEL3DC108,5,True,2018-08-08T00:00:00Z,2018-08-08T23:59:48Z,86389,86389,0,1.0,1.0,1.0,0.0,0,0,0,0,0.0,0.0,0.0,2.45195e-11,1.424949e-11,4.365575e-11,False,0.0,False
2018-08-09,CE02SHBP-LJ01D-07-VEL3DC108,5,True,2018-08-09T00:00:00Z,2018-08-09T23:59:48Z,86389,86389,0,1.0,1.0,1.0,0.0,0,0,0,0,0.0,0.0,0.0,2.45195e-11,1.424949e-11,4.365575e-11,False,0.0,False
2018-08-10,CE02SHBP-LJ01D-07-VEL3DC108,5,True,2018-08-10T00:00:00Z,2018-08-10T21:27:02Z,77223,77223,0,1.0,1.0,1.0,-0.0,0,0,0,0,-0.0,0.0,0.0,-8.014171e-12,5.590094e-12,1.455192e-11,False,0.0,False
2018-08-11,CE02SHBP-LJ01D-07-VEL3DC108,5,True,2018-08-11T16:47:01Z,2018-08-11T23:59:26Z,25946,25946,0,1.0,1.0,1.0,-0.0,0,0,0,0,0.0,0.0,0.0,6.157698e-11,3.42879e-11,1.200533e-10,False,0.0,False
2018-08-12,CE02SHBP-LJ01D-07-VEL3DC108,5,True,2018-08-12T00:00:00Z,2018-08-12T23:59:47Z,86388,86388,0,1.0,1.0,1.0,-0.0,0,0,0,0,0.0,0.0,1e-06,3.079591e-10,1.761886e-10,6.111804e-10,False,0.0,False
2018-08-13,CE02SHBP-LJ01D-07-VEL3DC108,5,True,2018-08-13T00:00:00Z,2018-08-13T23:59:48Z,86389,86389,0,1.0,1.0,1.0,0.0,0,0,0,0,0.0,0.0,0.0,2.45195e-11,1.424949e-11,4.365575e-11,False,0.0,False
2018-08-14,CE02SHBP-LJ01D-07-VEL3DC108,5,True,2018-08-14T00:00:00Z,2018-08-14T23:59:48Z,86389,86389,0,1.0,1.0,1.0,0.0,0,0,0,0,0.0,0.0,0.0,2.45195e-11,1.424949e-11,4.365575e-11,False,0.0,False
2018-08-15,CE02SHBP-LJ01D-07-VEL3DC108,5,True,2018-08-15T00:00:00Z,2018-08-15T23:59:48Z,86389,86389,0,1.0,1.0,1.0,0.0,0,0,0,0,0.0,0.0,0.0,2.45195e-11,1.424949e-11,4.365575e-11,False,0.0,False
2018-08-16,CE02SHBP-LJ01D-07-VEL3DC108,5,True,2018-08-16T00:00:00Z,2018-08-16T23:59:48Z,86389,86389,0,1.0,1.0,1.0,0.0,0,0,0,0,0.0,0.0,0.0,2.45195e-11,1.424949e-11,4.365575e-11,False,0.0,False
2018-08-17,CE02SHBP-LJ01D-07-VEL3DC108,5,True,2018-08-17T00:00:00Z,2018-08-17T23:59:48Z,86389,86389,0,1.0,1.0,1.0,0.0,0,0,0,0,0.0,0.0,0.0,2.45195e-11,1.424949e-11,4.365575e-11,False,0.0,False
2018-08-18,CE02SHBP-LJ01D-07-VEL3DC108,5,True,2018-08-18T00:00:00Z,2018-08-18T23:59:48Z,86389,86389,0,1.0,1.0,1.0,0.0,0,0,0,0,0.0,0.0,0.0,2.45195e-11,1.424949e-11,4.365575e-11,False,0.0,False
2018-08-19,CE02SHBP-LJ01D-07-VEL3DC108,5,True,2018-08-19T00:00:00Z,2018-08-19T23:59:48Z,86389,86389,0,1.0,1.0,1.0,0.0,0,0,0,0,0.0,0.0,0.0,2.45195e-11,1.424949e-11,4.365575e-11,False,0.0,False
2018-08-20,CE02SHBP-LJ01D-07-VEL3DC108,5,True,2018-08-20T00:00:00Z,2018-08-20T23:59:47Z,86388,86388,0,1.0,1.0,1.0,-0.0,0,0,0,0,0.0,0.0,1e-06,3.079591e-10,1.761886e-10,6.111804e-10,False,0.0,False
2018-08-21,CE02SHBP-LJ01D-07-VEL3DC108,5,True,2018-08-21T00:00:00Z,2018-08-21T23:59:48Z,86389,86389,0,1.0,1.0,1.0,0.0,0,0,0,0,0.0,0.0,0.0,2.45195e-11,1.424949e-11,4.365575e-11,False,0.0,False
2018-08-22,CE02SHBP-LJ01D-07-VEL3DC108,5,True,2018-08-22T00:00:00Z,2018-08-22T17:41:05Z,63666,63666,0,1.0,1.0,1.0,-0.0,0,0,0,0,0.0,0.0,0.0,1.040212e-10,5.810752e-11,2.037268e-10,False,0.0,False
2018-08-23,CE02SHBP-LJ01D-07-VEL3DC108,5,False,,,0,0,,1.0,,,,,,,,,,,,,,,,False
2018-08-24,CE02SHBP-LJ01D-07-VEL3DC108,5,True,2018-08-24T20:29:01Z,2018-08-24T23:58:17Z,12557,12557,0,1.0,1.0,1.0,-0.0,0,0,0,0,0.0,0.0,0.0,3.677919e-12,1.951132e-12,7.275958e-12,False,0.0,False
2018-08-25,CE02SHBP-LJ01D-07-VEL3DC108,5,True,2018-08-25T00:00:00Z,2018-08-25T23:59:48Z,86389,86389,0,1.0,1.0,1.0,0.0,0,0,0,0,0.0,0.0,0.0,2.45195e-11,1.424949e-11,4.365575e-11,False,0.0,False
2018-08-26,CE02SHBP-LJ01D-07-VEL3DC108,5,True,2018-08-26T00:00:00Z,2018-08-26T23:59:48Z,86389,86389,0,1.0,1.0,1.0,0.0,0,0,0,0,0.0,0.0,0.0,2.45195e-11,1.424949e-11,4.365575e-11,False,0.0,False
2018-08-27,CE02SHBP-LJ01D-07-VEL3DC108,5,True,2018-08-27T00:00:00Z,2018-08-27T23:59:48Z,86389,86389,0,1.0,1.0,1.0,0.0,0,0,0,0,0.0,0.0,0.0,2.45195e-11,1.424949e-11,4.365575e-11,False,0.0,False
2018-08-28,CE02SHBP-LJ01D-07-VEL3DC108,5,True,2018-08-28T00:00:00Z,2018-08-28T15:25:55Z,55556,55556,0,1.0,1.0,1.0,0.0,0,0,0,0,-0.0,0.0,0.0,-1.669317e-10,9.570622e-11,3.346941e-10,False,0.0,False
2018-08-29,CE02SHBP-LJ01D-07-VEL3DC108,5,False,,,0,0,,1.0,,,,,,,,,,,,,,,,False
2018-08-30,CE02SHBP-LJ01D-07-VEL3DC108,5,True,2018-08-30T22:32:01Z,2018-08-30T23:59:03Z,5223,5223,0,1.0,1.0,1.0,0.0,0,0,0,0,-0.0,0.0,0.0,-2.389447e-12,1.285882e-12,4.547474e-12,False,0.0,False
2018-08-31,CE02SHBP-LJ01D-07-VEL3DC108,5,True,2018-08-31T00:00:00Z,2018-08-31T18:20:21Z,60222,66022,5800,1.0,1.0,1.0,0.0,11,5800,11,5800,-0.0,0.0,0.0,-9.23279e-11,4.983743e-11,1.891749e-10,False,0.0,True
2018-09-01,CE02SHBP-LJ01D-07-VEL3DC108,5,True,2018-09-01T00:11:00Z,2018-09-01T23:58:46Z,85667,85667,0,1.0,1.0,1.0,0.0,0,0,0,0,-0.0,0.0,0.0,-2.427635e-10,1.31804e-10,4.656613e-10,False,0.0,False
2018-09-02,CE02SHBP-LJ01D-07-VEL3DC108,5,True,2018-09-02T00:00:00Z,2018-09-02T23:59:48Z,86389,86389,0,1.0,1.0,1.0,0.0,0,0,0,0,0.0,0.0,0.0,2.45195e-11,1.424949e-11,4.365575e-11,False,0.0,False
2018-09-03,CE02SHBP-LJ01D-07-VEL3DC108,5,True,2018-09-03T00:00:00Z,2018-09-03T23:59:48Z,86389,86389,0,1.0,1.0,1.0,0.0,0,0,0,0,0.0,0.0,0.0,2.45195e-11,1.424949e-11,4.365575e-11,False,0.0,False
2018-09-04,CE02SHBP-LJ01D-07-VEL3DC108,5,True,2018-09-04T00:00:00Z,2018-09-04T23:59:48Z,86389,86389,0,1.0,1.0,1.0,0.0,0,0,0,0,0.0,0.0,0.0,2.45195e-11,1.424949e-11,4.365575e-11,False,0.0,False
2018-09-05,CE02SHBP-LJ01D-07-VEL3DC108,5,True,2018-09-05T00:00:00Z,2018-09-05T23:59:48Z,86389,86389,0,1.0,1.0,1.0,0.0,0,0,0,0,0.0,0.0,0.0,2.45195e-11,1.424949e-11,4.365575e-11,False,0.0,False
2018-09-06,CE02SHBP-LJ01D-07-VEL3DC108,5,True,2018-09-06T00:00:00Z,2018-09-06T23:59:48Z,86389,86389,0,1.0,1.0,1.0,0.0,0,0,0,0,0.0,0.0,0.0,2.45195e-11,1.424949e-11,4.365575e-11,False,0.0,False
2018-09-07,CE02SHBP-LJ01D-07-VEL3DC108,5,True,2018-09-07T00:00:00Z,2018-09-07T23:59:48Z,86389,86389,0,1.0,1.0,1.0,0.0,0,0,0,0,0.0,0.0,0.0,2.45195e-11,1.424949e-11,4.365575e-11,False,0.0,False
2018-09-08,CE02SHBP-LJ01D-07-VEL3DC108,5,True,2018-09-08T00:00:00Z,2018-09-08T23:59:48Z,86389,86389,0,1.0,1.0,1.0,0.0,0,0,0,0,0.0,0.0,0.0,2.45195e-11,1.424949e-11,4.365575e-11,False,0.0,False
2018-09-09,CE02SHBP-LJ01D-07-VEL3DC108,5,True,2018-09-09T00:00:00Z,2018-09-09T23:59:48Z,86389,86389,0,1.0,1.0,1.0,0.0,0,0,0,0,0.0,0.0,0.0,2.45195e-11,1.424949e-11,4.365575e-11,False,0.0,False
2018-09-10,CE02SHBP-LJ01D-07-VEL3DC108,5,True,2018-09-10T00:00:00Z,2018-09-10T23:59:48Z,86389,86389,0,1.0,1.0,1.0,0.0,0,0,0,0,0.0,0.0,0.0,2.45195e-11,1.424949e-11,4.365575e-11,False,0.0,False
2018-09-11,CE02SHBP-LJ01D-07-VEL3DC108,5,True,2018-09-11T00:00:00Z,2018-09-11T23:59:48Z,86389,86389,0,1.0,1.0,1.0,0.0,0,0,0,0,0.0,0.0,0.0,2.45195e-11,1.424949e-11,4.365575e-11,False,0.0,False
2018-09-12,CE02SHBP-LJ01D-07-VEL3DC108,5,True,2018-09-12T00:00:00Z,2018-09-12T23:59:48Z,86389,86389,0,1.0,1.0,1.0,0.0,0,0,0,0,0.0,0.0,0.0,2.45195e-11,1.424949e-11,4.365575e-11,False,0.0,False
2018-09-13,CE02SHBP-LJ01D-07-VEL3DC108,5,True,2018-09-13T00:00:00Z,2018-09-13T16:31:39Z,59500,59500,0,1.0,1.0,1.0,-0.0,0,0,0,0,0.0,0.0,1e-06,2.698937e-10,1.53642e-10,5.384209e-10,False,0.0,False
2018-09-14,CE02SHBP-LJ01D-07-VEL3DC108,5,True,2018-09-14T20:39:01Z,2018-09-14T23:59:01Z,12001,12001,0,1.0,1.0,1.0,0.0,0,0,0,0,0.0,0.0,0.0,3.498684e-12,2.478235e-12,7.275958e-12,False,0.0,False
2018-09-15,CE02SHBP-LJ01D-07-VEL3DC108,5,True,2018-09-15T00:00:00Z,2018-09-15T23:59:48Z,86389,86389,0,1.0,1.0,1.0,0.0,0,0,0,0,0.0,0.0,0.0,2.45195e-11,1.424949e-11,4.365575e-11,False,0.0,False
2018-09-16,CE02SHBP-LJ01D-07-VEL3DC108,5,True,2018-09-16T00:00:00Z,2018-09-16T23:59:48Z,86389,86389,0,1.0,1.0,1.0,0.0,0,0,0,0,0.0,0.0,0.0,2.45195e-11,1.424949e-11,4.365575e-11,False,0.0,False
2018-09-17,CE02SHBP-LJ01D-07-VEL3DC108,5,True,2018-09-17T00:00:00Z,2018-09-17T23:59:48Z,86389,86389,0,1.0,1.0,1.0,0.0,0,0,0,0,0.0,0.0,0.0,2.45195e-11,1.424949e-11,4.365575e-11,False,0.0,False
2018-09-18,CE02SHBP-LJ01D-07-VEL3DC108,5,True,2018-09-18T00:00:00Z,2018-09-18T23:59:48Z,86389,86389,0,1.0,1.0,1.0,0.0,0,0,0,0,0.0,0.0,0.0,2.45195e-11,1.424949e-11,4.365575e-11,False,0.0,False
2018-09-19,CE02SHBP-LJ01D-07-VEL3DC108,5,True,2018-09-19T00:00:00Z,2018-09-19T23:59:57Z,85722,86398,676,1.0,1.0,1.0,0.0,6,676,6,676,-0.0,0.0,1e-06,-3.682556e-10,2.054482e-10,7.275958e-10,False,0.0,True
2018-09-20,CE02SHBP-LJ01D-07-VEL3DC108,5,True,2018-09-20T00:00:00Z,2018-09-20T23:59:13Z,85834,86354,520,1.0,1.0,1.0,0.0,4,520,4,520,0.0,0.0,1e-06,4.19134e-10,2.445597e-10,8.440111e-10,False,0.0,True
2018-09-21,CE02SHBP-LJ01D-07-VEL3DC108,5,True,2018-09-21T00:00:00Z,2018-09-21T23:59:48Z,86389,86389,0,1.0,1.0,1.0,0.0,0,0,0,0,0.0,0.0,0.0,2.45195e-11,1.424949e-11,4.365575e-11,False,0.0,False
2018-09-22,CE02SHBP-LJ01D-07-VEL3DC108,5,True,2018-09-22T00:00:00Z,2018-09-22T23:59:47Z,86388,86388,0,1.0,1.0,1.0,-0.0,0,0,0,0,0.0,0.0,1e-06,3.079591e-10,1.761886e-10,6.111804e-10,False,0.0,False
2018-09-23,CE02SHBP-LJ01D-07-VEL3DC108,5,True,2018-09-23T00:00:00Z,2018-09-23T23:59:45Z,85720,86386,666,1.0,1.0,1.0,-0.0,6,666,6,666,0.0,0.0,1e-06,3.096956e-10,1.764114e-10,6.257324e-10,False,0.0,True
2018-09-24,CE02SHBP-LJ01D-07-VEL3DC108,5,True,2018-09-24T00:00:00Z,2018-09-24T23:59:58Z,82833,86399,3566,1.0,1.0,1.0,0.0,3,3566,3,3566,0.0,0.0,0.0,1.975551e-11,1.594035e-11,4.365575e-11,False,0.0,True
2018-09-25,CE02SHBP-LJ01D-07-VEL3DC108,5,True,2018-09-25T00:00:00Z,2018-09-25T23:59:48Z,86389,86389,0,1.0,1.0,1.0,0.0,0,0,0,0,0.0,0.0,0.0,2.45195e-11,1.424949e-11,4.365575e-11,False,0.0,False
2018-09-26,CE02SHBP-LJ01D-07-VEL3DC108,5,True,2018-09-26T00:00:00Z,2018-09-26T23:59:48Z,86389,86389,0,1.0,1.0,1.0,0.0,0,0,0,0,0.0,0.0,0.0,2.45195e-11,1.424949e-11,4.365575e-11,False,0.0,False
2018-09-27,CE02SHBP-LJ01D-07-VEL3DC108,5,True,2018-09-27T00:00:00Z,2018-09-27T23:59:48Z,86389,86389,0,1.0,1.0,1.0,0.0,0,0,0,0,0.0,0.0,0.0,2.45195e-11,1.424949e-11,4.365575e-11,False,0.0,False
2018-09-28,CE02SHBP-LJ01D-07-VEL3DC108,5,True,2018-09-28T00:00:00Z,2018-09-28T02:38:19Z,9500,9500,0,1.0,1.0,1.0,0.0,0,0,0,0,-0.0,0.0,0.0,-2.187186e-11,1.200255e-11,4.183676e-11,False,0.0,False
2018-09-29,CE02SHBP-LJ01D-07-VEL3DC108,5,False,,,0,0,,1.0,,,,,,,,,,,,,,,,False
2018-09-30,CE02SHBP-LJ01D-07-VEL3DC108,5,False,,,0,0,,1.0,,,,,,,,,,,,,,,,False
2018-10-01,CE02SHBP-LJ01D-07-VEL3DC108,5,False,,,0,0,,1.0,,,,,,,,,,,,,,,,False
2018-10-02,CE02SHBP-LJ01D-07-VEL3DC108,5,True,2018-10-02T17:43:01Z,2018-10-02T23:59:48Z,21946,22608,662,1.0,1.0,1.0,0.0,5,662,5,662,-0.0,0.0,0.0,-5.037679e-11,2.875125e-11,1.018634e-10,False,0.0,True
2018-10-03,CE02SHBP-LJ01D-07-VEL3DC108,5,True,2018-10-03T00:00:00Z,2018-10-03T23:59:38Z,85720,86379,659,1.0,1.0,1.0,0.0,5,659,5,659,0.0,0.0,0.0,7.083279e-11,4.337833e-11,1.455192e-10,False,0.0,True
2018-10-04,CE02SHBP-LJ01D-07-VEL3DC108,5,True,2018-10-04T00:00:00Z,2018-10-04T23:59:48Z,86389,86389,0,1.0,1.0,1.0,0.0,0,0,0,0,0.0,0.0,0.0,2.45195e-11,1.424949e-11,4.365575e-11,False,0.0,False
2018-10-05,CE02SHBP-LJ01D-07-VEL3DC108,5,True,2018-10-05T00:00:00Z,2018-10-05T23:59:48Z,86389,86389,0,1.0,1.0,1.0,0.0,0,0,0,0,0.0,0.0,0.0,2.45195e-11,1.424949e-11,4.365575e-11,False,0.0,False
2018-10-06,CE02SHBP-LJ01D-07-VEL3DC108,5,True,2018-10-06T00:00:00Z,2018-10-06T23:59:48Z,86389,86389,0,1.0,1.0,1.0,0.0,0,0,0,0,0.0,0.0,0.0,2.45195e-11,1.424949e-11,4.365575e-11,False,0.0,False
2018-10-07,CE02SHBP-LJ01D-07-VEL3DC108,5,True,2018-10-07T00:00:00Z,2018-10-07T23:59:48Z,86389,86389,0,1.0,1.0,1.0,0.0,0,0,0,0,0.0,0.0,0.0,2.45195e-11,1.424949e-11,4.365575e-11,False,0.0,False
2018-10-08,CE02SHBP-LJ01D-07-VEL3DC108,5,True,2018-10-08T00:00:00Z,2018-10-08T23:59:48Z,86389,86389,0,1.0,1.0,1.0,0.0,0,0,0,0,0.0,0.0,0.0,2.45195e-11,1.424949e-11,4.365575e-11,False,0.0,False
2018-10-09,CE02SHBP-LJ01D-07-VEL3DC108,5,True,2018-10-09T00:00:00Z,2018-10-09T23:59:48Z,86389,86389,0,1.0,1.0,1.0,0.0,0,0,0,0,0.0,0.0,0.0,2.45195e-11,1.424949e-11,4.365575e-11,False,0.0,False
2018-10-10,CE02SHBP-LJ01D-07-VEL3DC108,5,True,2018-10-10T00:00:00Z,2018-10-10T23:59:48Z,86389,86389,0,1.0,1.0,1.0,0.0,0,0,0,0,0.0,0.0,0.0,2.45195e-11,1.424949e-11,4.365575e-11,False,0.0,False
2018-10-11,CE02SHBP-LJ01D-07-VEL3DC108,5,True,2018-10-11T00:00:00Z,2018-10-11T23:59:48Z,86389,86389,0,1.0,1.0,1.0,0.0,0,0,0,0,0.0,0.0,0.0,2.45195e-11,1.424949e-11,4.365575e-11,False,0.0,False
2018-10-12,CE02SHBP-LJ01D-07-VEL3DC108,5,True,2018-10-12T00:00:00Z,2018-10-12T23:59:55Z,86396,86396,0,1.0,1.0,1.0,-0.0,0,0,0,0,-0.0,0.0,0.0,-1.042676e-10,6.193725e-11,2.182787e-10,False,0.0,False
2018-10-13,CE02SHBP-LJ01D-07-VEL3DC108,5,True,2018-10-13T00:00:00Z,2018-10-13T23:59:54Z,86395,86395,0,1.0,1.0,1.0,0.0,0,0,0,0,-0.0,0.0,1e-06,-3.601443e-10,2.029711e-10,7.130438e-10,False,0.0,False
2018-10-14,CE02SHBP-LJ01D-07-VEL3DC108,5,True,2018-10-14T00:00:00Z,2018-10-14T23:59:52Z,86393,86393,0,1.0,1.0,1.0,-0.0,0,0,0,0,-0.0,0.0,1e-06,-3.057992e-10,1.783672e-10,6.111804e-10,False,0.0,False
2018-10-15,CE02SHBP-LJ01D-07-VEL3DC108,5,True,2018-10-15T00:00:00Z,2018-10-15T23:59:54Z,86395,86395,0,1.0,1.0,1.0,0.0,0,0,0,0,-0.0,0.0,1e-06,-3.601443e-10,2.029711e-10,7.130438e-10,False,0.0,False
2018-10-16,CE02SHBP-LJ01D-07-VEL3DC108,5,True,2018-10-16T00:00:00Z,2018-10-16T23:59:56Z,86058,86397,339,1.0,1.0,1.0,-0.0,1,339,1,339,0.0,0.0,0.0,2.145567e-10,1.210724e-10,4.220055e-10,False,0.0,True
2018-10-17,CE02SHBP-LJ01D-07-VEL3DC108,5,True,2018-10-17T00:00:00Z,2018-10-17T23:59:54Z,86395,86395,0,1.0,1.0,1.0,0.0,0,0,0,0,-0.0,0.0,1e-06,-3.601443e-10,2.029711e-10,7.130438e-10,False,0.0,False
2018-10-18,CE02SHBP-LJ01D-07-VEL3DC108,5,True,2018-10-18T00:00:00Z,2018-10-18T23:59:56Z,86397,86397,0,1.0,1.0,1.0,-0.0,0,0,0,0,-0.0,0.0,0.0,-1.060337e-10,6.429039e-11,2.182787e-10,False,0.0,False
2018-10-19,CE02SHBP-LJ01D-07-VEL3DC108,5,True,2018-10-19T00:00:00Z,2018-10-19T23:59:54Z,86395,86395,0,1.0,1.0,1.0,0.0,0,0,0,0,-0.0,0.0,1e-06,-3.601443e-10,2.029711e-10,7.130438e-10,False,0.0,False
2018-10-20,CE02SHBP-LJ01D-07-VEL3DC108,5,True,2018-10-20T00:00:00Z,2018-10-20T23:59:53Z,86394,86394,0,1.0,1.0,1.0,0.0,0,0,0,0,-0.0,0.0,1e-06,-3.792206e-10,2.141488e-10,7.421477e-10,False,0.0,False
2018-10-21,CE02SHBP-LJ01D-07-VEL3DC108,5,True,2018-10-21T00:00:00Z,2018-10-21T23:59:53Z,86394,86394,0,1.0,1.0,1.0,0.0,0,0,0,0,-0.0,0.0,1e-06,-3.792206e-10,2.141488e-10,7.421477e-10,False,0.0,False
2018-10-22,CE02SHBP-LJ01D-07-VEL3DC108,5,True,2018-10-22T00:00:00Z,2018-10-22T23:59:54Z,86395,86395,0,1.0,1.0,1.0,0.0,0,0,0,0,-0.0,0.0,1e-06,-3.601443e-10,2.029711e-10,7.130438e-10,False,0.0,False
2018-10-23,CE02SHBP-LJ01D-07-VEL3DC108,5,True,2018-10-23T00:00:00Z,2018-10-23T23:59:52Z,86393,86393,0,1.0,1.0,1.0,-0.0,0,0,0,0,-0.0,0.0,1e-06,-3.057992e-10,1.783672e-10,6.111804e-10,False,0.0,False
2018-10-24,CE02SHBP-LJ01D-07-VEL3DC108,5,True,2018-10-24T00:00:00Z,2018-10-24T23:59:55Z,86396,86396,0,1.0,1.0,1.0,-0.0,0,0,0,0,-0.0,0.0,0.0,-1.042676e-10,6.193725e-11,2.182787e-10,False,0.0,False
2018-10-25,CE02SHBP-LJ01D-07-VEL3DC108,5,True,2018-10-25T00:00:00Z,2018-10-25T23:59:55Z,86396,86396,0,1.0,1.0,1.0,-0.0,0,0,0,0,-0.0,0.0,0.0,-1.042676e-10,6.193725e-11,2.182787e-10,False,0.0,False
2018-10-26,CE02SHBP-LJ01D-07-VEL3DC108,5,True,2018-10-26T00:00:00Z,2018-10-26T23:59:53Z,86394,86394,0,1.0,1.0,1.0,0.0,0,0,0,0,-0.0,0.0,1e-06,-3.792206e-10,2.141488e-10,7.421477e-10,False,0.0,False
2018-10-27,CE02SHBP-LJ01D-07-VEL3DC108,5,True,2018-10-27T00:00:00Z,2018-10-27T23:59:53Z,86394,86394,0,1.0,1.0,1.0,0.0,0,0,0,0,-0.0,0.0,1e-06,-3.792206e-10,2.141488e-10,7.421477e-10,False,0.0,False
2018-10-28,CE02SHBP-LJ01D-07-VEL3DC108,5,True,2018-10-28T00:00:00Z,2018-10-28T23:59:54Z,86395,86395,0,1.0,1.0,1.0,0.0,0,0,0,0,-0.0,0.0,1e-06,-3.601443e-10,2.029711e-10,7.130438e-10,False,0.0,False
2018-10-29,CE02SHBP-LJ01D-07-VEL3DC108,5,True,2018-10-29T00:00:00Z,2018-10-29T23:59:54Z,86395,86395,0,1.0,1.0,1.0,0.0,0,0,0,0,-0.0,0.0,1e-06,-3.601443e-10,2.029711e-10,7.130438e-10,False,0.0,False
2018-10-30,CE02SHBP-LJ01D-07-VEL3DC108,5,True,2018-10-30T00:00:00Z,2018-10-30T23:59:54Z,86395,86395,0,1.0,1.0,1.0,0.0,0,0,0,0,-0.0,0.0,1e-06,-3.601443e-10,2.029711e-10,7.130438e-10,False,0.0,False
2018-10-31,CE02SHBP-LJ01D-07-VEL3DC108,5,True,2018-10-31T00:00:00Z,2018-10-31T23:59:17Z,86228,86358,130,1.0,1.0,1.0,0.0,1,130,1,130,-0.0,0.0,0.0,-1.54244e-10,8.751766e-11,3.055902e-10,False,0.0,True
2018-11-01,CE02SHBP-LJ01D-07-VEL3DC108,5,True,2018-11-01T00:00:00Z,2018-11-01T23:59:54Z,86395,86395,0,1.0,1.0,1.0,0.0,0,0,0,0,-0.0,0.0,1e-06,-3.601443e-10,2.029711e-10,7.130438e-10,False,0.0,False
2018-11-02,CE02SHBP-LJ01D-07-VEL3DC108,5,True,2018-11-02T00:00:00Z,2018-11-02T23:59:52Z,86393,86393,0,1.0,1.0,1.0,-0.0,0,0,0,0,-0.0,0.0,1e-06,-3.057992e-10,1.783672e-10,6.111804e-10,False,0.0,False
2018-11-03,CE02SHBP-LJ01D-07-VEL3DC108,5,True,2018-11-03T00:00:00Z,2018-11-03T23:59:56Z,86397,86397,0,1.0,1.0,1.0,-0.0,0,0,0,0,-0.0,0.0,0.0,-1.060337e-10,6.429039e-11,2.182787e-10,False,0.0,False
2018-11-04,CE02SHBP-LJ01D-07-VEL3DC108,5,True,2018-11-04T00:00:00Z,2018-11-04T23:59:53Z,86394,86394,0,1.0,1.0,1.0,0.0,0,0,0,0,-0.0,0.0,1e-06,-3.792206e-10,2.141488e-10,7.421477e-10,False,0.0,False
2018-11-05,CE02SHBP-LJ01D-07-VEL3DC108,5,True,2018-11-05T00:00:00Z,2018-11-05T23:59:53Z,86394,86394,0,1.0,1.0,1.0,0.0,0,0,0,0,-0.0,0.0,1e-06,-3.792206e-10,2.141488e-10,7.421477e-10,False,0.0,False
2018-11-06,CE02SHBP-LJ01D-07-VEL3DC108,5,True,2018-11-06T00:00:00Z,2018-11-06T23:59:56Z,86397,86397,0,1.0,1.0,1.0,-0.0,0,0,0,0,-0.0,0.0,0.0,-1.060337e-10,6.429039e-11,2.182787e-10,False,0.0,False
2018-11-07,CE02SHBP-LJ01D-07-VEL3DC108,5,True,2018-11-07T00:00:00Z,2018-11-07T23:59:54Z,86395,86395,0,1.0,1.0,1.0,0.0,0,0,0,0,-0.0,0.0,1e-06,-3.601443e-10,2.029711e-10,7.130438e-10,False,0.0,False
2018-11-08,CE02SHBP-LJ01D-07-VEL3DC108,5,True,2018-11-08T00:00:00Z,2018-11-08T23:59:57Z,85837,86398,561,1.0,1.0,1.0,-0.0,1,561,1,561,-0.0,0.0,0.0,-7.207457e-11,4.568626e-11,1.600711e-10,False,0.0,True
2018-11-09,CE02SHBP-LJ01D-07-VEL3DC108,5,True,2018-11-09T00:00:00Z,2018-11-09T23:59:52Z,86393,86393,0,1.0,1.0,1.0,-0.0,0,0,0,0,-0.0,0.0,1e-06,-3.057992e-10,1.783672e-10,6.111804e-10,False,0.0,False
2018-11-10,CE02SHBP-LJ01D-07-VEL3DC108,5,True,2018-11-10T00:00:00Z,2018-11-10T23:59:54Z,86395,86395,0,1.0,1.0,1.0,0.0,0,0,0,0,-0.0,0.0,1e-06,-3.601443e-10,2.029711e-10,7.130438e-10,False,0.0,False
2018-11-11,CE02SHBP-LJ01D-07-VEL3DC108,5,True,2018-11-11T00:00:00Z,2018-11-11T23:59:53Z,86394,86394,0,1.0,1.0,1.0,0.0,0,0,0,0,-0.0,0.0,1e-06,-3.792206e-10,2.141488e-10,7.421477e-10,False,0.0,False
2018-11-12,CE02SHBP-LJ01D-07-VEL3DC108,5,True,2018-11-12T00:00:00Z,2018-11-12T23:59:54Z,86395,86395,0,1.0,1.0,1.0,0.0,0,0,0,0,-0.0,0.0,1e-06,-3.601443e-10,2.029711e-10,7.130438e-10,False,0.0,False
2018-11-13,CE02SHBP-LJ01D-07-VEL3DC108,5,True,2018-11-13T00:00:00Z,2018-11-13T23:59:56Z,86397,86397,0,1.0,1.0,1.0,-0.0,0,0,0,0,-0.0,0.0,0.0,-1.060337e-10,6.429039e-11,2.182787e-10,False,0.0,False
2018-11-14,CE02SHBP-LJ01D-07-VEL3DC108,5,True,2018-11-14T00:00:00Z,2018-11-14T23:59:53Z,86394,86394,0,1.0,1.0,1.0,0.0,0,0,0,0,-0.0,0.0,1e-06,-3.792206e-10,2.141488e-10,7.421477e-10,False,0.0,False
2018-11-15,CE02SHBP-LJ01D-07-VEL3DC108,5,True,2018-11-15T00:00:00Z,2018-11-15T23:59:52Z,86393,86393,0,1.0,1.0,1.0,-0.0,0,0,0,0,-0.0,0.0,1e-06,-3.057992e-10,1.783672e-10,6.111804e-10,False,0.0,False
2018-11-16,CE02SHBP-LJ01D-07-VEL3DC108,5,True,2018-11-16T00:00:00Z,2018-11-16T23:59:53Z,86394,86394,0,1.0,1.0,1.0,0.0,0,0,0,0,-0.0,0.0,1e-06,-3.792206e-10,2.141488e-10,7.421477e-10,False,0.0,False
2018-11-17,CE02SHBP-LJ01D-07-VEL3DC108,5,True,2018-11-17T00:00:00Z,2018-11-17T23:59:55Z,86396,86396,0,1.0,1.0,1.0,-0.0,0,0,0,0,-0.0,0.0,0.0,-1.042676e-10,6.193725e-11,2.182787e-10,False,0.0,False
2018-11-18,CE02SHBP-LJ01D-07-VEL3DC108,5,True,2018-11-18T00:00:00Z,2018-11-18T23:59:54Z,86395,86395,0,1.0,1.0,1.0,0.0,0,0,0,0,-0.0,0.0,1e-06,-3.601443e-10,2.029711e-10,7.130438e-10,False,0.0,False
2018-11-19,CE02SHBP-LJ01D-07-VEL3DC108,5,True,2018-11-19T00:00:00Z,2018-11-19T23:59:54Z,86395,86395,0,1.0,1.0,1.0,0.0,0,0,0,0,-0.0,0.0,1e-06,-3.601443e-10,2.029711e-10,7.130438e-10,False,0.0,False
2018-11-20,CE02SHBP-LJ01D-07-VEL3DC108,5,True,2018-11-20T00:00:00Z,2018-11-20T23:59:32Z,82505,86373,3868,1.0,1.0,1.0,0.0,1,3868,1,3868,-1e-06,0.0,1e-06,-7.123218e-10,4.179506e-10,1.426088e-09,False,0.0,True
2018-11-21,CE02SHBP-LJ01D-07-VEL3DC108,5,True,2018-11-21T00:00:00Z,2018-11-21T23:59:55Z,86396,86396,0,1.0,1.0,1.0,-0.0,0,0,0,0,-0.0,0.0,0.0,-1.042676e-10,6.193725e-11,2.182787e-10,False,0.0,False
2018-11-22,CE02SHBP-LJ01D-07-VEL3DC108,5,True,2018-11-22T00:00:00Z,2018-11-22T23:59:54Z,86395,86395,0,1.0,1.0,1.0,0.0,0,0,0,0,-0.0,0.0,1e-06,-3.601443e-10,2.029711e-10,7.130438e-10,False,0.0,False
2018-11-23,CE02SHBP-LJ01D-07-VEL3DC108,5,True,2018-11-23T00:00:00Z,2018-11-23T23:59:53Z,86394,86394,0,1.0,1.0,1.0,0.0,0,0,0,0,-0.0,0.0,1e-06,-3.792206e-10,2.141488e-10,7.421477e-10,False,0.0,False
2018-11-24,CE02SHBP-LJ01D-07-VEL3DC108,5,True,2018-11-24T00:00:00Z,2018-11-24T23:59:54Z,86395,86395,0,1.0,1.0,1.0,0.0,0,0,0,0,-0.0,0.0,1e-06,-3.601443e-10,2.029711e-10,7.130438e-10,False,0.0,False
2018-11-25,CE02SHBP-LJ01D-07-VEL3DC108,5,True,2018-11-25T00:00:00Z,2018-11-25T23:59:04Z,86345,86345,0,1.0,1.0,1.0,0.0,0,0,0,0,-0.0,0.0,0.0,-7.766321e-11,4.304537e-11,1.600711e-10,False,0.0,False
2018-11-26,CE02SHBP-LJ01D-07-VEL3DC108,5,True,2018-11-26T00:00:00Z,2018-11-26T23:59:53Z,86394,86394,0,1.0,1.0,1.0,0.0,0,0,0,0,-0.0,0.0,1e-06,-3.792206e-10,2.141488e-10,7.421477e-10,False,0.0,False
2018-11-27,CE02SHBP-LJ01D-07-VEL3DC108,5,True,2018-11-27T00:00:00Z,2018-11-27T23:59:51Z,86392,86392,0,1.0,1.0,1.0,-0.0,0,0,0,0,0.0,0.0,0.0,1.254235e-10,6.750391e-11,2.473826e-10,False,0.0,False
2018-11-28,CE02SHBP-LJ01D-07-VEL3DC108,5,True,2018-11-28T00:00:00Z,2018-11-28T23:59:56Z,86397,86397,0,1.0,1.0,1.0,-0.0,0,0,0,0,-0.0,0.0,0.0,-1.060337e-10,6.429039e-11,2.182787e-10,False,0.0,False
2018-11-29,CE02SHBP-LJ01D-07-VEL3DC108,5,True,2018-11-29T00:00:00Z,2018-11-29T23:59:54Z,86395,86395,0,1.0,1.0,1.0,0.0,0,0,0,0,-0.0,0.0,1e-06,-3.601443e-10,2.029711e-10,7.130438e-10,False,0.0,False
2018-11-30,CE02SHBP-LJ01D-07-VEL3DC108,5,True,2018-11-30T00:00:00Z,2018-11-30T23:59:53Z,86394,86394,0,1.0,1.0,1.0,0.0,0,0,0,0,-0.0,0.0,1e-06,-3.792206e-10,2.141488e-10,7.421477e-10,False,0.0,False
2018-12-01,CE02SHBP-LJ01D-07-VEL3DC108,5,True,2018-12-01T00:00:00Z,2018-12-01T23:59:55Z,86396,86396,0,1.0,1.0,1.0,-0.0,0,0,0,0,-0.0,0.0,0.0,-1.042676e-10,6.193725e-11,2.182787e-10,False,0.0,False
2018-12-02,CE02SHBP-LJ01D-07-VEL3DC108,5,True,2018-12-02T00:00:00Z,2018-12-02T23:59:54Z,86395,86395,0,1.0,1.0,1.0,0.0,0,0,0,0,-0.0,0.0,1e-06,-3.601443e-10,2.029711e-10,7.130438e-10,False,0.0,False
2018-12-03,CE02SHBP-LJ01D-07-VEL3DC108,5,True,2018-12-03T00:00:00Z,2018-12-03T23:59:54Z,86395,86395,0,1.0,1.0,1.0,0.0,0,0,0,0,-0.0,0.0,1e-06,-3.601443e-10,2.029711e-10,7.130438e-10,False,0.0,False
2018-12-04,CE02SHBP-LJ01D-07-VEL3DC108,5,True,2018-12-04T00:00:00Z,2018-12-04T23:59:54Z,86395,86395,0,1.0,1.0,1.0,0.0,0,0,0,0,-0.0,0.0,1e-06,-3.601443e-10,2.029711e-10,7.130438e-10,False,0.0,False
2018-12-05,CE02SHBP-LJ01D-07-VEL3DC108,5,True,2018-12-05T00:00:00Z,2018-12-05T23:59:53Z,86394,86394,0,1.0,1.0,1.0,0.0,0,0,0,0,-0.0,0.0,1e-06,-3.792206e-10,2.141488e-10,7.421477e-10,False,0.0,False
2018-12-06,CE02SHBP-LJ01D-07-VEL3DC108,5,True,2018-12-06T00:00:00Z,2018-12-06T23:59:53Z,86394,86394,0,1.0,1.0,1.0,0.0,0,0,0,0,-0.0,0.0,1e-06,-3.792206e-10,2.141488e-10,7.421477e-10,False,0.0,False
2018-12-07,CE02SHBP-LJ01D-07-VEL3DC108,5,True,2018-12-07T00:00:00Z,2018-12-07T23:59:41Z,85450,86382,932,1.0,1.0,1.0,0.0,1,932,1,932,-0.0,0.0,0.0,-2.406614e-10,1.388805e-10,4.802132e-10,False,0.0,True
2018-12-08,CE02SHBP-LJ01D-07-VEL3DC108,5,True,2018-12-08T00:00:00Z,2018-12-08T23:59:56Z,86397,86397,0,1.0,1.0,1.0,-0.0,0,0,0,0,-0.0,0.0,0.0,-1.060337e-10,6.429039e-11,2.182787e-10,False,0.0,False
2018-12-09,CE02SHBP-LJ01D-07-VEL3DC108,5,True,2018-12-09T00:00:00Z,2018-12-09T23:59:54Z,86395,86395,0,1.0,1.0,1.0,0.0,0,0,0,0,-0.0,0.0,1e-06,-3.601443e-10,2.029711e-10,7.130438e-10,False,0.0,False
2018-12-10,CE02SHBP-LJ01D-07-VEL3DC108,5,True,2018-12-10T00:00:00Z,2018-12-10T23:59:53Z,86394,86394,0,1.0,1.0,1.0,0.0,0,0,0,0,-0.0,0.0,1e-06,-3.792206e-10,2.141488e-10,7.421477e-10,False,0.0,False
2018-12-11,CE02SHBP-LJ01D-07-VEL3DC108,5,True,2018-12-11T00:00:00Z,2018-12-11T23:59:56Z,86397,86397,0,1.0,1.0,1.0,-0.0,0,0,0,0,-0.0,0.0,0.0,-1.060337e-10,6.429039e-11,2.182787e-10,False,0.0,False
2018-12-12,CE02SHBP-LJ01D-07-VEL3DC108,5,True,2018-12-12T00:00:00Z,2018-12-12T23:59:51Z,86392,86392,0,1.0,1.0,1.0,-0.0,0,0,0,0,0.0,0.0,0.0,1.254235e-10,6.750391e-11,2.473826e-10,False,0.0,False
2018-12-13,CE02SHBP-LJ01D-07-VEL3DC108,5,True,2018-12-13T00:00:00Z,2018-12-13T23:59:54Z,86395,86395,0,1.0,1.0,1.0,0.0,0,0,0,0,-0.0,0.0,1e-06,-3.601443e-10,2.029711e-10,7.130438e-10,False,0.0,False
2018-12-14,CE02SHBP-LJ01D-07-VEL3DC108,5,True,2018-12-14T00:00:00Z,2018-12-14T23:59:55Z,86396,86396,0,1.0,1.0,1.0,-0.0,0,0,0,0,-0.0,0.0,0.0,-1.042676e-10,6.193725e-11,2.182787e-10,False,0.0,False
2018-12-15,CE02SHBP-LJ01D-07-VEL3DC108,5,True,2018-12-15T00:00:00Z,2018-12-15T23:59:53Z,86394,86394,0,1.0,1.0,1.0,0.0,0,0,0,0,-0.0,0.0,1e-06,-3.792206e-10,2.141488e-10,7.421477e-10,False,0.0,False
2018-12-16,CE02SHBP-LJ01D-07-VEL3DC108,5,True,2018-12-16T00:00:00Z,2018-12-16T23:59:54Z,86395,86395,0,1.0,1.0,1.0,0.0,0,0,0,0,-0.0,0.0,1e-06,-3.601443e-10,2.029711e-10,7.130438e-10,False,0.0,False
2018-12-17,CE02SHBP-LJ01D-07-VEL3DC108,5,True,2018-12-17T00:00:00Z,2018-12-17T23:59:54Z,86395,86395,0,1.0,1.0,1.0,0.0,0,0,0,0,-0.0,0.0,1e-06,-3.601443e-10,2.029711e-10,7.130438e-10,False,0.0,False
2018-12-18,CE02SHBP-LJ01D-07-VEL3DC108,5,True,2018-12-18T00:00:00Z,2018-12-18T23:59:52Z,86393,86393,0,1.0,1.0,1.0,-0.0,0,0,0,0,-0.0,0.0,1e-06,-3.057992e-10,1.783672e-10,6.111804e-10,False,0.0,False
2018-12-19,CE02SHBP-LJ01D-07-VEL3DC108,5,True,2018-12-19T00:00:00Z,2018-12-19T23:59:52Z,86393,86393,0,1.0,1.0,1.0,-0.0,0,0,0,0,-0.0,0.0,1e-06,-3.057992e-10,1.783672e-10,6.111804e-10,False,0.0,False
2018-12-20,CE02SHBP-LJ01D-07-VEL3DC108,5,True,2018-12-20T00:00:00Z,2018-12-20T23:59:54Z,86395,86395,0,1.0,1.0,1.0,0.0,0,0,0,0,-0.0,0.0,1e-06,-3.601443e-10,2.029711e-10,7.130438e-10,False,0.0,False
2018-12-21,CE02SHBP-LJ01D-07-VEL3DC108,5,True,2018-12-21T00:00:00Z,2018-12-21T23:59:54Z,86395,86395,0,1.0,1.0,1.0,0.0,0,0,0,0,-0.0,0.0,1e-06,-3.601443e-10,2.029711e-10,7.130438e-10,False,0.0,False
2018-12-22,CE02SHBP-LJ01D-07-VEL3DC108,5,True,2018-12-22T00:00:00Z,2018-12-22T23:59:54Z,86395,86395,0,1.0,1.0,1.0,0.0,0,0,0,0,-0.0,0.0,1e-06,-3.601443e-10,2.029711e-10,7.130438e-10,False,0.0,False
2018-12-23,CE02SHBP-LJ01D-07-VEL3DC108,5,True,2018-12-23T00:00:00Z,2018-12-23T23:59:54Z,86395,86395,0,1.0,1.0,1.0,0.0,0,0,0,0,-0.0,0.0,1e-06,-3.601443e-10,2.029711e-10,7.130438e-10,False,0.0,False
2018-12-24,CE02SHBP-LJ01D-07-VEL3DC108,5,True,2018-12-24T00:00:00Z,2018-12-24T23:59:53Z,86394,86394,0,1.0,1.0,1.0,0.0,0,0,0,0,-0.0,0.0,1e-06,-3.792206e-10,2.141488e-10,7.421477e-10,False,0.0,False
2018-12-25,CE02SHBP-LJ01D-07-VEL3DC108,5,True,2018-12-25T00:00:00Z,2018-12-25T23:59:54Z,86395,86395,0,1.0,1.0,1.0,0.0,0,0,0,0,-0.0,0.0,1e-06,-3.601443e-10,2.029711e-10,7.130438e-10,False,0.0,False
2018-12-26,CE02SHBP-LJ01D-07-VEL3DC108,5,True,2018-12-26T00:00:00Z,2018-12-26T23:59:55Z,86396,86396,0,1.0,1.0,1.0,-0.0,0,0,0,0,-0.0,0.0,0.0,-1.042676e-10,6.193725e-11,2.182787e-10,False,0.0,False
2018-12-27,CE02SHBP-LJ01D-07-VEL3DC108,5,True,2018-12-27T00:00:00Z,2018-12-27T23:59:54Z,86395,86395,0,1.0,1.0,1.0,0.0,0,0,0,0,-0.0,0.0,1e-06,-3.601443e-10,2.029711e-10,7.130438e-10,False,0.0,False
2018-12-28,CE02SHBP-LJ01D-07-VEL3DC108,5,True,2018-12-28T00:00:00Z,2018-12-28T23:59:54Z,86395,86395,0,1.0,1.0,1.0,0.0,0,0,0,0,-0.0,0.0,1e-06,-3.601443e-10,2.029711e-10,7.130438e-10,False,0.0,False
2018-12-29,CE02SHBP-LJ01D-07-VEL3DC108,5,True,2018-12-29T00:00:00Z,2018-12-29T23:59:53Z,86394,86394,0,1.0,1.0,1.0,0.0,0,0,0,0,-0.0,0.0,1e-06,-3.792206e-10,2.141488e-10,7.421477e-10,False,0.0,False
2018-12-30,CE02SHBP-LJ01D-07-VEL3DC108,5,True,2018-12-30T00:00:00Z,2018-12-30T23:59:54Z,86395,86395,0,1.0,1.0,1.0,0.0,0,0,0,0,-0.0,0.0,1e-06,-3.601443e-10,2.029711e-10,7.130438e-10,False,0.0,False
2018-12-31,CE02SHBP-LJ01D-07-VEL3DC108,5,True,2018-12-31T00:00:00Z,2018-12-31T23:59:53Z,86394,86394,0,1.0,1.0,1.0,0.0,0,0,0,0,-0.0,0.0,1e-06,-3.792206e-10,2.141488e-10,7.421477e-10,False,0.0,False
2019-01-01,CE02SHBP-LJ01D-07-VEL3DC108,5,True,2019-01-01T00:00:00Z,2019-01-01T23:59:52Z,86393,86393,0,1.0,1.0,1.0,-0.0,0,0,0,0,-0.0,0.0,1e-06,-3.057992e-10,1.783672e-10,6.111804e-10,False,0.0,False
2019-01-02,CE02SHBP-LJ01D-07-VEL3DC108,5,True,2019-01-02T00:00:00Z,2019-01-02T23:59:56Z,86397,86397,0,1.0,1.0,1.0,-0.0,0,0,0,0,-0.0,0.0,0.0,-1.060337e-10,6.429039e-11,2.182787e-10,False,0.0,False
2019-01-03,CE02SHBP-LJ01D-07-VEL3DC108,5,True,2019-01-03T00:00:00Z,2019-01-03T23:59:53Z,86394,86394,0,1.0,1.0,1.0,0.0,0,0,0,0,-0.0,0.0,1e-06,-3.792206e-10,2.141488e-10,7.421477e-10,False,0.0,False
2019-01-04,CE02SHBP-LJ01D-07-VEL3DC108,5,True,2019-01-04T00:00:00Z,2019-01-04T23:59:55Z,86396,86396,0,1.0,1.0,1.0,-0.0,0,0,0,0,-0.0,0.0,0.0,-1.042676e-10,6.193725e-11,2.182787e-10,False,0.0,False
2019-01-05,CE02SHBP-LJ01D-07-VEL3DC108,5,True,2019-01-05T00:00:00Z,2019-01-05T23:59:54Z,86395,86395,0,1.0,1.0,1.0,0.0,0,0,0,0,-0.0,0.0,1e-06,-3.601443e-10,2.029711e-10,7.130438e-10,False,0.0,False
2019-01-06,CE02SHBP-LJ01D-07-VEL3DC108,5,True,2019-01-06T00:00:00Z,2019-01-06T23:59:53Z,86394,86394,0,1.0,1.0,1.0,0.0,0,0,0,0,-0.0,0.0,1e-06,-3.792206e-10,2.141488e-10,7.421477e-10,False,0.0,False
2019-01-07,CE02SHBP-LJ01D-07-VEL3DC108,5,True,2019-01-07T00:00:00Z,2019-01-07T23:59:53Z,86394,86394,0,1.0,1.0,1.0,0.0,0,0,0,0,-0.0,0.0,1e-06,-3.792206e-10,2.141488e-10,7.421477e-10,False,0.0,False
2019-01-08,CE02SHBP-LJ01D-07-VEL3DC108,5,True,2019-01-08T00:00:00Z,2019-01-08T23:59:54Z,86395,86395,0,1.0,1.0,1.0,0.0,0,0,0,0,-0.0,0.0,1e-06,-3.601443e-10,2.029711e-10,7.130438e-10,False,0.0,False
2019-01-09,CE02SHBP-LJ01D-07-VEL3DC108,5,True,2019-01-09T00:00:00Z,2019-01-09T23:59:53Z,86394,86394,0,1.0,1.0,1.0,0.0,0,0,0,0,-0.0,0.0,1e-06,-3.792206e-10,2.141488e-10,7.421477e-10,False,0.0,False
2019-01-10,CE02SHBP-LJ01D-07-VEL3DC108,5,True,2019-01-10T00:00:00Z,2019-01-10T23:59:52Z,86393,86393,0,1.0,1.0,1.0,-0.0,0,0,0,0,-0.0,0.0,1e-06,-3.057992e-10,1.783672e-10,6.111804e-10,False,0.0,False
2019-01-11,CE02SHBP-LJ01D-07-VEL3DC108,5,True,2019-01-11T00:00:00Z,2019-01-11T23:59:54Z,86395,86395,0,1.0,1.0,1.0,0.0,0,0,0,0,-0.0,0.0,1e-06,-3.601443e-10,2.029711e-10,7.130438e-10,False,0.0,False
2019-01-12,CE02SHBP-LJ01D-07-VEL3DC108,5,True,2019-01-12T00:00:00Z,2019-01-12T23:59:52Z,86393,86393,0,1.0,1.0,1.0,-0.0,0,0,0,0,-0.0,0.0,1e-06,-3.057992e-10,1.783672e-10,6.111804e-10,False,0.0,False
2019-01-13,CE02SHBP-LJ01D-07-VEL3DC108,5,True,2019-01-13T00:00:00Z,2019-01-13T23:59:55Z,86396,86396,0,1.0,1.0,1.0,-0.0,0,0,0,0,-0.0,0.0,0.0,-1.042676e-10,6.193725e-11,2.182787e-10,False,0.0,False
2019-01-14,CE02SHBP-LJ01D-07-VEL3DC108,5,True,2019-01-14T00:00:00Z,2019-01-14T23:59:54Z,86395,86395,0,1.0,1.0,1.0,0.0,0,0,0,0,-0.0,0.0,1e-06,-3.601443e-10,2.029711e-10,7.130438e-10,False,0.0,False
2019-01-15,CE02SHBP-LJ01D-07-VEL3DC108,5,True,2019-01-15T00:00:00Z,2019-01-15T23:59:54Z,86395,86395,0,1.0,1.0,1.0,0.0,0,0,0,0,-0.0,0.0,1e-06,-3.601443e-10,2.029711e-10,7.130438e-10,False,0.0,False
2019-01-16,CE02SHBP-LJ01D-07-VEL3DC108,5,True,2019-01-16T00:00:00Z,2019-01-16T23:59:53Z,86394,86394,0,1.0,1.0,1.0,0.0,0,0,0,0,-0.0,0.0,1e-06,-3.792206e-10,2.141488e-10,7.421477e-10,False,0.0,False
2019-01-17,CE02SHBP-LJ01D-07-VEL3DC108,5,True,2019-01-17T00:00:00Z,2019-01-17T23:59:53Z,86394,86394,0,1.0,1.0,1.0,0.0,0,0,0,0,-0.0,0.0,1e-06,-3.792206e-10,2.141488e-10,7.421477e-10,False,0.0,False
2019-01-18,CE02SHBP-LJ01D-07-VEL3DC108,5,True,2019-01-18T00:00:00Z,2019-01-18T23:59:54Z,86395,86395,0,1.0,1.0,1.0,0.0,0,0,0,0,-0.0,0.0,1e-06,-3.601443e-10,2.029711e-10,7.130438e-10,False,0.0,False
2019-01-19,CE02SHBP-LJ01D-07-VEL3DC108,5,True,2019-01-19T00:00:00Z,2019-01-19T23:59:53Z,86394,86394,0,1.0,1.0,1.0,0.0,0,0,0,0,-0.0,0.0,1e-06,-3.792206e-10,2.141488e-10,7.421477e-10,False,0.0,False
2019-01-20,CE02SHBP-LJ01D-07-VEL3DC108,5,True,2019-01-20T00:00:00Z,2019-01-20T23:59:52Z,86393,86393,0,1.0,1.0,1.0,-0.0,0,0,0,0,-0.0,0.0,1e-06,-3.057992e-10,1.783672e-10,6.111804e-10,False,0.0,False
2019-01-21,CE02SHBP-LJ01D-07-VEL3DC108,5,True,2019-01-21T00:00:00Z,2019-01-21T23:59:55Z,86396,86396,0,1.0,1.0,1.0,-0.0,0,0,0,0,-0.0,0.0,0.0,-1.042676e-10,6.193725e-11,2.182787e-10,False,0.0,False
2019-01-22,CE02SHBP-LJ01D-07-VEL3DC108,5,True,2019-01-22T00:00:00Z,2019-01-22T23:59:54Z,86395,86395,0,1.0,1.0,1.0,0.0,0,0,0,0,-0.0,0.0,1e-06,-3.601443e-10,2.029711e-10,7.130438e-10,False,0.0,False
2019-01-23,CE02SHBP-LJ01D-07-VEL3DC108,5,True,2019-01-23T00:00:00Z,2019-01-23T23:59:54Z,86395,86395,0,1.0,1.0,1.0,0.0,0,0,0,0,-0.0,0.0,1e-06,-3.601443e-10,2.029711e-10,7.130438e-10,False,0.0,False
2019-01-24,CE02SHBP-LJ01D-07-VEL3DC108,5,True,2019-01-24T00:00:00Z,2019-01-24T23:59:54Z,86395,86395,0,1.0,1.0,1.0,0.0,0,0,0,0,-0.0,0.0,1e-06,-3.601443e-10,2.029711e-10,7.130438e-10,False,0.0,False
2019-01-25,CE02SHBP-LJ01D-07-VEL3DC108,5,True,2019-01-25T00:00:00Z,2019-01-25T23:59:09Z,86062,86350,288,1.0,1.0,1.0,-0.0,1,288,1,288,0.0,0.0,0.0,1.487817e-10,8.116668e-11,2.910383e-10,False,0.0,True
2019-01-26,CE02SHBP-LJ01D-07-VEL3DC108,5,True,2019-01-26T00:00:00Z,2019-01-26T23:59:53Z,86394,86394,0,1.0,1.0,1.0,0.0,0,0,0,0,-0.0,0.0,1e-06,-3.792206e-10,2.141488e-10,7.421477e-10,False,0.0,False
2019-01-27,CE02SHBP-LJ01D-07-VEL3DC108,5,True,2019-01-27T00:00:00Z,2019-01-27T23:59:53Z,86394,86394,0,1.0,1.0,1.0,0.0,0,0,0,0,-0.0,0.0,1e-06,-3.792206e-10,2.141488e-10,7.421477e-10,False,0.0,False
2019-01-28,CE02SHBP-LJ01D-07-VEL3DC108,5,True,2019-01-28T00:00:00Z,2019-01-28T23:59:54Z,86395,86395,0,1.0,1.0,1.0,0.0,0,0,0,0,-0.0,0.0,1e-06,-3.601443e-10,2.029711e-10,7.130438e-10,False,0.0,False
2019-01-29,CE02SHBP-LJ01D-07-VEL3DC108,5,True,2019-01-29T00:00:00Z,2019-01-29T23:59:53Z,86394,86394,0,1.0,1.0,1.0,0.0,0,0,0,0,-0.0,0.0,1e-06,-3.792206e-10,2.141488e-10,7.421477e-10,False,0.0,False
2019-01-30,CE02SHBP-LJ01D-07-VEL3DC108,5,True,2019-01-30T00:00:00Z,2019-01-30T23:59:56Z,86397,86397,0,1.0,1.0,1.0,-0.0,0,0,0,0,-0.0,0.0,0.0,-1.060337e-10,6.429039e-11,2.182787e-10,False,0.0,False
2019-01-31,CE02SHBP-LJ01D-07-VEL3DC108,5,True,2019-01-31T00:00:00Z,2019-01-31T23:59:52Z,86393,86393,0,1.0,1.0,1.0,-0.0,0,0,0,0,-0.0,0.0,1e-06,-3.057992e-10,1.783672e-10,6.111804e-10,False,0.0,False
2019-02-01,CE02SHBP-LJ01D-07-VEL3DC108,5,True,2019-02-01T00:00:00Z,2019-02-01T23:59:54Z,86395,86395,0,1.0,1.0,1.0,0.0,0,0,0,0,-0.0,0.0,1e-06,-3.601443e-10,2.029711e-10,7.130438e-10,False,0.0,False
2019-02-02,CE02SHBP-LJ01D-07-VEL3DC108,5,True,2019-02-02T00:00:00Z,2019-02-02T23:59:53Z,86394,86394,0,1.0,1.0,1.0,0.0,0,0,0,0,-0.0,0.0,1e-06,-3.792206e-10,2.141488e-10,7.421477e-10,False,0.0,False
2019-02-03,CE02SHBP-LJ01D-07-VEL3DC108,5,True,2019-02-03T00:00:00Z,2019-02-03T23:59:52Z,86393,86393,0,1.0,1.0,1.0,-0.0,0,0,0,0,-0.0,0.0,1e-06,-3.057992e-10,1.783672e-10,6.111804e-10,False,0.0,False
2019-02-04,CE02SHBP-LJ01D-07-VEL3DC108,5,True,2019-02-04T00:00:00Z,2019-02-04T23:59:53Z,86394,86394,0,1.0,1.0,1.0,0.0,0,0,0,0,-0.0,0.0,1e-06,-3.792206e-10,2.141488e-10,7.421477e-10,False,0.0,False
2019-02-05,CE02SHBP-LJ01D-07-VEL3DC108,5,True,2019-02-05T00:00:00Z,2019-02-05T23:59:53Z,86394,86394,0,1.0,1.0,1.0,0.0,0,0,0,0,-0.0,0.0,1e-06,-3.792206e-10,2.141488e-10,7.421477e-10,False,0.0,False
2019-02-06,CE02SHBP-LJ01D-07-VEL3DC108,5,True,2019-02-06T00:00:00Z,2019-02-06T23:59:53Z,86394,86394,0,1.0,1.0,1.0,0.0,0,0,0,0,-0.0,0.0,1e-06,-3.792206e-10,2.141488e-10,7.421477e-10,False,0.0,False
2019-02-07,CE02SHBP-LJ01D-07-VEL3DC108,5,True,2019-02-07T00:00:00Z,2019-02-07T23:59:54Z,86395,86395,0,1.0,1.0,1.0,0.0,0,0,0,0,-0.0,0.0,1e-06,-3.601443e-10,2.029711e-10,7.130438e-10,False,0.0,False
2019-02-08,CE02SHBP-LJ01D-07-VEL3DC108,5,True,2019-02-08T00:00:00Z,2019-02-08T23:59:54Z,86395,86395,0,1.0,1.0,1.0,0.0,0,0,0,0,-0.0,0.0,1e-06,-3.601443e-10,2.029711e-10,7.130438e-10,False,0.0,False
2019-02-09,CE02SHBP-LJ01D-07-VEL3DC108,5,True,2019-02-09T00:00:00Z,2019-02-09T23:59:55Z,86396,86396,0,1.0,1.0,1.0,-0.0,0,0,0,0,-0.0,0.0,0.0,-1.042676e-10,6.193725e-11,2.182787e-10,False,0.0,False
2019-02-10,CE02SHBP-LJ01D-07-VEL3DC108,5,True,2019-02-10T00:00:00Z,2019-02-10T23:59:54Z,86395,86395,0,1.0,1.0,1.0,0.0,0,0,0,0,-0.0,0.0,1e-06,-3.601443e-10,2.029711e-10,7.130438e-10,False,0.0,False
2019-02-11,CE02SHBP-LJ01D-07-VEL3DC108,5,True,2019-02-11T00:00:00Z,2019-02-11T23:59:52Z,86393,86393,0,1.0,1.0,1.0,-0.0,0,0,0,0,-0.0,0.0,1e-06,-3.057992e-10,1.783672e-10,6.111804e-10,False,0.0,False
2019-02-12,CE02SHBP-LJ01D-07-VEL3DC108,5,True,2019-02-12T00:00:00Z,2019-02-12T23:59:53Z,86394,86394,0,1.0,1.0,1.0,0.0,0,0,0,0,-0.0,0.0,1e-06,-3.792206e-10,2.141488e-10,7.421477e-10,False,0.0,False
2019-02-13,CE02SHBP-LJ01D-07-VEL3DC108,5,True,2019-02-13T00:00:00Z,2019-02-13T23:59:53Z,86394,86394,0,1.0,1.0,1.0,0.0,0,0,0,0,-0.0,0.0,1e-06,-3.792206e-10,2.141488e-10,7.421477e-10,False,0.0,False
2019-02-14,CE02SHBP-LJ01D-07-VEL3DC108,5,True,2019-02-14T00:00:00Z,2019-02-14T23:59:53Z,86394,86394,0,1.0,1.0,1.0,0.0,0,0,0,0,-0.0,0.0,1e-06,-3.792206e-10,2.141488e-10,7.421477e-10,False,0.0,False
2019-02-15,CE02SHBP-LJ01D-07-VEL3DC108,5,True,2019-02-15T00:00:00Z,2019-02-15T23:59:54Z,86395,86395,0,1.0,1.0,1.0,0.0,0,0,0,0,-0.0,0.0,1e-06,-3.601443e-10,2.029711e-10,7.130438e-10,False,0.0,False
2019-02-16,CE02SHBP-LJ01D-07-VEL3DC108,5,True,2019-02-16T00:00:00Z,2019-02-16T23:59:54Z,86395,86395,0,1.0,1.0,1.0,0.0,0,0,0,0,-0.0,0.0,1e-06,-3.601443e-10,2.029711e-10,7.130438e-10,False,0.0,False
2019-02-17,CE02SHBP-LJ01D-07-VEL3DC108,5,True,2019-02-17T00:00:00Z,2019-02-17T23:59:56Z,86397,86397,0,1.0,1.0,1.0,-0.0,0,0,0,0,-0.0,0.0,0.0,-1.060337e-10,6.429039e-11,2.182787e-10,False,0.0,False
2019-02-18,CE02SHBP-LJ01D-07-VEL3DC108,5,True,2019-02-18T00:00:00Z,2019-02-18T23:59:53Z,86394,86394,0,1.0,1.0,1.0,0.0,0,0,0,0,-0.0,0.0,1e-06,-3.792206e-10,2.141488e-10,7.421477e-10,False,0.0,False
2019-02-19,CE02SHBP-LJ01D-07-VEL3DC108,5,True,2019-02-19T00:00:00Z,2019-02-19T23:59:55Z,86396,86396,0,1.0,1.0,1.0,-0.0,0,0,0,0,-0.0,0.0,0.0,-1.042676e-10,6.193725e-11,2.182787e-10,False,0.0,False
2019-02-20,CE02SHBP-LJ01D-07-VEL3DC108,5,True,2019-02-20T00:00:00Z,2019-02-20T23:59:53Z,86394,86394,0,1.0,1.0,1.0,0.0,0,0,0,0,-0.0,0.0,1e-06,-3.792206e-10,2.141488e-10,7.421477e-10,False,0.0,False
2019-02-21,CE02SHBP-LJ01D-07-VEL3DC108,5,True,2019-02-21T00:00:00Z,2019-02-21T23:59:54Z,86395,86395,0,1.0,1.0,1.0,0.0,0,0,0,0,-0.0,0.0,1e-06,-3.601443e-10,2.029711e-10,7.130438e-10,False,0.0,False
2019-02-22,CE02SHBP-LJ01D-07-VEL3DC108,5,True,2019-02-22T00:00:00Z,2019-02-22T23:59:50Z,86391,86391,0,1.0,1.0,1.0,0.0,0,0,0,0,-0.0,0.0,0.0,-1.726878e-10,9.959365e-11,3.49246e-10,False,0.0,False
2019-02-23,CE02SHBP-LJ01D-07-VEL3DC108,5,True,2019-02-23T00:00:00Z,2019-02-23T23:59:54Z,86395,86395,0,1.0,1.0,1.0,0.0,0,0,0,0,-0.0,0.0,1e-06,-3.601443e-10,2.029711e-10,7.130438e-10,False,0.0,False
2019-02-24,CE02SHBP-LJ01D-07-VEL3DC108,5,True,2019-02-24T00:00:00Z,2019-02-24T23:59:54Z,86395,86395,0,1.0,1.0,1.0,0.0,0,0,0,0,-0.0,0.0,1e-06,-3.601443e-10,2.029711e-10,7.130438e-10,False,0.0,False
2019-02-25,CE02SHBP-LJ01D-07-VEL3DC108,5,True,2019-02-25T00:00:00Z,2019-02-25T23:59:55Z,86396,86396,0,1.0,1.0,1.0,-0.0,0,0,0,0,-0.0,0.0,0.0,-1.042676e-10,6.193725e-11,2.182787e-10,False,0.0,False
2019-02-26,CE02SHBP-LJ01D-07-VEL3DC108,5,True,2019-02-26T00:00:00Z,2019-02-26T23:59:52Z,86393,86393,0,1.0,1.0,1.0,-0.0,0,0,0,0,-0.0,0.0,1e-06,-3.057992e-10,1.783672e-10,6.111804e-10,False,0.0,False
2019-02-27,CE02SHBP-LJ01D-07-VEL3DC108,5,True,2019-02-27T00:00:00Z,2019-02-27T23:59:54Z,86395,86395,0,1.0,1.0,1.0,0.0,0,0,0,0,-0.0,0.0,1e-06,-3.601443e-10,2.029711e-10,7.130438e-10,False,0.0,False
2019-02-28,CE02SHBP-LJ01D-07-VEL3DC108,5,True,2019-02-28T00:00:00Z,2019-02-28T23:59:54Z,86395,86395,0,1.0,1.0,1.0,0.0,0,0,0,0,-0.0,0.0,1e-06,-3.601443e-10,2.029711e-10,7.130438e-10,False,0.0,False
2019-03-01,CE02SHBP-LJ01D-07-VEL3DC108,5,True,2019-03-01T00:00:00Z,2019-03-01T23:59:53Z,86394,86394,0,1.0,1.0,1.0,0.0,0,0,0,0,-0.0,0.0,1e-06,-3.792206e-10,2.141488e-10,7.421477e-10,False,0.0,False
2019-03-02,CE02SHBP-LJ01D-07-VEL3DC108,5,True,2019-03-02T00:00:00Z,2019-03-02T23:59:54Z,86395,86395,0,1.0,1.0,1.0,0.0,0,0,0,0,-0.0,0.0,1e-06,-3.601443e-10,2.029711e-10,7.130438e-10,False,0.0,False
2019-03-03,CE02SHBP-LJ01D-07-VEL3DC108,5,True,2019-03-03T00:00:00Z,2019-03-03T23:59:54Z,86395,86395,0,1.0,1.0,1.0,0.0,0,0,0,0,-0.0,0.0,1e-06,-3.601443e-10,2.029711e-10,7.130438e-10,False,0.0,False
2019-03-04,CE02SHBP-LJ01D-07-VEL3DC108,5,True,2019-03-04T00:00:00Z,2019-03-04T23:59:53Z,86394,86394,0,1.0,1.0,1.0,0.0,0,0,0,0,-0.0,0.0,1e-06,-3.792206e-10,2.141488e-10,7.421477e-10,False,0.0,False
2019-03-05,CE02SHBP-LJ01D-07-VEL3DC108,5,True,2019-03-05T00:00:00Z,2019-03-05T23:59:53Z,86394,86394,0,1.0,1.0,1.0,0.0,0,0,0,0,-0.0,0.0,1e-06,-3.792206e-10,2.141488e-10,7.421477e-10,False,0.0,False
2019-03-06,CE02SHBP-LJ01D-07-VEL3DC108,5,True,2019-03-06T00:00:00Z,2019-03-06T23:59:54Z,86395,86395,0,1.0,1.0,1.0,0.0,0,0,0,0,-0.0,0.0,1e-06,-3.601443e-10,2.029711e-10,7.130438e-10,False,0.0,False
2019-03-07,CE02SHBP-LJ01D-07-VEL3DC108,5,True,2019-03-07T00:00:00Z,2019-03-07T23:59:52Z,86393,86393,0,1.0,1.0,1.0,-0.0,0,0,0,0,-0.0,0.0,1e-06,-3.057992e-10,1.783672e-10,6.111804e-10,False,0.0,False
2019-03-08,CE02SHBP-LJ01D-07-VEL3DC108,5,True,2019-03-08T00:00:00Z,2019-03-08T23:59:54Z,86395,86395,0,1.0,1.0,1.0,0.0,0,0,0,0,-0.0,0.0,1e-06,-3.601443e-10,2.029711e-10,7.130438e-10,False,0.0,False
2019-03-09,CE02SHBP-LJ01D-07-VEL3DC108,5,True,2019-03-09T00:00:00Z,2019-03-09T23:59:54Z,86395,86395,0,1.0,1.0,1.0,0.0,0,0,0,0,-0.0,0.0,1e-06,-3.601443e-10,2.029711e-10,7.130438e-10,False,0.0,False
2019-03-10,CE02SHBP-LJ01D-07-VEL3DC108,5,True,2019-03-10T00:00:00Z,2019-03-10T23:59:52Z,86393,86393,0,1.0,1.0,1.0,-0.0,0,0,0,0,-0.0,0.0,1e-06,-3.057992e-10,1.783672e-10,6.111804e-10,False,0.0,False
2019-03-11,CE02SHBP-LJ01D-07-VEL3DC108,5,True,2019-03-11T00:00:00Z,2019-03-11T23:59:54Z,86395,86395,0,1.0,1.0,1.0,0.0,0,0,0,0,-0.0,0.0,1e-06,-3.601443e-10,2.029711e-10,7.130438e-10,False,0.0,False
2019-03-12,CE02SHBP-LJ01D-07-VEL3DC108,5,True,2019-03-12T00:00:00Z,2019-03-12T23:59:55Z,86396,86396,0,1.0,1.0,1.0,-0.0,0,0,0,0,-0.0,0.0,0.0,-1.042676e-10,6.193725e-11,2.182787e-10,False,0.0,False
2019-03-13,CE02SHBP-LJ01D-07-VEL3DC108,5,True,2019-03-13T00:00:00Z,2019-03-13T23:59:55Z,86396,86396,0,1.0,1.0,1.0,-0.0,0,0,0,0,-0.0,0.0,0.0,-1.042676e-10,6.193725e-11,2.182787e-10,False,0.0,False
2019-03-14,CE02SHBP-LJ01D-07-VEL3DC108,5,True,2019-03-14T00:00:00Z,2019-03-14T23:59:54Z,86395,86395,0,1.0,1.0,1.0,0.0,0,0,0,0,-0.0,0.0,1e-06,-3.601443e-10,2.029711e-10,7.130438e-10,False,0.0,False
2019-03-15,CE02SHBP-LJ01D-07-VEL3DC108,5,True,2019-03-15T00:00:00Z,2019-03-15T23:59:54Z,83059,86395,3336,1.0,1.0,1.0,-0.0,1,3336,1,3336,0.0,0.0,0.0,8.767241e-11,5.040543e-11,1.74623e-10,False,0.0,True
2019-03-16,CE02SHBP-LJ01D-07-VEL3DC108,5,True,2019-03-16T00:00:00Z,2019-03-16T23:59:54Z,86395,86395,0,1.0,1.0,1.0,0.0,0,0,0,0,-0.0,0.0,1e-06,-3.601443e-10,2.029711e-10,7.130438e-10,False,0.0,False
2019-03-17,CE02SHBP-LJ01D-07-VEL3DC108,5,True,2019-03-17T00:00:00Z,2019-03-17T23:59:55Z,86396,86396,0,1.0,1.0,1.0,-0.0,0,0,0,0,-0.0,0.0,0.0,-1.042676e-10,6.193725e-11,2.182787e-10,False,0.0,False
2019-03-18,CE02SHBP-LJ01D-07-VEL3DC108,5,True,2019-03-18T00:00:00Z,2019-03-18T23:59:54Z,86395,86395,0,1.0,1.0,1.0,0.0,0,0,0,0,-0.0,0.0,1e-06,-3.601443e-10,2.029711e-10,7.130438e-10,False,0.0,False
2019-03-19,CE02SHBP-LJ01D-07-VEL3DC108,5,True,2019-03-19T00:00:00Z,2019-03-19T23:59:55Z,86396,86396,0,1.0,1.0,1.0,-0.0,0,0,0,0,-0.0,0.0,0.0,-1.042676e-10,6.193725e-11,2.182787e-10,False,0.0,False
2019-03-20,CE02SHBP-LJ01D-07-VEL3DC108,5,True,2019-03-20T00:00:00Z,2019-03-20T23:59:53Z,86394,86394,0,1.0,1.0,1.0,0.0,0,0,0,0,-0.0,0.0,1e-06,-3.792206e-10,2.141488e-10,7.421477e-10,False,0.0,False
2019-03-21,CE02SHBP-LJ01D-07-VEL3DC108,5,True,2019-03-21T00:00:00Z,2019-03-21T23:59:55Z,86396,86396,0,1.0,1.0,1.0,-0.0,0,0,0,0,-0.0,0.0,0.0,-1.042676e-10,6.193725e-11,2.182787e-10,False,0.0,False
2019-03-22,CE02SHBP-LJ01D-07-VEL3DC108,5,True,2019-03-22T00:00:00Z,2019-03-22T23:59:55Z,86396,86396,0,1.0,1.0,1.0,-0.0,0,0,0,0,-0.0,0.0,0.0,-1.042676e-10,6.193725e-11,2.182787e-10,False,0.0,False
2019-03-23,CE02SHBP-LJ01D-07-VEL3DC108,5,True,2019-03-23T00:00:00Z,2019-03-23T23:59:52Z,86393,86393,0,1.0,1.0,1.0,-0.0,0,0,0,0,-0.0,0.0,1e-06,-3.057992e-10,1.783672e-10,6.111804e-10,False,0.0,False
2019-03-24,CE02SHBP-LJ01D-07-VEL3DC108,5,True,2019-03-24T00:00:00Z,2019-03-24T23:59:53Z,86394,86394,0,1.0,1.0,1.0,0.0,0,0,0,0,-0.0,0.0,1e-06,-3.792206e-10,2.141488e-10,7.421477e-10,False,0.0,False
2019-03-25,CE02SHBP-LJ01D-07-VEL3DC108,5,True,2019-03-25T00:00:00Z,2019-03-25T23:59:54Z,86395,86395,0,1.0,1.0,1.0,0.0,0,0,0,0,-0.0,0.0,1e-06,-3.601443e-10,2.029711e-10,7.130438e-10,False,0.0,False
2019-03-26,CE02SHBP-LJ01D-07-VEL3DC108,5,True,2019-03-26T00:00:00Z,2019-03-26T23:59:59Z,86400,86400,0,1.0,1.000362873,0.999998499,-9.6109e-05,0,0,0,0,-1e-06,1.902752,8.422813,-5.100737e-10,0.001902755,0.008422826,False,0.008005,False
2019-03-27,CE02SHBP-LJ01D-07-VEL3DC108,5,True,2019-03-27T00:00:00Z,2019-03-27T23:59:59Z,86400,86400,0,1.0,1.000362873,0.999998488,-0.001125563,0,0,0,0,-1e-06,2.66935,10.240563,-5.350144e-10,0.002669354,0.01024058,False,0.00801,False
2019-03-28,CE02SHBP-LJ01D-07-VEL3DC108,5,True,2019-03-28T00:00:00Z,2019-03-28T23:59:59Z,86400,86400,0,1.0,1.000362873,0.999998422,0.000390661,0,0,0,0,-1e-06,2.563939,9.841531,-5.209086e-10,0.002563943,0.009841546,False,0.008007,False
2019-03-29,CE02SHBP-LJ01D-07-VEL3DC108,5,True,2019-03-29T00:00:00Z,2019-03-29T23:59:59Z,86400,86400,0,1.0,1.000362873,0.999998369,0.002181845,0,0,0,0,-1e-06,2.629626,9.818658,-5.098993e-10,0.002629631,0.009818674,False,0.008,False
2019-03-30,CE02SHBP-LJ01D-07-VEL3DC108,5,True,2019-03-30T00:00:00Z,2019-03-30T23:59:59Z,86401,86401,0,1.0,1.000362873,0.999998312,0.00227549,0,0,4,4,0.0,2.638321,11.840846,3.267257e-10,0.002638325,0.01184087,False,0.00785,False
2019-03-31,CE02SHBP-LJ01D-07-VEL3DC108,5,True,2019-03-31T00:00:00Z,2019-03-31T23:59:59Z,86400,86400,0,1.0,1.000362873,0.999998313,-0.001309279,0,0,0,0,-0.0,2.111613,9.028542,-4.755228e-10,0.002111616,0.009028558,False,0.007852,False
2019-04-01,CE02SHBP-LJ01D-07-VEL3DC108,5,True,2019-04-01T00:00:00Z,2019-04-01T23:59:59Z,86400,86400,0,1.0,1.000362873,0.999998369,-0.000862147,0,0,0,0,-1e-06,2.478454,9.567478,-5.299627e-10,0.002478458,0.009567494,False,0.008126,False
2019-04-02,CE02SHBP-LJ01D-07-VEL3DC108,5,True,2019-04-02T00:00:00Z,2019-04-02T23:59:59Z,86400,86400,0,1.0,1.000362873,0.999998391,-0.004360143,0,0,0,0,-0.0,3.897235,12.847767,-4.82436e-10,0.003897241,0.01284779,False,0.008004,False
2019-04-03,CE02SHBP-LJ01D-07-VEL3DC108,5,True,2019-04-03T00:00:00Z,2019-04-03T23:59:59Z,86400,86400,0,1.0,1.000362873,0.999998389,0.001244011,0,0,0,0,-0.0,2.44276,9.548681,-4.731285e-10,0.002442764,0.009548696,False,0.007854,False
2019-04-04,CE02SHBP-LJ01D-07-VEL3DC108,5,True,2019-04-04T00:00:00Z,2019-04-04T23:18:56Z,83835,83937,102,1.0,1.000362873,0.999998619,-0.001575091,1,102,1,102,0.0,6.837098,32.888387,8.732674e-11,0.006837108,0.03288843,False,0.016409,True
2019-04-05,CE02SHBP-LJ01D-07-VEL3DC108,5,True,2019-04-05T01:34:14Z,2019-04-05T23:59:59Z,80746,80746,0,1.0,1.000362396,0.999998183,0.005685021,0,0,0,0,0.0,3.912314,16.204848,2.180314e-10,0.003912321,0.01620488,False,0.009264,False
2019-04-06,CE02SHBP-LJ01D-07-VEL3DC108,5,True,2019-04-06T00:00:00Z,2019-04-06T23:59:59Z,86401,86401,0,1.0,1.000362873,0.999998928,0.001589205,0,0,4,4,0.0,3.266989,13.036485,3.606892e-10,0.003266992,0.0130365,False,0.00926,False
2019-04-07,CE02SHBP-LJ01D-07-VEL3DC108,5,True,2019-04-07T00:00:00Z,2019-04-07T23:59:59Z,86400,86400,0,1.0,1.000362873,0.999998758,0.003259978,0,0,0,0,-0.0,1.893649,8.459028,-4.88958e-10,0.001893652,0.008459039,False,0.00801,False
2019-04-08,CE02SHBP-LJ01D-07-VEL3DC108,5,True,2019-04-08T00:00:00Z,2019-04-08T23:59:59Z,86400,86400,0,1.0,1.000362873,0.999998545,-0.0002728,0,0,0,0,-0.0,1.315259,7.769183,-4.573404e-10,0.001315261,0.007769195,False,0.008001,False
2019-04-09,CE02SHBP-LJ01D-07-VEL3DC108,5,True,2019-04-09T00:00:00Z,2019-04-09T23:59:59Z,86400,86400,0,1.0,1.000362873,0.999998469,0.00205613,0,0,0,0,-0.0,1.569605,9.082243,-4.961582e-10,0.001569607,0.009082257,False,0.009284,False
2019-04-10,CE02SHBP-LJ01D-07-VEL3DC108,5,True,2019-04-10T00:00:00Z,2019-04-10T23:59:59Z,86400,86400,0,1.0,1.000362873,0.999998574,-0.0023632,0,0,0,0,-0.0,1.213847,7.395956,-4.825533e-10,0.001213849,0.007395967,False,0.008011,False
2019-04-11,CE02SHBP-LJ01D-07-VEL3DC108,5,True,2019-04-11T00:00:00Z,2019-04-11T23:59:59Z,86400,86400,0,1.0,1.000362873,0.999998743,-0.0027121,0,0,0,0,-0.0,2.454512,9.871223,-4.481084e-10,0.002454516,0.009871236,False,0.00801,False
2019-04-12,CE02SHBP-LJ01D-07-VEL3DC108,5,True,2019-04-12T00:00:00Z,2019-04-12T23:59:59Z,86400,86400,0,1.0,1.000362873,0.999998375,0.002365409,0,0,0,0,-0.0,1.479183,8.094522,-4.975968e-10,0.001479186,0.008094535,False,0.008005,False
2019-04-13,CE02SHBP-LJ01D-07-VEL3DC108,5,True,2019-04-13T00:00:00Z,2019-04-13T23:59:59Z,86400,86400,0,1.0,1.000362873,0.999998619,-0.001816179,0,0,0,0,-1e-06,1.260078,7.210605,-5.120169e-10,0.001260079,0.007210615,False,0.008009,False
2019-04-14,CE02SHBP-LJ01D-07-VEL3DC108,5,True,2019-04-14T00:00:00Z,2019-04-14T23:59:59Z,86401,86401,0,1.0,1.000362873,0.999998598,0.001398707,0,0,2,2,-0.0,1.254549,7.288345,-3.878166e-10,0.001254551,0.007288355,False,0.007845,False
2019-04-15,CE02SHBP-LJ01D-07-VEL3DC108,5,True,2019-04-15T00:00:00Z,2019-04-15T23:59:59Z,86400,86400,0,1.0,1.000362873,0.999998528,-0.006115357,0,0,0,0,-0.0,1.457666,8.448918,-4.137275e-10,0.001457668,0.00844893,False,0.008007,False
2019-04-16,CE02SHBP-LJ01D-07-VEL3DC108,5,True,2019-04-16T00:00:00Z,2019-04-16T23:59:59Z,86400,86400,0,1.0,1.000362873,0.999998618,-0.000917119,0,0,0,0,-0.0,1.164177,7.220042,-4.343567e-10,0.001164179,0.007220052,False,0.008006,False
2019-04-17,CE02SHBP-LJ01D-07-VEL3DC108,5,True,2019-04-17T00:00:00Z,2019-04-17T23:59:59Z,86400,86400,0,1.0,1.000362873,0.999998597,0.000632045,0,0,0,0,-0.0,1.462675,8.078917,-4.781896e-10,0.001462678,0.008078928,False,0.008009,False
2019-04-18,CE02SHBP-LJ01D-07-VEL3DC108,5,True,2019-04-18T00:00:00Z,2019-04-18T23:59:59Z,86400,86400,0,1.0,1.000362873,0.999998708,5.4984e-05,0,0,0,0,-0.0,1.259423,7.487241,-4.371913e-10,0.001259425,0.007487251,False,0.008004,False
2019-04-19,CE02SHBP-LJ01D-07-VEL3DC108,5,True,2019-04-19T00:00:00Z,2019-04-19T23:59:54Z,86395,86395,0,1.0,1.0,1.0,0.0,0,0,0,0,-0.0,0.0,1e-06,-3.601443e-10,2.029711e-10,7.130438e-10,False,0.0,False
2019-04-20,CE02SHBP-LJ01D-07-VEL3DC108,5,True,2019-04-20T00:00:00Z,2019-04-20T23:59:52Z,86393,86393,0,1.0,1.0,1.0,-0.0,0,0,0,0,-0.0,0.0,1e-06,-3.057992e-10,1.783672e-10,6.111804e-10,False,0.0,False
2019-04-21,CE02SHBP-LJ01D-07-VEL3DC108,5,True,2019-04-21T00:00:00Z,2019-04-21T23:59:54Z,86395,86395,0,1.0,1.0,1.0,0.0,0,0,0,0,-0.0,0.0,1e-06,-3.601443e-10,2.029711e-10,7.130438e-10,False,0.0,False
2019-04-22,CE02SHBP-LJ01D-07-VEL3DC108,5,True,2019-04-22T00:00:00Z,2019-04-22T23:59:59Z,26369,86378,60009,1.0,1.000362635,1.000264211,2.293943893,1,60009,1,60009,1e-06,1942.971425,3446.705805,7.603645e-10,1.942458,3.445795,True,0.303661,True
2019-04-23,CE02SHBP-LJ01D-07-VEL3DC108,5,True,2019-04-23T00:00:00Z,2019-04-23T23:59:59Z,86401,86401,0,1.0,1.000362873,0.999998616,0.002430954,0,0,4,4,-0.0,2.314002,10.268942,-1.887762e-10,0.002314005,0.01026896,False,0.008011,False
2019-04-24,CE02SHBP-LJ01D-07-VEL3DC108,5,True,2019-04-24T00:00:00Z,2019-04-24T23:59:59Z,86400,86400,0,1.0,1.000362873,0.999998568,0.001102971,0,0,0,0,-1e-06,1.502479,8.100984,-5.18439e-10,0.001502481,0.008100995,False,0.00801,False
2019-04-25,CE02SHBP-LJ01D-07-VEL3DC108,5,True,2019-04-25T00:00:00Z,2019-04-25T23:59:59Z,86400,86400,0,1.0,1.000362873,0.999998634,-0.000580815,0,0,0,0,-0.0,1.258593,7.255212,-4.70185e-10,0.001258595,0.007255222,False,0.00801,False
2019-04-26,CE02SHBP-LJ01D-07-VEL3DC108,5,True,2019-04-26T00:00:00Z,2019-04-26T23:59:59Z,86043,86400,357,1.0,1.000362873,0.999998686,0.002312023,1,357,1,357,-1e-06,1.665247,8.93038,-7.280392e-10,0.001665249,0.008930392,False,0.129445,True
2019-04-27,CE02SHBP-LJ01D-07-VEL3DC108,5,True,2019-04-27T00:00:00Z,2019-04-27T23:59:59Z,86400,86400,0,1.0,1.000362873,0.999998814,-0.000155698,0,0,0,0,-1e-06,1.344151,7.815443,-5.133763e-10,0.001344153,0.007815452,False,0.008107,False
2019-04-28,CE02SHBP-LJ01D-07-VEL3DC108,5,True,2019-04-28T00:00:00Z,2019-04-28T23:59:59Z,86400,86400,0,1.0,1.000362873,0.999998843,1.8301e-05,0,0,0,0,-0.0,1.224661,7.171518,-4.591284e-10,0.001224662,0.007171527,False,0.008106,False
2019-04-29,CE02SHBP-LJ01D-07-VEL3DC108,5,True,2019-04-29T00:00:00Z,2019-04-29T23:59:59Z,86400,86400,0,1.0,1.000362873,0.999998947,-0.000577168,0,0,0,0,-0.0,2.918734,9.644008,-4.758584e-10,0.002918737,0.009644019,False,0.008115,False
2019-04-30,CE02SHBP-LJ01D-07-VEL3DC108,5,True,2019-04-30T00:00:00Z,2019-04-30T23:59:59Z,86400,86400,0,1.0,1.000362873,0.999998597,-0.002608718,0,0,0,0,-0.0,4.619777,14.14306,-4.394531e-10,0.004619783,0.01414308,False,0.007906,False
2019-05-01,CE02SHBP-LJ01D-07-VEL3DC108,5,True,2019-05-01T00:00:00Z,2019-05-01T23:59:59Z,86400,86400,0,1.0,1.000362873,0.999998471,0.009300149,0,0,0,0,-1e-06,3.852805,11.995436,-5.177285e-10,0.003852811,0.01199545,False,0.00999,False
2019-05-02,CE02SHBP-LJ01D-07-VEL3DC108,5,True,2019-05-02T00:00:00Z,2019-05-02T23:59:59Z,86401,86401,0,1.0,1.000362873,0.999998324,0.002563959,0,0,4,4,1e-06,2.631102,11.497629,6.811593e-10,0.002631106,0.01149765,False,0.007907,False
2019-05-03,CE02SHBP-LJ01D-07-VEL3DC108,5,True,2019-05-03T00:00:00Z,2019-05-03T23:59:59Z,86400,86400,0,1.0,1.000362873,0.999998942,-0.002160715,0,0,0,0,-0.0,1.805213,9.021367,-4.786195e-10,0.001805215,0.009021377,False,0.008111,False
2019-05-04,CE02SHBP-LJ01D-07-VEL3DC108,5,True,2019-05-04T00:00:00Z,2019-05-04T23:59:59Z,86400,86400,0,1.0,1.00036335,0.999998992,-0.000733056,0,0,0,0,-1e-06,1.253181,7.591795,-5.003401e-10,0.001253182,0.007591803,False,0.008113,False
2019-05-05,CE02SHBP-LJ01D-07-VEL3DC108,5,True,2019-05-05T00:00:00Z,2019-05-05T23:59:59Z,86400,86400,0,1.0,1.00036335,0.999998988,0.001502132,0,0,0,0,-0.0,1.348639,7.460627,-4.870274e-10,0.00134864,0.007460635,False,0.008114,False
2019-05-06,CE02SHBP-LJ01D-07-VEL3DC108,5,True,2019-05-06T00:00:00Z,2019-05-06T23:59:59Z,86400,86400,0,1.0,1.00036335,0.99999896,0.00138163,0,0,0,0,-0.0,1.43989,7.670417,-4.732722e-10,0.001439891,0.007670425,False,0.00811,False
2019-05-07,CE02SHBP-LJ01D-07-VEL3DC108,5,True,2019-05-07T00:00:00Z,2019-05-07T23:59:59Z,86400,86400,0,1.0,1.000362873,0.999998749,-0.000146504,0,0,0,0,-0.0,1.248342,7.310527,-4.920793e-10,0.001248343,0.007310537,False,0.008115,False
2019-05-08,CE02SHBP-LJ01D-07-VEL3DC108,5,True,2019-05-08T00:00:00Z,2019-05-08T23:59:59Z,86400,86400,0,1.0,1.000362873,0.999998654,0.000174811,0,0,0,0,-1e-06,1.159818,6.942481,-5.311002e-10,0.001159819,0.00694249,False,0.00801,False
2019-05-09,CE02SHBP-LJ01D-07-VEL3DC108,5,True,2019-05-09T00:00:00Z,2019-05-09T23:59:59Z,86400,86400,0,1.0,1.000362873,0.99999864,0.000263909,0,0,0,0,-0.0,1.213065,7.207079,-4.436271e-10,0.001213067,0.007207089,False,0.008011,False
2019-05-10,CE02SHBP-LJ01D-07-VEL3DC108,5,True,2019-05-10T00:00:00Z,2019-05-10T23:59:59Z,86400,86400,0,1.0,1.000362873,0.999998889,-0.000402145,0,0,0,0,-0.0,1.250217,7.620825,-4.590992e-10,0.001250218,0.007620834,False,0.008109,False
2019-05-11,CE02SHBP-LJ01D-07-VEL3DC108,5,True,2019-05-11T00:00:00Z,2019-05-11T23:59:59Z,86401,86401,0,1.0,1.000362873,0.999999006,-0.00069133,0,0,0,0,1e-06,1.242546,7.518009,8.240294e-10,0.001242547,0.007518016,False,0.008109,False
2019-05-12,CE02SHBP-LJ01D-07-VEL3DC108,5,True,2019-05-12T00:00:00Z,2019-05-12T23:59:59Z,86400,86400,0,1.0,1.00036335,0.999998992,0.000440317,0,0,0,0,-1e-06,1.184859,7.109427,-5.102333e-10,0.001184861,0.007109434,False,0.008113,False
2019-05-13,CE02SHBP-LJ01D-07-VEL3DC108,5,True,2019-05-13T00:00:00Z,2019-05-13T23:59:59Z,86400,86400,0,1.0,1.000362873,0.999998523,0.006612005,0,0,0,0,-0.0,3.024251,11.587689,-4.936966e-10,0.003024256,0.01158771,False,0.008109,False
2019-05-14,CE02SHBP-LJ01D-07-VEL3DC108,5,True,2019-05-14T00:00:00Z,2019-05-14T23:59:59Z,86400,86400,0,1.0,1.000362873,0.999998585,0.002285699,0,0,0,0,-1e-06,1.498632,7.732054,-5.200244e-10,0.001498634,0.007732065,False,0.008113,False
2019-05-15,CE02SHBP-LJ01D-07-VEL3DC108,5,True,2019-05-15T00:00:00Z,2019-05-15T23:59:59Z,86400,86400,0,1.0,1.000362873,0.999998564,0.004539142,0,0,0,0,-1e-06,2.265246,10.478766,-5.114665e-10,0.002265249,0.01047878,False,0.007906,False
2019-05-16,CE02SHBP-LJ01D-07-VEL3DC108,5,True,2019-05-16T00:00:00Z,2019-05-16T23:59:59Z,86400,86400,0,1.0,1.000362873,0.999998587,-0.000592066,0,0,0,0,-0.0,1.490674,8.145477,-4.301334e-10,0.001490676,0.008145489,False,0.008111,False
2019-05-17,CE02SHBP-LJ01D-07-VEL3DC108,5,True,2019-05-17T00:00:00Z,2019-05-17T23:59:59Z,86400,86400,0,1.0,1.000362873,0.999998493,0.000901683,0,0,0,0,-0.0,1.47722,8.00198,-4.766862e-10,0.001477222,0.008001992,False,0.008114,False
2019-05-18,CE02SHBP-LJ01D-07-VEL3DC108,5,True,2019-05-18T00:00:00Z,2019-05-18T23:59:59Z,86400,86400,0,1.0,1.000362873,0.99999879,-0.003570233,0,0,0,0,-1e-06,2.6289,10.576585,-5.152671e-10,0.002628904,0.0105766,False,0.008112,False
2019-05-19,CE02SHBP-LJ01D-07-VEL3DC108,5,True,2019-05-19T00:00:00Z,2019-05-19T23:59:59Z,86400,86400,0,1.0,1.000362873,0.999998396,-0.0039791,0,0,0,0,-1e-06,1.264783,7.185453,-5.541406e-10,0.001264785,0.007185465,False,0.00811,False
2019-05-20,CE02SHBP-LJ01D-07-VEL3DC108,5,True,2019-05-20T00:00:00Z,2019-05-20T23:59:59Z,86401,86401,0,1.0,1.000362873,0.999998392,-0.003916243,0,0,6,6,0.0,1.442278,7.984554,3.370216e-11,0.001442281,0.007984567,False,0.008112,False
2019-05-21,CE02SHBP-LJ01D-07-VEL3DC108,5,True,2019-05-21T00:00:00Z,2019-05-21T23:59:59Z,86400,86400,0,1.0,1.000362873,0.999998949,-0.006547713,0,0,0,0,-0.0,2.440293,12.913124,-4.862592e-10,0.002440296,0.01291314,False,0.00811,False
2019-05-22,CE02SHBP-LJ01D-07-VEL3DC108,5,True,2019-05-22T00:00:00Z,2019-05-22T23:59:59Z,86018,86400,382,1.0,1.000362873,0.99999857,0.006236942,1,382,1,382,-1e-06,3.131461,10.983048,-5.690834e-10,0.003131466,0.01098306,False,0.142162,True
2019-05-23,CE02SHBP-LJ01D-07-VEL3DC108,5,True,2019-05-23T00:00:00Z,2019-05-23T23:59:59Z,86400,86400,0,1.0,1.000362873,0.999998807,0.002847873,0,0,0,0,-1e-06,1.581562,8.523098,-5.274118e-10,0.001581564,0.008523108,False,0.008111,False
2019-05-24,CE02SHBP-LJ01D-07-VEL3DC108,5,True,2019-05-24T00:00:00Z,2019-05-24T23:59:59Z,84665,86399,1734,1.0,1.000362873,1.000014736,-0.030441996,1,1734,1,1734,-1e-06,262.539562,542.563265,-7.673864e-10,0.2625357,0.5425553,True,0.369386,True
2019-05-25,CE02SHBP-LJ01D-07-VEL3DC108,5,True,2019-05-25T00:00:00Z,2019-05-25T23:59:59Z,86400,86400,0,1.0,1.00036335,0.99999894,0.001599245,0,0,0,0,-1e-06,1.635576,8.78756,-5.137885e-10,0.001635578,0.008787569,False,0.008113,False
2019-05-26,CE02SHBP-LJ01D-07-VEL3DC108,5,True,2019-05-26T00:00:00Z,2019-05-26T23:59:59Z,86400,86400,0,1.0,1.00036335,0.999999047,0.001665792,0,0,0,0,-0.0,1.406639,7.843344,-4.570279e-10,0.00140664,0.007843351,False,0.008111,False
2019-05-27,CE02SHBP-LJ01D-07-VEL3DC108,5,True,2019-05-27T00:00:00Z,2019-05-27T23:59:59Z,86400,86400,0,1.0,1.000362873,0.999998545,0.008916168,0,0,0,0,-0.0,3.350045,12.017696,-4.509041e-10,0.00335005,0.01201771,False,0.008109,False
2019-05-28,CE02SHBP-LJ01D-07-VEL3DC108,5,True,2019-05-28T00:00:00Z,2019-05-28T23:59:59Z,86400,86400,0,1.0,1.000362873,0.99999838,-0.00120745,0,0,0,0,-1e-06,1.250134,7.66346,-5.148406e-10,0.001250136,0.007663472,False,0.008114,False
2019-05-29,CE02SHBP-LJ01D-07-VEL3DC108,5,True,2019-05-29T00:00:00Z,2019-05-29T23:59:59Z,86401,86401,0,1.0,1.000362873,0.999998421,0.000933157,0,0,5,5,-0.0,1.256902,7.252586,-9.756877e-11,0.001256904,0.007252598,False,0.007905,False
2019-05-30,CE02SHBP-LJ01D-07-VEL3DC108,5,True,2019-05-30T00:00:00Z,2019-05-30T23:59:59Z,86400,86400,0,1.0,1.000362873,0.99999858,0.004018821,0,0,0,0,-0.0,3.535464,12.43439,-4.722539e-10,0.003535469,0.01243441,False,0.008111,False
2019-05-31,CE02SHBP-LJ01D-07-VEL3DC108,5,True,2019-05-31T00:00:00Z,2019-05-31T23:59:59Z,86400,86400,0,1.0,1.00036335,0.999998929,-0.000849069,0,0,0,0,-0.0,1.501194,8.663006,-4.896158e-10,0.001501196,0.008663015,False,0.007905,False
2019-06-01,CE02SHBP-LJ01D-07-VEL3DC108,5,True,2019-06-01T00:00:00Z,2019-06-01T23:59:59Z,86400,86400,0,1.0,1.00036335,0.999999039,0.001530097,0,0,0,0,-0.0,1.461049,8.242082,-4.414479e-10,0.00146105,0.00824209,False,0.008109,False
2019-06-02,CE02SHBP-LJ01D-07-VEL3DC108,5,True,2019-06-02T00:00:00Z,2019-06-02T23:59:59Z,86400,86400,0,1.0,1.000362873,0.999998574,0.001759312,0,0,0,0,-0.0,2.699303,10.37635,-4.631539e-10,0.002699307,0.01037636,False,0.009453,False
2019-06-03,CE02SHBP-LJ01D-07-VEL3DC108,5,True,2019-06-03T00:00:00Z,2019-06-03T23:59:59Z,86400,86400,0,1.0,1.000362873,0.999998346,0.002350923,0,0,0,0,-0.0,1.565682,8.503883,-4.626019e-10,0.001565684,0.008503897,False,0.00811,False
2019-06-04,CE02SHBP-LJ01D-07-VEL3DC108,5,True,2019-06-04T00:00:00Z,2019-06-04T23:59:59Z,86400,86400,0,1.0,1.000362873,0.999998366,0.000590376,0,0,0,0,-1e-06,1.352671,7.610366,-5.204983e-10,0.001352674,0.007610378,False,0.00811,False
2019-06-05,CE02SHBP-LJ01D-07-VEL3DC108,5,True,2019-06-05T00:00:00Z,2019-06-05T23:59:59Z,86400,86400,0,1.0,1.000362873,0.999998485,-0.003873677,0,0,0,0,-0.0,1.88585,9.658413,-4.993917e-10,0.001885853,0.009658428,False,0.008113,False
2019-06-06,CE02SHBP-LJ01D-07-VEL3DC108,5,True,2019-06-06T00:00:00Z,2019-06-06T23:59:59Z,86401,86401,0,1.0,1.000362873,0.999998541,-0.003365524,0,0,9,9,0.0,2.774176,9.642627,3.842603e-10,0.00277418,0.009642641,False,0.007904,False
2019-06-07,CE02SHBP-LJ01D-07-VEL3DC108,5,True,2019-06-07T00:00:00Z,2019-06-07T23:59:59Z,86400,86400,0,1.0,1.000362873,0.999998558,-0.005775979,0,0,0,0,-0.0,2.208185,11.023792,-4.89573e-10,0.002208188,0.01102381,False,0.008112,False
2019-06-08,CE02SHBP-LJ01D-07-VEL3DC108,5,True,2019-06-08T00:00:00Z,2019-06-08T23:59:59Z,86400,86400,0,1.0,1.000362873,0.99999855,-0.002270428,0,0,0,0,-1e-06,1.496169,9.501298,-5.201334e-10,0.001496171,0.009501311,False,0.008111,False
2019-06-09,CE02SHBP-LJ01D-07-VEL3DC108,5,True,2019-06-09T00:00:00Z,2019-06-09T23:59:59Z,86400,86400,0,1.0,1.000362873,0.999998832,-0.002559775,0,0,0,0,-0.0,4.667815,13.786415,-4.575302e-10,0.004667821,0.01378643,False,0.008115,False
2019-06-10,CE02SHBP-LJ01D-07-VEL3DC108,5,True,2019-06-10T00:00:00Z,2019-06-10T23:59:59Z,86400,86400,0,1.0,1.000362873,0.999998462,-0.004405268,0,0,0,0,-0.0,2.54985,10.551304,-4.860513e-10,0.002549854,0.01055132,False,0.00811,False
2019-06-11,CE02SHBP-LJ01D-07-VEL3DC108,5,True,2019-06-11T00:00:00Z,2019-06-11T23:59:59Z,86400,86400,0,1.0,1.000362873,0.99999836,0.001579933,0,0,0,0,-0.0,1.248598,7.473263,-4.817744e-10,0.0012486,0.007473275,False,0.008107,False
2019-06-12,CE02SHBP-LJ01D-07-VEL3DC108,5,True,2019-06-12T00:00:00Z,2019-06-12T23:59:59Z,86400,86400,0,1.0,1.000362873,0.999998454,-0.001122033,0,0,0,0,-0.0,1.305456,7.861693,-4.647535e-10,0.001305458,0.007861705,False,0.007902,False
2019-06-13,CE02SHBP-LJ01D-07-VEL3DC108,5,True,2019-06-13T00:00:00Z,2019-06-13T23:59:59Z,86299,86400,101,1.0,1.000362873,0.999998442,-0.00093723,1,101,1,101,0.0,1.176032,7.057151,1.409719e-10,0.001176034,0.007057162,False,0.037398,True
2019-06-14,CE02SHBP-LJ01D-07-VEL3DC108,5,True,2019-06-14T00:00:00Z,2019-06-14T23:59:59Z,86401,86401,0,1.0,1.000362873,0.999998396,0.000571605,0,0,8,8,-0.0,1.190527,7.109936,-4.268037e-12,0.001190529,0.007109947,False,0.008112,False
2019-06-15,CE02SHBP-LJ01D-07-VEL3DC108,5,True,2019-06-15T00:00:00Z,2019-06-15T23:59:59Z,86400,86400,0,1.0,1.000362873,0.999998852,0.001547771,0,0,0,0,-0.0,1.565562,7.983904,-4.273929e-10,0.001565564,0.007983913,False,0.008112,False
2019-06-16,CE02SHBP-LJ01D-07-VEL3DC108,5,True,2019-06-16T00:00:00Z,2019-06-16T23:59:59Z,86400,86400,0,1.0,1.000362873,0.999998412,-0.002246638,0,0,0,0,-1e-06,1.691504,8.858163,-5.133159e-10,0.001691507,0.008858177,False,0.007903,False
2019-06-17,CE02SHBP-LJ01D-07-VEL3DC108,5,True,2019-06-17T00:00:00Z,2019-06-17T23:59:59Z,86400,86400,0,1.0,1.000362873,0.999998528,-0.001288383,0,0,0,0,-1e-06,1.293302,7.411794,-5.07267e-10,0.001293303,0.007411805,False,0.008115,False
2019-06-18,CE02SHBP-LJ01D-07-VEL3DC108,5,True,2019-06-18T00:00:00Z,2019-06-18T23:59:59Z,86400,86400,0,1.0,1.000362873,0.99999855,-0.000369778,0,0,0,0,-0.0,1.322189,7.473818,-4.970537e-10,0.001322191,0.007473829,False,0.007905,False
2019-06-19,CE02SHBP-LJ01D-07-VEL3DC108,5,True,2019-06-19T00:00:00Z,2019-06-19T23:30:06Z,84607,84607,0,1.0,1.000362873,0.999998593,-0.000591342,0,0,0,0,0.0,1.140852,7.148783,1.143538e-10,0.001140854,0.007148793,False,0.008114,False
2019-06-20,CE02SHBP-LJ01D-07-VEL3DC108,0,False,,,0,0,,,,,,,,,,,,,,,,,,False
2019-06-21,CE02SHBP-LJ01D-07-VEL3DC108,0,False,,,0,0,,,,,,,,,,,,,,,,,,False
2019-06-22,CE02SHBP-LJ01D-07-VEL3DC108,0,False,,,0,0,,,,,,,,,,,,,,,,,,False
2019-06-23,CE02SHBP-LJ01D-07-VEL3DC108,6,True,2019-06-23T03:58:03Z,2019-06-23T23:59:59Z,72117,72117,0,1.0,1.000362873,0.999998442,-0.073177593,0,0,0,0,-0.0,1.551285,73.177593,-4.389279e-10,0.001551287,0.07317771,False,0.074035,False
2019-06-24,CE02SHBP-LJ01D-07-VEL3DC108,6,True,2019-06-24T00:00:00Z,2019-06-24T23:59:59Z,86298,86400,102,1.0,1.000362873,0.99999868,3.0143e-05,1,102,1,102,0.0,1.34429,7.663528,2.941881e-10,0.001344292,0.007663538,False,0.038738,True
2019-06-25,CE02SHBP-LJ01D-07-VEL3DC108,6,True,2019-06-25T00:00:00Z,2019-06-25T23:59:59Z,86400,86400,0,1.0,1.000362873,0.999998584,0.000329996,0,0,0,0,-1e-06,1.781164,9.495514,-5.016478e-10,0.001781166,0.009495527,False,0.008111,False
2019-06-26,CE02SHBP-LJ01D-07-VEL3DC108,6,True,2019-06-26T00:00:00Z,2019-06-26T23:59:59Z,86401,86401,0,1.0,1.000362873,0.99999866,0.000908502,0,0,5,5,-0.0,1.601622,8.740451,-1.417486e-11,0.001601624,0.008740463,False,0.008266,False
2019-06-27,CE02SHBP-LJ01D-07-VEL3DC108,6,True,2019-06-27T00:00:00Z,2019-06-27T23:59:59Z,86400,86400,0,1.0,1.000362873,0.999998681,0.00060595,0,0,0,0,-0.0,1.527896,7.891053,-4.894263e-10,0.001527898,0.007891064,False,0.007905,False
2019-06-28,CE02SHBP-LJ01D-07-VEL3DC108,6,True,2019-06-28T00:00:00Z,2019-06-28T23:59:59Z,86400,86400,0,1.0,1.000362873,0.99999871,-0.00137953,0,0,0,0,-1e-06,1.452112,8.235538,-5.070803e-10,0.001452114,0.008235549,False,0.008112,False
2019-06-29,CE02SHBP-LJ01D-07-VEL3DC108,6,True,2019-06-29T00:00:00Z,2019-06-29T23:59:59Z,86400,86400,0,1.0,1.000362873,0.999998683,0.002387072,0,0,0,0,-0.0,2.49715,9.869488,-4.71017e-10,0.002497153,0.009869501,False,0.008111,False
2019-06-30,CE02SHBP-LJ01D-07-VEL3DC108,6,True,2019-06-30T00:00:00Z,2019-06-30T23:59:59Z,86400,86400,0,1.0,1.000362873,0.999998665,0.00275044,0,0,0,0,-0.0,1.645061,8.966171,-4.694204e-10,0.001645063,0.008966183,False,0.008111,False
2019-07-01,CE02SHBP-LJ01D-07-VEL3DC108,6,True,2019-07-01T00:00:00Z,2019-07-01T23:59:59Z,86400,86400,0,1.0,1.000362873,0.999998535,0.001796859,0,0,0,0,-1e-06,1.665386,8.196479,-5.023748e-10,0.001665389,0.008196491,False,0.008219,False
2019-07-02,CE02SHBP-LJ01D-07-VEL3DC108,6,True,2019-07-02T00:00:00Z,2019-07-02T23:59:59Z,86400,86400,0,1.0,1.000362873,0.999998569,0.000121687,0,0,0,0,-0.0,1.726022,8.877,-4.846508e-10,0.001726024,0.008877013,False,0.008108,False
2019-07-03,CE02SHBP-LJ01D-07-VEL3DC108,6,True,2019-07-03T00:00:00Z,2019-07-03T23:59:59Z,86160,86400,240,1.0,1.000362873,0.999998574,0.002610103,5,240,5,244,0.0,3.128661,450.187909,2.251214e-13,0.003128666,0.4501886,True,0.452362,True
2019-07-04,CE02SHBP-LJ01D-07-VEL3DC108,6,True,2019-07-04T00:00:00Z,2019-07-04T23:59:59Z,86401,86401,0,1.0,1.000362873,0.999998501,0.001610261,0,0,1,1,0.0,1.773633,8.906622,2.018426e-10,0.001773636,0.008906636,False,0.008683,False
2019-07-05,CE02SHBP-LJ01D-07-VEL3DC108,6,True,2019-07-05T00:00:00Z,2019-07-05T23:59:59Z,86400,86400,0,1.0,1.000362873,0.999998413,-0.003541116,0,0,0,0,-0.0,1.452212,8.314986,-4.762571e-10,0.001452214,0.008314999,False,0.008112,False
2019-07-06,CE02SHBP-LJ01D-07-VEL3DC108,6,True,2019-07-06T00:00:00Z,2019-07-06T23:59:59Z,86400,86400,0,1.0,1.000362873,0.99999843,0.000668235,0,0,0,0,-1e-06,1.245155,7.201823,-5.026654e-10,0.001245157,0.007201834,False,0.008113,False
2019-07-07,CE02SHBP-LJ01D-07-VEL3DC108,6,True,2019-07-07T00:00:00Z,2019-07-07T23:59:59Z,86400,86400,0,1.0,1.000362873,0.999998432,0.001653195,0,0,0,0,-1e-06,1.449649,7.949912,-5.205844e-10,0.001449651,0.007949925,False,0.008226,False
2019-07-08,CE02SHBP-LJ01D-07-VEL3DC108,6,True,2019-07-08T00:00:00Z,2019-07-08T23:59:59Z,86400,86400,0,1.0,1.000362873,0.99999844,-0.000874708,0,0,0,0,-1e-06,1.292458,7.578019,-5.103435e-10,0.00129246,0.007578031,False,0.008113,False
2019-07-09,CE02SHBP-LJ01D-07-VEL3DC108,6,True,2019-07-09T00:00:00Z,2019-07-09T23:59:59Z,86400,86400,0,1.0,1.000362873,0.999998436,-0.00013778,0,0,0,0,-0.0,1.279069,7.841547,-4.462725e-10,0.001279071,0.007841559,False,0.00811,False
2019-07-10,CE02SHBP-LJ01D-07-VEL3DC108,6,True,2019-07-10T00:00:00Z,2019-07-10T23:59:59Z,86400,86400,0,1.0,1.000362873,0.999998435,-0.001882622,0,0,0,0,-1e-06,1.292791,7.664161,-5.021716e-10,0.001292794,0.007664173,False,0.008113,False
2019-07-11,CE02SHBP-LJ01D-07-VEL3DC108,6,True,2019-07-11T00:00:00Z,2019-07-11T23:59:59Z,86400,86400,0,1.0,1.000362873,0.999998467,0.000659721,0,0,0,0,-0.0,1.284904,7.513139,-4.645831e-10,0.001284906,0.007513151,False,0.00811,False
2019-07-12,CE02SHBP-LJ01D-07-VEL3DC108,6,True,2019-07-12T00:00:00Z,2019-07-12T23:59:59Z,86401,86401,0,1.0,1.000362873,0.999998468,0.0016906,0,0,4,4,-0.0,1.359261,7.768638,-4.880156e-10,0.001359263,0.00776865,False,0.008224,False
2019-07-13,CE02SHBP-LJ01D-07-VEL3DC108,6,True,2019-07-13T00:00:00Z,2019-07-13T23:59:59Z,86400,86400,0,1.0,1.000362873,0.999998438,0.001674017,0,0,0,0,-1e-06,1.264055,7.564041,-5.1872e-10,0.001264057,0.007564053,False,0.008224,False
2019-07-14,CE02SHBP-LJ01D-07-VEL3DC108,6,True,2019-07-14T00:00:00Z,2019-07-14T23:59:59Z,86400,86400,0,1.0,1.000362873,0.999998423,-0.000919053,0,0,0,0,-0.0,1.58405,8.724116,-4.802608e-10,0.001584053,0.00872413,False,0.008228,False
2019-07-15,CE02SHBP-LJ01D-07-VEL3DC108,6,True,2019-07-15T00:00:00Z,2019-07-15T23:59:59Z,86400,86400,0,1.0,1.000362873,0.999998396,0.000493988,0,0,0,0,-0.0,1.314094,8.350148,-4.956086e-10,0.001314096,0.008350162,False,0.008228,False
2019-07-16,CE02SHBP-LJ01D-07-VEL3DC108,6,True,2019-07-16T00:00:00Z,2019-07-16T23:59:59Z,86400,86400,0,1.0,1.000362873,0.999998391,-0.001731868,0,0,0,0,-0.0,1.442156,8.467576,-4.973297e-10,0.001442158,0.008467589,False,0.008113,False
2019-07-17,CE02SHBP-LJ01D-07-VEL3DC108,6,True,2019-07-17T00:00:00Z,2019-07-17T23:59:59Z,86400,86400,0,1.0,1.000362873,0.999998389,-0.001284385,0,0,0,0,-0.0,1.339654,7.861426,-4.770808e-10,0.001339656,0.007861439,False,0.008226,False
2019-07-18,CE02SHBP-LJ01D-07-VEL3DC108,6,True,2019-07-18T00:00:00Z,2019-07-18T23:59:59Z,86400,86400,0,1.0,1.000362873,0.999998379,0.001097527,0,0,0,0,-0.0,1.259942,7.568921,-4.526576e-10,0.001259944,0.007568934,False,0.008113,False
2019-07-19,CE02SHBP-LJ01D-07-VEL3DC108,6,True,2019-07-19T00:00:00Z,2019-07-19T23:59:59Z,86401,86401,0,1.0,1.000362873,0.99999875,-0.005405322,0,0,8,8,-0.0,2.704921,13.442928,-6.210727e-11,0.002704925,0.01344295,False,0.008116,False
2019-07-20,CE02SHBP-LJ01D-07-VEL3DC108,6,True,2019-07-20T00:00:00Z,2019-07-20T23:59:59Z,86400,86400,0,1.0,1.000362873,0.999998855,-0.002238897,0,0,0,0,-1e-06,1.56734,9.087823,-5.026764e-10,0.001567341,0.009087833,False,0.008115,False
2019-07-21,CE02SHBP-LJ01D-07-VEL3DC108,6,True,2019-07-21T00:00:00Z,2019-07-21T23:59:59Z,86400,86400,0,1.0,1.000362873,0.999998726,0.004168057,0,0,0,0,-0.0,2.650418,10.265358,-4.511448e-10,0.002650421,0.01026537,False,0.008227,False
2019-07-22,CE02SHBP-LJ01D-07-VEL3DC108,6,True,2019-07-22T00:00:00Z,2019-07-22T23:59:59Z,86400,86400,0,1.0,1.000362873,0.999998354,-0.003126983,0,0,0,0,-0.0,1.501741,8.38321,-4.566442e-10,0.001501744,0.008383224,False,0.00791,False
2019-07-23,CE02SHBP-LJ01D-07-VEL3DC108,6,True,2019-07-23T00:00:00Z,2019-07-23T23:59:59Z,86400,86400,0,1.0,1.000362873,0.999998523,-0.005642613,0,0,0,0,-0.0,3.250307,13.988161,-4.714884e-10,0.003250311,0.01398818,False,0.008114,False
2019-07-24,CE02SHBP-LJ01D-07-VEL3DC108,6,True,2019-07-24T00:00:00Z,2019-07-24T23:59:59Z,86400,86400,0,1.0,1.000362873,0.999998883,0.000174372,0,0,0,0,-0.0,1.463598,8.158266,-4.735516e-10,0.0014636,0.008158275,False,0.008114,False
2019-07-25,CE02SHBP-LJ01D-07-VEL3DC108,6,True,2019-07-25T00:00:00Z,2019-07-25T23:59:59Z,70799,86394,15595,1.0,1.000362873,1.000097668,-0.800152426,2,15595,2,15595,-0.0,1173.139367,2507.388826,-2.347093e-10,1.173025,2.507144,True,0.359849,True
2019-07-26,CE02SHBP-LJ01D-07-VEL3DC108,6,True,2019-07-26T00:00:00Z,2019-07-26T11:17:15Z,40636,40636,0,1.0,1.000362873,0.999998821,0.001502849,0,0,0,0,-0.0,1.544926,8.833125,-1.355713e-10,0.001544927,0.008833135,False,0.008112,False
2019-07-27,CE02SHBP-LJ01D-07-VEL3DC108,6,False,,,0,0,,1.0,,,,,,,,,,,,,,,,False
2019-07-28,CE02SHBP-LJ01D-07-VEL3DC108,6,False,,,0,0,,1.0,,,,,,,,,,,,,,,,False
2019-07-29,CE02SHBP-LJ01D-07-VEL3DC108,6,True,2019-07-29T16:02:17Z,2019-07-29T23:59:59Z,20884,28660,7776,1.0,1.000362873,1.000011745,2.73294989,4,7776,4,7776,0.0,263.626166,2743.517826,2.994366e-11,0.2636231,2.743486,True,0.440114,True
2019-07-30,CE02SHBP-LJ01D-07-VEL3DC108,6,True,2019-07-30T00:00:00Z,2019-07-30T23:59:59Z,86400,86400,0,1.0,1.000362873,0.999998863,3.9589e-05,0,0,0,0,-0.0,1.345816,7.621844,-4.983025e-10,0.001345818,0.007621853,False,0.008113,False
2019-07-31,CE02SHBP-LJ01D-07-VEL3DC108,6,True,2019-07-31T00:00:00Z,2019-07-31T23:59:59Z,86400,86400,0,1.0,1.000362873,0.999998885,-0.002553956,0,0,0,0,-0.0,1.844056,9.987459,-4.590661e-10,0.001844058,0.00998747,False,0.008114,False
2019-08-01,CE02SHBP-LJ01D-07-VEL3DC108,6,True,2019-08-01T00:00:00Z,2019-08-01T23:59:59Z,86400,86400,0,1.0,1.000362873,0.999998877,0.001033735,0,0,0,0,-0.0,1.489777,8.518686,-4.825306e-10,0.001489778,0.008518696,False,0.008217,False
2019-08-02,CE02SHBP-LJ01D-07-VEL3DC108,6,True,2019-08-02T00:00:00Z,2019-08-02T18:58:43Z,68324,68324,0,1.0,1.000362873,0.999998868,0.001168436,0,0,0,0,-0.0,1.403662,7.514625,-1.72486e-10,0.001403664,0.007514634,False,0.008111,False
2019-08-03,CE02SHBP-LJ01D-07-VEL3DC108,6,False,,,0,0,,1.0,,,,,,,,,,,,,,,,False
2019-08-04,CE02SHBP-LJ01D-07-VEL3DC108,6,False,,,0,0,,1.0,,,,,,,,,,,,,,,,False
2019-08-05,CE02SHBP-LJ01D-07-VEL3DC108,6,False,,,0,0,,1.0,,,,,,,,,,,,,,,,False
2019-08-06,CE02SHBP-LJ01D-07-VEL3DC108,6,False,,,0,0,,1.0,,,,,,,,,,,,,,,,False
2019-08-07,CE02SHBP-LJ01D-07-VEL3DC108,6,False,,,0,0,,1.0,,,,,,,,,,,,,,,,False
2019-08-08,CE02SHBP-LJ01D-07-VEL3DC108,6,False,,,0,0,,1.0,,,,,,,,,,,,,,,,False
2019-08-09,CE02SHBP-LJ01D-07-VEL3DC108,6,False,,,0,0,,1.0,,,,,,,,,,,,,,,,False
2019-08-10,CE02SHBP-LJ01D-07-VEL3DC108,6,False,,,0,0,,1.0,,,,,,,,,,,,,,,,False
2019-08-11,CE02SHBP-LJ01D-07-VEL3DC108,6,False,,,0,0,,1.0,,,,,,,,,,,,,,,,False
2019-08-12,CE02SHBP-LJ01D-07-VEL3DC108,6,False,,,0,0,,1.0,,,,,,,,,,,,,,,,False
2019-08-13,CE02SHBP-LJ01D-07-VEL3DC108,6,False,,,0,0,,1.0,,,,,,,,,,,,,,,,False
2019-08-14,CE02SHBP-LJ01D-07-VEL3DC108,6,False,,,0,0,,1.0,,,,,,,,,,,,,,,,False
2019-08-15,CE02SHBP-LJ01D-07-VEL3DC108,6,False,,,0,0,,1.0,,,,,,,,,,,,,,,,False
2019-08-16,CE02SHBP-LJ01D-07-VEL3DC108,6,False,,,0,0,,1.0,,,,,,,,,,,,,,,,False
2019-08-17,CE02SHBP-LJ01D-07-VEL3DC108,6,False,,,0,0,,1.0,,,,,,,,,,,,,,,,False
2019-08-18,CE02SHBP-LJ01D-07-VEL3DC108,6,False,,,0,0,,1.0,,,,,,,,,,,,,,,,False
2019-08-19,CE02SHBP-LJ01D-07-VEL3DC108,6,False,,,0,0,,1.0,,,,,,,,,,,,,,,,False
2019-08-20,CE02SHBP-LJ01D-07-VEL3DC108,6,False,,,0,0,,1.0,,,,,,,,,,,,,,,,False
2019-08-21,CE02SHBP-LJ01D-07-VEL3DC108,6,False,,,0,0,,1.0,,,,,,,,,,,,,,,,False
2019-08-22,CE02SHBP-LJ01D-07-VEL3DC108,6,False,,,0,0,,1.0,,,,,,,,,,,,,,,,False
2019-08-23,CE02SHBP-LJ01D-07-VEL3DC108,6,False,,,0,0,,1.0,,,,,,,,,,,,,,,,False
2019-08-24,CE02SHBP-LJ01D-07-VEL3DC108,6,False,,,0,0,,1.0,,,,,,,,,,,,,,,,False
2019-08-25,CE02SHBP-LJ01D-07-VEL3DC108,6,False,,,0,0,,1.0,,,,,,,,,,,,,,,,False
2019-08-26,CE02SHBP-LJ01D-07-VEL3DC108,6,False,,,0,0,,1.0,,,,,,,,,,,,,,,,False
2019-08-27,CE02SHBP-LJ01D-07-VEL3DC108,6,False,,,0,0,,1.0,,,,,,,,,,,,,,,,False
2019-08-28,CE02SHBP-LJ01D-07-VEL3DC108,6,False,,,0,0,,1.0,,,,,,,,,,,,,,,,False
2019-08-29,CE02SHBP-LJ01D-07-VEL3DC108,6,False,,,0,0,,1.0,,,,,,,,,,,,,,,,False
2019-08-30,CE02SHBP-LJ01D-07-VEL3DC108,6,False,,,0,0,,1.0,,,,,,,,,,,,,,,,False
2019-08-31,CE02SHBP-LJ01D-07-VEL3DC108,6,False,,,0,0,,1.0,,,,,,,,,,,,,,,,False
2019-09-01,CE02SHBP-LJ01D-07-VEL3DC108,6,False,,,0,0,,1.0,,,,,,,,,,,,,,,,False
2019-09-02,CE02SHBP-LJ01D-07-VEL3DC108,6,False,,,0,0,,1.0,,,,,,,,,,,,,,,,False
2019-09-03,CE02SHBP-LJ01D-07-VEL3DC108,6,False,,,0,0,,1.0,,,,,,,,,,,,,,,,False
2019-09-04,CE02SHBP-LJ01D-07-VEL3DC108,6,False,,,0,0,,1.0,,,,,,,,,,,,,,,,False
2019-09-05,CE02SHBP-LJ01D-07-VEL3DC108,6,False,,,0,0,,1.0,,,,,,,,,,,,,,,,False
2019-09-06,CE02SHBP-LJ01D-07-VEL3DC108,6,False,,,0,0,,1.0,,,,,,,,,,,,,,,,False
2019-09-07,CE02SHBP-LJ01D-07-VEL3DC108,6,False,,,0,0,,1.0,,,,,,,,,,,,,,,,False
2019-09-08,CE02SHBP-LJ01D-07-VEL3DC108,6,False,,,0,0,,1.0,,,,,,,,,,,,,,,,False
2019-09-09,CE02SHBP-LJ01D-07-VEL3DC108,6,False,,,0,0,,1.0,,,,,,,,,,,,,,,,False
2019-09-10,CE02SHBP-LJ01D-07-VEL3DC108,6,False,,,0,0,,1.0,,,,,,,,,,,,,,,,False
2019-09-11,CE02SHBP-LJ01D-07-VEL3DC108,6,False,,,0,0,,1.0,,,,,,,,,,,,,,,,False
2019-09-12,CE02SHBP-LJ01D-07-VEL3DC108,6,False,,,0,0,,1.0,,,,,,,,,,,,,,,,False
2019-09-13,CE02SHBP-LJ01D-07-VEL3DC108,6,False,,,0,0,,1.0,,,,,,,,,,,,,,,,False
2019-09-14,CE02SHBP-LJ01D-07-VEL3DC108,6,False,,,0,0,,1.0,,,,,,,,,,,,,,,,False
2019-09-15,CE02SHBP-LJ01D-07-VEL3DC108,6,False,,,0,0,,1.0,,,,,,,,,,,,,,,,False
2019-09-16,CE02SHBP-LJ01D-07-VEL3DC108,6,False,,,0,0,,1.0,,,,,,,,,,,,,,,,False
2019-09-17,CE02SHBP-LJ01D-07-VEL3DC108,6,False,,,0,0,,1.0,,,,,,,,,,,,,,,,False
2019-09-18,CE02SHBP-LJ01D-07-VEL3DC108,6,False,,,0,0,,1.0,,,,,,,,,,,,,,,,False
2019-09-19,CE02SHBP-LJ01D-07-VEL3DC108,6,False,,,0,0,,1.0,,,,,,,,,,,,,,,,False
2019-09-20,CE02SHBP-LJ01D-07-VEL3DC108,6,False,,,0,0,,1.0,,,,,,,,,,,,,,,,False
2019-09-21,CE02SHBP-LJ01D-07-VEL3DC108,6,False,,,0,0,,1.0,,,,,,,,,,,,,,,,False
2019-09-22,CE02SHBP-LJ01D-07-VEL3DC108,6,False,,,0,0,,1.0,,,,,,,,,,,,,,,,False
2019-09-23,CE02SHBP-LJ01D-07-VEL3DC108,6,False,,,0,0,,1.0,,,,,,,,,,,,,,,,False
2019-09-24,CE02SHBP-LJ01D-07-VEL3DC108,6,False,,,0,0,,1.0,,,,,,,,,,,,,,,,False
2019-09-25,CE02SHBP-LJ01D-07-VEL3DC108,6,False,,,0,0,,1.0,,,,,,,,,,,,,,,,False
2019-09-26,CE02SHBP-LJ01D-07-VEL3DC108,6,False,,,0,0,,1.0,,,,,,,,,,,,,,,,False
2019-09-27,CE02SHBP-LJ01D-07-VEL3DC108,6,False,,,0,0,,1.0,,,,,,,,,,,,,,,,False
2019-09-28,CE02SHBP-LJ01D-07-VEL3DC108,6,False,,,0,0,,1.0,,,,,,,,,,,,,,,,False
2019-09-29,CE02SHBP-LJ01D-07-VEL3DC108,6,False,,,0,0,,1.0,,,,,,,,,,,,,,,,False
2019-09-30,CE02SHBP-LJ01D-07-VEL3DC108,6,False,,,0,0,,1.0,,,,,,,,,,,,,,,,False
2019-10-01,CE02SHBP-LJ01D-07-VEL3DC108,6,False,,,0,0,,1.0,,,,,,,,,,,,,,,,False
2019-10-02,CE02SHBP-LJ01D-07-VEL3DC108,6,False,,,0,0,,1.0,,,,,,,,,,,,,,,,False
2019-10-03,CE02SHBP-LJ01D-07-VEL3DC108,6,False,,,0,0,,1.0,,,,,,,,,,,,,,,,False
2019-10-04,CE02SHBP-LJ01D-07-VEL3DC108,6,False,,,0,0,,1.0,,,,,,,,,,,,,,,,False
2019-10-05,CE02SHBP-LJ01D-07-VEL3DC108,6,False,,,0,0,,1.0,,,,,,,,,,,,,,,,False
2019-10-06,CE02SHBP-LJ01D-07-VEL3DC108,6,False,,,0,0,,1.0,,,,,,,,,,,,,,,,False
2019-10-07,CE02SHBP-LJ01D-07-VEL3DC108,6,False,,,0,0,,1.0,,,,,,,,,,,,,,,,False
2019-10-08,CE02SHBP-LJ01D-07-VEL3DC108,6,False,,,0,0,,1.0,,,,,,,,,,,,,,,,False
2019-10-09,CE02SHBP-LJ01D-07-VEL3DC108,6,False,,,0,0,,1.0,,,,,,,,,,,,,,,,False
2019-10-10,CE02SHBP-LJ01D-07-VEL3DC108,6,False,,,0,0,,1.0,,,,,,,,,,,,,,,,False
2019-10-11,CE02SHBP-LJ01D-07-VEL3DC108,6,False,,,0,0,,1.0,,,,,,,,,,,,,,,,False
2019-10-12,CE02SHBP-LJ01D-07-VEL3DC108,6,False,,,0,0,,1.0,,,,,,,,,,,,,,,,False
2019-10-13,CE02SHBP-LJ01D-07-VEL3DC108,6,False,,,0,0,,1.0,,,,,,,,,,,,,,,,False
2019-10-14,CE02SHBP-LJ01D-07-VEL3DC108,6,False,,,0,0,,1.0,,,,,,,,,,,,,,,,False
2019-10-15,CE02SHBP-LJ01D-07-VEL3DC108,6,False,,,0,0,,1.0,,,,,,,,,,,,,,,,False
2019-10-16,CE02SHBP-LJ01D-07-VEL3DC108,6,False,,,0,0,,1.0,,,,,,,,,,,,,,,,False
2019-10-17,CE02SHBP-LJ01D-07-VEL3DC108,6,False,,,0,0,,1.0,,,,,,,,,,,,,,,,False
2019-10-18,CE02SHBP-LJ01D-07-VEL3DC108,6,False,,,0,0,,1.0,,,,,,,,,,,,,,,,False
2019-10-19,CE02SHBP-LJ01D-07-VEL3DC108,6,False,,,0,0,,1.0,,,,,,,,,,,,,,,,False
2019-10-20,CE02SHBP-LJ01D-07-VEL3DC108,6,False,,,0,0,,1.0,,,,,,,,,,,,,,,,False
2019-10-21,CE02SHBP-LJ01D-07-VEL3DC108,6,False,,,0,0,,1.0,,,,,,,,,,,,,,,,False
2019-10-22,CE02SHBP-LJ01D-07-VEL3DC108,6,False,,,0,0,,1.0,,,,,,,,,,,,,,,,False
2019-10-23,CE02SHBP-LJ01D-07-VEL3DC108,6,False,,,0,0,,1.0,,,,,,,,,,,,,,,,False
2019-10-24,CE02SHBP-LJ01D-07-VEL3DC108,6,False,,,0,0,,1.0,,,,,,,,,,,,,,,,False
2019-10-25,CE02SHBP-LJ01D-07-VEL3DC108,6,False,,,0,0,,1.0,,,,,,,,,,,,,,,,False
2019-10-26,CE02SHBP-LJ01D-07-VEL3DC108,6,False,,,0,0,,1.0,,,,,,,,,,,,,,,,False
2019-10-27,CE02SHBP-LJ01D-07-VEL3DC108,6,False,,,0,0,,1.0,,,,,,,,,,,,,,,,False
2019-10-28,CE02SHBP-LJ01D-07-VEL3DC108,6,False,,,0,0,,1.0,,,,,,,,,,,,,,,,False
2019-10-29,CE02SHBP-LJ01D-07-VEL3DC108,6,False,,,0,0,,1.0,,,,,,,,,,,,,,,,False
2019-10-30,CE02SHBP-LJ01D-07-VEL3DC108,6,False,,,0,0,,1.0,,,,,,,,,,,,,,,,False
2019-10-31,CE02SHBP-LJ01D-07-VEL3DC108,6,False,,,0,0,,1.0,,,,,,,,,,,,,,,,False
2019-11-01,CE02SHBP-LJ01D-07-VEL3DC108,6,False,,,0,0,,1.0,,,,,,,,,,,,,,,,False
2019-11-02,CE02SHBP-LJ01D-07-VEL3DC108,6,False,,,0,0,,1.0,,,,,,,,,,,,,,,,False
2019-11-03,CE02SHBP-LJ01D-07-VEL3DC108,6,False,,,0,0,,1.0,,,,,,,,,,,,,,,,False
2019-11-04,CE02SHBP-LJ01D-07-VEL3DC108,6,False,,,0,0,,1.0,,,,,,,,,,,,,,,,False
2019-11-05,CE02SHBP-LJ01D-07-VEL3DC108,6,False,,,0,0,,1.0,,,,,,,,,,,,,,,,False
2019-11-06,CE02SHBP-LJ01D-07-VEL3DC108,6,False,,,0,0,,1.0,,,,,,,,,,,,,,,,False
2019-11-07,CE02SHBP-LJ01D-07-VEL3DC108,6,False,,,0,0,,1.0,,,,,,,,,,,,,,,,False
2019-11-08,CE02SHBP-LJ01D-07-VEL3DC108,6,False,,,0,0,,1.0,,,,,,,,,,,,,,,,False
2019-11-09,CE02SHBP-LJ01D-07-VEL3DC108,6,False,,,0,0,,1.0,,,,,,,,,,,,,,,,False
2019-11-10,CE02SHBP-LJ01D-07-VEL3DC108,6,False,,,0,0,,1.0,,,,,,,,,,,,,,,,False
2019-11-11,CE02SHBP-LJ01D-07-VEL3DC108,6,False,,,0,0,,1.0,,,,,,,,,,,,,,,,False
2019-11-12,CE02SHBP-LJ01D-07-VEL3DC108,6,False,,,0,0,,1.0,,,,,,,,,,,,,,,,False
2019-11-13,CE02SHBP-LJ01D-07-VEL3DC108,6,False,,,0,0,,1.0,,,,,,,,,,,,,,,,False
2019-11-14,CE02SHBP-LJ01D-07-VEL3DC108,6,False,,,0,0,,1.0,,,,,,,,,,,,,,,,False
2019-11-15,CE02SHBP-LJ01D-07-VEL3DC108,6,False,,,0,0,,1.0,,,,,,,,,,,,,,,,False
2019-11-16,CE02SHBP-LJ01D-07-VEL3DC108,6,False,,,0,0,,1.0,,,,,,,,,,,,,,,,False
2019-11-17,CE02SHBP-LJ01D-07-VEL3DC108,6,False,,,0,0,,1.0,,,,,,,,,,,,,,,,False
2019-11-18,CE02SHBP-LJ01D-07-VEL3DC108,6,False,,,0,0,,1.0,,,,,,,,,,,,,,,,False
2019-11-19,CE02SHBP-LJ01D-07-VEL3DC108,6,False,,,0,0,,1.0,,,,,,,,,,,,,,,,False
2019-11-20,CE02SHBP-LJ01D-07-VEL3DC108,6,False,,,0,0,,1.0,,,,,,,,,,,,,,,,False
2019-11-21,CE02SHBP-LJ01D-07-VEL3DC108,6,False,,,0,0,,1.0,,,,,,,,,,,,,,,,False
2019-11-22,CE02SHBP-LJ01D-07-VEL3DC108,6,False,,,0,0,,1.0,,,,,,,,,,,,,,,,False
2019-11-23,CE02SHBP-LJ01D-07-VEL3DC108,6,False,,,0,0,,1.0,,,,,,,,,,,,,,,,False
2019-11-24,CE02SHBP-LJ01D-07-VEL3DC108,6,False,,,0,0,,1.0,,,,,,,,,,,,,,,,False
2019-11-25,CE02SHBP-LJ01D-07-VEL3DC108,6,False,,,0,0,,1.0,,,,,,,,,,,,,,,,False
2019-11-26,CE02SHBP-LJ01D-07-VEL3DC108,6,False,,,0,0,,1.0,,,,,,,,,,,,,,,,False
2019-11-27,CE02SHBP-LJ01D-07-VEL3DC108,6,False,,,0,0,,1.0,,,,,,,,,,,,,,,,False
2019-11-28,CE02SHBP-LJ01D-07-VEL3DC108,6,False,,,0,0,,1.0,,,,,,,,,,,,,,,,False
2019-11-29,CE02SHBP-LJ01D-07-VEL3DC108,6,False,,,0,0,,1.0,,,,,,,,,,,,,,,,False
2019-11-30,CE02SHBP-LJ01D-07-VEL3DC108,6,False,,,0,0,,1.0,,,,,,,,,,,,,,,,False
2019-12-01,CE02SHBP-LJ01D-07-VEL3DC108,6,False,,,0,0,,1.0,,,,,,,,,,,,,,,,False
2019-12-02,CE02SHBP-LJ01D-07-VEL3DC108,6,False,,,0,0,,1.0,,,,,,,,,,,,,,,,False
2019-12-03,CE02SHBP-LJ01D-07-VEL3DC108,6,False,,,0,0,,1.0,,,,,,,,,,,,,,,,False
2019-12-04,CE02SHBP-LJ01D-07-VEL3DC108,6,False,,,0,0,,1.0,,,,,,,,,,,,,,,,False
2019-12-05,CE02SHBP-LJ01D-07-VEL3DC108,6,False,,,0,0,,1.0,,,,,,,,,,,,,,,,False
2019-12-06,CE02SHBP-LJ01D-07-VEL3DC108,6,False,,,0,0,,1.0,,,,,,,,,,,,,,,,False
2019-12-07,CE02SHBP-LJ01D-07-VEL3DC108,6,False,,,0,0,,1.0,,,,,,,,,,,,,,,,False
2019-12-08,CE02SHBP-LJ01D-07-VEL3DC108,6,False,,,0,0,,1.0,,,,,,,,,,,,,,,,False
2019-12-09,CE02SHBP-LJ01D-07-VEL3DC108,6,False,,,0,0,,1.0,,,,,,,,,,,,,,,,False
2019-12-10,CE02SHBP-LJ01D-07-VEL3DC108,6,False,,,0,0,,1.0,,,,,,,,,,,,,,,,False
2019-12-11,CE02SHBP-LJ01D-07-VEL3DC108,6,False,,,0,0,,1.0,,,,,,,,,,,,,,,,False
2019-12-12,CE02SHBP-LJ01D-07-VEL3DC108,6,False,,,0,0,,1.0,,,,,,,,,,,,,,,,False
2019-12-13,CE02SHBP-LJ01D-07-VEL3DC108,6,False,,,0,0,,1.0,,,,,,,,,,,,,,,,False
2019-12-14,CE02SHBP-LJ01D-07-VEL3DC108,6,False,,,0,0,,1.0,,,,,,,,,,,,,,,,False
2019-12-15,CE02SHBP-LJ01D-07-VEL3DC108,6,False,,,0,0,,1.0,,,,,,,,,,,,,,,,False
2019-12-16,CE02SHBP-LJ01D-07-VEL3DC108,6,False,,,0,0,,1.0,,,,,,,,,,,,,,,,False
2019-12-17,CE02SHBP-LJ01D-07-VEL3DC108,6,False,,,0,0,,1.0,,,,,,,,,,,,,,,,False
2019-12-18,CE02SHBP-LJ01D-07-VEL3DC108,6,False,,,0,0,,1.0,,,,,,,,,,,,,,,,False
2019-12-19,CE02SHBP-LJ01D-07-VEL3DC108,6,False,,,0,0,,1.0,,,,,,,,,,,,,,,,False
2019-12-20,CE02SHBP-LJ01D-07-VEL3DC108,6,False,,,0,0,,1.0,,,,,,,,,,,,,,,,False
2019-12-21,CE02SHBP-LJ01D-07-VEL3DC108,6,False,,,0,0,,1.0,,,,,,,,,,,,,,,,False
2019-12-22,CE02SHBP-LJ01D-07-VEL3DC108,6,False,,,0,0,,1.0,,,,,,,,,,,,,,,,False
2019-12-23,CE02SHBP-LJ01D-07-VEL3DC108,6,False,,,0,0,,1.0,,,,,,,,,,,,,,,,False
2019-12-24,CE02SHBP-LJ01D-07-VEL3DC108,6,False,,,0,0,,1.0,,,,,,,,,,,,,,,,False
2019-12-25,CE02SHBP-LJ01D-07-VEL3DC108,6,False,,,0,0,,1.0,,,,,,,,,,,,,,,,False
2019-12-26,CE02SHBP-LJ01D-07-VEL3DC108,6,False,,,0,0,,1.0,,,,,,,,,,,,,,,,False
2019-12-27,CE02SHBP-LJ01D-07-VEL3DC108,6,False,,,0,0,,1.0,,,,,,,,,,,,,,,,False
2019-12-28,CE02SHBP-LJ01D-07-VEL3DC108,6,False,,,0,0,,1.0,,,,,,,,,,,,,,,,False
2019-12-29,CE02SHBP-LJ01D-07-VEL3DC108,6,False,,,0,0,,1.0,,,,,,,,,,,,,,,,False
2019-12-30,CE02SHBP-LJ01D-07-VEL3DC108,6,False,,,0,0,,1.0,,,,,,,,,,,,,,,,False
2019-12-31,CE02SHBP-LJ01D-07-VEL3DC108,6,False,,,0,0,,1.0,,,,,,,,,,,,,,,,False
2020-01-01,CE02SHBP-LJ01D-07-VEL3DC108,6,False,,,0,0,,1.0,,,,,,,,,,,,,,,,False
2020-01-02,CE02SHBP-LJ01D-07-VEL3DC108,6,False,,,0,0,,1.0,,,,,,,,,,,,,,,,False
2020-01-03,CE02SHBP-LJ01D-07-VEL3DC108,6,False,,,0,0,,1.0,,,,,,,,,,,,,,,,False
2020-01-04,CE02SHBP-LJ01D-07-VEL3DC108,6,False,,,0,0,,1.0,,,,,,,,,,,,,,,,False
2020-01-05,CE02SHBP-LJ01D-07-VEL3DC108,6,False,,,0,0,,1.0,,,,,,,,,,,,,,,,False
2020-01-06,CE02SHBP-LJ01D-07-VEL3DC108,6,False,,,0,0,,1.0,,,,,,,,,,,,,,,,False
2020-01-07,CE02SHBP-LJ01D-07-VEL3DC108,6,False,,,0,0,,1.0,,,,,,,,,,,,,,,,False
2020-01-08,CE02SHBP-LJ01D-07-VEL3DC108,6,False,,,0,0,,1.0,,,,,,,,,,,,,,,,False
2020-01-09,CE02SHBP-LJ01D-07-VEL3DC108,6,False,,,0,0,,1.0,,,,,,,,,,,,,,,,False
2020-01-10,CE02SHBP-LJ01D-07-VEL3DC108,6,False,,,0,0,,1.0,,,,,,,,,,,,,,,,False
2020-01-11,CE02SHBP-LJ01D-07-VEL3DC108,6,False,,,0,0,,1.0,,,,,,,,,,,,,,,,False
2020-01-12,CE02SHBP-LJ01D-07-VEL3DC108,6,False,,,0,0,,1.0,,,,,,,,,,,,,,,,False
2020-01-13,CE02SHBP-LJ01D-07-VEL3DC108,6,False,,,0,0,,1.0,,,,,,,,,,,,,,,,False
2020-01-14,CE02SHBP-LJ01D-07-VEL3DC108,6,False,,,0,0,,1.0,,,,,,,,,,,,,,,,False
2020-01-15,CE02SHBP-LJ01D-07-VEL3DC108,6,False,,,0,0,,1.0,,,,,,,,,,,,,,,,False
2020-01-16,CE02SHBP-LJ01D-07-VEL3DC108,6,False,,,0,0,,1.0,,,,,,,,,,,,,,,,False
2020-01-17,CE02SHBP-LJ01D-07-VEL3DC108,6,False,,,0,0,,1.0,,,,,,,,,,,,,,,,False
2020-01-18,CE02SHBP-LJ01D-07-VEL3DC108,6,False,,,0,0,,1.0,,,,,,,,,,,,,,,,False
2020-01-19,CE02SHBP-LJ01D-07-VEL3DC108,6,False,,,0,0,,1.0,,,,,,,,,,,,,,,,False
2020-01-20,CE02SHBP-LJ01D-07-VEL3DC108,6,False,,,0,0,,1.0,,,,,,,,,,,,,,,,False
2020-01-21,CE02SHBP-LJ01D-07-VEL3DC108,6,False,,,0,0,,1.0,,,,,,,,,,,,,,,,False
2020-01-22,CE02SHBP-LJ01D-07-VEL3DC108,6,False,,,0,0,,1.0,,,,,,,,,,,,,,,,False
2020-01-23,CE02SHBP-LJ01D-07-VEL3DC108,6,False,,,0,0,,1.0,,,,,,,,,,,,,,,,False
2020-01-24,CE02SHBP-LJ01D-07-VEL3DC108,6,False,,,0,0,,1.0,,,,,,,,,,,,,,,,False
2020-01-25,CE02SHBP-LJ01D-07-VEL3DC108,6,False,,,0,0,,1.0,,,,,,,,,,,,,,,,False
2020-01-26,CE02SHBP-LJ01D-07-VEL3DC108,6,False,,,0,0,,1.0,,,,,,,,,,,,,,,,False
2020-01-27,CE02SHBP-LJ01D-07-VEL3DC108,6,False,,,0,0,,1.0,,,,,,,,,,,,,,,,False
2020-01-28,CE02SHBP-LJ01D-07-VEL3DC108,6,False,,,0,0,,1.0,,,,,,,,,,,,,,,,False
2020-01-29,CE02SHBP-LJ01D-07-VEL3DC108,6,False,,,0,0,,1.0,,,,,,,,,,,,,,,,False
2020-01-30,CE02SHBP-LJ01D-07-VEL3DC108,6,False,,,0,0,,1.0,,,,,,,,,,,,,,,,False
2020-01-31,CE02SHBP-LJ01D-07-VEL3DC108,6,False,,,0,0,,1.0,,,,,,,,,,,,,,,,False
2020-02-01,CE02SHBP-LJ01D-07-VEL3DC108,6,False,,,0,0,,1.0,,,,,,,,,,,,,,,,False
2020-02-02,CE02SHBP-LJ01D-07-VEL3DC108,6,False,,,0,0,,1.0,,,,,,,,,,,,,,,,False
2020-02-03,CE02SHBP-LJ01D-07-VEL3DC108,6,False,,,0,0,,1.0,,,,,,,,,,,,,,,,False
2020-02-04,CE02SHBP-LJ01D-07-VEL3DC108,6,False,,,0,0,,1.0,,,,,,,,,,,,,,,,False
2020-02-05,CE02SHBP-LJ01D-07-VEL3DC108,6,False,,,0,0,,1.0,,,,,,,,,,,,,,,,False
2020-02-06,CE02SHBP-LJ01D-07-VEL3DC108,6,False,,,0,0,,1.0,,,,,,,,,,,,,,,,False
2020-02-07,CE02SHBP-LJ01D-07-VEL3DC108,6,False,,,0,0,,1.0,,,,,,,,,,,,,,,,False
2020-02-08,CE02SHBP-LJ01D-07-VEL3DC108,6,False,,,0,0,,1.0,,,,,,,,,,,,,,,,False
2020-02-09,CE02SHBP-LJ01D-07-VEL3DC108,6,False,,,0,0,,1.0,,,,,,,,,,,,,,,,False
2020-02-10,CE02SHBP-LJ01D-07-VEL3DC108,6,False,,,0,0,,1.0,,,,,,,,,,,,,,,,False
2020-02-11,CE02SHBP-LJ01D-07-VEL3DC108,6,False,,,0,0,,1.0,,,,,,,,,,,,,,,,False
2020-02-12,CE02SHBP-LJ01D-07-VEL3DC108,6,False,,,0,0,,1.0,,,,,,,,,,,,,,,,False
2020-02-13,CE02SHBP-LJ01D-07-VEL3DC108,6,False,,,0,0,,1.0,,,,,,,,,,,,,,,,False
2020-02-14,CE02SHBP-LJ01D-07-VEL3DC108,6,False,,,0,0,,1.0,,,,,,,,,,,,,,,,False
2020-02-15,CE02SHBP-LJ01D-07-VEL3DC108,6,False,,,0,0,,1.0,,,,,,,,,,,,,,,,False
2020-02-16,CE02SHBP-LJ01D-07-VEL3DC108,6,False,,,0,0,,1.0,,,,,,,,,,,,,,,,False
2020-02-17,CE02SHBP-LJ01D-07-VEL3DC108,6,False,,,0,0,,1.0,,,,,,,,,,,,,,,,False
2020-02-18,CE02SHBP-LJ01D-07-VEL3DC108,6,False,,,0,0,,1.0,,,,,,,,,,,,,,,,False
2020-02-19,CE02SHBP-LJ01D-07-VEL3DC108,6,False,,,0,0,,1.0,,,,,,,,,,,,,,,,False
2020-02-20,CE02SHBP-LJ01D-07-VEL3DC108,6,False,,,0,0,,1.0,,,,,,,,,,,,,,,,False
2020-02-21,CE02SHBP-LJ01D-07-VEL3DC108,6,False,,,0,0,,1.0,,,,,,,,,,,,,,,,False
2020-02-22,CE02SHBP-LJ01D-07-VEL3DC108,6,False,,,0,0,,1.0,,,,,,,,,,,,,,,,False
2020-02-23,CE02SHBP-LJ01D-07-VEL3DC108,6,False,,,0,0,,1.0,,,,,,,,,,,,,,,,False
2020-02-24,CE02SHBP-LJ01D-07-VEL3DC108,6,False,,,0,0,,1.0,,,,,,,,,,,,,,,,False
2020-02-25,CE02SHBP-LJ01D-07-VEL3DC108,6,False,,,0,0,,1.0,,,,,,,,,,,,,,,,False
2020-02-26,CE02SHBP-LJ01D-07-VEL3DC108,6,False,,,0,0,,1.0,,,,,,,,,,,,,,,,False
2020-02-27,CE02SHBP-LJ01D-07-VEL3DC108,6,False,,,0,0,,1.0,,,,,,,,,,,,,,,,False
2020-02-28,CE02SHBP-LJ01D-07-VEL3DC108,6,False,,,0,0,,1.0,,,,,,,,,,,,,,,,False
2020-02-29,CE02SHBP-LJ01D-07-VEL3DC108,6,False,,,0,0,,1.0,,,,,,,,,,,,,,,,False
2020-03-01,CE02SHBP-LJ01D-07-VEL3DC108,6,False,,,0,0,,1.0,,,,,,,,,,,,,,,,False
2020-03-02,CE02SHBP-LJ01D-07-VEL3DC108,6,False,,,0,0,,1.0,,,,,,,,,,,,,,,,False
2020-03-03,CE02SHBP-LJ01D-07-VEL3DC108,6,False,,,0,0,,1.0,,,,,,,,,,,,,,,,False
2020-03-04,CE02SHBP-LJ01D-07-VEL3DC108,6,False,,,0,0,,1.0,,,,,,,,,,,,,,,,False
2020-03-05,CE02SHBP-LJ01D-07-VEL3DC108,6,False,,,0,0,,1.0,,,,,,,,,,,,,,,,False
2020-03-06,CE02SHBP-LJ01D-07-VEL3DC108,6,False,,,0,0,,1.0,,,,,,,,,,,,,,,,False
2020-03-07,CE02SHBP-LJ01D-07-VEL3DC108,6,False,,,0,0,,1.0,,,,,,,,,,,,,,,,False
2020-03-08,CE02SHBP-LJ01D-07-VEL3DC108,6,False,,,0,0,,1.0,,,,,,,,,,,,,,,,False
2020-03-09,CE02SHBP-LJ01D-07-VEL3DC108,6,False,,,0,0,,1.0,,,,,,,,,,,,,,,,False
2020-03-10,CE02SHBP-LJ01D-07-VEL3DC108,6,False,,,0,0,,1.0,,,,,,,,,,,,,,,,False
2020-03-11,CE02SHBP-LJ01D-07-VEL3DC108,6,False,,,0,0,,1.0,,,,,,,,,,,,,,,,False
2020-03-12,CE02SHBP-LJ01D-07-VEL3DC108,6,False,,,0,0,,1.0,,,,,,,,,,,,,,,,False
2020-03-13,CE02SHBP-LJ01D-07-VEL3DC108,6,False,,,0,0,,1.0,,,,,,,,,,,,,,,,False
2020-03-14,CE02SHBP-LJ01D-07-VEL3DC108,6,False,,,0,0,,1.0,,,,,,,,,,,,,,,,False
2020-03-15,CE02SHBP-LJ01D-07-VEL3DC108,6,False,,,0,0,,1.0,,,,,,,,,,,,,,,,False
2020-03-16,CE02SHBP-LJ01D-07-VEL3DC108,6,False,,,0,0,,1.0,,,,,,,,,,,,,,,,False
2020-03-17,CE02SHBP-LJ01D-07-VEL3DC108,6,False,,,0,0,,1.0,,,,,,,,,,,,,,,,False
2020-03-18,CE02SHBP-LJ01D-07-VEL3DC108,6,False,,,0,0,,1.0,,,,,,,,,,,,,,,,False
2020-03-19,CE02SHBP-LJ01D-07-VEL3DC108,6,False,,,0,0,,1.0,,,,,,,,,,,,,,,,False
2020-03-20,CE02SHBP-LJ01D-07-VEL3DC108,6,False,,,0,0,,1.0,,,,,,,,,,,,,,,,False
2020-03-21,CE02SHBP-LJ01D-07-VEL3DC108,6,False,,,0,0,,1.0,,,,,,,,,,,,,,,,False
2020-03-22,CE02SHBP-LJ01D-07-VEL3DC108,6,False,,,0,0,,1.0,,,,,,,,,,,,,,,,False
2020-03-23,CE02SHBP-LJ01D-07-VEL3DC108,6,False,,,0,0,,1.0,,,,,,,,,,,,,,,,False
2020-03-24,CE02SHBP-LJ01D-07-VEL3DC108,6,False,,,0,0,,1.0,,,,,,,,,,,,,,,,False
2020-03-25,CE02SHBP-LJ01D-07-VEL3DC108,6,False,,,0,0,,1.0,,,,,,,,,,,,,,,,False
2020-03-26,CE02SHBP-LJ01D-07-VEL3DC108,6,False,,,0,0,,1.0,,,,,,,,,,,,,,,,False
2020-03-27,CE02SHBP-LJ01D-07-VEL3DC108,6,False,,,0,0,,1.0,,,,,,,,,,,,,,,,False
2020-03-28,CE02SHBP-LJ01D-07-VEL3DC108,6,False,,,0,0,,1.0,,,,,,,,,,,,,,,,False
2020-03-29,CE02SHBP-LJ01D-07-VEL3DC108,6,False,,,0,0,,1.0,,,,,,,,,,,,,,,,False
2020-03-30,CE02SHBP-LJ01D-07-VEL3DC108,6,False,,,0,0,,1.0,,,,,,,,,,,,,,,,False
2020-03-31,CE02SHBP-LJ01D-07-VEL3DC108,6,False,,,0,0,,1.0,,,,,,,,,,,,,,,,False
2020-04-01,CE02SHBP-LJ01D-07-VEL3DC108,6,False,,,0,0,,1.0,,,,,,,,,,,,,,,,False
2020-04-02,CE02SHBP-LJ01D-07-VEL3DC108,6,False,,,0,0,,1.0,,,,,,,,,,,,,,,,False
2020-04-03,CE02SHBP-LJ01D-07-VEL3DC108,6,False,,,0,0,,1.0,,,,,,,,,,,,,,,,False
2020-04-04,CE02SHBP-LJ01D-07-VEL3DC108,6,False,,,0,0,,1.0,,,,,,,,,,,,,,,,False
2020-04-05,CE02SHBP-LJ01D-07-VEL3DC108,6,False,,,0,0,,1.0,,,,,,,,,,,,,,,,False
2020-04-06,CE02SHBP-LJ01D-07-VEL3DC108,6,False,,,0,0,,1.0,,,,,,,,,,,,,,,,False
2020-04-07,CE02SHBP-LJ01D-07-VEL3DC108,6,False,,,0,0,,1.0,,,,,,,,,,,,,,,,False
2020-04-08,CE02SHBP-LJ01D-07-VEL3DC108,6,False,,,0,0,,1.0,,,,,,,,,,,,,,,,False
2020-04-09,CE02SHBP-LJ01D-07-VEL3DC108,6,False,,,0,0,,1.0,,,,,,,,,,,,,,,,False
2020-04-10,CE02SHBP-LJ01D-07-VEL3DC108,6,False,,,0,0,,1.0,,,,,,,,,,,,,,,,False
2020-04-11,CE02SHBP-LJ01D-07-VEL3DC108,6,False,,,0,0,,1.0,,,,,,,,,,,,,,,,False
2020-04-12,CE02SHBP-LJ01D-07-VEL3DC108,6,False,,,0,0,,1.0,,,,,,,,,,,,,,,,False
2020-04-13,CE02SHBP-LJ01D-07-VEL3DC108,6,False,,,0,0,,1.0,,,,,,,,,,,,,,,,False
2020-04-14,CE02SHBP-LJ01D-07-VEL3DC108,6,False,,,0,0,,1.0,,,,,,,,,,,,,,,,False
2020-04-15,CE02SHBP-LJ01D-07-VEL3DC108,6,False,,,0,0,,1.0,,,,,,,,,,,,,,,,False
2020-04-16,CE02SHBP-LJ01D-07-VEL3DC108,6,False,,,0,0,,1.0,,,,,,,,,,,,,,,,False
2020-04-17,CE02SHBP-LJ01D-07-VEL3DC108,6,False,,,0,0,,1.0,,,,,,,,,,,,,,,,False
2020-04-18,CE02SHBP-LJ01D-07-VEL3DC108,6,False,,,0,0,,1.0,,,,,,,,,,,,,,,,False
2020-04-19,CE02SHBP-LJ01D-07-VEL3DC108,6,False,,,0,0,,1.0,,,,,,,,,,,,,,,,False
2020-04-20,CE02SHBP-LJ01D-07-VEL3DC108,6,False,,,0,0,,1.0,,,,,,,,,,,,,,,,False
2020-04-21,CE02SHBP-LJ01D-07-VEL3DC108,6,False,,,0,0,,1.0,,,,,,,,,,,,,,,,False
2020-04-22,CE02SHBP-LJ01D-07-VEL3DC108,6,False,,,0,0,,1.0,,,,,,,,,,,,,,,,False
2020-04-23,CE02SHBP-LJ01D-07-VEL3DC108,6,False,,,0,0,,1.0,,,,,,,,,,,,,,,,False
2020-04-24,CE02SHBP-LJ01D-07-VEL3DC108,6,False,,,0,0,,1.0,,,,,,,,,,,,,,,,False
2020-04-25,CE02SHBP-LJ01D-07-VEL3DC108,6,False,,,0,0,,1.0,,,,,,,,,,,,,,,,False
2020-04-26,CE02SHBP-LJ01D-07-VEL3DC108,6,False,,,0,0,,1.0,,,,,,,,,,,,,,,,False
2020-04-27,CE02SHBP-LJ01D-07-VEL3DC108,6,False,,,0,0,,1.0,,,,,,,,,,,,,,,,False
2020-04-28,CE02SHBP-LJ01D-07-VEL3DC108,6,False,,,0,0,,1.0,,,,,,,,,,,,,,,,False
2020-04-29,CE02SHBP-LJ01D-07-VEL3DC108,6,False,,,0,0,,1.0,,,,,,,,,,,,,,,,False
2020-04-30,CE02SHBP-LJ01D-07-VEL3DC108,6,False,,,0,0,,1.0,,,,,,,,,,,,,,,,False
2020-05-01,CE02SHBP-LJ01D-07-VEL3DC108,6,False,,,0,0,,1.0,,,,,,,,,,,,,,,,False
2020-05-02,CE02SHBP-LJ01D-07-VEL3DC108,6,False,,,0,0,,1.0,,,,,,,,,,,,,,,,False
2020-05-03,CE02SHBP-LJ01D-07-VEL3DC108,6,False,,,0,0,,1.0,,,,,,,,,,,,,,,,False
2020-05-04,CE02SHBP-LJ01D-07-VEL3DC108,6,False,,,0,0,,1.0,,,,,,,,,,,,,,,,False
2020-05-05,CE02SHBP-LJ01D-07-VEL3DC108,6,False,,,0,0,,1.0,,,,,,,,,,,,,,,,False
2020-05-06,CE02SHBP-LJ01D-07-VEL3DC108,6,False,,,0,0,,1.0,,,,,,,,,,,,,,,,False
2020-05-07,CE02SHBP-LJ01D-07-VEL3DC108,6,False,,,0,0,,1.0,,,,,,,,,,,,,,,,False
2020-05-08,CE02SHBP-LJ01D-07-VEL3DC108,6,False,,,0,0,,1.0,,,,,,,,,,,,,,,,False
2020-05-09,CE02SHBP-LJ01D-07-VEL3DC108,6,False,,,0,0,,1.0,,,,,,,,,,,,,,,,False
2020-05-10,CE02SHBP-LJ01D-07-VEL3DC108,6,False,,,0,0,,1.0,,,,,,,,,,,,,,,,False
2020-05-11,CE02SHBP-LJ01D-07-VEL3DC108,6,False,,,0,0,,1.0,,,,,,,,,,,,,,,,False
2020-05-12,CE02SHBP-LJ01D-07-VEL3DC108,6,False,,,0,0,,1.0,,,,,,,,,,,,,,,,False
2020-05-13,CE02SHBP-LJ01D-07-VEL3DC108,6,False,,,0,0,,1.0,,,,,,,,,,,,,,,,False
2020-05-14,CE02SHBP-LJ01D-07-VEL3DC108,6,False,,,0,0,,1.0,,,,,,,,,,,,,,,,False
2020-05-15,CE02SHBP-LJ01D-07-VEL3DC108,6,False,,,0,0,,1.0,,,,,,,,,,,,,,,,False
2020-05-16,CE02SHBP-LJ01D-07-VEL3DC108,6,False,,,0,0,,1.0,,,,,,,,,,,,,,,,False
2020-05-17,CE02SHBP-LJ01D-07-VEL3DC108,6,False,,,0,0,,1.0,,,,,,,,,,,,,,,,False
2020-05-18,CE02SHBP-LJ01D-07-VEL3DC108,6,False,,,0,0,,1.0,,,,,,,,,,,,,,,,False
2020-05-19,CE02SHBP-LJ01D-07-VEL3DC108,6,False,,,0,0,,1.0,,,,,,,,,,,,,,,,False
2020-05-20,CE02SHBP-LJ01D-07-VEL3DC108,6,False,,,0,0,,1.0,,,,,,,,,,,,,,,,False
2020-05-21,CE02SHBP-LJ01D-07-VEL3DC108,6,False,,,0,0,,1.0,,,,,,,,,,,,,,,,False
2020-05-22,CE02SHBP-LJ01D-07-VEL3DC108,6,False,,,0,0,,1.0,,,,,,,,,,,,,,,,False
2020-05-23,CE02SHBP-LJ01D-07-VEL3DC108,6,False,,,0,0,,1.0,,,,,,,,,,,,,,,,False
2020-05-24,CE02SHBP-LJ01D-07-VEL3DC108,6,False,,,0,0,,1.0,,,,,,,,,,,,,,,,False
2020-05-25,CE02SHBP-LJ01D-07-VEL3DC108,6,False,,,0,0,,1.0,,,,,,,,,,,,,,,,False
2020-05-26,CE02SHBP-LJ01D-07-VEL3DC108,6,False,,,0,0,,1.0,,,,,,,,,,,,,,,,False
2020-05-27,CE02SHBP-LJ01D-07-VEL3DC108,6,False,,,0,0,,1.0,,,,,,,,,,,,,,,,False
2020-05-28,CE02SHBP-LJ01D-07-VEL3DC108,6,False,,,0,0,,1.0,,,,,,,,,,,,,,,,False
2020-05-29,CE02SHBP-LJ01D-07-VEL3DC108,6,False,,,0,0,,1.0,,,,,,,,,,,,,,,,False
2020-05-30,CE02SHBP-LJ01D-07-VEL3DC108,6,False,,,0,0,,1.0,,,,,,,,,,,,,,,,False
2020-05-31,CE02SHBP-LJ01D-07-VEL3DC108,6,False,,,0,0,,1.0,,,,,,,,,,,,,,,,False
2020-06-01,CE02SHBP-LJ01D-07-VEL3DC108,6,False,,,0,0,,1.0,,,,,,,,,,,,,,,,False
2020-06-02,CE02SHBP-LJ01D-07-VEL3DC108,6,False,,,0,0,,1.0,,,,,,,,,,,,,,,,False
2020-06-03,CE02SHBP-LJ01D-07-VEL3DC108,6,False,,,0,0,,1.0,,,,,,,,,,,,,,,,False
2020-06-04,CE02SHBP-LJ01D-07-VEL3DC108,6,False,,,0,0,,1.0,,,,,,,,,,,,,,,,False
2020-06-05,CE02SHBP-LJ01D-07-VEL3DC108,6,False,,,0,0,,1.0,,,,,,,,,,,,,,,,False
2020-06-06,CE02SHBP-LJ01D-07-VEL3DC108,6,False,,,0,0,,1.0,,,,,,,,,,,,,,,,False
2020-06-07,CE02SHBP-LJ01D-07-VEL3DC108,6,False,,,0,0,,1.0,,,,,,,,,,,,,,,,False
2020-06-08,CE02SHBP-LJ01D-07-VEL3DC108,6,False,,,0,0,,1.0,,,,,,,,,,,,,,,,False
2020-06-09,CE02SHBP-LJ01D-07-VEL3DC108,6,False,,,0,0,,1.0,,,,,,,,,,,,,,,,False
2020-06-10,CE02SHBP-LJ01D-07-VEL3DC108,6,False,,,0,0,,1.0,,,,,,,,,,,,,,,,False
2020-06-11,CE02SHBP-LJ01D-07-VEL3DC108,6,False,,,0,0,,1.0,,,,,,,,,,,,,,,,False
2020-06-12,CE02SHBP-LJ01D-07-VEL3DC108,6,False,,,0,0,,1.0,,,,,,,,,,,,,,,,False
2020-06-13,CE02SHBP-LJ01D-07-VEL3DC108,6,False,,,0,0,,1.0,,,,,,,,,,,,,,,,False
2020-06-14,CE02SHBP-LJ01D-07-VEL3DC108,6,False,,,0,0,,1.0,,,,,,,,,,,,,,,,False
2020-06-15,CE02SHBP-LJ01D-07-VEL3DC108,6,False,,,0,0,,1.0,,,,,,,,,,,,,,,,False
2020-06-16,CE02SHBP-LJ01D-07-VEL3DC108,6,False,,,0,0,,1.0,,,,,,,,,,,,,,,,False
2020-06-17,CE02SHBP-LJ01D-07-VEL3DC108,6,False,,,0,0,,1.0,,,,,,,,,,,,,,,,False
2020-06-18,CE02SHBP-LJ01D-07-VEL3DC108,6,False,,,0,0,,1.0,,,,,,,,,,,,,,,,False
2020-06-19,CE02SHBP-LJ01D-07-VEL3DC108,6,False,,,0,0,,1.0,,,,,,,,,,,,,,,,False
2020-06-20,CE02SHBP-LJ01D-07-VEL3DC108,6,False,,,0,0,,1.0,,,,,,,,,,,,,,,,False
2020-06-21,CE02SHBP-LJ01D-07-VEL3DC108,6,False,,,0,0,,1.0,,,,,,,,,,,,,,,,False
2020-06-22,CE02SHBP-LJ01D-07-VEL3DC108,6,False,,,0,0,,1.0,,,,,,,,,,,,,,,,False
2020-06-23,CE02SHBP-LJ01D-07-VEL3DC108,6,False,,,0,0,,1.0,,,,,,,,,,,,,,,,False
2020-06-24,CE02SHBP-LJ01D-07-VEL3DC108,6,False,,,0,0,,1.0,,,,,,,,,,,,,,,,False
2020-06-25,CE02SHBP-LJ01D-07-VEL3DC108,6,False,,,0,0,,1.0,,,,,,,,,,,,,,,,False
2020-06-26,CE02SHBP-LJ01D-07-VEL3DC108,6,False,,,0,0,,1.0,,,,,,,,,,,,,,,,False
2020-06-27,CE02SHBP-LJ01D-07-VEL3DC108,6,False,,,0,0,,1.0,,,,,,,,,,,,,,,,False
2020-06-28,CE02SHBP-LJ01D-07-VEL3DC108,6,False,,,0,0,,1.0,,,,,,,,,,,,,,,,False
2020-06-29,CE02SHBP-LJ01D-07-VEL3DC108,6,False,,,0,0,,1.0,,,,,,,,,,,,,,,,False
2020-06-30,CE02SHBP-LJ01D-07-VEL3DC108,6,False,,,0,0,,1.0,,,,,,,,,,,,,,,,False
2020-07-01,CE02SHBP-LJ01D-07-VEL3DC108,6,False,,,0,0,,1.0,,,,,,,,,,,,,,,,False
2020-07-02,CE02SHBP-LJ01D-07-VEL3DC108,6,False,,,0,0,,1.0,,,,,,,,,,,,,,,,False
2020-07-03,CE02SHBP-LJ01D-07-VEL3DC108,6,False,,,0,0,,1.0,,,,,,,,,,,,,,,,False
2020-07-04,CE02SHBP-LJ01D-07-VEL3DC108,6,False,,,0,0,,1.0,,,,,,,,,,,,,,,,False
2020-07-05,CE02SHBP-LJ01D-07-VEL3DC108,6,False,,,0,0,,1.0,,,,,,,,,,,,,,,,False
2020-07-06,CE02SHBP-LJ01D-07-VEL3DC108,6,False,,,0,0,,1.0,,,,,,,,,,,,,,,,False
2020-07-07,CE02SHBP-LJ01D-07-VEL3DC108,6,False,,,0,0,,1.0,,,,,,,,,,,,,,,,False
2020-07-08,CE02SHBP-LJ01D-07-VEL3DC108,6,False,,,0,0,,1.0,,,,,,,,,,,,,,,,False
2020-07-09,CE02SHBP-LJ01D-07-VEL3DC108,6,False,,,0,0,,1.0,,,,,,,,,,,,,,,,False
2020-07-10,CE02SHBP-LJ01D-07-VEL3DC108,6,False,,,0,0,,1.0,,,,,,,,,,,,,,,,False
2020-07-11,CE02SHBP-LJ01D-07-VEL3DC108,6,False,,,0,0,,1.0,,,,,,,,,,,,,,,,False
2020-07-12,CE02SHBP-LJ01D-07-VEL3DC108,6,False,,,0,0,,1.0,,,,,,,,,,,,,,,,False
2020-07-13,CE02SHBP-LJ01D-07-VEL3DC108,6,False,,,0,0,,1.0,,,,,,,,,,,,,,,,False
2020-07-14,CE02SHBP-LJ01D-07-VEL3DC108,6,False,,,0,0,,1.0,,,,,,,,,,,,,,,,False
2020-07-15,CE02SHBP-LJ01D-07-VEL3DC108,6,False,,,0,0,,1.0,,,,,,,,,,,,,,,,False
2020-07-16,CE02SHBP-LJ01D-07-VEL3DC108,6,False,,,0,0,,1.0,,,,,,,,,,,,,,,,False
2020-07-17,CE02SHBP-LJ01D-07-VEL3DC108,6,False,,,0,0,,1.0,,,,,,,,,,,,,,,,False
2020-07-18,CE02SHBP-LJ01D-07-VEL3DC108,6,False,,,0,0,,1.0,,,,,,,,,,,,,,,,False
2020-07-19,CE02SHBP-LJ01D-07-VEL3DC108,6,False,,,0,0,,1.0,,,,,,,,,,,,,,,,False
2020-07-20,CE02SHBP-LJ01D-07-VEL3DC108,6,False,,,0,0,,1.0,,,,,,,,,,,,,,,,False
2020-07-21,CE02SHBP-LJ01D-07-VEL3DC108,6,False,,,0,0,,1.0,,,,,,,,,,,,,,,,False
2020-07-22,CE02SHBP-LJ01D-07-VEL3DC108,6,False,,,0,0,,1.0,,,,,,,,,,,,,,,,False
2020-07-23,CE02SHBP-LJ01D-07-VEL3DC108,6,False,,,0,0,,1.0,,,,,,,,,,,,,,,,False
2020-07-24,CE02SHBP-LJ01D-07-VEL3DC108,6,False,,,0,0,,1.0,,,,,,,,,,,,,,,,False
2020-07-25,CE02SHBP-LJ01D-07-VEL3DC108,6,False,,,0,0,,1.0,,,,,,,,,,,,,,,,False
2020-07-26,CE02SHBP-LJ01D-07-VEL3DC108,6,False,,,0,0,,1.0,,,,,,,,,,,,,,,,False
2020-07-27,CE02SHBP-LJ01D-07-VEL3DC108,6,False,,,0,0,,1.0,,,,,,,,,,,,,,,,False
2020-07-28,CE02SHBP-LJ01D-07-VEL3DC108,6,False,,,0,0,,1.0,,,,,,,,,,,,,,,,False
2020-07-29,CE02SHBP-LJ01D-07-VEL3DC108,6,False,,,0,0,,1.0,,,,,,,,,,,,,,,,False
2020-07-30,CE02SHBP-LJ01D-07-VEL3DC108,6,False,,,0,0,,1.0,,,,,,,,,,,,,,,,False
2020-07-31,CE02SHBP-LJ01D-07-VEL3DC108,6,False,,,0,0,,1.0,,,,,,,,,,,,,,,,False
2020-08-01,CE02SHBP-LJ01D-07-VEL3DC108,6,False,,,0,0,,1.0,,,,,,,,,,,,,,,,False
2020-08-02,CE02SHBP-LJ01D-07-VEL3DC108,6,False,,,0,0,,1.0,,,,,,,,,,,,,,,,False
2020-08-03,CE02SHBP-LJ01D-07-VEL3DC108,6,False,,,0,0,,1.0,,,,,,,,,,,,,,,,False
2020-08-04,CE02SHBP-LJ01D-07-VEL3DC108,6,False,,,0,0,,1.0,,,,,,,,,,,,,,,,False
2020-08-05,CE02SHBP-LJ01D-07-VEL3DC108,6,False,,,0,0,,1.0,,,,,,,,,,,,,,,,False
2020-08-06,CE02SHBP-LJ01D-07-VEL3DC108,6,False,,,0,0,,1.0,,,,,,,,,,,,,,,,False
2020-08-07,CE02SHBP-LJ01D-07-VEL3DC108,6,False,,,0,0,,1.0,,,,,,,,,,,,,,,,False
2020-08-08,CE02SHBP-LJ01D-07-VEL3DC108,6,False,,,0,0,,1.0,,,,,,,,,,,,,,,,False
2020-08-09,CE02SHBP-LJ01D-07-VEL3DC108,6,False,,,0,0,,1.0,,,,,,,,,,,,,,,,False
2020-08-10,CE02SHBP-LJ01D-07-VEL3DC108,6,False,,,0,0,,1.0,,,,,,,,,,,,,,,,False
2020-08-11,CE02SHBP-LJ01D-07-VEL3DC108,6,False,,,0,0,,1.0,,,,,,,,,,,,,,,,False
2020-08-12,CE02SHBP-LJ01D-07-VEL3DC108,6,False,,,0,0,,1.0,,,,,,,,,,,,,,,,False
2020-08-13,CE02SHBP-LJ01D-07-VEL3DC108,0,False,,,0,0,,,,,,,,,,,,,,,,,,False
2020-08-14,CE02SHBP-LJ01D-07-VEL3DC108,0,False,,,0,0,,,,,,,,,,,,,,,,,,False
2020-08-15,CE02SHBP-LJ01D-07-VEL3DC108,0,False,,,0,0,,,,,,,,,,,,,,,,,,False
2020-08-16,CE02SHBP-LJ01D-07-VEL3DC108,0,False,,,0,0,,,,,,,,,,,,,,,,,,False
2020-08-17,CE02SHBP-LJ01D-07-VEL3DC108,0,False,,,0,0,,,,,,,,,,,,,,,,,,False
2020-08-18,CE02SHBP-LJ01D-07-VEL3DC108,0,False,,,0,0,,,,,,,,,,,,,,,,,,False
2020-08-19,CE02SHBP-LJ01D-07-VEL3DC108,0,False,,,0,0,,,,,,,,,,,,,,,,,,False
2020-08-20,CE02SHBP-LJ01D-07-VEL3DC108,0,False,,,0,0,,,,,,,,,,,,,,,,,,False
2020-08-21,CE02SHBP-LJ01D-07-VEL3DC108,0,False,,,0,0,,,,,,,,,,,,,,,,,,False
2020-08-22,CE02SHBP-LJ01D-07-VEL3DC108,0,False,,,0,0,,,,,,,,,,,,,,,,,,False
2020-08-23,CE02SHBP-LJ01D-07-VEL3DC108,0,False,,,0,0,,,,,,,,,,,,,,,,,,False
2020-08-24,CE02SHBP-LJ01D-07-VEL3DC108,0,False,,,0,0,,,,,,,,,,,,,,,,,,False
2020-08-25,CE02SHBP-LJ01D-07-VEL3DC108,7,False,,,0,0,,1.0,,,,,,,,,,,,,,,,False
2020-08-26,CE02SHBP-LJ01D-07-VEL3DC108,7,False,,,0,0,,1.0,,,,,,,,,,,,,,,,False
2020-08-27,CE02SHBP-LJ01D-07-VEL3DC108,7,False,,,0,0,,1.0,,,,,,,,,,,,,,,,False
2020-08-28,CE02SHBP-LJ01D-07-VEL3DC108,7,False,,,0,0,,1.0,,,,,,,,,,,,,,,,False
2020-08-29,CE02SHBP-LJ01D-07-VEL3DC108,7,False,,,0,0,,1.0,,,,,,,,,,,,,,,,False
2020-08-30,CE02SHBP-LJ01D-07-VEL3DC108,7,False,,,0,0,,1.0,,,,,,,,,,,,,,,,False
2020-08-31,CE02SHBP-LJ01D-07-VEL3DC108,7,False,,,0,0,,1.0,,,,,,,,,,,,,,,,False
2020-09-01,CE02SHBP-LJ01D-07-VEL3DC108,7,False,,,0,0,,1.0,,,,,,,,,,,,,,,,False
2020-09-02,CE02SHBP-LJ01D-07-VEL3DC108,7,False,,,0,0,,1.0,,,,,,,,,,,,,,,,False
2020-09-03,CE02SHBP-LJ01D-07-VEL3DC108,7,False,,,0,0,,1.0,,,,,,,,,,,,,,,,False
2020-09-04,CE02SHBP-LJ01D-07-VEL3DC108,7,False,,,0,0,,1.0,,,,,,,,,,,,,,,,False
2020-09-05,CE02SHBP-LJ01D-07-VEL3DC108,7,False,,,0,0,,1.0,,,,,,,,,,,,,,,,False
2020-09-06,CE02SHBP-LJ01D-07-VEL3DC108,7,False,,,0,0,,1.0,,,,,,,,,,,,,,,,False
2020-09-07,CE02SHBP-LJ01D-07-VEL3DC108,7,False,,,0,0,,1.0,,,,,,,,,,,,,,,,False
2020-09-08,CE02SHBP-LJ01D-07-VEL3DC108,7,False,,,0,0,,1.0,,,,,,,,,,,,,,,,False
2020-09-09,CE02SHBP-LJ01D-07-VEL3DC108,7,False,,,0,0,,1.0,,,,,,,,,,,,,,,,False
2020-09-10,CE02SHBP-LJ01D-07-VEL3DC108,7,False,,,0,0,,1.0,,,,,,,,,,,,,,,,False
2020-09-11,CE02SHBP-LJ01D-07-VEL3DC108,7,False,,,0,0,,1.0,,,,,,,,,,,,,,,,False
2020-09-12,CE02SHBP-LJ01D-07-VEL3DC108,7,False,,,0,0,,1.0,,,,,,,,,,,,,,,,False
2020-09-13,CE02SHBP-LJ01D-07-VEL3DC108,7,False,,,0,0,,1.0,,,,,,,,,,,,,,,,False
2020-09-14,CE02SHBP-LJ01D-07-VEL3DC108,7,False,,,0,0,,1.0,,,,,,,,,,,,,,,,False
2020-09-15,CE02SHBP-LJ01D-07-VEL3DC108,7,False,,,0,0,,1.0,,,,,,,,,,,,,,,,False
2020-09-16,CE02SHBP-LJ01D-07-VEL3DC108,7,False,,,0,0,,1.0,,,,,,,,,,,,,,,,False
2020-09-17,CE02SHBP-LJ01D-07-VEL3DC108,7,False,,,0,0,,1.0,,,,,,,,,,,,,,,,False
2020-09-18,CE02SHBP-LJ01D-07-VEL3DC108,7,False,,,0,0,,1.0,,,,,,,,,,,,,,,,False
2020-09-19,CE02SHBP-LJ01D-07-VEL3DC108,7,False,,,0,0,,1.0,,,,,,,,,,,,,,,,False
2020-09-20,CE02SHBP-LJ01D-07-VEL3DC108,7,False,,,0,0,,1.0,,,,,,,,,,,,,,,,False
2020-09-21,CE02SHBP-LJ01D-07-VEL3DC108,7,False,,,0,0,,1.0,,,,,,,,,,,,,,,,False
2020-09-22,CE02SHBP-LJ01D-07-VEL3DC108,7,False,,,0,0,,1.0,,,,,,,,,,,,,,,,False
2020-09-23,CE02SHBP-LJ01D-07-VEL3DC108,7,False,,,0,0,,1.0,,,,,,,,,,,,,,,,False
2020-09-24,CE02SHBP-LJ01D-07-VEL3DC108,7,False,,,0,0,,1.0,,,,,,,,,,,,,,,,False
2020-09-25,CE02SHBP-LJ01D-07-VEL3DC108,7,False,,,0,0,,1.0,,,,,,,,,,,,,,,,False
2020-09-26,CE02SHBP-LJ01D-07-VEL3DC108,7,False,,,0,0,,1.0,,,,,,,,,,,,,,,,False
2020-09-27,CE02SHBP-LJ01D-07-VEL3DC108,7,False,,,0,0,,1.0,,,,,,,,,,,,,,,,False
2020-09-28,CE02SHBP-LJ01D-07-VEL3DC108,7,False,,,0,0,,1.0,,,,,,,,,,,,,,,,False
2020-09-29,CE02SHBP-LJ01D-07-VEL3DC108,7,False,,,0,0,,1.0,,,,,,,,,,,,,,,,False
2020-09-30,CE02SHBP-LJ01D-07-VEL3DC108,7,False,,,0,0,,1.0,,,,,,,,,,,,,,,,False
2020-10-01,CE02SHBP-LJ01D-07-VEL3DC108,7,False,,,0,0,,1.0,,,,,,,,,,,,,,,,False
2020-10-02,CE02SHBP-LJ01D-07-VEL3DC108,7,False,,,0,0,,1.0,,,,,,,,,,,,,,,,False
2020-10-03,CE02SHBP-LJ01D-07-VEL3DC108,7,False,,,0,0,,1.0,,,,,,,,,,,,,,,,False
2020-10-04,CE02SHBP-LJ01D-07-VEL3DC108,7,False,,,0,0,,1.0,,,,,,,,,,,,,,,,False
2020-10-05,CE02SHBP-LJ01D-07-VEL3DC108,7,False,,,0,0,,1.0,,,,,,,,,,,,,,,,False
2020-10-06,CE02SHBP-LJ01D-07-VEL3DC108,7,False,,,0,0,,1.0,,,,,,,,,,,,,,,,False
2020-10-07,CE02SHBP-LJ01D-07-VEL3DC108,7,False,,,0,0,,1.0,,,,,,,,,,,,,,,,False
2020-10-08,CE02SHBP-LJ01D-07-VEL3DC108,7,False,,,0,0,,1.0,,,,,,,,,,,,,,,,False
2020-10-09,CE02SHBP-LJ01D-07-VEL3DC108,7,False,,,0,0,,1.0,,,,,,,,,,,,,,,,False
2020-10-10,CE02SHBP-LJ01D-07-VEL3DC108,7,False,,,0,0,,1.0,,,,,,,,,,,,,,,,False
2020-10-11,CE02SHBP-LJ01D-07-VEL3DC108,7,False,,,0,0,,1.0,,,,,,,,,,,,,,,,False
2020-10-12,CE02SHBP-LJ01D-07-VEL3DC108,7,False,,,0,0,,1.0,,,,,,,,,,,,,,,,False
2020-10-13,CE02SHBP-LJ01D-07-VEL3DC108,7,False,,,0,0,,1.0,,,,,,,,,,,,,,,,False
2020-10-14,CE02SHBP-LJ01D-07-VEL3DC108,7,False,,,0,0,,1.0,,,,,,,,,,,,,,,,False
2020-10-15,CE02SHBP-LJ01D-07-VEL3DC108,7,False,,,0,0,,1.0,,,,,,,,,,,,,,,,False
2020-10-16,CE02SHBP-LJ01D-07-VEL3DC108,7,False,,,0,0,,1.0,,,,,,,,,,,,,,,,False
2020-10-17,CE02SHBP-LJ01D-07-VEL3DC108,7,False,,,0,0,,1.0,,,,,,,,,,,,,,,,False
2020-10-18,CE02SHBP-LJ01D-07-VEL3DC108,7,False,,,0,0,,1.0,,,,,,,,,,,,,,,,False
2020-10-19,CE02SHBP-LJ01D-07-VEL3DC108,7,False,,,0,0,,1.0,,,,,,,,,,,,,,,,False
2020-10-20,CE02SHBP-LJ01D-07-VEL3DC108,7,False,,,0,0,,1.0,,,,,,,,,,,,,,,,False
2020-10-21,CE02SHBP-LJ01D-07-VEL3DC108,7,False,,,0,0,,1.0,,,,,,,,,,,,,,,,False
2020-10-22,CE02SHBP-LJ01D-07-VEL3DC108,7,False,,,0,0,,1.0,,,,,,,,,,,,,,,,False
2020-10-23,CE02SHBP-LJ01D-07-VEL3DC108,7,False,,,0,0,,1.0,,,,,,,,,,,,,,,,False
2020-10-24,CE02SHBP-LJ01D-07-VEL3DC108,7,False,,,0,0,,1.0,,,,,,,,,,,,,,,,False
2020-10-25,CE02SHBP-LJ01D-07-VEL3DC108,7,False,,,0,0,,1.0,,,,,,,,,,,,,,,,False
2020-10-26,CE02SHBP-LJ01D-07-VEL3DC108,7,False,,,0,0,,1.0,,,,,,,,,,,,,,,,False
2020-10-27,CE02SHBP-LJ01D-07-VEL3DC108,7,False,,,0,0,,1.0,,,,,,,,,,,,,,,,False
2020-10-28,CE02SHBP-LJ01D-07-VEL3DC108,7,False,,,0,0,,1.0,,,,,,,,,,,,,,,,False
2020-10-29,CE02SHBP-LJ01D-07-VEL3DC108,7,False,,,0,0,,1.0,,,,,,,,,,,,,,,,False
2020-10-30,CE02SHBP-LJ01D-07-VEL3DC108,7,False,,,0,0,,1.0,,,,,,,,,,,,,,,,False
2020-10-31,CE02SHBP-LJ01D-07-VEL3DC108,7,False,,,0,0,,1.0,,,,,,,,,,,,,,,,False
2020-11-01,CE02SHBP-LJ01D-07-VEL3DC108,7,False,,,0,0,,1.0,,,,,,,,,,,,,,,,False
2020-11-02,CE02SHBP-LJ01D-07-VEL3DC108,7,False,,,0,0,,1.0,,,,,,,,,,,,,,,,False
2020-11-03,CE02SHBP-LJ01D-07-VEL3DC108,7,False,,,0,0,,1.0,,,,,,,,,,,,,,,,False
2020-11-04,CE02SHBP-LJ01D-07-VEL3DC108,7,False,,,0,0,,1.0,,,,,,,,,,,,,,,,False
2020-11-05,CE02SHBP-LJ01D-07-VEL3DC108,7,False,,,0,0,,1.0,,,,,,,,,,,,,,,,False
2020-11-06,CE02SHBP-LJ01D-07-VEL3DC108,7,False,,,0,0,,1.0,,,,,,,,,,,,,,,,False
2020-11-07,CE02SHBP-LJ01D-07-VEL3DC108,7,False,,,0,0,,1.0,,,,,,,,,,,,,,,,False
2020-11-08,CE02SHBP-LJ01D-07-VEL3DC108,7,False,,,0,0,,1.0,,,,,,,,,,,,,,,,False
2020-11-09,CE02SHBP-LJ01D-07-VEL3DC108,7,False,,,0,0,,1.0,,,,,,,,,,,,,,,,False
2020-11-10,CE02SHBP-LJ01D-07-VEL3DC108,7,False,,,0,0,,1.0,,,,,,,,,,,,,,,,False
2020-11-11,CE02SHBP-LJ01D-07-VEL3DC108,7,False,,,0,0,,1.0,,,,,,,,,,,,,,,,False
2020-11-12,CE02SHBP-LJ01D-07-VEL3DC108,7,False,,,0,0,,1.0,,,,,,,,,,,,,,,,False
2020-11-13,CE02SHBP-LJ01D-07-VEL3DC108,7,False,,,0,0,,1.0,,,,,,,,,,,,,,,,False
2020-11-14,CE02SHBP-LJ01D-07-VEL3DC108,7,False,,,0,0,,1.0,,,,,,,,,,,,,,,,False
2020-11-15,CE02SHBP-LJ01D-07-VEL3DC108,7,False,,,0,0,,1.0,,,,,,,,,,,,,,,,False
2020-11-16,CE02SHBP-LJ01D-07-VEL3DC108,7,False,,,0,0,,1.0,,,,,,,,,,,,,,,,False
2020-11-17,CE02SHBP-LJ01D-07-VEL3DC108,7,False,,,0,0,,1.0,,,,,,,,,,,,,,,,False
2020-11-18,CE02SHBP-LJ01D-07-VEL3DC108,7,False,,,0,0,,1.0,,,,,,,,,,,,,,,,False
2020-11-19,CE02SHBP-LJ01D-07-VEL3DC108,7,False,,,0,0,,1.0,,,,,,,,,,,,,,,,False
2020-11-20,CE02SHBP-LJ01D-07-VEL3DC108,7,False,,,0,0,,1.0,,,,,,,,,,,,,,,,False
2020-11-21,CE02SHBP-LJ01D-07-VEL3DC108,7,False,,,0,0,,1.0,,,,,,,,,,,,,,,,False
2020-11-22,CE02SHBP-LJ01D-07-VEL3DC108,7,False,,,0,0,,1.0,,,,,,,,,,,,,,,,False
2020-11-23,CE02SHBP-LJ01D-07-VEL3DC108,7,False,,,0,0,,1.0,,,,,,,,,,,,,,,,False
2020-11-24,CE02SHBP-LJ01D-07-VEL3DC108,7,False,,,0,0,,1.0,,,,,,,,,,,,,,,,False
2020-11-25,CE02SHBP-LJ01D-07-VEL3DC108,7,False,,,0,0,,1.0,,,,,,,,,,,,,,,,False
2020-11-26,CE02SHBP-LJ01D-07-VEL3DC108,7,False,,,0,0,,1.0,,,,,,,,,,,,,,,,False
2020-11-27,CE02SHBP-LJ01D-07-VEL3DC108,7,False,,,0,0,,1.0,,,,,,,,,,,,,,,,False
2020-11-28,CE02SHBP-LJ01D-07-VEL3DC108,7,False,,,0,0,,1.0,,,,,,,,,,,,,,,,False
2020-11-29,CE02SHBP-LJ01D-07-VEL3DC108,7,False,,,0,0,,1.0,,,,,,,,,,,,,,,,False
2020-11-30,CE02SHBP-LJ01D-07-VEL3DC108,7,False,,,0,0,,1.0,,,,,,,,,,,,,,,,False
2020-12-01,CE02SHBP-LJ01D-07-VEL3DC108,7,False,,,0,0,,1.0,,,,,,,,,,,,,,,,False
2020-12-02,CE02SHBP-LJ01D-07-VEL3DC108,7,False,,,0,0,,1.0,,,,,,,,,,,,,,,,False
2020-12-03,CE02SHBP-LJ01D-07-VEL3DC108,7,False,,,0,0,,1.0,,,,,,,,,,,,,,,,False
2020-12-04,CE02SHBP-LJ01D-07-VEL3DC108,7,False,,,0,0,,1.0,,,,,,,,,,,,,,,,False
2020-12-05,CE02SHBP-LJ01D-07-VEL3DC108,7,False,,,0,0,,1.0,,,,,,,,,,,,,,,,False
2020-12-06,CE02SHBP-LJ01D-07-VEL3DC108,7,False,,,0,0,,1.0,,,,,,,,,,,,,,,,False
2020-12-07,CE02SHBP-LJ01D-07-VEL3DC108,7,False,,,0,0,,1.0,,,,,,,,,,,,,,,,False
2020-12-08,CE02SHBP-LJ01D-07-VEL3DC108,7,False,,,0,0,,1.0,,,,,,,,,,,,,,,,False
2020-12-09,CE02SHBP-LJ01D-07-VEL3DC108,7,False,,,0,0,,1.0,,,,,,,,,,,,,,,,False
2020-12-10,CE02SHBP-LJ01D-07-VEL3DC108,7,False,,,0,0,,1.0,,,,,,,,,,,,,,,,False
2020-12-11,CE02SHBP-LJ01D-07-VEL3DC108,7,False,,,0,0,,1.0,,,,,,,,,,,,,,,,False
2020-12-12,CE02SHBP-LJ01D-07-VEL3DC108,7,False,,,0,0,,1.0,,,,,,,,,,,,,,,,False
2020-12-13,CE02SHBP-LJ01D-07-VEL3DC108,7,False,,,0,0,,1.0,,,,,,,,,,,,,,,,False
2020-12-14,CE02SHBP-LJ01D-07-VEL3DC108,7,False,,,0,0,,1.0,,,,,,,,,,,,,,,,False
2020-12-15,CE02SHBP-LJ01D-07-VEL3DC108,7,False,,,0,0,,1.0,,,,,,,,,,,,,,,,False
2020-12-16,CE02SHBP-LJ01D-07-VEL3DC108,7,False,,,0,0,,1.0,,,,,,,,,,,,,,,,False
2020-12-17,CE02SHBP-LJ01D-07-VEL3DC108,7,False,,,0,0,,1.0,,,,,,,,,,,,,,,,False
2020-12-18,CE02SHBP-LJ01D-07-VEL3DC108,7,False,,,0,0,,1.0,,,,,,,,,,,,,,,,False
2020-12-19,CE02SHBP-LJ01D-07-VEL3DC108,7,False,,,0,0,,1.0,,,,,,,,,,,,,,,,False
2020-12-20,CE02SHBP-LJ01D-07-VEL3DC108,7,False,,,0,0,,1.0,,,,,,,,,,,,,,,,False
2020-12-21,CE02SHBP-LJ01D-07-VEL3DC108,7,False,,,0,0,,1.0,,,,,,,,,,,,,,,,False
2020-12-22,CE02SHBP-LJ01D-07-VEL3DC108,7,False,,,0,0,,1.0,,,,,,,,,,,,,,,,False
2020-12-23,CE02SHBP-LJ01D-07-VEL3DC108,7,False,,,0,0,,1.0,,,,,,,,,,,,,,,,False
2020-12-24,CE02SHBP-LJ01D-07-VEL3DC108,7,False,,,0,0,,1.0,,,,,,,,,,,,,,,,False
2020-12-25,CE02SHBP-LJ01D-07-VEL3DC108,7,False,,,0,0,,1.0,,,,,,,,,,,,,,,,False
2020-12-26,CE02SHBP-LJ01D-07-VEL3DC108,7,False,,,0,0,,1.0,,,,,,,,,,,,,,,,False
2020-12-27,CE02SHBP-LJ01D-07-VEL3DC108,7,False,,,0,0,,1.0,,,,,,,,,,,,,,,,False
2020-12-28,CE02SHBP-LJ01D-07-VEL3DC108,7,False,,,0,0,,1.0,,,,,,,,,,,,,,,,False
2020-12-29,CE02SHBP-LJ01D-07-VEL3DC108,7,False,,,0,0,,1.0,,,,,,,,,,,,,,,,False
2020-12-30,CE02SHBP-LJ01D-07-VEL3DC108,7,False,,,0,0,,1.0,,,,,,,,,,,,,,,,False
2020-12-31,CE02SHBP-LJ01D-07-VEL3DC108,7,False,,,0,0,,1.0,,,,,,,,,,,,,,,,False
2021-01-01,CE02SHBP-LJ01D-07-VEL3DC108,7,False,,,0,0,,1.0,,,,,,,,,,,,,,,,False
2021-01-02,CE02SHBP-LJ01D-07-VEL3DC108,7,False,,,0,0,,1.0,,,,,,,,,,,,,,,,False
2021-01-03,CE02SHBP-LJ01D-07-VEL3DC108,7,False,,,0,0,,1.0,,,,,,,,,,,,,,,,False
2021-01-04,CE02SHBP-LJ01D-07-VEL3DC108,7,False,,,0,0,,1.0,,,,,,,,,,,,,,,,False
2021-01-05,CE02SHBP-LJ01D-07-VEL3DC108,7,False,,,0,0,,1.0,,,,,,,,,,,,,,,,False
2021-01-06,CE02SHBP-LJ01D-07-VEL3DC108,7,False,,,0,0,,1.0,,,,,,,,,,,,,,,,False
2021-01-07,CE02SHBP-LJ01D-07-VEL3DC108,7,False,,,0,0,,1.0,,,,,,,,,,,,,,,,False
2021-01-08,CE02SHBP-LJ01D-07-VEL3DC108,7,False,,,0,0,,1.0,,,,,,,,,,,,,,,,False
2021-01-09,CE02SHBP-LJ01D-07-VEL3DC108,7,False,,,0,0,,1.0,,,,,,,,,,,,,,,,False
2021-01-10,CE02SHBP-LJ01D-07-VEL3DC108,7,False,,,0,0,,1.0,,,,,,,,,,,,,,,,False
2021-01-11,CE02SHBP-LJ01D-07-VEL3DC108,7,False,,,0,0,,1.0,,,,,,,,,,,,,,,,False
2021-01-12,CE02SHBP-LJ01D-07-VEL3DC108,7,False,,,0,0,,1.0,,,,,,,,,,,,,,,,False
2021-01-13,CE02SHBP-LJ01D-07-VEL3DC108,7,False,,,0,0,,1.0,,,,,,,,,,,,,,,,False
2021-01-14,CE02SHBP-LJ01D-07-VEL3DC108,7,False,,,0,0,,1.0,,,,,,,,,,,,,,,,False
2021-01-15,CE02SHBP-LJ01D-07-VEL3DC108,7,False,,,0,0,,1.0,,,,,,,,,,,,,,,,False
2021-01-16,CE02SHBP-LJ01D-07-VEL3DC108,7,False,,,0,0,,1.0,,,,,,,,,,,,,,,,False
2021-01-17,CE02SHBP-LJ01D-07-VEL3DC108,7,False,,,0,0,,1.0,,,,,,,,,,,,,,,,False
2021-01-18,CE02SHBP-LJ01D-07-VEL3DC108,7,False,,,0,0,,1.0,,,,,,,,,,,,,,,,False
2021-01-19,CE02SHBP-LJ01D-07-VEL3DC108,7,False,,,0,0,,1.0,,,,,,,,,,,,,,,,False
2021-01-20,CE02SHBP-LJ01D-07-VEL3DC108,7,False,,,0,0,,1.0,,,,,,,,,,,,,,,,False
2021-01-21,CE02SHBP-LJ01D-07-VEL3DC108,7,False,,,0,0,,1.0,,,,,,,,,,,,,,,,False
2021-01-22,CE02SHBP-LJ01D-07-VEL3DC108,7,False,,,0,0,,1.0,,,,,,,,,,,,,,,,False
2021-01-23,CE02SHBP-LJ01D-07-VEL3DC108,7,False,,,0,0,,1.0,,,,,,,,,,,,,,,,False
2021-01-24,CE02SHBP-LJ01D-07-VEL3DC108,7,False,,,0,0,,1.0,,,,,,,,,,,,,,,,False
2021-01-25,CE02SHBP-LJ01D-07-VEL3DC108,7,False,,,0,0,,1.0,,,,,,,,,,,,,,,,False
2021-01-26,CE02SHBP-LJ01D-07-VEL3DC108,7,False,,,0,0,,1.0,,,,,,,,,,,,,,,,False
2021-01-27,CE02SHBP-LJ01D-07-VEL3DC108,7,False,,,0,0,,1.0,,,,,,,,,,,,,,,,False
2021-01-28,CE02SHBP-LJ01D-07-VEL3DC108,7,False,,,0,0,,1.0,,,,,,,,,,,,,,,,False
2021-01-29,CE02SHBP-LJ01D-07-VEL3DC108,7,False,,,0,0,,1.0,,,,,,,,,,,,,,,,False
2021-01-30,CE02SHBP-LJ01D-07-VEL3DC108,7,False,,,0,0,,1.0,,,,,,,,,,,,,,,,False
2021-01-31,CE02SHBP-LJ01D-07-VEL3DC108,7,False,,,0,0,,1.0,,,,,,,,,,,,,,,,False
2021-02-01,CE02SHBP-LJ01D-07-VEL3DC108,7,False,,,0,0,,1.0,,,,,,,,,,,,,,,,False
2021-02-02,CE02SHBP-LJ01D-07-VEL3DC108,7,False,,,0,0,,1.0,,,,,,,,,,,,,,,,False
2021-02-03,CE02SHBP-LJ01D-07-VEL3DC108,7,False,,,0,0,,1.0,,,,,,,,,,,,,,,,False
2021-02-04,CE02SHBP-LJ01D-07-VEL3DC108,7,False,,,0,0,,1.0,,,,,,,,,,,,,,,,False
2021-02-05,CE02SHBP-LJ01D-07-VEL3DC108,7,False,,,0,0,,1.0,,,,,,,,,,,,,,,,False
2021-02-06,CE02SHBP-LJ01D-07-VEL3DC108,7,False,,,0,0,,1.0,,,,,,,,,,,,,,,,False
2021-02-07,CE02SHBP-LJ01D-07-VEL3DC108,7,False,,,0,0,,1.0,,,,,,,,,,,,,,,,False
2021-02-08,CE02SHBP-LJ01D-07-VEL3DC108,7,False,,,0,0,,1.0,,,,,,,,,,,,,,,,False
2021-02-09,CE02SHBP-LJ01D-07-VEL3DC108,7,False,,,0,0,,1.0,,,,,,,,,,,,,,,,False
2021-02-10,CE02SHBP-LJ01D-07-VEL3DC108,7,False,,,0,0,,1.0,,,,,,,,,,,,,,,,False
2021-02-11,CE02SHBP-LJ01D-07-VEL3DC108,7,False,,,0,0,,1.0,,,,,,,,,,,,,,,,False
2021-02-12,CE02SHBP-LJ01D-07-VEL3DC108,7,False,,,0,0,,1.0,,,,,,,,,,,,,,,,False
2021-02-13,CE02SHBP-LJ01D-07-VEL3DC108,7,False,,,0,0,,1.0,,,,,,,,,,,,,,,,False
2021-02-14,CE02SHBP-LJ01D-07-VEL3DC108,7,False,,,0,0,,1.0,,,,,,,,,,,,,,,,False
2021-02-15,CE02SHBP-LJ01D-07-VEL3DC108,7,False,,,0,0,,1.0,,,,,,,,,,,,,,,,False
2021-02-16,CE02SHBP-LJ01D-07-VEL3DC108,7,False,,,0,0,,1.0,,,,,,,,,,,,,,,,False
2021-02-17,CE02SHBP-LJ01D-07-VEL3DC108,7,False,,,0,0,,1.0,,,,,,,,,,,,,,,,False
2021-02-18,CE02SHBP-LJ01D-07-VEL3DC108,7,False,,,0,0,,1.0,,,,,,,,,,,,,,,,False
2021-02-19,CE02SHBP-LJ01D-07-VEL3DC108,7,False,,,0,0,,1.0,,,,,,,,,,,,,,,,False
2021-02-20,CE02SHBP-LJ01D-07-VEL3DC108,7,False,,,0,0,,1.0,,,,,,,,,,,,,,,,False
2021-02-21,CE02SHBP-LJ01D-07-VEL3DC108,7,False,,,0,0,,1.0,,,,,,,,,,,,,,,,False
2021-02-22,CE02SHBP-LJ01D-07-VEL3DC108,7,False,,,0,0,,1.0,,,,,,,,,,,,,,,,False
2021-02-23,CE02SHBP-LJ01D-07-VEL3DC108,7,False,,,0,0,,1.0,,,,,,,,,,,,,,,,False
2021-02-24,CE02SHBP-LJ01D-07-VEL3DC108,7,False,,,0,0,,1.0,,,,,,,,,,,,,,,,False
2021-02-25,CE02SHBP-LJ01D-07-VEL3DC108,7,False,,,0,0,,1.0,,,,,,,,,,,,,,,,False
2021-02-26,CE02SHBP-LJ01D-07-VEL3DC108,7,False,,,0,0,,1.0,,,,,,,,,,,,,,,,False
2021-02-27,CE02SHBP-LJ01D-07-VEL3DC108,7,False,,,0,0,,1.0,,,,,,,,,,,,,,,,False
2021-02-28,CE02SHBP-LJ01D-07-VEL3DC108,7,False,,,0,0,,1.0,,,,,,,,,,,,,,,,False
2021-03-01,CE02SHBP-LJ01D-07-VEL3DC108,7,False,,,0,0,,1.0,,,,,,,,,,,,,,,,False
2021-03-02,CE02SHBP-LJ01D-07-VEL3DC108,7,False,,,0,0,,1.0,,,,,,,,,,,,,,,,False
2021-03-03,CE02SHBP-LJ01D-07-VEL3DC108,7,False,,,0,0,,1.0,,,,,,,,,,,,,,,,False
2021-03-04,CE02SHBP-LJ01D-07-VEL3DC108,7,False,,,0,0,,1.0,,,,,,,,,,,,,,,,False
2021-03-05,CE02SHBP-LJ01D-07-VEL3DC108,7,False,,,0,0,,1.0,,,,,,,,,,,,,,,,False
2021-03-06,CE02SHBP-LJ01D-07-VEL3DC108,7,False,,,0,0,,1.0,,,,,,,,,,,,,,,,False
2021-03-07,CE02SHBP-LJ01D-07-VEL3DC108,7,False,,,0,0,,1.0,,,,,,,,,,,,,,,,False
2021-03-08,CE02SHBP-LJ01D-07-VEL3DC108,7,False,,,0,0,,1.0,,,,,,,,,,,,,,,,False
2021-03-09,CE02SHBP-LJ01D-07-VEL3DC108,7,False,,,0,0,,1.0,,,,,,,,,,,,,,,,False
2021-03-10,CE02SHBP-LJ01D-07-VEL3DC108,7,False,,,0,0,,1.0,,,,,,,,,,,,,,,,False
2021-03-11,CE02SHBP-LJ01D-07-VEL3DC108,7,False,,,0,0,,1.0,,,,,,,,,,,,,,,,False
2021-03-12,CE02SHBP-LJ01D-07-VEL3DC108,7,False,,,0,0,,1.0,,,,,,,,,,,,,,,,False
2021-03-13,CE02SHBP-LJ01D-07-VEL3DC108,7,False,,,0,0,,1.0,,,,,,,,,,,,,,,,False
2021-03-14,CE02SHBP-LJ01D-07-VEL3DC108,7,False,,,0,0,,1.0,,,,,,,,,,,,,,,,False
2021-03-15,CE02SHBP-LJ01D-07-VEL3DC108,7,False,,,0,0,,1.0,,,,,,,,,,,,,,,,False
2021-03-16,CE02SHBP-LJ01D-07-VEL3DC108,7,False,,,0,0,,1.0,,,,,,,,,,,,,,,,False
2021-03-17,CE02SHBP-LJ01D-07-VEL3DC108,7,False,,,0,0,,1.0,,,,,,,,,,,,,,,,False
2021-03-18,CE02SHBP-LJ01D-07-VEL3DC108,7,False,,,0,0,,1.0,,,,,,,,,,,,,,,,False
2021-03-19,CE02SHBP-LJ01D-07-VEL3DC108,7,False,,,0,0,,1.0,,,,,,,,,,,,,,,,False
2021-03-20,CE02SHBP-LJ01D-07-VEL3DC108,7,False,,,0,0,,1.0,,,,,,,,,,,,,,,,False
2021-03-21,CE02SHBP-LJ01D-07-VEL3DC108,7,False,,,0,0,,1.0,,,,,,,,,,,,,,,,False
2021-03-22,CE02SHBP-LJ01D-07-VEL3DC108,7,False,,,0,0,,1.0,,,,,,,,,,,,,,,,False
2021-03-23,CE02SHBP-LJ01D-07-VEL3DC108,7,False,,,0,0,,1.0,,,,,,,,,,,,,,,,False
2021-03-24,CE02SHBP-LJ01D-07-VEL3DC108,7,False,,,0,0,,1.0,,,,,,,,,,,,,,,,False
2021-03-25,CE02SHBP-LJ01D-07-VEL3DC108,7,False,,,0,0,,1.0,,,,,,,,,,,,,,,,False
2021-03-26,CE02SHBP-LJ01D-07-VEL3DC108,7,False,,,0,0,,1.0,,,,,,,,,,,,,,,,False
2021-03-27,CE02SHBP-LJ01D-07-VEL3DC108,7,False,,,0,0,,1.0,,,,,,,,,,,,,,,,False
2021-03-28,CE02SHBP-LJ01D-07-VEL3DC108,7,False,,,0,0,,1.0,,,,,,,,,,,,,,,,False
2021-03-29,CE02SHBP-LJ01D-07-VEL3DC108,7,False,,,0,0,,1.0,,,,,,,,,,,,,,,,False
2021-03-30,CE02SHBP-LJ01D-07-VEL3DC108,7,False,,,0,0,,1.0,,,,,,,,,,,,,,,,False
2021-03-31,CE02SHBP-LJ01D-07-VEL3DC108,7,False,,,0,0,,1.0,,,,,,,,,,,,,,,,False
2021-04-01,CE02SHBP-LJ01D-07-VEL3DC108,7,False,,,0,0,,1.0,,,,,,,,,,,,,,,,False
2021-04-02,CE02SHBP-LJ01D-07-VEL3DC108,7,False,,,0,0,,1.0,,,,,,,,,,,,,,,,False
2021-04-03,CE02SHBP-LJ01D-07-VEL3DC108,7,False,,,0,0,,1.0,,,,,,,,,,,,,,,,False
2021-04-04,CE02SHBP-LJ01D-07-VEL3DC108,7,False,,,0,0,,1.0,,,,,,,,,,,,,,,,False
2021-04-05,CE02SHBP-LJ01D-07-VEL3DC108,7,False,,,0,0,,1.0,,,,,,,,,,,,,,,,False
2021-04-06,CE02SHBP-LJ01D-07-VEL3DC108,7,False,,,0,0,,1.0,,,,,,,,,,,,,,,,False
2021-04-07,CE02SHBP-LJ01D-07-VEL3DC108,7,False,,,0,0,,1.0,,,,,,,,,,,,,,,,False
2021-04-08,CE02SHBP-LJ01D-07-VEL3DC108,7,False,,,0,0,,1.0,,,,,,,,,,,,,,,,False
2021-04-09,CE02SHBP-LJ01D-07-VEL3DC108,7,False,,,0,0,,1.0,,,,,,,,,,,,,,,,False
2021-04-10,CE02SHBP-LJ01D-07-VEL3DC108,7,False,,,0,0,,1.0,,,,,,,,,,,,,,,,False
2021-04-11,CE02SHBP-LJ01D-07-VEL3DC108,7,False,,,0,0,,1.0,,,,,,,,,,,,,,,,False
2021-04-12,CE02SHBP-LJ01D-07-VEL3DC108,7,False,,,0,0,,1.0,,,,,,,,,,,,,,,,False
2021-04-13,CE02SHBP-LJ01D-07-VEL3DC108,7,False,,,0,0,,1.0,,,,,,,,,,,,,,,,False
2021-04-14,CE02SHBP-LJ01D-07-VEL3DC108,7,False,,,0,0,,1.0,,,,,,,,,,,,,,,,False
2021-04-15,CE02SHBP-LJ01D-07-VEL3DC108,7,False,,,0,0,,1.0,,,,,,,,,,,,,,,,False
2021-04-16,CE02SHBP-LJ01D-07-VEL3DC108,7,False,,,0,0,,1.0,,,,,,,,,,,,,,,,False
2021-04-17,CE02SHBP-LJ01D-07-VEL3DC108,7,False,,,0,0,,1.0,,,,,,,,,,,,,,,,False
2021-04-18,CE02SHBP-LJ01D-07-VEL3DC108,7,False,,,0,0,,1.0,,,,,,,,,,,,,,,,False
2021-04-19,CE02SHBP-LJ01D-07-VEL3DC108,7,False,,,0,0,,1.0,,,,,,,,,,,,,,,,False
2021-04-20,CE02SHBP-LJ01D-07-VEL3DC108,7,False,,,0,0,,1.0,,,,,,,,,,,,,,,,False
2021-04-21,CE02SHBP-LJ01D-07-VEL3DC108,7,False,,,0,0,,1.0,,,,,,,,,,,,,,,,False
2021-04-22,CE02SHBP-LJ01D-07-VEL3DC108,7,False,,,0,0,,1.0,,,,,,,,,,,,,,,,False
2021-04-23,CE02SHBP-LJ01D-07-VEL3DC108,7,False,,,0,0,,1.0,,,,,,,,,,,,,,,,False
2021-04-24,CE02SHBP-LJ01D-07-VEL3DC108,7,False,,,0,0,,1.0,,,,,,,,,,,,,,,,False
2021-04-25,CE02SHBP-LJ01D-07-VEL3DC108,7,False,,,0,0,,1.0,,,,,,,,,,,,,,,,False
2021-04-26,CE02SHBP-LJ01D-07-VEL3DC108,7,False,,,0,0,,1.0,,,,,,,,,,,,,,,,False
2021-04-27,CE02SHBP-LJ01D-07-VEL3DC108,7,False,,,0,0,,1.0,,,,,,,,,,,,,,,,False
2021-04-28,CE02SHBP-LJ01D-07-VEL3DC108,7,False,,,0,0,,1.0,,,,,,,,,,,,,,,,False
2021-04-29,CE02SHBP-LJ01D-07-VEL3DC108,7,False,,,0,0,,1.0,,,,,,,,,,,,,,,,False
2021-04-30,CE02SHBP-LJ01D-07-VEL3DC108,7,False,,,0,0,,1.0,,,,,,,,,,,,,,,,False
2021-05-01,CE02SHBP-LJ01D-07-VEL3DC108,7,False,,,0,0,,1.0,,,,,,,,,,,,,,,,False
2021-05-02,CE02SHBP-LJ01D-07-VEL3DC108,7,False,,,0,0,,1.0,,,,,,,,,,,,,,,,False
2021-05-03,CE02SHBP-LJ01D-07-VEL3DC108,7,False,,,0,0,,1.0,,,,,,,,,,,,,,,,False
2021-05-04,CE02SHBP-LJ01D-07-VEL3DC108,7,False,,,0,0,,1.0,,,,,,,,,,,,,,,,False
2021-05-05,CE02SHBP-LJ01D-07-VEL3DC108,7,False,,,0,0,,1.0,,,,,,,,,,,,,,,,False
2021-05-06,CE02SHBP-LJ01D-07-VEL3DC108,7,False,,,0,0,,1.0,,,,,,,,,,,,,,,,False
2021-05-07,CE02SHBP-LJ01D-07-VEL3DC108,7,False,,,0,0,,1.0,,,,,,,,,,,,,,,,False
2021-05-08,CE02SHBP-LJ01D-07-VEL3DC108,7,False,,,0,0,,1.0,,,,,,,,,,,,,,,,False
2021-05-09,CE02SHBP-LJ01D-07-VEL3DC108,7,False,,,0,0,,1.0,,,,,,,,,,,,,,,,False
2021-05-10,CE02SHBP-LJ01D-07-VEL3DC108,7,False,,,0,0,,1.0,,,,,,,,,,,,,,,,False
2021-05-11,CE02SHBP-LJ01D-07-VEL3DC108,7,False,,,0,0,,1.0,,,,,,,,,,,,,,,,False
2021-05-12,CE02SHBP-LJ01D-07-VEL3DC108,7,False,,,0,0,,1.0,,,,,,,,,,,,,,,,False
2021-05-13,CE02SHBP-LJ01D-07-VEL3DC108,7,False,,,0,0,,1.0,,,,,,,,,,,,,,,,False
2021-05-14,CE02SHBP-LJ01D-07-VEL3DC108,7,False,,,0,0,,1.0,,,,,,,,,,,,,,,,False
2021-05-15,CE02SHBP-LJ01D-07-VEL3DC108,7,False,,,0,0,,1.0,,,,,,,,,,,,,,,,False
2021-05-16,CE02SHBP-LJ01D-07-VEL3DC108,7,False,,,0,0,,1.0,,,,,,,,,,,,,,,,False
2021-05-17,CE02SHBP-LJ01D-07-VEL3DC108,7,False,,,0,0,,1.0,,,,,,,,,,,,,,,,False
2021-05-18,CE02SHBP-LJ01D-07-VEL3DC108,7,False,,,0,0,,1.0,,,,,,,,,,,,,,,,False
2021-05-19,CE02SHBP-LJ01D-07-VEL3DC108,7,False,,,0,0,,1.0,,,,,,,,,,,,,,,,False
2021-05-20,CE02SHBP-LJ01D-07-VEL3DC108,7,False,,,0,0,,1.0,,,,,,,,,,,,,,,,False
2021-05-21,CE02SHBP-LJ01D-07-VEL3DC108,7,False,,,0,0,,1.0,,,,,,,,,,,,,,,,False
2021-05-22,CE02SHBP-LJ01D-07-VEL3DC108,7,False,,,0,0,,1.0,,,,,,,,,,,,,,,,False
2021-05-23,CE02SHBP-LJ01D-07-VEL3DC108,7,False,,,0,0,,1.0,,,,,,,,,,,,,,,,False
2021-05-24,CE02SHBP-LJ01D-07-VEL3DC108,7,False,,,0,0,,1.0,,,,,,,,,,,,,,,,False
2021-05-25,CE02SHBP-LJ01D-07-VEL3DC108,7,False,,,0,0,,1.0,,,,,,,,,,,,,,,,False
2021-05-26,CE02SHBP-LJ01D-07-VEL3DC108,7,False,,,0,0,,1.0,,,,,,,,,,,,,,,,False
2021-05-27,CE02SHBP-LJ01D-07-VEL3DC108,7,False,,,0,0,,1.0,,,,,,,,,,,,,,,,False
2021-05-28,CE02SHBP-LJ01D-07-VEL3DC108,7,False,,,0,0,,1.0,,,,,,,,,,,,,,,,False
2021-05-29,CE02SHBP-LJ01D-07-VEL3DC108,7,False,,,0,0,,1.0,,,,,,,,,,,,,,,,False
2021-05-30,CE02SHBP-LJ01D-07-VEL3DC108,7,False,,,0,0,,1.0,,,,,,,,,,,,,,,,False
2021-05-31,CE02SHBP-LJ01D-07-VEL3DC108,7,False,,,0,0,,1.0,,,,,,,,,,,,,,,,False
2021-06-01,CE02SHBP-LJ01D-07-VEL3DC108,7,False,,,0,0,,1.0,,,,,,,,,,,,,,,,False
2021-06-02,CE02SHBP-LJ01D-07-VEL3DC108,7,False,,,0,0,,1.0,,,,,,,,,,,,,,,,False
2021-06-03,CE02SHBP-LJ01D-07-VEL3DC108,7,False,,,0,0,,1.0,,,,,,,,,,,,,,,,False
2021-06-04,CE02SHBP-LJ01D-07-VEL3DC108,7,False,,,0,0,,1.0,,,,,,,,,,,,,,,,False
2021-06-05,CE02SHBP-LJ01D-07-VEL3DC108,7,False,,,0,0,,1.0,,,,,,,,,,,,,,,,False
2021-06-06,CE02SHBP-LJ01D-07-VEL3DC108,7,False,,,0,0,,1.0,,,,,,,,,,,,,,,,False
2021-06-07,CE02SHBP-LJ01D-07-VEL3DC108,7,False,,,0,0,,1.0,,,,,,,,,,,,,,,,False
2021-06-08,CE02SHBP-LJ01D-07-VEL3DC108,7,False,,,0,0,,1.0,,,,,,,,,,,,,,,,False
2021-06-09,CE02SHBP-LJ01D-07-VEL3DC108,7,False,,,0,0,,1.0,,,,,,,,,,,,,,,,False
2021-06-10,CE02SHBP-LJ01D-07-VEL3DC108,7,False,,,0,0,,1.0,,,,,,,,,,,,,,,,False
2021-06-11,CE02SHBP-LJ01D-07-VEL3DC108,7,False,,,0,0,,1.0,,,,,,,,,,,,,,,,False
2021-06-12,CE02SHBP-LJ01D-07-VEL3DC108,7,False,,,0,0,,1.0,,,,,,,,,,,,,,,,False
2021-06-13,CE02SHBP-LJ01D-07-VEL3DC108,7,False,,,0,0,,1.0,,,,,,,,,,,,,,,,False
2021-06-14,CE02SHBP-LJ01D-07-VEL3DC108,7,False,,,0,0,,1.0,,,,,,,,,,,,,,,,False
2021-06-15,CE02SHBP-LJ01D-07-VEL3DC108,7,False,,,0,0,,1.0,,,,,,,,,,,,,,,,False
2021-06-16,CE02SHBP-LJ01D-07-VEL3DC108,7,False,,,0,0,,1.0,,,,,,,,,,,,,,,,False
2021-06-17,CE02SHBP-LJ01D-07-VEL3DC108,7,False,,,0,0,,1.0,,,,,,,,,,,,,,,,False
2021-06-18,CE02SHBP-LJ01D-07-VEL3DC108,7,False,,,0,0,,1.0,,,,,,,,,,,,,,,,False
2021-06-19,CE02SHBP-LJ01D-07-VEL3DC108,7,False,,,0,0,,1.0,,,,,,,,,,,,,,,,False
2021-06-20,CE02SHBP-LJ01D-07-VEL3DC108,7,False,,,0,0,,1.0,,,,,,,,,,,,,,,,False
2021-06-21,CE02SHBP-LJ01D-07-VEL3DC108,7,False,,,0,0,,1.0,,,,,,,,,,,,,,,,False
2021-06-22,CE02SHBP-LJ01D-07-VEL3DC108,7,False,,,0,0,,1.0,,,,,,,,,,,,,,,,False
2021-06-23,CE02SHBP-LJ01D-07-VEL3DC108,7,False,,,0,0,,1.0,,,,,,,,,,,,,,,,False
2021-06-24,CE02SHBP-LJ01D-07-VEL3DC108,7,False,,,0,0,,1.0,,,,,,,,,,,,,,,,False
2021-06-25,CE02SHBP-LJ01D-07-VEL3DC108,7,False,,,0,0,,1.0,,,,,,,,,,,,,,,,False
2021-06-26,CE02SHBP-LJ01D-07-VEL3DC108,7,False,,,0,0,,1.0,,,,,,,,,,,,,,,,False
2021-06-27,CE02SHBP-LJ01D-07-VEL3DC108,7,False,,,0,0,,1.0,,,,,,,,,,,,,,,,False
2021-06-28,CE02SHBP-LJ01D-07-VEL3DC108,7,False,,,0,0,,1.0,,,,,,,,,,,,,,,,False
2021-06-29,CE02SHBP-LJ01D-07-VEL3DC108,7,False,,,0,0,,1.0,,,,,,,,,,,,,,,,False
2021-06-30,CE02SHBP-LJ01D-07-VEL3DC108,7,False,,,0,0,,1.0,,,,,,,,,,,,,,,,False
2021-07-01,CE02SHBP-LJ01D-07-VEL3DC108,7,False,,,0,0,,1.0,,,,,,,,,,,,,,,,False
2021-07-02,CE02SHBP-LJ01D-07-VEL3DC108,7,False,,,0,0,,1.0,,,,,,,,,,,,,,,,False
2021-07-03,CE02SHBP-LJ01D-07-VEL3DC108,7,False,,,0,0,,1.0,,,,,,,,,,,,,,,,False
2021-07-04,CE02SHBP-LJ01D-07-VEL3DC108,7,False,,,0,0,,1.0,,,,,,,,,,,,,,,,False
2021-07-05,CE02SHBP-LJ01D-07-VEL3DC108,7,False,,,0,0,,1.0,,,,,,,,,,,,,,,,False
2021-07-06,CE02SHBP-LJ01D-07-VEL3DC108,7,False,,,0,0,,1.0,,,,,,,,,,,,,,,,False
2021-07-07,CE02SHBP-LJ01D-07-VEL3DC108,7,False,,,0,0,,1.0,,,,,,,,,,,,,,,,False
2021-07-08,CE02SHBP-LJ01D-07-VEL3DC108,7,False,,,0,0,,1.0,,,,,,,,,,,,,,,,False
2021-07-09,CE02SHBP-LJ01D-07-VEL3DC108,7,False,,,0,0,,1.0,,,,,,,,,,,,,,,,False
2021-07-10,CE02SHBP-LJ01D-07-VEL3DC108,7,False,,,0,0,,1.0,,,,,,,,,,,,,,,,False
2021-07-11,CE02SHBP-LJ01D-07-VEL3DC108,7,False,,,0,0,,1.0,,,,,,,,,,,,,,,,False
2021-07-12,CE02SHBP-LJ01D-07-VEL3DC108,7,False,,,0,0,,1.0,,,,,,,,,,,,,,,,False
2021-07-13,CE02SHBP-LJ01D-07-VEL3DC108,7,False,,,0,0,,1.0,,,,,,,,,,,,,,,,False
2021-07-14,CE02SHBP-LJ01D-07-VEL3DC108,7,False,,,0,0,,1.0,,,,,,,,,,,,,,,,False
2021-07-15,CE02SHBP-LJ01D-07-VEL3DC108,7,False,,,0,0,,1.0,,,,,,,,,,,,,,,,False
2021-07-16,CE02SHBP-LJ01D-07-VEL3DC108,7,False,,,0,0,,1.0,,,,,,,,,,,,,,,,False
2021-07-17,CE02SHBP-LJ01D-07-VEL3DC108,7,False,,,0,0,,1.0,,,,,,,,,,,,,,,,False
2021-07-18,CE02SHBP-LJ01D-07-VEL3DC108,7,False,,,0,0,,1.0,,,,,,,,,,,,,,,,False
2021-07-19,CE02SHBP-LJ01D-07-VEL3DC108,7,False,,,0,0,,1.0,,,,,,,,,,,,,,,,False
2021-07-20,CE02SHBP-LJ01D-07-VEL3DC108,7,False,,,0,0,,1.0,,,,,,,,,,,,,,,,False
2021-07-21,CE02SHBP-LJ01D-07-VEL3DC108,7,False,,,0,0,,1.0,,,,,,,,,,,,,,,,False
2021-07-22,CE02SHBP-LJ01D-07-VEL3DC108,7,False,,,0,0,,1.0,,,,,,,,,,,,,,,,False
2021-07-23,CE02SHBP-LJ01D-07-VEL3DC108,7,False,,,0,0,,1.0,,,,,,,,,,,,,,,,False
2021-07-24,CE02SHBP-LJ01D-07-VEL3DC108,7,False,,,0,0,,1.0,,,,,,,,,,,,,,,,False
2021-07-25,CE02SHBP-LJ01D-07-VEL3DC108,7,False,,,0,0,,1.0,,,,,,,,,,,,,,,,False
2021-07-26,CE02SHBP-LJ01D-07-VEL3DC108,7,False,,,0,0,,1.0,,,,,,,,,,,,,,,,False
2021-07-27,CE02SHBP-LJ01D-07-VEL3DC108,7,False,,,0,0,,1.0,,,,,,,,,,,,,,,,False
2021-07-28,CE02SHBP-LJ01D-07-VEL3DC108,7,False,,,0,0,,1.0,,,,,,,,,,,,,,,,False
2021-07-29,CE02SHBP-LJ01D-07-VEL3DC108,7,False,,,0,0,,1.0,,,,,,,,,,,,,,,,False
2021-07-30,CE02SHBP-LJ01D-07-VEL3DC108,7,False,,,0,0,,1.0,,,,,,,,,,,,,,,,False
2021-07-31,CE02SHBP-LJ01D-07-VEL3DC108,7,False,,,0,0,,1.0,,,,,,,,,,,,,,,,False
2021-08-01,CE02SHBP-LJ01D-07-VEL3DC108,7,False,,,0,0,,1.0,,,,,,,,,,,,,,,,False
2021-08-02,CE02SHBP-LJ01D-07-VEL3DC108,7,False,,,0,0,,1.0,,,,,,,,,,,,,,,,False
2021-08-03,CE02SHBP-LJ01D-07-VEL3DC108,7,False,,,0,0,,1.0,,,,,,,,,,,,,,,,False
2021-08-04,CE02SHBP-LJ01D-07-VEL3DC108,7,False,,,0,0,,1.0,,,,,,,,,,,,,,,,False
2021-08-05,CE02SHBP-LJ01D-07-VEL3DC108,0,False,,,0,0,,,,,,,,,,,,,,,,,,False
2021-08-06,CE02SHBP-LJ01D-07-VEL3DC108,0,False,,,0,0,,,,,,,,,,,,,,,,,,False
2021-08-07,CE02SHBP-LJ01D-07-VEL3DC108,0,False,,,0,0,,,,,,,,,,,,,,,,,,False
2021-08-08,CE02SHBP-LJ01D-07-VEL3DC108,0,False,,,0,0,,,,,,,,,,,,,,,,,,False
2021-08-09,CE02SHBP-LJ01D-07-VEL3DC108,0,False,,,0,0,,,,,,,,,,,,,,,,,,False
2021-08-10,CE02SHBP-LJ01D-07-VEL3DC108,0,False,,,0,0,,,,,,,,,,,,,,,,,,False
2021-08-11,CE02SHBP-LJ01D-07-VEL3DC108,0,False,,,0,0,,,,,,,,,,,,,,,,,,False
2021-08-12,CE02SHBP-LJ01D-07-VEL3DC108,0,False,,,0,0,,,,,,,,,,,,,,,,,,False
2021-08-13,CE02SHBP-LJ01D-07-VEL3DC108,0,False,,,0,0,,,,,,,,,,,,,,,,,,False
2021-08-14,CE02SHBP-LJ01D-07-VEL3DC108,0,False,,,0,0,,,,,,,,,,,,,,,,,,False
2021-08-15,CE02SHBP-LJ01D-07-VEL3DC108,0,False,,,0,0,,,,,,,,,,,,,,,,,,False
2021-08-16,CE02SHBP-LJ01D-07-VEL3DC108,0,False,,,0,0,,,,,,,,,,,,,,,,,,False
2021-08-17,CE02SHBP-LJ01D-07-VEL3DC108,0,False,,,0,0,,,,,,,,,,,,,,,,,,False
2021-08-18,CE02SHBP-LJ01D-07-VEL3DC108,0,False,,,0,0,,,,,,,,,,,,,,,,,,False
2021-08-19,CE02SHBP-LJ01D-07-VEL3DC108,0,False,,,0,0,,,,,,,,,,,,,,,,,,False
2021-08-20,CE02SHBP-LJ01D-07-VEL3DC108,0,False,,,0,0,,,,,,,,,,,,,,,,,,False
2021-08-21,CE02SHBP-LJ01D-07-VEL3DC108,0,False,,,0,0,,,,,,,,,,,,,,,,,,False
2021-08-22,CE02SHBP-LJ01D-07-VEL3DC108,0,False,,,0,0,,,,,,,,,,,,,,,,,,False
2021-08-23,CE02SHBP-LJ01D-07-VEL3DC108,8,False,,,0,0,,1.0,,,,,,,,,,,,,,,,False
2021-08-24,CE02SHBP-LJ01D-07-VEL3DC108,8,True,2021-08-24T21:13:37Z,2021-08-24T23:59:59Z,9984,9984,0,1.0,1.000362873,0.999998624,-0.073925872,0,0,0,0,-0.0,1.473183,73.925872,-6.980364e-12,0.001473185,0.07392597,False,0.074022,False
2021-08-25,CE02SHBP-LJ01D-07-VEL3DC108,8,True,2021-08-25T00:00:00Z,2021-08-25T23:59:59Z,86400,86400,0,1.0,1.000362873,0.999998334,-0.005087394,0,0,0,0,-1e-06,1.29511,7.704495,-5.316241e-10,0.001295112,0.007704508,False,0.008227,False
2021-08-26,CE02SHBP-LJ01D-07-VEL3DC108,8,True,2021-08-26T00:00:00Z,2021-08-26T23:59:59Z,86400,86400,0,1.0,1.000362873,0.999998318,0.001434428,0,0,0,0,-0.0,2.412807,10.483699,-4.868543e-10,0.002412811,0.01048372,False,0.008113,False
2021-08-27,CE02SHBP-LJ01D-07-VEL3DC108,8,True,2021-08-27T00:00:00Z,2021-08-27T23:59:59Z,86400,86400,0,1.0,1.000362873,0.999998256,0.002584856,0,0,0,0,-1e-06,1.58098,8.437915,-5.056357e-10,0.001580983,0.00843793,False,0.008115,False
2021-08-28,CE02SHBP-LJ01D-07-VEL3DC108,8,True,2021-08-28T00:00:00Z,2021-08-28T23:59:59Z,86400,86400,0,1.0,1.000362873,0.999998768,0.001014952,0,0,0,0,-0.0,1.975935,9.611172,-4.680108e-10,0.001975937,0.009611183,False,0.008112,False
2021-08-29,CE02SHBP-LJ01D-07-VEL3DC108,8,True,2021-08-29T00:00:00Z,2021-08-29T23:59:59Z,86388,86400,12,1.0,1.000362873,0.99999847,-0.004918003,1,12,1,12,-0.0,3.717019,53.224107,-7.299116e-11,0.003717024,0.05322419,False,0.048931,True
2021-08-30,CE02SHBP-LJ01D-07-VEL3DC108,8,True,2021-08-30T00:00:00Z,2021-08-30T23:59:59Z,86400,86400,0,1.0,1.000362873,0.999998275,0.001693215,0,0,0,0,-1e-06,1.424714,7.991636,-5.148254e-10,0.001424717,0.00799165,False,0.011522,False
2021-08-31,CE02SHBP-LJ01D-07-VEL3DC108,8,True,2021-08-31T00:00:00Z,2021-08-31T23:59:59Z,86401,86401,0,1.0,1.000362873,0.999998275,-0.003748921,0,0,4,4,-1e-06,1.481975,7.977768,-5.6776e-10,0.001481978,0.007977781,False,0.008111,False
2021-09-01,CE02SHBP-LJ01D-07-VEL3DC108,8,True,2021-09-01T00:00:00Z,2021-09-01T23:59:59Z,86400,86400,0,1.0,1.000362873,0.999998576,-0.007065867,0,0,0,0,-0.0,3.600046,13.740399,-4.513594e-10,0.003600051,0.01374042,False,0.008113,False
2021-09-02,CE02SHBP-LJ01D-07-VEL3DC108,8,True,2021-09-02T00:00:00Z,2021-09-02T23:59:59Z,86400,86400,0,1.0,1.000362873,0.999998308,-0.001315119,0,0,0,0,-0.0,1.577219,8.475026,-4.782793e-10,0.001577222,0.008475041,False,0.008112,False
2021-09-03,CE02SHBP-LJ01D-07-VEL3DC108,8,True,2021-09-03T00:00:00Z,2021-09-03T23:59:59Z,86400,86400,0,1.0,1.000362873,0.999998304,0.000454178,0,0,0,0,-0.0,1.247572,7.244081,-4.55486e-10,0.001247574,0.007244094,False,0.008111,False
2021-09-04,CE02SHBP-LJ01D-07-VEL3DC108,8,True,2021-09-04T00:00:00Z,2021-09-04T23:59:59Z,86400,86400,0,1.0,1.000362873,0.999998272,-0.000678179,0,0,0,0,-0.0,1.397789,8.551109,-4.631325e-10,0.001397792,0.008551124,False,0.008111,False
2021-09-05,CE02SHBP-LJ01D-07-VEL3DC108,8,True,2021-09-05T00:00:00Z,2021-09-05T23:59:59Z,86400,86400,0,1.0,1.000362873,0.999998277,0.00109867,0,0,0,0,-0.0,1.363222,7.786876,-4.364043e-10,0.001363224,0.00778689,False,0.00811,False
2021-09-06,CE02SHBP-LJ01D-07-VEL3DC108,8,True,2021-09-06T00:00:00Z,2021-09-06T23:59:59Z,86400,86400,0,1.0,1.000362873,0.999998289,0.001041641,0,0,0,0,-0.0,1.368377,7.99406,-4.639334e-10,0.001368379,0.007994074,False,0.008114,False
2021-09-07,CE02SHBP-LJ01D-07-VEL3DC108,8,True,2021-09-07T00:00:00Z,2021-09-07T23:59:59Z,86401,86401,0,1.0,1.000362873,0.999998273,0.00093009,0,0,1,1,0.0,1.79655,9.145997,1.602216e-10,0.001796553,0.009146013,False,0.008112,False
2021-09-08,CE02SHBP-LJ01D-07-VEL3DC108,8,True,2021-09-08T00:00:00Z,2021-09-08T23:59:59Z,86400,86400,0,1.0,1.000362873,0.99999829,-0.000270529,0,0,0,0,-0.0,1.733352,9.307177,-4.800213e-10,0.001733355,0.009307193,False,0.008113,False
2021-09-09,CE02SHBP-LJ01D-07-VEL3DC108,8,True,2021-09-09T00:00:00Z,2021-09-09T23:59:59Z,85709,86400,691,1.0,1.000362873,0.999998269,-0.002184313,2,691,2,691,0.0,1.862264,9.876971,9.665411e-12,0.001862267,0.009876988,False,0.165989,True
2021-09-10,CE02SHBP-LJ01D-07-VEL3DC108,8,True,2021-09-10T00:00:00Z,2021-09-10T23:59:59Z,86400,86400,0,1.0,1.000362873,0.999998282,0.00055408,0,0,0,0,-0.0,1.304563,7.793749,-4.877148e-10,0.001304565,0.007793762,False,0.008224,False
2021-09-11,CE02SHBP-LJ01D-07-VEL3DC108,8,True,2021-09-11T00:00:00Z,2021-09-11T23:59:59Z,86400,86400,0,1.0,1.000362873,0.999998303,3.658e-06,0,0,0,0,-0.0,1.541294,8.174822,-4.64329e-10,0.001541297,0.008174835,False,0.008112,False
2021-09-12,CE02SHBP-LJ01D-07-VEL3DC108,8,True,2021-09-12T00:00:00Z,2021-09-12T23:59:59Z,86400,86400,0,1.0,1.000362873,0.999998287,0.001523286,0,0,0,0,-0.0,1.846085,8.275772,-4.893632e-10,0.001846088,0.008275786,False,0.008228,False
2021-09-13,CE02SHBP-LJ01D-07-VEL3DC108,8,True,2021-09-13T00:00:00Z,2021-09-13T23:59:59Z,86400,86400,0,1.0,1.000362873,0.999998259,-0.000158947,0,0,0,0,-0.0,1.27792,7.645884,-4.61712e-10,0.001277922,0.007645897,False,0.008114,False
2021-09-14,CE02SHBP-LJ01D-07-VEL3DC108,8,True,2021-09-14T00:00:00Z,2021-09-14T23:59:59Z,86105,86401,296,1.0,1.000362873,0.999998669,-0.005975825,10,296,10,305,-1e-06,2.573656,12.576081,-1.2544e-09,0.00257366,0.0125761,False,0.108162,True
2021-09-15,CE02SHBP-LJ01D-07-VEL3DC108,8,True,2021-09-15T00:00:00Z,2021-09-15T23:59:59Z,86400,86400,0,1.0,1.000362873,0.999998645,-0.000697485,0,0,0,0,-0.0,1.371582,8.303046,-4.789781e-10,0.001371584,0.008303057,False,0.008114,False
2021-09-16,CE02SHBP-LJ01D-07-VEL3DC108,8,True,2021-09-16T00:00:00Z,2021-09-16T23:59:59Z,86400,86400,0,1.0,1.000362873,0.999998672,-0.000254057,0,0,0,0,-0.0,1.412356,7.992873,-4.444263e-10,0.001412358,0.007992883,False,0.008116,False
2021-09-17,CE02SHBP-LJ01D-07-VEL3DC108,8,True,2021-09-17T00:00:00Z,2021-09-17T23:59:59Z,86400,86400,0,1.0,1.000362873,0.999998698,0.000463846,0,0,0,0,-0.0,1.408675,8.259696,-4.882816e-10,0.001408677,0.008259707,False,0.008225,False
2021-09-18,CE02SHBP-LJ01D-07-VEL3DC108,8,True,2021-09-18T00:00:00Z,2021-09-18T23:59:59Z,86400,86400,0,1.0,1.000362873,0.999998715,-0.000383535,0,0,0,0,-1e-06,1.352264,7.604583,-5.126187e-10,0.001352266,0.007604593,False,0.008114,False
2021-09-19,CE02SHBP-LJ01D-07-VEL3DC108,8,True,2021-09-19T00:00:00Z,2021-09-19T23:59:59Z,86400,86400,0,1.0,1.000362873,0.999998715,-0.001262731,0,0,0,0,-1e-06,1.541844,8.396573,-5.341648e-10,0.001541846,0.008396584,False,0.008114,False
2021-09-20,CE02SHBP-LJ01D-07-VEL3DC108,8,True,2021-09-20T00:00:00Z,2021-09-20T23:59:59Z,86400,86400,0,1.0,1.000362873,0.999998699,-0.000881807,0,0,0,0,-0.0,1.604856,9.400366,-4.261628e-10,0.001604858,0.009400378,False,0.008227,False
2021-09-21,CE02SHBP-LJ01D-07-VEL3DC108,8,True,2021-09-21T00:00:00Z,2021-09-21T23:59:59Z,86400,86400,0,1.0,1.000362873,0.99999877,-0.003137445,0,0,0,0,-0.0,3.436207,13.491532,-4.789689e-10,0.003436211,0.01349155,False,0.008226,False
2021-09-22,CE02SHBP-LJ01D-07-VEL3DC108,8,True,2021-09-22T00:00:00Z,2021-09-22T23:59:59Z,86400,86400,0,1.0,1.000362873,0.999998752,0.001575194,0,0,0,0,-1e-06,1.615418,8.52584,-5.479641e-10,0.00161542,0.008525851,False,0.008226,False
2021-09-23,CE02SHBP-LJ01D-07-VEL3DC108,8,True,2021-09-23T00:00:00Z,2021-09-23T23:59:59Z,86262,86401,139,1.0,1.000362873,0.999998761,0.000246712,9,139,9,145,0.0,1.325679,7.609525,1.457635e-10,0.00132568,0.007609535,False,0.044055,True
2021-09-24,CE02SHBP-LJ01D-07-VEL3DC108,8,True,2021-09-24T00:00:00Z,2021-09-24T23:59:59Z,86400,86400,0,1.0,1.000362873,0.999998694,0.003121074,0,0,0,0,-0.0,2.111325,10.358599,-4.964896e-10,0.002111328,0.01035861,False,0.008225,False
2021-09-25,CE02SHBP-LJ01D-07-VEL3DC108,8,True,2021-09-25T00:00:00Z,2021-09-25T23:59:59Z,86400,86400,0,1.0,1.000362873,0.999998786,-0.003964281,0,0,0,0,-1e-06,2.493723,10.45613,-5.061173e-10,0.002493726,0.01045614,False,0.008221,False
2021-09-26,CE02SHBP-LJ01D-07-VEL3DC108,8,True,2021-09-26T00:00:00Z,2021-09-26T23:59:59Z,86400,86400,0,1.0,1.000362873,0.999998789,-0.005126217,0,0,0,0,-1e-06,1.486536,7.898268,-5.136001e-10,0.001486538,0.007898278,False,0.008226,False
2021-09-27,CE02SHBP-LJ01D-07-VEL3DC108,8,True,2021-09-27T00:00:00Z,2021-09-27T23:59:59Z,86400,86400,0,1.0,1.000362873,0.99999876,-0.001003784,0,0,0,0,-0.0,1.662777,8.665085,-4.643327e-10,0.00166278,0.008665095,False,0.008525,False
2021-09-28,CE02SHBP-LJ01D-07-VEL3DC108,8,True,2021-09-28T00:00:00Z,2021-09-28T23:59:59Z,86400,86400,0,1.0,1.000362873,0.999998647,-0.000143783,0,0,0,0,-0.0,1.87971,9.792373,-4.586243e-10,0.001879712,0.009792386,False,0.008115,False
2021-09-29,CE02SHBP-LJ01D-07-VEL3DC108,8,True,2021-09-29T00:00:00Z,2021-09-29T23:59:59Z,86400,86400,0,1.0,1.000362873,0.999998639,0.004455511,0,0,0,0,-1e-06,1.631533,8.607832,-5.136145e-10,0.001631535,0.008607844,False,0.008114,False
2021-09-30,CE02SHBP-LJ01D-07-VEL3DC108,8,True,2021-09-30T00:00:00Z,2021-09-30T23:59:59Z,86400,86400,0,1.0,1.000362873,0.999998624,1.4546e-05,0,0,0,0,-0.0,1.28717,7.788502,-4.908822e-10,0.001287172,0.007788513,False,0.008523,False
2021-10-01,CE02SHBP-LJ01D-07-VEL3DC108,8,True,2021-10-01T00:00:00Z,2021-10-01T23:59:59Z,86400,86400,0,1.0,1.000362873,0.999998638,0.00051579,0,0,0,0,-0.0,1.238776,7.300242,-4.867022e-10,0.001238778,0.007300252,False,0.008114,False
2021-10-02,CE02SHBP-LJ01D-07-VEL3DC108,8,True,2021-10-02T00:00:00Z,2021-10-02T23:59:59Z,86401,86401,0,1.0,1.000362873,0.999998657,-0.003444524,0,0,5,5,0.0,1.274349,7.348897,1.490424e-10,0.001274351,0.007348906,False,0.008114,False
2021-10-03,CE02SHBP-LJ01D-07-VEL3DC108,8,True,2021-10-03T00:00:00Z,2021-10-03T23:59:59Z,86400,86400,0,1.0,1.000362873,0.999998686,0.001478166,0,0,0,0,-1e-06,1.836522,9.093772,-5.404049e-10,0.001836524,0.009093784,False,0.008226,False
2021-10-04,CE02SHBP-LJ01D-07-VEL3DC108,8,True,2021-10-04T00:00:00Z,2021-10-04T23:59:59Z,86400,86400,0,1.0,1.000362873,0.999998646,-0.000529999,0,0,0,0,-0.0,3.305954,10.756972,-4.902749e-10,0.003305959,0.01075699,False,0.01036,False
2021-10-05,CE02SHBP-LJ01D-07-VEL3DC108,8,True,2021-10-05T00:00:00Z,2021-10-05T13:37:05Z,49026,49026,0,1.0,1.000362873,0.999998669,0.005826117,0,0,0,0,-0.0,2.653764,10.062311,-9.700531e-11,0.002653767,0.01006232,False,0.008115,False
2021-10-06,CE02SHBP-LJ01D-07-VEL3DC108,8,True,2021-10-06T20:11:07Z,2021-10-06T23:59:59Z,13733,13733,0,1.0,1.000363827,0.999998654,-0.073468905,0,0,0,0,0.0,1.556707,73.468905,2.081124e-11,0.001556709,0.073469,False,0.074025,False
2021-10-07,CE02SHBP-LJ01D-07-VEL3DC108,8,True,2021-10-07T00:00:00Z,2021-10-07T23:59:59Z,86400,86400,0,1.0,1.000362873,0.999998658,0.001337347,0,0,0,0,-0.0,1.237529,7.256679,-4.90863e-10,0.00123753,0.007256688,False,0.008116,False
2021-10-08,CE02SHBP-LJ01D-07-VEL3DC108,8,True,2021-10-08T00:00:00Z,2021-10-08T23:59:59Z,86400,86400,0,1.0,1.000362873,0.999998569,-0.004456324,0,0,0,0,-0.0,1.858051,9.546614,-4.793022e-10,0.001858053,0.009546627,False,0.008173,False
2021-10-09,CE02SHBP-LJ01D-07-VEL3DC108,8,True,2021-10-09T00:00:00Z,2021-10-09T23:59:59Z,86400,86400,0,1.0,1.000362873,0.999998558,0.001712834,0,0,0,0,-0.0,1.53613,8.330796,-4.999458e-10,0.001536132,0.008330808,False,0.008115,False
2021-10-10,CE02SHBP-LJ01D-07-VEL3DC108,8,True,2021-10-10T00:00:00Z,2021-10-10T23:59:59Z,86401,86401,0,1.0,1.000362873,0.999998529,0.002447891,0,0,4,4,-0.0,1.479022,8.7284,-4.460108e-10,0.001479024,0.008728413,False,0.008114,False
2021-10-11,CE02SHBP-LJ01D-07-VEL3DC108,8,True,2021-10-11T00:00:00Z,2021-10-11T23:59:59Z,86400,86400,0,1.0,1.000362873,0.999998574,0.002135215,0,0,0,0,-1e-06,1.29198,7.540703,-5.151944e-10,0.001291982,0.007540714,False,0.008114,False
2021-10-12,CE02SHBP-LJ01D-07-VEL3DC108,8,True,2021-10-12T00:00:00Z,2021-10-12T23:59:59Z,86400,86400,0,1.0,1.000362873,0.999998591,-0.001031993,0,0,0,0,-1e-06,1.313727,7.648645,-5.123634e-10,0.001313729,0.007648656,False,0.008116,False
2021-10-13,CE02SHBP-LJ01D-07-VEL3DC108,8,True,2021-10-13T00:00:00Z,2021-10-13T23:59:59Z,86400,86400,0,1.0,1.000362873,0.999998538,-0.001382939,0,0,0,0,-0.0,1.464487,8.825864,-4.716826e-10,0.001464489,0.008825877,False,0.008114,False
2021-10-14,CE02SHBP-LJ01D-07-VEL3DC108,8,True,2021-10-14T00:00:00Z,2021-10-14T23:59:59Z,86400,86400,0,1.0,1.000362873,0.999998523,-0.000114354,0,0,0,0,-0.0,1.234224,7.509092,-4.515878e-10,0.001234226,0.007509103,False,0.008325,False
2021-10-15,CE02SHBP-LJ01D-07-VEL3DC108,8,True,2021-10-15T00:00:00Z,2021-10-15T23:59:59Z,86400,86400,0,1.0,1.000362873,0.999998548,0.000893527,0,0,0,0,-0.0,1.449886,8.494869,-4.941702e-10,0.001449888,0.008494882,False,0.008116,False
2021-10-16,CE02SHBP-LJ01D-07-VEL3DC108,8,True,2021-10-16T00:00:00Z,2021-10-16T23:59:59Z,86400,86400,0,1.0,1.000362873,0.999998536,-0.000406877,0,0,0,0,-1e-06,1.400129,8.269454,-5.215117e-10,0.001400131,0.008269466,False,0.008258,False
2021-10-17,CE02SHBP-LJ01D-07-VEL3DC108,8,True,2021-10-17T00:00:00Z,2021-10-17T23:59:59Z,86400,86400,0,1.0,1.000362873,0.999998483,0.001728463,0,0,0,0,-0.0,1.310229,7.639344,-4.914677e-10,0.001310231,0.007639355,False,0.008945,False
2021-10-18,CE02SHBP-LJ01D-07-VEL3DC108,8,True,2021-10-18T00:00:00Z,2021-10-18T23:59:59Z,86401,86401,0,1.0,1.000362873,0.999998531,-0.001579591,0,0,6,6,1e-06,1.520833,9.104101,7.53241e-10,0.001520835,0.009104114,False,0.008117,False
2021-10-19,CE02SHBP-LJ01D-07-VEL3DC108,8,True,2021-10-19T00:00:00Z,2021-10-19T23:59:59Z,86400,86400,0,1.0,1.000362873,0.99999847,0.000282163,0,0,0,0,-0.0,1.258561,7.384596,-4.789705e-10,0.001258563,0.007384608,False,0.008227,False
2021-10-20,CE02SHBP-LJ01D-07-VEL3DC108,8,True,2021-10-20T00:00:00Z,2021-10-20T23:59:59Z,86400,86400,0,1.0,1.000362873,0.999998463,0.00192682,0,0,0,0,-0.0,1.323943,7.92174,-4.535616e-10,0.001323945,0.007921753,False,0.008114,False
2021-10-21,CE02SHBP-LJ01D-07-VEL3DC108,8,True,2021-10-21T00:00:00Z,2021-10-21T23:59:59Z,86400,86400,0,1.0,1.000362873,0.999998489,0.000347266,0,0,0,0,-0.0,1.738483,8.353835,-4.55318e-10,0.001738486,0.008353847,False,0.008116,False
2021-10-22,CE02SHBP-LJ01D-07-VEL3DC108,8,True,2021-10-22T00:00:00Z,2021-10-22T23:59:59Z,86400,86400,0,1.0,1.000362873,0.999998417,-0.001768424,0,0,0,0,-0.0,1.818088,9.251166,-4.778077e-10,0.001818091,0.009251181,False,0.008111,False
2021-10-23,CE02SHBP-LJ01D-07-VEL3DC108,8,True,2021-10-23T00:00:00Z,2021-10-23T23:59:59Z,86400,86400,0,1.0,1.000362873,0.999998351,-0.000603089,0,0,0,0,-0.0,1.275282,8.264903,-4.984314e-10,0.001275284,0.008264917,False,0.008011,False
2021-10-24,CE02SHBP-LJ01D-07-VEL3DC108,8,True,2021-10-24T00:00:00Z,2021-10-24T23:59:59Z,86400,86400,0,1.0,1.000362873,0.999998345,-0.000694378,0,0,0,0,-0.0,1.887776,10.994851,-4.729955e-10,0.001887779,0.01099487,False,0.008014,False
2021-10-25,CE02SHBP-LJ01D-07-VEL3DC108,8,True,2021-10-25T00:00:00Z,2021-10-25T23:59:59Z,86400,86400,0,1.0,1.00036335,0.999998938,0.000190455,0,0,0,0,-0.0,1.394366,8.010444,-4.83737e-10,0.001394368,0.008010453,False,0.008079,False
2021-10-26,CE02SHBP-LJ01D-07-VEL3DC108,8,True,2021-10-26T00:00:00Z,2021-10-26T23:59:59Z,86401,86401,0,1.0,1.000362873,0.999998776,0.001917774,0,0,5,5,1e-06,1.498009,7.868463,7.031693e-10,0.001498011,0.007868473,False,0.007997,False
2021-10-27,CE02SHBP-LJ01D-07-VEL3DC108,8,True,2021-10-27T00:00:00Z,2021-10-27T23:59:59Z,86400,86400,0,1.0,1.000362873,0.999998756,-0.002599086,0,0,0,0,-0.0,1.71139,9.231938,-4.905851e-10,0.001711392,0.00923195,False,0.008006,False
2021-10-28,CE02SHBP-LJ01D-07-VEL3DC108,8,True,2021-10-28T00:00:00Z,2021-10-28T23:59:59Z,86400,86400,0,1.0,1.000362873,0.99999854,0.002415647,0,0,0,0,-0.0,1.311084,7.944408,-4.756817e-10,0.001311086,0.007944419,False,0.008009,False
2021-10-29,CE02SHBP-LJ01D-07-VEL3DC108,8,True,2021-10-29T00:00:00Z,2021-10-29T23:59:59Z,86400,86400,0,1.0,1.00036335,0.999998946,0.001379767,0,0,0,0,-1e-06,1.359487,7.610942,-5.182168e-10,0.001359489,0.00761095,False,0.008225,False
2021-10-30,CE02SHBP-LJ01D-07-VEL3DC108,8,True,2021-10-30T00:00:00Z,2021-10-30T23:59:59Z,86400,86400,0,1.0,1.00036335,0.999998862,-0.00770047,0,0,0,0,-0.0,4.574165,14.08178,-4.785898e-10,0.00457417,0.0140818,False,0.008971,False
2021-10-31,CE02SHBP-LJ01D-07-VEL3DC108,8,True,2021-10-31T00:00:00Z,2021-10-31T23:59:59Z,86400,86400,0,1.0,1.00036335,0.999998883,-0.002552243,0,0,1,1,-0.0,2.047749,348.543747,-1.950329e-10,0.002047752,0.3485441,False,0.347677,False
2021-11-01,CE02SHBP-LJ01D-07-VEL3DC108,8,True,2021-11-01T00:00:00Z,2021-11-01T14:59:42Z,53983,53983,0,1.0,1.00036335,0.999998899,0.000571618,0,0,0,0,-0.0,1.40153,8.391472,-6.736892e-11,0.001401531,0.008391481,False,0.008007,False
2021-11-02,CE02SHBP-LJ01D-07-VEL3DC108,8,False,,,0,0,,1.0,,,,,,,,,,,,,,,,False
2021-11-03,CE02SHBP-LJ01D-07-VEL3DC108,8,False,,,0,0,,1.0,,,,,,,,,,,,,,,,False
2021-11-04,CE02SHBP-LJ01D-07-VEL3DC108,8,False,,,0,0,,1.0,,,,,,,,,,,,,,,,False
2021-11-05,CE02SHBP-LJ01D-07-VEL3DC108,8,False,,,0,0,,1.0,,,,,,,,,,,,,,,,False
2021-11-06,CE02SHBP-LJ01D-07-VEL3DC108,8,True,2021-11-06T00:01:43Z,2021-11-06T23:59:59Z,86297,86297,0,1.0,1.000362873,0.999998804,-0.073804189,0,0,0,0,0.0,1.501789,73.804189,1.226229e-10,0.001501791,0.07380428,False,0.07403,False
2021-11-07,CE02SHBP-LJ01D-07-VEL3DC108,8,True,2021-11-07T00:00:00Z,2021-11-07T23:59:59Z,86401,86401,0,1.0,1.000362873,0.999998777,-0.000283207,0,0,5,5,0.0,1.329096,7.434746,8.963049e-11,0.001329097,0.007434755,False,0.008261,False
2021-11-08,CE02SHBP-LJ01D-07-VEL3DC108,8,True,2021-11-08T00:00:00Z,2021-11-08T23:59:59Z,86400,86400,0,1.0,1.000362873,0.999998799,-0.000137672,0,0,0,0,-1e-06,1.420614,8.493343,-5.033415e-10,0.001420616,0.008493353,False,0.008007,False
2021-11-09,CE02SHBP-LJ01D-07-VEL3DC108,8,True,2021-11-09T00:00:00Z,2021-11-09T23:59:59Z,86400,86400,0,1.0,1.000362873,0.999998668,0.003774477,0,0,0,0,-0.0,2.067208,10.045958,-4.347183e-10,0.002067211,0.01004597,False,0.008009,False
2021-11-10,CE02SHBP-LJ01D-07-VEL3DC108,8,True,2021-11-10T00:00:00Z,2021-11-10T23:59:59Z,86400,86400,0,1.0,1.000362873,0.999998732,-0.001169013,0,0,0,0,-0.0,2.749182,9.837634,-4.997565e-10,0.002749186,0.009837646,False,0.008006,False
2021-11-11,CE02SHBP-LJ01D-07-VEL3DC108,8,True,2021-11-11T00:00:00Z,2021-11-11T23:59:59Z,86400,86400,0,1.0,1.000362873,0.999998647,0.002873508,0,0,0,0,-0.0,1.606201,8.415816,-4.981941e-10,0.001606204,0.008415828,False,0.008009,False
2021-11-12,CE02SHBP-LJ01D-07-VEL3DC108,8,True,2021-11-12T00:00:00Z,2021-11-12T23:59:59Z,86400,86400,0,1.0,1.000362873,0.999998466,-1.1814e-05,0,0,0,0,-0.0,1.262108,7.574776,-4.927768e-10,0.00126211,0.007574788,False,0.00801,False
2021-11-13,CE02SHBP-LJ01D-07-VEL3DC108,8,True,2021-11-13T00:00:00Z,2021-11-13T23:59:59Z,86400,86400,0,1.0,1.000362873,0.999998573,-0.001992335,0,0,0,0,-0.0,2.212323,10.45793,-4.567562e-10,0.002212327,0.01045795,False,0.008011,False
2021-11-14,CE02SHBP-LJ01D-07-VEL3DC108,8,True,2021-11-14T00:00:00Z,2021-11-14T23:59:59Z,86400,86400,0,1.0,1.000362873,0.999998783,0.000569254,0,0,0,0,-0.0,1.977478,8.775441,-4.495362e-10,0.00197748,0.008775452,False,0.008003,False
2021-11-15,CE02SHBP-LJ01D-07-VEL3DC108,8,True,2021-11-15T00:00:00Z,2021-11-15T23:59:59Z,86400,86400,0,1.0,1.000362873,0.999998748,-0.004424531,0,0,0,0,-1e-06,2.624116,10.694463,-5.150912e-10,0.002624119,0.01069448,False,0.008004,False
2021-11-16,CE02SHBP-LJ01D-07-VEL3DC108,8,True,2021-11-16T00:00:00Z,2021-11-16T23:59:59Z,86401,86401,0,1.0,1.000362873,0.999998747,0.000749653,0,0,7,7,-0.0,1.39155,8.198521,-8.261528e-12,0.001391552,0.008198531,False,0.008,False
2021-11-17,CE02SHBP-LJ01D-07-VEL3DC108,8,True,2021-11-17T00:00:00Z,2021-11-17T23:59:59Z,86400,86400,0,1.0,1.000362873,0.999998759,-0.000352324,0,0,0,0,-0.0,3.431994,13.183127,-4.444629e-10,0.003431998,0.01318314,False,0.008225,False
2021-11-18,CE02SHBP-LJ01D-07-VEL3DC108,8,True,2021-11-18T00:00:00Z,2021-11-18T23:59:59Z,86400,86400,0,1.0,1.000362873,0.999998729,-0.004530054,0,0,0,0,-0.0,2.20734,10.61346,-4.479702e-10,0.002207342,0.01061347,False,0.008011,False
2021-11-19,CE02SHBP-LJ01D-07-VEL3DC108,8,True,2021-11-19T00:00:00Z,2021-11-19T23:59:59Z,86400,86400,0,1.0,1.000362873,0.999998796,0.001215639,0,0,0,0,-1e-06,1.363312,7.691376,-5.078829e-10,0.001363314,0.007691386,False,0.008004,False
2021-11-20,CE02SHBP-LJ01D-07-VEL3DC108,8,True,2021-11-20T00:00:00Z,2021-11-20T23:59:59Z,86400,86400,0,1.0,1.000362873,0.999998546,0.00419074,0,0,0,0,-0.0,1.771298,9.342542,-4.627117e-10,0.0017713,0.009342556,False,0.008007,False
2021-11-21,CE02SHBP-LJ01D-07-VEL3DC108,8,True,2021-11-21T00:00:00Z,2021-11-21T23:59:59Z,86400,86400,0,1.0,1.000362873,0.999998679,0.00492331,0,0,0,0,-0.0,2.502343,9.738177,-4.906418e-10,0.002502346,0.00973819,False,0.008239,False
2021-11-22,CE02SHBP-LJ01D-07-VEL3DC108,8,True,2021-11-22T00:00:00Z,2021-11-22T23:59:59Z,86400,86400,0,1.0,1.000362873,0.999998693,0.001793786,0,0,0,0,-0.0,1.580025,9.236813,-4.701141e-10,0.001580027,0.009236825,False,0.008005,False
2021-11-23,CE02SHBP-LJ01D-07-VEL3DC108,8,True,2021-11-23T00:00:00Z,2021-11-23T23:59:59Z,86400,86400,0,1.0,1.000362873,0.999998644,-0.00105196,0,0,0,0,-1e-06,1.476649,8.867875,-5.034442e-10,0.001476651,0.008867887,False,0.008007,False
2021-11-24,CE02SHBP-LJ01D-07-VEL3DC108,8,True,2021-11-24T00:00:00Z,2021-11-24T23:59:59Z,86400,86400,0,1.0,1.000362873,0.999998419,0.001689808,0,0,0,0,-1e-06,1.639158,8.656282,-5.009945e-10,0.001639161,0.008656296,False,0.008227,False
2021-11-25,CE02SHBP-LJ01D-07-VEL3DC108,8,True,2021-11-25T00:00:00Z,2021-11-25T23:59:59Z,86401,86401,0,1.0,1.000362873,0.999998573,-0.002229003,0,0,6,6,0.0,1.621274,8.453843,4.05142e-10,0.001621276,0.008453855,False,0.008007,False
2021-11-26,CE02SHBP-LJ01D-07-VEL3DC108,8,True,2021-11-26T00:00:00Z,2021-11-26T23:59:59Z,86400,86400,0,1.0,1.000362873,0.999998743,0.00161487,0,0,0,0,-1e-06,2.189122,9.770457,-5.142381e-10,0.002189125,0.00977047,False,0.008007,False
2021-11-27,CE02SHBP-LJ01D-07-VEL3DC108,8,True,2021-11-27T00:00:00Z,2021-11-27T23:59:59Z,86400,86400,0,1.0,1.000362873,0.999998785,-0.004289038,0,0,0,0,-1e-06,1.515468,8.305432,-5.041031e-10,0.00151547,0.008305442,False,0.008008,False
2021-11-28,CE02SHBP-LJ01D-07-VEL3DC108,8,True,2021-11-28T00:00:00Z,2021-11-28T23:59:59Z,86400,86400,0,1.0,1.000362873,0.999998649,0.001859694,0,0,0,0,-0.0,1.642218,8.502057,-4.937488e-10,0.00164222,0.008502068,False,0.008226,False
2021-11-29,CE02SHBP-LJ01D-07-VEL3DC108,8,True,2021-11-29T00:00:00Z,2021-11-29T23:59:59Z,86400,86400,0,1.0,1.000362873,0.999998548,-0.000738278,0,0,0,0,-0.0,1.903835,11.025164,-4.942109e-10,0.001903837,0.01102518,False,0.008011,False
2021-11-30,CE02SHBP-LJ01D-07-VEL3DC108,8,True,2021-11-30T00:00:00Z,2021-11-30T23:59:59Z,86400,86400,0,1.0,1.000362873,0.999998606,-0.002310227,0,0,0,0,-0.0,2.486518,10.160664,-4.622142e-10,0.002486521,0.01016068,False,0.008008,False
2021-12-01,CE02SHBP-LJ01D-07-VEL3DC108,8,True,2021-12-01T00:00:00Z,2021-12-01T23:59:59Z,86400,86400,0,1.0,1.000362873,0.999998635,0.000360682,0,0,0,0,-0.0,1.960755,9.755558,-4.858643e-10,0.001960758,0.009755571,False,0.008009,False
2021-12-02,CE02SHBP-LJ01D-07-VEL3DC108,8,True,2021-12-02T00:00:02Z,2021-12-02T23:59:59Z,86398,86398,0,1.0,1.000362873,0.999998697,-0.000489149,0,0,0,0,0.0,1.360166,7.660853,1.721572e-10,0.001360168,0.007660863,False,0.008162,False
2021-12-03,CE02SHBP-LJ01D-07-VEL3DC108,8,True,2021-12-03T00:00:00Z,2021-12-03T23:59:59Z,86401,86401,0,1.0,1.000362873,0.999998541,0.008691138,0,0,6,6,1e-06,5.021199,14.891567,6.785278e-10,0.005021206,0.01489159,False,0.008011,False
2021-12-04,CE02SHBP-LJ01D-07-VEL3DC108,8,True,2021-12-04T00:00:00Z,2021-12-04T23:59:59Z,86400,86400,0,1.0,1.000362873,0.99999828,0.001294493,0,0,0,0,-1e-06,1.481992,8.473078,-5.179265e-10,0.001481995,0.008473092,False,0.008527,False
2021-12-05,CE02SHBP-LJ01D-07-VEL3DC108,8,True,2021-12-05T00:00:00Z,2021-12-05T23:59:59Z,86400,86400,0,1.0,1.000362873,0.999998234,0.000270267,0,0,0,0,-0.0,1.301254,8.073909,-4.91335e-10,0.001301257,0.008073923,False,0.008012,False
2021-12-06,CE02SHBP-LJ01D-07-VEL3DC108,8,True,2021-12-06T00:00:00Z,2021-12-06T23:59:59Z,86400,86400,0,1.0,1.000362873,0.999998231,0.000201208,0,0,0,0,-1e-06,1.619223,8.948987,-5.192288e-10,0.001619225,0.008949003,False,0.008012,False
2021-12-07,CE02SHBP-LJ01D-07-VEL3DC108,8,True,2021-12-07T00:00:00Z,2021-12-07T23:59:59Z,86400,86400,0,1.0,1.000362873,0.999998176,0.000489649,0,0,0,0,-1e-06,2.52986,10.166942,-5.387186e-10,0.002529864,0.01016696,False,0.008012,False
2021-12-08,CE02SHBP-LJ01D-07-VEL3DC108,8,True,2021-12-08T00:00:00Z,2021-12-08T23:59:59Z,86400,86400,0,1.0,1.000362873,0.999998462,-0.002877257,0,0,0,0,-0.0,5.560611,18.276952,-4.843194e-10,0.005560619,0.01827698,False,0.008011,False
2021-12-09,CE02SHBP-LJ01D-07-VEL3DC108,8,True,2021-12-09T00:00:00Z,2021-12-09T23:59:59Z,86400,86400,0,1.0,1.000362873,0.99999819,0.001108689,0,0,0,0,-0.0,2.151455,8.644972,-4.50985e-10,0.002151459,0.008644987,False,0.008227,False
2021-12-10,CE02SHBP-LJ01D-07-VEL3DC108,8,True,2021-12-10T00:00:00Z,2021-12-10T23:59:59Z,86401,86401,0,1.0,1.000362873,0.999998276,-0.002571962,0,0,3,3,0.0,2.369308,10.293845,2.115081e-10,0.002369312,0.01029386,False,0.008186,False
2021-12-11,CE02SHBP-LJ01D-07-VEL3DC108,8,True,2021-12-11T00:00:00Z,2021-12-11T23:59:59Z,86400,86400,0,1.0,1.000362873,0.999998447,-0.007575163,0,0,0,0,-0.0,4.358594,14.581825,-4.644081e-10,0.004358601,0.01458185,False,0.008012,False
2021-12-12,CE02SHBP-LJ01D-07-VEL3DC108,8,True,2021-12-12T00:00:00Z,2021-12-12T23:59:59Z,86400,86400,0,1.0,1.000362873,0.999998825,0.00222813,0,0,0,0,-0.0,3.256588,11.720708,-4.866686e-10,0.003256592,0.01172072,False,0.008006,False
2021-12-13,CE02SHBP-LJ01D-07-VEL3DC108,8,True,2021-12-13T00:00:00Z,2021-12-13T23:59:59Z,86400,86400,0,1.0,1.000362873,0.999998625,0.005543147,0,0,0,0,-0.0,2.496174,11.194034,-4.650817e-10,0.002496177,0.01119405,False,0.008225,False
2021-12-14,CE02SHBP-LJ01D-07-VEL3DC108,8,True,2021-12-14T00:00:00Z,2021-12-14T23:59:59Z,86400,86400,0,1.0,1.000362873,0.999998662,0.003383198,0,0,0,0,-0.0,2.004142,9.823921,-4.78462e-10,0.002004145,0.009823934,False,0.008163,False
2021-12-15,CE02SHBP-LJ01D-07-VEL3DC108,8,True,2021-12-15T00:00:00Z,2021-12-15T23:59:59Z,86400,86400,0,1.0,1.000362873,0.999998703,0.002635867,0,0,0,0,-0.0,1.500265,8.193816,-4.685249e-10,0.001500267,0.008193827,False,0.008224,False
2021-12-16,CE02SHBP-LJ01D-07-VEL3DC108,8,True,2021-12-16T00:00:00Z,2021-12-16T23:59:59Z,86400,86400,0,1.0,1.000362873,0.999998709,0.000265196,0,0,0,0,-1e-06,3.009022,11.918617,-5.25636e-10,0.003009026,0.01191863,False,0.008008,False
2021-12-17,CE02SHBP-LJ01D-07-VEL3DC108,8,True,2021-12-17T00:00:00Z,2021-12-17T23:59:59Z,86400,86400,0,1.0,1.000362873,0.999998643,-0.001275299,0,0,0,0,-1e-06,1.653218,9.59648,-5.086706e-10,0.00165322,0.009596493,False,0.008005,False
2021-12-18,CE02SHBP-LJ01D-07-VEL3DC108,8,True,2021-12-18T00:00:00Z,2021-12-18T23:59:59Z,86401,86401,0,1.0,1.000362873,0.999998901,-0.001342068,0,0,3,3,0.0,1.38201,7.889802,2.20836e-11,0.001382012,0.00788981,False,0.008004,False
2021-12-19,CE02SHBP-LJ01D-07-VEL3DC108,8,True,2021-12-19T00:00:00Z,2021-12-19T23:59:59Z,86400,86400,0,1.0,1.000362873,0.999998671,-0.000886927,0,0,0,0,-1e-06,2.335298,9.873476,-5.023617e-10,0.002335302,0.009873489,False,0.008006,False
2021-12-20,CE02SHBP-LJ01D-07-VEL3DC108,8,True,2021-12-20T00:00:00Z,2021-12-20T23:59:59Z,86140,86400,260,1.0,1.000362873,0.999998613,0.004090669,1,260,1,260,-1e-06,1.750593,8.94207,-1.128392e-09,0.001750596,0.008942082,False,0.094797,True
2021-12-21,CE02SHBP-LJ01D-07-VEL3DC108,8,True,2021-12-21T00:00:00Z,2021-12-21T23:59:59Z,86400,86400,0,1.0,1.000362873,0.999998518,0.000752865,0,0,0,0,-1e-06,2.178847,9.726333,-5.053256e-10,0.00217885,0.009726348,False,0.008003,False
2021-12-22,CE02SHBP-LJ01D-07-VEL3DC108,8,True,2021-12-22T00:00:00Z,2021-12-22T23:59:59Z,86400,86400,0,1.0,1.000362873,0.999998572,8.1473e-05,0,0,0,0,-0.0,1.786547,8.564428,-4.49381e-10,0.001786549,0.00856444,False,0.007999,False
2021-12-23,CE02SHBP-LJ01D-07-VEL3DC108,8,True,2021-12-23T00:00:00Z,2021-12-23T23:59:59Z,86400,86400,0,1.0,1.000362873,0.999998524,-0.00037723,0,0,0,0,-0.0,1.358235,7.832504,-4.481864e-10,0.001358237,0.007832515,False,0.008004,False
2021-12-24,CE02SHBP-LJ01D-07-VEL3DC108,8,True,2021-12-24T00:00:00Z,2021-12-24T23:59:59Z,86400,86400,0,1.0,1.000362873,0.999998488,-0.000509017,0,0,0,0,-0.0,1.313925,7.686649,-4.465282e-10,0.001313927,0.00768666,False,0.008004,False
2021-12-25,CE02SHBP-LJ01D-07-VEL3DC108,8,True,2021-12-25T00:00:00Z,2021-12-25T23:59:59Z,86400,86400,0,1.0,1.000362873,0.999998502,-0.000297885,0,0,0,0,-0.0,1.234962,7.280719,-4.564077e-10,0.001234963,0.00728073,False,0.007998,False
2021-12-26,CE02SHBP-LJ01D-07-VEL3DC108,8,True,2021-12-26T00:00:00Z,2021-12-26T23:59:59Z,86401,86401,0,1.0,1.000362873,0.999998684,-0.003104016,0,0,2,2,0.0,2.176998,10.189712,9.178397e-11,0.002177,0.01018973,False,0.008004,False
2021-12-27,CE02SHBP-LJ01D-07-VEL3DC108,8,True,2021-12-27T00:00:00Z,2021-12-27T23:59:59Z,86400,86400,0,1.0,1.000362873,0.999998538,0.000849606,0,0,0,0,-0.0,1.528809,8.485673,-4.354566e-10,0.001528812,0.008485686,False,0.009903,False
2021-12-28,CE02SHBP-LJ01D-07-VEL3DC108,8,True,2021-12-28T00:00:00Z,2021-12-28T23:59:59Z,86400,86400,0,1.0,1.000362873,0.999998543,-0.001142723,0,0,0,0,-0.0,1.831501,9.046802,-4.941994e-10,0.001831504,0.009046815,False,0.008004,False
2021-12-29,CE02SHBP-LJ01D-07-VEL3DC108,8,True,2021-12-29T00:00:00Z,2021-12-29T23:59:59Z,86400,86400,0,1.0,1.000362873,0.999998511,-0.001116329,0,0,0,0,-1e-06,1.423441,8.162814,-5.191907e-10,0.001423443,0.008162826,False,0.007993,False
2021-12-30,CE02SHBP-LJ01D-07-VEL3DC108,8,True,2021-12-30T00:00:00Z,2021-12-30T23:59:59Z,86400,86400,0,1.0,1.000362873,0.999998603,0.000236672,0,0,0,0,-0.0,1.651833,8.556119,-4.752237e-10,0.001651836,0.008556131,False,0.008004,False
2021-12-31,CE02SHBP-LJ01D-07-VEL3DC108,8,True,2021-12-31T00:00:00Z,2021-12-31T23:59:59Z,86400,86400,0,1.0,1.000362873,0.999998624,0.000834202,0,0,0,0,-0.0,1.293166,7.802818,-4.846578e-10,0.001293168,0.007802829,False,0.008006,False
2022-01-01,CE02SHBP-LJ01D-07-VEL3DC108,8,True,2022-01-01T00:00:00Z,2022-01-01T23:59:59Z,86400,86400,0,1.0,1.000362873,0.999998634,0.000801951,0,0,0,0,-0.0,1.474016,7.754048,-4.880832e-10,0.001474018,0.007754059,False,0.008007,False
2022-01-02,CE02SHBP-LJ01D-07-VEL3DC108,8,True,2022-01-02T00:00:00Z,2022-01-02T23:59:59Z,86400,86400,0,1.0,1.000362873,0.999998638,0.002183763,0,0,0,0,-1e-06,1.678217,9.353253,-5.090231e-10,0.001678219,0.009353266,False,0.007999,False
2022-01-03,CE02SHBP-LJ01D-07-VEL3DC108,8,True,2022-01-03T00:00:00Z,2022-01-03T23:59:59Z,86164,86400,236,1.0,1.000362873,0.999998693,-0.003673935,1,236,1,236,0.0,1.418914,8.007448,2.716186e-10,0.001418916,0.008007458,False,0.086727,True
2022-01-04,CE02SHBP-LJ01D-07-VEL3DC108,8,True,2022-01-04T00:00:00Z,2022-01-04T23:59:59Z,86401,86401,0,1.0,1.000362873,0.999998707,0.001334352,0,0,6,6,-0.0,1.755302,8.923257,-2.099323e-10,0.001755304,0.008923268,False,0.008004,False
2022-01-05,CE02SHBP-LJ01D-07-VEL3DC108,8,True,2022-01-05T00:00:00Z,2022-01-05T23:59:59Z,86400,86400,0,1.0,1.000362873,0.999998749,-0.000324027,0,0,0,0,-0.0,1.484183,8.24892,-4.731395e-10,0.001484185,0.00824893,False,0.008005,False
2022-01-06,CE02SHBP-LJ01D-07-VEL3DC108,8,True,2022-01-06T00:00:00Z,2022-01-06T23:59:59Z,86400,86400,0,1.0,1.000362873,0.999998751,-0.000802262,0,0,0,0,-0.0,1.750425,8.904622,-4.645212e-10,0.001750427,0.008904633,False,0.008012,False
2022-01-07,CE02SHBP-LJ01D-07-VEL3DC108,8,True,2022-01-07T00:00:00Z,2022-01-07T23:59:59Z,86400,86400,0,1.0,1.000362873,0.999998755,-0.001609756,0,0,0,0,-0.0,1.419328,8.246951,-4.831774e-10,0.00141933,0.008246961,False,0.008002,False
2022-01-08,CE02SHBP-LJ01D-07-VEL3DC108,8,True,2022-01-08T00:00:00Z,2022-01-08T23:59:59Z,86400,86400,0,1.0,1.000362873,0.999998698,-0.00207013,0,0,0,0,-0.0,1.702642,9.139921,-4.561779e-10,0.001702644,0.009139933,False,0.007999,False
2022-01-09,CE02SHBP-LJ01D-07-VEL3DC108,8,True,2022-01-09T00:00:00Z,2022-01-09T23:59:59Z,86400,86400,0,1.0,1.000362873,0.999998741,-0.000280211,0,0,0,0,-1e-06,2.113342,9.518875,-5.267968e-10,0.002113345,0.009518887,False,0.008006,False
2022-01-10,CE02SHBP-LJ01D-07-VEL3DC108,8,True,2022-01-10T00:00:00Z,2022-01-10T23:59:59Z,86400,86400,0,1.0,1.000362873,0.999998762,0.000236112,0,0,0,0,-0.0,1.494991,8.250414,-4.760126e-10,0.001494993,0.008250424,False,0.007997,False
2022-01-11,CE02SHBP-LJ01D-07-VEL3DC108,8,True,2022-01-11T00:00:00Z,2022-01-11T23:59:59Z,86400,86400,0,1.0,1.000362873,0.999998746,0.000343894,0,0,0,0,-0.0,1.795076,8.269886,-4.265877e-10,0.001795078,0.008269896,False,0.008003,False
2022-01-12,CE02SHBP-LJ01D-07-VEL3DC108,8,True,2022-01-12T00:00:00Z,2022-01-12T23:59:59Z,86400,86400,0,1.0,1.000362873,0.999998687,-0.000693017,0,0,0,0,-0.0,1.640838,8.41818,-4.839698e-10,0.00164084,0.008418191,False,0.008004,False
2022-01-13,CE02SHBP-LJ01D-07-VEL3DC108,8,True,2022-01-13T00:00:00Z,2022-01-13T23:59:59Z,86401,86401,0,1.0,1.000362873,0.99999869,0.000500745,0,0,6,6,-0.0,1.569572,8.322353,-8.539804e-12,0.001569574,0.008322364,False,0.008007,False
2022-01-14,CE02SHBP-LJ01D-07-VEL3DC108,8,True,2022-01-14T00:00:00Z,2022-01-14T23:59:59Z,86400,86400,0,1.0,1.000362873,0.999998692,-0.004360669,0,0,0,0,-1e-06,1.364682,7.419426,-5.518083e-10,0.001364684,0.007419435,False,0.008268,False
2022-01-15,CE02SHBP-LJ01D-07-VEL3DC108,8,True,2022-01-15T00:00:00Z,2022-01-15T23:59:59Z,86400,86400,0,1.0,1.000362873,0.999998732,-0.001406305,0,0,0,0,-1e-06,1.551457,7.944362,-5.234554e-10,0.001551459,0.007944372,False,0.008004,False
2022-01-16,CE02SHBP-LJ01D-07-VEL3DC108,8,True,2022-01-16T00:00:00Z,2022-01-16T23:59:59Z,86400,86400,0,1.0,1.000362873,0.999998779,-0.00826185,0,0,0,0,-0.0,2.062444,9.487769,-4.831439e-10,0.002062447,0.00948778,False,0.008003,False
2022-01-17,CE02SHBP-LJ01D-07-VEL3DC108,8,True,2022-01-17T00:00:00Z,2022-01-17T23:59:59Z,86400,86400,0,1.0,1.00036335,0.999998882,-0.003615677,0,0,0,0,-1e-06,1.353253,7.795696,-5.081477e-10,0.001353254,0.007795705,False,0.008003,False
2022-01-18,CE02SHBP-LJ01D-07-VEL3DC108,8,True,2022-01-18T00:00:00Z,2022-01-18T23:59:59Z,86400,86400,0,1.0,1.00036335,0.999998918,0.001063356,0,0,0,0,-1e-06,1.24615,7.408247,-5.145409e-10,0.001246151,0.007408255,False,0.008004,False
2022-01-19,CE02SHBP-LJ01D-07-VEL3DC108,8,True,2022-01-19T00:00:00Z,2022-01-19T23:59:59Z,86400,86400,0,1.0,1.00036335,0.999998928,-0.001319284,0,0,0,0,-0.0,1.489799,8.281521,-4.570343e-10,0.0014898,0.008281529,False,0.008004,False
2022-01-20,CE02SHBP-LJ01D-07-VEL3DC108,8,True,2022-01-20T00:00:00Z,2022-01-20T23:59:59Z,86400,86400,0,1.0,1.00036335,0.999998901,-0.000452365,0,0,0,0,-0.0,1.653219,8.801965,-4.981588e-10,0.001653221,0.008801974,False,0.008225,False
2022-01-21,CE02SHBP-LJ01D-07-VEL3DC108,8,True,2022-01-21T00:00:00Z,2022-01-21T23:59:59Z,86400,86400,0,1.0,1.000362873,0.999998832,-0.003654561,0,0,0,0,-0.0,2.736035,11.240153,-4.989216e-10,0.002736038,0.01124017,False,0.008008,False
2022-01-22,CE02SHBP-LJ01D-07-VEL3DC108,8,True,2022-01-22T00:00:00Z,2022-01-22T23:59:59Z,86401,86401,0,1.0,1.000362873,0.999998603,-0.000759963,0,0,6,6,-1e-06,2.410854,10.436616,-5.290088e-10,0.002410858,0.01043663,False,0.008228,False
2022-01-23,CE02SHBP-LJ01D-07-VEL3DC108,8,True,2022-01-23T00:00:00Z,2022-01-23T23:59:59Z,86400,86400,0,1.0,1.000362873,0.999998651,-0.000290781,0,0,0,0,-0.0,3.828974,13.403785,-4.368577e-10,0.00382898,0.0134038,False,0.008008,False
2022-01-24,CE02SHBP-LJ01D-07-VEL3DC108,8,True,2022-01-24T00:00:00Z,2022-01-24T23:59:59Z,86400,86400,0,1.0,1.000362873,0.999998757,0.000676572,0,0,0,0,-0.0,2.607109,10.72505,-4.887324e-10,0.002607112,0.01072506,False,0.008007,False
2022-01-25,CE02SHBP-LJ01D-07-VEL3DC108,8,True,2022-01-25T00:00:00Z,2022-01-25T23:59:59Z,86400,86400,0,1.0,1.000362873,0.999998709,0.000858002,0,0,0,0,-0.0,2.150061,9.796004,-4.963721e-10,0.002150064,0.009796017,False,0.008004,False
2022-01-26,CE02SHBP-LJ01D-07-VEL3DC108,8,True,2022-01-26T00:00:00Z,2022-01-26T23:59:59Z,86400,86400,0,1.0,1.000362873,0.999998672,0.001367092,0,0,0,0,-0.0,1.307535,7.706519,-4.406553e-10,0.001307537,0.00770653,False,0.008007,False
2022-01-27,CE02SHBP-LJ01D-07-VEL3DC108,8,True,2022-01-27T00:00:00Z,2022-01-27T23:59:59Z,86400,86400,0,1.0,1.000362873,0.999998668,0.00018658,0,0,0,0,-1e-06,1.317747,7.366784,-5.116517e-10,0.001317748,0.007366794,False,0.008007,False
2022-01-28,CE02SHBP-LJ01D-07-VEL3DC108,8,True,2022-01-28T00:00:00Z,2022-01-28T23:59:59Z,86400,86400,0,1.0,1.000362873,0.9999986,0.000907103,0,0,0,0,-0.0,1.470942,8.186541,-4.769903e-10,0.001470944,0.008186552,False,0.008009,False
2022-01-29,CE02SHBP-LJ01D-07-VEL3DC108,8,True,2022-01-29T00:00:00Z,2022-01-29T23:59:59Z,86400,86400,0,1.0,1.000362873,0.999998675,0.001022199,0,0,0,0,-1e-06,1.731538,8.445847,-5.029834e-10,0.001731541,0.008445858,False,0.00801,False
2022-01-30,CE02SHBP-LJ01D-07-VEL3DC108,8,True,2022-01-30T00:00:00Z,2022-01-30T23:59:59Z,86400,86400,0,1.0,1.000362873,0.999998646,-0.002877409,0,0,0,0,-0.0,1.6339,8.085816,-4.295631e-10,0.001633902,0.008085827,False,0.00801,False
2022-01-31,CE02SHBP-LJ01D-07-VEL3DC108,8,True,2022-01-31T00:00:00Z,2022-01-31T23:59:59Z,86401,86401,0,1.0,1.000362873,0.999998571,0.001253636,0,0,6,6,-1e-06,7.864419,17.855305,-9.419174e-10,0.00786443,0.01785533,False,0.00801,False
2022-02-01,CE02SHBP-LJ01D-07-VEL3DC108,8,True,2022-02-01T00:00:00Z,2022-02-01T23:59:59Z,86400,86400,0,1.0,1.000362873,0.999998662,0.011655431,0,0,0,0,-0.0,3.383007,12.106623,-4.710648e-10,0.003383011,0.01210664,False,0.00801,False
2022-02-02,CE02SHBP-LJ01D-07-VEL3DC108,8,True,2022-02-02T00:00:01Z,2022-02-02T23:59:59Z,86399,86399,0,1.0,1.000362873,0.999998627,0.001611132,0,0,0,0,0.0,1.837621,8.894672,2.438148e-10,0.001837624,0.008894684,False,0.008008,False
2022-02-03,CE02SHBP-LJ01D-07-VEL3DC108,8,True,2022-02-03T00:00:00Z,2022-02-03T23:59:59Z,86400,86400,0,1.0,1.000362873,0.999998716,-0.000746615,0,0,0,0,-0.0,2.022483,9.671054,-4.683451e-10,0.002022485,0.009671066,False,0.008006,False
2022-02-04,CE02SHBP-LJ01D-07-VEL3DC108,8,True,2022-02-04T00:00:00Z,2022-02-04T23:59:59Z,86400,86400,0,1.0,1.000362873,0.999998825,-0.000144146,0,0,0,0,-0.0,2.352016,10.5047,-4.821134e-10,0.002352019,0.01050471,False,0.008261,False
2022-02-05,CE02SHBP-LJ01D-07-VEL3DC108,8,True,2022-02-05T00:00:00Z,2022-02-05T23:59:59Z,86400,86400,0,1.0,1.000362873,0.999998812,0.001736918,0,0,0,0,-0.0,2.42787,11.328064,-4.959128e-10,0.002427873,0.01132808,False,0.008005,False
2022-02-06,CE02SHBP-LJ01D-07-VEL3DC108,8,True,2022-02-06T00:00:00Z,2022-02-06T23:59:59Z,86400,86400,0,1.0,1.00036335,0.999998831,0.005933237,0,0,0,0,-0.0,3.337165,11.911218,-4.650498e-10,0.003337169,0.01191123,False,0.008006,False
2022-02-07,CE02SHBP-LJ01D-07-VEL3DC108,8,True,2022-02-07T00:00:00Z,2022-02-07T23:59:59Z,86400,86400,0,1.0,1.000362873,0.999998833,-3.875e-06,0,0,0,0,-0.0,2.131364,9.876087,-4.590159e-10,0.002131366,0.009876098,False,0.008008,False
2022-02-08,CE02SHBP-LJ01D-07-VEL3DC108,8,True,2022-02-08T00:00:00Z,2022-02-08T23:59:59Z,86400,86400,0,1.0,1.000362873,0.999998874,-0.000586528,0,0,0,0,-0.0,2.512055,10.986567,-4.598374e-10,0.002512058,0.01098658,False,0.008227,False
2022-02-09,CE02SHBP-LJ01D-07-VEL3DC108,8,True,2022-02-09T00:00:00Z,2022-02-09T23:59:59Z,86401,86401,0,1.0,1.000362873,0.999998889,-0.00117325,0,0,4,4,-1e-06,1.487193,8.46699,-5.302811e-10,0.001487195,0.008466999,False,0.00829,False
2022-02-10,CE02SHBP-LJ01D-07-VEL3DC108,8,True,2022-02-10T00:00:00Z,2022-02-10T23:59:59Z,86400,86400,0,1.0,1.000362873,0.999998568,0.002781057,0,0,0,0,-0.0,4.989048,14.298772,-4.996346e-10,0.004989055,0.01429879,False,0.008011,False
2022-02-11,CE02SHBP-LJ01D-07-VEL3DC108,8,True,2022-02-11T00:00:00Z,2022-02-11T23:59:59Z,86400,86400,0,1.0,1.000362873,0.999998279,0.00085836,0,0,0,0,-0.0,1.546917,9.334621,-4.734827e-10,0.00154692,0.009334637,False,0.008012,False
2022-02-12,CE02SHBP-LJ01D-07-VEL3DC108,8,True,2022-02-12T00:00:00Z,2022-02-12T23:59:59Z,86400,86400,0,1.0,1.000362873,0.999998435,-0.001262289,0,0,0,0,-0.0,1.548531,8.614156,-4.729731e-10,0.001548533,0.008614169,False,0.008223,False
2022-02-13,CE02SHBP-LJ01D-07-VEL3DC108,8,True,2022-02-13T00:00:00Z,2022-02-13T23:59:59Z,86400,86400,0,1.0,1.000362873,0.999998404,0.001727554,0,0,0,0,-1e-06,1.310897,7.931292,-5.171632e-10,0.001310899,0.007931304,False,0.008115,False
2022-02-14,CE02SHBP-LJ01D-07-VEL3DC108,8,True,2022-02-14T00:00:00Z,2022-02-14T23:59:59Z,86400,86400,0,1.0,1.000362873,0.999998347,-0.001171341,0,0,0,0,-0.0,1.369003,7.966907,-4.652587e-10,0.001369005,0.00796692,False,0.00801,False
2022-02-15,CE02SHBP-LJ01D-07-VEL3DC108,8,True,2022-02-15T00:00:00Z,2022-02-15T23:59:59Z,86400,86400,0,1.0,1.000362873,0.999998309,-0.005075957,0,0,0,0,-1e-06,1.442163,7.993206,-5.036969e-10,0.001442165,0.00799322,False,0.008011,False
2022-02-16,CE02SHBP-LJ01D-07-VEL3DC108,8,True,2022-02-16T00:00:00Z,2022-02-16T23:59:59Z,86401,86401,0,1.0,1.000362873,0.999998292,-0.000584691,0,0,4,4,0.0,1.818829,9.472525,7.045506e-11,0.001818832,0.009472541,False,0.008225,False
2022-02-17,CE02SHBP-LJ01D-07-VEL3DC108,8,True,2022-02-17T00:00:00Z,2022-02-17T23:59:59Z,86400,86400,0,1.0,1.000362873,0.999998471,-0.002578807,0,0,0,0,-0.0,4.670778,16.478896,-4.597261e-10,0.004670785,0.01647892,False,0.008011,False
2022-02-18,CE02SHBP-LJ01D-07-VEL3DC108,8,True,2022-02-18T00:00:00Z,2022-02-18T23:59:59Z,86400,86400,0,1.0,1.000362873,0.999998314,0.004436087,0,0,0,0,-0.0,1.544491,8.375362,-4.949548e-10,0.001544494,0.008375376,False,0.008009,False
2022-02-19,CE02SHBP-LJ01D-07-VEL3DC108,8,True,2022-02-19T00:00:00Z,2022-02-19T23:59:59Z,86400,86400,0,1.0,1.000362873,0.999998326,-8.4134e-05,0,0,0,0,-1e-06,1.475663,8.47048,-5.16552e-10,0.001475666,0.008470495,False,0.008224,False
2022-02-20,CE02SHBP-LJ01D-07-VEL3DC108,8,True,2022-02-20T00:00:00Z,2022-02-20T23:59:59Z,86400,86400,0,1.0,1.000362873,0.999998434,-0.000864827,0,0,0,0,-1e-06,1.312886,7.977271,-5.403111e-10,0.001312888,0.007977284,False,0.008524,False
2022-02-21,CE02SHBP-LJ01D-07-VEL3DC108,8,True,2022-02-21T00:00:00Z,2022-02-21T23:59:59Z,86400,86400,0,1.0,1.000362873,0.999998348,0.001130209,0,0,0,0,-0.0,1.396679,7.728363,-4.8262e-10,0.001396681,0.007728375,False,0.008116,False
2022-02-22,CE02SHBP-LJ01D-07-VEL3DC108,8,True,2022-02-22T00:00:00Z,2022-02-22T23:59:59Z,86400,86400,0,1.0,1.000362873,0.999998345,-0.000114481,0,0,0,0,-0.0,1.498948,8.196889,-4.886881e-10,0.00149895,0.008196902,False,0.008113,False
2022-02-23,CE02SHBP-LJ01D-07-VEL3DC108,8,True,2022-02-23T00:00:00Z,2022-02-23T23:59:59Z,86400,86400,0,1.0,1.000362873,0.999998548,-0.002016779,0,0,0,0,-0.0,1.552057,8.831718,-4.806805e-10,0.001552059,0.008831731,False,0.008115,False
2022-02-24,CE02SHBP-LJ01D-07-VEL3DC108,8,True,2022-02-24T00:00:00Z,2022-02-24T23:59:59Z,86401,86401,0,1.0,1.000362873,0.999998573,0.000393635,0,0,5,5,-0.0,1.312959,7.76108,-4.057356e-10,0.001312961,0.007761091,False,0.008115,False
2022-02-25,CE02SHBP-LJ01D-07-VEL3DC108,8,True,2022-02-25T00:00:00Z,2022-02-25T23:59:59Z,86400,86400,0,1.0,1.000362873,0.99999866,0.000782936,0,0,0,0,-0.0,1.342783,7.749799,-4.602191e-10,0.001342784,0.00774981,False,0.008115,False
2022-02-26,CE02SHBP-LJ01D-07-VEL3DC108,8,True,2022-02-26T00:00:00Z,2022-02-26T23:59:59Z,86400,86400,0,1.0,1.000362873,0.999998622,-0.000583563,0,0,0,0,-0.0,1.832731,9.506244,-4.696885e-10,0.001832733,0.009506258,False,0.008264,False
2022-02-27,CE02SHBP-LJ01D-07-VEL3DC108,8,True,2022-02-27T00:00:00Z,2022-02-27T23:59:59Z,86400,86400,0,1.0,1.000362873,0.999998558,0.002144966,0,0,0,0,-0.0,1.475481,8.166082,-4.150889e-10,0.001475483,0.008166094,False,0.008226,False
2022-02-28,CE02SHBP-LJ01D-07-VEL3DC108,8,True,2022-02-28T00:00:00Z,2022-02-28T23:59:59Z,86400,86400,0,1.0,1.000362873,0.999998384,-0.00051983,0,0,0,0,-0.0,1.516884,8.752379,-4.715594e-10,0.001516887,0.008752394,False,0.008117,False
2022-03-01,CE02SHBP-LJ01D-07-VEL3DC108,8,True,2022-03-01T00:00:00Z,2022-03-01T23:59:59Z,85137,86400,1263,1.0,1.000362873,0.999998259,0.001576361,2,1263,2,1263,-1e-06,1.847484,8.909125,-6.161068e-10,0.001847487,0.008909141,False,0.308641,True
2022-03-02,CE02SHBP-LJ01D-07-VEL3DC108,8,True,2022-03-02T00:00:00Z,2022-03-02T23:59:59Z,86400,86400,0,1.0,1.000362873,0.999998233,0.000236286,0,0,0,0,-0.0,2.286514,12.595736,-4.612512e-10,0.002286518,0.01259576,False,0.008011,False
2022-03-03,CE02SHBP-LJ01D-07-VEL3DC108,8,True,2022-03-03T00:00:00Z,2022-03-03T23:59:59Z,86401,86401,0,1.0,1.000362873,0.999998198,0.000261563,0,0,6,6,0.0,1.471678,8.006089,2.146634e-10,0.00147168,0.008006104,False,0.008227,False
2022-03-04,CE02SHBP-LJ01D-07-VEL3DC108,8,True,2022-03-04T00:00:00Z,2022-03-04T23:59:59Z,86400,86400,0,1.0,1.000362873,0.999998242,-0.000336393,0,0,0,0,-0.0,1.587832,8.406675,-4.317188e-10,0.001587835,0.00840669,False,0.008011,False
2022-03-05,CE02SHBP-LJ01D-07-VEL3DC108,8,True,2022-03-05T00:00:00Z,2022-03-05T23:59:59Z,86400,86400,0,1.0,1.000362873,0.999998308,-0.000299697,0,0,0,0,-0.0,1.901594,9.121528,-4.527881e-10,0.001901597,0.009121544,False,0.008161,False
2022-03-06,CE02SHBP-LJ01D-07-VEL3DC108,8,True,2022-03-06T00:00:00Z,2022-03-06T23:59:59Z,86400,86400,0,1.0,1.000362873,0.999998321,-0.000716983,0,0,0,0,-0.0,1.543991,8.558878,-4.670861e-10,0.001543994,0.008558892,False,0.008011,False
2022-03-07,CE02SHBP-LJ01D-07-VEL3DC108,8,True,2022-03-07T00:00:00Z,2022-03-07T23:59:59Z,86400,86400,0,1.0,1.000362873,0.999998378,-0.000426485,0,0,0,0,-0.0,1.401671,7.892114,-4.55425e-10,0.001401673,0.007892126,False,0.008226,False
2022-03-08,CE02SHBP-LJ01D-07-VEL3DC108,8,True,2022-03-08T00:00:00Z,2022-03-08T23:59:59Z,86400,86400,0,1.0,1.000362873,0.999998435,-0.000460651,0,0,0,0,-0.0,1.304117,7.530928,-4.883279e-10,0.001304119,0.00753094,False,0.008113,False
2022-03-09,CE02SHBP-LJ01D-07-VEL3DC108,8,True,2022-03-09T00:00:00Z,2022-03-09T23:59:59Z,86400,86400,0,1.0,1.000362873,0.999998442,0.001032266,0,0,0,0,-1e-06,1.440491,8.144065,-5.125408e-10,0.001440493,0.008144078,False,0.008225,False
2022-03-10,CE02SHBP-LJ01D-07-VEL3DC108,8,True,2022-03-10T00:00:00Z,2022-03-10T23:59:59Z,86401,86401,0,1.0,1.000362873,0.999998453,-0.000466029,0,0,3,3,0.0,1.359773,8.81544,4.134117e-11,0.001359775,0.008815454,False,0.008221,False
2022-03-11,CE02SHBP-LJ01D-07-VEL3DC108,8,True,2022-03-11T00:00:00Z,2022-03-11T23:59:59Z,86400,86400,0,1.0,1.000362873,0.999998395,-0.003610985,0,0,0,0,-0.0,2.012507,10.812542,-4.865022e-10,0.002012511,0.01081256,False,0.008113,False
2022-03-12,CE02SHBP-LJ01D-07-VEL3DC108,8,True,2022-03-12T00:00:00Z,2022-03-12T23:59:59Z,86400,86400,0,1.0,1.000362873,0.999998636,0.001406879,0,0,0,0,-0.0,1.750607,8.557501,-4.844538e-10,0.00175061,0.008557513,False,0.008114,False
2022-03-13,CE02SHBP-LJ01D-07-VEL3DC108,8,True,2022-03-13T00:00:00Z,2022-03-13T23:59:59Z,86400,86400,0,1.0,1.000362873,0.999998366,0.00320021,0,0,0,0,-0.0,1.537899,8.665982,-4.824289e-10,0.001537901,0.008665997,False,0.008113,False
2022-03-14,CE02SHBP-LJ01D-07-VEL3DC108,8,True,2022-03-14T00:00:00Z,2022-03-14T23:59:59Z,86400,86400,0,1.0,1.000362873,0.999998355,0.0015038,0,0,0,0,-0.0,1.486246,8.267547,-4.743779e-10,0.001486248,0.00826756,False,0.008224,False
2022-03-15,CE02SHBP-LJ01D-07-VEL3DC108,8,True,2022-03-15T00:00:00Z,2022-03-15T23:59:59Z,86400,86400,0,1.0,1.000362873,0.999998324,0.002323588,0,0,0,0,-1e-06,1.40571,7.838558,-5.033399e-10,0.001405712,0.007838571,False,0.00801,False
2022-03-16,CE02SHBP-LJ01D-07-VEL3DC108,8,True,2022-03-16T00:00:00Z,2022-03-16T23:59:59Z,86400,86400,0,1.0,1.000362873,0.999998329,0.003057986,0,0,0,0,-0.0,1.342646,7.90944,-4.731271e-10,0.001342648,0.007909453,False,0.00801,False
2022-03-17,CE02SHBP-LJ01D-07-VEL3DC108,8,True,2022-03-17T00:00:00Z,2022-03-17T23:59:59Z,86401,86401,0,1.0,1.000362873,0.999998289,0.001561256,0,0,5,5,-0.0,1.39254,8.430814,-2.704726e-10,0.001392543,0.008430829,False,0.008013,False
2022-03-18,CE02SHBP-LJ01D-07-VEL3DC108,8,True,2022-03-18T00:00:00Z,2022-03-18T23:59:59Z,86400,86400,0,1.0,1.000362873,0.999998339,-0.000309471,0,0,0,0,-1e-06,2.083081,9.851694,-5.15316e-10,0.002083085,0.009851711,False,0.008522,False
2022-03-19,CE02SHBP-LJ01D-07-VEL3DC108,8,True,2022-03-19T00:00:00Z,2022-03-19T23:59:59Z,86400,86400,0,1.0,1.000362873,0.999998313,0.000854743,0,0,0,0,-1e-06,1.573832,8.924759,-5.017772e-10,0.001573834,0.008924774,False,0.008012,False
2022-03-20,CE02SHBP-LJ01D-07-VEL3DC108,8,True,2022-03-20T00:00:00Z,2022-03-20T23:59:59Z,86400,86400,0,1.0,1.000362873,0.999998321,-0.001324859,0,0,0,0,-0.0,1.769011,9.083001,-4.994399e-10,0.001769014,0.009083016,False,0.008012,False
2022-03-21,CE02SHBP-LJ01D-07-VEL3DC108,8,True,2022-03-21T00:00:00Z,2022-03-21T23:59:59Z,86400,86400,0,1.0,1.000362873,0.999998412,-0.003485411,0,0,0,0,-0.0,2.512338,11.162902,-4.631697e-10,0.002512342,0.01116292,False,0.008224,False
2022-03-22,CE02SHBP-LJ01D-07-VEL3DC108,8,True,2022-03-22T00:00:00Z,2022-03-22T23:59:59Z,86400,86400,0,1.0,1.000362873,0.999998346,-0.001548729,0,0,0,0,-0.0,1.503408,9.215524,-4.467774e-10,0.00150341,0.009215539,False,0.008012,False
2022-03-23,CE02SHBP-LJ01D-07-VEL3DC108,8,True,2022-03-23T00:00:00Z,2022-03-23T23:59:59Z,86400,86400,0,1.0,1.000362873,0.999998358,2.506e-06,0,0,0,0,-0.0,1.533929,8.701309,-4.771812e-10,0.001533932,0.008701323,False,0.008011,False
2022-03-24,CE02SHBP-LJ01D-07-VEL3DC108,8,True,2022-03-24T00:00:00Z,2022-03-24T23:59:59Z,86401,86401,0,1.0,1.000362873,0.999998357,-0.007353744,0,0,7,7,-0.0,2.397673,10.170231,-8.142418e-11,0.002397677,0.01017025,False,0.008011,False
2022-03-25,CE02SHBP-LJ01D-07-VEL3DC108,8,True,2022-03-25T00:00:00Z,2022-03-25T23:59:59Z,86400,86400,0,1.0,1.000362873,0.99999837,0.001128783,0,0,0,0,-1e-06,1.290377,7.677,-5.312858e-10,0.001290379,0.007677012,False,0.00811,False
2022-03-26,CE02SHBP-LJ01D-07-VEL3DC108,8,True,2022-03-26T00:00:00Z,2022-03-26T23:59:59Z,86400,86400,0,1.0,1.000362873,0.999998411,-0.001014761,0,0,0,0,-0.0,1.493009,9.201045,-4.47278e-10,0.001493012,0.00920106,False,0.008115,False
2022-03-27,CE02SHBP-LJ01D-07-VEL3DC108,8,True,2022-03-27T00:00:00Z,2022-03-27T23:59:59Z,86400,86400,0,1.0,1.000362873,0.99999844,-0.000515976,0,0,0,0,-0.0,1.62284,8.696702,-4.840067e-10,0.001622843,0.008696716,False,0.008113,False
2022-03-28,CE02SHBP-LJ01D-07-VEL3DC108,8,True,2022-03-28T00:00:00Z,2022-03-28T23:59:59Z,86400,86400,0,1.0,1.000362873,0.999998452,0.000384544,0,0,0,0,-0.0,1.340113,7.984853,-4.785122e-10,0.001340115,0.007984865,False,0.008115,False
2022-03-29,CE02SHBP-LJ01D-07-VEL3DC108,8,True,2022-03-29T00:00:00Z,2022-03-29T23:59:59Z,86400,86400,0,1.0,1.000362873,0.999998549,0.000945487,0,0,0,0,-0.0,1.459172,8.195378,-4.690205e-10,0.001459175,0.00819539,False,0.008113,False
2022-03-30,CE02SHBP-LJ01D-07-VEL3DC108,8,True,2022-03-30T00:00:00Z,2022-03-30T23:59:59Z,86400,86400,0,1.0,1.000362873,0.999998543,-1.4741e-05,0,0,0,0,-1e-06,1.541368,8.40885,-5.420084e-10,0.00154137,0.008408862,False,0.008264,False
2022-03-31,CE02SHBP-LJ01D-07-VEL3DC108,8,True,2022-03-31T00:00:00Z,2022-03-31T23:59:59Z,86400,86400,0,1.0,1.000362873,0.999998509,0.001808691,0,0,0,0,-0.0,1.328782,8.209581,-4.900796e-10,0.001328784,0.008209594,False,0.008265,False
2022-04-01,CE02SHBP-LJ01D-07-VEL3DC108,8,True,2022-04-01T00:00:00Z,2022-04-01T23:59:59Z,86401,86401,0,1.0,1.000362873,0.999998417,-0.001452235,0,0,0,0,1e-06,1.749944,8.92034,8.80875e-10,0.001749947,0.008920354,False,0.008527,False
2022-04-02,CE02SHBP-LJ01D-07-VEL3DC108,8,True,2022-04-02T00:00:00Z,2022-04-02T23:59:59Z,86400,86400,0,1.0,1.000362873,0.999998517,-0.001486748,0,0,0,0,-0.0,1.332738,7.971922,-4.64129e-10,0.00133274,0.007971934,False,0.008229,False
2022-04-03,CE02SHBP-LJ01D-07-VEL3DC108,8,True,2022-04-03T00:00:00Z,2022-04-03T23:59:59Z,86400,86400,0,1.0,1.000362873,0.999998521,0.000389304,0,0,0,0,-1e-06,1.334657,8.120041,-5.2438e-10,0.001334659,0.008120053,False,0.008262,False
2022-04-04,CE02SHBP-LJ01D-07-VEL3DC108,8,True,2022-04-04T00:00:00Z,2022-04-04T23:59:59Z,86400,86400,0,1.0,1.000362873,0.999998503,-0.001692419,0,0,0,0,-0.0,1.859243,9.363053,-4.823884e-10,0.001859246,0.009363067,False,0.008113,False
2022-04-05,CE02SHBP-LJ01D-07-VEL3DC108,8,True,2022-04-05T00:00:00Z,2022-04-05T23:59:59Z,86400,86400,0,1.0,1.000362873,0.999998468,-0.000734313,0,0,0,0,-1e-06,1.706438,8.830176,-5.452165e-10,0.001706441,0.008830189,False,0.00852,False
2022-04-06,CE02SHBP-LJ01D-07-VEL3DC108,8,True,2022-04-06T00:00:00Z,2022-04-06T23:59:59Z,86400,86400,0,1.0,1.000362873,0.999998479,0.000719899,0,0,0,0,-0.0,1.300267,7.781762,-4.653991e-10,0.001300269,0.007781774,False,0.008267,False
2022-04-07,CE02SHBP-LJ01D-07-VEL3DC108,8,True,2022-04-07T00:00:00Z,2022-04-07T23:59:59Z,86400,86400,0,1.0,1.000362873,0.999998453,-0.001231707,0,0,0,0,-0.0,1.432669,8.243886,-4.392832e-10,0.001432671,0.008243899,False,0.008114,False
2022-04-08,CE02SHBP-LJ01D-07-VEL3DC108,8,True,2022-04-08T00:00:00Z,2022-04-08T23:59:59Z,86401,86401,0,1.0,1.000362873,0.999998449,0.000478966,0,0,6,6,1e-06,1.311807,7.657632,5.611354e-10,0.001311809,0.007657643,False,0.008115,False
2022-04-09,CE02SHBP-LJ01D-07-VEL3DC108,8,True,2022-04-09T00:00:00Z,2022-04-09T23:59:59Z,86400,86400,0,1.0,1.000362873,0.999998441,-0.000394264,0,0,0,0,-0.0,1.272265,7.781443,-4.610592e-10,0.001272267,0.007781455,False,0.008327,False
2022-04-10,CE02SHBP-LJ01D-07-VEL3DC108,8,True,2022-04-10T00:00:00Z,2022-04-10T23:59:59Z,86400,86400,0,1.0,1.000362873,0.999998577,-0.001438881,0,0,0,0,-0.0,1.389258,8.194689,-4.801344e-10,0.00138926,0.008194701,False,0.008314,False
2022-04-11,CE02SHBP-LJ01D-07-VEL3DC108,8,True,2022-04-11T00:00:00Z,2022-04-11T23:59:59Z,86400,86400,0,1.0,1.000362873,0.999998593,0.000737029,0,0,0,0,-0.0,2.093256,9.564619,-4.925898e-10,0.002093259,0.009564632,False,0.008225,False
2022-04-12,CE02SHBP-LJ01D-07-VEL3DC108,8,True,2022-04-12T00:00:00Z,2022-04-12T23:59:59Z,86400,86400,0,1.0,1.000362873,0.999998653,0.002724157,0,0,0,0,-0.0,1.757498,9.314705,-4.755935e-10,0.0017575,0.009314717,False,0.008225,False
2022-04-13,CE02SHBP-LJ01D-07-VEL3DC108,8,True,2022-04-13T00:00:00Z,2022-04-13T23:59:59Z,86400,86400,0,1.0,1.000362873,0.999998709,4.887e-05,0,0,0,0,-1e-06,1.342648,9.084689,-5.109868e-10,0.001342649,0.009084701,False,0.008526,False
2022-04-14,CE02SHBP-LJ01D-07-VEL3DC108,8,True,2022-04-14T00:00:00Z,2022-04-14T23:59:59Z,86400,86400,0,1.0,1.000362873,0.999998577,0.001072747,0,0,0,0,-0.0,4.26578,14.882741,-4.609636e-10,0.004265786,0.01488276,False,0.008526,False
2022-04-15,CE02SHBP-LJ01D-07-VEL3DC108,8,True,2022-04-15T00:00:00Z,2022-04-15T23:59:59Z,86400,86400,0,1.0,1.000362873,0.999998635,0.006564363,0,0,0,0,-1e-06,2.431429,10.541489,-5.22252e-10,0.002431432,0.0105415,False,0.008263,False
2022-04-16,CE02SHBP-LJ01D-07-VEL3DC108,8,True,2022-04-16T00:00:00Z,2022-04-16T23:59:59Z,86400,86400,0,1.0,1.000362873,0.999998648,-0.001458121,0,0,0,0,-0.0,1.506464,8.574467,-4.522038e-10,0.001506466,0.008574478,False,0.008528,False
2022-04-17,CE02SHBP-LJ01D-07-VEL3DC108,8,True,2022-04-17T00:00:00Z,2022-04-17T23:59:59Z,86401,86401,0,1.0,1.000362873,0.999998694,0.00137427,0,0,9,9,0.0,1.298392,7.801974,4.256631e-10,0.001298394,0.007801985,False,0.008267,False
2022-04-18,CE02SHBP-LJ01D-07-VEL3DC108,8,True,2022-04-18T00:00:00Z,2022-04-18T23:59:59Z,86400,86400,0,1.0,1.000362873,0.999998651,0.002215498,0,0,0,0,-0.0,1.718229,9.18782,-4.657494e-10,0.001718231,0.009187832,False,0.008524,False
2022-04-19,CE02SHBP-LJ01D-07-VEL3DC108,8,True,2022-04-19T00:00:00Z,2022-04-19T23:59:59Z,86400,86400,0,1.0,1.000362873,0.999998685,0.001391354,0,0,0,0,-0.0,1.509032,8.236964,-4.786822e-10,0.001509034,0.008236975,False,0.008265,False
2022-04-20,CE02SHBP-LJ01D-07-VEL3DC108,8,True,2022-04-20T00:00:00Z,2022-04-20T23:59:59Z,86400,86400,0,1.0,1.000362873,0.999998631,0.001094677,0,0,0,0,-1e-06,1.986653,9.632707,-5.402901e-10,0.001986656,0.00963272,False,0.008524,False
2022-04-21,CE02SHBP-LJ01D-07-VEL3DC108,8,True,2022-04-21T00:00:00Z,2022-04-21T23:59:59Z,86400,86400,0,1.0,1.000362873,0.999998559,-0.000655914,0,0,0,0,-0.0,1.427449,7.818236,-4.605024e-10,0.001427451,0.007818248,False,0.008257,False
2022-04-22,CE02SHBP-LJ01D-07-VEL3DC108,8,True,2022-04-22T00:00:00Z,2022-04-22T23:59:59Z,86114,86400,286,1.0,1.000362873,0.999998532,-0.000447097,1,286,1,286,0.0,1.374617,8.082965,2.755876e-10,0.001374619,0.008082977,False,0.104104,True
2022-04-23,CE02SHBP-LJ01D-07-VEL3DC108,8,True,2022-04-23T00:00:00Z,2022-04-23T23:59:59Z,86400,86400,0,1.0,1.000362873,0.999998506,0.001215486,0,0,0,0,-1e-06,1.669176,9.158282,-5.089763e-10,0.001669178,0.009158295,False,0.008267,False
2022-04-24,CE02SHBP-LJ01D-07-VEL3DC108,8,True,2022-04-24T00:00:00Z,2022-04-24T23:59:59Z,86400,86400,0,1.0,1.000362873,0.999998459,0.001531335,0,0,0,0,-0.0,1.736303,8.799996,-4.751241e-10,0.001736306,0.00880001,False,0.008263,False
2022-04-25,CE02SHBP-LJ01D-07-VEL3DC108,8,True,2022-04-25T00:00:00Z,2022-04-25T23:59:59Z,86401,86401,0,1.0,1.000362873,0.999998423,0.004233474,0,0,6,6,-1e-06,3.206053,11.638105,-6.072187e-10,0.003206058,0.01163812,False,0.008265,False
2022-04-26,CE02SHBP-LJ01D-07-VEL3DC108,8,True,2022-04-26T00:00:00Z,2022-04-26T23:59:59Z,86400,86400,0,1.0,1.000362873,0.999998473,0.000216921,0,0,0,0,-0.0,1.280038,7.806023,-4.66192e-10,0.00128004,0.007806035,False,0.008261,False
2022-04-27,CE02SHBP-LJ01D-07-VEL3DC108,8,True,2022-04-27T00:00:00Z,2022-04-27T23:59:59Z,86400,86400,0,1.0,1.000362873,0.999998512,0.000331609,0,0,0,0,-0.0,1.995882,9.781767,-4.79942e-10,0.001995885,0.009781782,False,0.008255,False
2022-04-28,CE02SHBP-LJ01D-07-VEL3DC108,8,True,2022-04-28T00:00:00Z,2022-04-28T23:59:59Z,86400,86400,0,1.0,1.000362873,0.999998511,-0.002210585,0,0,0,0,-0.0,2.084905,8.883168,-4.827844e-10,0.002084908,0.008883181,False,0.008265,False
2022-04-29,CE02SHBP-LJ01D-07-VEL3DC108,8,True,2022-04-29T00:00:00Z,2022-04-29T23:59:59Z,86129,86400,271,1.0,1.000362873,0.999998587,-0.000725178,1,271,1,271,-1e-06,1.477157,8.086028,-6.31308e-10,0.001477159,0.008086039,False,0.098336,True
2022-04-30,CE02SHBP-LJ01D-07-VEL3DC108,8,True,2022-04-30T00:00:00Z,2022-04-30T23:59:59Z,86400,86400,0,1.0,1.000362873,0.999998562,0.000948924,0,0,0,0,-0.0,1.319752,7.726074,-4.529085e-10,0.001319754,0.007726085,False,0.008268,False
2022-05-01,CE02SHBP-LJ01D-07-VEL3DC108,8,True,2022-05-01T00:00:00Z,2022-05-01T23:59:59Z,86400,86400,0,1.0,1.000362873,0.999998555,9.1434e-05,0,0,0,0,-0.0,1.253657,7.927316,-4.440663e-10,0.001253659,0.007927328,False,0.008532,False
2022-05-02,CE02SHBP-LJ01D-07-VEL3DC108,8,True,2022-05-02T00:00:02Z,2022-05-02T23:59:59Z,86398,86398,0,1.0,1.000362873,0.999998539,-0.000562029,0,0,0,0,0.0,1.252306,7.44647,1.791495e-10,0.001252308,0.007446481,False,0.008115,False
2022-05-03,CE02SHBP-LJ01D-07-VEL3DC108,8,True,2022-05-03T00:00:00Z,2022-05-03T23:59:59Z,86401,86401,0,1.0,1.000362873,0.999998545,0.000832162,0,0,6,6,1e-06,1.272252,7.590114,6.06951e-10,0.001272254,0.007590125,False,0.008115,False
2022-05-04,CE02SHBP-LJ01D-07-VEL3DC108,8,True,2022-05-04T00:00:00Z,2022-05-04T23:59:59Z,86400,86400,0,1.0,1.000362873,0.999998637,0.001009097,0,0,0,0,-1e-06,1.403219,7.793763,-5.641371e-10,0.001403221,0.007793773,False,0.008267,False
2022-05-05,CE02SHBP-LJ01D-07-VEL3DC108,8,True,2022-05-05T00:00:00Z,2022-05-05T23:59:59Z,86400,86400,0,1.0,1.000362873,0.999998687,-0.000263487,0,0,0,0,-0.0,1.412408,8.54179,-4.762175e-10,0.00141241,0.008541802,False,0.008257,False
2022-05-06,CE02SHBP-LJ01D-07-VEL3DC108,8,True,2022-05-06T00:00:00Z,2022-05-06T23:59:59Z,86400,86400,0,1.0,1.000362873,0.999998691,5.1176e-05,0,0,0,0,-0.0,1.3905,7.882649,-4.662073e-10,0.001390502,0.00788266,False,0.008525,False
2022-05-07,CE02SHBP-LJ01D-07-VEL3DC108,8,True,2022-05-07T00:00:00Z,2022-05-07T23:59:59Z,86400,86400,0,1.0,1.000362873,0.999998599,-0.000190769,0,0,0,0,-0.0,1.6511,8.890015,-4.341595e-10,0.001651102,0.008890028,False,0.008114,False
2022-05-08,CE02SHBP-LJ01D-07-VEL3DC108,8,True,2022-05-08T00:00:00Z,2022-05-08T23:59:59Z,86400,86400,0,1.0,1.000362873,0.999998567,4.9464e-05,0,0,0,0,-0.0,1.798817,9.119921,-4.725796e-10,0.00179882,0.009119934,False,0.008326,False
2022-05-09,CE02SHBP-LJ01D-07-VEL3DC108,8,True,2022-05-09T00:00:00Z,2022-05-09T23:59:59Z,86400,86400,0,1.0,1.000362873,0.999998523,-0.000667847,0,0,0,0,-0.0,1.363391,8.12061,-4.887321e-10,0.001363393,0.008120622,False,0.008261,False
2022-05-10,CE02SHBP-LJ01D-07-VEL3DC108,8,True,2022-05-10T00:00:00Z,2022-05-10T23:59:59Z,86400,86400,0,1.0,1.000362873,0.999998544,0.000664937,0,0,0,0,-1e-06,3.368974,12.541003,-5.070016e-10,0.003368979,0.01254102,False,0.008116,False
2022-05-11,CE02SHBP-LJ01D-07-VEL3DC108,8,True,2022-05-11T00:00:00Z,2022-05-11T23:59:59Z,86401,86401,0,1.0,1.000362873,0.99999858,0.004870463,0,0,2,2,0.0,2.682853,11.248404,2.340336e-10,0.002682857,0.01124842,False,0.008527,False
2022-05-12,CE02SHBP-LJ01D-07-VEL3DC108,8,True,2022-05-12T00:00:00Z,2022-05-12T23:59:59Z,86400,86400,0,1.0,1.000362873,0.99999862,-0.001759982,0,0,0,0,-1e-06,1.535881,8.356642,-5.334116e-10,0.001535883,0.008356653,False,0.008115,False
2022-05-13,CE02SHBP-LJ01D-07-VEL3DC108,8,True,2022-05-13T00:00:00Z,2022-05-13T23:59:59Z,86400,86400,0,1.0,1.000362873,0.999998537,-0.000402385,0,0,0,0,-0.0,1.402941,8.12715,-4.719665e-10,0.001402943,0.008127162,False,0.008528,False
2022-05-14,CE02SHBP-LJ01D-07-VEL3DC108,8,True,2022-05-14T00:00:00Z,2022-05-14T23:59:59Z,86400,86400,0,1.0,1.000362873,0.999998531,0.000815202,0,0,0,0,-0.0,1.367897,7.716731,-4.685881e-10,0.001367899,0.007716743,False,0.008115,False
2022-05-15,CE02SHBP-LJ01D-07-VEL3DC108,8,True,2022-05-15T00:00:00Z,2022-05-15T23:59:59Z,86400,86400,0,1.0,1.000362873,0.999998537,0.006199597,0,0,0,0,-0.0,1.480437,7.644077,-4.758787e-10,0.001480439,0.007644088,False,0.008268,False
2022-05-16,CE02SHBP-LJ01D-07-VEL3DC108,8,True,2022-05-16T00:00:00Z,2022-05-16T23:59:59Z,86400,86400,0,1.0,1.000362873,0.999998499,-0.000167633,0,0,0,0,-0.0,1.383444,7.691811,-4.34139e-10,0.001383446,0.007691823,False,0.008267,False
2022-05-17,CE02SHBP-LJ01D-07-VEL3DC108,8,True,2022-05-17T00:00:00Z,2022-05-17T23:59:59Z,86400,86400,0,1.0,1.000362873,0.999998527,0.000312958,0,0,0,0,-0.0,1.482413,7.818123,-4.622756e-10,0.001482415,0.007818134,False,0.008114,False
2022-05-18,CE02SHBP-LJ01D-07-VEL3DC108,8,True,2022-05-18T00:00:00Z,2022-05-18T23:59:59Z,86400,86400,0,1.0,1.000362873,0.999998638,-0.003046965,0,0,0,0,-0.0,2.488594,10.032963,-4.501184e-10,0.002488597,0.01003298,False,0.008523,False
2022-05-19,CE02SHBP-LJ01D-07-VEL3DC108,8,True,2022-05-19T00:00:00Z,2022-05-19T23:59:59Z,86401,86401,0,1.0,1.000362873,0.999998691,-0.002232721,0,0,5,5,0.0,1.387682,8.764078,2.419601e-10,0.001387684,0.00876409,False,0.008529,False
2022-05-20,CE02SHBP-LJ01D-07-VEL3DC108,8,True,2022-05-20T00:00:00Z,2022-05-20T23:59:59Z,86400,86400,0,1.0,1.000362873,0.999998714,-0.00510267,0,0,0,0,-0.0,1.26502,7.692831,-4.488521e-10,0.001265021,0.007692841,False,0.008527,False
2022-05-21,CE02SHBP-LJ01D-07-VEL3DC108,8,True,2022-05-21T00:00:00Z,2022-05-21T23:59:59Z,86400,86400,0,1.0,1.000362873,0.999998692,0.002189821,0,0,0,0,-0.0,2.579822,10.256595,-4.584624e-10,0.002579825,0.01025661,False,0.008527,False
2022-05-22,CE02SHBP-LJ01D-07-VEL3DC108,8,True,2022-05-22T00:00:00Z,2022-05-22T23:59:59Z,86400,86400,0,1.0,1.000362873,0.999998277,0.000680468,0,0,0,0,-0.0,2.960794,11.05358,-4.758076e-10,0.0029608,0.0110536,False,0.00852,False
2022-05-23,CE02SHBP-LJ01D-07-VEL3DC108,8,True,2022-05-23T00:00:00Z,2022-05-23T23:59:59Z,86400,86400,0,1.0,1.000362873,0.999998297,-0.003557201,0,0,0,0,-0.0,1.595205,9.952823,-4.791496e-10,0.001595208,0.00995284,False,0.008263,False
2022-05-24,CE02SHBP-LJ01D-07-VEL3DC108,8,True,2022-05-24T00:00:00Z,2022-05-24T23:59:59Z,86400,86400,0,1.0,1.000362873,0.999998348,0.000689057,0,0,0,0,-0.0,1.616851,8.498281,-4.825094e-10,0.001616854,0.008498295,False,0.008383,False
2022-05-25,CE02SHBP-LJ01D-07-VEL3DC108,8,True,2022-05-25T00:00:00Z,2022-05-25T23:59:59Z,86400,86400,0,1.0,1.000362873,0.999998467,0.001116262,0,0,0,0,-0.0,2.078275,10.304664,-4.571598e-10,0.002078278,0.01030468,False,0.008269,False
2022-05-26,CE02SHBP-LJ01D-07-VEL3DC108,8,True,2022-05-26T00:00:00Z,2022-05-26T23:59:59Z,86400,86400,0,1.0,1.000362873,0.99999844,0.005278951,0,0,0,0,-0.0,2.565947,9.371487,-4.946592e-10,0.002565951,0.009371502,False,0.008111,False
2022-05-27,CE02SHBP-LJ01D-07-VEL3DC108,8,True,2022-05-27T00:00:00Z,2022-05-27T23:59:59Z,86401,86401,0,1.0,1.000362873,0.999998479,-0.003320824,0,0,4,4,1e-06,1.668473,10.40763,5.997804e-10,0.001668475,0.01040765,False,0.008262,False
2022-05-28,CE02SHBP-LJ01D-07-VEL3DC108,8,True,2022-05-28T00:00:00Z,2022-05-28T23:59:59Z,86400,86400,0,1.0,1.000362873,0.999998465,-0.000689997,0,0,0,0,-0.0,1.284127,7.740627,-4.547563e-10,0.001284129,0.007740639,False,0.008527,False
2022-05-29,CE02SHBP-LJ01D-07-VEL3DC108,8,True,2022-05-29T00:00:00Z,2022-05-29T23:59:59Z,86400,86400,0,1.0,1.000362873,0.999998482,-0.00160461,0,0,0,0,-0.0,2.249239,9.820609,-4.074228e-10,0.002249242,0.009820624,False,0.008224,False
2022-05-30,CE02SHBP-LJ01D-07-VEL3DC108,8,True,2022-05-30T00:00:00Z,2022-05-30T23:59:59Z,86400,86400,0,1.0,1.000362873,0.999998271,0.002498505,0,0,0,0,-0.0,1.292712,7.494127,-4.955676e-10,0.001292714,0.00749414,False,0.008377,False
2022-05-31,CE02SHBP-LJ01D-07-VEL3DC108,8,True,2022-05-31T00:00:00Z,2022-05-31T23:59:59Z,86400,86400,0,1.0,1.000362873,0.999998265,0.000818209,0,0,0,0,-0.0,1.463501,8.544302,-4.752741e-10,0.001463503,0.008544317,False,0.008521,False
2022-06-01,CE02SHBP-LJ01D-07-VEL3DC108,8,True,2022-06-01T00:00:00Z,2022-06-01T23:59:59Z,86400,86400,0,1.0,1.000362873,0.999998329,-0.000247143,0,0,0,0,-0.0,1.315363,7.955516,-4.877834e-10,0.001315365,0.00795553,False,0.008266,False
2022-06-02,CE02SHBP-LJ01D-07-VEL3DC108,8,True,2022-06-02T00:00:02Z,2022-06-02T23:59:59Z,86398,86398,0,1.0,1.000362873,0.999998388,-0.001756607,0,0,0,0,0.0,1.590471,8.549262,2.007837e-10,0.001590474,0.008549276,False,0.00826,False
2022-06-03,CE02SHBP-LJ01D-07-VEL3DC108,8,True,2022-06-03T00:00:00Z,2022-06-03T23:59:59Z,86401,86401,0,1.0,1.000362873,0.999998399,0.002616285,0,0,3,3,0.0,2.659073,10.229864,4.166071e-10,0.002659077,0.01022988,False,0.008528,False
2022-06-04,CE02SHBP-LJ01D-07-VEL3DC108,8,True,2022-06-04T00:00:00Z,2022-06-04T23:59:59Z,86400,86400,0,1.0,1.000362873,0.999998412,-0.003041184,0,0,0,0,-0.0,2.066212,9.477092,-4.680283e-10,0.002066215,0.009477107,False,0.008523,False
2022-06-05,CE02SHBP-LJ01D-07-VEL3DC108,8,True,2022-06-05T00:00:00Z,2022-06-05T23:59:59Z,86400,86400,0,1.0,1.000362873,0.999998282,0.001808224,0,0,0,0,-1e-06,1.524217,8.821697,-5.395708e-10,0.001524219,0.008821712,False,0.008526,False
2022-06-06,CE02SHBP-LJ01D-07-VEL3DC108,8,True,2022-06-06T00:00:00Z,2022-06-06T23:59:59Z,86400,86400,0,1.0,1.000362873,0.999998225,0.000968918,0,0,0,0,-1e-06,1.467932,8.388229,-5.22613e-10,0.001467935,0.008388244,False,0.008224,False
2022-06-07,CE02SHBP-LJ01D-07-VEL3DC108,8,True,2022-06-07T00:00:00Z,2022-06-07T23:59:59Z,86390,86400,10,1.0,1.000362873,0.99999824,0.000318278,1,10,1,10,1e-06,1.475326,8.970763,5.047952e-10,0.001475328,0.008970779,False,0.008267,True
2022-06-08,CE02SHBP-LJ01D-07-VEL3DC108,8,True,2022-06-08T00:00:00Z,2022-06-08T03:03:00Z,10981,10981,0,1.0,1.000362873,0.999997926,0.001435822,0,0,0,0,0.0,1.248732,6.949426,2.729645e-11,0.001248734,0.006949441,False,0.007741,False
2022-06-09,CE02SHBP-LJ01D-07-VEL3DC108,8,False,,,0,0,,1.0,,,,,,,,,,,,,,,,False
2022-06-10,CE02SHBP-LJ01D-07-VEL3DC108,8,False,,,0,0,,1.0,,,,,,,,,,,,,,,,False
2022-06-11,CE02SHBP-LJ01D-07-VEL3DC108,8,False,,,0,0,,1.0,,,,,,,,,,,,,,,,False
2022-06-12,CE02SHBP-LJ01D-07-VEL3DC108,8,False,,,0,0,,1.0,,,,,,,,,,,,,,,,False
2022-06-13,CE02SHBP-LJ01D-07-VEL3DC108,8,False,,,0,0,,1.0,,,,,,,,,,,,,,,,False
2022-06-14,CE02SHBP-LJ01D-07-VEL3DC108,8,False,,,0,0,,1.0,,,,,,,,,,,,,,,,False
2022-06-15,CE02SHBP-LJ01D-07-VEL3DC108,8,False,,,0,0,,1.0,,,,,,,,,,,,,,,,False
2022-06-16,CE02SHBP-LJ01D-07-VEL3DC108,8,False,,,0,0,,1.0,,,,,,,,,,,,,,,,False
2022-06-17,CE02SHBP-LJ01D-07-VEL3DC108,8,True,2022-06-17T22:19:15Z,2022-06-17T23:59:59Z,6046,6046,0,1.0,1.000361919,0.999998471,-0.073847647,0,0,0,0,-0.0,1.596747,73.847647,-1.166561e-11,0.00159675,0.07384776,False,0.074021,False
2022-06-18,CE02SHBP-LJ01D-07-VEL3DC108,8,True,2022-06-18T00:00:00Z,2022-06-18T23:59:59Z,86400,86400,0,1.0,1.000362873,0.999998745,-0.000184327,0,0,0,0,-0.0,1.985435,9.029237,-4.79406e-10,0.001985438,0.009029248,False,0.008114,False
2022-06-19,CE02SHBP-LJ01D-07-VEL3DC108,8,True,2022-06-19T00:00:00Z,2022-06-19T23:59:59Z,86400,86400,0,1.0,1.000362873,0.999998713,-0.001272535,0,0,0,0,-1e-06,2.559248,11.929906,-5.371243e-10,0.002559251,0.01192992,False,0.008115,False
2022-06-20,CE02SHBP-LJ01D-07-VEL3DC108,8,True,2022-06-20T00:00:00Z,2022-06-20T23:59:59Z,86400,86400,0,1.0,1.000362873,0.999998725,-0.00291369,0,0,0,0,-0.0,2.146214,9.717855,-4.689388e-10,0.002146217,0.009717868,False,0.008113,False
2022-06-21,CE02SHBP-LJ01D-07-VEL3DC108,8,True,2022-06-21T00:00:00Z,2022-06-21T23:59:59Z,86400,86400,0,1.0,1.000362873,0.999998682,-0.000363626,0,0,0,0,-1e-06,2.059967,9.38436,-5.3504e-10,0.002059969,0.009384372,False,0.008114,False
2022-06-22,CE02SHBP-LJ01D-07-VEL3DC108,8,True,2022-06-22T00:00:00Z,2022-06-22T23:59:59Z,86400,86400,0,1.0,1.000362873,0.999998368,0.003705779,0,0,0,0,-1e-06,2.180213,10.180032,-5.089553e-10,0.002180216,0.01018005,False,0.008113,False
2022-06-23,CE02SHBP-LJ01D-07-VEL3DC108,8,True,2022-06-23T00:00:00Z,2022-06-23T23:59:59Z,86400,86400,0,1.0,1.000362873,0.999998214,0.000532347,0,0,0,0,-0.0,3.571721,13.768825,-4.812102e-10,0.003571727,0.01376885,False,0.008546,False
2022-06-24,CE02SHBP-LJ01D-07-VEL3DC108,8,True,2022-06-24T00:00:00Z,2022-06-24T23:59:59Z,86400,86400,0,1.0,1.000362873,0.999998411,0.003105418,0,0,0,0,-1e-06,2.199229,9.667759,-5.037074e-10,0.002199233,0.009667775,False,0.008224,False
2022-06-25,CE02SHBP-LJ01D-07-VEL3DC108,8,True,2022-06-25T00:00:00Z,2022-06-25T23:59:59Z,86401,86401,0,1.0,1.000362873,0.999998458,-0.000633403,0,0,3,3,0.0,1.616474,10.05887,5.898113e-11,0.001616476,0.01005889,False,0.008113,False
2022-06-26,CE02SHBP-LJ01D-07-VEL3DC108,8,True,2022-06-26T00:00:00Z,2022-06-26T23:59:59Z,86400,86400,0,1.0,1.000362873,0.99999846,0.000863653,0,0,0,0,-0.0,1.967787,9.745575,-4.480226e-10,0.00196779,0.00974559,False,0.008111,False
2022-06-27,CE02SHBP-LJ01D-07-VEL3DC108,8,True,2022-06-27T00:00:00Z,2022-06-27T23:59:59Z,86400,86400,0,1.0,1.000362873,0.999998385,0.004080461,0,0,0,0,-0.0,2.541916,10.053704,-4.642172e-10,0.00254192,0.01005372,False,0.008112,False
2022-06-28,CE02SHBP-LJ01D-07-VEL3DC108,8,True,2022-06-28T00:00:00Z,2022-06-28T23:59:59Z,86400,86400,0,1.0,1.000362873,0.999998237,0.001981772,0,0,0,0,-1e-06,1.902109,9.544027,-5.256524e-10,0.001902113,0.009544043,False,0.00819,False
2022-06-29,CE02SHBP-LJ01D-07-VEL3DC108,8,True,2022-06-29T00:00:00Z,2022-06-29T23:59:59Z,86400,86400,0,1.0,1.000362873,0.999998305,0.000652801,0,0,0,0,-1e-06,1.515473,8.419892,-5.088915e-10,0.001515476,0.008419906,False,0.008265,False
2022-06-30,CE02SHBP-LJ01D-07-VEL3DC108,8,True,2022-06-30T00:00:00Z,2022-06-30T23:59:59Z,86400,86400,0,1.0,1.000362873,0.999998329,0.002046121,0,0,0,0,-0.0,1.523936,8.127973,-4.552501e-10,0.001523939,0.008127987,False,0.008224,False
2022-07-01,CE02SHBP-LJ01D-07-VEL3DC108,8,True,2022-07-01T00:00:00Z,2022-07-01T23:59:59Z,86400,86400,0,1.0,1.000362873,0.999998233,0.000200617,0,0,0,0,-0.0,1.666103,8.662076,-4.848857e-10,0.001666105,0.008662091,False,0.008117,False
2022-07-02,CE02SHBP-LJ01D-07-VEL3DC108,8,True,2022-07-02T00:00:00Z,2022-07-02T23:59:59Z,86401,86401,0,1.0,1.000362873,0.999998307,0.001231419,0,0,2,2,-1e-06,1.312484,7.353966,-5.185046e-10,0.001312486,0.007353978,False,0.008223,False
2022-07-03,CE02SHBP-LJ01D-07-VEL3DC108,8,True,2022-07-03T00:00:00Z,2022-07-03T23:59:59Z,86400,86400,0,1.0,1.000362873,0.999998313,-0.001597842,0,0,0,0,-0.0,1.565252,8.592791,-4.552806e-10,0.001565255,0.008592805,False,0.008112,False
2022-07-04,CE02SHBP-LJ01D-07-VEL3DC108,8,True,2022-07-04T00:00:00Z,2022-07-04T23:59:59Z,86400,86400,0,1.0,1.000362873,0.999998302,0.001280178,0,0,0,0,-1e-06,1.400637,8.22889,-5.36061e-10,0.001400639,0.008228904,False,0.008114,False
2022-07-05,CE02SHBP-LJ01D-07-VEL3DC108,8,True,2022-07-05T00:00:00Z,2022-07-05T23:59:59Z,86400,86400,0,1.0,1.000362873,0.999998249,0.001518604,0,0,0,0,-0.0,1.848619,10.366866,-4.956198e-10,0.001848622,0.01036688,False,0.008113,False
2022-07-06,CE02SHBP-LJ01D-07-VEL3DC108,8,True,2022-07-06T00:00:00Z,2022-07-06T23:59:59Z,86400,86400,0,1.0,1.000362873,0.999998249,-0.006299727,0,0,0,0,-0.0,2.06267,10.027083,-4.684228e-10,0.002062674,0.0100271,False,0.00811,False
2022-07-07,CE02SHBP-LJ01D-07-VEL3DC108,8,True,2022-07-07T00:00:00Z,2022-07-07T23:59:59Z,86400,86400,0,1.0,1.000362873,0.999998311,0.000983831,0,0,0,0,-0.0,1.774694,9.233153,-4.936763e-10,0.001774697,0.009233168,False,0.008226,False
2022-07-08,CE02SHBP-LJ01D-07-VEL3DC108,8,True,2022-07-08T00:00:00Z,2022-07-08T23:59:59Z,86400,86400,0,1.0,1.000362873,0.999998291,-0.000632021,0,0,0,0,-0.0,2.010923,9.212356,-4.994478e-10,0.002010927,0.009212371,False,0.008112,False
2022-07-09,CE02SHBP-LJ01D-07-VEL3DC108,8,True,2022-07-09T00:00:00Z,2022-07-09T23:59:59Z,86401,86401,0,1.0,1.000362873,0.999998315,8.2612e-05,0,0,5,5,0.0,1.289378,7.989195,3.863207e-10,0.00128938,0.007989208,False,0.008112,False
2022-07-10,CE02SHBP-LJ01D-07-VEL3DC108,8,True,2022-07-10T00:00:00Z,2022-07-10T23:59:59Z,86400,86400,0,1.0,1.000362873,0.99999834,0.000632988,0,0,0,0,-0.0,1.313544,8.00685,-4.753298e-10,0.001313546,0.008006864,False,0.008222,False
2022-07-11,CE02SHBP-LJ01D-07-VEL3DC108,8,True,2022-07-11T00:00:00Z,2022-07-11T23:59:59Z,86400,86400,0,1.0,1.000362873,0.999998318,0.001368163,0,0,0,0,-0.0,1.690344,8.469319,-4.869405e-10,0.001690346,0.008469333,False,0.008228,False
2022-07-12,CE02SHBP-LJ01D-07-VEL3DC108,8,True,2022-07-12T00:00:00Z,2022-07-12T23:59:59Z,86400,86400,0,1.0,1.000362873,0.999998302,0.002892662,0,0,0,0,-0.0,2.088243,10.066524,-4.840073e-10,0.002088247,0.01006654,False,0.008225,False
2022-07-13,CE02SHBP-LJ01D-07-VEL3DC108,8,True,2022-07-13T00:00:00Z,2022-07-13T23:59:59Z,86400,86400,0,1.0,1.000362873,0.999998306,0.000779424,0,0,0,0,-0.0,1.27229,7.907505,-4.816473e-10,0.001272292,0.007907518,False,0.008112,False
2022-07-14,CE02SHBP-LJ01D-07-VEL3DC108,8,True,2022-07-14T00:00:00Z,2022-07-14T23:59:59Z,86400,86400,0,1.0,1.000362873,0.999998289,0.000925327,0,0,0,0,-0.0,1.660788,8.634289,-4.940937e-10,0.001660791,0.008634304,False,0.008193,False
2022-07-15,CE02SHBP-LJ01D-07-VEL3DC108,8,True,2022-07-15T00:00:00Z,2022-07-15T23:59:59Z,86400,86400,0,1.0,1.000362873,0.999998257,0.003619569,0,0,0,0,-1e-06,2.567165,10.372914,-5.061171e-10,0.00256717,0.01037293,False,0.008266,False
2022-07-16,CE02SHBP-LJ01D-07-VEL3DC108,8,True,2022-07-16T00:00:00Z,2022-07-16T23:59:59Z,86401,86401,0,1.0,1.000362873,0.999998333,0.003695366,0,0,8,8,-1e-06,4.463311,14.410168,-7.000155e-10,0.004463319,0.01441019,False,0.008226,False
2022-07-17,CE02SHBP-LJ01D-07-VEL3DC108,8,True,2022-07-17T00:00:00Z,2022-07-17T23:59:59Z,86400,86400,0,1.0,1.000362873,0.999998382,-0.002754671,0,0,0,0,-0.0,1.96356,9.268889,-4.712497e-10,0.001963563,0.009268904,False,0.008261,False
2022-07-18,CE02SHBP-LJ01D-07-VEL3DC108,8,True,2022-07-18T00:00:00Z,2022-07-18T23:59:59Z,86400,86400,0,1.0,1.000362873,0.999998345,0.001559882,0,0,0,0,-0.0,1.574146,8.722715,-4.620157e-10,0.001574149,0.008722729,False,0.008266,False
2022-07-19,CE02SHBP-LJ01D-07-VEL3DC108,8,True,2022-07-19T00:00:00Z,2022-07-19T23:59:59Z,86400,86400,0,1.0,1.000362873,0.999998331,-0.001722281,0,0,0,0,-1e-06,1.430618,8.224887,-5.151193e-10,0.00143062,0.008224901,False,0.008268,False
2022-07-20,CE02SHBP-LJ01D-07-VEL3DC108,8,True,2022-07-20T00:00:00Z,2022-07-20T23:59:59Z,86400,86400,0,1.0,1.000362873,0.999998368,0.000861288,0,0,0,0,-0.0,1.554057,8.258022,-4.797485e-10,0.001554059,0.008258036,False,0.00823,False
2022-07-21,CE02SHBP-LJ01D-07-VEL3DC108,8,True,2022-07-21T00:00:00Z,2022-07-21T23:59:59Z,86400,86400,0,1.0,1.000362873,0.999998352,-0.00148426,0,0,0,0,-0.0,1.336804,7.68147,-4.665003e-10,0.001336806,0.007681483,False,0.008225,False
2022-07-22,CE02SHBP-LJ01D-07-VEL3DC108,8,True,2022-07-22T00:00:00Z,2022-07-22T23:59:59Z,86400,86400,0,1.0,1.000362873,0.999998356,-0.00052188,0,0,0,0,-0.0,2.401276,9.933475,-4.905678e-10,0.00240128,0.009933492,False,0.008526,False
2022-07-23,CE02SHBP-LJ01D-07-VEL3DC108,8,True,2022-07-23T00:00:00Z,2022-07-23T23:59:59Z,86401,86401,0,1.0,1.000362873,0.999998336,-0.007935606,0,0,7,7,0.0,1.364137,8.535053,8.313057e-11,0.001364139,0.008535068,False,0.00826,False
2022-07-24,CE02SHBP-LJ01D-07-VEL3DC108,8,True,2022-07-24T00:00:00Z,2022-07-24T23:59:48Z,86389,86389,0,1.0,1.000362873,0.999998325,0.001120007,0,0,0,0,-0.0,1.369261,7.877956,-1.549942e-11,0.001369263,0.007877969,False,0.008262,False
2022-07-25,CE02SHBP-LJ01D-07-VEL3DC108,8,True,2022-07-25T00:00:00Z,2022-07-25T23:59:48Z,86389,86389,0,1.0,1.000362873,0.999998346,0.00227231,0,0,0,0,0.0,2.192005,9.262892,1.185443e-11,0.002192008,0.009262908,False,0.008268,False
2022-07-26,CE02SHBP-LJ01D-07-VEL3DC108,8,True,2022-07-26T00:00:00Z,2022-07-26T23:59:48Z,86389,86389,0,1.0,1.000362873,0.999998384,0.00049956,0,0,0,0,0.0,1.575379,8.64952,1.360337e-11,0.001575382,0.008649534,False,0.008527,False
2022-07-27,CE02SHBP-LJ01D-07-VEL3DC108,8,True,2022-07-27T00:00:00Z,2022-07-27T23:59:48Z,86389,86389,0,1.0,1.000362873,0.999998331,0.006102025,0,0,0,0,0.0,2.179165,10.022094,1.966536e-11,0.002179169,0.01002211,False,0.008114,False
2022-07-28,CE02SHBP-LJ01D-07-VEL3DC108,8,True,2022-07-28T00:00:00Z,2022-07-28T23:59:59Z,86383,86400,17,1.0,1.000362873,0.999998273,0.003975966,1,17,1,17,-0.0,1.772759,9.639508,-3.449866e-10,0.001772762,0.009639525,False,0.008264,True
2022-07-29,CE02SHBP-LJ01D-07-VEL3DC108,8,True,2022-07-29T00:00:00Z,2022-07-29T23:59:59Z,86400,86400,0,1.0,1.000362873,0.999998277,0.00291658,0,0,0,0,-0.0,1.601604,8.710935,-4.578288e-10,0.001601607,0.00871095,False,0.008226,False
2022-07-30,CE02SHBP-LJ01D-07-VEL3DC108,8,True,2022-07-30T00:00:00Z,2022-07-30T23:59:59Z,86401,86401,0,1.0,1.000362873,0.999998277,-0.001246099,0,0,4,4,0.0,1.356927,7.473743,2.736654e-10,0.00135693,0.007473756,False,0.008112,False
2022-07-31,CE02SHBP-LJ01D-07-VEL3DC108,8,True,2022-07-31T00:00:00Z,2022-07-31T23:59:59Z,86400,86400,0,1.0,1.000362873,0.999998277,-0.000601022,0,0,0,0,-0.0,1.309761,7.825673,-4.851164e-10,0.001309763,0.007825687,False,0.008114,False
2022-08-01,CE02SHBP-LJ01D-07-VEL3DC108,8,True,2022-08-01T00:00:00Z,2022-08-01T23:59:59Z,86400,86400,0,1.0,1.000362873,0.999998311,0.001375825,0,0,0,0,-1e-06,1.386801,7.848361,-5.036006e-10,0.001386803,0.007848374,False,0.008223,False
2022-08-02,CE02SHBP-LJ01D-07-VEL3DC108,8,True,2022-08-02T00:00:00Z,2022-08-02T23:59:59Z,84143,86399,2256,1.0,1.000362873,1.000001558,-0.089494101,3,2256,3,2256,-0.0,193.646729,829.703084,-2.89131e-10,0.1936464,0.8297018,True,0.251528,True
2022-08-03,CE02SHBP-LJ01D-07-VEL3DC108,8,True,2022-08-03T00:00:00Z,2022-08-03T23:59:59Z,86400,86400,0,1.0,1.000362873,0.999998322,-0.000611508,0,0,0,0,-1e-06,1.916437,9.546673,-5.027163e-10,0.001916441,0.009546689,False,0.008222,False
2022-08-04,CE02SHBP-LJ01D-07-VEL3DC108,8,True,2022-08-04T00:00:00Z,2022-08-04T23:59:59Z,86400,86400,0,1.0,1.000362873,0.999998245,0.000887431,0,0,0,0,-1e-06,1.345059,7.593094,-5.228204e-10,0.001345061,0.007593107,False,0.008111,False
2022-08-05,CE02SHBP-LJ01D-07-VEL3DC108,8,True,2022-08-05T00:00:00Z,2022-08-05T23:59:59Z,86401,86401,0,1.0,1.000362873,0.999998279,0.000221241,0,0,4,4,0.0,1.412779,7.997619,4.488597e-10,0.001412782,0.007997632,False,0.008228,False
2022-08-06,CE02SHBP-LJ01D-07-VEL3DC108,8,True,2022-08-06T00:00:00Z,2022-08-06T23:59:59Z,86400,86400,0,1.0,1.000362873,0.999998251,0.002092226,0,0,0,0,-0.0,1.631202,8.745651,-4.561718e-10,0.001631205,0.008745666,False,0.00811,False
2022-08-07,CE02SHBP-LJ01D-07-VEL3DC108,8,True,2022-08-07T00:00:00Z,2022-08-07T23:59:59Z,86400,86400,0,1.0,1.000362873,0.999998238,0.002400658,0,0,0,0,-0.0,2.230708,9.117642,-4.90245e-10,0.002230712,0.009117658,False,0.008224,False
2022-08-08,CE02SHBP-LJ01D-07-VEL3DC108,8,True,2022-08-08T00:00:00Z,2022-08-08T23:59:59Z,86400,86400,0,1.0,1.000362873,0.999998239,-0.003776475,0,0,0,0,-1e-06,1.366659,7.634857,-5.38067e-10,0.001366662,0.007634871,False,0.008113,False
2022-08-09,CE02SHBP-LJ01D-07-VEL3DC108,8,True,2022-08-09T00:00:00Z,2022-08-09T23:59:59Z,86400,86400,0,1.0,1.000362873,0.999998266,0.000785783,0,0,0,0,-0.0,1.762953,10.165221,-4.950169e-10,0.001762956,0.01016524,False,0.008112,False
2022-08-10,CE02SHBP-LJ01D-07-VEL3DC108,8,True,2022-08-10T00:00:00Z,2022-08-10T23:59:59Z,86400,86400,0,1.0,1.000362873,0.9999982,0.00121932,0,0,0,0,-1e-06,2.48744,9.977719,-5.125492e-10,0.002487445,0.009977737,False,0.008113,False
2022-08-11,CE02SHBP-LJ01D-07-VEL3DC108,8,True,2022-08-11T00:00:00Z,2022-08-11T23:59:59Z,86400,86400,0,1.0,1.000362873,0.999998199,0.001942164,0,0,0,0,-0.0,2.120632,9.48443,-4.948349e-10,0.002120635,0.009484447,False,0.008228,False
2022-08-12,CE02SHBP-LJ01D-07-VEL3DC108,8,True,2022-08-12T00:00:00Z,2022-08-12T23:59:59Z,86401,86401,0,1.0,1.000362873,0.999998226,-0.005071231,0,0,5,5,0.0,1.774337,9.711151,1.675657e-11,0.00177434,0.009711168,False,0.008222,False
2022-08-13,CE02SHBP-LJ01D-07-VEL3DC108,8,True,2022-08-13T00:00:00Z,2022-08-13T23:59:59Z,86400,86400,0,1.0,1.000362873,0.999998236,0.001018134,0,0,0,0,-0.0,1.575716,8.562496,-4.976164e-10,0.001575718,0.008562512,False,0.008225,False
2022-08-14,CE02SHBP-LJ01D-07-VEL3DC108,8,True,2022-08-14T00:00:00Z,2022-08-14T23:59:59Z,75816,86396,10580,1.0,1.000362396,1.000063956,-1.244853447,1,10580,1,10580,0.0,877.813023,1863.408242,4.273406e-10,0.8777569,1.863289,True,0.147271,True
2022-08-15,CE02SHBP-LJ01D-07-VEL3DC108,8,True,2022-08-15T00:00:00Z,2022-08-15T23:59:59Z,86400,86400,0,1.0,1.000362873,0.999998474,-0.003251459,0,0,0,0,-0.0,1.841565,8.965865,-4.494387e-10,0.001841568,0.008965879,False,0.008112,False
2022-08-16,CE02SHBP-LJ01D-07-VEL3DC108,8,True,2022-08-16T00:00:00Z,2022-08-16T23:59:59Z,86400,86400,0,1.0,1.000362873,0.999998691,0.000593974,0,0,0,0,-1e-06,1.558832,7.955714,-5.109039e-10,0.001558834,0.007955725,False,0.008525,False
2022-08-17,CE02SHBP-LJ01D-07-VEL3DC108,8,True,2022-08-17T00:00:00Z,2022-08-17T23:59:59Z,86400,86400,0,1.0,1.000362873,0.999998228,0.009729784,0,0,0,0,-0.0,4.138199,13.569326,-4.849639e-10,0.004138206,0.01356935,False,0.008111,False
2022-08-18,CE02SHBP-LJ01D-07-VEL3DC108,8,True,2022-08-18T00:00:00Z,2022-08-18T23:50:45Z,85846,85846,0,1.0,1.000362873,0.999998179,0.001731439,0,0,0,0,0.0,1.459923,8.050506,1.472391e-10,0.001459926,0.00805052,False,0.008225,False
2022-08-19,CE02SHBP-LJ01D-07-VEL3DC108,9,False,,,0,0,,1.0,,,,,,,,,,,,,,,,False
2022-08-20,CE02SHBP-LJ01D-07-VEL3DC108,9,False,,,0,0,,1.0,,,,,,,,,,,,,,,,False
2022-08-21,CE02SHBP-LJ01D-07-VEL3DC108,9,False,,,0,0,,1.0,,,,,,,,,,,,,,,,False
2022-08-22,CE02SHBP-LJ01D-07-VEL3DC108,9,False,,,0,0,,1.0,,,,,,,,,,,,,,,,False
2022-08-23,CE02SHBP-LJ01D-07-VEL3DC108,9,False,,,0,0,,1.0,,,,,,,,,,,,,,,,False
2022-08-24,CE02SHBP-LJ01D-07-VEL3DC108,9,False,,,0,0,,1.0,,,,,,,,,,,,,,,,False
2022-08-25,CE02SHBP-LJ01D-07-VEL3DC108,9,False,,,0,0,,1.0,,,,,,,,,,,,,,,,False
2022-08-26,CE02SHBP-LJ01D-07-VEL3DC108,9,False,,,0,0,,1.0,,,,,,,,,,,,,,,,False
2022-08-27,CE02SHBP-LJ01D-07-VEL3DC108,9,False,,,0,0,,1.0,,,,,,,,,,,,,,,,False
2022-08-28,CE02SHBP-LJ01D-07-VEL3DC108,9,False,,,0,0,,1.0,,,,,,,,,,,,,,,,False
2022-08-29,CE02SHBP-LJ01D-07-VEL3DC108,9,False,,,0,0,,1.0,,,,,,,,,,,,,,,,False
2022-08-30,CE02SHBP-LJ01D-07-VEL3DC108,9,False,,,0,0,,1.0,,,,,,,,,,,,,,,,False
2022-08-31,CE02SHBP-LJ01D-07-VEL3DC108,9,False,,,0,0,,1.0,,,,,,,,,,,,,,,,False
2022-09-01,CE02SHBP-LJ01D-07-VEL3DC108,9,False,,,0,0,,1.0,,,,,,,,,,,,,,,,False
2022-09-02,CE02SHBP-LJ01D-07-VEL3DC108,9,False,,,0,0,,1.0,,,,,,,,,,,,,,,,False
2022-09-03,CE02SHBP-LJ01D-07-VEL3DC108,9,False,,,0,0,,1.0,,,,,,,,,,,,,,,,False
2022-09-04,CE02SHBP-LJ01D-07-VEL3DC108,9,False,,,0,0,,1.0,,,,,,,,,,,,,,,,False
2022-09-05,CE02SHBP-LJ01D-07-VEL3DC108,9,False,,,0,0,,1.0,,,,,,,,,,,,,,,,False
2022-09-06,CE02SHBP-LJ01D-07-VEL3DC108,9,False,,,0,0,,1.0,,,,,,,,,,,,,,,,False
2022-09-07,CE02SHBP-LJ01D-07-VEL3DC108,9,False,,,0,0,,1.0,,,,,,,,,,,,,,,,False
2022-09-08,CE02SHBP-LJ01D-07-VEL3DC108,9,False,,,0,0,,1.0,,,,,,,,,,,,,,,,False
2022-09-09,CE02SHBP-LJ01D-07-VEL3DC108,9,False,,,0,0,,1.0,,,,,,,,,,,,,,,,False
2022-09-10,CE02SHBP-LJ01D-07-VEL3DC108,9,False,,,0,0,,1.0,,,,,,,,,,,,,,,,False
2022-09-11,CE02SHBP-LJ01D-07-VEL3DC108,9,False,,,0,0,,1.0,,,,,,,,,,,,,,,,False
2022-09-12,CE02SHBP-LJ01D-07-VEL3DC108,9,False,,,0,0,,1.0,,,,,,,,,,,,,,,,False
2022-09-13,CE02SHBP-LJ01D-07-VEL3DC108,9,False,,,0,0,,1.0,,,,,,,,,,,,,,,,False
2022-09-14,CE02SHBP-LJ01D-07-VEL3DC108,9,False,,,0,0,,1.0,,,,,,,,,,,,,,,,False
2022-09-15,CE02SHBP-LJ01D-07-VEL3DC108,9,False,,,0,0,,1.0,,,,,,,,,,,,,,,,False
2022-09-16,CE02SHBP-LJ01D-07-VEL3DC108,9,False,,,0,0,,1.0,,,,,,,,,,,,,,,,False
2022-09-17,CE02SHBP-LJ01D-07-VEL3DC108,9,False,,,0,0,,1.0,,,,,,,,,,,,,,,,False
2022-09-18,CE02SHBP-LJ01D-07-VEL3DC108,9,False,,,0,0,,1.0,,,,,,,,,,,,,,,,False
2022-09-19,CE02SHBP-LJ01D-07-VEL3DC108,9,False,,,0,0,,1.0,,,,,,,,,,,,,,,,False
2022-09-20,CE02SHBP-LJ01D-07-VEL3DC108,9,False,,,0,0,,1.0,,,,,,,,,,,,,,,,False
2022-09-21,CE02SHBP-LJ01D-07-VEL3DC108,9,False,,,0,0,,1.0,,,,,,,,,,,,,,,,False
2022-09-22,CE02SHBP-LJ01D-07-VEL3DC108,9,False,,,0,0,,1.0,,,,,,,,,,,,,,,,False
2022-09-23,CE02SHBP-LJ01D-07-VEL3DC108,9,False,,,0,0,,1.0,,,,,,,,,,,,,,,,False
2022-09-24,CE02SHBP-LJ01D-07-VEL3DC108,9,False,,,0,0,,1.0,,,,,,,,,,,,,,,,False
2022-09-25,CE02SHBP-LJ01D-07-VEL3DC108,9,False,,,0,0,,1.0,,,,,,,,,,,,,,,,False
2022-09-26,CE02SHBP-LJ01D-07-VEL3DC108,9,False,,,0,0,,1.0,,,,,,,,,,,,,,,,False
2022-09-27,CE02SHBP-LJ01D-07-VEL3DC108,9,False,,,0,0,,1.0,,,,,,,,,,,,,,,,False
2022-09-28,CE02SHBP-LJ01D-07-VEL3DC108,9,False,,,0,0,,1.0,,,,,,,,,,,,,,,,False
2022-09-29,CE02SHBP-LJ01D-07-VEL3DC108,9,False,,,0,0,,1.0,,,,,,,,,,,,,,,,False
2022-09-30,CE02SHBP-LJ01D-07-VEL3DC108,9,False,,,0,0,,1.0,,,,,,,,,,,,,,,,False
2022-10-01,CE02SHBP-LJ01D-07-VEL3DC108,9,False,,,0,0,,1.0,,,,,,,,,,,,,,,,False
2022-10-02,CE02SHBP-LJ01D-07-VEL3DC108,9,False,,,0,0,,1.0,,,,,,,,,,,,,,,,False
2022-10-03,CE02SHBP-LJ01D-07-VEL3DC108,9,False,,,0,0,,1.0,,,,,,,,,,,,,,,,False
2022-10-04,CE02SHBP-LJ01D-07-VEL3DC108,9,False,,,0,0,,1.0,,,,,,,,,,,,,,,,False
2022-10-05,CE02SHBP-LJ01D-07-VEL3DC108,9,False,,,0,0,,1.0,,,,,,,,,,,,,,,,False
2022-10-06,CE02SHBP-LJ01D-07-VEL3DC108,9,False,,,0,0,,1.0,,,,,,,,,,,,,,,,False
2022-10-07,CE02SHBP-LJ01D-07-VEL3DC108,9,False,,,0,0,,1.0,,,,,,,,,,,,,,,,False
2022-10-08,CE02SHBP-LJ01D-07-VEL3DC108,9,False,,,0,0,,1.0,,,,,,,,,,,,,,,,False
2022-10-09,CE02SHBP-LJ01D-07-VEL3DC108,9,False,,,0,0,,1.0,,,,,,,,,,,,,,,,False
2022-10-10,CE02SHBP-LJ01D-07-VEL3DC108,9,False,,,0,0,,1.0,,,,,,,,,,,,,,,,False
2022-10-11,CE02SHBP-LJ01D-07-VEL3DC108,9,False,,,0,0,,1.0,,,,,,,,,,,,,,,,False
2022-10-12,CE02SHBP-LJ01D-07-VEL3DC108,9,False,,,0,0,,1.0,,,,,,,,,,,,,,,,False
2022-10-13,CE02SHBP-LJ01D-07-VEL3DC108,9,False,,,0,0,,1.0,,,,,,,,,,,,,,,,False
2022-10-14,CE02SHBP-LJ01D-07-VEL3DC108,9,False,,,0,0,,1.0,,,,,,,,,,,,,,,,False
2022-10-15,CE02SHBP-LJ01D-07-VEL3DC108,9,False,,,0,0,,1.0,,,,,,,,,,,,,,,,False
2022-10-16,CE02SHBP-LJ01D-07-VEL3DC108,9,False,,,0,0,,1.0,,,,,,,,,,,,,,,,False
2022-10-17,CE02SHBP-LJ01D-07-VEL3DC108,9,False,,,0,0,,1.0,,,,,,,,,,,,,,,,False
2022-10-18,CE02SHBP-LJ01D-07-VEL3DC108,9,False,,,0,0,,1.0,,,,,,,,,,,,,,,,False
2022-10-19,CE02SHBP-LJ01D-07-VEL3DC108,9,False,,,0,0,,1.0,,,,,,,,,,,,,,,,False
2022-10-20,CE02SHBP-LJ01D-07-VEL3DC108,9,False,,,0,0,,1.0,,,,,,,,,,,,,,,,False
2022-10-21,CE02SHBP-LJ01D-07-VEL3DC108,9,False,,,0,0,,1.0,,,,,,,,,,,,,,,,False
2022-10-22,CE02SHBP-LJ01D-07-VEL3DC108,9,False,,,0,0,,1.0,,,,,,,,,,,,,,,,False
2022-10-23,CE02SHBP-LJ01D-07-VEL3DC108,9,False,,,0,0,,1.0,,,,,,,,,,,,,,,,False
2022-10-24,CE02SHBP-LJ01D-07-VEL3DC108,9,False,,,0,0,,1.0,,,,,,,,,,,,,,,,False
2022-10-25,CE02SHBP-LJ01D-07-VEL3DC108,9,False,,,0,0,,1.0,,,,,,,,,,,,,,,,False
2022-10-26,CE02SHBP-LJ01D-07-VEL3DC108,9,False,,,0,0,,1.0,,,,,,,,,,,,,,,,False
2022-10-27,CE02SHBP-LJ01D-07-VEL3DC108,9,False,,,0,0,,1.0,,,,,,,,,,,,,,,,False
2022-10-28,CE02SHBP-LJ01D-07-VEL3DC108,9,False,,,0,0,,1.0,,,,,,,,,,,,,,,,False
2022-10-29,CE02SHBP-LJ01D-07-VEL3DC108,9,False,,,0,0,,1.0,,,,,,,,,,,,,,,,False
2022-10-30,CE02SHBP-LJ01D-07-VEL3DC108,9,False,,,0,0,,1.0,,,,,,,,,,,,,,,,False
2022-10-31,CE02SHBP-LJ01D-07-VEL3DC108,9,False,,,0,0,,1.0,,,,,,,,,,,,,,,,False
2022-11-01,CE02SHBP-LJ01D-07-VEL3DC108,9,False,,,0,0,,1.0,,,,,,,,,,,,,,,,False
2022-11-02,CE02SHBP-LJ01D-07-VEL3DC108,9,False,,,0,0,,1.0,,,,,,,,,,,,,,,,False
2022-11-03,CE02SHBP-LJ01D-07-VEL3DC108,9,False,,,0,0,,1.0,,,,,,,,,,,,,,,,False
2022-11-04,CE02SHBP-LJ01D-07-VEL3DC108,9,False,,,0,0,,1.0,,,,,,,,,,,,,,,,False
2022-11-05,CE02SHBP-LJ01D-07-VEL3DC108,9,False,,,0,0,,1.0,,,,,,,,,,,,,,,,False
2022-11-06,CE02SHBP-LJ01D-07-VEL3DC108,9,False,,,0,0,,1.0,,,,,,,,,,,,,,,,False
2022-11-07,CE02SHBP-LJ01D-07-VEL3DC108,9,False,,,0,0,,1.0,,,,,,,,,,,,,,,,False
2022-11-08,CE02SHBP-LJ01D-07-VEL3DC108,9,False,,,0,0,,1.0,,,,,,,,,,,,,,,,False
2022-11-09,CE02SHBP-LJ01D-07-VEL3DC108,9,False,,,0,0,,1.0,,,,,,,,,,,,,,,,False
2022-11-10,CE02SHBP-LJ01D-07-VEL3DC108,9,False,,,0,0,,1.0,,,,,,,,,,,,,,,,False
2022-11-11,CE02SHBP-LJ01D-07-VEL3DC108,9,False,,,0,0,,1.0,,,,,,,,,,,,,,,,False
2022-11-12,CE02SHBP-LJ01D-07-VEL3DC108,9,False,,,0,0,,1.0,,,,,,,,,,,,,,,,False
2022-11-13,CE02SHBP-LJ01D-07-VEL3DC108,9,False,,,0,0,,1.0,,,,,,,,,,,,,,,,False
2022-11-14,CE02SHBP-LJ01D-07-VEL3DC108,9,False,,,0,0,,1.0,,,,,,,,,,,,,,,,False
2022-11-15,CE02SHBP-LJ01D-07-VEL3DC108,9,False,,,0,0,,1.0,,,,,,,,,,,,,,,,False
2022-11-16,CE02SHBP-LJ01D-07-VEL3DC108,9,False,,,0,0,,1.0,,,,,,,,,,,,,,,,False
2022-11-17,CE02SHBP-LJ01D-07-VEL3DC108,9,False,,,0,0,,1.0,,,,,,,,,,,,,,,,False
2022-11-18,CE02SHBP-LJ01D-07-VEL3DC108,9,False,,,0,0,,1.0,,,,,,,,,,,,,,,,False
2022-11-19,CE02SHBP-LJ01D-07-VEL3DC108,9,False,,,0,0,,1.0,,,,,,,,,,,,,,,,False
2022-11-20,CE02SHBP-LJ01D-07-VEL3DC108,9,False,,,0,0,,1.0,,,,,,,,,,,,,,,,False
2022-11-21,CE02SHBP-LJ01D-07-VEL3DC108,9,False,,,0,0,,1.0,,,,,,,,,,,,,,,,False
2022-11-22,CE02SHBP-LJ01D-07-VEL3DC108,9,False,,,0,0,,1.0,,,,,,,,,,,,,,,,False
2022-11-23,CE02SHBP-LJ01D-07-VEL3DC108,9,False,,,0,0,,1.0,,,,,,,,,,,,,,,,False
2022-11-24,CE02SHBP-LJ01D-07-VEL3DC108,9,False,,,0,0,,1.0,,,,,,,,,,,,,,,,False
2022-11-25,CE02SHBP-LJ01D-07-VEL3DC108,9,False,,,0,0,,1.0,,,,,,,,,,,,,,,,False
2022-11-26,CE02SHBP-LJ01D-07-VEL3DC108,9,False,,,0,0,,1.0,,,,,,,,,,,,,,,,False
2022-11-27,CE02SHBP-LJ01D-07-VEL3DC108,9,False,,,0,0,,1.0,,,,,,,,,,,,,,,,False
2022-11-28,CE02SHBP-LJ01D-07-VEL3DC108,9,False,,,0,0,,1.0,,,,,,,,,,,,,,,,False
2022-11-29,CE02SHBP-LJ01D-07-VEL3DC108,9,False,,,0,0,,1.0,,,,,,,,,,,,,,,,False
2022-11-30,CE02SHBP-LJ01D-07-VEL3DC108,9,False,,,0,0,,1.0,,,,,,,,,,,,,,,,False
2022-12-01,CE02SHBP-LJ01D-07-VEL3DC108,9,False,,,0,0,,1.0,,,,,,,,,,,,,,,,False
2022-12-02,CE02SHBP-LJ01D-07-VEL3DC108,9,False,,,0,0,,1.0,,,,,,,,,,,,,,,,False
2022-12-03,CE02SHBP-LJ01D-07-VEL3DC108,9,False,,,0,0,,1.0,,,,,,,,,,,,,,,,False
2022-12-04,CE02SHBP-LJ01D-07-VEL3DC108,9,False,,,0,0,,1.0,,,,,,,,,,,,,,,,False
2022-12-05,CE02SHBP-LJ01D-07-VEL3DC108,9,False,,,0,0,,1.0,,,,,,,,,,,,,,,,False
2022-12-06,CE02SHBP-LJ01D-07-VEL3DC108,9,False,,,0,0,,1.0,,,,,,,,,,,,,,,,False
2022-12-07,CE02SHBP-LJ01D-07-VEL3DC108,9,False,,,0,0,,1.0,,,,,,,,,,,,,,,,False
2022-12-08,CE02SHBP-LJ01D-07-VEL3DC108,9,False,,,0,0,,1.0,,,,,,,,,,,,,,,,False
2022-12-09,CE02SHBP-LJ01D-07-VEL3DC108,9,False,,,0,0,,1.0,,,,,,,,,,,,,,,,False
2022-12-10,CE02SHBP-LJ01D-07-VEL3DC108,9,False,,,0,0,,1.0,,,,,,,,,,,,,,,,False
2022-12-11,CE02SHBP-LJ01D-07-VEL3DC108,9,False,,,0,0,,1.0,,,,,,,,,,,,,,,,False
2022-12-12,CE02SHBP-LJ01D-07-VEL3DC108,9,False,,,0,0,,1.0,,,,,,,,,,,,,,,,False
2022-12-13,CE02SHBP-LJ01D-07-VEL3DC108,9,False,,,0,0,,1.0,,,,,,,,,,,,,,,,False
2022-12-14,CE02SHBP-LJ01D-07-VEL3DC108,9,False,,,0,0,,1.0,,,,,,,,,,,,,,,,False
2022-12-15,CE02SHBP-LJ01D-07-VEL3DC108,9,False,,,0,0,,1.0,,,,,,,,,,,,,,,,False
2022-12-16,CE02SHBP-LJ01D-07-VEL3DC108,9,False,,,0,0,,1.0,,,,,,,,,,,,,,,,False
2022-12-17,CE02SHBP-LJ01D-07-VEL3DC108,9,False,,,0,0,,1.0,,,,,,,,,,,,,,,,False
2022-12-18,CE02SHBP-LJ01D-07-VEL3DC108,9,False,,,0,0,,1.0,,,,,,,,,,,,,,,,False
2022-12-19,CE02SHBP-LJ01D-07-VEL3DC108,9,False,,,0,0,,1.0,,,,,,,,,,,,,,,,False
2022-12-20,CE02SHBP-LJ01D-07-VEL3DC108,9,False,,,0,0,,1.0,,,,,,,,,,,,,,,,False
2022-12-21,CE02SHBP-LJ01D-07-VEL3DC108,9,False,,,0,0,,1.0,,,,,,,,,,,,,,,,False
2022-12-22,CE02SHBP-LJ01D-07-VEL3DC108,9,False,,,0,0,,1.0,,,,,,,,,,,,,,,,False
2022-12-23,CE02SHBP-LJ01D-07-VEL3DC108,9,False,,,0,0,,1.0,,,,,,,,,,,,,,,,False
2022-12-24,CE02SHBP-LJ01D-07-VEL3DC108,9,False,,,0,0,,1.0,,,,,,,,,,,,,,,,False
2022-12-25,CE02SHBP-LJ01D-07-VEL3DC108,9,False,,,0,0,,1.0,,,,,,,,,,,,,,,,False
2022-12-26,CE02SHBP-LJ01D-07-VEL3DC108,9,False,,,0,0,,1.0,,,,,,,,,,,,,,,,False
2022-12-27,CE02SHBP-LJ01D-07-VEL3DC108,9,False,,,0,0,,1.0,,,,,,,,,,,,,,,,False
2022-12-28,CE02SHBP-LJ01D-07-VEL3DC108,9,False,,,0,0,,1.0,,,,,,,,,,,,,,,,False
2022-12-29,CE02SHBP-LJ01D-07-VEL3DC108,9,False,,,0,0,,1.0,,,,,,,,,,,,,,,,False
2022-12-30,CE02SHBP-LJ01D-07-VEL3DC108,9,False,,,0,0,,1.0,,,,,,,,,,,,,,,,False
2022-12-31,CE02SHBP-LJ01D-07-VEL3DC108,9,False,,,0,0,,1.0,,,,,,,,,,,,,,,,False
2023-01-01,CE02SHBP-LJ01D-07-VEL3DC108,9,False,,,0,0,,1.0,,,,,,,,,,,,,,,,False
2023-01-02,CE02SHBP-LJ01D-07-VEL3DC108,9,False,,,0,0,,1.0,,,,,,,,,,,,,,,,False
2023-01-03,CE02SHBP-LJ01D-07-VEL3DC108,9,False,,,0,0,,1.0,,,,,,,,,,,,,,,,False
2023-01-04,CE02SHBP-LJ01D-07-VEL3DC108,9,False,,,0,0,,1.0,,,,,,,,,,,,,,,,False
2023-01-05,CE02SHBP-LJ01D-07-VEL3DC108,9,False,,,0,0,,1.0,,,,,,,,,,,,,,,,False
2023-01-06,CE02SHBP-LJ01D-07-VEL3DC108,9,False,,,0,0,,1.0,,,,,,,,,,,,,,,,False
2023-01-07,CE02SHBP-LJ01D-07-VEL3DC108,9,False,,,0,0,,1.0,,,,,,,,,,,,,,,,False
2023-01-08,CE02SHBP-LJ01D-07-VEL3DC108,9,False,,,0,0,,1.0,,,,,,,,,,,,,,,,False
2023-01-09,CE02SHBP-LJ01D-07-VEL3DC108,9,False,,,0,0,,1.0,,,,,,,,,,,,,,,,False
2023-01-10,CE02SHBP-LJ01D-07-VEL3DC108,9,False,,,0,0,,1.0,,,,,,,,,,,,,,,,False
2023-01-11,CE02SHBP-LJ01D-07-VEL3DC108,9,False,,,0,0,,1.0,,,,,,,,,,,,,,,,False
2023-01-12,CE02SHBP-LJ01D-07-VEL3DC108,9,False,,,0,0,,1.0,,,,,,,,,,,,,,,,False
2023-01-13,CE02SHBP-LJ01D-07-VEL3DC108,9,False,,,0,0,,1.0,,,,,,,,,,,,,,,,False
2023-01-14,CE02SHBP-LJ01D-07-VEL3DC108,9,False,,,0,0,,1.0,,,,,,,,,,,,,,,,False
2023-01-15,CE02SHBP-LJ01D-07-VEL3DC108,9,False,,,0,0,,1.0,,,,,,,,,,,,,,,,False
2023-01-16,CE02SHBP-LJ01D-07-VEL3DC108,9,False,,,0,0,,1.0,,,,,,,,,,,,,,,,False
2023-01-17,CE02SHBP-LJ01D-07-VEL3DC108,9,False,,,0,0,,1.0,,,,,,,,,,,,,,,,False
2023-01-18,CE02SHBP-LJ01D-07-VEL3DC108,9,False,,,0,0,,1.0,,,,,,,,,,,,,,,,False
2023-01-19,CE02SHBP-LJ01D-07-VEL3DC108,9,False,,,0,0,,1.0,,,,,,,,,,,,,,,,False
2023-01-20,CE02SHBP-LJ01D-07-VEL3DC108,9,False,,,0,0,,1.0,,,,,,,,,,,,,,,,False
2023-01-21,CE02SHBP-LJ01D-07-VEL3DC108,9,False,,,0,0,,1.0,,,,,,,,,,,,,,,,False
2023-01-22,CE02SHBP-LJ01D-07-VEL3DC108,9,False,,,0,0,,1.0,,,,,,,,,,,,,,,,False
2023-01-23,CE02SHBP-LJ01D-07-VEL3DC108,9,False,,,0,0,,1.0,,,,,,,,,,,,,,,,False
2023-01-24,CE02SHBP-LJ01D-07-VEL3DC108,9,False,,,0,0,,1.0,,,,,,,,,,,,,,,,False
2023-01-25,CE02SHBP-LJ01D-07-VEL3DC108,9,False,,,0,0,,1.0,,,,,,,,,,,,,,,,False
2023-01-26,CE02SHBP-LJ01D-07-VEL3DC108,9,False,,,0,0,,1.0,,,,,,,,,,,,,,,,False
2023-01-27,CE02SHBP-LJ01D-07-VEL3DC108,9,False,,,0,0,,1.0,,,,,,,,,,,,,,,,False
2023-01-28,CE02SHBP-LJ01D-07-VEL3DC108,9,False,,,0,0,,1.0,,,,,,,,,,,,,,,,False
2023-01-29,CE02SHBP-LJ01D-07-VEL3DC108,9,False,,,0,0,,1.0,,,,,,,,,,,,,,,,False
2023-01-30,CE02SHBP-LJ01D-07-VEL3DC108,9,False,,,0,0,,1.0,,,,,,,,,,,,,,,,False
2023-01-31,CE02SHBP-LJ01D-07-VEL3DC108,9,False,,,0,0,,1.0,,,,,,,,,,,,,,,,False
2023-02-01,CE02SHBP-LJ01D-07-VEL3DC108,9,False,,,0,0,,1.0,,,,,,,,,,,,,,,,False
2023-02-02,CE02SHBP-LJ01D-07-VEL3DC108,9,False,,,0,0,,1.0,,,,,,,,,,,,,,,,False
2023-02-03,CE02SHBP-LJ01D-07-VEL3DC108,9,False,,,0,0,,1.0,,,,,,,,,,,,,,,,False
2023-02-04,CE02SHBP-LJ01D-07-VEL3DC108,9,False,,,0,0,,1.0,,,,,,,,,,,,,,,,False
2023-02-05,CE02SHBP-LJ01D-07-VEL3DC108,9,False,,,0,0,,1.0,,,,,,,,,,,,,,,,False
2023-02-06,CE02SHBP-LJ01D-07-VEL3DC108,9,False,,,0,0,,1.0,,,,,,,,,,,,,,,,False
2023-02-07,CE02SHBP-LJ01D-07-VEL3DC108,9,False,,,0,0,,1.0,,,,,,,,,,,,,,,,False
2023-02-08,CE02SHBP-LJ01D-07-VEL3DC108,9,False,,,0,0,,1.0,,,,,,,,,,,,,,,,False
2023-02-09,CE02SHBP-LJ01D-07-VEL3DC108,9,False,,,0,0,,1.0,,,,,,,,,,,,,,,,False
2023-02-10,CE02SHBP-LJ01D-07-VEL3DC108,9,False,,,0,0,,1.0,,,,,,,,,,,,,,,,False
2023-02-11,CE02SHBP-LJ01D-07-VEL3DC108,9,False,,,0,0,,1.0,,,,,,,,,,,,,,,,False
2023-02-12,CE02SHBP-LJ01D-07-VEL3DC108,9,False,,,0,0,,1.0,,,,,,,,,,,,,,,,False
2023-02-13,CE02SHBP-LJ01D-07-VEL3DC108,9,False,,,0,0,,1.0,,,,,,,,,,,,,,,,False
2023-02-14,CE02SHBP-LJ01D-07-VEL3DC108,9,False,,,0,0,,1.0,,,,,,,,,,,,,,,,False
2023-02-15,CE02SHBP-LJ01D-07-VEL3DC108,9,False,,,0,0,,1.0,,,,,,,,,,,,,,,,False
2023-02-16,CE02SHBP-LJ01D-07-VEL3DC108,9,False,,,0,0,,1.0,,,,,,,,,,,,,,,,False
2023-02-17,CE02SHBP-LJ01D-07-VEL3DC108,9,False,,,0,0,,1.0,,,,,,,,,,,,,,,,False
2023-02-18,CE02SHBP-LJ01D-07-VEL3DC108,9,False,,,0,0,,1.0,,,,,,,,,,,,,,,,False
2023-02-19,CE02SHBP-LJ01D-07-VEL3DC108,9,False,,,0,0,,1.0,,,,,,,,,,,,,,,,False
2023-02-20,CE02SHBP-LJ01D-07-VEL3DC108,9,False,,,0,0,,1.0,,,,,,,,,,,,,,,,False
2023-02-21,CE02SHBP-LJ01D-07-VEL3DC108,9,False,,,0,0,,1.0,,,,,,,,,,,,,,,,False
2023-02-22,CE02SHBP-LJ01D-07-VEL3DC108,9,False,,,0,0,,1.0,,,,,,,,,,,,,,,,False
2023-02-23,CE02SHBP-LJ01D-07-VEL3DC108,9,False,,,0,0,,1.0,,,,,,,,,,,,,,,,False
2023-02-24,CE02SHBP-LJ01D-07-VEL3DC108,9,False,,,0,0,,1.0,,,,,,,,,,,,,,,,False
2023-02-25,CE02SHBP-LJ01D-07-VEL3DC108,9,False,,,0,0,,1.0,,,,,,,,,,,,,,,,False
2023-02-26,CE02SHBP-LJ01D-07-VEL3DC108,9,False,,,0,0,,1.0,,,,,,,,,,,,,,,,False
2023-02-27,CE02SHBP-LJ01D-07-VEL3DC108,9,False,,,0,0,,1.0,,,,,,,,,,,,,,,,False
2023-02-28,CE02SHBP-LJ01D-07-VEL3DC108,9,False,,,0,0,,1.0,,,,,,,,,,,,,,,,False
2023-03-01,CE02SHBP-LJ01D-07-VEL3DC108,9,False,,,0,0,,1.0,,,,,,,,,,,,,,,,False
2023-03-02,CE02SHBP-LJ01D-07-VEL3DC108,9,False,,,0,0,,1.0,,,,,,,,,,,,,,,,False
2023-03-03,CE02SHBP-LJ01D-07-VEL3DC108,9,False,,,0,0,,1.0,,,,,,,,,,,,,,,,False
2023-03-04,CE02SHBP-LJ01D-07-VEL3DC108,9,False,,,0,0,,1.0,,,,,,,,,,,,,,,,False
2023-03-05,CE02SHBP-LJ01D-07-VEL3DC108,9,False,,,0,0,,1.0,,,,,,,,,,,,,,,,False
2023-03-06,CE02SHBP-LJ01D-07-VEL3DC108,9,False,,,0,0,,1.0,,,,,,,,,,,,,,,,False
2023-03-07,CE02SHBP-LJ01D-07-VEL3DC108,9,False,,,0,0,,1.0,,,,,,,,,,,,,,,,False
2023-03-08,CE02SHBP-LJ01D-07-VEL3DC108,9,False,,,0,0,,1.0,,,,,,,,,,,,,,,,False
2023-03-09,CE02SHBP-LJ01D-07-VEL3DC108,9,False,,,0,0,,1.0,,,,,,,,,,,,,,,,False
2023-03-10,CE02SHBP-LJ01D-07-VEL3DC108,9,False,,,0,0,,1.0,,,,,,,,,,,,,,,,False
2023-03-11,CE02SHBP-LJ01D-07-VEL3DC108,9,False,,,0,0,,1.0,,,,,,,,,,,,,,,,False
2023-03-12,CE02SHBP-LJ01D-07-VEL3DC108,9,False,,,0,0,,1.0,,,,,,,,,,,,,,,,False
2023-03-13,CE02SHBP-LJ01D-07-VEL3DC108,9,False,,,0,0,,1.0,,,,,,,,,,,,,,,,False
2023-03-14,CE02SHBP-LJ01D-07-VEL3DC108,9,False,,,0,0,,1.0,,,,,,,,,,,,,,,,False
2023-03-15,CE02SHBP-LJ01D-07-VEL3DC108,9,False,,,0,0,,1.0,,,,,,,,,,,,,,,,False
2023-03-16,CE02SHBP-LJ01D-07-VEL3DC108,9,False,,,0,0,,1.0,,,,,,,,,,,,,,,,False
2023-03-17,CE02SHBP-LJ01D-07-VEL3DC108,9,False,,,0,0,,1.0,,,,,,,,,,,,,,,,False
2023-03-18,CE02SHBP-LJ01D-07-VEL3DC108,9,False,,,0,0,,1.0,,,,,,,,,,,,,,,,False
2023-03-19,CE02SHBP-LJ01D-07-VEL3DC108,9,False,,,0,0,,1.0,,,,,,,,,,,,,,,,False
2023-03-20,CE02SHBP-LJ01D-07-VEL3DC108,9,False,,,0,0,,1.0,,,,,,,,,,,,,,,,False
2023-03-21,CE02SHBP-LJ01D-07-VEL3DC108,9,False,,,0,0,,1.0,,,,,,,,,,,,,,,,False
2023-03-22,CE02SHBP-LJ01D-07-VEL3DC108,9,False,,,0,0,,1.0,,,,,,,,,,,,,,,,False
2023-03-23,CE02SHBP-LJ01D-07-VEL3DC108,9,False,,,0,0,,1.0,,,,,,,,,,,,,,,,False
2023-03-24,CE02SHBP-LJ01D-07-VEL3DC108,9,False,,,0,0,,1.0,,,,,,,,,,,,,,,,False
2023-03-25,CE02SHBP-LJ01D-07-VEL3DC108,9,False,,,0,0,,1.0,,,,,,,,,,,,,,,,False
2023-03-26,CE02SHBP-LJ01D-07-VEL3DC108,9,False,,,0,0,,1.0,,,,,,,,,,,,,,,,False
2023-03-27,CE02SHBP-LJ01D-07-VEL3DC108,9,False,,,0,0,,1.0,,,,,,,,,,,,,,,,False
2023-03-28,CE02SHBP-LJ01D-07-VEL3DC108,9,False,,,0,0,,1.0,,,,,,,,,,,,,,,,False
2023-03-29,CE02SHBP-LJ01D-07-VEL3DC108,9,False,,,0,0,,1.0,,,,,,,,,,,,,,,,False
2023-03-30,CE02SHBP-LJ01D-07-VEL3DC108,9,False,,,0,0,,1.0,,,,,,,,,,,,,,,,False
2023-03-31,CE02SHBP-LJ01D-07-VEL3DC108,9,False,,,0,0,,1.0,,,,,,,,,,,,,,,,False
2023-04-01,CE02SHBP-LJ01D-07-VEL3DC108,9,False,,,0,0,,1.0,,,,,,,,,,,,,,,,False
2023-04-02,CE02SHBP-LJ01D-07-VEL3DC108,9,False,,,0,0,,1.0,,,,,,,,,,,,,,,,False
2023-04-03,CE02SHBP-LJ01D-07-VEL3DC108,9,False,,,0,0,,1.0,,,,,,,,,,,,,,,,False
2023-04-04,CE02SHBP-LJ01D-07-VEL3DC108,9,False,,,0,0,,1.0,,,,,,,,,,,,,,,,False
2023-04-05,CE02SHBP-LJ01D-07-VEL3DC108,9,False,,,0,0,,1.0,,,,,,,,,,,,,,,,False
2023-04-06,CE02SHBP-LJ01D-07-VEL3DC108,9,False,,,0,0,,1.0,,,,,,,,,,,,,,,,False
2023-04-07,CE02SHBP-LJ01D-07-VEL3DC108,9,False,,,0,0,,1.0,,,,,,,,,,,,,,,,False
2023-04-08,CE02SHBP-LJ01D-07-VEL3DC108,9,False,,,0,0,,1.0,,,,,,,,,,,,,,,,False
2023-04-09,CE02SHBP-LJ01D-07-VEL3DC108,9,False,,,0,0,,1.0,,,,,,,,,,,,,,,,False
2023-04-10,CE02SHBP-LJ01D-07-VEL3DC108,9,False,,,0,0,,1.0,,,,,,,,,,,,,,,,False
2023-04-11,CE02SHBP-LJ01D-07-VEL3DC108,9,False,,,0,0,,1.0,,,,,,,,,,,,,,,,False
2023-04-12,CE02SHBP-LJ01D-07-VEL3DC108,9,False,,,0,0,,1.0,,,,,,,,,,,,,,,,False
2023-04-13,CE02SHBP-LJ01D-07-VEL3DC108,9,False,,,0,0,,1.0,,,,,,,,,,,,,,,,False
2023-04-14,CE02SHBP-LJ01D-07-VEL3DC108,9,False,,,0,0,,1.0,,,,,,,,,,,,,,,,False
2023-04-15,CE02SHBP-LJ01D-07-VEL3DC108,9,False,,,0,0,,1.0,,,,,,,,,,,,,,,,False
2023-04-16,CE02SHBP-LJ01D-07-VEL3DC108,9,False,,,0,0,,1.0,,,,,,,,,,,,,,,,False
2023-04-17,CE02SHBP-LJ01D-07-VEL3DC108,9,False,,,0,0,,1.0,,,,,,,,,,,,,,,,False
2023-04-18,CE02SHBP-LJ01D-07-VEL3DC108,9,False,,,0,0,,1.0,,,,,,,,,,,,,,,,False
2023-04-19,CE02SHBP-LJ01D-07-VEL3DC108,9,False,,,0,0,,1.0,,,,,,,,,,,,,,,,False
2023-04-20,CE02SHBP-LJ01D-07-VEL3DC108,9,False,,,0,0,,1.0,,,,,,,,,,,,,,,,False
2023-04-21,CE02SHBP-LJ01D-07-VEL3DC108,9,False,,,0,0,,1.0,,,,,,,,,,,,,,,,False
2023-04-22,CE02SHBP-LJ01D-07-VEL3DC108,9,False,,,0,0,,1.0,,,,,,,,,,,,,,,,False
2023-04-23,CE02SHBP-LJ01D-07-VEL3DC108,9,False,,,0,0,,1.0,,,,,,,,,,,,,,,,False
2023-04-24,CE02SHBP-LJ01D-07-VEL3DC108,9,False,,,0,0,,1.0,,,,,,,,,,,,,,,,False
2023-04-25,CE02SHBP-LJ01D-07-VEL3DC108,9,False,,,0,0,,1.0,,,,,,,,,,,,,,,,False
2023-04-26,CE02SHBP-LJ01D-07-VEL3DC108,9,False,,,0,0,,1.0,,,,,,,,,,,,,,,,False
2023-04-27,CE02SHBP-LJ01D-07-VEL3DC108,9,False,,,0,0,,1.0,,,,,,,,,,,,,,,,False
2023-04-28,CE02SHBP-LJ01D-07-VEL3DC108,9,False,,,0,0,,1.0,,,,,,,,,,,,,,,,False
2023-04-29,CE02SHBP-LJ01D-07-VEL3DC108,9,False,,,0,0,,1.0,,,,,,,,,,,,,,,,False
2023-04-30,CE02SHBP-LJ01D-07-VEL3DC108,9,False,,,0,0,,1.0,,,,,,,,,,,,,,,,False
2023-05-01,CE02SHBP-LJ01D-07-VEL3DC108,9,False,,,0,0,,1.0,,,,,,,,,,,,,,,,False
2023-05-02,CE02SHBP-LJ01D-07-VEL3DC108,9,False,,,0,0,,1.0,,,,,,,,,,,,,,,,False
2023-05-03,CE02SHBP-LJ01D-07-VEL3DC108,9,False,,,0,0,,1.0,,,,,,,,,,,,,,,,False
2023-05-04,CE02SHBP-LJ01D-07-VEL3DC108,9,False,,,0,0,,1.0,,,,,,,,,,,,,,,,False
2023-05-05,CE02SHBP-LJ01D-07-VEL3DC108,9,False,,,0,0,,1.0,,,,,,,,,,,,,,,,False
2023-05-06,CE02SHBP-LJ01D-07-VEL3DC108,9,False,,,0,0,,1.0,,,,,,,,,,,,,,,,False
2023-05-07,CE02SHBP-LJ01D-07-VEL3DC108,9,False,,,0,0,,1.0,,,,,,,,,,,,,,,,False
2023-05-08,CE02SHBP-LJ01D-07-VEL3DC108,9,False,,,0,0,,1.0,,,,,,,,,,,,,,,,False
2023-05-09,CE02SHBP-LJ01D-07-VEL3DC108,9,False,,,0,0,,1.0,,,,,,,,,,,,,,,,False
2023-05-10,CE02SHBP-LJ01D-07-VEL3DC108,9,False,,,0,0,,1.0,,,,,,,,,,,,,,,,False
2023-05-11,CE02SHBP-LJ01D-07-VEL3DC108,9,False,,,0,0,,1.0,,,,,,,,,,,,,,,,False
2023-05-12,CE02SHBP-LJ01D-07-VEL3DC108,9,False,,,0,0,,1.0,,,,,,,,,,,,,,,,False
2023-05-13,CE02SHBP-LJ01D-07-VEL3DC108,9,False,,,0,0,,1.0,,,,,,,,,,,,,,,,False
2023-05-14,CE02SHBP-LJ01D-07-VEL3DC108,9,False,,,0,0,,1.0,,,,,,,,,,,,,,,,False
2023-05-15,CE02SHBP-LJ01D-07-VEL3DC108,9,False,,,0,0,,1.0,,,,,,,,,,,,,,,,False
2023-05-16,CE02SHBP-LJ01D-07-VEL3DC108,9,False,,,0,0,,1.0,,,,,,,,,,,,,,,,False
2023-05-17,CE02SHBP-LJ01D-07-VEL3DC108,9,False,,,0,0,,1.0,,,,,,,,,,,,,,,,False
2023-05-18,CE02SHBP-LJ01D-07-VEL3DC108,9,False,,,0,0,,1.0,,,,,,,,,,,,,,,,False
2023-05-19,CE02SHBP-LJ01D-07-VEL3DC108,9,False,,,0,0,,1.0,,,,,,,,,,,,,,,,False
2023-05-20,CE02SHBP-LJ01D-07-VEL3DC108,9,False,,,0,0,,1.0,,,,,,,,,,,,,,,,False
2023-05-21,CE02SHBP-LJ01D-07-VEL3DC108,9,False,,,0,0,,1.0,,,,,,,,,,,,,,,,False
2023-05-22,CE02SHBP-LJ01D-07-VEL3DC108,9,False,,,0,0,,1.0,,,,,,,,,,,,,,,,False
2023-05-23,CE02SHBP-LJ01D-07-VEL3DC108,9,False,,,0,0,,1.0,,,,,,,,,,,,,,,,False
2023-05-24,CE02SHBP-LJ01D-07-VEL3DC108,9,False,,,0,0,,1.0,,,,,,,,,,,,,,,,False
2023-05-25,CE02SHBP-LJ01D-07-VEL3DC108,9,False,,,0,0,,1.0,,,,,,,,,,,,,,,,False
2023-05-26,CE02SHBP-LJ01D-07-VEL3DC108,9,False,,,0,0,,1.0,,,,,,,,,,,,,,,,False
2023-05-27,CE02SHBP-LJ01D-07-VEL3DC108,9,False,,,0,0,,1.0,,,,,,,,,,,,,,,,False
2023-05-28,CE02SHBP-LJ01D-07-VEL3DC108,9,False,,,0,0,,1.0,,,,,,,,,,,,,,,,False
2023-05-29,CE02SHBP-LJ01D-07-VEL3DC108,9,False,,,0,0,,1.0,,,,,,,,,,,,,,,,False
2023-05-30,CE02SHBP-LJ01D-07-VEL3DC108,9,False,,,0,0,,1.0,,,,,,,,,,,,,,,,False
2023-05-31,CE02SHBP-LJ01D-07-VEL3DC108,9,False,,,0,0,,1.0,,,,,,,,,,,,,,,,False
2023-06-01,CE02SHBP-LJ01D-07-VEL3DC108,9,False,,,0,0,,1.0,,,,,,,,,,,,,,,,False
2023-06-02,CE02SHBP-LJ01D-07-VEL3DC108,9,False,,,0,0,,1.0,,,,,,,,,,,,,,,,False
2023-06-03,CE02SHBP-LJ01D-07-VEL3DC108,9,False,,,0,0,,1.0,,,,,,,,,,,,,,,,False
2023-06-04,CE02SHBP-LJ01D-07-VEL3DC108,9,False,,,0,0,,1.0,,,,,,,,,,,,,,,,False
2023-06-05,CE02SHBP-LJ01D-07-VEL3DC108,9,False,,,0,0,,1.0,,,,,,,,,,,,,,,,False
2023-06-06,CE02SHBP-LJ01D-07-VEL3DC108,9,False,,,0,0,,1.0,,,,,,,,,,,,,,,,False
2023-06-07,CE02SHBP-LJ01D-07-VEL3DC108,9,False,,,0,0,,1.0,,,,,,,,,,,,,,,,False
2023-06-08,CE02SHBP-LJ01D-07-VEL3DC108,9,False,,,0,0,,1.0,,,,,,,,,,,,,,,,False
2023-06-09,CE02SHBP-LJ01D-07-VEL3DC108,9,False,,,0,0,,1.0,,,,,,,,,,,,,,,,False
2023-06-10,CE02SHBP-LJ01D-07-VEL3DC108,9,False,,,0,0,,1.0,,,,,,,,,,,,,,,,False
2023-06-11,CE02SHBP-LJ01D-07-VEL3DC108,9,False,,,0,0,,1.0,,,,,,,,,,,,,,,,False
2023-06-12,CE02SHBP-LJ01D-07-VEL3DC108,9,False,,,0,0,,1.0,,,,,,,,,,,,,,,,False
2023-06-13,CE02SHBP-LJ01D-07-VEL3DC108,9,False,,,0,0,,1.0,,,,,,,,,,,,,,,,False
2023-06-14,CE02SHBP-LJ01D-07-VEL3DC108,9,False,,,0,0,,1.0,,,,,,,,,,,,,,,,False
2023-06-15,CE02SHBP-LJ01D-07-VEL3DC108,9,False,,,0,0,,1.0,,,,,,,,,,,,,,,,False
2023-06-16,CE02SHBP-LJ01D-07-VEL3DC108,9,False,,,0,0,,1.0,,,,,,,,,,,,,,,,False
2023-06-17,CE02SHBP-LJ01D-07-VEL3DC108,9,False,,,0,0,,1.0,,,,,,,,,,,,,,,,False
2023-06-18,CE02SHBP-LJ01D-07-VEL3DC108,9,False,,,0,0,,1.0,,,,,,,,,,,,,,,,False
2023-06-19,CE02SHBP-LJ01D-07-VEL3DC108,9,False,,,0,0,,1.0,,,,,,,,,,,,,,,,False
2023-06-20,CE02SHBP-LJ01D-07-VEL3DC108,9,False,,,0,0,,1.0,,,,,,,,,,,,,,,,False
2023-06-21,CE02SHBP-LJ01D-07-VEL3DC108,9,False,,,0,0,,1.0,,,,,,,,,,,,,,,,False
2023-06-22,CE02SHBP-LJ01D-07-VEL3DC108,9,False,,,0,0,,1.0,,,,,,,,,,,,,,,,False
2023-06-23,CE02SHBP-LJ01D-07-VEL3DC108,9,False,,,0,0,,1.0,,,,,,,,,,,,,,,,False
2023-06-24,CE02SHBP-LJ01D-07-VEL3DC108,9,False,,,0,0,,1.0,,,,,,,,,,,,,,,,False
2023-06-25,CE02SHBP-LJ01D-07-VEL3DC108,9,False,,,0,0,,1.0,,,,,,,,,,,,,,,,False
2023-06-26,CE02SHBP-LJ01D-07-VEL3DC108,9,False,,,0,0,,1.0,,,,,,,,,,,,,,,,False
2023-06-27,CE02SHBP-LJ01D-07-VEL3DC108,9,False,,,0,0,,1.0,,,,,,,,,,,,,,,,False
2023-06-28,CE02SHBP-LJ01D-07-VEL3DC108,9,False,,,0,0,,1.0,,,,,,,,,,,,,,,,False
2023-06-29,CE02SHBP-LJ01D-07-VEL3DC108,9,False,,,0,0,,1.0,,,,,,,,,,,,,,,,False
2023-06-30,CE02SHBP-LJ01D-07-VEL3DC108,9,False,,,0,0,,1.0,,,,,,,,,,,,,,,,False
2023-07-01,CE02SHBP-LJ01D-07-VEL3DC108,9,False,,,0,0,,1.0,,,,,,,,,,,,,,,,False
2023-07-02,CE02SHBP-LJ01D-07-VEL3DC108,9,False,,,0,0,,1.0,,,,,,,,,,,,,,,,False
2023-07-03,CE02SHBP-LJ01D-07-VEL3DC108,9,False,,,0,0,,1.0,,,,,,,,,,,,,,,,False
2023-07-04,CE02SHBP-LJ01D-07-VEL3DC108,9,False,,,0,0,,1.0,,,,,,,,,,,,,,,,False
2023-07-05,CE02SHBP-LJ01D-07-VEL3DC108,9,False,,,0,0,,1.0,,,,,,,,,,,,,,,,False
2023-07-06,CE02SHBP-LJ01D-07-VEL3DC108,9,False,,,0,0,,1.0,,,,,,,,,,,,,,,,False
2023-07-07,CE02SHBP-LJ01D-07-VEL3DC108,9,False,,,0,0,,1.0,,,,,,,,,,,,,,,,False
2023-07-08,CE02SHBP-LJ01D-07-VEL3DC108,9,False,,,0,0,,1.0,,,,,,,,,,,,,,,,False
2023-07-09,CE02SHBP-LJ01D-07-VEL3DC108,9,False,,,0,0,,1.0,,,,,,,,,,,,,,,,False
2023-07-10,CE02SHBP-LJ01D-07-VEL3DC108,9,False,,,0,0,,1.0,,,,,,,,,,,,,,,,False
2023-07-11,CE02SHBP-LJ01D-07-VEL3DC108,9,False,,,0,0,,1.0,,,,,,,,,,,,,,,,False
2023-07-12,CE02SHBP-LJ01D-07-VEL3DC108,9,False,,,0,0,,1.0,,,,,,,,,,,,,,,,False
2023-07-13,CE02SHBP-LJ01D-07-VEL3DC108,9,False,,,0,0,,1.0,,,,,,,,,,,,,,,,False
2023-07-14,CE02SHBP-LJ01D-07-VEL3DC108,9,False,,,0,0,,1.0,,,,,,,,,,,,,,,,False
2023-07-15,CE02SHBP-LJ01D-07-VEL3DC108,9,False,,,0,0,,1.0,,,,,,,,,,,,,,,,False
2023-07-16,CE02SHBP-LJ01D-07-VEL3DC108,9,False,,,0,0,,1.0,,,,,,,,,,,,,,,,False
2023-07-17,CE02SHBP-LJ01D-07-VEL3DC108,9,False,,,0,0,,1.0,,,,,,,,,,,,,,,,False
2023-07-18,CE02SHBP-LJ01D-07-VEL3DC108,9,False,,,0,0,,1.0,,,,,,,,,,,,,,,,False
2023-07-19,CE02SHBP-LJ01D-07-VEL3DC108,9,False,,,0,0,,1.0,,,,,,,,,,,,,,,,False
2023-07-20,CE02SHBP-LJ01D-07-VEL3DC108,9,False,,,0,0,,1.0,,,,,,,,,,,,,,,,False
2023-07-21,CE02SHBP-LJ01D-07-VEL3DC108,9,False,,,0,0,,1.0,,,,,,,,,,,,,,,,False
2023-07-22,CE02SHBP-LJ01D-07-VEL3DC108,9,False,,,0,0,,1.0,,,,,,,,,,,,,,,,False
2023-07-23,CE02SHBP-LJ01D-07-VEL3DC108,9,False,,,0,0,,1.0,,,,,,,,,,,,,,,,False
2023-07-24,CE02SHBP-LJ01D-07-VEL3DC108,9,False,,,0,0,,1.0,,,,,,,,,,,,,,,,False
2023-07-25,CE02SHBP-LJ01D-07-VEL3DC108,9,False,,,0,0,,1.0,,,,,,,,,,,,,,,,False
2023-07-26,CE02SHBP-LJ01D-07-VEL3DC108,9,False,,,0,0,,1.0,,,,,,,,,,,,,,,,False
2023-07-27,CE02SHBP-LJ01D-07-VEL3DC108,9,False,,,0,0,,1.0,,,,,,,,,,,,,,,,False
2023-07-28,CE02SHBP-LJ01D-07-VEL3DC108,9,False,,,0,0,,1.0,,,,,,,,,,,,,,,,False
2023-07-29,CE02SHBP-LJ01D-07-VEL3DC108,9,False,,,0,0,,1.0,,,,,,,,,,,,,,,,False
2023-07-30,CE02SHBP-LJ01D-07-VEL3DC108,9,False,,,0,0,,1.0,,,,,,,,,,,,,,,,False
2023-07-31,CE02SHBP-LJ01D-07-VEL3DC108,9,False,,,0,0,,1.0,,,,,,,,,,,,,,,,False
2023-08-01,CE02SHBP-LJ01D-07-VEL3DC108,9,False,,,0,0,,1.0,,,,,,,,,,,,,,,,False
2023-08-02,CE02SHBP-LJ01D-07-VEL3DC108,9,False,,,0,0,,1.0,,,,,,,,,,,,,,,,False
2023-08-03,CE02SHBP-LJ01D-07-VEL3DC108,9,False,,,0,0,,1.0,,,,,,,,,,,,,,,,False
2023-08-04,CE02SHBP-LJ01D-07-VEL3DC108,9,False,,,0,0,,1.0,,,,,,,,,,,,,,,,False
2023-08-05,CE02SHBP-LJ01D-07-VEL3DC108,9,False,,,0,0,,1.0,,,,,,,,,,,,,,,,False
2023-08-06,CE02SHBP-LJ01D-07-VEL3DC108,9,False,,,0,0,,1.0,,,,,,,,,,,,,,,,False
2023-08-07,CE02SHBP-LJ01D-07-VEL3DC108,9,False,,,0,0,,1.0,,,,,,,,,,,,,,,,False
2023-08-08,CE02SHBP-LJ01D-07-VEL3DC108,9,False,,,0,0,,1.0,,,,,,,,,,,,,,,,False
2023-08-09,CE02SHBP-LJ01D-07-VEL3DC108,9,False,,,0,0,,1.0,,,,,,,,,,,,,,,,False
2023-08-10,CE02SHBP-LJ01D-07-VEL3DC108,9,False,,,0,0,,1.0,,,,,,,,,,,,,,,,False
2023-08-11,CE02SHBP-LJ01D-07-VEL3DC108,9,False,,,0,0,,1.0,,,,,,,,,,,,,,,,False
2023-08-12,CE02SHBP-LJ01D-07-VEL3DC108,9,False,,,0,0,,1.0,,,,,,,,,,,,,,,,False
2023-08-13,CE02SHBP-LJ01D-07-VEL3DC108,9,False,,,0,0,,1.0,,,,,,,,,,,,,,,,False
2023-08-14,CE02SHBP-LJ01D-07-VEL3DC108,9,False,,,0,0,,1.0,,,,,,,,,,,,,,,,False
2023-08-15,CE02SHBP-LJ01D-07-VEL3DC108,0,False,,,0,0,,,,,,,,,,,,,,,,,,False
2023-08-16,CE02SHBP-LJ01D-07-VEL3DC108,0,False,,,0,0,,,,,,,,,,,,,,,,,,False
2023-08-17,CE02SHBP-LJ01D-07-VEL3DC108,0,False,,,0,0,,,,,,,,,,,,,,,,,,False
2023-08-18,CE02SHBP-LJ01D-07-VEL3DC108,0,False,,,0,0,,,,,,,,,,,,,,,,,,False
2023-08-19,CE02SHBP-LJ01D-07-VEL3DC108,0,False,,,0,0,,,,,,,,,,,,,,,,,,False
2023-08-20,CE02SHBP-LJ01D-07-VEL3DC108,0,False,,,0,0,,,,,,,,,,,,,,,,,,False
2023-08-21,CE02SHBP-LJ01D-07-VEL3DC108,0,False,,,0,0,,,,,,,,,,,,,,,,,,False
2023-08-22,CE02SHBP-LJ01D-07-VEL3DC108,10,True,2023-08-22T14:50:00Z,2023-08-22T23:59:59Z,32941,33000,59,1.0,1.000362873,0.999998651,0.028628871,1,59,1,59,0.0,3.653252,73.647244,4.463087e-12,0.003653256,0.07364734,False,0.070242,True
2023-08-23,CE02SHBP-LJ01D-07-VEL3DC108,10,True,2023-08-23T00:00:00Z,2023-08-23T23:59:59Z,86400,86400,0,1.0,1.000362873,0.99999862,0.001117789,0,0,0,0,-0.0,1.485526,8.556017,-4.950992e-10,0.001485528,0.008556029,False,0.008743,False
2023-08-24,CE02SHBP-LJ01D-07-VEL3DC108,10,True,2023-08-24T00:00:00Z,2023-08-24T23:59:59Z,86400,86400,0,1.0,1.000362873,0.999998607,0.00103133,0,0,0,0,-0.0,1.594949,8.870974,-4.615943e-10,0.001594951,0.008870986,False,0.008486,False
2023-08-25,CE02SHBP-LJ01D-07-VEL3DC108,10,True,2023-08-25T00:00:00Z,2023-08-25T23:59:59Z,86400,86400,0,1.0,1.000362873,0.999998635,0.00370534,0,0,0,0,-0.0,1.673698,8.989806,-4.933409e-10,0.001673701,0.008989818,False,0.008487,False
2023-08-26,CE02SHBP-LJ01D-07-VEL3DC108,10,True,2023-08-26T00:00:00Z,2023-08-26T23:59:59Z,86400,86400,0,1.0,1.000362873,0.999998597,0.001314103,0,0,0,0,-1e-06,1.651625,9.051698,-5.268068e-10,0.001651628,0.009051711,False,0.008112,False
2023-08-27,CE02SHBP-LJ01D-07-VEL3DC108,10,True,2023-08-27T00:00:00Z,2023-08-27T23:59:59Z,86400,86400,0,1.0,1.000362873,0.999998643,0.000917944,0,0,0,0,-1e-06,1.350146,7.915255,-5.051359e-10,0.001350147,0.007915266,False,0.008113,False
2023-08-28,CE02SHBP-LJ01D-07-VEL3DC108,10,True,2023-08-28T00:00:00Z,2023-08-28T23:59:59Z,86400,86400,0,1.0,1.000362873,0.999998608,0.000103602,0,0,0,0,-0.0,1.380753,7.962818,-4.987177e-10,0.001380755,0.007962829,False,0.008255,False
2023-08-29,CE02SHBP-LJ01D-07-VEL3DC108,10,True,2023-08-29T00:00:00Z,2023-08-29T23:59:59Z,86400,86400,0,1.0,1.000362873,0.999998589,0.001006162,0,0,0,0,-1e-06,1.2736,8.371076,-5.604355e-10,0.001273602,0.008371088,False,0.008735,False
2023-08-30,CE02SHBP-LJ01D-07-VEL3DC108,10,True,2023-08-30T00:00:00Z,2023-08-30T23:59:59Z,86401,86401,0,1.0,1.000362873,0.999998571,-0.000252661,0,0,4,4,0.0,3.001701,9.990804,8.314696e-11,0.003001705,0.009990818,False,0.008113,False
2023-08-31,CE02SHBP-LJ01D-07-VEL3DC108,10,True,2023-08-31T00:00:00Z,2023-08-31T23:59:59Z,86400,86400,0,1.0,1.000362873,0.999998663,0.001873211,0,0,0,0,-0.0,2.563206,11.598488,-4.738352e-10,0.00256321,0.0115985,False,0.008114,False
2023-09-01,CE02SHBP-LJ01D-07-VEL3DC108,10,True,2023-09-01T00:00:00Z,2023-09-01T23:59:59Z,86400,86400,0,1.0,1.000362873,0.999998526,-0.004218073,0,0,0,0,-1e-06,2.874742,10.861713,-5.094159e-10,0.002874746,0.01086173,False,0.008116,False
2023-09-02,CE02SHBP-LJ01D-07-VEL3DC108,10,True,2023-09-02T00:00:00Z,2023-09-02T23:59:59Z,86400,86400,0,1.0,1.000362873,0.999998515,0.003681439,0,0,0,0,-0.0,1.63982,8.615217,-4.552557e-10,0.001639823,0.00861523,False,0.008115,False
2023-09-03,CE02SHBP-LJ01D-07-VEL3DC108,10,True,2023-09-03T00:00:00Z,2023-09-03T23:59:59Z,86400,86400,0,1.0,1.000362873,0.999998542,0.001384234,0,0,0,0,-0.0,1.302835,7.47176,-4.509349e-10,0.001302837,0.007471771,False,0.008111,False
2023-09-04,CE02SHBP-LJ01D-07-VEL3DC108,10,True,2023-09-04T00:00:00Z,2023-09-04T23:59:59Z,86400,86400,0,1.0,1.000362873,0.999998533,-1.6554e-05,0,0,0,0,-1e-06,1.33312,7.439937,-5.135834e-10,0.001333122,0.007439948,False,0.008113,False
2023-09-05,CE02SHBP-LJ01D-07-VEL3DC108,10,True,2023-09-05T00:00:00Z,2023-09-05T23:59:59Z,86400,86400,0,1.0,1.000362873,0.999998568,0.001244093,0,0,0,0,-1e-06,1.404909,7.782761,-5.117724e-10,0.001404911,0.007782772,False,0.008113,False
2023-09-06,CE02SHBP-LJ01D-07-VEL3DC108,10,True,2023-09-06T00:00:00Z,2023-09-06T23:59:59Z,86400,86400,0,1.0,1.000362873,0.999998546,-0.000296162,0,0,0,0,-0.0,1.502705,7.942134,-4.622592e-10,0.001502707,0.007942146,False,0.008113,False
2023-09-07,CE02SHBP-LJ01D-07-VEL3DC108,10,True,2023-09-07T00:00:00Z,2023-09-07T23:59:59Z,86401,86401,0,1.0,1.000362873,0.999998524,-0.003082821,0,0,6,6,0.0,1.675287,8.300127,1.403384e-10,0.00167529,0.008300139,False,0.008113,False
2023-09-08,CE02SHBP-LJ01D-07-VEL3DC108,10,True,2023-09-08T00:00:00Z,2023-09-08T23:59:59Z,86400,86400,0,1.0,1.000362873,0.999998496,-0.000334607,0,0,0,0,-0.0,1.500847,8.424411,-4.882078e-10,0.001500849,0.008424424,False,0.008112,False
2023-09-09,CE02SHBP-LJ01D-07-VEL3DC108,10,True,2023-09-09T00:00:00Z,2023-09-09T23:59:59Z,86400,86400,0,1.0,1.000362873,0.999998529,0.000156314,0,0,0,0,-0.0,1.437602,8.098949,-4.702843e-10,0.001437604,0.008098961,False,0.008114,False
2023-09-10,CE02SHBP-LJ01D-07-VEL3DC108,10,True,2023-09-10T00:00:00Z,2023-09-10T23:59:59Z,86400,86400,0,1.0,1.000362873,0.99999851,0.001318969,0,0,0,0,-0.0,1.465662,8.573761,-4.643201e-10,0.001465664,0.008573774,False,0.00811,False
2023-09-11,CE02SHBP-LJ01D-07-VEL3DC108,10,True,2023-09-11T00:00:00Z,2023-09-11T23:59:59Z,86400,86400,0,1.0,1.000362873,0.999998457,0.000217666,0,0,0,0,-0.0,1.547545,8.829726,-4.907671e-10,0.001547547,0.00882974,False,0.008114,False
2023-09-12,CE02SHBP-LJ01D-07-VEL3DC108,10,True,2023-09-12T00:00:00Z,2023-09-12T23:59:59Z,86400,86400,0,1.0,1.000362873,0.999998462,0.000286317,0,0,0,0,-1e-06,1.48078,7.931947,-5.197282e-10,0.001480782,0.007931959,False,0.008112,False
2023-09-13,CE02SHBP-LJ01D-07-VEL3DC108,10,True,2023-09-13T00:00:00Z,2023-09-13T23:59:59Z,85879,86400,521,1.0,1.000362873,0.999998473,0.003126169,1,521,1,521,1e-06,1.61427,8.493164,7.628779e-10,0.001614273,0.008493177,False,0.190956,True
2023-09-14,CE02SHBP-LJ01D-07-VEL3DC108,10,True,2023-09-14T00:00:00Z,2023-09-14T23:59:59Z,86400,86400,0,1.0,1.000362873,0.999998458,-0.00100302,0,0,0,0,-0.0,1.25375,7.60782,-4.647926e-10,0.001253752,0.007607832,False,0.00811,False
2023-09-15,CE02SHBP-LJ01D-07-VEL3DC108,10,True,2023-09-15T00:00:00Z,2023-09-15T23:59:59Z,86401,86401,0,1.0,1.000362873,0.99999835,0.000750751,0,0,6,6,0.0,1.310992,7.680172,5.688241e-11,0.001310994,0.007680184,False,0.008112,False
2023-09-16,CE02SHBP-LJ01D-07-VEL3DC108,10,True,2023-09-16T00:00:00Z,2023-09-16T23:59:59Z,86400,86400,0,1.0,1.000362873,0.999998396,0.003208701,0,0,0,0,-0.0,1.895226,9.211918,-4.801725e-10,0.00189523,0.009211933,False,0.008114,False
2023-09-17,CE02SHBP-LJ01D-07-VEL3DC108,10,True,2023-09-17T00:00:00Z,2023-09-17T23:59:59Z,86400,86400,0,1.0,1.000362873,0.999998397,0.001453834,0,0,0,0,-0.0,2.243827,9.480824,-4.633605e-10,0.002243831,0.00948084,False,0.008113,False
2023-09-18,CE02SHBP-LJ01D-07-VEL3DC108,10,True,2023-09-18T00:00:00Z,2023-09-18T23:59:59Z,86400,86400,0,1.0,1.000362873,0.99999843,0.000902582,0,0,0,0,-0.0,2.811856,13.104166,-4.46984e-10,0.00281186,0.01310419,False,0.008113,False
2023-09-19,CE02SHBP-LJ01D-07-VEL3DC108,10,True,2023-09-19T00:00:00Z,2023-09-19T23:59:59Z,86400,86400,0,1.0,1.000362873,0.999998384,0.000888118,0,0,0,0,-0.0,1.18384,7.372594,-4.652916e-10,0.001183842,0.007372606,False,0.008113,False
2023-09-20,CE02SHBP-LJ01D-07-VEL3DC108,10,True,2023-09-20T00:00:00Z,2023-09-20T23:59:59Z,86400,86400,0,1.0,1.000362873,0.999998341,0.002488097,0,0,0,0,-1e-06,1.368227,8.153239,-5.078579e-10,0.00136823,0.008153253,False,0.008108,False
2023-09-21,CE02SHBP-LJ01D-07-VEL3DC108,10,True,2023-09-21T00:00:00Z,2023-09-21T23:59:59Z,86400,86400,0,1.0,1.000362873,0.999998312,8.0793e-05,0,0,0,0,-0.0,1.234325,7.432574,-4.772142e-10,0.001234327,0.007432587,False,0.00801,False
2023-09-22,CE02SHBP-LJ01D-07-VEL3DC108,10,True,2023-09-22T00:00:00Z,2023-09-22T23:59:59Z,86401,86401,0,1.0,1.000362873,0.999998301,0.000905839,0,0,4,4,0.0,1.31358,7.521512,4.188417e-10,0.001313582,0.007521525,False,0.008111,False
2023-09-23,CE02SHBP-LJ01D-07-VEL3DC108,10,True,2023-09-23T00:00:00Z,2023-09-23T23:59:59Z,86400,86400,0,1.0,1.000362873,0.999998341,0.000593463,0,0,0,0,-0.0,1.201618,7.510646,-4.408869e-10,0.00120162,0.007510658,False,0.008112,False
2023-09-24,CE02SHBP-LJ01D-07-VEL3DC108,10,True,2023-09-24T00:00:00Z,2023-09-24T23:59:59Z,86400,86400,0,1.0,1.000362873,0.99999824,-0.000882199,0,0,0,0,-0.0,1.24335,7.51107,-4.620709e-10,0.001243352,0.007511083,False,0.008009,False
2023-09-25,CE02SHBP-LJ01D-07-VEL3DC108,10,True,2023-09-25T00:00:00Z,2023-09-25T23:59:59Z,86400,86400,0,1.0,1.000362873,0.999998333,0.000533164,0,0,0,0,-0.0,1.293628,7.838678,-4.631199e-10,0.00129363,0.007838691,False,0.008107,False
2023-09-26,CE02SHBP-LJ01D-07-VEL3DC108,10,True,2023-09-26T00:00:00Z,2023-09-26T23:59:59Z,83412,86399,2987,1.0,1.000362873,1.000013572,-0.332667862,2,2987,2,2987,1e-06,262.002813,545.154821,7.888415e-10,0.2619993,0.5451474,True,0.232783,True
2023-09-27,CE02SHBP-LJ01D-07-VEL3DC108,10,True,2023-09-27T00:00:00Z,2023-09-27T23:59:59Z,85458,86400,942,1.0,1.000362873,0.999998191,-0.00022396,1,942,1,942,0.0,1.452314,7.963595,4.967745e-10,0.001452317,0.007963609,False,0.343738,True
2023-09-28,CE02SHBP-LJ01D-07-VEL3DC108,10,True,2023-09-28T00:00:00Z,2023-09-28T23:59:59Z,86401,86401,0,1.0,1.000362873,0.99999816,0.000548293,0,0,6,6,-0.0,1.385355,8.249936,-1.016881e-10,0.001385357,0.008249951,False,0.008163,False
2023-09-29,CE02SHBP-LJ01D-07-VEL3DC108,10,True,2023-09-29T00:00:00Z,2023-09-29T23:59:59Z,85759,86400,641,1.0,1.000362873,0.999998194,0.00245304,1,641,1,641,1e-06,3.104322,11.936567,5.387725e-10,0.003104328,0.01193659,False,0.233691,True
2023-09-30,CE02SHBP-LJ01D-07-VEL3DC108,10,True,2023-09-30T00:00:00Z,2023-09-30T23:59:59Z,86400,86400,0,1.0,1.000362396,0.999998169,-0.001410203,0,0,0,0,-1e-06,2.08507,10.088788,-5.50288e-10,0.002085074,0.01008881,False,0.00801,False
2023-10-01,CE02SHBP-LJ01D-07-VEL3DC108,10,True,2023-10-01T00:00:00Z,2023-10-01T23:59:59Z,86400,86400,0,1.0,1.000362873,0.99999819,0.000472465,0,0,0,0,-0.0,1.259028,7.515314,-4.619786e-10,0.00125903,0.007515327,False,0.008004,False
2023-10-02,CE02SHBP-LJ01D-07-VEL3DC108,10,True,2023-10-02T00:00:00Z,2023-10-02T23:59:59Z,86400,86400,0,1.0,1.000362873,0.999998206,0.000293991,0,0,0,0,-0.0,1.46451,8.20959,-4.59947e-10,0.001464513,0.008209605,False,0.008012,False
2023-10-03,CE02SHBP-LJ01D-07-VEL3DC108,10,True,2023-10-03T00:00:00Z,2023-10-03T23:59:59Z,86400,86400,0,1.0,1.000362873,0.999998155,0.002024454,0,0,0,0,-0.0,1.285245,7.531298,-4.80422e-10,0.001285247,0.007531311,False,0.00828,False
2023-10-04,CE02SHBP-LJ01D-07-VEL3DC108,10,True,2023-10-04T00:00:00Z,2023-10-04T23:59:59Z,86400,86400,0,1.0,1.000362873,0.999998145,-0.000277796,0,0,0,0,-1e-06,1.793462,9.759868,-5.178659e-10,0.001793465,0.009759886,False,0.008161,False
2023-10-05,CE02SHBP-LJ01D-07-VEL3DC108,10,True,2023-10-05T00:00:00Z,2023-10-05T23:59:59Z,86401,86401,0,1.0,1.000362873,0.999998256,-0.002563279,0,0,2,2,1e-06,4.212025,19.606997,7.156787e-10,0.004212032,0.01960703,False,0.016125,False
2023-10-06,CE02SHBP-LJ01D-07-VEL3DC108,10,True,2023-10-06T00:00:00Z,2023-10-06T23:59:59Z,86400,86400,0,1.0,1.000362873,0.99999824,-1.7491e-05,0,0,0,0,-0.0,1.478857,7.912752,-4.293313e-10,0.00147886,0.007912766,False,0.008009,False
2023-10-07,CE02SHBP-LJ01D-07-VEL3DC108,10,True,2023-10-07T00:00:00Z,2023-10-07T23:59:59Z,86400,86400,0,1.0,1.000362873,0.999998239,0.000208443,0,0,0,0,-0.0,1.361643,7.783421,-4.610278e-10,0.001361645,0.007783435,False,0.008007,False
2023-10-08,CE02SHBP-LJ01D-07-VEL3DC108,10,True,2023-10-08T00:00:00Z,2023-10-08T23:59:59Z,86400,86400,0,1.0,1.000362873,0.999998193,0.001030363,0,0,0,0,-0.0,1.465865,8.167706,-4.74623e-10,0.001465868,0.008167721,False,0.008009,False
2023-10-09,CE02SHBP-LJ01D-07-VEL3DC108,10,True,2023-10-09T00:00:00Z,2023-10-09T23:59:59Z,86400,86400,0,1.0,1.000362873,0.999998167,0.000772804,0,0,0,0,-0.0,1.432742,10.238646,-4.725517e-10,0.001432745,0.01023866,False,0.009569,False
2023-10-10,CE02SHBP-LJ01D-07-VEL3DC108,10,True,2023-10-10T00:00:00Z,2023-10-10T23:59:59Z,86400,86400,0,1.0,1.000362873,0.99999815,0.000257981,0,0,0,0,-0.0,2.047915,12.057792,-4.990521e-10,0.002047918,0.01205781,False,0.008386,False
2023-10-11,CE02SHBP-LJ01D-07-VEL3DC108,10,True,2023-10-11T00:00:00Z,2023-10-11T23:59:59Z,86401,86401,0,1.0,1.000362873,0.999998828,0.002036779,0,0,5,5,-0.0,2.777668,31.64169,-5.132062e-11,0.002777671,0.03164173,False,0.030432,False
2023-10-12,CE02SHBP-LJ01D-07-VEL3DC108,10,True,2023-10-12T00:00:00Z,2023-10-12T23:59:59Z,86400,86400,0,1.0,1.00036335,0.9999989,0.001599159,0,0,0,0,-1e-06,1.806349,9.051001,-5.052387e-10,0.001806351,0.009051011,False,0.008523,False
2023-10-13,CE02SHBP-LJ01D-07-VEL3DC108,10,True,2023-10-13T00:00:00Z,2023-10-13T23:59:59Z,86400,86400,0,1.0,1.000362873,0.999998872,-0.003275768,0,0,0,0,-0.0,1.796907,9.478804,-4.622066e-10,0.001796909,0.009478814,False,0.008008,False
2023-10-14,CE02SHBP-LJ01D-07-VEL3DC108,10,True,2023-10-14T00:00:00Z,2023-10-14T23:59:59Z,86400,86400,0,1.0,1.00036335,0.999998883,0.000176085,0,0,0,0,-1e-06,1.264102,8.296217,-5.284836e-10,0.001264103,0.008296226,False,0.008164,False
2023-10-15,CE02SHBP-LJ01D-07-VEL3DC108,10,True,2023-10-15T00:00:00Z,2023-10-15T23:59:59Z,86400,86400,0,1.0,1.000362873,0.999998853,0.000100942,0,0,0,0,-1e-06,1.265427,7.522955,-5.256491e-10,0.001265429,0.007522964,False,0.008242,False
2023-10-16,CE02SHBP-LJ01D-07-VEL3DC108,10,True,2023-10-16T00:00:00Z,2023-10-16T23:59:59Z,86400,86400,0,1.0,1.000362873,0.999998827,0.000684169,0,0,0,0,-1e-06,1.282286,8.258054,-5.06651e-10,0.001282287,0.008258063,False,0.008748,False
2023-10-17,CE02SHBP-LJ01D-07-VEL3DC108,10,True,2023-10-17T00:00:00Z,2023-10-17T23:59:59Z,86400,86400,0,1.0,1.000362873,0.999998816,-0.002543988,0,0,0,0,-0.0,1.226884,8.06348,-4.863392e-10,0.001226886,0.008063489,False,0.008741,False
2023-10-18,CE02SHBP-LJ01D-07-VEL3DC108,10,True,2023-10-18T00:00:00Z,2023-10-18T23:59:59Z,86400,86400,0,1.0,1.000362873,0.999998743,-0.001944916,0,0,0,0,-0.0,1.636973,8.801699,-4.615368e-10,0.001636975,0.00880171,False,0.008678,False
2023-10-19,CE02SHBP-LJ01D-07-VEL3DC108,10,True,2023-10-19T00:00:00Z,2023-10-19T23:59:59Z,86400,86400,0,1.0,1.000362873,0.99999873,-1.1936e-05,0,0,0,0,-0.0,1.385388,7.726301,-4.782149e-10,0.00138539,0.007726311,False,0.00808,False
2023-10-20,CE02SHBP-LJ01D-07-VEL3DC108,10,True,2023-10-20T00:00:00Z,2023-10-20T23:59:59Z,86400,86400,0,1.0,1.000362873,0.999998745,0.002098751,0,0,0,0,-1e-06,1.702054,10.032047,-5.250434e-10,0.001702056,0.01003206,False,0.009566,False
2023-10-21,CE02SHBP-LJ01D-07-VEL3DC108,10,True,2023-10-21T00:00:00Z,2023-10-21T23:59:59Z,86401,86401,0,1.0,1.000362873,0.99999879,-0.000150761,0,0,6,6,-0.0,1.200446,7.622381,-6.428752e-11,0.001200448,0.00762239,False,0.008007,False
2023-10-22,CE02SHBP-LJ01D-07-VEL3DC108,10,True,2023-10-22T00:00:00Z,2023-10-22T23:59:59Z,86400,86400,0,1.0,1.000362873,0.999998743,-0.00093744,0,0,0,0,-0.0,1.211278,7.847593,-4.618391e-10,0.001211279,0.007847603,False,0.008155,False
2023-10-23,CE02SHBP-LJ01D-07-VEL3DC108,10,True,2023-10-23T00:00:00Z,2023-10-23T23:59:59Z,86400,86400,0,1.0,1.000362873,0.99999863,0.002610055,0,0,0,0,-1e-06,1.91028,9.046974,-5.076326e-10,0.001910282,0.009046986,False,0.008886,False
2023-10-24,CE02SHBP-LJ01D-07-VEL3DC108,10,True,2023-10-24T00:00:00Z,2023-10-24T23:59:59Z,86400,86400,0,1.0,1.000362873,0.999998575,0.002378987,0,0,0,0,-0.0,1.840766,9.109677,-4.644953e-10,0.001840768,0.00910969,False,0.008005,False
2023-10-25,CE02SHBP-LJ01D-07-VEL3DC108,10,True,2023-10-25T00:00:00Z,2023-10-25T23:59:59Z,86400,86400,0,1.0,1.000362873,0.999998573,0.000331549,0,0,0,0,-0.0,1.372627,7.505766,-4.596045e-10,0.001372629,0.007505776,False,0.007794,False
2023-10-26,CE02SHBP-LJ01D-07-VEL3DC108,10,True,2023-10-26T00:00:00Z,2023-10-26T23:59:59Z,86398,86400,2,1.0,1.000362873,0.999998624,-0.000172113,1,2,1,3,-0.0,1.548553,73.14696,-4.624809e-10,0.001548556,0.07314706,False,0.075894,True
2023-10-27,CE02SHBP-LJ01D-07-VEL3DC108,10,True,2023-10-27T00:00:00Z,2023-10-27T23:59:59Z,86400,86400,0,1.0,1.000362873,0.999998688,-0.000946869,0,0,0,0,-0.0,1.389285,8.210278,-4.210126e-10,0.001389287,0.008210289,False,0.007852,False
2023-10-28,CE02SHBP-LJ01D-07-VEL3DC108,10,True,2023-10-28T00:00:00Z,2023-10-28T23:59:59Z,86400,86400,0,1.0,1.000362873,0.999998667,-0.003292041,0,0,0,0,-0.0,1.392891,8.298899,-4.461119e-10,0.001392893,0.00829891,False,0.008527,False
2023-10-29,CE02SHBP-LJ01D-07-VEL3DC108,10,True,2023-10-29T00:00:00Z,2023-10-29T23:59:59Z,86400,86400,0,1.0,1.000362873,0.999998749,9.6433e-05,0,0,0,0,-0.0,1.749302,9.374168,-4.880136e-10,0.001749304,0.00937418,False,0.00875,False
2023-10-30,CE02SHBP-LJ01D-07-VEL3DC108,10,True,2023-10-30T00:00:00Z,2023-10-30T23:59:59Z,86401,86401,0,1.0,1.000362873,0.99999884,-0.001064165,0,0,9,9,-0.0,2.406337,11.485404,-4.010861e-11,0.00240634,0.01148542,False,0.008164,False
2023-10-31,CE02SHBP-LJ01D-07-VEL3DC108,10,True,2023-10-31T00:00:00Z,2023-10-31T23:59:59Z,86400,86400,0,1.0,1.00036335,0.999998848,0.001714109,0,0,0,0,-0.0,3.438513,11.480977,-4.660517e-10,0.003438517,0.01148099,False,0.008254,False
2023-11-01,CE02SHBP-LJ01D-07-VEL3DC108,10,True,2023-11-01T00:00:00Z,2023-11-01T23:59:59Z,86400,86400,0,1.0,1.000362873,0.999998709,-0.006186748,0,0,0,0,-1e-06,2.413459,12.43216,-5.250467e-10,0.002413462,0.01243218,False,0.008835,False
2023-11-02,CE02SHBP-LJ01D-07-VEL3DC108,10,True,2023-11-02T00:00:00Z,2023-11-02T23:59:59Z,86400,86400,0,1.0,1.000362873,0.999998624,-0.004006451,0,0,0,0,-0.0,2.692358,20.159075,-4.665987e-10,0.002692362,0.0201591,False,0.018443,False
2023-11-03,CE02SHBP-LJ01D-07-VEL3DC108,10,True,2023-11-03T00:00:00Z,2023-11-03T23:59:59Z,86400,86400,0,1.0,1.000362873,0.99999853,0.000497882,0,0,0,0,-0.0,1.263059,7.500752,-4.736543e-10,0.001263061,0.007500763,False,0.008007,False
2023-11-04,CE02SHBP-LJ01D-07-VEL3DC108,10,True,2023-11-04T00:00:00Z,2023-11-04T23:59:59Z,86400,86400,0,1.0,1.000362873,0.999998533,-0.000604995,0,0,0,0,-0.0,2.321064,11.838035,-4.845163e-10,0.002321068,0.01183805,False,0.008628,False
2023-11-05,CE02SHBP-LJ01D-07-VEL3DC108,10,True,2023-11-05T00:00:00Z,2023-11-05T23:59:59Z,86400,86400,0,1.0,1.000362873,0.999998799,-6.4105e-05,0,0,0,0,-0.0,1.48511,8.428746,-4.242094e-10,0.001485112,0.008428756,False,0.008229,False
2023-11-06,CE02SHBP-LJ01D-07-VEL3DC108,10,True,2023-11-06T00:00:00Z,2023-11-06T23:59:59Z,86400,86400,0,1.0,1.000362873,0.999998731,0.000449393,0,0,0,0,-0.0,1.277191,7.906152,-4.39449e-10,0.001277193,0.007906162,False,0.008746,False
2023-11-07,CE02SHBP-LJ01D-07-VEL3DC108,10,True,2023-11-07T00:00:00Z,2023-11-07T23:59:59Z,86400,86400,0,1.0,1.000362873,0.999998612,0.000225833,0,0,0,0,-0.0,1.268314,8.715473,-4.79904e-10,0.001268315,0.008715485,False,0.008748,False
2023-11-08,CE02SHBP-LJ01D-07-VEL3DC108,10,True,2023-11-08T00:00:00Z,2023-11-08T23:59:59Z,86401,86401,0,1.0,1.000362873,0.99999854,0.001291577,0,0,2,2,1e-06,1.309458,7.689503,5.151513e-10,0.00130946,0.007689514,False,0.008533,False
2023-11-09,CE02SHBP-LJ01D-07-VEL3DC108,10,True,2023-11-09T00:00:00Z,2023-11-09T23:59:59Z,86400,86400,0,1.0,1.000362873,0.99999848,0.000166538,0,0,0,0,-0.0,1.471938,8.77219,-4.833693e-10,0.00147194,0.008772204,False,0.008542,False
2023-11-10,CE02SHBP-LJ01D-07-VEL3DC108,10,True,2023-11-10T00:00:00Z,2023-11-10T23:59:59Z,86400,86400,0,1.0,1.000362873,0.999998522,0.000931976,0,0,0,0,-0.0,1.332591,9.630722,-4.193895e-10,0.001332593,0.009630736,False,0.00957,False
2023-11-11,CE02SHBP-LJ01D-07-VEL3DC108,10,True,2023-11-11T00:00:00Z,2023-11-11T23:59:48Z,86389,86389,0,1.0,1.000362873,0.999998527,0.00100654,0,0,0,0,0.0,1.229706,7.281244,9.078587e-11,0.001229708,0.007281255,False,0.007798,False
2023-11-12,CE02SHBP-LJ01D-07-VEL3DC108,10,True,2023-11-12T00:00:00Z,2023-11-12T20:20:10Z,73211,73211,0,1.0,1.000362873,0.999998515,-0.00013387,0,0,0,0,-0.0,1.133089,7.907264,-5.539916e-11,0.00113309,0.007907276,False,0.008742,False
2023-11-13,CE02SHBP-LJ01D-07-VEL3DC108,10,True,2023-11-13T00:00:00Z,2023-11-13T23:59:59Z,83269,86399,3130,1.0,1.000362873,1.000010401,-0.293625183,1,3130,1,3130,0.0,277.902287,490.570154,3.806216e-10,0.2778994,0.4905651,True,0.14617,True
2023-11-14,CE02SHBP-LJ01D-07-VEL3DC108,10,True,2023-11-14T00:00:00Z,2023-11-14T23:59:59Z,86400,86400,0,1.0,1.000362873,0.999998451,-0.002133212,0,0,0,0,-1e-06,1.3064,9.45064,-5.056016e-10,0.001306402,0.009450655,False,0.008007,False
2023-11-15,CE02SHBP-LJ01D-07-VEL3DC108,10,True,2023-11-15T00:00:00Z,2023-11-15T23:59:59Z,86401,86401,0,1.0,1.000362873,0.999998571,0.002305756,0,0,1,1,0.0,1.743764,10.482298,8.473146e-11,0.001743766,0.01048231,False,0.008257,False
2023-11-16,CE02SHBP-LJ01D-07-VEL3DC108,10,True,2023-11-16T00:00:00Z,2023-11-16T23:59:59Z,86400,86400,0,1.0,1.000362873,0.999998586,-0.006199748,0,0,0,0,-1e-06,1.737447,10.98082,-5.070893e-10,0.001737449,0.01098084,False,0.008654,False
2023-11-17,CE02SHBP-LJ01D-07-VEL3DC108,10,True,2023-11-17T00:00:00Z,2023-11-17T23:59:59Z,86400,86400,0,1.0,1.000362873,0.999998609,0.000300024,0,0,0,0,-1e-06,1.385004,8.308503,-5.170098e-10,0.001385006,0.008308514,False,0.007897,False
2023-11-18,CE02SHBP-LJ01D-07-VEL3DC108,10,True,2023-11-18T00:00:00Z,2023-11-18T23:59:59Z,86400,86400,0,1.0,1.000362873,0.999998478,-0.00117028,0,0,0,0,-0.0,1.807209,8.45199,-4.606199e-10,0.001807212,0.008452002,False,0.008315,False
2023-11-19,CE02SHBP-LJ01D-07-VEL3DC108,10,True,2023-11-19T00:00:00Z,2023-11-19T23:59:59Z,86400,86400,0,1.0,1.000362873,0.999998539,0.000322055,0,0,0,0,-0.0,1.590207,8.648847,-4.681832e-10,0.00159021,0.00864886,False,0.008746,False
2023-11-20,CE02SHBP-LJ01D-07-VEL3DC108,10,True,2023-11-20T00:00:00Z,2023-11-20T23:59:59Z,86400,86400,0,1.0,1.000362873,0.999998543,-0.000748424,0,0,0,0,-0.0,1.726874,12.702949,-4.915578e-10,0.001726876,0.01270297,False,0.013288,False
2023-11-21,CE02SHBP-LJ01D-07-VEL3DC108,10,True,2023-11-21T00:00:00Z,2023-11-21T23:59:59Z,86400,86400,0,1.0,1.000362873,0.99999871,-0.001481497,0,0,0,0,-0.0,1.307468,7.892288,-4.753107e-10,0.00130747,0.007892299,False,0.007991,False
2023-11-22,CE02SHBP-LJ01D-07-VEL3DC108,10,True,2023-11-22T00:00:00Z,2023-11-22T23:59:59Z,86400,86400,0,1.0,1.000362873,0.999998752,0.001870234,0,0,0,0,-1e-06,1.820596,10.056578,-5.207728e-10,0.001820599,0.01005659,False,0.007901,False
2023-11-23,CE02SHBP-LJ01D-07-VEL3DC108,10,True,2023-11-23T00:00:00Z,2023-11-23T23:59:59Z,86400,86400,0,1.0,1.000362873,0.999998722,-0.005973198,0,0,0,0,-0.0,1.735734,8.661717,-4.820503e-10,0.001735736,0.008661728,False,0.008226,False
2023-11-24,CE02SHBP-LJ01D-07-VEL3DC108,10,True,2023-11-24T00:00:00Z,2023-11-24T23:59:59Z,86401,86401,0,1.0,1.000362873,0.999998758,0.000152309,0,0,5,5,-0.0,1.291685,8.057992,-2.849131e-10,0.001291687,0.008058002,False,0.008624,False
2023-11-25,CE02SHBP-LJ01D-07-VEL3DC108,10,True,2023-11-25T00:00:00Z,2023-11-25T23:59:59Z,86400,86400,0,1.0,1.000362873,0.999998825,-0.003547084,0,0,0,0,-1e-06,1.728587,8.887186,-5.22789e-10,0.001728589,0.008887196,False,0.007903,False
2023-11-26,CE02SHBP-LJ01D-07-VEL3DC108,10,True,2023-11-26T00:00:00Z,2023-11-26T14:42:46Z,52967,52967,0,1.0,1.00036335,0.9999988,-1.1775e-05,0,0,0,0,0.0,2.840113,13.694069,1.735089e-10,0.002840117,0.01369409,False,0.009273,False
2023-11-27,CE02SHBP-LJ01D-07-VEL3DC108,10,False,,,0,0,,1.0,,,,,,,,,,,,,,,,False
2023-11-28,CE02SHBP-LJ01D-07-VEL3DC108,10,False,,,0,0,,1.0,,,,,,,,,,,,,,,,False
2023-11-29,CE02SHBP-LJ01D-07-VEL3DC108,10,False,,,0,0,,1.0,,,,,,,,,,,,,,,,False
2023-11-30,CE02SHBP-LJ01D-07-VEL3DC108,10,False,,,0,0,,1.0,,,,,,,,,,,,,,,,False
2023-12-01,CE02SHBP-LJ01D-07-VEL3DC108,10,False,,,0,0,,1.0,,,,,,,,,,,,,,,,False
2023-12-02,CE02SHBP-LJ01D-07-VEL3DC108,10,False,,,0,0,,1.0,,,,,,,,,,,,,,,,False
2023-12-03,CE02SHBP-LJ01D-07-VEL3DC108,10,False,,,0,0,,1.0,,,,,,,,,,,,,,,,False
2023-12-04,CE02SHBP-LJ01D-07-VEL3DC108,10,False,,,0,0,,1.0,,,,,,,,,,,,,,,,False
2023-12-05,CE02SHBP-LJ01D-07-VEL3DC108,10,False,,,0,0,,1.0,,,,,,,,,,,,,,,,False
2023-12-06,CE02SHBP-LJ01D-07-VEL3DC108,10,False,,,0,0,,1.0,,,,,,,,,,,,,,,,False
2023-12-07,CE02SHBP-LJ01D-07-VEL3DC108,10,False,,,0,0,,1.0,,,,,,,,,,,,,,,,False
2023-12-08,CE02SHBP-LJ01D-07-VEL3DC108,10,False,,,0,0,,1.0,,,,,,,,,,,,,,,,False
2023-12-09,CE02SHBP-LJ01D-07-VEL3DC108,10,False,,,0,0,,1.0,,,,,,,,,,,,,,,,False
2023-12-10,CE02SHBP-LJ01D-07-VEL3DC108,10,False,,,0,0,,1.0,,,,,,,,,,,,,,,,False
2023-12-11,CE02SHBP-LJ01D-07-VEL3DC108,10,False,,,0,0,,1.0,,,,,,,,,,,,,,,,False
2023-12-12,CE02SHBP-LJ01D-07-VEL3DC108,10,False,,,0,0,,1.0,,,,,,,,,,,,,,,,False
2023-12-13,CE02SHBP-LJ01D-07-VEL3DC108,10,False,,,0,0,,1.0,,,,,,,,,,,,,,,,False
2023-12-14,CE02SHBP-LJ01D-07-VEL3DC108,10,False,,,0,0,,1.0,,,,,,,,,,,,,,,,False
2023-12-15,CE02SHBP-LJ01D-07-VEL3DC108,10,False,,,0,0,,1.0,,,,,,,,,,,,,,,,False
2023-12-16,CE02SHBP-LJ01D-07-VEL3DC108,10,False,,,0,0,,1.0,,,,,,,,,,,,,,,,False
2023-12-17,CE02SHBP-LJ01D-07-VEL3DC108,10,False,,,0,0,,1.0,,,,,,,,,,,,,,,,False
2023-12-18,CE02SHBP-LJ01D-07-VEL3DC108,10,False,,,0,0,,1.0,,,,,,,,,,,,,,,,False
2023-12-19,CE02SHBP-LJ01D-07-VEL3DC108,10,True,2023-12-19T17:06:22Z,2023-12-19T23:59:59Z,24818,24818,0,1.0,1.000362873,0.999998352,0.000271337,0,0,0,0,0.0,1.121344,6.99428,5.771782e-11,0.001121346,0.006994292,False,0.007486,False
2023-12-20,CE02SHBP-LJ01D-07-VEL3DC108,10,True,2023-12-20T00:00:00Z,2023-12-20T23:59:59Z,86400,86400,0,1.0,1.000362873,0.99999843,0.001971066,0,0,0,0,-0.0,1.343477,8.412581,-4.67998e-10,0.001343479,0.008412595,False,0.00826,False
2023-12-21,CE02SHBP-LJ01D-07-VEL3DC108,10,True,2023-12-21T00:00:00Z,2023-12-21T23:59:59Z,86400,86400,0,1.0,1.000362873,0.999998532,-0.000129236,0,0,0,0,-0.0,1.805464,9.294034,-4.693018e-10,0.001805466,0.009294047,False,0.008226,False
2023-12-22,CE02SHBP-LJ01D-07-VEL3DC108,10,True,2023-12-22T00:00:00Z,2023-12-22T23:59:59Z,86400,86400,0,1.0,1.000362873,0.999998641,0.002589678,0,0,0,0,-0.0,1.391944,8.365112,-4.83703e-10,0.001391946,0.008365123,False,0.008002,False
2023-12-23,CE02SHBP-LJ01D-07-VEL3DC108,10,True,2023-12-23T00:00:00Z,2023-12-23T23:59:59Z,86400,86400,0,1.0,1.000362873,0.999998569,0.000881812,0,0,0,0,-0.0,1.509254,10.962606,-4.468586e-10,0.001509256,0.01096262,False,0.012698,False
2023-12-24,CE02SHBP-LJ01D-07-VEL3DC108,10,True,2023-12-24T00:00:00Z,2023-12-24T23:59:59Z,86401,86401,0,1.0,1.000362873,0.999998625,-0.004357041,0,0,4,4,0.0,1.267799,7.125093,1.98333e-10,0.001267801,0.007125102,False,0.008,False
2023-12-25,CE02SHBP-LJ01D-07-VEL3DC108,10,True,2023-12-25T00:00:00Z,2023-12-25T23:59:59Z,86400,86400,0,1.0,1.000362873,0.999998468,0.00040609,0,0,0,0,-0.0,1.485938,9.180754,-4.543483e-10,0.00148594,0.009180768,False,0.009213,False
2023-12-26,CE02SHBP-LJ01D-07-VEL3DC108,10,True,2023-12-26T00:00:00Z,2023-12-26T23:59:59Z,86400,86400,0,1.0,1.000362873,0.999998631,-0.00140611,0,0,0,0,-0.0,1.616545,8.749278,-4.41108e-10,0.001616548,0.00874929,False,0.00875,False
2023-12-27,CE02SHBP-LJ01D-07-VEL3DC108,10,True,2023-12-27T00:00:00Z,2023-12-27T23:59:59Z,86400,86400,0,1.0,1.000362873,0.999998715,0.000970984,0,0,0,0,-1e-06,1.317484,7.21788,-5.433797e-10,0.001317486,0.007217889,False,0.007856,False
2023-12-28,CE02SHBP-LJ01D-07-VEL3DC108,10,True,2023-12-28T00:00:00Z,2023-12-28T23:59:59Z,86400,86400,0,1.0,1.000362873,0.999998584,0.002655591,0,0,0,0,-0.0,1.396073,7.403575,-4.567987e-10,0.001396075,0.007403586,False,0.008008,False
2023-12-29,CE02SHBP-LJ01D-07-VEL3DC108,10,True,2023-12-29T00:00:00Z,2023-12-29T23:59:59Z,86400,86400,0,1.0,1.000362873,0.999998456,0.000777929,0,0,0,0,-1e-06,1.339545,7.669174,-5.05378e-10,0.001339547,0.007669186,False,0.007748,False
2023-12-30,CE02SHBP-LJ01D-07-VEL3DC108,10,True,2023-12-30T00:00:00Z,2023-12-30T23:59:59Z,86400,86400,0,1.0,1.000362873,0.999998653,0.000557346,0,0,0,0,-0.0,1.205555,7.379252,-4.888827e-10,0.001205557,0.007379262,False,0.007953,False
2023-12-31,CE02SHBP-LJ01D-07-VEL3DC108,10,True,2023-12-31T00:00:00Z,2023-12-31T23:59:59Z,86400,86400,0,1.0,1.000362873,0.999998662,-0.000198104,0,0,0,0,-1e-06,1.265637,7.316963,-5.172749e-10,0.001265639,0.007316972,False,0.007951,False
2024-01-01,CE02SHBP-LJ01D-07-VEL3DC108,10,True,2024-01-01T00:00:00Z,2024-01-01T23:59:59Z,86401,86401,0,1.0,1.000362873,0.999998654,0.001949236,0,0,6,6,-0.0,1.202117,7.144819,-3.254243e-10,0.001202119,0.007144829,False,0.00795,False
2024-01-02,CE02SHBP-LJ01D-07-VEL3DC108,10,True,2024-01-02T00:00:00Z,2024-01-02T23:59:59Z,86400,86400,0,1.0,1.000362873,0.999998406,0.002253567,0,0,0,0,-0.0,1.340011,8.967948,-4.697556e-10,0.001340013,0.008967962,False,0.008502,False
2024-01-03,CE02SHBP-LJ01D-07-VEL3DC108,10,True,2024-01-03T00:00:00Z,2024-01-03T23:59:59Z,86400,86400,0,1.0,1.000362873,0.999998569,-0.00346356,0,0,0,0,-1e-06,1.797226,9.375876,-5.414863e-10,0.001797229,0.00937589,False,0.007957,False
2024-01-04,CE02SHBP-LJ01D-07-VEL3DC108,10,True,2024-01-04T00:00:00Z,2024-01-04T23:59:59Z,86400,86400,0,1.0,1.000362873,0.999998613,-0.001033637,0,0,0,0,-0.0,1.497896,11.184108,-4.719407e-10,0.001497898,0.01118412,False,0.009648,False
2024-01-05,CE02SHBP-LJ01D-07-VEL3DC108,10,True,2024-01-05T00:00:00Z,2024-01-05T23:59:59Z,86400,86400,0,1.0,1.000362873,0.999998603,0.000255127,0,0,0,0,-0.0,1.190218,8.585283,-4.804312e-10,0.00119022,0.008585295,False,0.008224,False
2024-01-06,CE02SHBP-LJ01D-07-VEL3DC108,10,True,2024-01-06T00:00:00Z,2024-01-06T23:59:59Z,86400,86400,0,1.0,1.000362873,0.999998617,0.00090249,0,0,0,0,-0.0,1.51661,10.221816,-4.926448e-10,0.001516612,0.01022183,False,0.009075,False
2024-01-07,CE02SHBP-LJ01D-07-VEL3DC108,10,True,2024-01-07T00:00:00Z,2024-01-07T23:59:59Z,86400,86400,0,1.0,1.000362873,0.999998608,0.001772417,0,0,0,0,-0.0,1.534511,7.527766,-4.856742e-10,0.001534513,0.007527776,False,0.008248,False
2024-01-08,CE02SHBP-LJ01D-07-VEL3DC108,10,True,2024-01-08T00:00:00Z,2024-01-08T23:59:59Z,86400,86400,0,1.0,1.000362873,0.999998679,-3.1625e-05,0,0,0,0,-0.0,1.494512,11.314793,-4.351281e-10,0.001494514,0.01131481,False,0.010601,False
2024-01-09,CE02SHBP-LJ01D-07-VEL3DC108,10,True,2024-01-09T00:00:00Z,2024-01-09T23:59:59Z,86401,86401,0,1.0,1.000362873,0.999998549,0.000474873,0,0,5,5,-0.0,1.297008,9.027379,-1.532315e-10,0.00129701,0.009027392,False,0.008276,False
2024-01-10,CE02SHBP-LJ01D-07-VEL3DC108,10,True,2024-01-10T00:00:00Z,2024-01-10T23:59:59Z,86400,86400,0,1.0,1.000362873,0.999998512,0.000514589,0,0,0,0,-0.0,1.151353,6.806976,-4.763971e-10,0.001151355,0.006806987,False,0.008006,False
2024-01-11,CE02SHBP-LJ01D-07-VEL3DC108,10,True,2024-01-11T00:00:00Z,2024-01-11T23:59:59Z,86400,86400,0,1.0,1.000362873,0.999998663,-0.001313023,0,0,0,0,-1e-06,2.04137,20.877392,-5.239134e-10,0.002041373,0.02087742,False,0.020163,False
2024-01-12,CE02SHBP-LJ01D-07-VEL3DC108,10,True,2024-01-12T00:00:00Z,2024-01-12T23:59:59Z,86400,86400,0,1.0,1.000362873,0.999998509,-0.002744727,0,0,0,0,-1e-06,1.481892,9.342915,-5.08096e-10,0.001481894,0.009342929,False,0.007806,False
2024-01-13,CE02SHBP-LJ01D-07-VEL3DC108,10,True,2024-01-13T00:00:00Z,2024-01-13T23:59:59Z,86400,86400,0,1.0,1.000362873,0.999998569,-0.002129963,0,0,0,0,-0.0,1.768893,8.395794,-4.963822e-10,0.001768895,0.008395806,False,0.008227,False
2024-01-14,CE02SHBP-LJ01D-07-VEL3DC108,10,True,2024-01-14T00:00:00Z,2024-01-14T23:59:59Z,86400,86400,0,1.0,1.000362873,0.999998694,0.001625535,0,0,0,0,-0.0,1.235058,6.907471,-4.936996e-10,0.00123506,0.00690748,False,0.007897,False
2024-01-15,CE02SHBP-LJ01D-07-VEL3DC108,10,True,2024-01-15T00:00:00Z,2024-01-15T23:59:59Z,86400,86400,0,1.0,1.000362873,0.999998669,-0.000192851,0,0,0,0,-0.0,1.178804,8.499274,-4.81293e-10,0.001178806,0.008499286,False,0.008232,False
2024-01-16,CE02SHBP-LJ01D-07-VEL3DC108,10,True,2024-01-16T00:00:00Z,2024-01-16T23:59:59Z,86400,86400,0,1.0,1.000362873,0.99999874,-0.000474316,0,0,0,0,-0.0,1.483992,8.667376,-4.454266e-10,0.001483993,0.008667387,False,0.007796,False
2024-01-17,CE02SHBP-LJ01D-07-VEL3DC108,10,True,2024-01-17T00:00:00Z,2024-01-17T23:59:59Z,86401,86401,0,1.0,1.000362873,0.999998642,-0.001245081,0,0,2,2,0.0,1.861403,9.207757,3.538113e-10,0.001861405,0.00920777,False,0.007903,False
2024-01-18,CE02SHBP-LJ01D-07-VEL3DC108,10,True,2024-01-18T00:00:00Z,2024-01-18T23:59:59Z,86400,86400,0,1.0,1.000362873,0.999998501,-0.003944344,0,0,0,0,-1e-06,1.525812,8.160796,-5.262581e-10,0.001525814,0.008160809,False,0.008232,False
2024-01-19,CE02SHBP-LJ01D-07-VEL3DC108,10,True,2024-01-19T00:00:00Z,2024-01-19T23:59:59Z,86400,86400,0,1.0,1.000362873,0.999998563,-0.001964805,0,0,0,0,-0.0,1.863369,8.786619,-4.450466e-10,0.001863372,0.008786632,False,0.008739,False
2024-01-20,CE02SHBP-LJ01D-07-VEL3DC108,10,True,2024-01-20T00:00:00Z,2024-01-20T23:59:59Z,86400,86400,0,1.0,1.000362873,0.99999858,0.000873657,0,0,0,0,-0.0,1.404945,7.879946,-4.865675e-10,0.001404947,0.007879958,False,0.008309,False
2024-01-21,CE02SHBP-LJ01D-07-VEL3DC108,10,True,2024-01-21T00:00:00Z,2024-01-21T23:59:59Z,86400,86400,0,1.0,1.000362873,0.999998647,-0.004603053,0,0,0,0,-0.0,1.537043,9.092908,-4.690652e-10,0.001537045,0.009092921,False,0.008242,False
2024-01-22,CE02SHBP-LJ01D-07-VEL3DC108,10,True,2024-01-22T00:00:00Z,2024-01-22T23:59:59Z,86400,86400,0,1.0,1.000362873,0.999998602,-0.004374158,0,0,0,0,-0.0,1.411793,7.53468,-4.678522e-10,0.001411795,0.007534691,False,0.00829,False
2024-01-23,CE02SHBP-LJ01D-07-VEL3DC108,10,True,2024-01-23T00:00:00Z,2024-01-23T23:59:59Z,86400,86400,0,1.0,1.000362873,0.999998605,0.000555464,0,0,0,0,-0.0,1.213693,7.352982,-4.907268e-10,0.001213695,0.007352992,False,0.007854,False
2024-01-24,CE02SHBP-LJ01D-07-VEL3DC108,10,True,2024-01-24T00:00:00Z,2024-01-24T23:59:59Z,63670,86392,22722,1.0,1.000362873,0.999999347,-0.018659267,1,22722,1,22722,-0.0,191.706606,8346.245228,-1.269082e-10,0.1917067,8.346251,True,0.111622,True
2024-01-25,CE02SHBP-LJ01D-07-VEL3DC108,10,True,2024-01-25T00:00:00Z,2024-01-25T23:59:59Z,86400,86400,0,1.0,1.000362873,0.999998588,0.010805956,0,0,0,0,-1e-06,2.402755,44.03759,-5.015347e-10,0.002402759,0.04403765,False,0.042332,False
2024-01-26,CE02SHBP-LJ01D-07-VEL3DC108,10,True,2024-01-26T00:00:00Z,2024-01-26T23:59:59Z,86400,86400,0,1.0,1.000362873,0.999998509,8.2982e-05,0,0,0,0,-1e-06,1.375501,7.94403,-5.195476e-10,0.001375503,0.007944041,False,0.008523,False
2024-01-27,CE02SHBP-LJ01D-07-VEL3DC108,10,True,2024-01-27T00:00:00Z,2024-01-27T23:59:59Z,86400,86400,0,1.0,1.000362873,0.999998514,0.001217934,0,0,0,0,-0.0,1.348234,8.645527,-4.930478e-10,0.001348236,0.00864554,False,0.008228,False
2024-01-28,CE02SHBP-LJ01D-07-VEL3DC108,10,True,2024-01-28T00:00:00Z,2024-01-28T23:59:59Z,86401,86401,0,1.0,1.000362873,0.999998481,0.00025572,0,0,6,6,0.0,1.225631,7.774095,1.458665e-10,0.001225633,0.007774107,False,0.008006,False
2024-01-29,CE02SHBP-LJ01D-07-VEL3DC108,10,True,2024-01-29T00:00:00Z,2024-01-29T23:59:59Z,86400,86400,0,1.0,1.000362873,0.999998479,0.000269582,0,0,0,0,-0.0,1.256265,8.589865,-4.744517e-10,0.001256267,0.008589878,False,0.00957,False
2024-01-30,CE02SHBP-LJ01D-07-VEL3DC108,10,True,2024-01-30T00:00:00Z,2024-01-30T23:59:59Z,86400,86400,0,1.0,1.000362873,0.999998491,2.2194e-05,0,0,0,0,-0.0,1.280284,7.900212,-4.754134e-10,0.001280286,0.007900224,False,0.008482,False
2024-01-31,CE02SHBP-LJ01D-07-VEL3DC108,10,True,2024-01-31T00:00:00Z,2024-01-31T23:59:59Z,86400,86400,0,1.0,1.000362873,0.999998553,0.001350698,0,0,0,0,-0.0,1.456097,7.870158,-4.969699e-10,0.001456099,0.00787017,False,0.008005,False
2024-02-01,CE02SHBP-LJ01D-07-VEL3DC108,10,True,2024-02-01T00:00:00Z,2024-02-01T23:59:59Z,86400,86400,0,1.0,1.000362873,0.999998476,-0.000156614,0,0,0,0,-0.0,1.203545,7.221036,-4.835563e-10,0.001203547,0.007221047,False,0.007751,False
2024-02-02,CE02SHBP-LJ01D-07-VEL3DC108,10,True,2024-02-02T00:00:00Z,2024-02-02T23:59:59Z,86400,86400,0,1.0,1.000362873,0.999998466,-0.000363592,0,0,0,0,-0.0,1.402439,7.971401,-4.824436e-10,0.001402441,0.007971413,False,0.008008,False
2024-02-03,CE02SHBP-LJ01D-07-VEL3DC108,10,True,2024-02-03T00:00:00Z,2024-02-03T23:59:59Z,86400,86400,0,1.0,1.000362873,0.999998456,-0.002699251,0,0,0,0,-1e-06,1.167539,8.083,-5.226006e-10,0.001167541,0.008083012,False,0.008231,False
2024-02-04,CE02SHBP-LJ01D-07-VEL3DC108,10,True,2024-02-04T00:00:00Z,2024-02-04T23:59:59Z,86400,86400,0,1.0,1.000362873,0.99999847,0.000175715,0,0,0,0,-1e-06,1.167605,7.793751,-5.19753e-10,0.001167607,0.007793763,False,0.008277,False
2024-02-05,CE02SHBP-LJ01D-07-VEL3DC108,10,True,2024-02-05T00:00:00Z,2024-02-05T23:59:59Z,86401,86401,0,1.0,1.000362873,0.999998493,-0.000152356,0,0,6,6,-0.0,1.614187,11.671745,-3.747244e-10,0.00161419,0.01167176,False,0.010274,False
2024-02-06,CE02SHBP-LJ01D-07-VEL3DC108,10,True,2024-02-06T00:00:00Z,2024-02-06T23:59:59Z,86400,86400,0,1.0,1.000362873,0.99999852,0.000608142,0,0,1,1,-0.0,1.750222,348.14233,-3.523983e-10,0.001750224,0.3481428,False,0.347972,False
2024-02-07,CE02SHBP-LJ01D-07-VEL3DC108,10,True,2024-02-07T00:00:00Z,2024-02-07T23:59:59Z,86400,86400,0,1.0,1.000362873,0.999998494,0.001391115,0,0,0,0,-1e-06,1.290873,7.42135,-5.151058e-10,0.001290875,0.007421361,False,0.008264,False
2024-02-08,CE02SHBP-LJ01D-07-VEL3DC108,10,True,2024-02-08T00:00:00Z,2024-02-08T23:59:59Z,86400,86400,0,1.0,1.000362873,0.999998545,-0.000216085,0,0,0,0,-0.0,1.485016,8.461024,-4.612732e-10,0.001485018,0.008461036,False,0.008006,False
2024-02-09,CE02SHBP-LJ01D-07-VEL3DC108,10,True,2024-02-09T00:00:00Z,2024-02-09T23:59:59Z,86400,86400,0,1.0,1.000362873,0.999998664,-0.000164318,0,0,0,0,-0.0,1.452554,8.213003,-4.886138e-10,0.001452556,0.008213014,False,0.008003,False
2024-02-10,CE02SHBP-LJ01D-07-VEL3DC108,10,True,2024-02-10T00:00:00Z,2024-02-10T23:59:59Z,86400,86400,0,1.0,1.000362873,0.99999862,0.000953421,0,0,0,0,-0.0,1.195056,7.484853,-4.882966e-10,0.001195058,0.007484864,False,0.008228,False
2024-02-11,CE02SHBP-LJ01D-07-VEL3DC108,10,True,2024-02-11T00:00:00Z,2024-02-11T23:59:59Z,86400,86400,0,1.0,1.000362873,0.99999858,-4.9644e-05,0,0,0,0,-1e-06,1.64663,8.940555,-5.419783e-10,0.001646633,0.008940568,False,0.008742,False
2024-02-12,CE02SHBP-LJ01D-07-VEL3DC108,10,True,2024-02-12T00:00:00Z,2024-02-12T23:59:59Z,86400,86400,0,1.0,1.000362873,0.999998613,-0.000167145,0,0,0,0,-0.0,1.428188,7.616773,-4.670118e-10,0.00142819,0.007616783,False,0.008228,False
2024-02-13,CE02SHBP-LJ01D-07-VEL3DC108,10,True,2024-02-13T00:00:00Z,2024-02-13T23:59:59Z,86401,86401,0,1.0,1.000362873,0.999998661,-0.001713919,0,0,4,4,0.0,1.923429,9.237408,3.124829e-10,0.001923432,0.009237421,False,0.00785,False
2024-02-14,CE02SHBP-LJ01D-07-VEL3DC108,10,True,2024-02-14T00:00:00Z,2024-02-14T23:59:59Z,85913,86400,487,1.0,1.000362873,0.999998709,-0.001426653,1,487,1,487,-0.0,1.21058,7.788675,-2.830538e-10,0.001210582,0.007788685,False,0.177576,True
2024-02-15,CE02SHBP-LJ01D-07-VEL3DC108,10,True,2024-02-15T00:00:00Z,2024-02-15T23:59:59Z,86400,86400,0,1.0,1.000362873,0.999998708,0.001619988,0,0,0,0,-0.0,1.372039,8.182269,-4.898891e-10,0.001372041,0.00818228,False,0.00831,False
2024-02-16,CE02SHBP-LJ01D-07-VEL3DC108,10,True,2024-02-16T00:00:00Z,2024-02-16T23:59:59Z,86400,86400,0,1.0,1.000362873,0.999998668,-0.000256967,0,0,0,0,-0.0,1.178593,7.921127,-4.412467e-10,0.001178594,0.007921138,False,0.008231,False
2024-02-17,CE02SHBP-LJ01D-07-VEL3DC108,10,True,2024-02-17T00:00:00Z,2024-02-17T23:59:59Z,86400,86400,0,1.0,1.000362873,0.999998677,-0.000130866,0,0,0,0,-0.0,1.535575,8.285304,-4.742956e-10,0.001535577,0.008285315,False,0.008748,False
2024-02-18,CE02SHBP-LJ01D-07-VEL3DC108,10,True,2024-02-18T00:00:00Z,2024-02-18T23:59:59Z,86400,86400,0,1.0,1.000362873,0.999998667,0.001267561,0,0,0,0,-0.0,1.188229,7.294325,-4.786472e-10,0.00118823,0.007294335,False,0.008008,False
2024-02-19,CE02SHBP-LJ01D-07-VEL3DC108,10,True,2024-02-19T00:00:00Z,2024-02-19T23:59:59Z,86400,86400,0,1.0,1.000362873,0.999998649,-0.0025128,0,0,0,0,-0.0,1.243543,7.843432,-4.733087e-10,0.001243545,0.007843443,False,0.008003,False
2024-02-20,CE02SHBP-LJ01D-07-VEL3DC108,10,True,2024-02-20T00:00:00Z,2024-02-20T23:59:59Z,86400,86400,0,1.0,1.000362873,0.9999986,0.000578892,0,0,0,0,-0.0,1.65681,8.484092,-4.829245e-10,0.001656812,0.008484103,False,0.012128,False
2024-02-21,CE02SHBP-LJ01D-07-VEL3DC108,10,True,2024-02-21T00:00:00Z,2024-02-21T23:59:59Z,86401,86401,0,1.0,1.000362873,0.999998526,0.001094025,0,0,7,7,1e-06,1.21036,7.369591,5.392516e-10,0.001210361,0.007369602,False,0.00786,False
2024-02-22,CE02SHBP-LJ01D-07-VEL3DC108,10,True,2024-02-22T00:00:00Z,2024-02-22T23:59:59Z,86400,86400,0,1.0,1.000362873,0.999998546,-0.000720073,0,0,0,0,-0.0,1.263251,7.516368,-4.549325e-10,0.001263253,0.007516379,False,0.008227,False
2024-02-23,CE02SHBP-LJ01D-07-VEL3DC108,10,True,2024-02-23T00:00:00Z,2024-02-23T23:59:59Z,86400,86400,0,1.0,1.000362873,0.999998554,0.00153824,0,0,0,0,-0.0,1.729596,9.445603,-4.99826e-10,0.001729599,0.009445616,False,0.008683,False
2024-02-24,CE02SHBP-LJ01D-07-VEL3DC108,10,True,2024-02-24T00:00:00Z,2024-02-24T23:59:59Z,86400,86400,0,1.0,1.000362873,0.999998589,-0.001520299,0,0,0,0,-0.0,1.419768,8.311457,-4.76645e-10,0.00141977,0.008311469,False,0.008003,False
2024-02-25,CE02SHBP-LJ01D-07-VEL3DC108,10,True,2024-02-25T00:00:00Z,2024-02-25T23:59:59Z,86400,86400,0,1.0,1.000362873,0.99999867,-0.002487827,0,0,0,0,-0.0,1.60424,9.20258,-4.829852e-10,0.001604242,0.009202593,False,0.007852,False
2024-02-26,CE02SHBP-LJ01D-07-VEL3DC108,10,True,2024-02-26T00:00:00Z,2024-02-26T23:59:59Z,86400,86400,0,1.0,1.000362873,0.9999987,0.000264333,0,0,0,0,-0.0,1.393716,8.772285,-4.486922e-10,0.001393718,0.008772296,False,0.00823,False
2024-02-27,CE02SHBP-LJ01D-07-VEL3DC108,10,True,2024-02-27T00:00:00Z,2024-02-27T23:59:59Z,86400,86400,0,1.0,1.000362873,0.999998696,-0.000332896,0,0,0,0,-1e-06,1.287914,8.010456,-5.030055e-10,0.001287916,0.008010466,False,0.008582,False
2024-02-28,CE02SHBP-LJ01D-07-VEL3DC108,10,True,2024-02-28T00:00:00Z,2024-02-28T23:59:59Z,86400,86400,0,1.0,1.000362873,0.999998755,0.00084959,0,0,0,0,-0.0,1.485939,10.646298,-4.747851e-10,0.00148594,0.01064631,False,0.009353,False
2024-02-29,CE02SHBP-LJ01D-07-VEL3DC108,10,True,2024-02-29T00:00:00Z,2024-02-29T23:59:59Z,86400,86400,0,1.0,1.000362873,0.999998716,-0.00097201,0,0,0,0,-1e-06,1.33081,7.953392,-5.041331e-10,0.001330811,0.007953403,False,0.008526,False
2024-03-01,CE02SHBP-LJ01D-07-VEL3DC108,10,True,2024-03-01T00:00:00Z,2024-03-01T23:59:59Z,86401,86401,0,1.0,1.000362873,0.999998653,-0.00022699,0,0,7,7,0.0,1.437001,7.973287,1.688912e-10,0.001437002,0.007973298,False,0.008007,False
2024-03-02,CE02SHBP-LJ01D-07-VEL3DC108,10,True,2024-03-02T00:00:00Z,2024-03-02T23:59:59Z,86400,86400,0,1.0,1.000362873,0.999998539,0.002473873,0,0,0,0,-1e-06,1.524862,8.445854,-5.099435e-10,0.001524864,0.008445867,False,0.008004,False
2024-03-03,CE02SHBP-LJ01D-07-VEL3DC108,10,True,2024-03-03T00:00:00Z,2024-03-03T23:59:59Z,86400,86400,0,1.0,1.000362873,0.999998625,-0.000406357,0,0,0,0,-0.0,1.220318,7.991784,-4.697269e-10,0.00122032,0.007991795,False,0.00785,False
2024-03-04,CE02SHBP-LJ01D-07-VEL3DC108,10,True,2024-03-04T00:00:00Z,2024-03-04T23:59:59Z,86400,86400,0,1.0,1.000362873,0.999998656,-0.000301592,0,0,0,0,-1e-06,1.289241,7.836358,-5.133281e-10,0.001289243,0.007836369,False,0.008154,False
2024-03-05,CE02SHBP-LJ01D-07-VEL3DC108,10,True,2024-03-05T00:00:00Z,2024-03-05T23:59:59Z,86400,86400,0,1.0,1.000362873,0.999998721,-0.005623328,0,0,0,0,-0.0,1.421537,8.177051,-4.914982e-10,0.001421539,0.008177061,False,0.008148,False
2024-03-06,CE02SHBP-LJ01D-07-VEL3DC108,10,True,2024-03-06T00:00:00Z,2024-03-06T23:59:59Z,86400,86400,0,1.0,1.000362873,0.999998753,0.00013443,0,0,0,0,-0.0,1.190959,7.321048,-4.89373e-10,0.001190961,0.007321057,False,0.008005,False
2024-03-07,CE02SHBP-LJ01D-07-VEL3DC108,10,True,2024-03-07T00:00:00Z,2024-03-07T23:59:59Z,86400,86400,0,1.0,1.000362873,0.999998578,0.002826136,0,0,0,0,-0.0,2.00833,9.679474,-4.388117e-10,0.002008332,0.009679488,False,0.008256,False
2024-03-08,CE02SHBP-LJ01D-07-VEL3DC108,10,True,2024-03-08T00:00:00Z,2024-03-08T23:59:59Z,86400,86400,0,1.0,1.000362873,0.9999986,-0.000288362,0,0,0,0,-0.0,1.466226,7.827739,-4.750637e-10,0.001466228,0.00782775,False,0.0078,False
2024-03-09,CE02SHBP-LJ01D-07-VEL3DC108,10,True,2024-03-09T00:00:00Z,2024-03-09T23:59:59Z,86400,86400,0,1.0,1.000362873,0.999998705,0.001254401,0,0,0,0,-1e-06,1.230711,7.448266,-5.056579e-10,0.001230713,0.007448276,False,0.008002,False
2024-03-10,CE02SHBP-LJ01D-07-VEL3DC108,10,True,2024-03-10T00:00:00Z,2024-03-10T23:59:59Z,86401,86401,0,1.0,1.000362873,0.999998654,-0.001130479,0,0,5,5,0.0,1.534891,8.307825,1.763688e-11,0.001534893,0.008307836,False,0.008004,False
2024-03-11,CE02SHBP-LJ01D-07-VEL3DC108,10,True,2024-03-11T00:00:00Z,2024-03-11T23:59:59Z,86400,86400,0,1.0,1.000362873,0.999998632,-0.000930704,0,0,0,0,-1e-06,1.339496,7.719667,-5.033043e-10,0.001339498,0.007719678,False,0.008001,False
2024-03-12,CE02SHBP-LJ01D-07-VEL3DC108,10,True,2024-03-12T00:00:00Z,2024-03-12T23:59:59Z,86400,86400,0,1.0,1.000362873,0.999998655,0.000545367,0,0,0,0,-0.0,1.2875,7.819606,-4.433554e-10,0.001287502,0.007819617,False,0.007852,False
2024-03-13,CE02SHBP-LJ01D-07-VEL3DC108,10,True,2024-03-13T00:00:00Z,2024-03-13T23:59:59Z,86400,86400,0,1.0,1.000362873,0.99999868,0.000274452,0,0,0,0,-0.0,1.18349,7.123214,-4.889421e-10,0.001183491,0.007123224,False,0.007852,False
2024-03-14,CE02SHBP-LJ01D-07-VEL3DC108,10,True,2024-03-14T00:00:00Z,2024-03-14T23:59:59Z,86400,86400,0,1.0,1.000362873,0.999998709,-0.002249004,0,0,0,0,-0.0,1.464371,7.944263,-4.945514e-10,0.001464373,0.007944273,False,0.008001,False
2024-03-15,CE02SHBP-LJ01D-07-VEL3DC108,10,True,2024-03-15T00:00:00Z,2024-03-15T23:59:59Z,86400,86400,0,1.0,1.000362873,0.99999851,0.005064108,0,0,0,0,-1e-06,1.829758,9.956038,-5.079546e-10,0.001829761,0.009956053,False,0.007906,False
2024-03-16,CE02SHBP-LJ01D-07-VEL3DC108,10,True,2024-03-16T00:00:00Z,2024-03-16T23:59:59Z,86400,86400,0,1.0,1.000362873,0.999998742,0.001500769,0,0,0,0,-0.0,1.350348,8.445571,-4.968591e-10,0.00135035,0.008445582,False,0.0083,False
2024-03-17,CE02SHBP-LJ01D-07-VEL3DC108,10,True,2024-03-17T00:00:00Z,2024-03-17T23:59:59Z,86400,86400,0,1.0,1.000362873,0.999998848,-9.4378e-05,0,0,0,0,-1e-06,1.45342,7.798358,-5.004608e-10,0.001453421,0.007798367,False,0.008009,False
2024-03-18,CE02SHBP-LJ01D-07-VEL3DC108,10,True,2024-03-18T00:00:00Z,2024-03-18T23:59:59Z,86401,86401,0,1.0,1.000362873,0.999998712,0.002082919,0,0,6,6,1e-06,1.278139,7.400988,7.49273e-10,0.00127814,0.007400998,False,0.007905,False
2024-03-19,CE02SHBP-LJ01D-07-VEL3DC108,10,True,2024-03-19T00:00:00Z,2024-03-19T23:59:59Z,86400,86400,0,1.0,1.000362873,0.999998509,0.003616327,0,0,0,0,-0.0,1.969046,9.432718,-4.459906e-10,0.001969049,0.009432732,False,0.008005,False
2024-03-20,CE02SHBP-LJ01D-07-VEL3DC108,10,True,2024-03-20T00:00:00Z,2024-03-20T23:59:59Z,86400,86400,0,1.0,1.000362873,0.999998372,-0.001881844,0,0,0,0,-0.0,1.683041,9.8141,-4.804688e-10,0.001683044,0.009814116,False,0.008004,False
2024-03-21,CE02SHBP-LJ01D-07-VEL3DC108,10,True,2024-03-21T00:00:00Z,2024-03-21T23:59:59Z,86400,86400,0,1.0,1.000362873,0.999998811,-0.000745281,0,0,0,0,-0.0,1.714422,8.571558,-4.928266e-10,0.001714424,0.008571568,False,0.007903,False
2024-03-22,CE02SHBP-LJ01D-07-VEL3DC108,10,True,2024-03-22T00:00:00Z,2024-03-22T23:59:59Z,86400,86400,0,1.0,1.00036335,0.999998834,0.000335755,0,0,0,0,-0.0,1.265256,7.459877,-4.400715e-10,0.001265257,0.007459885,False,0.008528,False
2024-03-23,CE02SHBP-LJ01D-07-VEL3DC108,10,True,2024-03-23T00:00:00Z,2024-03-23T23:59:59Z,86400,86400,0,1.0,1.00036335,0.999998853,-0.001435164,0,0,0,0,-1e-06,1.527373,11.376031,-5.259642e-10,0.001527375,0.01137604,False,0.010072,False
2024-03-24,CE02SHBP-LJ01D-07-VEL3DC108,10,True,2024-03-24T00:00:00Z,2024-03-24T23:59:59Z,86400,86400,0,1.0,1.00036335,0.999998864,0.000646922,0,0,0,0,-0.0,1.166019,7.548642,-4.993328e-10,0.00116602,0.007548651,False,0.008004,False
2024-03-25,CE02SHBP-LJ01D-07-VEL3DC108,10,True,2024-03-25T00:00:00Z,2024-03-25T23:59:59Z,86400,86400,0,1.0,1.000362873,0.999998714,0.002488903,0,0,0,0,-0.0,1.202909,6.952972,-4.71344e-10,0.001202911,0.006952981,False,0.007903,False
2024-03-26,CE02SHBP-LJ01D-07-VEL3DC108,10,True,2024-03-26T00:00:00Z,2024-03-26T23:59:59Z,86400,86400,0,1.0,1.000362873,0.999998593,0.002016996,0,0,0,0,-0.0,2.631479,12.097284,-4.692207e-10,0.002631482,0.0120973,False,0.009882,False
2024-03-27,CE02SHBP-LJ01D-07-VEL3DC108,10,True,2024-03-27T00:00:00Z,2024-03-27T23:59:59Z,86401,86401,0,1.0,1.000362873,0.999998615,0.002146601,0,0,3,3,-0.0,1.550713,8.650584,-2.477701e-10,0.001550715,0.008650596,False,0.008001,False
2024-03-28,CE02SHBP-LJ01D-07-VEL3DC108,10,True,2024-03-28T00:00:00Z,2024-03-28T23:59:59Z,86400,86400,0,1.0,1.000362873,0.999998502,0.000103141,0,0,0,0,-1e-06,1.871138,13.021011,-5.102596e-10,0.001871141,0.01302103,False,0.011305,False
2024-03-29,CE02SHBP-LJ01D-07-VEL3DC108,10,True,2024-03-29T00:00:00Z,2024-03-29T23:59:59Z,86400,86400,0,1.0,1.000362873,0.999998785,-0.000670975,0,0,0,0,-0.0,1.373547,9.380985,-4.72311e-10,0.001373549,0.009380996,False,0.008408,False
2024-03-30,CE02SHBP-LJ01D-07-VEL3DC108,10,True,2024-03-30T00:00:00Z,2024-03-30T23:59:59Z,86400,86400,0,1.0,1.000362873,0.999998377,-0.00024823,0,0,0,0,-1e-06,1.386352,7.558862,-5.056776e-10,0.001386354,0.007558875,False,0.008008,False
2024-03-31,CE02SHBP-LJ01D-07-VEL3DC108,10,True,2024-03-31T00:00:00Z,2024-03-31T23:59:59Z,86400,86400,0,1.0,1.000362873,0.999998651,-0.000811979,0,0,0,0,-0.0,1.62621,9.745884,-4.67932e-10,0.001626213,0.009745898,False,0.009269,False
2024-04-01,CE02SHBP-LJ01D-07-VEL3DC108,10,True,2024-04-01T00:00:00Z,2024-04-01T23:59:59Z,86400,86400,0,1.0,1.000362873,0.999998814,0.000155007,0,0,0,0,-0.0,1.152905,7.214096,-4.800118e-10,0.001152906,0.007214105,False,0.008157,False
2024-04-02,CE02SHBP-LJ01D-07-VEL3DC108,10,True,2024-04-02T00:00:00Z,2024-04-02T01:14:14Z,4455,4455,0,1.0,1.000362873,0.999998856,0.000327969,0,0,0,0,0.0,1.145849,6.348727,1.188264e-12,0.00114585,0.006348734,False,0.007486,False
2024-04-03,CE02SHBP-LJ01D-07-VEL3DC108,10,False,,,0,0,,1.0,,,,,,,,,,,,,,,,False
2024-04-04,CE02SHBP-LJ01D-07-VEL3DC108,10,True,2024-04-04T00:34:37Z,2024-04-04T23:59:59Z,84324,84324,0,1.0,1.000362873,0.999998374,0.006513194,0,0,2,2,-0.0,5.09581,50.058934,-7.347482e-11,0.005095818,0.05005902,False,0.042541,False
2024-04-05,CE02SHBP-LJ01D-07-VEL3DC108,10,True,2024-04-05T00:00:00Z,2024-04-05T23:59:59Z,85448,86400,952,1.0,1.000362873,0.999998373,-0.001870329,2,952,2,952,0.0,2.322147,9.982632,1.687099e-10,0.00232215,0.009982648,False,0.21154,True
2024-04-06,CE02SHBP-LJ01D-07-VEL3DC108,10,True,2024-04-06T00:00:00Z,2024-04-06T23:59:59Z,86400,86400,0,1.0,1.000362873,0.999998121,0.000723628,0,0,0,0,-0.0,1.370676,7.993,-4.909912e-10,0.001370679,0.007993015,False,0.008012,False
2024-04-07,CE02SHBP-LJ01D-07-VEL3DC108,10,True,2024-04-07T00:00:00Z,2024-04-07T23:59:59Z,86400,86400,0,1.0,1.000362873,0.999998166,0.000179818,0,0,0,0,-0.0,1.181784,7.665263,-4.797022e-10,0.001181787,0.007665278,False,0.008229,False
2024-04-08,CE02SHBP-LJ01D-07-VEL3DC108,10,True,2024-04-08T00:00:00Z,2024-04-08T23:59:59Z,86400,86400,0,1.0,1.000362873,0.999998261,-0.000444475,0,0,0,0,-0.0,1.842352,8.501116,-4.912933e-10,0.001842355,0.008501131,False,0.008112,False
2024-04-09,CE02SHBP-LJ01D-07-VEL3DC108,10,True,2024-04-09T00:00:00Z,2024-04-09T22:00:27Z,79228,79228,0,1.0,1.000362873,0.999998125,-0.001072495,0,0,0,0,0.0,1.502833,8.168425,8.716111e-11,0.001502836,0.00816844,False,0.008013,False
2024-04-10,CE02SHBP-LJ01D-07-VEL3DC108,10,True,2024-04-10T03:54:08Z,2024-04-10T23:59:59Z,72352,72352,0,1.0,1.000362873,0.999998715,-0.042959929,0,0,0,0,-0.0,3.788869,42.959929,-2.544441e-10,0.003788874,0.04295998,False,0.074373,False
2024-04-11,CE02SHBP-LJ01D-07-VEL3DC108,10,True,2024-04-11T00:00:00Z,2024-04-11T23:59:59Z,86400,86400,0,1.0,1.000362873,0.999998122,0.001853254,0,0,0,0,-0.0,1.578641,8.561134,-4.73158e-10,0.001578644,0.00856115,False,0.008167,False
2024-04-12,CE02SHBP-LJ01D-07-VEL3DC108,10,True,2024-04-12T00:00:00Z,2024-04-12T23:59:59Z,86400,86400,0,1.0,1.000362873,0.999998275,-0.001150338,0,0,0,0,-0.0,1.754025,8.676164,-4.93793e-10,0.001754028,0.008676179,False,0.008156,False
2024-04-13,CE02SHBP-LJ01D-07-VEL3DC108,10,True,2024-04-13T00:00:00Z,2024-04-13T23:59:59Z,86401,86401,0,1.0,1.000362873,0.999998147,-0.000285967,0,0,5,5,-0.0,1.462414,9.064326,-2.679201e-11,0.001462417,0.009064343,False,0.00801,False
2024-04-14,CE02SHBP-LJ01D-07-VEL3DC108,10,True,2024-04-14T00:00:00Z,2024-04-14T23:59:59Z,86400,86400,0,1.0,1.000362873,0.999998166,-0.000566283,0,0,0,0,-0.0,1.707568,12.122181,-4.642296e-10,0.001707571,0.0121222,False,0.010077,False
2024-04-15,CE02SHBP-LJ01D-07-VEL3DC108,10,True,2024-04-15T00:00:00Z,2024-04-15T23:59:59Z,86400,86400,0,1.0,1.000362873,0.999998134,-0.000173045,0,0,0,0,-0.0,1.85676,11.357891,-4.63202e-10,0.001856763,0.01135791,False,0.008888,False
2024-04-16,CE02SHBP-LJ01D-07-VEL3DC108,10,True,2024-04-16T00:00:00Z,2024-04-16T23:59:59Z,86400,86400,0,1.0,1.000362396,0.999998088,-0.001737989,0,0,0,0,-1e-06,1.607511,8.616478,-5.048623e-10,0.001607514,0.008616495,False,0.008222,False
2024-04-17,CE02SHBP-LJ01D-07-VEL3DC108,10,True,2024-04-17T00:00:00Z,2024-04-17T23:59:59Z,86400,86400,0,1.0,1.000362873,0.999998162,-0.00018043,0,0,0,0,-0.0,1.743099,9.486755,-4.773741e-10,0.001743102,0.009486773,False,0.008677,False
2024-04-18,CE02SHBP-LJ01D-07-VEL3DC108,10,True,2024-04-18T00:00:00Z,2024-04-18T23:59:59Z,86400,86400,0,1.0,1.000362873,0.999998336,0.000566032,0,0,0,0,-0.0,2.45911,10.606537,-4.534485e-10,0.002459115,0.01060655,False,0.009664,False
2024-04-19,CE02SHBP-LJ01D-07-VEL3DC108,10,True,2024-04-19T00:00:00Z,2024-04-19T23:59:59Z,86400,86400,0,1.0,1.000362873,0.999998523,0.000185298,0,0,0,0,-1e-06,1.86403,9.660962,-5.614273e-10,0.001864033,0.009660976,False,0.008524,False
2024-04-20,CE02SHBP-LJ01D-07-VEL3DC108,10,True,2024-04-20T00:00:00Z,2024-04-20T23:59:59Z,86401,86401,0,1.0,1.000362873,0.999998582,-0.000302141,0,0,0,0,1e-06,1.421149,7.933747,8.794975e-10,0.001421151,0.007933758,False,0.008165,False
2024-04-21,CE02SHBP-LJ01D-07-VEL3DC108,10,True,2024-04-21T00:00:00Z,2024-04-21T23:59:59Z,86400,86400,0,1.0,1.000362873,0.999998592,-0.000711491,0,0,0,0,-0.0,1.216027,7.536689,-4.60758e-10,0.001216029,0.007536699,False,0.008113,False
2024-04-22,CE02SHBP-LJ01D-07-VEL3DC108,10,True,2024-04-22T00:00:00Z,2024-04-22T23:59:59Z,86400,86400,0,1.0,1.000362873,0.999998391,0.001999521,0,0,0,0,-0.0,1.59312,9.367846,-4.806724e-10,0.001593123,0.009367861,False,0.008224,False
2024-04-23,CE02SHBP-LJ01D-07-VEL3DC108,10,True,2024-04-23T00:00:00Z,2024-04-23T23:59:59Z,86400,86400,0,1.0,1.000362873,0.999998572,-0.002308766,0,0,0,0,-0.0,1.885773,8.585698,-4.947386e-10,0.001885775,0.008585711,False,0.008593,False
2024-04-24,CE02SHBP-LJ01D-07-VEL3DC108,10,True,2024-04-24T00:00:00Z,2024-04-24T23:59:59Z,86400,86400,0,1.0,1.000362873,0.999998626,-0.00142764,0,0,0,0,-0.0,1.307662,7.7319,-4.548589e-10,0.001307663,0.00773191,False,0.008112,False
2024-04-25,CE02SHBP-LJ01D-07-VEL3DC108,10,True,2024-04-25T00:00:00Z,2024-04-25T23:59:59Z,86400,86400,0,1.0,1.000362873,0.999998648,0.002363185,0,0,0,0,-0.0,1.507696,8.223949,-4.877388e-10,0.001507698,0.00822396,False,0.008177,False
2024-04-26,CE02SHBP-LJ01D-07-VEL3DC108,10,True,2024-04-26T00:00:00Z,2024-04-26T23:59:59Z,86400,86400,0,1.0,1.000362873,0.99999833,0.003899613,0,0,0,0,-0.0,2.407619,9.943459,-4.929675e-10,0.002407623,0.009943475,False,0.008527,False
2024-04-27,CE02SHBP-LJ01D-07-VEL3DC108,10,True,2024-04-27T00:00:00Z,2024-04-27T23:59:59Z,86401,86401,0,1.0,1.000362873,0.999998199,-0.005680427,0,0,5,5,-0.0,1.946406,8.679754,-3.552596e-10,0.00194641,0.008679769,False,0.008109,False
2024-04-28,CE02SHBP-LJ01D-07-VEL3DC108,10,True,2024-04-28T00:00:00Z,2024-04-28T23:59:59Z,86400,86400,0,1.0,1.000362873,0.999998501,-0.00598423,0,0,0,0,-0.0,3.15847,12.578491,-4.430487e-10,0.003158474,0.01257851,False,0.008222,False
2024-04-29,CE02SHBP-LJ01D-07-VEL3DC108,10,True,2024-04-29T00:00:00Z,2024-04-29T23:59:59Z,86400,86400,0,1.0,1.000362873,0.999998563,0.002313893,0,0,0,0,-0.0,1.261886,8.609271,-4.785088e-10,0.001261887,0.008609283,False,0.009266,False
2024-04-30,CE02SHBP-LJ01D-07-VEL3DC108,10,True,2024-04-30T00:00:00Z,2024-04-30T23:59:59Z,86400,86400,0,1.0,1.000362873,0.999998517,0.001385218,0,0,0,0,-0.0,1.337347,8.016399,-4.958638e-10,0.001337349,0.008016411,False,0.008113,False
2024-05-01,CE02SHBP-LJ01D-07-VEL3DC108,10,True,2024-05-01T00:00:00Z,2024-05-01T23:59:59Z,86400,86400,0,1.0,1.000362873,0.999998505,-0.004232181,0,0,0,0,-0.0,1.514154,10.312656,-4.685298e-10,0.001514156,0.01031267,False,0.009564,False
2024-05-02,CE02SHBP-LJ01D-07-VEL3DC108,10,True,2024-05-02T00:00:00Z,2024-05-02T23:59:59Z,86004,86400,396,1.0,1.000362873,0.999998452,0.002147693,1,396,1,396,0.0,1.420373,7.996914,1.332557e-10,0.001420375,0.007996926,False,0.140246,True
2024-05-03,CE02SHBP-LJ01D-07-VEL3DC108,10,True,2024-05-03T00:00:00Z,2024-05-03T23:59:59Z,86400,86400,0,1.0,1.000362873,0.999998353,0.00298684,0,0,0,0,-1e-06,1.819774,8.957277,-5.066717e-10,0.001819777,0.008957291,False,0.008114,False
2024-05-04,CE02SHBP-LJ01D-07-VEL3DC108,10,True,2024-05-04T00:00:00Z,2024-05-04T23:59:59Z,86400,86400,0,1.0,1.000362873,0.999998425,-3.8126e-05,0,0,0,0,-0.0,1.320863,7.873027,-4.594473e-10,0.001320865,0.007873039,False,0.008112,False
2024-05-05,CE02SHBP-LJ01D-07-VEL3DC108,10,True,2024-05-05T00:00:00Z,2024-05-05T23:59:59Z,86401,86401,0,1.0,1.000362873,0.999998369,0.001286589,0,0,5,5,1e-06,1.713046,11.899789,1.069927e-09,0.001713049,0.01189981,False,0.010362,False
2024-05-06,CE02SHBP-LJ01D-07-VEL3DC108,10,True,2024-05-06T00:00:00Z,2024-05-06T15:16:51Z,55012,55012,0,1.0,1.000362873,0.999998491,-0.002715608,0,0,0,0,0.0,1.972776,9.500535,3.851804e-10,0.001972779,0.009500549,False,0.008113,False
2024-05-07,CE02SHBP-LJ01D-07-VEL3DC108,10,True,2024-05-07T17:01:54Z,2024-05-07T23:59:59Z,25086,25086,0,1.0,1.000362873,0.999998498,-0.071768285,0,0,0,0,0.0,1.541482,71.768285,1.357961e-10,0.001541484,0.07176839,False,0.070278,False
2024-05-08,CE02SHBP-LJ01D-07-VEL3DC108,10,True,2024-05-08T00:00:00Z,2024-05-08T23:59:59Z,86400,86400,0,1.0,1.000362873,0.999998417,-0.000810043,0,0,0,0,-0.0,2.005323,9.381657,-4.772758e-10,0.002005326,0.009381672,False,0.008114,False
2024-05-09,CE02SHBP-LJ01D-07-VEL3DC108,10,True,2024-05-09T00:00:00Z,2024-05-09T23:59:59Z,86400,86400,0,1.0,1.000362873,0.999998484,-0.001729382,0,0,0,0,-0.0,3.48062,14.591416,-4.700999e-10,0.003480626,0.01459144,False,0.008436,False
2024-05-10,CE02SHBP-LJ01D-07-VEL3DC108,10,True,2024-05-10T00:00:00Z,2024-05-10T23:59:59Z,86300,86401,101,1.0,1.000362873,0.999998205,0.00201616,5,101,5,105,-0.0,1.927294,346.186485,-2.376393e-10,0.001927297,0.3461871,False,0.347938,True
2024-05-11,CE02SHBP-LJ01D-07-VEL3DC108,10,True,2024-05-11T00:00:00Z,2024-05-11T23:59:59Z,86400,86400,0,1.0,1.000362873,0.999998413,-0.000213163,0,0,0,0,-0.0,1.548172,8.456993,-4.958439e-10,0.001548174,0.008457007,False,0.008113,False
2024-05-12,CE02SHBP-LJ01D-07-VEL3DC108,10,True,2024-05-12T00:00:00Z,2024-05-12T23:59:59Z,86400,86400,0,1.0,1.000362873,0.999998404,0.000240293,0,0,0,0,-0.0,2.446202,11.956049,-4.693551e-10,0.002446206,0.01195607,False,0.008453,False
2024-05-13,CE02SHBP-LJ01D-07-VEL3DC108,10,True,2024-05-13T00:00:00Z,2024-05-13T23:59:59Z,86400,86400,0,1.0,1.000362873,0.99999847,0.00063302,0,0,0,0,-1e-06,1.420545,10.371847,-5.039471e-10,0.001420547,0.01037186,False,0.009907,False
2024-05-14,CE02SHBP-LJ01D-07-VEL3DC108,10,True,2024-05-14T00:00:00Z,2024-05-14T23:59:59Z,86400,86400,0,1.0,1.000362873,0.999998448,-0.004158201,0,0,0,0,-0.0,1.331321,7.926848,-4.981692e-10,0.001331324,0.00792686,False,0.008111,False
2024-05-15,CE02SHBP-LJ01D-07-VEL3DC108,10,True,2024-05-15T00:00:00Z,2024-05-15T23:59:59Z,86400,86400,0,1.0,1.000362873,0.999998362,-0.005088321,0,0,0,0,-1e-06,1.415708,7.570859,-5.231399e-10,0.00141571,0.007570871,False,0.008259,False
2024-05-16,CE02SHBP-LJ01D-07-VEL3DC108,10,True,2024-05-16T00:00:00Z,2024-05-16T23:59:59Z,86400,86400,0,1.0,1.000362873,0.999998326,-0.002820153,0,0,0,0,-0.0,1.955194,10.129135,-4.605112e-10,0.001955197,0.01012915,False,0.008109,False
2024-05-17,CE02SHBP-LJ01D-07-VEL3DC108,10,True,2024-05-17T00:00:00Z,2024-05-17T23:59:59Z,86401,86401,0,1.0,1.000362873,0.999998469,0.000747708,0,0,3,3,0.0,2.2726,9.081144,3.399229e-10,0.002272603,0.009081157,False,0.008522,False
2024-05-18,CE02SHBP-LJ01D-07-VEL3DC108,10,True,2024-05-18T00:00:00Z,2024-05-18T23:59:59Z,86400,86400,0,1.0,1.000362873,0.999998429,0.000348066,0,0,0,0,-0.0,1.268675,7.301959,-4.527327e-10,0.001268677,0.007301971,False,0.008111,False
2024-05-19,CE02SHBP-LJ01D-07-VEL3DC108,10,True,2024-05-19T00:00:00Z,2024-05-19T23:59:59Z,86400,86400,0,1.0,1.000362873,0.99999867,-0.001929387,0,0,0,0,-0.0,1.496921,8.288727,-4.845118e-10,0.001496923,0.008288738,False,0.008217,False
2024-05-20,CE02SHBP-LJ01D-07-VEL3DC108,10,True,2024-05-20T00:00:00Z,2024-05-20T23:59:59Z,86400,86400,0,1.0,1.000362873,0.999998642,0.002706162,0,0,0,0,-0.0,1.848847,9.91553,-4.54939e-10,0.00184885,0.009915543,False,0.008228,False
2024-05-21,CE02SHBP-LJ01D-07-VEL3DC108,10,True,2024-05-21T00:00:00Z,2024-05-21T23:59:59Z,86400,86400,0,1.0,1.000362873,0.999998554,0.000602441,0,0,0,0,-0.0,1.302453,7.789539,-4.707356e-10,0.001302455,0.00778955,False,0.008109,False
2024-05-22,CE02SHBP-LJ01D-07-VEL3DC108,10,True,2024-05-22T00:00:00Z,2024-05-22T23:59:59Z,86400,86400,0,1.0,1.000362873,0.999998537,-0.004189808,0,0,0,0,-1e-06,1.246172,7.531141,-5.123939e-10,0.001246174,0.007531152,False,0.008525,False
2024-05-23,CE02SHBP-LJ01D-07-VEL3DC108,10,True,2024-05-23T00:00:00Z,2024-05-23T23:59:59Z,86400,86400,0,1.0,1.000362873,0.999998581,0.000565872,0,0,0,0,-0.0,1.237945,8.633655,-4.834006e-10,0.001237947,0.008633667,False,0.008105,False
2024-05-24,CE02SHBP-LJ01D-07-VEL3DC108,10,True,2024-05-24T00:00:00Z,2024-05-24T23:59:59Z,86400,86400,0,1.0,1.000362873,0.999998562,0.000328405,0,0,0,0,-0.0,1.291874,7.723428,-4.667355e-10,0.001291876,0.00772344,False,0.008108,False
2024-05-25,CE02SHBP-LJ01D-07-VEL3DC108,10,True,2024-05-25T00:00:00Z,2024-05-25T23:59:59Z,86401,86401,0,1.0,1.000362873,0.999998519,-0.004173215,0,0,8,8,-0.0,1.370901,8.325136,-1.955719e-11,0.001370903,0.008325148,False,0.008112,False
2024-05-26,CE02SHBP-LJ01D-07-VEL3DC108,10,True,2024-05-26T00:00:00Z,2024-05-26T23:59:59Z,86400,86400,0,1.0,1.000362873,0.999998343,0.001322815,0,0,0,0,-0.0,1.34677,8.106862,-4.642767e-10,0.001346772,0.008106876,False,0.008114,False
2024-05-27,CE02SHBP-LJ01D-07-VEL3DC108,10,True,2024-05-27T00:00:00Z,2024-05-27T23:59:59Z,86400,86400,0,1.0,1.000362873,0.999998297,-7.9863e-05,0,0,0,0,-0.0,1.776222,11.687007,-4.619092e-10,0.001776225,0.01168703,False,0.010899,False
2024-05-28,CE02SHBP-LJ01D-07-VEL3DC108,10,True,2024-05-28T00:00:00Z,2024-05-28T23:59:59Z,86400,86400,0,1.0,1.000362873,0.999998294,-0.000725543,0,0,0,0,-0.0,1.472969,7.784172,-4.307771e-10,0.001472971,0.007784185,False,0.008107,False
2024-05-29,CE02SHBP-LJ01D-07-VEL3DC108,10,True,2024-05-29T00:00:00Z,2024-05-29T13:33:44Z,48825,48825,0,1.0,1.000362873,0.999998326,-0.005102136,0,0,0,0,-0.0,1.476824,8.561835,-2.322742e-10,0.001476826,0.008561849,False,0.00853,False
2024-05-30,CE02SHBP-LJ01D-07-VEL3DC108,10,True,2024-05-30T16:58:49Z,2024-05-30T23:59:59Z,25271,25271,0,1.0,1.000362396,0.99999863,0.004972716,0,0,0,0,0.0,4.303404,42.798913,1.016257e-10,0.00430341,0.04279897,False,0.042876,False
2024-05-31,CE02SHBP-LJ01D-07-VEL3DC108,10,True,2024-05-31T00:00:00Z,2024-05-31T23:59:59Z,86400,86400,0,1.0,1.000362873,0.999998421,-0.002686559,0,0,0,0,-0.0,1.510396,9.300926,-4.9737e-10,0.001510399,0.00930094,False,0.007906,False
2024-06-01,CE02SHBP-LJ01D-07-VEL3DC108,10,True,2024-06-01T00:00:00Z,2024-06-01T23:59:59Z,86400,86400,0,1.0,1.000362873,0.999998522,-0.002410511,0,0,0,0,-1e-06,2.099372,11.766031,-5.499731e-10,0.002099375,0.01176605,False,0.008564,False
2024-06-02,CE02SHBP-LJ01D-07-VEL3DC108,10,True,2024-06-02T00:00:00Z,2024-06-02T23:59:59Z,86400,86400,0,1.0,1.000362873,0.999998603,-0.000235688,0,0,0,0,-0.0,1.233611,7.408173,-4.352664e-10,0.001233613,0.007408183,False,0.00823,False
2024-06-03,CE02SHBP-LJ01D-07-VEL3DC108,10,True,2024-06-03T00:00:00Z,2024-06-03T23:59:59Z,86400,86400,0,1.0,1.000362873,0.999998465,0.003468815,0,0,0,0,-0.0,1.392843,7.788465,-4.473279e-10,0.001392845,0.007788477,False,0.008114,False
2024-06-04,CE02SHBP-LJ01D-07-VEL3DC108,10,True,2024-06-04T00:00:00Z,2024-06-04T23:59:59Z,86400,86400,0,1.0,1.000362873,0.999998419,-0.000137467,0,0,0,0,-0.0,1.502078,9.151306,-4.894358e-10,0.00150208,0.00915132,False,0.00811,False
2024-06-05,CE02SHBP-LJ01D-07-VEL3DC108,10,True,2024-06-05T00:00:00Z,2024-06-05T23:59:59Z,86401,86401,0,1.0,1.000362873,0.999998407,-0.000374849,0,0,4,4,0.0,1.241288,7.383262,2.51645e-10,0.00124129,0.007383273,False,0.008529,False
2024-06-06,CE02SHBP-LJ01D-07-VEL3DC108,10,True,2024-06-06T00:00:00Z,2024-06-06T23:59:59Z,86400,86400,0,1.0,1.000362873,0.999998307,0.002637087,0,0,0,0,-0.0,1.503225,8.098923,-4.435478e-10,0.001503228,0.008098936,False,0.007846,False
2024-06-07,CE02SHBP-LJ01D-07-VEL3DC108,10,True,2024-06-07T00:00:00Z,2024-06-07T23:59:59Z,86400,86400,0,1.0,1.000362873,0.999998357,-0.001411948,0,0,0,0,-0.0,1.720399,8.802439,-4.981206e-10,0.001720402,0.008802453,False,0.008265,False
2024-06-08,CE02SHBP-LJ01D-07-VEL3DC108,10,True,2024-06-08T00:00:00Z,2024-06-08T23:59:59Z,86400,86400,0,1.0,1.000362873,0.999998425,-0.00217496,0,0,0,0,-1e-06,1.929886,9.06321,-5.283471e-10,0.001929889,0.009063224,False,0.008111,False
2024-06-09,CE02SHBP-LJ01D-07-VEL3DC108,10,True,2024-06-09T00:00:00Z,2024-06-09T23:59:59Z,86400,86400,0,1.0,1.000362873,0.99999846,0.001262939,0,0,0,0,-1e-06,1.27653,7.550856,-5.147625e-10,0.001276532,0.007550868,False,0.008111,False
2024-06-10,CE02SHBP-LJ01D-07-VEL3DC108,10,True,2024-06-10T00:00:00Z,2024-06-10T23:59:59Z,86400,86400,0,1.0,1.000362873,0.999998355,0.000680986,0,0,0,0,-0.0,1.666206,8.799941,-4.721638e-10,0.001666209,0.008799956,False,0.009562,False
2024-06-11,CE02SHBP-LJ01D-07-VEL3DC108,10,True,2024-06-11T00:00:00Z,2024-06-11T23:59:59Z,86400,86400,0,1.0,1.000362873,0.999998221,0.001112867,0,0,0,0,-1e-06,1.389579,8.556178,-5.064401e-10,0.001389582,0.008556193,False,0.008261,False
2024-06-12,CE02SHBP-LJ01D-07-VEL3DC108,10,True,2024-06-12T00:00:00Z,2024-06-12T23:59:59Z,86401,86401,0,1.0,1.000362873,0.99999827,-0.003180888,0,0,3,3,1e-06,1.828416,9.13339,5.408051e-10,0.001828419,0.009133406,False,0.00811,False
2024-06-13,CE02SHBP-LJ01D-07-VEL3DC108,10,True,2024-06-13T00:00:00Z,2024-06-13T23:59:59Z,86400,86400,0,1.0,1.000362873,0.999998401,-0.001507985,0,0,0,0,-0.0,1.556419,10.050418,-4.730499e-10,0.001556421,0.01005043,False,0.007892,False
2024-06-14,CE02SHBP-LJ01D-07-VEL3DC108,10,True,2024-06-14T00:00:00Z,2024-06-14T23:59:59Z,86400,86400,0,1.0,1.000362873,0.99999846,0.002203406,0,0,0,0,-0.0,2.168356,10.384387,-4.870437e-10,0.002168359,0.0103844,False,0.008107,False
2024-06-15,CE02SHBP-LJ01D-07-VEL3DC108,10,True,2024-06-15T00:00:00Z,2024-06-15T23:59:59Z,86400,86400,0,1.0,1.000362873,0.99999857,-0.000175739,0,0,0,0,-0.0,1.413367,8.264083,-4.640714e-10,0.00141337,0.008264095,False,0.008267,False
2024-06-16,CE02SHBP-LJ01D-07-VEL3DC108,10,True,2024-06-16T00:00:00Z,2024-06-16T23:59:59Z,86400,86400,0,1.0,1.000362873,0.999998584,0.001299812,0,0,0,0,-1e-06,1.361281,7.608574,-5.057993e-10,0.001361283,0.007608585,False,0.008109,False
2024-06-17,CE02SHBP-LJ01D-07-VEL3DC108,10,True,2024-06-17T00:00:00Z,2024-06-17T23:59:59Z,86400,86400,0,1.0,1.000362873,0.99999859,0.000295239,0,0,0,0,-0.0,1.467639,7.524731,-4.956043e-10,0.001467641,0.007524742,False,0.008894,False
2024-06-18,CE02SHBP-LJ01D-07-VEL3DC108,10,True,2024-06-18T00:00:00Z,2024-06-18T23:59:59Z,85228,86400,1172,1.0,1.000362873,0.999998504,0.00113723,2,1172,2,1172,-0.0,1.76055,9.559975,-1.120394e-10,0.001760553,0.009559989,False,0.22021,True
2024-06-19,CE02SHBP-LJ01D-07-VEL3DC108,10,True,2024-06-19T00:00:00Z,2024-06-19T23:59:59Z,85280,86401,1121,1.0,1.000362873,0.999998425,-0.001632267,6,1121,6,1124,-0.0,1.615671,8.588596,-2.417609e-10,0.001615673,0.008588609,False,0.207171,True
2024-06-20,CE02SHBP-LJ01D-07-VEL3DC108,10,True,2024-06-20T00:00:00Z,2024-06-20T23:59:59Z,86400,86400,0,1.0,1.000362873,0.999998423,-0.002222918,0,0,0,0,-0.0,1.578772,8.398373,-4.889871e-10,0.001578774,0.008398386,False,0.008112,False
2024-06-21,CE02SHBP-LJ01D-07-VEL3DC108,10,True,2024-06-21T00:00:00Z,2024-06-21T23:59:59Z,86400,86400,0,1.0,1.000362873,0.99999844,0.001096556,0,0,0,0,-1e-06,1.383792,8.220461,-5.121965e-10,0.001383794,0.008220474,False,0.008626,False
2024-06-22,CE02SHBP-LJ01D-07-VEL3DC108,10,True,2024-06-22T00:00:00Z,2024-06-22T23:59:59Z,86400,86400,0,1.0,1.000362873,0.99999838,0.000792941,0,0,0,0,-0.0,1.37064,7.942831,-4.600949e-10,0.001370642,0.007942844,False,0.007887,False
2024-06-23,CE02SHBP-LJ01D-07-VEL3DC108,10,True,2024-06-23T00:00:00Z,2024-06-23T23:59:59Z,86400,86400,0,1.0,1.000362873,0.99999836,0.000236967,0,0,0,0,-0.0,1.193982,7.24174,-4.179113e-10,0.001193984,0.007241752,False,0.00827,False
2024-06-24,CE02SHBP-LJ01D-07-VEL3DC108,10,True,2024-06-24T00:00:00Z,2024-06-24T23:59:59Z,86400,86400,0,1.0,1.000362873,0.999998406,0.000627515,0,0,0,0,-1e-06,1.250163,7.58878,-5.579556e-10,0.001250165,0.007588793,False,0.008525,False
2024-06-25,CE02SHBP-LJ01D-07-VEL3DC108,10,True,2024-06-25T00:00:00Z,2024-06-25T23:59:59Z,86400,86400,0,1.0,1.000362873,0.999998482,-0.001179226,0,0,0,0,-0.0,1.621364,8.818959,-4.333594e-10,0.001621366,0.008818973,False,0.008111,False
2024-06-26,CE02SHBP-LJ01D-07-VEL3DC108,10,True,2024-06-26T00:00:00Z,2024-06-26T23:59:59Z,86400,86400,0,1.0,1.000362873,0.999998489,0.000474624,0,0,0,0,-1e-06,1.542834,10.6097,-5.005168e-10,0.001542837,0.01060972,False,0.008837,False
2024-06-27,CE02SHBP-LJ01D-07-VEL3DC108,10,True,2024-06-27T00:00:00Z,2024-06-27T23:59:59Z,86401,86401,0,1.0,1.000362873,0.999998532,0.000129629,0,0,2,2,0.0,1.3557,7.528341,3.104262e-10,0.001355702,0.007528352,False,0.00811,False
2024-06-28,CE02SHBP-LJ01D-07-VEL3DC108,10,True,2024-06-28T00:00:00Z,2024-06-28T23:59:59Z,86400,86400,0,1.0,1.000362873,0.999998544,0.001380905,0,0,0,0,-0.0,1.341087,8.63306,-4.587486e-10,0.001341089,0.008633073,False,0.008219,False
2024-06-29,CE02SHBP-LJ01D-07-VEL3DC108,10,True,2024-06-29T00:00:00Z,2024-06-29T23:59:59Z,86400,86400,0,1.0,1.000362873,0.99999855,-0.002683507,0,0,0,0,-0.0,1.487661,8.961931,-4.562011e-10,0.001487664,0.008961944,False,0.008108,False
2024-06-30,CE02SHBP-LJ01D-07-VEL3DC108,10,True,2024-06-30T00:00:00Z,2024-06-30T23:59:59Z,86400,86400,0,1.0,1.000362873,0.999998521,0.001337046,0,0,0,0,-0.0,1.681612,9.452135,-4.944655e-10,0.001681615,0.009452149,False,0.007897,False
2024-07-01,CE02SHBP-LJ01D-07-VEL3DC108,10,True,2024-07-01T00:00:00Z,2024-07-01T23:59:59Z,86400,86400,0,1.0,1.000362873,0.999998526,0.001610185,0,0,0,0,-0.0,1.304626,7.508803,-4.878158e-10,0.001304628,0.007508814,False,0.008113,False
2024-07-02,CE02SHBP-LJ01D-07-VEL3DC108,10,True,2024-07-02T00:00:00Z,2024-07-02T23:59:59Z,86400,86400,0,1.0,1.000362873,0.999998491,0.000248239,0,0,0,0,-0.0,1.723362,8.364895,-4.6735e-10,0.001723365,0.008364907,False,0.008529,False
2024-07-03,CE02SHBP-LJ01D-07-VEL3DC108,10,True,2024-07-03T00:00:00Z,2024-07-03T10:16:10Z,36971,36971,0,1.0,1.000362873,0.99999844,0.001312511,0,0,0,0,0.0,1.205653,6.960247,8.939855e-11,0.001205655,0.006960258,False,0.007895,False
2024-07-04,CE02SHBP-LJ01D-07-VEL3DC108,10,False,,,0,0,,1.0,,,,,,,,,,,,,,,,False
2024-07-05,CE02SHBP-LJ01D-07-VEL3DC108,10,True,2024-07-05T19:09:54Z,2024-07-05T23:59:59Z,17406,17406,0,1.0,1.000361919,0.999998978,-0.071582526,0,0,0,0,0.0,4.31621,71.582526,1.049176e-10,0.004316215,0.0715826,False,0.07437,False
2024-07-06,CE02SHBP-LJ01D-07-VEL3DC108,10,True,2024-07-06T00:00:00Z,2024-07-06T23:59:59Z,86400,86400,0,1.0,1.000362873,0.999998724,0.001582898,0,0,0,0,-0.0,1.659144,8.276512,-4.74447e-10,0.001659146,0.008276523,False,0.007905,False
2024-07-07,CE02SHBP-LJ01D-07-VEL3DC108,10,True,2024-07-07T00:00:00Z,2024-07-07T23:59:59Z,86400,86400,0,1.0,1.000362873,0.99999864,0.00145808,0,0,0,0,-0.0,1.666663,8.544527,-4.997703e-10,0.001666665,0.008544539,False,0.008108,False
2024-07-08,CE02SHBP-LJ01D-07-VEL3DC108,10,True,2024-07-08T00:00:00Z,2024-07-08T23:59:59Z,86401,86401,0,1.0,1.000362873,0.999998652,0.00255381,0,0,4,4,1e-06,1.397992,7.963124,5.477519e-10,0.001397994,0.007963135,False,0.008113,False
2024-07-09,CE02SHBP-LJ01D-07-VEL3DC108,10,True,2024-07-09T00:00:00Z,2024-07-09T23:59:59Z,86400,86400,0,1.0,1.000362873,0.999998557,0.002666012,0,0,0,0,-1e-06,1.585884,8.255675,-5.062012e-10,0.001585886,0.008255687,False,0.00811,False
2024-07-10,CE02SHBP-LJ01D-07-VEL3DC108,10,True,2024-07-10T00:00:00Z,2024-07-10T23:59:59Z,86400,86400,0,1.0,1.000362873,0.999998565,0.002021002,0,0,0,0,-0.0,2.675449,9.697658,-4.664782e-10,0.002675453,0.009697672,False,0.008527,False
2024-07-11,CE02SHBP-LJ01D-07-VEL3DC108,10,True,2024-07-11T00:00:00Z,2024-07-11T23:59:59Z,85828,86400,572,1.0,1.000362873,0.999998672,0.000122638,1,572,1,572,0.0,1.609001,8.846708,2.44162e-10,0.001609003,0.00884672,False,0.208125,True
2024-07-12,CE02SHBP-LJ01D-07-VEL3DC108,10,True,2024-07-12T00:00:00Z,2024-07-12T23:59:59Z,86400,86400,0,1.0,1.000362873,0.999998522,0.001260234,0,0,0,0,-0.0,1.257622,7.354778,-4.487291e-10,0.001257624,0.007354789,False,0.008107,False
2024-07-13,CE02SHBP-LJ01D-07-VEL3DC108,10,True,2024-07-13T00:00:00Z,2024-07-13T23:59:59Z,86298,86400,102,1.0,1.000362873,0.999998715,-0.001368016,1,102,1,102,-0.0,1.580883,8.36461,-3.617103e-10,0.001580885,0.008364621,False,0.037367,True
2024-07-14,CE02SHBP-LJ01D-07-VEL3DC108,10,True,2024-07-14T00:00:00Z,2024-07-14T23:59:59Z,86400,86400,0,1.0,1.000362873,0.999998736,0.000364002,0,0,0,0,-0.0,1.524839,8.36523,-4.322327e-10,0.001524841,0.008365241,False,0.008227,False
2024-07-15,CE02SHBP-LJ01D-07-VEL3DC108,10,True,2024-07-15T00:00:00Z,2024-07-15T23:59:59Z,86400,86400,0,1.0,1.000362873,0.999998737,-0.003396512,0,0,0,0,-1e-06,1.281225,8.374736,-5.406166e-10,0.001281226,0.008374747,False,0.008889,False
2024-07-16,CE02SHBP-LJ01D-07-VEL3DC108,10,True,2024-07-16T00:00:00Z,2024-07-16T23:59:59Z,86400,86400,0,1.0,1.000362873,0.999998675,0.000768787,0,0,0,0,-0.0,1.695729,9.56705,-4.536175e-10,0.001695732,0.009567063,False,0.008231,False
2024-07-17,CE02SHBP-LJ01D-07-VEL3DC108,10,True,2024-07-17T00:00:00Z,2024-07-17T23:59:59Z,86401,86401,0,1.0,1.000362873,0.999998695,0.004057539,0,0,5,5,0.0,1.834903,9.49899,2.447847e-10,0.001834905,0.009499002,False,0.008623,False
2024-07-18,CE02SHBP-LJ01D-07-VEL3DC108,10,True,2024-07-18T00:00:00Z,2024-07-18T23:59:59Z,86400,86400,0,1.0,1.000362873,0.999998675,0.002917319,0,0,0,0,-0.0,1.32634,7.476231,-4.759186e-10,0.001326341,0.007476241,False,0.008518,False
2024-07-19,CE02SHBP-LJ01D-07-VEL3DC108,10,True,2024-07-19T00:00:00Z,2024-07-19T23:59:59Z,86400,86400,0,1.0,1.000362873,0.999998599,0.003515372,0,0,0,0,-0.0,2.029201,9.945934,-4.756535e-10,0.002029204,0.009945948,False,0.009246,False
2024-07-20,CE02SHBP-LJ01D-07-VEL3DC108,10,True,2024-07-20T00:00:00Z,2024-07-20T23:59:59Z,86400,86400,0,1.0,1.000362873,0.999998578,0.002421587,0,0,0,0,-0.0,1.822552,8.147535,-4.895177e-10,0.001822555,0.008147546,False,0.008106,False
2024-07-21,CE02SHBP-LJ01D-07-VEL3DC108,10,True,2024-07-21T00:00:00Z,2024-07-21T23:59:59Z,86400,86400,0,1.0,1.000362873,0.999998533,-0.001795411,0,0,0,0,-0.0,1.382005,7.361627,-4.650884e-10,0.001382007,0.007361638,False,0.008111,False
2024-07-22,CE02SHBP-LJ01D-07-VEL3DC108,10,True,2024-07-22T00:00:00Z,2024-07-22T23:59:59Z,86400,86400,0,1.0,1.000362873,0.999998514,0.001334017,0,0,0,0,-0.0,1.558283,8.120469,-4.674472e-10,0.001558285,0.008120481,False,0.008265,False
2024-07-23,CE02SHBP-LJ01D-07-VEL3DC108,10,True,2024-07-23T00:00:00Z,2024-07-23T23:59:59Z,86400,86400,0,1.0,1.000362873,0.999998481,0.00212797,0,0,0,0,-0.0,1.474869,8.729972,-4.740424e-10,0.001474871,0.008729985,False,0.008883,False
2024-07-24,CE02SHBP-LJ01D-07-VEL3DC108,10,True,2024-07-24T00:00:00Z,2024-07-24T23:59:59Z,86400,86400,0,1.0,1.000362873,0.999998358,0.002377853,0,0,0,0,-1e-06,1.600994,8.002044,-5.081382e-10,0.001600997,0.008002057,False,0.008261,False
2024-07-25,CE02SHBP-LJ01D-07-VEL3DC108,10,True,2024-07-25T00:00:00Z,2024-07-25T23:59:59Z,86401,86401,0,1.0,1.000362873,0.999998378,0.002903788,0,0,2,2,-0.0,3.416227,13.551635,-3.864871e-11,0.003416233,0.01355166,False,0.008893,False
2024-07-26,CE02SHBP-LJ01D-07-VEL3DC108,10,True,2024-07-26T00:00:00Z,2024-07-26T23:59:59Z,86400,86400,0,1.0,1.000362873,0.99999832,0.004785461,0,0,0,0,-0.0,2.750743,10.314608,-4.452303e-10,0.002750747,0.01031463,False,0.008531,False
2024-07-27,CE02SHBP-LJ01D-07-VEL3DC108,10,True,2024-07-27T00:00:00Z,2024-07-27T23:59:59Z,86400,86400,0,1.0,1.000362873,0.999998478,7.5979e-05,0,0,0,0,-1e-06,1.504509,7.949683,-5.161456e-10,0.001504511,0.007949695,False,0.008107,False
2024-07-28,CE02SHBP-LJ01D-07-VEL3DC108,10,True,2024-07-28T00:00:00Z,2024-07-28T23:59:59Z,86400,86400,0,1.0,1.000362873,0.999998428,-0.002163443,0,0,0,0,-0.0,1.159561,7.069573,-4.563448e-10,0.001159563,0.007069584,False,0.008113,False
2024-07-29,CE02SHBP-LJ01D-07-VEL3DC108,10,True,2024-07-29T00:00:00Z,2024-07-29T23:59:59Z,86400,86400,0,1.0,1.000362873,0.999998438,0.001090827,0,0,0,0,-1e-06,1.229675,7.255556,-5.175383e-10,0.001229677,0.007255567,False,0.008112,False
2024-07-30,CE02SHBP-LJ01D-07-VEL3DC108,10,True,2024-07-30T00:00:00Z,2024-07-30T23:59:59Z,86400,86400,0,1.0,1.000362873,0.999998402,0.000679757,0,0,0,0,-1e-06,1.369538,7.631347,-5.060284e-10,0.00136954,0.007631359,False,0.008122,False
2024-07-31,CE02SHBP-LJ01D-07-VEL3DC108,10,True,2024-07-31T00:00:00Z,2024-07-31T23:59:59Z,86400,86400,0,1.0,1.000362873,0.999998341,0.00323262,0,0,0,0,-0.0,1.585999,7.952996,-4.54259e-10,0.001586001,0.007953009,False,0.008116,False
2024-08-01,CE02SHBP-LJ01D-07-VEL3DC108,10,True,2024-08-01T00:00:00Z,2024-08-01T23:59:59Z,86401,86401,0,1.0,1.000362873,0.999998332,0.001854106,0,0,3,3,1e-06,1.275736,7.980144,6.266583e-10,0.001275738,0.007980158,False,0.008108,False
2024-08-02,CE02SHBP-LJ01D-07-VEL3DC108,10,True,2024-08-02T00:00:00Z,2024-08-02T23:59:59Z,86400,86400,0,1.0,1.000362873,0.999998307,0.00534462,0,0,0,0,-0.0,3.341524,10.489996,-4.878314e-10,0.00334153,0.01049001,False,0.008111,False
2024-08-03,CE02SHBP-LJ01D-07-VEL3DC108,10,True,2024-08-03T00:00:00Z,2024-08-03T23:59:59Z,86400,86400,0,1.0,1.000362873,0.999998413,0.005917792,0,0,0,0,-1e-06,2.219869,8.573625,-5.055025e-10,0.002219873,0.008573639,False,0.008944,False
2024-08-04,CE02SHBP-LJ01D-07-VEL3DC108,10,True,2024-08-04T00:00:00Z,2024-08-04T23:59:59Z,86400,86400,0,1.0,1.000362873,0.9999984,-0.000214388,0,0,0,0,-1e-06,1.32654,9.030548,-5.145393e-10,0.001326543,0.009030562,False,0.008106,False
2024-08-05,CE02SHBP-LJ01D-07-VEL3DC108,10,True,2024-08-05T00:00:00Z,2024-08-05T23:59:59Z,86400,86400,0,1.0,1.000362873,0.999998364,-0.000467638,0,0,0,0,-1e-06,1.189902,7.451789,-5.039762e-10,0.001189904,0.007451802,False,0.007901,False
2024-08-06,CE02SHBP-LJ01D-07-VEL3DC108,10,True,2024-08-06T00:00:00Z,2024-08-06T23:59:59Z,86400,86400,0,1.0,1.000362873,0.999998298,0.001560907,0,0,0,0,-0.0,1.174855,7.271234,-4.689159e-10,0.001174857,0.007271246,False,0.008107,False
2024-08-07,CE02SHBP-LJ01D-07-VEL3DC108,10,True,2024-08-07T00:00:00Z,2024-08-07T23:59:59Z,86400,86400,0,1.0,1.000362873,0.999998338,0.005639409,0,0,0,0,-0.0,2.0098,9.912925,-4.900659e-10,0.002009803,0.009912941,False,0.008211,False
2024-08-08,CE02SHBP-LJ01D-07-VEL3DC108,10,True,2024-08-08T00:00:00Z,2024-08-08T23:59:59Z,85784,86401,617,1.0,1.000362873,0.999998292,0.001029432,9,617,9,625,0.0,1.199597,7.453214,4.056579e-10,0.001199599,0.007453226,False,0.225869,True
2024-08-09,CE02SHBP-LJ01D-07-VEL3DC108,10,True,2024-08-09T00:00:00Z,2024-08-09T23:59:59Z,86400,86400,0,1.0,1.000362873,0.999998355,0.003496899,0,0,0,0,-1e-06,2.812824,10.208032,-5.105543e-10,0.002812829,0.01020805,False,0.008115,False
2024-08-10,CE02SHBP-LJ01D-07-VEL3DC108,10,True,2024-08-10T00:00:00Z,2024-08-10T23:59:59Z,86400,86400,0,1.0,1.000362873,0.999998319,0.001668171,0,0,0,0,-0.0,1.216797,7.374911,-4.670326e-10,0.0012168,0.007374924,False,0.008114,False
2024-08-11,CE02SHBP-LJ01D-07-VEL3DC108,10,True,2024-08-11T00:00:00Z,2024-08-11T23:59:59Z,86400,86400,0,1.0,1.000362873,0.999998326,0.000782904,0,0,0,0,-0.0,1.212584,7.231548,-4.742007e-10,0.001212586,0.00723156,False,0.00811,False
2024-08-12,CE02SHBP-LJ01D-07-VEL3DC108,10,True,2024-08-12T00:00:00Z,2024-08-12T23:59:59Z,86400,86400,0,1.0,1.000362873,0.999998332,-0.00033617,0,0,0,0,-1e-06,1.465388,7.518363,-5.547545e-10,0.001465391,0.007518375,False,0.008262,False
2024-08-13,CE02SHBP-LJ01D-07-VEL3DC108,10,True,2024-08-13T00:00:00Z,2024-08-13T23:59:59Z,85813,86400,587,1.0,1.000362873,0.999998357,0.000512204,1,587,1,587,1e-06,1.500026,7.346781,7.144929e-10,0.001500028,0.007346793,False,0.213823,True
2024-08-14,CE02SHBP-LJ01D-07-VEL3DC108,10,True,2024-08-14T00:00:00Z,2024-08-14T23:59:59Z,86400,86400,0,1.0,1.000362873,0.999998331,0.004698373,0,0,0,0,-1e-06,2.19722,9.891186,-5.201068e-10,0.002197224,0.009891202,False,0.007896,False
2024-08-15,CE02SHBP-LJ01D-07-VEL3DC108,10,True,2024-08-15T00:00:00Z,2024-08-15T20:12:51Z,72772,72772,0,1.0,1.000362873,0.999998382,0.003134455,0,0,0,0,-0.0,1.640119,7.951958,-1.132801e-10,0.001640121,0.007951971,False,0.008263,False
2024-08-16,CE02SHBP-LJ01D-07-VEL3DC108,0,False,,,0,0,,,,,,,,,,,,,,,,,,False
2024-08-17,CE02SHBP-LJ01D-07-VEL3DC108,0,False,,,0,0,,,,,,,,,,,,,,,,,,False
2024-08-18,CE02SHBP-LJ01D-07-VEL3DC108,0,False,,,0,0,,,,,,,,,,,,,,,,,,False
2024-08-19,CE02SHBP-LJ01D-07-VEL3DC108,11,True,2024-08-19T17:29:49Z,2024-08-19T23:59:59Z,23411,23411,0,1.0,1.000362396,0.999998069,-0.08133393,0,0,0,0,-0.0,1.43849,81.33393,-1.256848e-11,0.001438493,0.08133409,False,0.078563,False
2024-08-20,CE02SHBP-LJ01D-07-VEL3DC108,11,True,2024-08-20T00:00:00Z,2024-08-20T23:59:59Z,86400,86400,0,1.0,1.000362873,0.999998128,0.000791476,0,0,0,0,-0.0,1.917221,9.441435,-4.769963e-10,0.001917224,0.009441452,False,0.008224,False
2024-08-21,CE02SHBP-LJ01D-07-VEL3DC108,11,True,2024-08-21T00:00:00Z,2024-08-21T23:59:59Z,86400,86400,0,1.0,1.000362873,0.999998228,0.000557052,0,0,0,0,-1e-06,1.375182,7.65181,-5.051854e-10,0.001375184,0.007651823,False,0.008108,False
2024-08-22,CE02SHBP-LJ01D-07-VEL3DC108,11,True,2024-08-22T00:00:00Z,2024-08-22T23:59:59Z,86401,86401,0,1.0,1.000362873,0.999998725,-0.008585142,0,0,3,3,-1e-06,3.287223,13.773536,-7.210466e-10,0.003287227,0.01377355,False,0.009392,False
2024-08-23,CE02SHBP-LJ01D-07-VEL3DC108,11,True,2024-08-23T00:00:00Z,2024-08-23T23:59:59Z,86400,86400,0,1.0,1.000362873,0.999998378,0.004664168,0,0,0,0,-0.0,3.163351,10.475712,-4.727161e-10,0.003163356,0.01047573,False,0.008677,False
2024-08-24,CE02SHBP-LJ01D-07-VEL3DC108,11,True,2024-08-24T00:00:00Z,2024-08-24T23:59:59Z,86400,86400,0,1.0,1.000362873,0.999998842,-0.001880779,0,0,0,0,-0.0,1.667064,8.080387,-4.933366e-10,0.001667066,0.008080396,False,0.00811,False
2024-08-25,CE02SHBP-LJ01D-07-VEL3DC108,11,True,2024-08-25T00:00:00Z,2024-08-25T23:59:59Z,86400,86400,0,1.0,1.000362873,0.999998797,0.00201699,0,0,0,0,-0.0,1.642376,8.643045,-4.94753e-10,0.001642378,0.008643055,False,0.008268,False
2024-08-26,CE02SHBP-LJ01D-07-VEL3DC108,11,True,2024-08-26T00:00:00Z,2024-08-26T23:59:59Z,86400,86400,0,1.0,1.000362873,0.999998786,0.002261857,0,0,0,0,-1e-06,2.301007,9.4464,-5.436098e-10,0.002301009,0.009446412,False,0.008552,False
2024-08-27,CE02SHBP-LJ01D-07-VEL3DC108,11,True,2024-08-27T00:00:00Z,2024-08-27T23:59:59Z,85854,86400,546,1.0,1.000362873,0.999998819,0.001732155,1,546,1,546,0.0,2.066511,9.286653,1.543475e-10,0.002066514,0.009286664,False,0.19886,True
2024-08-28,CE02SHBP-LJ01D-07-VEL3DC108,11,True,2024-08-28T00:00:00Z,2024-08-28T23:59:59Z,86400,86400,0,1.0,1.000362873,0.999998798,0.000158943,0,0,0,0,-1e-06,1.166505,6.904968,-5.18674e-10,0.001166507,0.006904976,False,0.008267,False
2024-08-29,CE02SHBP-LJ01D-07-VEL3DC108,11,True,2024-08-29T00:00:00Z,2024-08-29T23:59:59Z,86400,86400,0,1.0,1.000362873,0.999998775,0.001349157,0,0,0,0,-1e-06,1.555751,8.492644,-5.179825e-10,0.001555753,0.008492654,False,0.008112,False
2024-08-30,CE02SHBP-LJ01D-07-VEL3DC108,11,True,2024-08-30T00:00:00Z,2024-08-30T23:59:59Z,86400,86400,0,1.0,1.000362873,0.999998853,0.006620088,0,0,0,0,-0.0,2.790642,11.943828,-4.830774e-10,0.002790646,0.01194384,False,0.008589,False
2024-08-31,CE02SHBP-LJ01D-07-VEL3DC108,11,True,2024-08-31T00:00:00Z,2024-08-31T23:59:59Z,86401,86401,0,1.0,1.000362873,0.999998796,0.001896353,0,0,2,2,0.0,1.378088,7.615188,3.738421e-10,0.00137809,0.007615198,False,0.008263,False
2024-09-01,CE02SHBP-LJ01D-07-VEL3DC108,11,True,2024-09-01T00:00:00Z,2024-09-01T23:59:59Z,86400,86400,0,1.0,1.000362873,0.999998798,0.000596026,0,0,0,0,-0.0,1.340373,7.954064,-4.903589e-10,0.001340375,0.007954073,False,0.008261,False
2024-09-02,CE02SHBP-LJ01D-07-VEL3DC108,11,True,2024-09-02T00:00:00Z,2024-09-02T23:59:59Z,86400,86400,0,1.0,1.000362873,0.999998735,0.00079134,0,0,0,0,-1e-06,1.828659,15.051664,-5.199114e-10,0.001828661,0.01505168,False,0.012285,False
2024-09-03,CE02SHBP-LJ01D-07-VEL3DC108,11,True,2024-09-03T00:00:00Z,2024-09-03T23:59:59Z,86400,86400,0,1.0,1.000362873,0.999998706,0.000170786,0,0,0,0,-0.0,1.23584,7.070198,-4.901782e-10,0.001235842,0.007070207,False,0.008111,False
2024-09-04,CE02SHBP-LJ01D-07-VEL3DC108,11,True,2024-09-04T00:00:00Z,2024-09-04T23:59:59Z,86400,86400,0,1.0,1.000362873,0.999998708,-0.000537467,0,0,0,0,-0.0,1.83099,8.580413,-4.618861e-10,0.001830993,0.008580424,False,0.007902,False
2024-09-05,CE02SHBP-LJ01D-07-VEL3DC108,11,True,2024-09-05T00:00:00Z,2024-09-05T23:59:59Z,86400,86400,0,1.0,1.000362873,0.999998732,0.001441106,0,0,0,0,-0.0,1.677191,8.069172,-4.872439e-10,0.001677193,0.008069182,False,0.008224,False
2024-09-06,CE02SHBP-LJ01D-07-VEL3DC108,11,True,2024-09-06T00:00:00Z,2024-09-06T23:59:59Z,86400,86400,0,1.0,1.000362873,0.999998705,0.000226278,0,0,0,0,-0.0,1.21059,7.924707,-4.923897e-10,0.001210591,0.007924717,False,0.008108,False
2024-09-07,CE02SHBP-LJ01D-07-VEL3DC108,11,True,2024-09-07T00:00:00Z,2024-09-07T23:59:59Z,86400,86400,0,1.0,1.000362873,0.9999987,0.001614699,0,0,0,0,-0.0,1.780527,9.2454,-4.98412e-10,0.001780529,0.009245412,False,0.00811,False
2024-09-08,CE02SHBP-LJ01D-07-VEL3DC108,11,True,2024-09-08T00:00:00Z,2024-09-08T23:59:59Z,86400,86400,0,1.0,1.000362873,0.999998647,0.00255763,0,0,0,0,-0.0,4.615551,15.775222,-4.565296e-10,0.004615557,0.01577524,False,0.008108,False
2024-09-09,CE02SHBP-LJ01D-07-VEL3DC108,11,True,2024-09-09T00:00:00Z,2024-09-09T23:59:59Z,86401,86401,0,1.0,1.000362873,0.999998642,0.001113395,0,0,7,7,0.0,1.261237,7.415315,4.518094e-10,0.001261239,0.007415325,False,0.008105,False
2024-09-10,CE02SHBP-LJ01D-07-VEL3DC108,11,True,2024-09-10T00:00:00Z,2024-09-10T23:59:59Z,86400,86400,0,1.0,1.000362873,0.999998636,0.001729453,0,0,0,0,-1e-06,1.398573,8.085446,-5.253615e-10,0.001398575,0.008085457,False,0.008111,False
2024-09-11,CE02SHBP-LJ01D-07-VEL3DC108,11,True,2024-09-11T00:00:00Z,2024-09-11T23:59:59Z,86400,86400,0,1.0,1.000362873,0.999998576,0.003798719,0,0,0,0,-0.0,1.731752,8.195346,-4.652386e-10,0.001731755,0.008195358,False,0.007904,False
2024-09-12,CE02SHBP-LJ01D-07-VEL3DC108,11,True,2024-09-12T00:00:00Z,2024-09-12T23:59:59Z,86400,86400,0,1.0,1.000362873,0.999998574,0.001447062,0,0,0,0,-0.0,1.283072,7.362746,-4.620857e-10,0.001283074,0.007362756,False,0.008108,False
2024-09-13,CE02SHBP-LJ01D-07-VEL3DC108,11,True,2024-09-13T00:00:00Z,2024-09-13T23:59:59Z,86400,86400,0,1.0,1.000362873,0.99999855,-1.8855e-05,0,0,0,0,-0.0,1.515025,8.790152,-4.474753e-10,0.001515027,0.008790165,False,0.007899,False
2024-09-14,CE02SHBP-LJ01D-07-VEL3DC108,11,True,2024-09-14T00:00:00Z,2024-09-14T23:59:59Z,86400,86400,0,1.0,1.000362873,0.999998598,-0.000323811,0,0,0,0,-0.0,1.168117,7.069182,-4.713625e-10,0.001168119,0.007069192,False,0.00811,False
2024-09-15,CE02SHBP-LJ01D-07-VEL3DC108,11,True,2024-09-15T00:00:00Z,2024-09-15T23:59:59Z,86400,86400,0,1.0,1.000362873,0.999998542,0.000974587,0,0,0,0,-1e-06,1.74156,8.396375,-5.380392e-10,0.001741562,0.008396388,False,0.008096,False
2024-09-16,CE02SHBP-LJ01D-07-VEL3DC108,11,True,2024-09-16T00:00:00Z,2024-09-16T23:59:59Z,86400,86400,0,1.0,1.000362873,0.999998581,-0.003712378,0,0,0,0,-0.0,1.600012,7.89645,-4.646318e-10,0.001600014,0.007896461,False,0.007903,False
2024-09-17,CE02SHBP-LJ01D-07-VEL3DC108,11,True,2024-09-17T00:00:00Z,2024-09-17T23:59:59Z,86400,86400,0,1.0,1.000362873,0.999998594,-0.002773207,0,0,0,0,-0.0,1.281731,7.554979,-4.839305e-10,0.001281733,0.00755499,False,0.008112,False
2024-09-18,CE02SHBP-LJ01D-07-VEL3DC108,11,True,2024-09-18T00:00:00Z,2024-09-18T01:52:16Z,6737,6737,0,1.0,1.000362873,0.99999874,-0.003353248,0,0,0,0,-0.0,1.209014,6.853049,-1.041022e-12,0.001209016,0.006853057,False,0.0079,False
2024-09-19,CE02SHBP-LJ01D-07-VEL3DC108,11,True,2024-09-19T01:08:37Z,2024-09-19T23:59:59Z,82283,82283,0,1.0,1.000362873,0.99999857,-0.073945631,0,0,0,0,0.0,1.278914,73.945631,3.571676e-10,0.001278916,0.07394574,False,0.073023,False
2024-09-20,CE02SHBP-LJ01D-07-VEL3DC108,11,True,2024-09-20T00:00:00Z,2024-09-20T23:59:59Z,86400,86400,0,1.0,1.000362873,0.999998565,0.001999086,0,0,0,0,-0.0,1.633832,9.02091,-4.955008e-10,0.001633835,0.009020923,False,0.007904,False
2024-09-21,CE02SHBP-LJ01D-07-VEL3DC108,11,True,2024-09-21T00:00:00Z,2024-09-21T23:59:59Z,86400,86400,0,1.0,1.000362873,0.999998543,0.001610485,0,0,0,0,-0.0,1.261063,7.444503,-4.768552e-10,0.001261065,0.007444514,False,0.008112,False
2024-09-22,CE02SHBP-LJ01D-07-VEL3DC108,11,True,2024-09-22T00:00:00Z,2024-09-22T23:59:59Z,86400,86400,0,1.0,1.000362873,0.999998615,1.387e-06,0,0,0,0,-0.0,1.196589,7.110296,-4.733506e-10,0.001196591,0.007110306,False,0.007906,False
2024-09-23,CE02SHBP-LJ01D-07-VEL3DC108,11,True,2024-09-23T00:00:00Z,2024-09-23T23:59:59Z,86400,86400,0,1.0,1.000362873,0.999998635,0.00129326,0,0,0,0,-0.0,1.410587,7.828822,-4.943622e-10,0.001410589,0.007828833,False,0.007905,False
2024-09-24,CE02SHBP-LJ01D-07-VEL3DC108,11,True,2024-09-24T00:00:00Z,2024-09-24T23:59:59Z,86401,86401,0,1.0,1.000362873,0.99999859,0.002865556,0,0,7,7,-1e-06,1.696771,8.808717,-6.383844e-10,0.001696773,0.008808729,False,0.007904,False
2024-09-25,CE02SHBP-LJ01D-07-VEL3DC108,11,True,2024-09-25T00:00:00Z,2024-09-25T23:59:59Z,86400,86400,0,1.0,1.000362873,0.999998603,0.001690635,0,0,0,0,-0.0,2.380168,10.330123,-4.967942e-10,0.002380171,0.01033014,False,0.007903,False
2024-09-26,CE02SHBP-LJ01D-07-VEL3DC108,11,True,2024-09-26T00:00:00Z,2024-09-26T23:59:59Z,86400,86400,0,1.0,1.000362873,0.999998563,-0.000629058,0,0,0,0,-0.0,2.038651,8.481061,-4.770137e-10,0.002038654,0.008481073,False,0.0079,False
2024-09-27,CE02SHBP-LJ01D-07-VEL3DC108,11,True,2024-09-27T00:00:00Z,2024-09-27T23:59:59Z,86400,86400,0,1.0,1.000362873,0.99999848,-0.00290025,0,0,0,0,-0.0,2.397525,9.725929,-4.43307e-10,0.002397529,0.009725944,False,0.0079,False
2024-09-28,CE02SHBP-LJ01D-07-VEL3DC108,11,True,2024-09-28T00:00:00Z,2024-09-28T23:59:59Z,86400,86400,0,1.0,1.000362873,0.999998533,0.000415196,0,0,0,0,-0.0,1.505343,9.802204,-4.846712e-10,0.001505346,0.009802218,False,0.009713,False
2024-09-29,CE02SHBP-LJ01D-07-VEL3DC108,11,True,2024-09-29T00:00:00Z,2024-09-29T23:59:59Z,86400,86400,0,1.0,1.000362873,0.999998521,0.000882824,0,0,0,0,-0.0,1.277166,7.434458,-4.559727e-10,0.001277168,0.007434469,False,0.008107,False
2024-09-30,CE02SHBP-LJ01D-07-VEL3DC108,11,True,2024-09-30T00:00:00Z,2024-09-30T23:59:59Z,86400,86400,0,1.0,1.000362873,0.999998527,0.002097094,0,0,0,0,-0.0,1.562858,8.342492,-4.486683e-10,0.00156286,0.008342505,False,0.007902,False
2024-10-01,CE02SHBP-LJ01D-07-VEL3DC108,11,True,2024-10-01T00:00:00Z,2024-10-01T23:59:59Z,86400,86400,0,1.0,1.000362873,0.999998482,0.001621513,0,0,0,0,-0.0,2.080825,9.442133,-4.59739e-10,0.002080828,0.009442147,False,0.008266,False
2024-10-02,CE02SHBP-LJ01D-07-VEL3DC108,11,True,2024-10-02T00:00:00Z,2024-10-02T23:59:59Z,86401,86401,0,1.0,1.000362873,0.999998584,0.00558167,0,0,5,5,-0.0,2.820561,10.103722,-2.455692e-10,0.002820565,0.01010374,False,0.007903,False
2024-10-03,CE02SHBP-LJ01D-07-VEL3DC108,11,True,2024-10-03T00:00:00Z,2024-10-03T23:59:59Z,84745,86400,1655,1.0,1.000362873,0.999998591,0.001411571,3,1655,3,1655,-0.0,1.788259,9.394402,-6.620715e-11,0.001788262,0.009394415,False,0.230307,True
2024-10-04,CE02SHBP-LJ01D-07-VEL3DC108,11,True,2024-10-04T00:00:00Z,2024-10-04T23:59:59Z,86400,86400,0,1.0,1.000362873,0.999998606,-0.001747722,0,0,0,0,-0.0,2.105133,9.199595,-4.947376e-10,0.002105136,0.009199608,False,0.008112,False
2024-10-05,CE02SHBP-LJ01D-07-VEL3DC108,11,True,2024-10-05T00:00:00Z,2024-10-05T23:59:59Z,86400,86400,0,1.0,1.000362873,0.999998579,-0.004042012,0,0,0,0,-1e-06,1.273262,7.322016,-5.289784e-10,0.001273264,0.007322026,False,0.00811,False
2024-10-06,CE02SHBP-LJ01D-07-VEL3DC108,11,True,2024-10-06T00:00:00Z,2024-10-06T23:59:59Z,85223,86400,1177,1.0,1.000362873,0.99999857,0.001250948,2,1177,2,1177,1e-06,1.502702,7.927103,6.323454e-10,0.001502704,0.007927115,False,0.216289,True
2024-10-07,CE02SHBP-LJ01D-07-VEL3DC108,11,True,2024-10-07T00:00:00Z,2024-10-07T23:59:59Z,86400,86400,0,1.0,1.000362873,0.999998573,0.000518008,0,0,0,0,-0.0,1.511346,8.194163,-4.510624e-10,0.001511348,0.008194175,False,0.008103,False
2024-10-08,CE02SHBP-LJ01D-07-VEL3DC108,11,True,2024-10-08T00:00:00Z,2024-10-08T23:59:59Z,86400,86400,0,1.0,1.000362873,0.999998553,0.000935407,0,0,0,0,-0.0,1.470227,8.047825,-4.599981e-10,0.001470229,0.008047837,False,0.008111,False
2024-10-09,CE02SHBP-LJ01D-07-VEL3DC108,11,True,2024-10-09T00:00:00Z,2024-10-09T23:59:59Z,86400,86400,0,1.0,1.000362873,0.999998542,0.001926181,0,0,0,0,-1e-06,1.486574,8.00814,-5.16824e-10,0.001486576,0.008008152,False,0.008262,False
2024-10-10,CE02SHBP-LJ01D-07-VEL3DC108,11,True,2024-10-10T00:00:00Z,2024-10-10T23:59:59Z,86401,86401,0,1.0,1.000362873,0.99999854,0.000997401,0,0,5,5,0.0,1.753243,8.499806,2.213042e-10,0.001753246,0.008499818,False,0.007904,False
2024-10-11,CE02SHBP-LJ01D-07-VEL3DC108,11,True,2024-10-11T00:00:00Z,2024-10-11T23:59:59Z,86400,86400,0,1.0,1.000362873,0.999998532,9.878e-06,0,0,0,0,-0.0,1.273469,7.289163,-4.842157e-10,0.001273471,0.007289174,False,0.007901,False
2024-10-12,CE02SHBP-LJ01D-07-VEL3DC108,11,True,2024-10-12T00:00:00Z,2024-10-12T23:59:59Z,86400,86400,0,1.0,1.000362873,0.99999852,3.4028e-05,0,0,0,0,-0.0,1.398618,8.22385,-4.946145e-10,0.001398621,0.008223862,False,0.008263,False
2024-10-13,CE02SHBP-LJ01D-07-VEL3DC108,11,True,2024-10-13T00:00:00Z,2024-10-13T23:59:59Z,86400,86400,0,1.0,1.000362873,0.999998472,-0.000313318,0,0,0,0,-0.0,1.591033,7.884759,-4.566524e-10,0.001591036,0.007884772,False,0.008271,False
2024-10-14,CE02SHBP-LJ01D-07-VEL3DC108,11,True,2024-10-14T00:00:00Z,2024-10-14T23:59:59Z,86400,86400,0,1.0,1.000362873,0.999998459,0.00154712,0,0,0,0,-0.0,1.323786,7.64781,-4.665085e-10,0.001323788,0.007647821,False,0.00811,False
2024-10-15,CE02SHBP-LJ01D-07-VEL3DC108,11,True,2024-10-15T00:00:00Z,2024-10-15T23:59:59Z,86400,86400,0,1.0,1.000362873,0.999998393,-0.004905466,0,0,0,0,-0.0,1.256304,7.343736,-4.604979e-10,0.001256306,0.007343748,False,0.008112,False
2024-10-16,CE02SHBP-LJ01D-07-VEL3DC108,11,True,2024-10-16T00:00:00Z,2024-10-16T23:59:59Z,86400,86400,0,1.0,1.000362873,0.999998434,0.002894687,0,0,0,0,-0.0,1.244783,7.525617,-4.968467e-10,0.001244785,0.007525629,False,0.008106,False
2024-10-17,CE02SHBP-LJ01D-07-VEL3DC108,11,True,2024-10-17T00:00:00Z,2024-10-17T23:59:59Z,86401,86401,0,1.0,1.000362873,0.999998363,0.00158935,0,0,2,2,0.0,1.431428,7.863837,3.31671e-10,0.00143143,0.007863849,False,0.008108,False
2024-10-18,CE02SHBP-LJ01D-07-VEL3DC108,11,True,2024-10-18T00:00:00Z,2024-10-18T23:59:59Z,86400,86400,0,1.0,1.000362873,0.999998427,0.0007137,0,0,0,0,-0.0,1.20577,7.149156,-4.842295e-10,0.001205772,0.007149167,False,0.008109,False
2024-10-19,CE02SHBP-LJ01D-07-VEL3DC108,11,True,2024-10-19T00:00:00Z,2024-10-19T23:59:59Z,86400,86400,0,1.0,1.000362873,0.999998387,0.000462273,0,0,0,0,-1e-06,1.375314,7.748987,-5.328274e-10,0.001375316,0.007749,False,0.007901,False
2024-10-20,CE02SHBP-LJ01D-07-VEL3DC108,11,True,2024-10-20T00:00:00Z,2024-10-20T23:59:59Z,86400,86400,0,1.0,1.000362873,0.999998325,8.9568e-05,0,0,0,0,-1e-06,1.407358,7.501899,-5.280835e-10,0.00140736,0.007501911,False,0.008107,False
2024-10-21,CE02SHBP-LJ01D-07-VEL3DC108,11,True,2024-10-21T00:00:00Z,2024-10-21T23:59:59Z,86400,86400,0,1.0,1.000362873,0.999998259,0.001280803,0,0,0,0,-0.0,1.229947,7.385702,-4.717305e-10,0.001229949,0.007385714,False,0.008259,False
2024-10-22,CE02SHBP-LJ01D-07-VEL3DC108,11,True,2024-10-22T00:00:00Z,2024-10-22T23:59:59Z,86400,86400,0,1.0,1.000362873,0.999998373,0.002257158,0,0,0,0,-0.0,1.337409,7.693148,-4.745267e-10,0.001337411,0.007693161,False,0.008111,False
2024-10-23,CE02SHBP-LJ01D-07-VEL3DC108,11,True,2024-10-23T00:00:00Z,2024-10-23T23:59:59Z,86400,86400,0,1.0,1.000362873,0.999998365,0.001526155,0,0,0,0,-0.0,1.630761,8.853816,-4.835582e-10,0.001630764,0.00885383,False,0.008264,False
2024-10-24,CE02SHBP-LJ01D-07-VEL3DC108,11,True,2024-10-24T00:00:00Z,2024-10-24T23:59:59Z,86401,86401,0,1.0,1.000362873,0.999998322,0.00117504,0,0,4,4,-1e-06,1.810819,11.581025,-8.654578e-10,0.001810822,0.01158104,False,0.009959,False
2024-10-25,CE02SHBP-LJ01D-07-VEL3DC108,11,True,2024-10-25T00:00:00Z,2024-10-25T23:59:59Z,86400,86400,0,1.0,1.000362873,0.999998347,-0.003074394,0,0,0,0,-0.0,1.691399,8.489618,-4.690351e-10,0.001691401,0.008489632,False,0.00811,False
2024-10-26,CE02SHBP-LJ01D-07-VEL3DC108,11,True,2024-10-26T00:00:00Z,2024-10-26T23:59:59Z,86400,86400,0,1.0,1.000362873,0.999998307,0.002203627,0,0,0,0,-1e-06,1.371627,7.998284,-5.097276e-10,0.001371629,0.007998298,False,0.008107,False
2024-10-27,CE02SHBP-LJ01D-07-VEL3DC108,11,True,2024-10-27T00:00:00Z,2024-10-27T23:59:59Z,86400,86400,0,1.0,1.000362873,0.999998308,0.000823197,0,0,0,0,-1e-06,1.270438,7.514212,-5.100771e-10,0.00127044,0.007514225,False,0.00811,False
2024-10-28,CE02SHBP-LJ01D-07-VEL3DC108,11,True,2024-10-28T00:00:00Z,2024-10-28T23:59:59Z,86400,86400,0,1.0,1.000362873,0.999998317,0.002317366,0,0,0,0,-0.0,1.253093,7.292188,-4.252891e-10,0.001253095,0.0072922,False,0.008109,False
2024-10-29,CE02SHBP-LJ01D-07-VEL3DC108,11,True,2024-10-29T00:00:00Z,2024-10-29T23:59:59Z,86400,86400,0,1.0,1.000362873,0.999998311,0.001700588,0,0,0,0,-1e-06,1.404319,7.621271,-5.089337e-10,0.001404321,0.007621284,False,0.008107,False
2024-10-30,CE02SHBP-LJ01D-07-VEL3DC108,11,True,2024-10-30T00:00:00Z,2024-10-30T23:59:59Z,86400,86400,0,1.0,1.000362873,0.999998198,0.002373308,0,0,0,0,-0.0,1.257432,7.334417,-4.897065e-10,0.001257434,0.00733443,False,0.008109,False
2024-10-31,CE02SHBP-LJ01D-07-VEL3DC108,11,True,2024-10-31T00:00:00Z,2024-10-31T23:59:59Z,86401,86401,0,1.0,1.000362873,0.999998226,0.000574985,0,0,1,1,0.0,1.741168,7.809694,7.012943e-11,0.001741171,0.007809708,False,0.008098,False
2024-11-01,CE02SHBP-LJ01D-07-VEL3DC108,11,True,2024-11-01T00:00:00Z,2024-11-01T23:59:59Z,86400,86400,0,1.0,1.000362873,0.999998378,-0.003175912,0,0,0,0,-0.0,3.197631,10.753998,-4.899742e-10,0.003197636,0.01075402,False,0.008108,False
2024-11-02,CE02SHBP-LJ01D-07-VEL3DC108,11,True,2024-11-02T00:00:00Z,2024-11-02T23:59:59Z,86400,86400,0,1.0,1.000362873,0.999998795,-0.006589325,0,0,0,0,-0.0,2.255829,12.587856,-4.902831e-10,0.002255832,0.01258787,False,0.00801,False
2024-11-03,CE02SHBP-LJ01D-07-VEL3DC108,11,True,2024-11-03T00:00:00Z,2024-11-03T23:59:59Z,86400,86400,0,1.0,1.000362873,0.999998805,-0.000553481,0,0,0,0,-1e-06,1.278325,7.583248,-5.121529e-10,0.001278326,0.007583257,False,0.008107,False
2024-11-04,CE02SHBP-LJ01D-07-VEL3DC108,11,True,2024-11-04T00:00:00Z,2024-11-04T23:59:59Z,86400,86400,0,1.0,1.000362873,0.999998683,0.001965261,0,0,0,0,-0.0,2.041341,9.872195,-4.608331e-10,0.002041343,0.009872208,False,0.008009,False
2024-11-05,CE02SHBP-LJ01D-07-VEL3DC108,11,True,2024-11-05T00:00:00Z,2024-11-05T23:59:59Z,86400,86400,0,1.0,1.000362873,0.999998412,0.001811017,0,0,0,0,-0.0,1.465977,7.891951,-4.699681e-10,0.001465979,0.007891963,False,0.008003,False
2024-11-06,CE02SHBP-LJ01D-07-VEL3DC108,11,True,2024-11-06T00:00:00Z,2024-11-06T23:59:59Z,86400,86400,0,1.0,1.000362873,0.999998525,0.000745627,0,0,0,0,-0.0,1.508272,8.784415,-4.632435e-10,0.001508274,0.008784428,False,0.008009,False
2024-11-07,CE02SHBP-LJ01D-07-VEL3DC108,11,True,2024-11-07T00:00:00Z,2024-11-07T23:59:59Z,86400,86400,0,1.0,1.000362873,0.999998816,-0.001214535,0,0,0,0,-0.0,1.381668,7.711287,-4.558173e-10,0.001381669,0.007711296,False,0.008007,False
2024-11-08,CE02SHBP-LJ01D-07-VEL3DC108,11,True,2024-11-08T00:00:00Z,2024-11-08T23:59:59Z,86401,86401,0,1.0,1.000362873,0.999998263,0.007607197,0,0,5,5,-0.0,3.760578,12.163784,-3.06248e-10,0.003760585,0.0121638,False,0.008112,False
2024-11-09,CE02SHBP-LJ01D-07-VEL3DC108,11,True,2024-11-09T00:00:00Z,2024-11-09T23:59:59Z,86400,86400,0,1.0,1.000362396,0.999998117,0.001163638,0,0,0,0,-0.0,1.427961,7.929588,-4.825539e-10,0.001427963,0.007929603,False,0.008109,False
2024-11-10,CE02SHBP-LJ01D-07-VEL3DC108,11,True,2024-11-10T00:00:00Z,2024-11-10T23:59:59Z,86400,86400,0,1.0,1.000362873,0.999998191,-0.001489041,0,0,0,0,-0.0,1.746417,9.100186,-4.879971e-10,0.00174642,0.009100203,False,0.00811,False
2024-11-11,CE02SHBP-LJ01D-07-VEL3DC108,11,True,2024-11-11T00:00:00Z,2024-11-11T23:59:59Z,86400,86400,0,1.0,1.000362873,0.999998663,0.000130104,0,0,0,0,-0.0,2.059034,9.885778,-4.661839e-10,0.002059036,0.009885791,False,0.008009,False
2024-11-12,CE02SHBP-LJ01D-07-VEL3DC108,11,True,2024-11-12T00:00:00Z,2024-11-12T23:59:59Z,86400,86400,0,1.0,1.000362873,0.99999849,-0.001418438,0,0,0,0,-0.0,1.313592,7.373904,-4.668397e-10,0.001313594,0.007373915,False,0.008007,False
2024-11-13,CE02SHBP-LJ01D-07-VEL3DC108,11,True,2024-11-13T00:00:00Z,2024-11-13T23:59:59Z,86400,86400,0,1.0,1.000362873,0.999998461,0.00059094,0,0,0,0,-1e-06,1.338858,8.130325,-5.006289e-10,0.00133886,0.008130338,False,0.008001,False
2024-11-14,CE02SHBP-LJ01D-07-VEL3DC108,11,True,2024-11-14T00:00:00Z,2024-11-14T23:59:59Z,86400,86400,0,1.0,1.000362873,0.999998573,-0.00623374,0,0,0,0,-0.0,2.388074,10.754945,-4.587138e-10,0.002388077,0.01075496,False,0.007897,False
2024-11-15,CE02SHBP-LJ01D-07-VEL3DC108,11,True,2024-11-15T00:00:00Z,2024-11-15T23:59:59Z,86400,86400,0,1.0,1.000362873,0.999998473,-0.00220538,0,0,0,0,-0.0,2.159521,11.730354,-4.55694e-10,0.002159524,0.01173037,False,0.009884,False
2024-11-16,CE02SHBP-LJ01D-07-VEL3DC108,11,True,2024-11-16T00:00:00Z,2024-11-16T23:59:59Z,86401,86401,0,1.0,1.000362873,0.999998569,0.002114778,0,0,3,3,-0.0,1.438722,7.533119,-3.961243e-10,0.001438724,0.00753313,False,0.007851,False
2024-11-17,CE02SHBP-LJ01D-07-VEL3DC108,11,True,2024-11-17T00:00:00Z,2024-11-17T23:59:59Z,86400,86400,0,1.0,1.000362873,0.999998413,0.000779891,0,0,0,0,-0.0,1.230104,7.324426,-4.910395e-10,0.001230106,0.007324437,False,0.007847,False
2024-11-18,CE02SHBP-LJ01D-07-VEL3DC108,11,True,2024-11-18T00:00:00Z,2024-11-18T23:59:59Z,86400,86400,0,1.0,1.000362873,0.999998389,0.002437647,0,0,0,0,-0.0,1.318593,7.713178,-4.840443e-10,0.001318595,0.00771319,False,0.008,False
2024-11-19,CE02SHBP-LJ01D-07-VEL3DC108,11,True,2024-11-19T00:00:00Z,2024-11-19T23:59:59Z,86400,86400,0,1.0,1.000362873,0.999998241,0.002234824,0,0,0,0,-0.0,1.589599,8.705584,-4.933006e-10,0.001589602,0.008705599,False,0.008003,False
2024-11-20,CE02SHBP-LJ01D-07-VEL3DC108,11,True,2024-11-20T00:00:00Z,2024-11-20T23:59:59Z,86400,86400,0,1.0,1.000362873,0.999998379,0.000177618,0,0,0,0,-0.0,1.180396,7.004334,-4.752569e-10,0.001180398,0.007004345,False,0.008001,False
2024-11-21,CE02SHBP-LJ01D-07-VEL3DC108,11,True,2024-11-21T00:00:00Z,2024-11-21T23:59:59Z,86400,86400,0,1.0,1.000362873,0.999998359,0.000487581,0,0,0,0,-1e-06,1.211385,7.050821,-5.097703e-10,0.001211387,0.007050833,False,0.0079,False
2024-11-22,CE02SHBP-LJ01D-07-VEL3DC108,11,True,2024-11-22T00:00:00Z,2024-11-22T23:59:59Z,86400,86400,0,1.0,1.000362873,0.999998372,-0.000847237,0,0,0,0,-0.0,1.591562,8.20714,-4.837979e-10,0.001591564,0.008207153,False,0.0079,False
2024-11-23,CE02SHBP-LJ01D-07-VEL3DC108,11,True,2024-11-23T00:00:00Z,2024-11-23T23:59:59Z,86401,86401,0,1.0,1.000362873,0.999998638,-0.00670742,0,0,2,2,-1e-06,3.214641,12.940176,-6.637884e-10,0.003214645,0.01294019,False,0.008522,False
2024-11-24,CE02SHBP-LJ01D-07-VEL3DC108,11,True,2024-11-24T00:00:00Z,2024-11-24T23:59:59Z,86400,86400,0,1.0,1.000362873,0.999998605,0.003292209,0,0,0,0,-0.0,2.356084,10.552146,-4.391601e-10,0.002356088,0.01055216,False,0.007992,False
2024-11-25,CE02SHBP-LJ01D-07-VEL3DC108,11,True,2024-11-25T00:00:00Z,2024-11-25T23:59:59Z,86400,86400,0,1.0,1.000362873,0.999998761,0.000800893,0,0,0,0,-1e-06,1.201303,7.561054,-5.36657e-10,0.001201305,0.007561063,False,0.007684,False
2024-11-26,CE02SHBP-LJ01D-07-VEL3DC108,11,True,2024-11-26T00:00:00Z,2024-11-26T23:59:59Z,86400,86400,0,1.0,1.000362873,0.999998577,0.004865876,0,0,0,0,-0.0,3.116289,11.627953,-4.709865e-10,0.003116293,0.01162797,False,0.007901,False
2024-11-27,CE02SHBP-LJ01D-07-VEL3DC108,11,True,2024-11-27T00:00:00Z,2024-11-27T23:59:59Z,86400,86400,0,1.0,1.000362873,0.999998267,0.000305846,0,0,0,0,-1e-06,1.307127,7.483061,-5.216302e-10,0.001307129,0.007483074,False,0.008006,False
2024-11-28,CE02SHBP-LJ01D-07-VEL3DC108,11,True,2024-11-28T00:00:00Z,2024-11-28T23:59:59Z,86400,86400,0,1.0,1.000362873,0.999998273,-0.001532436,0,0,0,0,-0.0,1.306912,7.64664,-4.681193e-10,0.001306915,0.007646653,False,0.007902,False
2024-11-29,CE02SHBP-LJ01D-07-VEL3DC108,11,True,2024-11-29T00:00:00Z,2024-11-29T23:59:59Z,86400,86400,0,1.0,1.000362873,0.999998279,-0.000727505,0,0,0,0,-0.0,1.205332,7.150488,-4.91674e-10,0.001205334,0.007150501,False,0.007999,False
2024-11-30,CE02SHBP-LJ01D-07-VEL3DC108,11,True,2024-11-30T00:00:00Z,2024-11-30T23:59:59Z,86401,86401,0,1.0,1.000362873,0.999998308,-0.000630289,0,0,1,1,1e-06,1.154213,6.875927,5.4373e-10,0.001154215,0.006875938,False,0.007998,False
2024-12-01,CE02SHBP-LJ01D-07-VEL3DC108,11,True,2024-12-01T00:00:01Z,2024-12-01T23:59:59Z,86400,86400,0,1.0,1.000362873,0.99999843,-0.003831169,0,0,0,0,-1e-06,1.796302,9.525335,-5.063851e-10,0.001796305,0.00952535,False,0.007995,False
2024-12-02,CE02SHBP-LJ01D-07-VEL3DC108,11,True,2024-12-02T00:00:00Z,2024-12-02T23:59:59Z,86400,86400,0,1.0,1.000362873,0.999998497,0.00037771,0,0,0,0,-0.0,1.390588,7.881187,-4.704776e-10,0.00139059,0.007881199,False,0.008007,False
2024-12-03,CE02SHBP-LJ01D-07-VEL3DC108,11,True,2024-12-03T00:00:00Z,2024-12-03T23:59:59Z,86400,86400,0,1.0,1.000362873,0.999998496,-0.001958627,0,0,0,0,-0.0,1.553064,8.384785,-4.729557e-10,0.001553066,0.008384798,False,0.007901,False
2024-12-04,CE02SHBP-LJ01D-07-VEL3DC108,11,True,2024-12-04T00:00:00Z,2024-12-04T23:59:59Z,86400,86400,0,1.0,1.000362873,0.999998512,0.00138898,0,0,0,0,-0.0,1.215822,7.212043,-4.682346e-10,0.001215824,0.007212054,False,0.008002,False
2024-12-05,CE02SHBP-LJ01D-07-VEL3DC108,11,True,2024-12-05T00:00:00Z,2024-12-05T23:59:59Z,86400,86400,0,1.0,1.000362873,0.999998599,-0.000683049,0,0,0,0,-0.0,1.378985,7.482215,-4.644872e-10,0.001378987,0.007482225,False,0.007749,False
2024-12-06,CE02SHBP-LJ01D-07-VEL3DC108,11,True,2024-12-06T00:00:00Z,2024-12-06T23:59:59Z,86400,86400,0,1.0,1.000362873,0.999998599,0.00116501,0,0,0,0,-0.0,1.424912,7.625042,-4.499417e-10,0.001424914,0.007625053,False,0.008013,False
2024-12-07,CE02SHBP-LJ01D-07-VEL3DC108,11,True,2024-12-07T00:00:00Z,2024-12-07T23:59:59Z,86400,86400,0,1.0,1.000362873,0.999998596,-0.000126866,0,0,0,0,-0.0,1.16608,7.238092,-4.913857e-10,0.001166082,0.007238103,False,0.008004,False
2024-12-08,CE02SHBP-LJ01D-07-VEL3DC108,11,True,2024-12-08T00:00:00Z,2024-12-08T23:59:59Z,86401,86401,0,1.0,1.000362873,0.999998615,-0.00055494,0,0,4,4,0.0,1.627192,8.115814,2.623438e-10,0.001627194,0.008115825,False,0.007748,False
2024-12-09,CE02SHBP-LJ01D-07-VEL3DC108,11,True,2024-12-09T00:00:00Z,2024-12-09T23:59:59Z,86400,86400,0,1.0,1.000362873,0.999998486,0.001946288,0,0,0,0,-1e-06,3.541842,13.213935,-5.062867e-10,0.003541847,0.01321396,False,0.008007,False
2024-12-10,CE02SHBP-LJ01D-07-VEL3DC108,11,True,2024-12-10T00:00:00Z,2024-12-10T23:59:59Z,86400,86400,0,1.0,1.000362873,0.999998416,-0.001318837,0,0,0,0,-0.0,1.928423,8.930241,-4.654052e-10,0.001928426,0.008930255,False,0.008004,False
2024-12-11,CE02SHBP-LJ01D-07-VEL3DC108,11,True,2024-12-11T00:00:00Z,2024-12-11T14:35:26Z,52527,52527,0,1.0,1.000362873,0.999998623,0.000780361,0,0,0,0,0.0,1.213867,7.030489,4.16308e-10,0.001213868,0.007030499,False,0.007787,False
2024-12-12,CE02SHBP-LJ01D-07-VEL3DC108,11,True,2024-12-12T03:39:45Z,2024-12-12T23:59:59Z,73215,73215,0,1.0,1.000362396,0.999998145,-0.068198225,0,0,0,0,0.0,1.683853,68.198225,8.144875e-11,0.001683856,0.06819835,False,0.074406,False
2024-12-13,CE02SHBP-LJ01D-07-VEL3DC108,11,True,2024-12-13T00:00:00Z,2024-12-13T23:59:59Z,86400,86400,0,1.0,1.000362873,0.999998396,-0.001704971,0,0,0,0,-0.0,2.954407,11.536545,-4.974198e-10,0.002954412,0.01153656,False,0.008153,False
2024-12-14,CE02SHBP-LJ01D-07-VEL3DC108,11,True,2024-12-14T00:00:00Z,2024-12-14T23:59:59Z,53504,86388,32884,1.0,1.000362873,1.00009548,-2.106854303,1,32884,1,32884,0.0,2005.748585,6260.820324,2.150025e-10,2.005557,6.260223,True,0.266764,True
2024-12-15,CE02SHBP-LJ01D-07-VEL3DC108,11,True,2024-12-15T00:00:00Z,2024-12-15T23:59:59Z,86400,86400,0,1.0,1.000362873,0.999998521,0.00076347,0,0,0,0,-0.0,1.979324,8.874432,-4.892193e-10,0.001979327,0.008874445,False,0.007903,False
2024-12-16,CE02SHBP-LJ01D-07-VEL3DC108,11,True,2024-12-16T00:00:00Z,2024-12-16T23:59:59Z,86400,86400,0,1.0,1.000362873,0.999998497,-0.000938381,0,0,1,1,0.0,1.364755,19.261928,2.787563e-10,0.001364757,0.01926196,False,0.018384,False
2024-12-17,CE02SHBP-LJ01D-07-VEL3DC108,11,True,2024-12-17T00:00:00Z,2024-12-17T23:59:59Z,86401,86401,0,1.0,1.000362873,0.99999838,0.002512792,0,0,4,4,0.0,1.721492,8.288256,7.41285e-11,0.001721495,0.00828827,False,0.008002,False
2024-12-18,CE02SHBP-LJ01D-07-VEL3DC108,11,True,2024-12-18T00:00:00Z,2024-12-18T23:59:59Z,86400,86400,0,1.0,1.000362873,0.999998383,-0.001638877,0,0,0,0,-0.0,1.50336,8.910926,-4.504521e-10,0.001503362,0.00891094,False,0.007896,False
2024-12-19,CE02SHBP-LJ01D-07-VEL3DC108,11,True,2024-12-19T00:00:00Z,2024-12-19T23:59:59Z,86400,86400,0,1.0,1.000362873,0.999998357,-0.000767088,0,0,0,0,-0.0,1.31045,7.609562,-4.909375e-10,0.001310452,0.007609575,False,0.0079,False
2024-12-20,CE02SHBP-LJ01D-07-VEL3DC108,11,True,2024-12-20T00:00:00Z,2024-12-20T23:59:59Z,86400,86400,0,1.0,1.000362873,0.999998336,0.000754509,0,0,0,0,-1e-06,1.397156,8.123782,-5.285798e-10,0.001397158,0.008123796,False,0.0079,False
2024-12-21,CE02SHBP-LJ01D-07-VEL3DC108,11,True,2024-12-21T00:00:00Z,2024-12-21T23:59:59Z,86400,86400,0,1.0,1.000362873,0.999998365,-0.000541162,0,0,0,0,-1e-06,1.241282,7.727289,-5.260729e-10,0.001241284,0.007727302,False,0.007897,False
2024-12-22,CE02SHBP-LJ01D-07-VEL3DC108,11,True,2024-12-22T00:00:00Z,2024-12-22T23:59:59Z,86400,86400,0,1.0,1.000362873,0.999998395,-4.9008e-05,0,0,0,0,-0.0,1.64831,8.02913,-4.645036e-10,0.001648312,0.008029143,False,0.0079,False
2024-12-23,CE02SHBP-LJ01D-07-VEL3DC108,11,True,2024-12-23T00:00:00Z,2024-12-23T23:59:59Z,86400,86400,0,1.0,1.000362873,0.999998345,8.3058e-05,0,0,0,0,-0.0,1.354555,7.509151,-4.699728e-10,0.001354558,0.007509163,False,0.007996,False
2024-12-24,CE02SHBP-LJ01D-07-VEL3DC108,11,True,2024-12-24T00:00:00Z,2024-12-24T23:59:59Z,86401,86401,0,1.0,1.000362873,0.999998344,0.003452219,0,0,7,7,0.0,2.075224,9.435125,4.034251e-10,0.002075228,0.009435141,False,0.007891,False
2024-12-25,CE02SHBP-LJ01D-07-VEL3DC108,11,True,2024-12-25T00:00:00Z,2024-12-25T23:59:59Z,86400,86400,0,1.0,1.000362873,0.999998362,-0.000692464,0,0,0,0,-0.0,1.324599,7.276267,-4.706005e-10,0.001324601,0.007276279,False,0.007744,False
2024-12-26,CE02SHBP-LJ01D-07-VEL3DC108,11,True,2024-12-26T00:00:00Z,2024-12-26T23:59:59Z,86400,86400,0,1.0,1.000362873,0.99999837,0.000626462,0,0,0,0,-0.0,1.254283,7.488852,-4.906038e-10,0.001254285,0.007488864,False,0.007488,False
2024-12-27,CE02SHBP-LJ01D-07-VEL3DC108,11,True,2024-12-27T00:00:00Z,2024-12-27T23:59:59Z,86400,86400,0,1.0,1.000362873,0.999998337,0.000479627,0,0,0,0,-1e-06,1.77603,8.619584,-5.259432e-10,0.001776033,0.008619599,False,0.007994,False
2024-12-28,CE02SHBP-LJ01D-07-VEL3DC108,11,True,2024-12-28T00:00:00Z,2024-12-28T23:59:59Z,86400,86400,0,1.0,1.000362873,0.999998303,-0.000989274,0,0,0,0,-0.0,1.376915,7.530739,-4.866129e-10,0.001376917,0.007530751,False,0.007997,False
2024-12-29,CE02SHBP-LJ01D-07-VEL3DC108,11,True,2024-12-29T00:00:00Z,2024-12-29T23:59:59Z,86400,86400,0,1.0,1.000362873,0.99999833,0.000649995,0,0,0,0,-0.0,1.167372,7.423428,-4.57409e-10,0.001167374,0.00742344,False,0.007901,False
2024-12-30,CE02SHBP-LJ01D-07-VEL3DC108,11,True,2024-12-30T00:00:00Z,2024-12-30T23:59:59Z,86400,86400,0,1.0,1.000362873,0.99999834,0.001178102,0,0,0,0,-0.0,1.276734,6.926466,-4.495812e-10,0.001276736,0.006926477,False,0.007897,False
2024-12-31,CE02SHBP-LJ01D-07-VEL3DC108,11,True,2024-12-31T00:00:00Z,2024-12-31T23:59:59Z,86401,86401,0,1.0,1.000362873,0.999998325,0.000468656,0,0,5,5,-0.0,1.400601,7.691992,-1.795401e-10,0.001400604,0.007692005,False,0.008004,False
2025-01-01,CE02SHBP-LJ01D-07-VEL3DC108,11,True,2025-01-01T00:00:00Z,2025-01-01T23:59:59Z,86400,86400,0,1.0,1.000362873,0.999998347,0.001529063,0,0,0,0,-0.0,1.793993,8.758037,-4.539723e-10,0.001793996,0.008758051,False,0.007902,False
2025-01-02,CE02SHBP-LJ01D-07-VEL3DC108,11,True,2025-01-02T00:00:00Z,2025-01-02T23:59:59Z,86400,86400,0,1.0,1.000362873,0.999998376,0.005580521,0,0,0,0,-0.0,1.346321,7.402181,-4.641568e-10,0.001346323,0.007402193,False,0.007749,False
2025-01-03,CE02SHBP-LJ01D-07-VEL3DC108,11,True,2025-01-03T00:00:00Z,2025-01-03T23:59:59Z,86400,86400,0,1.0,1.000362873,0.999998394,0.000843446,0,0,0,0,-0.0,1.417518,7.805011,-4.917214e-10,0.00141752,0.007805023,False,0.007742,False
2025-01-04,CE02SHBP-LJ01D-07-VEL3DC108,11,True,2025-01-04T00:00:00Z,2025-01-04T23:59:59Z,86400,86400,0,1.0,1.000362873,0.999998378,0.003271022,0,0,0,0,-1e-06,1.209396,7.094672,-5.088643e-10,0.001209398,0.007094684,False,0.008002,False
2025-01-05,CE02SHBP-LJ01D-07-VEL3DC108,11,True,2025-01-05T00:00:00Z,2025-01-05T23:59:59Z,86400,86400,0,1.0,1.000362873,0.999998375,2.8434e-05,0,0,0,0,-1e-06,1.520655,8.138181,-5.208122e-10,0.001520657,0.008138194,False,0.007743,False
2025-01-06,CE02SHBP-LJ01D-07-VEL3DC108,11,True,2025-01-06T00:00:00Z,2025-01-06T23:59:59Z,86400,86400,0,1.0,1.000362873,0.99999833,0.001567706,0,0,0,0,-0.0,1.550973,7.854345,-4.242623e-10,0.001550975,0.007854358,False,0.007746,False
2025-01-07,CE02SHBP-LJ01D-07-VEL3DC108,11,True,2025-01-07T00:00:00Z,2025-01-07T23:59:59Z,86401,86401,0,1.0,1.000362873,0.999998416,4.5221e-05,0,0,4,4,-0.0,1.508282,9.341253,-5.290866e-11,0.001508284,0.009341267,False,0.00827,False
2025-01-08,CE02SHBP-LJ01D-07-VEL3DC108,11,True,2025-01-08T00:00:00Z,2025-01-08T23:59:59Z,85385,86400,1015,1.0,1.000362873,0.99999843,-0.003411855,1,1015,1,1015,-0.0,2.173696,10.109451,-2.222034e-11,0.0021737,0.01010947,False,0.370142,True
2025-01-09,CE02SHBP-LJ01D-07-VEL3DC108,11,True,2025-01-09T00:00:00Z,2025-01-09T23:59:59Z,86400,86400,0,1.0,1.000362873,0.999998338,0.004140738,0,0,0,0,-1e-06,2.502141,10.558723,-5.258336e-10,0.002502146,0.01055874,False,0.007742,False
2025-01-10,CE02SHBP-LJ01D-07-VEL3DC108,11,True,2025-01-10T00:00:00Z,2025-01-10T23:59:59Z,86400,86400,0,1.0,1.000362873,0.99999844,-0.002809013,0,0,0,0,-0.0,1.809401,8.874221,-4.588891e-10,0.001809403,0.008874235,False,0.007846,False
2025-01-11,CE02SHBP-LJ01D-07-VEL3DC108,11,True,2025-01-11T00:00:00Z,2025-01-11T23:59:59Z,86400,86400,0,1.0,1.000362873,0.999998443,0.001791269,0,0,0,0,-0.0,1.316202,7.294185,-4.97724e-10,0.001316204,0.007294196,False,0.007854,False
2025-01-12,CE02SHBP-LJ01D-07-VEL3DC108,11,True,2025-01-12T00:00:00Z,2025-01-12T23:59:59Z,86400,86400,0,1.0,1.000362873,0.999998353,-0.000496215,0,0,0,0,-0.0,1.833703,9.653836,-4.921128e-10,0.001833706,0.009653852,False,0.008006,False
2025-01-13,CE02SHBP-LJ01D-07-VEL3DC108,11,True,2025-01-13T00:00:00Z,2025-01-13T23:59:59Z,86400,86400,0,1.0,1.000362873,0.999998536,2.5679e-05,0,0,0,0,-0.0,1.768653,9.442742,-4.982612e-10,0.001768656,0.009442756,False,0.008002,False
2025-01-14,CE02SHBP-LJ01D-07-VEL3DC108,11,True,2025-01-14T00:00:00Z,2025-01-14T23:59:59Z,86401,86401,0,1.0,1.000362873,0.999998434,0.000497728,0,0,3,3,0.0,1.40601,8.451764,2.213451e-10,0.001406012,0.008451777,False,0.007798,False
2025-01-15,CE02SHBP-LJ01D-07-VEL3DC108,11,True,2025-01-15T00:00:00Z,2025-01-15T23:59:59Z,86400,86400,0,1.0,1.000362873,0.999998434,-0.000593577,0,0,0,0,-1e-06,2.55694,11.073302,-5.023897e-10,0.002556944,0.01107332,False,0.008161,False
2025-01-16,CE02SHBP-LJ01D-07-VEL3DC108,11,True,2025-01-16T00:00:00Z,2025-01-16T23:59:59Z,86400,86400,0,1.0,1.000362873,0.999998457,0.000360053,0,0,0,0,-0.0,2.091474,10.021666,-4.699408e-10,0.002091477,0.01002168,False,0.00811,False
2025-01-17,CE02SHBP-LJ01D-07-VEL3DC108,11,True,2025-01-17T00:00:00Z,2025-01-17T23:59:59Z,86400,86400,0,1.0,1.000362873,0.999998327,0.001233767,0,0,0,0,-0.0,1.537224,7.837313,-4.821905e-10,0.001537226,0.007837326,False,0.00811,False
2025-01-18,CE02SHBP-LJ01D-07-VEL3DC108,11,True,2025-01-18T00:00:00Z,2025-01-18T23:59:59Z,86400,86400,0,1.0,1.000362873,0.9999987,-0.001632971,0,0,0,0,-1e-06,1.878335,9.155775,-5.068421e-10,0.001878338,0.009155787,False,0.008107,False
2025-01-19,CE02SHBP-LJ01D-07-VEL3DC108,11,True,2025-01-19T00:00:00Z,2025-01-19T23:59:59Z,86400,86400,0,1.0,1.000362873,0.999998541,-0.009334814,0,0,0,0,-0.0,3.764399,15.487371,-4.094009e-10,0.003764404,0.01548739,False,0.00786,False
2025-01-20,CE02SHBP-LJ01D-07-VEL3DC108,11,True,2025-01-20T00:00:00Z,2025-01-20T23:59:59Z,86400,86400,0,1.0,1.000362873,0.999998673,0.001995903,0,0,0,0,-1e-06,1.970856,9.666815,-5.081179e-10,0.001970858,0.009666828,False,0.008158,False
2025-01-21,CE02SHBP-LJ01D-07-VEL3DC108,11,True,2025-01-21T00:00:00Z,2025-01-21T23:59:59Z,86400,86400,0,1.0,1.000362873,0.999998621,-0.001548674,0,0,0,0,-0.0,2.190129,10.431039,-4.466014e-10,0.002190132,0.01043105,False,0.008007,False
2025-01-22,CE02SHBP-LJ01D-07-VEL3DC108,11,True,2025-01-22T00:00:00Z,2025-01-22T23:59:59Z,86401,86401,0,1.0,1.000362873,0.999998625,-0.004021414,0,0,7,7,-1e-06,2.367333,10.026594,-1.133084e-09,0.002367336,0.01002661,False,0.008009,False
2025-01-23,CE02SHBP-LJ01D-07-VEL3DC108,11,True,2025-01-23T00:00:00Z,2025-01-23T23:59:59Z,86400,86400,0,1.0,1.000362873,0.999998331,-0.003843076,0,0,0,0,-1e-06,2.105394,10.909357,-5.09885e-10,0.002105398,0.01090938,False,0.008008,False
2025-01-24,CE02SHBP-LJ01D-07-VEL3DC108,11,True,2025-01-24T00:00:00Z,2025-01-24T23:59:59Z,85221,86400,1179,1.0,1.000362873,0.999998582,-0.00246734,3,1179,3,1179,0.0,1.55036,9.234364,1.988468e-10,0.001550362,0.009234377,False,0.233563,True
2025-01-25,CE02SHBP-LJ01D-07-VEL3DC108,11,True,2025-01-25T00:00:00Z,2025-01-25T23:59:59Z,84485,86400,1915,1.0,1.000362873,0.999998739,-0.002486868,53,1915,53,1915,0.0,2.040406,8.925839,1.147574e-10,0.002040409,0.00892585,False,0.062661,True
2025-01-26,CE02SHBP-LJ01D-07-VEL3DC108,11,True,2025-01-26T00:00:00Z,2025-01-26T23:59:59Z,86400,86400,0,1.0,1.000362873,0.999998588,0.0042222,0,0,0,0,-0.0,3.518774,12.795156,-4.850171e-10,0.003518779,0.01279517,False,0.008486,False
2025-01-27,CE02SHBP-LJ01D-07-VEL3DC108,11,True,2025-01-27T00:00:00Z,2025-01-27T23:59:59Z,86400,86400,0,1.0,1.000362873,0.999998438,-0.003132518,0,0,0,0,-1e-06,3.273362,11.580937,-5.047148e-10,0.003273367,0.01158096,False,0.008114,False
2025-01-28,CE02SHBP-LJ01D-07-VEL3DC108,11,True,2025-01-28T00:00:00Z,2025-01-28T23:59:59Z,86400,86400,0,1.0,1.000362873,0.99999879,-0.004202863,0,0,0,0,-1e-06,1.600125,10.23045,-5.006037e-10,0.001600126,0.01023046,False,0.008009,False
2025-01-29,CE02SHBP-LJ01D-07-VEL3DC108,11,True,2025-01-29T00:00:00Z,2025-01-29T20:24:34Z,73475,73475,0,1.0,1.000362873,0.999998556,0.00106169,0,0,0,0,0.0,1.965564,9.733952,3.112577e-10,0.001965567,0.009733966,False,0.008109,False
2025-01-30,CE02SHBP-LJ01D-07-VEL3DC108,11,True,2025-01-30T02:58:01Z,2025-01-30T23:59:59Z,75619,75720,101,1.0,1.000362873,0.999998254,0.002595485,8,101,8,108,-0.0,2.00872,10.092477,-2.069025e-10,0.002008724,0.01009249,False,0.037588,True
2025-01-31,CE02SHBP-LJ01D-07-VEL3DC108,11,True,2025-01-31T00:00:00Z,2025-01-31T23:59:59Z,30811,86380,55569,1.0,1.000362396,1.000259373,0.678263705,1,55569,1,55569,-0.0,1911.53474,3653.39686,-2.227828e-10,1.911039,3.65245,True,0.23561,True
2025-02-01,CE02SHBP-LJ01D-07-VEL3DC108,11,True,2025-02-01T00:00:00Z,2025-02-01T23:59:59Z,86400,86400,0,1.0,1.000362396,0.999998147,0.006094041,0,0,0,0,-1e-06,3.411118,10.853929,-5.205024e-10,0.003411124,0.01085395,False,0.010939,False
2025-02-02,CE02SHBP-LJ01D-07-VEL3DC108,11,True,2025-02-02T00:00:00Z,2025-02-02T23:59:59Z,86400,86400,0,1.0,1.000362396,0.999998195,0.007618162,0,0,0,0,-0.0,3.654637,12.584426,-4.692448e-10,0.003654643,0.01258445,False,0.008523,False
2025-02-03,CE02SHBP-LJ01D-07-VEL3DC108,11,True,2025-02-03T00:00:00Z,2025-02-03T23:59:59Z,86400,86400,0,1.0,1.000362396,0.999998177,-0.005158738,0,0,0,0,-0.0,4.719069,27.669393,-4.656646e-10,0.004719077,0.02766944,False,0.028908,False
2025-02-04,CE02SHBP-LJ01D-07-VEL3DC108,11,True,2025-02-04T00:00:00Z,2025-02-04T23:59:59Z,86400,86400,0,1.0,1.000362873,0.999998376,-0.001379117,0,0,0,0,-0.0,4.614001,27.414427,-4.262445e-10,0.004614008,0.02741447,False,0.026085,False
2025-02-05,CE02SHBP-LJ01D-07-VEL3DC108,11,True,2025-02-05T00:00:00Z,2025-02-05T23:59:59Z,86401,86401,0,1.0,1.000362873,0.999998446,0.004507978,0,0,4,4,0.0,5.656531,45.70707,3.760957e-10,0.00565654,0.04570714,False,0.044455,False
2025-02-06,CE02SHBP-LJ01D-07-VEL3DC108,11,True,2025-02-06T00:00:00Z,2025-02-06T23:59:59Z,86400,86400,0,1.0,1.000362396,0.999998191,-0.002947895,0,0,0,0,-0.0,3.986642,27.777411,-4.602925e-10,0.003986649,0.02777746,False,0.027521,False
2025-02-07,CE02SHBP-LJ01D-07-VEL3DC108,11,True,2025-02-07T00:00:00Z,2025-02-07T23:59:59Z,86400,86400,0,1.0,1.000362396,0.999998217,-0.003930863,0,0,0,0,-0.0,5.138279,30.282552,-4.878067e-10,0.005138288,0.03028261,False,0.029052,False
2025-02-08,CE02SHBP-LJ01D-07-VEL3DC108,11,True,2025-02-08T00:00:00Z,2025-02-08T23:59:59Z,86400,86400,0,1.0,1.000361919,0.999998186,-0.009908305,0,0,0,0,-1e-06,5.365235,27.416055,-5.144298e-10,0.005365244,0.02741611,False,0.027836,False
2025-02-09,CE02SHBP-LJ01D-07-VEL3DC108,11,True,2025-02-09T00:00:00Z,2025-02-09T23:59:59Z,86400,86400,0,1.0,1.000361919,0.999998184,0.003489989,0,0,0,0,-0.0,4.691107,30.09207,-4.561846e-10,0.004691116,0.03009212,False,0.028413,False
2025-02-10,CE02SHBP-LJ01D-07-VEL3DC108,11,True,2025-02-10T00:00:00Z,2025-02-10T23:59:59Z,86400,86400,0,1.0,1.000361919,0.999998126,-0.004565403,0,0,0,0,-0.0,4.4307,16.860202,-4.669581e-10,0.004430708,0.01686023,False,0.013915,False
2025-02-11,CE02SHBP-LJ01D-07-VEL3DC108,11,True,2025-02-11T00:00:00Z,2025-02-11T23:59:59Z,86400,86400,0,1.0,1.000362396,0.999998175,0.000646513,0,0,1,1,1e-06,4.996659,26.663208,5.627837e-10,0.004996668,0.02666326,False,0.034188,False
2025-02-12,CE02SHBP-LJ01D-07-VEL3DC108,11,True,2025-02-12T00:00:00Z,2025-02-12T23:59:59Z,86401,86401,0,1.0,1.000362873,0.999998876,-0.001802947,0,0,6,6,0.0,14.807904,89.812817,3.001796e-10,0.01480792,0.08981292,False,0.090888,False
2025-02-13,CE02SHBP-LJ01D-07-VEL3DC108,11,True,2025-02-13T00:00:00Z,2025-02-13T23:59:59Z,86400,86400,0,1.0,1.000362873,0.999998845,0.000764886,0,0,0,0,-1e-06,3.553846,26.241761,-5.264419e-10,0.00355385,0.02624179,False,0.029104,False
2025-02-14,CE02SHBP-LJ01D-07-VEL3DC108,11,True,2025-02-14T00:00:00Z,2025-02-14T23:59:59Z,86400,86400,0,1.0,1.000362873,0.999998845,-0.003086569,0,0,0,0,-1e-06,4.154178,28.034708,-5.410242e-10,0.004154182,0.02803474,False,0.029013,False
2025-02-15,CE02SHBP-LJ01D-07-VEL3DC108,11,True,2025-02-15T00:00:00Z,2025-02-15T23:59:59Z,86400,86400,0,1.0,1.000362873,0.999998894,-0.005104655,0,0,0,0,-0.0,7.813363,33.940638,-4.786333e-10,0.007813372,0.03394068,False,0.035845,False
2025-02-16,CE02SHBP-LJ01D-07-VEL3DC108,11,True,2025-02-16T00:00:00Z,2025-02-16T23:59:59Z,86400,86400,0,1.0,1.000362873,0.999998818,-0.002438085,0,0,0,0,-0.0,5.665204,30.390971,-4.776385e-10,0.005665211,0.03039101,False,0.029873,False
2025-02-17,CE02SHBP-LJ01D-07-VEL3DC108,11,True,2025-02-17T00:00:00Z,2025-02-17T23:59:59Z,86400,86400,0,1.0,1.000362873,0.999998696,-0.003499188,0,0,0,0,-0.0,4.986952,30.476819,-4.675603e-10,0.004986959,0.03047686,False,0.027345,False
2025-02-18,CE02SHBP-LJ01D-07-VEL3DC108,11,True,2025-02-18T00:00:00Z,2025-02-18T23:59:59Z,86400,86400,0,1.0,1.000362873,0.999998741,0.004821768,0,0,0,0,-0.0,4.941914,29.732042,-4.303776e-10,0.00494192,0.02973208,False,0.027616,False
2025-02-19,CE02SHBP-LJ01D-07-VEL3DC108,11,True,2025-02-19T00:00:00Z,2025-02-19T23:59:59Z,86400,86400,0,1.0,1.000362873,0.99999875,-0.004918875,0,0,0,0,-0.0,4.819577,29.480067,-4.365258e-10,0.004819583,0.0294801,False,0.031501,False
2025-02-20,CE02SHBP-LJ01D-07-VEL3DC108,11,True,2025-02-20T00:00:00Z,2025-02-20T23:59:59Z,86400,86400,0,1.0,1.000362873,0.999998713,-0.001312144,0,0,0,0,-1e-06,6.32872,31.324358,-5.220396e-10,0.006328728,0.0313244,False,0.030617,False
2025-02-21,CE02SHBP-LJ01D-07-VEL3DC108,11,True,2025-02-21T00:00:00Z,2025-02-21T23:59:59Z,86401,86401,0,1.0,1.000362873,0.999998719,0.001129912,0,0,5,5,0.0,6.643008,37.925394,1.699255e-10,0.006643016,0.03792544,False,0.037403,False
2025-02-22,CE02SHBP-LJ01D-07-VEL3DC108,11,True,2025-02-22T00:00:00Z,2025-02-22T23:59:59Z,86400,86400,0,1.0,1.000362873,0.99999872,-0.003369225,0,0,0,0,-0.0,5.436873,31.694433,-4.882536e-10,0.00543688,0.03169447,False,0.034597,False
2025-02-23,CE02SHBP-LJ01D-07-VEL3DC108,11,True,2025-02-23T00:00:00Z,2025-02-23T23:59:59Z,86400,86400,0,1.0,1.000362873,0.999998469,0.003304656,0,0,0,0,-0.0,4.636948,25.012612,-4.860518e-10,0.004636955,0.02501265,False,0.028527,False
2025-02-24,CE02SHBP-LJ01D-07-VEL3DC108,11,True,2025-02-24T00:00:00Z,2025-02-24T23:59:59Z,86400,86400,0,1.0,1.000362873,0.999998319,-0.002787541,0,0,0,0,-0.0,5.616184,30.745962,-4.999171e-10,0.005616194,0.03074601,False,0.029808,False
2025-02-25,CE02SHBP-LJ01D-07-VEL3DC108,11,True,2025-02-25T00:00:00Z,2025-02-25T23:59:59Z,86400,86400,0,1.0,1.000362873,0.999998529,0.002988965,0,0,0,0,-0.0,5.431929,24.501951,-4.720527e-10,0.005431937,0.02450199,False,0.028702,False
2025-02-26,CE02SHBP-LJ01D-07-VEL3DC108,11,True,2025-02-26T00:00:00Z,2025-02-26T23:59:59Z,86400,86400,0,1.0,1.000362873,0.999998264,0.013889265,0,0,0,0,-1e-06,6.309285,25.586763,-5.048996e-10,0.006309296,0.02558681,False,0.028299,False
2025-02-27,CE02SHBP-LJ01D-07-VEL3DC108,11,True,2025-02-27T00:00:00Z,2025-02-27T23:59:59Z,86400,86400,0,1.0,1.000361919,0.999998237,-0.005077576,0,0,0,0,-1e-06,7.722527,30.623252,-5.133233e-10,0.007722541,0.03062331,False,0.029363,False
2025-02-28,CE02SHBP-LJ01D-07-VEL3DC108,11,True,2025-02-28T00:00:00Z,2025-02-28T23:59:59Z,86400,86400,0,1.0,1.000362873,0.999998286,0.001657934,0,0,0,0,-0.0,9.100141,88.634942,-4.470953e-10,0.009100156,0.08863509,False,0.09027,False
2025-03-01,CE02SHBP-LJ01D-07-VEL3DC108,11,True,2025-03-01T00:00:00Z,2025-03-01T23:59:59Z,86401,86401,0,1.0,1.000362873,0.999998388,0.000439546,0,0,1,1,0.0,11.428125,86.296689,1.681431e-10,0.01142814,0.08629683,False,0.08156,False
2025-03-02,CE02SHBP-LJ01D-07-VEL3DC108,11,True,2025-03-02T00:00:00Z,2025-03-02T23:59:59Z,86400,86400,0,1.0,1.000362396,0.99999845,-0.00016502,0,0,0,0,-0.0,8.870243,34.065896,-4.490658e-10,0.008870257,0.03406595,False,0.033578,False
2025-03-03,CE02SHBP-LJ01D-07-VEL3DC108,11,True,2025-03-03T00:00:00Z,2025-03-03T23:59:59Z,86400,86400,0,1.0,1.000362873,0.999998478,-0.000630645,0,0,0,0,-0.0,9.767447,86.35249,-4.277462e-10,0.009767462,0.08635262,False,0.088364,False
2025-03-04,CE02SHBP-LJ01D-07-VEL3DC108,11,True,2025-03-04T00:00:00Z,2025-03-04T23:59:59Z,86400,86400,0,1.0,1.000362873,0.999998422,-0.001824106,0,0,0,0,-1e-06,6.570385,42.25839,-5.28419e-10,0.006570395,0.04225846,False,0.04026,False
2025-03-05,CE02SHBP-LJ01D-07-VEL3DC108,11,True,2025-03-05T00:00:00Z,2025-03-05T23:59:59Z,86400,86400,0,1.0,1.000362873,0.999998438,0.009827474,0,0,0,0,-0.0,6.267375,17.993083,-4.628622e-10,0.006267385,0.01799311,False,0.011918,False
2025-03-06,CE02SHBP-LJ01D-07-VEL3DC108,11,True,2025-03-06T00:00:00Z,2025-03-06T23:59:59Z,86400,86400,0,1.0,1.000362873,0.999998527,-0.001252257,0,0,0,0,-1e-06,8.033081,88.159523,-5.085941e-10,0.008033093,0.08815965,False,0.089999,False
2025-03-07,CE02SHBP-LJ01D-07-VEL3DC108,11,True,2025-03-07T00:00:00Z,2025-03-07T23:59:59Z,86400,86400,0,1.0,1.000362873,0.999998598,0.005058801,0,0,0,0,-1e-06,6.381278,20.447788,-5.196932e-10,0.006381287,0.02044782,False,0.010744,False
2025-03-08,CE02SHBP-LJ01D-07-VEL3DC108,11,True,2025-03-08T00:00:00Z,2025-03-08T23:59:59Z,86401,86401,0,1.0,1.000362873,0.999998444,0.003614169,0,0,5,5,-0.0,5.492272,29.376479,-1.994624e-10,0.00549228,0.02937652,False,0.028707,False
2025-03-09,CE02SHBP-LJ01D-07-VEL3DC108,11,True,2025-03-09T00:00:00Z,2025-03-09T23:59:59Z,86400,86400,0,1.0,1.000362873,0.999998527,-0.003447851,0,0,0,0,-0.0,4.904617,31.010801,-4.464555e-10,0.004904624,0.03101085,False,0.029006,False
2025-03-10,CE02SHBP-LJ01D-07-VEL3DC108,11,True,2025-03-10T00:00:00Z,2025-03-10T23:59:59Z,86400,86400,0,1.0,1.000362873,0.999998871,-0.002327779,0,0,0,0,-1e-06,5.342567,42.739719,-5.155305e-10,0.005342573,0.04273977,False,0.045253,False
2025-03-11,CE02SHBP-LJ01D-07-VEL3DC108,11,True,2025-03-11T00:00:00Z,2025-03-11T23:59:59Z,86400,86400,0,1.0,1.000362873,0.999998824,0.001656491,0,0,0,0,-0.0,3.660251,13.736146,-4.497842e-10,0.003660255,0.01373616,False,0.010618,False
2025-03-12,CE02SHBP-LJ01D-07-VEL3DC108,11,True,2025-03-12T00:00:00Z,2025-03-12T23:59:59Z,86400,86400,0,1.0,1.000362873,0.999998754,-0.001612863,0,0,0,0,-0.0,5.480165,27.500398,-4.542348e-10,0.005480172,0.02750043,False,0.029189,False
2025-03-13,CE02SHBP-LJ01D-07-VEL3DC108,11,True,2025-03-13T00:00:00Z,2025-03-13T23:59:59Z,86400,86400,0,1.0,1.000362873,0.999998847,-0.003504476,0,0,0,0,-0.0,6.440119,33.563568,-4.673376e-10,0.006440127,0.03356361,False,0.034101,False
2025-03-14,CE02SHBP-LJ01D-07-VEL3DC108,11,True,2025-03-14T00:00:00Z,2025-03-14T23:59:59Z,86400,86400,0,1.0,1.000362873,0.999998711,-0.002082061,0,0,0,0,-1e-06,5.593641,28.653878,-5.217457e-10,0.005593648,0.02865391,False,0.030282,False
2025-03-15,CE02SHBP-LJ01D-07-VEL3DC108,11,True,2025-03-15T00:00:00Z,2025-03-15T23:59:59Z,86400,86400,0,1.0,1.000362873,0.999998596,-0.003473405,0,0,0,0,-0.0,5.2914,27.470108,-4.399773e-10,0.005291408,0.02747015,False,0.029904,False
2025-03-16,CE02SHBP-LJ01D-07-VEL3DC108,11,True,2025-03-16T00:00:00Z,2025-03-16T23:59:59Z,86400,86400,0,1.0,1.000362873,0.999998379,-0.000539104,0,0,0,0,-0.0,8.031114,86.188705,-4.9819e-10,0.008031127,0.08618884,False,0.08389,False
2025-03-17,CE02SHBP-LJ01D-07-VEL3DC108,11,True,2025-03-17T00:00:00Z,2025-03-17T23:59:59Z,86401,86401,0,1.0,1.000362873,0.999998279,0.009604905,0,0,8,8,0.0,3.496845,12.898891,9.970943e-11,0.003496851,0.01289891,False,0.011832,False
2025-03-18,CE02SHBP-LJ01D-07-VEL3DC108,11,True,2025-03-18T00:00:00Z,2025-03-18T23:59:59Z,86400,86400,0,1.0,1.000362873,0.99999837,0.000916904,0,0,0,0,-0.0,4.162491,25.081684,-4.584295e-10,0.004162497,0.02508172,False,0.026277,False
2025-03-19,CE02SHBP-LJ01D-07-VEL3DC108,11,True,2025-03-19T00:00:00Z,2025-03-19T23:59:59Z,86400,86400,0,1.0,1.000362873,0.999998594,-0.002375059,0,0,0,0,-1e-06,11.789664,87.261737,-5.235956e-10,0.01178968,0.08726186,False,0.088844,False
2025-03-20,CE02SHBP-LJ01D-07-VEL3DC108,11,True,2025-03-20T00:00:00Z,2025-03-20T23:59:59Z,86400,86400,0,1.0,1.000362873,0.999998552,-0.000590652,0,0,0,0,-0.0,6.914504,42.142152,-4.660789e-10,0.006914514,0.04214221,False,0.044335,False
2025-03-21,CE02SHBP-LJ01D-07-VEL3DC108,11,True,2025-03-21T00:00:00Z,2025-03-21T23:59:59Z,85803,86400,597,1.0,1.000362873,0.999998411,0.004048336,1,597,1,597,-0.0,4.742192,31.774056,-9.422917e-11,0.0047422,0.03177411,False,0.224043,True
2025-03-22,CE02SHBP-LJ01D-07-VEL3DC108,11,True,2025-03-22T00:00:00Z,2025-03-22T23:59:59Z,86400,86400,0,1.0,1.000362873,0.999998341,0.004698429,0,0,0,0,-1e-06,5.616588,30.209699,-5.026123e-10,0.005616598,0.03020975,False,0.029071,False
2025-03-23,CE02SHBP-LJ01D-07-VEL3DC108,11,True,2025-03-23T00:00:00Z,2025-03-23T23:59:59Z,86400,86400,0,1.0,1.000362873,0.9999984,-0.006261809,0,0,0,0,-0.0,8.773396,89.802783,-4.904753e-10,0.00877341,0.08980293,False,0.08986,False
2025-03-24,CE02SHBP-LJ01D-07-VEL3DC108,11,True,2025-03-24T00:00:00Z,2025-03-24T23:59:59Z,86401,86401,0,1.0,1.000362873,0.999998506,0.002563122,0,0,2,2,1e-06,5.607816,35.015626,5.057503e-10,0.005607824,0.03501568,False,0.033693,False
2025-03-25,CE02SHBP-LJ01D-07-VEL3DC108,11,True,2025-03-25T00:00:00Z,2025-03-25T23:59:59Z,86400,86400,0,1.0,1.000362873,0.999998246,0.006348975,0,0,0,0,-0.0,5.243015,43.367084,-4.429744e-10,0.005243024,0.04336716,False,0.044498,False
2025-03-26,CE02SHBP-LJ01D-07-VEL3DC108,11,True,2025-03-26T00:00:00Z,2025-03-26T23:59:59Z,85809,86400,591,1.0,1.000362873,0.999998262,0.000867091,1,591,1,591,0.0,3.658147,11.652427,1.138252e-10,0.003658153,0.01165245,False,0.216782,True
2025-03-27,CE02SHBP-LJ01D-07-VEL3DC108,11,True,2025-03-27T00:00:00Z,2025-03-27T23:59:59Z,86400,86400,0,1.0,1.000362873,0.999998232,0.009369251,0,0,0,0,-0.0,8.243479,86.137438,-4.600699e-10,0.008243493,0.08613759,False,0.083274,False
2025-03-28,CE02SHBP-LJ01D-07-VEL3DC108,11,True,2025-03-28T00:00:00Z,2025-03-28T23:59:59Z,86400,86400,0,1.0,1.000362873,0.999998511,0.007936835,0,0,0,0,-0.0,5.962618,32.982755,-4.876563e-10,0.005962627,0.0329828,False,0.030172,False
2025-03-29,CE02SHBP-LJ01D-07-VEL3DC108,11,True,2025-03-29T00:00:00Z,2025-03-29T23:59:59Z,86400,86400,0,1.0,1.000362396,0.999998432,0.003613002,0,0,0,0,-0.0,10.194276,85.202946,-4.546876e-10,0.01019429,0.08520308,False,0.089808,False
2025-03-30,CE02SHBP-LJ01D-07-VEL3DC108,11,True,2025-03-30T00:00:00Z,2025-03-30T23:59:59Z,86400,86400,0,1.0,1.000362873,0.999998438,-0.000926787,0,0,0,0,-0.0,7.225249,31.430049,-4.835448e-10,0.00722526,0.0314301,False,0.029956,False
2025-03-31,CE02SHBP-LJ01D-07-VEL3DC108,11,True,2025-03-31T00:00:00Z,2025-03-31T23:59:59Z,86400,86400,0,1.0,1.000362873,0.99999864,-0.007592048,0,0,2,2,-0.0,4.70784,22.288888,-1.002849e-11,0.004707846,0.02228892,False,0.02798,False
2025-04-01,CE02SHBP-LJ01D-07-VEL3DC108,11,True,2025-04-01T00:00:00Z,2025-04-01T23:59:59Z,62008,86392,24384,1.0,1.000362396,1.000101373,-2.303357203,3,24384,3,24385,0.0,1834.866502,3193.754574,1.187959e-10,1.834681,3.193431,True,0.496161,True
2025-04-02,CE02SHBP-LJ01D-07-VEL3DC108,11,True,2025-04-02T00:00:00Z,2025-04-02T23:59:59Z,86400,86400,0,1.0,1.000362873,0.999998317,0.029231791,0,0,0,0,-0.0,3.234177,30.536921,-4.993902e-10,0.003234182,0.03053697,False,0.029349,False
2025-04-03,CE02SHBP-LJ01D-07-VEL3DC108,11,True,2025-04-03T00:00:00Z,2025-04-03T23:59:59Z,86400,86400,0,1.0,1.000362873,0.999998393,0.00349493,0,0,0,0,-0.0,3.864514,29.398833,-4.885982e-10,0.00386452,0.02939888,False,0.030707,False
2025-04-04,CE02SHBP-LJ01D-07-VEL3DC108,11,True,2025-04-04T00:00:00Z,2025-04-04T23:59:59Z,86400,86400,0,1.0,1.000362873,0.9999984,0.003901576,0,0,0,0,-0.0,5.110198,30.10207,-4.717779e-10,0.005110206,0.03010212,False,0.029257,False
2025-04-05,CE02SHBP-LJ01D-07-VEL3DC108,11,True,2025-04-05T00:00:00Z,2025-04-05T23:59:59Z,86400,86400,0,1.0,1.000362396,0.999998284,0.000792699,0,0,0,0,-0.0,6.369081,37.804882,-4.47837e-10,0.006369092,0.03780495,False,0.035958,False
2025-04-06,CE02SHBP-LJ01D-07-VEL3DC108,11,True,2025-04-06T00:00:00Z,2025-04-06T23:59:59Z,86400,86400,0,1.0,1.000361919,0.99999827,0.007115314,0,0,0,0,-0.0,9.744962,88.589915,-4.868457e-10,0.009744978,0.08859007,False,0.091907,False
2025-04-07,CE02SHBP-LJ01D-07-VEL3DC108,11,True,2025-04-07T00:00:00Z,2025-04-07T23:59:59Z,86401,86401,0,1.0,1.000362396,0.999998239,-0.006493017,0,0,4,4,0.0,6.204338,32.056723,2.769481e-10,0.006204349,0.03205678,False,0.030557,False
2025-04-08,CE02SHBP-LJ01D-07-VEL3DC108,11,True,2025-04-08T00:00:00Z,2025-04-08T23:59:59Z,86400,86400,0,1.0,1.000362396,0.999998328,0.004774134,0,0,1,1,1e-06,8.958049,91.016615,7.932012e-10,0.008958064,0.09101677,False,0.090933,False
2025-04-09,CE02SHBP-LJ01D-07-VEL3DC108,11,True,2025-04-09T00:00:00Z,2025-04-09T23:59:59Z,86400,86400,0,1.0,1.000362396,0.999998236,0.000984661,0,0,0,0,-0.0,4.546905,28.888201,-4.72922e-10,0.004546913,0.02888825,False,0.029709,False
2025-04-10,CE02SHBP-LJ01D-07-VEL3DC108,11,True,2025-04-10T00:00:00Z,2025-04-10T23:59:59Z,86400,86400,0,1.0,1.000362396,0.99999838,0.004002783,0,0,0,0,-1e-06,9.401999,86.430552,-5.051152e-10,0.009402014,0.08643069,False,0.091662,False
2025-04-11,CE02SHBP-LJ01D-07-VEL3DC108,11,True,2025-04-11T00:00:00Z,2025-04-11T23:59:59Z,86400,86400,0,1.0,1.000362873,0.999998578,0.005601909,0,0,0,0,-0.0,8.823551,89.033002,-4.889676e-10,0.008823564,0.08903313,False,0.089875,False
2025-04-12,CE02SHBP-LJ01D-07-VEL3DC108,11,True,2025-04-12T00:00:00Z,2025-04-12T23:59:59Z,86400,86400,0,1.0,1.000362873,0.999998543,-0.007805688,0,0,0,0,-1e-06,4.686909,27.847543,-5.083896e-10,0.004686915,0.02784758,False,0.029786,False
2025-04-13,CE02SHBP-LJ01D-07-VEL3DC108,11,True,2025-04-13T00:00:00Z,2025-04-13T23:59:59Z,86400,86400,0,1.0,1.000362396,0.999998258,0.001737234,0,0,0,0,-0.0,5.708637,30.746486,-4.669723e-10,0.005708647,0.03074654,False,0.02984,False
2025-04-14,CE02SHBP-LJ01D-07-VEL3DC108,11,True,2025-04-14T00:00:00Z,2025-04-14T23:59:59Z,86400,86400,0,1.0,1.000362873,0.999998331,-0.000603339,0,0,0,0,-0.0,5.841227,30.86667,-4.886221e-10,0.005841237,0.03086672,False,0.028874,False
2025-04-15,CE02SHBP-LJ01D-07-VEL3DC108,11,True,2025-04-15T00:00:00Z,2025-04-15T23:59:59Z,86401,86401,0,1.0,1.000362396,0.999998342,0.007657313,0,0,2,2,-0.0,7.604571,33.378157,-2.090564e-10,0.007604583,0.03337821,False,0.030548,False
2025-04-16,CE02SHBP-LJ01D-07-VEL3DC108,11,True,2025-04-16T00:00:00Z,2025-04-16T23:59:59Z,86400,86400,0,1.0,1.000362396,0.99999844,-0.002753622,0,0,0,0,-1e-06,9.431233,90.472401,-5.236992e-10,0.009431248,0.09047254,False,0.089358,False
2025-04-17,CE02SHBP-LJ01D-07-VEL3DC108,11,True,2025-04-17T00:00:00Z,2025-04-17T23:59:59Z,86400,86400,0,1.0,1.000362873,0.999998425,0.005048141,0,0,0,0,-0.0,8.354729,84.025648,-4.89569e-10,0.008354742,0.08402578,False,0.088432,False
2025-04-18,CE02SHBP-LJ01D-07-VEL3DC108,11,True,2025-04-18T00:00:00Z,2025-04-18T23:59:59Z,86400,86400,0,1.0,1.000362873,0.999998575,-0.006156287,0,0,0,0,-1e-06,5.384199,30.927292,-5.055072e-10,0.005384207,0.03092734,False,0.029284,False
2025-04-19,CE02SHBP-LJ01D-07-VEL3DC108,11,True,2025-04-19T00:00:00Z,2025-04-19T23:59:59Z,86400,86400,0,1.0,1.000362873,0.999998511,-0.003856686,0,0,0,0,-0.0,4.690538,28.642831,-4.915635e-10,0.004690545,0.02864287,False,0.029618,False
2025-04-20,CE02SHBP-LJ01D-07-VEL3DC108,11,True,2025-04-20T00:00:00Z,2025-04-20T23:59:59Z,86400,86400,0,1.0,1.000362873,0.999998596,0.005137059,0,0,0,0,-0.0,6.917722,32.320306,-4.786798e-10,0.006917732,0.03232035,False,0.029949,False
2025-04-21,CE02SHBP-LJ01D-07-VEL3DC108,11,True,2025-04-21T00:00:00Z,2025-04-21T23:59:59Z,86400,86400,0,1.0,1.000362873,0.9999987,-0.010294462,0,0,0,0,-1e-06,9.191366,88.939116,-5.000329e-10,0.009191378,0.08893923,False,0.08456,False
2025-04-22,CE02SHBP-LJ01D-07-VEL3DC108,11,True,2025-04-22T00:00:00Z,2025-04-22T23:59:59Z,86401,86401,0,1.0,1.000362873,0.999998606,-0.000986928,0,0,2,2,0.0,6.716881,31.752613,2.916646e-10,0.00671689,0.03175266,False,0.0364,False
2025-04-23,CE02SHBP-LJ01D-07-VEL3DC108,11,True,2025-04-23T00:00:00Z,2025-04-23T23:59:59Z,86400,86400,0,1.0,1.000362396,0.999998541,-0.001868472,0,0,1,1,0.0,8.250604,39.820528,2.054225e-11,0.008250616,0.03982059,False,0.029792,False
2025-04-24,CE02SHBP-LJ01D-07-VEL3DC108,11,True,2025-04-24T00:00:00Z,2025-04-24T23:59:59Z,86400,86400,0,1.0,1.000362873,0.999998664,0.012013331,0,0,0,0,-1e-06,5.010224,29.167783,-5.388861e-10,0.005010231,0.02916782,False,0.027748,False
2025-04-25,CE02SHBP-LJ01D-07-VEL3DC108,11,True,2025-04-25T00:00:00Z,2025-04-25T23:59:59Z,86400,86400,0,1.0,1.000362873,0.999998775,-0.000818777,0,0,0,0,-0.0,8.809969,87.035179,-4.746984e-10,0.00880998,0.08703529,False,0.089684,False
2025-04-26,CE02SHBP-LJ01D-07-VEL3DC108,11,True,2025-04-26T00:00:00Z,2025-04-26T23:59:59Z,86400,86400,0,1.0,1.000362873,0.999998675,-0.005664761,0,0,0,0,-0.0,10.840781,91.72917,-4.76219e-10,0.0108408,0.09172929,False,0.090223,False
2025-04-27,CE02SHBP-LJ01D-07-VEL3DC108,11,True,2025-04-27T00:00:00Z,2025-04-27T23:59:59Z,86400,86400,0,1.0,1.000362873,0.999998458,-0.00189467,0,0,0,0,-0.0,5.665159,29.073707,-4.735447e-10,0.005665168,0.02907375,False,0.029735,False
2025-04-28,CE02SHBP-LJ01D-07-VEL3DC108,11,True,2025-04-28T00:00:00Z,2025-04-28T23:59:59Z,86400,86400,0,1.0,1.000362873,0.999998605,-0.000791397,0,0,0,0,-0.0,6.391966,29.41351,-4.885808e-10,0.006391975,0.02941355,False,0.034387,False
2025-04-29,CE02SHBP-LJ01D-07-VEL3DC108,11,True,2025-04-29T00:00:00Z,2025-04-29T23:59:59Z,86400,86400,0,1.0,1.000362873,0.9999986,0.005989339,0,0,0,0,-1e-06,6.044925,28.323569,-5.008303e-10,0.006044933,0.02832361,False,0.029692,False
2025-04-30,CE02SHBP-LJ01D-07-VEL3DC108,11,True,2025-04-30T00:00:00Z,2025-04-30T23:59:59Z,86400,86400,0,1.0,1.000362873,0.999998589,0.02552639,0,0,0,0,-0.0,5.376135,29.401586,-4.853699e-10,0.005376143,0.02940163,False,0.029866,False
2025-05-01,CE02SHBP-LJ01D-07-VEL3DC108,11,True,2025-05-01T00:00:00Z,2025-05-01T23:59:59Z,86401,86401,0,1.0,1.000362873,0.999998663,-0.004312911,0,0,5,5,-0.0,5.297319,29.137417,-1.536281e-11,0.005297326,0.02913746,False,0.028045,False
2025-05-02,CE02SHBP-LJ01D-07-VEL3DC108,11,True,2025-05-02T00:00:00Z,2025-05-02T23:59:59Z,86400,86400,0,1.0,1.000362873,0.999998668,-0.003946436,0,0,0,0,-0.0,8.091037,87.783679,-4.169166e-10,0.008091048,0.0877838,False,0.089644,False
2025-05-03,CE02SHBP-LJ01D-07-VEL3DC108,11,True,2025-05-03T00:00:00Z,2025-05-03T23:59:59Z,86400,86400,0,1.0,1.000362873,0.999998597,-0.002121804,0,0,0,0,-1e-06,6.29879,30.918224,-5.704768e-10,0.006298799,0.03091827,False,0.034877,False
2025-05-04,CE02SHBP-LJ01D-07-VEL3DC108,11,True,2025-05-04T00:00:00Z,2025-05-04T23:59:59Z,86400,86400,0,1.0,1.000362873,0.999998533,-0.002354116,0,0,0,0,-0.0,5.518271,27.945727,-4.882869e-10,0.00551828,0.02794577,False,0.029792,False
2025-05-05,CE02SHBP-LJ01D-07-VEL3DC108,11,True,2025-05-05T00:00:00Z,2025-05-05T23:59:59Z,86400,86400,0,1.0,1.000362873,0.999998484,0.00288121,0,0,0,0,-0.0,5.081602,31.301057,-4.764502e-10,0.00508161,0.0313011,False,0.029517,False
2025-05-06,CE02SHBP-LJ01D-07-VEL3DC108,11,True,2025-05-06T00:00:00Z,2025-05-06T23:59:59Z,86400,86400,0,1.0,1.000362396,0.999998231,0.000472285,0,0,0,0,-1e-06,8.70643,86.451789,-5.024546e-10,0.008706445,0.08645194,False,0.086149,False
2025-05-07,CE02SHBP-LJ01D-07-VEL3DC108,11,True,2025-05-07T00:00:00Z,2025-05-07T23:59:59Z,86400,86400,0,1.0,1.000362396,0.999998393,0.000729318,0,0,0,0,-0.0,9.772712,87.605554,-4.606957e-10,0.009772728,0.08760569,False,0.084733,False
2025-05-08,CE02SHBP-LJ01D-07-VEL3DC108,11,True,2025-05-08T00:00:00Z,2025-05-08T23:59:59Z,86400,86400,0,1.0,1.000361919,0.999998449,-0.00675909,0,0,0,0,-0.0,10.047981,84.674943,-4.972765e-10,0.010048,0.08467507,False,0.084087,False
2025-05-09,CE02SHBP-LJ01D-07-VEL3DC108,11,True,2025-05-09T00:00:00Z,2025-05-09T23:59:59Z,86401,86401,0,1.0,1.000362396,0.999998343,0.001572019,0,0,3,3,0.0,7.105334,31.820063,3.427191e-10,0.007105346,0.03182012,False,0.029293,False
2025-05-10,CE02SHBP-LJ01D-07-VEL3DC108,11,True,2025-05-10T00:00:00Z,2025-05-10T23:59:59Z,86400,86400,0,1.0,1.000362396,0.999998387,-0.002648518,0,0,0,0,-0.0,7.992,33.263617,-4.66911e-10,0.007992013,0.03326367,False,0.029092,False
2025-05-11,CE02SHBP-LJ01D-07-VEL3DC108,11,True,2025-05-11T00:00:00Z,2025-05-11T23:59:59Z,86400,86400,0,1.0,1.000362396,0.99999843,-0.005034371,0,0,0,0,-0.0,6.375631,31.782805,-4.848389e-10,0.006375641,0.03178285,False,0.028731,False
2025-05-12,CE02SHBP-LJ01D-07-VEL3DC108,11,True,2025-05-12T00:00:00Z,2025-05-12T23:59:59Z,86400,86400,0,1.0,1.000362396,0.999998411,0.004700784,0,0,0,0,-0.0,7.295688,30.531353,-4.693958e-10,0.007295699,0.0305314,False,0.029979,False
2025-05-13,CE02SHBP-LJ01D-07-VEL3DC108,11,True,2025-05-13T00:00:00Z,2025-05-13T23:59:59Z,71807,86395,14588,1.0,1.000361919,1.000065119,-1.526236674,1,14588,1,14588,-0.0,1184.600471,2239.836917,-2.404465e-10,1.184523,2.239691,True,0.213687,True
2025-05-14,CE02SHBP-LJ01D-07-VEL3DC108,11,True,2025-05-14T00:00:00Z,2025-05-14T23:59:59Z,86400,86400,0,1.0,1.000362873,0.999998552,0.004258467,0,0,0,0,-0.0,5.387831,24.270202,-4.683393e-10,0.005387839,0.02427024,False,0.027509,False
2025-05-15,CE02SHBP-LJ01D-07-VEL3DC108,11,True,2025-05-15T00:00:00Z,2025-05-15T23:59:59Z,86400,86400,0,1.0,1.000362873,0.999998375,-0.005078912,0,0,0,0,-1e-06,4.917977,26.109271,-5.654539e-10,0.004917985,0.02610931,False,0.031997,False
2025-05-16,CE02SHBP-LJ01D-07-VEL3DC108,11,True,2025-05-16T00:00:00Z,2025-05-16T23:59:59Z,86401,86401,0,1.0,1.000362396,0.999998195,-0.000611011,0,0,3,3,0.0,5.771192,30.600104,2.448165e-10,0.005771202,0.03060016,False,0.033167,False
2025-05-17,CE02SHBP-LJ01D-07-VEL3DC108,11,True,2025-05-17T00:00:00Z,2025-05-17T23:59:59Z,86400,86400,0,1.0,1.000362396,0.999998236,0.010785905,0,0,0,0,-1e-06,4.827074,32.092946,-5.004147e-10,0.004827083,0.032093,False,0.028199,False
2025-05-18,CE02SHBP-LJ01D-07-VEL3DC108,11,True,2025-05-18T00:00:00Z,2025-05-18T23:59:59Z,86400,86400,0,1.0,1.000362873,0.999998172,0.003862617,0,0,0,0,-0.0,5.944529,28.11251,-4.901735e-10,0.00594454,0.02811256,False,0.030026,False
2025-05-19,CE02SHBP-LJ01D-07-VEL3DC108,11,True,2025-05-19T00:00:00Z,2025-05-19T23:59:59Z,86400,86400,0,1.0,1.000362873,0.999998701,0.002775589,0,0,0,0,-0.0,5.013038,31.635677,-4.710762e-10,0.005013044,0.03163572,False,0.029986,False
2025-05-20,CE02SHBP-LJ01D-07-VEL3DC108,11,True,2025-05-20T00:00:00Z,2025-05-20T23:59:59Z,86400,86400,0,1.0,1.000362873,0.999998665,0.00418722,0,0,0,0,-1e-06,5.763984,33.838058,-5.272738e-10,0.005763991,0.0338381,False,0.028521,False
2025-05-21,CE02SHBP-LJ01D-07-VEL3DC108,11,True,2025-05-21T00:00:00Z,2025-05-21T23:59:59Z,86400,86400,0,1.0,1.000362873,0.99999878,0.003186456,0,0,0,0,-0.0,5.763564,22.182103,-4.422038e-10,0.005763571,0.02218213,False,0.027636,False
2025-05-22,CE02SHBP-LJ01D-07-VEL3DC108,11,True,2025-05-22T00:00:00Z,2025-05-22T23:59:59Z,86400,86400,0,1.0,1.000362873,0.999998434,0.001627318,0,0,0,0,-0.0,4.983746,28.741224,-4.389411e-10,0.004983753,0.02874127,False,0.029474,False
2025-05-23,CE02SHBP-LJ01D-07-VEL3DC108,11,True,2025-05-23T00:00:00Z,2025-05-23T23:59:59Z,86400,86400,0,1.0,1.000362873,0.999998341,-0.001479169,0,0,0,0,-0.0,3.992403,26.6355,-4.200338e-10,0.003992409,0.02663554,False,0.028291,False
2025-05-24,CE02SHBP-LJ01D-07-VEL3DC108,11,True,2025-05-24T00:00:00Z,2025-05-24T23:59:59Z,86401,86401,0,1.0,1.000362396,0.999998286,-0.001750562,0,0,4,4,-1e-06,6.802395,36.169105,-9.199443e-10,0.006802407,0.03616917,False,0.031634,False
2025-05-25,CE02SHBP-LJ01D-07-VEL3DC108,11,True,2025-05-25T00:00:00Z,2025-05-25T23:59:59Z,86400,86400,0,1.0,1.000362873,0.999998352,-0.007002421,0,0,0,0,-0.0,5.504837,21.95023,-4.843377e-10,0.005504846,0.02195027,False,0.028509,False
2025-05-26,CE02SHBP-LJ01D-07-VEL3DC108,11,True,2025-05-26T00:00:00Z,2025-05-26T23:59:59Z,86400,86400,0,1.0,1.000362873,0.99999843,-0.009027983,0,0,0,0,-0.0,4.058463,14.477652,-4.893389e-10,0.00405847,0.01447767,False,0.008291,False
2025-05-27,CE02SHBP-LJ01D-07-VEL3DC108,11,True,2025-05-27T00:00:00Z,2025-05-27T23:59:59Z,86400,86400,0,1.0,1.000362396,0.999998424,-0.001637847,0,0,0,0,-1e-06,7.530553,27.802405,-5.127504e-10,0.007530565,0.02780245,False,0.02903,False
2025-05-28,CE02SHBP-LJ01D-07-VEL3DC108,11,True,2025-05-28T00:00:00Z,2025-05-28T23:59:59Z,86400,86400,0,1.0,1.000362873,0.999998218,0.018253022,0,0,0,0,-0.0,7.151085,22.993171,-4.458332e-10,0.007151098,0.02299321,False,0.014336,False
2025-05-29,CE02SHBP-LJ01D-07-VEL3DC108,11,True,2025-05-29T00:00:00Z,2025-05-29T23:59:59Z,86400,86400,0,1.0,1.000362873,0.99999834,-0.004818008,0,0,0,0,-0.0,5.494947,27.48814,-4.992508e-10,0.005494957,0.02748819,False,0.028563,False
2025-05-30,CE02SHBP-LJ01D-07-VEL3DC108,11,True,2025-05-30T00:00:00Z,2025-05-30T23:59:59Z,86400,86400,0,1.0,1.000362873,0.999998428,0.004817179,0,0,0,0,-1e-06,6.217406,47.744369,-5.235932e-10,0.006217415,0.04774444,False,0.045795,False
2025-05-31,CE02SHBP-LJ01D-07-VEL3DC108,11,True,2025-05-31T00:00:00Z,2025-05-31T23:59:59Z,86401,86401,0,1.0,1.000362873,0.999998462,0.001266015,0,0,12,12,0.0,6.223882,36.411368,3.907065e-10,0.006223891,0.03641142,False,0.03954,False
2025-06-01,CE02SHBP-LJ01D-07-VEL3DC108,11,True,2025-06-01T00:00:00Z,2025-06-01T23:59:59Z,86400,86400,0,1.0,1.000362873,0.999998329,0.007025107,0,0,0,0,-0.0,5.774791,17.979323,-4.821072e-10,0.0057748,0.01797935,False,0.027823,False
2025-06-02,CE02SHBP-LJ01D-07-VEL3DC108,11,True,2025-06-02T00:00:00Z,2025-06-02T23:59:59Z,86400,86400,0,1.0,1.000362396,0.999998126,0.001295954,0,0,0,0,-1e-06,5.677537,30.412578,-5.194015e-10,0.005677548,0.03041263,False,0.028884,False
2025-06-03,CE02SHBP-LJ01D-07-VEL3DC108,11,True,2025-06-03T00:00:00Z,2025-06-03T23:59:59Z,86400,86400,0,1.0,1.000362396,0.999998182,-0.00146136,0,0,0,0,-0.0,7.702108,87.999806,-4.881336e-10,0.007702122,0.08799997,False,0.084484,False
2025-06-04,CE02SHBP-LJ01D-07-VEL3DC108,11,True,2025-06-04T00:00:00Z,2025-06-04T23:59:59Z,86400,86400,0,1.0,1.000362396,0.999998367,-0.007616535,0,0,0,0,-0.0,6.93562,23.848746,-4.389465e-10,0.006935632,0.02384879,False,0.028775,False
2025-06-05,CE02SHBP-LJ01D-07-VEL3DC108,11,True,2025-06-05T00:00:00Z,2025-06-05T23:59:59Z,86400,86400,0,1.0,1.000362873,0.999998513,-0.001499198,0,0,0,0,-0.0,4.624602,43.328755,-4.376079e-10,0.004624609,0.04332882,False,0.044872,False
2025-06-06,CE02SHBP-LJ01D-07-VEL3DC108,11,True,2025-06-06T00:00:00Z,2025-06-06T23:59:59Z,86400,86400,0,1.0,1.000362873,0.999998403,-0.003163944,0,0,0,0,-0.0,7.142991,30.501348,-4.614584e-10,0.007143002,0.0305014,False,0.029811,False
2025-06-07,CE02SHBP-LJ01D-07-VEL3DC108,11,True,2025-06-07T00:00:00Z,2025-06-07T23:59:59Z,86401,86401,0,1.0,1.000362873,0.999998499,-0.004046102,0,0,4,4,-0.0,5.072052,37.195881,-4.367213e-10,0.00507206,0.03719594,False,0.039632,False
2025-06-08,CE02SHBP-LJ01D-07-VEL3DC108,11,True,2025-06-08T00:00:00Z,2025-06-08T23:59:59Z,86400,86400,0,1.0,1.000362396,0.99999828,0.022602651,0,0,0,0,-1e-06,3.989726,24.989685,-5.329336e-10,0.003989733,0.02498973,False,0.029566,False
2025-06-09,CE02SHBP-LJ01D-07-VEL3DC108,11,True,2025-06-09T00:00:00Z,2025-06-09T23:59:59Z,86400,86400,0,1.0,1.000362873,0.999998317,0.002775597,0,0,0,0,-0.0,4.694248,13.046274,-4.463114e-10,0.004694255,0.0130463,False,0.011471,False
2025-06-10,CE02SHBP-LJ01D-07-VEL3DC108,11,True,2025-06-10T00:00:00Z,2025-06-10T23:59:59Z,86400,86400,0,1.0,1.000362396,0.999998301,0.003157373,0,0,0,0,-1e-06,4.826453,32.152995,-5.235712e-10,0.004826461,0.03215305,False,0.033971,False
2025-06-11,CE02SHBP-LJ01D-07-VEL3DC108,11,True,2025-06-11T00:00:00Z,2025-06-11T23:59:59Z,86400,86400,0,1.0,1.000362873,0.999998426,0.002478126,0,0,0,0,-1e-06,5.660658,33.787046,-5.044906e-10,0.005660666,0.0337871,False,0.028784,False
2025-06-12,CE02SHBP-LJ01D-07-VEL3DC108,11,True,2025-06-12T00:00:00Z,2025-06-12T23:59:59Z,86400,86400,0,1.0,1.000362873,0.999998368,0.000804408,0,0,0,0,-0.0,3.857197,14.379492,-4.619626e-10,0.003857203,0.01437952,False,0.007952,False
2025-06-13,CE02SHBP-LJ01D-07-VEL3DC108,11,True,2025-06-13T00:00:00Z,2025-06-13T23:59:59Z,86400,86400,0,1.0,1.000362873,0.999998285,0.003392677,0,0,0,0,-0.0,4.718288,27.170397,-4.878895e-10,0.004718296,0.02717044,False,0.028899,False
2025-06-14,CE02SHBP-LJ01D-07-VEL3DC108,11,True,2025-06-14T00:00:00Z,2025-06-14T23:59:59Z,86401,86401,0,1.0,1.000362873,0.999998356,0.008908161,0,0,4,4,0.0,4.159508,29.93386,2.629277e-10,0.004159514,0.02993391,False,0.022653,False
2025-06-15,CE02SHBP-LJ01D-07-VEL3DC108,11,True,2025-06-15T00:00:00Z,2025-06-15T23:59:59Z,86400,86400,0,1.0,1.000362396,0.999998349,-0.006249355,0,0,0,0,-1e-06,5.657604,31.890649,-5.120544e-10,0.005657613,0.0318907,False,0.029708,False
2025-06-16,CE02SHBP-LJ01D-07-VEL3DC108,11,True,2025-06-16T00:00:00Z,2025-06-16T23:59:59Z,86400,86400,0,1.0,1.000362396,0.999998282,-0.000971067,0,0,0,0,-1e-06,4.565835,33.617328,-5.211188e-10,0.004565842,0.03361739,False,0.0281,False
2025-06-17,CE02SHBP-LJ01D-07-VEL3DC108,11,True,2025-06-17T00:00:00Z,2025-06-17T23:59:59Z,86400,86400,0,1.0,1.000362873,0.999998285,4.79e-07,0,0,0,0,-0.0,3.440157,29.912601,-4.378968e-10,0.003440163,0.02991265,False,0.029216,False
2025-06-18,CE02SHBP-LJ01D-07-VEL3DC108,11,True,2025-06-18T00:00:00Z,2025-06-18T23:59:59Z,86400,86400,0,1.0,1.000362873,0.999998332,-0.001437052,0,0,0,0,-0.0,4.415631,27.789127,-4.544754e-10,0.004415638,0.02778917,False,0.033906,False
2025-06-19,CE02SHBP-LJ01D-07-VEL3DC108,11,True,2025-06-19T00:00:00Z,2025-06-19T23:59:59Z,86400,86400,0,1.0,1.000362396,0.999998308,-0.00566005,0,0,0,0,-0.0,5.222566,31.551679,-4.849776e-10,0.005222574,0.03155173,False,0.028985,False
2025-06-20,CE02SHBP-LJ01D-07-VEL3DC108,11,True,2025-06-20T00:00:00Z,2025-06-20T23:59:59Z,86400,86400,0,1.0,1.000362873,0.999998268,0.000118713,0,0,0,0,-0.0,3.923851,12.171629,-4.601781e-10,0.003923858,0.01217165,False,0.010776,False
2025-06-21,CE02SHBP-LJ01D-07-VEL3DC108,11,True,2025-06-21T00:00:00Z,2025-06-21T23:59:59Z,86401,86401,0,1.0,1.000362396,0.999998246,-0.005324137,0,0,12,12,-0.0,3.807431,29.940428,-9.197509e-11,0.003807437,0.02994048,False,0.028467,False
2025-06-22,CE02SHBP-LJ01D-07-VEL3DC108,11,True,2025-06-22T00:00:00Z,2025-06-22T23:59:59Z,86400,86400,0,1.0,1.000362873,0.999998324,-0.00481014,0,0,0,0,-0.0,4.261763,28.832984,-4.911385e-10,0.00426177,0.02883303,False,0.029608,False
2025-06-23,CE02SHBP-LJ01D-07-VEL3DC108,11,True,2025-06-23T00:00:00Z,2025-06-23T23:59:59Z,86400,86400,0,1.0,1.000362396,0.999998324,-0.004770541,0,0,0,0,-1e-06,5.837491,28.838778,-5.239282e-10,0.005837501,0.02883883,False,0.028352,False
2025-06-24,CE02SHBP-LJ01D-07-VEL3DC108,11,True,2025-06-24T00:00:00Z,2025-06-24T23:59:59Z,86400,86400,0,1.0,1.000362873,0.999998346,0.001872927,0,0,0,0,-0.0,3.892159,28.194947,-4.861701e-10,0.003892166,0.02819499,False,0.030903,False
2025-06-25,CE02SHBP-LJ01D-07-VEL3DC108,11,True,2025-06-25T00:00:00Z,2025-06-25T23:59:59Z,86400,86400,0,1.0,1.000362873,0.999998447,-0.003263604,0,0,0,0,-0.0,5.407394,31.311029,-4.736278e-10,0.005407402,0.03131108,False,0.029508,False
2025-06-26,CE02SHBP-LJ01D-07-VEL3DC108,11,True,2025-06-26T00:00:00Z,2025-06-26T23:59:59Z,86400,86400,0,1.0,1.000362873,0.999998402,-0.003139432,0,0,0,0,-0.0,4.262529,22.885327,-4.744682e-10,0.004262536,0.02288536,False,0.028515,False
2025-06-27,CE02SHBP-LJ01D-07-VEL3DC108,11,True,2025-06-27T00:00:00Z,2025-06-27T23:59:59Z,86400,86400,0,1.0,1.000362873,0.999998362,9.1755e-05,0,0,0,0,-0.0,3.015333,11.291277,-4.461922e-10,0.003015338,0.0112913,False,0.012231,False
2025-06-28,CE02SHBP-LJ01D-07-VEL3DC108,11,True,2025-06-28T00:00:00Z,2025-06-28T23:59:59Z,86401,86401,0,1.0,1.000362873,0.999998377,-0.00251677,0,0,8,8,-0.0,7.762561,90.615997,-2.77559e-10,0.007762574,0.09061614,False,0.089199,False
2025-06-29,CE02SHBP-LJ01D-07-VEL3DC108,11,True,2025-06-29T00:00:00Z,2025-06-29T23:59:59Z,86400,86400,0,1.0,1.000362873,0.99999831,-5.3359e-05,0,0,0,0,-0.0,5.383797,25.401647,-4.594739e-10,0.005383806,0.02540169,False,0.027972,False
2025-06-30,CE02SHBP-LJ01D-07-VEL3DC108,11,True,2025-06-30T00:00:00Z,2025-06-30T23:59:59Z,86400,86400,0,1.0,1.000361919,0.999998264,-0.009871545,0,0,0,0,-0.0,7.884548,25.59242,-4.689762e-10,0.007884561,0.02559246,False,0.027942,False
2025-07-01,CE02SHBP-LJ01D-07-VEL3DC108,11,True,2025-07-01T00:00:00Z,2025-07-01T23:59:59Z,86400,86400,0,1.0,1.000362873,0.999998297,0.006715345,0,0,0,0,-0.0,7.031095,46.445188,-4.313102e-10,0.007031107,0.04644527,False,0.040005,False
2025-07-02,CE02SHBP-LJ01D-07-VEL3DC108,11,True,2025-07-02T00:00:00Z,2025-07-02T23:59:59Z,86400,86400,0,1.0,1.000362873,0.999998315,-0.00097111,0,0,0,0,-1e-06,4.055211,27.679178,-5.031559e-10,0.004055218,0.02767922,False,0.027408,False
2025-07-03,CE02SHBP-LJ01D-07-VEL3DC108,11,True,2025-07-03T00:00:00Z,2025-07-03T23:59:59Z,86400,86400,0,1.0,1.000362873,0.999998308,-0.004248224,0,0,0,0,-0.0,3.846587,25.442371,-4.807282e-10,0.003846593,0.02544241,False,0.02855,False
2025-07-04,CE02SHBP-LJ01D-07-VEL3DC108,11,True,2025-07-04T00:00:00Z,2025-07-04T23:59:59Z,86400,86400,0,1.0,1.000362873,0.999998338,-0.002354837,0,0,0,0,-0.0,3.270125,10.378561,-4.76626e-10,0.003270131,0.01037858,False,0.01206,False
2025-07-05,CE02SHBP-LJ01D-07-VEL3DC108,11,True,2025-07-05T00:00:00Z,2025-07-05T23:59:59Z,86401,86401,0,1.0,1.000362873,0.999998351,-0.002986842,0,0,4,4,-0.0,5.143896,22.674734,-1.74374e-10,0.005143904,0.02267477,False,0.028648,False
2025-07-06,CE02SHBP-LJ01D-07-VEL3DC108,11,True,2025-07-06T00:00:00Z,2025-07-06T23:59:59Z,86400,86400,0,1.0,1.000362873,0.999998314,-0.001658393,0,0,0,0,-0.0,5.388078,31.276799,-4.966009e-10,0.005388087,0.03127685,False,0.028849,False
2025-07-07,CE02SHBP-LJ01D-07-VEL3DC108,11,True,2025-07-07T00:00:00Z,2025-07-07T23:59:59Z,86400,86400,0,1.0,1.000362396,0.999998228,0.000275476,0,0,0,0,-0.0,5.925427,29.368323,-4.626334e-10,0.005925437,0.02936837,False,0.028699,False
2025-07-08,CE02SHBP-LJ01D-07-VEL3DC108,11,True,2025-07-08T00:00:00Z,2025-07-08T23:59:59Z,86400,86400,0,1.0,1.000361919,0.999998249,0.000144461,0,0,0,0,-0.0,7.293547,40.374693,-4.395317e-10,0.00729356,0.04037476,False,0.043814,False
2025-07-09,CE02SHBP-LJ01D-07-VEL3DC108,11,True,2025-07-09T00:00:00Z,2025-07-09T23:59:59Z,86400,86400,0,1.0,1.000362873,0.99999831,-0.000431615,0,0,0,0,-0.0,4.48755,30.030902,-4.89396e-10,0.004487557,0.03003095,False,0.028347,False
2025-07-10,CE02SHBP-LJ01D-07-VEL3DC108,11,True,2025-07-10T00:00:00Z,2025-07-10T23:59:59Z,86400,86400,0,1.0,1.000362396,0.999998251,0.000346302,0,0,0,0,-0.0,4.934128,28.857466,-4.088664e-10,0.004934137,0.02885752,False,0.029108,False
2025-07-11,CE02SHBP-LJ01D-07-VEL3DC108,11,True,2025-07-11T00:00:00Z,2025-07-11T23:59:59Z,86401,86401,0,1.0,1.000362873,0.99999827,-0.002186286,0,0,2,2,0.0,3.299489,11.41028,3.588094e-10,0.003299494,0.0114103,False,0.013144,False
2025-07-12,CE02SHBP-LJ01D-07-VEL3DC108,11,True,2025-07-12T00:00:00Z,2025-07-12T23:59:59Z,86400,86400,0,1.0,1.000362396,0.999998096,0.001625112,0,0,0,0,-0.0,4.640027,31.437874,-4.714896e-10,0.004640036,0.03143793,False,0.02589,False
2025-07-13,CE02SHBP-LJ01D-07-VEL3DC108,11,True,2025-07-13T00:00:00Z,2025-07-13T23:59:59Z,86400,86400,0,1.0,1.000362396,0.999998148,0.005937274,0,0,0,0,-1e-06,5.451662,29.074222,-5.057417e-10,0.005451672,0.02907428,False,0.028854,False
2025-07-14,CE02SHBP-LJ01D-07-VEL3DC108,11,True,2025-07-14T00:00:00Z,2025-07-14T23:59:59Z,86400,86400,0,1.0,1.000362396,0.999998182,-0.00427612,0,0,0,0,-0.0,5.440874,29.855399,-4.825524e-10,0.005440883,0.02985545,False,0.029039,False
2025-07-15,CE02SHBP-LJ01D-07-VEL3DC108,11,True,2025-07-15T00:00:00Z,2025-07-15T23:59:59Z,86400,86400,0,1.0,1.000362873,0.999998231,-0.002870255,0,0,0,0,-0.0,3.692517,29.084724,-4.492078e-10,0.003692524,0.02908478,False,0.027062,False
2025-07-16,CE02SHBP-LJ01D-07-VEL3DC108,11,True,2025-07-16T00:00:00Z,2025-07-16T23:59:59Z,86400,86400,0,1.0,1.000362873,0.999998307,-0.001368727,0,0,0,0,-0.0,8.839428,89.102326,-4.367304e-10,0.008839443,0.08910248,False,0.091187,False
2025-07-17,CE02SHBP-LJ01D-07-VEL3DC108,11,True,2025-07-17T00:00:00Z,2025-07-17T23:59:59Z,86400,86400,0,1.0,1.000362873,0.999998297,-0.001494885,0,0,0,0,-1e-06,2.818846,13.03313,-5.273348e-10,0.002818851,0.01303315,False,0.011678,False
2025-07-18,CE02SHBP-LJ01D-07-VEL3DC108,11,True,2025-07-18T00:00:00Z,2025-07-18T23:59:59Z,86401,86401,0,1.0,1.000362873,0.999998277,0.000694492,0,0,8,8,0.0,3.747054,27.465791,4.207747e-10,0.003747061,0.02746584,False,0.027622,False
2025-07-19,CE02SHBP-LJ01D-07-VEL3DC108,11,True,2025-07-19T00:00:00Z,2025-07-19T23:59:59Z,86400,86400,0,1.0,1.000362873,0.9999983,0.002461098,0,0,0,0,-1e-06,3.899185,28.743976,-5.02117e-10,0.003899192,0.02874402,False,0.027325,False
2025-07-20,CE02SHBP-LJ01D-07-VEL3DC108,11,True,2025-07-20T00:00:00Z,2025-07-20T23:59:59Z,86400,86400,0,1.0,1.000362873,0.999998174,0.002567471,0,0,0,0,-0.0,2.552656,9.866332,-4.777282e-10,0.00255266,0.00986635,False,0.011082,False
2025-07-21,CE02SHBP-LJ01D-07-VEL3DC108,11,True,2025-07-21T00:00:00Z,2025-07-21T23:59:59Z,86400,86400,0,1.0,1.000362396,0.999998102,0.0004614,0,0,0,0,-0.0,4.363043,30.611518,-4.318157e-10,0.004363052,0.03061158,False,0.029162,False
2025-07-22,CE02SHBP-LJ01D-07-VEL3DC108,11,True,2025-07-22T00:00:00Z,2025-07-22T23:59:59Z,86400,86400,0,1.0,1.000362396,0.999998185,-0.003435302,0,0,0,0,-0.0,4.615548,28.879856,-4.823231e-10,0.004615557,0.02887991,False,0.029234,False
2025-07-23,CE02SHBP-LJ01D-07-VEL3DC108,11,True,2025-07-23T00:00:00Z,2025-07-23T23:59:59Z,86400,86400,0,1.0,1.000362396,0.999998155,0.002373836,0,0,0,0,-1e-06,5.141967,26.08695,-5.129783e-10,0.005141977,0.026087,False,0.028677,False
2025-07-24,CE02SHBP-LJ01D-07-VEL3DC108,11,True,2025-07-24T00:00:00Z,2025-07-24T23:59:59Z,86401,86401,0,1.0,1.000362396,0.999998101,0.011549619,0,0,4,4,-0.0,4.426585,15.081838,-1.499247e-11,0.004426594,0.01508187,False,0.011717,False
2025-07-25,CE02SHBP-LJ01D-07-VEL3DC108,11,True,2025-07-25T00:00:00Z,2025-07-25T23:59:59Z,86400,86400,0,1.0,1.000362396,0.999998156,0.001958794,0,0,0,0,-1e-06,4.821099,30.632752,-5.240674e-10,0.004821108,0.03063281,False,0.028968,False
2025-07-26,CE02SHBP-LJ01D-07-VEL3DC108,11,True,2025-07-26T00:00:00Z,2025-07-26T23:59:59Z,86400,86400,0,1.0,1.000362396,0.999998161,-0.002894239,0,0,0,0,-0.0,3.974071,29.812998,-4.768969e-10,0.003974079,0.02981305,False,0.02855,False
2025-07-27,CE02SHBP-LJ01D-07-VEL3DC108,11,True,2025-07-27T00:00:00Z,2025-07-27T23:59:59Z,86400,86400,0,1.0,1.000361919,0.999998035,0.000666009,0,0,0,0,-0.0,5.105925,31.499503,-4.606226e-10,0.005105935,0.03149957,False,0.028903,False
2025-07-28,CE02SHBP-LJ01D-07-VEL3DC108,11,True,2025-07-28T00:00:00Z,2025-07-28T23:59:59Z,86400,86400,0,1.0,1.000362396,0.999998123,0.028942091,0,0,0,0,-1e-06,5.302519,31.426443,-5.225881e-10,0.005302529,0.0314265,False,0.029361,False
2025-07-29,CE02SHBP-LJ01D-07-VEL3DC108,11,True,2025-07-29T00:00:00Z,2025-07-29T23:59:59Z,86400,86400,0,1.0,1.000362396,0.999998128,0.025526534,0,0,0,0,-1e-06,3.311619,27.325579,-5.373285e-10,0.003311625,0.02732563,False,0.028032,False
2025-07-30,CE02SHBP-LJ01D-07-VEL3DC108,11,True,2025-07-30T00:00:00Z,2025-07-30T23:59:59Z,86400,86400,0,1.0,1.000361919,0.999998085,-0.000200694,0,0,0,0,-0.0,4.595962,31.794897,-4.56562e-10,0.00459597,0.03179496,False,0.02985,False
2025-07-31,CE02SHBP-LJ01D-07-VEL3DC108,11,True,2025-07-31T00:00:00Z,2025-07-31T23:59:59Z,86401,86401,0,1.0,1.000362873,0.999998638,-0.013811692,0,0,5,5,-1e-06,6.881706,29.846227,-6.320875e-10,0.006881715,0.02984627,False,0.028813,False
2025-08-01,CE02SHBP-LJ01D-07-VEL3DC108,11,True,2025-08-01T00:00:00Z,2025-08-01T23:59:59Z,86400,86400,0,1.0,1.000362873,0.999998731,-0.003940439,0,0,0,0,-0.0,4.211439,30.530155,-4.532472e-10,0.004211444,0.03053019,False,0.028828,False
2025-08-02,CE02SHBP-LJ01D-07-VEL3DC108,11,True,2025-08-02T00:00:00Z,2025-08-02T23:59:59Z,86400,86400,0,1.0,1.000362873,0.999998686,2.4253e-05,0,0,0,0,-0.0,3.969142,28.499155,-4.78622e-10,0.003969148,0.02849919,False,0.029135,False
2025-08-03,CE02SHBP-LJ01D-07-VEL3DC108,11,True,2025-08-03T00:00:00Z,2025-08-03T23:59:59Z,86400,86400,0,1.0,1.000362873,0.999998705,0.000852235,0,0,0,0,-0.0,4.508419,29.198188,-4.939435e-10,0.004508424,0.02919823,False,0.029017,False
2025-08-04,CE02SHBP-LJ01D-07-VEL3DC108,11,True,2025-08-04T00:00:00Z,2025-08-04T23:59:59Z,86400,86400,0,1.0,1.000362873,0.999998699,-0.003575314,0,0,0,0,-1e-06,3.351392,27.606988,-5.253748e-10,0.003351396,0.02760702,False,0.028855,False
2025-08-05,CE02SHBP-LJ01D-07-VEL3DC108,11,True,2025-08-05T00:00:00Z,2025-08-05T23:59:59Z,86400,86400,0,1.0,1.000362873,0.999998757,-0.000128466,0,0,0,0,-0.0,4.730953,30.694332,-4.731072e-10,0.004730959,0.03069437,False,0.034663,False
2025-08-06,CE02SHBP-LJ01D-07-VEL3DC108,11,True,2025-08-06T00:00:00Z,2025-08-06T23:59:59Z,86400,86400,0,1.0,1.000362873,0.999998775,0.008215065,0,0,0,0,-0.0,3.458611,11.30047,-4.54288e-10,0.003458616,0.01130048,False,0.012105,False
2025-08-07,CE02SHBP-LJ01D-07-VEL3DC108,11,True,2025-08-07T00:00:00Z,2025-08-07T23:59:59Z,86400,86400,0,1.0,1.000362873,0.999998751,0.001369842,0,0,0,0,-0.0,4.258886,28.939943,-4.5077e-10,0.004258892,0.02893998,False,0.028875,False
2025-08-08,CE02SHBP-LJ01D-07-VEL3DC108,11,True,2025-08-08T00:00:00Z,2025-08-08T23:59:59Z,86400,86400,0,1.0,1.000362873,0.9999987,0.003643126,0,0,0,0,-0.0,4.842116,27.053566,-4.778315e-10,0.004842122,0.0270536,False,0.028854,False
2025-08-09,CE02SHBP-LJ01D-07-VEL3DC108,11,True,2025-08-09T00:00:00Z,2025-08-09T23:59:59Z,86401,86401,0,1.0,1.000362873,0.999998666,0.01187844,0,0,1,1,1e-06,3.06748,13.741144,5.344924e-10,0.003067484,0.01374116,False,0.008728,False
2025-08-10,CE02SHBP-LJ01D-07-VEL3DC108,11,True,2025-08-10T00:00:00Z,2025-08-10T23:59:59Z,86400,86400,0,1.0,1.000362873,0.999998733,-0.000899165,0,0,0,0,-1e-06,4.034154,27.010717,-5.141529e-10,0.004034159,0.02701075,False,0.029061,False
2025-08-11,CE02SHBP-LJ01D-07-VEL3DC108,11,True,2025-08-11T00:00:00Z,2025-08-11T23:59:59Z,86400,86400,0,1.0,1.000362873,0.999998685,-0.005088237,0,0,0,0,-0.0,5.364869,29.854068,-4.741658e-10,0.005364876,0.02985411,False,0.029749,False
2025-08-12,CE02SHBP-LJ01D-07-VEL3DC108,11,True,2025-08-12T00:00:00Z,2025-08-12T23:59:59Z,86400,86400,0,1.0,1.000362873,0.999998789,-0.00159974,0,0,0,0,-0.0,3.920601,29.303786,-4.396592e-10,0.003920606,0.02930382,False,0.028841,False
2025-08-13,CE02SHBP-LJ01D-07-VEL3DC108,11,True,2025-08-13T00:00:00Z,2025-08-13T23:59:59Z,86400,86400,0,1.0,1.000362873,0.999998761,0.00188232,0,0,0,0,-0.0,5.347432,38.023155,-4.785304e-10,0.005347439,0.0380232,False,0.034586,False
2025-08-14,CE02SHBP-LJ01D-07-VEL3DC108,11,True,2025-08-14T00:00:00Z,2025-08-14T23:59:59Z,86400,86400,0,1.0,1.000362873,0.999998722,0.001699052,0,0,0,0,-0.0,4.359697,28.472022,-4.716287e-10,0.004359703,0.02847206,False,0.025966,False
2025-08-15,CE02SHBP-LJ01D-07-VEL3DC108,11,True,2025-08-15T00:00:00Z,2025-08-15T00:18:32Z,1113,1113,0,1.0,1.000363827,0.999998659,0.000544971,0,0,0,0,-0.0,0.410851,1.504209,-2.96341e-13,0.0004108511,0.001504211,False,0.001406,False
2025-08-16,CE02SHBP-LJ01D-07-VEL3DC108,0,False,,,0,0,,,,,,,,,,,,,,,,,,False
2025-08-17,CE02SHBP-LJ01D-07-VEL3DC108,0,False,,,0,0,,,,,,,,,,,,,,,,,,False
2025-08-18,CE02SHBP-LJ01D-07-VEL3DC108,0,False,,,0,0,,,,,,,,,,,,,,,,,,False
2025-08-19,CE02SHBP-LJ01D-07-VEL3DC108,0,False,,,0,0,,,,,,,,,,,,,,,,,,False
2025-08-20,CE02SHBP-LJ01D-07-VEL3DC108,0,False,,,0,0,,,,,,,,,,,,,,,,,,False
2025-08-21,CE02SHBP-LJ01D-07-VEL3DC108,0,False,,,0,0,,,,,,,,,,,,,,,,,,False
2025-08-22,CE02SHBP-LJ01D-07-VEL3DC108,0,False,,,0,0,,,,,,,,,,,,,,,,,,False
2025-08-23,CE02SHBP-LJ01D-07-VEL3DC108,0,False,,,0,0,,,,,,,,,,,,,,,,,,False
2025-08-24,CE02SHBP-LJ01D-07-VEL3DC108,0,False,,,0,0,,,,,,,,,,,,,,,,,,False
2025-08-25,CE02SHBP-LJ01D-07-VEL3DC108,0,False,,,0,0,,,,,,,,,,,,,,,,,,False
2025-08-26,CE02SHBP-LJ01D-07-VEL3DC108,0,False,,,0,0,,,,,,,,,,,,,,,,,,False
2025-08-27,CE02SHBP-LJ01D-07-VEL3DC108,0,False,,,0,0,,,,,,,,,,,,,,,,,,False
2025-08-28,CE02SHBP-LJ01D-07-VEL3DC108,12,True,2025-08-28T16:19:32Z,2025-08-28T23:59:59Z,27628,27628,0,1.0,1.000362873,0.999998986,-0.010576113,0,0,0,0,0.0,7.435985,49.467871,1.048172e-10,0.007435993,0.04946792,False,0.049474,False
2025-08-29,CE02SHBP-LJ01D-07-VEL3DC108,12,True,2025-08-29T00:00:00Z,2025-08-29T23:59:59Z,86400,86400,0,1.0,1.000362873,0.999998564,-0.002964225,0,0,0,0,-0.0,5.216132,28.44352,-4.783422e-10,0.005216139,0.02844356,False,0.02825,False
2025-08-30,CE02SHBP-LJ01D-07-VEL3DC108,12,True,2025-08-30T00:00:00Z,2025-08-30T23:59:59Z,86400,86400,0,1.0,1.000362873,0.999998514,0.001139074,0,0,0,0,-0.0,4.556894,28.470403,-4.343853e-10,0.004556901,0.02847045,False,0.028615,False
2025-08-31,CE02SHBP-LJ01D-07-VEL3DC108,12,True,2025-08-31T00:00:00Z,2025-08-31T23:59:59Z,86400,86400,0,1.0,1.000362873,0.999998523,0.008398811,0,0,0,0,-0.0,4.068743,25.906964,-4.774852e-10,0.004068749,0.025907,False,0.027916,False
2025-09-01,CE02SHBP-LJ01D-07-VEL3DC108,12,True,2025-09-01T00:00:00Z,2025-09-01T23:59:59Z,86401,86401,0,1.0,1.000362873,0.999998523,0.001526749,0,0,6,6,-1e-06,3.661955,12.499085,-6.02008e-10,0.00366196,0.0124991,False,0.010598,False
2025-09-02,CE02SHBP-LJ01D-07-VEL3DC108,12,True,2025-09-02T00:00:00Z,2025-09-02T23:59:59Z,86400,86400,0,1.0,1.000362873,0.999998496,0.008909306,0,0,0,0,-0.0,6.448018,31.1997,-4.683871e-10,0.006448028,0.03119975,False,0.028509,False
2025-09-03,CE02SHBP-LJ01D-07-VEL3DC108,12,True,2025-09-03T00:00:00Z,2025-09-03T23:59:59Z,86400,86400,0,1.0,1.000362873,0.999998498,-0.002706159,0,0,0,0,-0.0,3.602629,27.095443,-4.96367e-10,0.003602634,0.02709548,False,0.027325,False
2025-09-04,CE02SHBP-LJ01D-07-VEL3DC108,12,True,2025-09-04T00:00:00Z,2025-09-04T23:59:59Z,86400,86400,0,1.0,1.000362873,0.999998478,0.003269363,0,0,0,0,-0.0,3.953043,27.463507,-4.954837e-10,0.003953049,0.02746355,False,0.023509,False
2025-09-05,CE02SHBP-LJ01D-07-VEL3DC108,12,True,2025-09-05T00:00:00Z,2025-09-05T23:59:59Z,86400,86400,0,1.0,1.000362873,0.999998507,-0.001877935,0,0,0,0,-0.0,6.111212,34.05056,-4.336439e-10,0.006111221,0.03405061,False,0.027698,False
2025-09-06,CE02SHBP-LJ01D-07-VEL3DC108,12,True,2025-09-06T00:00:00Z,2025-09-06T23:59:59Z,86400,86400,0,1.0,1.000362873,0.999998291,0.000195168,0,0,0,0,-0.0,11.087391,90.214686,-4.73573e-10,0.01108741,0.09021484,False,0.090229,False
2025-09-07,CE02SHBP-LJ01D-07-VEL3DC108,12,True,2025-09-07T00:00:00Z,2025-09-07T23:59:59Z,86400,86400,0,1.0,1.000362873,0.999998369,0.005223154,0,0,0,0,-1e-06,4.515076,24.996718,-5.170117e-10,0.004515083,0.02499676,False,0.027356,False
2025-09-08,CE02SHBP-LJ01D-07-VEL3DC108,12,True,2025-09-08T00:00:00Z,2025-09-08T23:59:59Z,86400,86400,0,1.0,1.000362873,0.999998355,0.002362328,0,0,0,0,-0.0,4.343488,42.006315,-4.775886e-10,0.004343495,0.04200638,False,0.043323,False
2025-09-09,CE02SHBP-LJ01D-07-VEL3DC108,12,True,2025-09-09T00:00:00Z,2025-09-09T23:59:59Z,86401,86401,0,1.0,1.000362396,0.999998232,0.000335836,0,0,5,5,-0.0,4.837639,28.057179,-3.050012e-10,0.004837647,0.02805723,False,0.028963,False
2025-09-10,CE02SHBP-LJ01D-07-VEL3DC108,12,True,2025-09-10T00:00:00Z,2025-09-10T23:59:59Z,86400,86400,0,1.0,1.000362396,0.99999821,-0.000515343,0,0,0,0,-0.0,5.947478,31.414855,-4.942875e-10,0.005947489,0.03141491,False,0.029328,False
2025-09-11,CE02SHBP-LJ01D-07-VEL3DC108,12,True,2025-09-11T00:00:00Z,2025-09-11T23:59:59Z,86400,86400,0,1.0,1.000362396,0.999998186,-0.003845658,0,0,0,0,-1e-06,9.292528,88.890634,-5.135836e-10,0.009292545,0.0888908,False,0.089887,False
2025-09-12,CE02SHBP-LJ01D-07-VEL3DC108,12,True,2025-09-12T00:00:00Z,2025-09-12T23:59:59Z,86400,86400,0,1.0,1.000362873,0.9999982,-0.001118144,0,0,0,0,-0.0,3.242292,12.36509,-4.529804e-10,0.003242298,0.01236511,False,0.008035,False
2025-09-13,CE02SHBP-LJ01D-07-VEL3DC108,12,True,2025-09-13T00:00:00Z,2025-09-13T23:59:59Z,86400,86400,0,1.0,1.000362396,0.999998212,0.000283271,0,0,0,0,-0.0,4.570557,28.770162,-4.921841e-10,0.004570565,0.02877021,False,0.02916,False
2025-09-14,CE02SHBP-LJ01D-07-VEL3DC108,12,True,2025-09-14T00:00:00Z,2025-09-14T23:59:59Z,86400,86400,0,1.0,1.000362396,0.999998155,-0.00232848,0,0,0,0,-0.0,4.64971,30.781388,-4.905504e-10,0.004649719,0.03078144,False,0.028889,False
2025-09-15,CE02SHBP-LJ01D-07-VEL3DC108,12,True,2025-09-15T00:00:00Z,2025-09-15T23:59:59Z,86401,86401,0,1.0,1.000362396,0.999998156,-0.000949041,0,0,4,4,-0.0,3.785512,28.988648,-9.516991e-11,0.003785519,0.0289887,False,0.027608,False
2025-09-16,CE02SHBP-LJ01D-07-VEL3DC108,12,True,2025-09-16T00:00:00Z,2025-09-16T23:59:59Z,86400,86400,0,1.0,1.000362396,0.999998231,0.004403598,0,0,0,0,-0.0,5.370942,30.210116,-4.557696e-10,0.005370952,0.03021017,False,0.034283,False
2025-09-17,CE02SHBP-LJ01D-07-VEL3DC108,12,True,2025-09-17T00:00:00Z,2025-09-17T23:59:59Z,86400,86400,0,1.0,1.000362396,0.999998135,-0.002329171,0,0,0,0,-1e-06,3.581852,28.982867,-5.209834e-10,0.003581858,0.02898292,False,0.028694,False
2025-09-18,CE02SHBP-LJ01D-07-VEL3DC108,12,True,2025-09-18T00:00:00Z,2025-09-18T23:59:59Z,86400,86400,0,1.0,1.000362396,0.999998148,-0.001285282,0,0,0,0,-0.0,4.51198,29.583576,-4.337837e-10,0.004511988,0.02958363,False,0.027575,False
2025-09-19,CE02SHBP-LJ01D-07-VEL3DC108,12,True,2025-09-19T00:00:00Z,2025-09-19T23:59:59Z,86400,86400,0,1.0,1.000362873,0.999998228,-0.000775203,0,0,0,0,-0.0,2.846949,9.918015,-4.977468e-10,0.002846954,0.009918033,False,0.008114,False
2025-09-20,CE02SHBP-LJ01D-07-VEL3DC108,12,True,2025-09-20T00:00:00Z,2025-09-20T23:59:59Z,86400,86400,0,1.0,1.000362873,0.999998278,0.00392785,0,0,0,0,-0.0,4.401522,30.689879,-4.45571e-10,0.00440153,0.03068993,False,0.028189,False
2025-09-21,CE02SHBP-LJ01D-07-VEL3DC108,12,True,2025-09-21T00:00:00Z,2025-09-21T23:59:59Z,86400,86400,0,1.0,1.000362396,0.999998242,0.002965741,0,0,0,0,-0.0,6.577137,46.731775,-4.858851e-10,0.006577149,0.04673186,False,0.044367,False
2025-09-22,CE02SHBP-LJ01D-07-VEL3DC108,12,True,2025-09-22T00:00:00Z,2025-09-22T23:59:59Z,86401,86401,0,1.0,1.000362873,0.999998263,-0.001639592,0,0,2,2,0.0,4.484659,24.009948,4.440174e-10,0.004484667,0.02400999,False,0.025915,False
2025-09-23,CE02SHBP-LJ01D-07-VEL3DC108,12,True,2025-09-23T00:00:00Z,2025-09-23T23:59:59Z,86400,86400,0,1.0,1.000362396,0.999998179,0.000861665,0,0,0,0,-0.0,4.434116,29.206452,-4.984345e-10,0.004434124,0.02920651,False,0.027545,False
2025-09-24,CE02SHBP-LJ01D-07-VEL3DC108,12,True,2025-09-24T00:00:00Z,2025-09-24T23:59:59Z,86400,86400,0,1.0,1.000362396,0.999998093,0.007594711,0,0,0,0,-1e-06,3.889432,30.066817,-5.027365e-10,0.00388944,0.03006687,False,0.029475,False
2025-09-25,CE02SHBP-LJ01D-07-VEL3DC108,12,True,2025-09-25T00:00:00Z,2025-09-25T23:59:59Z,86400,86400,0,1.0,1.000362396,0.999998148,0.008566082,0,0,0,0,-0.0,5.978337,53.946995,-4.391088e-10,0.005978348,0.0539471,False,0.053037,False
2025-09-26,CE02SHBP-LJ01D-07-VEL3DC108,12,True,2025-09-26T00:00:00Z,2025-09-26T23:59:59Z,86400,86400,0,1.0,1.000362396,0.999998135,0.003741386,0,0,0,0,-0.0,4.508372,17.456656,-4.675377e-10,0.00450838,0.01745669,False,0.01212,False
2025-09-27,CE02SHBP-LJ01D-07-VEL3DC108,12,True,2025-09-27T00:00:00Z,2025-09-27T23:59:59Z,86400,86400,0,1.0,1.000362396,0.999998108,0.00143911,0,0,0,0,-0.0,6.227549,28.251143,-4.999066e-10,0.006227561,0.0282512,False,0.02926,False
2025-09-28,CE02SHBP-LJ01D-07-VEL3DC108,12,True,2025-09-28T00:00:00Z,2025-09-28T23:59:59Z,86401,86401,0,1.0,1.000362396,0.999998082,0.001169183,0,0,3,3,0.0,4.513021,31.135704,2.982094e-10,0.00451303,0.03113576,False,0.02788,False
2025-09-29,CE02SHBP-LJ01D-07-VEL3DC108,12,True,2025-09-29T00:00:00Z,2025-09-29T23:59:59Z,86400,86400,0,1.0,1.000362396,0.999998136,0.009194415,0,0,0,0,-1e-06,8.507979,88.153879,-5.135384e-10,0.008507995,0.08815404,False,0.084254,False
2025-09-30,CE02SHBP-LJ01D-07-VEL3DC108,12,True,2025-09-30T00:00:00Z,2025-09-30T23:59:59Z,86400,86400,0,1.0,1.000362396,0.999998138,-0.006812843,0,0,0,0,-0.0,8.392524,84.485204,-4.886594e-10,0.00839254,0.08448536,False,0.089786,False
2025-10-01,CE02SHBP-LJ01D-07-VEL3DC108,12,True,2025-10-01T00:00:00Z,2025-10-01T23:59:59Z,86400,86400,0,1.0,1.000362873,0.999998653,-0.017445444,0,0,0,0,-0.0,7.049867,26.744852,-4.79503e-10,0.007049876,0.02674489,False,0.028865,False
2025-10-02,CE02SHBP-LJ01D-07-VEL3DC108,12,True,2025-10-02T00:00:00Z,2025-10-02T23:59:59Z,86400,86400,0,1.0,1.000362873,0.999998728,0.00532143,0,0,0,0,-1e-06,4.134534,29.619827,-5.005794e-10,0.004134539,0.02961986,False,0.029862,False
2025-10-03,CE02SHBP-LJ01D-07-VEL3DC108,12,True,2025-10-03T00:00:00Z,2025-10-03T23:59:59Z,86400,86400,0,1.0,1.000362873,0.999998665,0.00078394,0,0,0,0,-1e-06,4.886434,32.943822,-5.171553e-10,0.00488644,0.03294387,False,0.029279,False
2025-10-04,CE02SHBP-LJ01D-07-VEL3DC108,12,True,2025-10-04T00:00:00Z,2025-10-04T23:59:59Z,86400,86400,0,1.0,1.000362873,0.999998613,0.008853067,0,0,0,0,-0.0,4.104608,26.970812,-4.830537e-10,0.004104613,0.02697085,False,0.027151,False
2025-10-05,CE02SHBP-LJ01D-07-VEL3DC108,12,True,2025-10-05T00:00:00Z,2025-10-05T23:59:59Z,86400,86400,0,1.0,1.000362873,0.99999867,0.006643074,0,0,0,0,-0.0,4.6155,30.773255,-4.741039e-10,0.004615506,0.0307733,False,0.025749,False
2025-10-06,CE02SHBP-LJ01D-07-VEL3DC108,12,True,2025-10-06T00:00:00Z,2025-10-06T23:59:59Z,86401,86401,0,1.0,1.000362873,0.999998665,0.004315232,0,0,2,2,0.0,4.952314,45.227015,6.444453e-12,0.004952321,0.04522707,False,0.04388,False
2025-10-07,CE02SHBP-LJ01D-07-VEL3DC108,12,True,2025-10-07T00:00:00Z,2025-10-07T23:59:59Z,86400,86400,0,1.0,1.000362873,0.999998762,-0.002197283,0,0,0,0,-0.0,5.941385,27.704039,-4.665112e-10,0.005941392,0.02770407,False,0.028911,False
2025-10-08,CE02SHBP-LJ01D-07-VEL3DC108,12,True,2025-10-08T00:00:00Z,2025-10-08T23:59:59Z,86400,86400,0,1.0,1.000362873,0.999998781,0.002262051,0,0,0,0,-0.0,8.502658,87.97177,-4.4545e-10,0.008502668,0.08797188,False,0.090223,False
2025-10-09,CE02SHBP-LJ01D-07-VEL3DC108,12,True,2025-10-09T00:00:00Z,2025-10-09T23:59:59Z,86400,86400,0,1.0,1.000362873,0.999998662,0.00524408,0,0,0,0,-0.0,5.365977,41.826042,-4.239851e-10,0.005365984,0.0418261,False,0.04272,False
2025-10-10,CE02SHBP-LJ01D-07-VEL3DC108,12,True,2025-10-10T00:00:00Z,2025-10-10T23:59:59Z,86400,86400,0,1.0,1.000362873,0.9999987,0.04362806,0,0,0,0,-1e-06,4.852452,44.988736,-5.078113e-10,0.004852458,0.04498879,False,0.044302,False
2025-10-11,CE02SHBP-LJ01D-07-VEL3DC108,12,True,2025-10-11T00:00:00Z,2025-10-11T23:59:59Z,86400,86400,0,1.0,1.000362873,0.999998539,0.002351343,0,0,0,0,-0.0,3.916456,29.461232,-4.403206e-10,0.003916462,0.02946128,False,0.029821,False
2025-10-12,CE02SHBP-LJ01D-07-VEL3DC108,12,True,2025-10-12T00:00:00Z,2025-10-12T23:59:59Z,86400,86400,0,1.0,1.000362873,0.999998546,0.006691083,0,0,0,0,-0.0,4.127416,30.010492,-4.878262e-10,0.004127422,0.03001054,False,0.029029,False
2025-10-13,CE02SHBP-LJ01D-07-VEL3DC108,12,True,2025-10-13T00:00:00Z,2025-10-13T23:59:59Z,86400,86400,0,1.0,1.000362873,0.999998558,-0.000738256,0,0,0,0,-1e-06,5.379789,48.075035,-5.23478e-10,0.005379797,0.0480751,False,0.045549,False
2025-10-14,CE02SHBP-LJ01D-07-VEL3DC108,12,True,2025-10-14T00:00:00Z,2025-10-14T23:59:59Z,86400,86400,0,1.0,1.000362873,0.999998554,0.004563215,0,0,0,0,-1e-06,5.874645,18.196622,-5.094126e-10,0.005874653,0.01819665,False,0.011707,False
2025-10-15,CE02SHBP-LJ01D-07-VEL3DC108,12,True,2025-10-15T00:00:00Z,2025-10-15T23:59:59Z,86401,86401,0,1.0,1.000362873,0.999998482,0.00015087,0,0,4,4,0.0,3.82644,13.911636,9.229117e-11,0.003826446,0.01391166,False,0.008266,False
2025-10-16,CE02SHBP-LJ01D-07-VEL3DC108,12,True,2025-10-16T00:00:00Z,2025-10-16T23:59:59Z,86400,86400,0,1.0,1.000362873,0.999998653,0.000795207,0,0,0,0,-1e-06,3.557725,14.276448,-5.061255e-10,0.00355773,0.01427647,False,0.01203,False
2025-10-17,CE02SHBP-LJ01D-07-VEL3DC108,12,True,2025-10-17T00:00:00Z,2025-10-17T23:59:59Z,86400,86400,0,1.0,1.000362873,0.999998574,-0.00097923,0,0,0,0,-1e-06,6.685225,50.6103,-5.477252e-10,0.006685235,0.05061037,False,0.044027,False
2025-10-18,CE02SHBP-LJ01D-07-VEL3DC108,12,True,2025-10-18T00:00:00Z,2025-10-18T23:59:59Z,86400,86400,0,1.0,1.000362873,0.999998515,0.002773667,0,0,0,0,-0.0,4.557276,21.586279,-4.83278e-10,0.004557283,0.02158631,False,0.028011,False
2025-10-19,CE02SHBP-LJ01D-07-VEL3DC108,12,True,2025-10-19T00:00:00Z,2025-10-19T23:59:59Z,86400,86400,0,1.0,1.000362873,0.999998603,0.005204205,0,0,0,0,-1e-06,4.402353,29.079063,-5.088594e-10,0.004402359,0.0290791,False,0.03055,False
2025-10-20,CE02SHBP-LJ01D-07-VEL3DC108,12,True,2025-10-20T00:00:00Z,2025-10-20T23:59:59Z,86400,86400,0,1.0,1.000362873,0.999998559,0.003288672,0,0,0,0,-0.0,2.704715,10.100604,-4.966771e-10,0.002704719,0.01010062,False,0.011397,False
2025-10-21,CE02SHBP-LJ01D-07-VEL3DC108,12,True,2025-10-21T00:00:00Z,2025-10-21T23:59:59Z,86400,86400,0,1.0,1.000362873,0.999998594,-0.004039953,0,0,0,0,-1e-06,4.615883,14.186878,-5.262219e-10,0.004615889,0.0141869,False,0.01197,False
2025-10-22,CE02SHBP-LJ01D-07-VEL3DC108,12,True,2025-10-22T00:00:00Z,2025-10-22T23:59:59Z,86400,86400,0,1.0,1.000362873,0.999998624,0.002880091,0,0,0,0,-0.0,5.808167,30.007185,-4.731327e-10,0.005808175,0.03000723,False,0.029425,False
2025-10-23,CE02SHBP-LJ01D-07-VEL3DC108,12,True,2025-10-23T00:00:00Z,2025-10-23T23:59:59Z,86401,86401,0,1.0,1.000362873,0.999998626,-0.00127792,0,0,1,1,-1e-06,9.475916,89.675183,-6.661192e-10,0.009475929,0.08967531,False,0.082195,False
2025-10-24,CE02SHBP-LJ01D-07-VEL3DC108,12,True,2025-10-24T00:00:00Z,2025-10-24T23:59:59Z,86400,86400,0,1.0,1.000362873,0.999998504,-0.001355655,0,0,0,0,-0.0,4.380408,30.813707,-4.584755e-10,0.004380415,0.03081375,False,0.027525,False
2025-10-25,CE02SHBP-LJ01D-07-VEL3DC108,12,True,2025-10-25T00:00:00Z,2025-10-25T23:59:59Z,86400,86400,0,1.0,1.000362873,0.999998388,-0.004956953,0,0,0,0,-1e-06,4.397816,13.643458,-5.095728e-10,0.004397823,0.01364348,False,0.012401,False
2025-10-26,CE02SHBP-LJ01D-07-VEL3DC108,12,True,2025-10-26T00:00:00Z,2025-10-26T23:59:59Z,86400,86400,0,1.0,1.000362873,0.999998411,0.011050595,0,0,0,0,-0.0,4.989687,30.787505,-4.719745e-10,0.004989695,0.03078755,False,0.02869,False
2025-10-27,CE02SHBP-LJ01D-07-VEL3DC108,12,True,2025-10-27T00:00:00Z,2025-10-27T23:59:59Z,86400,86400,0,1.0,1.000362873,0.999998772,0.005101418,0,0,0,0,-0.0,4.556481,29.437991,-4.097023e-10,0.004556486,0.02943803,False,0.029556,False
2025-10-28,CE02SHBP-LJ01D-07-VEL3DC108,12,True,2025-10-28T00:00:00Z,2025-10-28T23:59:59Z,86400,86400,0,1.0,1.000362873,0.999998802,0.0052883,0,0,0,0,-0.0,4.837464,28.590489,-4.954854e-10,0.00483747,0.02859052,False,0.02924,False
2025-10-29,CE02SHBP-LJ01D-07-VEL3DC108,12,True,2025-10-29T00:00:00Z,2025-10-29T23:59:59Z,86400,86400,0,1.0,1.000362873,0.999998744,0.001837494,0,0,0,0,-1e-06,4.637938,31.188808,-5.135687e-10,0.004637943,0.03118885,False,0.028923,False
2025-10-30,CE02SHBP-LJ01D-07-VEL3DC108,12,True,2025-10-30T00:00:00Z,2025-10-30T23:59:59Z,86400,86400,0,1.0,1.000362873,0.999998515,0.006969586,0,0,0,0,-1e-06,9.058956,84.72295,-5.26422e-10,0.009058969,0.08472308,False,0.088225,False
2025-10-31,CE02SHBP-LJ01D-07-VEL3DC108,12,True,2025-10-31T00:00:00Z,2025-10-31T23:59:59Z,85789,86401,612,1.0,1.000362873,0.999998295,0.004126092,7,612,7,618,-0.0,4.674962,16.823103,-2.424758e-10,0.00467497,0.01682313,False,0.223238,True
2025-11-01,CE02SHBP-LJ01D-07-VEL3DC108,12,True,2025-11-01T00:00:00Z,2025-11-01T23:59:59Z,86400,86400,0,1.0,1.000362873,0.999998698,-0.000885643,0,0,0,0,-0.0,5.608939,28.987927,-4.624219e-10,0.005608946,0.02898796,False,0.028312,False
2025-11-02,CE02SHBP-LJ01D-07-VEL3DC108,12,True,2025-11-02T00:00:00Z,2025-11-02T23:59:59Z,86400,86400,0,1.0,1.000362873,0.999998736,0.005346294,0,0,0,0,-0.0,5.012117,15.275157,-4.797583e-10,0.005012124,0.01527518,False,0.008157,False
2025-11-03,CE02SHBP-LJ01D-07-VEL3DC108,12,True,2025-11-03T00:00:00Z,2025-11-03T23:59:59Z,86298,86400,102,1.0,1.000362873,0.999998315,0.009105015,1,102,1,102,-0.0,5.501265,35.052916,-3.972113e-10,0.005501274,0.03505298,False,0.037368,True
2025-11-04,CE02SHBP-LJ01D-07-VEL3DC108,12,True,2025-11-04T00:00:00Z,2025-11-04T23:59:59Z,85950,86400,450,1.0,1.000362873,0.999998317,-0.001519893,3,450,3,450,-0.0,4.772809,32.404151,-3.897327e-10,0.004772817,0.03240421,False,0.076993,True
2025-11-05,CE02SHBP-LJ01D-07-VEL3DC108,12,True,2025-11-05T00:00:00Z,2025-11-05T23:59:59Z,86400,86400,0,1.0,1.000362873,0.999998779,0.001274894,0,0,0,0,-0.0,6.973585,29.511946,-4.295086e-10,0.006973593,0.02951198,False,0.029161,False
2025-11-06,CE02SHBP-LJ01D-07-VEL3DC108,12,True,2025-11-06T00:00:00Z,2025-11-06T23:59:59Z,86400,86400,0,1.0,1.000362396,0.999998403,-0.000493465,0,0,0,0,-0.0,4.87197,27.621222,-4.762761e-10,0.004871978,0.02762127,False,0.029074,False
2025-11-07,CE02SHBP-LJ01D-07-VEL3DC108,12,True,2025-11-07T00:00:00Z,2025-11-07T23:59:59Z,86400,86400,0,1.0,1.000362873,0.999998541,-0.001969206,0,0,0,0,-0.0,4.498752,14.357803,-4.967051e-10,0.004498758,0.01435782,False,0.008164,False
2025-11-08,CE02SHBP-LJ01D-07-VEL3DC108,12,True,2025-11-08T00:00:00Z,2025-11-08T23:59:59Z,86401,86401,0,1.0,1.000362873,0.999998534,0.001735947,0,0,3,3,0.0,5.30424,31.699388,2.519698e-10,0.005304248,0.03169943,False,0.029383,False
2025-11-09,CE02SHBP-LJ01D-07-VEL3DC108,12,True,2025-11-09T00:00:00Z,2025-11-09T23:59:59Z,86400,86400,0,1.0,1.000362873,0.999998377,0.0072906,0,0,0,0,-0.0,4.464195,26.498638,-4.959821e-10,0.004464202,0.02649868,False,0.031595,False
2025-11-10,CE02SHBP-LJ01D-07-VEL3DC108,12,True,2025-11-10T00:00:00Z,2025-11-10T23:59:59Z,86400,86400,0,1.0,1.000362873,0.999998438,-0.002442114,0,0,0,0,-1e-06,4.399403,27.78455,-5.246476e-10,0.00439941,0.02778459,False,0.02893,False
2025-11-11,CE02SHBP-LJ01D-07-VEL3DC108,12,True,2025-11-11T00:00:00Z,2025-11-11T23:59:59Z,86400,86400,0,1.0,1.000362873,0.999998634,-0.000930844,0,0,0,0,-0.0,3.557081,28.902347,-4.685131e-10,0.003557086,0.02890239,False,0.028981,False
2025-11-12,CE02SHBP-LJ01D-07-VEL3DC108,12,True,2025-11-12T00:00:00Z,2025-11-12T23:59:59Z,86400,86400,0,1.0,1.000362873,0.999998682,0.005713678,0,0,0,0,-1e-06,5.662229,30.224824,-5.094371e-10,0.005662236,0.03022486,False,0.029596,False
2025-11-13,CE02SHBP-LJ01D-07-VEL3DC108,12,True,2025-11-13T00:00:00Z,2025-11-13T23:59:59Z,86400,86400,0,1.0,1.000362873,0.999998602,-0.000409665,0,0,0,0,-0.0,4.280347,27.906686,-4.740688e-10,0.004280353,0.02790673,False,0.02898,False
2025-11-14,CE02SHBP-LJ01D-07-VEL3DC108,12,True,2025-11-14T00:00:00Z,2025-11-14T23:59:59Z,86400,86400,0,1.0,1.000362396,0.999998449,-0.002409082,0,0,0,0,-0.0,5.538997,16.458915,-4.38259e-10,0.005539005,0.01645894,False,0.012053,False
2025-11-15,CE02SHBP-LJ01D-07-VEL3DC108,12,True,2025-11-15T00:00:00Z,2025-11-15T23:59:59Z,86400,86400,0,1.0,1.000362396,0.999998347,-0.001965151,0,0,0,0,-0.0,4.89795,31.869949,-4.796936e-10,0.004897958,0.03187,False,0.035376,False
2025-11-16,CE02SHBP-LJ01D-07-VEL3DC108,12,True,2025-11-16T00:00:00Z,2025-11-16T23:59:59Z,86401,86401,0,1.0,1.000362873,0.999998378,0.007214157,0,0,4,4,0.0,3.209271,11.349346,2.962496e-10,0.003209276,0.01134936,False,0.011667,False
2025-11-17,CE02SHBP-LJ01D-07-VEL3DC108,12,True,2025-11-17T00:00:00Z,2025-11-17T23:59:59Z,86400,86400,0,1.0,1.000362873,0.999998452,0.002437754,0,0,0,0,-1e-06,5.292809,30.411183,-5.068308e-10,0.005292817,0.03041123,False,0.029351,False
2025-11-18,CE02SHBP-LJ01D-07-VEL3DC108,12,True,2025-11-18T00:00:00Z,2025-11-18T23:59:59Z,86400,86400,0,1.0,1.000362873,0.99999858,-0.003710643,0,0,0,0,-0.0,5.454699,26.073829,-4.541415e-10,0.005454707,0.02607387,False,0.028851,False
2025-11-19,CE02SHBP-LJ01D-07-VEL3DC108,12,True,2025-11-19T00:00:00Z,2025-11-19T23:59:59Z,86400,86400,0,1.0,1.000362873,0.999998762,-0.003100697,0,0,0,0,-0.0,8.29641,83.761209,-4.476439e-10,0.00829642,0.08376131,False,0.083985,False
2025-11-20,CE02SHBP-LJ01D-07-VEL3DC108,12,True,2025-11-20T00:00:00Z,2025-11-20T23:59:59Z,86400,86400,0,1.0,1.000362873,0.999998622,0.000814938,0,0,0,0,-0.0,3.153411,9.822866,-4.256608e-10,0.003153415,0.00982288,False,0.014346,False
2025-11-21,CE02SHBP-LJ01D-07-VEL3DC108,12,True,2025-11-21T00:00:00Z,2025-11-21T23:59:59Z,86400,86400,0,1.0,1.000362396,0.999998428,-0.000483396,0,0,0,0,-1e-06,4.152159,29.864344,-5.049379e-10,0.004152165,0.02986439,False,0.028342,False
2025-11-22,CE02SHBP-LJ01D-07-VEL3DC108,12,True,2025-11-22T00:00:00Z,2025-11-22T23:59:59Z,86400,86400,0,1.0,1.000362396,0.999998451,0.004051666,0,0,0,0,-0.0,4.09093,26.464451,-4.872572e-10,0.004090937,0.02646449,False,0.026726,False
2025-11-23,CE02SHBP-LJ01D-07-VEL3DC108,12,True,2025-11-23T00:00:00Z,2025-11-23T23:59:59Z,86401,86401,0,1.0,1.000362873,0.999998469,-0.001375957,0,0,6,6,-0.0,5.149405,45.662006,-4.621176e-11,0.005149413,0.04566208,False,0.04436,False
2025-11-24,CE02SHBP-LJ01D-07-VEL3DC108,12,True,2025-11-24T00:00:00Z,2025-11-24T23:59:59Z,86400,86400,0,1.0,1.000362873,0.99999843,0.003949269,0,0,0,0,-0.0,4.120432,28.014198,-4.786175e-10,0.004120439,0.02801424,False,0.028218,False
2025-11-25,CE02SHBP-LJ01D-07-VEL3DC108,12,True,2025-11-25T00:00:00Z,2025-11-25T23:59:59Z,86400,86400,0,1.0,1.000362873,0.999998522,-0.004998651,0,0,0,0,-0.0,3.028205,11.924405,-4.890433e-10,0.003028209,0.01192442,False,0.008004,False
2025-11-26,CE02SHBP-LJ01D-07-VEL3DC108,12,True,2025-11-26T00:00:00Z,2025-11-26T23:59:59Z,86400,86400,0,1.0,1.000362873,0.999998479,0.001190814,0,0,0,0,-1e-06,4.318283,28.652351,-5.315483e-10,0.00431829,0.02865239,False,0.023663,False
2025-11-27,CE02SHBP-LJ01D-07-VEL3DC108,12,True,2025-11-27T00:00:00Z,2025-11-27T23:59:59Z,86400,86400,0,1.0,1.000362873,0.999998358,0.001639532,0,0,0,0,-1e-06,3.977802,29.910731,-5.137797e-10,0.003977808,0.02991078,False,0.028523,False
2025-11-28,CE02SHBP-LJ01D-07-VEL3DC108,12,True,2025-11-28T00:00:00Z,2025-11-28T23:59:59Z,86400,86400,0,1.0,1.000362873,0.999998518,0.003964223,0,0,0,0,-0.0,4.878597,30.702052,-4.772317e-10,0.004878604,0.0307021,False,0.028638,False
2025-11-29,CE02SHBP-LJ01D-07-VEL3DC108,12,True,2025-11-29T00:00:00Z,2025-11-29T23:59:59Z,86400,86400,0,1.0,1.000362873,0.999998604,0.000650976,0,0,0,0,-0.0,3.910988,29.857983,-4.660597e-10,0.003910993,0.02985803,False,0.028503,False
2025-11-30,CE02SHBP-LJ01D-07-VEL3DC108,12,True,2025-11-30T00:00:00Z,2025-11-30T23:59:59Z,86400,86400,0,1.0,1.000362873,0.999998603,-0.002178715,0,0,0,0,-0.0,3.936438,24.971229,-4.609052e-10,0.003936443,0.02497126,False,0.021154,False
2025-12-01,CE02SHBP-LJ01D-07-VEL3DC108,12,True,2025-12-01T00:00:00Z,2025-12-01T23:59:59Z,86401,86401,0,1.0,1.000361919,0.999998538,0.008897059,0,0,7,7,-1e-06,4.594878,26.338862,-5.666666e-10,0.004594885,0.0263389,False,0.028794,False
2025-12-02,CE02SHBP-LJ01D-07-VEL3DC108,12,True,2025-12-02T00:00:00Z,2025-12-02T23:59:59Z,86400,86400,0,1.0,1.000362873,0.999998581,0.001389188,0,0,0,0,-1e-06,4.76617,23.946527,-5.053972e-10,0.004766177,0.02394656,False,0.027594,False
2025-12-03,CE02SHBP-LJ01D-07-VEL3DC108,12,True,2025-12-03T00:00:00Z,2025-12-03T23:59:59Z,86400,86400,0,1.0,1.000362396,0.999998283,-0.001933416,0,0,0,0,-0.0,11.267969,86.99356,-4.88769e-10,0.01126799,0.08699371,False,0.082116,False
2025-12-04,CE02SHBP-LJ01D-07-VEL3DC108,12,True,2025-12-04T00:00:00Z,2025-12-04T23:59:59Z,86400,86400,0,1.0,1.000362873,0.999998384,-0.003864241,0,0,0,0,-1e-06,3.918869,26.174063,-5.023981e-10,0.003918875,0.02617411,False,0.027487,False
2025-12-05,CE02SHBP-LJ01D-07-VEL3DC108,12,True,2025-12-05T00:00:00Z,2025-12-05T23:59:59Z,86400,86400,0,1.0,1.000362873,0.99999843,-0.006772797,0,0,0,0,-1e-06,7.320212,31.851735,-5.240812e-10,0.007320224,0.03185179,False,0.029042,False
2025-12-06,CE02SHBP-LJ01D-07-VEL3DC108,12,True,2025-12-06T00:00:00Z,2025-12-06T23:59:59Z,86400,86400,0,1.0,1.000362396,0.999998306,-0.006708653,0,0,0,0,-0.0,4.895591,14.637105,-4.192361e-10,0.004895599,0.01463713,False,0.008261,False
2025-12-07,CE02SHBP-LJ01D-07-VEL3DC108,12,True,2025-12-07T00:00:00Z,2025-12-07T23:59:59Z,86400,86400,0,1.0,1.000362873,0.999998835,-0.006567634,0,0,0,0,-0.0,8.146087,83.164196,-4.819589e-10,0.008146096,0.08316429,False,0.088844,False
2025-12-08,CE02SHBP-LJ01D-07-VEL3DC108,12,True,2025-12-08T00:00:00Z,2025-12-08T23:59:59Z,86400,86400,0,1.0,1.000362873,0.999998671,-0.003396335,0,0,0,0,-0.0,6.128041,35.528092,-4.519472e-10,0.006128049,0.03552814,False,0.029168,False
2025-12-09,CE02SHBP-LJ01D-07-VEL3DC108,12,True,2025-12-09T00:00:00Z,2025-12-09T23:59:59Z,86401,86401,0,1.0,1.000362873,0.999998506,0.004000201,0,0,2,2,-1e-06,4.26152,19.15915,-7.257338e-10,0.004261527,0.01915918,False,0.012736,False
2025-12-10,CE02SHBP-LJ01D-07-VEL3DC108,12,True,2025-12-10T00:00:00Z,2025-12-10T23:59:59Z,86400,86400,0,1.0,1.000362873,0.999998427,0.000886695,0,0,0,0,-0.0,4.991775,29.145765,-4.814558e-10,0.004991783,0.02914581,False,0.036045,False
2025-12-11,CE02SHBP-LJ01D-07-VEL3DC108,12,True,2025-12-11T00:00:00Z,2025-12-11T23:59:59Z,86400,86400,0,1.0,1.000361919,0.999998477,-0.002164447,0,0,0,0,-1e-06,6.271871,34.739396,-5.028529e-10,0.006271881,0.03473945,False,0.029938,False
2025-12-12,CE02SHBP-LJ01D-07-VEL3DC108,12,True,2025-12-12T00:00:00Z,2025-12-12T23:59:59Z,86400,86400,0,1.0,1.000362873,0.99999858,0.012639913,0,0,0,0,-0.0,9.630584,88.595463,-4.636199e-10,0.009630598,0.08859559,False,0.081459,False
2025-12-13,CE02SHBP-LJ01D-07-VEL3DC108,12,True,2025-12-13T00:00:00Z,2025-12-13T23:59:59Z,86400,86400,0,1.0,1.000362873,0.99999877,0.000177672,0,0,0,0,-0.0,4.249589,26.51308,-4.354068e-10,0.004249594,0.02651311,False,0.028916,False
2025-12-14,CE02SHBP-LJ01D-07-VEL3DC108,12,True,2025-12-14T00:00:00Z,2025-12-14T23:59:59Z,86400,86400,0,1.0,1.000362873,0.999998654,0.004172763,0,0,0,0,-0.0,3.712608,12.5484,-4.529009e-10,0.003712613,0.01254842,False,0.010879,False
2025-12-15,CE02SHBP-LJ01D-07-VEL3DC108,12,True,2025-12-15T00:00:00Z,2025-12-15T23:59:59Z,86400,86400,0,1.0,1.000362873,0.999998482,-0.001272926,0,0,0,0,-1e-06,4.777862,30.029711,-5.169416e-10,0.004777869,0.03002976,False,0.028233,False
2025-12-16,CE02SHBP-LJ01D-07-VEL3DC108,12,True,2025-12-16T00:00:00Z,2025-12-16T23:59:59Z,86400,86400,0,1.0,1.000362873,0.999998568,-0.003492618,0,0,0,0,-0.0,5.068927,30.761843,-4.731176e-10,0.005068935,0.03076189,False,0.029189,False
2025-12-17,CE02SHBP-LJ01D-07-VEL3DC108,12,True,2025-12-17T00:00:00Z,2025-12-17T23:59:59Z,86401,86401,0,1.0,1.000362396,0.99999852,0.002426501,0,0,5,5,-0.0,6.257483,48.234475,-4.098696e-10,0.006257492,0.04823455,False,0.045462,False
2025-12-18,CE02SHBP-LJ01D-07-VEL3DC108,12,True,2025-12-18T00:00:00Z,2025-12-18T23:59:59Z,86400,86400,0,1.0,1.000362873,0.999998502,0.00103509,0,0,0,0,-0.0,6.361343,34.496522,-4.559282e-10,0.006361353,0.03449657,False,0.033948,False
2025-12-19,CE02SHBP-LJ01D-07-VEL3DC108,12,True,2025-12-19T00:00:00Z,2025-12-19T23:59:59Z,86400,86400,0,1.0,1.000362873,0.999998407,0.013735499,0,0,0,0,-0.0,5.348785,28.721892,-4.764569e-10,0.005348793,0.02872194,False,0.029091,False
2025-12-20,CE02SHBP-LJ01D-07-VEL3DC108,12,True,2025-12-20T00:00:00Z,2025-12-20T23:59:59Z,86400,86400,0,1.0,1.000362396,0.999998466,0.000995412,0,0,0,0,-1e-06,9.778222,83.903114,-5.203647e-10,0.009778237,0.08390324,False,0.090009,False
2025-12-21,CE02SHBP-LJ01D-07-VEL3DC108,12,True,2025-12-21T00:00:00Z,2025-12-21T23:59:59Z,86400,86400,0,1.0,1.000362873,0.999998428,-0.001376918,0,0,0,0,-0.0,4.096713,12.397277,-4.488407e-10,0.004096719,0.0123973,False,0.012474,False
2025-12-22,CE02SHBP-LJ01D-07-VEL3DC108,12,True,2025-12-22T00:00:00Z,2025-12-22T23:59:59Z,86400,86400,0,1.0,1.000362873,0.999998596,0.00167165,0,0,0,0,-1e-06,3.152851,11.562301,-5.034809e-10,0.003152855,0.01156232,False,0.012396,False
2025-12-23,CE02SHBP-LJ01D-07-VEL3DC108,12,True,2025-12-23T00:00:00Z,2025-12-23T23:59:59Z,86400,86400,0,1.0,1.000362873,0.999998574,0.003847319,0,0,0,0,-1e-06,4.75078,18.727054,-5.054673e-10,0.004750787,0.01872708,False,0.012702,False
2025-12-24,CE02SHBP-LJ01D-07-VEL3DC108,12,True,2025-12-24T00:00:00Z,2025-12-24T23:59:59Z,86400,86400,0,1.0,1.000362873,0.999998381,0.016066635,0,0,0,0,-0.0,4.155824,18.149546,-4.730596e-10,0.004155831,0.01814958,False,0.008009,False
2025-12-25,CE02SHBP-LJ01D-07-VEL3DC108,12,True,2025-12-25T00:00:00Z,2025-12-25T23:59:59Z,86401,86401,0,1.0,1.000362396,0.999998361,0.001295215,0,0,4,4,0.0,4.042214,15.074104,4.36237e-10,0.00404222,0.01507413,False,0.00912,False
2025-12-26,CE02SHBP-LJ01D-07-VEL3DC108,12,True,2025-12-26T00:00:00Z,2025-12-26T23:59:59Z,86400,86400,0,1.0,1.000362396,0.999998256,0.003437832,0,0,0,0,-0.0,5.301689,30.585729,-4.943367e-10,0.005301698,0.03058578,False,0.032438,False
2025-12-27,CE02SHBP-LJ01D-07-VEL3DC108,12,True,2025-12-27T00:00:00Z,2025-12-27T23:59:59Z,86400,86400,0,1.0,1.000362873,0.999998398,0.000339693,0,0,0,0,-0.0,4.964353,29.741163,-4.922639e-10,0.004964361,0.02974121,False,0.028338,False
2025-12-28,CE02SHBP-LJ01D-07-VEL3DC108,12,True,2025-12-28T00:00:00Z,2025-12-28T23:59:59Z,86400,86400,0,1.0,1.000362873,0.999998548,-0.000580391,0,0,0,0,-1e-06,3.838664,26.438582,-5.143629e-10,0.003838669,0.02643862,False,0.019539,False
2025-12-29,CE02SHBP-LJ01D-07-VEL3DC108,12,True,2025-12-29T00:00:00Z,2025-12-29T23:59:59Z,86400,86400,0,1.0,1.000362396,0.999998454,0.002503109,0,0,0,0,-1e-06,4.416644,18.349455,-5.118293e-10,0.004416651,0.01834948,False,0.014709,False
2025-12-30,CE02SHBP-LJ01D-07-VEL3DC108,12,True,2025-12-30T00:00:00Z,2025-12-30T23:59:59Z,86400,86400,0,1.0,1.000362873,0.999998415,-0.000328615,0,0,0,0,-0.0,5.313728,29.874027,-4.866412e-10,0.005313736,0.02987407,False,0.027777,False
2025-12-31,CE02SHBP-LJ01D-07-VEL3DC108,12,True,2025-12-31T00:00:00Z,2025-12-31T23:59:59Z,86400,86400,0,1.0,1.000362873,0.999998424,-0.000143068,0,0,0,0,-0.0,5.537375,29.263803,-4.652701e-10,0.005537384,0.02926385,False,0.028719,False
2026-01-01,CE02SHBP-LJ01D-07-VEL3DC108,12,True,2026-01-01T00:00:00Z,2026-01-01T23:59:59Z,86401,86401,0,1.0,1.000362873,0.999998392,-0.000752951,0,0,5,5,0.0,3.475221,12.228465,4.385722e-10,0.003475227,0.01222848,False,0.012773,False
2026-01-02,CE02SHBP-LJ01D-07-VEL3DC108,12,True,2026-01-02T00:00:00Z,2026-01-02T23:59:59Z,86400,86400,0,1.0,1.000362873,0.999998734,-0.006884585,0,0,0,0,-0.0,7.486412,22.545003,-4.575756e-10,0.007486421,0.02254503,False,0.010002,False
2026-01-03,CE02SHBP-LJ01D-07-VEL3DC108,12,True,2026-01-03T00:00:00Z,2026-01-03T23:59:59Z,86400,86400,0,1.0,1.000362396,0.99999855,-0.00490532,0,0,0,0,-1e-06,5.147377,44.845154,-5.015377e-10,0.005147384,0.04484522,False,0.045164,False
2026-01-04,CE02SHBP-LJ01D-07-VEL3DC108,12,True,2026-01-04T00:00:00Z,2026-01-04T23:59:59Z,86248,86400,152,1.0,1.000362873,0.999998356,0.007757169,1,152,1,152,0.0,5.55728,29.573295,2.106452e-10,0.005557289,0.02957334,False,0.05616,True
2026-01-05,CE02SHBP-LJ01D-07-VEL3DC108,12,True,2026-01-05T00:00:00Z,2026-01-05T23:59:59Z,86400,86400,0,1.0,1.000362873,0.999998421,-0.004187718,0,0,0,0,-0.0,5.307331,31.543317,-4.83285e-10,0.00530734,0.03154337,False,0.032485,False
2026-01-06,CE02SHBP-LJ01D-07-VEL3DC108,12,True,2026-01-06T00:00:00Z,2026-01-06T23:59:59Z,86400,86400,0,1.0,1.000362873,0.999998549,0.007361722,0,0,0,0,-0.0,4.60008,28.576236,-4.667735e-10,0.004600086,0.02857628,False,0.028782,False
2026-01-07,CE02SHBP-LJ01D-07-VEL3DC108,12,True,2026-01-07T00:00:00Z,2026-01-07T23:59:59Z,86400,86400,0,1.0,1.000362396,0.99999828,-0.001499845,0,0,0,0,-0.0,4.009344,25.576458,-4.819763e-10,0.004009351,0.0255765,False,0.026084,False
2026-01-08,CE02SHBP-LJ01D-07-VEL3DC108,12,True,2026-01-08T00:00:00Z,2026-01-08T23:59:59Z,86401,86401,0,1.0,1.000362396,0.999998364,0.00186198,0,0,3,3,0.0,6.046767,34.765723,2.762263e-10,0.006046777,0.03476578,False,0.027297,False
2026-01-09,CE02SHBP-LJ01D-07-VEL3DC108,12,True,2026-01-09T00:00:01Z,2026-01-09T23:59:59Z,86400,86400,0,1.0,1.000362396,0.999998382,0.002847869,0,0,0,0,-0.0,4.521779,27.448006,-4.873736e-10,0.004521786,0.02744805,False,0.029283,False
2026-01-10,CE02SHBP-LJ01D-07-VEL3DC108,12,True,2026-01-10T00:00:00Z,2026-01-10T23:59:59Z,86400,86400,0,1.0,1.000362873,0.999998299,0.000786601,0,0,0,0,-0.0,8.035351,84.745445,-4.848554e-10,0.008035365,0.08474559,False,0.089895,False
2026-01-11,CE02SHBP-LJ01D-07-VEL3DC108,12,True,2026-01-11T00:00:00Z,2026-01-11T23:59:59Z,86400,86400,0,1.0,1.000361919,0.999998368,-0.005684967,0,0,0,0,-1e-06,5.154657,28.839373,-5.032245e-10,0.005154665,0.02883942,False,0.030325,False
2026-01-12,CE02SHBP-LJ01D-07-VEL3DC108,12,True,2026-01-12T00:00:00Z,2026-01-12T23:59:59Z,86400,86400,0,1.0,1.000361919,0.999998286,0.005731751,0,0,0,0,-0.0,4.260892,26.020728,-4.596636e-10,0.004260899,0.02602077,False,0.029137,False
2026-01-13,CE02SHBP-LJ01D-07-VEL3DC108,12,True,2026-01-13T00:00:00Z,2026-01-13T23:59:59Z,86400,86400,0,1.0,1.000362873,0.999998543,0.000143524,0,0,0,0,-0.0,8.221351,87.830527,-4.494479e-10,0.008221363,0.08783066,False,0.089388,False
2026-01-14,CE02SHBP-LJ01D-07-VEL3DC108,12,True,2026-01-14T00:00:00Z,2026-01-14T23:59:59Z,86400,86400,0,1.0,1.000362873,0.999998465,-0.00322475,0,0,0,0,-0.0,4.441571,28.742189,-4.790672e-10,0.004441578,0.02874223,False,0.027727,False
2026-01-15,CE02SHBP-LJ01D-07-VEL3DC108,12,True,2026-01-15T00:00:00Z,2026-01-15T23:59:59Z,86400,86400,0,1.0,1.000362873,0.999998533,0.001639337,0,0,0,0,-0.0,5.12645,34.34466,-4.847637e-10,0.005126457,0.03434471,False,0.033078,False
2026-01-16,CE02SHBP-LJ01D-07-VEL3DC108,12,True,2026-01-16T00:00:00Z,2026-01-16T23:59:59Z,86401,86401,0,1.0,1.000362873,0.999998653,0.00552201,0,0,7,7,0.0,5.986876,32.165204,2.340579e-10,0.005986884,0.03216525,False,0.028526,False
2026-01-17,CE02SHBP-LJ01D-07-VEL3DC108,12,True,2026-01-17T00:00:00Z,2026-01-17T23:59:59Z,86400,86400,0,1.0,1.000362396,0.999998232,-0.002113234,0,0,0,0,-0.0,6.235649,34.307788,-4.833903e-10,0.00623566,0.03430785,False,0.029485,False
2026-01-18,CE02SHBP-LJ01D-07-VEL3DC108,12,True,2026-01-18T00:00:00Z,2026-01-18T23:59:59Z,86400,86400,0,1.0,1.000362873,0.999998664,-0.005402664,0,0,0,0,-1e-06,4.789872,14.831795,-5.159232e-10,0.004789879,0.01483181,False,0.013352,False
2026-01-19,CE02SHBP-LJ01D-07-VEL3DC108,12,True,2026-01-19T00:00:00Z,2026-01-19T23:59:59Z,86400,86400,0,1.0,1.000362873,0.999998696,-0.008629531,0,0,0,0,-0.0,4.847738,26.126745,-4.660417e-10,0.004847744,0.02612678,False,0.02819,False
2026-01-20,CE02SHBP-LJ01D-07-VEL3DC108,12,True,2026-01-20T00:00:00Z,2026-01-20T23:59:59Z,86400,86400,0,1.0,1.000362873,0.999998688,0.008852256,0,0,0,0,-0.0,5.193478,15.264113,-4.573725e-10,0.005193485,0.01526413,False,0.012473,False
2026-01-21,CE02SHBP-LJ01D-07-VEL3DC108,12,True,2026-01-21T00:00:00Z,2026-01-21T23:59:59Z,86400,86400,0,1.0,1.000362873,0.999998553,0.003167651,0,0,0,0,-0.0,4.472267,30.028484,-4.717924e-10,0.004472274,0.03002853,False,0.029059,False
2026-01-22,CE02SHBP-LJ01D-07-VEL3DC108,12,True,2026-01-22T00:00:00Z,2026-01-22T23:59:59Z,86400,86400,0,1.0,1.000362873,0.999998627,0.001727065,0,0,0,0,-0.0,8.226402,89.325337,-4.879511e-10,0.008226413,0.08932546,False,0.089767,False
2026-01-23,CE02SHBP-LJ01D-07-VEL3DC108,12,True,2026-01-23T00:00:00Z,2026-01-23T23:59:59Z,86400,86400,0,1.0,1.000362873,0.999998598,0.002048027,0,0,0,0,-0.0,4.90347,45.162191,-4.681792e-10,0.004903477,0.04516225,False,0.04476,False
2026-01-24,CE02SHBP-LJ01D-07-VEL3DC108,12,True,2026-01-24T00:00:00Z,2026-01-24T23:59:59Z,86401,86401,0,1.0,1.000362873,0.999998602,0.003486733,0,0,3,3,-0.0,5.712591,30.4445,-1.260674e-10,0.005712599,0.03044454,False,0.029371,False
2026-01-25,CE02SHBP-LJ01D-07-VEL3DC108,12,True,2026-01-25T00:00:00Z,2026-01-25T23:59:59Z,86400,86400,0,1.0,1.000362873,0.999998356,-0.003219605,0,0,0,0,-1e-06,8.488727,85.670352,-5.186057e-10,0.008488741,0.08567049,False,0.090001,False
2026-01-26,CE02SHBP-LJ01D-07-VEL3DC108,12,True,2026-01-26T00:00:00Z,2026-01-26T23:59:59Z,86400,86400,0,1.0,1.000362873,0.999998299,-0.002330031,0,0,0,0,-1e-06,3.804202,26.382362,-5.330594e-10,0.003804208,0.02638241,False,0.033701,False
2026-01-27,CE02SHBP-LJ01D-07-VEL3DC108,12,True,2026-01-27T00:00:00Z,2026-01-27T23:59:59Z,86400,86400,0,1.0,1.000362873,0.999998673,-0.006385917,0,0,0,0,-0.0,4.564879,28.252427,-4.808632e-10,0.004564885,0.02825246,False,0.026081,False
2026-01-28,CE02SHBP-LJ01D-07-VEL3DC108,12,True,2026-01-28T00:00:00Z,2026-01-28T23:59:59Z,86263,86400,137,1.0,1.000362873,0.999998709,-0.003284811,1,137,1,137,-0.0,4.200192,31.172814,-4.818498e-10,0.004200198,0.03117285,False,0.050713,True
2026-01-29,CE02SHBP-LJ01D-07-VEL3DC108,12,True,2026-01-29T00:00:00Z,2026-01-29T23:59:59Z,86400,86400,0,1.0,1.000362873,0.999998581,-0.003121397,0,0,0,0,-0.0,5.015073,23.847163,-4.719978e-10,0.00501508,0.0238472,False,0.028887,False
2026-01-30,CE02SHBP-LJ01D-07-VEL3DC108,12,True,2026-01-30T00:00:00Z,2026-01-30T23:59:59Z,86400,86400,0,1.0,1.000362873,0.999998574,0.000501505,0,0,0,0,-0.0,6.301045,32.767419,-4.834419e-10,0.006301054,0.03276747,False,0.029446,False
2026-01-31,CE02SHBP-LJ01D-07-VEL3DC108,12,True,2026-01-31T00:00:00Z,2026-01-31T23:59:59Z,86400,86400,0,1.0,1.000362873,0.999998643,0.005524683,0,0,0,0,-1e-06,4.302116,14.124244,-5.153669e-10,0.004302122,0.01412426,False,0.012064,False
2026-02-01,CE02SHBP-LJ01D-07-VEL3DC108,12,True,2026-02-01T00:00:00Z,2026-02-01T23:59:59Z,86401,86401,0,1.0,1.000362873,0.999998623,0.004365247,0,0,6,6,-0.0,4.32433,13.378959,-1.144607e-10,0.004324336,0.01337898,False,0.008229,False
2026-02-02,CE02SHBP-LJ01D-07-VEL3DC108,12,True,2026-02-02T00:00:00Z,2026-02-02T23:59:59Z,86400,86400,0,1.0,1.000362873,0.99999859,0.001186642,0,0,0,0,-0.0,4.038836,31.620609,-4.731364e-10,0.004038842,0.03162065,False,0.029561,False
2026-02-03,CE02SHBP-LJ01D-07-VEL3DC108,12,True,2026-02-03T00:00:00Z,2026-02-03T23:59:59Z,86400,86400,0,1.0,1.000362873,0.99999867,-0.004688508,0,0,0,0,-1e-06,4.000937,26.879526,-5.028248e-10,0.004000942,0.02687956,False,0.029037,False
2026-02-04,CE02SHBP-LJ01D-07-VEL3DC108,12,True,2026-02-04T00:00:00Z,2026-02-04T23:59:59Z,86400,86400,0,1.0,1.000362873,0.999998435,0.002277825,0,0,0,0,-0.0,3.97748,13.084795,-4.923131e-10,0.003977486,0.01308482,False,0.008262,False
2026-02-05,CE02SHBP-LJ01D-07-VEL3DC108,12,True,2026-02-05T00:00:00Z,2026-02-05T23:59:59Z,86400,86400,0,1.0,1.000362873,0.999998374,0.003934457,0,0,0,0,-0.0,5.950353,32.069632,-4.522753e-10,0.005950363,0.03206968,False,0.028698,False
2026-02-06,CE02SHBP-LJ01D-07-VEL3DC108,12,True,2026-02-06T00:00:00Z,2026-02-06T23:59:59Z,86400,86400,0,1.0,1.000362873,0.999998471,0.000471393,0,0,0,0,-1e-06,5.626188,32.837607,-5.221511e-10,0.005626196,0.03283766,False,0.028897,False
2026-02-07,CE02SHBP-LJ01D-07-VEL3DC108,12,True,2026-02-07T00:00:00Z,2026-02-07T23:59:59Z,86400,86400,0,1.0,1.000362873,0.999998429,0.007566316,0,0,0,0,-0.0,5.055538,30.430339,-4.456108e-10,0.005055546,0.03043039,False,0.029018,False
2026-02-08,CE02SHBP-LJ01D-07-VEL3DC108,12,True,2026-02-08T00:00:00Z,2026-02-08T23:59:59Z,86400,86400,0,1.0,1.000362873,0.999998469,-0.003735006,0,0,0,0,-1e-06,4.333801,32.616164,-5.316783e-10,0.004333808,0.03261621,False,0.029015,False
2026-02-09,CE02SHBP-LJ01D-07-VEL3DC108,12,True,2026-02-09T00:00:00Z,2026-02-09T23:59:59Z,86401,86401,0,1.0,1.000362873,0.999998658,-0.001708895,0,0,8,8,0.0,4.196989,33.929798,4.072558e-10,0.004196995,0.03392984,False,0.032973,False
2026-02-10,CE02SHBP-LJ01D-07-VEL3DC108,12,True,2026-02-10T00:00:00Z,2026-02-10T23:59:59Z,86384,86400,16,1.0,1.000362873,0.999998628,0.004052331,1,16,1,16,0.0,6.400375,27.685955,7.630765e-11,0.006400383,0.02768599,False,0.030154,True
2026-02-11,CE02SHBP-LJ01D-07-VEL3DC108,12,True,2026-02-11T00:00:00Z,2026-02-11T23:59:59Z,86400,86400,0,1.0,1.000362873,0.999998462,-0.001379354,0,0,0,0,-1e-06,4.988178,28.910748,-5.088692e-10,0.004988185,0.02891079,False,0.02621,False
2026-02-12,CE02SHBP-LJ01D-07-VEL3DC108,12,True,2026-02-12T00:00:00Z,2026-02-12T23:59:59Z,86400,86400,0,1.0,1.000362873,0.999998611,0.000573853,0,0,0,0,-0.0,5.891369,27.103579,-4.962227e-10,0.005891377,0.02710362,False,0.027731,False
2026-02-13,CE02SHBP-LJ01D-07-VEL3DC108,12,True,2026-02-13T00:00:00Z,2026-02-13T23:59:59Z,86400,86400,0,1.0,1.000362873,0.999998556,-0.001151803,0,0,0,0,-0.0,4.391645,27.13093,-4.393422e-10,0.004391651,0.02713097,False,0.028775,False
2026-02-14,CE02SHBP-LJ01D-07-VEL3DC108,12,True,2026-02-14T00:00:00Z,2026-02-14T23:59:59Z,86400,86400,0,1.0,1.000362873,0.999998567,0.006885144,0,0,0,0,-0.0,4.77151,31.131171,-4.900812e-10,0.004771516,0.03113122,False,0.029856,False
2026-02-15,CE02SHBP-LJ01D-07-VEL3DC108,12,True,2026-02-15T00:00:00Z,2026-02-15T23:59:59Z,86400,86400,0,1.0,1.000362873,0.999998517,0.00038851,0,0,0,0,-0.0,4.129972,31.238521,-4.483565e-10,0.004129978,0.03123857,False,0.030014,False
2026-02-16,CE02SHBP-LJ01D-07-VEL3DC108,12,True,2026-02-16T00:00:00Z,2026-02-16T23:59:59Z,86400,86400,0,1.0,1.000362873,0.99999852,-0.000314681,0,0,0,0,-1e-06,5.107451,34.651114,-5.106217e-10,0.005107458,0.03465117,False,0.028291,False
2026-02-17,CE02SHBP-LJ01D-07-VEL3DC108,12,True,2026-02-17T00:00:00Z,2026-02-17T23:59:59Z,86401,86401,0,1.0,1.000362873,0.999998533,-0.00337244,0,0,16,16,0.0,3.373805,10.719117,3.012206e-11,0.00337381,0.01071913,False,0.012031,False
2026-02-18,CE02SHBP-LJ01D-07-VEL3DC108,12,True,2026-02-18T00:00:00Z,2026-02-18T23:59:59Z,86400,86400,0,1.0,1.000362873,0.999998472,0.00014408,0,0,0,0,-0.0,3.290783,11.722008,-4.908358e-10,0.003290788,0.01172203,False,0.009464,False
2026-02-19,CE02SHBP-LJ01D-07-VEL3DC108,12,True,2026-02-19T00:00:00Z,2026-02-19T23:59:59Z,86400,86400,0,1.0,1.000362873,0.999998433,-0.006157172,0,0,0,0,-1e-06,4.49505,28.859323,-5.144687e-10,0.004495057,0.02885937,False,0.027372,False
2026-02-20,CE02SHBP-LJ01D-07-VEL3DC108,12,True,2026-02-20T00:00:00Z,2026-02-20T23:59:59Z,86400,86400,0,1.0,1.000362396,0.999998431,0.000195926,0,0,0,0,-0.0,5.484356,33.06002,-4.64439e-10,0.005484364,0.03306007,False,0.029098,False
2026-02-21,CE02SHBP-LJ01D-07-VEL3DC108,12,True,2026-02-21T00:00:00Z,2026-02-21T23:59:59Z,86400,86400,0,1.0,1.000362873,0.999998438,-0.005620737,0,0,0,0,-0.0,3.219574,10.844422,-4.645632e-10,0.003219579,0.01084444,False,0.009728,False
2026-02-22,CE02SHBP-LJ01D-07-VEL3DC108,12,True,2026-02-22T00:00:00Z,2026-02-22T23:59:59Z,86400,86400,0,1.0,1.000362873,0.999998561,0.000967699,0,0,0,0,-0.0,4.970833,32.901315,-4.696244e-10,0.00497084,0.03290136,False,0.028203,False
2026-02-23,CE02SHBP-LJ01D-07-VEL3DC108,12,True,2026-02-23T00:00:00Z,2026-02-23T23:59:59Z,86400,86400,0,1.0,1.000362396,0.999998548,-0.004081702,0,0,0,0,-1e-06,9.321867,87.722854,-5.017056e-10,0.009321881,0.08772298,False,0.088832,False
2026-02-24,CE02SHBP-LJ01D-07-VEL3DC108,12,True,2026-02-24T00:00:00Z,2026-02-24T23:59:59Z,86400,86400,0,1.0,1.000362873,0.999998592,0.004426204,0,0,0,0,-0.0,5.053711,29.544067,-4.405948e-10,0.005053718,0.02954411,False,0.028852,False
2026-02-25,CE02SHBP-LJ01D-07-VEL3DC108,12,True,2026-02-25T00:00:00Z,2026-02-25T23:59:59Z,86401,86401,0,1.0,1.000362873,0.999998448,0.001982847,0,0,0,0,1e-06,5.989574,30.67923,9.086001e-10,0.005989584,0.03067928,False,0.031506,False
2026-02-26,CE02SHBP-LJ01D-07-VEL3DC108,12,True,2026-02-26T00:00:00Z,2026-02-26T23:59:59Z,86400,86400,0,1.0,1.000362873,0.999998435,-0.006049519,0,0,0,0,-0.0,4.280572,23.53582,-4.872128e-10,0.004280579,0.02353586,False,0.028818,False
2026-02-27,CE02SHBP-LJ01D-07-VEL3DC108,12,True,2026-02-27T00:00:00Z,2026-02-27T23:59:59Z,85794,86400,606,1.0,1.000362396,0.999998281,0.007787795,1,606,1,606,1e-06,5.265721,31.073659,1.150957e-09,0.00526573,0.03107371,False,0.21534,True
2026-02-28,CE02SHBP-LJ01D-07-VEL3DC108,12,True,2026-02-28T00:00:00Z,2026-02-28T23:59:59Z,86400,86400,0,1.0,1.000362873,0.99999839,0.004471507,0,0,0,0,-0.0,3.485957,12.140833,-4.531011e-10,0.003485962,0.01214085,False,0.012488,False
2026-03-01,CE02SHBP-LJ01D-07-VEL3DC108,12,True,2026-03-01T00:00:00Z,2026-03-01T23:59:59Z,86400,86400,0,1.0,1.000362396,0.999998376,0.010644404,0,0,0,0,-0.0,5.900493,42.725279,-4.847765e-10,0.005900502,0.04272535,False,0.044674,False
2026-03-02,CE02SHBP-LJ01D-07-VEL3DC108,12,True,2026-03-02T00:00:00Z,2026-03-02T23:59:59Z,86400,86400,0,1.0,1.000362873,0.999998365,-0.000535423,0,0,0,0,-0.0,3.385815,28.162474,-4.680719e-10,0.00338582,0.02816252,False,0.026204,False
2026-03-03,CE02SHBP-LJ01D-07-VEL3DC108,12,True,2026-03-03T00:00:00Z,2026-03-03T23:59:59Z,86400,86400,0,1.0,1.000362873,0.999998426,-0.000816319,0,0,0,0,-0.0,5.180699,45.976518,-4.620385e-10,0.005180707,0.04597659,False,0.04528,False
2026-03-04,CE02SHBP-LJ01D-07-VEL3DC108,12,True,2026-03-04T00:00:00Z,2026-03-04T23:59:59Z,86401,86401,0,1.0,1.000362396,0.999998392,-0.002588136,0,0,6,6,-0.0,4.33537,29.316218,-3.550224e-10,0.004335377,0.02931627,False,0.028556,False
2026-03-05,CE02SHBP-LJ01D-07-VEL3DC108,12,True,2026-03-05T00:00:00Z,2026-03-05T23:59:59Z,86400,86400,0,1.0,1.000362396,0.999998375,0.00596944,0,0,0,0,-0.0,4.456561,27.763965,-4.963667e-10,0.004456569,0.02776401,False,0.02907,False
2026-03-06,CE02SHBP-LJ01D-07-VEL3DC108,12,True,2026-03-06T00:00:00Z,2026-03-06T23:59:59Z,86400,86400,0,1.0,1.000362396,0.999998431,-0.003720223,0,0,0,0,-0.0,5.472582,43.994311,-4.840073e-10,0.00547259,0.04399438,False,0.040453,False
2026-03-07,CE02SHBP-LJ01D-07-VEL3DC108,12,True,2026-03-07T00:00:00Z,2026-03-07T23:59:59Z,86400,86400,0,1.0,1.000362873,0.999998509,0.006437539,0,0,0,0,-1e-06,4.614848,31.016079,-5.514393e-10,0.004614855,0.03101613,False,0.028677,False
2026-03-08,CE02SHBP-LJ01D-07-VEL3DC108,12,True,2026-03-08T00:00:00Z,2026-03-08T23:59:59Z,86400,86400,0,1.0,1.000362873,0.999998699,0.003671299,0,0,0,0,-0.0,5.542926,32.441752,-4.907719e-10,0.005542933,0.03244179,False,0.02933,False
2026-03-09,CE02SHBP-LJ01D-07-VEL3DC108,12,True,2026-03-09T00:00:00Z,2026-03-09T23:59:59Z,86400,86400,0,1.0,1.000362873,0.99999865,0.006233809,0,0,0,0,-0.0,5.912226,34.785343,-4.785762e-10,0.005912234,0.03478539,False,0.038467,False
2026-03-10,CE02SHBP-LJ01D-07-VEL3DC108,12,True,2026-03-10T00:00:00Z,2026-03-10T23:59:59Z,86400,86400,0,1.0,1.000362873,0.999998316,0.007274722,0,0,0,0,-1e-06,3.63373,11.934914,-5.369622e-10,0.003633736,0.01193493,False,0.016525,False
2026-03-11,CE02SHBP-LJ01D-07-VEL3DC108,12,True,2026-03-11T00:00:00Z,2026-03-11T23:59:59Z,86401,86401,0,1.0,1.000362873,0.999998413,-0.001682451,0,0,2,2,1e-06,4.914379,30.114487,7.795453e-10,0.004914386,0.03011454,False,0.027387,False
2026-03-12,CE02SHBP-LJ01D-07-VEL3DC108,12,True,2026-03-12T00:00:00Z,2026-03-12T23:59:59Z,86400,86400,0,1.0,1.000362873,0.999998414,0.003979816,0,0,0,0,-0.0,4.551037,29.126675,-4.765394e-10,0.004551044,0.02912672,False,0.029139,False
2026-03-13,CE02SHBP-LJ01D-07-VEL3DC108,12,True,2026-03-13T00:00:00Z,2026-03-13T23:59:59Z,86400,86400,0,1.0,1.000362873,0.999998434,-0.001097542,0,0,0,0,-0.0,4.009309,13.507279,-4.689796e-10,0.004009316,0.0135073,False,0.008524,False
2026-03-14,CE02SHBP-LJ01D-07-VEL3DC108,12,True,2026-03-14T00:00:00Z,2026-03-14T23:59:59Z,86400,86400,0,1.0,1.000362873,0.999998426,-0.00158913,0,0,0,0,-0.0,5.528843,43.870064,-4.470073e-10,0.005528852,0.04387013,False,0.04551,False
2026-03-15,CE02SHBP-LJ01D-07-VEL3DC108,12,True,2026-03-15T00:00:00Z,2026-03-15T23:59:59Z,86400,86400,0,1.0,1.000362873,0.999998623,-0.007311764,0,0,0,0,-0.0,6.417665,32.739092,-4.423871e-10,0.006417674,0.03273914,False,0.02977,False
2026-03-16,CE02SHBP-LJ01D-07-VEL3DC108,12,True,2026-03-16T00:00:00Z,2026-03-16T23:59:59Z,86400,86400,0,1.0,1.000362873,0.999998722,-0.003670761,0,0,0,0,-0.0,5.42515,28.352583,-4.424548e-10,0.005425157,0.02835262,False,0.028929,False
2026-03-17,CE02SHBP-LJ01D-07-VEL3DC108,12,True,2026-03-17T00:00:00Z,2026-03-17T23:59:59Z,85904,86400,496,1.0,1.000362873,0.999998686,-0.002988192,1,496,1,496,0.0,4.224518,26.526777,2.805207e-10,0.004224524,0.02652681,False,0.181387,True
2026-03-18,CE02SHBP-LJ01D-07-VEL3DC108,12,True,2026-03-18T00:00:00Z,2026-03-18T23:59:59Z,86400,86400,0,1.0,1.000362873,0.999998629,0.000898036,0,0,0,0,-1e-06,3.881018,28.786558,-5.221514e-10,0.003881023,0.0287866,False,0.026194,False
2026-03-19,CE02SHBP-LJ01D-07-VEL3DC108,12,True,2026-03-19T00:00:00Z,2026-03-19T23:59:59Z,86401,86401,0,1.0,1.000362873,0.999998502,0.005518056,0,0,2,2,0.0,4.559713,22.869325,5.510154e-11,0.00455972,0.02286936,False,0.027815,False
2026-03-20,CE02SHBP-LJ01D-07-VEL3DC108,12,True,2026-03-20T00:00:00Z,2026-03-20T23:59:59Z,86400,86400,0,1.0,1.000362396,0.999998294,-0.017008112,0,0,0,0,-0.0,10.118538,97.041171,-4.789869e-10,0.01011856,0.09704134,False,0.08915,False
2026-03-21,CE02SHBP-LJ01D-07-VEL3DC108,12,True,2026-03-21T00:00:00Z,2026-03-21T23:59:59Z,86400,86400,0,1.0,1.000362873,0.999998418,-0.003255696,0,0,0,0,-0.0,4.065752,25.832045,-4.99558e-10,0.004065758,0.02583209,False,0.027468,False
2026-03-22,CE02SHBP-LJ01D-07-VEL3DC108,12,True,2026-03-22T00:00:00Z,2026-03-22T23:59:59Z,86400,86400,0,1.0,1.000362873,0.999998607,-0.002758482,0,0,0,0,-0.0,6.009201,44.005643,-4.983328e-10,0.00600921,0.0440057,False,0.044151,False
2026-03-23,CE02SHBP-LJ01D-07-VEL3DC108,12,True,2026-03-23T00:00:00Z,2026-03-23T23:59:59Z,86400,86400,0,1.0,1.000362873,0.999998418,0.013128769,0,0,0,0,-0.0,5.923833,24.205449,-4.625713e-10,0.005923843,0.02420549,False,0.028267,False
2026-03-24,CE02SHBP-LJ01D-07-VEL3DC108,12,True,2026-03-24T00:00:00Z,2026-03-24T23:59:59Z,86400,86400,0,1.0,1.000361919,0.999998224,-0.005844814,0,0,0,0,-0.0,6.667059,32.58752,-4.827343e-10,0.006667071,0.03258758,False,0.029272,False
2026-03-25,CE02SHBP-LJ01D-07-VEL3DC108,12,True,2026-03-25T00:00:00Z,2026-03-25T23:59:59Z,86400,86400,0,1.0,1.000362396,0.999998252,0.001416909,0,0,0,0,-0.0,3.517894,11.560822,-4.887308e-10,0.0035179,0.01156084,False,0.008259,False
2026-03-26,CE02SHBP-LJ01D-07-VEL3DC108,12,True,2026-03-26T00:00:00Z,2026-03-26T23:59:59Z,86401,86401,0,1.0,1.000361919,0.999998151,0.00241426,0,0,2,2,-0.0,3.056193,10.26099,-2.135434e-10,0.003056199,0.01026101,False,0.00816,False
2026-03-27,CE02SHBP-LJ01D-07-VEL3DC108,12,True,2026-03-27T00:00:00Z,2026-03-27T23:59:59Z,86400,86400,0,1.0,1.000362873,0.999998498,-0.0094531,0,0,0,0,-0.0,6.477613,25.832612,-4.752247e-10,0.006477623,0.02583265,False,0.029894,False
2026-03-28,CE02SHBP-LJ01D-07-VEL3DC108,12,True,2026-03-28T00:00:00Z,2026-03-28T23:59:59Z,86400,86400,0,1.0,1.000362396,0.999998138,0.006158922,0,0,0,0,-0.0,5.707642,32.216641,-4.591742e-10,0.005707653,0.0322167,False,0.029137,False
2026-03-29,CE02SHBP-LJ01D-07-VEL3DC108,12,True,2026-03-29T00:00:00Z,2026-03-29T23:59:59Z,86400,86400,0,1.0,1.000362873,0.999998339,5.248e-05,0,0,0,0,-0.0,4.362398,30.016219,-4.798715e-10,0.004362405,0.03001627,False,0.027416,False
2026-03-30,CE02SHBP-LJ01D-07-VEL3DC108,12,True,2026-03-30T00:00:00Z,2026-03-30T23:59:59Z,86400,86400,0,1.0,1.000361919,0.999998241,-0.005719015,0,0,0,0,-0.0,5.744698,31.082015,-4.362263e-10,0.005744708,0.03108207,False,0.029484,False
2026-03-31,CE02SHBP-LJ01D-07-VEL3DC108,12,True,2026-03-31T00:00:00Z,2026-03-31T23:59:59Z,86400,86400,0,1.0,1.000362873,0.999998289,0.010953801,0,0,0,0,-1e-06,5.431106,18.163446,-5.064978e-10,0.005431115,0.01816348,False,0.01412,False
2026-04-01,CE02SHBP-LJ01D-07-VEL3DC108,12,True,2026-04-01T00:00:00Z,2026-04-01T23:59:59Z,86400,86400,0,1.0,1.000362873,0.9999983,-0.00184443,0,0,0,0,-0.0,3.849256,12.434686,-4.754385e-10,0.003849263,0.01243471,False,0.012215,False
2026-04-02,CE02SHBP-LJ01D-07-VEL3DC108,12,True,2026-04-02T00:00:00Z,2026-04-02T23:59:59Z,86401,86401,0,1.0,1.000362396,0.999998413,0.0003533,0,0,1,1,1e-06,5.183444,30.504544,6.119404e-10,0.005183452,0.03050459,False,0.029055,False
2026-04-03,CE02SHBP-LJ01D-07-VEL3DC108,12,True,2026-04-03T00:00:00Z,2026-04-03T23:59:59Z,86400,86400,0,1.0,1.000362396,0.999998332,0.000283988,0,0,0,0,-1e-06,3.696724,12.948793,-5.008448e-10,0.00369673,0.01294881,False,0.013432,False
2026-04-04,CE02SHBP-LJ01D-07-VEL3DC108,12,True,2026-04-04T00:00:00Z,2026-04-04T23:59:59Z,86400,86400,0,1.0,1.000362396,0.99999825,-0.002437619,0,0,0,0,-1e-06,4.356304,13.462681,-5.039249e-10,0.004356311,0.0134627,False,0.008586,False
2026-04-05,CE02SHBP-LJ01D-07-VEL3DC108,12,True,2026-04-05T00:00:00Z,2026-04-05T23:59:59Z,86400,86400,0,1.0,1.000361919,0.999998262,-0.004705283,0,0,0,0,-0.0,9.284443,85.106891,-4.306008e-10,0.009284459,0.08510704,False,0.084011,False
2026-04-06,CE02SHBP-LJ01D-07-VEL3DC108,12,True,2026-04-06T00:00:00Z,2026-04-06T23:59:59Z,86400,86400,0,1.0,1.000362396,0.999998265,-0.001111266,0,0,0,0,-0.0,5.790755,27.488963,-4.663826e-10,0.005790765,0.02748901,False,0.027586,False
2026-04-07,CE02SHBP-LJ01D-07-VEL3DC108,12,True,2026-04-07T00:00:00Z,2026-04-07T23:59:59Z,86400,86400,0,1.0,1.000361919,0.999998293,-0.008060012,0,0,0,0,-1e-06,4.02885,24.569349,-5.220237e-10,0.004028857,0.02456939,False,0.024928,False
2026-04-08,CE02SHBP-LJ01D-07-VEL3DC108,12,True,2026-04-08T00:00:00Z,2026-04-08T23:59:59Z,86400,86400,0,1.0,1.000361919,0.999998063,-0.000954023,0,0,0,0,-0.0,4.574656,31.086049,-4.762474e-10,0.004574664,0.03108611,False,0.028023,False
2026-04-09,CE02SHBP-LJ01D-07-VEL3DC108,12,True,2026-04-09T00:00:00Z,2026-04-09T23:59:59Z,86401,86401,0,1.0,1.000361919,0.999998174,-0.004838476,0,0,5,5,-0.0,5.518984,30.852672,-1.153803e-10,0.005518994,0.03085273,False,0.027872,False
2026-04-10,CE02SHBP-LJ01D-07-VEL3DC108,12,True,2026-04-10T00:00:00Z,2026-04-10T23:59:59Z,86400,86400,0,1.0,1.000361919,0.999998174,-0.005194934,0,0,0,0,-0.0,5.068058,27.852723,-4.635761e-10,0.005068067,0.02785277,False,0.028934,False
2026-04-11,CE02SHBP-LJ01D-07-VEL3DC108,12,True,2026-04-11T00:00:00Z,2026-04-11T23:59:59Z,86400,86400,0,1.0,1.000362396,0.999998238,0.000868072,0,0,0,0,-1e-06,3.787275,23.65965,-5.025631e-10,0.003787282,0.02365969,False,0.021806,False
2026-04-12,CE02SHBP-LJ01D-07-VEL3DC108,12,True,2026-04-12T00:00:00Z,2026-04-12T23:59:59Z,86400,86400,0,1.0,1.000362396,0.999998248,0.00322397,0,0,0,0,-0.0,5.095238,47.312177,-4.644894e-10,0.005095247,0.04731226,False,0.042043,False
2026-04-13,CE02SHBP-LJ01D-07-VEL3DC108,12,True,2026-04-13T00:00:00Z,2026-04-13T23:59:59Z,86400,86400,0,1.0,1.000362396,0.999998293,0.005172039,0,0,0,0,-0.0,4.422718,31.508064,-4.129297e-10,0.004422726,0.03150812,False,0.028493,False
2026-04-14,CE02SHBP-LJ01D-07-VEL3DC108,12,True,2026-04-14T00:00:00Z,2026-04-14T23:59:59Z,86400,86400,0,1.0,1.000362396,0.999998312,0.001581351,0,0,0,0,-0.0,4.660222,30.63155,-4.534769e-10,0.00466023,0.0306316,False,0.027742,False
2026-04-15,CE02SHBP-LJ01D-07-VEL3DC108,12,True,2026-04-15T00:00:00Z,2026-04-15T23:59:59Z,86400,86400,0,1.0,1.000362396,0.999998317,-0.00526742,0,0,0,0,-1e-06,7.730772,87.94288,-5.115133e-10,0.007730785,0.08794303,False,0.090074,False
2026-04-16,CE02SHBP-LJ01D-07-VEL3DC108,12,True,2026-04-16T00:00:00Z,2026-04-16T23:59:59Z,86401,86401,0,1.0,1.000362396,0.999998189,-0.000442526,0,0,2,2,-1e-06,2.639121,10.812884,-1.027868e-09,0.002639126,0.0108129,False,0.008264,False
2026-04-17,CE02SHBP-LJ01D-07-VEL3DC108,12,True,2026-04-17T00:00:00Z,2026-04-17T23:59:59Z,86400,86400,0,1.0,1.000362396,0.999998179,0.004003167,0,0,0,0,-0.0,4.959391,31.162675,-4.808956e-10,0.0049594,0.03116273,False,0.029324,False
2026-04-18,CE02SHBP-LJ01D-07-VEL3DC108,12,True,2026-04-18T00:00:00Z,2026-04-18T23:59:59Z,86400,86400,0,1.0,1.000361919,0.999998176,-0.001955998,0,0,0,0,-1e-06,3.906835,27.273322,-5.147547e-10,0.003906842,0.02727337,False,0.028718,False
2026-04-19,CE02SHBP-LJ01D-07-VEL3DC108,12,True,2026-04-19T00:00:00Z,2026-04-19T23:59:59Z,86400,86400,0,1.0,1.000361919,0.999998155,0.001063581,0,0,0,0,-1e-06,4.114068,29.94865,-5.102119e-10,0.004114076,0.0299487,False,0.028385,False
2026-04-20,CE02SHBP-LJ01D-07-VEL3DC108,12,True,2026-04-20T00:00:00Z,2026-04-20T23:59:59Z,86400,86400,0,1.0,1.000361919,0.999998191,-0.001036359,0,0,1,1,1e-06,4.531294,345.822989,1.115402e-09,0.004531303,0.3458236,False,0.347728,False
2026-04-21,CE02SHBP-LJ01D-07-VEL3DC108,12,True,2026-04-21T00:00:00Z,2026-04-21T23:59:59Z,86400,86400,0,1.0,1.000362396,0.999998177,0.006074936,0,0,0,0,-0.0,3.925084,28.324705,-4.502787e-10,0.003925091,0.02832476,False,0.029039,False
2026-04-22,CE02SHBP-LJ01D-07-VEL3DC108,12,True,2026-04-22T00:00:00Z,2026-04-22T23:59:59Z,85800,86401,601,1.0,1.000361919,0.999998084,-0.000129752,3,601,3,603,-1e-06,3.882104,24.512499,-8.426228e-10,0.003882111,0.02451255,False,0.219107,True
2026-04-23,CE02SHBP-LJ01D-07-VEL3DC108,12,True,2026-04-23T00:00:00Z,2026-04-23T23:59:59Z,86400,86400,0,1.0,1.000361919,0.999998164,-0.003267162,0,0,0,0,-0.0,4.926757,26.152564,-4.834134e-10,0.004926766,0.02615261,False,0.029017,False
2026-04-24,CE02SHBP-LJ01D-07-VEL3DC108,12,True,2026-04-24T00:00:00Z,2026-04-24T23:59:59Z,86400,86400,0,1.0,1.000361919,0.999998082,0.00189711,0,0,0,0,-1e-06,3.450714,13.040763,-5.158436e-10,0.003450721,0.01304079,False,0.011733,False
2026-04-25,CE02SHBP-LJ01D-07-VEL3DC108,12,True,2026-04-25T00:00:00Z,2026-04-25T23:59:59Z,86400,86400,0,1.0,1.000362396,0.999998168,-0.000687997,0,0,0,0,-0.0,5.1431,28.063894,-4.058064e-10,0.00514311,0.02806395,False,0.028546,False
2026-04-26,CE02SHBP-LJ01D-07-VEL3DC108,12,True,2026-04-26T00:00:00Z,2026-04-26T23:59:59Z,86400,86400,0,1.0,1.000361919,0.999998204,-0.008593152,0,0,0,0,-0.0,3.444029,13.143412,-4.93912e-10,0.003444035,0.01314344,False,0.014085,False
2026-04-27,CE02SHBP-LJ01D-07-VEL3DC108,12,True,2026-04-27T00:00:00Z,2026-04-27T23:59:59Z,86400,86400,0,1.0,1.000362396,0.999998294,0.00431142,0,0,0,0,-0.0,3.654652,29.021173,-4.794968e-10,0.003654658,0.02902122,False,0.028761,False
2026-04-28,CE02SHBP-LJ01D-07-VEL3DC108,12,True,2026-04-28T00:00:00Z,2026-04-28T23:59:59Z,86401,86401,0,1.0,1.000362396,0.999998231,-0.00017526,0,0,4,4,0.0,3.684811,26.512849,1.874253e-10,0.003684818,0.0265129,False,0.029068,False
2026-04-29,CE02SHBP-LJ01D-07-VEL3DC108,12,True,2026-04-29T00:00:00Z,2026-04-29T23:59:59Z,86400,86400,0,1.0,1.000362396,0.999998211,0.000953763,0,0,0,0,-0.0,3.512191,12.557607,-4.956917e-10,0.003512198,0.01255763,False,0.012291,False
2026-04-30,CE02SHBP-LJ01D-07-VEL3DC108,12,True,2026-04-30T00:00:00Z,2026-04-30T23:59:59Z,86400,86400,0,1.0,1.000361919,0.999998226,-0.003281496,0,0,0,0,-0.0,3.871587,27.264704,-4.356877e-10,0.003871594,0.02726475,False,0.02843,False
2026-05-01,CE02SHBP-LJ01D-07-VEL3DC108,12,True,2026-05-01T00:00:00Z,2026-05-01T23:59:59Z,86400,86400,0,1.0,1.000362396,0.999998248,0.006255954,0,0,0,0,-0.0,5.167538,16.868033,-4.499144e-10,0.005167547,0.01686806,False,0.01539,False
2026-05-02,CE02SHBP-LJ01D-07-VEL3DC108,12,True,2026-05-02T00:00:00Z,2026-05-02T23:59:59Z,86400,86400,0,1.0,1.000362396,0.999998292,0.00546186,0,0,0,0,-0.0,5.307676,31.107562,-4.492434e-10,0.005307685,0.03110762,False,0.033786,False
2026-05-03,CE02SHBP-LJ01D-07-VEL3DC108,12,True,2026-05-03T00:00:00Z,2026-05-03T23:59:59Z,86400,86400,0,1.0,1.000362396,0.999998304,-0.004827522,0,0,0,0,-0.0,4.900733,26.573555,-4.842309e-10,0.004900741,0.0265736,False,0.026986,False
2026-05-04,CE02SHBP-LJ01D-07-VEL3DC108,12,True,2026-05-04T00:00:00Z,2026-05-04T23:59:59Z,86400,86400,0,1.0,1.000362873,0.999998359,-4.7852e-05,0,0,0,0,-1e-06,3.019139,10.27064,-5.320986e-10,0.003019144,0.01027066,False,0.008261,False
2026-05-05,CE02SHBP-LJ01D-07-VEL3DC108,12,True,2026-05-05T00:00:00Z,2026-05-05T23:59:59Z,86401,86401,0,1.0,1.000362396,0.999998362,-0.002583877,0,0,3,3,1e-06,5.183712,29.133725,5.12465e-10,0.00518372,0.02913377,False,0.02873,False
2026-05-06,CE02SHBP-LJ01D-07-VEL3DC108,12,True,2026-05-06T00:00:00Z,2026-05-06T23:59:59Z,86400,86400,0,1.0,1.000362873,0.999998321,0.012354574,0,0,0,0,-1e-06,3.442951,12.662135,-5.13049e-10,0.003442957,0.01266216,False,0.01161,False
2026-05-07,CE02SHBP-LJ01D-07-VEL3DC108,12,True,2026-05-07T00:00:00Z,2026-05-07T23:59:59Z,86400,86400,0,1.0,1.000362873,0.999998335,-0.001579328,0,0,0,0,-1e-06,4.131627,28.584086,-5.209016e-10,0.004131634,0.02858413,False,0.027486,False
2026-05-08,CE02SHBP-LJ01D-07-VEL3DC108,12,True,2026-05-08T00:00:00Z,2026-05-08T23:59:59Z,86400,86400,0,1.0,1.000362396,0.999998279,0.003693013,0,0,0,0,-1e-06,3.569685,12.52486,-5.065099e-10,0.003569691,0.01252488,False,0.008525,False
2026-05-09,CE02SHBP-LJ01D-07-VEL3DC108,12,True,2026-05-09T00:00:00Z,2026-05-09T23:59:59Z,86400,86400,0,1.0,1.000362873,0.999998334,0.010910015,0,0,0,0,-0.0,5.14655,31.197409,-4.918884e-10,0.005146558,0.03119746,False,0.022107,False
2026-05-10,CE02SHBP-LJ01D-07-VEL3DC108,12,True,2026-05-10T00:00:00Z,2026-05-10T23:59:59Z,86400,86400,0,1.0,1.000362396,0.999998359,-0.008060708,0,0,0,0,-1e-06,4.646516,15.34046,-5.056696e-10,0.004646523,0.01534048,False,0.011335,False
2026-05-11,CE02SHBP-LJ01D-07-VEL3DC108,12,True,2026-05-11T00:00:00Z,2026-05-11T23:59:59Z,86400,86400,0,1.0,1.000362396,0.999998298,-0.005157274,0,0,0,0,-0.0,3.84258,30.470088,-4.967178e-10,0.003842586,0.03047014,False,0.027444,False
2026-05-12,CE02SHBP-LJ01D-07-VEL3DC108,12,True,2026-05-12T00:00:00Z,2026-05-12T23:59:59Z,86401,86401,0,1.0,1.000362873,0.999998411,-0.001883219,0,0,5,5,0.0,4.281417,28.436681,3.802284e-10,0.004281424,0.02843673,False,0.025343,False
2026-05-13,CE02SHBP-LJ01D-07-VEL3DC108,12,True,2026-05-13T00:00:00Z,2026-05-13T23:59:59Z,86400,86400,0,1.0,1.000362873,0.999998485,-0.001999097,0,0,0,0,-1e-06,3.748063,27.306452,-5.006232e-10,0.003748069,0.02730649,False,0.021723,False
2026-05-14,CE02SHBP-LJ01D-07-VEL3DC108,12,True,2026-05-14T00:00:00Z,2026-05-14T23:59:48Z,86389,86389,0,1.0,1.000362873,0.999998427,-0.000516324,0,0,0,0,0.0,3.426883,11.059171,3.951747e-11,0.003426888,0.01105919,False,0.010589,False
2026-05-15,CE02SHBP-LJ01D-07-VEL3DC108,12,True,2026-05-15T00:00:00Z,2026-05-15T23:59:48Z,86389,86389,0,1.0,1.000362873,0.99999847,5.3953e-05,0,0,0,0,0.0,4.187369,28.587662,3.841323e-11,0.004187376,0.02858771,False,0.032531,False
2026-05-16,CE02SHBP-LJ01D-07-VEL3DC108,12,True,2026-05-16T00:00:00Z,2026-05-16T23:59:48Z,86389,86389,0,1.0,1.000362396,0.999998389,-0.005473954,0,0,0,0,0.0,5.517262,28.039343,5.235238e-11,0.005517271,0.02803939,False,0.02952,False
2026-05-17,CE02SHBP-LJ01D-07-VEL3DC108,12,True,2026-05-17T00:00:00Z,2026-05-17T23:59:48Z,86389,86389,0,1.0,1.000362396,0.999998382,0.000781365,0,0,0,0,0.0,4.384821,28.437297,2.803593e-11,0.004384828,0.02843734,False,0.028809,False
2026-05-18,CE02SHBP-LJ01D-07-VEL3DC108,12,True,2026-05-18T00:00:00Z,2026-05-18T23:59:48Z,86389,86389,0,1.0,1.000362873,0.999998382,0.001466326,0,0,0,0,0.0,3.879644,26.463543,3.786545e-11,0.00387965,0.02646359,False,0.026406,False
2026-05-19,CE02SHBP-LJ01D-07-VEL3DC108,12,True,2026-05-19T00:00:00Z,2026-05-19T23:59:48Z,86389,86389,0,1.0,1.000362873,0.999998475,-0.004301715,0,0,0,0,0.0,3.507084,11.579033,1.198911e-10,0.003507089,0.01157905,False,0.012639,False
2026-05-20,CE02SHBP-LJ01D-07-VEL3DC108,12,True,2026-05-20T00:00:00Z,2026-05-20T23:59:59Z,86401,86401,0,1.0,1.000361919,0.999998104,0.008200162,0,0,5,5,-1e-06,5.314172,29.358271,-5.907955e-10,0.005314182,0.02935833,False,0.028648,False
2026-05-21,CE02SHBP-LJ01D-07-VEL3DC108,12,True,2026-05-21T00:00:00Z,2026-05-21T23:59:59Z,86400,86400,0,1.0,1.000361919,0.999998056,-0.002033977,0,0,0,0,-0.0,3.534332,12.116903,-4.467483e-10,0.003534339,0.01211693,False,0.008522,False
2026-05-22,CE02SHBP-LJ01D-07-VEL3DC108,12,True,2026-05-22T00:00:00Z,2026-05-22T23:59:59Z,86400,86400,0,1.0,1.000361919,0.99999803,0.008490156,0,0,0,0,-0.0,5.463672,30.287391,-4.610152e-10,0.005463683,0.03028745,False,0.029716,False
2026-05-23,CE02SHBP-LJ01D-07-VEL3DC108,12,True,2026-05-23T00:00:00Z,2026-05-23T23:59:59Z,86400,86400,0,1.0,1.000361919,0.999998133,3.8891e-05,0,0,0,0,-0.0,3.988767,27.281569,-4.578468e-10,0.003988775,0.02728162,False,0.027542,False
2026-05-24,CE02SHBP-LJ01D-07-VEL3DC108,12,True,2026-05-24T00:00:00Z,2026-05-24T23:59:59Z,86400,86400,0,1.0,1.000361919,0.999998076,-0.001918686,0,0,0,0,-1e-06,4.825614,29.308948,-5.15672e-10,0.004825624,0.029309,False,0.033729,False
2026-05-25,CE02SHBP-LJ01D-07-VEL3DC108,12,True,2026-05-25T00:00:00Z,2026-05-25T23:59:59Z,86400,86400,0,1.0,1.000361919,0.999998107,0.000371449,0,0,0,0,-0.0,3.790349,25.827638,-4.878772e-10,0.003790356,0.02582769,False,0.027462,False
2026-05-26,CE02SHBP-LJ01D-07-VEL3DC108,12,True,2026-05-26T00:00:00Z,2026-05-26T23:59:59Z,86401,86401,0,1.0,1.000361919,0.999998239,-0.00502702,0,0,0,0,1e-06,4.509154,28.79223,8.971238e-10,0.004509162,0.02879228,False,0.028674,False
2026-05-27,CE02SHBP-LJ01D-07-VEL3DC108,12,True,2026-05-27T00:00:00Z,2026-05-27T23:59:59Z,86400,86400,0,1.0,1.000362396,0.999998195,0.005648827,0,0,0,0,-1e-06,3.012724,11.705644,-5.19805e-10,0.003012729,0.01170567,False,0.012067,False
2026-05-28,CE02SHBP-LJ01D-07-VEL3DC108,12,True,2026-05-28T00:00:00Z,2026-05-28T23:59:59Z,86400,86400,0,1.0,1.000362396,0.999998212,0.001276459,0,0,0,0,-0.0,4.960744,28.716206,-4.980301e-10,0.004960753,0.02871626,False,0.03314,False
2026-05-29,CE02SHBP-LJ01D-07-VEL3DC108,12,True,2026-05-29T00:00:00Z,2026-05-29T23:59:59Z,86400,86400,0,1.0,1.000362396,0.999998091,0.002566098,0,0,0,0,-1e-06,4.174702,27.275619,-5.092456e-10,0.00417471,0.02727567,False,0.028957,False
2026-05-30,CE02SHBP-LJ01D-07-VEL3DC108,12,True,2026-05-30T00:00:00Z,2026-05-30T23:59:59Z,86400,86400,0,1.0,1.000362396,0.999998244,-0.002296889,0,0,0,0,-0.0,4.116518,13.18985,-4.873387e-10,0.004116525,0.01318987,False,0.01218,False
2026-05-31,CE02SHBP-LJ01D-07-VEL3DC108,12,True,2026-05-31T00:00:00Z,2026-05-31T23:59:59Z,86400,86400,0,1.0,1.000362873,0.999998322,0.001597186,0,0,0,0,-0.0,4.950633,29.530514,-4.688398e-10,0.004950641,0.02953056,False,0.028768,False
2026-06-01,CE02SHBP-LJ01D-07-VEL3DC108,12,True,2026-06-01T00:00:00Z,2026-06-01T23:59:59Z,86401,86401,0,1.0,1.000362873,0.999998249,0.007901012,0,0,0,0,1e-06,4.092461,28.119315,8.581205e-10,0.004092469,0.02811936,False,0.028988,False
2026-06-02,CE02SHBP-LJ01D-07-VEL3DC108,12,True,2026-06-02T00:00:00Z,2026-06-02T23:59:59Z,86400,86400,0,1.0,1.000362396,0.999998046,0.000473449,0,0,0,0,-1e-06,4.245278,21.697717,-5.299699e-10,0.004245286,0.02169776,False,0.028188,False
2026-06-03,CE02SHBP-LJ01D-07-VEL3DC108,12,True,2026-06-03T00:00:00Z,2026-06-03T23:59:59Z,86400,86400,0,1.0,1.000361919,0.999998095,0.023160164,0,0,0,0,-0.0,6.031346,35.358252,-4.00076e-10,0.006031357,0.03535832,False,0.029047,False
2026-06-04,CE02SHBP-LJ01D-07-VEL3DC108,12,True,2026-06-04T00:00:00Z,2026-06-04T23:59:59Z,86400,86400,0,1.0,1.000361919,0.999998072,-0.001402365,0,0,0,0,-0.0,4.47154,24.505638,-4.736196e-10,0.004471549,0.02450569,False,0.02839,False
2026-06-05,CE02SHBP-LJ01D-07-VEL3DC108,12,True,2026-06-05T00:00:00Z,2026-06-05T23:59:59Z,86400,86400,0,1.0,1.000361919,0.999998127,0.004546985,0,0,0,0,-0.0,5.264964,24.831147,-4.84102e-10,0.005264974,0.02483119,False,0.028673,False
2026-06-06,CE02SHBP-LJ01D-07-VEL3DC108,12,True,2026-06-06T00:00:00Z,2026-06-06T23:59:59Z,86400,86400,0,1.0,1.000362873,0.999998344,0.004700612,0,0,0,0,-0.0,4.510752,13.762381,-4.853169e-10,0.004510759,0.0137624,False,0.008268,False
2026-06-07,CE02SHBP-LJ01D-07-VEL3DC108,12,True,2026-06-07T00:00:00Z,2026-06-07T23:59:59Z,86400,86400,0,1.0,1.000362396,0.999998122,-0.002580653,0,0,0,0,-1e-06,4.111342,12.148472,-5.315956e-10,0.00411135,0.01214849,False,0.012763,False
2026-06-08,CE02SHBP-LJ01D-07-VEL3DC108,12,True,2026-06-08T00:00:00Z,2026-06-08T23:59:59Z,86401,86401,0,1.0,1.000361919,0.999998031,-0.006609651,0,0,3,3,-1e-06,4.712806,28.462967,-5.21757e-10,0.004712816,0.02846302,False,0.029025,False
2026-06-09,CE02SHBP-LJ01D-07-VEL3DC108,12,True,2026-06-09T00:00:00Z,2026-06-09T23:59:59Z,86400,86400,0,1.0,1.000362873,0.999998369,-0.008712991,0,0,0,0,-0.0,7.002794,35.373086,-4.980846e-10,0.007002805,0.03537314,False,0.028952,False
2026-06-10,CE02SHBP-LJ01D-07-VEL3DC108,12,True,2026-06-10T00:00:00Z,2026-06-10T23:59:59Z,86400,86400,0,1.0,1.000362873,0.9999984,0.004158788,0,0,0,0,-0.0,5.528035,31.708133,-4.937973e-10,0.005528043,0.03170818,False,0.028944,False
2026-06-11,CE02SHBP-LJ01D-07-VEL3DC108,12,True,2026-06-11T00:00:00Z,2026-06-11T23:59:59Z,86400,86400,0,1.0,1.000362396,0.999998203,-0.002066252,0,0,0,0,-1e-06,6.773345,31.598631,-5.039537e-10,0.006773358,0.03159869,False,0.028909,False
2026-06-12,CE02SHBP-LJ01D-07-VEL3DC108,12,True,2026-06-12T00:00:00Z,2026-06-12T23:59:59Z,86400,86400,0,1.0,1.000362873,0.99999824,0.003118667,0,0,0,0,-0.0,5.153365,29.70043,-4.474396e-10,0.005153374,0.02970048,False,0.030124,False
2026-06-13,CE02SHBP-LJ01D-07-VEL3DC108,12,True,2026-06-13T00:00:00Z,2026-06-13T23:59:59Z,86400,86400,0,1.0,1.000361919,0.999998079,0.004352851,0,0,0,0,-0.0,3.854042,24.82477,-4.491473e-10,0.003854049,0.02482482,False,0.027569,False
2026-06-14,CE02SHBP-LJ01D-07-VEL3DC108,12,True,2026-06-14T00:00:00Z,2026-06-14T23:59:59Z,86401,86401,0,1.0,1.000362873,0.999998249,-0.002750284,0,0,2,2,-0.0,4.162985,27.376886,-5.783363e-11,0.004162992,0.02737693,False,0.028471,False
2026-06-15,CE02SHBP-LJ01D-07-VEL3DC108,12,True,2026-06-15T00:00:00Z,2026-06-15T23:59:59Z,86400,86400,0,1.0,1.000362396,0.999998216,-0.005941758,0,0,0,0,-1e-06,3.797761,13.985517,-5.058749e-10,0.003797767,0.01398554,False,0.010397,False
2026-06-16,CE02SHBP-LJ01D-07-VEL3DC108,12,True,2026-06-16T00:00:00Z,2026-06-16T23:59:59Z,86400,86400,0,1.0,1.000362873,0.999998178,0.00540863,0,0,0,0,-1e-06,3.181642,10.813452,-5.16336e-10,0.003181648,0.01081347,False,0.010648,False
2026-06-17,CE02SHBP-LJ01D-07-VEL3DC108,12,True,2026-06-17T00:00:00Z,2026-06-17T23:59:59Z,86400,86400,0,1.0,1.000362396,0.9999982,0.003249239,0,0,0,0,-0.0,3.906331,25.436861,-4.560875e-10,0.003906338,0.02543691,False,0.029089,False
2026-06-18,CE02SHBP-LJ01D-07-VEL3DC108,12,True,2026-06-18T00:00:00Z,2026-06-18T23:59:59Z,86400,86400,0,1.0,1.000362873,0.99999829,-0.003333611,0,0,0,0,-1e-06,2.922833,11.905783,-5.210952e-10,0.002922838,0.0119058,False,0.011965,False
2026-06-19,CE02SHBP-LJ01D-07-VEL3DC108,12,True,2026-06-19T00:00:00Z,2026-06-19T23:59:59Z,86400,86400,0,1.0,1.000362873,0.999998305,0.011975686,0,0,0,0,-0.0,5.202861,31.215094,-4.73492e-10,0.00520287,0.03121515,False,0.035045,False
2026-06-20,CE02SHBP-LJ01D-07-VEL3DC108,12,True,2026-06-20T00:00:00Z,2026-06-20T23:59:59Z,86400,86400,0,1.0,1.000362873,0.9999983,-0.005641387,0,0,0,0,-0.0,8.096923,90.802465,-4.712435e-10,0.008096937,0.09080262,False,0.088306,False
2026-06-21,CE02SHBP-LJ01D-07-VEL3DC108,12,True,2026-06-21T00:00:00Z,2026-06-21T23:59:59Z,86401,86401,0,1.0,1.000362396,0.999998192,0.002517853,0,0,7,7,0.0,2.731787,9.572554,4.890105e-10,0.002731792,0.009572571,False,0.008259,False
2026-06-22,CE02SHBP-LJ01D-07-VEL3DC108,12,True,2026-06-22T00:00:00Z,2026-06-22T23:59:59Z,86400,86400,0,1.0,1.000361919,0.999998133,0.002936931,0,0,0,0,-0.0,5.53933,31.317112,-4.976521e-10,0.005539341,0.03131717,False,0.028619,False
2026-06-23,CE02SHBP-LJ01D-07-VEL3DC108,12,True,2026-06-23T00:00:00Z,2026-06-23T23:59:59Z,86400,86400,0,1.0,1.000362873,0.999998134,0.006684351,0,0,0,0,-0.0,4.628566,30.074247,-4.787384e-10,0.004628575,0.0300743,False,0.029318,False
2026-06-24,CE02SHBP-LJ01D-07-VEL3DC108,12,True,2026-06-24T00:00:00Z,2026-06-24T23:59:59Z,86400,86400,0,1.0,1.000362396,0.999998126,-0.002269242,0,0,0,0,-0.0,3.333747,12.694016,-4.454215e-10,0.003333753,0.01269404,False,0.008225,False
2026-06-25,CE02SHBP-LJ01D-07-VEL3DC108,12,True,2026-06-25T00:00:00Z,2026-06-25T23:59:59Z,86400,86400,0,1.0,1.000361919,0.999998043,0.000453087,0,0,0,0,-0.0,4.281135,28.796473,-4.67869e-10,0.004281144,0.02879653,False,0.029146,False
2026-06-26,CE02SHBP-LJ01D-07-VEL3DC108,12,True,2026-06-26T00:00:00Z,2026-06-26T23:59:59Z,86400,86400,0,1.0,1.000361919,0.999998111,0.001910176,0,0,0,0,-0.0,5.412976,28.95207,-4.84498e-10,0.005412986,0.02895213,False,0.028657,False
2026-06-27,CE02SHBP-LJ01D-07-VEL3DC108,12,True,2026-06-27T00:00:00Z,2026-06-27T23:59:59Z,86401,86401,0,1.0,1.000362396,0.999998098,0.003786723,0,0,2,2,-0.0,5.056036,44.295253,-4.804799e-10,0.005056046,0.04429534,False,0.040088,False
2026-06-28,CE02SHBP-LJ01D-07-VEL3DC108,12,True,2026-06-28T00:00:00Z,2026-06-28T23:59:59Z,86400,86400,0,1.0,1.000361919,0.999998073,-0.002045565,0,0,0,0,-0.0,3.887905,29.051988,-4.977565e-10,0.003887913,0.02905204,False,0.027625,False
2026-06-29,CE02SHBP-LJ01D-07-VEL3DC108,12,True,2026-06-29T00:00:00Z,2026-06-29T23:59:59Z,86400,86400,0,1.0,1.000362396,0.999998093,0.000252158,0,0,0,0,-1e-06,3.239512,11.531871,-5.379855e-10,0.003239518,0.01153189,False,0.008329,False
2026-06-30,CE02SHBP-LJ01D-07-VEL3DC108,12,True,2026-06-30T00:00:00Z,2026-06-30T23:59:59Z,86400,86400,0,1.0,1.000362396,0.999998096,-0.001012981,0,0,0,0,-0.0,4.62346,29.491779,-4.563465e-10,0.004623468,0.02949184,False,0.028945,False
2026-07-01,CE02SHBP-LJ01D-07-VEL3DC108,12,True,2026-07-01T00:00:00Z,2026-07-01T23:59:59Z,86400,86400,0,1.0,1.000361919,0.999998002,7.23e-06,0,0,0,0,-0.0,10.642844,85.513543,-4.760443e-10,0.01064287,0.08551371,False,0.083963,False
2026-07-02,CE02SHBP-LJ01D-07-VEL3DC108,12,True,2026-07-02T00:00:00Z,2026-07-02T23:59:59Z,86400,86400,0,1.0,1.000361919,0.999998101,-0.00655532,0,0,0,0,-1e-06,5.100767,29.754254,-5.171043e-10,0.005100776,0.02975431,False,0.028962,False
2026-07-03,CE02SHBP-LJ01D-07-VEL3DC108,12,True,2026-07-03T00:00:00Z,2026-07-03T23:59:59Z,86401,86401,0,1.0,1.000362396,0.999998188,0.000522984,0,0,4,4,-0.0,4.343585,27.325808,-2.041963e-10,0.004343593,0.02732586,False,0.026872,False
2026-07-04,CE02SHBP-LJ01D-07-VEL3DC108,12,True,2026-07-04T00:00:00Z,2026-07-04T23:59:59Z,86400,86400,0,1.0,1.000362396,0.999998238,-0.003668916,0,0,0,0,-0.0,3.903736,28.365255,-4.41425e-10,0.003903743,0.0283653,False,0.028875,False
2026-07-05,CE02SHBP-LJ01D-07-VEL3DC108,12,True,2026-07-05T00:00:00Z,2026-07-05T23:59:59Z,86400,86400,0,1.0,1.000362396,0.999998215,0.001284678,0,0,0,0,-1e-06,4.3543,28.209138,-5.225428e-10,0.004354307,0.02820919,False,0.028832,False
2026-07-06,CE02SHBP-LJ01D-07-VEL3DC108,12,True,2026-07-06T00:00:00Z,2026-07-06T23:59:59Z,86400,86400,0,1.0,1.000362396,0.99999813,0.000160938,0,0,0,0,-0.0,4.395752,28.556274,-4.874618e-10,0.00439576,0.02855633,False,0.028586,False
2026-07-07,CE02SHBP-LJ01D-07-VEL3DC108,12,True,2026-07-07T00:00:00Z,2026-07-07T23:59:59Z,86400,86400,0,1.0,1.000362396,0.999998192,-0.000635867,0,0,0,0,-0.0,5.121729,28.159467,-4.894468e-10,0.005121738,0.02815952,False,0.028842,False
2026-07-08,CE02SHBP-LJ01D-07-VEL3DC108,12,True,2026-07-08T00:00:00Z,2026-07-08T23:59:59Z,86400,86400,0,1.0,1.000362396,0.999998215,-0.001837154,0,0,0,0,-0.0,7.765359,85.110028,-4.631212e-10,0.007765373,0.08511018,False,0.089916,False
2026-07-09,CE02SHBP-LJ01D-07-VEL3DC108,12,True,2026-07-09T00:00:00Z,2026-07-09T23:59:59Z,86400,86400,0,1.0,1.000362396,0.999998193,-0.005279847,0,0,0,0,-0.0,4.700883,39.000463,-4.998031e-10,0.004700891,0.03900053,False,0.044679,False
2026-07-10,CE02SHBP-LJ01D-07-VEL3DC108,12,True,2026-07-10T00:00:00Z,2026-07-10T23:59:59Z,86401,86401,0,1.0,1.000362396,0.999998149,0.001577331,0,0,14,14,0.0,4.66949,32.507814,4.510947e-10,0.004669499,0.03250787,False,0.028894,False
2026-07-11,CE02SHBP-LJ01D-07-VEL3DC108,12,True,2026-07-11T00:00:00Z,2026-07-11T23:59:59Z,86400,86400,0,1.0,1.000361919,0.999998151,-0.0035644,0,0,0,0,-0.0,4.82379,27.603102,-4.862552e-10,0.004823799,0.02760315,False,0.028918,False
2026-07-12,CE02SHBP-LJ01D-07-VEL3DC108,12,True,2026-07-12T00:00:00Z,2026-07-12T23:59:59Z,86400,86400,0,1.0,1.000361919,0.99999808,0.001162732,0,0,0,0,-0.0,5.947212,30.036099,-4.563215e-10,0.005947224,0.03003616,False,0.032293,False
2026-07-13,CE02SHBP-LJ01D-07-VEL3DC108,12,True,2026-07-13T00:00:00Z,2026-07-13T23:59:59Z,86400,86400,0,1.0,1.000362396,0.999998076,0.012425554,0,0,0,0,-1e-06,6.158222,44.274767,-5.214252e-10,0.006158234,0.04427485,False,0.044618,False
2026-07-14,CE02SHBP-LJ01D-07-VEL3DC108,12,True,2026-07-14T00:00:00Z,2026-07-14T23:59:59Z,86400,86400,0,1.0,1.000362396,0.999998115,0.001165442,0,0,0,0,-0.0,3.822825,29.736074,-4.16606e-10,0.003822832,0.02973613,False,0.025815,False
2026-07-15,CE02SHBP-LJ01D-07-VEL3DC108,12,True,2026-07-15T00:00:00Z,2026-07-15T23:59:59Z,86400,86400,0,1.0,1.000361919,0.999998194,-0.001857104,0,0,0,0,-0.0,5.412496,28.045386,-4.585816e-10,0.005412506,0.02804544,False,0.032455,False
2026-07-16,CE02SHBP-LJ01D-07-VEL3DC108,12,True,2026-07-16T00:00:00Z,2026-07-16T23:59:59Z,86401,86401,0,1.0,1.000361919,0.999998153,0.00637446,0,0,2,2,1e-06,5.229832,29.674981,8.14282e-10,0.005229842,0.02967504,False,0.028735,False
2026-07-17,CE02SHBP-LJ01D-07-VEL3DC108,12,True,2026-07-17T00:00:00Z,2026-07-17T23:59:59Z,86400,86400,0,1.0,1.000362396,0.999998172,-0.000314323,0,0,0,0,-0.0,3.673733,27.584481,-4.218963e-10,0.00367374,0.02758453,False,0.02823,False
2026-07-18,CE02SHBP-LJ01D-07-VEL3DC108,12,True,2026-07-18T00:00:00Z,2026-07-18T23:59:59Z,86400,86400,0,1.0,1.000362396,0.999998129,0.000962807,0,0,0,0,-0.0,4.012309,29.3992,-4.80297e-10,0.004012316,0.02939925,False,0.027212,False
2026-07-19,CE02SHBP-LJ01D-07-VEL3DC108,12,True,2026-07-19T00:00:00Z,2026-07-19T23:59:59Z,86400,86400,0,1.0,1.000361919,0.999998149,0.001295159,0,0,0,0,-0.0,4.575045,26.788802,-4.353228e-10,0.004575054,0.02678885,False,0.034126,False
2026-07-20,CE02SHBP-LJ01D-07-VEL3DC108,12,True,2026-07-20T00:00:00Z,2026-07-20T23:59:59Z,86400,86400,0,1.0,1.000362396,0.999998143,0.005519786,0,0,0,0,-1e-06,4.402927,29.069798,-5.295677e-10,0.004402935,0.02906985,False,0.029398,False
2026-07-21,CE02SHBP-LJ01D-07-VEL3DC108,12,True,2026-07-21T00:00:00Z,2026-07-21T23:59:59Z,86400,86400,0,1.0,1.000362396,0.999998154,-0.003902055,0,0,0,0,-1e-06,3.216563,10.567816,-5.018168e-10,0.003216569,0.01056784,False,0.00887,False
2026-07-22,CE02SHBP-LJ01D-07-VEL3DC108,12,True,2026-07-22T00:00:00Z,2026-07-22T23:59:59Z,86401,86401,0,1.0,1.000362396,0.999998109,0.007381701,0,0,4,4,0.0,3.160199,13.366367,6.976131e-11,0.003160205,0.01336639,False,0.015012,False
2026-07-23,CE02SHBP-LJ01D-07-VEL3DC108,12,True,2026-07-23T00:00:00Z,2026-07-23T23:59:59Z,86400,86400,0,1.0,1.000361919,0.999998148,-0.002240561,0,0,0,0,-0.0,9.031578,88.81232,-4.948625e-10,0.009031595,0.08881248,False,0.090142,False
2026-07-24,CE02SHBP-LJ01D-07-VEL3DC108,12,True,2026-07-24T00:00:00Z,2026-07-24T23:59:59Z,86400,86400,0,1.0,1.000361919,0.999997962,-0.001484022,0,0,0,0,-0.0,3.860142,14.521391,-4.600089e-10,0.00386015,0.01452142,False,0.008112,False
2026-07-25,CE02SHBP-LJ01D-07-VEL3DC108,12,True,2026-07-25T00:00:00Z,2026-07-25T23:59:59Z,86400,86400,0,1.0,1.000362873,0.999998235,0.001920372,0,0,0,0,-1e-06,4.115986,24.87325,-5.045179e-10,0.004115993,0.02487329,False,0.026487,False
2026-07-26,CE02SHBP-LJ01D-07-VEL3DC108,12,True,2026-07-26T00:00:00Z,2026-07-26T23:59:59Z,86400,86400,0,1.0,1.000362873,0.999998542,0.000806899,0,0,0,0,-1e-06,4.529592,31.843781,-5.187269e-10,0.004529598,0.03184383,False,0.029041,False
2026-07-27,CE02SHBP-LJ01D-07-VEL3DC108,12,True,2026-07-27T00:00:00Z,2026-07-27T23:59:59Z,86400,86400,0,1.0,1.000362873,0.999998615,-0.002004242,0,0,0,0,-0.0,4.917503,28.140813,-4.877884e-10,0.00491751,0.02814085,False,0.028659,False
2026-07-28,CE02SHBP-LJ01D-07-VEL3DC108,12,True,2026-07-28T00:00:00Z,2026-07-28T23:59:59Z,86400,86400,0,1.0,1.000362873,0.999998482,0.001845209,0,0,0,0,-0.0,8.343287,89.327578,-4.660972e-10,0.0083433,0.08932771,False,0.091018,False
2026-07-29,CE02SHBP-LJ01D-07-VEL3DC108,12,True,2026-07-29T00:00:00Z,2026-07-29T23:59:59Z,86401,86401,0,1.0,1.000362873,0.999998318,-0.009394754,0,0,6,6,-1e-06,5.633322,43.469166,-5.128609e-10,0.005633332,0.04346924,False,0.041047,False
2026-07-30,CE02SHBP-LJ01D-07-VEL3DC108,12,True,2026-07-30T00:00:00Z,2026-07-30T23:59:59Z,86400,86400,0,1.0,1.000362873,0.999998228,-0.002278511,0,0,0,0,-0.0,3.615462,12.142074,-4.692011e-10,0.003615468,0.0121421,False,0.011691,False
2026-07-31,CE02SHBP-LJ01D-07-VEL3DC108,12,True,2026-07-31T00:00:00Z,2026-07-31T23:59:59Z,86400,86400,0,1.0,1.000361919,0.999997967,0.000685949,0,0,0,0,-0.0,4.640854,24.461811,-4.92568e-10,0.004640864,0.02446186,False,0.028224,False
2026-08-01,CE02SHBP-LJ01D-07-VEL3DC108,12,True,2026-08-01T00:00:00Z,2026-08-01T23:59:59Z,86400,86400,0,1.0,1.000361919,0.999998036,0.001818741,0,0,0,0,-0.0,3.531514,27.075279,-4.859733e-10,0.003531521,0.02707533,False,0.02888,False
2026-08-02,CE02SHBP-LJ01D-07-VEL3DC108,12,True,2026-08-02T00:00:00Z,2026-08-02T23:59:59Z,86400,86400,0,1.0,1.000362873,0.999998431,-0.007400341,0,0,0,0,-0.0,5.495001,24.788953,-4.970839e-10,0.00549501,0.02478899,False,0.029587,False
2026-08-03,CE02SHBP-LJ01D-07-VEL3DC108,12,True,2026-08-03T00:00:00Z,2026-08-03T23:59:59Z,86400,86400,0,1.0,1.000362873,0.999998478,-0.007726081,0,0,0,0,-0.0,8.335591,86.495036,-4.834738e-10,0.008335604,0.08649517,False,0.089111,False
2026-08-04,CE02SHBP-LJ01D-07-VEL3DC108,12,True,2026-08-04T00:00:00Z,2026-08-04T23:59:59Z,86400,86400,0,1.0,1.000362873,0.999998558,0.003183568,0,0,0,0,-0.0,4.507755,29.447919,-4.821934e-10,0.004507762,0.02944796,False,0.028925,False
2026-08-05,CE02SHBP-LJ01D-07-VEL3DC108,12,True,2026-08-05T00:00:00Z,2026-08-05T23:59:59Z,86401,86401,0,1.0,1.000362873,0.999998578,0.004359911,0,0,4,4,-0.0,4.027061,28.788718,-3.986382e-10,0.004027067,0.02878876,False,0.028378,False
2026-08-06,CE02SHBP-LJ01D-07-VEL3DC108,12,True,2026-08-06T00:00:00Z,2026-08-06T23:59:59Z,86400,86400,0,1.0,1.000362873,0.999998601,-0.005418676,0,0,0,0,-0.0,4.936597,29.743803,-4.93841e-10,0.004936603,0.02974384,False,0.02726,False
2026-08-07,CE02SHBP-LJ01D-07-VEL3DC108,12,True,2026-08-07T00:00:00Z,2026-08-07T23:59:59Z,86400,86400,0,1.0,1.000362873,0.999998621,0.004922172,0,0,0,0,-0.0,5.51539,44.451451,-4.633663e-10,0.005515397,0.04445151,False,0.045813,False
2026-08-08,CE02SHBP-LJ01D-07-VEL3DC108,12,True,2026-08-08T00:00:00Z,2026-08-08T23:59:59Z,86400,86400,0,1.0,1.000362873,0.999998495,-5.9802e-05,0,0,0,0,-0.0,5.269506,41.560277,-4.751767e-10,0.005269514,0.04156034,False,0.041135,False
2026-08-09,CE02SHBP-LJ01D-07-VEL3DC108,12,True,2026-08-09T00:00:00Z,2026-08-09T19:25:56Z,69957,69957,0,1.0,1.000362873,0.999998516,0.002944886,0,0,0,0,-0.0,3.55568,12.629913,-2.087537e-10,0.003555685,0.01262993,False,0.008487,False
2026-08-10,CE02SHBP-LJ01D-07-VEL3DC108,13,True,2026-08-10T00:00:00Z,2026-08-10T23:59:59Z,86400,86400,0,1.0,1.000362873,0.99999845,-0.000156969,0,0,0,0,-0.0,3.433627,11.524612,-4.84211e-10,0.003433632,0.01152463,False,0.012542,False
2026-08-11,CE02SHBP-LJ01D-07-VEL3DC108,13,True,2026-08-11T00:00:00Z,2026-08-11T23:59:59Z,86400,86400,0,1.0,1.000362873,0.999998463,0.003545024,0,0,0,0,-1e-06,4.56447,28.506961,-5.004511e-10,0.004564477,0.028507,False,0.028301,False
2026-08-12,CE02SHBP-LJ01D-07-VEL3DC108,13,True,2026-08-12T00:00:00Z,2026-08-12T23:59:59Z,86400,86400,0,1.0,1.000362873,0.999998468,0.001525488,0,0,0,0,-1e-06,2.886911,10.410294,-5.011205e-10,0.002886915,0.01041031,False,0.012028,False
2026-08-13,CE02SHBP-LJ01D-07-VEL3DC108,13,True,2026-08-13T00:00:00Z,2026-08-13T23:59:59Z,86400,86400,0,1.0,1.000362873,0.999998469,-0.003864567,0,0,0,0,-0.0,9.107362,90.035945,-4.706596e-10,0.009107376,0.09003608,False,0.090264,False
2026-08-14,CE02SHBP-LJ01D-07-VEL3DC108,13,True,2026-08-14T00:00:00Z,2026-08-14T23:59:59Z,86400,86400,0,1.0,1.000362396,0.999998288,-0.000107514,0,0,0,0,-1e-06,4.871677,30.290106,-5.282048e-10,0.004871685,0.03029016,False,0.019627,False
2026-08-15,CE02SHBP-LJ01D-07-VEL3DC108,13,True,2026-08-15T00:00:00Z,2026-08-15T23:59:59Z,86400,86400,0,1.0,1.000362873,0.999998518,0.012292389,0,0,0,0,-0.0,8.524814,18.751921,-4.970561e-10,0.008524826,0.01875195,False,0.011571,False
2026-08-16,CE02SHBP-LJ01D-07-VEL3DC108,13,True,2026-08-16T00:00:00Z,2026-08-16T23:59:59Z,86401,86401,0,1.0,1.000362396,0.999998378,-0.012935771,0,0,4,4,-1e-06,5.640657,35.290183,-8.6069e-10,0.005640666,0.03529024,False,0.034201,False
2026-08-17,CE02SHBP-LJ01D-07-VEL3DC108,13,True,2026-08-17T00:00:00Z,2026-08-17T23:59:59Z,86400,86400,0,1.0,1.000362873,0.999998388,-0.001740584,0,0,0,0,-0.0,3.162601,11.124699,-4.969232e-10,0.003162606,0.01112472,False,0.010682,False
2026-08-18,CE02SHBP-LJ01D-07-VEL3DC108,13,True,2026-08-18T00:00:00Z,2026-08-18T23:59:59Z,86400,86400,0,1.0,1.000362873,0.99999835,0.003597309,0,0,0,0,-0.0,3.391826,13.382026,-4.88426e-10,0.003391832,0.01338205,False,0.011185,False
2026-08-19,CE02SHBP-LJ01D-07-VEL3DC108,13,True,2026-08-19T00:00:00Z,2026-08-19T23:59:59Z,86400,86400,0,1.0,1.000362396,0.999998363,0.002215795,0,0,0,0,-0.0,5.462534,25.905574,-4.669916e-10,0.005462542,0.02590562,False,0.028082,False
2026-08-20,CE02SHBP-LJ01D-07-VEL3DC108,13,True,2026-08-20T00:00:00Z,2026-08-20T23:59:59Z,86400,86400,0,1.0,1.000362873,0.999998386,0.007796488,0,0,0,0,-1e-06,4.167688,13.738032,-5.073832e-10,0.004167695,0.01373805,False,0.008113,False
2026-08-21,CE02SHBP-LJ01D-07-VEL3DC108,13,True,2026-08-21T00:00:00Z,2026-08-21T23:59:59Z,86400,86400,0,1.0,1.000362873,0.999998337,-0.003482556,0,0,0,0,-0.0,5.053685,30.623033,-4.844849e-10,0.005053693,0.03062308,False,0.029135,False
2026-08-22,CE02SHBP-LJ01D-07-VEL3DC108,13,True,2026-08-22T00:00:00Z,2026-08-22T23:59:59Z,86400,86400,0,1.0,1.000362873,0.999998293,0.004162167,0,0,0,0,-0.0,5.693224,45.50373,-4.628203e-10,0.005693234,0.04550381,False,0.040396,False
2026-08-23,CE02SHBP-LJ01D-07-VEL3DC108,13,True,2026-08-23T00:00:00Z,2026-08-23T23:59:59Z,86401,86401,0,1.0,1.000362396,0.999998292,0.002037762,0,0,4,4,1e-06,5.224977,29.427787,7.139969e-10,0.005224986,0.02942784,False,0.028853,False
2026-08-24,CE02SHBP-LJ01D-07-VEL3DC108,13,True,2026-08-24T00:00:00Z,2026-08-24T23:59:59Z,86400,86400,0,1.0,1.000362873,0.999998327,0.008206992,0,0,0,0,-1e-06,4.3518,28.461714,-5.190457e-10,0.004351808,0.02846176,False,0.027576,False
2026-08-25,CE02SHBP-LJ01D-07-VEL3DC108,13,True,2026-08-25T00:00:00Z,2026-08-25T23:59:59Z,86400,86400,0,1.0,1.000362396,0.999998296,-0.000979682,0,0,0,0,-0.0,4.579275,28.618039,-4.628891e-10,0.004579282,0.02861809,False,0.029024,False
2026-08-26,CE02SHBP-LJ01D-07-VEL3DC108,13,True,2026-08-26T00:00:00Z,2026-08-26T23:59:59Z,86400,86400,0,1.0,1.000362396,0.999998258,0.005145988,0,0,0,0,-1e-06,3.915964,12.434854,-5.139106e-10,0.003915971,0.01243488,False,0.00822,False
2026-08-27,CE02SHBP-LJ01D-07-VEL3DC108,13,True,2026-08-27T00:00:00Z,2026-08-27T23:59:59Z,86400,86400,0,1.0,1.000362873,0.999998277,0.003578871,0,0,0,0,-0.0,4.877568,43.169039,-4.898744e-10,0.004877577,0.04316911,False,0.043461,False
2026-08-28,CE02SHBP-LJ01D-07-VEL3DC108,13,True,2026-08-28T00:00:00Z,2026-08-28T23:59:59Z,86400,86400,0,1.0,1.000362396,0.999998253,0.006068321,0,0,0,0,-1e-06,3.799888,29.612886,-5.2662e-10,0.003799895,0.02961294,False,0.02835,False
2026-08-29,CE02SHBP-LJ01D-07-VEL3DC108,13,True,2026-08-29T00:00:00Z,2026-08-29T23:59:59Z,86400,86400,0,1.0,1.000362873,0.999998227,-0.000412009,0,0,0,0,-0.0,4.000098,26.163377,-4.806237e-10,0.004000105,0.02616342,False,0.027803,False
2026-08-30,CE02SHBP-LJ01D-07-VEL3DC108,13,True,2026-08-30T00:00:00Z,2026-08-30T23:59:59Z,86401,86401,0,1.0,1.000362396,0.999998222,-0.003733631,0,0,5,5,-0.0,4.087193,27.858407,-3.940486e-10,0.0040872,0.02785846,False,0.028892,False
2026-08-31,CE02SHBP-LJ01D-07-VEL3DC108,13,True,2026-08-31T00:00:00Z,2026-08-31T23:59:59Z,86400,86400,0,1.0,1.000362396,0.999998144,0.00644317,0,0,0,0,-0.0,4.807406,31.561376,-4.567921e-10,0.004807415,0.03156143,False,0.029786,False
2026-09-01,CE02SHBP-LJ01D-07-VEL3DC108,13,True,2026-09-01T00:00:00Z,2026-09-01T23:59:59Z,86400,86400,0,1.0,1.000362396,0.999998174,-0.002487194,0,0,0,0,-1e-06,5.290737,30.379137,-5.189809e-10,0.005290747,0.03037919,False,0.029577,False
2026-09-02,CE02SHBP-LJ01D-07-VEL3DC108,13,True,2026-09-02T00:00:00Z,2026-09-02T23:59:59Z,86400,86400,0,1.0,1.000362873,0.999998572,0.005996109,0,0,0,0,-1e-06,5.287475,29.29579,-5.388889e-10,0.005287482,0.02929583,False,0.028025,False
2026-09-03,CE02SHBP-LJ01D-07-VEL3DC108,13,True,2026-09-03T00:00:00Z,2026-09-03T23:59:59Z,86400,86400,0,1.0,1.000362873,0.999998806,-0.001834158,0,0,0,0,-0.0,4.364819,32.095445,-4.858509e-10,0.004364824,0.03209548,False,0.028799,False
2026-09-04,CE02SHBP-LJ01D-07-VEL3DC108,13,True,2026-09-04T00:00:00Z,2026-09-04T23:59:59Z,86400,86400,0,1.0,1.000362873,0.999998806,-0.000612998,0,0,0,0,-0.0,4.375609,28.577948,-4.728537e-10,0.004375614,0.02857798,False,0.027492,False
2026-09-05,CE02SHBP-LJ01D-07-VEL3DC108,13,True,2026-09-05T00:00:00Z,2026-09-05T23:59:59Z,86400,86400,0,1.0,1.000362873,0.999998796,0.005669242,0,0,0,0,-1e-06,6.042407,42.284051,-5.006515e-10,0.006042414,0.0422841,False,0.043304,False
2026-09-06,CE02SHBP-LJ01D-07-VEL3DC108,13,True,2026-09-06T00:00:00Z,2026-09-06T23:59:59Z,86400,86400,0,1.0,1.000362873,0.999998712,0.010067334,0,0,0,0,-0.0,4.7736,22.635681,-4.889826e-10,0.004773606,0.02263571,False,0.028082,False
2026-09-07,CE02SHBP-LJ01D-07-VEL3DC108,13,True,2026-09-07T00:00:00Z,2026-09-07T23:59:59Z,86401,86401,0,1.0,1.000362873,0.999998513,0.003918782,0,0,4,4,0.0,4.717785,27.15128,2.826518e-10,0.004717792,0.02715132,False,0.030283,False
2026-09-08,CE02SHBP-LJ01D-07-VEL3DC108,13,True,2026-09-08T00:00:00Z,2026-09-08T23:59:59Z,86400,86400,0,1.0,1.000362873,0.999998462,0.003794561,0,0,0,0,-0.0,4.845385,32.352209,-4.904923e-10,0.004845392,0.03235226,False,0.02838,False
2026-09-09,CE02SHBP-LJ01D-07-VEL3DC108,13,True,2026-09-09T00:00:00Z,2026-09-09T23:59:59Z,86400,86400,0,1.0,1.000362873,0.999998656,-0.004444504,0,0,0,0,-0.0,4.844294,26.788017,-4.679966e-10,0.004844301,0.02678805,False,0.029055,False
2026-09-10,CE02SHBP-LJ01D-07-VEL3DC108,13,True,2026-09-10T00:00:00Z,2026-09-10T23:59:59Z,86400,86400,0,1.0,1.000362873,0.999998626,-0.000656954,0,0,0,0,-0.0,4.682589,29.219059,-4.823372e-10,0.004682596,0.0292191,False,0.028763,False
2026-09-11,CE02SHBP-LJ01D-07-VEL3DC108,13,True,2026-09-11T00:00:00Z,2026-09-11T23:59:59Z,86400,86400,0,1.0,1.000362873,0.999998581,0.001609831,0,0,0,0,-1e-06,8.370669,93.544231,-5.477123e-10,0.008370681,0.09354436,False,0.090218,False
2026-09-12,CE02SHBP-LJ01D-07-VEL3DC108,13,True,2026-09-12T00:00:00Z,2026-09-12T23:59:59Z,86400,86400,0,1.0,1.000362873,0.999998504,-0.003091393,0,0,0,0,-0.0,8.991227,90.373863,-4.644081e-10,0.008991241,0.090374,False,0.090003,False
2026-09-13,CE02SHBP-LJ01D-07-VEL3DC108,13,True,2026-09-13T00:00:00Z,2026-09-13T23:59:59Z,86400,86400,0,1.0,1.000362873,0.999998462,0.005047679,0,0,0,0,-1e-06,3.665249,12.444552,-5.646752e-10,0.003665254,0.01244457,False,0.011676,False
2026-09-14,CE02SHBP-LJ01D-07-VEL3DC108,13,True,2026-09-14T00:00:00Z,2026-09-14T23:59:59Z,86400,86400,0,1.0,1.000362873,0.99999844,0.0022232,0,0,0,0,-0.0,3.707612,28.808721,-4.30237e-10,0.003707618,0.02880877,False,0.028976,False
2026-09-15,CE02SHBP-LJ01D-07-VEL3DC108,13,True,2026-09-15T00:00:00Z,2026-09-15T23:59:59Z,86401,86401,0,1.0,1.000362873,0.999998401,0.003775615,0,0,6,6,0.0,4.411457,28.633854,3.384745e-10,0.004411464,0.0286339,False,0.027695,False
2026-09-16,CE02SHBP-LJ01D-07-VEL3DC108,13,True,2026-09-16T00:00:00Z,2026-09-16T23:59:59Z,86400,86400,0,1.0,1.000362873,0.999998365,0.003684738,0,0,0,0,-0.0,4.805249,15.112539,-3.959978e-10,0.004805257,0.01511256,False,0.012608,False
2026-09-17,CE02SHBP-LJ01D-07-VEL3DC108,13,True,2026-09-17T00:00:00Z,2026-09-17T23:59:59Z,86400,86400,0,1.0,1.000362396,0.999998337,-0.002403131,0,0,0,0,-0.0,6.143859,34.828815,-4.768188e-10,0.006143869,0.03482887,False,0.033016,False
2026-09-18,CE02SHBP-LJ01D-07-VEL3DC108,13,True,2026-09-18T00:00:00Z,2026-09-18T23:59:59Z,86400,86400,0,1.0,1.000362873,0.999998359,-0.003801159,0,0,0,0,-0.0,4.268423,30.356994,-4.679199e-10,0.00426843,0.03035704,False,0.028936,False
2026-09-19,CE02SHBP-LJ01D-07-VEL3DC108,13,True,2026-09-19T00:00:00Z,2026-09-19T23:59:59Z,86400,86400,0,1.0,1.000362873,0.999998305,0.00132539,0,0,0,0,-1e-06,4.53702,27.529072,-5.379833e-10,0.004537027,0.02752912,False,0.028842,False
2026-09-20,CE02SHBP-LJ01D-07-VEL3DC108,13,True,2026-09-20T00:00:00Z,2026-09-20T23:59:59Z,86400,86400,0,1.0,1.000362873,0.999998349,-0.000783177,0,0,0,0,-1e-06,3.562447,25.574304,-5.132007e-10,0.003562453,0.02557435,False,0.02794,False
2026-09-21,CE02SHBP-LJ01D-07-VEL3DC108,13,True,2026-09-21T00:00:00Z,2026-09-21T23:59:59Z,86400,86400,0,1.0,1.000362873,0.999998386,-0.006495571,0,0,0,0,-0.0,4.525664,29.892505,-4.674967e-10,0.004525672,0.02989255,False,0.028478,False
2026-09-22,CE02SHBP-LJ01D-07-VEL3DC108,13,True,2026-09-22T00:00:00Z,2026-09-22T23:59:59Z,86401,86401,0,1.0,1.000362873,0.999998374,-0.002574004,0,0,3,3,-0.0,8.133995,89.832719,-1.756633e-10,0.008134008,0.08983287,False,0.084569,False
2026-09-23,CE02SHBP-LJ01D-07-VEL3DC108,13,True,2026-09-23T00:00:00Z,2026-09-23T23:59:59Z,86400,86400,0,1.0,1.000362396,0.999998387,0.001873161,0,0,0,0,-1e-06,7.033406,43.287187,-5.480827e-10,0.007033418,0.04328726,False,0.045988,False
2026-09-24,CE02SHBP-LJ01D-07-VEL3DC108,13,True,2026-09-24T00:00:00Z,2026-09-24T23:59:59Z,86400,86400,0,1.0,1.000362396,0.999998338,-0.001400247,0,0,0,0,-0.0,4.448775,30.335267,-4.965465e-10,0.004448782,0.03033532,False,0.028717,False
2026-09-25,CE02SHBP-LJ01D-07-VEL3DC108,13,True,2026-09-25T00:00:00Z,2026-09-25T23:59:59Z,86400,86400,0,1.0,1.000362873,0.999998274,0.007381558,0,0,0,0,-1e-06,3.827336,14.785652,-5.049788e-10,0.003827343,0.01478568,False,0.014418,False
2026-09-26,CE02SHBP-LJ01D-07-VEL3DC108,13,True,2026-09-26T00:00:00Z,2026-09-26T23:59:59Z,86400,86400,0,1.0,1.000362873,0.999998614,0.00579252,0,0,0,0,-0.0,4.529867,30.764962,-4.711864e-10,0.004529874,0.030765,False,0.028981,False
2026-09-27,CE02SHBP-LJ01D-07-VEL3DC108,13,True,2026-09-27T00:00:00Z,2026-09-27T23:59:59Z,86400,86400,0,1.0,1.000362396,0.999998233,0.003594846,0,0,0,0,-0.0,4.938393,29.409094,-4.792355e-10,0.004938402,0.02940915,False,0.028689,False
2026-09-28,CE02SHBP-LJ01D-07-VEL3DC108,13,True,2026-09-28T00:00:00Z,2026-09-28T23:59:59Z,86400,86400,0,1.0,1.000362873,0.999998247,0.002208733,0,0,0,0,-0.0,3.857388,12.4509,-4.494657e-10,0.003857395,0.01245092,False,0.01372,False
2026-09-29,CE02SHBP-LJ01D-07-VEL3DC108,13,True,2026-09-29T00:00:00Z,2026-09-29T23:59:59Z,86401,86401,0,1.0,1.000362396,0.99999823,-0.000519579,0,0,6,6,-1e-06,3.566359,28.423187,-1.083724e-09,0.003566365,0.02842324,False,0.026428,False
2026-09-30,CE02SHBP-LJ01D-07-VEL3DC108,13,True,2026-09-30T00:00:00Z,2026-09-30T23:59:59Z,86400,86400,0,1.0,1.000362873,0.999998608,0.005271849,0,0,0,0,-0.0,4.593674,28.816999,-4.983825e-10,0.00459368,0.02881704,False,0.029006,False
