date,station,deployment,has_data,data_start,data_end,n_points,n_ideal,true_missing,sp_nominal,dt_FG,dt_true,t_i0_offset_s,n_gaps,gap_total_missing,n_gaps_raw,gap_total_missing_raw,jitter_mean_ms,jitter_std_ms,jitter_maxabs_ms,frac_mean,frac_std,frac_maxabs,jitter_unstable,max_abs_epsilon,figure_generated
2014-08-15,CE04OSBP-LJ01C-07-VEL3DC107,1,False,,,0,0,,0.125,,,,,,,,,,,,,,,,False
2014-08-16,CE04OSBP-LJ01C-07-VEL3DC107,1,False,,,0,0,,0.125,,,,,,,,,,,,,,,,False
2014-08-17,CE04OSBP-LJ01C-07-VEL3DC107,1,False,,,0,0,,0.125,,,,,,,,,,,,,,,,False
2014-08-18,CE04OSBP-LJ01C-07-VEL3DC107,1,False,,,0,0,,0.125,,,,,,,,,,,,,,,,False
2014-08-19,CE04OSBP-LJ01C-07-VEL3DC107,1,False,,,0,0,,0.125,,,,,,,,,,,,,,,,False
2014-08-20,CE04OSBP-LJ01C-07-VEL3DC107,1,False,,,0,0,,0.125,,,,,,,,,,,,,,,,False
2014-08-21,CE04OSBP-LJ01C-07-VEL3DC107,1,False,,,0,0,,0.125,,,,,,,,,,,,,,,,False
2014-08-22,CE04OSBP-LJ01C-07-VEL3DC107,1,False,,,0,0,,0.125,,,,,,,,,,,,,,,,False
2014-08-23,CE04OSBP-LJ01C-07-VEL3DC107,1,False,,,0,0,,0.125,,,,,,,,,,,,,,,,False
2014-08-24,CE04OSBP-LJ01C-07-VEL3DC107,1,False,,,0,0,,0.125,,,,,,,,,,,,,,,,False
2014-08-25,CE04OSBP-LJ01C-07-VEL3DC107,1,True,2014-08-25T19:16:02Z,2014-08-26T00:00:00Z,135274,136305,1031,0.125,0.125,0.125,-0.0,17,1031,17,1031,0.0,0.0,0.0,1.425556e-09,8.045955e-10,2.823072e-09,False,0.0,True
2014-08-26,CE04OSBP-LJ01C-07-VEL3DC107,1,True,2014-08-26T00:00:00Z,2014-08-27T00:00:00Z,691135,691201,66,0.125,0.125,0.125,-0.0,39,66,39,66,1e-06,1e-06,2e-06,7.215505e-09,4.162002e-09,1.44355e-08,False,0.0,True
2014-08-27,CE04OSBP-LJ01C-07-VEL3DC107,1,True,2014-08-27T00:00:00Z,2014-08-28T00:00:00Z,691110,691201,91,0.125,0.125,0.125,0.0,58,91,58,91,-0.0,0.0,1e-06,-3.023402e-09,1.692867e-09,5.937181e-09,False,0.0,True
2014-08-28,CE04OSBP-LJ01C-07-VEL3DC107,1,True,2014-08-28T00:00:00Z,2014-08-29T00:00:00Z,691110,691201,91,0.125,0.125,0.125,-0.0,43,91,43,91,1e-06,0.0,1e-06,4.868109e-09,2.783996e-09,9.662472e-09,False,0.0,True
2014-08-29,CE04OSBP-LJ01C-07-VEL3DC107,1,True,2014-08-29T00:00:00Z,2014-08-30T00:00:00Z,691091,691201,110,0.125,0.125,0.125,0.0,55,110,55,110,-0.0,0.0,1e-06,-2.918147e-09,1.68102e-09,5.820766e-09,False,0.0,True
2014-08-30,CE04OSBP-LJ01C-07-VEL3DC107,1,True,2014-08-30T00:00:00Z,2014-08-31T00:00:00Z,691120,691201,81,0.125,0.125,0.125,0.0,48,81,48,81,-1e-06,1e-06,2e-06,-7.594842e-09,4.357477e-09,1.513399e-08,False,0.0,True
2014-08-31,CE04OSBP-LJ01C-07-VEL3DC107,1,True,2014-08-31T00:00:00Z,2014-08-31T19:13:27Z,553602,553661,59,0.125,0.125,0.125,-0.0,39,59,39,59,-0.0,0.0,0.0,-5.379792e-10,3.300267e-10,1.164153e-09,False,0.0,True
2014-09-01,CE04OSBP-LJ01C-07-VEL3DC107,1,False,,,0,0,,0.125,,,,,,,,,,,,,,,,False
2014-09-02,CE04OSBP-LJ01C-07-VEL3DC107,1,False,,,0,0,,0.125,,,,,,,,,,,,,,,,False
2014-09-03,CE04OSBP-LJ01C-07-VEL3DC107,1,False,,,0,0,,0.125,,,,,,,,,,,,,,,,False
2014-09-04,CE04OSBP-LJ01C-07-VEL3DC107,1,False,,,0,0,,0.125,,,,,,,,,,,,,,,,False
2014-09-05,CE04OSBP-LJ01C-07-VEL3DC107,1,False,,,0,0,,0.125,,,,,,,,,,,,,,,,False
2014-09-06,CE04OSBP-LJ01C-07-VEL3DC107,1,False,,,0,0,,0.125,,,,,,,,,,,,,,,,False
2014-09-07,CE04OSBP-LJ01C-07-VEL3DC107,1,False,,,0,0,,0.125,,,,,,,,,,,,,,,,False
2014-09-08,CE04OSBP-LJ01C-07-VEL3DC107,1,False,,,0,0,,0.125,,,,,,,,,,,,,,,,False
2014-09-09,CE04OSBP-LJ01C-07-VEL3DC107,1,False,,,0,0,,0.125,,,,,,,,,,,,,,,,False
2014-09-10,CE04OSBP-LJ01C-07-VEL3DC107,1,False,,,0,0,,0.125,,,,,,,,,,,,,,,,False
2014-09-11,CE04OSBP-LJ01C-07-VEL3DC107,1,False,,,0,0,,0.125,,,,,,,,,,,,,,,,False
2014-09-12,CE04OSBP-LJ01C-07-VEL3DC107,1,False,,,0,0,,0.125,,,,,,,,,,,,,,,,False
2014-09-13,CE04OSBP-LJ01C-07-VEL3DC107,1,False,,,0,0,,0.125,,,,,,,,,,,,,,,,False
2014-09-14,CE04OSBP-LJ01C-07-VEL3DC107,1,False,,,0,0,,0.125,,,,,,,,,,,,,,,,False
2014-09-15,CE04OSBP-LJ01C-07-VEL3DC107,1,False,,,0,0,,0.125,,,,,,,,,,,,,,,,False
2014-09-16,CE04OSBP-LJ01C-07-VEL3DC107,1,False,,,0,0,,0.125,,,,,,,,,,,,,,,,False
2014-09-17,CE04OSBP-LJ01C-07-VEL3DC107,1,False,,,0,0,,0.125,,,,,,,,,,,,,,,,False
2014-09-18,CE04OSBP-LJ01C-07-VEL3DC107,1,False,,,0,0,,0.125,,,,,,,,,,,,,,,,False
2014-09-19,CE04OSBP-LJ01C-07-VEL3DC107,1,False,,,0,0,,0.125,,,,,,,,,,,,,,,,False
2014-09-20,CE04OSBP-LJ01C-07-VEL3DC107,1,False,,,0,0,,0.125,,,,,,,,,,,,,,,,False
2014-09-21,CE04OSBP-LJ01C-07-VEL3DC107,1,False,,,0,0,,0.125,,,,,,,,,,,,,,,,False
2014-09-22,CE04OSBP-LJ01C-07-VEL3DC107,1,True,2014-09-22T22:34:02Z,2014-09-23T00:00:00Z,35127,41265,6138,0.125,0.125,0.125,-0.0,4,6138,4,6138,0.0,0.0,0.0,8.787288e-11,4.600485e-11,1.600711e-10,False,0.0,True
2014-09-23,CE04OSBP-LJ01C-07-VEL3DC107,1,True,2014-09-23T00:00:00Z,2014-09-24T00:00:00Z,691107,691201,94,0.125,0.125,0.125,0.0,53,94,53,94,-0.0,0.0,0.0,-1.106823e-09,6.135615e-10,2.095476e-09,False,0.0,True
2014-09-24,CE04OSBP-LJ01C-07-VEL3DC107,1,True,2014-09-24T00:00:00Z,2014-09-25T00:00:00Z,691100,691201,101,0.125,0.125,0.125,0.0,47,101,47,101,-0.0,0.0,0.0,-1.030644e-09,5.70345e-10,1.97906e-09,False,0.0,True
2014-09-25,CE04OSBP-LJ01C-07-VEL3DC107,1,True,2014-09-25T00:00:00Z,2014-09-26T00:00:00Z,691122,691201,79,0.125,0.125,0.125,-0.0,52,79,52,79,1e-06,1e-06,3e-06,1.094366e-08,6.305364e-09,2.188608e-08,False,0.0,True
2014-09-26,CE04OSBP-LJ01C-07-VEL3DC107,1,True,2014-09-26T00:00:00Z,2014-09-27T00:00:00Z,691144,691201,57,0.125,0.125,0.125,0.0,42,57,42,57,-1e-06,0.0,1e-06,-5.253339e-09,3.003398e-09,1.047738e-08,False,0.0,True
2014-09-27,CE04OSBP-LJ01C-07-VEL3DC107,1,True,2014-09-27T00:00:00Z,2014-09-28T00:00:00Z,665308,691201,25893,0.125,0.125,0.125,0.0,50,25893,50,25893,1e-06,1e-06,2e-06,7.882175e-09,4.510125e-09,1.548324e-08,False,0.0,True
2014-09-28,CE04OSBP-LJ01C-07-VEL3DC107,1,True,2014-09-28T00:00:00Z,2014-09-29T00:00:00Z,691134,691201,67,0.125,0.125,0.125,0.0,48,67,48,67,-1e-06,1e-06,2e-06,-7.025313e-09,4.016267e-09,1.396984e-08,False,0.0,True
2014-09-29,CE04OSBP-LJ01C-07-VEL3DC107,1,True,2014-09-29T00:00:00Z,2014-09-30T00:00:00Z,691122,691201,79,0.125,0.125,0.125,0.0,45,79,45,79,-0.0,0.0,1e-06,-2.994853e-09,1.724793e-09,5.937181e-09,False,0.0,True
2014-09-30,CE04OSBP-LJ01C-07-VEL3DC107,1,True,2014-09-30T00:00:00Z,2014-10-01T00:00:00Z,691076,691201,125,0.125,0.125,0.125,0.0,57,125,57,125,-0.0,0.0,1e-06,-3.762006e-09,2.167982e-09,7.566996e-09,False,0.0,True
2014-10-01,CE04OSBP-LJ01C-07-VEL3DC107,1,True,2014-10-01T00:00:00Z,2014-10-02T00:00:00Z,691103,691201,98,0.125,0.125,0.125,-0.0,36,98,36,98,1e-06,1e-06,2e-06,8.74339e-09,5.021279e-09,1.74623e-08,False,0.0,True
2014-10-02,CE04OSBP-LJ01C-07-VEL3DC107,1,True,2014-10-02T00:00:00Z,2014-10-03T00:00:00Z,691124,691201,77,0.125,0.125,0.125,0.0,36,77,36,77,-0.0,0.0,0.0,-1.258913e-09,6.732527e-10,2.444722e-09,False,0.0,True
2014-10-03,CE04OSBP-LJ01C-07-VEL3DC107,1,True,2014-10-03T00:00:00Z,2014-10-04T00:00:00Z,691093,691201,108,0.125,0.125,0.125,-0.0,54,108,54,108,2e-06,1e-06,3e-06,1.365507e-08,7.860354e-09,2.724119e-08,False,0.0,True
2014-10-04,CE04OSBP-LJ01C-07-VEL3DC107,1,True,2014-10-04T00:00:00Z,2014-10-05T00:00:00Z,691129,691201,72,0.125,0.125,0.125,-0.0,45,72,45,72,-0.0,0.0,0.0,-5.285298e-10,3.189058e-10,1.047738e-09,False,0.0,True
2014-10-05,CE04OSBP-LJ01C-07-VEL3DC107,1,True,2014-10-05T00:00:00Z,2014-10-06T00:00:00Z,691121,691201,80,0.125,0.125,0.125,-0.0,39,80,39,80,1e-06,0.0,1e-06,4.144386e-09,2.391785e-09,8.265488e-09,False,0.0,True
2014-10-06,CE04OSBP-LJ01C-07-VEL3DC107,1,True,2014-10-06T00:00:00Z,2014-10-07T00:00:00Z,691123,691201,78,0.125,0.125,0.125,-0.0,43,78,43,78,-0.0,0.0,1e-06,-3.56265e-09,2.100949e-09,7.21775e-09,False,0.0,True
2014-10-07,CE04OSBP-LJ01C-07-VEL3DC107,1,True,2014-10-07T00:00:00Z,2014-10-08T00:00:00Z,691128,691201,73,0.125,0.125,0.125,-0.0,53,73,53,73,0.0,0.0,1e-06,3.656094e-09,2.092925e-09,7.334165e-09,False,0.0,True
2014-10-08,CE04OSBP-LJ01C-07-VEL3DC107,1,True,2014-10-08T00:00:00Z,2014-10-09T00:00:00Z,691142,691201,59,0.125,0.125,0.125,0.0,40,59,40,59,-0.0,0.0,1e-06,-2.261247e-09,1.274731e-09,4.423782e-09,False,0.0,True
2014-10-09,CE04OSBP-LJ01C-07-VEL3DC107,1,True,2014-10-09T00:00:00Z,2014-10-10T00:00:00Z,691130,691201,71,0.125,0.125,0.125,-0.0,51,71,51,71,-0.0,0.0,0.0,-1.229644e-09,7.378012e-10,2.444722e-09,False,0.0,True
2014-10-10,CE04OSBP-LJ01C-07-VEL3DC107,1,True,2014-10-10T00:00:00Z,2014-10-11T00:00:00Z,691094,691201,107,0.125,0.125,0.125,-0.0,46,107,46,107,1e-06,0.0,1e-06,5.835873e-09,3.329375e-09,1.164153e-08,False,0.0,True
2014-10-11,CE04OSBP-LJ01C-07-VEL3DC107,1,True,2014-10-11T00:00:00Z,2014-10-12T00:00:00Z,691099,691201,102,0.125,0.125,0.125,-0.0,61,102,61,102,-0.0,0.0,1e-06,-3.444571e-09,2.002031e-09,6.868504e-09,False,0.0,True
2014-10-12,CE04OSBP-LJ01C-07-VEL3DC107,1,True,2014-10-12T00:00:00Z,2014-10-13T00:00:00Z,691113,691201,88,0.125,0.125,0.125,-0.0,40,88,40,88,-1e-06,0.0,1e-06,-4.143793e-09,2.392621e-09,8.265488e-09,False,0.0,True
2014-10-13,CE04OSBP-LJ01C-07-VEL3DC107,1,True,2014-10-13T00:00:00Z,2014-10-14T00:00:00Z,691112,691201,89,0.125,0.125,0.125,-0.0,42,89,42,89,0.0,0.0,1e-06,2.458842e-09,1.381108e-09,4.889444e-09,False,0.0,True
2014-10-14,CE04OSBP-LJ01C-07-VEL3DC107,1,True,2014-10-14T00:00:00Z,2014-10-15T00:00:00Z,691113,691201,88,0.125,0.125,0.125,0.0,54,88,54,88,-0.0,0.0,1e-06,-3.308005e-09,1.897138e-09,6.635673e-09,False,0.0,True
2014-10-15,CE04OSBP-LJ01C-07-VEL3DC107,1,True,2014-10-15T00:00:00Z,2014-10-16T00:00:00Z,691115,691201,86,0.125,0.125,0.125,0.0,45,86,45,86,-2e-06,1e-06,4e-06,-1.619828e-08,9.242397e-09,3.224704e-08,False,0.0,True
2014-10-16,CE04OSBP-LJ01C-07-VEL3DC107,1,True,2014-10-16T00:00:00Z,2014-10-17T00:00:00Z,691134,691201,67,0.125,0.125,0.125,0.0,46,67,46,67,-0.0,0.0,0.0,-9.62807e-10,5.169011e-10,1.862645e-09,False,0.0,True
2014-10-17,CE04OSBP-LJ01C-07-VEL3DC107,1,True,2014-10-17T00:00:00Z,2014-10-18T00:00:00Z,691147,691201,54,0.125,0.125,0.125,-0.0,41,54,41,54,1e-06,1e-06,2e-06,8.244708e-09,4.733099e-09,1.641456e-08,False,0.0,True
2014-10-18,CE04OSBP-LJ01C-07-VEL3DC107,1,True,2014-10-18T00:00:00Z,2014-10-19T00:00:00Z,691120,691201,81,0.125,0.125,0.125,0.0,47,81,47,81,-2e-06,1e-06,3e-06,-1.225199e-08,6.98817e-09,2.43308e-08,False,0.0,True
2014-10-19,CE04OSBP-LJ01C-07-VEL3DC107,1,True,2014-10-19T00:00:00Z,2014-10-20T00:00:00Z,691082,691201,119,0.125,0.125,0.125,0.0,58,119,58,119,-1e-06,0.0,2e-06,-6.597786e-09,3.780655e-09,1.315493e-08,False,0.0,True
2014-10-20,CE04OSBP-LJ01C-07-VEL3DC107,1,True,2014-10-20T00:00:00Z,2014-10-21T00:00:00Z,691126,691201,75,0.125,0.125,0.125,-0.0,41,75,41,75,1e-06,1e-06,2e-06,8.516274e-09,4.888309e-09,1.699664e-08,False,0.0,True
2014-10-21,CE04OSBP-LJ01C-07-VEL3DC107,1,True,2014-10-21T00:00:00Z,2014-10-22T00:00:00Z,691116,691201,85,0.125,0.125,0.125,0.0,51,85,51,85,0.0,0.0,1e-06,2.486038e-09,1.448623e-09,5.005859e-09,False,0.0,True
2014-10-22,CE04OSBP-LJ01C-07-VEL3DC107,1,True,2014-10-22T00:00:00Z,2014-10-23T00:00:00Z,691081,691201,120,0.125,0.125,0.125,-0.0,59,120,59,120,2e-06,1e-06,4e-06,1.746435e-08,1.004176e-08,3.49246e-08,False,0.0,True
2014-10-23,CE04OSBP-LJ01C-07-VEL3DC107,1,True,2014-10-23T00:00:00Z,2014-10-24T00:00:00Z,691095,691201,106,0.125,0.125,0.125,-0.0,58,106,58,106,-0.0,0.0,1e-06,-2.421898e-09,1.425535e-09,4.889444e-09,False,0.0,True
2014-10-24,CE04OSBP-LJ01C-07-VEL3DC107,1,True,2014-10-24T00:00:00Z,2014-10-25T00:00:00Z,691134,691201,67,0.125,0.125,0.125,-0.0,33,67,33,67,1e-06,1e-06,2e-06,7.858193e-09,4.483722e-09,1.559965e-08,False,0.0,True
2014-10-25,CE04OSBP-LJ01C-07-VEL3DC107,1,True,2014-10-25T00:00:00Z,2014-10-26T00:00:00Z,691136,691201,65,0.125,0.125,0.125,0.0,45,65,45,65,-0.0,0.0,0.0,-1.954169e-09,1.097904e-09,3.841706e-09,False,0.0,True
2014-10-26,CE04OSBP-LJ01C-07-VEL3DC107,1,True,2014-10-26T00:00:00Z,2014-10-27T00:00:00Z,691148,691201,53,0.125,0.125,0.125,0.0,40,53,40,53,-1e-06,0.0,1e-06,-4.681409e-09,2.701766e-09,9.313226e-09,False,0.0,True
2014-10-27,CE04OSBP-LJ01C-07-VEL3DC107,1,True,2014-10-27T00:00:00Z,2014-10-28T00:00:00Z,691137,691201,64,0.125,0.125,0.125,-0.0,51,64,51,64,1e-06,0.0,2e-06,6.750404e-09,3.86661e-09,1.338776e-08,False,0.0,True
2014-10-28,CE04OSBP-LJ01C-07-VEL3DC107,1,True,2014-10-28T00:00:00Z,2014-10-29T00:00:00Z,691102,691201,99,0.125,0.125,0.125,-0.0,59,99,59,99,1e-06,0.0,2e-06,6.520402e-09,3.737133e-09,1.303852e-08,False,0.0,True
2014-10-29,CE04OSBP-LJ01C-07-VEL3DC107,1,True,2014-10-29T00:00:00Z,2014-10-30T00:00:00Z,691111,691201,90,0.125,0.125,0.125,0.0,49,90,49,90,0.0,0.0,0.0,1.229605e-09,7.377421e-10,2.444722e-09,False,0.0,True
2014-10-30,CE04OSBP-LJ01C-07-VEL3DC107,1,True,2014-10-30T00:00:00Z,2014-10-31T00:00:00Z,339521,691201,351680,0.125,0.125,0.125,0.0,16,351680,16,351680,0.0,0.0,1e-06,3.388685e-09,2.6069e-09,6.752089e-09,False,0.0,True
2014-10-31,CE04OSBP-LJ01C-07-VEL3DC107,1,True,2014-10-31T00:00:00Z,2014-11-01T00:00:00Z,691127,691201,74,0.125,0.125,0.125,0.0,47,74,47,74,-1e-06,1e-06,2e-06,-8.244687e-09,4.733269e-09,1.641456e-08,False,0.0,True
2014-11-01,CE04OSBP-LJ01C-07-VEL3DC107,1,True,2014-11-01T00:00:00Z,2014-11-02T00:00:00Z,691110,691201,91,0.125,0.125,0.125,-0.0,43,91,43,91,-0.0,0.0,1e-06,-2.675391e-09,1.561888e-09,5.355105e-09,False,0.0,True
2014-11-02,CE04OSBP-LJ01C-07-VEL3DC107,1,True,2014-11-02T00:00:00Z,2014-11-03T00:00:00Z,691120,691201,81,0.125,0.125,0.125,0.0,61,81,61,81,-1e-06,0.0,1e-06,-4.255691e-09,2.427258e-09,8.498318e-09,False,0.0,True
2014-11-03,CE04OSBP-LJ01C-07-VEL3DC107,1,True,2014-11-03T00:00:00Z,2014-11-04T00:00:00Z,691124,691201,77,0.125,0.125,0.125,-0.0,50,77,50,77,1e-06,0.0,1e-06,5.910832e-09,3.408417e-09,1.187436e-08,False,0.0,True
2014-11-04,CE04OSBP-LJ01C-07-VEL3DC107,1,True,2014-11-04T00:00:00Z,2014-11-04T16:05:52Z,463588,463623,35,0.125,0.125,0.125,-0.0,22,35,22,35,1e-06,0.0,1e-06,4.443522e-09,2.552176e-09,8.847564e-09,False,0.0,True
2014-11-05,CE04OSBP-LJ01C-07-VEL3DC107,1,True,2014-11-05T18:56:00Z,2014-11-06T00:00:00Z,145884,145921,37,0.125,0.125,0.125,-0.0,15,37,15,37,0.0,0.0,1e-06,2.572707e-09,1.46794e-09,5.122274e-09,False,0.0,True
2014-11-06,CE04OSBP-LJ01C-07-VEL3DC107,1,True,2014-11-06T00:00:00Z,2014-11-07T00:00:00Z,691139,691201,62,0.125,0.125,0.125,-0.0,42,62,42,62,-1e-06,0.0,1e-06,-4.330402e-09,2.543247e-09,8.731149e-09,False,0.0,True
2014-11-07,CE04OSBP-LJ01C-07-VEL3DC107,1,True,2014-11-07T00:00:00Z,2014-11-08T00:00:00Z,691106,691201,95,0.125,0.125,0.125,0.0,55,95,55,95,-1e-06,1e-06,2e-06,-7.632158e-09,4.376547e-09,1.525041e-08,False,0.0,True
2014-11-08,CE04OSBP-LJ01C-07-VEL3DC107,1,True,2014-11-08T00:00:00Z,2014-11-09T00:00:00Z,691127,691201,74,0.125,0.125,0.125,0.0,47,74,47,74,-1e-06,0.0,1e-06,-5.06069e-09,2.897572e-09,1.012813e-08,False,0.0,True
2014-11-09,CE04OSBP-LJ01C-07-VEL3DC107,1,True,2014-11-09T00:00:00Z,2014-11-10T00:00:00Z,691105,691201,96,0.125,0.125,0.125,0.0,55,96,55,96,-0.0,0.0,1e-06,-3.795368e-09,2.161321e-09,7.566996e-09,False,0.0,True
2014-11-10,CE04OSBP-LJ01C-07-VEL3DC107,1,True,2014-11-10T00:00:00Z,2014-11-11T00:00:00Z,691106,691201,95,0.125,0.125,0.125,-0.0,41,95,41,95,1e-06,1e-06,3e-06,1.116841e-08,6.44255e-09,2.235174e-08,False,0.0,True
2014-11-11,CE04OSBP-LJ01C-07-VEL3DC107,1,True,2014-11-11T00:00:00Z,2014-11-12T00:00:00Z,691097,691201,104,0.125,0.125,0.125,0.0,56,104,56,104,0.0,0.0,0.0,8.079085e-11,9.724653e-11,2.328306e-10,False,0.0,True
2014-11-12,CE04OSBP-LJ01C-07-VEL3DC107,1,True,2014-11-12T00:00:00Z,2014-11-13T00:00:00Z,691107,691201,94,0.125,0.125,0.125,0.0,53,94,53,94,-0.0,0.0,0.0,-3.083435e-10,1.748236e-10,5.820766e-10,False,0.0,True
2014-11-13,CE04OSBP-LJ01C-07-VEL3DC107,1,True,2014-11-13T00:00:00Z,2014-11-14T00:00:00Z,691114,691201,87,0.125,0.125,0.125,0.0,48,87,48,87,-0.0,0.0,0.0,-1.87027e-09,1.030723e-09,3.608875e-09,False,0.0,True
2014-11-14,CE04OSBP-LJ01C-07-VEL3DC107,1,True,2014-11-14T00:00:00Z,2014-11-15T00:00:00Z,691075,691201,126,0.125,0.125,0.125,-0.0,48,126,48,126,1e-06,1e-06,3e-06,1.16975e-08,6.726993e-09,2.328306e-08,False,0.0,True
2014-11-15,CE04OSBP-LJ01C-07-VEL3DC107,1,True,2014-11-15T00:00:00Z,2014-11-16T00:00:00Z,691129,691201,72,0.125,0.125,0.125,-0.0,51,72,51,72,1e-06,1e-06,3e-06,1.132986e-08,6.523338e-09,2.258457e-08,False,0.0,True
2014-11-16,CE04OSBP-LJ01C-07-VEL3DC107,1,True,2014-11-16T00:00:00Z,2014-11-17T00:00:00Z,691126,691201,75,0.125,0.125,0.125,-0.0,42,75,42,75,0.0,0.0,0.0,6.12793e-10,3.535563e-10,1.280569e-09,False,0.0,True
2014-11-17,CE04OSBP-LJ01C-07-VEL3DC107,1,True,2014-11-17T00:00:00Z,2014-11-18T00:00:00Z,691129,691201,72,0.125,0.125,0.125,0.0,38,72,38,72,0.0,0.0,1e-06,2.649534e-09,1.558701e-09,5.355105e-09,False,0.0,True
2014-11-18,CE04OSBP-LJ01C-07-VEL3DC107,1,True,2014-11-18T00:00:00Z,2014-11-19T00:00:00Z,691122,691201,79,0.125,0.125,0.125,-0.0,45,79,45,79,0.0,0.0,1e-06,2.681504e-09,1.524855e-09,5.355105e-09,False,0.0,True
2014-11-19,CE04OSBP-LJ01C-07-VEL3DC107,1,True,2014-11-19T00:00:00Z,2014-11-20T00:00:00Z,691105,691201,96,0.125,0.125,0.125,-0.0,49,96,49,96,0.0,0.0,0.0,1.684074e-09,9.482668e-10,3.376044e-09,False,0.0,True
2014-11-20,CE04OSBP-LJ01C-07-VEL3DC107,1,True,2014-11-20T00:00:00Z,2014-11-21T00:00:00Z,691113,691201,88,0.125,0.125,0.125,-0.0,47,88,47,88,0.0,0.0,0.0,1.270087e-10,7.359779e-11,2.328306e-10,False,0.0,True
2014-11-21,CE04OSBP-LJ01C-07-VEL3DC107,1,True,2014-11-21T00:00:00Z,2014-11-22T00:00:00Z,691086,691201,115,0.125,0.125,0.125,-0.0,52,115,52,115,-0.0,0.0,1e-06,-3.375925e-09,1.950508e-09,6.752089e-09,False,0.0,True
2014-11-22,CE04OSBP-LJ01C-07-VEL3DC107,1,True,2014-11-22T00:00:00Z,2014-11-23T00:00:00Z,691114,691201,87,0.125,0.125,0.125,0.0,46,87,46,87,0.0,0.0,0.0,7.173788e-11,4.233397e-11,1.164153e-10,False,0.0,True
2014-11-23,CE04OSBP-LJ01C-07-VEL3DC107,1,True,2014-11-23T00:00:00Z,2014-11-24T00:00:00Z,691120,691201,81,0.125,0.125,0.125,0.0,42,81,42,81,-1e-06,0.0,1e-06,-5.786685e-09,3.286492e-09,1.152512e-08,False,0.0,True
2014-11-24,CE04OSBP-LJ01C-07-VEL3DC107,1,True,2014-11-24T00:00:00Z,2014-11-25T00:00:00Z,691146,691201,55,0.125,0.125,0.125,0.0,41,55,41,55,-0.0,0.0,1e-06,-2.18197e-09,1.234143e-09,4.307367e-09,False,0.0,True
2014-11-25,CE04OSBP-LJ01C-07-VEL3DC107,1,True,2014-11-25T00:00:00Z,2014-11-26T00:00:00Z,691147,691201,54,0.125,0.125,0.125,-0.0,47,54,47,54,1e-06,1e-06,2e-06,8.526878e-09,4.908784e-09,1.699664e-08,False,0.0,True
2014-11-26,CE04OSBP-LJ01C-07-VEL3DC107,1,True,2014-11-26T00:00:00Z,2014-11-27T00:00:00Z,691150,691201,51,0.125,0.125,0.125,0.0,39,51,39,51,-1e-06,1e-06,3e-06,-1.028692e-08,5.90305e-09,2.04891e-08,False,0.0,True
2014-11-27,CE04OSBP-LJ01C-07-VEL3DC107,1,True,2014-11-27T00:00:00Z,2014-11-28T00:00:00Z,691128,691201,73,0.125,0.125,0.125,0.0,46,73,46,73,1e-06,1e-06,2e-06,8.863525e-09,5.11738e-09,1.769513e-08,False,0.0,True
2014-11-28,CE04OSBP-LJ01C-07-VEL3DC107,1,True,2014-11-28T00:00:00Z,2014-11-29T00:00:00Z,691107,691201,94,0.125,0.125,0.125,0.0,52,94,52,94,-1e-06,1e-06,2e-06,-7.636837e-09,4.342025e-09,1.513399e-08,False,0.0,True
2014-11-29,CE04OSBP-LJ01C-07-VEL3DC107,1,True,2014-11-29T00:00:00Z,2014-11-30T00:00:00Z,691097,691201,104,0.125,0.125,0.125,-0.0,50,104,50,104,0.0,0.0,0.0,5.774278e-10,3.343793e-10,1.164153e-09,False,0.0,True
2014-11-30,CE04OSBP-LJ01C-07-VEL3DC107,1,True,2014-11-30T00:00:00Z,2014-12-01T00:00:00Z,691117,691201,84,0.125,0.125,0.125,-0.0,50,84,50,84,0.0,0.0,1e-06,3.348632e-09,1.916634e-09,6.635673e-09,False,0.0,True
2014-12-01,CE04OSBP-LJ01C-07-VEL3DC107,1,True,2014-12-01T00:00:00Z,2014-12-02T00:00:00Z,691125,691201,76,0.125,0.125,0.125,-0.0,42,76,42,76,0.0,0.0,1e-06,2.502723e-09,1.432359e-09,5.005859e-09,False,0.0,True
2014-12-02,CE04OSBP-LJ01C-07-VEL3DC107,1,True,2014-12-02T00:00:00Z,2014-12-03T00:00:00Z,691096,691201,105,0.125,0.125,0.125,-0.0,51,105,51,105,2e-06,1e-06,4e-06,1.423919e-08,8.184335e-09,2.840534e-08,False,0.0,True
2014-12-03,CE04OSBP-LJ01C-07-VEL3DC107,1,True,2014-12-03T00:00:00Z,2014-12-04T00:00:00Z,691122,691201,79,0.125,0.125,0.125,0.0,37,79,37,79,0.0,0.0,0.0,8.855399e-10,5.420419e-10,1.862645e-09,False,0.0,True
2014-12-04,CE04OSBP-LJ01C-07-VEL3DC107,1,True,2014-12-04T00:00:00Z,2014-12-05T00:00:00Z,691146,691201,55,0.125,0.125,0.125,-0.0,41,55,41,55,0.0,0.0,1e-06,3.955549e-09,2.244344e-09,7.799827e-09,False,0.0,True
2014-12-05,CE04OSBP-LJ01C-07-VEL3DC107,1,True,2014-12-05T00:00:00Z,2014-12-06T00:00:00Z,691133,691201,68,0.125,0.125,0.125,0.0,49,68,49,68,0.0,0.0,1e-06,2.301217e-09,1.329952e-09,4.656613e-09,False,0.0,True
2014-12-06,CE04OSBP-LJ01C-07-VEL3DC107,1,True,2014-12-06T00:00:00Z,2014-12-07T00:00:00Z,691152,691201,49,0.125,0.125,0.125,0.0,43,49,43,49,0.0,0.0,0.0,1.072267e-09,6.584349e-10,2.211891e-09,False,0.0,True
2014-12-07,CE04OSBP-LJ01C-07-VEL3DC107,1,True,2014-12-07T00:00:00Z,2014-12-07T20:59:40Z,604552,604646,94,0.125,0.125,0.125,0.0,53,94,53,94,-0.0,0.0,1e-06,-3.436166e-09,1.964395e-09,6.868504e-09,False,0.0,True
2014-12-08,CE04OSBP-LJ01C-07-VEL3DC107,1,False,,,0,0,,0.125,,,,,,,,,,,,,,,,False
2014-12-09,CE04OSBP-LJ01C-07-VEL3DC107,1,False,,,0,0,,0.125,,,,,,,,,,,,,,,,False
2014-12-10,CE04OSBP-LJ01C-07-VEL3DC107,1,False,,,0,0,,0.125,,,,,,,,,,,,,,,,False
2014-12-11,CE04OSBP-LJ01C-07-VEL3DC107,1,False,,,0,0,,0.125,,,,,,,,,,,,,,,,False
2014-12-12,CE04OSBP-LJ01C-07-VEL3DC107,1,False,,,0,0,,0.125,,,,,,,,,,,,,,,,False
2014-12-13,CE04OSBP-LJ01C-07-VEL3DC107,1,False,,,0,0,,0.125,,,,,,,,,,,,,,,,False
2014-12-14,CE04OSBP-LJ01C-07-VEL3DC107,1,False,,,0,0,,0.125,,,,,,,,,,,,,,,,False
2014-12-15,CE04OSBP-LJ01C-07-VEL3DC107,1,False,,,0,0,,0.125,,,,,,,,,,,,,,,,False
2014-12-16,CE04OSBP-LJ01C-07-VEL3DC107,1,True,2014-12-16T22:18:02Z,2014-12-16T23:44:09Z,35685,41343,5658,0.125,0.125,0.125,0.0,3,5658,3,5658,-0.0,0.0,0.0,-1.899951e-11,1.123096e-11,3.637979e-11,False,0.0,True
2014-12-17,CE04OSBP-LJ01C-07-VEL3DC107,1,False,,,0,0,,0.125,,,,,,,,,,,,,,,,False
2014-12-18,CE04OSBP-LJ01C-07-VEL3DC107,1,False,,,0,0,,0.125,,,,,,,,,,,,,,,,False
2014-12-19,CE04OSBP-LJ01C-07-VEL3DC107,1,False,,,0,0,,0.125,,,,,,,,,,,,,,,,False
2014-12-20,CE04OSBP-LJ01C-07-VEL3DC107,1,False,,,0,0,,0.125,,,,,,,,,,,,,,,,False
2014-12-21,CE04OSBP-LJ01C-07-VEL3DC107,1,False,,,0,0,,0.125,,,,,,,,,,,,,,,,False
2014-12-22,CE04OSBP-LJ01C-07-VEL3DC107,1,False,,,0,0,,0.125,,,,,,,,,,,,,,,,False
2014-12-23,CE04OSBP-LJ01C-07-VEL3DC107,1,False,,,0,0,,0.125,,,,,,,,,,,,,,,,False
2014-12-24,CE04OSBP-LJ01C-07-VEL3DC107,1,False,,,0,0,,0.125,,,,,,,,,,,,,,,,False
2014-12-25,CE04OSBP-LJ01C-07-VEL3DC107,1,False,,,0,0,,0.125,,,,,,,,,,,,,,,,False
2014-12-26,CE04OSBP-LJ01C-07-VEL3DC107,1,False,,,0,0,,0.125,,,,,,,,,,,,,,,,False
2014-12-27,CE04OSBP-LJ01C-07-VEL3DC107,1,False,,,0,0,,0.125,,,,,,,,,,,,,,,,False
2014-12-28,CE04OSBP-LJ01C-07-VEL3DC107,1,False,,,0,0,,0.125,,,,,,,,,,,,,,,,False
2014-12-29,CE04OSBP-LJ01C-07-VEL3DC107,1,True,2014-12-29T20:30:02Z,2014-12-30T00:00:00Z,100375,100785,410,0.125,0.125,0.125,-0.0,4,410,4,410,0.0,0.0,0.0,5.325125e-10,3.019653e-10,1.06229e-09,False,0.0,True
2014-12-30,CE04OSBP-LJ01C-07-VEL3DC107,1,True,2014-12-30T00:00:00Z,2014-12-31T00:00:00Z,691141,691201,60,0.125,0.125,0.125,-0.0,26,60,26,60,2e-06,1e-06,4e-06,1.527727e-08,8.778904e-09,3.050081e-08,False,0.0,True
2014-12-31,CE04OSBP-LJ01C-07-VEL3DC107,1,True,2014-12-31T00:00:00Z,2015-01-01T00:00:00Z,691121,691201,80,0.125,0.125,0.125,0.0,59,80,59,80,-0.0,0.0,0.0,-1.921087e-09,1.104407e-09,3.841706e-09,False,0.0,True
2015-01-01,CE04OSBP-LJ01C-07-VEL3DC107,1,True,2015-01-01T00:00:00Z,2015-01-02T00:00:00Z,691129,691201,72,0.125,0.125,0.125,0.0,52,72,52,72,-1e-06,1e-06,3e-06,-1.128945e-08,6.50394e-09,2.258457e-08,False,0.0,True
2015-01-02,CE04OSBP-LJ01C-07-VEL3DC107,1,True,2015-01-02T00:00:00Z,2015-01-03T00:00:00Z,691134,691201,67,0.125,0.125,0.125,0.0,41,67,41,67,-0.0,0.0,1e-06,-2.412088e-09,1.367053e-09,4.773028e-09,False,0.0,True
2015-01-03,CE04OSBP-LJ01C-07-VEL3DC107,1,True,2015-01-03T00:00:00Z,2015-01-04T00:00:00Z,691101,691201,100,0.125,0.125,0.125,-0.0,59,100,59,100,0.0,0.0,0.0,1.545338e-09,8.74439e-10,3.026798e-09,False,0.0,True
2015-01-04,CE04OSBP-LJ01C-07-VEL3DC107,1,True,2015-01-04T00:00:00Z,2015-01-05T00:00:00Z,691110,691201,91,0.125,0.125,0.125,0.0,50,91,50,91,0.0,0.0,0.0,1.652397e-09,9.85786e-10,3.376044e-09,False,0.0,True
2015-01-05,CE04OSBP-LJ01C-07-VEL3DC107,1,True,2015-01-05T00:00:00Z,2015-01-06T00:00:00Z,691115,691201,86,0.125,0.125,0.125,-0.0,52,86,52,86,1e-06,1e-06,2e-06,7.17659e-09,4.0761e-09,1.420267e-08,False,0.0,True
2015-01-06,CE04OSBP-LJ01C-07-VEL3DC107,1,True,2015-01-06T00:00:00Z,2015-01-07T00:00:00Z,691095,691201,106,0.125,0.125,0.125,0.0,52,106,52,106,-1e-06,1e-06,2e-06,-9.259122e-09,5.260708e-09,1.839362e-08,False,0.0,True
2015-01-07,CE04OSBP-LJ01C-07-VEL3DC107,1,True,2015-01-07T00:00:00Z,2015-01-08T00:00:00Z,674723,691201,16478,0.125,0.125,0.125,-0.0,47,16478,47,16478,1e-06,0.0,2e-06,6.348948e-09,3.656794e-09,1.257285e-08,False,0.0,True
2015-01-08,CE04OSBP-LJ01C-07-VEL3DC107,1,True,2015-01-08T00:00:00Z,2015-01-09T00:00:00Z,691114,691201,87,0.125,0.125,0.125,0.0,46,87,46,87,0.0,0.0,1e-06,3.264364e-09,1.914912e-09,6.635673e-09,False,0.0,True
2015-01-09,CE04OSBP-LJ01C-07-VEL3DC107,1,True,2015-01-09T00:00:00Z,2015-01-10T00:00:00Z,691108,691201,93,0.125,0.125,0.125,0.0,59,93,59,93,-1e-06,1e-06,2e-06,-9.014298e-09,5.17352e-09,1.792796e-08,False,0.0,True
2015-01-10,CE04OSBP-LJ01C-07-VEL3DC107,1,True,2015-01-10T00:00:00Z,2015-01-11T00:00:00Z,691141,691201,60,0.125,0.125,0.125,-0.0,53,60,53,60,0.0,0.0,0.0,1.312947e-09,7.441396e-10,2.561137e-09,False,0.0,True
2015-01-11,CE04OSBP-LJ01C-07-VEL3DC107,1,True,2015-01-11T00:00:00Z,2015-01-12T00:00:00Z,691146,691201,55,0.125,0.125,0.125,-0.0,35,55,35,55,-1e-06,0.0,2e-06,-6.719177e-09,3.906703e-09,1.350418e-08,False,0.0,True
2015-01-12,CE04OSBP-LJ01C-07-VEL3DC107,1,True,2015-01-12T00:00:00Z,2015-01-13T00:00:00Z,691098,691201,103,0.125,0.125,0.125,-0.0,56,103,56,103,1e-06,0.0,2e-06,6.17288e-09,3.536688e-09,1.222361e-08,False,0.0,True
2015-01-13,CE04OSBP-LJ01C-07-VEL3DC107,1,True,2015-01-13T00:00:00Z,2015-01-14T00:00:00Z,691127,691201,74,0.125,0.125,0.125,-0.0,40,74,40,74,1e-06,1e-06,2e-06,9.215362e-09,5.279098e-09,1.839362e-08,False,0.0,True
2015-01-14,CE04OSBP-LJ01C-07-VEL3DC107,1,True,2015-01-14T00:00:00Z,2015-01-15T00:00:00Z,691092,691201,109,0.125,0.125,0.125,0.0,61,109,61,109,-0.0,0.0,0.0,-4.935356e-10,2.615203e-10,9.313226e-10,False,0.0,True
2015-01-15,CE04OSBP-LJ01C-07-VEL3DC107,1,True,2015-01-15T00:00:00Z,2015-01-16T00:00:00Z,691108,691201,93,0.125,0.125,0.125,-0.0,46,93,46,93,1e-06,1e-06,2e-06,8.979106e-09,5.118299e-09,1.781154e-08,False,0.0,True
2015-01-16,CE04OSBP-LJ01C-07-VEL3DC107,1,True,2015-01-16T00:00:00Z,2015-01-17T00:00:00Z,691107,691201,94,0.125,0.125,0.125,-0.0,39,94,39,94,0.0,0.0,0.0,1.146074e-09,6.381625e-10,2.211891e-09,False,0.0,True
2015-01-17,CE04OSBP-LJ01C-07-VEL3DC107,1,True,2015-01-17T00:00:00Z,2015-01-18T00:00:00Z,691117,691201,84,0.125,0.125,0.125,-0.0,50,84,50,84,1e-06,0.0,1e-06,4.370166e-09,2.498858e-09,8.731149e-09,False,0.0,True
2015-01-18,CE04OSBP-LJ01C-07-VEL3DC107,1,True,2015-01-18T00:00:00Z,2015-01-19T00:00:00Z,691139,691201,62,0.125,0.125,0.125,0.0,36,62,36,62,-0.0,0.0,1e-06,-2.652697e-09,1.489049e-09,5.238689e-09,False,0.0,True
2015-01-19,CE04OSBP-LJ01C-07-VEL3DC107,1,True,2015-01-19T00:00:00Z,2015-01-20T00:00:00Z,691150,691201,51,0.125,0.125,0.125,-0.0,38,51,38,51,1e-06,0.0,1e-06,4.369484e-09,2.4959e-09,8.614734e-09,False,0.0,True
2015-01-20,CE04OSBP-LJ01C-07-VEL3DC107,1,True,2015-01-20T00:00:00Z,2015-01-21T00:00:00Z,691134,691201,67,0.125,0.125,0.125,0.0,46,67,46,67,-0.0,0.0,1e-06,-2.528505e-09,1.435441e-09,5.005859e-09,False,0.0,True
2015-01-21,CE04OSBP-LJ01C-07-VEL3DC107,1,True,2015-01-21T00:00:00Z,2015-01-22T00:00:00Z,691123,691201,78,0.125,0.125,0.125,0.0,45,78,45,78,0.0,0.0,1e-06,2.573675e-09,1.516296e-09,5.238689e-09,False,0.0,True
2015-01-22,CE04OSBP-LJ01C-07-VEL3DC107,1,True,2015-01-22T00:00:00Z,2015-01-23T00:00:00Z,691126,691201,75,0.125,0.125,0.125,-0.0,47,75,47,75,0.0,0.0,1e-06,3.834586e-09,2.182993e-09,7.566996e-09,False,0.0,True
2015-01-23,CE04OSBP-LJ01C-07-VEL3DC107,1,True,2015-01-23T00:00:00Z,2015-01-24T00:00:00Z,691095,691201,106,0.125,0.125,0.125,-0.0,51,106,51,106,0.0,0.0,1e-06,3.339079e-09,1.926385e-09,6.635673e-09,False,0.0,True
2015-01-24,CE04OSBP-LJ01C-07-VEL3DC107,1,True,2015-01-24T00:00:00Z,2015-01-25T00:00:00Z,691108,691201,93,0.125,0.125,0.125,0.0,53,93,53,93,0.0,0.0,0.0,1.372212e-09,8.067155e-10,2.793968e-09,False,0.0,True
2015-01-25,CE04OSBP-LJ01C-07-VEL3DC107,1,True,2015-01-25T00:00:00Z,2015-01-26T00:00:00Z,691105,691201,96,0.125,0.125,0.125,0.0,48,96,48,96,-1e-06,0.0,1e-06,-5.679031e-09,3.277715e-09,1.14087e-08,False,0.0,True
2015-01-26,CE04OSBP-LJ01C-07-VEL3DC107,1,True,2015-01-26T00:00:00Z,2015-01-27T00:00:00Z,691101,691201,100,0.125,0.125,0.125,-0.0,52,100,52,100,0.0,0.0,1e-06,3.52501e-09,2.00974e-09,6.984919e-09,False,0.0,True
2015-01-27,CE04OSBP-LJ01C-07-VEL3DC107,1,True,2015-01-27T00:00:00Z,2015-01-28T00:00:00Z,691127,691201,74,0.125,0.125,0.125,0.0,40,74,40,74,1e-06,0.0,1e-06,4.143796e-09,2.392661e-09,8.265488e-09,False,0.0,True
2015-01-28,CE04OSBP-LJ01C-07-VEL3DC107,1,True,2015-01-28T00:00:00Z,2015-01-29T00:00:00Z,691108,691201,93,0.125,0.125,0.125,0.0,53,93,53,93,-1e-06,1e-06,2e-06,-1.000529e-08,5.726383e-09,1.990702e-08,False,0.0,True
2015-01-29,CE04OSBP-LJ01C-07-VEL3DC107,1,True,2015-01-29T00:00:00Z,2015-01-30T00:00:00Z,691161,691201,40,0.125,0.125,0.125,0.0,33,40,33,40,1e-06,0.0,1e-06,4.06425e-09,2.38501e-09,8.265488e-09,False,0.0,True
2015-01-30,CE04OSBP-LJ01C-07-VEL3DC107,1,True,2015-01-30T00:00:00Z,2015-01-31T00:00:00Z,683941,691201,7260,0.125,0.125,0.125,-0.0,57,7260,57,7260,2e-06,1e-06,4e-06,1.664666e-08,9.535668e-09,3.352761e-08,False,0.0,True
2015-01-31,CE04OSBP-LJ01C-07-VEL3DC107,1,True,2015-01-31T00:00:00Z,2015-01-31T23:57:02Z,523790,689777,165987,0.125,0.125,0.125,-0.0,526,165987,526,165987,2e-06,1e-06,5e-06,1.715841e-08,9.876387e-09,3.608875e-08,False,0.0,True
2015-02-01,CE04OSBP-LJ01C-07-VEL3DC107,1,True,2015-02-01T17:01:00Z,2015-02-01T17:03:39Z,1005,1274,269,0.125,0.125,0.125,0.0,3,269,3,269,-0.0,0.0,0.0,-5.203845e-13,2.440038e-13,9.094947e-13,False,0.0,True
2015-02-02,CE04OSBP-LJ01C-07-VEL3DC107,1,False,,,0,0,,0.125,,,,,,,,,,,,,,,,False
2015-02-03,CE04OSBP-LJ01C-07-VEL3DC107,1,True,2015-02-03T09:00:00Z,2015-02-04T00:00:00Z,287424,432001,144577,0.125,0.125,0.125,0.0,419,144577,419,144577,0.0,0.0,0.0,1.472501e-09,7.534328e-10,2.793968e-09,False,0.0,True
2015-02-04,CE04OSBP-LJ01C-07-VEL3DC107,1,True,2015-02-04T00:00:00Z,2015-02-04T23:10:11Z,448379,667296,218917,0.125,0.125,0.125,-0.0,701,218917,701,218917,1e-06,1e-06,2e-06,7.863036e-09,4.619611e-09,1.583248e-08,False,0.0,True
2015-02-05,CE04OSBP-LJ01C-07-VEL3DC107,1,True,2015-02-05T01:00:00Z,2015-02-06T00:00:00Z,465043,662401,197358,0.125,0.125,0.125,-0.0,678,197358,678,197358,-1e-06,0.0,1e-06,-4.174523e-09,2.247689e-09,7.799827e-09,False,0.0,True
2015-02-06,CE04OSBP-LJ01C-07-VEL3DC107,1,True,2015-02-06T00:00:00Z,2015-02-07T00:00:00Z,677654,691201,13547,0.125,0.125,0.125,0.0,182,13547,182,13547,-0.0,0.0,1e-06,-3.477731e-09,1.958752e-09,6.868504e-09,False,0.0,True
2015-02-07,CE04OSBP-LJ01C-07-VEL3DC107,1,True,2015-02-07T00:00:00Z,2015-02-08T00:00:00Z,680487,691201,10714,0.125,0.125,0.125,0.0,157,10714,157,10714,1e-06,0.0,1e-06,4.87731e-09,2.813535e-09,9.778887e-09,False,0.0,True
2015-02-08,CE04OSBP-LJ01C-07-VEL3DC107,1,True,2015-02-08T00:00:00Z,2015-02-09T00:00:00Z,678354,691201,12847,0.125,0.125,0.125,-0.0,167,12847,167,12847,1e-06,1e-06,2e-06,8.046963e-09,4.622748e-09,1.606531e-08,False,0.0,True
2015-02-09,CE04OSBP-LJ01C-07-VEL3DC107,1,True,2015-02-09T00:00:00Z,2015-02-10T00:00:00Z,676985,691201,14216,0.125,0.125,0.125,-0.0,172,14216,172,14216,2e-06,1e-06,3e-06,1.249084e-08,7.141616e-09,2.479646e-08,False,0.0,True
2015-02-10,CE04OSBP-LJ01C-07-VEL3DC107,1,True,2015-02-10T00:00:00Z,2015-02-11T00:00:00Z,680697,691201,10504,0.125,0.125,0.125,-0.0,143,10504,143,10504,0.0,0.0,0.0,1.189359e-09,6.860725e-10,2.328306e-09,False,0.0,True
2015-02-11,CE04OSBP-LJ01C-07-VEL3DC107,1,True,2015-02-11T00:00:00Z,2015-02-12T00:00:00Z,681193,691201,10008,0.125,0.125,0.125,-0.0,146,10008,146,10008,2e-06,1e-06,3e-06,1.33645e-08,7.711689e-09,2.665911e-08,False,0.0,True
2015-02-12,CE04OSBP-LJ01C-07-VEL3DC107,1,True,2015-02-12T00:00:00Z,2015-02-13T00:00:00Z,677541,691201,13660,0.125,0.125,0.125,-0.0,168,13660,168,13660,1e-06,0.0,1e-06,5.914711e-09,3.379809e-09,1.175795e-08,False,0.0,True
2015-02-13,CE04OSBP-LJ01C-07-VEL3DC107,1,True,2015-02-13T00:00:00Z,2015-02-14T00:00:00Z,677445,691201,13756,0.125,0.125,0.125,0.0,153,13756,153,13756,-0.0,0.0,0.0,-6.929045e-10,3.991655e-10,1.396984e-09,False,0.0,True
2015-02-14,CE04OSBP-LJ01C-07-VEL3DC107,1,True,2015-02-14T00:00:00Z,2015-02-15T00:00:00Z,679443,691201,11758,0.125,0.125,0.125,0.0,160,11758,160,11758,-1e-06,0.0,1e-06,-5.461879e-09,3.110788e-09,1.082662e-08,False,0.0,True
2015-02-15,CE04OSBP-LJ01C-07-VEL3DC107,1,True,2015-02-15T00:00:00Z,2015-02-16T00:00:00Z,679010,691201,12191,0.125,0.125,0.125,0.0,159,12191,159,12191,-1e-06,0.0,2e-06,-6.68851e-09,3.822317e-09,1.327135e-08,False,0.0,True
2015-02-16,CE04OSBP-LJ01C-07-VEL3DC107,1,True,2015-02-16T00:00:00Z,2015-02-17T00:00:00Z,678873,691201,12328,0.125,0.125,0.125,-0.0,155,12328,155,12328,0.0,0.0,0.0,1.084355e-09,6.101479e-10,2.095476e-09,False,0.0,True
2015-02-17,CE04OSBP-LJ01C-07-VEL3DC107,1,True,2015-02-17T00:00:00Z,2015-02-18T00:00:00Z,678384,691201,12817,0.125,0.125,0.125,0.0,170,12817,170,12817,0.0,0.0,0.0,1.184421e-09,6.949825e-10,2.328306e-09,False,0.0,True
2015-02-18,CE04OSBP-LJ01C-07-VEL3DC107,1,True,2015-02-18T00:00:00Z,2015-02-19T00:00:00Z,679431,691201,11770,0.125,0.125,0.125,0.0,132,11770,132,11770,-0.0,0.0,1e-06,-2.177549e-09,1.233166e-09,4.307367e-09,False,0.0,True
2015-02-19,CE04OSBP-LJ01C-07-VEL3DC107,1,True,2015-02-19T00:00:00Z,2015-02-20T00:00:00Z,675751,691201,15450,0.125,0.125,0.125,0.0,174,15450,174,15450,0.0,0.0,0.0,1.686154e-09,9.794842e-10,3.376044e-09,False,0.0,True
2015-02-20,CE04OSBP-LJ01C-07-VEL3DC107,1,True,2015-02-20T00:00:00Z,2015-02-21T00:00:00Z,675551,691201,15650,0.125,0.125,0.125,0.0,165,15650,165,15650,-1e-06,0.0,1e-06,-4.818125e-09,2.742416e-09,9.662472e-09,False,0.0,True
2015-02-21,CE04OSBP-LJ01C-07-VEL3DC107,1,True,2015-02-21T00:00:00Z,2015-02-22T00:00:00Z,676055,691201,15146,0.125,0.125,0.125,-0.0,158,15146,158,15146,0.0,0.0,0.0,9.67763e-10,5.455995e-10,1.862645e-09,False,0.0,True
2015-02-22,CE04OSBP-LJ01C-07-VEL3DC107,1,True,2015-02-22T00:00:00Z,2015-02-23T00:00:00Z,681416,691201,9785,0.125,0.125,0.125,0.0,162,9785,162,9785,-0.0,0.0,1e-06,-2.390997e-09,1.362409e-09,4.773028e-09,False,0.0,True
2015-02-23,CE04OSBP-LJ01C-07-VEL3DC107,1,True,2015-02-23T00:00:00Z,2015-02-24T00:00:00Z,679363,691201,11838,0.125,0.125,0.125,-0.0,156,11838,156,11838,-0.0,0.0,1e-06,-2.91588e-09,1.684448e-09,5.820766e-09,False,0.0,True
2015-02-24,CE04OSBP-LJ01C-07-VEL3DC107,1,True,2015-02-24T00:00:00Z,2015-02-25T00:00:00Z,678016,691201,13185,0.125,0.125,0.125,-0.0,162,13185,162,13185,1e-06,0.0,2e-06,6.676087e-09,3.814707e-09,1.327135e-08,False,0.0,True
2015-02-25,CE04OSBP-LJ01C-07-VEL3DC107,1,True,2015-02-25T00:00:00Z,2015-02-26T00:00:00Z,677616,691201,13585,0.125,0.125,0.125,0.0,160,13585,160,13585,-0.0,0.0,1e-06,-2.541857e-09,1.450332e-09,5.122274e-09,False,0.0,True
2015-02-26,CE04OSBP-LJ01C-07-VEL3DC107,1,True,2015-02-26T00:00:00Z,2015-02-27T00:00:00Z,681002,691201,10199,0.125,0.125,0.125,-0.0,162,10199,162,10199,0.0,0.0,1e-06,3.615457e-09,2.075814e-09,7.21775e-09,False,0.0,True
2015-02-27,CE04OSBP-LJ01C-07-VEL3DC107,1,True,2015-02-27T00:00:00Z,2015-02-28T00:00:00Z,682017,691201,9184,0.125,0.125,0.125,0.0,146,9184,146,9184,-0.0,0.0,0.0,-1.076209e-10,4.135111e-11,1.74623e-10,False,0.0,True
2015-02-28,CE04OSBP-LJ01C-07-VEL3DC107,1,True,2015-02-28T00:00:00Z,2015-03-01T00:00:00Z,678730,691201,12471,0.125,0.125,0.125,0.0,156,12471,156,12471,-2e-06,1e-06,3e-06,-1.379353e-08,7.88145e-09,2.747402e-08,False,0.0,True
2015-03-01,CE04OSBP-LJ01C-07-VEL3DC107,1,True,2015-03-01T00:00:00Z,2015-03-02T00:00:00Z,680036,691201,11165,0.125,0.125,0.125,-0.0,144,11165,144,11165,2e-06,1e-06,3e-06,1.263531e-08,7.263101e-09,2.526212e-08,False,0.0,True
2015-03-02,CE04OSBP-LJ01C-07-VEL3DC107,1,True,2015-03-02T00:00:00Z,2015-03-03T00:00:00Z,680073,691201,11128,0.125,0.125,0.125,-0.0,185,11128,185,11128,1e-06,0.0,1e-06,4.644985e-09,2.675175e-09,9.313226e-09,False,0.0,True
2015-03-03,CE04OSBP-LJ01C-07-VEL3DC107,1,True,2015-03-03T00:00:00Z,2015-03-04T00:00:00Z,676286,691201,14915,0.125,0.125,0.125,0.0,203,14915,203,14915,-1e-06,0.0,2e-06,-7.017538e-09,3.993067e-09,1.396984e-08,False,0.0,True
2015-03-04,CE04OSBP-LJ01C-07-VEL3DC107,1,True,2015-03-04T00:00:00Z,2015-03-05T00:00:00Z,681512,691201,9689,0.125,0.125,0.125,-0.0,138,9689,138,9689,-1e-06,1e-06,2e-06,-8.349296e-09,4.848184e-09,1.676381e-08,False,0.0,True
2015-03-05,CE04OSBP-LJ01C-07-VEL3DC107,1,True,2015-03-05T00:00:00Z,2015-03-06T00:00:00Z,678070,691201,13131,0.125,0.125,0.125,-0.0,150,13131,150,13131,1e-06,1e-06,2e-06,8.008578e-09,4.596391e-09,1.59489e-08,False,0.0,True
2015-03-06,CE04OSBP-LJ01C-07-VEL3DC107,1,True,2015-03-06T00:00:00Z,2015-03-07T00:00:00Z,678449,691201,12752,0.125,0.125,0.125,-0.0,160,12752,160,12752,2e-06,1e-06,3e-06,1.344163e-08,7.719335e-09,2.677552e-08,False,0.0,True
2015-03-07,CE04OSBP-LJ01C-07-VEL3DC107,1,True,2015-03-07T00:00:00Z,2015-03-07T23:01:07Z,650414,662940,12526,0.125,0.125,0.125,0.0,153,12526,153,12526,-0.0,0.0,0.0,-1.286286e-09,7.171401e-10,2.444722e-09,False,0.0,True
2015-03-08,CE04OSBP-LJ01C-07-VEL3DC107,1,False,,,0,0,,0.125,,,,,,,,,,,,,,,,False
2015-03-09,CE04OSBP-LJ01C-07-VEL3DC107,1,True,2015-03-09T07:00:00Z,2015-03-10T00:00:00Z,462216,489601,27385,0.125,0.125,0.125,-0.0,100,27385,100,27385,-0.0,0.0,0.0,-2.015584e-09,1.102529e-09,3.899913e-09,False,0.0,True
2015-03-10,CE04OSBP-LJ01C-07-VEL3DC107,1,True,2015-03-10T00:00:00Z,2015-03-11T00:00:00Z,679642,691201,11559,0.125,0.125,0.125,0.0,179,11559,179,11559,1e-06,0.0,2e-06,6.874349e-09,3.968539e-09,1.373701e-08,False,0.0,True
2015-03-11,CE04OSBP-LJ01C-07-VEL3DC107,1,True,2015-03-11T00:00:00Z,2015-03-12T00:00:00Z,678666,691201,12535,0.125,0.125,0.125,-0.0,147,12535,147,12535,0.0,0.0,0.0,1.68691e-09,9.358676e-10,3.259629e-09,False,0.0,True
2015-03-12,CE04OSBP-LJ01C-07-VEL3DC107,1,True,2015-03-12T00:00:00Z,2015-03-13T00:00:00Z,680700,691201,10501,0.125,0.125,0.125,0.0,129,10501,129,10501,-1e-06,0.0,1e-06,-4.839226e-09,2.774663e-09,9.662472e-09,False,0.0,True
2015-03-13,CE04OSBP-LJ01C-07-VEL3DC107,1,True,2015-03-13T00:00:00Z,2015-03-14T00:00:00Z,679487,691201,11714,0.125,0.125,0.125,0.0,160,11714,160,11714,-1e-06,0.0,1e-06,-5.893593e-09,3.407939e-09,1.187436e-08,False,0.0,True
2015-03-14,CE04OSBP-LJ01C-07-VEL3DC107,1,True,2015-03-14T00:00:00Z,2015-03-15T00:00:00Z,679062,691201,12139,0.125,0.125,0.125,-0.0,148,12139,148,12139,0.0,0.0,0.0,9.938094e-10,5.497247e-10,1.97906e-09,False,0.0,True
2015-03-15,CE04OSBP-LJ01C-07-VEL3DC107,1,True,2015-03-15T00:00:00Z,2015-03-16T00:00:00Z,681574,691201,9627,0.125,0.125,0.125,0.0,149,9627,149,9627,-1e-06,0.0,1e-06,-4.376945e-09,2.497669e-09,8.731149e-09,False,0.0,True
2015-03-16,CE04OSBP-LJ01C-07-VEL3DC107,1,True,2015-03-16T00:00:00Z,2015-03-17T00:00:00Z,679631,691201,11570,0.125,0.125,0.125,0.0,151,11570,151,11570,-1e-06,1e-06,2e-06,-9.799454e-09,5.606508e-09,1.944136e-08,False,0.0,True
2015-03-17,CE04OSBP-LJ01C-07-VEL3DC107,1,True,2015-03-17T00:00:00Z,2015-03-18T00:00:00Z,677369,691201,13832,0.125,0.125,0.125,-0.0,155,13832,155,13832,0.0,0.0,0.0,1.190295e-09,6.875698e-10,2.328306e-09,False,0.0,True
2015-03-18,CE04OSBP-LJ01C-07-VEL3DC107,1,True,2015-03-18T00:00:00Z,2015-03-19T00:00:00Z,679107,691201,12094,0.125,0.125,0.125,0.0,147,12094,147,12094,-1e-06,1e-06,2e-06,-8.128564e-09,4.664323e-09,1.618173e-08,False,0.0,True
2015-03-19,CE04OSBP-LJ01C-07-VEL3DC107,1,True,2015-03-19T00:00:00Z,2015-03-20T00:00:00Z,679761,691201,11440,0.125,0.125,0.125,-0.0,146,11440,146,11440,2e-06,1e-06,3e-06,1.258142e-08,7.23459e-09,2.514571e-08,False,0.0,True
2015-03-20,CE04OSBP-LJ01C-07-VEL3DC107,1,True,2015-03-20T00:00:00Z,2015-03-21T00:00:00Z,680351,691201,10850,0.125,0.125,0.125,-0.0,161,10850,161,10850,0.0,0.0,1e-06,2.279043e-09,1.29771e-09,4.540198e-09,False,0.0,True
2015-03-21,CE04OSBP-LJ01C-07-VEL3DC107,1,True,2015-03-21T00:00:00Z,2015-03-21T14:07:01Z,399721,406576,6855,0.125,0.125,0.125,0.0,90,6855,90,6855,0.0,0.0,1e-06,3.460496e-09,2.010702e-09,6.926712e-09,False,0.0,True
2015-03-22,CE04OSBP-LJ01C-07-VEL3DC107,1,True,2015-03-22T02:14:00Z,2015-03-23T00:00:00Z,613712,626881,13169,0.125,0.125,0.125,-0.0,139,13169,139,13169,1e-06,0.0,1e-06,5.001814e-09,2.840877e-09,9.895302e-09,False,0.0,True
2015-03-23,CE04OSBP-LJ01C-07-VEL3DC107,1,True,2015-03-23T00:00:00Z,2015-03-24T00:00:00Z,680064,691201,11137,0.125,0.125,0.125,-0.0,156,11137,156,11137,1e-06,0.0,1e-06,4.479976e-09,2.53235e-09,8.847564e-09,False,0.0,True
2015-03-24,CE04OSBP-LJ01C-07-VEL3DC107,1,True,2015-03-24T00:00:00Z,2015-03-25T00:00:00Z,680885,691201,10316,0.125,0.125,0.125,0.0,154,10316,154,10316,-1e-06,1e-06,3e-06,-1.077935e-08,6.179536e-09,2.153683e-08,False,0.0,True
2015-03-25,CE04OSBP-LJ01C-07-VEL3DC107,1,True,2015-03-25T00:00:00Z,2015-03-26T00:00:00Z,677332,691201,13869,0.125,0.125,0.125,0.0,167,13869,167,13869,1e-06,0.0,1e-06,5.703721e-09,3.304565e-09,1.14087e-08,False,0.0,True
2015-03-26,CE04OSBP-LJ01C-07-VEL3DC107,1,True,2015-03-26T00:00:00Z,2015-03-27T00:00:00Z,680492,691201,10709,0.125,0.125,0.125,-0.0,141,10709,141,10709,-1e-06,0.0,1e-06,-4.982471e-09,2.88649e-09,1.001172e-08,False,0.0,True
2015-03-27,CE04OSBP-LJ01C-07-VEL3DC107,1,True,2015-03-27T00:00:00Z,2015-03-28T00:00:00Z,679276,691201,11925,0.125,0.125,0.125,-0.0,162,11925,162,11925,0.0,0.0,0.0,3.060018e-10,1.768698e-10,5.820766e-10,False,0.0,True
2015-03-28,CE04OSBP-LJ01C-07-VEL3DC107,1,True,2015-03-28T00:00:00Z,2015-03-29T00:00:00Z,680972,691201,10229,0.125,0.125,0.125,0.0,139,10229,139,10229,-2e-06,1e-06,4e-06,-1.562083e-08,8.948176e-09,3.108289e-08,False,0.0,True
2015-03-29,CE04OSBP-LJ01C-07-VEL3DC107,1,True,2015-03-29T00:00:00Z,2015-03-30T00:00:00Z,679052,691201,12149,0.125,0.125,0.125,-0.0,161,12149,161,12149,1e-06,1e-06,2e-06,9.652115e-09,5.574266e-09,1.932494e-08,False,0.0,True
2015-03-30,CE04OSBP-LJ01C-07-VEL3DC107,1,True,2015-03-30T00:00:00Z,2015-03-31T00:00:00Z,680831,691201,10370,0.125,0.125,0.125,0.0,155,10370,155,10370,0.0,0.0,1e-06,3.569319e-09,2.07956e-09,7.21775e-09,False,0.0,True
2015-03-31,CE04OSBP-LJ01C-07-VEL3DC107,1,True,2015-03-31T00:00:00Z,2015-04-01T00:00:00Z,679092,691201,12109,0.125,0.125,0.125,-0.0,157,12109,157,12109,1e-06,1e-06,3e-06,1.042072e-08,5.947707e-09,2.072193e-08,False,0.0,True
2015-04-01,CE04OSBP-LJ01C-07-VEL3DC107,1,True,2015-04-01T00:00:00Z,2015-04-02T00:00:00Z,683957,691201,7244,0.125,0.125,0.125,0.0,152,7244,152,7244,-0.0,0.0,0.0,-1.611639e-09,9.306358e-10,3.259629e-09,False,0.0,True
2015-04-02,CE04OSBP-LJ01C-07-VEL3DC107,1,True,2015-04-02T00:00:00Z,2015-04-03T00:00:00Z,681107,691201,10094,0.125,0.125,0.125,0.0,140,10094,140,10094,-1e-06,1e-06,2e-06,-8.102477e-09,4.59611e-09,1.606531e-08,False,0.0,True
2015-04-03,CE04OSBP-LJ01C-07-VEL3DC107,1,True,2015-04-03T00:00:00Z,2015-04-04T00:00:00Z,679376,691201,11825,0.125,0.125,0.125,0.0,160,11825,160,11825,0.0,0.0,1e-06,3.558572e-09,2.067905e-09,7.101335e-09,False,0.0,True
2015-04-04,CE04OSBP-LJ01C-07-VEL3DC107,1,True,2015-04-04T00:00:00Z,2015-04-05T00:00:00Z,680081,691201,11120,0.125,0.125,0.125,0.0,170,11120,170,11120,0.0,0.0,0.0,9.209799e-10,5.318587e-10,1.862645e-09,False,0.0,True
2015-04-05,CE04OSBP-LJ01C-07-VEL3DC107,1,True,2015-04-05T00:00:00Z,2015-04-06T00:00:00Z,679722,691201,11479,0.125,0.125,0.125,0.0,147,11479,147,11479,0.0,0.0,0.0,3.472233e-10,2.315243e-10,8.149073e-10,False,0.0,True
2015-04-06,CE04OSBP-LJ01C-07-VEL3DC107,1,True,2015-04-06T00:00:00Z,2015-04-07T00:00:00Z,679143,691201,12058,0.125,0.125,0.125,0.0,141,12058,141,12058,-0.0,0.0,1e-06,-3.76369e-09,2.140654e-09,7.450581e-09,False,0.0,True
2015-04-07,CE04OSBP-LJ01C-07-VEL3DC107,1,True,2015-04-07T00:00:00Z,2015-04-08T00:00:00Z,679111,691201,12090,0.125,0.125,0.125,0.0,151,12090,151,12090,-1e-06,1e-06,2e-06,-9.275062e-09,5.334177e-09,1.851004e-08,False,0.0,True
2015-04-08,CE04OSBP-LJ01C-07-VEL3DC107,1,True,2015-04-08T00:00:00Z,2015-04-09T00:00:00Z,681283,691201,9918,0.125,0.125,0.125,0.0,173,9918,173,9918,-1e-06,0.0,1e-06,-4.152306e-09,2.379644e-09,8.265488e-09,False,0.0,True
2015-04-09,CE04OSBP-LJ01C-07-VEL3DC107,1,True,2015-04-09T00:00:00Z,2015-04-10T00:00:00Z,676373,691201,14828,0.125,0.125,0.125,0.0,166,14828,166,14828,-1e-06,1e-06,2e-06,-7.31489e-09,4.212865e-09,1.455192e-08,False,0.0,True
2015-04-10,CE04OSBP-LJ01C-07-VEL3DC107,1,True,2015-04-10T00:00:00Z,2015-04-11T00:00:00Z,679686,691201,11515,0.125,0.125,0.125,0.0,158,11515,158,11515,-1e-06,0.0,1e-06,-5.064615e-09,2.906841e-09,1.012813e-08,False,0.0,True
2015-04-11,CE04OSBP-LJ01C-07-VEL3DC107,1,True,2015-04-11T00:00:00Z,2015-04-12T00:00:00Z,681693,691201,9508,0.125,0.125,0.125,-0.0,148,9508,148,9508,0.0,0.0,1e-06,2.689786e-09,1.547077e-09,5.355105e-09,False,0.0,True
2015-04-12,CE04OSBP-LJ01C-07-VEL3DC107,1,True,2015-04-12T00:00:00Z,2015-04-13T00:00:00Z,679402,691201,11799,0.125,0.125,0.125,0.0,120,11799,120,11799,-0.0,0.0,1e-06,-3.17972e-09,1.771669e-09,6.286427e-09,False,0.0,True
2015-04-13,CE04OSBP-LJ01C-07-VEL3DC107,1,True,2015-04-13T00:00:00Z,2015-04-14T00:00:00Z,678055,691201,13146,0.125,0.125,0.125,0.0,150,13146,150,13146,-1e-06,0.0,1e-06,-5.759816e-09,3.288458e-09,1.152512e-08,False,0.0,True
2015-04-14,CE04OSBP-LJ01C-07-VEL3DC107,1,True,2015-04-14T00:00:00Z,2015-04-15T00:00:00Z,680184,691201,11017,0.125,0.125,0.125,0.0,169,11017,169,11017,1e-06,1e-06,3e-06,1.194409e-08,6.906126e-09,2.386514e-08,False,0.0,True
2015-04-15,CE04OSBP-LJ01C-07-VEL3DC107,1,True,2015-04-15T00:00:00Z,2015-04-16T00:00:00Z,676196,691201,15005,0.125,0.125,0.125,0.0,160,15005,160,15005,1e-06,0.0,1e-06,5.942815e-09,3.445779e-09,1.187436e-08,False,0.0,True
2015-04-16,CE04OSBP-LJ01C-07-VEL3DC107,1,True,2015-04-16T00:00:00Z,2015-04-17T00:00:00Z,679554,691201,11647,0.125,0.125,0.125,0.0,159,11647,159,11647,-0.0,0.0,0.0,-1.776708e-09,1.008328e-09,3.49246e-09,False,0.0,True
2015-04-17,CE04OSBP-LJ01C-07-VEL3DC107,1,True,2015-04-17T00:00:00Z,2015-04-18T00:00:00Z,678096,691201,13105,0.125,0.125,0.125,0.0,155,13105,155,13105,0.0,0.0,0.0,1.228766e-09,7.422386e-10,2.561137e-09,False,0.0,True
2015-04-18,CE04OSBP-LJ01C-07-VEL3DC107,1,True,2015-04-18T00:00:00Z,2015-04-19T00:00:00Z,680683,691201,10518,0.125,0.125,0.125,0.0,141,10518,141,10518,-1e-06,1e-06,2e-06,-9.693645e-09,5.536896e-09,1.932494e-08,False,0.0,True
2015-04-19,CE04OSBP-LJ01C-07-VEL3DC107,1,True,2015-04-19T00:00:00Z,2015-04-20T00:00:00Z,680234,691201,10967,0.125,0.125,0.125,0.0,151,10967,151,10967,-0.0,0.0,1e-06,-2.996831e-09,1.726264e-09,5.937181e-09,False,0.0,True
2015-04-20,CE04OSBP-LJ01C-07-VEL3DC107,1,True,2015-04-20T00:00:00Z,2015-04-21T00:00:00Z,679954,691201,11247,0.125,0.125,0.125,-0.0,161,11247,161,11247,0.0,0.0,1e-06,3.024888e-09,1.722253e-09,5.937181e-09,False,0.0,True
2015-04-21,CE04OSBP-LJ01C-07-VEL3DC107,1,True,2015-04-21T00:00:00Z,2015-04-22T00:00:00Z,680092,691201,11109,0.125,0.125,0.125,0.0,154,11109,154,11109,0.0,0.0,1e-06,2.568753e-09,1.487074e-09,5.122274e-09,False,0.0,True
2015-04-22,CE04OSBP-LJ01C-07-VEL3DC107,1,True,2015-04-22T00:00:00Z,2015-04-23T00:00:00Z,680595,691201,10606,0.125,0.125,0.125,0.0,158,10606,158,10606,0.0,0.0,0.0,9.09299e-10,5.456515e-10,1.862645e-09,False,0.0,True
2015-04-23,CE04OSBP-LJ01C-07-VEL3DC107,1,True,2015-04-23T00:00:00Z,2015-04-24T00:00:00Z,674534,691201,16667,0.125,0.125,0.125,0.0,158,16667,158,16667,1e-06,0.0,1e-06,5.06886e-09,2.958251e-09,1.024455e-08,False,0.0,True
2015-04-24,CE04OSBP-LJ01C-07-VEL3DC107,1,True,2015-04-24T00:00:00Z,2015-04-25T00:00:00Z,638103,691201,53098,0.125,0.125,0.125,-0.0,285,53098,285,53098,0.0,0.0,0.0,1.101952e-09,6.395627e-10,2.328306e-09,False,0.0,True
2015-04-25,CE04OSBP-LJ01C-07-VEL3DC107,1,True,2015-04-25T00:00:00Z,2015-04-26T00:00:00Z,650477,691201,40724,0.125,0.125,0.125,-0.0,241,40724,241,40724,1e-06,0.0,1e-06,4.175467e-09,2.233932e-09,8.032657e-09,False,0.0,True
2015-04-26,CE04OSBP-LJ01C-07-VEL3DC107,1,True,2015-04-26T00:00:00Z,2015-04-27T00:00:00Z,678560,691201,12641,0.125,0.125,0.125,0.0,152,12641,152,12641,-1e-06,1e-06,2e-06,-7.99092e-09,4.603979e-09,1.59489e-08,False,0.0,True
2015-04-27,CE04OSBP-LJ01C-07-VEL3DC107,1,True,2015-04-27T00:00:00Z,2015-04-28T00:00:00Z,680293,691201,10908,0.125,0.125,0.125,-0.0,168,10908,168,10908,1e-06,1e-06,3e-06,1.056663e-08,6.078037e-09,2.107117e-08,False,0.0,True
2015-04-28,CE04OSBP-LJ01C-07-VEL3DC107,1,True,2015-04-28T00:00:00Z,2015-04-29T00:00:00Z,679191,691201,12010,0.125,0.125,0.125,0.0,144,12010,144,12010,-1e-06,1e-06,2e-06,-7.38327e-09,4.233635e-09,1.478475e-08,False,0.0,True
2015-04-29,CE04OSBP-LJ01C-07-VEL3DC107,1,True,2015-04-29T00:00:00Z,2015-04-30T00:00:00Z,681173,691201,10028,0.125,0.125,0.125,-0.0,158,10028,158,10028,1e-06,1e-06,2e-06,7.607094e-09,4.351927e-09,1.513399e-08,False,0.0,True
2015-04-30,CE04OSBP-LJ01C-07-VEL3DC107,1,True,2015-04-30T00:00:00Z,2015-05-01T00:00:00Z,676941,691201,14260,0.125,0.125,0.125,0.0,154,14260,154,14260,-1e-06,1e-06,2e-06,-7.560936e-09,4.330629e-09,1.501758e-08,False,0.0,True
2015-05-01,CE04OSBP-LJ01C-07-VEL3DC107,1,True,2015-05-01T00:00:00Z,2015-05-02T00:00:00Z,679654,691201,11547,0.125,0.125,0.125,0.0,157,11547,157,11547,0.0,0.0,0.0,5.393331e-10,3.388911e-10,1.164153e-09,False,0.0,True
2015-05-02,CE04OSBP-LJ01C-07-VEL3DC107,1,True,2015-05-02T00:00:00Z,2015-05-03T00:00:00Z,680339,691201,10862,0.125,0.125,0.125,0.0,150,10862,150,10862,1e-06,0.0,2e-06,6.050014e-09,3.507999e-09,1.210719e-08,False,0.0,True
2015-05-03,CE04OSBP-LJ01C-07-VEL3DC107,1,True,2015-05-03T00:00:00Z,2015-05-04T00:00:00Z,678468,691201,12733,0.125,0.125,0.125,-0.0,157,12733,157,12733,0.0,0.0,0.0,3.305082e-11,2.258892e-11,5.820766e-11,False,0.0,True
2015-05-04,CE04OSBP-LJ01C-07-VEL3DC107,1,True,2015-05-04T00:00:00Z,2015-05-05T00:00:00Z,677772,691201,13429,0.125,0.125,0.125,-0.0,153,13429,153,13429,-1e-06,0.0,1e-06,-4.38522e-09,2.525552e-09,8.731149e-09,False,0.0,True
2015-05-05,CE04OSBP-LJ01C-07-VEL3DC107,1,True,2015-05-05T00:00:00Z,2015-05-06T00:00:00Z,682604,691201,8597,0.125,0.125,0.125,-0.0,136,8597,136,8597,1e-06,1e-06,2e-06,8.042553e-09,4.647745e-09,1.606531e-08,False,0.0,True
2015-05-06,CE04OSBP-LJ01C-07-VEL3DC107,1,True,2015-05-06T00:00:00Z,2015-05-07T00:00:00Z,683242,691201,7959,0.125,0.125,0.125,-0.0,136,7959,136,7959,1e-06,0.0,1e-06,5.110319e-09,2.907065e-09,1.012813e-08,False,0.0,True
2015-05-07,CE04OSBP-LJ01C-07-VEL3DC107,1,True,2015-05-07T00:00:00Z,2015-05-08T00:00:00Z,681750,691201,9451,0.125,0.125,0.125,-0.0,143,9451,143,9451,0.0,0.0,1e-06,3.065227e-09,1.769704e-09,6.170012e-09,False,0.0,True
2015-05-08,CE04OSBP-LJ01C-07-VEL3DC107,1,True,2015-05-08T00:00:00Z,2015-05-09T00:00:00Z,677654,691201,13547,0.125,0.125,0.125,-0.0,169,13547,169,13547,-1e-06,0.0,1e-06,-4.029405e-09,2.363474e-09,8.149073e-09,False,0.0,True
2015-05-09,CE04OSBP-LJ01C-07-VEL3DC107,1,True,2015-05-09T00:00:00Z,2015-05-10T00:00:00Z,677432,691201,13769,0.125,0.125,0.125,0.0,161,13769,161,13769,-1e-06,0.0,1e-06,-4.155667e-09,2.383409e-09,8.265488e-09,False,0.0,True
2015-05-10,CE04OSBP-LJ01C-07-VEL3DC107,1,True,2015-05-10T00:00:00Z,2015-05-11T00:00:00Z,679072,691201,12129,0.125,0.125,0.125,-0.0,154,12129,154,12129,1e-06,1e-06,3e-06,1.039797e-08,5.99463e-09,2.083834e-08,False,0.0,True
2015-05-11,CE04OSBP-LJ01C-07-VEL3DC107,1,True,2015-05-11T00:00:00Z,2015-05-12T00:00:00Z,679290,691201,11911,0.125,0.125,0.125,-0.0,132,11911,132,11911,1e-06,0.0,1e-06,5.17912e-09,2.931859e-09,1.024455e-08,False,0.0,True
2015-05-12,CE04OSBP-LJ01C-07-VEL3DC107,1,True,2015-05-12T00:00:00Z,2015-05-13T00:00:00Z,679459,691201,11742,0.125,0.125,0.125,-0.0,157,11742,157,11742,1e-06,1e-06,2e-06,8.468721e-09,4.882108e-09,1.699664e-08,False,0.0,True
2015-05-13,CE04OSBP-LJ01C-07-VEL3DC107,1,True,2015-05-13T00:00:00Z,2015-05-14T00:00:00Z,680746,691201,10455,0.125,0.125,0.125,-0.0,151,10455,151,10455,1e-06,0.0,2e-06,6.908606e-09,3.950617e-09,1.373701e-08,False,0.0,True
2015-05-14,CE04OSBP-LJ01C-07-VEL3DC107,1,True,2015-05-14T00:00:00Z,2015-05-15T00:00:00Z,678150,691201,13051,0.125,0.125,0.125,0.0,154,13051,154,13051,-0.0,0.0,1e-06,-2.954304e-09,1.677988e-09,5.820766e-09,False,0.0,True
2015-05-15,CE04OSBP-LJ01C-07-VEL3DC107,1,True,2015-05-15T00:00:00Z,2015-05-16T00:00:00Z,681457,691201,9744,0.125,0.125,0.125,0.0,148,9744,148,9744,-1e-06,1e-06,2e-06,-8.712071e-09,4.987641e-09,1.734588e-08,False,0.0,True
2015-05-16,CE04OSBP-LJ01C-07-VEL3DC107,1,True,2015-05-16T00:00:00Z,2015-05-17T00:00:00Z,679795,691201,11406,0.125,0.125,0.125,-0.0,137,11406,137,11406,0.0,0.0,0.0,5.962709e-14,3.343366e-11,6.122759e-11,False,0.0,True
2015-05-17,CE04OSBP-LJ01C-07-VEL3DC107,1,True,2015-05-17T00:00:00Z,2015-05-18T00:00:00Z,680649,691201,10552,0.125,0.125,0.125,-0.0,161,10552,161,10552,1e-06,0.0,1e-06,5.7414e-09,3.289591e-09,1.14087e-08,False,0.0,True
2015-05-18,CE04OSBP-LJ01C-07-VEL3DC107,1,True,2015-05-18T00:00:00Z,2015-05-19T00:00:00Z,681845,691201,9356,0.125,0.125,0.125,0.0,111,9356,111,9356,-0.0,0.0,1e-06,-3.211695e-09,1.833601e-09,6.402843e-09,False,0.0,True
2015-05-19,CE04OSBP-LJ01C-07-VEL3DC107,1,True,2015-05-19T00:00:00Z,2015-05-20T00:00:00Z,633171,691201,58030,0.125,0.125,0.125,0.0,138,58030,138,58030,-1e-06,1e-06,2e-06,-8.590133e-09,4.925422e-09,1.839362e-08,False,0.0,True
2015-05-20,CE04OSBP-LJ01C-07-VEL3DC107,1,True,2015-05-20T00:00:00Z,2015-05-21T00:00:00Z,677732,691201,13469,0.125,0.125,0.125,0.0,144,13469,144,13469,-1e-06,1e-06,2e-06,-9.472145e-09,5.444097e-09,1.885928e-08,False,0.0,True
2015-05-21,CE04OSBP-LJ01C-07-VEL3DC107,1,True,2015-05-21T00:00:00Z,2015-05-22T00:00:00Z,679972,691201,11229,0.125,0.125,0.125,0.0,141,11229,141,11229,-1e-06,1e-06,3e-06,-1.019688e-08,5.863033e-09,2.037268e-08,False,0.0,True
2015-05-22,CE04OSBP-LJ01C-07-VEL3DC107,1,True,2015-05-22T00:00:00Z,2015-05-23T00:00:00Z,680489,691201,10712,0.125,0.125,0.125,-0.0,132,10712,132,10712,1e-06,0.0,1e-06,5.336898e-09,3.070263e-09,1.071021e-08,False,0.0,True
2015-05-23,CE04OSBP-LJ01C-07-VEL3DC107,1,True,2015-05-23T00:00:00Z,2015-05-24T00:00:00Z,679299,691201,11902,0.125,0.125,0.125,-0.0,170,11902,170,11902,-0.0,0.0,1e-06,-3.140171e-09,1.851298e-09,6.286427e-09,False,0.0,True
2015-05-24,CE04OSBP-LJ01C-07-VEL3DC107,1,True,2015-05-24T00:00:00Z,2015-05-25T00:00:00Z,679962,691201,11239,0.125,0.125,0.125,0.0,155,11239,155,11239,-0.0,0.0,1e-06,-3.42779e-09,1.932003e-09,6.752089e-09,False,0.0,True
2015-05-25,CE04OSBP-LJ01C-07-VEL3DC107,1,True,2015-05-25T00:00:00Z,2015-05-26T00:00:00Z,683109,691201,8092,0.125,0.125,0.125,-0.0,128,8092,128,8092,1e-06,1e-06,2e-06,8.927335e-09,5.104553e-09,1.781154e-08,False,0.0,True
2015-05-26,CE04OSBP-LJ01C-07-VEL3DC107,1,True,2015-05-26T00:00:00Z,2015-05-27T00:00:00Z,680657,691201,10544,0.125,0.125,0.125,-0.0,142,10544,142,10544,-1e-06,1e-06,2e-06,-8.967124e-09,5.195934e-09,1.792796e-08,False,0.0,True
2015-05-27,CE04OSBP-LJ01C-07-VEL3DC107,1,True,2015-05-27T00:00:00Z,2015-05-28T00:00:00Z,681350,691201,9851,0.125,0.125,0.125,0.0,164,9851,164,9851,-0.0,0.0,0.0,-1.070913e-09,5.952907e-10,2.095476e-09,False,0.0,True
2015-05-28,CE04OSBP-LJ01C-07-VEL3DC107,1,True,2015-05-28T00:00:00Z,2015-05-29T00:00:00Z,677669,691201,13532,0.125,0.125,0.125,0.0,159,13532,159,13532,0.0,0.0,0.0,9.93672e-10,5.779848e-10,1.97906e-09,False,0.0,True
2015-05-29,CE04OSBP-LJ01C-07-VEL3DC107,1,True,2015-05-29T00:00:00Z,2015-05-30T00:00:00Z,681030,691201,10171,0.125,0.125,0.125,-0.0,136,10171,136,10171,-0.0,0.0,1e-06,-3.109274e-09,1.828942e-09,6.286427e-09,False,0.0,True
2015-05-30,CE04OSBP-LJ01C-07-VEL3DC107,1,True,2015-05-30T00:00:00Z,2015-05-31T00:00:00Z,680425,691201,10776,0.125,0.125,0.125,-0.0,143,10776,143,10776,-0.0,0.0,0.0,-1.830306e-09,1.075707e-09,3.72529e-09,False,0.0,True
2015-05-31,CE04OSBP-LJ01C-07-VEL3DC107,1,True,2015-05-31T00:00:00Z,2015-06-01T00:00:00Z,677604,691201,13597,0.125,0.125,0.125,-0.0,126,13597,126,13597,0.0,0.0,0.0,6.938462e-10,3.956237e-10,1.396984e-09,False,0.0,True
2015-06-01,CE04OSBP-LJ01C-07-VEL3DC107,1,True,2015-06-01T00:00:00Z,2015-06-02T00:00:00Z,676335,691201,14866,0.125,0.125,0.125,0.0,154,14866,154,14866,-1e-06,0.0,2e-06,-6.876963e-09,3.930092e-09,1.362059e-08,False,0.0,True
2015-06-02,CE04OSBP-LJ01C-07-VEL3DC107,1,True,2015-06-02T00:00:00Z,2015-06-03T00:00:00Z,677805,691201,13396,0.125,0.125,0.125,0.0,152,13396,152,13396,-2e-06,1e-06,3e-06,-1.342171e-08,7.702968e-09,2.665911e-08,False,0.0,True
2015-06-03,CE04OSBP-LJ01C-07-VEL3DC107,1,True,2015-06-03T00:00:00Z,2015-06-04T00:00:00Z,682295,691201,8906,0.125,0.125,0.125,0.0,148,8906,148,8906,-1e-06,0.0,1e-06,-4.947701e-09,2.820353e-09,9.778887e-09,False,0.0,True
2015-06-04,CE04OSBP-LJ01C-07-VEL3DC107,1,True,2015-06-04T00:00:00Z,2015-06-05T00:00:00Z,679860,691201,11341,0.125,0.125,0.125,0.0,134,11341,134,11341,1e-06,0.0,1e-06,5.33748e-09,3.109548e-09,1.071021e-08,False,0.0,True
2015-06-05,CE04OSBP-LJ01C-07-VEL3DC107,1,True,2015-06-05T00:00:00Z,2015-06-06T00:00:00Z,677330,691201,13871,0.125,0.125,0.125,0.0,156,13871,156,13871,1e-06,0.0,2e-06,6.406873e-09,3.705987e-09,1.280569e-08,False,0.0,True
2015-06-06,CE04OSBP-LJ01C-07-VEL3DC107,1,True,2015-06-06T00:00:00Z,2015-06-07T00:00:00Z,676877,691201,14324,0.125,0.125,0.125,-0.0,169,14324,169,14324,0.0,0.0,0.0,1.994945e-09,1.153514e-09,3.958121e-09,False,0.0,True
2015-06-07,CE04OSBP-LJ01C-07-VEL3DC107,1,True,2015-06-07T00:00:00Z,2015-06-08T00:00:00Z,680431,691201,10770,0.125,0.125,0.125,0.0,156,10770,156,10770,-0.0,0.0,0.0,-1.187386e-09,6.56003e-10,2.328306e-09,False,0.0,True
2015-06-08,CE04OSBP-LJ01C-07-VEL3DC107,1,True,2015-06-08T00:00:00Z,2015-06-09T00:00:00Z,678407,691201,12794,0.125,0.125,0.125,0.0,146,12794,146,12794,-1e-06,1e-06,2e-06,-8.184642e-09,4.635413e-09,1.618173e-08,False,0.0,True
2015-06-09,CE04OSBP-LJ01C-07-VEL3DC107,1,True,2015-06-09T00:00:00Z,2015-06-10T00:00:00Z,679343,691201,11858,0.125,0.125,0.125,-0.0,162,11858,162,11858,2e-06,1e-06,4e-06,1.473083e-08,8.486121e-09,2.945308e-08,False,0.0,True
2015-06-10,CE04OSBP-LJ01C-07-VEL3DC107,1,True,2015-06-10T00:00:00Z,2015-06-11T00:00:00Z,678637,691201,12564,0.125,0.125,0.125,0.0,144,12564,144,12564,-0.0,0.0,1e-06,-3.304952e-09,1.894346e-09,6.635673e-09,False,0.0,True
2015-06-11,CE04OSBP-LJ01C-07-VEL3DC107,1,True,2015-06-11T00:00:00Z,2015-06-12T00:00:00Z,679147,691201,12054,0.125,0.125,0.125,-0.0,142,12054,142,12054,0.0,0.0,1e-06,3.031131e-09,1.707464e-09,5.937181e-09,False,0.0,True
2015-06-12,CE04OSBP-LJ01C-07-VEL3DC107,1,True,2015-06-12T00:00:00Z,2015-06-13T00:00:00Z,682139,691201,9062,0.125,0.125,0.125,-0.0,145,9062,145,9062,0.0,0.0,1e-06,2.384228e-09,1.364763e-09,4.773028e-09,False,0.0,True
2015-06-13,CE04OSBP-LJ01C-07-VEL3DC107,1,True,2015-06-13T00:00:00Z,2015-06-14T00:00:00Z,679360,691201,11841,0.125,0.125,0.125,-0.0,149,11841,149,11841,0.0,0.0,1e-06,2.220549e-09,1.253914e-09,4.423782e-09,False,0.0,True
2015-06-14,CE04OSBP-LJ01C-07-VEL3DC107,1,True,2015-06-14T00:00:00Z,2015-06-15T00:00:00Z,677749,691201,13452,0.125,0.125,0.125,-0.0,155,13452,155,13452,0.0,0.0,1e-06,2.337783e-09,1.343682e-09,4.656613e-09,False,0.0,True
2015-06-15,CE04OSBP-LJ01C-07-VEL3DC107,1,True,2015-06-15T00:00:00Z,2015-06-16T00:00:00Z,304255,691201,386946,0.125,0.125,0.125,0.0,62,386946,62,386946,-1e-06,1e-06,2e-06,-8.545899e-09,4.918489e-09,1.373701e-08,False,0.0,True
2015-06-16,CE04OSBP-LJ01C-07-VEL3DC107,1,True,2015-06-16T00:00:00Z,2015-06-17T00:00:00Z,678101,691201,13100,0.125,0.125,0.125,0.0,171,13100,171,13100,-0.0,0.0,0.0,-1.453892e-09,8.417949e-10,2.910383e-09,False,0.0,True
2015-06-17,CE04OSBP-LJ01C-07-VEL3DC107,1,True,2015-06-17T00:00:00Z,2015-06-18T00:00:00Z,679756,691201,11445,0.125,0.125,0.125,-0.0,131,11445,131,11445,0.0,0.0,1e-06,2.64235e-09,1.522447e-09,5.238689e-09,False,0.0,True
2015-06-18,CE04OSBP-LJ01C-07-VEL3DC107,1,True,2015-06-18T00:00:00Z,2015-06-19T00:00:00Z,679131,691201,12070,0.125,0.125,0.125,-0.0,165,12070,165,12070,-0.0,0.0,1e-06,-3.307654e-09,1.907802e-09,6.635673e-09,False,0.0,True
2015-06-19,CE04OSBP-LJ01C-07-VEL3DC107,1,True,2015-06-19T00:00:00Z,2015-06-20T00:00:00Z,678453,691201,12748,0.125,0.125,0.125,0.0,149,12748,149,12748,0.0,0.0,1e-06,2.651243e-09,1.560699e-09,5.355105e-09,False,0.0,True
2015-06-20,CE04OSBP-LJ01C-07-VEL3DC107,1,True,2015-06-20T00:00:00Z,2015-06-21T00:00:00Z,682464,691201,8737,0.125,0.125,0.125,-0.0,142,8737,142,8737,1e-06,0.0,1e-06,5.34046e-09,3.046566e-09,1.059379e-08,False,0.0,True
2015-06-21,CE04OSBP-LJ01C-07-VEL3DC107,1,True,2015-06-21T00:00:00Z,2015-06-22T00:00:00Z,678083,691201,13118,0.125,0.125,0.125,0.0,155,13118,155,13118,-0.0,0.0,1e-06,-3.990941e-09,2.276265e-09,7.916242e-09,False,0.0,True
2015-06-22,CE04OSBP-LJ01C-07-VEL3DC107,1,True,2015-06-22T00:00:00Z,2015-06-23T00:00:00Z,680873,691201,10328,0.125,0.125,0.125,0.0,138,10328,138,10328,-1e-06,0.0,1e-06,-5.716016e-09,3.238728e-09,1.129229e-08,False,0.0,True
2015-06-23,CE04OSBP-LJ01C-07-VEL3DC107,1,True,2015-06-23T00:00:00Z,2015-06-24T00:00:00Z,676972,691201,14229,0.125,0.125,0.125,0.0,165,14229,165,14229,1e-06,0.0,1e-06,4.55574e-09,2.645826e-09,9.080395e-09,False,0.0,True
2015-06-24,CE04OSBP-LJ01C-07-VEL3DC107,1,True,2015-06-24T00:00:00Z,2015-06-25T00:00:00Z,681049,691201,10152,0.125,0.125,0.125,0.0,140,10152,140,10152,0.0,0.0,0.0,1.770028e-09,1.048617e-09,3.608875e-09,False,0.0,True
2015-06-25,CE04OSBP-LJ01C-07-VEL3DC107,1,True,2015-06-25T00:00:00Z,2015-06-26T00:00:00Z,681582,691201,9619,0.125,0.125,0.125,0.0,148,9619,148,9619,-1e-06,0.0,1e-06,-4.112393e-09,2.305878e-09,8.149073e-09,False,0.0,True
2015-06-26,CE04OSBP-LJ01C-07-VEL3DC107,1,True,2015-06-26T00:00:00Z,2015-06-27T00:00:00Z,678486,691201,12715,0.125,0.125,0.125,-0.0,162,12715,162,12715,1e-06,1e-06,2e-06,9.988108e-09,5.728669e-09,1.990702e-08,False,0.0,True
2015-06-27,CE04OSBP-LJ01C-07-VEL3DC107,1,True,2015-06-27T00:00:00Z,2015-06-28T00:00:00Z,676755,691201,14446,0.125,0.125,0.125,0.0,153,14446,153,14446,1e-06,1e-06,2e-06,6.989364e-09,4.071245e-09,1.408625e-08,False,0.0,True
2015-06-28,CE04OSBP-LJ01C-07-VEL3DC107,1,True,2015-06-28T00:00:00Z,2015-06-29T00:00:00Z,677657,691201,13544,0.125,0.125,0.125,-0.0,160,13544,160,13544,2e-06,1e-06,5e-06,1.831254e-08,1.056189e-08,3.667083e-08,False,0.0,True
2015-06-29,CE04OSBP-LJ01C-07-VEL3DC107,1,True,2015-06-29T00:00:00Z,2015-06-30T00:00:00Z,682545,691201,8656,0.125,0.125,0.125,0.0,146,8656,146,8656,0.0,0.0,0.0,8.869967e-10,5.411112e-10,1.862645e-09,False,0.0,True
2015-06-30,CE04OSBP-LJ01C-07-VEL3DC107,1,True,2015-06-30T00:00:00Z,2015-07-01T00:00:00Z,665085,691201,26116,0.125,0.125,0.125,-0.0,165,26116,165,26116,1e-06,0.0,1e-06,6.027084e-09,3.474315e-09,1.199078e-08,False,0.0,True
2015-07-01,CE04OSBP-LJ01C-07-VEL3DC107,1,True,2015-07-01T00:00:00Z,2015-07-02T00:00:00Z,680404,691201,10797,0.125,0.125,0.125,0.0,141,10797,141,10797,-0.0,0.0,1e-06,-2.384677e-09,1.363622e-09,4.773028e-09,False,0.0,True
2015-07-02,CE04OSBP-LJ01C-07-VEL3DC107,1,True,2015-07-02T00:00:00Z,2015-07-03T00:00:00Z,680627,691201,10574,0.125,0.125,0.125,0.0,140,10574,140,10574,-1e-06,1e-06,3e-06,-1.042647e-08,5.926788e-09,2.072193e-08,False,0.0,True
2015-07-03,CE04OSBP-LJ01C-07-VEL3DC107,1,True,2015-07-03T00:00:00Z,2015-07-04T00:00:00Z,677422,691201,13779,0.125,0.125,0.125,-0.0,169,13779,169,13779,-0.0,0.0,0.0,-9.128349e-10,5.428009e-10,1.862645e-09,False,0.0,True
2015-07-04,CE04OSBP-LJ01C-07-VEL3DC107,1,True,2015-07-04T00:00:00Z,2015-07-05T00:00:00Z,678582,691201,12619,0.125,0.125,0.125,-0.0,161,12619,161,12619,0.0,0.0,0.0,2.027042e-09,1.144952e-09,3.958121e-09,False,0.0,True
2015-07-05,CE04OSBP-LJ01C-07-VEL3DC107,1,True,2015-07-05T00:00:00Z,2015-07-06T00:00:00Z,680094,691201,11107,0.125,0.125,0.125,0.0,151,11107,151,11107,-0.0,0.0,0.0,-5.387508e-10,3.080917e-10,1.047738e-09,False,0.0,True
2015-07-06,CE04OSBP-LJ01C-07-VEL3DC107,1,True,2015-07-06T00:00:00Z,2015-07-07T00:00:00Z,677856,691201,13345,0.125,0.125,0.125,0.0,140,13345,140,13345,-0.0,0.0,1e-06,-2.074182e-09,1.158812e-09,4.074536e-09,False,0.0,True
2015-07-07,CE04OSBP-LJ01C-07-VEL3DC107,1,True,2015-07-07T00:00:00Z,2015-07-08T00:00:00Z,681252,691201,9949,0.125,0.125,0.125,0.0,158,9949,158,9949,-0.0,0.0,0.0,-2.407638e-10,1.257446e-10,4.656613e-10,False,0.0,True
2015-07-08,CE04OSBP-LJ01C-07-VEL3DC107,1,True,2015-07-08T00:00:00Z,2015-07-09T00:00:00Z,676795,691201,14406,0.125,0.125,0.125,0.0,157,14406,157,14406,-1e-06,0.0,1e-06,-5.959685e-09,3.394502e-09,1.187436e-08,False,0.0,True
2015-07-09,CE04OSBP-LJ01C-07-VEL3DC107,1,True,2015-07-09T00:00:00Z,2015-07-10T00:00:00Z,681757,691201,9444,0.125,0.125,0.125,-0.0,127,9444,127,9444,-0.0,0.0,0.0,-1.114474e-09,6.759166e-10,2.328306e-09,False,0.0,True
2015-07-10,CE04OSBP-LJ01C-07-VEL3DC107,1,True,2015-07-10T00:00:00Z,2015-07-11T00:00:00Z,676853,691201,14348,0.125,0.125,0.125,-0.0,155,14348,155,14348,1e-06,1e-06,2e-06,7.450082e-09,4.303578e-09,1.490116e-08,False,0.0,True
2015-07-11,CE04OSBP-LJ01C-07-VEL3DC107,1,True,2015-07-11T00:00:00Z,2015-07-12T00:00:00Z,680377,691201,10824,0.125,0.125,0.125,0.0,153,10824,153,10824,0.0,0.0,0.0,3.490271e-10,2.3176e-10,6.984919e-10,False,0.0,True
2015-07-12,CE04OSBP-LJ01C-07-VEL3DC107,1,True,2015-07-12T00:00:00Z,2015-07-13T00:00:00Z,677092,691201,14109,0.125,0.125,0.125,0.0,128,14109,128,14109,0.0,0.0,0.0,7.159709e-11,4.231854e-11,1.164153e-10,False,0.0,True
2015-07-13,CE04OSBP-LJ01C-07-VEL3DC107,1,True,2015-07-13T00:00:00Z,2015-07-14T00:00:00Z,678362,691201,12839,0.125,0.125,0.125,-0.0,163,12839,163,12839,0.0,0.0,0.0,1.105901e-09,5.862922e-10,2.095476e-09,False,0.0,True
2015-07-14,CE04OSBP-LJ01C-07-VEL3DC107,1,True,2015-07-14T00:00:00Z,2015-07-15T00:00:00Z,680177,691201,11024,0.125,0.125,0.125,-0.0,157,11024,157,11024,-0.0,0.0,1e-06,-2.722382e-09,1.601643e-09,5.47152e-09,False,0.0,True
2015-07-15,CE04OSBP-LJ01C-07-VEL3DC107,1,True,2015-07-15T00:00:00Z,2015-07-16T00:00:00Z,395484,691201,295717,0.125,0.125,0.125,-0.0,91,295717,91,295717,1e-06,0.0,1e-06,4.081613e-09,3.143553e-09,1.199078e-08,False,0.0,True
2015-07-16,CE04OSBP-LJ01C-07-VEL3DC107,1,True,2015-07-16T00:00:00Z,2015-07-17T00:00:00Z,687590,691201,3611,0.125,0.125,0.125,-0.0,46,3611,46,3611,1e-06,0.0,1e-06,5.080017e-09,2.872993e-09,1.012813e-08,False,0.0,True
2015-07-17,CE04OSBP-LJ01C-07-VEL3DC107,1,True,2015-07-17T00:00:00Z,2015-07-18T00:00:00Z,691105,691201,96,0.125,0.125,0.125,-0.0,47,96,47,96,-0.0,0.0,0.0,-1.764785e-09,1.019041e-09,3.49246e-09,False,0.0,True
2015-07-18,CE04OSBP-LJ01C-07-VEL3DC107,1,True,2015-07-18T00:00:00Z,2015-07-19T00:00:00Z,691129,691201,72,0.125,0.125,0.125,0.0,37,72,37,72,-1e-06,1e-06,2e-06,-8.055066e-09,4.623536e-09,1.606531e-08,False,0.0,True
2015-07-19,CE04OSBP-LJ01C-07-VEL3DC107,1,True,2015-07-19T00:00:00Z,2015-07-20T00:00:00Z,691140,691201,61,0.125,0.125,0.125,0.0,49,61,49,61,1e-06,0.0,1e-06,5.790138e-09,3.382885e-09,1.164153e-08,False,0.0,True
2015-07-20,CE04OSBP-LJ01C-07-VEL3DC107,1,True,2015-07-20T00:00:00Z,2015-07-21T00:00:00Z,691140,691201,61,0.125,0.125,0.125,-0.0,41,61,41,61,2e-06,1e-06,4e-06,1.676896e-08,9.614284e-09,3.34112e-08,False,0.0,True
2015-07-21,CE04OSBP-LJ01C-07-VEL3DC107,1,True,2015-07-21T00:00:00Z,2015-07-22T00:00:00Z,691114,691201,87,0.125,0.125,0.125,-0.0,53,87,53,87,1e-06,1e-06,2e-06,8.06799e-09,4.641128e-09,1.606531e-08,False,0.0,True
2015-07-22,CE04OSBP-LJ01C-07-VEL3DC107,1,True,2015-07-22T00:00:00Z,2015-07-23T00:00:00Z,691073,691201,128,0.125,0.125,0.125,-0.0,53,128,53,128,1e-06,0.0,1e-06,4.952997e-09,2.820117e-09,9.778887e-09,False,0.0,True
2015-07-23,CE04OSBP-LJ01C-07-VEL3DC107,1,True,2015-07-23T00:00:00Z,2015-07-24T00:00:00Z,691064,691201,137,0.125,0.125,0.125,0.0,68,137,68,137,-0.0,0.0,0.0,-1.530416e-09,8.60593e-10,3.026798e-09,False,0.0,True
2015-07-24,CE04OSBP-LJ01C-07-VEL3DC107,1,True,2015-07-24T00:00:00Z,2015-07-25T00:00:00Z,691100,691201,101,0.125,0.125,0.125,-0.0,39,101,39,101,1e-06,0.0,1e-06,4.572705e-09,2.598901e-09,9.080395e-09,False,0.0,True
2015-07-25,CE04OSBP-LJ01C-07-VEL3DC107,1,True,2015-07-25T00:00:00Z,2015-07-26T00:00:00Z,691090,691201,111,0.125,0.125,0.125,-0.0,56,111,56,111,1e-06,1e-06,3e-06,1.07107e-08,6.140027e-09,2.1304e-08,False,0.0,True
2015-07-26,CE04OSBP-LJ01C-07-VEL3DC107,1,True,2015-07-26T00:00:00Z,2015-07-27T00:00:00Z,691109,691201,92,0.125,0.125,0.125,0.0,44,92,44,92,-0.0,0.0,1e-06,-3.804164e-09,2.152697e-09,7.566996e-09,False,0.0,True
2015-07-27,CE04OSBP-LJ01C-07-VEL3DC107,1,True,2015-07-27T00:00:00Z,2015-07-28T00:00:00Z,691115,691201,86,0.125,0.125,0.125,-0.0,38,86,38,86,-0.0,0.0,0.0,-1.478369e-10,9.261734e-11,3.49246e-10,False,0.0,True
2015-07-28,CE04OSBP-LJ01C-07-VEL3DC107,1,True,2015-07-28T00:00:00Z,2015-07-29T00:00:00Z,691153,691201,48,0.125,0.125,0.125,0.0,35,48,35,48,-1e-06,0.0,1e-06,-5.0979e-09,2.917724e-09,1.012813e-08,False,0.0,True
2015-07-29,CE04OSBP-LJ01C-07-VEL3DC107,1,True,2015-07-29T00:00:00Z,2015-07-30T00:00:00Z,691132,691201,69,0.125,0.125,0.125,-0.0,50,69,50,69,-0.0,0.0,1e-06,-3.992287e-09,2.333538e-09,8.032657e-09,False,0.0,True
2015-07-30,CE04OSBP-LJ01C-07-VEL3DC107,1,True,2015-07-30T00:00:00Z,2015-07-31T00:00:00Z,691089,691201,112,0.125,0.125,0.125,-0.0,50,112,50,112,1e-06,0.0,1e-06,5.531476e-09,3.152605e-09,1.105946e-08,False,0.0,True
2015-07-31,CE04OSBP-LJ01C-07-VEL3DC107,1,True,2015-07-31T00:00:00Z,2015-07-31T17:59:15Z,517946,518047,101,0.125,0.125,0.125,0.0,53,101,53,101,0.0,0.0,0.0,1.115422e-10,7.318198e-11,2.328306e-10,False,0.0,True
2015-08-01,CE04OSBP-LJ01C-07-VEL3DC107,1,False,,,0,0,,0.125,,,,,,,,,,,,,,,,False
2015-08-02,CE04OSBP-LJ01C-07-VEL3DC107,0,False,,,0,0,,,,,,,,,,,,,,,,,,False
2015-08-03,CE04OSBP-LJ01C-07-VEL3DC107,2,True,2015-08-03T23:10:02Z,2015-08-04T00:00:00Z,18298,23985,5687,0.125,0.125,0.125,0.0,3,5687,3,5687,-0.0,0.0,0.0,-3.03883e-11,1.612822e-11,7.275958e-11,False,0.0,True
2015-08-04,CE04OSBP-LJ01C-07-VEL3DC107,2,True,2015-08-04T00:00:00Z,2015-08-05T00:00:00Z,691158,691201,43,0.125,0.125,0.125,-0.0,31,43,31,43,1e-06,0.0,2e-06,6.409934e-09,3.696797e-09,1.280569e-08,False,0.0,True
2015-08-05,CE04OSBP-LJ01C-07-VEL3DC107,2,True,2015-08-05T00:00:00Z,2015-08-06T00:00:00Z,691161,691201,40,0.125,0.125,0.125,-0.0,34,40,34,40,1e-06,0.0,1e-06,5.17608e-09,2.963793e-09,1.036096e-08,False,0.0,True
2015-08-06,CE04OSBP-LJ01C-07-VEL3DC107,2,True,2015-08-06T00:00:00Z,2015-08-07T00:00:00Z,691105,691201,96,0.125,0.125,0.125,0.0,90,96,90,96,-0.0,0.0,0.0,-4.688489e-10,2.591655e-10,9.313226e-10,False,0.0,True
2015-08-07,CE04OSBP-LJ01C-07-VEL3DC107,2,True,2015-08-07T00:00:00Z,2015-08-08T00:00:00Z,691084,691201,117,0.125,0.125,0.125,0.0,105,117,105,117,-1e-06,1e-06,3e-06,-1.181285e-08,6.796183e-09,2.363231e-08,False,0.0,True
2015-08-08,CE04OSBP-LJ01C-07-VEL3DC107,2,True,2015-08-08T00:00:00Z,2015-08-09T00:00:00Z,691117,691201,84,0.125,0.125,0.125,-0.0,78,84,78,84,1e-06,1e-06,3e-06,1.18992e-08,6.829186e-09,2.374873e-08,False,0.0,True
2015-08-09,CE04OSBP-LJ01C-07-VEL3DC107,2,True,2015-08-09T00:00:00Z,2015-08-10T00:00:00Z,691179,691201,22,0.125,0.125,0.125,0.0,16,22,16,22,-0.0,0.0,0.0,-8.784792e-10,4.772837e-10,1.74623e-09,False,0.0,True
2015-08-10,CE04OSBP-LJ01C-07-VEL3DC107,2,True,2015-08-10T00:00:00Z,2015-08-11T00:00:00Z,691152,691201,49,0.125,0.125,0.125,0.0,37,49,37,49,-2e-06,1e-06,3e-06,-1.258296e-08,7.237405e-09,2.514571e-08,False,0.0,True
2015-08-11,CE04OSBP-LJ01C-07-VEL3DC107,2,True,2015-08-11T00:00:00Z,2015-08-12T00:00:00Z,691138,691201,63,0.125,0.125,0.125,-0.0,57,63,57,63,-0.0,0.0,0.0,-1.917789e-09,1.109089e-09,3.841706e-09,False,0.0,True
2015-08-12,CE04OSBP-LJ01C-07-VEL3DC107,2,True,2015-08-12T00:00:00Z,2015-08-13T00:00:00Z,691155,691201,46,0.125,0.125,0.125,-0.0,40,46,40,46,1e-06,1e-06,2e-06,9.933819e-09,5.710667e-09,1.97906e-08,False,0.0,True
2015-08-13,CE04OSBP-LJ01C-07-VEL3DC107,2,True,2015-08-13T00:00:00Z,2015-08-14T00:00:00Z,691109,691201,92,0.125,0.125,0.125,-0.0,80,92,80,92,-0.0,0.0,1e-06,-3.145901e-09,1.817498e-09,6.286427e-09,False,0.0,True
2015-08-14,CE04OSBP-LJ01C-07-VEL3DC107,2,True,2015-08-14T00:00:00Z,2015-08-15T00:00:00Z,690919,691201,282,0.125,0.125,0.125,-0.0,26,282,26,282,-0.0,0.0,0.0,-1.755958e-09,1.028086e-09,3.49246e-09,False,0.0,True
2015-08-15,CE04OSBP-LJ01C-07-VEL3DC107,2,True,2015-08-15T00:00:00Z,2015-08-15T14:05:23Z,405770,405792,22,0.125,0.125,0.125,-0.0,16,22,16,22,0.0,0.0,1e-06,3.571925e-09,2.029327e-09,7.101335e-09,False,0.0,True
2015-08-16,CE04OSBP-LJ01C-07-VEL3DC107,2,True,2015-08-16T02:30:00Z,2015-08-17T00:00:00Z,618715,619201,486,0.125,0.125,0.125,0.0,113,486,113,486,-0.0,0.0,0.0,-5.582597e-10,3.072574e-10,1.047738e-09,False,0.0,True
2015-08-17,CE04OSBP-LJ01C-07-VEL3DC107,2,True,2015-08-17T00:00:00Z,2015-08-18T00:00:00Z,691157,691201,44,0.125,0.125,0.125,0.0,32,44,32,44,-2e-06,1e-06,4e-06,-1.413104e-08,8.140116e-09,2.828892e-08,False,0.0,True
2015-08-18,CE04OSBP-LJ01C-07-VEL3DC107,2,True,2015-08-18T00:00:00Z,2015-08-19T00:00:00Z,691165,691201,36,0.125,0.125,0.125,-0.0,23,36,23,36,1e-06,1e-06,2e-06,7.636015e-09,4.343046e-09,1.513399e-08,False,0.0,True
2015-08-19,CE04OSBP-LJ01C-07-VEL3DC107,2,True,2015-08-19T00:00:00Z,2015-08-20T00:00:00Z,691179,691201,22,0.125,0.125,0.125,-0.0,16,22,16,22,1e-06,1e-06,3e-06,1.092781e-08,6.255889e-09,2.176967e-08,False,0.0,True
2015-08-20,CE04OSBP-LJ01C-07-VEL3DC107,2,True,2015-08-20T00:00:00Z,2015-08-21T00:00:00Z,691169,691201,32,0.125,0.125,0.125,0.0,20,32,20,32,1e-06,0.0,2e-06,6.218442e-09,3.621325e-09,1.245644e-08,False,0.0,True
2015-08-21,CE04OSBP-LJ01C-07-VEL3DC107,2,True,2015-08-21T00:00:00Z,2015-08-22T00:00:00Z,655367,691201,35834,0.125,0.125,0.125,-0.0,121,35834,121,35834,1e-06,1e-06,2e-06,8.813124e-09,5.088869e-09,1.851004e-08,False,0.0,True
2015-08-22,CE04OSBP-LJ01C-07-VEL3DC107,2,True,2015-08-22T00:00:00Z,2015-08-23T00:00:00Z,691172,691201,29,0.125,0.125,0.125,0.0,23,29,23,29,-0.0,0.0,1e-06,-2.223555e-09,1.255858e-09,4.423782e-09,False,0.0,True
2015-08-23,CE04OSBP-LJ01C-07-VEL3DC107,2,True,2015-08-23T00:00:00Z,2015-08-24T00:00:00Z,691157,691201,44,0.125,0.125,0.125,0.0,25,44,25,44,-0.0,0.0,0.0,-1.184557e-09,6.578745e-10,2.328306e-09,False,0.0,True
2015-08-24,CE04OSBP-LJ01C-07-VEL3DC107,2,True,2015-08-24T00:00:00Z,2015-08-25T00:00:00Z,691173,691201,28,0.125,0.125,0.125,0.0,22,28,22,28,-0.0,0.0,0.0,-8.453353e-10,4.834381e-10,1.74623e-09,False,0.0,True
2015-08-25,CE04OSBP-LJ01C-07-VEL3DC107,2,True,2015-08-25T00:00:00Z,2015-08-26T00:00:00Z,691128,691201,73,0.125,0.125,0.125,-0.0,67,73,67,73,0.0,0.0,0.0,1.148881e-09,6.343508e-10,2.211891e-09,False,0.0,True
2015-08-26,CE04OSBP-LJ01C-07-VEL3DC107,2,True,2015-08-26T00:00:00Z,2015-08-27T00:00:00Z,691157,691201,44,0.125,0.125,0.125,-0.0,25,44,25,44,-0.0,0.0,0.0,-1.72893e-09,1.029645e-09,3.49246e-09,False,0.0,True
2015-08-27,CE04OSBP-LJ01C-07-VEL3DC107,2,True,2015-08-27T00:00:00Z,2015-08-28T00:00:00Z,691146,691201,55,0.125,0.125,0.125,0.0,49,55,49,55,-0.0,0.0,0.0,-9.209198e-10,5.319428e-10,1.862645e-09,False,0.0,True
2015-08-28,CE04OSBP-LJ01C-07-VEL3DC107,2,True,2015-08-28T00:00:00Z,2015-08-29T00:00:00Z,691182,691201,19,0.125,0.125,0.125,-0.0,13,19,13,19,2e-06,1e-06,3e-06,1.315319e-08,7.540805e-09,2.619345e-08,False,0.0,True
2015-08-29,CE04OSBP-LJ01C-07-VEL3DC107,2,True,2015-08-29T00:00:00Z,2015-08-30T00:00:00Z,680203,691201,10998,0.125,0.125,0.125,-0.0,25,10998,25,10998,1e-06,0.0,1e-06,5.476893e-09,3.151827e-09,1.094304e-08,False,0.0,True
2015-08-30,CE04OSBP-LJ01C-07-VEL3DC107,2,True,2015-08-30T00:00:00Z,2015-08-31T00:00:00Z,691156,691201,45,0.125,0.125,0.125,0.0,32,45,32,45,-2e-06,1e-06,3e-06,-1.385434e-08,7.960096e-09,2.759043e-08,False,0.0,True
2015-08-31,CE04OSBP-LJ01C-07-VEL3DC107,2,True,2015-08-31T00:00:00Z,2015-09-01T00:00:00Z,691178,691201,23,0.125,0.125,0.125,0.0,17,23,17,23,-1e-06,1e-06,2e-06,-7.991867e-09,4.596032e-09,1.59489e-08,False,0.0,True
2015-09-01,CE04OSBP-LJ01C-07-VEL3DC107,2,True,2015-09-01T00:00:00Z,2015-09-02T00:00:00Z,691068,691201,133,0.125,0.125,0.125,0.0,121,133,121,133,-1e-06,0.0,2e-06,-6.334528e-09,3.617665e-09,1.257285e-08,False,0.0,True
2015-09-02,CE04OSBP-LJ01C-07-VEL3DC107,2,True,2015-09-02T00:00:00Z,2015-09-03T00:00:00Z,691165,691201,36,0.125,0.125,0.125,0.0,30,36,30,36,-0.0,0.0,1e-06,-3.41856e-09,1.934093e-09,6.752089e-09,False,0.0,True
2015-09-03,CE04OSBP-LJ01C-07-VEL3DC107,2,True,2015-09-03T00:00:00Z,2015-09-04T00:00:00Z,691165,691201,36,0.125,0.125,0.125,-0.0,30,36,30,36,2e-06,1e-06,3e-06,1.25958e-08,7.255086e-09,2.514571e-08,False,0.0,True
2015-09-04,CE04OSBP-LJ01C-07-VEL3DC107,2,True,2015-09-04T00:00:00Z,2015-09-05T00:00:00Z,690958,691201,243,0.125,0.125,0.125,-0.0,224,243,224,243,1e-06,1e-06,2e-06,8.20909e-09,4.71181e-09,1.641456e-08,False,0.0,True
2015-09-05,CE04OSBP-LJ01C-07-VEL3DC107,2,True,2015-09-05T00:00:00Z,2015-09-06T00:00:00Z,691181,691201,20,0.125,0.125,0.125,0.0,14,20,14,20,-1e-06,1e-06,2e-06,-9.173945e-09,5.256777e-09,1.827721e-08,False,0.0,True
2015-09-06,CE04OSBP-LJ01C-07-VEL3DC107,2,True,2015-09-06T00:00:00Z,2015-09-07T00:00:00Z,691172,691201,29,0.125,0.125,0.125,0.0,23,29,23,29,-1e-06,1e-06,2e-06,-7.976335e-09,4.582e-09,1.59489e-08,False,0.0,True
2015-09-07,CE04OSBP-LJ01C-07-VEL3DC107,2,True,2015-09-07T00:00:00Z,2015-09-08T00:00:00Z,691163,691201,38,0.125,0.125,0.125,0.0,31,38,31,38,-0.0,0.0,0.0,-1.184173e-09,6.584859e-10,2.328306e-09,False,0.0,True
2015-09-08,CE04OSBP-LJ01C-07-VEL3DC107,2,True,2015-09-08T00:00:00Z,2015-09-09T00:00:00Z,691160,691201,41,0.125,0.125,0.125,-0.0,22,41,22,41,2e-06,1e-06,4e-06,1.531961e-08,8.763249e-09,3.050081e-08,False,0.0,True
2015-09-09,CE04OSBP-LJ01C-07-VEL3DC107,2,True,2015-09-09T00:00:00Z,2015-09-10T00:00:00Z,691098,691201,103,0.125,0.125,0.125,0.0,97,103,97,103,-1e-06,1e-06,3e-06,-1.032716e-08,5.918838e-09,2.060551e-08,False,0.0,True
2015-09-10,CE04OSBP-LJ01C-07-VEL3DC107,2,True,2015-09-10T00:00:00Z,2015-09-11T00:00:00Z,691164,691201,37,0.125,0.125,0.125,0.0,31,37,31,37,-1e-06,1e-06,2e-06,-9.675071e-09,5.545907e-09,1.932494e-08,False,0.0,True
2015-09-11,CE04OSBP-LJ01C-07-VEL3DC107,2,True,2015-09-11T00:00:00Z,2015-09-12T00:00:00Z,691137,691201,64,0.125,0.125,0.125,0.0,52,64,52,64,-1e-06,0.0,1e-06,-5.722063e-09,3.261048e-09,1.14087e-08,False,0.0,True
2015-09-12,CE04OSBP-LJ01C-07-VEL3DC107,2,True,2015-09-12T00:00:00Z,2015-09-13T00:00:00Z,691124,691201,77,0.125,0.125,0.125,-0.0,71,77,71,77,1e-06,1e-06,2e-06,7.516914e-09,4.315106e-09,1.501758e-08,False,0.0,True
2015-09-13,CE04OSBP-LJ01C-07-VEL3DC107,2,True,2015-09-13T00:00:00Z,2015-09-14T00:00:00Z,691147,691201,54,0.125,0.125,0.125,0.0,48,54,48,54,-1e-06,0.0,2e-06,-6.369895e-09,3.676427e-09,1.268927e-08,False,0.0,True
2015-09-14,CE04OSBP-LJ01C-07-VEL3DC107,2,True,2015-09-14T00:00:00Z,2015-09-15T00:00:00Z,691128,691201,73,0.125,0.125,0.125,0.0,61,73,61,73,-1e-06,0.0,2e-06,-6.295254e-09,3.629371e-09,1.257285e-08,False,0.0,True
2015-09-15,CE04OSBP-LJ01C-07-VEL3DC107,2,True,2015-09-15T00:00:00Z,2015-09-16T00:00:00Z,691037,691201,164,0.125,0.125,0.125,-0.0,158,164,158,164,0.0,0.0,0.0,1.314547e-09,7.419514e-10,2.561137e-09,False,0.0,True
2015-09-16,CE04OSBP-LJ01C-07-VEL3DC107,2,True,2015-09-16T00:00:00Z,2015-09-17T00:00:00Z,691168,691201,33,0.125,0.125,0.125,-0.0,20,33,20,33,1e-06,0.0,1e-06,4.646145e-09,2.64308e-09,9.19681e-09,False,0.0,True
2015-09-17,CE04OSBP-LJ01C-07-VEL3DC107,2,True,2015-09-17T00:00:00Z,2015-09-18T00:00:00Z,689113,691201,2088,0.125,0.125,0.125,0.0,27,2088,27,2088,0.0,0.0,1e-06,2.831574e-09,1.65079e-09,5.704351e-09,False,0.0,True
2015-09-18,CE04OSBP-LJ01C-07-VEL3DC107,2,True,2015-09-18T00:00:00Z,2015-09-19T00:00:00Z,691139,691201,62,0.125,0.125,0.125,0.0,55,62,55,62,-1e-06,0.0,2e-06,-6.762063e-09,3.889992e-09,1.350418e-08,False,0.0,True
2015-09-19,CE04OSBP-LJ01C-07-VEL3DC107,2,True,2015-09-19T00:00:00Z,2015-09-20T00:00:00Z,691151,691201,50,0.125,0.125,0.125,-0.0,43,50,43,50,0.0,0.0,1e-06,3.310642e-09,1.893551e-09,6.635673e-09,False,0.0,True
2015-09-20,CE04OSBP-LJ01C-07-VEL3DC107,2,True,2015-09-20T00:00:00Z,2015-09-21T00:00:00Z,691161,691201,40,0.125,0.125,0.125,0.0,21,40,21,40,-1e-06,0.0,1e-06,-5.097957e-09,2.917462e-09,1.012813e-08,False,0.0,True
2015-09-21,CE04OSBP-LJ01C-07-VEL3DC107,2,True,2015-09-21T00:00:00Z,2015-09-22T00:00:00Z,691159,691201,42,0.125,0.125,0.125,-0.0,36,42,36,42,-1e-06,1e-06,2e-06,-8.27934e-09,4.793228e-09,1.653098e-08,False,0.0,True
2015-09-22,CE04OSBP-LJ01C-07-VEL3DC107,2,True,2015-09-22T00:00:00Z,2015-09-23T00:00:00Z,691151,691201,50,0.125,0.125,0.125,-0.0,44,50,44,50,2e-06,1e-06,3e-06,1.284962e-08,7.394398e-09,2.572779e-08,False,0.0,True
2015-09-23,CE04OSBP-LJ01C-07-VEL3DC107,2,True,2015-09-23T00:00:00Z,2015-09-24T00:00:00Z,691091,691201,110,0.125,0.125,0.125,-0.0,98,110,98,110,1e-06,1e-06,2e-06,9.553467e-09,5.453034e-09,1.89757e-08,False,0.0,True
2015-09-24,CE04OSBP-LJ01C-07-VEL3DC107,2,True,2015-09-24T00:00:00Z,2015-09-25T00:00:00Z,691171,691201,30,0.125,0.125,0.125,-0.0,24,30,24,30,0.0,0.0,0.0,4.57999e-10,2.388999e-10,8.149073e-10,False,0.0,True
2015-09-25,CE04OSBP-LJ01C-07-VEL3DC107,2,True,2015-09-25T00:00:00Z,2015-09-26T00:00:00Z,691169,691201,32,0.125,0.125,0.125,0.0,26,32,26,32,-1e-06,1e-06,3e-06,-1.193866e-08,6.848916e-09,2.374873e-08,False,0.0,True
2015-09-26,CE04OSBP-LJ01C-07-VEL3DC107,2,True,2015-09-26T00:00:00Z,2015-09-27T00:00:00Z,691114,691201,87,0.125,0.125,0.125,-0.0,75,87,75,87,0.0,0.0,0.0,1.379089e-09,7.678069e-10,2.677552e-09,False,0.0,True
2015-09-27,CE04OSBP-LJ01C-07-VEL3DC107,2,True,2015-09-27T00:00:00Z,2015-09-28T00:00:00Z,691176,691201,25,0.125,0.125,0.125,0.0,19,25,19,25,-2e-06,1e-06,3e-06,-1.2475e-08,7.159951e-09,2.491288e-08,False,0.0,True
2015-09-28,CE04OSBP-LJ01C-07-VEL3DC107,2,True,2015-09-28T00:00:00Z,2015-09-29T00:00:00Z,691134,691201,67,0.125,0.125,0.125,0.0,61,67,61,67,-1e-06,1e-06,2e-06,-8.016747e-09,4.597712e-09,1.59489e-08,False,0.0,True
2015-09-29,CE04OSBP-LJ01C-07-VEL3DC107,2,True,2015-09-29T00:00:00Z,2015-09-30T00:00:00Z,691185,691201,16,0.125,0.125,0.125,-0.0,10,16,10,16,-1e-06,0.0,2e-06,-6.596927e-09,3.813812e-09,1.315493e-08,False,0.0,True
2015-09-30,CE04OSBP-LJ01C-07-VEL3DC107,2,True,2015-09-30T00:00:00Z,2015-10-01T00:00:00Z,691143,691201,58,0.125,0.125,0.125,0.0,39,58,39,58,-0.0,0.0,1e-06,-2.266891e-09,1.270251e-09,4.423782e-09,False,0.0,True
2015-10-01,CE04OSBP-LJ01C-07-VEL3DC107,2,True,2015-10-01T00:00:00Z,2015-10-02T00:00:00Z,691117,691201,84,0.125,0.125,0.125,0.0,78,84,78,84,-0.0,0.0,1e-06,-2.107347e-09,1.186082e-09,4.190952e-09,False,0.0,True
2015-10-02,CE04OSBP-LJ01C-07-VEL3DC107,2,True,2015-10-02T00:00:00Z,2015-10-03T00:00:00Z,691159,691201,42,0.125,0.125,0.125,-0.0,29,42,29,42,1e-06,0.0,1e-06,5.766226e-09,3.311338e-09,1.152512e-08,False,0.0,True
2015-10-03,CE04OSBP-LJ01C-07-VEL3DC107,2,True,2015-10-03T00:00:00Z,2015-10-04T00:00:00Z,691186,691201,15,0.125,0.125,0.125,4.05e-07,9,15,9,15,-1e-06,0.174673,23.09384,-6.24273e-09,0.001397384,0.1847507,False,0.184765,True
2015-10-04,CE04OSBP-LJ01C-07-VEL3DC107,2,True,2015-10-04T00:00:00Z,2015-10-04T23:59:59Z,691201,691201,0,0.125,0.125,0.125,5.08e-07,0,0,0,0,-6e-06,0.037639,12.159879,-4.601717e-08,0.0003011121,0.09727903,False,0.097282,False
2015-10-05,CE04OSBP-LJ01C-07-VEL3DC107,2,True,2015-10-05T00:00:00Z,2015-10-05T23:59:59Z,691200,691200,0,0.125,0.124879837,0.124999968,0.002210284,0,0,0,0,5e-06,2.433359,7.376971,3.717903e-08,0.01946687,0.05901579,False,0.054816,False
2015-10-06,CE04OSBP-LJ01C-07-VEL3DC107,2,True,2015-10-06T00:00:00Z,2015-10-06T23:59:59Z,691200,691200,0,0.125,0.124879837,0.124999979,-0.001105077,0,0,1,1,-0.0,1.753184,26.577415,-7.216042e-11,0.01402548,0.2126194,False,0.197543,False
2015-10-07,CE04OSBP-LJ01C-07-VEL3DC107,2,True,2015-10-07T00:00:00Z,2015-10-07T23:59:59Z,691200,691200,0,0.125,0.124879837,0.124999971,0.001600605,0,0,0,0,5e-06,1.788005,5.488715,3.675122e-08,0.01430404,0.04390973,False,0.033548,False
2015-10-08,CE04OSBP-LJ01C-07-VEL3DC107,2,True,2015-10-08T00:00:00Z,2015-10-08T23:59:59Z,691200,691200,0,0.125,0.124879837,0.124999941,0.004703916,0,0,1,1,3e-06,2.246029,25.012505,2.33463e-08,0.01796824,0.2001001,False,0.197673,False
2015-10-09,CE04OSBP-LJ01C-07-VEL3DC107,2,True,2015-10-09T00:00:00Z,2015-10-09T23:59:59Z,691200,691200,0,0.125,0.124879837,0.124999961,0.007185985,0,0,0,0,5e-06,3.107643,10.674874,3.664342e-08,0.02486115,0.08539902,False,0.045966,False
2015-10-10,CE04OSBP-LJ01C-07-VEL3DC107,2,True,2015-10-10T00:00:00Z,2015-10-10T23:59:59Z,691201,691201,0,0.125,0.124879837,0.124999951,0.001885659,0,0,19,19,-1e-06,2.031357,6.348216,-6.192734e-09,0.01625086,0.05078575,False,0.051769,False
2015-10-11,CE04OSBP-LJ01C-07-VEL3DC107,2,True,2015-10-11T00:00:00Z,2015-10-11T23:59:59Z,691200,691200,0,0.125,0.124879837,0.124999956,0.001749815,0,0,0,0,4e-06,2.484037,8.040941,3.564876e-08,0.0198723,0.06432755,False,0.053453,False
2015-10-12,CE04OSBP-LJ01C-07-VEL3DC107,2,True,2015-10-12T00:00:00Z,2015-10-12T23:59:59Z,691200,691200,0,0.125,0.124879837,0.124999968,-0.002263211,0,0,0,0,5e-06,1.62591,5.310943,3.634656e-08,0.01300728,0.04248755,False,0.036763,False
2015-10-13,CE04OSBP-LJ01C-07-VEL3DC107,2,True,2015-10-13T00:00:00Z,2015-10-13T23:59:59Z,691200,691200,0,0.125,0.124879837,0.124999971,0.00108504,0,0,0,0,5e-06,1.943251,7.784202,3.710172e-08,0.01554601,0.06227363,False,0.050593,False
2015-10-14,CE04OSBP-LJ01C-07-VEL3DC107,2,True,2015-10-14T00:00:00Z,2015-10-14T23:59:59Z,691200,691200,0,0.125,0.124879837,0.124999966,0.005315884,0,0,0,0,5e-06,2.415017,8.070229,3.775844e-08,0.01932014,0.06456185,False,0.046683,False
2015-10-15,CE04OSBP-LJ01C-07-VEL3DC107,2,True,2015-10-15T00:00:00Z,2015-10-15T23:59:59Z,691201,691201,0,0.125,0.124879837,0.124999971,0.002469467,0,0,15,15,-3e-06,2.040546,9.05149,-2.389847e-08,0.01632438,0.07241193,False,0.054855,False
2015-10-16,CE04OSBP-LJ01C-07-VEL3DC107,2,True,2015-10-16T00:00:00Z,2015-10-16T23:59:59Z,691200,691200,0,0.125,0.124879837,0.12499996,0.0003577,0,0,0,0,5e-06,2.486077,7.874783,3.712996e-08,0.01988862,0.06299828,False,0.050536,False
2015-10-17,CE04OSBP-LJ01C-07-VEL3DC107,2,True,2015-10-17T00:00:00Z,2015-10-17T23:59:59Z,691192,691200,8,0.125,0.124879837,0.124999953,0.000846933,8,8,8,8,-2e-06,1.929402,7.728412,-1.318666e-08,0.01543522,0.06182732,False,0.045324,True
2015-10-18,CE04OSBP-LJ01C-07-VEL3DC107,2,True,2015-10-18T00:00:00Z,2015-10-18T23:59:59Z,691200,691200,0,0.125,0.124879837,0.124999958,0.000532194,0,0,0,0,5e-06,1.950344,8.695319,3.779389e-08,0.01560276,0.06956257,False,0.062831,False
2015-10-19,CE04OSBP-LJ01C-07-VEL3DC107,2,True,2015-10-19T00:00:00Z,2015-10-19T23:59:59Z,683797,691208,7411,0.125,0.124879837,0.124998352,0.288750068,12,7411,12,7422,2e-06,240.505831,483.012075,1.670546e-08,1.924072,3.864148,True,0.112661,True
2015-10-20,CE04OSBP-LJ01C-07-VEL3DC107,2,True,2015-10-20T00:00:00Z,2015-10-20T23:59:59Z,691200,691200,0,0.125,0.124879837,0.124999962,0.001961354,0,0,0,0,5e-06,1.957524,6.147713,3.677294e-08,0.01566019,0.04918172,False,0.051338,False
2015-10-21,CE04OSBP-LJ01C-07-VEL3DC107,2,True,2015-10-21T00:00:00Z,2015-10-21T23:59:59Z,691200,691200,0,0.125,0.124879837,0.124999953,0.000671771,0,0,0,0,5e-06,2.208397,10.168673,3.631062e-08,0.01766719,0.08134941,False,0.062312,False
2015-10-22,CE04OSBP-LJ01C-07-VEL3DC107,2,True,2015-10-22T00:00:00Z,2015-10-22T23:59:59Z,691200,691200,0,0.125,0.124879837,0.124999952,-0.000831905,0,0,0,0,5e-06,2.366635,9.573688,3.673754e-08,0.01893309,0.07658953,False,0.051441,False
2015-10-23,CE04OSBP-LJ01C-07-VEL3DC107,2,True,2015-10-23T00:00:00Z,2015-10-23T23:59:59Z,691200,691200,0,0.125,0.124879837,0.124999965,0.00200803,0,0,0,0,5e-06,2.713621,7.238497,3.782534e-08,0.02170897,0.05790799,False,0.037901,False
2015-10-24,CE04OSBP-LJ01C-07-VEL3DC107,2,True,2015-10-24T00:00:00Z,2015-10-24T23:59:59Z,691201,691201,0,0.125,0.124879837,0.124999966,0.006056161,0,0,16,16,-0.0,4.799128,16.381966,-2.626483e-09,0.03839303,0.1310558,False,0.07342,False
2015-10-25,CE04OSBP-LJ01C-07-VEL3DC107,2,True,2015-10-25T00:00:00Z,2015-10-25T23:59:59Z,691200,691200,0,0.125,0.124879837,0.124999963,0.00174992,0,0,0,0,5e-06,2.060673,9.927395,3.671088e-08,0.01648539,0.07941918,False,0.057592,False
2015-10-26,CE04OSBP-LJ01C-07-VEL3DC107,2,True,2015-10-26T00:00:00Z,2015-10-26T23:59:59Z,691200,691200,0,0.125,0.124879837,0.124999948,0.003665645,0,0,0,0,5e-06,1.640285,5.645124,3.788212e-08,0.01312228,0.04516101,False,0.049551,False
2015-10-27,CE04OSBP-LJ01C-07-VEL3DC107,2,True,2015-10-27T00:00:00Z,2015-10-27T23:59:59Z,691200,691200,0,0.125,0.124879837,0.124999956,-0.005155575,0,0,0,0,5e-06,1.935071,5.894539,3.717025e-08,0.01548057,0.04715633,False,0.030818,False
2015-10-28,CE04OSBP-LJ01C-07-VEL3DC107,2,True,2015-10-28T00:00:00Z,2015-10-28T23:59:59Z,690958,691200,242,0.125,0.124879837,0.124999967,-0.000781226,19,242,19,260,-1e-06,2.058,28.897113,-7.128174e-09,0.016464,0.231177,False,0.238793,True
2015-10-29,CE04OSBP-LJ01C-07-VEL3DC107,2,True,2015-10-29T00:00:00Z,2015-10-29T23:59:59Z,689559,691203,1644,0.125,0.124879837,0.124999806,-0.17498762,10,1644,10,1652,-2e-06,36.994327,175.857962,-1.433477e-08,0.2959551,1.406866,True,0.209514,True
2015-10-30,CE04OSBP-LJ01C-07-VEL3DC107,2,True,2015-10-30T00:00:00Z,2015-10-30T23:59:59Z,691200,691200,0,0.125,0.124879837,0.124999959,0.000531552,0,0,0,0,5e-06,2.621672,7.558734,3.800668e-08,0.02097339,0.06046989,False,0.046428,False
2015-10-31,CE04OSBP-LJ01C-07-VEL3DC107,2,True,2015-10-31T00:00:00Z,2015-10-31T23:59:59Z,691200,691200,0,0.125,0.124879837,0.124999964,-0.001180505,0,0,0,0,5e-06,2.166133,6.700504,3.623523e-08,0.01732907,0.05360404,False,0.05046,False
2015-11-01,CE04OSBP-LJ01C-07-VEL3DC107,2,True,2015-11-01T00:00:00Z,2015-11-01T23:59:59Z,691200,691200,0,0.125,0.124879837,0.124999961,0.000194045,0,0,0,0,4e-06,2.166165,7.762399,3.55377e-08,0.01732932,0.06209921,False,0.048505,False
2015-11-02,CE04OSBP-LJ01C-07-VEL3DC107,2,True,2015-11-02T00:00:00Z,2015-11-02T23:59:59Z,691200,691200,0,0.125,0.124879837,0.124999975,0.002840059,0,0,0,0,5e-06,1.846507,10.877972,3.758311e-08,0.01477206,0.08702379,False,0.074359,False
2015-11-03,CE04OSBP-LJ01C-07-VEL3DC107,2,True,2015-11-03T00:00:00Z,2015-11-03T23:59:59Z,691201,691201,0,0.125,0.124879837,0.124999995,-0.001932354,0,0,18,18,-1e-06,1.663496,6.418903,-1.147702e-08,0.01330797,0.05135123,False,0.049887,False
2015-11-04,CE04OSBP-LJ01C-07-VEL3DC107,2,True,2015-11-04T00:00:00Z,2015-11-04T23:59:59Z,691199,691199,0,0.125,0.124879837,0.125,0.002258853,0,0,63,63,2e-06,1.912869,6.693607,1.525715e-08,0.01530295,0.05354886,False,0.052942,False
2015-11-05,CE04OSBP-LJ01C-07-VEL3DC107,2,True,2015-11-05T00:00:00Z,2015-11-05T23:59:59Z,691201,691201,0,0.125,0.124879837,0.124999992,0.001209075,0,0,68,68,-0.0,2.395627,8.060264,-2.576703e-09,0.01916502,0.06448211,False,0.047542,False
2015-11-06,CE04OSBP-LJ01C-07-VEL3DC107,2,True,2015-11-06T00:00:00Z,2015-11-06T23:59:59Z,691200,691200,0,0.125,0.124879837,0.125000002,0.001801396,0,0,16,16,-3e-06,1.754623,7.878022,-2.593862e-08,0.01403699,0.06302418,False,0.057814,False
2015-11-07,CE04OSBP-LJ01C-07-VEL3DC107,2,True,2015-11-07T00:00:00Z,2015-11-07T23:59:59Z,437925,691444,253519,0.125,0.124879837,0.124940467,6.914788244,5,253519,5,253519,-0.0,4157.346877,8801.350896,-3.398122e-09,33.27462,70.44436,True,0.312885,True
2015-11-08,CE04OSBP-LJ01C-07-VEL3DC107,2,True,2015-11-08T00:00:00Z,2015-11-08T23:59:59Z,691200,691200,0,0.125,0.124879837,0.124999991,-0.000470033,0,0,0,0,5e-06,1.862194,7.118893,3.718953e-08,0.01489755,0.05695115,False,0.048413,False
2015-11-09,CE04OSBP-LJ01C-07-VEL3DC107,2,True,2015-11-09T00:00:00Z,2015-11-09T23:59:59Z,690381,691201,820,0.125,0.124879837,0.12499986,0.02310637,1,820,1,820,8e-06,33.602723,79.394716,6.541648e-08,0.2688221,0.6351584,True,0.206173,True
2015-11-10,CE04OSBP-LJ01C-07-VEL3DC107,2,True,2015-11-10T00:00:00Z,2015-11-10T23:59:59Z,691200,691200,0,0.125,0.124879837,0.124999975,0.002011119,0,0,0,0,5e-06,1.881208,6.592559,3.810614e-08,0.01504967,0.05274048,False,0.047814,False
2015-11-11,CE04OSBP-LJ01C-07-VEL3DC107,2,True,2015-11-11T00:00:00Z,2015-11-11T23:59:59Z,691200,691200,0,0.125,0.124879837,0.124999969,-0.00037523,0,0,0,0,5e-06,2.122897,8.437989,3.692278e-08,0.01698318,0.06750393,False,0.053965,False
2015-11-12,CE04OSBP-LJ01C-07-VEL3DC107,2,True,2015-11-12T00:00:00Z,2015-11-12T23:59:59Z,691200,691200,0,0.125,0.124879837,0.124999965,-0.003292394,0,0,0,0,5e-06,2.818262,10.113569,3.645909e-08,0.0225461,0.08090858,False,0.056592,False
2015-11-13,CE04OSBP-LJ01C-07-VEL3DC107,2,True,2015-11-13T00:00:00Z,2015-11-13T23:59:59Z,691200,691200,0,0.125,0.124879837,0.124999965,0.001668495,0,0,0,0,5e-06,1.765093,8.230714,3.735331e-08,0.01412075,0.06584573,False,0.051227,False
2015-11-14,CE04OSBP-LJ01C-07-VEL3DC107,2,True,2015-11-14T00:00:00Z,2015-11-14T23:59:59Z,691201,691201,0,0.125,0.124879837,0.124999964,-0.002162607,0,0,27,27,-1e-06,1.89214,8.022384,-4.656462e-09,0.01513712,0.06417909,False,0.051441,False
2015-11-15,CE04OSBP-LJ01C-07-VEL3DC107,2,True,2015-11-15T00:00:00Z,2015-11-15T23:59:59Z,691200,691200,0,0.125,0.124879837,0.124999967,0.002522704,0,0,0,0,5e-06,2.459678,7.89511,3.721816e-08,0.01967743,0.0631609,False,0.048615,False
2015-11-16,CE04OSBP-LJ01C-07-VEL3DC107,2,True,2015-11-16T00:00:00Z,2015-11-16T23:59:59Z,691200,691200,0,0.125,0.124879837,0.124999967,-0.000883813,0,0,0,0,5e-06,2.014434,8.729814,3.798545e-08,0.01611548,0.06983853,False,0.052472,False
2015-11-17,CE04OSBP-LJ01C-07-VEL3DC107,2,True,2015-11-17T00:00:00Z,2015-11-17T23:59:59Z,691109,691200,91,0.125,0.124879837,0.124999978,-0.00070716,1,91,1,91,1.1e-05,1.736356,6.369292,8.872803e-08,0.01389085,0.05095435,False,0.09541,True
2015-11-18,CE04OSBP-LJ01C-07-VEL3DC107,2,True,2015-11-18T00:00:00Z,2015-11-18T23:59:59Z,691112,691200,88,0.125,0.124879837,0.124999974,-0.002765086,1,88,1,88,-7e-06,2.430704,7.661052,-5.839909e-08,0.01944563,0.06128843,False,0.090346,True
2015-11-19,CE04OSBP-LJ01C-07-VEL3DC107,2,True,2015-11-19T00:00:00Z,2015-11-19T23:59:59Z,691114,691200,86,0.125,0.124879837,0.124999975,0.001605366,1,86,1,86,9e-06,3.581023,10.909859,7.00863e-08,0.02864819,0.08727889,False,0.070262,True
2015-11-20,CE04OSBP-LJ01C-07-VEL3DC107,2,True,2015-11-20T00:00:00Z,2015-11-20T23:59:59Z,691111,691200,89,0.125,0.124879837,0.124999977,-0.001279781,13,89,13,101,4e-06,1.67812,5.88033,3.430919e-08,0.01342496,0.04704265,False,0.095394,True
2015-11-21,CE04OSBP-LJ01C-07-VEL3DC107,2,True,2015-11-21T00:00:00Z,2015-11-21T23:59:59Z,691108,691201,93,0.125,0.124879837,0.12499998,-0.000204363,20,93,20,112,1e-06,1.627946,6.67066,5.36215e-09,0.01302357,0.05336529,False,0.071144,True
2015-11-22,CE04OSBP-LJ01C-07-VEL3DC107,2,True,2015-11-22T00:00:00Z,2015-11-22T23:59:59Z,691200,691200,0,0.125,0.124879837,0.124999985,-0.001956504,0,0,0,0,5e-06,1.672077,7.89468,3.786972e-08,0.01337662,0.06315745,False,0.059658,False
2015-11-23,CE04OSBP-LJ01C-07-VEL3DC107,2,True,2015-11-23T00:00:00Z,2015-11-23T23:59:59Z,691200,691200,0,0.125,0.124879837,0.124999984,0.000708923,0,0,0,0,5e-06,1.844677,9.309612,3.722362e-08,0.01475742,0.0744769,False,0.075913,False
2015-11-24,CE04OSBP-LJ01C-07-VEL3DC107,2,True,2015-11-24T00:00:00Z,2015-11-24T23:59:59Z,691200,691200,0,0.125,0.124879837,0.124999975,-0.002854303,0,0,0,0,4e-06,2.007173,7.037943,3.590876e-08,0.01605739,0.05630356,False,0.058811,False
2015-11-25,CE04OSBP-LJ01C-07-VEL3DC107,2,True,2015-11-25T00:00:00Z,2015-11-25T23:59:59Z,691074,691200,126,0.125,0.124879837,0.124999968,0.000285788,1,126,1,126,2e-06,1.642993,5.986894,1.319789e-08,0.01314395,0.04789517,False,0.127056,True
2015-11-26,CE04OSBP-LJ01C-07-VEL3DC107,2,True,2015-11-26T00:00:00Z,2015-11-26T23:59:59Z,691200,691200,0,0.125,0.124879837,0.124999963,8.956e-06,0,0,0,0,5e-06,1.644254,6.125082,3.63707e-08,0.01315404,0.04900067,False,0.045813,False
2015-11-27,CE04OSBP-LJ01C-07-VEL3DC107,2,True,2015-11-27T00:00:00Z,2015-11-27T23:59:59Z,691201,691201,0,0.125,0.124879837,0.124999967,-0.001678895,0,0,21,21,-5e-06,1.982742,10.683101,-4.364081e-08,0.01586194,0.08546483,False,0.0862,False
2015-11-28,CE04OSBP-LJ01C-07-VEL3DC107,2,True,2015-11-28T00:00:00Z,2015-11-28T23:59:59Z,691200,691200,0,0.125,0.124879837,0.124999958,0.010351398,0,0,2,2,0.0,2.009269,10.841615,7.979893e-11,0.01607416,0.08673295,False,0.095024,False
2015-11-29,CE04OSBP-LJ01C-07-VEL3DC107,2,True,2015-11-29T00:00:00Z,2015-11-29T23:59:59Z,592772,691295,98523,0.125,0.124879837,0.124977931,3.797714832,2,98523,2,98523,-1e-06,2763.246482,5587.076296,-8.951055e-09,22.10988,44.7045,True,0.351878,True
2015-11-30,CE04OSBP-LJ01C-07-VEL3DC107,2,True,2015-11-30T00:00:00Z,2015-11-30T23:59:59Z,691200,691200,0,0.125,0.124879837,0.124999949,-0.001203432,0,0,0,0,5e-06,1.836673,7.740993,3.728484e-08,0.01469339,0.06192797,False,0.05579,False
2015-12-01,CE04OSBP-LJ01C-07-VEL3DC107,2,True,2015-12-01T00:00:00Z,2015-12-01T23:59:59Z,691201,691201,0,0.125,0.124879837,0.124999943,-0.003248353,0,0,5,5,-0.0,3.165263,8.019695,-2.558861e-09,0.02532211,0.06415759,False,0.048761,False
2015-12-02,CE04OSBP-LJ01C-07-VEL3DC107,2,True,2015-12-02T00:00:00Z,2015-12-02T23:59:59Z,690286,691201,915,0.125,0.124879837,0.124999714,0.040079508,2,915,2,915,-1e-06,35.314678,67.863483,-1.100311e-08,0.2825181,0.5429091,True,0.174205,True
2015-12-03,CE04OSBP-LJ01C-07-VEL3DC107,2,True,2015-12-03T00:00:00Z,2015-12-03T23:59:59Z,691200,691200,0,0.125,0.124879837,0.124999968,-0.001133634,0,0,0,0,5e-06,2.362009,8.060728,3.791302e-08,0.01889608,0.06448584,False,0.073985,False
2015-12-04,CE04OSBP-LJ01C-07-VEL3DC107,2,True,2015-12-04T00:00:00Z,2015-12-04T23:59:59Z,691200,691200,0,0.125,0.124879837,0.124999947,0.000735731,0,0,0,0,5e-06,1.800671,8.01887,3.642547e-08,0.01440537,0.06415099,False,0.047214,False
2015-12-05,CE04OSBP-LJ01C-07-VEL3DC107,2,True,2015-12-05T00:00:00Z,2015-12-05T23:59:59Z,691201,691201,0,0.125,0.124879837,0.124999935,-0.002677774,0,0,19,19,-1e-06,1.923314,7.19759,-4.220786e-09,0.01538652,0.05758075,False,0.041754,False
2015-12-06,CE04OSBP-LJ01C-07-VEL3DC107,2,True,2015-12-06T00:00:00Z,2015-12-06T23:59:59Z,691200,691200,0,0.125,0.124879837,0.124999958,-0.00233387,0,0,0,0,5e-06,3.47627,9.86351,3.627485e-08,0.02781017,0.07890811,False,0.059803,False
2015-12-07,CE04OSBP-LJ01C-07-VEL3DC107,2,True,2015-12-07T00:00:00Z,2015-12-07T23:59:59Z,691200,691200,0,0.125,0.124879837,0.124999958,-0.003221083,0,0,0,0,5e-06,2.168842,9.66433,3.715129e-08,0.01735074,0.07731467,False,0.05041,False
2015-12-08,CE04OSBP-LJ01C-07-VEL3DC107,2,True,2015-12-08T00:00:00Z,2015-12-08T23:59:59Z,691200,691200,0,0.125,0.124879837,0.124999963,-0.00444273,0,0,0,0,4e-06,2.263553,7.303754,3.578543e-08,0.01810843,0.05843005,False,0.052113,False
2015-12-09,CE04OSBP-LJ01C-07-VEL3DC107,2,True,2015-12-09T00:00:00Z,2015-12-09T23:59:59Z,691201,691201,0,0.125,0.124879837,0.124999971,0.000939982,0,0,31,31,-1e-06,2.3852,8.06456,-7.518144e-09,0.0190816,0.0645165,False,0.049826,False
2015-12-10,CE04OSBP-LJ01C-07-VEL3DC107,2,True,2015-12-10T00:00:00Z,2015-12-10T23:59:59Z,691200,691200,0,0.125,0.124879837,0.124999965,-0.000954183,0,0,0,0,5e-06,1.682612,6.812142,3.883687e-08,0.0134609,0.05449715,False,0.050509,False
2015-12-11,CE04OSBP-LJ01C-07-VEL3DC107,2,True,2015-12-11T00:00:00Z,2015-12-11T23:59:59Z,691200,691200,0,0.125,0.124879837,0.124999963,0.00164494,0,0,0,0,4e-06,1.758849,8.362542,3.576434e-08,0.0140708,0.06690035,False,0.057207,False
2015-12-12,CE04OSBP-LJ01C-07-VEL3DC107,2,True,2015-12-12T00:00:00Z,2015-12-12T23:59:59Z,691200,691200,0,0.125,0.124879837,0.124999964,-0.000860555,0,0,0,0,5e-06,1.282866,6.162157,3.746938e-08,0.01026293,0.04929727,False,0.042987,False
2015-12-13,CE04OSBP-LJ01C-07-VEL3DC107,2,True,2015-12-13T00:00:00Z,2015-12-13T23:59:59Z,691201,691201,0,0.125,0.124879837,0.12499995,0.000708587,0,0,15,15,2e-06,2.011542,6.162617,1.453992e-08,0.01609234,0.04930096,False,0.043747,False
2015-12-14,CE04OSBP-LJ01C-07-VEL3DC107,2,True,2015-12-14T00:00:00Z,2015-12-14T23:59:59Z,691200,691200,0,0.125,0.124879837,0.124999946,-0.002624999,0,0,0,0,5e-06,1.761665,7.221084,3.786451e-08,0.01409332,0.0577687,False,0.059234,False
2015-12-15,CE04OSBP-LJ01C-07-VEL3DC107,2,True,2015-12-15T00:00:00Z,2015-12-15T23:59:59Z,691200,691200,0,0.125,0.124879837,0.124999947,0.00123593,0,0,0,0,5e-06,2.036146,5.988761,3.736493e-08,0.01628917,0.04791011,False,0.039898,False
2015-12-16,CE04OSBP-LJ01C-07-VEL3DC107,2,True,2015-12-16T00:00:00Z,2015-12-16T23:59:59Z,691200,691200,0,0.125,0.124879837,0.124999942,0.000234783,0,0,0,0,5e-06,1.717794,5.924553,3.831304e-08,0.01374236,0.04739645,False,0.047817,False
2015-12-17,CE04OSBP-LJ01C-07-VEL3DC107,2,True,2015-12-17T00:00:00Z,2015-12-17T23:59:59Z,691195,691195,0,0.125,0.124879837,0.12499995,0.00036392,0,0,25,25,1e-06,1.989582,6.975909,4.848954e-09,0.01591667,0.05580729,False,0.046962,False
2015-12-18,CE04OSBP-LJ01C-07-VEL3DC107,2,True,2015-12-18T00:05:46Z,2015-12-18T23:59:59Z,688339,688432,93,0.125,0.124879837,0.124999952,0.003721785,1,93,1,93,-6e-06,2.260108,9.155075,-5.017171e-08,0.01808087,0.07324063,False,0.095478,True
2015-12-19,CE04OSBP-LJ01C-07-VEL3DC107,2,True,2015-12-19T00:00:00Z,2015-12-19T23:59:59Z,691118,691200,82,0.125,0.124879837,0.124999957,-0.003998117,1,82,1,82,-6e-06,2.282555,8.581259,-4.88899e-08,0.01826044,0.06865009,False,0.065393,True
2015-12-20,CE04OSBP-LJ01C-07-VEL3DC107,2,True,2015-12-20T00:00:00Z,2015-12-20T23:59:59Z,691109,691200,91,0.125,0.124879837,0.124999963,-0.003009396,1,91,1,91,-7e-06,1.543589,5.4432,-5.693146e-08,0.01234872,0.04354561,False,0.095348,True
2015-12-21,CE04OSBP-LJ01C-07-VEL3DC107,2,True,2015-12-21T00:00:00Z,2015-12-21T23:59:59Z,691110,691201,91,0.125,0.124879837,0.124999945,0.003212051,25,91,25,115,1e-06,2.01075,9.065496,4.17675e-09,0.01608601,0.072524,False,0.078479,True
2015-12-22,CE04OSBP-LJ01C-07-VEL3DC107,2,True,2015-12-22T00:00:00Z,2015-12-22T23:59:59Z,691114,691200,86,0.125,0.124879837,0.124999943,0.000394201,1,86,1,86,9e-06,1.714753,6.667254,7.040981e-08,0.01371803,0.05333805,False,0.095394,True
2015-12-23,CE04OSBP-LJ01C-07-VEL3DC107,2,True,2015-12-23T00:00:00Z,2015-12-23T23:59:59Z,691106,691200,94,0.125,0.124879837,0.124999955,0.001062465,1,94,1,94,5e-06,2.147471,7.287014,4.183838e-08,0.01717978,0.05829613,False,0.091374,True
2015-12-24,CE04OSBP-LJ01C-07-VEL3DC107,2,True,2015-12-24T00:00:00Z,2015-12-24T23:59:59Z,691111,691200,89,0.125,0.124879837,0.124999967,0.001976896,3,89,3,91,-1.3e-05,1.852565,7.751831,-1.064341e-07,0.01482053,0.06201466,False,0.095352,True
2015-12-25,CE04OSBP-LJ01C-07-VEL3DC107,2,True,2015-12-25T00:00:00Z,2015-12-25T23:59:59Z,691117,691201,84,0.125,0.124879837,0.124999969,-0.004080541,4,84,4,87,-9e-06,2.149376,7.417186,-6.928724e-08,0.01719502,0.0593375,False,0.087425,True
2015-12-26,CE04OSBP-LJ01C-07-VEL3DC107,2,True,2015-12-26T00:00:00Z,2015-12-26T23:59:59Z,691110,691200,90,0.125,0.124879837,0.124999963,0.002591002,1,90,1,90,1e-06,3.673362,10.961792,1.035603e-08,0.0293869,0.08769436,False,0.095326,True
2015-12-27,CE04OSBP-LJ01C-07-VEL3DC107,2,True,2015-12-27T00:00:00Z,2015-12-27T23:59:59Z,691107,691200,93,0.125,0.124879837,0.124999963,0.003287398,1,93,1,93,1e-06,1.726109,7.669936,1.150552e-08,0.01380887,0.06135951,False,0.094195,True
2015-12-28,CE04OSBP-LJ01C-07-VEL3DC107,2,True,2015-12-28T00:00:00Z,2015-12-28T23:59:59Z,691110,691200,90,0.125,0.124879837,0.124999957,0.00396862,1,90,1,90,-1.5e-05,3.23496,8.26208,-1.203518e-07,0.02587969,0.06609666,False,0.095337,True
2015-12-29,CE04OSBP-LJ01C-07-VEL3DC107,2,True,2015-12-29T00:00:00Z,2015-12-29T23:59:59Z,691113,691200,87,0.125,0.124879837,0.12499997,0.003840007,1,87,1,87,-3e-06,2.821235,7.298232,-2.260608e-08,0.02256988,0.05838587,False,0.091412,True
2015-12-30,CE04OSBP-LJ01C-07-VEL3DC107,2,True,2015-12-30T00:00:00Z,2015-12-30T23:59:59Z,691111,691201,90,0.125,0.124879837,0.124999981,-0.001722991,59,90,59,148,1e-06,2.358499,10.195338,7.18302e-09,0.018868,0.08156272,False,0.095345,True
2015-12-31,CE04OSBP-LJ01C-07-VEL3DC107,2,True,2015-12-31T00:00:00Z,2015-12-31T23:59:48Z,691108,691108,0,0.125,0.124879837,0.12499997,0.003097533,0,0,0,0,-6e-06,1.924109,8.273882,-5.000975e-08,0.01539288,0.06619107,False,0.046382,False
2016-01-01,CE04OSBP-LJ01C-07-VEL3DC107,2,True,2016-01-01T00:00:00Z,2016-01-01T23:59:59Z,691200,691200,0,0.125,0.124879837,0.12499996,0.001116932,0,0,0,0,5e-06,1.970978,8.380928,3.753155e-08,0.01576783,0.06704744,False,0.053121,False
2016-01-02,CE04OSBP-LJ01C-07-VEL3DC107,2,True,2016-01-02T00:00:00Z,2016-01-02T23:59:59Z,691200,691200,0,0.125,0.124879837,0.12499997,0.003886694,0,0,1,1,0.0,2.750825,20.146467,2.22856e-09,0.0220066,0.1611718,False,0.146557,False
2016-01-03,CE04OSBP-LJ01C-07-VEL3DC107,2,True,2016-01-03T00:00:00Z,2016-01-03T23:59:59Z,691200,691200,0,0.125,0.124879837,0.124999971,0.002500189,0,0,0,0,5e-06,2.047642,7.476158,3.689386e-08,0.01638114,0.05980928,False,0.047168,False
2016-01-04,CE04OSBP-LJ01C-07-VEL3DC107,2,True,2016-01-04T00:00:00Z,2016-01-04T23:59:59Z,691201,691201,0,0.125,0.124879837,0.124999969,0.003027243,0,0,12,12,-9e-06,1.847688,8.081856,-6.860083e-08,0.01478151,0.06465486,False,0.091748,False
2016-01-05,CE04OSBP-LJ01C-07-VEL3DC107,2,True,2016-01-05T00:00:00Z,2016-01-05T23:59:59Z,691200,691200,0,0.125,0.124879837,0.124999962,0.000835969,0,0,0,0,4e-06,1.824971,7.245465,3.596361e-08,0.01459978,0.05796374,False,0.055977,False
2016-01-06,CE04OSBP-LJ01C-07-VEL3DC107,2,True,2016-01-06T00:00:00Z,2016-01-06T23:59:59Z,691200,691200,0,0.125,0.124879837,0.12499995,1.0699e-05,0,0,0,0,5e-06,2.05678,7.16297,3.698607e-08,0.01645425,0.05730378,False,0.073362,False
2016-01-07,CE04OSBP-LJ01C-07-VEL3DC107,2,True,2016-01-07T00:00:00Z,2016-01-07T23:59:59Z,687694,691204,3510,0.125,0.124879837,0.124999067,-0.060093762,5,3510,5,3510,0.0,135.88416,267.276322,3.950534e-10,1.087081,2.138227,True,0.47641,True
2016-01-08,CE04OSBP-LJ01C-07-VEL3DC107,2,True,2016-01-08T00:00:00Z,2016-01-08T23:59:59Z,691201,691201,0,0.125,0.124879837,0.124999946,-0.001195361,0,0,18,18,-1e-06,1.828563,7.854461,-6.695708e-09,0.01462851,0.06283572,False,0.0529,False
2016-01-09,CE04OSBP-LJ01C-07-VEL3DC107,2,True,2016-01-09T00:00:00Z,2016-01-09T23:59:59Z,691200,691200,0,0.125,0.124879837,0.124999951,-0.002659719,0,0,0,0,5e-06,1.959611,8.484466,3.692846e-08,0.0156769,0.06787576,False,0.062549,False
2016-01-10,CE04OSBP-LJ01C-07-VEL3DC107,2,True,2016-01-10T00:00:00Z,2016-01-10T23:59:59Z,691200,691200,0,0.125,0.124879837,0.124999943,0.000935016,0,0,0,0,5e-06,2.420323,8.508567,3.676948e-08,0.0193626,0.06806857,False,0.053862,False
2016-01-11,CE04OSBP-LJ01C-07-VEL3DC107,2,True,2016-01-11T00:00:00Z,2016-01-11T23:59:59Z,691201,691201,0,0.125,0.124879837,0.124999945,0.00099173,0,0,10,10,0.0,2.341882,6.932799,2.739337e-09,0.01873507,0.05546242,False,0.060685,False
2016-01-12,CE04OSBP-LJ01C-07-VEL3DC107,2,True,2016-01-12T00:00:00Z,2016-01-12T23:59:59Z,691200,691200,0,0.125,0.124879837,0.124999947,0.003432177,0,0,0,0,5e-06,2.184731,7.152209,3.654756e-08,0.01747785,0.0572177,False,0.040715,False
2016-01-13,CE04OSBP-LJ01C-07-VEL3DC107,2,True,2016-01-13T00:00:00Z,2016-01-13T23:59:59Z,691198,691200,2,0.125,0.124879837,0.124999946,-0.001108288,2,2,2,2,-5e-06,1.892312,8.093027,-4.143224e-08,0.0151385,0.06474425,False,0.048199,True
2016-01-14,CE04OSBP-LJ01C-07-VEL3DC107,2,True,2016-01-14T00:00:00Z,2016-01-14T23:59:59Z,691200,691200,0,0.125,0.124879837,0.124999945,-0.00237123,0,0,0,0,5e-06,2.114454,7.256179,3.790507e-08,0.01691564,0.05804946,False,0.056752,False
2016-01-15,CE04OSBP-LJ01C-07-VEL3DC107,2,True,2016-01-15T00:00:00Z,2016-01-15T23:59:59Z,691201,691201,0,0.125,0.124879837,0.124999949,-0.00204741,0,0,10,10,-1e-06,1.722304,5.842087,-5.051805e-09,0.01377844,0.04673672,False,0.04015,False
2016-01-16,CE04OSBP-LJ01C-07-VEL3DC107,2,True,2016-01-16T00:00:00Z,2016-01-16T23:59:59Z,691200,691200,0,0.125,0.124879837,0.12499994,0.003070622,0,0,0,0,5e-06,2.004925,7.329641,3.626525e-08,0.01603941,0.05863716,False,0.045366,False
2016-01-17,CE04OSBP-LJ01C-07-VEL3DC107,2,True,2016-01-17T00:00:00Z,2016-01-17T23:59:59Z,691200,691200,0,0.125,0.124879837,0.124999955,-0.00149912,0,0,0,0,5e-06,2.954916,9.51915,3.722669e-08,0.02363933,0.07615322,False,0.054561,False
2016-01-18,CE04OSBP-LJ01C-07-VEL3DC107,2,True,2016-01-18T00:00:00Z,2016-01-18T23:59:59Z,691200,691200,0,0.125,0.124879837,0.124999966,0.005247389,0,0,3,3,3e-06,2.679855,8.32488,2.452114e-08,0.02143884,0.06659906,False,0.046943,False
2016-01-19,CE04OSBP-LJ01C-07-VEL3DC107,2,True,2016-01-19T00:00:00Z,2016-01-19T23:59:59Z,691201,691201,0,0.125,0.124879837,0.124999969,6.8619e-05,0,0,27,27,0.0,2.236755,9.284042,2.933568e-09,0.01789404,0.07427236,False,0.053805,False
2016-01-20,CE04OSBP-LJ01C-07-VEL3DC107,2,True,2016-01-20T00:00:00Z,2016-01-20T23:59:59Z,691180,691200,20,0.125,0.124879837,0.124999969,-0.003611895,19,20,19,20,-1e-06,3.542528,8.79389,-1.051089e-08,0.02834023,0.07035114,False,0.056298,True
2016-01-21,CE04OSBP-LJ01C-07-VEL3DC107,2,True,2016-01-21T00:00:00Z,2016-01-21T23:59:59Z,691200,691200,0,0.125,0.124879837,0.124999983,0.001536964,0,0,0,0,5e-06,1.552243,6.261714,3.663604e-08,0.01241794,0.05009372,False,0.044915,False
2016-01-22,CE04OSBP-LJ01C-07-VEL3DC107,2,True,2016-01-22T00:00:00Z,2016-01-22T23:59:59Z,691199,691200,1,0.125,0.124879837,0.124999982,-0.000173002,1,1,1,1,4e-06,3.239754,9.387923,3.099056e-08,0.02591804,0.0751034,False,0.050318,True
2016-01-23,CE04OSBP-LJ01C-07-VEL3DC107,2,True,2016-01-23T00:00:00Z,2016-01-23T23:59:59Z,691200,691200,0,0.125,0.124879837,0.124999987,-0.002775855,0,0,0,0,5e-06,2.791434,7.514756,3.791266e-08,0.02233147,0.06011805,False,0.043739,False
2016-01-24,CE04OSBP-LJ01C-07-VEL3DC107,2,True,2016-01-24T00:00:00Z,2016-01-24T23:59:59Z,691200,691200,0,0.125,0.124879837,0.124999985,-0.000452934,0,0,0,0,5e-06,1.691178,5.843147,3.710284e-08,0.01352943,0.04674518,False,0.049799,False
2016-01-25,CE04OSBP-LJ01C-07-VEL3DC107,2,True,2016-01-25T00:00:00Z,2016-01-25T23:59:59Z,691200,691200,0,0.125,0.124879837,0.124999975,0.000191727,0,0,0,0,5e-06,1.815439,5.514022,3.724872e-08,0.01452351,0.04411219,False,0.047993,False
2016-01-26,CE04OSBP-LJ01C-07-VEL3DC107,2,True,2016-01-26T00:00:00Z,2016-01-26T23:59:59Z,691200,691200,0,0.125,0.124879837,0.124999969,-0.003491058,0,0,63,63,-0.0,2.980068,11.324939,-8.984635e-10,0.02384055,0.09059953,False,0.055973,False
2016-01-27,CE04OSBP-LJ01C-07-VEL3DC107,2,True,2016-01-27T00:00:00Z,2016-01-27T23:59:59Z,691201,691201,0,0.125,0.124879837,0.124999977,-0.000931342,0,0,12,12,-0.0,2.045036,10.02653,-3.376842e-09,0.01636029,0.08021226,False,0.058536,False
2016-01-28,CE04OSBP-LJ01C-07-VEL3DC107,2,True,2016-01-28T00:00:00Z,2016-01-28T23:59:59Z,691200,691200,0,0.125,0.124879837,0.12499998,-0.000784238,0,0,0,0,5e-06,1.697029,6.777067,3.739685e-08,0.01357624,0.05421654,False,0.048405,False
2016-01-29,CE04OSBP-LJ01C-07-VEL3DC107,2,True,2016-01-29T00:00:00Z,2016-01-29T23:59:59Z,691200,691200,0,0.125,0.124879837,0.124999995,0.004872563,0,0,0,0,5e-06,2.564719,8.219455,3.772925e-08,0.02051775,0.06575564,False,0.057948,False
2016-01-30,CE04OSBP-LJ01C-07-VEL3DC107,2,True,2016-01-30T00:00:00Z,2016-01-30T20:08:02Z,579861,579861,0,0.125,0.124879837,0.124999989,-0.000950141,0,0,0,0,-2e-06,2.32276,8.592179,-1.800903e-08,0.01858208,0.06873744,False,0.048276,False
2016-01-31,CE04OSBP-LJ01C-07-VEL3DC107,2,True,2016-01-31T02:31:37Z,2016-01-31T23:59:59Z,618424,618424,0,0.125,0.124879837,0.124999988,0.00124277,0,0,0,0,1.3e-05,2.026364,7.100032,1.064596e-07,0.01621091,0.05680026,False,0.043915,False
2016-02-01,CE04OSBP-LJ01C-07-VEL3DC107,2,True,2016-02-01T00:00:00Z,2016-02-01T23:59:59Z,691074,691200,126,0.125,0.124879837,0.124999985,0.007404176,1,126,1,126,0.0,1.804518,7.848326,1.856605e-09,0.01443615,0.06278661,False,0.127175,True
2016-02-02,CE04OSBP-LJ01C-07-VEL3DC107,2,True,2016-02-02T00:00:00Z,2016-02-02T23:59:59Z,691200,691200,0,0.125,0.124879837,0.124999992,-0.004925498,0,0,0,0,5e-06,2.660941,8.141604,3.705519e-08,0.02128753,0.06513283,False,0.041571,False
2016-02-03,CE04OSBP-LJ01C-07-VEL3DC107,2,True,2016-02-03T00:00:00Z,2016-02-03T23:59:59Z,691200,691200,0,0.125,0.124879837,0.124999988,-0.005703849,0,0,0,0,5e-06,2.816527,9.075426,3.744122e-08,0.02253222,0.07260342,False,0.046092,False
2016-02-04,CE04OSBP-LJ01C-07-VEL3DC107,2,True,2016-02-04T00:00:00Z,2016-02-04T23:59:59Z,691200,691200,0,0.125,0.124879837,0.124999996,-0.004545462,0,0,0,0,4e-06,2.033436,7.801692,3.556478e-08,0.01626749,0.06241354,False,0.058116,False
2016-02-05,CE04OSBP-LJ01C-07-VEL3DC107,2,True,2016-02-05T00:00:00Z,2016-02-05T23:59:59Z,691200,691200,0,0.125,0.124879837,0.124999981,-0.000615829,0,0,0,0,5e-06,1.857985,7.305811,3.632558e-08,0.01486388,0.05844649,False,0.053247,False
2016-02-06,CE04OSBP-LJ01C-07-VEL3DC107,2,True,2016-02-06T00:00:00Z,2016-02-06T23:59:59Z,691201,691201,0,0.125,0.124879837,0.124999981,-0.000314345,0,0,59,59,-0.0,1.831604,6.842901,-3.238371e-09,0.01465283,0.05474321,False,0.044354,False
2016-02-07,CE04OSBP-LJ01C-07-VEL3DC107,2,True,2016-02-07T00:00:00Z,2016-02-07T23:59:59Z,691200,691200,0,0.125,0.124879837,0.124999981,-0.00014989,0,0,28,28,2e-06,1.544429,6.579771,1.528326e-08,0.01235543,0.05263817,False,0.04595,False
2016-02-08,CE04OSBP-LJ01C-07-VEL3DC107,2,True,2016-02-08T00:00:00Z,2016-02-08T23:59:59Z,691200,691200,0,0.125,0.124879837,0.124999984,-0.002097417,0,0,0,0,5e-06,1.577781,6.323381,3.660468e-08,0.01262225,0.05058705,False,0.047004,False
2016-02-09,CE04OSBP-LJ01C-07-VEL3DC107,2,True,2016-02-09T00:00:00Z,2016-02-09T23:59:59Z,691200,691200,0,0.125,0.124879837,0.124999981,-0.002039956,0,0,0,0,5e-06,1.753352,7.033404,3.712626e-08,0.01402682,0.05626724,False,0.048402,False
2016-02-10,CE04OSBP-LJ01C-07-VEL3DC107,2,True,2016-02-10T00:00:00Z,2016-02-10T23:59:59Z,691200,691200,0,0.125,0.124879837,0.124999981,-0.001648057,0,0,0,0,5e-06,1.815467,7.957492,3.652462e-08,0.01452374,0.06365994,False,0.049104,False
2016-02-11,CE04OSBP-LJ01C-07-VEL3DC107,2,True,2016-02-11T00:00:00Z,2016-02-11T23:59:59Z,691200,691200,0,0.125,0.124879837,0.124999979,0.001577651,0,0,0,0,5e-06,1.757939,6.6598,3.774592e-08,0.01406352,0.05327841,False,0.052571,False
2016-02-12,CE04OSBP-LJ01C-07-VEL3DC107,2,True,2016-02-12T00:00:00Z,2016-02-12T23:59:59Z,691200,691200,0,0.125,0.124879837,0.124999972,-0.000586242,0,0,0,0,5e-06,1.712071,7.3312,3.638095e-08,0.01369657,0.05864962,False,0.048455,False
2016-02-13,CE04OSBP-LJ01C-07-VEL3DC107,2,True,2016-02-13T00:00:00Z,2016-02-13T23:59:59Z,691200,691200,0,0.125,0.124879837,0.124999962,0.000830773,0,0,0,0,5e-06,2.030737,9.671808,3.682489e-08,0.0162459,0.07737449,False,0.090766,False
2016-02-14,CE04OSBP-LJ01C-07-VEL3DC107,2,True,2016-02-14T00:00:00Z,2016-02-14T23:59:59Z,691201,691201,0,0.125,0.124879837,0.124999953,0.002122073,0,0,8,8,-2e-06,1.742862,8.214043,-1.218294e-08,0.0139429,0.06571237,False,0.054301,False
2016-02-15,CE04OSBP-LJ01C-07-VEL3DC107,2,True,2016-02-15T00:00:00Z,2016-02-15T23:59:59Z,691074,691200,126,0.125,0.124879837,0.124999955,-0.001673343,1,126,1,126,-1.5e-05,2.37769,7.536429,-1.181178e-07,0.01902153,0.06029146,False,0.127022,True
2016-02-16,CE04OSBP-LJ01C-07-VEL3DC107,2,True,2016-02-16T00:00:00Z,2016-02-16T23:59:59Z,691200,691200,0,0.125,0.124879837,0.124999968,-4.3437e-05,0,0,0,0,5e-06,1.821728,7.453566,3.673702e-08,0.01457383,0.05962855,False,0.04296,False
2016-02-17,CE04OSBP-LJ01C-07-VEL3DC107,2,True,2016-02-17T00:00:00Z,2016-02-17T23:59:59Z,691200,691200,0,0.125,0.124879837,0.124999967,-0.003363581,0,0,0,0,5e-06,1.901327,7.232088,3.750095e-08,0.01521062,0.05785672,False,0.063606,False
2016-02-18,CE04OSBP-LJ01C-07-VEL3DC107,2,True,2016-02-18T00:00:00Z,2016-02-18T23:59:59Z,691201,691201,0,0.125,0.124879837,0.124999967,-0.001334968,0,0,51,51,-0.0,1.781019,6.74483,-7.455799e-10,0.01424815,0.05395865,False,0.051216,False
2016-02-19,CE04OSBP-LJ01C-07-VEL3DC107,2,True,2016-02-19T00:00:00Z,2016-02-19T23:59:59Z,691200,691200,0,0.125,0.124879837,0.124999955,-0.002230828,0,0,0,0,5e-06,1.944848,9.918799,3.759628e-08,0.01555879,0.07935042,False,0.059372,False
2016-02-20,CE04OSBP-LJ01C-07-VEL3DC107,2,True,2016-02-20T00:00:00Z,2016-02-20T23:59:59Z,691200,691200,0,0.125,0.124879837,0.124999963,0.00231354,0,0,0,0,5e-06,2.08895,8.258703,3.717391e-08,0.01671161,0.06606965,False,0.05206,False
2016-02-21,CE04OSBP-LJ01C-07-VEL3DC107,2,True,2016-02-21T00:00:00Z,2016-02-21T23:59:59Z,691200,691200,0,0.125,0.124879837,0.124999971,-0.003761354,0,0,0,0,5e-06,2.028854,8.305972,3.639598e-08,0.01623084,0.06644779,False,0.042059,False
2016-02-22,CE04OSBP-LJ01C-07-VEL3DC107,2,True,2016-02-22T00:00:00Z,2016-02-22T23:59:59Z,691200,691200,0,0.125,0.124879837,0.124999968,-0.000651227,0,0,0,0,5e-06,2.233741,8.052045,3.768679e-08,0.01786993,0.06441637,False,0.068139,False
2016-02-23,CE04OSBP-LJ01C-07-VEL3DC107,2,True,2016-02-23T00:00:00Z,2016-02-23T23:59:59Z,691201,691201,0,0.125,0.124879837,0.124999963,0.002936558,0,0,14,14,0.0,3.137538,9.91775,2.192453e-09,0.02510032,0.07934202,False,0.057264,False
2016-02-24,CE04OSBP-LJ01C-07-VEL3DC107,2,True,2016-02-24T00:00:00Z,2016-02-24T23:59:59Z,691200,691200,0,0.125,0.124879837,0.124999968,-0.000182605,0,0,0,0,5e-06,1.766848,8.078239,3.63014e-08,0.01413479,0.06462593,False,0.054137,False
2016-02-25,CE04OSBP-LJ01C-07-VEL3DC107,2,True,2016-02-25T00:00:00Z,2016-02-25T23:59:59Z,691200,691200,0,0.125,0.124879837,0.124999975,0.000934524,0,0,0,0,5e-06,1.74821,7.078254,3.861284e-08,0.01398568,0.05662604,False,0.049585,False
2016-02-26,CE04OSBP-LJ01C-07-VEL3DC107,2,True,2016-02-26T00:00:00Z,2016-02-26T23:59:59Z,691200,691200,0,0.125,0.124879837,0.12499997,-0.000562863,0,0,0,0,5e-06,1.780009,6.610951,3.762771e-08,0.01424007,0.05288762,False,0.05676,False
2016-02-27,CE04OSBP-LJ01C-07-VEL3DC107,2,True,2016-02-27T00:00:00Z,2016-02-27T23:59:59Z,691083,691200,117,0.125,0.124879837,0.124999978,0.003093365,2,117,2,118,1e-06,2.619269,61.632913,4.538359e-09,0.02095416,0.4930634,True,0.472725,True
2016-02-28,CE04OSBP-LJ01C-07-VEL3DC107,2,True,2016-02-28T00:00:00Z,2016-02-28T23:59:59Z,691200,691200,0,0.125,0.124879837,0.124999977,0.005115836,0,0,0,0,5e-06,2.055787,7.862155,3.724357e-08,0.0164463,0.06289725,False,0.04272,False
2016-02-29,CE04OSBP-LJ01C-07-VEL3DC107,2,True,2016-02-29T00:00:00Z,2016-02-29T23:59:59Z,691201,691201,0,0.125,0.124879837,0.124999967,0.003235142,0,0,10,10,-3e-06,2.257942,7.434829,-2.294331e-08,0.01806354,0.05947865,False,0.048619,False
2016-03-01,CE04OSBP-LJ01C-07-VEL3DC107,2,True,2016-03-01T00:00:00Z,2016-03-01T23:59:59Z,690379,691201,822,0.125,0.124879837,0.124999789,0.035924762,1,822,1,822,-3e-06,35.746002,67.453337,-2.419984e-08,0.2859685,0.5396276,True,0.206612,True
2016-03-02,CE04OSBP-LJ01C-07-VEL3DC107,2,True,2016-03-02T00:00:00Z,2016-03-02T23:59:59Z,691200,691200,0,0.125,0.124879837,0.124999972,0.00023007,0,0,0,0,5e-06,2.150604,7.970519,3.677571e-08,0.01720483,0.06376417,False,0.062969,False
2016-03-03,CE04OSBP-LJ01C-07-VEL3DC107,2,True,2016-03-03T00:00:00Z,2016-03-03T23:59:59Z,691200,691200,0,0.125,0.124879837,0.12499997,0.00102842,0,0,0,0,5e-06,1.681346,6.325952,3.866288e-08,0.01345077,0.05060763,False,0.048111,False
2016-03-04,CE04OSBP-LJ01C-07-VEL3DC107,2,True,2016-03-04T00:00:00Z,2016-03-04T23:59:59Z,691200,691200,0,0.125,0.124879837,0.124999978,-0.004751042,0,0,0,0,5e-06,1.969911,7.78265,3.761821e-08,0.01575929,0.06226121,False,0.058242,False
2016-03-05,CE04OSBP-LJ01C-07-VEL3DC107,2,True,2016-03-05T00:00:00Z,2016-03-05T23:59:59Z,691200,691200,0,0.125,0.124879837,0.124999967,-0.002449032,0,0,0,0,5e-06,1.878938,6.876416,3.661549e-08,0.01503151,0.05501134,False,0.048104,False
2016-03-06,CE04OSBP-LJ01C-07-VEL3DC107,2,True,2016-03-06T00:00:00Z,2016-03-06T23:59:59Z,691201,691201,0,0.125,0.124879837,0.12499996,-0.000954548,0,0,33,33,0.0,1.92956,5.806025,2.844314e-09,0.01543649,0.04644822,False,0.048612,False
2016-03-07,CE04OSBP-LJ01C-07-VEL3DC107,2,True,2016-03-07T00:00:00Z,2016-03-07T23:59:59Z,691200,691200,0,0.125,0.124879837,0.124999974,-0.000339078,0,0,0,0,5e-06,1.829045,6.300245,3.744774e-08,0.01463237,0.05040197,False,0.054469,False
2016-03-08,CE04OSBP-LJ01C-07-VEL3DC107,2,True,2016-03-08T00:00:00Z,2016-03-08T23:59:59Z,690584,691201,617,0.125,0.124879837,0.124999863,0.01993012,2,617,2,617,2e-06,33.188464,90.029551,1.286037e-08,0.265508,0.7202372,True,0.428604,True
2016-03-09,CE04OSBP-LJ01C-07-VEL3DC107,2,True,2016-03-09T00:00:00Z,2016-03-09T23:59:59Z,691200,691200,0,0.125,0.124879837,0.124999966,0.00182684,0,0,0,0,4e-06,1.88625,8.519885,3.593721e-08,0.01509,0.0681591,False,0.072885,False
2016-03-10,CE04OSBP-LJ01C-07-VEL3DC107,2,True,2016-03-10T00:00:00Z,2016-03-10T23:06:41Z,665609,665609,0,0.125,0.124879837,0.124999963,-0.002641606,0,0,0,0,4e-06,1.688141,6.96343,3.493764e-08,0.01350513,0.05570746,False,0.043487,False
2016-03-11,CE04OSBP-LJ01C-07-VEL3DC107,2,True,2016-03-11T07:33:53Z,2016-03-11T23:59:59Z,473331,473331,0,0.125,0.124879837,0.124999976,-0.001028681,0,0,15,15,1e-06,1.656351,7.165859,7.944856e-09,0.01325081,0.05732689,False,0.048787,False
2016-03-12,CE04OSBP-LJ01C-07-VEL3DC107,2,True,2016-03-12T00:00:00Z,2016-03-12T23:59:59Z,691200,691200,0,0.125,0.124879837,0.124999996,-0.003502132,0,0,0,0,5e-06,2.240893,8.572572,3.807814e-08,0.01792715,0.06858057,False,0.064515,False
2016-03-13,CE04OSBP-LJ01C-07-VEL3DC107,2,True,2016-03-13T00:00:00Z,2016-03-13T23:59:59Z,691200,691200,0,0.125,0.124879837,0.124999981,0.00136104,0,0,0,0,5e-06,2.447872,6.408493,3.715737e-08,0.01958298,0.05126795,False,0.047993,False
2016-03-14,CE04OSBP-LJ01C-07-VEL3DC107,2,True,2016-03-14T00:00:00Z,2016-03-14T23:59:59Z,691200,691200,0,0.125,0.124879837,0.124999971,-0.00159956,0,0,0,0,5e-06,2.258734,7.111542,3.860317e-08,0.01806988,0.05689235,False,0.037703,False
2016-03-15,CE04OSBP-LJ01C-07-VEL3DC107,2,True,2016-03-15T00:00:00Z,2016-03-15T23:59:59Z,691200,691200,0,0.125,0.124879837,0.12499999,-0.002150448,0,0,0,0,5e-06,1.75216,4.992583,3.635687e-08,0.01401728,0.03994067,False,0.026435,False
2016-03-16,CE04OSBP-LJ01C-07-VEL3DC107,2,True,2016-03-16T00:00:00Z,2016-03-16T23:59:59Z,687241,691204,3963,0.125,0.124879837,0.124999014,0.004012927,1,3963,1,3963,0.0,134.286161,277.382852,3.056128e-09,1.074298,2.21908,True,0.189368,True
2016-03-17,CE04OSBP-LJ01C-07-VEL3DC107,2,True,2016-03-17T00:00:00Z,2016-03-17T23:59:59Z,690363,691201,838,0.125,0.124879837,0.124999706,0.034454799,1,838,1,838,0.0,31.37534,65.545778,1.731782e-09,0.2510033,0.5243675,True,0.206471,True
2016-03-18,CE04OSBP-LJ01C-07-VEL3DC107,2,True,2016-03-18T00:00:00Z,2016-03-18T23:59:59Z,691200,691200,0,0.125,0.124879837,0.124999992,-6.9752e-05,0,0,0,0,5e-06,1.757491,7.108423,3.618795e-08,0.01405993,0.05686739,False,0.042624,False
2016-03-19,CE04OSBP-LJ01C-07-VEL3DC107,2,True,2016-03-19T00:00:00Z,2016-03-19T23:59:59Z,691200,691200,0,0.125,0.124879837,0.124999995,-0.000955539,0,0,0,0,5e-06,2.047441,6.05743,3.653891e-08,0.01637953,0.04845944,False,0.05104,False
2016-03-20,CE04OSBP-LJ01C-07-VEL3DC107,2,True,2016-03-20T00:00:00Z,2016-03-20T23:59:59Z,691200,691200,0,0.125,0.124879837,0.124999984,0.002146508,0,0,0,0,4e-06,1.591812,5.149368,3.57728e-08,0.0127345,0.04119495,False,0.028997,False
2016-03-21,CE04OSBP-LJ01C-07-VEL3DC107,2,True,2016-03-21T00:00:00Z,2016-03-21T23:59:59Z,691200,691200,0,0.125,0.124879837,0.124999978,-0.001073995,0,0,11,11,-3e-06,1.437058,6.845133,-2.337541e-08,0.01149646,0.05476107,False,0.048333,False
2016-03-22,CE04OSBP-LJ01C-07-VEL3DC107,2,True,2016-03-22T00:00:00Z,2016-03-22T23:59:59Z,691201,691201,0,0.125,0.124879837,0.124999982,-0.000622768,0,0,18,18,-1e-06,2.242385,9.672123,-6.552269e-09,0.01793909,0.077377,False,0.062789,False
2016-03-23,CE04OSBP-LJ01C-07-VEL3DC107,2,True,2016-03-23T00:00:00Z,2016-03-23T23:59:59Z,691200,691200,0,0.125,0.124879837,0.124999964,-0.000221195,0,0,0,0,5e-06,1.961094,12.289405,3.65353e-08,0.01568875,0.09831527,False,0.090213,False
2016-03-24,CE04OSBP-LJ01C-07-VEL3DC107,2,True,2016-03-24T00:00:00Z,2016-03-24T23:59:59Z,691200,691200,0,0.125,0.124879837,0.124999979,0.001537729,0,0,0,0,5e-06,1.647615,6.574818,3.805517e-08,0.01318092,0.05259855,False,0.050513,False
2016-03-25,CE04OSBP-LJ01C-07-VEL3DC107,2,True,2016-03-25T00:00:00Z,2016-03-25T23:59:59Z,691200,691200,0,0.125,0.124879837,0.124999972,-0.004237608,0,0,0,0,5e-06,1.840071,6.359659,3.631551e-08,0.01472057,0.05087728,False,0.035938,False
2016-03-26,CE04OSBP-LJ01C-07-VEL3DC107,2,True,2016-03-26T00:00:00Z,2016-03-26T23:59:59Z,691200,691200,0,0.125,0.124879837,0.124999983,0.00208685,0,0,0,0,5e-06,2.232831,8.085022,3.608386e-08,0.01786265,0.06468019,False,0.047817,False
2016-03-27,CE04OSBP-LJ01C-07-VEL3DC107,2,True,2016-03-27T00:00:00Z,2016-03-27T23:59:59Z,691200,691200,0,0.125,0.124879837,0.124999993,-0.003948553,0,0,0,0,5e-06,2.861675,15.0678,3.681196e-08,0.02289341,0.1205424,False,0.093844,False
2016-03-28,CE04OSBP-LJ01C-07-VEL3DC107,2,True,2016-03-28T00:00:00Z,2016-03-28T23:59:59Z,691200,691200,0,0.125,0.124879837,0.124999997,0.001974466,0,0,0,0,5e-06,2.655612,8.024191,3.83509e-08,0.0212449,0.06419353,False,0.049585,False
2016-03-29,CE04OSBP-LJ01C-07-VEL3DC107,2,True,2016-03-29T00:00:00Z,2016-03-29T23:59:59Z,691200,691200,0,0.125,0.124879837,0.125000006,-0.004776699,0,0,0,0,5e-06,1.942731,6.549158,3.706549e-08,0.01554184,0.05239326,False,0.059066,False
2016-03-30,CE04OSBP-LJ01C-07-VEL3DC107,2,True,2016-03-30T00:00:00Z,2016-03-30T23:59:59Z,691200,691200,0,0.125,0.124879837,0.124999964,0.000288916,0,0,21,21,4e-06,3.327321,8.946336,3.2243e-08,0.02661857,0.07157071,False,0.04784,False
2016-03-31,CE04OSBP-LJ01C-07-VEL3DC107,2,True,2016-03-31T00:00:00Z,2016-03-31T23:59:59Z,691117,691201,84,0.125,0.124879837,0.124999937,0.000413527,9,84,9,92,1e-06,2.852516,9.420684,6.524783e-09,0.02282014,0.07536551,False,0.095486,True
2016-04-01,CE04OSBP-LJ01C-07-VEL3DC107,2,True,2016-04-01T00:00:00Z,2016-04-01T23:59:59Z,690379,691201,822,0.125,0.124879837,0.124999663,0.032801735,1,822,1,822,1e-06,30.416406,67.243854,7.527707e-09,0.2433319,0.5379523,True,0.189002,True
2016-04-02,CE04OSBP-LJ01C-07-VEL3DC107,2,True,2016-04-02T00:00:00Z,2016-04-02T23:59:59Z,690380,691202,822,0.125,0.124879837,0.12499978,0.029810834,11,822,11,832,1e-06,35.383844,73.344584,5.225004e-09,0.2830712,0.5867577,True,0.206696,True
2016-04-03,CE04OSBP-LJ01C-07-VEL3DC107,2,True,2016-04-03T00:00:00Z,2016-04-03T23:59:59Z,691200,691200,0,0.125,0.124879837,0.124999969,-0.006351406,0,0,0,0,5e-06,2.533906,9.181094,3.696861e-08,0.02027125,0.07344877,False,0.0476,False
2016-04-04,CE04OSBP-LJ01C-07-VEL3DC107,2,True,2016-04-04T00:00:00Z,2016-04-04T23:59:59Z,691200,691200,0,0.125,0.124879837,0.124999997,0.003247416,0,0,0,0,5e-06,2.579931,8.603129,3.673398e-08,0.02063945,0.06882504,False,0.050674,False
2016-04-05,CE04OSBP-LJ01C-07-VEL3DC107,2,True,2016-04-05T00:00:00Z,2016-04-05T23:59:59Z,691200,691200,0,0.125,0.124879837,0.125000008,-0.001582868,0,0,0,0,5e-06,2.198737,6.802786,3.795359e-08,0.0175899,0.05442229,False,0.064252,False
2016-04-06,CE04OSBP-LJ01C-07-VEL3DC107,2,True,2016-04-06T00:00:00Z,2016-04-06T23:59:59Z,691200,691200,0,0.125,0.124879837,0.125000003,0.000577214,0,0,0,0,5e-06,2.151663,6.20084,3.773403e-08,0.01721331,0.04960672,False,0.041017,False
2016-04-07,CE04OSBP-LJ01C-07-VEL3DC107,2,True,2016-04-07T00:00:00Z,2016-04-07T23:59:59Z,691200,691200,0,0.125,0.124879837,0.12499999,0.001808528,0,0,0,0,5e-06,2.518412,8.862947,3.623195e-08,0.0201473,0.07090358,False,0.052025,False
2016-04-08,CE04OSBP-LJ01C-07-VEL3DC107,2,True,2016-04-08T00:00:00Z,2016-04-08T23:59:59Z,689222,691202,1980,0.125,0.124879837,0.124999541,0.07340489,3,1980,3,1980,-6e-06,66.18823,128.531929,-4.491655e-08,0.5295078,1.028259,True,0.302453,True
2016-04-09,CE04OSBP-LJ01C-07-VEL3DC107,2,True,2016-04-09T00:00:00Z,2016-04-09T23:59:59Z,691200,691200,0,0.125,0.124879837,0.124999996,-0.008957859,0,0,0,0,5e-06,2.932942,9.548509,3.675229e-08,0.02346353,0.07638808,False,0.07862,False
2016-04-10,CE04OSBP-LJ01C-07-VEL3DC107,2,True,2016-04-10T00:00:00Z,2016-04-10T23:59:59Z,691200,691200,0,0.125,0.124879837,0.124999999,-0.000278278,0,0,0,0,5e-06,2.939739,10.276809,3.672702e-08,0.02351791,0.08221447,False,0.05406,False
2016-04-11,CE04OSBP-LJ01C-07-VEL3DC107,2,True,2016-04-11T00:00:00Z,2016-04-11T23:59:59Z,691200,691200,0,0.125,0.124879837,0.124999977,-0.004480464,0,0,92,92,0.0,3.022841,10.047008,3.684115e-09,0.02418274,0.08037608,False,0.054576,False
2016-04-12,CE04OSBP-LJ01C-07-VEL3DC107,2,True,2016-04-12T00:00:00Z,2016-04-12T23:59:59Z,691200,691200,0,0.125,0.124879837,0.125000013,-0.003501768,0,0,65,65,1e-06,2.154752,9.522083,6.707529e-09,0.01723801,0.07617666,False,0.06114,False
2016-04-13,CE04OSBP-LJ01C-07-VEL3DC107,2,True,2016-04-13T00:00:00Z,2016-04-13T23:59:59Z,691200,691200,0,0.125,0.124879837,0.125000012,-0.001202953,0,0,0,0,5e-06,2.140907,8.207665,3.630181e-08,0.01712726,0.06566131,False,0.064725,False
2016-04-14,CE04OSBP-LJ01C-07-VEL3DC107,2,True,2016-04-14T00:00:00Z,2016-04-14T23:59:59Z,690398,691200,802,0.125,0.124879837,0.125000009,-0.000878366,2,802,2,802,0.0,2.801967,10.093982,2.086014e-09,0.02241573,0.08075185,False,0.444748,True
2016-04-15,CE04OSBP-LJ01C-07-VEL3DC107,2,True,2016-04-15T00:00:00Z,2016-04-15T23:59:59Z,691200,691200,0,0.125,0.124879837,0.125000006,0.004761792,0,0,0,0,5e-06,2.632822,10.379093,3.778308e-08,0.02106258,0.08303274,False,0.064607,False
2016-04-16,CE04OSBP-LJ01C-07-VEL3DC107,2,True,2016-04-16T00:00:00Z,2016-04-16T23:59:59Z,691200,691200,0,0.125,0.124879837,0.12500001,-0.001521916,0,0,0,0,5e-06,2.387163,11.945378,3.832328e-08,0.0190973,0.09556302,False,0.094806,False
2016-04-17,CE04OSBP-LJ01C-07-VEL3DC107,2,True,2016-04-17T00:00:00Z,2016-04-17T23:59:59Z,691200,691200,0,0.125,0.124879837,0.124999999,0.00186306,0,0,0,0,5e-06,2.274645,8.053593,3.740416e-08,0.01819716,0.06442875,False,0.065909,False
2016-04-18,CE04OSBP-LJ01C-07-VEL3DC107,2,True,2016-04-18T00:00:00Z,2016-04-18T23:59:59Z,691200,691200,0,0.125,0.124879837,0.125000005,-0.001056387,0,0,0,0,5e-06,2.441989,8.92042,3.720745e-08,0.01953591,0.07136336,False,0.054507,False
2016-04-19,CE04OSBP-LJ01C-07-VEL3DC107,2,True,2016-04-19T00:00:00Z,2016-04-19T23:59:59Z,691200,691200,0,0.125,0.124879837,0.125000003,1.6047e-05,0,0,0,0,5e-06,1.76479,7.111705,3.745335e-08,0.01411832,0.05689364,False,0.048321,False
2016-04-20,CE04OSBP-LJ01C-07-VEL3DC107,2,True,2016-04-20T00:00:00Z,2016-04-20T23:59:59Z,691130,691200,70,0.125,0.124879837,0.125000003,-0.004076413,1,70,1,70,1e-06,2.217868,7.69696,4.212174e-09,0.01774295,0.06157568,False,0.089651,True
2016-04-21,CE04OSBP-LJ01C-07-VEL3DC107,2,True,2016-04-21T00:00:00Z,2016-04-21T22:50:28Z,657832,657832,0,0.125,0.124879837,0.125,-0.00014767,0,0,0,0,2e-06,2.021696,8.131491,1.757281e-08,0.01617357,0.06505193,False,0.056046,False
2016-04-22,CE04OSBP-LJ01C-07-VEL3DC107,2,True,2016-04-22T14:44:53Z,2016-04-22T23:59:59Z,266453,266453,0,0.125,0.124879837,0.125000019,-0.001428736,0,0,0,0,-1e-06,1.52801,6.063262,-7.839711e-09,0.01222408,0.04850609,False,0.040616,False
2016-04-23,CE04OSBP-LJ01C-07-VEL3DC107,2,True,2016-04-23T00:00:00Z,2016-04-23T23:59:59Z,691200,691200,0,0.125,0.124879837,0.125000008,-0.003687283,0,0,0,0,4e-06,1.907296,11.405221,3.521568e-08,0.01525837,0.09124176,False,0.072377,False
2016-04-24,CE04OSBP-LJ01C-07-VEL3DC107,2,True,2016-04-24T00:00:00Z,2016-04-24T23:59:59Z,691200,691200,0,0.125,0.124879837,0.124999999,0.000367483,0,0,0,0,5e-06,1.727335,7.587645,3.756982e-08,0.01381868,0.06070116,False,0.053453,False
2016-04-25,CE04OSBP-LJ01C-07-VEL3DC107,2,True,2016-04-25T00:00:00Z,2016-04-25T23:59:59Z,691143,691200,57,0.125,0.124879837,0.125,-0.000619923,2,57,2,57,0.0,1.912473,7.560745,3.817496e-09,0.01529978,0.06048596,False,0.063721,True
2016-04-26,CE04OSBP-LJ01C-07-VEL3DC107,2,True,2016-04-26T00:00:00Z,2016-04-26T23:59:59Z,691200,691200,0,0.125,0.124879837,0.124999997,-0.000486384,0,0,0,0,5e-06,1.931075,7.893814,3.819876e-08,0.0154486,0.06315052,False,0.043995,False
2016-04-27,CE04OSBP-LJ01C-07-VEL3DC107,2,True,2016-04-27T00:00:00Z,2016-04-27T23:59:59Z,691200,691200,0,0.125,0.124879837,0.124999995,-0.002954494,0,0,0,0,5e-06,1.975536,8.018368,3.87354e-08,0.01580429,0.06414695,False,0.059525,False
2016-04-28,CE04OSBP-LJ01C-07-VEL3DC107,2,True,2016-04-28T00:00:00Z,2016-04-28T23:59:59Z,691200,691200,0,0.125,0.124879837,0.124999984,0.002934763,0,0,0,0,5e-06,2.992215,12.035335,3.651692e-08,0.02393772,0.09628269,False,0.060395,False
2016-04-29,CE04OSBP-LJ01C-07-VEL3DC107,2,True,2016-04-29T00:00:00Z,2016-04-29T23:59:59Z,691200,691200,0,0.125,0.124879837,0.124999978,-0.001965168,0,0,0,0,5e-06,4.090206,12.235419,3.726108e-08,0.03272165,0.09788337,False,0.051987,False
2016-04-30,CE04OSBP-LJ01C-07-VEL3DC107,2,True,2016-04-30T00:00:00Z,2016-04-30T23:59:59Z,691201,691201,0,0.125,0.124879837,0.124999925,-0.002965256,0,0,15,15,-1e-06,1.787452,8.583776,-8.207591e-09,0.01429962,0.06867025,False,0.054519,False
2016-05-01,CE04OSBP-LJ01C-07-VEL3DC107,2,True,2016-05-01T00:00:00Z,2016-05-01T23:59:59Z,691200,691200,0,0.125,0.124879837,0.124999925,-0.001260052,0,0,0,0,5e-06,1.686993,7.423525,3.729236e-08,0.01349595,0.05938823,False,0.048665,False
2016-05-02,CE04OSBP-LJ01C-07-VEL3DC107,2,True,2016-05-02T00:00:00Z,2016-05-02T23:59:59Z,691201,691201,0,0.125,0.124879837,0.124999931,-0.000955696,0,0,23,23,-1e-06,2.634878,10.072578,-4.775148e-09,0.02107904,0.08058067,False,0.048375,False
2016-05-03,CE04OSBP-LJ01C-07-VEL3DC107,2,True,2016-05-03T00:00:00Z,2016-05-03T23:59:59Z,691200,691200,0,0.125,0.124879837,0.124999927,-0.002108179,0,0,0,0,5e-06,3.236948,11.359168,3.739732e-08,0.0258956,0.0908734,False,0.05298,False
2016-05-04,CE04OSBP-LJ01C-07-VEL3DC107,2,True,2016-05-04T00:00:00Z,2016-05-04T23:59:59Z,691200,691200,0,0.125,0.124879837,0.124999973,0.003019752,0,0,0,0,5e-06,3.04802,10.373043,3.775002e-08,0.02438416,0.08298436,False,0.051369,False
2016-05-05,CE04OSBP-LJ01C-07-VEL3DC107,2,True,2016-05-05T00:00:00Z,2016-05-05T23:59:59Z,685130,691206,6076,0.125,0.124879837,0.124998653,0.244381062,1,6076,1,6076,3e-06,210.017562,409.904434,2.325942e-08,1.680159,3.279271,True,0.187264,True
2016-05-06,CE04OSBP-LJ01C-07-VEL3DC107,2,True,2016-05-06T00:00:00Z,2016-05-06T23:59:59Z,666693,691225,24532,0.125,0.124879837,0.124999508,0.10575466,14,24532,14,24539,-1e-06,306.019104,2797.745289,-6.870224e-09,2.448162,22.38205,True,0.434255,True
2016-05-07,CE04OSBP-LJ01C-07-VEL3DC107,2,True,2016-05-07T00:00:00Z,2016-05-07T23:59:59Z,427769,691453,263684,0.125,0.124879837,0.124946572,-1.447243636,82,263684,82,263684,-0.0,3724.902677,7379.88308,-1.904612e-09,29.81196,59.06431,True,0.498728,True
2016-05-08,CE04OSBP-LJ01C-07-VEL3DC107,2,True,2016-05-08T00:00:00Z,2016-05-08T23:59:59Z,691200,691200,0,0.125,0.124879837,0.125,-7.9947e-05,0,0,71,71,1e-06,1.781319,5.486268,4.417907e-09,0.01425055,0.04389014,False,0.049039,False
2016-05-09,CE04OSBP-LJ01C-07-VEL3DC107,2,True,2016-05-09T00:00:00Z,2016-05-09T23:59:59Z,691120,691200,80,0.125,0.124879837,0.125,-0.000414035,104,80,104,183,1e-06,1.845725,5.612974,8.174086e-09,0.0147658,0.04490379,False,0.063263,True
2016-05-10,CE04OSBP-LJ01C-07-VEL3DC107,2,True,2016-05-10T00:00:00Z,2016-05-10T23:59:59Z,691200,691200,0,0.125,0.124879837,0.124999997,0.000321231,0,0,66,66,0.0,1.593727,6.910822,1.062777e-09,0.01274982,0.05528658,False,0.049547,False
2016-05-11,CE04OSBP-LJ01C-07-VEL3DC107,2,True,2016-05-11T00:00:00Z,2016-05-11T23:59:59Z,688064,691202,3138,0.125,0.124879837,0.124999492,0.017710493,33,3138,33,3160,1e-06,61.459966,131.305656,4.176627e-09,0.4916817,1.05045,True,0.381023,True
2016-05-12,CE04OSBP-LJ01C-07-VEL3DC107,2,True,2016-05-12T00:00:00Z,2016-05-12T23:59:59Z,688827,691202,2375,0.125,0.124879837,0.124999457,0.034575982,4,2375,4,2375,-0.0,64.114986,135.067727,-6.718064e-10,0.5129221,1.080547,True,0.191197,True
2016-05-13,CE04OSBP-LJ01C-07-VEL3DC107,2,True,2016-05-13T00:00:00Z,2016-05-13T23:59:59Z,690636,691200,564,0.125,0.124879837,0.124999972,6.378e-05,5,564,5,564,4e-06,2.243558,6.701393,3.111305e-08,0.01794847,0.05361116,False,0.158775,True
2016-05-14,CE04OSBP-LJ01C-07-VEL3DC107,2,True,2016-05-14T00:00:00Z,2016-05-14T23:59:59Z,690597,691201,604,0.125,0.124879837,0.124999721,0.001463967,2,604,2,604,-0.0,34.885005,67.153466,-3.198902e-09,0.2790807,0.5372289,True,0.457208,True
2016-05-15,CE04OSBP-LJ01C-07-VEL3DC107,2,True,2016-05-15T00:00:00Z,2016-05-15T23:59:59Z,691160,691200,40,0.125,0.124879837,0.124999963,0.000159795,1,40,1,40,6e-06,1.84622,7.480733,5.119174e-08,0.01476977,0.05984588,False,0.039608,True
2016-05-16,CE04OSBP-LJ01C-07-VEL3DC107,2,True,2016-05-16T00:00:00Z,2016-05-16T23:59:59Z,690315,691201,886,0.125,0.124879837,0.124999842,0.028989566,4,886,4,886,-0.0,35.39004,72.152161,-3.945782e-09,0.2831207,0.577218,True,0.397179,True
2016-05-17,CE04OSBP-LJ01C-07-VEL3DC107,2,True,2016-05-17T00:00:00Z,2016-05-17T23:59:59Z,649498,691240,41742,0.125,0.124879837,0.124990034,1.644652163,6,41742,6,41742,1e-06,1237.94729,2583.450617,1.101328e-08,9.904368,20.66925,True,0.248977,True
2016-05-18,CE04OSBP-LJ01C-07-VEL3DC107,2,True,2016-05-18T00:00:00Z,2016-05-18T23:59:59Z,686377,691206,4829,0.125,0.124879837,0.124998661,0.09494572,31,4829,31,4858,0.0,158.667107,334.438631,3.99214e-09,1.26935,2.675538,True,0.393632,True
2016-05-19,CE04OSBP-LJ01C-07-VEL3DC107,2,True,2016-05-19T00:00:00Z,2016-05-19T23:59:59Z,674142,691216,17074,0.125,0.124879837,0.124999537,-1.786091436,4,17074,4,17074,-1e-06,303.635544,1795.418788,-9.071594e-09,2.429093,14.3634,True,0.260913,True
2016-05-20,CE04OSBP-LJ01C-07-VEL3DC107,2,True,2016-05-20T00:00:00Z,2016-05-20T23:59:59Z,683485,691204,7719,0.125,0.124879837,0.124999348,0.04962291,82,7719,82,7776,1e-06,88.755845,251.041741,7.459067e-09,0.7100505,2.008344,True,0.420773,True
2016-05-21,CE04OSBP-LJ01C-07-VEL3DC107,2,True,2016-05-21T00:00:00Z,2016-05-21T23:59:59Z,687161,691204,4043,0.125,0.124879837,0.124999768,-0.27789385,45,4043,45,4075,0.0,82.144303,287.190103,5.707173e-10,0.6571556,2.297525,True,0.182648,True
2016-05-22,CE04OSBP-LJ01C-07-VEL3DC107,2,True,2016-05-22T00:00:00Z,2016-05-22T23:59:59Z,690919,691200,281,0.125,0.124879837,0.124999991,0.005751091,7,281,7,281,0.0,2.262875,5.965138,1.825022e-09,0.018103,0.04772111,False,0.06177,True
2016-05-23,CE04OSBP-LJ01C-07-VEL3DC107,2,True,2016-05-23T00:00:00Z,2016-05-23T23:59:59Z,690959,691200,241,0.125,0.124879837,0.124999967,3.7901e-05,6,241,6,241,0.0,2.721893,9.737346,2.12301e-09,0.02177515,0.07789879,False,0.058849,True
2016-05-24,CE04OSBP-LJ01C-07-VEL3DC107,2,True,2016-05-24T00:00:00Z,2016-05-24T23:59:59Z,691200,691200,0,0.125,0.124879837,0.125000004,-0.001015552,0,0,0,0,5e-06,2.032865,6.525982,3.698104e-08,0.01626292,0.05220785,False,0.050196,False
2016-05-25,CE04OSBP-LJ01C-07-VEL3DC107,2,True,2016-05-25T00:00:00Z,2016-05-25T23:59:59Z,691200,691200,0,0.125,0.124879837,0.125000009,-0.003827164,0,0,0,0,5e-06,1.923604,6.563363,3.611017e-08,0.01538883,0.0525069,False,0.049562,False
2016-05-26,CE04OSBP-LJ01C-07-VEL3DC107,2,True,2016-05-26T00:00:00Z,2016-05-26T23:59:59Z,691200,691200,0,0.125,0.124879837,0.125000005,-0.002546108,0,0,0,0,5e-06,2.17515,7.739861,3.78614e-08,0.0174012,0.06191888,False,0.044476,False
2016-05-27,CE04OSBP-LJ01C-07-VEL3DC107,2,True,2016-05-27T00:00:00Z,2016-05-27T23:59:59Z,690878,691200,322,0.125,0.124879837,0.124999985,-0.003217745,6,322,6,322,1e-06,2.227273,7.798658,4.341631e-09,0.01781819,0.06238927,False,0.093516,True
2016-05-28,CE04OSBP-LJ01C-07-VEL3DC107,2,True,2016-05-28T00:00:00Z,2016-05-28T23:59:59Z,691199,691200,1,0.125,0.124879837,0.125000004,0.000925062,1,1,1,1,2e-06,2.25436,7.572184,1.676649e-08,0.01803488,0.06057747,False,0.04973,True
2016-05-29,CE04OSBP-LJ01C-07-VEL3DC107,2,True,2016-05-29T00:00:00Z,2016-05-29T23:59:59Z,691160,691200,40,0.125,0.124879837,0.124999998,0.000795919,1,40,1,40,0.0,1.803743,7.864311,2.349679e-09,0.01442994,0.06291449,False,0.048929,True
2016-05-30,CE04OSBP-LJ01C-07-VEL3DC107,2,True,2016-05-30T00:00:00Z,2016-05-30T23:59:59Z,691200,691200,0,0.125,0.124879837,0.125000007,0.002303276,0,0,0,0,5e-06,1.438556,5.161166,3.8586e-08,0.01150845,0.04128933,False,0.028687,False
2016-05-31,CE04OSBP-LJ01C-07-VEL3DC107,2,True,2016-05-31T00:00:00Z,2016-05-31T23:59:59Z,691119,691200,81,0.125,0.124879837,0.125000001,0.000420898,2,81,2,81,4e-06,2.108864,10.957676,2.822835e-08,0.01687091,0.08766141,False,0.067073,True
2016-06-01,CE04OSBP-LJ01C-07-VEL3DC107,2,True,2016-06-01T00:00:00Z,2016-06-01T23:59:59Z,691200,691200,0,0.125,0.124879837,0.124999945,-0.002061454,0,0,0,0,5e-06,3.257176,9.799014,3.728587e-08,0.02605742,0.07839215,False,0.048295,False
2016-06-02,CE04OSBP-LJ01C-07-VEL3DC107,2,True,2016-06-02T00:00:00Z,2016-06-02T23:59:59Z,690878,691200,322,0.125,0.124879837,0.124999995,0.002112616,1,322,1,322,1e-05,3.498023,9.557799,7.914722e-08,0.02798419,0.0764624,False,0.310777,True
2016-06-03,CE04OSBP-LJ01C-07-VEL3DC107,2,True,2016-06-03T00:00:00Z,2016-06-03T23:59:59Z,691160,691200,40,0.125,0.124879837,0.124999999,-0.000453842,1,40,1,40,1e-06,2.058457,8.105925,1.150543e-08,0.01646765,0.0648474,False,0.05406,True
2016-06-04,CE04OSBP-LJ01C-07-VEL3DC107,2,True,2016-06-04T00:00:00Z,2016-06-04T23:59:59Z,691120,691200,80,0.125,0.124879837,0.125000007,0.001799039,2,80,2,80,-1e-06,1.661083,7.434571,-4.662875e-09,0.01328866,0.05947657,False,0.058814,True
2016-06-05,CE04OSBP-LJ01C-07-VEL3DC107,2,True,2016-06-05T00:00:00Z,2016-06-05T23:59:59Z,687339,691204,3865,0.125,0.124879837,0.124999064,-0.016843727,6,3865,6,3865,0.0,132.390641,271.064551,6.964382e-10,1.059133,2.168533,True,0.350389,True
2016-06-06,CE04OSBP-LJ01C-07-VEL3DC107,2,True,2016-06-06T00:00:00Z,2016-06-06T23:59:59Z,691120,691200,80,0.125,0.124879837,0.125,-0.002037842,2,80,2,80,-1e-06,2.669131,7.791679,-4.810389e-09,0.02135305,0.06233343,False,0.067994,True
2016-06-07,CE04OSBP-LJ01C-07-VEL3DC107,2,True,2016-06-07T00:00:00Z,2016-06-07T23:59:59Z,690997,691200,203,0.125,0.124879837,0.125000005,-0.004882297,2,203,2,203,1e-06,1.834841,7.004579,7.821568e-09,0.01467873,0.05603663,False,0.158745,True
2016-06-08,CE04OSBP-LJ01C-07-VEL3DC107,2,True,2016-06-08T00:00:00Z,2016-06-08T23:59:59Z,690676,691200,524,0.125,0.124879837,0.125,-0.000721361,2,524,2,524,1e-06,1.804176,6.942106,1.093448e-08,0.01443341,0.05553684,False,0.413327,True
2016-06-09,CE04OSBP-LJ01C-07-VEL3DC107,2,True,2016-06-09T00:00:00Z,2016-06-09T23:59:59Z,691159,691200,41,0.125,0.124879837,0.124999997,0.001112668,1,41,1,41,0.0,2.271623,6.022377,3.44393e-09,0.01817298,0.04817902,False,0.051846,True
2016-06-10,CE04OSBP-LJ01C-07-VEL3DC107,2,True,2016-06-10T00:00:00Z,2016-06-10T23:59:59Z,691120,691200,80,0.125,0.124879837,0.124999984,-0.000138159,2,80,2,80,-1e-06,1.410493,4.475707,-7.197262e-09,0.01128395,0.03580566,False,0.055859,True
2016-06-11,CE04OSBP-LJ01C-07-VEL3DC107,2,True,2016-06-11T00:00:00Z,2016-06-11T23:59:59Z,691039,691200,161,0.125,0.124879837,0.124999991,0.001420866,2,161,2,161,1e-06,1.740868,5.010986,7.493522e-09,0.01392695,0.04008789,False,0.095551,True
2016-06-12,CE04OSBP-LJ01C-07-VEL3DC107,2,True,2016-06-12T00:00:00Z,2016-06-12T23:59:59Z,691079,691200,121,0.125,0.124879837,0.124999995,8.5016e-05,3,121,3,121,2e-06,3.139488,10.632052,1.703079e-08,0.0251159,0.08505642,False,0.057902,True
2016-06-13,CE04OSBP-LJ01C-07-VEL3DC107,2,True,2016-06-13T00:00:00Z,2016-06-13T23:59:59Z,691120,691200,80,0.125,0.124879837,0.125000009,-0.003215264,2,80,2,80,-0.0,2.475466,8.105025,-8.502456e-10,0.01980373,0.06484019,False,0.062365,True
2016-06-14,CE04OSBP-LJ01C-07-VEL3DC107,2,True,2016-06-14T00:00:00Z,2016-06-14T23:59:59Z,691200,691200,0,0.125,0.124879837,0.124999971,-6.3579e-05,0,0,0,0,5e-06,3.199803,9.14773,3.685237e-08,0.02559843,0.07318186,False,0.052892,False
2016-06-15,CE04OSBP-LJ01C-07-VEL3DC107,2,True,2016-06-15T00:00:00Z,2016-06-15T23:59:59Z,690291,691201,910,0.125,0.124879837,0.124999773,0.03905811,1,910,1,910,4e-06,35.108092,65.745599,3.263629e-08,0.2808652,0.5259657,True,0.111038,True
2016-06-16,CE04OSBP-LJ01C-07-VEL3DC107,2,True,2016-06-16T00:00:00Z,2016-06-16T23:59:59Z,691160,691200,40,0.125,0.124879837,0.125000007,-0.00550386,1,40,1,40,3e-06,2.671946,8.272777,2.380485e-08,0.02137557,0.06618221,False,0.055786,True
2016-06-17,CE04OSBP-LJ01C-07-VEL3DC107,2,True,2016-06-17T00:00:00Z,2016-06-17T23:59:59Z,691120,691200,80,0.125,0.124879837,0.125000007,-0.000628761,2,80,2,80,1e-06,2.224374,13.169599,6.633864e-09,0.01779499,0.1053568,False,0.100148,True
2016-06-18,CE04OSBP-LJ01C-07-VEL3DC107,2,True,2016-06-18T00:00:00Z,2016-06-18T23:59:59Z,691200,691200,0,0.125,0.124879837,0.125000009,-0.000299945,0,0,0,0,5e-06,1.923604,8.073269,3.7712e-08,0.01538883,0.06458615,False,0.050834,False
2016-06-19,CE04OSBP-LJ01C-07-VEL3DC107,2,True,2016-06-19T00:00:00Z,2016-06-19T23:59:59Z,691200,691200,0,0.125,0.124879837,0.125000003,0.001157583,0,0,0,0,5e-06,1.792944,7.513722,3.740211e-08,0.01434355,0.06010978,False,0.051827,False
2016-06-20,CE04OSBP-LJ01C-07-VEL3DC107,2,True,2016-06-20T00:00:00Z,2016-06-20T23:59:59Z,691200,691200,0,0.125,0.124879837,0.124999993,0.000160445,0,0,0,0,4e-06,2.054456,9.7421,3.578088e-08,0.01643565,0.0779368,False,0.071671,False
2016-06-21,CE04OSBP-LJ01C-07-VEL3DC107,2,True,2016-06-21T00:00:00Z,2016-06-21T23:59:59Z,690079,691201,1122,0.125,0.124879837,0.124999926,0.015574668,5,1122,5,1122,-2e-06,29.326842,100.803573,-1.25507e-08,0.2346149,0.8064291,True,0.459098,True
2016-06-22,CE04OSBP-LJ01C-07-VEL3DC107,2,True,2016-06-22T00:00:00Z,2016-06-22T23:59:59Z,689792,691200,1408,0.125,0.124879837,0.125000008,1.738e-06,8,1408,8,1408,-0.0,1.755925,6.439077,-3.58357e-09,0.0140474,0.05151262,False,0.414511,True
2016-06-23,CE04OSBP-LJ01C-07-VEL3DC107,2,True,2016-06-23T00:00:00Z,2016-06-23T23:59:59Z,691119,691200,81,0.125,0.124879837,0.125000006,-0.000999991,1,81,1,81,-7e-06,1.778932,6.962238,-5.769822e-08,0.01423145,0.0556979,False,0.066245,True
2016-06-24,CE04OSBP-LJ01C-07-VEL3DC107,2,True,2016-06-24T00:00:00Z,2016-06-24T23:59:59Z,691200,691200,0,0.125,0.124879837,0.125000003,-0.001099752,0,0,0,0,5e-06,1.70077,7.147628,3.645014e-08,0.01360616,0.05718103,False,0.052239,False
2016-06-25,CE04OSBP-LJ01C-07-VEL3DC107,2,True,2016-06-25T00:00:00Z,2016-06-25T23:59:59Z,691160,691200,40,0.125,0.124879837,0.125000006,-0.001593969,1,40,1,40,-2e-06,1.95209,7.503352,-1.411576e-08,0.01561672,0.06002681,False,0.062003,True
2016-06-26,CE04OSBP-LJ01C-07-VEL3DC107,2,True,2016-06-26T00:00:00Z,2016-06-26T23:59:59Z,691200,691200,0,0.125,0.124879837,0.124999997,-0.002748294,0,0,0,0,5e-06,1.767441,8.499399,3.768478e-08,0.01413953,0.0679952,False,0.046527,False
2016-06-27,CE04OSBP-LJ01C-07-VEL3DC107,2,True,2016-06-27T00:00:00Z,2016-06-27T23:59:59Z,691200,691200,0,0.125,0.124879837,0.12500001,-0.000357412,0,0,0,0,5e-06,2.207022,7.235414,3.742662e-08,0.01765617,0.05788331,False,0.049047,False
2016-06-28,CE04OSBP-LJ01C-07-VEL3DC107,2,True,2016-06-28T00:00:00Z,2016-06-28T23:30:19Z,630359,676999,46640,0.125,0.124879837,0.124999894,0.021061905,3,46640,3,46641,1e-06,234.346611,5577.617618,1.022821e-08,1.874774,44.62098,True,0.394128,True
2016-06-29,CE04OSBP-LJ01C-07-VEL3DC107,2,True,2016-06-29T00:18:18Z,2016-06-29T23:59:59Z,668152,682422,14270,0.125,0.124879837,0.124999698,-1.487847857,7,14270,7,14270,0.0,221.127514,1493.991497,3.643657e-09,1.769024,11.95196,True,0.282949,True
2016-06-30,CE04OSBP-LJ01C-07-VEL3DC107,2,True,2016-06-30T00:00:00Z,2016-06-30T23:59:59Z,690195,691201,1006,0.125,0.124879837,0.124999738,0.018293979,3,1006,3,1006,-0.0,33.406277,71.239706,-1.852555e-09,0.2672508,0.5699188,True,0.269607,True
2016-07-01,CE04OSBP-LJ01C-07-VEL3DC107,2,True,2016-07-01T00:00:00Z,2016-07-01T23:59:59Z,691200,691200,0,0.125,0.124879837,0.125000003,-0.000387901,0,0,0,0,5e-06,2.010452,9.443766,3.718446e-08,0.01608362,0.07555013,False,0.062274,False
2016-07-02,CE04OSBP-LJ01C-07-VEL3DC107,2,True,2016-07-02T00:00:00Z,2016-07-02T23:59:59Z,691200,691200,0,0.125,0.124879837,0.124999999,0.00025495,0,0,0,0,5e-06,1.767178,6.119365,3.669286e-08,0.01413742,0.04895492,False,0.054713,False
2016-07-03,CE04OSBP-LJ01C-07-VEL3DC107,2,True,2016-07-03T00:00:00Z,2016-07-03T23:59:59Z,691200,691200,0,0.125,0.124879837,0.124999999,-0.002111984,0,0,0,0,5e-06,1.823534,6.764646,3.702169e-08,0.01458827,0.05411717,False,0.047374,False
2016-07-04,CE04OSBP-LJ01C-07-VEL3DC107,2,True,2016-07-04T00:00:00Z,2016-07-04T23:59:59Z,691200,691200,0,0.125,0.124879837,0.125000004,0.002707158,0,0,0,0,5e-06,1.732059,6.354298,3.899788e-08,0.01385647,0.05083438,False,0.055622,False
2016-07-05,CE04OSBP-LJ01C-07-VEL3DC107,2,True,2016-07-05T00:00:00Z,2016-07-05T23:59:59Z,691200,691200,0,0.125,0.124879837,0.125,-0.00106291,0,0,0,0,5e-06,1.932961,5.238621,3.770591e-08,0.01546369,0.04190897,False,0.029226,False
2016-07-06,CE04OSBP-LJ01C-07-VEL3DC107,2,True,2016-07-06T00:00:00Z,2016-07-06T23:59:59Z,691160,691200,40,0.125,0.124879837,0.124999999,-0.001222503,1,40,1,40,-0.0,2.146328,6.420885,-2.029973e-09,0.01717063,0.05136708,False,0.053358,True
2016-07-07,CE04OSBP-LJ01C-07-VEL3DC107,2,True,2016-07-07T00:00:00Z,2016-07-07T23:59:59Z,685375,691205,5830,0.125,0.124879837,0.124998646,0.178863069,3,5830,3,5830,-0.0,154.534341,320.17205,-5.6179e-10,1.236288,2.561404,True,0.338514,True
2016-07-08,CE04OSBP-LJ01C-07-VEL3DC107,2,True,2016-07-08T00:00:00Z,2016-07-08T23:59:59Z,691200,691200,0,0.125,0.124879837,0.124999985,-0.003065233,0,0,0,0,5e-06,1.972895,6.352152,3.64976e-08,0.01578317,0.05081722,False,0.073607,False
2016-07-09,CE04OSBP-LJ01C-07-VEL3DC107,2,True,2016-07-09T00:00:00Z,2016-07-09T23:59:59Z,691159,691200,41,0.125,0.124879837,0.124999967,0.002558521,1,41,1,41,6e-06,3.201792,8.080366,5.020797e-08,0.02561435,0.06464295,False,0.060479,True
2016-07-10,CE04OSBP-LJ01C-07-VEL3DC107,2,True,2016-07-10T00:00:00Z,2016-07-10T23:59:59Z,691161,691201,40,0.125,0.124879837,0.124999968,-0.000332164,12,40,12,51,1e-06,1.810254,6.591566,9.70158e-09,0.01448203,0.05273254,False,0.031635,True
2016-07-11,CE04OSBP-LJ01C-07-VEL3DC107,2,True,2016-07-11T00:00:00Z,2016-07-11T23:59:59Z,691137,691200,63,0.125,0.124879837,0.124999972,0.001465154,2,63,2,63,7e-06,1.710621,6.36372,5.24044e-08,0.01368497,0.05090977,False,0.05983,True
2016-07-12,CE04OSBP-LJ01C-07-VEL3DC107,2,True,2016-07-12T00:00:00Z,2016-07-12T23:59:59Z,688335,691202,2867,0.125,0.124879837,0.124999478,0.081597828,7,2867,7,2867,2e-06,64.601807,147.484232,1.842704e-08,0.5168166,1.179879,True,0.427249,True
2016-07-13,CE04OSBP-LJ01C-07-VEL3DC107,2,True,2016-07-13T00:00:00Z,2016-07-13T23:59:59Z,232907,691640,458733,0.125,0.124879837,0.124906803,2.232196845,5,458733,5,458733,0.0,3874.579807,8034.505479,2.673123e-09,31.01977,64.324,True,0.37777,True
2016-07-14,CE04OSBP-LJ01C-07-VEL3DC107,2,True,2016-07-14T00:00:00Z,2016-07-14T23:59:59Z,690231,691201,970,0.125,0.124879837,0.124999953,-0.119629097,1,970,1,970,1e-06,13.462668,122.949884,4.009879e-09,0.1077014,0.9835994,True,0.090297,True
2016-07-15,CE04OSBP-LJ01C-07-VEL3DC107,2,True,2016-07-15T00:00:00Z,2016-07-15T23:59:59Z,691200,691200,0,0.125,0.124879837,0.124999976,-0.001956581,0,0,0,0,5e-06,1.883314,6.061946,3.611632e-08,0.01506651,0.04849558,False,0.047775,False
2016-07-16,CE04OSBP-LJ01C-07-VEL3DC107,2,True,2016-07-16T00:00:00Z,2016-07-16T23:59:59Z,691200,691200,0,0.125,0.124879837,0.124999991,0.001491014,0,0,1,1,-1.4e-05,2.358899,7.948192,-1.131515e-07,0.0188712,0.06358554,False,0.06846,False
2016-07-17,CE04OSBP-LJ01C-07-VEL3DC107,2,True,2016-07-17T00:00:00Z,2016-07-17T23:59:59Z,691201,691201,0,0.125,0.124879837,0.124999988,0.003759635,0,0,48,48,0.0,2.19504,6.578671,3.245821e-09,0.01756032,0.05262938,False,0.04466,False
2016-07-18,CE04OSBP-LJ01C-07-VEL3DC107,2,True,2016-07-18T00:00:00Z,2016-07-18T00:42:53Z,20588,20588,0,0.125,0.124879837,0.124999931,0.001292438,0,0,1,1,-0.0,1.248288,2.934964,-1.607512e-10,0.009986309,0.02347973,False,0.02467,False
2016-07-19,CE04OSBP-LJ01C-07-VEL3DC107,2,True,2016-07-19T21:07:01Z,2016-07-19T23:59:59Z,83027,83027,0,0.125,0.124879837,0.124999967,0.000911471,0,0,14,14,0.0,1.733593,5.339555,1.174121e-10,0.01386875,0.04271645,False,0.04385,False
2016-07-20,CE04OSBP-LJ01C-07-VEL3DC107,2,True,2016-07-20T00:00:00Z,2016-07-20T23:59:59Z,691200,691200,0,0.125,0.124879837,0.124999972,0.001723816,0,0,21,21,-0.0,2.561954,10.489811,-1.778782e-09,0.02049564,0.08391851,False,0.063251,False
2016-07-21,CE04OSBP-LJ01C-07-VEL3DC107,0,False,,,0,0,,,,,,,,,,,,,,,,,,False
2016-07-22,CE04OSBP-LJ01C-07-VEL3DC107,3,False,,,0,0,,0.125,,,,,,,,,,,,,,,,False
2016-07-23,CE04OSBP-LJ01C-07-VEL3DC107,3,False,,,0,0,,0.125,,,,,,,,,,,,,,,,False
2016-07-24,CE04OSBP-LJ01C-07-VEL3DC107,3,False,,,0,0,,0.125,,,,,,,,,,,,,,,,False
2016-07-25,CE04OSBP-LJ01C-07-VEL3DC107,3,True,2016-07-25T19:56:22Z,2016-07-25T23:59:59Z,116942,116942,0,0.125,0.124879837,0.124999894,-0.000821932,0,0,0,0,0.0,1.452812,3.726082,1.049438e-10,0.01162251,0.02980868,False,0.024785,False
2016-07-26,CE04OSBP-LJ01C-07-VEL3DC107,3,True,2016-07-26T00:00:00Z,2016-07-26T23:59:59Z,691201,691201,0,0.125,0.124879837,0.124999853,0.001519356,0,0,4,4,1e-06,1.554748,6.916479,4.310257e-09,0.012438,0.05533189,False,0.049929,False
2016-07-27,CE04OSBP-LJ01C-07-VEL3DC107,3,True,2016-07-27T00:00:00Z,2016-07-27T23:59:59Z,690379,691202,823,0.125,0.124879837,0.124999831,0.003147284,12,823,12,832,-0.0,15.276355,117.043003,-2.773434e-09,0.122211,0.9363453,True,0.243494,True
2016-07-28,CE04OSBP-LJ01C-07-VEL3DC107,3,True,2016-07-28T00:00:00Z,2016-07-28T23:59:59Z,691201,691201,0,0.125,0.124879837,0.124999851,0.002645421,0,0,4,4,-0.0,1.743428,7.240562,-3.654376e-09,0.01394744,0.05792457,False,0.052155,False
2016-07-29,CE04OSBP-LJ01C-07-VEL3DC107,3,True,2016-07-29T00:00:00Z,2016-07-29T23:59:59Z,690390,691201,811,0.125,0.124879837,0.124999623,-0.003267412,5,811,5,811,1e-06,34.62994,73.141023,6.96854e-09,0.2770404,0.5851299,True,0.455543,True
2016-07-30,CE04OSBP-LJ01C-07-VEL3DC107,3,True,2016-07-30T00:00:00Z,2016-07-30T23:59:59Z,691201,691201,0,0.125,0.124879837,0.124999848,0.000239479,0,0,5,5,2e-06,1.665736,8.382174,1.248447e-08,0.01332591,0.06705747,False,0.062908,False
2016-07-31,CE04OSBP-LJ01C-07-VEL3DC107,3,True,2016-07-31T00:00:00Z,2016-07-31T23:59:59Z,691201,691201,0,0.125,0.124879837,0.124999843,0.003815232,0,0,9,9,1e-06,2.760257,6.899102,1.073074e-08,0.02208209,0.05519289,False,0.029115,False
2016-08-01,CE04OSBP-LJ01C-07-VEL3DC107,3,True,2016-08-01T00:00:00Z,2016-08-01T23:59:59Z,691201,691201,0,0.125,0.124879837,0.124999841,0.002773615,0,0,3,3,0.0,2.538395,9.877673,1.842352e-10,0.02030718,0.07902148,False,0.066562,False
2016-08-02,CE04OSBP-LJ01C-07-VEL3DC107,3,True,2016-08-02T00:00:00Z,2016-08-02T23:59:59Z,691201,691201,0,0.125,0.124879837,0.124999841,-0.001121848,0,0,5,5,-1e-06,2.233916,7.611442,-7.470426e-09,0.01787135,0.06089161,False,0.04936,False
2016-08-03,CE04OSBP-LJ01C-07-VEL3DC107,3,True,2016-08-03T00:00:00Z,2016-08-03T23:59:59Z,691201,691201,0,0.125,0.124879837,0.124999846,0.000494897,0,0,4,4,-1e-06,2.662641,9.35484,-1.040148e-08,0.02130115,0.07483882,False,0.047623,False
2016-08-04,CE04OSBP-LJ01C-07-VEL3DC107,3,True,2016-08-04T00:00:00Z,2016-08-04T23:59:59Z,691201,691201,0,0.125,0.124879837,0.12499983,0.001601601,0,0,8,8,-7e-06,1.87845,7.522695,-5.597598e-08,0.01502762,0.06018164,False,0.047016,False
2016-08-05,CE04OSBP-LJ01C-07-VEL3DC107,3,True,2016-08-05T00:00:00Z,2016-08-05T23:59:59Z,691201,691201,0,0.125,0.124879837,0.124999842,0.000650869,0,0,9,9,2e-06,1.844724,22.957533,1.875272e-08,0.01475781,0.1836605,False,0.197975,False
2016-08-06,CE04OSBP-LJ01C-07-VEL3DC107,3,True,2016-08-06T00:00:00Z,2016-08-06T23:59:59Z,691200,691200,0,0.125,0.124879837,0.124999835,0.00398526,0,0,0,0,5e-06,3.172237,8.46664,3.773139e-08,0.02537793,0.06773321,False,0.040406,False
2016-08-07,CE04OSBP-LJ01C-07-VEL3DC107,3,True,2016-08-07T00:00:00Z,2016-08-07T23:59:59Z,691201,691201,0,0.125,0.124879837,0.124999847,-0.003595054,0,0,7,7,-1e-06,2.249716,8.398528,-1.165836e-08,0.01799775,0.06718831,False,0.074542,False
2016-08-08,CE04OSBP-LJ01C-07-VEL3DC107,3,True,2016-08-08T00:00:00Z,2016-08-08T23:59:59Z,691201,691201,0,0.125,0.124879837,0.12499983,0.000752645,0,0,7,7,1e-06,1.692905,9.30812,6.162758e-09,0.01354326,0.07446506,False,0.0655,False
2016-08-09,CE04OSBP-LJ01C-07-VEL3DC107,3,True,2016-08-09T00:00:00Z,2016-08-09T23:59:59Z,691201,691201,0,0.125,0.124879837,0.124999819,-0.001306773,0,0,6,6,0.0,1.633345,6.503477,1.658452e-09,0.01306678,0.05202789,False,0.046932,False
2016-08-10,CE04OSBP-LJ01C-07-VEL3DC107,3,True,2016-08-10T00:00:00Z,2016-08-10T23:59:59Z,691121,691201,80,0.125,0.124879837,0.124999831,0.002957221,6,80,6,85,-1e-06,1.911449,7.507608,-5.712645e-09,0.01529162,0.06006094,False,0.063175,True
2016-08-11,CE04OSBP-LJ01C-07-VEL3DC107,3,True,2016-08-11T00:00:00Z,2016-08-11T23:59:59Z,690692,691201,509,0.125,0.124879837,0.124999842,0.000986807,10,509,10,516,0.0,1.972714,7.628468,3.036255e-10,0.01578173,0.06102782,False,0.229037,True
2016-08-12,CE04OSBP-LJ01C-07-VEL3DC107,3,True,2016-08-12T00:00:00Z,2016-08-12T10:13:58Z,294707,294707,0,0.125,0.124879837,0.124999827,-0.000410713,0,0,0,0,2e-06,1.839411,8.866195,1.665747e-08,0.01471531,0.07092966,False,0.066321,False
2016-08-13,CE04OSBP-LJ01C-07-VEL3DC107,3,True,2016-08-13T00:23:39Z,2016-08-13T23:59:59Z,679847,679847,0,0.125,0.124879837,0.124999842,-0.001113714,0,0,4,4,1e-06,1.920317,8.127932,7.416134e-09,0.01536256,0.06502354,False,0.053973,False
2016-08-14,CE04OSBP-LJ01C-07-VEL3DC107,3,True,2016-08-14T00:00:00Z,2016-08-14T23:59:59Z,691201,691201,0,0.125,0.124879837,0.124999836,-0.001137578,0,0,7,7,-4e-06,2.075671,22.543526,-2.889941e-08,0.01660539,0.1803484,False,0.195909,False
2016-08-15,CE04OSBP-LJ01C-07-VEL3DC107,3,True,2016-08-15T00:00:00Z,2016-08-15T23:59:59Z,691201,691201,0,0.125,0.124879837,0.124999826,-0.003473057,0,0,8,8,6e-06,2.006428,7.760737,4.506881e-08,0.01605145,0.06208599,False,0.050074,False
2016-08-16,CE04OSBP-LJ01C-07-VEL3DC107,3,True,2016-08-16T00:00:00Z,2016-08-16T23:59:59Z,691201,691201,0,0.125,0.124879837,0.124999837,0.002193533,0,0,8,8,1.1e-05,2.530804,8.871591,8.61276e-08,0.02024646,0.07097282,False,0.05117,False
2016-08-17,CE04OSBP-LJ01C-07-VEL3DC107,3,True,2016-08-17T00:00:00Z,2016-08-17T23:59:59Z,691200,691200,0,0.125,0.124879837,0.124999845,-0.000638248,0,0,0,0,5e-06,1.641961,5.477213,3.669834e-08,0.0131357,0.04381776,False,0.04679,False
2016-08-18,CE04OSBP-LJ01C-07-VEL3DC107,3,True,2016-08-18T00:00:00Z,2016-08-18T23:59:59Z,691201,691201,0,0.125,0.124879837,0.124999846,0.000296086,0,0,5,5,1e-06,1.611574,4.593059,7.029854e-09,0.01289261,0.03674452,False,0.029447,False
2016-08-19,CE04OSBP-LJ01C-07-VEL3DC107,3,True,2016-08-19T00:00:00Z,2016-08-19T23:59:59Z,691201,691201,0,0.125,0.124879837,0.124999839,0.002291765,0,0,5,5,-0.0,3.251575,11.091723,-5.461146e-12,0.02601263,0.0887339,False,0.048489,False
2016-08-20,CE04OSBP-LJ01C-07-VEL3DC107,3,True,2016-08-20T00:00:00Z,2016-08-20T23:59:59Z,691201,691201,0,0.125,0.124879837,0.124999843,-0.00021248,0,0,4,4,1e-06,1.466735,4.764062,8.076129e-09,0.01173389,0.03811254,False,0.043308,False
2016-08-21,CE04OSBP-LJ01C-07-VEL3DC107,3,True,2016-08-21T00:00:00Z,2016-08-21T23:59:59Z,691201,691201,0,0.125,0.124879837,0.124999831,0.001687427,0,0,8,8,2e-06,1.765221,6.071176,1.281874e-08,0.01412179,0.04856947,False,0.047214,False
2016-08-22,CE04OSBP-LJ01C-07-VEL3DC107,3,True,2016-08-22T00:00:00Z,2016-08-22T23:59:59Z,691201,691201,0,0.125,0.124879837,0.124999834,-0.000222351,0,0,3,3,0.0,1.813377,7.452386,3.259162e-10,0.01450703,0.05961916,False,0.053999,False
2016-08-23,CE04OSBP-LJ01C-07-VEL3DC107,3,True,2016-08-23T00:00:00Z,2016-08-23T23:59:59Z,691040,691201,161,0.125,0.124879837,0.124999835,-0.000616667,9,161,9,167,-2e-06,1.910701,7.370711,-1.304835e-08,0.01528563,0.05896576,False,0.092275,True
2016-08-24,CE04OSBP-LJ01C-07-VEL3DC107,3,True,2016-08-24T00:00:00Z,2016-08-24T23:59:59Z,691201,691201,0,0.125,0.124879837,0.124999837,0.001481248,0,0,2,2,1e-05,1.836541,8.83,8.292814e-08,0.01469235,0.07064009,False,0.062717,False
2016-08-25,CE04OSBP-LJ01C-07-VEL3DC107,3,True,2016-08-25T00:00:00Z,2016-08-25T23:59:59Z,691201,691201,0,0.125,0.124879837,0.124999838,-0.004102689,0,0,2,2,8e-06,1.721194,7.42732,6.624291e-08,0.01376957,0.05941864,False,0.072599,False
2016-08-26,CE04OSBP-LJ01C-07-VEL3DC107,3,True,2016-08-26T00:00:00Z,2016-08-26T23:59:59Z,691200,691200,0,0.125,0.124879837,0.124999833,0.001613101,0,0,0,0,5e-06,1.801468,6.340697,3.727654e-08,0.01441176,0.05072565,False,0.053186,False
2016-08-27,CE04OSBP-LJ01C-07-VEL3DC107,3,True,2016-08-27T00:00:00Z,2016-08-27T23:59:59Z,691201,691201,0,0.125,0.124879837,0.124999833,-0.003803805,0,0,3,3,-3e-06,2.160663,5.884311,-2.189489e-08,0.01728532,0.04707455,False,0.030566,False
2016-08-28,CE04OSBP-LJ01C-07-VEL3DC107,3,True,2016-08-28T00:00:00Z,2016-08-28T23:59:59Z,691201,691201,0,0.125,0.124879837,0.124999828,-0.001951686,0,0,3,3,0.0,2.466747,9.437916,5.554195e-10,0.019734,0.07550343,False,0.049601,False
2016-08-29,CE04OSBP-LJ01C-07-VEL3DC107,3,True,2016-08-29T00:00:00Z,2016-08-29T23:59:59Z,691201,691201,0,0.125,0.124879837,0.124999835,-0.00167603,0,0,1,1,-2e-06,1.748569,8.143774,-1.548156e-08,0.01398857,0.06515028,False,0.064824,False
2016-08-30,CE04OSBP-LJ01C-07-VEL3DC107,3,True,2016-08-30T00:00:00Z,2016-08-30T23:59:59Z,691201,691201,0,0.125,0.124879837,0.124999839,-0.000311126,0,0,5,5,-0.0,1.63785,7.029041,-3.934396e-09,0.01310282,0.0562324,False,0.077677,False
2016-08-31,CE04OSBP-LJ01C-07-VEL3DC107,3,True,2016-08-31T00:00:00Z,2016-08-31T23:59:59Z,691201,691201,0,0.125,0.124879837,0.124999838,0.000811397,0,0,2,2,1e-06,1.799353,7.245805,4.79262e-09,0.01439484,0.05796652,False,0.049963,False
2016-09-01,CE04OSBP-LJ01C-07-VEL3DC107,3,True,2016-09-01T00:00:00Z,2016-09-01T23:59:59Z,691161,691201,40,0.125,0.124879837,0.124999834,-0.001467108,2,40,2,41,3e-06,2.16118,5.699047,2.238063e-08,0.01728946,0.04559243,False,0.042323,True
2016-09-02,CE04OSBP-LJ01C-07-VEL3DC107,3,True,2016-09-02T00:00:00Z,2016-09-02T23:59:59Z,691161,691201,40,0.125,0.124879837,0.12499984,-0.00362807,10,40,10,49,0.0,2.132189,7.766249,2.706425e-09,0.01705753,0.06213007,False,0.059719,True
2016-09-03,CE04OSBP-LJ01C-07-VEL3DC107,3,True,2016-09-03T00:00:00Z,2016-09-03T23:59:59Z,691201,691201,0,0.125,0.124879837,0.124999835,-0.001502873,0,0,5,5,3e-06,1.905234,5.674144,2.014727e-08,0.01524189,0.04539321,False,0.051323,False
2016-09-04,CE04OSBP-LJ01C-07-VEL3DC107,3,True,2016-09-04T00:00:00Z,2016-09-04T23:59:59Z,691200,691200,0,0.125,0.124879837,0.124999855,-0.000540832,0,0,0,0,5e-06,2.513862,7.261812,3.72408e-08,0.02011092,0.05809456,False,0.059845,False
2016-09-05,CE04OSBP-LJ01C-07-VEL3DC107,3,True,2016-09-05T00:00:00Z,2016-09-05T23:59:59Z,691201,691201,0,0.125,0.124879837,0.124999859,-0.007700706,0,0,3,3,-6e-06,4.230809,10.705712,-4.960042e-08,0.03384651,0.0856458,False,0.04865,False
2016-09-06,CE04OSBP-LJ01C-07-VEL3DC107,3,True,2016-09-06T00:00:00Z,2016-09-06T23:59:59Z,643521,691247,47726,0.125,0.124879837,0.124995172,1.00714735,4,47726,4,47729,0.0,1379.569568,3793.963634,3.143281e-09,11.03698,30.35288,True,0.188734,True
2016-09-07,CE04OSBP-LJ01C-07-VEL3DC107,3,True,2016-09-07T00:00:00Z,2016-09-07T23:59:59Z,691201,691201,0,0.125,0.124879837,0.12499985,0.001118335,0,0,8,8,0.0,2.507317,11.872887,3.804512e-09,0.02005856,0.09498321,False,0.06516,False
2016-09-08,CE04OSBP-LJ01C-07-VEL3DC107,3,True,2016-09-08T00:00:00Z,2016-09-08T23:59:59Z,691201,691201,0,0.125,0.124879837,0.124999834,0.003029899,0,0,2,2,-0.0,2.456266,7.38227,-9.474632e-10,0.01965016,0.05905824,False,0.048245,False
2016-09-09,CE04OSBP-LJ01C-07-VEL3DC107,3,True,2016-09-09T00:00:00Z,2016-09-09T23:59:59Z,691201,691201,0,0.125,0.124879837,0.124999843,0.002012682,0,0,5,5,-4e-06,2.126553,7.972683,-3.295038e-08,0.01701244,0.06378154,False,0.051181,False
2016-09-10,CE04OSBP-LJ01C-07-VEL3DC107,3,True,2016-09-10T00:00:00Z,2016-09-10T23:59:59Z,691201,691201,0,0.125,0.124879837,0.12499985,0.001715057,0,0,8,8,1.2e-05,2.095988,7.877314,9.217484e-08,0.01676793,0.06301858,False,0.052396,False
2016-09-11,CE04OSBP-LJ01C-07-VEL3DC107,3,True,2016-09-11T00:00:00Z,2016-09-11T23:59:59Z,691200,691200,0,0.125,0.124879837,0.124999851,-0.002812242,0,0,0,0,5e-06,3.360402,9.620595,3.694932e-08,0.02688325,0.07696485,False,0.049998,False
2016-09-12,CE04OSBP-LJ01C-07-VEL3DC107,3,True,2016-09-12T00:00:00Z,2016-09-12T23:59:59Z,691201,691201,0,0.125,0.124879837,0.124999842,0.001160934,0,0,6,6,2e-06,5.731745,11.685443,1.695196e-08,0.04585401,0.09348366,False,0.049498,False
2016-09-13,CE04OSBP-LJ01C-07-VEL3DC107,3,True,2016-09-13T00:00:00Z,2016-09-13T23:59:59Z,691201,691201,0,0.125,0.124879837,0.124999846,-0.001238081,0,0,10,10,1e-06,2.781155,8.041378,4.385758e-09,0.02224927,0.0643311,False,0.050456,False
2016-09-14,CE04OSBP-LJ01C-07-VEL3DC107,3,True,2016-09-14T00:00:00Z,2016-09-14T23:59:59Z,691201,691201,0,0.125,0.124879837,0.124999835,0.000411755,0,0,5,5,-1e-06,2.264556,7.578261,-8.682401e-09,0.01811647,0.06062617,False,0.054389,False
2016-09-15,CE04OSBP-LJ01C-07-VEL3DC107,3,True,2016-09-15T00:00:00Z,2016-09-15T23:59:59Z,691201,691201,0,0.125,0.124879837,0.124999838,-0.001876605,0,0,7,7,2e-06,2.674183,9.486027,1.427322e-08,0.02139349,0.07588832,False,0.061846,False
2016-09-16,CE04OSBP-LJ01C-07-VEL3DC107,3,True,2016-09-16T00:00:00Z,2016-09-16T23:59:59Z,691201,691201,0,0.125,0.124879837,0.124999833,-0.000495157,0,0,2,2,-1e-06,2.144735,8.228067,-9.017531e-09,0.0171579,0.06582462,False,0.056321,False
2016-09-17,CE04OSBP-LJ01C-07-VEL3DC107,3,True,2016-09-17T00:00:00Z,2016-09-17T23:59:59Z,691201,691201,0,0.125,0.124879837,0.124999831,-0.000166315,0,0,7,7,-1e-06,1.939209,8.318366,-4.163041e-09,0.01551369,0.06654702,False,0.053629,False
2016-09-18,CE04OSBP-LJ01C-07-VEL3DC107,3,True,2016-09-18T00:00:00Z,2016-09-18T23:59:59Z,691201,691201,0,0.125,0.124879837,0.124999833,-0.000716624,0,0,4,4,-2e-06,1.712706,8.052639,-1.284835e-08,0.01370167,0.0644212,False,0.050387,False
2016-09-19,CE04OSBP-LJ01C-07-VEL3DC107,3,True,2016-09-19T00:00:00Z,2016-09-19T23:59:59Z,691201,691201,0,0.125,0.124879837,0.124999835,-0.002673629,0,0,5,5,1e-06,1.495876,7.777136,7.050368e-09,0.01196702,0.06221717,False,0.051628,False
2016-09-20,CE04OSBP-LJ01C-07-VEL3DC107,3,True,2016-09-20T00:00:00Z,2016-09-20T23:59:59Z,691201,691201,0,0.125,0.124879837,0.124999843,0.000491206,0,0,6,6,3e-06,1.733832,7.67511,2.546283e-08,0.01387068,0.06140096,False,0.051166,False
2016-09-21,CE04OSBP-LJ01C-07-VEL3DC107,3,True,2016-09-21T00:00:00Z,2016-09-21T23:59:59Z,691201,691201,0,0.125,0.124879837,0.124999837,0.000488222,0,0,11,11,3e-06,1.446664,4.71032,2.213879e-08,0.01157332,0.03768261,False,0.04466,False
2016-09-22,CE04OSBP-LJ01C-07-VEL3DC107,3,True,2016-09-22T00:00:00Z,2016-09-22T23:59:59Z,691200,691200,0,0.125,0.124879837,0.12499984,0.000426139,0,0,0,0,5e-06,1.882554,6.929607,3.691707e-08,0.01506045,0.05543693,False,0.04763,False
2016-09-23,CE04OSBP-LJ01C-07-VEL3DC107,3,True,2016-09-23T00:00:00Z,2016-09-23T23:59:59Z,691201,691201,0,0.125,0.124879837,0.124999836,-0.002347303,0,0,5,5,-2e-06,1.969054,6.937536,-1.796105e-08,0.01575245,0.05550036,False,0.074248,False
2016-09-24,CE04OSBP-LJ01C-07-VEL3DC107,3,True,2016-09-24T00:00:00Z,2016-09-24T23:59:59Z,691201,691201,0,0.125,0.124879837,0.124999832,-0.001061261,0,0,4,4,1e-06,2.016171,7.988784,8.814622e-09,0.01612939,0.06391035,False,0.073378,False
2016-09-25,CE04OSBP-LJ01C-07-VEL3DC107,3,True,2016-09-25T00:00:00Z,2016-09-25T23:59:59Z,691201,691201,0,0.125,0.124879837,0.124999825,-0.003031918,0,0,3,3,0.0,1.649588,5.751941,1.85241e-09,0.01319673,0.04601559,False,0.044236,False
2016-09-26,CE04OSBP-LJ01C-07-VEL3DC107,3,True,2016-09-26T00:00:00Z,2016-09-26T23:59:59Z,691201,691201,0,0.125,0.124879837,0.124999834,-0.001344364,0,0,1,1,-2e-06,1.85427,6.717702,-1.221745e-08,0.01483418,0.05374169,False,0.051315,False
2016-09-27,CE04OSBP-LJ01C-07-VEL3DC107,3,True,2016-09-27T00:00:00Z,2016-09-27T23:59:59Z,691201,691201,0,0.125,0.124879837,0.124999846,0.001666649,0,0,5,5,0.0,1.960144,5.873343,2.063744e-09,0.01568117,0.0469868,False,0.052128,False
2016-09-28,CE04OSBP-LJ01C-07-VEL3DC107,3,True,2016-09-28T00:00:00Z,2016-09-28T23:59:59Z,691201,691201,0,0.125,0.124879837,0.124999849,1.8087e-05,0,0,3,3,-0.0,1.758391,8.094134,-1.599368e-09,0.01406714,0.06475315,False,0.05154,False
2016-09-29,CE04OSBP-LJ01C-07-VEL3DC107,3,True,2016-09-29T00:00:00Z,2016-09-29T23:59:59Z,691201,691201,0,0.125,0.124879837,0.124999845,-0.000473923,0,0,4,4,-2e-06,1.891569,12.799886,-1.335674e-08,0.01513257,0.1023992,False,0.097792,False
2016-09-30,CE04OSBP-LJ01C-07-VEL3DC107,3,True,2016-09-30T00:00:00Z,2016-09-30T23:59:59Z,691201,691201,0,0.125,0.124879837,0.124999842,0.004139793,0,0,6,6,5e-06,1.873378,7.711182,4.378624e-08,0.01498704,0.06168954,False,0.053308,False
2016-10-01,CE04OSBP-LJ01C-07-VEL3DC107,3,True,2016-10-01T00:00:00Z,2016-10-01T23:59:59Z,691201,691201,0,0.125,0.124879837,0.124999835,-0.000356618,0,0,3,3,-8e-06,2.166588,12.793497,-6.252279e-08,0.01733273,0.1023481,False,0.098648,False
2016-10-02,CE04OSBP-LJ01C-07-VEL3DC107,3,True,2016-10-02T00:00:00Z,2016-10-02T23:59:59Z,691200,691200,0,0.125,0.124879837,0.12499983,-0.000155948,0,0,1,1,5e-06,1.640504,6.546536,3.979618e-08,0.01312405,0.05237236,False,0.04474,False
2016-10-03,CE04OSBP-LJ01C-07-VEL3DC107,3,True,2016-10-03T00:00:00Z,2016-10-03T23:59:59Z,691201,691201,0,0.125,0.124879837,0.124999839,-0.000407898,0,0,7,7,-1e-06,1.895583,5.858983,-4.638762e-09,0.01516468,0.04687192,False,0.047963,False
2016-10-04,CE04OSBP-LJ01C-07-VEL3DC107,3,True,2016-10-04T00:00:00Z,2016-10-04T23:59:59Z,691201,691201,0,0.125,0.124879837,0.124999833,0.001098985,0,0,8,8,2e-06,1.93715,7.304418,1.361435e-08,0.01549722,0.05843542,False,0.049032,False
2016-10-05,CE04OSBP-LJ01C-07-VEL3DC107,3,True,2016-10-05T00:00:00Z,2016-10-05T23:59:59Z,691201,691201,0,0.125,0.124879837,0.124999825,0.001245708,0,0,4,4,2e-06,1.969007,25.745443,1.392838e-08,0.01575208,0.2059638,False,0.19594,False
2016-10-06,CE04OSBP-LJ01C-07-VEL3DC107,3,True,2016-10-06T00:00:00Z,2016-10-06T23:59:59Z,691201,691201,0,0.125,0.124879837,0.124999831,-1.162e-06,0,0,8,8,0.0,2.043164,7.961614,2.709854e-09,0.01634534,0.063693,False,0.046462,False
2016-10-07,CE04OSBP-LJ01C-07-VEL3DC107,3,True,2016-10-07T00:00:00Z,2016-10-07T23:59:59Z,691201,691201,0,0.125,0.124879837,0.124999848,0.003143061,0,0,6,6,-0.0,2.221947,6.403752,-1.846797e-09,0.01777559,0.05123008,False,0.048321,False
2016-10-08,CE04OSBP-LJ01C-07-VEL3DC107,3,True,2016-10-08T00:00:00Z,2016-10-08T23:59:59Z,691201,691201,0,0.125,0.124879837,0.124999848,-0.001043125,0,0,7,7,-1e-06,2.885638,8.387506,-7.362216e-09,0.02308513,0.06710013,False,0.050803,False
2016-10-09,CE04OSBP-LJ01C-07-VEL3DC107,3,True,2016-10-09T00:00:00Z,2016-10-09T23:59:59Z,691201,691201,0,0.125,0.124879837,0.124999854,0.00013975,0,0,14,14,-3e-06,1.936652,10.656922,-2.487258e-08,0.01549323,0.08525548,False,0.063664,False
2016-10-10,CE04OSBP-LJ01C-07-VEL3DC107,3,True,2016-10-10T00:00:00Z,2016-10-10T23:59:59Z,691200,691200,0,0.125,0.124879837,0.12499985,-0.001299683,0,0,0,0,5e-06,2.007166,8.690482,3.72768e-08,0.01605735,0.06952394,False,0.05243,False
2016-10-11,CE04OSBP-LJ01C-07-VEL3DC107,3,True,2016-10-11T00:00:00Z,2016-10-11T23:59:59Z,691201,691201,0,0.125,0.124879837,0.124999849,0.000685535,0,0,3,3,0.0,2.931005,9.463406,3.204799e-09,0.02344806,0.07570734,False,0.06059,False
2016-10-12,CE04OSBP-LJ01C-07-VEL3DC107,3,True,2016-10-12T00:00:00Z,2016-10-12T23:59:59Z,691201,691201,0,0.125,0.124879837,0.124999847,-0.000320459,0,0,6,6,0.0,3.751578,10.359816,8.041203e-10,0.03001266,0.08287863,False,0.049444,False
2016-10-13,CE04OSBP-LJ01C-07-VEL3DC107,3,True,2016-10-13T00:00:00Z,2016-10-13T23:59:59Z,687224,691205,3981,0.125,0.124879837,0.124998934,-0.028272955,5,3981,5,3985,1e-06,137.08969,277.028253,7.545021e-09,1.096727,2.216245,True,0.166168,True
2016-10-14,CE04OSBP-LJ01C-07-VEL3DC107,3,True,2016-10-14T00:00:00Z,2016-10-14T23:59:59Z,691201,691201,0,0.125,0.124879837,0.124999835,-7.4545e-05,0,0,5,5,1e-06,2.658448,10.868886,5.917703e-09,0.02126761,0.0869512,False,0.062323,False
2016-10-15,CE04OSBP-LJ01C-07-VEL3DC107,3,True,2016-10-15T00:00:00Z,2016-10-15T23:59:59Z,691201,691201,0,0.125,0.124879837,0.124999835,0.00258456,0,0,2,2,-1e-06,1.707079,7.002455,-1.014996e-08,0.01365665,0.05601972,False,0.050998,False
2016-10-16,CE04OSBP-LJ01C-07-VEL3DC107,3,True,2016-10-16T00:00:00Z,2016-10-16T23:59:59Z,691201,691201,0,0.125,0.124879837,0.124999834,0.002369735,0,0,4,4,0.0,2.14044,7.141924,1.67318e-10,0.01712354,0.05713547,False,0.050716,False
2016-10-17,CE04OSBP-LJ01C-07-VEL3DC107,3,True,2016-10-17T00:00:00Z,2016-10-17T23:59:59Z,691201,691201,0,0.125,0.124879837,0.124999823,0.001981914,0,0,7,7,-3e-06,2.714413,10.60507,-2.530539e-08,0.02171533,0.08484068,False,0.071976,False
2016-10-18,CE04OSBP-LJ01C-07-VEL3DC107,3,True,2016-10-18T00:00:00Z,2016-10-18T23:59:59Z,691201,691201,0,0.125,0.124879837,0.124999849,-0.004168161,0,0,3,3,-2e-06,2.799041,21.076004,-1.672023e-08,0.02239235,0.1686082,False,0.195886,False
2016-10-19,CE04OSBP-LJ01C-07-VEL3DC107,3,True,2016-10-19T00:00:00Z,2016-10-19T23:59:59Z,691200,691200,0,0.125,0.124879837,0.124999847,-0.001177355,0,0,0,0,5e-06,2.184395,7.547023,3.793636e-08,0.01747518,0.06037626,False,0.046431,False
2016-10-20,CE04OSBP-LJ01C-07-VEL3DC107,3,True,2016-10-20T00:00:00Z,2016-10-20T23:59:59Z,691201,691201,0,0.125,0.124879837,0.124999842,-0.005120261,0,0,4,4,-1e-06,2.396831,8.816095,-1.032961e-08,0.01917468,0.07052885,False,0.04941,False
2016-10-21,CE04OSBP-LJ01C-07-VEL3DC107,3,True,2016-10-21T00:00:00Z,2016-10-21T23:59:59Z,691201,691201,0,0.125,0.124879837,0.124999839,-0.0013044,0,0,6,6,-1e-06,2.489511,7.504154,-8.34273e-09,0.01991611,0.06003331,False,0.058692,False
2016-10-22,CE04OSBP-LJ01C-07-VEL3DC107,3,True,2016-10-22T00:00:00Z,2016-10-22T23:59:59Z,691201,691201,0,0.125,0.124879837,0.124999843,-0.002980001,0,0,5,5,-1e-06,3.085296,9.404803,-7.998191e-09,0.0246824,0.07523852,False,0.055721,False
2016-10-23,CE04OSBP-LJ01C-07-VEL3DC107,3,True,2016-10-23T00:00:00Z,2016-10-23T23:59:59Z,691201,691201,0,0.125,0.124879837,0.124999844,-0.001230559,0,0,10,10,0.0,1.885156,7.108847,8.743954e-10,0.01508126,0.05687085,False,0.052564,False
2016-10-24,CE04OSBP-LJ01C-07-VEL3DC107,3,True,2016-10-24T00:00:00Z,2016-10-24T23:59:59Z,691201,691201,0,0.125,0.124879837,0.124999843,0.003881797,0,0,5,5,1e-06,2.218447,29.459236,7.490373e-09,0.0177476,0.2356742,False,0.195863,False
2016-10-25,CE04OSBP-LJ01C-07-VEL3DC107,3,True,2016-10-25T00:00:00Z,2016-10-25T23:59:59Z,691201,691201,0,0.125,0.124879837,0.124999846,-0.001604816,0,0,6,6,-5e-06,1.80863,7.448155,-4.022856e-08,0.01446906,0.05958532,False,0.047634,False
2016-10-26,CE04OSBP-LJ01C-07-VEL3DC107,3,True,2016-10-26T00:00:00Z,2016-10-26T23:59:59Z,676313,691214,14901,0.125,0.124879837,0.124997266,0.508443056,4,14901,4,14903,-2e-06,483.42156,853.912368,-1.276866e-08,3.867457,6.831448,True,0.377747,True
2016-10-27,CE04OSBP-LJ01C-07-VEL3DC107,3,True,2016-10-27T00:00:00Z,2016-10-27T23:59:59Z,691201,691201,0,0.125,0.124879837,0.124999844,-0.00032428,0,0,2,2,-2e-06,1.527923,4.636714,-1.329022e-08,0.0122234,0.03709376,False,0.04012,False
2016-10-28,CE04OSBP-LJ01C-07-VEL3DC107,3,True,2016-10-28T00:00:00Z,2016-10-28T23:59:59Z,691201,691201,0,0.125,0.124879837,0.124999838,0.001689805,0,0,7,7,-1e-06,1.977794,7.363255,-5.415064e-09,0.01582237,0.05890612,False,0.05125,False
2016-10-29,CE04OSBP-LJ01C-07-VEL3DC107,3,True,2016-10-29T00:00:00Z,2016-10-29T23:59:59Z,691201,691201,0,0.125,0.124879837,0.124999836,-0.000208589,0,0,8,8,-1e-06,1.656383,6.197777,-7.300148e-09,0.01325108,0.04958228,False,0.050441,False
2016-10-30,CE04OSBP-LJ01C-07-VEL3DC107,3,True,2016-10-30T00:00:00Z,2016-10-30T23:59:59Z,691201,691201,0,0.125,0.124879837,0.124999838,0.00070465,0,0,5,5,-1e-06,1.635984,5.793284,-5.071186e-09,0.01308789,0.04634633,False,0.050643,False
2016-10-31,CE04OSBP-LJ01C-07-VEL3DC107,3,True,2016-10-31T00:00:00Z,2016-10-31T23:59:59Z,691201,691201,0,0.125,0.124879837,0.124999838,-0.002094164,0,0,7,7,2e-06,1.614635,7.160201,1.233505e-08,0.0129171,0.05728168,False,0.051769,False
2016-11-01,CE04OSBP-LJ01C-07-VEL3DC107,3,True,2016-11-01T00:00:00Z,2016-11-01T23:59:59Z,691201,691201,0,0.125,0.124879837,0.12499984,0.002755285,0,0,9,9,2e-06,1.9675,5.750206,1.465052e-08,0.01574002,0.04600171,False,0.048306,False
2016-11-02,CE04OSBP-LJ01C-07-VEL3DC107,3,True,2016-11-02T00:00:00Z,2016-11-02T23:59:59Z,691201,691201,0,0.125,0.124879837,0.124999847,-0.003678079,0,0,8,8,6e-06,1.815984,5.770422,4.443455e-08,0.01452789,0.04616343,False,0.042266,False
2016-11-03,CE04OSBP-LJ01C-07-VEL3DC107,3,True,2016-11-03T00:00:00Z,2016-11-03T23:59:59Z,691200,691200,0,0.125,0.124879837,0.124999845,0.000572768,0,0,0,0,5e-06,1.667756,5.98892,3.893556e-08,0.01334207,0.04791142,False,0.046454,False
2016-11-04,CE04OSBP-LJ01C-07-VEL3DC107,3,True,2016-11-04T00:00:00Z,2016-11-04T23:59:59Z,691201,691201,0,0.125,0.124879837,0.124999847,-0.003583809,0,0,3,3,-1e-06,2.045963,8.255625,-7.734862e-09,0.01636772,0.06604508,False,0.049161,False
2016-11-05,CE04OSBP-LJ01C-07-VEL3DC107,3,True,2016-11-05T00:00:00Z,2016-11-05T23:59:59Z,691201,691201,0,0.125,0.124879837,0.124999844,0.004054838,0,0,5,5,2e-06,2.412063,6.830043,1.442749e-08,0.01929653,0.05464041,False,0.051262,False
2016-11-06,CE04OSBP-LJ01C-07-VEL3DC107,3,True,2016-11-06T00:00:00Z,2016-11-06T23:59:59Z,691201,691201,0,0.125,0.124879837,0.124999843,-0.000867525,0,0,2,2,-2e-06,1.928322,7.902533,-1.415531e-08,0.01542659,0.06322034,False,0.053003,False
2016-11-07,CE04OSBP-LJ01C-07-VEL3DC107,3,True,2016-11-07T00:00:00Z,2016-11-07T23:59:59Z,691201,691201,0,0.125,0.124879837,0.124999845,-5.472e-06,0,0,8,8,-0.0,2.312693,24.384888,-3.545229e-09,0.01850157,0.1950793,False,0.22006,False
2016-11-08,CE04OSBP-LJ01C-07-VEL3DC107,3,True,2016-11-08T00:00:00Z,2016-11-08T23:59:59Z,691201,691201,0,0.125,0.124879837,0.124999841,0.003228001,0,0,4,4,-1e-06,1.838604,6.552109,-5.599797e-09,0.01470885,0.05241694,False,0.048348,False
2016-11-09,CE04OSBP-LJ01C-07-VEL3DC107,3,True,2016-11-09T00:00:00Z,2016-11-09T23:59:59Z,691201,691201,0,0.125,0.124879837,0.124999847,0.000634127,0,0,9,9,-8e-06,1.675726,6.688868,-6.452677e-08,0.01340583,0.05351101,False,0.050154,False
2016-11-10,CE04OSBP-LJ01C-07-VEL3DC107,3,True,2016-11-10T00:00:00Z,2016-11-10T23:59:59Z,691200,691200,0,0.125,0.124879837,0.124999847,-0.000731951,0,0,0,0,5e-06,1.722712,9.357759,3.718732e-08,0.01378172,0.07486217,False,0.074107,False
2016-11-11,CE04OSBP-LJ01C-07-VEL3DC107,3,True,2016-11-11T00:00:00Z,2016-11-11T23:59:59Z,691201,691201,0,0.125,0.124879837,0.124999849,9.0956e-05,0,0,7,7,-2e-06,1.95389,6.268208,-1.51215e-08,0.01563114,0.05014572,False,0.050777,False
2016-11-12,CE04OSBP-LJ01C-07-VEL3DC107,3,True,2016-11-12T00:00:00Z,2016-11-12T23:59:59Z,691201,691201,0,0.125,0.124879837,0.124999846,-0.004653325,0,0,4,4,-1e-06,2.217534,6.033197,-8.966063e-09,0.01774029,0.04826564,False,0.049131,False
2016-11-13,CE04OSBP-LJ01C-07-VEL3DC107,3,True,2016-11-13T00:00:00Z,2016-11-13T23:59:59Z,691201,691201,0,0.125,0.124879837,0.124999845,0.000313489,0,0,3,3,1e-06,1.755719,23.774054,5.078668e-09,0.01404577,0.1901927,False,0.197891,False
2016-11-14,CE04OSBP-LJ01C-07-VEL3DC107,3,True,2016-11-14T00:00:00Z,2016-11-14T23:59:59Z,691201,691201,0,0.125,0.124879837,0.124999839,0.000268477,0,0,6,6,-1e-06,2.436944,6.953536,-4.404918e-09,0.01949558,0.05562836,False,0.062152,False
2016-11-15,CE04OSBP-LJ01C-07-VEL3DC107,3,True,2016-11-15T00:00:00Z,2016-11-15T23:59:59Z,691201,691201,0,0.125,0.124879837,0.124999843,0.001651834,0,0,5,5,-1e-06,1.935908,6.545876,-9.267501e-09,0.01548729,0.05236707,False,0.048577,False
2016-11-16,CE04OSBP-LJ01C-07-VEL3DC107,3,True,2016-11-16T00:00:00Z,2016-11-16T23:59:59Z,691201,691201,0,0.125,0.124879837,0.124999835,-0.005572785,0,0,5,5,-3e-06,2.490863,8.752983,-2.145825e-08,0.01992693,0.07002396,False,0.047623,False
2016-11-17,CE04OSBP-LJ01C-07-VEL3DC107,3,True,2016-11-17T00:00:00Z,2016-11-17T23:59:59Z,689986,691201,1215,0.125,0.124879837,0.124999844,-0.000836226,12,1215,12,1219,9e-06,1.938984,8.475928,6.966628e-08,0.01551189,0.06780751,False,0.380409,True
2016-11-18,CE04OSBP-LJ01C-07-VEL3DC107,3,True,2016-11-18T00:00:00Z,2016-11-18T23:59:59Z,687286,691201,3915,0.125,0.124879837,0.124999676,-0.041949425,20,3915,20,3915,-1e-06,35.417858,65.454477,-6.013835e-09,0.2833436,0.5236372,True,0.429261,True
2016-11-19,CE04OSBP-LJ01C-07-VEL3DC107,3,True,2016-11-19T00:00:00Z,2016-11-19T23:59:59Z,691201,691201,0,0.125,0.124879837,0.124999837,0.002965151,0,0,5,5,-1e-06,1.762957,7.059371,-1.168155e-08,0.01410368,0.05647504,False,0.049058,False
2016-11-20,CE04OSBP-LJ01C-07-VEL3DC107,3,True,2016-11-20T00:00:00Z,2016-11-20T23:59:59Z,691201,691201,0,0.125,0.124879837,0.124999833,-0.000517737,0,0,6,6,2e-06,2.361915,6.650429,1.222414e-08,0.01889534,0.0532035,False,0.051052,False
2016-11-21,CE04OSBP-LJ01C-07-VEL3DC107,3,True,2016-11-21T00:00:00Z,2016-11-21T23:59:59Z,691201,691201,0,0.125,0.124879837,0.12499984,-0.00085766,0,0,6,6,-2e-06,1.766854,7.104236,-1.407128e-08,0.01413485,0.05683396,False,0.045794,False
2016-11-22,CE04OSBP-LJ01C-07-VEL3DC107,3,True,2016-11-22T00:00:00Z,2016-11-22T23:59:59Z,691201,691201,0,0.125,0.124879837,0.124999841,0.002059015,0,0,4,4,-1e-06,2.125083,8.429259,-5.498687e-09,0.01700069,0.06743416,False,0.046832,False
2016-11-23,CE04OSBP-LJ01C-07-VEL3DC107,3,True,2016-11-23T00:00:00Z,2016-11-23T23:59:59Z,691201,691201,0,0.125,0.124879837,0.12499983,0.000817998,0,0,9,9,0.0,2.023365,6.384458,1.9761e-09,0.01618694,0.05107574,False,0.04369,False
2016-11-24,CE04OSBP-LJ01C-07-VEL3DC107,3,True,2016-11-24T00:00:00Z,2016-11-24T23:59:59Z,691201,691201,0,0.125,0.124879837,0.124999833,-0.00053515,0,0,5,5,1e-06,1.69029,7.60206,6.868698e-09,0.01352234,0.06081656,False,0.046141,False
2016-11-25,CE04OSBP-LJ01C-07-VEL3DC107,3,True,2016-11-25T00:00:00Z,2016-11-25T23:59:59Z,691201,691201,0,0.125,0.124879837,0.124999836,-0.003994576,0,0,3,3,-0.0,2.113309,8.532132,-3.410431e-09,0.0169065,0.06825714,False,0.048176,False
2016-11-26,CE04OSBP-LJ01C-07-VEL3DC107,3,True,2016-11-26T00:00:00Z,2016-11-26T23:59:59Z,691201,691201,0,0.125,0.124879837,0.124999829,-0.000387198,0,0,6,6,-0.0,1.974213,7.957242,-3.506591e-09,0.01579372,0.06365802,False,0.05138,False
2016-11-27,CE04OSBP-LJ01C-07-VEL3DC107,3,True,2016-11-27T00:00:00Z,2016-11-27T23:59:59Z,691201,691201,0,0.125,0.124879837,0.124999825,-0.000828585,0,0,4,4,-2e-06,1.933034,5.807383,-1.202442e-08,0.01546429,0.04645913,False,0.029283,False
2016-11-28,CE04OSBP-LJ01C-07-VEL3DC107,3,True,2016-11-28T00:00:00Z,2016-11-28T23:59:59Z,691201,691201,0,0.125,0.124879837,0.124999826,0.000910356,0,0,6,6,6e-06,1.824854,7.180484,4.711532e-08,0.01459885,0.05744395,False,0.049001,False
2016-11-29,CE04OSBP-LJ01C-07-VEL3DC107,3,True,2016-11-29T00:00:00Z,2016-11-29T23:59:59Z,691201,691201,0,0.125,0.124879837,0.124999836,0.0027863,0,0,5,5,-1e-06,1.952278,6.125816,-7.894347e-09,0.01561824,0.04900659,False,0.045477,False
2016-11-30,CE04OSBP-LJ01C-07-VEL3DC107,3,True,2016-11-30T00:00:00Z,2016-11-30T23:59:59Z,691142,691200,58,0.125,0.124879837,0.124999838,0.000766394,2,58,2,58,1e-06,1.556837,4.713487,8.025912e-09,0.01245472,0.03770794,False,0.0555,True
2016-12-01,CE04OSBP-LJ01C-07-VEL3DC107,3,True,2016-12-01T00:00:00Z,2016-12-01T23:59:59Z,684247,691208,6961,0.125,0.124879837,0.124997958,0.170033567,4,6961,4,6964,0.0,217.444706,450.130776,1.239798e-10,1.739586,3.601105,True,0.314779,True
2016-12-02,CE04OSBP-LJ01C-07-VEL3DC107,3,True,2016-12-02T00:00:00Z,2016-12-02T23:59:59Z,691201,691201,0,0.125,0.124879837,0.124999837,-0.00090766,0,0,3,3,2e-06,1.620067,6.642278,1.780237e-08,0.01296056,0.0531383,False,0.049505,False
2016-12-03,CE04OSBP-LJ01C-07-VEL3DC107,3,True,2016-12-03T00:00:00Z,2016-12-03T23:59:59Z,691201,691201,0,0.125,0.124879837,0.124999844,-0.002663519,0,0,5,5,0.0,1.657731,7.467051,1.744618e-09,0.01326186,0.05973649,False,0.075153,False
2016-12-04,CE04OSBP-LJ01C-07-VEL3DC107,3,True,2016-12-04T00:00:00Z,2016-12-04T23:59:59Z,691201,691201,0,0.125,0.124879837,0.124999847,0.003705434,0,0,9,9,0.0,1.762379,8.289058,1.078252e-09,0.01409905,0.06631255,False,0.054125,False
2016-12-05,CE04OSBP-LJ01C-07-VEL3DC107,3,True,2016-12-05T00:00:00Z,2016-12-05T23:59:59Z,691201,691201,0,0.125,0.124879837,0.124999848,0.001517414,0,0,9,9,0.0,1.726249,7.532105,6.317138e-10,0.01381001,0.06025691,False,0.049024,False
2016-12-06,CE04OSBP-LJ01C-07-VEL3DC107,3,True,2016-12-06T00:00:00Z,2016-12-06T23:59:59Z,691201,691201,0,0.125,0.124879837,0.124999849,0.001074814,0,0,5,5,-4e-06,1.819271,6.131348,-2.984977e-08,0.01455419,0.04905084,False,0.049795,False
2016-12-07,CE04OSBP-LJ01C-07-VEL3DC107,3,True,2016-12-07T00:00:00Z,2016-12-07T23:59:59Z,684167,691207,7040,0.125,0.124879837,0.124998028,0.278678789,1,7040,1,7040,-1e-06,223.724487,472.234121,-5.877833e-09,1.789824,3.777933,True,0.214676,True
2016-12-08,CE04OSBP-LJ01C-07-VEL3DC107,3,True,2016-12-08T00:00:00Z,2016-12-08T23:59:59Z,691201,691201,0,0.125,0.124879837,0.124999847,6.1345e-05,0,0,2,2,0.0,2.534241,10.829181,2.249706e-09,0.02027395,0.08663356,False,0.09602,False
2016-12-09,CE04OSBP-LJ01C-07-VEL3DC107,3,True,2016-12-09T00:00:00Z,2016-12-09T23:59:59Z,691201,691201,0,0.125,0.124879837,0.124999846,-0.000522406,0,0,5,5,-1e-06,2.824848,6.979208,-1.087524e-08,0.02259881,0.05583373,False,0.049929,False
2016-12-10,CE04OSBP-LJ01C-07-VEL3DC107,3,True,2016-12-10T00:00:00Z,2016-12-10T23:59:59Z,691201,691201,0,0.125,0.124879837,0.12499984,0.00059837,0,0,6,6,0.0,2.109311,11.685016,3.072215e-09,0.01687451,0.09348025,False,0.069891,False
2016-12-11,CE04OSBP-LJ01C-07-VEL3DC107,3,True,2016-12-11T00:00:00Z,2016-12-11T23:59:59Z,686901,691205,4304,0.125,0.124879837,0.124999347,0.102294508,6,4304,6,4309,1e-06,136.295409,309.006991,5.221154e-09,1.090369,2.472069,True,0.127495,True
2016-12-12,CE04OSBP-LJ01C-07-VEL3DC107,3,True,2016-12-12T00:00:00Z,2016-12-12T23:59:59Z,691201,691201,0,0.125,0.124879837,0.12499984,-0.001099947,0,0,9,9,1e-06,1.637172,6.191965,8.423453e-09,0.01309739,0.04953579,False,0.048642,False
2016-12-13,CE04OSBP-LJ01C-07-VEL3DC107,3,True,2016-12-13T00:00:00Z,2016-12-13T23:59:59Z,691201,691201,0,0.125,0.124879837,0.12499984,-0.003591846,0,0,3,3,3e-06,1.879302,6.788095,2.288236e-08,0.01503444,0.05430483,False,0.04595,False
2016-12-14,CE04OSBP-LJ01C-07-VEL3DC107,3,True,2016-12-14T00:00:00Z,2016-12-14T23:59:59Z,691201,691201,0,0.125,0.124879837,0.124999838,-0.001281547,0,0,7,7,-1.3e-05,1.696546,8.3872,-1.046504e-07,0.01357239,0.06709769,False,0.060597,False
2016-12-15,CE04OSBP-LJ01C-07-VEL3DC107,3,True,2016-12-15T00:00:00Z,2016-12-15T23:59:59Z,691200,691200,0,0.125,0.124879837,0.124999839,-0.003078158,0,0,0,0,5e-06,2.159714,6.212223,3.713904e-08,0.01727773,0.04969784,False,0.040731,False
2016-12-16,CE04OSBP-LJ01C-07-VEL3DC107,3,True,2016-12-16T00:00:00Z,2016-12-16T23:59:59Z,691201,691201,0,0.125,0.124879837,0.12499984,-0.000126968,0,0,7,7,-0.0,1.717679,20.887343,-1.447706e-09,0.01374145,0.167099,False,0.154102,False
2016-12-17,CE04OSBP-LJ01C-07-VEL3DC107,3,True,2016-12-17T00:00:00Z,2016-12-17T23:59:59Z,690105,691201,1096,0.125,0.124879837,0.124999833,-0.000985294,13,1096,13,1101,2e-06,1.810644,6.235151,1.258237e-08,0.01448517,0.04988127,False,0.164197,True
2016-12-18,CE04OSBP-LJ01C-07-VEL3DC107,3,True,2016-12-18T00:00:00Z,2016-12-18T23:59:59Z,691201,691201,0,0.125,0.124879837,0.124999835,-0.002647149,0,0,4,4,-1e-06,1.868849,6.241593,-5.472412e-09,0.01495081,0.04993281,False,0.050345,False
2016-12-19,CE04OSBP-LJ01C-07-VEL3DC107,3,True,2016-12-19T00:00:00Z,2016-12-19T23:59:59Z,691201,691201,0,0.125,0.124879837,0.124999839,0.001329417,0,0,5,5,1e-06,1.713226,5.903511,4.840266e-09,0.01370583,0.04722815,False,0.036973,False
2016-12-20,CE04OSBP-LJ01C-07-VEL3DC107,3,True,2016-12-20T00:00:00Z,2016-12-20T23:59:59Z,691201,691201,0,0.125,0.124879837,0.124999839,0.001117275,0,0,0,0,-6e-06,1.753796,5.01999,-4.533297e-08,0.01403039,0.04015997,False,0.046935,False
2016-12-21,CE04OSBP-LJ01C-07-VEL3DC107,3,True,2016-12-21T00:00:00Z,2016-12-21T23:59:59Z,691201,691201,0,0.125,0.124879837,0.124999835,0.00119208,0,0,5,5,2e-06,2.112047,26.291328,1.43071e-08,0.0168964,0.2103309,False,0.196596,False
2016-12-22,CE04OSBP-LJ01C-07-VEL3DC107,3,True,2016-12-22T00:00:00Z,2016-12-22T23:59:59Z,691051,691201,150,0.125,0.124879837,0.124999839,-0.001029873,6,150,6,156,0.0,2.407498,50.106899,1.474591e-09,0.01926001,0.4008557,True,0.427065,True
2016-12-23,CE04OSBP-LJ01C-07-VEL3DC107,3,True,2016-12-23T00:00:00Z,2016-12-23T23:59:59Z,691201,691201,0,0.125,0.124879837,0.124999844,-4.534e-05,0,0,2,2,1.1e-05,1.811592,6.535804,8.734661e-08,0.01449275,0.0522865,False,0.044434,False
2016-12-24,CE04OSBP-LJ01C-07-VEL3DC107,3,True,2016-12-24T00:00:00Z,2016-12-24T23:59:59Z,691200,691200,0,0.125,0.124879837,0.124999841,0.000395749,0,0,0,0,5e-06,2.389603,8.232333,3.687077e-08,0.01911685,0.06585874,False,0.044904,False
2016-12-25,CE04OSBP-LJ01C-07-VEL3DC107,3,True,2016-12-25T00:00:00Z,2016-12-25T23:59:59Z,691201,691201,0,0.125,0.124879837,0.124999845,0.002173462,0,0,4,4,-0.0,1.767807,6.162665,-6.608114e-10,0.01414247,0.04930138,False,0.049921,False
2016-12-26,CE04OSBP-LJ01C-07-VEL3DC107,3,True,2016-12-26T00:00:00Z,2016-12-26T23:59:59Z,691201,691201,0,0.125,0.124879837,0.124999847,0.001138539,0,0,3,3,-2e-06,2.298723,7.421554,-1.543886e-08,0.01838981,0.0593725,False,0.044282,False
2016-12-27,CE04OSBP-LJ01C-07-VEL3DC107,3,True,2016-12-27T00:00:00Z,2016-12-27T23:59:59Z,691201,691201,0,0.125,0.124879837,0.124999842,0.005331961,0,0,4,4,-0.0,1.593383,6.334529,-2.596187e-09,0.01274708,0.0506763,False,0.045756,False
2016-12-28,CE04OSBP-LJ01C-07-VEL3DC107,3,True,2016-12-28T00:00:00Z,2016-12-28T23:59:59Z,691201,691201,0,0.125,0.124879837,0.124999834,0.002481455,0,0,8,8,1e-06,1.87505,6.6376,1.098806e-08,0.01500042,0.05310087,False,0.049417,False
2016-12-29,CE04OSBP-LJ01C-07-VEL3DC107,3,True,2016-12-29T00:00:00Z,2016-12-29T23:59:59Z,691201,691201,0,0.125,0.124879837,0.124999836,-0.001325468,0,0,13,13,-0.0,2.024537,5.897254,-3.336047e-09,0.01619632,0.0471781,False,0.041551,False
2016-12-30,CE04OSBP-LJ01C-07-VEL3DC107,3,True,2016-12-30T00:00:00Z,2016-12-30T23:59:59Z,691201,691201,0,0.125,0.124879837,0.124999839,-0.003886599,0,0,4,4,-2e-06,1.929614,8.747151,-1.524454e-08,0.01543693,0.0699773,False,0.054637,False
2016-12-31,CE04OSBP-LJ01C-07-VEL3DC107,3,True,2016-12-31T00:00:00Z,2016-12-31T23:59:59Z,691201,691201,0,0.125,0.124879837,0.124999843,-0.000266607,0,0,5,5,0.0,2.338766,9.788618,3.298061e-09,0.01871016,0.07830904,False,0.051395,False
2017-01-01,CE04OSBP-LJ01C-07-VEL3DC107,3,True,2017-01-01T00:00:00Z,2017-01-01T23:59:59Z,691208,691209,1,0.125,0.124879837,0.124999534,-0.988511094,9,1,9,9,0.0,150.151486,989.344076,3.11985e-10,1.201216,7.914782,True,0.137278,True
2017-01-02,CE04OSBP-LJ01C-07-VEL3DC107,3,True,2017-01-02T00:00:00Z,2017-01-02T23:59:59Z,691201,691201,0,0.125,0.124879837,0.124999847,-0.000265326,0,0,5,5,6e-06,1.731669,6.873568,4.504653e-08,0.01385337,0.05498861,False,0.044747,False
2017-01-03,CE04OSBP-LJ01C-07-VEL3DC107,3,True,2017-01-03T00:00:00Z,2017-01-03T23:59:59Z,691201,691201,0,0.125,0.124879837,0.124999833,0.000881471,0,0,2,2,1e-06,1.994774,10.436372,6.597101e-09,0.01595821,0.08349108,False,0.07416,False
2017-01-04,CE04OSBP-LJ01C-07-VEL3DC107,3,True,2017-01-04T00:00:00Z,2017-01-04T23:59:59Z,691201,691201,0,0.125,0.124879837,0.124999834,0.004394421,0,0,5,5,0.0,1.912133,6.438802,3.553903e-09,0.01529709,0.05151049,False,0.055531,False
2017-01-05,CE04OSBP-LJ01C-07-VEL3DC107,3,True,2017-01-05T00:00:00Z,2017-01-05T23:59:59Z,691201,691201,0,0.125,0.124879837,0.124999837,-0.002555315,0,0,6,6,-1e-06,2.03061,7.478808,-1.013654e-08,0.0162449,0.05983055,False,0.044663,False
2017-01-06,CE04OSBP-LJ01C-07-VEL3DC107,3,True,2017-01-06T00:00:00Z,2017-01-06T23:59:59Z,691201,691201,0,0.125,0.124879837,0.124999826,0.002694509,0,0,7,7,0.0,3.277573,8.97997,1.196029e-09,0.02622062,0.07183986,False,0.034507,False
2017-01-07,CE04OSBP-LJ01C-07-VEL3DC107,3,True,2017-01-07T00:00:00Z,2017-01-07T23:59:59Z,691201,691201,0,0.125,0.124879837,0.124999832,0.000916158,0,0,8,8,-0.0,3.724782,8.933952,-3.330508e-09,0.02979829,0.07147171,False,0.095119,False
2017-01-08,CE04OSBP-LJ01C-07-VEL3DC107,3,True,2017-01-08T00:00:00Z,2017-01-08T23:59:59Z,690291,691202,911,0.125,0.124879837,0.124999669,0.029751656,7,911,7,917,1e-06,35.633481,93.555681,5.42794e-09,0.2850686,0.7484474,True,0.317574,True
2017-01-09,CE04OSBP-LJ01C-07-VEL3DC107,3,True,2017-01-09T00:00:00Z,2017-01-09T18:30:53Z,533232,533232,0,0.125,0.124879837,0.124999816,0.000730007,0,0,0,0,-5e-06,1.761461,5.281051,-4.117502e-08,0.01409171,0.04224847,False,0.050563,False
2017-01-10,CE04OSBP-LJ01C-07-VEL3DC107,3,False,,,0,0,,0.125,,,,,,,,,,,,,,,,False
2017-01-11,CE04OSBP-LJ01C-07-VEL3DC107,3,True,2017-01-11T01:17:07Z,2017-01-11T23:59:59Z,654179,654179,0,0.125,0.124879837,0.124999818,0.000270962,0,0,10,10,-1e-06,1.636498,6.364875,-8.189523e-09,0.013092,0.05091907,False,0.049047,False
2017-01-12,CE04OSBP-LJ01C-07-VEL3DC107,3,True,2017-01-12T00:00:00Z,2017-01-12T23:59:59Z,691201,691201,0,0.125,0.124879837,0.124999817,0.003744094,0,0,4,4,1e-06,1.884234,6.95252,5.653339e-09,0.0150739,0.05562024,False,0.053755,False
2017-01-13,CE04OSBP-LJ01C-07-VEL3DC107,3,True,2017-01-13T00:00:00Z,2017-01-13T23:59:59Z,691201,691201,0,0.125,0.124879837,0.124999829,-0.003722742,0,0,8,8,-2e-06,2.058998,10.58384,-1.800733e-08,0.01647201,0.08467083,False,0.074011,False
2017-01-14,CE04OSBP-LJ01C-07-VEL3DC107,3,True,2017-01-14T00:00:00Z,2017-01-14T23:59:59Z,691201,691201,0,0.125,0.124879837,0.124999833,-0.002094327,0,0,6,6,-1e-06,2.301744,7.938598,-6.755227e-09,0.01841398,0.06350887,False,0.050471,False
2017-01-15,CE04OSBP-LJ01C-07-VEL3DC107,3,True,2017-01-15T00:00:00Z,2017-01-15T23:59:59Z,691201,691201,0,0.125,0.124879837,0.124999833,-0.002884861,0,0,1,1,4e-06,2.214681,7.321771,2.864191e-08,0.01771747,0.05857425,False,0.049624,False
2017-01-16,CE04OSBP-LJ01C-07-VEL3DC107,3,True,2017-01-16T00:00:00Z,2017-01-16T23:59:59Z,691201,691201,0,0.125,0.124879837,0.12499983,2.4801e-05,0,0,6,6,0.0,1.643465,8.247243,2.65794e-09,0.01314774,0.06597803,False,0.054461,False
2017-01-17,CE04OSBP-LJ01C-07-VEL3DC107,3,True,2017-01-17T00:00:00Z,2017-01-17T23:59:59Z,691201,691201,0,0.125,0.124879837,0.124999831,0.004036472,0,0,9,9,1e-06,1.56102,7.512373,5.813072e-09,0.01248817,0.06009906,False,0.051869,False
2017-01-18,CE04OSBP-LJ01C-07-VEL3DC107,3,True,2017-01-18T00:00:00Z,2017-01-18T23:59:59Z,691201,691201,0,0.125,0.124879837,0.124999828,0.001340299,0,0,5,5,1e-06,1.973717,7.097036,5.031979e-09,0.01578976,0.05677636,False,0.051441,False
2017-01-19,CE04OSBP-LJ01C-07-VEL3DC107,3,True,2017-01-19T00:00:00Z,2017-01-19T23:59:59Z,678742,691213,12471,0.125,0.124879837,0.124996702,0.482900281,3,12471,3,12473,-0.0,380.046256,801.580657,-2.203034e-09,3.04045,6.412814,True,0.074225,True
2017-01-20,CE04OSBP-LJ01C-07-VEL3DC107,3,True,2017-01-20T00:00:00Z,2017-01-20T23:59:59Z,691201,691201,0,0.125,0.124879837,0.124999829,-0.000143212,0,0,4,4,-1e-06,1.740849,6.813221,-5.133932e-09,0.01392681,0.05450584,False,0.055817,False
2017-01-21,CE04OSBP-LJ01C-07-VEL3DC107,3,True,2017-01-21T00:00:00Z,2017-01-21T23:59:59Z,691201,691201,0,0.125,0.124879837,0.124999825,0.002549482,0,0,6,6,1e-06,1.833096,7.360223,5.826082e-09,0.01466478,0.05888187,False,0.077188,False
2017-01-22,CE04OSBP-LJ01C-07-VEL3DC107,3,True,2017-01-22T00:00:00Z,2017-01-22T23:59:59Z,691201,691201,0,0.125,0.124879837,0.124999824,-0.000405271,0,0,7,7,-0.0,1.89728,6.867067,-9.72224e-10,0.01517826,0.05493661,False,0.052228,False
2017-01-23,CE04OSBP-LJ01C-07-VEL3DC107,3,True,2017-01-23T00:00:00Z,2017-01-23T23:59:59Z,691201,691201,0,0.125,0.124879837,0.12499982,0.004514971,0,0,4,4,-1e-06,2.053336,11.235808,-9.304697e-09,0.01642671,0.08988659,False,0.088204,False
2017-01-24,CE04OSBP-LJ01C-07-VEL3DC107,3,True,2017-01-24T00:00:00Z,2017-01-24T23:59:59Z,691201,691201,0,0.125,0.124879837,0.124999824,-0.000772811,0,0,2,2,-2e-06,1.90105,5.642479,-1.529081e-08,0.01520842,0.04513989,False,0.046691,False
2017-01-25,CE04OSBP-LJ01C-07-VEL3DC107,3,True,2017-01-25T00:00:00Z,2017-01-25T23:59:59Z,691201,691201,0,0.125,0.124879837,0.124999824,0.000658242,0,0,8,8,1e-06,1.805711,7.284609,9.447575e-09,0.01444571,0.05827696,False,0.060563,False
2017-01-26,CE04OSBP-LJ01C-07-VEL3DC107,3,True,2017-01-26T00:00:00Z,2017-01-26T23:59:59Z,691201,691201,0,0.125,0.124879837,0.124999841,-0.001342028,0,0,5,5,0.0,1.568733,4.843553,1.254872e-10,0.01254988,0.03874848,False,0.02913,False
2017-01-27,CE04OSBP-LJ01C-07-VEL3DC107,3,True,2017-01-27T00:00:00Z,2017-01-27T23:59:59Z,691201,691201,0,0.125,0.124879837,0.124999837,-0.000134749,0,0,7,7,-4e-06,1.903037,6.284099,-2.946413e-08,0.01522431,0.05027286,False,0.051292,False
2017-01-28,CE04OSBP-LJ01C-07-VEL3DC107,3,True,2017-01-28T00:00:00Z,2017-01-28T23:59:59Z,691201,691201,0,0.125,0.124879837,0.124999829,-0.001106886,0,0,5,5,-0.0,1.956906,6.708367,-1.713577e-09,0.01565527,0.05366701,False,0.052373,False
2017-01-29,CE04OSBP-LJ01C-07-VEL3DC107,3,True,2017-01-29T00:00:00Z,2017-01-29T23:59:59Z,691201,691201,0,0.125,0.124879837,0.124999834,0.006755549,0,0,1,1,-4e-06,2.238807,8.303379,-2.951178e-08,0.01791048,0.06642712,False,0.045729,False
2017-01-30,CE04OSBP-LJ01C-07-VEL3DC107,3,True,2017-01-30T00:00:00Z,2017-01-30T23:59:59Z,687565,691203,3638,0.125,0.124879837,0.124999818,0.00255733,3,3638,3,3638,-3e-06,31.801466,363.193226,-2.298639e-08,0.2544121,2.90555,True,0.253517,True
2017-01-31,CE04OSBP-LJ01C-07-VEL3DC107,3,True,2017-01-31T00:00:00Z,2017-01-31T23:59:59Z,435088,691447,256359,0.125,0.124879837,0.124940083,6.817028822,18,256359,18,256367,1e-06,4088.657198,8679.641129,5.581456e-09,32.72494,69.47043,True,0.460713,True
2017-02-01,CE04OSBP-LJ01C-07-VEL3DC107,3,True,2017-02-01T00:00:00Z,2017-02-01T23:59:59Z,691201,691201,0,0.125,0.124879837,0.124999835,0.001934461,0,0,7,7,0.0,2.331776,5.852149,9.293743e-10,0.01865424,0.04681725,False,0.053232,False
2017-02-02,CE04OSBP-LJ01C-07-VEL3DC107,3,True,2017-02-02T00:00:00Z,2017-02-02T23:59:59Z,691201,691201,0,0.125,0.124879837,0.124999835,0.004924249,0,0,8,8,0.0,2.639185,10.538558,1.512181e-10,0.02111351,0.08430858,False,0.108568,False
2017-02-03,CE04OSBP-LJ01C-07-VEL3DC107,3,True,2017-02-03T00:00:00Z,2017-02-03T23:59:59Z,691201,691201,0,0.125,0.124879837,0.124999835,-0.001634089,0,0,14,14,1e-06,2.030895,24.925737,9.143363e-09,0.01624718,0.1994062,False,0.197902,False
2017-02-04,CE04OSBP-LJ01C-07-VEL3DC107,3,True,2017-02-04T00:00:00Z,2017-02-04T23:59:59Z,691201,691201,0,0.125,0.124879837,0.124999827,0.002785145,0,0,2,2,1e-06,1.693667,7.541638,6.457774e-09,0.01354936,0.06033319,False,0.052201,False
2017-02-05,CE04OSBP-LJ01C-07-VEL3DC107,3,True,2017-02-05T00:00:00Z,2017-02-05T23:59:59Z,691201,691201,0,0.125,0.124879837,0.124999818,-0.00182699,0,0,8,8,-0.0,1.800459,7.190145,-2.88106e-09,0.01440369,0.05752125,False,0.050819,False
2017-02-06,CE04OSBP-LJ01C-07-VEL3DC107,3,True,2017-02-06T00:00:00Z,2017-02-06T23:59:59Z,691201,691201,0,0.125,0.124879837,0.124999822,-0.003175888,0,0,0,0,-6e-06,1.867549,6.375066,-4.5428e-08,0.01494042,0.0510006,False,0.039661,False
2017-02-07,CE04OSBP-LJ01C-07-VEL3DC107,3,True,2017-02-07T00:00:00Z,2017-02-07T23:59:59Z,684890,691207,6317,0.125,0.124879837,0.124998246,0.233987558,6,6317,6,6322,1e-06,190.371334,399.841527,1.072637e-08,1.522992,3.198777,True,0.085409,True
2017-02-08,CE04OSBP-LJ01C-07-VEL3DC107,3,True,2017-02-08T00:00:00Z,2017-02-08T23:59:59Z,691201,691201,0,0.125,0.124879837,0.124999832,0.000476832,0,0,1,1,-0.0,3.445981,8.6312,-7.135392e-10,0.02756789,0.06904969,False,0.050212,False
2017-02-09,CE04OSBP-LJ01C-07-VEL3DC107,3,True,2017-02-09T00:00:00Z,2017-02-09T23:59:59Z,691201,691201,0,0.125,0.124879837,0.124999819,-0.000595782,0,0,3,3,-1e-06,2.064302,7.620355,-5.234466e-09,0.01651444,0.06096293,False,0.052724,False
2017-02-10,CE04OSBP-LJ01C-07-VEL3DC107,3,True,2017-02-10T00:00:00Z,2017-02-10T23:59:59Z,691201,691201,0,0.125,0.124879837,0.124999826,0.002436548,0,0,5,5,-1e-06,2.056412,5.912186,-8.738482e-09,0.01645132,0.04729756,False,0.049509,False
2017-02-11,CE04OSBP-LJ01C-07-VEL3DC107,3,True,2017-02-11T00:00:00Z,2017-02-11T23:59:59Z,691201,691201,0,0.125,0.124879837,0.124999831,-0.000651341,0,0,7,7,2e-06,2.862435,10.01382,1.828073e-08,0.02289951,0.08011066,False,0.055126,False
2017-02-12,CE04OSBP-LJ01C-07-VEL3DC107,3,True,2017-02-12T00:00:00Z,2017-02-12T23:59:59Z,691201,691201,0,0.125,0.124879837,0.124999835,0.004806522,0,0,12,12,-4e-06,3.247658,8.833797,-3.465743e-08,0.0259813,0.07067047,False,0.029237,False
2017-02-13,CE04OSBP-LJ01C-07-VEL3DC107,3,True,2017-02-13T00:00:00Z,2017-02-13T23:59:59Z,691201,691201,0,0.125,0.124879837,0.124999835,-0.005716769,0,0,4,4,-1.2e-05,1.867003,7.106689,-9.680808e-08,0.01493604,0.05685358,False,0.048318,False
2017-02-14,CE04OSBP-LJ01C-07-VEL3DC107,3,True,2017-02-14T00:00:00Z,2017-02-14T23:59:59Z,691200,691200,0,0.125,0.124879837,0.124999845,-0.002850942,0,0,0,0,5e-06,1.89611,6.640147,3.690301e-08,0.0151689,0.05312124,False,0.05012,False
2017-02-15,CE04OSBP-LJ01C-07-VEL3DC107,3,True,2017-02-15T00:00:00Z,2017-02-15T14:43:06Z,423891,423891,0,0.125,0.124879837,0.12499983,0.002233416,0,0,2,2,-1e-06,1.714125,6.658394,-6.567204e-09,0.01371302,0.05326722,False,0.05012,False
2017-02-16,CE04OSBP-LJ01C-07-VEL3DC107,3,True,2017-02-16T22:27:13Z,2017-02-16T23:59:59Z,44536,44536,0,0.125,0.124879837,0.124999859,-0.000134625,0,0,0,0,0.0,1.420393,4.555146,1.567654e-11,0.01136315,0.03644121,False,0.036534,False
2017-02-17,CE04OSBP-LJ01C-07-VEL3DC107,3,True,2017-02-17T00:00:00Z,2017-02-17T23:59:59Z,691201,691201,0,0.125,0.124879837,0.124999829,9.6261e-05,0,0,4,4,1e-06,2.045312,8.125844,9.511272e-09,0.01636252,0.06500684,False,0.053732,False
2017-02-18,CE04OSBP-LJ01C-07-VEL3DC107,3,True,2017-02-18T00:00:00Z,2017-02-18T23:59:59Z,691201,691201,0,0.125,0.124879837,0.124999831,-0.000214523,0,0,8,8,-1e-06,1.740008,7.381029,-6.217546e-09,0.01392009,0.05904831,False,0.078173,False
2017-02-19,CE04OSBP-LJ01C-07-VEL3DC107,3,True,2017-02-19T00:00:00Z,2017-02-19T23:59:59Z,691201,691201,0,0.125,0.124879837,0.124999832,0.000820997,0,0,5,5,-1e-06,2.080396,9.809066,-6.44032e-09,0.01664319,0.07847264,False,0.055805,False
2017-02-20,CE04OSBP-LJ01C-07-VEL3DC107,3,True,2017-02-20T00:00:00Z,2017-02-20T23:59:59Z,691201,691201,0,0.125,0.124879837,0.124999833,0.00444382,0,0,2,2,1e-06,2.098059,7.627028,7.690241e-09,0.01678449,0.06101631,False,0.050292,False
2017-02-21,CE04OSBP-LJ01C-07-VEL3DC107,3,True,2017-02-21T00:00:00Z,2017-02-21T23:59:59Z,691201,691201,0,0.125,0.124879837,0.124999823,0.001040122,0,0,3,3,1e-06,3.578766,9.24292,8.240376e-09,0.02863017,0.07394346,False,0.051109,False
2017-02-22,CE04OSBP-LJ01C-07-VEL3DC107,3,True,2017-02-22T00:00:00Z,2017-02-22T23:59:59Z,691201,691201,0,0.125,0.124879837,0.124999829,0.005905695,0,0,3,3,-1e-06,3.454442,11.690437,-1.095712e-08,0.02763558,0.09352363,False,0.07665,False
2017-02-23,CE04OSBP-LJ01C-07-VEL3DC107,3,True,2017-02-23T00:00:00Z,2017-02-23T23:59:59Z,691201,691201,0,0.125,0.124879837,0.124999819,0.001252221,0,0,7,7,1e-06,2.023419,8.174317,7.883571e-09,0.01618738,0.06539463,False,0.05946,False
2017-02-24,CE04OSBP-LJ01C-07-VEL3DC107,3,True,2017-02-24T00:00:00Z,2017-02-24T23:59:59Z,691201,691201,0,0.125,0.124879837,0.124999823,0.00355232,0,0,10,10,1e-06,2.592347,18.650624,4.420054e-09,0.0207388,0.1492052,False,0.1527,False
2017-02-25,CE04OSBP-LJ01C-07-VEL3DC107,3,True,2017-02-25T00:00:00Z,2017-02-25T23:59:59Z,691201,691201,0,0.125,0.124879837,0.124999831,-0.002370997,0,0,8,8,8e-06,1.636095,7.75198,6.31611e-08,0.01308878,0.06201592,False,0.049326,False
2017-02-26,CE04OSBP-LJ01C-07-VEL3DC107,3,True,2017-02-26T00:00:00Z,2017-02-26T23:59:59Z,691201,691201,0,0.125,0.124879837,0.124999829,0.000703402,0,0,7,7,-2e-06,1.562955,6.480214,-1.312324e-08,0.01250366,0.05184178,False,0.043503,False
2017-02-27,CE04OSBP-LJ01C-07-VEL3DC107,3,True,2017-02-27T00:00:00Z,2017-02-27T23:59:59Z,691201,691201,0,0.125,0.124879837,0.124999831,-0.000377216,0,0,3,3,-6e-06,1.892836,9.563025,-5.187312e-08,0.01514271,0.07650431,False,0.053579,False
2017-02-28,CE04OSBP-LJ01C-07-VEL3DC107,3,True,2017-02-28T00:00:00Z,2017-02-28T23:59:59Z,691200,691200,0,0.125,0.124879837,0.12499983,0.000111413,0,0,0,0,5e-06,2.105421,7.783403,3.753949e-08,0.01684339,0.0622673,False,0.053102,False
2017-03-01,CE04OSBP-LJ01C-07-VEL3DC107,3,True,2017-03-01T00:00:00Z,2017-03-01T23:59:59Z,691201,691201,0,0.125,0.124879837,0.124999837,0.004268333,0,0,7,7,2e-06,2.31891,9.755175,1.452566e-08,0.0185513,0.07804151,False,0.082145,False
2017-03-02,CE04OSBP-LJ01C-07-VEL3DC107,3,True,2017-03-02T00:00:00Z,2017-03-02T23:59:59Z,691201,691201,0,0.125,0.124879837,0.124999835,-0.000337231,0,0,4,4,2e-06,2.292905,7.243063,1.217041e-08,0.01834326,0.05794458,False,0.04944,False
2017-03-03,CE04OSBP-LJ01C-07-VEL3DC107,3,True,2017-03-03T00:00:00Z,2017-03-03T23:59:59Z,691201,691201,0,0.125,0.124879837,0.124999834,0.00314002,0,0,1,1,-1e-06,2.515679,6.95969,-7.123748e-09,0.02012546,0.0556776,False,0.035778,False
2017-03-04,CE04OSBP-LJ01C-07-VEL3DC107,3,True,2017-03-04T00:00:00Z,2017-03-04T23:59:59Z,691201,691201,0,0.125,0.124879837,0.124999836,-0.000833142,0,0,7,7,1e-06,2.423877,7.580892,9.910137e-09,0.01939104,0.06064722,False,0.04571,False
2017-03-05,CE04OSBP-LJ01C-07-VEL3DC107,3,True,2017-03-05T00:00:00Z,2017-03-05T23:59:59Z,691201,691201,0,0.125,0.124879837,0.124999833,0.000571985,0,0,6,6,-0.0,3.441046,9.447747,-1.202334e-09,0.02752841,0.07558208,False,0.054236,False
2017-03-06,CE04OSBP-LJ01C-07-VEL3DC107,3,True,2017-03-06T00:00:00Z,2017-03-06T23:59:59Z,691201,691201,0,0.125,0.124879837,0.124999828,0.002366349,0,0,6,6,-1e-06,2.148967,6.467586,-5.663132e-09,0.01719176,0.05174076,False,0.044778,False
2017-03-07,CE04OSBP-LJ01C-07-VEL3DC107,3,True,2017-03-07T00:00:00Z,2017-03-07T23:59:59Z,691201,691201,0,0.125,0.124879837,0.12499983,0.000659618,0,0,4,4,1e-06,2.021805,8.348059,6.641034e-09,0.01617446,0.06678457,False,0.054744,False
2017-03-08,CE04OSBP-LJ01C-07-VEL3DC107,3,True,2017-03-08T00:00:00Z,2017-03-08T23:59:59Z,691201,691201,0,0.125,0.124879837,0.124999823,0.002413578,0,0,5,5,-0.0,2.521607,6.936277,-1.025687e-09,0.02017289,0.0554903,False,0.065248,False
2017-03-09,CE04OSBP-LJ01C-07-VEL3DC107,3,True,2017-03-09T00:00:00Z,2017-03-09T23:59:59Z,691201,691201,0,0.125,0.124879837,0.124999825,-0.002311447,0,0,14,14,1e-06,1.819408,5.769681,1.051397e-08,0.01455529,0.04615751,False,0.050089,False
2017-03-10,CE04OSBP-LJ01C-07-VEL3DC107,3,True,2017-03-10T00:00:00Z,2017-03-10T23:59:59Z,691201,691201,0,0.125,0.124879837,0.124999832,0.001534367,0,0,10,10,2e-06,2.134141,8.153021,1.810849e-08,0.01707315,0.06522425,False,0.070239,False
2017-03-11,CE04OSBP-LJ01C-07-VEL3DC107,3,True,2017-03-11T00:00:00Z,2017-03-11T23:59:59Z,691201,691201,0,0.125,0.124879837,0.124999833,-0.001490379,0,0,6,6,-8e-06,1.866811,9.497616,-6.436662e-08,0.01493451,0.07598103,False,0.076386,False
2017-03-12,CE04OSBP-LJ01C-07-VEL3DC107,3,True,2017-03-12T00:00:00Z,2017-03-12T23:59:59Z,691201,691201,0,0.125,0.124879837,0.124999829,-0.00239211,0,0,2,2,-2e-06,2.016421,11.741152,-1.676933e-08,0.01613139,0.09392935,False,0.085314,False
2017-03-13,CE04OSBP-LJ01C-07-VEL3DC107,3,True,2017-03-13T00:00:00Z,2017-03-13T23:59:59Z,691201,691201,0,0.125,0.124879837,0.124999827,0.001645995,0,0,5,5,8e-06,1.764584,6.89682,6.083034e-08,0.01411669,0.05517464,False,0.048287,False
2017-03-14,CE04OSBP-LJ01C-07-VEL3DC107,3,True,2017-03-14T00:00:00Z,2017-03-14T23:59:59Z,691200,691200,0,0.125,0.124879837,0.124999832,0.000845567,0,0,0,0,5e-06,1.715369,7.64935,3.676091e-08,0.01372297,0.06119488,False,0.055561,False
2017-03-15,CE04OSBP-LJ01C-07-VEL3DC107,3,True,2017-03-15T00:00:00Z,2017-03-15T23:59:59Z,691201,691201,0,0.125,0.124879837,0.124999832,-0.001964953,0,0,5,5,0.0,1.842769,7.432979,1.170562e-09,0.01474217,0.05946391,False,0.049715,False
2017-03-16,CE04OSBP-LJ01C-07-VEL3DC107,3,True,2017-03-16T00:00:00Z,2017-03-16T23:59:59Z,691201,691201,0,0.125,0.124879837,0.12499983,-0.003019364,0,0,5,5,-2e-06,2.577869,9.373798,-1.478102e-08,0.02062298,0.07499048,False,0.090568,False
2017-03-17,CE04OSBP-LJ01C-07-VEL3DC107,3,True,2017-03-17T00:00:00Z,2017-03-17T23:59:59Z,691201,691201,0,0.125,0.124879837,0.124999831,-0.001499546,0,0,6,6,-2e-06,2.011737,8.194152,-1.247468e-08,0.01609392,0.06555331,False,0.058513,False
2017-03-18,CE04OSBP-LJ01C-07-VEL3DC107,3,True,2017-03-18T00:00:00Z,2017-03-18T23:59:59Z,690718,691201,483,0.125,0.124879837,0.124999829,0.005183079,9,483,9,491,-1e-06,2.993332,8.190023,-1.092447e-08,0.02394669,0.06552028,False,0.468384,True
2017-03-19,CE04OSBP-LJ01C-07-VEL3DC107,3,True,2017-03-19T00:00:00Z,2017-03-19T23:59:59Z,691201,691201,0,0.125,0.124879837,0.124999829,-0.003632652,0,0,4,4,-1e-06,2.89136,7.185046,-6.059921e-09,0.02313091,0.05748045,False,0.050712,False
2017-03-20,CE04OSBP-LJ01C-07-VEL3DC107,3,True,2017-03-20T00:00:00Z,2017-03-20T23:59:59Z,691201,691201,0,0.125,0.124879837,0.124999835,0.000367675,0,0,8,8,0.0,1.696567,7.056203,1.788183e-09,0.01357255,0.0564497,False,0.045492,False
2017-03-21,CE04OSBP-LJ01C-07-VEL3DC107,3,True,2017-03-21T00:00:00Z,2017-03-21T23:59:59Z,691201,691201,0,0.125,0.124879837,0.124999837,-0.001087037,0,0,9,9,-2e-06,1.846851,8.057119,-1.243583e-08,0.01477483,0.06445703,False,0.05789,False
2017-03-22,CE04OSBP-LJ01C-07-VEL3DC107,3,True,2017-03-22T00:00:00Z,2017-03-22T23:59:59Z,691201,691201,0,0.125,0.124879837,0.124999827,0.004037855,0,0,5,5,1e-06,1.839486,7.629444,4.364146e-09,0.01471591,0.06103564,False,0.066314,False
2017-03-23,CE04OSBP-LJ01C-07-VEL3DC107,3,True,2017-03-23T00:00:00Z,2017-03-23T23:59:59Z,691201,691201,0,0.125,0.124879837,0.12499982,-0.000196405,0,0,2,2,0.0,1.9419,7.286976,3.38743e-09,0.01553522,0.05829589,False,0.050723,False
2017-03-24,CE04OSBP-LJ01C-07-VEL3DC107,3,True,2017-03-24T00:00:00Z,2017-03-24T23:59:59Z,691201,691201,0,0.125,0.124879837,0.124999822,0.0018736,0,0,1,1,-1e-06,1.747034,8.5408,-1.042418e-08,0.01397629,0.0683265,False,0.054652,False
2017-03-25,CE04OSBP-LJ01C-07-VEL3DC107,3,True,2017-03-25T00:00:00Z,2017-03-25T23:59:59Z,691201,691201,0,0.125,0.124879837,0.124999815,0.000306725,0,0,3,3,2e-06,1.626841,26.975103,1.957129e-08,0.01301475,0.2158011,False,0.196039,False
2017-03-26,CE04OSBP-LJ01C-07-VEL3DC107,3,True,2017-03-26T00:00:00Z,2017-03-26T23:59:59Z,691201,691201,0,0.125,0.124879837,0.124999823,-0.001834371,0,0,6,6,0.0,2.23099,14.70203,1.673216e-09,0.01784794,0.1176164,False,0.114872,False
2017-03-27,CE04OSBP-LJ01C-07-VEL3DC107,3,True,2017-03-27T00:00:00Z,2017-03-27T23:59:59Z,691201,691201,0,0.125,0.124879837,0.124999824,-0.00184158,0,0,6,6,-1e-06,2.546941,25.295892,-8.633039e-09,0.02037556,0.2023674,False,0.196004,False
2017-03-28,CE04OSBP-LJ01C-07-VEL3DC107,3,True,2017-03-28T00:00:00Z,2017-03-28T23:59:59Z,691201,691201,0,0.125,0.124879837,0.124999821,-0.00279802,0,0,7,7,-0.0,2.256594,8.98904,-3.902361e-09,0.01805277,0.07191242,False,0.051052,False
2017-03-29,CE04OSBP-LJ01C-07-VEL3DC107,3,True,2017-03-29T00:00:00Z,2017-03-29T23:59:59Z,690146,691201,1055,0.125,0.124879837,0.124999827,-0.000375449,15,1055,15,1064,1e-06,2.484367,20.259873,6.647826e-09,0.01987496,0.1620792,False,0.41028,True
2017-03-30,CE04OSBP-LJ01C-07-VEL3DC107,3,True,2017-03-30T00:00:00Z,2017-03-30T23:59:59Z,691201,691201,0,0.125,0.124879837,0.124999836,-0.002409944,0,0,7,7,-2e-06,1.695486,6.437554,-1.221806e-08,0.01356391,0.0515005,False,0.043831,False
2017-03-31,CE04OSBP-LJ01C-07-VEL3DC107,3,True,2017-03-31T00:00:00Z,2017-03-31T23:59:59Z,691201,691201,0,0.125,0.124879837,0.124999831,-0.002502727,0,0,10,10,-1e-06,2.556099,7.089933,-8.28656e-09,0.02044882,0.05671954,False,0.06046,False
2017-04-01,CE04OSBP-LJ01C-07-VEL3DC107,3,True,2017-04-01T00:00:00Z,2017-04-01T23:59:59Z,691201,691201,0,0.125,0.124879837,0.124999843,-0.001902362,0,0,4,4,8e-06,1.804178,6.415512,6.188329e-08,0.01443344,0.05132416,False,0.054099,False
2017-04-02,CE04OSBP-LJ01C-07-VEL3DC107,3,True,2017-04-02T00:00:00Z,2017-04-02T23:59:59Z,691200,691200,0,0.125,0.124879837,0.124999847,0.002587622,0,0,0,0,5e-06,2.10216,10.551682,3.722222e-08,0.0168173,0.08441356,False,0.082832,False
2017-04-03,CE04OSBP-LJ01C-07-VEL3DC107,3,True,2017-04-03T00:00:00Z,2017-04-03T23:59:59Z,691201,691201,0,0.125,0.124879837,0.124999853,-0.000900767,0,0,3,3,4e-06,1.663744,5.565969,3.010506e-08,0.01330997,0.04452781,False,0.041727,False
2017-04-04,CE04OSBP-LJ01C-07-VEL3DC107,3,True,2017-04-04T00:00:00Z,2017-04-04T23:59:59Z,691201,691201,0,0.125,0.124879837,0.124999849,-0.00114858,0,0,8,8,-0.0,1.981839,8.210484,-2.804155e-09,0.01585473,0.06568395,False,0.055687,False
2017-04-05,CE04OSBP-LJ01C-07-VEL3DC107,3,True,2017-04-05T00:00:00Z,2017-04-05T23:59:59Z,691201,691201,0,0.125,0.124879837,0.124999832,0.000991187,0,0,3,3,1e-06,2.131648,7.899829,6.929154e-09,0.0170532,0.06319872,False,0.046279,False
2017-04-06,CE04OSBP-LJ01C-07-VEL3DC107,3,True,2017-04-06T00:00:00Z,2017-04-06T23:59:59Z,691201,691201,0,0.125,0.124879837,0.124999855,0.00399211,0,0,3,3,-2e-06,1.790012,7.205177,-1.389232e-08,0.01432011,0.05764148,False,0.049711,False
2017-04-07,CE04OSBP-LJ01C-07-VEL3DC107,3,True,2017-04-07T00:00:00Z,2017-04-07T23:59:59Z,691201,691201,0,0.125,0.124879837,0.12499985,-0.003167091,0,0,1,1,-8e-06,1.759275,7.909143,-6.001493e-08,0.01407422,0.06327322,False,0.054614,False
2017-04-08,CE04OSBP-LJ01C-07-VEL3DC107,3,True,2017-04-08T00:00:00Z,2017-04-08T23:59:59Z,691201,691201,0,0.125,0.124879837,0.124999827,0.002547872,0,0,7,7,6e-06,1.955498,10.122508,5.000617e-08,0.01564401,0.08098017,False,0.07437,False
2017-04-09,CE04OSBP-LJ01C-07-VEL3DC107,3,True,2017-04-09T00:00:00Z,2017-04-09T23:59:59Z,691201,691201,0,0.125,0.124879837,0.12499983,0.00228205,0,0,3,3,-7e-06,2.260196,8.290185,-5.862666e-08,0.01808159,0.06632157,False,0.049471,False
2017-04-10,CE04OSBP-LJ01C-07-VEL3DC107,3,True,2017-04-10T00:00:00Z,2017-04-10T23:59:59Z,691200,691200,0,0.125,0.124879837,0.12499983,0.000258909,0,0,1,1,5e-06,1.904093,7.309051,3.803028e-08,0.01523277,0.05847249,False,0.044763,False
2017-04-11,CE04OSBP-LJ01C-07-VEL3DC107,3,True,2017-04-11T00:00:00Z,2017-04-11T23:59:59Z,691201,691201,0,0.125,0.124879837,0.124999825,-0.001437348,0,0,6,6,-2e-06,1.903598,6.038786,-1.332947e-08,0.01522881,0.04831036,False,0.045916,False
2017-04-12,CE04OSBP-LJ01C-07-VEL3DC107,3,True,2017-04-12T00:00:00Z,2017-04-12T23:59:59Z,691201,691201,0,0.125,0.124879837,0.124999838,-0.002097144,0,0,2,2,2e-06,2.6941,7.283677,1.965347e-08,0.02155282,0.05826949,False,0.031589,False
2017-04-13,CE04OSBP-LJ01C-07-VEL3DC107,3,True,2017-04-13T00:00:00Z,2017-04-13T23:59:59Z,691201,691201,0,0.125,0.124879837,0.124999839,-0.000372266,0,0,4,4,-0.0,3.030128,9.763025,-1.716383e-10,0.02424105,0.0781043,False,0.064122,False
2017-04-14,CE04OSBP-LJ01C-07-VEL3DC107,3,True,2017-04-14T00:00:00Z,2017-04-14T23:59:59Z,691201,691201,0,0.125,0.124879837,0.124999822,0.005234886,0,0,5,5,1e-06,4.171617,10.736824,4.708256e-09,0.03337298,0.08589471,False,0.048394,False
2017-04-15,CE04OSBP-LJ01C-07-VEL3DC107,3,True,2017-04-15T00:00:00Z,2017-04-15T23:59:59Z,691201,691201,0,0.125,0.124879837,0.124999825,0.002806588,0,0,8,8,-1e-06,2.955302,7.263948,-4.570346e-09,0.02364245,0.05811166,False,0.049753,False
2017-04-16,CE04OSBP-LJ01C-07-VEL3DC107,3,True,2017-04-16T00:00:00Z,2017-04-16T23:59:59Z,691201,691201,0,0.125,0.124879837,0.124999835,0.004276627,0,0,6,6,-1e-06,1.978318,8.106376,-6.835702e-09,0.01582656,0.06485109,False,0.061602,False
2017-04-17,CE04OSBP-LJ01C-07-VEL3DC107,3,True,2017-04-17T00:00:00Z,2017-04-17T23:59:59Z,691201,691201,0,0.125,0.124879837,0.124999832,0.003813092,0,0,2,2,-0.0,2.498737,8.799051,-5.630631e-10,0.01998992,0.07039251,False,0.049811,False
2017-04-18,CE04OSBP-LJ01C-07-VEL3DC107,3,True,2017-04-18T00:00:00Z,2017-04-18T23:59:59Z,691201,691201,0,0.125,0.124879837,0.124999827,-0.00015708,0,0,2,2,-0.0,1.78801,6.789127,-3.759781e-09,0.0143041,0.05431309,False,0.048654,False
2017-04-19,CE04OSBP-LJ01C-07-VEL3DC107,3,True,2017-04-19T00:00:00Z,2017-04-19T23:59:59Z,691201,691201,0,0.125,0.124879837,0.124999831,0.001355632,0,0,7,7,-1e-06,1.79458,6.143188,-6.131953e-09,0.01435666,0.04914557,False,0.05046,False
2017-04-20,CE04OSBP-LJ01C-07-VEL3DC107,3,True,2017-04-20T00:00:00Z,2017-04-20T23:59:59Z,691201,691201,0,0.125,0.124879837,0.12499983,-0.00212451,0,0,7,7,-0.0,1.672568,5.979496,-3.059387e-09,0.01338056,0.04783603,False,0.042796,False
2017-04-21,CE04OSBP-LJ01C-07-VEL3DC107,3,True,2017-04-21T00:00:00Z,2017-04-21T23:59:59Z,691201,691201,0,0.125,0.124879837,0.124999835,-0.000200646,0,0,10,10,1e-06,2.240546,10.163601,1.069901e-08,0.01792439,0.08130892,False,0.077429,False
2017-04-22,CE04OSBP-LJ01C-07-VEL3DC107,3,True,2017-04-22T00:00:00Z,2017-04-22T23:59:59Z,691201,691201,0,0.125,0.124879837,0.124999839,-0.000932091,0,0,8,8,-2e-06,2.879906,8.094353,-1.231573e-08,0.02303928,0.06475491,False,0.052873,False
2017-04-23,CE04OSBP-LJ01C-07-VEL3DC107,3,True,2017-04-23T00:00:00Z,2017-04-23T23:59:59Z,691201,691201,0,0.125,0.124879837,0.124999835,0.002259902,0,0,11,11,1e-06,3.019379,8.069554,9.686604e-09,0.02415506,0.06455651,False,0.049402,False
2017-04-24,CE04OSBP-LJ01C-07-VEL3DC107,3,True,2017-04-24T00:00:00Z,2017-04-24T23:59:59Z,691201,691201,0,0.125,0.124879837,0.124999835,-0.001341242,0,0,3,3,-7e-06,2.17055,7.322851,-5.250413e-08,0.01736442,0.05858288,False,0.048818,False
2017-04-25,CE04OSBP-LJ01C-07-VEL3DC107,3,True,2017-04-25T00:00:00Z,2017-04-25T23:59:59Z,691200,691200,0,0.125,0.124879837,0.12499984,0.000526009,0,0,4,4,-4e-06,1.930428,9.086625,-2.848538e-08,0.01544344,0.0726931,False,0.072217,False
2017-04-26,CE04OSBP-LJ01C-07-VEL3DC107,3,True,2017-04-26T00:00:00Z,2017-04-26T23:59:59Z,691201,691201,0,0.125,0.124879837,0.124999845,-0.001348255,0,0,3,3,0.0,2.310473,7.664744,3.288802e-09,0.01848381,0.06131803,False,0.047913,False
2017-04-27,CE04OSBP-LJ01C-07-VEL3DC107,3,True,2017-04-27T00:00:00Z,2017-04-27T23:59:59Z,691201,691201,0,0.125,0.124879837,0.124999843,0.00313395,0,0,3,3,-1e-06,2.286204,6.324039,-4.952023e-09,0.01828966,0.05059237,False,0.055519,False
2017-04-28,CE04OSBP-LJ01C-07-VEL3DC107,3,True,2017-04-28T00:00:00Z,2017-04-28T23:59:59Z,691201,691201,0,0.125,0.124879837,0.124999844,0.000583839,0,0,9,9,1e-06,1.783584,6.428998,6.564143e-09,0.01426869,0.05143205,False,0.050872,False
2017-04-29,CE04OSBP-LJ01C-07-VEL3DC107,3,True,2017-04-29T00:00:00Z,2017-04-29T23:59:59Z,691201,691201,0,0.125,0.124879837,0.124999846,-0.000563293,0,0,3,3,-1e-06,3.740274,9.432137,-4.063726e-09,0.02992223,0.07545719,False,0.037031,False
2017-04-30,CE04OSBP-LJ01C-07-VEL3DC107,3,True,2017-04-30T00:00:00Z,2017-04-30T23:59:59Z,691201,691201,0,0.125,0.124879837,0.124999863,-0.001342533,0,0,3,3,-5e-06,3.959622,9.588714,-3.95442e-08,0.03167701,0.07670979,False,0.056225,False
2017-05-01,CE04OSBP-LJ01C-07-VEL3DC107,3,True,2017-05-01T00:00:00Z,2017-05-01T23:59:59Z,691200,691200,0,0.125,0.124879837,0.124999861,-0.003722474,0,0,2,2,1.3e-05,3.192881,8.970789,1.021336e-07,0.02554307,0.07176639,False,0.074905,False
2017-05-02,CE04OSBP-LJ01C-07-VEL3DC107,3,True,2017-05-02T00:00:00Z,2017-05-02T23:59:59Z,691113,691202,89,0.125,0.124879837,0.124999762,0.014290458,7,89,7,94,3e-06,29.324475,97.259667,2.474488e-08,0.2345962,0.7780788,True,0.4746,True
2017-05-03,CE04OSBP-LJ01C-07-VEL3DC107,3,True,2017-05-03T00:00:00Z,2017-05-03T23:59:59Z,691201,691201,0,0.125,0.124879837,0.124999852,-0.000219569,0,0,3,3,1e-06,2.714371,9.863726,5.166912e-09,0.02171499,0.0789099,False,0.047741,False
2017-05-04,CE04OSBP-LJ01C-07-VEL3DC107,3,True,2017-05-04T00:00:00Z,2017-05-04T23:59:59Z,691201,691201,0,0.125,0.124879837,0.124999835,-0.000401458,0,0,3,3,-0.0,2.012415,9.946746,-2.369953e-11,0.01609934,0.07957408,False,0.06476,False
2017-05-05,CE04OSBP-LJ01C-07-VEL3DC107,3,True,2017-05-05T00:00:00Z,2017-05-05T23:59:59Z,691201,691201,0,0.125,0.124879837,0.124999853,0.004975182,0,0,6,6,-1e-06,1.65584,7.148371,-1.117882e-08,0.01324673,0.05718703,False,0.049383,False
2017-05-06,CE04OSBP-LJ01C-07-VEL3DC107,3,True,2017-05-06T00:00:00Z,2017-05-06T23:59:59Z,691201,691201,0,0.125,0.124879837,0.124999846,-5.118e-06,0,0,7,7,0.0,2.361815,7.3295,8.311879e-10,0.01889454,0.05863607,False,0.076085,False
2017-05-07,CE04OSBP-LJ01C-07-VEL3DC107,3,True,2017-05-07T00:00:00Z,2017-05-07T23:59:59Z,691201,691201,0,0.125,0.124879837,0.124999835,0.009538401,0,0,10,10,-4e-06,4.697614,17.7571,-3.370857e-08,0.03758096,0.142057,False,0.093012,False
2017-05-08,CE04OSBP-LJ01C-07-VEL3DC107,3,True,2017-05-08T00:00:00Z,2017-05-08T23:59:59Z,691200,691200,0,0.125,0.124879837,0.124999837,-0.005877825,0,0,0,0,5e-06,3.315016,9.578226,3.722766e-08,0.02652016,0.07662591,False,0.051277,False
2017-05-09,CE04OSBP-LJ01C-07-VEL3DC107,3,True,2017-05-09T00:00:00Z,2017-05-09T23:59:59Z,691201,691201,0,0.125,0.124879837,0.124999848,0.000978154,0,0,5,5,2e-06,2.542727,9.616498,1.418427e-08,0.02034184,0.07693208,False,0.07649,False
2017-05-10,CE04OSBP-LJ01C-07-VEL3DC107,3,True,2017-05-10T00:00:00Z,2017-05-10T23:59:59Z,691201,691201,0,0.125,0.124879837,0.124999849,-0.006069569,0,0,4,4,-0.0,2.313064,8.29669,-1.955672e-09,0.01850453,0.0663736,False,0.107441,False
2017-05-11,CE04OSBP-LJ01C-07-VEL3DC107,3,True,2017-05-11T00:00:00Z,2017-05-11T23:59:59Z,691201,691201,0,0.125,0.124879837,0.124999844,0.00115921,0,0,5,5,1e-06,2.142859,6.749156,5.223907e-09,0.01714289,0.05399332,False,0.062526,False
2017-05-12,CE04OSBP-LJ01C-07-VEL3DC107,3,True,2017-05-12T00:00:00Z,2017-05-12T23:59:59Z,691201,691201,0,0.125,0.124879837,0.124999836,-0.001617935,0,0,8,8,-1e-06,1.763542,6.014832,-4.690506e-09,0.01410836,0.04811872,False,0.049811,False
2017-05-13,CE04OSBP-LJ01C-07-VEL3DC107,3,True,2017-05-13T00:00:00Z,2017-05-13T23:59:59Z,691201,691201,0,0.125,0.124879837,0.124999835,0.000339614,0,0,10,10,-0.0,1.699116,6.793246,-1.167459e-10,0.01359294,0.05434604,False,0.049089,False
2017-05-14,CE04OSBP-LJ01C-07-VEL3DC107,3,True,2017-05-14T00:00:00Z,2017-05-14T23:59:59Z,691201,691201,0,0.125,0.124879837,0.124999822,-0.002981184,0,0,4,4,2e-06,1.924632,10.948384,1.945223e-08,0.01539708,0.08758719,False,0.080212,False
2017-05-15,CE04OSBP-LJ01C-07-VEL3DC107,3,True,2017-05-15T00:00:00Z,2017-05-15T23:59:59Z,691201,691201,0,0.125,0.124879837,0.124999829,-0.001329662,0,0,6,6,-1e-06,1.981412,8.048702,-4.295779e-09,0.01585132,0.06438971,False,0.061102,False
2017-05-16,CE04OSBP-LJ01C-07-VEL3DC107,3,True,2017-05-16T00:00:00Z,2017-05-16T23:59:59Z,691201,691201,0,0.125,0.124879837,0.124999831,0.000962069,0,0,2,2,-2e-06,2.864911,7.3169,-1.546476e-08,0.02291932,0.05853528,False,0.043946,False
2017-05-17,CE04OSBP-LJ01C-07-VEL3DC107,3,True,2017-05-17T00:00:00Z,2017-05-17T23:59:59Z,691201,691201,0,0.125,0.124879837,0.124999833,-0.000859948,0,0,4,4,8e-06,1.923185,8.124522,6.141412e-08,0.0153855,0.06499626,False,0.080518,False
2017-05-18,CE04OSBP-LJ01C-07-VEL3DC107,3,True,2017-05-18T00:00:00Z,2017-05-18T23:59:59Z,691201,691201,0,0.125,0.124879837,0.124999835,0.001647862,0,0,4,4,-1.5e-05,1.777104,6.057775,-1.195629e-07,0.01421685,0.04846226,False,0.044851,False
2017-05-19,CE04OSBP-LJ01C-07-VEL3DC107,3,True,2017-05-19T00:00:00Z,2017-05-19T23:59:59Z,690016,691201,1185,0.125,0.124879837,0.124999826,0.001520507,13,1185,13,1189,-5e-06,1.508277,6.144193,-3.898814e-08,0.01206623,0.04915361,False,0.186382,True
2017-05-20,CE04OSBP-LJ01C-07-VEL3DC107,3,True,2017-05-20T00:00:00Z,2017-05-20T23:59:59Z,687887,691200,3313,0.125,0.124879837,0.124999826,0.00178375,21,3313,21,3315,-1e-06,1.758156,47.44421,-4.889069e-09,0.01406527,0.3795542,False,0.464924,True
2017-05-21,CE04OSBP-LJ01C-07-VEL3DC107,3,True,2017-05-21T00:00:00Z,2017-05-21T23:59:59Z,691201,691201,0,0.125,0.124879837,0.124999824,-0.001874891,0,0,6,6,-1e-06,2.73518,7.896166,-1.197794e-08,0.02188147,0.06316942,False,0.047909,False
2017-05-22,CE04OSBP-LJ01C-07-VEL3DC107,3,True,2017-05-22T00:00:00Z,2017-05-22T23:59:59Z,691201,691201,0,0.125,0.124879837,0.124999833,-0.001296882,0,0,6,6,3e-06,2.078408,8.705895,2.001014e-08,0.01662728,0.06964726,False,0.060269,False
2017-05-23,CE04OSBP-LJ01C-07-VEL3DC107,3,True,2017-05-23T00:00:00Z,2017-05-23T23:59:59Z,691201,691201,0,0.125,0.124879837,0.124999831,-0.001319723,0,0,8,8,-1e-06,1.887864,6.082779,-1.096296e-08,0.01510293,0.0486623,False,0.054312,False
2017-05-24,CE04OSBP-LJ01C-07-VEL3DC107,3,True,2017-05-24T00:00:00Z,2017-05-24T23:59:59Z,691201,691201,0,0.125,0.124879837,0.124999825,0.000953305,0,0,5,5,-0.0,1.650338,8.01129,-9.583255e-10,0.01320273,0.06409041,False,0.06051,False
2017-05-25,CE04OSBP-LJ01C-07-VEL3DC107,3,True,2017-05-25T00:00:00Z,2017-05-25T23:59:59Z,691201,691201,0,0.125,0.124879837,0.124999828,-0.000229001,0,0,7,7,0.0,2.468749,7.036628,5.187429e-10,0.01975002,0.0562931,False,0.04949,False
2017-05-26,CE04OSBP-LJ01C-07-VEL3DC107,3,True,2017-05-26T00:00:00Z,2017-05-26T23:59:59Z,683360,691209,7849,0.125,0.124879837,0.124997998,-0.063797882,3,7849,3,7851,-1e-06,274.970386,549.586786,-6.425134e-09,2.199798,4.396765,True,0.433343,True
2017-05-27,CE04OSBP-LJ01C-07-VEL3DC107,3,True,2017-05-27T00:00:00Z,2017-05-27T23:59:59Z,691201,691201,0,0.125,0.124879837,0.124999833,-0.000608236,0,0,2,2,1e-06,1.634615,7.130649,5.563938e-09,0.01307693,0.05704527,False,0.057226,False
2017-05-28,CE04OSBP-LJ01C-07-VEL3DC107,3,True,2017-05-28T00:00:00Z,2017-05-28T23:59:59Z,691201,691201,0,0.125,0.124879837,0.124999825,0.000689641,0,0,4,4,1e-06,1.942669,8.88043,1.080992e-08,0.01554137,0.07104354,False,0.064382,False
2017-05-29,CE04OSBP-LJ01C-07-VEL3DC107,3,True,2017-05-29T00:00:00Z,2017-05-29T23:59:59Z,691201,691201,0,0.125,0.124879837,0.124999822,-0.000297733,0,0,3,3,0.0,2.858618,8.964126,2.829392e-09,0.02286897,0.07171311,False,0.053228,False
2017-05-30,CE04OSBP-LJ01C-07-VEL3DC107,3,True,2017-05-30T00:00:00Z,2017-05-30T23:59:59Z,691201,691201,0,0.125,0.124879837,0.124999823,-0.000672154,0,0,5,5,0.0,2.033264,8.509435,1.052233e-09,0.01626613,0.06807558,False,0.056649,False
2017-05-31,CE04OSBP-LJ01C-07-VEL3DC107,3,True,2017-05-31T00:00:00Z,2017-05-31T23:59:59Z,691201,691201,0,0.125,0.124879837,0.124999824,-0.002641119,0,0,3,3,-2e-06,1.953918,6.724794,-1.299333e-08,0.01563137,0.05379843,False,0.049895,False
2017-06-01,CE04OSBP-LJ01C-07-VEL3DC107,3,True,2017-06-01T00:00:00Z,2017-06-01T23:59:59Z,691201,691201,0,0.125,0.124879837,0.124999816,-0.000650336,0,0,6,6,0.0,1.993771,8.062905,6.855741e-10,0.01595019,0.06450334,False,0.054725,False
2017-06-02,CE04OSBP-LJ01C-07-VEL3DC107,3,True,2017-06-02T00:00:00Z,2017-06-02T23:59:59Z,690027,691202,1175,0.125,0.124879837,0.124999742,-0.087758125,6,1175,6,1180,1e-06,29.650842,97.59145,6.309898e-09,0.2372072,0.7807332,True,0.115823,True
2017-06-03,CE04OSBP-LJ01C-07-VEL3DC107,3,True,2017-06-03T00:00:00Z,2017-06-03T23:59:59Z,691201,691201,0,0.125,0.124879837,0.124999819,0.000631558,0,0,2,2,2e-06,2.795396,10.558759,1.392892e-08,0.0223632,0.0844702,False,0.052419,False
2017-06-04,CE04OSBP-LJ01C-07-VEL3DC107,3,True,2017-06-04T00:00:00Z,2017-06-04T23:59:59Z,691201,691201,0,0.125,0.124879837,0.12499982,-0.002350992,0,0,3,3,-0.0,2.112833,23.521394,-2.552908e-09,0.01690269,0.1881714,False,0.197994,False
2017-06-05,CE04OSBP-LJ01C-07-VEL3DC107,3,True,2017-06-05T00:00:00Z,2017-06-05T23:59:59Z,691201,691201,0,0.125,0.124879837,0.12499983,0.005916099,0,0,5,5,-2e-06,2.12335,24.470338,-1.550495e-08,0.01698683,0.195763,False,0.1961,False
2017-06-06,CE04OSBP-LJ01C-07-VEL3DC107,3,True,2017-06-06T00:00:00Z,2017-06-06T23:59:59Z,691201,691201,0,0.125,0.124879837,0.124999839,-0.003089494,0,0,6,6,-2e-06,2.294891,7.824696,-1.242313e-08,0.01835915,0.06259765,False,0.050276,False
2017-06-07,CE04OSBP-LJ01C-07-VEL3DC107,3,True,2017-06-07T00:00:00Z,2017-06-07T23:59:59Z,690887,691201,314,0.125,0.124879837,0.124999844,0.001322251,7,314,7,317,0.0,2.744092,7.516196,7.388413e-10,0.02195277,0.06012964,False,0.125743,True
2017-06-08,CE04OSBP-LJ01C-07-VEL3DC107,3,True,2017-06-08T00:00:00Z,2017-06-08T23:59:59Z,691200,691200,0,0.125,0.124879837,0.124999838,-0.001965964,0,0,0,0,5e-06,1.92181,6.604059,3.780197e-08,0.0153745,0.05283254,False,0.050028,False
2017-06-09,CE04OSBP-LJ01C-07-VEL3DC107,3,True,2017-06-09T00:00:00Z,2017-06-09T23:59:59Z,691201,691201,0,0.125,0.124879837,0.12499983,0.004601794,0,0,6,6,0.0,2.443149,6.834228,3.194271e-09,0.01954522,0.0546739,False,0.043388,False
2017-06-10,CE04OSBP-LJ01C-07-VEL3DC107,3,True,2017-06-10T00:00:00Z,2017-06-10T23:59:59Z,691201,691201,0,0.125,0.124879837,0.124999833,0.004407304,0,0,7,7,0.0,2.533837,8.097507,9.709012e-11,0.02027072,0.06478015,False,0.060651,False
2017-06-11,CE04OSBP-LJ01C-07-VEL3DC107,3,True,2017-06-11T00:00:00Z,2017-06-11T23:59:59Z,691201,691201,0,0.125,0.124879837,0.124999842,0.000460465,0,0,10,10,1e-06,2.126329,10.818889,1.154083e-08,0.01701065,0.08655122,False,0.076249,False
2017-06-12,CE04OSBP-LJ01C-07-VEL3DC107,3,True,2017-06-12T00:00:00Z,2017-06-12T23:59:59Z,691201,691201,0,0.125,0.124879837,0.124999838,-0.002947362,0,0,3,3,1e-06,1.71481,5.925104,6.148564e-09,0.0137185,0.04740089,False,0.047206,False
2017-06-13,CE04OSBP-LJ01C-07-VEL3DC107,3,True,2017-06-13T00:00:00Z,2017-06-13T23:59:59Z,691201,691201,0,0.125,0.124879837,0.124999832,-0.005647012,0,0,8,8,1e-06,2.440321,7.539491,4.792997e-09,0.01952259,0.06031601,False,0.047966,False
2017-06-14,CE04OSBP-LJ01C-07-VEL3DC107,3,True,2017-06-14T00:00:00Z,2017-06-14T23:59:59Z,691201,691201,0,0.125,0.124879837,0.124999824,0.001449149,0,0,4,4,1e-06,1.664027,25.747854,6.504993e-09,0.01331224,0.2059831,False,0.196035,False
2017-06-15,CE04OSBP-LJ01C-07-VEL3DC107,3,True,2017-06-15T00:00:00Z,2017-06-15T23:59:59Z,691201,691201,0,0.125,0.124879837,0.124999819,0.000468578,0,0,5,5,-2e-06,1.890692,7.037438,-1.489137e-08,0.01512556,0.05629958,False,0.043793,False
2017-06-16,CE04OSBP-LJ01C-07-VEL3DC107,3,True,2017-06-16T00:00:00Z,2017-06-16T23:59:59Z,691201,691201,0,0.125,0.124879837,0.124999824,0.00392584,0,0,4,4,-1e-06,2.126399,7.471245,-1.192444e-08,0.01701121,0.05977005,False,0.052453,False
2017-06-17,CE04OSBP-LJ01C-07-VEL3DC107,3,True,2017-06-17T00:00:00Z,2017-06-17T23:59:59Z,691201,691201,0,0.125,0.124879837,0.124999823,-0.001553044,0,0,1,1,-2e-06,2.757055,7.725938,-1.378042e-08,0.02205647,0.06180759,False,0.045805,False
2017-06-18,CE04OSBP-LJ01C-07-VEL3DC107,3,True,2017-06-18T00:00:00Z,2017-06-18T23:59:59Z,691201,691201,0,0.125,0.124879837,0.124999825,0.00127264,0,0,4,4,1e-06,2.017282,8.240255,1.093336e-08,0.01613828,0.06592213,False,0.052529,False
2017-06-19,CE04OSBP-LJ01C-07-VEL3DC107,3,True,2017-06-19T00:00:00Z,2017-06-19T23:59:59Z,691201,691201,0,0.125,0.124879837,0.124999831,-0.000965101,0,0,6,6,-1e-06,2.218616,7.813117,-1.080025e-08,0.01774895,0.06250502,False,0.051525,False
2017-06-20,CE04OSBP-LJ01C-07-VEL3DC107,3,True,2017-06-20T00:00:00Z,2017-06-20T23:59:59Z,691201,691201,0,0.125,0.124879837,0.124999829,0.001694265,0,0,6,6,-0.0,1.618271,5.530248,-1.307154e-09,0.01294619,0.04424204,False,0.047416,False
2017-06-21,CE04OSBP-LJ01C-07-VEL3DC107,3,True,2017-06-21T00:00:00Z,2017-06-21T23:59:59Z,691201,691201,0,0.125,0.124879837,0.12499983,0.000352464,0,0,12,12,-2e-06,2.656231,10.210913,-1.262269e-08,0.02124988,0.08168742,False,0.055672,False
2017-06-22,CE04OSBP-LJ01C-07-VEL3DC107,3,True,2017-06-22T00:00:00Z,2017-06-22T23:59:59Z,691201,691201,0,0.125,0.124879837,0.124999839,0.00216761,0,0,4,4,7e-06,2.801095,9.735154,5.461452e-08,0.02240879,0.07788133,False,0.074233,False
2017-06-23,CE04OSBP-LJ01C-07-VEL3DC107,3,True,2017-06-23T00:00:00Z,2017-06-23T23:59:59Z,691201,691201,0,0.125,0.124879837,0.124999837,0.000352488,0,0,2,2,4e-06,2.195829,6.545453,3.506965e-08,0.01756666,0.05236369,False,0.047206,False
2017-06-24,CE04OSBP-LJ01C-07-VEL3DC107,3,True,2017-06-24T00:00:00Z,2017-06-24T23:59:59Z,691200,691200,0,0.125,0.124879837,0.124999841,-0.000815934,0,0,0,0,5e-06,2.008456,8.376341,3.722639e-08,0.01606767,0.06701081,False,0.047161,False
2017-06-25,CE04OSBP-LJ01C-07-VEL3DC107,3,True,2017-06-25T00:00:00Z,2017-06-25T23:59:59Z,691201,691201,0,0.125,0.124879837,0.124999828,-0.001642924,0,0,8,8,2e-06,2.378336,7.212884,1.281672e-08,0.01902671,0.05770315,False,0.040753,False
2017-06-26,CE04OSBP-LJ01C-07-VEL3DC107,3,True,2017-06-26T00:00:00Z,2017-06-26T23:59:59Z,691201,691201,0,0.125,0.124879837,0.12499982,0.001334158,0,0,7,7,-1e-06,2.371347,7.431125,-6.34301e-09,0.0189708,0.05944909,False,0.050212,False
2017-06-27,CE04OSBP-LJ01C-07-VEL3DC107,3,True,2017-06-27T00:00:00Z,2017-06-27T23:59:59Z,691201,691201,0,0.125,0.124879837,0.124999816,-0.003433776,0,0,1,1,4e-06,2.11768,7.764796,3.04489e-08,0.01694147,0.06211846,False,0.048688,False
2017-06-28,CE04OSBP-LJ01C-07-VEL3DC107,3,True,2017-06-28T00:00:00Z,2017-06-28T23:59:59Z,691201,691201,0,0.125,0.124879837,0.124999823,0.003794404,0,0,10,10,1e-06,1.940929,7.14588,9.872485e-09,0.01552745,0.05716712,False,0.058837,False
2017-06-29,CE04OSBP-LJ01C-07-VEL3DC107,3,True,2017-06-29T00:00:00Z,2017-06-29T23:59:59Z,691201,691201,0,0.125,0.124879837,0.124999823,-0.001111092,0,0,4,4,-1e-06,3.406298,9.436694,-7.588941e-09,0.02725042,0.07549366,False,0.054221,False
2017-06-30,CE04OSBP-LJ01C-07-VEL3DC107,3,True,2017-06-30T00:00:00Z,2017-06-30T23:59:59Z,691201,691201,0,0.125,0.124879837,0.124999815,-0.001125107,0,0,6,6,0.0,2.70382,9.207603,2.498806e-09,0.02163059,0.07366094,False,0.051323,False
2017-07-01,CE04OSBP-LJ01C-07-VEL3DC107,3,True,2017-07-01T00:00:00Z,2017-07-01T23:59:59Z,691201,691201,0,0.125,0.124879837,0.124999821,-0.00133038,0,0,3,3,-1e-06,2.089108,5.544862,-1.078364e-08,0.01671289,0.04435896,False,0.066795,False
2017-07-02,CE04OSBP-LJ01C-07-VEL3DC107,3,True,2017-07-02T00:00:00Z,2017-07-02T23:59:59Z,691201,691201,0,0.125,0.124879837,0.124999817,-0.000897399,0,0,3,3,0.0,1.952719,6.40602,8.21854e-10,0.01562178,0.05124824,False,0.049658,False
2017-07-03,CE04OSBP-LJ01C-07-VEL3DC107,3,True,2017-07-03T00:00:00Z,2017-07-03T23:59:59Z,691201,691201,0,0.125,0.124879837,0.124999813,-0.001579661,0,0,6,6,-0.0,2.77346,7.950076,-3.679839e-10,0.02218772,0.0636007,False,0.063816,False
2017-07-04,CE04OSBP-LJ01C-07-VEL3DC107,3,True,2017-07-04T00:00:00Z,2017-07-04T23:59:59Z,691201,691201,0,0.125,0.124879837,0.124999824,-0.000140039,0,0,5,5,-2e-06,2.071054,7.366338,-1.355507e-08,0.01656846,0.05893079,False,0.051067,False
2017-07-05,CE04OSBP-LJ01C-07-VEL3DC107,3,True,2017-07-05T00:00:00Z,2017-07-05T23:59:59Z,691090,691201,111,0.125,0.124879837,0.124999828,-0.000522706,7,111,7,117,-0.0,1.774274,27.586411,-1.123447e-09,0.01419421,0.2206916,False,0.229759,True
2017-07-06,CE04OSBP-LJ01C-07-VEL3DC107,3,True,2017-07-06T00:00:00Z,2017-07-06T23:59:59Z,691201,691201,0,0.125,0.124879837,0.124999823,0.002968143,0,0,4,4,0.0,1.811284,8.302442,2.847805e-09,0.01449029,0.06641963,False,0.067123,False
2017-07-07,CE04OSBP-LJ01C-07-VEL3DC107,3,True,2017-07-07T00:00:00Z,2017-07-07T23:59:59Z,689949,691202,1253,0.125,0.124879837,0.124999613,0.037602306,8,1253,8,1259,1e-06,37.058633,65.352542,9.212824e-09,0.29647,0.522822,True,0.282036,True
2017-07-08,CE04OSBP-LJ01C-07-VEL3DC107,3,True,2017-07-08T00:00:00Z,2017-07-08T23:59:59Z,691201,691201,0,0.125,0.124879837,0.124999821,-0.000452707,0,0,4,4,0.0,1.756225,5.036592,3.071416e-09,0.01404982,0.04029279,False,0.044721,False
2017-07-09,CE04OSBP-LJ01C-07-VEL3DC107,3,True,2017-07-09T00:00:00Z,2017-07-09T23:59:59Z,691201,691201,0,0.125,0.124879837,0.124999824,-0.001959051,0,0,7,7,-2e-06,2.085408,7.202814,-1.47206e-08,0.01668328,0.05762259,False,0.047119,False
2017-07-10,CE04OSBP-LJ01C-07-VEL3DC107,3,True,2017-07-10T00:00:00Z,2017-07-10T23:59:59Z,691201,691201,0,0.125,0.124879837,0.124999828,-0.000933067,0,0,3,3,0.0,3.501017,9.33804,3.890521e-10,0.02800817,0.07470442,False,0.052224,False
2017-07-11,CE04OSBP-LJ01C-07-VEL3DC107,3,True,2017-07-11T00:00:00Z,2017-07-11T23:59:59Z,691201,691201,0,0.125,0.124879837,0.12499983,-0.000549039,0,0,3,3,-2e-06,1.753765,7.350457,-1.232786e-08,0.01403014,0.05880374,False,0.046492,False
2017-07-12,CE04OSBP-LJ01C-07-VEL3DC107,3,True,2017-07-12T00:00:00Z,2017-07-12T23:59:59Z,691201,691201,0,0.125,0.124879837,0.12499983,-0.000171186,0,0,2,2,0.0,1.752128,6.46998,3.216974e-09,0.01401704,0.05175991,False,0.055527,False
2017-07-13,CE04OSBP-LJ01C-07-VEL3DC107,3,True,2017-07-13T00:00:00Z,2017-07-13T23:59:59Z,691201,691201,0,0.125,0.124879837,0.124999829,-0.003608652,0,0,6,6,0.0,1.922178,8.356665,1.295482e-09,0.01537744,0.06685341,False,0.051388,False
2017-07-14,CE04OSBP-LJ01C-07-VEL3DC107,3,True,2017-07-14T00:00:00Z,2017-07-14T23:59:59Z,691201,691201,0,0.125,0.124879837,0.124999828,0.000158297,0,0,7,7,0.0,1.936014,7.524102,3.66e-10,0.01548813,0.0601929,False,0.044629,False
2017-07-15,CE04OSBP-LJ01C-07-VEL3DC107,3,True,2017-07-15T00:00:00Z,2017-07-15T23:59:59Z,691201,691201,0,0.125,0.124879837,0.124999815,0.000264775,0,0,5,5,-0.0,1.926176,7.900075,-1.092053e-09,0.01540943,0.06320069,False,0.047711,False
2017-07-16,CE04OSBP-LJ01C-07-VEL3DC107,3,True,2017-07-16T00:00:00Z,2017-07-16T23:59:59Z,691201,691201,0,0.125,0.124879837,0.124999815,-0.000618859,0,0,5,5,0.0,1.968574,28.153282,2.446703e-09,0.01574862,0.2252266,False,0.221171,False
2017-07-17,CE04OSBP-LJ01C-07-VEL3DC107,3,True,2017-07-17T00:00:00Z,2017-07-17T23:59:59Z,691201,691201,0,0.125,0.124879837,0.124999809,0.005367583,0,0,4,4,1e-06,4.035155,11.737576,4.456833e-09,0.03228129,0.09390075,False,0.054034,False
2017-07-18,CE04OSBP-LJ01C-07-VEL3DC107,3,True,2017-07-18T00:00:00Z,2017-07-18T23:59:59Z,690048,691203,1155,0.125,0.124879837,0.124999281,0.063885392,10,1155,10,1162,2e-06,61.912846,173.075134,1.391559e-08,0.4953056,1.384609,True,0.455287,True
2017-07-19,CE04OSBP-LJ01C-07-VEL3DC107,3,True,2017-07-19T00:00:00Z,2017-07-19T23:59:59Z,691135,691201,66,0.125,0.124879837,0.124999824,-0.000286494,5,66,5,69,0.0,1.731877,10.27676,7.805221e-10,0.01385504,0.0822142,False,0.087586,True
2017-07-20,CE04OSBP-LJ01C-07-VEL3DC107,3,True,2017-07-20T00:00:00Z,2017-07-20T23:59:59Z,691201,691201,0,0.125,0.124879837,0.124999819,-0.000287345,0,0,4,4,-1e-06,2.034451,7.623004,-7.1843e-09,0.01627563,0.06098412,False,0.046909,False
2017-07-21,CE04OSBP-LJ01C-07-VEL3DC107,3,True,2017-07-21T00:00:00Z,2017-07-21T23:59:59Z,691201,691201,0,0.125,0.124879837,0.124999814,0.003705978,0,0,4,4,0.0,2.813913,9.558896,2.803928e-09,0.02251133,0.07647128,False,0.055492,False
2017-07-22,CE04OSBP-LJ01C-07-VEL3DC107,3,True,2017-07-22T00:00:00Z,2017-07-22T23:59:59Z,691201,691201,0,0.125,0.124879837,0.124999818,0.005280918,0,0,4,4,1e-06,2.357662,8.077843,1.030051e-08,0.01886132,0.06462283,False,0.049761,False
2017-07-23,CE04OSBP-LJ01C-07-VEL3DC107,3,True,2017-07-23T00:00:00Z,2017-07-23T23:59:59Z,691201,691201,0,0.125,0.124879837,0.124999821,0.001247918,0,0,5,5,0.0,1.526655,7.264539,3.224547e-09,0.01221325,0.05811639,False,0.048951,False
2017-07-24,CE04OSBP-LJ01C-07-VEL3DC107,3,True,2017-07-24T00:00:00Z,2017-07-24T23:59:59Z,691201,691201,0,0.125,0.124879837,0.124999828,-0.001827962,0,0,4,4,-2e-06,1.535687,5.962949,-1.531777e-08,0.01228551,0.04770366,False,0.033289,False
2017-07-25,CE04OSBP-LJ01C-07-VEL3DC107,3,True,2017-07-25T00:00:00Z,2017-07-25T23:59:59Z,691201,691201,0,0.125,0.124879837,0.124999828,-0.001276204,0,0,3,3,0.0,1.856436,6.222284,2.086417e-12,0.01485151,0.04977834,False,0.046053,False
2017-07-26,CE04OSBP-LJ01C-07-VEL3DC107,3,True,2017-07-26T00:00:00Z,2017-07-26T23:59:59Z,691201,691201,0,0.125,0.124879837,0.124999829,0.000747366,0,0,7,7,-1e-06,1.670688,7.088902,-4.564154e-09,0.01336553,0.0567113,False,0.052678,False
2017-07-27,CE04OSBP-LJ01C-07-VEL3DC107,3,True,2017-07-27T00:00:00Z,2017-07-27T23:59:59Z,691201,691201,0,0.125,0.124879837,0.124999821,0.000678535,0,0,7,7,-0.0,1.748445,6.501166,-3.391828e-09,0.01398758,0.05200941,False,0.049287,False
2017-07-28,CE04OSBP-LJ01C-07-VEL3DC107,3,True,2017-07-28T00:00:00Z,2017-07-28T23:59:59Z,689483,691201,1718,0.125,0.124879837,0.124999816,0.001607963,13,1718,13,1723,1e-06,1.722931,9.217899,5.28623e-09,0.01378346,0.0737433,False,0.380783,True
2017-07-29,CE04OSBP-LJ01C-07-VEL3DC107,3,True,2017-07-29T00:00:00Z,2017-07-29T23:59:59Z,691201,691201,0,0.125,0.124879837,0.124999819,-0.000663263,0,0,3,3,-0.0,1.861742,6.476182,-4.527579e-10,0.01489396,0.05180953,False,0.048894,False
2017-07-30,CE04OSBP-LJ01C-07-VEL3DC107,3,True,2017-07-30T00:00:00Z,2017-07-30T23:59:59Z,691201,691201,0,0.125,0.124879837,0.124999813,-0.002223049,0,0,4,4,1e-06,1.924611,6.468547,5.500673e-09,0.01539691,0.05174845,False,0.051884,False
2017-07-31,CE04OSBP-LJ01C-07-VEL3DC107,3,True,2017-07-31T00:00:00Z,2017-07-31T23:59:59Z,691201,691201,0,0.125,0.124879837,0.124999818,0.004436868,0,0,2,2,-1e-06,2.58136,8.220907,-8.682192e-09,0.02065091,0.06576735,False,0.076715,False
2017-08-01,CE04OSBP-LJ01C-07-VEL3DC107,3,True,2017-08-01T00:00:00Z,2017-08-01T23:59:59Z,691201,691201,0,0.125,0.124879837,0.124999827,0.001339083,0,0,4,4,1e-06,2.671608,9.696764,5.73602e-09,0.0213729,0.07757422,False,0.058864,False
2017-08-02,CE04OSBP-LJ01C-07-VEL3DC107,3,True,2017-08-02T00:00:00Z,2017-08-02T23:59:59Z,691201,691201,0,0.125,0.124879837,0.124999817,-0.001488769,0,0,5,5,0.0,1.948795,7.583666,6.036034e-11,0.01559038,0.06066942,False,0.069811,False
2017-08-03,CE04OSBP-LJ01C-07-VEL3DC107,3,True,2017-08-03T00:00:00Z,2017-08-03T23:59:59Z,691201,691201,0,0.125,0.124879837,0.124999817,-0.00031456,0,0,2,2,-1e-06,2.371072,8.779862,-6.770719e-09,0.01896861,0.070239,False,0.049719,False
2017-08-04,CE04OSBP-LJ01C-07-VEL3DC107,3,True,2017-08-04T00:00:00Z,2017-08-04T00:06:18Z,3031,3031,0,0.125,0.124879837,0.124999751,0.000868769,0,0,0,0,0.0,0.985563,1.874175,9.105498e-12,0.007884521,0.01499343,False,0.024235,False
2017-08-05,CE04OSBP-LJ01C-07-VEL3DC107,3,True,2017-08-05T17:02:03Z,2017-08-05T23:59:59Z,200616,200616,0,0.125,0.124879837,0.124999825,0.000449265,0,0,1,1,0.0,1.683648,6.176929,1.386899e-09,0.0134692,0.0494155,False,0.046932,False
2017-08-06,CE04OSBP-LJ01C-07-VEL3DC107,3,True,2017-08-06T00:00:00Z,2017-08-06T23:59:59Z,691201,691201,0,0.125,0.124879837,0.124999815,-0.010052054,0,0,2,2,2e-06,3.02859,11.180468,1.332572e-08,0.02422876,0.08944388,False,0.050082,False
2017-08-07,CE04OSBP-LJ01C-07-VEL3DC107,3,True,2017-08-07T00:00:00Z,2017-08-07T23:59:59Z,691201,691201,0,0.125,0.124879837,0.124999811,0.001072825,0,0,4,4,4e-06,1.86912,6.946797,2.918397e-08,0.01495298,0.05557446,False,0.057505,False
2017-08-08,CE04OSBP-LJ01C-07-VEL3DC107,3,True,2017-08-08T00:00:00Z,2017-08-08T23:59:59Z,691201,691201,0,0.125,0.124879837,0.12499981,-0.002797532,0,0,3,3,-3e-06,2.334507,6.356216,-2.223857e-08,0.01867608,0.05084981,False,0.042403,False
2017-08-09,CE04OSBP-LJ01C-07-VEL3DC107,3,True,2017-08-09T00:00:00Z,2017-08-09T23:59:59Z,691201,691201,0,0.125,0.124879837,0.124999815,-0.000241531,0,0,5,5,1e-06,1.918861,7.36855,6.980655e-09,0.01535091,0.05894849,False,0.053556,False
2017-08-10,CE04OSBP-LJ01C-07-VEL3DC107,3,True,2017-08-10T00:00:00Z,2017-08-10T23:59:59Z,239710,691634,451924,0.125,0.124879837,0.124906485,4.509530508,1,451924,1,451924,-0.0,3316.061276,6589.78869,-1.797943e-09,26.54835,52.75778,True,0.225112,True
2017-08-11,CE04OSBP-LJ01C-07-VEL3DC107,4,True,2017-08-11T00:00:00Z,2017-08-11T23:59:59Z,691201,691201,0,0.125,0.124879837,0.124999924,0.001100476,0,0,6,6,1e-06,2.059522,7.649973,5.65795e-09,0.01647619,0.06119982,False,0.049329,False
2017-08-12,CE04OSBP-LJ01C-07-VEL3DC107,4,True,2017-08-12T00:00:00Z,2017-08-12T23:59:59Z,691200,691200,0,0.125,0.124879837,0.12499993,0.003490685,0,0,0,0,5e-06,2.408514,9.111597,3.648299e-08,0.01926813,0.07289282,False,0.046374,False
2017-08-13,CE04OSBP-LJ01C-07-VEL3DC107,4,True,2017-08-13T00:00:00Z,2017-08-13T23:59:59Z,691201,691201,0,0.125,0.124879837,0.124999926,-0.001527587,0,0,8,8,3e-06,1.967253,7.404787,2.505335e-08,0.01573803,0.05923833,False,0.047359,False
2017-08-14,CE04OSBP-LJ01C-07-VEL3DC107,4,True,2017-08-14T00:00:00Z,2017-08-14T23:59:59Z,691014,691200,186,0.125,0.124879837,0.124999937,0.001876993,6,186,6,191,2e-06,1.967603,7.652395,1.526258e-08,0.01574083,0.06121919,False,0.190716,True
2017-08-15,CE04OSBP-LJ01C-07-VEL3DC107,4,True,2017-08-15T00:00:00Z,2017-08-15T23:59:59Z,691200,691200,0,0.125,0.124879837,0.124999954,-0.001484811,0,0,0,0,5e-06,2.157394,7.378469,3.658524e-08,0.01725916,0.05902777,False,0.048413,False
2017-08-16,CE04OSBP-LJ01C-07-VEL3DC107,4,True,2017-08-16T00:00:00Z,2017-08-16T23:59:59Z,691200,691200,0,0.125,0.124879837,0.124999964,2.8119e-05,0,0,0,0,5e-06,1.701211,5.161815,3.745273e-08,0.01360969,0.04129453,False,0.030543,False
2017-08-17,CE04OSBP-LJ01C-07-VEL3DC107,4,True,2017-08-17T00:00:00Z,2017-08-17T23:59:59Z,691200,691200,0,0.125,0.124879837,0.12499997,0.001465626,0,0,1,1,-2e-06,2.121541,19.216204,-1.2474e-08,0.01697233,0.1537297,False,0.158298,False
2017-08-18,CE04OSBP-LJ01C-07-VEL3DC107,4,True,2017-08-18T00:00:00Z,2017-08-18T23:59:59Z,691201,691201,0,0.125,0.124879837,0.124999964,0.00209374,0,0,16,16,-0.0,2.337735,9.641148,-1.858926e-10,0.01870188,0.07712921,False,0.051281,False
2017-08-19,CE04OSBP-LJ01C-07-VEL3DC107,4,True,2017-08-19T00:00:00Z,2017-08-19T23:59:59Z,691200,691200,0,0.125,0.124879837,0.124999955,0.001830034,0,0,0,0,5e-06,2.16941,8.109086,3.774191e-08,0.01735528,0.06487271,False,0.05133,False
2017-08-20,CE04OSBP-LJ01C-07-VEL3DC107,4,True,2017-08-20T00:00:00Z,2017-08-20T23:59:59Z,691200,691200,0,0.125,0.124879837,0.124999945,0.003690034,0,0,0,0,5e-06,1.532232,5.275276,3.700064e-08,0.01225786,0.04220223,False,0.048077,False
2017-08-21,CE04OSBP-LJ01C-07-VEL3DC107,4,True,2017-08-21T00:00:00Z,2017-08-21T23:59:59Z,691200,691200,0,0.125,0.124879837,0.12499995,-0.000664117,0,0,0,0,5e-06,1.890794,7.7704,3.73302e-08,0.01512636,0.06216323,False,0.050303,False
2017-08-22,CE04OSBP-LJ01C-07-VEL3DC107,4,True,2017-08-22T00:00:00Z,2017-08-22T23:59:59Z,691201,691201,0,0.125,0.124879837,0.124999948,-0.002222571,0,0,8,8,0.0,1.793671,9.1976,3.380844e-09,0.01434937,0.07358083,False,0.052189,False
2017-08-23,CE04OSBP-LJ01C-07-VEL3DC107,4,True,2017-08-23T00:00:00Z,2017-08-23T23:59:59Z,691200,691200,0,0.125,0.124879837,0.124999938,0.003815619,0,0,0,0,5e-06,1.802645,6.802057,3.864026e-08,0.01442117,0.05441648,False,0.049039,False
2017-08-24,CE04OSBP-LJ01C-07-VEL3DC107,4,True,2017-08-24T00:00:00Z,2017-08-24T23:59:59Z,691200,691200,0,0.125,0.124879837,0.124999925,-0.002424593,0,0,4,4,-9e-06,2.301493,8.717962,-7.4023e-08,0.01841195,0.06974373,False,0.059502,False
2017-08-25,CE04OSBP-LJ01C-07-VEL3DC107,4,True,2017-08-25T00:00:00Z,2017-08-25T23:59:59Z,685452,691207,5755,0.125,0.124879837,0.124998562,-0.055692294,8,5755,8,5762,1e-06,207.936036,412.989646,4.205733e-09,1.663507,3.303955,True,0.449598,True
2017-08-26,CE04OSBP-LJ01C-07-VEL3DC107,4,True,2017-08-26T00:00:00Z,2017-08-26T23:59:59Z,691200,691200,0,0.125,0.124879837,0.124999929,-0.000740995,0,0,0,0,5e-06,2.003508,6.517608,3.75147e-08,0.01602807,0.0521409,False,0.036515,False
2017-08-27,CE04OSBP-LJ01C-07-VEL3DC107,4,True,2017-08-27T00:00:00Z,2017-08-27T23:59:59Z,691201,691201,0,0.125,0.124879837,0.124999942,-0.003902392,0,0,19,19,0.0,3.080873,10.911547,3.76264e-09,0.024647,0.08729242,False,0.061564,False
2017-08-28,CE04OSBP-LJ01C-07-VEL3DC107,4,True,2017-08-28T00:00:00Z,2017-08-28T23:59:59Z,691200,691200,0,0.125,0.124879837,0.124999939,-0.001180046,0,0,0,0,5e-06,2.245306,7.023134,3.605691e-08,0.01796245,0.0561851,False,0.047409,False
2017-08-29,CE04OSBP-LJ01C-07-VEL3DC107,4,True,2017-08-29T00:00:00Z,2017-08-29T23:59:59Z,691200,691200,0,0.125,0.124879837,0.124999933,0.00108909,0,0,0,0,5e-06,1.653467,6.741544,3.68852e-08,0.01322774,0.05393238,False,0.04645,False
2017-08-30,CE04OSBP-LJ01C-07-VEL3DC107,4,True,2017-08-30T00:00:00Z,2017-08-30T23:59:59Z,691201,691201,0,0.125,0.124879837,0.124999935,0.002231831,0,0,17,17,-0.0,2.327525,8.196725,-1.232382e-09,0.01862021,0.06557383,False,0.048184,False
2017-08-31,CE04OSBP-LJ01C-07-VEL3DC107,4,True,2017-08-31T00:00:00Z,2017-08-31T23:59:59Z,691200,691200,0,0.125,0.124879837,0.124999929,0.004931507,0,0,0,0,5e-06,3.691779,10.07512,3.677894e-08,0.02953425,0.080601,False,0.064488,False
2017-09-01,CE04OSBP-LJ01C-07-VEL3DC107,4,True,2017-09-01T00:00:00Z,2017-09-01T23:59:59Z,691200,691200,0,0.125,0.124879837,0.12499994,0.007496559,0,0,0,0,5e-06,2.855913,10.252823,3.769539e-08,0.02284732,0.08202262,False,0.052346,False
2017-09-02,CE04OSBP-LJ01C-07-VEL3DC107,4,True,2017-09-02T00:00:00Z,2017-09-02T23:59:59Z,691201,691201,0,0.125,0.124879837,0.124999952,-0.001073234,0,0,17,17,-1e-06,1.7488,9.216072,-8.23073e-09,0.0139904,0.0737286,False,0.054339,False
2017-09-03,CE04OSBP-LJ01C-07-VEL3DC107,4,True,2017-09-03T00:00:00Z,2017-09-03T23:59:59Z,691200,691200,0,0.125,0.124879837,0.124999961,0.00158573,0,0,0,0,5e-06,2.274671,7.323649,3.633223e-08,0.01819737,0.05858921,False,0.048451,False
2017-09-04,CE04OSBP-LJ01C-07-VEL3DC107,4,True,2017-09-04T00:00:00Z,2017-09-04T23:59:59Z,691200,691200,0,0.125,0.124879837,0.124999952,-0.001448331,0,0,0,0,5e-06,2.186596,7.625092,3.780567e-08,0.01749278,0.06100076,False,0.045671,False
2017-09-05,CE04OSBP-LJ01C-07-VEL3DC107,4,True,2017-09-05T00:00:00Z,2017-09-05T23:59:59Z,691200,691200,0,0.125,0.124879837,0.124999937,0.000845144,0,0,0,0,5e-06,1.617915,6.506127,3.725293e-08,0.01294333,0.05204904,False,0.054213,False
2017-09-06,CE04OSBP-LJ01C-07-VEL3DC107,4,True,2017-09-06T00:00:00Z,2017-09-06T23:59:59Z,691201,691201,0,0.125,0.124879837,0.124999938,-0.000563903,0,0,23,23,1e-06,1.969167,7.887703,8.902367e-09,0.01575335,0.06310166,False,0.076001,False
2017-09-07,CE04OSBP-LJ01C-07-VEL3DC107,4,True,2017-09-07T00:00:00Z,2017-09-07T23:59:59Z,691200,691200,0,0.125,0.124879837,0.124999922,0.003624472,0,0,0,0,4e-06,2.032657,6.680786,3.595699e-08,0.01626126,0.05344632,False,0.045469,False
2017-09-08,CE04OSBP-LJ01C-07-VEL3DC107,4,True,2017-09-08T00:00:00Z,2017-09-08T23:59:59Z,691201,691201,0,0.125,0.124879837,0.124999924,-0.002386603,0,0,50,50,0.0,2.33039,21.518713,2.406359e-09,0.01864313,0.1721498,False,0.197807,False
2017-09-09,CE04OSBP-LJ01C-07-VEL3DC107,4,True,2017-09-09T00:00:00Z,2017-09-09T23:59:59Z,691200,691200,0,0.125,0.124879837,0.124999924,0.005580475,0,0,0,0,5e-06,1.917834,7.274854,3.661613e-08,0.01534268,0.05819887,False,0.04511,False
2017-09-10,CE04OSBP-LJ01C-07-VEL3DC107,4,True,2017-09-10T00:00:00Z,2017-09-10T23:59:59Z,691201,691201,0,0.125,0.124879837,0.12499992,-0.001616767,0,0,1,1,-4e-06,1.591838,6.75508,-3.053368e-08,0.01273472,0.05404067,False,0.046447,False
2017-09-11,CE04OSBP-LJ01C-07-VEL3DC107,4,True,2017-09-11T00:00:00Z,2017-09-11T23:59:59Z,691200,691200,0,0.125,0.124879837,0.124999918,-0.000948848,0,0,3,3,-5e-06,2.495622,7.164443,-4.014511e-08,0.01996499,0.05731558,False,0.052147,False
2017-09-12,CE04OSBP-LJ01C-07-VEL3DC107,4,True,2017-09-12T00:00:00Z,2017-09-12T23:59:59Z,691200,691200,0,0.125,0.124879837,0.124999941,-0.006547664,0,0,0,0,5e-06,2.184203,8.681024,3.616146e-08,0.01747363,0.06944822,False,0.049471,False
2017-09-13,CE04OSBP-LJ01C-07-VEL3DC107,4,True,2017-09-13T00:00:00Z,2017-09-13T23:59:59Z,676423,691208,14785,0.125,0.124879837,0.124998709,0.079712429,87,14785,87,14808,-0.0,98.378494,191.236985,-9.70063e-10,0.7870361,1.529912,True,0.476994,True
2017-09-14,CE04OSBP-LJ01C-07-VEL3DC107,4,True,2017-09-14T00:00:00Z,2017-09-14T23:59:59Z,690040,691200,1160,0.125,0.124879837,0.124999951,-0.00038326,7,1160,7,1161,-1e-06,1.901627,50.7011,-6.342563e-09,0.01521303,0.405609,True,0.391936,True
2017-09-15,CE04OSBP-LJ01C-07-VEL3DC107,4,True,2017-09-15T00:00:00Z,2017-09-15T11:49:44Z,340676,340676,0,0.125,0.124879837,0.124999946,-0.000547337,0,0,0,0,-3e-06,1.710934,7.058963,-2.253375e-08,0.01368748,0.05647173,False,0.05209,False
2017-09-16,CE04OSBP-LJ01C-07-VEL3DC107,4,False,,,0,0,,0.125,,,,,,,,,,,,,,,,False
2017-09-17,CE04OSBP-LJ01C-07-VEL3DC107,4,False,,,0,0,,0.125,,,,,,,,,,,,,,,,False
2017-09-18,CE04OSBP-LJ01C-07-VEL3DC107,4,False,,,0,0,,0.125,,,,,,,,,,,,,,,,False
2017-09-19,CE04OSBP-LJ01C-07-VEL3DC107,4,False,,,0,0,,0.125,,,,,,,,,,,,,,,,False
2017-09-20,CE04OSBP-LJ01C-07-VEL3DC107,4,False,,,0,0,,0.125,,,,,,,,,,,,,,,,False
2017-09-21,CE04OSBP-LJ01C-07-VEL3DC107,4,False,,,0,0,,0.125,,,,,,,,,,,,,,,,False
2017-09-22,CE04OSBP-LJ01C-07-VEL3DC107,4,False,,,0,0,,0.125,,,,,,,,,,,,,,,,False
2017-09-23,CE04OSBP-LJ01C-07-VEL3DC107,4,False,,,0,0,,0.125,,,,,,,,,,,,,,,,False
2017-09-24,CE04OSBP-LJ01C-07-VEL3DC107,4,False,,,0,0,,0.125,,,,,,,,,,,,,,,,False
2017-09-25,CE04OSBP-LJ01C-07-VEL3DC107,4,False,,,0,0,,0.125,,,,,,,,,,,,,,,,False
2017-09-26,CE04OSBP-LJ01C-07-VEL3DC107,4,False,,,0,0,,0.125,,,,,,,,,,,,,,,,False
2017-09-27,CE04OSBP-LJ01C-07-VEL3DC107,4,False,,,0,0,,0.125,,,,,,,,,,,,,,,,False
2017-09-28,CE04OSBP-LJ01C-07-VEL3DC107,4,False,,,0,0,,0.125,,,,,,,,,,,,,,,,False
2017-09-29,CE04OSBP-LJ01C-07-VEL3DC107,4,False,,,0,0,,0.125,,,,,,,,,,,,,,,,False
2017-09-30,CE04OSBP-LJ01C-07-VEL3DC107,4,False,,,0,0,,0.125,,,,,,,,,,,,,,,,False
2017-10-01,CE04OSBP-LJ01C-07-VEL3DC107,4,False,,,0,0,,0.125,,,,,,,,,,,,,,,,False
2017-10-02,CE04OSBP-LJ01C-07-VEL3DC107,4,False,,,0,0,,0.125,,,,,,,,,,,,,,,,False
2017-10-03,CE04OSBP-LJ01C-07-VEL3DC107,4,False,,,0,0,,0.125,,,,,,,,,,,,,,,,False
2017-10-04,CE04OSBP-LJ01C-07-VEL3DC107,4,False,,,0,0,,0.125,,,,,,,,,,,,,,,,False
2017-10-05,CE04OSBP-LJ01C-07-VEL3DC107,4,False,,,0,0,,0.125,,,,,,,,,,,,,,,,False
2017-10-06,CE04OSBP-LJ01C-07-VEL3DC107,4,False,,,0,0,,0.125,,,,,,,,,,,,,,,,False
2017-10-07,CE04OSBP-LJ01C-07-VEL3DC107,4,False,,,0,0,,0.125,,,,,,,,,,,,,,,,False
2017-10-08,CE04OSBP-LJ01C-07-VEL3DC107,4,False,,,0,0,,0.125,,,,,,,,,,,,,,,,False
2017-10-09,CE04OSBP-LJ01C-07-VEL3DC107,4,False,,,0,0,,0.125,,,,,,,,,,,,,,,,False
2017-10-10,CE04OSBP-LJ01C-07-VEL3DC107,4,False,,,0,0,,0.125,,,,,,,,,,,,,,,,False
2017-10-11,CE04OSBP-LJ01C-07-VEL3DC107,4,False,,,0,0,,0.125,,,,,,,,,,,,,,,,False
2017-10-12,CE04OSBP-LJ01C-07-VEL3DC107,4,False,,,0,0,,0.125,,,,,,,,,,,,,,,,False
2017-10-13,CE04OSBP-LJ01C-07-VEL3DC107,4,False,,,0,0,,0.125,,,,,,,,,,,,,,,,False
2017-10-14,CE04OSBP-LJ01C-07-VEL3DC107,4,False,,,0,0,,0.125,,,,,,,,,,,,,,,,False
2017-10-15,CE04OSBP-LJ01C-07-VEL3DC107,4,False,,,0,0,,0.125,,,,,,,,,,,,,,,,False
2017-10-16,CE04OSBP-LJ01C-07-VEL3DC107,4,False,,,0,0,,0.125,,,,,,,,,,,,,,,,False
2017-10-17,CE04OSBP-LJ01C-07-VEL3DC107,4,False,,,0,0,,0.125,,,,,,,,,,,,,,,,False
2017-10-18,CE04OSBP-LJ01C-07-VEL3DC107,4,False,,,0,0,,0.125,,,,,,,,,,,,,,,,False
2017-10-19,CE04OSBP-LJ01C-07-VEL3DC107,4,False,,,0,0,,0.125,,,,,,,,,,,,,,,,False
2017-10-20,CE04OSBP-LJ01C-07-VEL3DC107,4,False,,,0,0,,0.125,,,,,,,,,,,,,,,,False
2017-10-21,CE04OSBP-LJ01C-07-VEL3DC107,4,False,,,0,0,,0.125,,,,,,,,,,,,,,,,False
2017-10-22,CE04OSBP-LJ01C-07-VEL3DC107,4,False,,,0,0,,0.125,,,,,,,,,,,,,,,,False
2017-10-23,CE04OSBP-LJ01C-07-VEL3DC107,4,False,,,0,0,,0.125,,,,,,,,,,,,,,,,False
2017-10-24,CE04OSBP-LJ01C-07-VEL3DC107,4,False,,,0,0,,0.125,,,,,,,,,,,,,,,,False
2017-10-25,CE04OSBP-LJ01C-07-VEL3DC107,4,False,,,0,0,,0.125,,,,,,,,,,,,,,,,False
2017-10-26,CE04OSBP-LJ01C-07-VEL3DC107,4,False,,,0,0,,0.125,,,,,,,,,,,,,,,,False
2017-10-27,CE04OSBP-LJ01C-07-VEL3DC107,4,False,,,0,0,,0.125,,,,,,,,,,,,,,,,False
2017-10-28,CE04OSBP-LJ01C-07-VEL3DC107,4,False,,,0,0,,0.125,,,,,,,,,,,,,,,,False
2017-10-29,CE04OSBP-LJ01C-07-VEL3DC107,4,False,,,0,0,,0.125,,,,,,,,,,,,,,,,False
2017-10-30,CE04OSBP-LJ01C-07-VEL3DC107,4,False,,,0,0,,0.125,,,,,,,,,,,,,,,,False
2017-10-31,CE04OSBP-LJ01C-07-VEL3DC107,4,False,,,0,0,,0.125,,,,,,,,,,,,,,,,False
2017-11-01,CE04OSBP-LJ01C-07-VEL3DC107,4,False,,,0,0,,0.125,,,,,,,,,,,,,,,,False
2017-11-02,CE04OSBP-LJ01C-07-VEL3DC107,4,False,,,0,0,,0.125,,,,,,,,,,,,,,,,False
2017-11-03,CE04OSBP-LJ01C-07-VEL3DC107,4,False,,,0,0,,0.125,,,,,,,,,,,,,,,,False
2017-11-04,CE04OSBP-LJ01C-07-VEL3DC107,4,False,,,0,0,,0.125,,,,,,,,,,,,,,,,False
2017-11-05,CE04OSBP-LJ01C-07-VEL3DC107,4,False,,,0,0,,0.125,,,,,,,,,,,,,,,,False
2017-11-06,CE04OSBP-LJ01C-07-VEL3DC107,4,False,,,0,0,,0.125,,,,,,,,,,,,,,,,False
2017-11-07,CE04OSBP-LJ01C-07-VEL3DC107,4,False,,,0,0,,0.125,,,,,,,,,,,,,,,,False
2017-11-08,CE04OSBP-LJ01C-07-VEL3DC107,4,False,,,0,0,,0.125,,,,,,,,,,,,,,,,False
2017-11-09,CE04OSBP-LJ01C-07-VEL3DC107,4,False,,,0,0,,0.125,,,,,,,,,,,,,,,,False
2017-11-10,CE04OSBP-LJ01C-07-VEL3DC107,4,False,,,0,0,,0.125,,,,,,,,,,,,,,,,False
2017-11-11,CE04OSBP-LJ01C-07-VEL3DC107,4,False,,,0,0,,0.125,,,,,,,,,,,,,,,,False
2017-11-12,CE04OSBP-LJ01C-07-VEL3DC107,4,False,,,0,0,,0.125,,,,,,,,,,,,,,,,False
2017-11-13,CE04OSBP-LJ01C-07-VEL3DC107,4,False,,,0,0,,0.125,,,,,,,,,,,,,,,,False
2017-11-14,CE04OSBP-LJ01C-07-VEL3DC107,4,False,,,0,0,,0.125,,,,,,,,,,,,,,,,False
2017-11-15,CE04OSBP-LJ01C-07-VEL3DC107,4,False,,,0,0,,0.125,,,,,,,,,,,,,,,,False
2017-11-16,CE04OSBP-LJ01C-07-VEL3DC107,4,False,,,0,0,,0.125,,,,,,,,,,,,,,,,False
2017-11-17,CE04OSBP-LJ01C-07-VEL3DC107,4,False,,,0,0,,0.125,,,,,,,,,,,,,,,,False
2017-11-18,CE04OSBP-LJ01C-07-VEL3DC107,4,False,,,0,0,,0.125,,,,,,,,,,,,,,,,False
2017-11-19,CE04OSBP-LJ01C-07-VEL3DC107,4,False,,,0,0,,0.125,,,,,,,,,,,,,,,,False
2017-11-20,CE04OSBP-LJ01C-07-VEL3DC107,4,False,,,0,0,,0.125,,,,,,,,,,,,,,,,False
2017-11-21,CE04OSBP-LJ01C-07-VEL3DC107,4,False,,,0,0,,0.125,,,,,,,,,,,,,,,,False
2017-11-22,CE04OSBP-LJ01C-07-VEL3DC107,4,False,,,0,0,,0.125,,,,,,,,,,,,,,,,False
2017-11-23,CE04OSBP-LJ01C-07-VEL3DC107,4,False,,,0,0,,0.125,,,,,,,,,,,,,,,,False
2017-11-24,CE04OSBP-LJ01C-07-VEL3DC107,4,False,,,0,0,,0.125,,,,,,,,,,,,,,,,False
2017-11-25,CE04OSBP-LJ01C-07-VEL3DC107,4,False,,,0,0,,0.125,,,,,,,,,,,,,,,,False
2017-11-26,CE04OSBP-LJ01C-07-VEL3DC107,4,False,,,0,0,,0.125,,,,,,,,,,,,,,,,False
2017-11-27,CE04OSBP-LJ01C-07-VEL3DC107,4,False,,,0,0,,0.125,,,,,,,,,,,,,,,,False
2017-11-28,CE04OSBP-LJ01C-07-VEL3DC107,4,False,,,0,0,,0.125,,,,,,,,,,,,,,,,False
2017-11-29,CE04OSBP-LJ01C-07-VEL3DC107,4,False,,,0,0,,0.125,,,,,,,,,,,,,,,,False
2017-11-30,CE04OSBP-LJ01C-07-VEL3DC107,4,False,,,0,0,,0.125,,,,,,,,,,,,,,,,False
2017-12-01,CE04OSBP-LJ01C-07-VEL3DC107,4,False,,,0,0,,0.125,,,,,,,,,,,,,,,,False
2017-12-02,CE04OSBP-LJ01C-07-VEL3DC107,4,False,,,0,0,,0.125,,,,,,,,,,,,,,,,False
2017-12-03,CE04OSBP-LJ01C-07-VEL3DC107,4,False,,,0,0,,0.125,,,,,,,,,,,,,,,,False
2017-12-04,CE04OSBP-LJ01C-07-VEL3DC107,4,False,,,0,0,,0.125,,,,,,,,,,,,,,,,False
2017-12-05,CE04OSBP-LJ01C-07-VEL3DC107,4,False,,,0,0,,0.125,,,,,,,,,,,,,,,,False
2017-12-06,CE04OSBP-LJ01C-07-VEL3DC107,4,False,,,0,0,,0.125,,,,,,,,,,,,,,,,False
2017-12-07,CE04OSBP-LJ01C-07-VEL3DC107,4,False,,,0,0,,0.125,,,,,,,,,,,,,,,,False
2017-12-08,CE04OSBP-LJ01C-07-VEL3DC107,4,False,,,0,0,,0.125,,,,,,,,,,,,,,,,False
2017-12-09,CE04OSBP-LJ01C-07-VEL3DC107,4,False,,,0,0,,0.125,,,,,,,,,,,,,,,,False
2017-12-10,CE04OSBP-LJ01C-07-VEL3DC107,4,False,,,0,0,,0.125,,,,,,,,,,,,,,,,False
2017-12-11,CE04OSBP-LJ01C-07-VEL3DC107,4,False,,,0,0,,0.125,,,,,,,,,,,,,,,,False
2017-12-12,CE04OSBP-LJ01C-07-VEL3DC107,4,False,,,0,0,,0.125,,,,,,,,,,,,,,,,False
2017-12-13,CE04OSBP-LJ01C-07-VEL3DC107,4,False,,,0,0,,0.125,,,,,,,,,,,,,,,,False
2017-12-14,CE04OSBP-LJ01C-07-VEL3DC107,4,False,,,0,0,,0.125,,,,,,,,,,,,,,,,False
2017-12-15,CE04OSBP-LJ01C-07-VEL3DC107,4,False,,,0,0,,0.125,,,,,,,,,,,,,,,,False
2017-12-16,CE04OSBP-LJ01C-07-VEL3DC107,4,False,,,0,0,,0.125,,,,,,,,,,,,,,,,False
2017-12-17,CE04OSBP-LJ01C-07-VEL3DC107,4,False,,,0,0,,0.125,,,,,,,,,,,,,,,,False
2017-12-18,CE04OSBP-LJ01C-07-VEL3DC107,4,False,,,0,0,,0.125,,,,,,,,,,,,,,,,False
2017-12-19,CE04OSBP-LJ01C-07-VEL3DC107,4,False,,,0,0,,0.125,,,,,,,,,,,,,,,,False
2017-12-20,CE04OSBP-LJ01C-07-VEL3DC107,4,False,,,0,0,,0.125,,,,,,,,,,,,,,,,False
2017-12-21,CE04OSBP-LJ01C-07-VEL3DC107,4,False,,,0,0,,0.125,,,,,,,,,,,,,,,,False
2017-12-22,CE04OSBP-LJ01C-07-VEL3DC107,4,False,,,0,0,,0.125,,,,,,,,,,,,,,,,False
2017-12-23,CE04OSBP-LJ01C-07-VEL3DC107,4,False,,,0,0,,0.125,,,,,,,,,,,,,,,,False
2017-12-24,CE04OSBP-LJ01C-07-VEL3DC107,4,False,,,0,0,,0.125,,,,,,,,,,,,,,,,False
2017-12-25,CE04OSBP-LJ01C-07-VEL3DC107,4,False,,,0,0,,0.125,,,,,,,,,,,,,,,,False
2017-12-26,CE04OSBP-LJ01C-07-VEL3DC107,4,False,,,0,0,,0.125,,,,,,,,,,,,,,,,False
2017-12-27,CE04OSBP-LJ01C-07-VEL3DC107,4,False,,,0,0,,0.125,,,,,,,,,,,,,,,,False
2017-12-28,CE04OSBP-LJ01C-07-VEL3DC107,4,False,,,0,0,,0.125,,,,,,,,,,,,,,,,False
2017-12-29,CE04OSBP-LJ01C-07-VEL3DC107,4,False,,,0,0,,0.125,,,,,,,,,,,,,,,,False
2017-12-30,CE04OSBP-LJ01C-07-VEL3DC107,4,False,,,0,0,,0.125,,,,,,,,,,,,,,,,False
2017-12-31,CE04OSBP-LJ01C-07-VEL3DC107,4,False,,,0,0,,0.125,,,,,,,,,,,,,,,,False
2018-01-01,CE04OSBP-LJ01C-07-VEL3DC107,4,False,,,0,0,,0.125,,,,,,,,,,,,,,,,False
2018-01-02,CE04OSBP-LJ01C-07-VEL3DC107,4,False,,,0,0,,0.125,,,,,,,,,,,,,,,,False
2018-01-03,CE04OSBP-LJ01C-07-VEL3DC107,4,False,,,0,0,,0.125,,,,,,,,,,,,,,,,False
2018-01-04,CE04OSBP-LJ01C-07-VEL3DC107,4,False,,,0,0,,0.125,,,,,,,,,,,,,,,,False
2018-01-05,CE04OSBP-LJ01C-07-VEL3DC107,4,False,,,0,0,,0.125,,,,,,,,,,,,,,,,False
2018-01-06,CE04OSBP-LJ01C-07-VEL3DC107,4,False,,,0,0,,0.125,,,,,,,,,,,,,,,,False
2018-01-07,CE04OSBP-LJ01C-07-VEL3DC107,4,False,,,0,0,,0.125,,,,,,,,,,,,,,,,False
2018-01-08,CE04OSBP-LJ01C-07-VEL3DC107,4,False,,,0,0,,0.125,,,,,,,,,,,,,,,,False
2018-01-09,CE04OSBP-LJ01C-07-VEL3DC107,4,False,,,0,0,,0.125,,,,,,,,,,,,,,,,False
2018-01-10,CE04OSBP-LJ01C-07-VEL3DC107,4,False,,,0,0,,0.125,,,,,,,,,,,,,,,,False
2018-01-11,CE04OSBP-LJ01C-07-VEL3DC107,4,False,,,0,0,,0.125,,,,,,,,,,,,,,,,False
2018-01-12,CE04OSBP-LJ01C-07-VEL3DC107,4,False,,,0,0,,0.125,,,,,,,,,,,,,,,,False
2018-01-13,CE04OSBP-LJ01C-07-VEL3DC107,4,False,,,0,0,,0.125,,,,,,,,,,,,,,,,False
2018-01-14,CE04OSBP-LJ01C-07-VEL3DC107,4,False,,,0,0,,0.125,,,,,,,,,,,,,,,,False
2018-01-15,CE04OSBP-LJ01C-07-VEL3DC107,4,False,,,0,0,,0.125,,,,,,,,,,,,,,,,False
2018-01-16,CE04OSBP-LJ01C-07-VEL3DC107,4,False,,,0,0,,0.125,,,,,,,,,,,,,,,,False
2018-01-17,CE04OSBP-LJ01C-07-VEL3DC107,4,False,,,0,0,,0.125,,,,,,,,,,,,,,,,False
2018-01-18,CE04OSBP-LJ01C-07-VEL3DC107,4,False,,,0,0,,0.125,,,,,,,,,,,,,,,,False
2018-01-19,CE04OSBP-LJ01C-07-VEL3DC107,4,False,,,0,0,,0.125,,,,,,,,,,,,,,,,False
2018-01-20,CE04OSBP-LJ01C-07-VEL3DC107,4,False,,,0,0,,0.125,,,,,,,,,,,,,,,,False
2018-01-21,CE04OSBP-LJ01C-07-VEL3DC107,4,False,,,0,0,,0.125,,,,,,,,,,,,,,,,False
2018-01-22,CE04OSBP-LJ01C-07-VEL3DC107,4,False,,,0,0,,0.125,,,,,,,,,,,,,,,,False
2018-01-23,CE04OSBP-LJ01C-07-VEL3DC107,4,False,,,0,0,,0.125,,,,,,,,,,,,,,,,False
2018-01-24,CE04OSBP-LJ01C-07-VEL3DC107,4,False,,,0,0,,0.125,,,,,,,,,,,,,,,,False
2018-01-25,CE04OSBP-LJ01C-07-VEL3DC107,4,False,,,0,0,,0.125,,,,,,,,,,,,,,,,False
2018-01-26,CE04OSBP-LJ01C-07-VEL3DC107,4,False,,,0,0,,0.125,,,,,,,,,,,,,,,,False
2018-01-27,CE04OSBP-LJ01C-07-VEL3DC107,4,False,,,0,0,,0.125,,,,,,,,,,,,,,,,False
2018-01-28,CE04OSBP-LJ01C-07-VEL3DC107,4,False,,,0,0,,0.125,,,,,,,,,,,,,,,,False
2018-01-29,CE04OSBP-LJ01C-07-VEL3DC107,4,False,,,0,0,,0.125,,,,,,,,,,,,,,,,False
2018-01-30,CE04OSBP-LJ01C-07-VEL3DC107,4,False,,,0,0,,0.125,,,,,,,,,,,,,,,,False
2018-01-31,CE04OSBP-LJ01C-07-VEL3DC107,4,False,,,0,0,,0.125,,,,,,,,,,,,,,,,False
2018-02-01,CE04OSBP-LJ01C-07-VEL3DC107,4,False,,,0,0,,0.125,,,,,,,,,,,,,,,,False
2018-02-02,CE04OSBP-LJ01C-07-VEL3DC107,4,False,,,0,0,,0.125,,,,,,,,,,,,,,,,False
2018-02-03,CE04OSBP-LJ01C-07-VEL3DC107,4,False,,,0,0,,0.125,,,,,,,,,,,,,,,,False
2018-02-04,CE04OSBP-LJ01C-07-VEL3DC107,4,False,,,0,0,,0.125,,,,,,,,,,,,,,,,False
2018-02-05,CE04OSBP-LJ01C-07-VEL3DC107,4,False,,,0,0,,0.125,,,,,,,,,,,,,,,,False
2018-02-06,CE04OSBP-LJ01C-07-VEL3DC107,4,False,,,0,0,,0.125,,,,,,,,,,,,,,,,False
2018-02-07,CE04OSBP-LJ01C-07-VEL3DC107,4,False,,,0,0,,0.125,,,,,,,,,,,,,,,,False
2018-02-08,CE04OSBP-LJ01C-07-VEL3DC107,4,False,,,0,0,,0.125,,,,,,,,,,,,,,,,False
2018-02-09,CE04OSBP-LJ01C-07-VEL3DC107,4,False,,,0,0,,0.125,,,,,,,,,,,,,,,,False
2018-02-10,CE04OSBP-LJ01C-07-VEL3DC107,4,False,,,0,0,,0.125,,,,,,,,,,,,,,,,False
2018-02-11,CE04OSBP-LJ01C-07-VEL3DC107,4,False,,,0,0,,0.125,,,,,,,,,,,,,,,,False
2018-02-12,CE04OSBP-LJ01C-07-VEL3DC107,4,False,,,0,0,,0.125,,,,,,,,,,,,,,,,False
2018-02-13,CE04OSBP-LJ01C-07-VEL3DC107,4,False,,,0,0,,0.125,,,,,,,,,,,,,,,,False
2018-02-14,CE04OSBP-LJ01C-07-VEL3DC107,4,False,,,0,0,,0.125,,,,,,,,,,,,,,,,False
2018-02-15,CE04OSBP-LJ01C-07-VEL3DC107,4,False,,,0,0,,0.125,,,,,,,,,,,,,,,,False
2018-02-16,CE04OSBP-LJ01C-07-VEL3DC107,4,False,,,0,0,,0.125,,,,,,,,,,,,,,,,False
2018-02-17,CE04OSBP-LJ01C-07-VEL3DC107,4,False,,,0,0,,0.125,,,,,,,,,,,,,,,,False
2018-02-18,CE04OSBP-LJ01C-07-VEL3DC107,4,False,,,0,0,,0.125,,,,,,,,,,,,,,,,False
2018-02-19,CE04OSBP-LJ01C-07-VEL3DC107,4,False,,,0,0,,0.125,,,,,,,,,,,,,,,,False
2018-02-20,CE04OSBP-LJ01C-07-VEL3DC107,4,False,,,0,0,,0.125,,,,,,,,,,,,,,,,False
2018-02-21,CE04OSBP-LJ01C-07-VEL3DC107,4,False,,,0,0,,0.125,,,,,,,,,,,,,,,,False
2018-02-22,CE04OSBP-LJ01C-07-VEL3DC107,4,False,,,0,0,,0.125,,,,,,,,,,,,,,,,False
2018-02-23,CE04OSBP-LJ01C-07-VEL3DC107,4,False,,,0,0,,0.125,,,,,,,,,,,,,,,,False
2018-02-24,CE04OSBP-LJ01C-07-VEL3DC107,4,False,,,0,0,,0.125,,,,,,,,,,,,,,,,False
2018-02-25,CE04OSBP-LJ01C-07-VEL3DC107,4,False,,,0,0,,0.125,,,,,,,,,,,,,,,,False
2018-02-26,CE04OSBP-LJ01C-07-VEL3DC107,4,False,,,0,0,,0.125,,,,,,,,,,,,,,,,False
2018-02-27,CE04OSBP-LJ01C-07-VEL3DC107,4,False,,,0,0,,0.125,,,,,,,,,,,,,,,,False
2018-02-28,CE04OSBP-LJ01C-07-VEL3DC107,4,False,,,0,0,,0.125,,,,,,,,,,,,,,,,False
2018-03-01,CE04OSBP-LJ01C-07-VEL3DC107,4,False,,,0,0,,0.125,,,,,,,,,,,,,,,,False
2018-03-02,CE04OSBP-LJ01C-07-VEL3DC107,4,False,,,0,0,,0.125,,,,,,,,,,,,,,,,False
2018-03-03,CE04OSBP-LJ01C-07-VEL3DC107,4,False,,,0,0,,0.125,,,,,,,,,,,,,,,,False
2018-03-04,CE04OSBP-LJ01C-07-VEL3DC107,4,False,,,0,0,,0.125,,,,,,,,,,,,,,,,False
2018-03-05,CE04OSBP-LJ01C-07-VEL3DC107,4,False,,,0,0,,0.125,,,,,,,,,,,,,,,,False
2018-03-06,CE04OSBP-LJ01C-07-VEL3DC107,4,False,,,0,0,,0.125,,,,,,,,,,,,,,,,False
2018-03-07,CE04OSBP-LJ01C-07-VEL3DC107,4,False,,,0,0,,0.125,,,,,,,,,,,,,,,,False
2018-03-08,CE04OSBP-LJ01C-07-VEL3DC107,4,False,,,0,0,,0.125,,,,,,,,,,,,,,,,False
2018-03-09,CE04OSBP-LJ01C-07-VEL3DC107,4,False,,,0,0,,0.125,,,,,,,,,,,,,,,,False
2018-03-10,CE04OSBP-LJ01C-07-VEL3DC107,4,False,,,0,0,,0.125,,,,,,,,,,,,,,,,False
2018-03-11,CE04OSBP-LJ01C-07-VEL3DC107,4,False,,,0,0,,0.125,,,,,,,,,,,,,,,,False
2018-03-12,CE04OSBP-LJ01C-07-VEL3DC107,4,False,,,0,0,,0.125,,,,,,,,,,,,,,,,False
2018-03-13,CE04OSBP-LJ01C-07-VEL3DC107,4,False,,,0,0,,0.125,,,,,,,,,,,,,,,,False
2018-03-14,CE04OSBP-LJ01C-07-VEL3DC107,4,False,,,0,0,,0.125,,,,,,,,,,,,,,,,False
2018-03-15,CE04OSBP-LJ01C-07-VEL3DC107,4,False,,,0,0,,0.125,,,,,,,,,,,,,,,,False
2018-03-16,CE04OSBP-LJ01C-07-VEL3DC107,4,False,,,0,0,,0.125,,,,,,,,,,,,,,,,False
2018-03-17,CE04OSBP-LJ01C-07-VEL3DC107,4,False,,,0,0,,0.125,,,,,,,,,,,,,,,,False
2018-03-18,CE04OSBP-LJ01C-07-VEL3DC107,4,False,,,0,0,,0.125,,,,,,,,,,,,,,,,False
2018-03-19,CE04OSBP-LJ01C-07-VEL3DC107,4,False,,,0,0,,0.125,,,,,,,,,,,,,,,,False
2018-03-20,CE04OSBP-LJ01C-07-VEL3DC107,4,False,,,0,0,,0.125,,,,,,,,,,,,,,,,False
2018-03-21,CE04OSBP-LJ01C-07-VEL3DC107,4,False,,,0,0,,0.125,,,,,,,,,,,,,,,,False
2018-03-22,CE04OSBP-LJ01C-07-VEL3DC107,4,False,,,0,0,,0.125,,,,,,,,,,,,,,,,False
2018-03-23,CE04OSBP-LJ01C-07-VEL3DC107,4,False,,,0,0,,0.125,,,,,,,,,,,,,,,,False
2018-03-24,CE04OSBP-LJ01C-07-VEL3DC107,4,False,,,0,0,,0.125,,,,,,,,,,,,,,,,False
2018-03-25,CE04OSBP-LJ01C-07-VEL3DC107,4,False,,,0,0,,0.125,,,,,,,,,,,,,,,,False
2018-03-26,CE04OSBP-LJ01C-07-VEL3DC107,4,False,,,0,0,,0.125,,,,,,,,,,,,,,,,False
2018-03-27,CE04OSBP-LJ01C-07-VEL3DC107,4,False,,,0,0,,0.125,,,,,,,,,,,,,,,,False
2018-03-28,CE04OSBP-LJ01C-07-VEL3DC107,4,False,,,0,0,,0.125,,,,,,,,,,,,,,,,False
2018-03-29,CE04OSBP-LJ01C-07-VEL3DC107,4,False,,,0,0,,0.125,,,,,,,,,,,,,,,,False
2018-03-30,CE04OSBP-LJ01C-07-VEL3DC107,4,False,,,0,0,,0.125,,,,,,,,,,,,,,,,False
2018-03-31,CE04OSBP-LJ01C-07-VEL3DC107,4,False,,,0,0,,0.125,,,,,,,,,,,,,,,,False
2018-04-01,CE04OSBP-LJ01C-07-VEL3DC107,4,False,,,0,0,,0.125,,,,,,,,,,,,,,,,False
2018-04-02,CE04OSBP-LJ01C-07-VEL3DC107,4,False,,,0,0,,0.125,,,,,,,,,,,,,,,,False
2018-04-03,CE04OSBP-LJ01C-07-VEL3DC107,4,False,,,0,0,,0.125,,,,,,,,,,,,,,,,False
2018-04-04,CE04OSBP-LJ01C-07-VEL3DC107,4,False,,,0,0,,0.125,,,,,,,,,,,,,,,,False
2018-04-05,CE04OSBP-LJ01C-07-VEL3DC107,4,False,,,0,0,,0.125,,,,,,,,,,,,,,,,False
2018-04-06,CE04OSBP-LJ01C-07-VEL3DC107,4,False,,,0,0,,0.125,,,,,,,,,,,,,,,,False
2018-04-07,CE04OSBP-LJ01C-07-VEL3DC107,4,False,,,0,0,,0.125,,,,,,,,,,,,,,,,False
2018-04-08,CE04OSBP-LJ01C-07-VEL3DC107,4,False,,,0,0,,0.125,,,,,,,,,,,,,,,,False
2018-04-09,CE04OSBP-LJ01C-07-VEL3DC107,4,False,,,0,0,,0.125,,,,,,,,,,,,,,,,False
2018-04-10,CE04OSBP-LJ01C-07-VEL3DC107,4,False,,,0,0,,0.125,,,,,,,,,,,,,,,,False
2018-04-11,CE04OSBP-LJ01C-07-VEL3DC107,4,False,,,0,0,,0.125,,,,,,,,,,,,,,,,False
2018-04-12,CE04OSBP-LJ01C-07-VEL3DC107,4,False,,,0,0,,0.125,,,,,,,,,,,,,,,,False
2018-04-13,CE04OSBP-LJ01C-07-VEL3DC107,4,False,,,0,0,,0.125,,,,,,,,,,,,,,,,False
2018-04-14,CE04OSBP-LJ01C-07-VEL3DC107,4,False,,,0,0,,0.125,,,,,,,,,,,,,,,,False
2018-04-15,CE04OSBP-LJ01C-07-VEL3DC107,4,False,,,0,0,,0.125,,,,,,,,,,,,,,,,False
2018-04-16,CE04OSBP-LJ01C-07-VEL3DC107,4,False,,,0,0,,0.125,,,,,,,,,,,,,,,,False
2018-04-17,CE04OSBP-LJ01C-07-VEL3DC107,4,False,,,0,0,,0.125,,,,,,,,,,,,,,,,False
2018-04-18,CE04OSBP-LJ01C-07-VEL3DC107,4,False,,,0,0,,0.125,,,,,,,,,,,,,,,,False
2018-04-19,CE04OSBP-LJ01C-07-VEL3DC107,4,False,,,0,0,,0.125,,,,,,,,,,,,,,,,False
2018-04-20,CE04OSBP-LJ01C-07-VEL3DC107,4,False,,,0,0,,0.125,,,,,,,,,,,,,,,,False
2018-04-21,CE04OSBP-LJ01C-07-VEL3DC107,4,False,,,0,0,,0.125,,,,,,,,,,,,,,,,False
2018-04-22,CE04OSBP-LJ01C-07-VEL3DC107,4,False,,,0,0,,0.125,,,,,,,,,,,,,,,,False
2018-04-23,CE04OSBP-LJ01C-07-VEL3DC107,4,False,,,0,0,,0.125,,,,,,,,,,,,,,,,False
2018-04-24,CE04OSBP-LJ01C-07-VEL3DC107,4,False,,,0,0,,0.125,,,,,,,,,,,,,,,,False
2018-04-25,CE04OSBP-LJ01C-07-VEL3DC107,4,False,,,0,0,,0.125,,,,,,,,,,,,,,,,False
2018-04-26,CE04OSBP-LJ01C-07-VEL3DC107,4,False,,,0,0,,0.125,,,,,,,,,,,,,,,,False
2018-04-27,CE04OSBP-LJ01C-07-VEL3DC107,4,False,,,0,0,,0.125,,,,,,,,,,,,,,,,False
2018-04-28,CE04OSBP-LJ01C-07-VEL3DC107,4,False,,,0,0,,0.125,,,,,,,,,,,,,,,,False
2018-04-29,CE04OSBP-LJ01C-07-VEL3DC107,4,False,,,0,0,,0.125,,,,,,,,,,,,,,,,False
2018-04-30,CE04OSBP-LJ01C-07-VEL3DC107,4,False,,,0,0,,0.125,,,,,,,,,,,,,,,,False
2018-05-01,CE04OSBP-LJ01C-07-VEL3DC107,4,False,,,0,0,,0.125,,,,,,,,,,,,,,,,False
2018-05-02,CE04OSBP-LJ01C-07-VEL3DC107,4,False,,,0,0,,0.125,,,,,,,,,,,,,,,,False
2018-05-03,CE04OSBP-LJ01C-07-VEL3DC107,4,False,,,0,0,,0.125,,,,,,,,,,,,,,,,False
2018-05-04,CE04OSBP-LJ01C-07-VEL3DC107,4,False,,,0,0,,0.125,,,,,,,,,,,,,,,,False
2018-05-05,CE04OSBP-LJ01C-07-VEL3DC107,4,False,,,0,0,,0.125,,,,,,,,,,,,,,,,False
2018-05-06,CE04OSBP-LJ01C-07-VEL3DC107,4,False,,,0,0,,0.125,,,,,,,,,,,,,,,,False
2018-05-07,CE04OSBP-LJ01C-07-VEL3DC107,4,False,,,0,0,,0.125,,,,,,,,,,,,,,,,False
2018-05-08,CE04OSBP-LJ01C-07-VEL3DC107,4,False,,,0,0,,0.125,,,,,,,,,,,,,,,,False
2018-05-09,CE04OSBP-LJ01C-07-VEL3DC107,4,False,,,0,0,,0.125,,,,,,,,,,,,,,,,False
2018-05-10,CE04OSBP-LJ01C-07-VEL3DC107,4,False,,,0,0,,0.125,,,,,,,,,,,,,,,,False
2018-05-11,CE04OSBP-LJ01C-07-VEL3DC107,4,False,,,0,0,,0.125,,,,,,,,,,,,,,,,False
2018-05-12,CE04OSBP-LJ01C-07-VEL3DC107,4,False,,,0,0,,0.125,,,,,,,,,,,,,,,,False
2018-05-13,CE04OSBP-LJ01C-07-VEL3DC107,4,False,,,0,0,,0.125,,,,,,,,,,,,,,,,False
2018-05-14,CE04OSBP-LJ01C-07-VEL3DC107,4,False,,,0,0,,0.125,,,,,,,,,,,,,,,,False
2018-05-15,CE04OSBP-LJ01C-07-VEL3DC107,4,False,,,0,0,,0.125,,,,,,,,,,,,,,,,False
2018-05-16,CE04OSBP-LJ01C-07-VEL3DC107,4,False,,,0,0,,0.125,,,,,,,,,,,,,,,,False
2018-05-17,CE04OSBP-LJ01C-07-VEL3DC107,4,False,,,0,0,,0.125,,,,,,,,,,,,,,,,False
2018-05-18,CE04OSBP-LJ01C-07-VEL3DC107,4,False,,,0,0,,0.125,,,,,,,,,,,,,,,,False
2018-05-19,CE04OSBP-LJ01C-07-VEL3DC107,4,False,,,0,0,,0.125,,,,,,,,,,,,,,,,False
2018-05-20,CE04OSBP-LJ01C-07-VEL3DC107,4,False,,,0,0,,0.125,,,,,,,,,,,,,,,,False
2018-05-21,CE04OSBP-LJ01C-07-VEL3DC107,4,False,,,0,0,,0.125,,,,,,,,,,,,,,,,False
2018-05-22,CE04OSBP-LJ01C-07-VEL3DC107,4,False,,,0,0,,0.125,,,,,,,,,,,,,,,,False
2018-05-23,CE04OSBP-LJ01C-07-VEL3DC107,4,False,,,0,0,,0.125,,,,,,,,,,,,,,,,False
2018-05-24,CE04OSBP-LJ01C-07-VEL3DC107,4,False,,,0,0,,0.125,,,,,,,,,,,,,,,,False
2018-05-25,CE04OSBP-LJ01C-07-VEL3DC107,4,False,,,0,0,,0.125,,,,,,,,,,,,,,,,False
2018-05-26,CE04OSBP-LJ01C-07-VEL3DC107,4,False,,,0,0,,0.125,,,,,,,,,,,,,,,,False
2018-05-27,CE04OSBP-LJ01C-07-VEL3DC107,4,False,,,0,0,,0.125,,,,,,,,,,,,,,,,False
2018-05-28,CE04OSBP-LJ01C-07-VEL3DC107,4,False,,,0,0,,0.125,,,,,,,,,,,,,,,,False
2018-05-29,CE04OSBP-LJ01C-07-VEL3DC107,4,False,,,0,0,,0.125,,,,,,,,,,,,,,,,False
2018-05-30,CE04OSBP-LJ01C-07-VEL3DC107,4,False,,,0,0,,0.125,,,,,,,,,,,,,,,,False
2018-05-31,CE04OSBP-LJ01C-07-VEL3DC107,4,False,,,0,0,,0.125,,,,,,,,,,,,,,,,False
2018-06-01,CE04OSBP-LJ01C-07-VEL3DC107,4,False,,,0,0,,0.125,,,,,,,,,,,,,,,,False
2018-06-02,CE04OSBP-LJ01C-07-VEL3DC107,4,False,,,0,0,,0.125,,,,,,,,,,,,,,,,False
2018-06-03,CE04OSBP-LJ01C-07-VEL3DC107,4,False,,,0,0,,0.125,,,,,,,,,,,,,,,,False
2018-06-04,CE04OSBP-LJ01C-07-VEL3DC107,4,False,,,0,0,,0.125,,,,,,,,,,,,,,,,False
2018-06-05,CE04OSBP-LJ01C-07-VEL3DC107,4,False,,,0,0,,0.125,,,,,,,,,,,,,,,,False
2018-06-06,CE04OSBP-LJ01C-07-VEL3DC107,4,False,,,0,0,,0.125,,,,,,,,,,,,,,,,False
2018-06-07,CE04OSBP-LJ01C-07-VEL3DC107,4,False,,,0,0,,0.125,,,,,,,,,,,,,,,,False
2018-06-08,CE04OSBP-LJ01C-07-VEL3DC107,4,False,,,0,0,,0.125,,,,,,,,,,,,,,,,False
2018-06-09,CE04OSBP-LJ01C-07-VEL3DC107,4,False,,,0,0,,0.125,,,,,,,,,,,,,,,,False
2018-06-10,CE04OSBP-LJ01C-07-VEL3DC107,4,False,,,0,0,,0.125,,,,,,,,,,,,,,,,False
2018-06-11,CE04OSBP-LJ01C-07-VEL3DC107,4,False,,,0,0,,0.125,,,,,,,,,,,,,,,,False
2018-06-12,CE04OSBP-LJ01C-07-VEL3DC107,4,False,,,0,0,,0.125,,,,,,,,,,,,,,,,False
2018-06-13,CE04OSBP-LJ01C-07-VEL3DC107,4,False,,,0,0,,0.125,,,,,,,,,,,,,,,,False
2018-06-14,CE04OSBP-LJ01C-07-VEL3DC107,4,False,,,0,0,,0.125,,,,,,,,,,,,,,,,False
2018-06-15,CE04OSBP-LJ01C-07-VEL3DC107,4,False,,,0,0,,0.125,,,,,,,,,,,,,,,,False
2018-06-16,CE04OSBP-LJ01C-07-VEL3DC107,4,False,,,0,0,,0.125,,,,,,,,,,,,,,,,False
2018-06-17,CE04OSBP-LJ01C-07-VEL3DC107,4,False,,,0,0,,0.125,,,,,,,,,,,,,,,,False
2018-06-18,CE04OSBP-LJ01C-07-VEL3DC107,4,False,,,0,0,,0.125,,,,,,,,,,,,,,,,False
2018-06-19,CE04OSBP-LJ01C-07-VEL3DC107,4,False,,,0,0,,0.125,,,,,,,,,,,,,,,,False
2018-06-20,CE04OSBP-LJ01C-07-VEL3DC107,4,False,,,0,0,,0.125,,,,,,,,,,,,,,,,False
2018-06-21,CE04OSBP-LJ01C-07-VEL3DC107,4,False,,,0,0,,0.125,,,,,,,,,,,,,,,,False
2018-06-22,CE04OSBP-LJ01C-07-VEL3DC107,4,False,,,0,0,,0.125,,,,,,,,,,,,,,,,False
2018-06-23,CE04OSBP-LJ01C-07-VEL3DC107,4,False,,,0,0,,0.125,,,,,,,,,,,,,,,,False
2018-06-24,CE04OSBP-LJ01C-07-VEL3DC107,4,False,,,0,0,,0.125,,,,,,,,,,,,,,,,False
2018-06-25,CE04OSBP-LJ01C-07-VEL3DC107,5,True,2018-06-25T18:00:18Z,2018-06-25T23:59:59Z,172640,172651,11,0.125,0.124879837,0.124999849,0.002785937,1,11,1,11,-0.0,2.060321,6.94571,-5.385763e-10,0.01648259,0.05556575,False,0.049226,True
2018-06-26,CE04OSBP-LJ01C-07-VEL3DC107,5,True,2018-06-26T00:00:00Z,2018-06-26T23:59:59Z,691201,691201,0,0.125,0.124879837,0.124999821,0.003801077,0,0,5,5,-2e-06,2.988445,9.948811,-1.430195e-08,0.02390759,0.0795906,False,0.054603,False
2018-06-27,CE04OSBP-LJ01C-07-VEL3DC107,5,True,2018-06-27T00:00:00Z,2018-06-27T23:59:59Z,691201,691201,0,0.125,0.124879837,0.124999824,-0.001199485,0,0,11,11,0.0,3.913945,12.014677,3.694317e-10,0.0313116,0.09611755,False,0.047512,False
2018-06-28,CE04OSBP-LJ01C-07-VEL3DC107,5,True,2018-06-28T00:00:00Z,2018-06-28T23:59:59Z,691201,691201,0,0.125,0.124879837,0.12499983,0.002938424,0,0,6,6,-3e-06,2.165744,7.319135,-2.663581e-08,0.01732597,0.05855316,False,0.055981,False
2018-06-29,CE04OSBP-LJ01C-07-VEL3DC107,5,True,2018-06-29T00:00:00Z,2018-06-29T23:59:59Z,691201,691201,0,0.125,0.124879837,0.124999827,0.000164146,0,0,2,2,0.0,1.926893,7.935775,8.971105e-10,0.01541516,0.06348629,False,0.053934,False
2018-06-30,CE04OSBP-LJ01C-07-VEL3DC107,5,True,2018-06-30T00:00:00Z,2018-06-30T23:59:59Z,691201,691201,0,0.125,0.124879837,0.124999819,-0.000678879,0,0,3,3,-1e-06,1.794708,7.305805,-7.798862e-09,0.01435768,0.05844652,False,0.048921,False
2018-07-01,CE04OSBP-LJ01C-07-VEL3DC107,5,True,2018-07-01T00:00:00Z,2018-07-01T23:59:59Z,691201,691201,0,0.125,0.124879837,0.124999819,-0.00341723,0,0,7,7,2e-06,2.534585,10.429027,1.51659e-08,0.02027671,0.08343234,False,0.064374,False
2018-07-02,CE04OSBP-LJ01C-07-VEL3DC107,5,True,2018-07-02T00:00:00Z,2018-07-02T23:59:59Z,691201,691201,0,0.125,0.124879837,0.12499982,0.000140154,0,0,7,7,-0.0,1.834511,7.161237,-1.437647e-09,0.01467611,0.05728998,False,0.04996,False
2018-07-03,CE04OSBP-LJ01C-07-VEL3DC107,5,True,2018-07-03T00:00:00Z,2018-07-03T23:59:59Z,691201,691201,0,0.125,0.124879837,0.124999826,-0.002093308,0,0,7,7,1e-06,2.228101,7.040232,7.471236e-09,0.01782483,0.05632193,False,0.047879,False
2018-07-04,CE04OSBP-LJ01C-07-VEL3DC107,5,True,2018-07-04T00:00:00Z,2018-07-04T23:59:59Z,691201,691201,0,0.125,0.124879837,0.124999825,0.002763739,0,0,2,2,1e-06,2.295026,8.683009,9.785361e-09,0.01836023,0.06946417,False,0.052751,False
2018-07-05,CE04OSBP-LJ01C-07-VEL3DC107,5,True,2018-07-05T00:00:00Z,2018-07-05T23:59:59Z,690488,691201,713,0.125,0.124879837,0.124999827,-0.001311588,11,713,11,719,-0.0,1.724015,6.650803,-2.153805e-09,0.01379214,0.0532065,False,0.249003,True
2018-07-06,CE04OSBP-LJ01C-07-VEL3DC107,5,True,2018-07-06T00:00:00Z,2018-07-06T23:59:59Z,690703,691201,498,0.125,0.124879837,0.124999818,0.001073434,5,498,5,499,1e-06,1.499809,7.149777,4.758915e-09,0.01199849,0.0571983,False,0.221813,True
2018-07-07,CE04OSBP-LJ01C-07-VEL3DC107,5,True,2018-07-07T00:00:00Z,2018-07-07T23:59:59Z,691201,691201,0,0.125,0.124879837,0.124999828,-0.003590527,0,0,8,8,1e-06,3.625323,26.9183,5.300891e-09,0.02900262,0.2153467,False,0.196088,False
2018-07-08,CE04OSBP-LJ01C-07-VEL3DC107,5,True,2018-07-08T00:00:00Z,2018-07-08T23:59:59Z,691201,691201,0,0.125,0.124879837,0.12499983,0.003822573,0,0,7,7,5e-06,2.588192,6.758167,3.946337e-08,0.02070556,0.05406541,False,0.049918,False
2018-07-09,CE04OSBP-LJ01C-07-VEL3DC107,5,True,2018-07-09T00:00:00Z,2018-07-09T23:59:59Z,691201,691201,0,0.125,0.124879837,0.124999814,-0.000550026,0,0,10,10,4e-06,1.869583,6.517527,3.172607e-08,0.01495669,0.05214029,False,0.051178,False
2018-07-10,CE04OSBP-LJ01C-07-VEL3DC107,5,True,2018-07-10T00:00:00Z,2018-07-10T23:59:59Z,691201,691201,0,0.125,0.124879837,0.124999811,0.002847523,0,0,6,6,1e-06,1.601464,6.326799,6.466817e-09,0.01281174,0.05061447,False,0.03789,False
2018-07-11,CE04OSBP-LJ01C-07-VEL3DC107,5,True,2018-07-11T00:00:00Z,2018-07-11T23:59:59Z,691201,691201,0,0.125,0.124879837,0.124999807,-0.002850036,0,0,4,4,-1e-06,1.784987,10.109866,-6.920635e-09,0.01427991,0.08087905,False,0.078429,False
2018-07-12,CE04OSBP-LJ01C-07-VEL3DC107,5,True,2018-07-12T00:00:00Z,2018-07-12T23:59:59Z,691201,691201,0,0.125,0.124879837,0.124999824,-0.001635128,0,0,2,2,-1e-06,1.883159,7.478977,-5.768752e-09,0.0150653,0.0598319,False,0.051242,False
2018-07-13,CE04OSBP-LJ01C-07-VEL3DC107,5,True,2018-07-13T00:00:00Z,2018-07-13T23:59:59Z,691201,691201,0,0.125,0.124879837,0.124999826,-0.000645896,0,0,1,1,-5e-06,2.07601,8.938181,-3.982109e-08,0.01660811,0.07150555,False,0.054469,False
2018-07-14,CE04OSBP-LJ01C-07-VEL3DC107,5,True,2018-07-14T00:00:00Z,2018-07-14T23:59:59Z,691201,691201,0,0.125,0.124879837,0.124999824,0.002139332,0,0,5,5,-4e-06,3.0053,10.135541,-3.514917e-08,0.02404243,0.08108444,False,0.063671,False
2018-07-15,CE04OSBP-LJ01C-07-VEL3DC107,5,True,2018-07-15T00:00:00Z,2018-07-15T23:59:59Z,691201,691201,0,0.125,0.124879837,0.12499984,-0.004711417,0,0,7,7,-1e-06,2.482494,10.135601,-6.063337e-09,0.01985997,0.08108491,False,0.070479,False
2018-07-16,CE04OSBP-LJ01C-07-VEL3DC107,5,True,2018-07-16T00:00:00Z,2018-07-16T23:59:59Z,691201,691201,0,0.125,0.124879837,0.124999845,0.000696561,0,0,3,3,-8e-06,2.382329,9.936433,-6.603466e-08,0.01905866,0.07949157,False,0.052415,False
2018-07-17,CE04OSBP-LJ01C-07-VEL3DC107,5,True,2018-07-17T00:00:00Z,2018-07-17T23:59:59Z,685130,691207,6077,0.125,0.124879837,0.124998375,-0.006675947,4,6077,4,6080,-0.0,202.207354,415.673814,-1.616924e-09,1.61768,3.325434,True,0.197314,True
2018-07-18,CE04OSBP-LJ01C-07-VEL3DC107,5,True,2018-07-18T00:00:00Z,2018-07-18T23:59:59Z,691201,691201,0,0.125,0.124879837,0.124999812,-0.0024265,0,0,5,5,9e-06,1.914497,7.642698,7.483391e-08,0.015316,0.06114167,False,0.068242,False
2018-07-19,CE04OSBP-LJ01C-07-VEL3DC107,5,True,2018-07-19T00:00:00Z,2018-07-19T23:59:59Z,691201,691201,0,0.125,0.124879837,0.124999818,-0.001615096,0,0,9,9,4e-06,2.18631,8.668188,3.124871e-08,0.0174905,0.0693456,False,0.067226,False
2018-07-20,CE04OSBP-LJ01C-07-VEL3DC107,5,True,2018-07-20T00:00:00Z,2018-07-20T23:59:59Z,691201,691201,0,0.125,0.124879837,0.124999819,-0.00037685,0,0,3,3,4e-06,1.978177,6.972938,3.271532e-08,0.01582544,0.05578358,False,0.047206,False
2018-07-21,CE04OSBP-LJ01C-07-VEL3DC107,5,True,2018-07-21T00:00:00Z,2018-07-21T23:59:59Z,691201,691201,0,0.125,0.124879837,0.12499982,0.002680317,0,0,2,2,9e-06,2.275408,8.71546,7.336809e-08,0.01820329,0.06972378,False,0.051227,False
2018-07-22,CE04OSBP-LJ01C-07-VEL3DC107,5,True,2018-07-22T00:00:00Z,2018-07-22T23:59:59Z,691201,691201,0,0.125,0.124879837,0.124999825,0.000411416,0,0,2,2,9e-06,1.988666,7.644977,7.226668e-08,0.01590935,0.0611599,False,0.050975,False
2018-07-23,CE04OSBP-LJ01C-07-VEL3DC107,5,True,2018-07-23T00:00:00Z,2018-07-23T23:59:59Z,691201,691201,0,0.125,0.124879837,0.124999826,-0.000241398,0,0,3,3,-7e-06,1.847589,6.049183,-5.326405e-08,0.01478073,0.04839353,False,0.049242,False
2018-07-24,CE04OSBP-LJ01C-07-VEL3DC107,5,True,2018-07-24T00:00:00Z,2018-07-24T23:59:59Z,691201,691201,0,0.125,0.124879837,0.124999812,-0.000524508,0,0,11,11,-3e-06,1.729084,6.445869,-2.615126e-08,0.0138327,0.05156703,False,0.05041,False
2018-07-25,CE04OSBP-LJ01C-07-VEL3DC107,5,True,2018-07-25T00:00:00Z,2018-07-25T23:59:59Z,691201,691201,0,0.125,0.124879837,0.124999822,-0.000364906,0,0,1,1,-7e-06,1.804524,4.632759,-5.657495e-08,0.01443621,0.03706212,False,0.034106,False
2018-07-26,CE04OSBP-LJ01C-07-VEL3DC107,5,True,2018-07-26T00:00:00Z,2018-07-26T23:59:59Z,691200,691200,0,0.125,0.124879837,0.124999846,-0.003281629,0,0,0,0,5e-06,3.464185,10.19508,3.750494e-08,0.02771351,0.08156074,False,0.046767,False
2018-07-27,CE04OSBP-LJ01C-07-VEL3DC107,5,True,2018-07-27T00:00:00Z,2018-07-27T23:59:59Z,691201,691201,0,0.125,0.124879837,0.124999825,0.004146415,0,0,3,3,-1e-06,2.3535,8.337084,-5.951783e-09,0.01882803,0.06669676,False,0.052147,False
2018-07-28,CE04OSBP-LJ01C-07-VEL3DC107,5,True,2018-07-28T00:00:00Z,2018-07-28T23:59:59Z,691201,691201,0,0.125,0.124879837,0.12499982,0.001943356,0,0,7,7,-2e-06,1.977667,8.319681,-1.489603e-08,0.01582136,0.06655754,False,0.051979,False
2018-07-29,CE04OSBP-LJ01C-07-VEL3DC107,5,True,2018-07-29T00:00:00Z,2018-07-29T23:59:59Z,691201,691201,0,0.125,0.124879837,0.124999813,-0.002506982,0,0,4,4,0.0,2.967485,8.476896,6.099352e-10,0.02373992,0.06781527,False,0.04747,False
2018-07-30,CE04OSBP-LJ01C-07-VEL3DC107,5,True,2018-07-30T00:00:00Z,2018-07-30T23:59:59Z,691201,691201,0,0.125,0.124879837,0.124999816,0.006373517,0,0,4,4,-2e-06,3.080265,10.793425,-1.833482e-08,0.02464215,0.08634753,False,0.051556,False
2018-07-31,CE04OSBP-LJ01C-07-VEL3DC107,5,True,2018-07-31T00:00:00Z,2018-07-31T23:59:59Z,691202,691202,0,0.125,0.124879837,0.124999818,0.001017923,0,0,4,4,-1e-06,2.954471,10.965204,-4.712297e-09,0.0236358,0.08772176,False,0.052281,False
2018-08-01,CE04OSBP-LJ01C-07-VEL3DC107,5,True,2018-08-01T00:00:00Z,2018-08-01T23:59:59Z,691201,691201,0,0.125,0.124879837,0.124999817,0.000998687,0,0,2,2,8e-06,2.65406,16.44945,6.093523e-08,0.02123251,0.1315958,False,0.152109,False
2018-08-02,CE04OSBP-LJ01C-07-VEL3DC107,5,True,2018-08-02T00:00:00Z,2018-08-02T23:59:59Z,691201,691201,0,0.125,0.124879837,0.124999817,-0.000916467,0,0,7,7,-7e-06,2.058375,6.974056,-5.553499e-08,0.01646703,0.05579253,False,0.047004,False
2018-08-03,CE04OSBP-LJ01C-07-VEL3DC107,5,True,2018-08-03T00:00:00Z,2018-08-03T23:59:59Z,691201,691201,0,0.125,0.124879837,0.12499982,-0.003152988,0,0,9,9,2e-06,1.799603,6.949322,1.544802e-08,0.01439685,0.05559465,False,0.045484,False
2018-08-04,CE04OSBP-LJ01C-07-VEL3DC107,5,True,2018-08-04T00:00:00Z,2018-08-04T23:59:59Z,691201,691201,0,0.125,0.124879837,0.124999822,-0.000874394,0,0,1,1,-7e-06,2.049489,7.48426,-5.977168e-08,0.01639594,0.05987417,False,0.077196,False
2018-08-05,CE04OSBP-LJ01C-07-VEL3DC107,5,True,2018-08-05T00:00:00Z,2018-08-05T23:59:59Z,691201,691201,0,0.125,0.124879837,0.124999814,0.001167725,0,0,8,8,1e-05,2.337325,6.457797,7.856984e-08,0.01869863,0.05166245,False,0.051426,False
2018-08-06,CE04OSBP-LJ01C-07-VEL3DC107,5,True,2018-08-06T00:00:00Z,2018-08-06T23:59:59Z,691201,691201,0,0.125,0.124879837,0.124999815,0.001000278,0,0,5,5,-1e-06,1.904531,10.323086,-7.295897e-09,0.01523627,0.08258481,False,0.067532,False
2018-08-07,CE04OSBP-LJ01C-07-VEL3DC107,5,True,2018-08-07T00:00:00Z,2018-08-07T23:59:59Z,691201,691201,0,0.125,0.124879837,0.124999814,-0.003712645,0,0,3,3,7e-06,2.45458,8.824573,5.531253e-08,0.01963667,0.07059669,False,0.052869,False
2018-08-08,CE04OSBP-LJ01C-07-VEL3DC107,5,True,2018-08-08T00:00:00Z,2018-08-08T23:59:59Z,691201,691201,0,0.125,0.124879837,0.124999816,-6.6587e-05,0,0,10,10,4e-06,1.997657,7.376408,2.942861e-08,0.01598128,0.05901135,False,0.048486,False
2018-08-09,CE04OSBP-LJ01C-07-VEL3DC107,5,True,2018-08-09T00:00:00Z,2018-08-09T23:59:59Z,691201,691201,0,0.125,0.124879837,0.124999819,-0.001053808,0,0,4,4,7e-06,2.361088,14.14155,5.431536e-08,0.01888873,0.1131326,False,0.114433,False
2018-08-10,CE04OSBP-LJ01C-07-VEL3DC107,5,True,2018-08-10T00:00:00Z,2018-08-10T21:27:31Z,618016,618016,0,0.125,0.124879837,0.124999815,0.001107751,0,0,1,1,5e-06,1.878135,6.026633,4.153173e-08,0.0150251,0.04821314,False,0.065321,False
2018-08-11,CE04OSBP-LJ01C-07-VEL3DC107,5,True,2018-08-11T01:22:28Z,2018-08-11T23:59:59Z,651615,651615,0,0.125,0.124879837,0.124999811,0.00230687,0,0,1,1,-1e-06,2.184571,10.802565,-1.006139e-08,0.01747659,0.08642065,False,0.053438,False
2018-08-12,CE04OSBP-LJ01C-07-VEL3DC107,5,True,2018-08-12T00:00:00Z,2018-08-12T23:59:59Z,691201,691201,0,0.125,0.124879837,0.124999811,-0.001698131,0,0,5,5,-1e-06,2.199388,5.722631,-4.397287e-09,0.01759513,0.04578112,False,0.04697,False
2018-08-13,CE04OSBP-LJ01C-07-VEL3DC107,5,True,2018-08-13T00:00:00Z,2018-08-13T23:59:59Z,691201,691201,0,0.125,0.124879837,0.124999818,-0.003306442,0,0,4,4,0.0,2.222052,6.41361,7.054204e-10,0.01777644,0.05130895,False,0.055298,False
2018-08-14,CE04OSBP-LJ01C-07-VEL3DC107,5,True,2018-08-14T00:00:00Z,2018-08-14T23:59:59Z,691201,691201,0,0.125,0.124879837,0.124999816,0.002627024,0,0,8,8,1e-06,2.127239,8.856401,9.896652e-09,0.01701794,0.07085132,False,0.049013,False
2018-08-15,CE04OSBP-LJ01C-07-VEL3DC107,5,True,2018-08-15T00:00:00Z,2018-08-15T23:59:59Z,691201,691201,0,0.125,0.124879837,0.12499982,0.002199609,0,0,10,10,1e-06,2.449162,9.41922,6.391204e-09,0.01959332,0.07535387,False,0.045557,False
2018-08-16,CE04OSBP-LJ01C-07-VEL3DC107,5,True,2018-08-16T00:00:00Z,2018-08-16T23:59:59Z,691201,691201,0,0.125,0.124879837,0.124999825,0.0011298,0,0,2,2,-0.0,2.960507,7.534062,-3.179188e-09,0.02368409,0.06027258,False,0.052002,False
2018-08-17,CE04OSBP-LJ01C-07-VEL3DC107,5,True,2018-08-17T00:00:00Z,2018-08-17T23:59:59Z,691201,691201,0,0.125,0.124879837,0.124999849,-0.005021581,0,0,8,8,1e-06,2.579301,8.003525,7.952583e-09,0.02063444,0.06402828,False,0.044564,False
2018-08-18,CE04OSBP-LJ01C-07-VEL3DC107,5,True,2018-08-18T00:00:00Z,2018-08-18T23:59:59Z,691201,691201,0,0.125,0.124879837,0.124999838,0.001149096,0,0,5,5,2e-06,2.00383,8.133818,1.515473e-08,0.01603066,0.06507063,False,0.060281,False
2018-08-19,CE04OSBP-LJ01C-07-VEL3DC107,5,True,2018-08-19T00:00:00Z,2018-08-19T23:59:59Z,691201,691201,0,0.125,0.124879837,0.124999832,-0.003279268,0,0,1,1,-0.0,2.243576,27.065637,-3.707847e-10,0.01794863,0.2165254,False,0.196081,False
2018-08-20,CE04OSBP-LJ01C-07-VEL3DC107,5,True,2018-08-20T00:00:00Z,2018-08-20T23:59:59Z,691201,691201,0,0.125,0.124879837,0.124999818,0.002171792,0,0,5,5,1e-06,1.787664,7.058586,5.302012e-09,0.01430133,0.05646877,False,0.051529,False
2018-08-21,CE04OSBP-LJ01C-07-VEL3DC107,5,True,2018-08-21T00:00:00Z,2018-08-21T23:59:59Z,691201,691201,0,0.125,0.124879837,0.124999826,-0.002985821,0,0,4,4,-1e-06,2.708824,9.483934,-5.429773e-09,0.02167062,0.07587158,False,0.047951,False
2018-08-22,CE04OSBP-LJ01C-07-VEL3DC107,5,True,2018-08-22T00:00:00Z,2018-08-22T17:42:00Z,509766,509766,0,0.125,0.124879837,0.124999816,-0.000218657,0,0,5,5,-0.0,2.316438,6.109862,-1.892231e-09,0.01853153,0.04887897,False,0.045072,False
2018-08-23,CE04OSBP-LJ01C-07-VEL3DC107,5,False,,,0,0,,0.125,,,,,,,,,,,,,,,,False
2018-08-24,CE04OSBP-LJ01C-07-VEL3DC107,5,True,2018-08-24T21:01:48Z,2018-08-24T23:59:59Z,85529,85529,0,0.125,0.124879837,0.124999894,0.001501341,0,0,0,0,0.0,1.568059,5.274178,8.580266e-10,0.01254448,0.04219346,False,0.042243,False
2018-08-25,CE04OSBP-LJ01C-07-VEL3DC107,5,True,2018-08-25T00:00:00Z,2018-08-25T23:59:59Z,691201,691201,0,0.125,0.124879837,0.124999849,-0.000102413,0,0,10,10,7e-06,2.531715,6.86457,5.336864e-08,0.02025374,0.05491662,False,0.048577,False
2018-08-26,CE04OSBP-LJ01C-07-VEL3DC107,5,True,2018-08-26T00:00:00Z,2018-08-26T23:59:59Z,691201,691201,0,0.125,0.124879837,0.124999816,0.000265489,0,0,9,9,9e-06,1.974722,6.342124,6.956254e-08,0.0157978,0.05073706,False,0.052732,False
2018-08-27,CE04OSBP-LJ01C-07-VEL3DC107,5,True,2018-08-27T00:00:00Z,2018-08-27T23:59:59Z,691201,691201,0,0.125,0.124879837,0.124999813,0.000415624,0,0,4,4,4e-06,2.085304,7.845729,3.110537e-08,0.01668246,0.06276593,False,0.049811,False
2018-08-28,CE04OSBP-LJ01C-07-VEL3DC107,5,True,2018-08-28T00:00:00Z,2018-08-28T15:26:43Z,444826,444826,0,0.125,0.124879837,0.124999825,-0.000917587,0,0,0,0,3e-06,1.725835,6.857283,2.331817e-08,0.0138067,0.05485834,False,0.047722,False
2018-08-29,CE04OSBP-LJ01C-07-VEL3DC107,5,False,,,0,0,,0.125,,,,,,,,,,,,,,,,False
2018-08-30,CE04OSBP-LJ01C-07-VEL3DC107,5,True,2018-08-30T22:31:29Z,2018-08-30T23:59:59Z,42486,42486,0,0.125,0.124879837,0.124999886,0.003462046,0,0,0,0,-0.0,2.319273,5.43136,-8.811467e-11,0.0185542,0.04345092,False,0.054526,False
2018-08-31,CE04OSBP-LJ01C-07-VEL3DC107,5,True,2018-08-31T00:00:00Z,2018-08-31T23:59:59Z,691201,691201,0,0.125,0.124879837,0.124999829,0.002978787,0,0,2,2,-0.0,3.128786,8.664902,-3.47214e-09,0.02503032,0.06931931,False,0.051258,False
2018-09-01,CE04OSBP-LJ01C-07-VEL3DC107,5,True,2018-09-01T00:00:00Z,2018-09-01T23:59:59Z,691201,691201,0,0.125,0.124879837,0.124999817,-0.001698852,0,0,2,2,-1e-06,2.495774,10.184221,-6.66589e-09,0.01996622,0.08147389,False,0.060162,False
2018-09-02,CE04OSBP-LJ01C-07-VEL3DC107,5,True,2018-09-02T00:00:00Z,2018-09-02T23:59:59Z,691201,691201,0,0.125,0.124879837,0.124999826,-0.002388445,0,0,4,4,-1e-06,2.026006,7.910857,-4.019532e-09,0.01620807,0.06328694,False,0.051453,False
2018-09-03,CE04OSBP-LJ01C-07-VEL3DC107,5,True,2018-09-03T00:00:00Z,2018-09-03T23:59:59Z,691201,691201,0,0.125,0.124879837,0.124999816,-0.000697975,0,0,3,3,-0.0,1.802058,5.633386,-3.537588e-10,0.01441649,0.04506715,False,0.049566,False
2018-09-04,CE04OSBP-LJ01C-07-VEL3DC107,5,True,2018-09-04T00:00:00Z,2018-09-05T00:00:00Z,691202,691202,0,0.125,0.124879837,0.124999827,0.000752752,0,0,8,8,1e-06,1.963368,63.052554,1.106868e-08,0.01570697,0.5044211,True,0.476674,False
2018-09-05,CE04OSBP-LJ01C-07-VEL3DC107,5,True,2018-09-05T00:00:00Z,2018-09-06T00:00:00Z,691111,691201,90,0.125,0.125,0.125,0.0,1,90,1,90,-5e-06,3e-06,1e-05,-3.914303e-08,2.245098e-08,7.799827e-08,False,0.0,True
2018-09-06,CE04OSBP-LJ01C-07-VEL3DC107,5,True,2018-09-06T00:00:00Z,2018-09-07T00:00:00Z,691112,691201,89,0.125,0.125,0.125,0.0,1,89,1,89,-4e-06,2e-06,7e-06,-2.861852e-08,1.642487e-08,5.704351e-08,False,0.0,True
2018-09-07,CE04OSBP-LJ01C-07-VEL3DC107,5,True,2018-09-07T00:00:00Z,2018-09-08T00:00:00Z,691105,691201,96,0.125,0.125,0.125,-0.0,1,96,1,96,1.2e-05,7e-06,2.5e-05,9.914422e-08,5.693105e-08,1.977896e-07,False,0.0,True
2018-09-08,CE04OSBP-LJ01C-07-VEL3DC107,5,True,2018-09-08T00:00:00Z,2018-09-09T00:00:00Z,691106,691201,95,0.125,0.125,0.125,0.0,1,95,1,95,-6e-06,4e-06,1.3e-05,-5.03737e-08,2.888602e-08,1.004664e-07,False,0.0,True
2018-09-09,CE04OSBP-LJ01C-07-VEL3DC107,5,True,2018-09-09T00:00:00Z,2018-09-10T00:00:00Z,691107,691201,94,0.125,0.125,0.125,0.0,1,94,1,94,-6e-06,3e-06,1.1e-05,-4.507524e-08,2.586403e-08,8.987263e-08,False,0.0,True
2018-09-10,CE04OSBP-LJ01C-07-VEL3DC107,5,True,2018-09-10T00:00:00Z,2018-09-11T00:00:00Z,691108,691201,93,0.125,0.125,0.125,0.0,1,93,1,93,-2e-06,1e-06,4e-06,-1.592227e-08,9.125806e-09,3.178138e-08,False,0.0,True
2018-09-11,CE04OSBP-LJ01C-07-VEL3DC107,5,True,2018-09-11T00:00:00Z,2018-09-12T00:00:00Z,691109,691201,92,0.125,0.125,0.125,0.0,1,92,1,92,-6e-06,3e-06,1.2e-05,-4.730256e-08,2.714601e-08,9.429641e-08,False,0.0,True
2018-09-12,CE04OSBP-LJ01C-07-VEL3DC107,5,True,2018-09-12T00:00:00Z,2018-09-13T00:00:00Z,691109,691201,92,0.125,0.125,0.125,0.0,1,92,1,92,-6e-06,3e-06,1.2e-05,-4.730256e-08,2.714601e-08,9.429641e-08,False,0.0,True
2018-09-13,CE04OSBP-LJ01C-07-VEL3DC107,5,True,2018-09-13T00:00:00Z,2018-09-13T16:31:39Z,475999,475999,0,0.125,0.125,0.125,0.0,0,0,0,0,-5e-06,3e-06,1e-05,-4.071777e-08,2.334198e-08,8.114148e-08,False,0.0,False
2018-09-14,CE04OSBP-LJ01C-07-VEL3DC107,5,True,2018-09-14T20:39:02Z,2018-09-15T00:00:00Z,95999,96465,466,0.125,0.125,0.125,0.0,1,466,1,466,-0.0,0.0,0.0,-3.171727e-11,1.837423e-11,5.820766e-11,False,0.0,True
2018-09-15,CE04OSBP-LJ01C-07-VEL3DC107,5,True,2018-09-15T00:00:00Z,2018-09-16T00:00:00Z,691105,691201,96,0.125,0.125,0.125,-0.0,1,96,1,96,1.2e-05,7e-06,2.5e-05,9.914422e-08,5.693105e-08,1.977896e-07,False,0.0,True
2018-09-16,CE04OSBP-LJ01C-07-VEL3DC107,5,True,2018-09-16T00:00:00Z,2018-09-17T00:00:00Z,691105,691201,96,0.125,0.125,0.125,-0.0,1,96,1,96,1.2e-05,7e-06,2.5e-05,9.914422e-08,5.693105e-08,1.977896e-07,False,0.0,True
2018-09-17,CE04OSBP-LJ01C-07-VEL3DC107,5,True,2018-09-17T00:00:00Z,2018-09-18T00:00:00Z,691107,691201,94,0.125,0.125,0.125,0.0,1,94,1,94,-6e-06,3e-06,1.1e-05,-4.507524e-08,2.586403e-08,8.987263e-08,False,0.0,True
2018-09-18,CE04OSBP-LJ01C-07-VEL3DC107,5,True,2018-09-18T00:00:00Z,2018-09-19T00:00:00Z,691108,691201,93,0.125,0.125,0.125,0.0,1,93,1,93,-2e-06,1e-06,4e-06,-1.592227e-08,9.125806e-09,3.178138e-08,False,0.0,True
2018-09-19,CE04OSBP-LJ01C-07-VEL3DC107,5,True,2018-09-19T00:00:00Z,2018-09-20T00:00:00Z,685776,691201,5425,0.125,0.125,0.125,-0.0,7,5425,7,5425,-0.0,0.0,1e-06,-3.497493e-09,2.036365e-09,7.101335e-09,False,0.0,True
2018-09-20,CE04OSBP-LJ01C-07-VEL3DC107,5,True,2018-09-20T00:00:00Z,2018-09-21T00:00:00Z,686665,691201,4536,0.125,0.125,0.125,-0.0,5,4536,5,4536,7e-06,4e-06,1.3e-05,5.235185e-08,3.017652e-08,1.048902e-07,False,0.0,True
2018-09-21,CE04OSBP-LJ01C-07-VEL3DC107,5,True,2018-09-21T00:00:00Z,2018-09-22T00:00:00Z,691111,691201,90,0.125,0.125,0.125,0.0,1,90,1,90,-5e-06,3e-06,1e-05,-3.914303e-08,2.245098e-08,7.799827e-08,False,0.0,True
2018-09-22,CE04OSBP-LJ01C-07-VEL3DC107,5,True,2018-09-22T00:00:00Z,2018-09-23T00:00:00Z,691105,691201,96,0.125,0.125,0.125,-0.0,1,96,1,96,1.2e-05,7e-06,2.5e-05,9.914422e-08,5.693105e-08,1.977896e-07,False,0.0,True
2018-09-23,CE04OSBP-LJ01C-07-VEL3DC107,5,True,2018-09-23T00:00:00Z,2018-09-24T00:00:00Z,685774,691201,5427,0.125,0.125,0.125,0.0,7,5427,7,5427,-6e-06,3e-06,1.2e-05,-4.80227e-08,2.770717e-08,9.627547e-08,False,0.0,True
2018-09-24,CE04OSBP-LJ01C-07-VEL3DC107,5,True,2018-09-24T00:00:00Z,2018-09-25T00:00:00Z,662662,691201,28539,0.125,0.125,0.125,-0.0,4,28539,4,28539,0.0,0.0,1e-06,2.365385e-09,1.375561e-09,4.773028e-09,False,0.0,True
2018-09-25,CE04OSBP-LJ01C-07-VEL3DC107,5,True,2018-09-25T00:00:00Z,2018-09-26T00:00:00Z,691107,691201,94,0.125,0.125,0.125,0.0,1,94,1,94,-6e-06,3e-06,1.1e-05,-4.507524e-08,2.586403e-08,8.987263e-08,False,0.0,True
2018-09-26,CE04OSBP-LJ01C-07-VEL3DC107,5,True,2018-09-26T00:00:00Z,2018-09-27T00:00:00Z,691108,691201,93,0.125,0.125,0.125,0.0,1,93,1,93,-2e-06,1e-06,4e-06,-1.592227e-08,9.125806e-09,3.178138e-08,False,0.0,True
2018-09-27,CE04OSBP-LJ01C-07-VEL3DC107,5,True,2018-09-27T00:00:00Z,2018-09-28T00:00:00Z,691109,691201,92,0.125,0.125,0.125,0.0,1,92,1,92,-6e-06,3e-06,1.2e-05,-4.730256e-08,2.714601e-08,9.429641e-08,False,0.0,True
2018-09-28,CE04OSBP-LJ01C-07-VEL3DC107,5,True,2018-09-28T00:00:00Z,2018-09-28T02:38:19Z,75998,75998,0,0.125,0.125,0.125,-0.0,0,0,0,0,0.0,0.0,0.0,1.772261e-10,1.021589e-10,3.49246e-10,False,0.0,False
2018-09-29,CE04OSBP-LJ01C-07-VEL3DC107,5,False,,,0,0,,0.125,,,,,,,,,,,,,,,,False
2018-09-30,CE04OSBP-LJ01C-07-VEL3DC107,5,False,,,0,0,,0.125,,,,,,,,,,,,,,,,False
2018-10-01,CE04OSBP-LJ01C-07-VEL3DC107,5,False,,,0,0,,0.125,,,,,,,,,,,,,,,,False
2018-10-02,CE04OSBP-LJ01C-07-VEL3DC107,5,True,2018-10-02T17:43:02Z,2018-10-03T00:00:00Z,175554,180945,5391,0.125,0.125,0.125,-0.0,6,5391,6,5391,0.0,0.0,0.0,1.420473e-09,8.195832e-10,2.852175e-09,False,0.0,True
2018-10-03,CE04OSBP-LJ01C-07-VEL3DC107,5,True,2018-10-03T00:00:00Z,2018-10-04T00:00:00Z,685773,691201,5428,0.125,0.125,0.125,-0.0,6,5428,6,5428,0.0,0.0,0.0,1.225585e-09,6.791887e-10,2.328306e-09,False,0.0,True
2018-10-04,CE04OSBP-LJ01C-07-VEL3DC107,5,True,2018-10-04T00:00:00Z,2018-10-05T00:00:00Z,691108,691201,93,0.125,0.125,0.125,0.0,1,93,1,93,-2e-06,1e-06,4e-06,-1.592227e-08,9.125806e-09,3.178138e-08,False,0.0,True
2018-10-05,CE04OSBP-LJ01C-07-VEL3DC107,5,True,2018-10-05T00:00:00Z,2018-10-06T00:00:00Z,691109,691201,92,0.125,0.125,0.125,0.0,1,92,1,92,-6e-06,3e-06,1.2e-05,-4.730256e-08,2.714601e-08,9.429641e-08,False,0.0,True
2018-10-06,CE04OSBP-LJ01C-07-VEL3DC107,5,True,2018-10-06T00:00:00Z,2018-10-07T00:00:00Z,691110,691201,91,0.125,0.125,0.125,-0.0,1,91,1,91,1e-05,6e-06,2.1e-05,8.332739e-08,4.781423e-08,1.661247e-07,False,0.0,True
2018-10-07,CE04OSBP-LJ01C-07-VEL3DC107,5,True,2018-10-07T00:00:00Z,2018-10-08T00:00:00Z,691110,691201,91,0.125,0.125,0.125,-0.0,1,91,1,91,1e-05,6e-06,2.1e-05,8.332739e-08,4.781423e-08,1.661247e-07,False,0.0,True
2018-10-08,CE04OSBP-LJ01C-07-VEL3DC107,5,True,2018-10-08T00:00:00Z,2018-10-09T00:00:00Z,691111,691201,90,0.125,0.125,0.125,0.0,1,90,1,90,-5e-06,3e-06,1e-05,-3.914303e-08,2.245098e-08,7.799827e-08,False,0.0,True
2018-10-09,CE04OSBP-LJ01C-07-VEL3DC107,5,True,2018-10-09T00:00:00Z,2018-10-10T00:00:00Z,691112,691201,89,0.125,0.125,0.125,0.0,1,89,1,89,-4e-06,2e-06,7e-06,-2.861852e-08,1.642487e-08,5.704351e-08,False,0.0,True
2018-10-10,CE04OSBP-LJ01C-07-VEL3DC107,5,True,2018-10-10T00:00:00Z,2018-10-11T00:00:00Z,691105,691201,96,0.125,0.125,0.125,-0.0,1,96,1,96,1.2e-05,7e-06,2.5e-05,9.914422e-08,5.693105e-08,1.977896e-07,False,0.0,True
2018-10-11,CE04OSBP-LJ01C-07-VEL3DC107,5,True,2018-10-11T00:00:00Z,2018-10-11T23:59:59Z,691197,691200,3,0.125,0.125,0.125,-3.591e-06,3,3,3,3,6e-06,0.155194,15.091878,4.476816e-08,0.001241553,0.120735,False,0.120792,True
2018-10-12,CE04OSBP-LJ01C-07-VEL3DC107,5,True,2018-10-12T00:00:00Z,2018-10-12T23:59:59Z,691201,691201,0,0.125,0.124879837,0.124999825,-0.001655142,0,0,5,5,-2e-06,2.641256,10.638677,-1.414148e-08,0.02113008,0.08510953,False,0.057329,False
2018-10-13,CE04OSBP-LJ01C-07-VEL3DC107,5,True,2018-10-13T00:00:00Z,2018-10-13T23:59:59Z,691201,691201,0,0.125,0.124879837,0.124999825,-0.002969152,0,0,8,8,-0.0,2.024185,8.596782,-1.9153e-09,0.0161935,0.06877435,False,0.059414,False
2018-10-14,CE04OSBP-LJ01C-07-VEL3DC107,5,True,2018-10-14T00:00:00Z,2018-10-14T23:59:59Z,691201,691201,0,0.125,0.124879837,0.124999819,0.000695506,0,0,5,5,-1e-06,1.965456,7.471588,-1.031041e-08,0.01572367,0.05977279,False,0.054438,False
2018-10-15,CE04OSBP-LJ01C-07-VEL3DC107,5,True,2018-10-15T00:00:00Z,2018-10-15T23:59:59Z,691201,691201,0,0.125,0.124879837,0.124999809,-0.00144145,0,0,5,5,-2e-06,1.941177,9.295744,-1.377972e-08,0.01552944,0.07436607,False,0.051724,False
2018-10-16,CE04OSBP-LJ01C-07-VEL3DC107,5,True,2018-10-16T00:00:00Z,2018-10-16T23:59:59Z,688367,691204,2837,0.125,0.124879837,0.124999652,0.041083446,10,2837,10,2846,0.0,77.870314,308.442564,2.814972e-10,0.6229642,2.467547,True,0.280387,True
2018-10-17,CE04OSBP-LJ01C-07-VEL3DC107,5,True,2018-10-17T00:00:00Z,2018-10-17T23:59:59Z,691201,691201,0,0.125,0.124879837,0.124999817,0.004312343,0,0,4,4,2e-06,2.387463,26.156703,1.56617e-08,0.01909973,0.2092539,False,0.196188,False
2018-10-18,CE04OSBP-LJ01C-07-VEL3DC107,5,True,2018-10-18T00:00:00Z,2018-10-18T08:42:17Z,243181,250705,7524,0.125,0.124879837,0.124997423,0.187711879,6,7524,6,7529,0.0,231.444147,532.427036,1.642051e-09,1.851591,4.259504,True,0.252142,True
2018-10-19,CE04OSBP-LJ01C-07-VEL3DC107,5,True,2018-10-19T20:14:07Z,2018-10-19T23:59:59Z,108418,108418,0,0.125,0.124879837,0.124999828,-0.001328727,0,0,2,2,-0.0,1.461529,4.018571,-1.079122e-09,0.01169225,0.03214862,False,0.050128,False
2018-10-20,CE04OSBP-LJ01C-07-VEL3DC107,5,True,2018-10-20T00:00:00Z,2018-10-20T23:59:59Z,691201,691201,0,0.125,0.124879837,0.124999806,0.004523508,0,0,4,4,5e-06,3.498843,9.933264,4.201317e-08,0.02799079,0.07946624,False,0.046286,False
2018-10-21,CE04OSBP-LJ01C-07-VEL3DC107,5,True,2018-10-21T00:00:00Z,2018-10-21T23:59:59Z,691202,691202,0,0.125,0.124879837,0.124999797,2.6047e-05,0,0,10,10,3e-06,5.702257,17.264279,2.022001e-08,0.04561813,0.1381145,False,0.0523,False
2018-10-22,CE04OSBP-LJ01C-07-VEL3DC107,5,True,2018-10-22T00:00:00Z,2018-10-22T23:59:59Z,691201,691201,0,0.125,0.124879837,0.12499981,-3.7908e-05,0,0,3,3,8e-06,1.642678,7.130606,6.097711e-08,0.01314145,0.05704494,False,0.052193,False
2018-10-23,CE04OSBP-LJ01C-07-VEL3DC107,5,True,2018-10-23T00:00:00Z,2018-10-23T23:59:59Z,691201,691201,0,0.125,0.124879837,0.124999814,-0.001964605,0,0,5,5,-6e-06,1.711963,8.658628,-4.887131e-08,0.01369573,0.06926912,False,0.051926,False
2018-10-24,CE04OSBP-LJ01C-07-VEL3DC107,5,True,2018-10-24T00:00:00Z,2018-10-24T23:59:59Z,691201,691201,0,0.125,0.124879837,0.124999808,0.001711508,0,0,6,6,7e-06,2.396525,7.112721,5.899803e-08,0.01917223,0.05690186,False,0.047886,False
2018-10-25,CE04OSBP-LJ01C-07-VEL3DC107,5,True,2018-10-25T00:00:00Z,2018-10-25T23:59:59Z,691201,691201,0,0.125,0.124879837,0.124999812,0.001695521,0,0,0,0,-6e-06,2.026736,5.598456,-4.55078e-08,0.01621391,0.04478771,False,0.047271,False
2018-10-26,CE04OSBP-LJ01C-07-VEL3DC107,5,True,2018-10-26T00:00:00Z,2018-10-26T23:59:59Z,691201,691201,0,0.125,0.124879837,0.124999813,0.001326026,0,0,4,4,-0.0,1.861379,7.560559,-2.439737e-09,0.01489105,0.06048456,False,0.048623,False
2018-10-27,CE04OSBP-LJ01C-07-VEL3DC107,5,True,2018-10-27T00:00:00Z,2018-10-27T23:59:59Z,691201,691201,0,0.125,0.124879837,0.12499981,-0.001472274,0,0,3,3,-2e-06,1.907984,8.585142,-1.349528e-08,0.01526389,0.06868124,False,0.048547,False
2018-10-28,CE04OSBP-LJ01C-07-VEL3DC107,5,True,2018-10-28T00:00:00Z,2018-10-28T23:59:59Z,691201,691201,0,0.125,0.124879837,0.124999811,-0.000200278,0,0,4,4,3e-06,1.863408,6.791729,2.493927e-08,0.01490729,0.05433391,False,0.049635,False
2018-10-29,CE04OSBP-LJ01C-07-VEL3DC107,5,True,2018-10-29T00:00:00Z,2018-10-29T23:59:59Z,691201,691201,0,0.125,0.124879837,0.124999808,0.000610736,0,0,6,6,-0.0,1.991117,6.271682,-2.314097e-09,0.01592896,0.05017353,False,0.053954,False
2018-10-30,CE04OSBP-LJ01C-07-VEL3DC107,5,True,2018-10-30T00:00:00Z,2018-10-30T23:59:59Z,691201,691201,0,0.125,0.124879837,0.124999812,-0.000398909,0,0,4,4,1e-06,2.272053,8.002911,9.627921e-09,0.01817645,0.06402338,False,0.052506,False
2018-10-31,CE04OSBP-LJ01C-07-VEL3DC107,5,True,2018-10-31T00:00:00Z,2018-10-31T23:59:59Z,690192,691202,1010,0.125,0.124879837,0.124999762,0.011638238,7,1010,7,1016,-0.0,25.193293,103.435697,-1.197044e-10,0.2015467,0.8274872,True,0.056504,True
2018-11-01,CE04OSBP-LJ01C-07-VEL3DC107,5,True,2018-11-01T00:00:00Z,2018-11-01T23:59:59Z,691201,691201,0,0.125,0.124879837,0.12499981,0.00121571,0,0,9,9,1e-06,1.775686,6.697383,6.542222e-09,0.01420551,0.05357914,False,0.050105,False
2018-11-02,CE04OSBP-LJ01C-07-VEL3DC107,5,True,2018-11-02T00:00:00Z,2018-11-02T23:59:59Z,691201,691201,0,0.125,0.124879837,0.124999803,0.000550388,0,0,7,7,-0.0,3.629108,10.005753,-3.862402e-09,0.02903291,0.08004615,False,0.065336,False
2018-11-03,CE04OSBP-LJ01C-07-VEL3DC107,5,True,2018-11-03T00:00:00Z,2018-11-03T23:59:59Z,691201,691201,0,0.125,0.124879837,0.124999806,0.006568938,0,0,4,4,-0.0,5.256861,12.261367,-5.302928e-10,0.04205495,0.09809109,False,0.058642,False
2018-11-04,CE04OSBP-LJ01C-07-VEL3DC107,5,True,2018-11-04T00:00:00Z,2018-11-04T23:59:59Z,691201,691201,0,0.125,0.124879837,0.124999826,-0.003001742,0,0,9,9,-0.0,2.022178,9.961558,-2.190157e-09,0.01617745,0.07969258,False,0.069437,False
2018-11-05,CE04OSBP-LJ01C-07-VEL3DC107,5,True,2018-11-05T00:00:00Z,2018-11-05T23:59:59Z,691201,691201,0,0.125,0.124879837,0.124999823,0.003644418,0,0,3,3,0.0,1.699329,6.961428,1.156557e-09,0.01359466,0.0556915,False,0.049421,False
2018-11-06,CE04OSBP-LJ01C-07-VEL3DC107,5,True,2018-11-06T00:00:00Z,2018-11-06T23:59:59Z,691201,691201,0,0.125,0.124879837,0.124999825,0.000432604,0,0,9,9,-2e-06,1.901906,8.030781,-1.209785e-08,0.01521527,0.06424634,False,0.049058,False
2018-11-07,CE04OSBP-LJ01C-07-VEL3DC107,5,True,2018-11-07T00:00:00Z,2018-11-07T23:59:59Z,691201,691201,0,0.125,0.124879837,0.124999827,0.000932728,0,0,9,9,-0.0,2.913124,9.741323,-8.938737e-10,0.02330503,0.07793069,False,0.052109,False
2018-11-08,CE04OSBP-LJ01C-07-VEL3DC107,5,True,2018-11-08T00:00:00Z,2018-11-08T23:59:59Z,686747,691205,4458,0.125,0.124879837,0.124998775,0.156505992,6,4458,6,4463,-0.0,127.715743,269.963762,-3.596747e-09,1.021736,2.159731,True,0.270818,True
2018-11-09,CE04OSBP-LJ01C-07-VEL3DC107,5,True,2018-11-09T00:00:00Z,2018-11-09T23:59:59Z,691201,691201,0,0.125,0.124879837,0.124999828,-0.000937377,0,0,7,7,-0.0,1.835348,7.777743,-1.044483e-09,0.0146828,0.06222203,False,0.052205,False
2018-11-10,CE04OSBP-LJ01C-07-VEL3DC107,5,True,2018-11-10T00:00:00Z,2018-11-10T23:59:59Z,691201,691201,0,0.125,0.124879837,0.124999824,0.001350024,0,0,10,10,4e-06,1.660779,5.859818,3.024115e-08,0.01328625,0.04687861,False,0.041055,False
2018-11-11,CE04OSBP-LJ01C-07-VEL3DC107,5,True,2018-11-11T00:00:00Z,2018-11-11T23:59:59Z,691201,691201,0,0.125,0.124879837,0.124999827,-0.000978537,0,0,4,4,-2e-06,1.978237,7.223081,-1.539021e-08,0.01582592,0.05778473,False,0.044957,False
2018-11-12,CE04OSBP-LJ01C-07-VEL3DC107,5,True,2018-11-12T00:00:00Z,2018-11-12T23:59:59Z,691201,691201,0,0.125,0.124879837,0.12499982,0.001031045,0,0,5,5,4e-06,1.967327,8.271185,3.598936e-08,0.01573864,0.06616957,False,0.052403,False
2018-11-13,CE04OSBP-LJ01C-07-VEL3DC107,5,True,2018-11-13T00:00:00Z,2018-11-13T23:59:59Z,691201,691201,0,0.125,0.124879837,0.124999813,-0.001296021,0,0,3,3,-5e-06,1.813133,6.474391,-4.003846e-08,0.01450508,0.0517952,False,0.051506,False
2018-11-14,CE04OSBP-LJ01C-07-VEL3DC107,5,True,2018-11-14T00:00:00Z,2018-11-14T23:59:59Z,691201,691201,0,0.125,0.124879837,0.124999807,-0.003256976,0,0,3,3,-2e-06,2.768791,8.643087,-1.376931e-08,0.02215036,0.0691448,False,0.059372,False
2018-11-15,CE04OSBP-LJ01C-07-VEL3DC107,5,True,2018-11-15T00:00:00Z,2018-11-15T23:59:59Z,691201,691201,0,0.125,0.124879837,0.124999816,0.001503943,0,0,9,9,1e-06,1.999895,6.414846,1.10897e-08,0.01599918,0.05131884,False,0.050544,False
2018-11-16,CE04OSBP-LJ01C-07-VEL3DC107,5,True,2018-11-16T00:00:00Z,2018-11-16T23:59:59Z,691201,691201,0,0.125,0.124879837,0.124999801,-0.000910405,0,0,7,7,-0.0,2.147603,7.672346,-3.303835e-10,0.01718085,0.06137887,False,0.049952,False
2018-11-17,CE04OSBP-LJ01C-07-VEL3DC107,5,True,2018-11-17T00:00:00Z,2018-11-17T23:59:59Z,691201,691201,0,0.125,0.124879837,0.124999823,-0.004133299,0,0,2,2,1e-06,3.161661,9.069987,5.611295e-09,0.02529332,0.07256,False,0.048921,False
2018-11-18,CE04OSBP-LJ01C-07-VEL3DC107,5,True,2018-11-18T00:00:00Z,2018-11-18T23:59:59Z,691201,691201,0,0.125,0.124879837,0.124999817,-0.004134426,0,0,12,12,-0.0,2.704554,8.743411,-1.391443e-09,0.02163646,0.06994739,False,0.048024,False
2018-11-19,CE04OSBP-LJ01C-07-VEL3DC107,5,True,2018-11-19T00:00:00Z,2018-11-19T23:59:59Z,691201,691201,0,0.125,0.124879837,0.12499984,-0.006021758,0,0,5,5,1e-06,2.664901,9.464076,5.222942e-09,0.02131924,0.0757127,False,0.074416,False
2018-11-20,CE04OSBP-LJ01C-07-VEL3DC107,5,True,2018-11-20T00:00:00Z,2018-11-20T23:59:59Z,659680,691231,31551,0.125,0.124879837,0.124991725,0.837379949,5,31551,5,31555,-1e-06,875.565834,1790.366098,-1.139654e-08,7.00499,14.32388,True,0.311987,True
2018-11-21,CE04OSBP-LJ01C-07-VEL3DC107,5,True,2018-11-21T00:00:00Z,2018-11-21T23:59:59Z,691201,691201,0,0.125,0.124879837,0.124999808,-0.001349375,0,0,4,4,2e-06,1.891972,6.804229,1.789712e-08,0.0151358,0.05443392,False,0.051789,False
2018-11-22,CE04OSBP-LJ01C-07-VEL3DC107,5,True,2018-11-22T00:00:00Z,2018-11-22T23:59:59Z,691201,691201,0,0.125,0.124879837,0.124999808,-0.001713089,0,0,10,10,-1e-06,1.903839,6.20598,-5.182581e-09,0.01523074,0.04964792,False,0.051006,False
2018-11-23,CE04OSBP-LJ01C-07-VEL3DC107,5,True,2018-11-23T00:00:00Z,2018-11-23T23:59:59Z,691201,691201,0,0.125,0.124879837,0.124999809,0.000413779,0,0,5,5,-0.0,1.619099,6.801365,-2.444671e-09,0.01295281,0.054411,False,0.030543,False
2018-11-24,CE04OSBP-LJ01C-07-VEL3DC107,5,True,2018-11-24T00:00:00Z,2018-11-24T23:59:59Z,691201,691201,0,0.125,0.124879837,0.124999815,0.009647233,0,0,2,2,0.0,2.644733,9.80293,3.550883e-09,0.02115789,0.07842355,False,0.055573,False
2018-11-25,CE04OSBP-LJ01C-07-VEL3DC107,5,True,2018-11-25T00:00:00Z,2018-11-25T23:59:59Z,691201,691201,0,0.125,0.124879837,0.124999825,-0.00206743,0,0,9,9,-1e-06,3.254321,9.765895,-4.036611e-09,0.02603461,0.07812727,False,0.050635,False
2018-11-26,CE04OSBP-LJ01C-07-VEL3DC107,5,True,2018-11-26T00:00:00Z,2018-11-26T23:59:59Z,691201,691201,0,0.125,0.124879837,0.124999812,0.001003705,0,0,2,2,-1e-06,1.905008,5.232609,-9.175167e-09,0.01524009,0.04186093,False,0.053518,False
2018-11-27,CE04OSBP-LJ01C-07-VEL3DC107,5,True,2018-11-27T00:00:00Z,2018-11-27T23:59:59Z,691201,691201,0,0.125,0.124879837,0.124999821,-0.000969108,0,0,8,8,1e-06,1.80963,7.106648,6.356752e-09,0.01447706,0.05685326,False,0.051643,False
2018-11-28,CE04OSBP-LJ01C-07-VEL3DC107,5,True,2018-11-28T00:00:00Z,2018-11-28T23:59:59Z,691201,691201,0,0.125,0.124879837,0.124999818,-0.001266082,0,0,11,11,1e-06,1.704975,8.118428,6.696728e-09,0.01363982,0.06494752,False,0.057879,False
2018-11-29,CE04OSBP-LJ01C-07-VEL3DC107,5,True,2018-11-29T00:00:00Z,2018-11-29T23:59:59Z,691201,691201,0,0.125,0.124879837,0.124999821,-0.002647165,0,0,3,3,0.0,2.002736,7.753553,3.623726e-09,0.01602191,0.06202851,False,0.052884,False
2018-11-30,CE04OSBP-LJ01C-07-VEL3DC107,5,True,2018-11-30T00:00:00Z,2018-11-30T23:59:59Z,691201,691201,0,0.125,0.124879837,0.124999826,-0.001079559,0,0,3,3,1e-06,1.909527,8.065246,4.349676e-09,0.01527624,0.06452206,False,0.047199,False
2018-12-01,CE04OSBP-LJ01C-07-VEL3DC107,5,True,2018-12-01T00:00:00Z,2018-12-01T23:59:59Z,691201,691201,0,0.125,0.124879837,0.124999821,-0.003060233,0,0,5,5,1e-06,1.630292,7.444848,7.448084e-09,0.01304235,0.05955887,False,0.049876,False
2018-12-02,CE04OSBP-LJ01C-07-VEL3DC107,5,True,2018-12-02T00:00:00Z,2018-12-02T23:59:59Z,691201,691201,0,0.125,0.124879837,0.124999813,0.001958121,0,0,6,6,3e-06,2.07458,7.843056,2.098745e-08,0.01659667,0.06274454,False,0.049994,False
2018-12-03,CE04OSBP-LJ01C-07-VEL3DC107,5,True,2018-12-03T00:00:00Z,2018-12-03T23:59:59Z,691201,691201,0,0.125,0.124879837,0.124999824,-0.003376774,0,0,7,7,-1e-06,2.288217,7.878963,-8.074456e-09,0.01830576,0.06303179,False,0.050903,False
2018-12-04,CE04OSBP-LJ01C-07-VEL3DC107,5,True,2018-12-04T00:00:00Z,2018-12-04T23:59:59Z,691201,691201,0,0.125,0.124879837,0.124999834,-0.004957031,0,0,5,5,0.0,6.811715,15.286908,9.181841e-10,0.05449379,0.1222954,False,0.051685,False
2018-12-05,CE04OSBP-LJ01C-07-VEL3DC107,5,True,2018-12-05T00:00:00Z,2018-12-05T23:59:59Z,691201,691201,0,0.125,0.124879837,0.124999828,0.004544782,0,0,1,1,1e-06,3.500021,9.132912,5.434364e-09,0.02800021,0.07306339,False,0.051811,False
2018-12-06,CE04OSBP-LJ01C-07-VEL3DC107,5,True,2018-12-06T00:00:00Z,2018-12-06T23:59:59Z,691201,691201,0,0.125,0.124879837,0.124999821,0.003517172,0,0,9,9,-1e-06,2.093146,9.29772,-5.465007e-09,0.01674519,0.07438187,False,0.05576,False
2018-12-07,CE04OSBP-LJ01C-07-VEL3DC107,5,True,2018-12-07T00:00:00Z,2018-12-07T23:59:59Z,683003,691209,8206,0.125,0.124879837,0.124997864,0.013103285,7,8206,7,8212,-0.0,268.568358,550.769547,-1.153643e-09,2.148584,4.406232,True,0.128679,True
2018-12-08,CE04OSBP-LJ01C-07-VEL3DC107,5,True,2018-12-08T00:00:00Z,2018-12-08T23:59:59Z,691201,691201,0,0.125,0.124879837,0.124999815,-0.006471258,0,0,5,5,1e-06,3.245991,8.489652,6.445786e-09,0.02596797,0.06791732,False,0.049585,False
2018-12-09,CE04OSBP-LJ01C-07-VEL3DC107,5,True,2018-12-09T00:00:00Z,2018-12-09T23:59:59Z,691201,691201,0,0.125,0.124879837,0.124999813,-0.000846383,0,0,8,8,0.0,2.412973,7.510855,1.597716e-09,0.01930381,0.06008693,False,0.0539,False
2018-12-10,CE04OSBP-LJ01C-07-VEL3DC107,5,True,2018-12-10T00:00:00Z,2018-12-10T23:59:59Z,691201,691201,0,0.125,0.124879837,0.124999816,-0.000699214,0,0,2,2,-1e-06,1.939421,5.306215,-7.31176e-09,0.01551539,0.04244979,False,0.04868,False
2018-12-11,CE04OSBP-LJ01C-07-VEL3DC107,5,True,2018-12-11T00:00:00Z,2018-12-11T23:59:59Z,691201,691201,0,0.125,0.124879837,0.124999811,0.002466705,0,0,6,6,1e-06,1.807515,6.175071,4.876845e-09,0.01446014,0.04940065,False,0.052182,False
2018-12-12,CE04OSBP-LJ01C-07-VEL3DC107,5,True,2018-12-12T00:00:00Z,2018-12-12T23:59:59Z,691201,691201,0,0.125,0.124879837,0.124999814,0.000649434,0,0,6,6,1e-06,2.971439,9.894604,6.467046e-09,0.02377154,0.07915695,False,0.052987,False
2018-12-13,CE04OSBP-LJ01C-07-VEL3DC107,5,True,2018-12-13T00:00:00Z,2018-12-13T23:59:59Z,691201,691201,0,0.125,0.124879837,0.124999813,-0.003371577,0,0,2,2,0.0,1.978528,6.327153,2.115108e-09,0.01582825,0.0506173,False,0.029894,False
2018-12-14,CE04OSBP-LJ01C-07-VEL3DC107,5,True,2018-12-14T00:00:00Z,2018-12-14T23:59:59Z,691201,691201,0,0.125,0.124879837,0.12499981,-0.00177578,0,0,6,6,0.0,2.487723,6.963554,2.343631e-09,0.01990181,0.05570852,False,0.045668,False
2018-12-15,CE04OSBP-LJ01C-07-VEL3DC107,5,True,2018-12-15T00:00:00Z,2018-12-15T23:59:59Z,691201,691201,0,0.125,0.124879837,0.124999817,0.000660925,0,0,6,6,-1e-06,2.588733,8.225097,-7.973562e-09,0.0207099,0.06580087,False,0.050914,False
2018-12-16,CE04OSBP-LJ01C-07-VEL3DC107,5,True,2018-12-16T00:00:00Z,2018-12-16T23:59:59Z,691201,691201,0,0.125,0.124879837,0.124999825,-0.004194977,0,0,14,14,1e-06,3.237799,9.270882,7.823669e-09,0.02590243,0.07416716,False,0.046859,False
2018-12-17,CE04OSBP-LJ01C-07-VEL3DC107,5,True,2018-12-17T00:00:00Z,2018-12-17T23:59:59Z,691201,691201,0,0.125,0.124879837,0.124999827,-0.007582436,0,0,3,3,1e-06,4.021209,12.845397,4.201271e-09,0.03216972,0.1027633,False,0.055813,False
2018-12-18,CE04OSBP-LJ01C-07-VEL3DC107,5,True,2018-12-18T00:00:00Z,2018-12-18T23:59:59Z,691201,691201,0,0.125,0.124879837,0.124999818,-0.001117064,0,0,6,6,-1e-06,1.792763,7.97202,-8.72907e-09,0.01434212,0.06377626,False,0.049811,False
2018-12-19,CE04OSBP-LJ01C-07-VEL3DC107,5,True,2018-12-19T00:00:00Z,2018-12-19T23:59:59Z,691201,691201,0,0.125,0.124879837,0.124999834,0.002286285,0,0,13,13,0.0,3.595006,8.979396,3.651236e-09,0.02876009,0.07183526,False,0.051689,False
2018-12-20,CE04OSBP-LJ01C-07-VEL3DC107,5,True,2018-12-20T00:00:00Z,2018-12-20T23:59:59Z,687376,691201,3825,0.125,0.124879837,0.124999809,-0.0015086,535,3825,535,3828,2e-06,1.713544,6.787608,1.59931e-08,0.01370837,0.05430095,False,0.071686,True
2018-12-21,CE04OSBP-LJ01C-07-VEL3DC107,5,True,2018-12-21T00:00:00Z,2018-12-21T23:59:59Z,691201,691201,0,0.125,0.124879837,0.124999828,-0.001926797,0,0,3,3,3e-06,2.551472,7.619045,2.291162e-08,0.02041181,0.06095244,False,0.06211,False
2018-12-22,CE04OSBP-LJ01C-07-VEL3DC107,5,True,2018-12-22T00:00:00Z,2018-12-22T23:59:59Z,691201,691201,0,0.125,0.124879837,0.12499983,0.003120196,0,0,5,5,-1e-06,2.938407,8.095936,-6.127766e-09,0.02350729,0.06476758,False,0.04645,False
2018-12-23,CE04OSBP-LJ01C-07-VEL3DC107,5,True,2018-12-23T00:00:00Z,2018-12-23T23:59:59Z,691201,691201,0,0.125,0.124879837,0.124999819,-0.001360727,0,0,4,4,-1e-06,2.203829,6.373472,-6.59495e-09,0.01763066,0.05098785,False,0.051067,False
2018-12-24,CE04OSBP-LJ01C-07-VEL3DC107,5,True,2018-12-24T00:00:00Z,2018-12-24T23:59:59Z,691201,691201,0,0.125,0.124879837,0.124999808,-0.006532614,0,0,2,2,-2e-06,2.604072,7.934694,-1.360062e-08,0.02083261,0.06347765,False,0.045591,False
2018-12-25,CE04OSBP-LJ01C-07-VEL3DC107,5,True,2018-12-25T00:00:00Z,2018-12-25T23:59:59Z,691201,691201,0,0.125,0.124879837,0.124999824,0.000799242,0,0,4,4,0.0,2.278921,7.856257,3.850749e-09,0.01823139,0.06285015,False,0.044694,False
2018-12-26,CE04OSBP-LJ01C-07-VEL3DC107,5,True,2018-12-26T00:00:00Z,2018-12-26T23:59:59Z,691201,691201,0,0.125,0.124879837,0.12499981,-0.004574919,0,0,3,3,-1e-06,2.585354,7.457589,-1.102488e-08,0.02068286,0.05966081,False,0.056313,False
2018-12-27,CE04OSBP-LJ01C-07-VEL3DC107,5,True,2018-12-27T00:00:00Z,2018-12-27T23:59:59Z,691201,691201,0,0.125,0.124879837,0.124999815,-0.004232013,0,0,0,0,-6e-06,3.227029,7.858686,-4.628378e-08,0.02581627,0.06286958,False,0.05101,False
2018-12-28,CE04OSBP-LJ01C-07-VEL3DC107,5,True,2018-12-28T00:00:00Z,2018-12-28T23:59:59Z,691202,691202,0,0.125,0.124879837,0.124999809,-0.003060648,0,0,3,3,2e-06,1.910264,5.912091,1.789089e-08,0.01528213,0.0472968,False,0.048612,False
2018-12-29,CE04OSBP-LJ01C-07-VEL3DC107,5,True,2018-12-29T00:00:00Z,2018-12-29T23:59:59Z,691201,691201,0,0.125,0.124879837,0.124999812,0.002128269,0,0,7,7,-9e-06,2.107068,8.781354,-7.078173e-08,0.01685657,0.07025094,False,0.052419,False
2018-12-30,CE04OSBP-LJ01C-07-VEL3DC107,5,True,2018-12-30T00:00:00Z,2018-12-30T23:59:59Z,691201,691201,0,0.125,0.124879837,0.124999807,-0.001381527,0,0,2,2,5e-06,2.725517,13.917155,3.830833e-08,0.02180417,0.1113374,False,0.072885,False
2018-12-31,CE04OSBP-LJ01C-07-VEL3DC107,5,True,2018-12-31T00:00:00Z,2018-12-31T23:59:59Z,691201,691201,0,0.125,0.124879837,0.12499982,0.003367847,0,0,6,6,4e-06,2.092499,8.154019,3.119719e-08,0.01674001,0.06523224,False,0.068089,False
2019-01-01,CE04OSBP-LJ01C-07-VEL3DC107,5,True,2019-01-01T00:00:00Z,2019-01-01T23:59:59Z,691201,691201,0,0.125,0.124879837,0.124999823,-0.002736122,0,0,6,6,7e-06,2.059859,16.958252,5.922909e-08,0.01647889,0.1356662,False,0.1268,False
2019-01-02,CE04OSBP-LJ01C-07-VEL3DC107,5,True,2019-01-02T00:00:00Z,2019-01-02T23:59:59Z,691201,691201,0,0.125,0.124879837,0.124999828,-0.001755616,0,0,4,4,-6e-06,1.651089,5.800092,-4.617137e-08,0.01320873,0.0464008,False,0.047302,False
2019-01-03,CE04OSBP-LJ01C-07-VEL3DC107,5,True,2019-01-03T00:00:00Z,2019-01-03T23:59:59Z,691201,691201,0,0.125,0.124879837,0.124999827,-0.001863032,0,0,13,13,1e-05,1.823214,6.804954,7.918601e-08,0.01458573,0.05443971,False,0.049776,False
2019-01-04,CE04OSBP-LJ01C-07-VEL3DC107,5,True,2019-01-04T00:00:00Z,2019-01-04T23:59:59Z,691200,691200,0,0.125,0.124879837,0.124999823,-0.000112625,0,0,0,0,5e-06,1.86881,6.959887,3.854793e-08,0.0149505,0.05567917,False,0.04626,False
2019-01-05,CE04OSBP-LJ01C-07-VEL3DC107,5,True,2019-01-05T00:00:00Z,2019-01-05T23:59:59Z,691201,691201,0,0.125,0.124879837,0.124999819,-0.004726869,0,0,6,6,1.1e-05,2.571464,9.789842,8.512505e-08,0.02057174,0.07831885,False,0.067581,False
2019-01-06,CE04OSBP-LJ01C-07-VEL3DC107,5,True,2019-01-06T00:00:00Z,2019-01-06T23:59:59Z,691201,691201,0,0.125,0.124879837,0.124999822,-0.001584688,0,0,2,2,-8e-06,2.086346,8.323334,-6.731462e-08,0.01669079,0.06658677,False,0.047806,False
2019-01-07,CE04OSBP-LJ01C-07-VEL3DC107,5,True,2019-01-07T00:00:00Z,2019-01-07T23:59:59Z,691202,691202,0,0.125,0.124879837,0.1249998,-0.000978689,0,0,9,9,-0.0,2.06125,8.126968,-1.371111e-09,0.01649003,0.06501585,False,0.061964,False
2019-01-08,CE04OSBP-LJ01C-07-VEL3DC107,5,True,2019-01-08T00:00:00Z,2019-01-08T23:59:59Z,691200,691200,0,0.125,0.124879837,0.124999822,0.006767048,0,0,7,7,0.0,2.024009,7.743136,7.511008e-10,0.0161921,0.06194518,False,0.045939,False
2019-01-09,CE04OSBP-LJ01C-07-VEL3DC107,5,True,2019-01-09T00:00:00Z,2019-01-09T23:59:59Z,691201,691201,0,0.125,0.124879837,0.124999824,-0.000371628,0,0,3,3,7e-06,2.109961,6.266193,5.783233e-08,0.01687971,0.05012962,False,0.041296,False
2019-01-10,CE04OSBP-LJ01C-07-VEL3DC107,5,True,2019-01-10T00:00:00Z,2019-01-10T23:59:59Z,691201,691201,0,0.125,0.124879837,0.124999849,0.000832222,0,0,6,6,4e-06,1.86683,6.769692,3.051187e-08,0.01493466,0.0541576,False,0.046103,False
2019-01-11,CE04OSBP-LJ01C-07-VEL3DC107,5,True,2019-01-11T00:00:00Z,2019-01-11T23:59:59Z,691201,691201,0,0.125,0.124879837,0.124999845,0.001349763,0,0,12,12,-1e-06,2.22615,8.118513,-6.305273e-09,0.01780922,0.06494819,False,0.062396,False
2019-01-12,CE04OSBP-LJ01C-07-VEL3DC107,5,True,2019-01-12T00:00:00Z,2019-01-12T23:59:59Z,691201,691201,0,0.125,0.124879837,0.124999803,0.000215195,0,0,1,1,-2e-06,1.767004,6.018431,-1.934175e-08,0.01413605,0.04814753,False,0.046668,False
2019-01-13,CE04OSBP-LJ01C-07-VEL3DC107,5,True,2019-01-13T00:00:00Z,2019-01-13T23:59:59Z,691201,691201,0,0.125,0.124879837,0.124999808,0.001399379,0,0,11,11,0.0,2.586339,8.605118,3.476607e-09,0.02069074,0.06884105,False,0.048234,False
2019-01-14,CE04OSBP-LJ01C-07-VEL3DC107,5,True,2019-01-14T00:00:00Z,2019-01-14T23:59:59Z,691201,691201,0,0.125,0.124879837,0.124999801,-0.00151452,0,0,4,4,-0.0,1.675022,5.800796,-3.725309e-11,0.0134002,0.04640644,False,0.052243,False
2019-01-15,CE04OSBP-LJ01C-07-VEL3DC107,5,True,2019-01-15T00:00:00Z,2019-01-15T23:59:59Z,691201,691201,0,0.125,0.124879837,0.124999821,0.00263579,0,0,2,2,-1e-06,2.263931,6.999516,-7.951359e-09,0.01811148,0.0559962,False,0.046309,False
2019-01-16,CE04OSBP-LJ01C-07-VEL3DC107,5,True,2019-01-16T00:00:00Z,2019-01-16T23:59:59Z,691201,691201,0,0.125,0.124879837,0.124999808,-0.003775958,0,0,4,4,2e-06,2.444855,8.506688,1.746483e-08,0.01955887,0.0680536,False,0.051097,False
2019-01-17,CE04OSBP-LJ01C-07-VEL3DC107,5,True,2019-01-17T00:00:00Z,2019-01-17T23:59:59Z,691202,691202,0,0.125,0.124879837,0.124999808,0.002002284,0,0,2,2,5e-06,3.486596,9.708343,3.792252e-08,0.02789281,0.07766687,False,0.048417,False
2019-01-18,CE04OSBP-LJ01C-07-VEL3DC107,5,True,2019-01-18T00:00:00Z,2019-01-18T23:59:59Z,691200,691200,0,0.125,0.124879837,0.124999841,0.003520888,0,0,4,4,-1e-06,2.264244,8.908931,-8.494436e-09,0.01811398,0.07127154,False,0.053469,False
2019-01-19,CE04OSBP-LJ01C-07-VEL3DC107,5,True,2019-01-19T00:00:00Z,2019-01-19T23:59:59Z,691201,691201,0,0.125,0.124879837,0.12499984,-0.00234811,0,0,1,1,4e-06,2.299172,8.573787,3.071374e-08,0.0183934,0.06859038,False,0.058375,False
2019-01-20,CE04OSBP-LJ01C-07-VEL3DC107,5,True,2019-01-20T00:00:00Z,2019-01-20T23:59:59Z,691201,691201,0,0.125,0.124879837,0.124999836,0.002905325,0,0,4,4,0.0,3.30718,8.870475,4.918444e-10,0.02645747,0.0709639,False,0.078131,False
2019-01-21,CE04OSBP-LJ01C-07-VEL3DC107,5,True,2019-01-21T00:00:00Z,2019-01-21T23:59:59Z,691201,691201,0,0.125,0.124879837,0.124999819,0.004248536,0,0,2,2,-2e-06,2.559617,7.682843,-1.862804e-08,0.02047696,0.06146283,False,0.056607,False
2019-01-22,CE04OSBP-LJ01C-07-VEL3DC107,5,True,2019-01-22T00:00:00Z,2019-01-22T23:59:59Z,691201,691201,0,0.125,0.124879837,0.124999817,0.008781539,0,0,2,2,-0.0,2.687229,10.545634,-1.289645e-10,0.02149786,0.08436519,False,0.051208,False
2019-01-23,CE04OSBP-LJ01C-07-VEL3DC107,5,True,2019-01-23T00:00:00Z,2019-01-23T23:59:59Z,691201,691201,0,0.125,0.124879837,0.12499981,0.002464338,0,0,4,4,1e-06,1.956049,10.074885,7.189105e-09,0.01564842,0.0805992,False,0.05797,False
2019-01-24,CE04OSBP-LJ01C-07-VEL3DC107,5,True,2019-01-24T00:00:00Z,2019-01-24T23:59:59Z,691201,691201,0,0.125,0.124879837,0.124999809,-0.001313414,0,0,4,4,1e-06,1.858924,7.667335,8.976765e-09,0.01487141,0.06133878,False,0.062155,False
2019-01-25,CE04OSBP-LJ01C-07-VEL3DC107,5,True,2019-01-25T00:00:00Z,2019-01-25T23:59:59Z,688910,691203,2293,0.125,0.124879837,0.124999409,0.083358102,1,2293,1,2293,4e-06,71.861017,134.50187,3.586876e-08,0.5748909,1.07602,True,0.187157,True
2019-01-26,CE04OSBP-LJ01C-07-VEL3DC107,5,True,2019-01-26T00:00:00Z,2019-01-26T23:59:59Z,691201,691201,0,0.125,0.124879837,0.12499982,-0.000162976,0,0,4,4,-1e-06,1.858289,7.049841,-6.335043e-09,0.01486634,0.05639881,False,0.044793,False
2019-01-27,CE04OSBP-LJ01C-07-VEL3DC107,5,True,2019-01-27T00:00:00Z,2019-01-27T23:59:59Z,691201,691201,0,0.125,0.124879837,0.12499982,0.001759822,0,0,5,5,-1e-06,2.516468,6.277196,-4.153726e-09,0.02013177,0.05021764,False,0.04689,False
2019-01-28,CE04OSBP-LJ01C-07-VEL3DC107,5,True,2019-01-28T00:00:00Z,2019-01-28T23:59:59Z,691201,691201,0,0.125,0.124879837,0.124999817,0.002492004,0,0,7,7,-0.0,3.214059,7.928116,-1.463961e-09,0.02571251,0.06342502,False,0.043491,False
2019-01-29,CE04OSBP-LJ01C-07-VEL3DC107,5,True,2019-01-29T00:00:00Z,2019-01-29T23:59:59Z,691201,691201,0,0.125,0.124879837,0.124999816,0.000352814,0,0,3,3,1e-06,2.993392,9.339879,9.411936e-09,0.02394717,0.07471914,False,0.066642,False
2019-01-30,CE04OSBP-LJ01C-07-VEL3DC107,5,True,2019-01-30T00:00:00Z,2019-01-30T23:59:59Z,690020,691202,1182,0.125,0.124879837,0.12499963,0.03544986,5,1182,5,1186,-1e-06,35.85702,66.385201,-7.067475e-09,0.286857,0.5310832,True,0.114566,True
2019-01-31,CE04OSBP-LJ01C-07-VEL3DC107,5,True,2019-01-31T00:00:00Z,2019-01-31T23:59:59Z,691201,691201,0,0.125,0.124879837,0.124999819,-0.001540845,0,0,6,6,1e-06,3.116328,8.478195,5.862118e-09,0.02493066,0.06782566,False,0.062572,False
2019-02-01,CE04OSBP-LJ01C-07-VEL3DC107,5,True,2019-02-01T00:00:00Z,2019-02-01T23:59:59Z,691202,691202,0,0.125,0.124879837,0.124999811,-0.005497334,0,0,1,1,9e-06,3.469585,8.16712,7.022577e-08,0.02775673,0.06533706,False,0.05306,False
2019-02-02,CE04OSBP-LJ01C-07-VEL3DC107,5,True,2019-02-02T00:00:00Z,2019-02-02T23:59:59Z,691201,691201,0,0.125,0.124879837,0.124999809,0.005346265,0,0,9,9,-7e-06,2.118637,6.014067,-5.359438e-08,0.01694912,0.04811261,False,0.042498,False
2019-02-03,CE04OSBP-LJ01C-07-VEL3DC107,5,True,2019-02-03T00:00:00Z,2019-02-03T23:59:59Z,691201,691201,0,0.125,0.124879837,0.124999809,-0.001622505,0,0,3,3,5e-06,1.694638,7.349316,4.183791e-08,0.01355713,0.05879462,False,0.048856,False
2019-02-04,CE04OSBP-LJ01C-07-VEL3DC107,5,True,2019-02-04T00:00:00Z,2019-02-04T23:59:59Z,691201,691201,0,0.125,0.124879837,0.124999807,0.000137394,0,0,8,8,-5e-06,2.125148,9.598772,-4.277113e-08,0.01700121,0.0767903,False,0.061583,False
2019-02-05,CE04OSBP-LJ01C-07-VEL3DC107,5,True,2019-02-05T00:00:00Z,2019-02-05T23:59:59Z,691201,691201,0,0.125,0.124879837,0.124999821,-0.000266732,0,0,4,4,7e-06,2.770857,8.184713,5.362714e-08,0.02216689,0.06547779,False,0.048306,False
2019-02-06,CE04OSBP-LJ01C-07-VEL3DC107,5,True,2019-02-06T00:00:00Z,2019-02-06T23:59:59Z,691201,691201,0,0.125,0.124879837,0.124999812,0.003024664,0,0,7,7,3e-06,2.025801,7.964683,2.356359e-08,0.01620643,0.06371756,False,0.051682,False
2019-02-07,CE04OSBP-LJ01C-07-VEL3DC107,5,True,2019-02-07T00:00:00Z,2019-02-07T23:59:59Z,691201,691201,0,0.125,0.124879837,0.124999817,-0.00069399,0,0,6,6,7e-06,1.777136,8.3266,5.701831e-08,0.01421711,0.0666129,False,0.050135,False
2019-02-08,CE04OSBP-LJ01C-07-VEL3DC107,5,True,2019-02-08T00:00:00Z,2019-02-08T23:59:59Z,691201,691201,0,0.125,0.124879837,0.124999812,0.000183109,0,0,1,1,-6e-06,1.720152,6.199073,-4.856871e-08,0.01376123,0.04959266,False,0.047959,False
2019-02-09,CE04OSBP-LJ01C-07-VEL3DC107,5,True,2019-02-09T00:00:00Z,2019-02-09T23:59:59Z,691201,691201,0,0.125,0.124879837,0.124999809,-0.000961408,0,0,4,4,-0.0,2.004644,6.691994,-3.936734e-09,0.01603718,0.05353603,False,0.049234,False
2019-02-10,CE04OSBP-LJ01C-07-VEL3DC107,5,True,2019-02-10T00:00:00Z,2019-02-10T23:59:59Z,691201,691201,0,0.125,0.124879837,0.124999812,-0.000178072,0,0,4,4,1e-06,2.060875,8.067509,7.180376e-09,0.01648703,0.06454017,False,0.069468,False
2019-02-11,CE04OSBP-LJ01C-07-VEL3DC107,5,True,2019-02-11T00:00:00Z,2019-02-11T23:59:59Z,691201,691201,0,0.125,0.124879837,0.124999808,-0.001996461,0,0,6,6,-1e-06,1.952558,7.335606,-6.234951e-09,0.01562049,0.05868494,False,0.043518,False
2019-02-12,CE04OSBP-LJ01C-07-VEL3DC107,5,True,2019-02-12T00:00:00Z,2019-02-12T23:59:59Z,691201,691201,0,0.125,0.124879837,0.124999813,-0.003579924,0,0,3,3,1e-06,3.767666,11.63982,8.200199e-09,0.03014138,0.0931187,False,0.050089,False
2019-02-13,CE04OSBP-LJ01C-07-VEL3DC107,5,True,2019-02-13T00:00:00Z,2019-02-13T23:59:59Z,691201,691201,0,0.125,0.124879837,0.124999808,-0.00220646,0,0,3,3,-0.0,2.026839,8.033585,-1.138553e-10,0.01621474,0.06426878,False,0.048535,False
2019-02-14,CE04OSBP-LJ01C-07-VEL3DC107,5,True,2019-02-14T00:00:00Z,2019-02-14T23:59:59Z,691201,691201,0,0.125,0.124879837,0.124999805,-0.001028703,0,0,4,4,-0.0,1.807284,6.875032,-3.355838e-10,0.0144583,0.05500034,False,0.05382,False
2019-02-15,CE04OSBP-LJ01C-07-VEL3DC107,5,True,2019-02-15T00:00:00Z,2019-02-15T23:59:59Z,691201,691201,0,0.125,0.124879837,0.124999812,0.002630071,0,0,7,7,-1e-06,2.323449,9.618643,-8.554837e-09,0.01858762,0.07694926,False,0.051281,False
2019-02-16,CE04OSBP-LJ01C-07-VEL3DC107,5,True,2019-02-16T00:00:00Z,2019-02-16T23:59:59Z,691201,691201,0,0.125,0.124879837,0.124999813,-0.000773504,0,0,5,5,0.0,2.12902,7.913747,3.951696e-09,0.01703219,0.06331007,False,0.047447,False
2019-02-17,CE04OSBP-LJ01C-07-VEL3DC107,5,True,2019-02-17T00:00:00Z,2019-02-17T23:59:59Z,691201,691201,0,0.125,0.124879837,0.124999815,-0.000991048,0,0,4,4,1e-06,2.397065,7.938664,4.027408e-09,0.01917655,0.0635094,False,0.052315,False
2019-02-18,CE04OSBP-LJ01C-07-VEL3DC107,5,True,2019-02-18T00:00:00Z,2019-02-18T23:59:59Z,691201,691201,0,0.125,0.124879837,0.124999816,-0.002831237,0,0,6,6,1e-06,1.797447,5.496977,8.360243e-09,0.0143796,0.04397588,False,0.049826,False
2019-02-19,CE04OSBP-LJ01C-07-VEL3DC107,5,True,2019-02-19T00:00:00Z,2019-02-19T23:59:59Z,691201,691201,0,0.125,0.124879837,0.124999813,-0.001512663,0,0,4,4,1e-06,1.881194,6.477088,1.034078e-08,0.01504958,0.05181678,False,0.042319,False
2019-02-20,CE04OSBP-LJ01C-07-VEL3DC107,5,True,2019-02-20T00:00:00Z,2019-02-20T23:59:59Z,691201,691201,0,0.125,0.124879837,0.124999823,-0.002633509,0,0,1,1,-2e-06,2.258786,10.928975,-1.551125e-08,0.01807031,0.08743193,False,0.083305,False
2019-02-21,CE04OSBP-LJ01C-07-VEL3DC107,5,True,2019-02-21T00:00:00Z,2019-02-21T23:59:59Z,691201,691201,0,0.125,0.124879837,0.124999824,2.9557e-05,0,0,7,7,1e-06,1.954317,7.542993,6.066242e-09,0.01563456,0.06034403,False,0.054053,False
2019-02-22,CE04OSBP-LJ01C-07-VEL3DC107,5,True,2019-02-22T00:00:00Z,2019-02-22T23:59:59Z,691201,691201,0,0.125,0.124879837,0.12499983,0.001044967,0,0,3,3,-0.0,1.813821,7.556493,-3.89571e-09,0.01451059,0.06045203,False,0.050544,False
2019-02-23,CE04OSBP-LJ01C-07-VEL3DC107,5,True,2019-02-23T00:00:00Z,2019-02-23T23:59:59Z,691201,691201,0,0.125,0.124879837,0.124999832,-0.000984322,0,0,9,9,1e-06,2.632983,23.251366,1.077223e-08,0.0210639,0.1860112,False,0.198017,False
2019-02-24,CE04OSBP-LJ01C-07-VEL3DC107,5,True,2019-02-24T00:00:00Z,2019-02-24T23:59:59Z,691201,691201,0,0.125,0.124879837,0.124999834,0.002588387,0,0,8,8,-2e-06,2.808713,7.614938,-1.56582e-08,0.02246974,0.06091959,False,0.030001,False
2019-02-25,CE04OSBP-LJ01C-07-VEL3DC107,5,True,2019-02-25T00:00:00Z,2019-02-25T23:59:59Z,691201,691201,0,0.125,0.124879837,0.124999842,-0.003954762,0,0,15,15,1e-06,3.309293,8.983308,5.680362e-09,0.02647438,0.07186655,False,0.088838,False
2019-02-26,CE04OSBP-LJ01C-07-VEL3DC107,5,True,2019-02-26T00:00:00Z,2019-02-26T23:59:59Z,691201,691201,0,0.125,0.124879837,0.124999833,0.002693322,0,0,6,6,-1e-06,2.232221,9.68558,-4.762327e-09,0.01785779,0.07748474,False,0.079151,False
2019-02-27,CE04OSBP-LJ01C-07-VEL3DC107,5,True,2019-02-27T00:00:00Z,2019-02-27T23:59:59Z,691201,691201,0,0.125,0.124879837,0.124999827,0.002626964,0,0,4,4,-1e-06,1.992851,11.401302,-5.063036e-09,0.01594283,0.09121054,False,0.092049,False
2019-02-28,CE04OSBP-LJ01C-07-VEL3DC107,5,True,2019-02-28T00:00:00Z,2019-02-28T23:59:59Z,691201,691201,0,0.125,0.124879837,0.124999818,0.001596181,0,0,10,10,1e-06,1.70217,5.737203,5.162298e-09,0.01361738,0.04589769,False,0.04655,False
2019-03-01,CE04OSBP-LJ01C-07-VEL3DC107,5,True,2019-03-01T00:00:00Z,2019-03-01T23:59:59Z,691201,691201,0,0.125,0.124879837,0.124999827,0.000683448,0,0,7,7,-1e-06,1.72581,6.877933,-4.573529e-09,0.0138065,0.05502354,False,0.050444,False
2019-03-02,CE04OSBP-LJ01C-07-VEL3DC107,5,True,2019-03-02T00:00:00Z,2019-03-02T23:59:59Z,691201,691201,0,0.125,0.124879837,0.124999825,-0.00331871,0,0,8,8,2e-06,2.089212,7.167323,1.206827e-08,0.01671372,0.05733866,False,0.04671,False
2019-03-03,CE04OSBP-LJ01C-07-VEL3DC107,5,True,2019-03-03T00:00:00Z,2019-03-03T23:59:59Z,691201,691201,0,0.125,0.124879837,0.124999825,-0.000160813,0,0,10,10,1e-06,1.783431,7.980166,1.113474e-08,0.01426747,0.06384142,False,0.05731,False
2019-03-04,CE04OSBP-LJ01C-07-VEL3DC107,5,True,2019-03-04T00:00:00Z,2019-03-04T23:59:59Z,691201,691201,0,0.125,0.124879837,0.124999829,-0.002471664,0,0,2,2,-0.0,2.69336,14.214171,-5.180651e-10,0.02154691,0.1137135,False,0.051082,False
2019-03-05,CE04OSBP-LJ01C-07-VEL3DC107,5,True,2019-03-05T00:00:00Z,2019-03-05T23:59:59Z,691201,691201,0,0.125,0.124879837,0.124999816,-0.001605847,0,0,7,7,-2e-06,2.155835,8.599563,-1.338288e-08,0.0172467,0.06879661,False,0.06668,False
2019-03-06,CE04OSBP-LJ01C-07-VEL3DC107,5,True,2019-03-06T00:00:00Z,2019-03-06T23:59:59Z,691201,691201,0,0.125,0.124879837,0.124999815,0.000685909,0,0,1,1,-3e-06,2.193358,8.369952,-2.335233e-08,0.01754689,0.06695972,False,0.0465,False
2019-03-07,CE04OSBP-LJ01C-07-VEL3DC107,5,True,2019-03-07T00:00:00Z,2019-03-07T23:59:59Z,691201,691201,0,0.125,0.124879837,0.124999817,0.005903663,0,0,2,2,-0.0,1.690839,6.300549,-3.620748e-09,0.01352673,0.05040447,False,0.04487,False
2019-03-08,CE04OSBP-LJ01C-07-VEL3DC107,5,True,2019-03-08T00:00:00Z,2019-03-08T23:59:59Z,691201,691201,0,0.125,0.124879837,0.124999814,0.000172466,0,0,2,2,-1e-06,2.888191,9.849964,-7.004482e-09,0.02310556,0.07879983,False,0.049898,False
2019-03-09,CE04OSBP-LJ01C-07-VEL3DC107,5,True,2019-03-09T00:00:00Z,2019-03-09T23:59:59Z,691201,691201,0,0.125,0.124879837,0.124999821,0.006498521,0,0,12,12,1e-06,5.000537,10.567006,5.265112e-09,0.04000436,0.08453617,False,0.056042,False
2019-03-10,CE04OSBP-LJ01C-07-VEL3DC107,5,True,2019-03-10T00:00:00Z,2019-03-10T23:59:59Z,691201,691201,0,0.125,0.124879837,0.124999821,-0.006172537,0,0,5,5,-4e-06,1.869739,9.050255,-3.207979e-08,0.01495793,0.07240215,False,0.06458,False
2019-03-11,CE04OSBP-LJ01C-07-VEL3DC107,5,True,2019-03-11T00:00:00Z,2019-03-11T23:59:59Z,691201,691201,0,0.125,0.124879837,0.124999827,0.001210425,0,0,8,8,-0.0,1.843537,8.049331,-2.0102e-09,0.01474832,0.06439474,False,0.057676,False
2019-03-12,CE04OSBP-LJ01C-07-VEL3DC107,5,True,2019-03-12T00:00:00Z,2019-03-12T23:59:59Z,691201,691201,0,0.125,0.124879837,0.12499983,-0.004907779,0,0,4,4,0.0,2.252371,8.428035,5.308803e-11,0.01801899,0.06742438,False,0.057066,False
2019-03-13,CE04OSBP-LJ01C-07-VEL3DC107,5,True,2019-03-13T00:00:00Z,2019-03-13T23:59:59Z,691201,691201,0,0.125,0.124879837,0.124999821,-0.0012575,0,0,2,2,-3e-06,3.338484,10.19277,-2.57472e-08,0.02670791,0.08154228,False,0.102325,False
2019-03-14,CE04OSBP-LJ01C-07-VEL3DC107,5,True,2019-03-14T00:00:00Z,2019-03-14T23:59:59Z,691201,691201,0,0.125,0.124879837,0.124999824,-0.004275519,0,0,5,5,4e-06,2.071347,8.601585,3.020266e-08,0.0165708,0.06881277,False,0.062255,False
2019-03-15,CE04OSBP-LJ01C-07-VEL3DC107,5,True,2019-03-15T00:00:00Z,2019-03-15T23:59:59Z,663617,691227,27610,0.125,0.124879837,0.124993732,-0.109936409,8,27610,8,27617,-1e-06,855.192594,1728.819903,-6.040234e-09,6.841884,13.83125,True,0.487434,True
2019-03-16,CE04OSBP-LJ01C-07-VEL3DC107,5,True,2019-03-16T00:00:00Z,2019-03-16T23:59:59Z,691200,691200,0,0.125,0.124879837,0.124999837,0.000191301,0,0,2,2,1.3e-05,1.903028,6.728012,1.007221e-07,0.01522425,0.05382417,False,0.048218,False
2019-03-17,CE04OSBP-LJ01C-07-VEL3DC107,5,True,2019-03-17T00:00:00Z,2019-03-17T23:59:59Z,691201,691201,0,0.125,0.124879837,0.124999838,-0.00110835,0,0,4,4,3e-06,1.668054,5.238084,2.507563e-08,0.01334445,0.04190472,False,0.047798,False
2019-03-18,CE04OSBP-LJ01C-07-VEL3DC107,5,True,2019-03-18T00:00:00Z,2019-03-18T23:59:59Z,691201,691201,0,0.125,0.124879837,0.124999838,-0.00069149,0,0,4,4,-1e-06,1.769872,6.764714,-7.652633e-09,0.01415899,0.05411778,False,0.048585,False
2019-03-19,CE04OSBP-LJ01C-07-VEL3DC107,5,True,2019-03-19T00:00:00Z,2019-03-19T23:59:59Z,691201,691201,0,0.125,0.124879837,0.124999837,0.000319748,0,0,7,7,-1e-06,2.304095,7.058301,-9.646147e-09,0.01843279,0.05646648,False,0.077009,False
2019-03-20,CE04OSBP-LJ01C-07-VEL3DC107,5,True,2019-03-20T00:00:00Z,2019-03-20T23:59:59Z,691160,691201,41,0.125,0.124879837,0.124999829,0.002343204,8,41,8,48,0.0,3.404922,10.742228,1.808208e-09,0.02723941,0.08593794,False,0.053469,True
2019-03-21,CE04OSBP-LJ01C-07-VEL3DC107,5,True,2019-03-21T00:00:00Z,2019-03-21T23:59:59Z,691201,691201,0,0.125,0.124879837,0.12499982,0.002564025,0,0,5,5,0.0,2.341102,7.832296,7.275391e-10,0.01872885,0.06265846,False,0.069326,False
2019-03-22,CE04OSBP-LJ01C-07-VEL3DC107,5,True,2019-03-22T00:00:00Z,2019-03-22T23:59:59Z,691201,691201,0,0.125,0.124879837,0.124999825,0.002887388,0,0,2,2,-0.0,2.216009,6.874946,-3.329404e-09,0.01772809,0.05499964,False,0.053812,False
2019-03-23,CE04OSBP-LJ01C-07-VEL3DC107,5,True,2019-03-23T00:00:00Z,2019-03-23T23:59:59Z,691201,691201,0,0.125,0.124879837,0.124999824,0.000128346,0,0,7,7,0.0,2.24709,6.586779,1.057972e-09,0.01797675,0.05269431,False,0.045694,False
2019-03-24,CE04OSBP-LJ01C-07-VEL3DC107,5,True,2019-03-24T00:00:00Z,2019-03-24T23:59:59Z,691201,691201,0,0.125,0.124879837,0.124999822,0.003407034,0,0,1,1,-1e-06,2.104379,12.760716,-1.119513e-08,0.01683506,0.1020859,False,0.095684,False
2019-03-25,CE04OSBP-LJ01C-07-VEL3DC107,5,True,2019-03-25T00:00:00Z,2019-03-25T23:59:59Z,691201,691201,0,0.125,0.124879837,0.124999824,0.000435939,0,0,7,7,0.0,1.595423,4.587523,2.479205e-09,0.0127634,0.03670023,False,0.044988,False
2019-03-26,CE04OSBP-LJ01C-07-VEL3DC107,5,True,2019-03-26T00:00:00Z,2019-03-26T23:59:59Z,691201,691201,0,0.125,0.124879837,0.124999819,0.000228521,0,0,6,6,-1e-06,1.72875,6.73523,-8.997402e-09,0.01383002,0.05388192,False,0.045244,False
2019-03-27,CE04OSBP-LJ01C-07-VEL3DC107,5,True,2019-03-27T00:00:00Z,2019-03-27T23:59:59Z,691201,691201,0,0.125,0.124879837,0.124999817,0.001821026,0,0,4,4,-2e-06,2.848085,18.625359,-1.204082e-08,0.02278472,0.1490031,False,0.144392,False
2019-03-28,CE04OSBP-LJ01C-07-VEL3DC107,5,True,2019-03-28T00:00:00Z,2019-03-28T23:59:59Z,691201,691201,0,0.125,0.124879837,0.124999813,-0.000490115,0,0,3,3,-0.0,2.439295,8.923064,-2.536666e-09,0.01951439,0.07138462,False,0.050666,False
2019-03-29,CE04OSBP-LJ01C-07-VEL3DC107,5,True,2019-03-29T00:00:00Z,2019-03-29T23:59:59Z,691201,691201,0,0.125,0.124879837,0.124999807,0.001715849,0,0,5,5,-1e-06,2.306657,8.039559,-6.579289e-09,0.01845329,0.06431657,False,0.050528,False
2019-03-30,CE04OSBP-LJ01C-07-VEL3DC107,5,True,2019-03-30T00:00:00Z,2019-03-30T23:59:59Z,691201,691201,0,0.125,0.124879837,0.124999816,-0.001118362,0,0,8,8,0.0,2.489,8.021897,1.745772e-09,0.01991203,0.06417527,False,0.063744,False
2019-03-31,CE04OSBP-LJ01C-07-VEL3DC107,5,True,2019-03-31T00:00:00Z,2019-03-31T23:59:59Z,691201,691201,0,0.125,0.124879837,0.124999817,-0.002094222,0,0,4,4,-2e-06,1.901507,6.815586,-1.231481e-08,0.01521208,0.05452477,False,0.056222,False
2019-04-01,CE04OSBP-LJ01C-07-VEL3DC107,5,True,2019-04-01T00:00:00Z,2019-04-01T23:59:59Z,691201,691201,0,0.125,0.124879837,0.124999817,0.003719683,0,0,5,5,-1e-06,2.50094,9.762047,-1.097877e-08,0.02000755,0.07809649,False,0.049322,False
2019-04-02,CE04OSBP-LJ01C-07-VEL3DC107,5,True,2019-04-02T00:00:00Z,2019-04-02T23:59:59Z,691201,691201,0,0.125,0.124879837,0.124999824,-0.00515477,0,0,2,2,-1e-06,3.603942,9.050951,-8.085126e-09,0.02883158,0.07240771,False,0.048024,False
2019-04-03,CE04OSBP-LJ01C-07-VEL3DC107,5,True,2019-04-03T00:00:00Z,2019-04-03T23:59:59Z,691201,691201,0,0.125,0.124879837,0.124999817,0.001906004,0,0,5,5,-1e-06,1.788339,5.74235,-8.957986e-09,0.01430673,0.04593886,False,0.04566,False
2019-04-04,CE04OSBP-LJ01C-07-VEL3DC107,5,True,2019-04-04T00:00:00Z,2019-04-04T23:18:54Z,670665,671476,811,0.125,0.124879837,0.124999656,0.034889173,3,811,3,813,1e-06,32.712465,71.97096,6.562126e-09,0.2617004,0.5757693,True,0.213145,True
2019-04-05,CE04OSBP-LJ01C-07-VEL3DC107,5,True,2019-04-05T01:32:33Z,2019-04-05T23:59:59Z,646775,646775,0,0.125,0.124879837,0.124999797,0.005240795,0,0,4,4,-0.0,3.834961,12.307351,-1.259759e-09,0.03067973,0.09845897,False,0.069949,False
2019-04-06,CE04OSBP-LJ01C-07-VEL3DC107,5,True,2019-04-06T00:00:00Z,2019-04-06T23:59:59Z,691201,691201,0,0.125,0.124879837,0.124999824,0.002124697,0,0,3,3,-0.0,3.327107,7.756329,-2.858778e-09,0.0266169,0.06205072,False,0.02527,False
2019-04-07,CE04OSBP-LJ01C-07-VEL3DC107,5,True,2019-04-07T00:00:00Z,2019-04-07T23:59:59Z,691201,691201,0,0.125,0.124879837,0.124999817,0.001699213,0,0,5,5,-1e-06,1.711367,4.057201,-9.892898e-09,0.01369096,0.03245765,False,0.026377,False
2019-04-08,CE04OSBP-LJ01C-07-VEL3DC107,5,True,2019-04-08T00:00:00Z,2019-04-08T23:59:59Z,691201,691201,0,0.125,0.124879837,0.124999817,-0.002801497,0,0,5,5,-1e-06,1.376794,7.338642,-7.969969e-09,0.01101437,0.05870923,False,0.040177,False
2019-04-09,CE04OSBP-LJ01C-07-VEL3DC107,5,True,2019-04-09T00:00:00Z,2019-04-09T23:59:59Z,691201,691201,0,0.125,0.124879837,0.124999815,0.001072323,0,0,4,4,0.0,1.573571,3.797643,1.414824e-09,0.01258858,0.03038119,False,0.030089,False
2019-04-10,CE04OSBP-LJ01C-07-VEL3DC107,5,True,2019-04-10T00:00:00Z,2019-04-10T23:59:59Z,691201,691201,0,0.125,0.124879837,0.124999816,0.000693965,0,0,8,8,1e-06,1.137079,3.165632,8.803551e-09,0.009096649,0.0253251,False,0.028111,False
2019-04-11,CE04OSBP-LJ01C-07-VEL3DC107,5,True,2019-04-11T00:00:00Z,2019-04-11T23:59:59Z,691201,691201,0,0.125,0.124879837,0.124999819,-0.001115408,0,0,8,8,1e-06,1.716978,4.529252,8.999751e-09,0.01373584,0.03623407,False,0.02818,False
2019-04-12,CE04OSBP-LJ01C-07-VEL3DC107,5,True,2019-04-12T00:00:00Z,2019-04-12T23:59:59Z,691201,691201,0,0.125,0.124879837,0.124999831,-0.001293258,0,0,1,1,2e-06,1.083611,3.009329,1.200765e-08,0.008668903,0.02407466,False,0.027691,False
2019-04-13,CE04OSBP-LJ01C-07-VEL3DC107,5,True,2019-04-13T00:00:00Z,2019-04-13T23:59:59Z,691201,691201,0,0.125,0.124879837,0.124999837,0.000199946,0,0,11,11,-1e-06,1.264487,5.891029,-4.887084e-09,0.01011591,0.04712829,False,0.039188,False
2019-04-14,CE04OSBP-LJ01C-07-VEL3DC107,5,True,2019-04-14T00:00:00Z,2019-04-14T23:59:59Z,691201,691201,0,0.125,0.124879837,0.124999837,-0.001357335,0,0,4,4,0.0,1.062446,2.85861,2.811436e-10,0.008499582,0.02286891,False,0.027668,False
2019-04-15,CE04OSBP-LJ01C-07-VEL3DC107,5,True,2019-04-15T00:00:00Z,2019-04-15T23:59:59Z,691201,691201,0,0.125,0.124879837,0.124999842,-0.000121125,0,0,7,7,-1e-06,1.060022,2.806128,-1.191764e-08,0.00848019,0.02244905,False,0.027748,False
2019-04-16,CE04OSBP-LJ01C-07-VEL3DC107,5,True,2019-04-16T00:00:00Z,2019-04-16T23:59:59Z,691201,691201,0,0.125,0.124879837,0.124999845,-0.002099415,0,0,9,9,-4e-06,1.045089,2.818603,-3.544758e-08,0.00836072,0.02254885,False,0.026217,False
2019-04-17,CE04OSBP-LJ01C-07-VEL3DC107,5,True,2019-04-17T00:00:00Z,2019-04-17T23:59:59Z,691200,691200,0,0.125,0.124879837,0.124999847,8.0765e-05,0,0,0,0,5e-06,1.341735,3.672942,3.93854e-08,0.01073389,0.02938357,False,0.026961,False
2019-04-18,CE04OSBP-LJ01C-07-VEL3DC107,5,True,2019-04-18T00:00:00Z,2019-04-19T00:00:00Z,691202,691202,0,0.125,0.124879837,0.124999841,0.00216736,0,0,5,5,-3e-06,1.082416,18.118072,-2.449651e-08,0.008659337,0.1449448,False,0.14039,False
2019-04-19,CE04OSBP-LJ01C-07-VEL3DC107,5,True,2019-04-19T00:00:00Z,2019-04-20T00:00:00Z,691118,691201,83,0.125,0.125,0.125,3.72e-07,35,83,35,83,1e-06,0.046873,18.404661,4.103818e-09,0.0003749871,0.1472373,False,0.147236,True
2019-04-20,CE04OSBP-LJ01C-07-VEL3DC107,5,True,2019-04-20T00:00:00Z,2019-04-21T00:00:00Z,691105,691201,96,0.125,0.125,0.125,-0.0,43,96,43,96,1e-06,0.0,1e-06,4.039755e-09,2.314277e-09,8.032657e-09,False,0.0,True
2019-04-21,CE04OSBP-LJ01C-07-VEL3DC107,5,True,2019-04-21T00:00:00Z,2019-04-22T00:00:00Z,691104,691201,97,0.125,0.125,0.125,0.0,57,97,57,97,1e-06,0.0,1e-06,5.629134e-09,3.268314e-09,1.129229e-08,False,0.0,True
2019-04-22,CE04OSBP-LJ01C-07-VEL3DC107,5,True,2019-04-22T00:00:00Z,2019-04-22T23:59:59Z,225864,691647,465783,0.125,0.124880314,0.124918081,-7.267941289,3,465783,3,465783,-0.0,5240.396129,9122.516466,-3.559786e-09,41.95066,73.02799,True,0.273803,True
2019-04-23,CE04OSBP-LJ01C-07-VEL3DC107,5,True,2019-04-23T00:00:00Z,2019-04-23T23:59:59Z,691201,691201,0,0.125,0.124879837,0.124999839,-0.00113588,0,0,1,1,-0.0,1.064595,2.977601,-3.29372e-09,0.008516772,0.02382084,False,0.027763,False
2019-04-24,CE04OSBP-LJ01C-07-VEL3DC107,5,True,2019-04-24T00:00:00Z,2019-04-24T23:59:59Z,691201,691201,0,0.125,0.124879837,0.124999836,0.002120091,0,0,8,8,-1e-06,1.237679,3.18815,-8.210139e-09,0.009901444,0.02550523,False,0.025251,False
2019-04-25,CE04OSBP-LJ01C-07-VEL3DC107,5,True,2019-04-25T00:00:00Z,2019-04-25T23:59:59Z,691201,691201,0,0.125,0.124879837,0.124999835,0.000526494,0,0,6,6,3e-06,1.332024,3.437085,2.287961e-08,0.01065621,0.02749672,False,0.025224,False
2019-04-26,CE04OSBP-LJ01C-07-VEL3DC107,5,True,2019-04-26T00:00:00Z,2019-04-26T23:59:59Z,688349,691204,2855,0.125,0.124879837,0.124999024,0.111996762,7,2855,7,2861,-1e-06,94.726711,196.211817,-5.077853e-09,0.7578196,1.569707,True,0.273643,True
2019-04-27,CE04OSBP-LJ01C-07-VEL3DC107,5,True,2019-04-27T00:00:00Z,2019-04-27T23:59:59Z,691200,691200,0,0.125,0.124879837,0.124999838,0.001116179,0,0,1,1,-1e-06,1.224585,22.773444,-6.532378e-09,0.009796695,0.1821878,False,0.198001,False
2019-04-28,CE04OSBP-LJ01C-07-VEL3DC107,5,True,2019-04-28T00:00:00Z,2019-04-28T23:59:59Z,691201,691201,0,0.125,0.124879837,0.124999833,0.002156156,0,0,8,8,-1e-06,1.107011,3.256002,-6.391843e-09,0.008856098,0.02604805,False,0.025339,False
2019-04-29,CE04OSBP-LJ01C-07-VEL3DC107,5,True,2019-04-29T00:00:00Z,2019-04-29T23:59:59Z,691201,691201,0,0.125,0.124879837,0.124999833,-0.000162407,0,0,8,8,-0.0,3.007742,8.120739,-3.999096e-09,0.02406197,0.064966,False,0.029841,False
2019-04-30,CE04OSBP-LJ01C-07-VEL3DC107,5,True,2019-04-30T00:00:00Z,2019-04-30T23:59:59Z,691201,691201,0,0.125,0.124879837,0.124999838,0.00305576,0,0,15,15,-1e-06,3.151334,9.163776,-6.468456e-09,0.0252107,0.07331031,False,0.028141,False
2019-05-01,CE04OSBP-LJ01C-07-VEL3DC107,5,True,2019-05-01T00:00:00Z,2019-05-01T23:59:59Z,691201,691201,0,0.125,0.124879837,0.124999826,0.00097564,0,0,6,6,-1e-06,1.251349,3.64692,-1.139547e-08,0.01001081,0.0291754,False,0.028393,False
2019-05-02,CE04OSBP-LJ01C-07-VEL3DC107,5,True,2019-05-02T00:00:00Z,2019-05-02T23:59:59Z,691201,691201,0,0.125,0.124879837,0.124999818,0.002727661,0,0,7,7,1e-06,2.459141,7.687748,6.545723e-09,0.01967316,0.06150208,False,0.028959,False
2019-05-03,CE04OSBP-LJ01C-07-VEL3DC107,5,True,2019-05-03T00:00:00Z,2019-05-03T23:59:59Z,691201,691201,0,0.125,0.124879837,0.124999811,0.001662578,0,0,3,3,1e-06,1.53272,4.337675,4.060712e-09,0.01226178,0.03470146,False,0.026981,False
2019-05-04,CE04OSBP-LJ01C-07-VEL3DC107,5,True,2019-05-04T00:00:00Z,2019-05-04T23:59:59Z,691201,691201,0,0.125,0.124879837,0.124999813,0.001240839,0,0,4,4,1e-06,1.065886,3.009057,8.48406e-09,0.008527099,0.02407249,False,0.027683,False
2019-05-05,CE04OSBP-LJ01C-07-VEL3DC107,5,True,2019-05-05T00:00:00Z,2019-05-05T23:59:59Z,691201,691201,0,0.125,0.124879837,0.124999811,-0.000807185,0,0,3,3,-1e-06,1.072847,2.77472,-7.764581e-09,0.008582786,0.0221978,False,0.027546,False
2019-05-06,CE04OSBP-LJ01C-07-VEL3DC107,5,True,2019-05-06T00:00:00Z,2019-05-06T23:59:59Z,691201,691201,0,0.125,0.124879837,0.124999817,0.000978047,0,0,2,2,1e-06,1.059143,2.92454,8.827034e-09,0.008473157,0.02339635,False,0.026114,False
2019-05-07,CE04OSBP-LJ01C-07-VEL3DC107,5,True,2019-05-07T00:00:00Z,2019-05-07T23:59:59Z,691201,691201,0,0.125,0.124879837,0.124999807,-0.00164938,0,0,6,6,0.0,1.024274,2.595882,5.520811e-10,0.008194206,0.02076709,False,0.027695,False
2019-05-08,CE04OSBP-LJ01C-07-VEL3DC107,5,True,2019-05-08T00:00:00Z,2019-05-08T23:59:59Z,691201,691201,0,0.125,0.124879837,0.124999805,-7.2927e-05,0,0,2,2,-2e-06,1.069189,2.957042,-1.25642e-08,0.008553526,0.02365637,False,0.027653,False
2019-05-09,CE04OSBP-LJ01C-07-VEL3DC107,5,True,2019-05-09T00:00:00Z,2019-05-09T23:59:59Z,691201,691201,0,0.125,0.124879837,0.124999822,-0.0020398,0,0,2,2,5e-06,1.453405,3.915076,4.332616e-08,0.01162726,0.03132065,False,0.024793,False
2019-05-10,CE04OSBP-LJ01C-07-VEL3DC107,5,True,2019-05-10T00:00:00Z,2019-05-10T23:59:59Z,691201,691201,0,0.125,0.124879837,0.124999825,0.001319799,0,0,3,3,2e-06,2.244232,6.016238,1.965645e-08,0.01795388,0.04812997,False,0.026507,False
2019-05-11,CE04OSBP-LJ01C-07-VEL3DC107,5,True,2019-05-11T00:00:00Z,2019-05-11T23:59:59Z,691201,691201,0,0.125,0.124879837,0.124999818,-0.001869184,0,0,5,5,-1e-06,1.425101,3.840746,-9.126894e-09,0.01140082,0.03072601,False,0.025778,False
2019-05-12,CE04OSBP-LJ01C-07-VEL3DC107,5,True,2019-05-12T00:00:00Z,2019-05-12T23:59:59Z,691201,691201,0,0.125,0.124879837,0.124999815,-0.001003326,0,0,4,4,-1e-06,1.881641,12.717865,-9.313305e-09,0.01505315,0.1017431,False,0.073782,False
2019-05-13,CE04OSBP-LJ01C-07-VEL3DC107,5,True,2019-05-13T00:00:00Z,2019-05-13T23:59:59Z,691202,691202,0,0.125,0.124879837,0.124999812,-0.000770338,0,0,10,10,4e-06,1.770798,4.75327,3.496643e-08,0.0141664,0.03802621,False,0.026893,False
2019-05-14,CE04OSBP-LJ01C-07-VEL3DC107,5,True,2019-05-14T00:00:00Z,2019-05-14T23:59:59Z,691201,691201,0,0.125,0.124879837,0.124999811,0.003927738,0,0,6,6,-6e-06,1.714455,4.98048,-4.963107e-08,0.01371566,0.0398439,False,0.029505,False
2019-05-15,CE04OSBP-LJ01C-07-VEL3DC107,5,True,2019-05-15T00:00:00Z,2019-05-15T23:59:59Z,691201,691201,0,0.125,0.124879837,0.124999804,0.00202281,0,0,4,4,-1.4e-05,2.342665,6.097882,-1.109653e-07,0.01874135,0.04878313,False,0.025213,False
2019-05-16,CE04OSBP-LJ01C-07-VEL3DC107,5,True,2019-05-16T00:00:00Z,2019-05-16T23:59:59Z,691201,691201,0,0.125,0.124879837,0.124999812,0.000234774,0,0,4,4,5e-06,1.207187,3.124928,3.646335e-08,0.009657513,0.02499946,False,0.028619,False
2019-05-17,CE04OSBP-LJ01C-07-VEL3DC107,5,True,2019-05-17T00:00:00Z,2019-05-17T23:59:59Z,691201,691201,0,0.125,0.124879837,0.124999807,-0.002194931,0,0,4,4,-1e-06,1.263222,5.630259,-5.128584e-09,0.01010579,0.04504214,False,0.032166,False
2019-05-18,CE04OSBP-LJ01C-07-VEL3DC107,5,True,2019-05-18T00:00:00Z,2019-05-18T23:59:59Z,691201,691201,0,0.125,0.124879837,0.124999807,0.001016083,0,0,5,5,-3e-06,1.337344,6.657672,-2.472252e-08,0.01069877,0.05326146,False,0.047535,False
2019-05-19,CE04OSBP-LJ01C-07-VEL3DC107,5,True,2019-05-19T00:00:00Z,2019-05-19T23:59:59Z,691201,691201,0,0.125,0.124879837,0.12499981,-0.002691202,0,0,4,4,2e-06,1.085633,2.986704,1.783258e-08,0.008685076,0.02389367,False,0.030872,False
2019-05-20,CE04OSBP-LJ01C-07-VEL3DC107,5,True,2019-05-20T00:00:00Z,2019-05-20T23:59:59Z,691201,691201,0,0.125,0.124879837,0.124999807,-0.001742689,0,0,6,6,-0.0,1.47974,4.058162,-3.733207e-09,0.01183794,0.03246534,False,0.027645,False
2019-05-21,CE04OSBP-LJ01C-07-VEL3DC107,5,True,2019-05-21T00:00:00Z,2019-05-21T23:59:59Z,691201,691201,0,0.125,0.124879837,0.12499981,0.001300704,0,0,4,4,-0.0,1.05675,2.821005,-1.726566e-09,0.008454013,0.02256807,False,0.028703,False
2019-05-22,CE04OSBP-LJ01C-07-VEL3DC107,5,True,2019-05-22T00:00:00Z,2019-05-22T23:59:59Z,688145,691204,3059,0.125,0.124879837,0.124999013,0.113105043,2,3059,2,3060,-0.0,94.447147,198.59104,-3.702027e-09,0.7555831,1.588741,True,0.083523,True
2019-05-23,CE04OSBP-LJ01C-07-VEL3DC107,5,True,2019-05-23T00:00:00Z,2019-05-23T23:59:59Z,691201,691201,0,0.125,0.124879837,0.124999819,0.001788252,0,0,4,4,-0.0,1.114289,2.970382,-7.132821e-10,0.008914324,0.02376309,False,0.024793,False
2019-05-24,CE04OSBP-LJ01C-07-VEL3DC107,5,True,2019-05-24T00:00:00Z,2019-05-24T23:59:59Z,676499,691215,14716,0.125,0.124879837,0.124996374,0.051761994,7,14716,7,14722,0.0,458.644982,949.589788,3.43141e-10,3.669266,7.596939,True,0.116155,True
2019-05-25,CE04OSBP-LJ01C-07-VEL3DC107,5,True,2019-05-25T00:00:00Z,2019-05-25T23:59:59Z,691201,691201,0,0.125,0.124879837,0.124999823,0.001602076,0,0,2,2,1e-06,1.345182,3.951253,6.895628e-09,0.01076147,0.03161007,False,0.027847,False
2019-05-26,CE04OSBP-LJ01C-07-VEL3DC107,5,True,2019-05-26T00:00:00Z,2019-05-26T23:59:59Z,691201,691201,0,0.125,0.124879837,0.124999837,0.001413876,0,0,6,6,0.0,1.291734,3.422987,4.38952e-10,0.01033388,0.02738393,False,0.024785,False
2019-05-27,CE04OSBP-LJ01C-07-VEL3DC107,5,True,2019-05-27T00:00:00Z,2019-05-27T23:59:59Z,691201,691201,0,0.125,0.124879837,0.124999843,-0.00016167,0,0,3,3,-2e-06,1.193742,3.338192,-1.497723e-08,0.009549944,0.02670557,False,0.027698,False
2019-05-28,CE04OSBP-LJ01C-07-VEL3DC107,5,True,2019-05-28T00:00:00Z,2019-05-28T23:59:59Z,691201,691201,0,0.125,0.124879837,0.124999839,-0.001796204,0,0,3,3,7e-06,1.139941,3.380457,5.968266e-08,0.009119543,0.02704369,False,0.024819,False
2019-05-29,CE04OSBP-LJ01C-07-VEL3DC107,5,True,2019-05-29T00:00:00Z,2019-05-29T23:59:59Z,691201,691201,0,0.125,0.124879837,0.124999842,0.000765594,0,0,3,3,-7e-06,1.015965,2.500638,-5.681689e-08,0.008127727,0.02000513,False,0.025732,False
2019-05-30,CE04OSBP-LJ01C-07-VEL3DC107,5,True,2019-05-30T00:00:00Z,2019-05-30T23:59:59Z,691200,691200,0,0.125,0.124879837,0.124999842,0.000724522,0,0,0,0,5e-06,1.09095,3.266126,3.762201e-08,0.008727614,0.02612904,False,0.027183,False
2019-05-31,CE04OSBP-LJ01C-07-VEL3DC107,5,True,2019-05-31T00:00:00Z,2019-05-31T23:59:59Z,691201,691201,0,0.125,0.124879837,0.124999839,0.00107568,0,0,6,6,-2e-06,1.054607,2.759644,-1.535111e-08,0.00843687,0.02207718,False,0.028596,False
2019-06-01,CE04OSBP-LJ01C-07-VEL3DC107,5,True,2019-06-01T00:00:00Z,2019-06-01T23:59:59Z,691201,691201,0,0.125,0.124879837,0.124999838,0.000199316,0,0,6,6,-1e-06,1.28353,3.942195,-1.001892e-08,0.01026825,0.0315376,False,0.025476,False
2019-06-02,CE04OSBP-LJ01C-07-VEL3DC107,5,True,2019-06-02T00:00:00Z,2019-06-02T23:59:59Z,691201,691201,0,0.125,0.124879837,0.124999834,-0.000278416,0,0,5,5,-0.0,1.203946,4.439088,-2.371715e-09,0.009631584,0.03551275,False,0.032143,False
2019-06-03,CE04OSBP-LJ01C-07-VEL3DC107,5,True,2019-06-03T00:00:00Z,2019-06-03T23:59:59Z,691201,691201,0,0.125,0.124879837,0.124999828,-0.000233968,0,0,5,5,-0.0,1.751159,5.016811,-2.797055e-09,0.01400929,0.04013454,False,0.025159,False
2019-06-04,CE04OSBP-LJ01C-07-VEL3DC107,5,True,2019-06-04T00:00:00Z,2019-06-04T23:59:59Z,691201,691201,0,0.125,0.124879837,0.124999832,0.001068302,0,0,9,9,1e-06,1.488603,4.219618,4.702255e-09,0.01190884,0.03375699,False,0.030177,False
2019-06-05,CE04OSBP-LJ01C-07-VEL3DC107,5,True,2019-06-05T00:00:00Z,2019-06-05T23:59:59Z,691201,691201,0,0.125,0.124879837,0.124999837,-0.003396045,0,0,8,8,-1e-06,1.418509,4.415532,-6.007185e-09,0.01134809,0.03532431,False,0.025125,False
2019-06-06,CE04OSBP-LJ01C-07-VEL3DC107,5,True,2019-06-06T00:00:00Z,2019-06-06T23:59:59Z,691201,691201,0,0.125,0.124879837,0.124999833,-0.002220315,0,0,7,7,1e-06,2.818868,6.444877,9.417485e-09,0.02255098,0.05155908,False,0.026702,False
2019-06-07,CE04OSBP-LJ01C-07-VEL3DC107,5,True,2019-06-07T00:00:00Z,2019-06-07T23:59:59Z,691201,691201,0,0.125,0.124879837,0.124999824,-0.004980999,0,0,5,5,-1e-06,1.615965,5.739179,-9.841941e-09,0.01292774,0.04591349,False,0.026522,False
2019-06-08,CE04OSBP-LJ01C-07-VEL3DC107,5,True,2019-06-08T00:00:00Z,2019-06-08T23:59:59Z,691201,691201,0,0.125,0.124879837,0.12499981,-0.001672538,0,0,9,9,1e-06,1.439318,5.239968,5.26246e-09,0.01151456,0.04191981,False,0.025617,False
2019-06-09,CE04OSBP-LJ01C-07-VEL3DC107,5,True,2019-06-09T00:00:00Z,2019-06-09T23:59:59Z,691201,691201,0,0.125,0.124879837,0.124999821,-0.001174655,0,0,10,10,2e-06,2.022984,5.453799,1.404942e-08,0.0161839,0.04363045,False,0.028202,False
2019-06-10,CE04OSBP-LJ01C-07-VEL3DC107,5,True,2019-06-10T00:00:00Z,2019-06-10T23:59:59Z,691201,691201,0,0.125,0.124879837,0.124999842,-0.004329285,0,0,8,8,-0.0,2.542153,6.975396,-3.49064e-09,0.02033725,0.05580324,False,0.025262,False
2019-06-11,CE04OSBP-LJ01C-07-VEL3DC107,5,True,2019-06-11T00:00:00Z,2019-06-11T23:59:59Z,691201,691201,0,0.125,0.124879837,0.124999824,-0.001511211,0,0,4,4,-2e-06,1.083783,3.097013,-1.40765e-08,0.008670279,0.02477614,False,0.026736,False
2019-06-12,CE04OSBP-LJ01C-07-VEL3DC107,5,True,2019-06-12T00:00:00Z,2019-06-12T23:59:59Z,691201,691201,0,0.125,0.124879837,0.12499983,-0.000142377,0,0,4,4,-1e-06,1.374675,3.824893,-6.227071e-09,0.01099742,0.03059919,False,0.025732,False
2019-06-13,CE04OSBP-LJ01C-07-VEL3DC107,5,True,2019-06-13T00:00:00Z,2019-06-13T23:59:59Z,691201,691201,0,0.125,0.124879837,0.124999821,-0.000796571,0,0,7,7,4e-06,1.133278,3.290019,3.262657e-08,0.009066238,0.02632019,False,0.028783,False
2019-06-14,CE04OSBP-LJ01C-07-VEL3DC107,5,True,2019-06-14T00:00:00Z,2019-06-14T23:59:59Z,691201,691201,0,0.125,0.124879837,0.124999815,-0.000161824,0,0,2,2,-2e-06,1.269848,6.414409,-1.776098e-08,0.0101588,0.05131535,False,0.040135,False
2019-06-15,CE04OSBP-LJ01C-07-VEL3DC107,5,True,2019-06-15T00:00:00Z,2019-06-15T23:59:59Z,691201,691201,0,0.125,0.124879837,0.124999812,-0.001190754,0,0,4,4,-3e-06,1.259468,4.133442,-2.249139e-08,0.01007576,0.03306758,False,0.028046,False
2019-06-16,CE04OSBP-LJ01C-07-VEL3DC107,5,True,2019-06-16T00:00:00Z,2019-06-16T23:59:59Z,691201,691201,0,0.125,0.124879837,0.124999811,-0.001075328,0,0,4,4,-2e-06,1.43393,4.583318,-1.381478e-08,0.01147146,0.0366666,False,0.028042,False
2019-06-17,CE04OSBP-LJ01C-07-VEL3DC107,5,True,2019-06-17T00:00:00Z,2019-06-17T23:59:59Z,691201,691201,0,0.125,0.124879837,0.124999816,-0.00279798,0,0,2,2,0.0,1.351181,3.552286,1.754154e-09,0.01080946,0.02841833,False,0.028939,False
2019-06-18,CE04OSBP-LJ01C-07-VEL3DC107,5,True,2019-06-18T00:00:00Z,2019-06-18T23:59:59Z,691201,691201,0,0.125,0.124879837,0.12499981,0.001303196,0,0,6,6,-2e-06,1.04649,2.742815,-1.342845e-08,0.008371936,0.02194255,False,0.026553,False
2019-06-19,CE04OSBP-LJ01C-07-VEL3DC107,5,True,2019-06-19T00:00:00Z,2019-06-19T04:15:57Z,122864,122864,0,0.125,0.124879837,0.124999807,-0.001854753,0,0,0,0,-0.0,1.007975,2.383425,-1.931609e-09,0.008063809,0.01906743,False,0.024819,False
2019-06-20,CE04OSBP-LJ01C-07-VEL3DC107,0,False,,,0,0,,,,,,,,,,,,,,,,,,False
2019-06-21,CE04OSBP-LJ01C-07-VEL3DC107,0,False,,,0,0,,,,,,,,,,,,,,,,,,False
2019-06-22,CE04OSBP-LJ01C-07-VEL3DC107,0,False,,,0,0,,,,,,,,,,,,,,,,,,False
2019-06-23,CE04OSBP-LJ01C-07-VEL3DC107,6,True,2019-06-23T22:52:00Z,2019-06-23T23:59:59Z,32640,32640,0,0.125,0.12487936,0.124999992,-1.2018e-05,0,0,0,0,0.0,1.238436,3.508567,1.237711e-10,0.009907493,0.02806854,False,0.024732,False
2019-06-24,CE04OSBP-LJ01C-07-VEL3DC107,6,True,2019-06-24T00:00:00Z,2019-06-24T23:59:59Z,690389,691202,813,0.125,0.124879837,0.124999738,0.041236276,16,813,16,828,0.0,35.543521,68.999341,3.014376e-09,0.2843488,0.5519959,True,0.206421,True
2019-06-25,CE04OSBP-LJ01C-07-VEL3DC107,6,True,2019-06-25T00:00:00Z,2019-06-25T23:59:59Z,691200,691200,0,0.125,0.124879837,0.124999946,-0.000545057,0,0,0,0,5e-06,1.831382,5.620839,3.671516e-08,0.01465107,0.04496673,False,0.02763,False
2019-06-26,CE04OSBP-LJ01C-07-VEL3DC107,6,True,2019-06-26T00:00:00Z,2019-06-26T23:59:59Z,691200,691200,0,0.125,0.124879837,0.124999939,0.003826916,0,0,0,0,5e-06,1.761303,4.393585,3.633697e-08,0.01409043,0.0351487,False,0.028046,False
2019-06-27,CE04OSBP-LJ01C-07-VEL3DC107,6,True,2019-06-27T00:00:00Z,2019-06-27T23:59:59Z,691201,691201,0,0.125,0.124879837,0.124999923,0.000152412,0,0,14,14,-3e-06,1.492852,4.562693,-2.781099e-08,0.01194282,0.03650156,False,0.02577,False
2019-06-28,CE04OSBP-LJ01C-07-VEL3DC107,6,True,2019-06-28T00:00:00Z,2019-06-28T23:59:59Z,691200,691200,0,0.125,0.124879837,0.12499993,-0.000316434,0,0,0,0,5e-06,1.370625,4.145842,3.778445e-08,0.01096501,0.03316675,False,0.0248,False
2019-06-29,CE04OSBP-LJ01C-07-VEL3DC107,6,True,2019-06-29T00:00:00Z,2019-06-29T23:59:59Z,691200,691200,0,0.125,0.124879837,0.124999919,0.001651553,0,0,0,0,5e-06,2.684904,8.687184,3.739727e-08,0.02147925,0.06949752,False,0.038191,False
2019-06-30,CE04OSBP-LJ01C-07-VEL3DC107,6,True,2019-06-30T00:00:00Z,2019-06-30T23:59:59Z,691201,691201,0,0.125,0.124879837,0.124999919,0.001796238,0,0,19,19,-1e-06,1.829043,4.817483,-4.415577e-09,0.01463235,0.03853989,False,0.030077,False
2019-07-01,CE04OSBP-LJ01C-07-VEL3DC107,6,True,2019-07-01T00:00:00Z,2019-07-01T23:59:59Z,691200,691200,0,0.125,0.124879837,0.124999929,0.000521778,0,0,0,0,5e-06,1.274519,3.678234,3.766751e-08,0.01019616,0.02942589,False,0.025805,False
2019-07-02,CE04OSBP-LJ01C-07-VEL3DC107,6,True,2019-07-02T00:00:00Z,2019-07-02T23:59:59Z,691201,691201,0,0.125,0.124879837,0.124999933,-0.001379053,0,0,5,5,0.0,1.566129,4.24631,1.493092e-09,0.01252904,0.0339705,False,0.024835,False
2019-07-03,CE04OSBP-LJ01C-07-VEL3DC107,6,True,2019-07-03T00:00:00Z,2019-07-03T23:59:59Z,689207,691201,1994,0.125,0.124879837,0.12499987,-0.090792756,7,1994,7,1994,1e-06,27.590338,95.660839,1.189223e-08,0.2207229,0.7652875,True,0.336391,True
2019-07-04,CE04OSBP-LJ01C-07-VEL3DC107,6,True,2019-07-04T00:00:00Z,2019-07-04T23:59:59Z,691200,691200,0,0.125,0.124879837,0.124999948,0.000260224,0,0,0,0,5e-06,1.725249,4.447657,3.784949e-08,0.013802,0.03558127,False,0.030791,False
2019-07-05,CE04OSBP-LJ01C-07-VEL3DC107,6,True,2019-07-05T00:00:00Z,2019-07-05T23:59:59Z,691200,691200,0,0.125,0.124879837,0.124999972,0.000810325,0,0,13,13,2e-06,1.096353,2.923632,1.730562e-08,0.008770828,0.02338906,False,0.027828,False
2019-07-06,CE04OSBP-LJ01C-07-VEL3DC107,6,True,2019-07-06T00:00:00Z,2019-07-06T23:59:59Z,691201,691201,0,0.125,0.124879837,0.124999981,-0.000506929,0,0,19,19,1e-06,1.134465,3.070497,7.165866e-09,0.009075723,0.02456398,False,0.025793,False
2019-07-07,CE04OSBP-LJ01C-07-VEL3DC107,6,True,2019-07-07T00:00:00Z,2019-07-07T23:59:59Z,691200,691200,0,0.125,0.124879837,0.124999977,0.000925582,0,0,0,0,5e-06,1.270656,5.427361,3.751153e-08,0.01016525,0.0434189,False,0.042395,False
2019-07-08,CE04OSBP-LJ01C-07-VEL3DC107,6,True,2019-07-08T00:00:00Z,2019-07-08T23:59:59Z,691200,691200,0,0.125,0.124879837,0.124999979,-0.002997195,0,0,0,0,5e-06,1.268782,3.855576,3.63563e-08,0.01015026,0.03084461,False,0.031929,False
2019-07-09,CE04OSBP-LJ01C-07-VEL3DC107,6,True,2019-07-09T00:00:00Z,2019-07-09T23:59:59Z,691200,691200,0,0.125,0.124879837,0.124999974,-3.549e-05,0,0,0,0,4e-06,1.129724,3.177507,3.577477e-08,0.009037794,0.02542006,False,0.027889,False
2019-07-10,CE04OSBP-LJ01C-07-VEL3DC107,6,True,2019-07-10T00:00:00Z,2019-07-10T23:59:59Z,691200,691200,0,0.125,0.124879837,0.124999974,-0.000244624,0,0,0,0,5e-06,1.177126,3.280828,3.72934e-08,0.009417009,0.02624663,False,0.02766,False
2019-07-11,CE04OSBP-LJ01C-07-VEL3DC107,6,True,2019-07-11T00:00:00Z,2019-07-11T23:59:59Z,691200,691200,0,0.125,0.124879837,0.124999964,0.001782769,0,0,0,0,5e-06,1.42191,3.712869,3.711817e-08,0.01137528,0.02970296,False,0.024819,False
2019-07-12,CE04OSBP-LJ01C-07-VEL3DC107,6,True,2019-07-12T00:00:00Z,2019-07-12T23:59:59Z,691201,691201,0,0.125,0.124879837,0.124999948,0.000423591,0,0,16,16,-1e-06,1.329895,3.466764,-7.605313e-09,0.01063917,0.02773412,False,0.02532,False
2019-07-13,CE04OSBP-LJ01C-07-VEL3DC107,6,True,2019-07-13T00:00:00Z,2019-07-13T23:59:59Z,691200,691200,0,0.125,0.124879837,0.124999948,0.001614085,0,0,0,0,5e-06,1.094635,3.067557,3.621259e-08,0.008757086,0.02454047,False,0.026049,False
2019-07-14,CE04OSBP-LJ01C-07-VEL3DC107,6,True,2019-07-14T00:00:00Z,2019-07-14T23:59:59Z,691200,691200,0,0.125,0.124879837,0.124999948,0.001066552,0,0,0,0,4e-06,1.48432,4.446867,3.593673e-08,0.01187456,0.03557495,False,0.027332,False
2019-07-15,CE04OSBP-LJ01C-07-VEL3DC107,6,True,2019-07-15T00:00:00Z,2019-07-15T23:59:59Z,691201,691201,0,0.125,0.124879837,0.124999937,0.000726618,0,0,19,19,5e-06,1.19839,4.203302,4.05551e-08,0.009587123,0.03362643,False,0.02847,False
2019-07-16,CE04OSBP-LJ01C-07-VEL3DC107,6,True,2019-07-16T00:00:00Z,2019-07-16T23:59:59Z,691200,691200,0,0.125,0.124879837,0.124999946,-0.000802806,0,0,0,0,5e-06,1.392813,4.635761,3.685375e-08,0.01114251,0.0370861,False,0.027698,False
2019-07-17,CE04OSBP-LJ01C-07-VEL3DC107,6,True,2019-07-17T00:00:00Z,2019-07-17T23:59:59Z,691200,691200,0,0.125,0.124879837,0.124999949,-0.000495383,0,0,0,0,5e-06,1.172337,3.372079,3.747482e-08,0.009378697,0.02697664,False,0.027385,False
2019-07-18,CE04OSBP-LJ01C-07-VEL3DC107,6,True,2019-07-18T00:00:00Z,2019-07-18T23:59:59Z,691200,691200,0,0.125,0.124879837,0.124999947,0.001458195,0,0,0,0,5e-06,1.284633,10.386682,3.701931e-08,0.01027707,0.08309349,False,0.077627,False
2019-07-19,CE04OSBP-LJ01C-07-VEL3DC107,6,True,2019-07-19T00:00:00Z,2019-07-19T23:59:59Z,691201,691201,0,0.125,0.124879837,0.124999945,-0.000341868,0,0,17,17,0.0,1.192564,4.366199,1.586135e-09,0.009540518,0.03492961,False,0.025698,False
2019-07-20,CE04OSBP-LJ01C-07-VEL3DC107,6,True,2019-07-20T00:00:00Z,2019-07-20T23:59:59Z,691200,691200,0,0.125,0.124879837,0.124999953,0.000526066,0,0,0,0,5e-06,1.413791,4.511292,3.818275e-08,0.01131033,0.03609035,False,0.025625,False
2019-07-21,CE04OSBP-LJ01C-07-VEL3DC107,6,True,2019-07-21T00:00:00Z,2019-07-21T23:59:59Z,691200,691200,0,0.125,0.124879837,0.12499997,-0.00088055,0,0,0,0,5e-06,1.063514,2.987266,3.731406e-08,0.008508118,0.02389814,False,0.028042,False
2019-07-22,CE04OSBP-LJ01C-07-VEL3DC107,6,True,2019-07-22T00:00:00Z,2019-07-22T23:59:59Z,691200,691200,0,0.125,0.124879837,0.124999958,0.001687654,0,0,0,0,5e-06,1.28159,3.437032,3.736759e-08,0.01025272,0.02749626,False,0.027851,False
2019-07-23,CE04OSBP-LJ01C-07-VEL3DC107,6,True,2019-07-23T00:00:00Z,2019-07-23T23:59:59Z,691201,691201,0,0.125,0.124879837,0.124999943,-0.001279019,0,0,19,19,-0.0,1.63672,4.597031,-2.461528e-09,0.01309377,0.03677626,False,0.025102,False
2019-07-24,CE04OSBP-LJ01C-07-VEL3DC107,6,True,2019-07-24T00:00:00Z,2019-07-24T23:59:59Z,691200,691200,0,0.125,0.124879837,0.124999937,0.001075099,0,0,0,0,5e-06,1.132921,3.433482,3.683424e-08,0.009063374,0.02746787,False,0.02771,False
2019-07-25,CE04OSBP-LJ01C-07-VEL3DC107,6,True,2019-07-25T00:00:00Z,2019-07-25T23:59:59Z,566441,691320,124879,0.125,0.124879837,0.124969046,1.999646255,5,124879,5,124882,2e-06,2931.444154,6236.287154,1.238568e-08,23.45736,49.90265,True,0.206471,True
2019-07-26,CE04OSBP-LJ01C-07-VEL3DC107,6,True,2019-07-26T00:00:00Z,2019-07-26T11:17:15Z,325088,325088,0,0.125,0.124879837,0.124999934,0.001785243,0,0,8,8,1e-06,1.414169,3.762969,4.363647e-09,0.01131336,0.03010377,False,0.024796,False
2019-07-27,CE04OSBP-LJ01C-07-VEL3DC107,6,False,,,0,0,,0.125,,,,,,,,,,,,,,,,False
2019-07-28,CE04OSBP-LJ01C-07-VEL3DC107,6,False,,,0,0,,0.125,,,,,,,,,,,,,,,,False
2019-07-29,CE04OSBP-LJ01C-07-VEL3DC107,6,True,2019-07-29T16:02:11Z,2019-07-29T23:59:59Z,163125,229410,66285,0.125,0.124879837,0.124996314,-7.398087845,4,66285,4,66285,0.0,593.942788,7401.653483,1.785933e-09,4.751682,59.21497,True,0.337521,True
2019-07-30,CE04OSBP-LJ01C-07-VEL3DC107,6,True,2019-07-30T00:00:00Z,2019-07-30T23:59:59Z,691200,691200,0,0.125,0.124879837,0.124999945,-0.001125259,0,0,0,0,5e-06,1.310632,3.52334,3.722606e-08,0.01048506,0.02818674,False,0.024793,False
2019-07-31,CE04OSBP-LJ01C-07-VEL3DC107,6,True,2019-07-31T00:00:00Z,2019-07-31T23:59:59Z,691201,691201,0,0.125,0.124879837,0.124999953,0.000635097,0,0,17,17,1e-05,1.304429,3.908801,7.95904e-08,0.01043543,0.03127042,False,0.027179,False
2019-08-01,CE04OSBP-LJ01C-07-VEL3DC107,6,True,2019-08-01T00:00:00Z,2019-08-01T23:59:59Z,691200,691200,0,0.125,0.124879837,0.12499995,0.001466789,0,0,0,0,5e-06,1.293721,3.409852,3.716127e-08,0.01034978,0.02727883,False,0.02871,False
2019-08-02,CE04OSBP-LJ01C-07-VEL3DC107,6,True,2019-08-02T00:00:00Z,2019-08-02T23:59:59Z,691200,691200,0,0.125,0.124879837,0.124999946,0.00144671,0,0,0,0,5e-06,1.293129,4.951257,3.728962e-08,0.01034503,0.03961007,False,0.042243,False
2019-08-03,CE04OSBP-LJ01C-07-VEL3DC107,6,True,2019-08-03T00:00:00Z,2019-08-03T23:59:59Z,691200,691200,0,0.125,0.124879837,0.124999939,-0.001383734,0,0,0,0,5e-06,1.350727,3.70691,3.851511e-08,0.01080582,0.02965529,False,0.027733,False
2019-08-04,CE04OSBP-LJ01C-07-VEL3DC107,6,True,2019-08-04T00:00:00Z,2019-08-04T23:59:59Z,691201,691201,0,0.125,0.124879837,0.124999932,0.002090665,0,0,18,18,-1e-06,1.190889,3.532703,-1.080254e-08,0.009527117,0.02826164,False,0.028603,False
2019-08-05,CE04OSBP-LJ01C-07-VEL3DC107,6,True,2019-08-05T00:00:00Z,2019-08-05T23:59:59Z,691200,691200,0,0.125,0.124879837,0.12499993,-0.000400054,0,0,0,0,5e-06,1.370142,3.768766,3.694416e-08,0.01096114,0.03015015,False,0.025763,False
2019-08-06,CE04OSBP-LJ01C-07-VEL3DC107,6,True,2019-08-06T00:00:00Z,2019-08-06T23:59:59Z,638211,691252,53041,0.125,0.124879837,0.124987413,0.183695425,12,53041,12,53052,2e-06,1560.031424,3239.78181,1.202843e-08,12.48151,25.92086,True,0.062476,True
2019-08-07,CE04OSBP-LJ01C-07-VEL3DC107,6,True,2019-08-07T00:00:00Z,2019-08-07T23:59:59Z,691200,691200,0,0.125,0.124879837,0.124999927,-0.002329507,0,0,0,0,5e-06,1.205716,3.535193,3.65118e-08,0.009645734,0.02828156,False,0.025778,False
2019-08-08,CE04OSBP-LJ01C-07-VEL3DC107,6,True,2019-08-08T00:00:00Z,2019-08-08T23:59:59Z,688899,691202,2303,0.125,0.124879837,0.124999377,0.073085383,1,2303,1,2303,-0.0,62.849436,128.987728,-3.847454e-09,0.502798,1.031907,True,0.21502,True
2019-08-09,CE04OSBP-LJ01C-07-VEL3DC107,6,True,2019-08-09T00:00:00Z,2019-08-09T23:59:59Z,691201,691201,0,0.125,0.124879837,0.124999922,-0.001540107,0,0,11,11,1e-06,1.738883,4.590472,6.482987e-09,0.01391107,0.0367238,False,0.028897,False
2019-08-10,CE04OSBP-LJ01C-07-VEL3DC107,6,True,2019-08-10T00:00:00Z,2019-08-10T23:59:59Z,691200,691200,0,0.125,0.124879837,0.124999924,-0.00019638,0,0,0,0,5e-06,1.10606,3.232812,3.739886e-08,0.008848484,0.02586251,False,0.02561,False
2019-08-11,CE04OSBP-LJ01C-07-VEL3DC107,6,True,2019-08-11T00:00:00Z,2019-08-11T23:59:59Z,691201,691201,0,0.125,0.124879837,0.124999935,0.001100989,0,0,12,12,0.0,1.193654,3.403503,2.134429e-09,0.00954924,0.02722804,False,0.027691,False
2019-08-12,CE04OSBP-LJ01C-07-VEL3DC107,6,True,2019-08-12T00:00:00Z,2019-08-12T23:59:59Z,691200,691200,0,0.125,0.124879837,0.12499993,0.001360255,0,0,0,0,5e-06,1.20592,3.311764,3.697489e-08,0.009647364,0.02649413,False,0.027698,False
2019-08-13,CE04OSBP-LJ01C-07-VEL3DC107,6,True,2019-08-13T00:00:00Z,2019-08-13T23:59:59Z,691200,691200,0,0.125,0.124879837,0.124999934,0.000849602,0,0,0,0,5e-06,1.209103,3.615286,3.722425e-08,0.009672829,0.02892231,False,0.027714,False
2019-08-14,CE04OSBP-LJ01C-07-VEL3DC107,6,True,2019-08-14T00:00:00Z,2019-08-14T23:59:59Z,691201,691201,0,0.125,0.124879837,0.124999939,0.000220549,0,0,10,10,-1e-06,1.058949,2.681292,-4.558141e-09,0.008471597,0.02145035,False,0.027725,False
2019-08-15,CE04OSBP-LJ01C-07-VEL3DC107,6,True,2019-08-15T00:00:00Z,2019-08-15T23:59:59Z,691200,691200,0,0.125,0.124879837,0.124999941,0.002462655,0,0,0,0,5e-06,1.237081,3.517613,3.740597e-08,0.009896656,0.02814092,False,0.024922,False
2019-08-16,CE04OSBP-LJ01C-07-VEL3DC107,6,True,2019-08-16T00:00:00Z,2019-08-16T23:59:59Z,691200,691200,0,0.125,0.124879837,0.12499995,-0.001604026,0,0,0,0,5e-06,1.551134,4.692693,3.748294e-08,0.01240908,0.03754156,False,0.025224,False
2019-08-17,CE04OSBP-LJ01C-07-VEL3DC107,6,True,2019-08-17T00:00:00Z,2019-08-17T23:59:59Z,691201,691201,0,0.125,0.124879837,0.124999965,0.0011969,0,0,16,16,3e-06,1.219901,3.267692,2.195168e-08,0.009759213,0.02614155,False,0.027733,False
2019-08-18,CE04OSBP-LJ01C-07-VEL3DC107,6,True,2019-08-18T00:00:00Z,2019-08-18T23:59:59Z,691200,691200,0,0.125,0.124879837,0.124999973,-0.000948489,0,0,0,0,5e-06,1.303151,3.543901,3.874617e-08,0.01042521,0.02835122,False,0.026603,False
2019-08-19,CE04OSBP-LJ01C-07-VEL3DC107,6,True,2019-08-19T00:00:00Z,2019-08-19T23:59:59Z,691200,691200,0,0.125,0.124879837,0.124999967,0.001538028,0,0,0,0,5e-06,1.35986,3.534195,3.833252e-08,0.01087888,0.02827357,False,0.025094,False
2019-08-20,CE04OSBP-LJ01C-07-VEL3DC107,6,True,2019-08-20T00:00:00Z,2019-08-20T23:59:59Z,691200,691200,0,0.125,0.124879837,0.124999953,-0.001231314,0,0,0,0,5e-06,1.062486,3.087495,3.655343e-08,0.008499889,0.02469997,False,0.027653,False
2019-08-21,CE04OSBP-LJ01C-07-VEL3DC107,6,True,2019-08-21T00:00:00Z,2019-08-21T23:59:59Z,691200,691200,0,0.125,0.124879837,0.124999946,0.002040097,0,0,0,0,5e-06,1.652257,4.759929,3.737504e-08,0.01321807,0.03807945,False,0.025522,False
2019-08-22,CE04OSBP-LJ01C-07-VEL3DC107,6,True,2019-08-22T00:00:00Z,2019-08-22T23:59:59Z,691201,691201,0,0.125,0.124879837,0.124999933,-0.000314261,0,0,17,17,-1e-06,1.518275,4.290675,-6.738286e-09,0.0121462,0.03432542,False,0.025728,False
2019-08-23,CE04OSBP-LJ01C-07-VEL3DC107,6,True,2019-08-23T00:00:00Z,2019-08-23T23:59:59Z,691200,691200,0,0.125,0.124879837,0.12499993,-0.001724462,0,0,0,0,5e-06,1.84561,4.758955,3.799684e-08,0.01476489,0.03807167,False,0.027676,False
2019-08-24,CE04OSBP-LJ01C-07-VEL3DC107,6,True,2019-08-24T00:00:00Z,2019-08-24T23:59:59Z,691201,691201,0,0.125,0.124879837,0.124999937,-0.003249276,0,0,14,14,2e-06,1.979545,5.184476,1.82121e-08,0.01583637,0.04147583,False,0.028153,False
2019-08-25,CE04OSBP-LJ01C-07-VEL3DC107,6,True,2019-08-25T00:00:00Z,2019-08-25T23:59:59Z,691200,691200,0,0.125,0.124879837,0.124999936,0.000993212,0,0,0,0,5e-06,1.307203,3.922173,3.811015e-08,0.01045763,0.0313774,False,0.026209,False
2019-08-26,CE04OSBP-LJ01C-07-VEL3DC107,6,True,2019-08-26T00:00:00Z,2019-08-26T23:59:59Z,691200,691200,0,0.125,0.124879837,0.124999941,0.000770564,0,0,0,0,5e-06,1.334253,3.817253,3.807366e-08,0.01067403,0.03053804,False,0.028061,False
2019-08-27,CE04OSBP-LJ01C-07-VEL3DC107,6,True,2019-08-27T00:00:00Z,2019-08-27T23:59:59Z,691201,691201,0,0.125,0.124879837,0.124999942,0.001399547,0,0,10,10,0.0,1.85589,4.540493,6.936299e-10,0.01484713,0.03632396,False,0.026561,False
2019-08-28,CE04OSBP-LJ01C-07-VEL3DC107,6,True,2019-08-28T00:00:00Z,2019-08-28T23:59:59Z,691200,691200,0,0.125,0.124879837,0.124999942,0.001331034,0,0,0,0,5e-06,1.634878,4.448637,3.752651e-08,0.01307903,0.03558911,False,0.027427,False
2019-08-29,CE04OSBP-LJ01C-07-VEL3DC107,6,True,2019-08-29T00:00:00Z,2019-08-29T23:59:59Z,691200,691200,0,0.125,0.124879837,0.124999936,-0.001812182,0,0,0,0,5e-06,2.220176,5.350476,3.732704e-08,0.01776141,0.04280383,False,0.027214,False
2019-08-30,CE04OSBP-LJ01C-07-VEL3DC107,6,True,2019-08-30T00:00:00Z,2019-08-30T23:59:59Z,691201,691201,0,0.125,0.124879837,0.124999933,-0.002486386,0,0,35,35,-1e-06,2.469859,7.304269,-8.314277e-09,0.01975888,0.05843419,False,0.032529,False
2019-08-31,CE04OSBP-LJ01C-07-VEL3DC107,6,True,2019-08-31T00:00:00Z,2019-08-31T23:59:59Z,691200,691200,0,0.125,0.124879837,0.124999935,-0.002655111,0,0,0,0,5e-06,1.254295,4.279638,3.653914e-08,0.01003437,0.03423712,False,0.030005,False
2019-09-01,CE04OSBP-LJ01C-07-VEL3DC107,6,True,2019-09-01T00:00:00Z,2019-09-01T23:59:59Z,691200,691200,0,0.125,0.124879837,0.124999937,-0.000650043,0,0,0,0,5e-06,1.441659,4.237937,3.676994e-08,0.01153328,0.03390351,False,0.024968,False
2019-09-02,CE04OSBP-LJ01C-07-VEL3DC107,6,True,2019-09-02T00:00:00Z,2019-09-02T23:59:59Z,691201,691201,0,0.125,0.124879837,0.124999946,-0.000683866,0,0,16,16,1e-06,1.139801,3.166002,7.738464e-09,0.009118413,0.02532803,False,0.02834,False
2019-09-03,CE04OSBP-LJ01C-07-VEL3DC107,6,True,2019-09-03T00:00:00Z,2019-09-03T23:59:59Z,691200,691200,0,0.125,0.124879837,0.124999936,0.002294012,0,0,0,0,5e-06,1.584123,4.523634,3.700138e-08,0.01267299,0.03618909,False,0.027698,False
2019-09-04,CE04OSBP-LJ01C-07-VEL3DC107,6,True,2019-09-04T00:00:00Z,2019-09-04T23:59:59Z,691200,691200,0,0.125,0.124879837,0.12499994,-0.000983455,0,0,0,0,5e-06,1.304383,3.948777,3.773398e-08,0.01043507,0.03159023,False,0.027653,False
2019-09-05,CE04OSBP-LJ01C-07-VEL3DC107,6,True,2019-09-05T00:00:00Z,2019-09-05T23:59:59Z,611992,691277,79285,0.125,0.124879837,0.124981239,0.364924887,1,79285,1,79285,1e-06,2196.855054,4588.340646,7.07339e-09,17.57748,36.71224,True,0.170975,True
2019-09-06,CE04OSBP-LJ01C-07-VEL3DC107,6,True,2019-09-06T00:00:00Z,2019-09-06T23:59:59Z,691200,691200,0,0.125,0.124879837,0.124999957,-0.000972227,0,0,0,0,5e-06,2.484993,6.954424,3.822008e-08,0.01987995,0.05563541,False,0.027057,False
2019-09-07,CE04OSBP-LJ01C-07-VEL3DC107,6,True,2019-09-07T00:00:00Z,2019-09-07T23:59:59Z,691200,691200,0,0.125,0.124879837,0.124999956,0.002731346,0,0,0,0,5e-06,1.446265,3.980239,3.755804e-08,0.01157013,0.03184193,False,0.02876,False
2019-09-08,CE04OSBP-LJ01C-07-VEL3DC107,6,True,2019-09-08T00:00:00Z,2019-09-08T23:59:59Z,691200,691200,0,0.125,0.124879837,0.124999957,0.000989006,0,0,0,0,5e-06,1.174966,3.32745,3.621234e-08,0.00939973,0.02661961,False,0.025427,False
2019-09-09,CE04OSBP-LJ01C-07-VEL3DC107,6,True,2019-09-09T00:00:00Z,2019-09-09T23:59:59Z,691201,691201,0,0.125,0.124879837,0.124999953,0.000634968,0,0,11,11,-1e-06,1.439121,4.546201,-1.180725e-08,0.01151297,0.03636962,False,0.025827,False
2019-09-10,CE04OSBP-LJ01C-07-VEL3DC107,6,True,2019-09-10T00:00:00Z,2019-09-10T23:59:59Z,686512,691204,4692,0.125,0.124879837,0.124999249,-0.156150981,4,4692,4,4692,1e-06,124.013791,234.203351,6.116005e-09,0.9921163,1.873638,True,0.142845,True
2019-09-11,CE04OSBP-LJ01C-07-VEL3DC107,6,True,2019-09-11T00:00:00Z,2019-09-11T23:59:59Z,691200,691200,0,0.125,0.124879837,0.124999947,0.002253605,0,0,0,0,5e-06,1.506348,4.202089,3.673567e-08,0.01205079,0.03361673,False,0.025953,False
2019-09-12,CE04OSBP-LJ01C-07-VEL3DC107,6,True,2019-09-12T00:00:00Z,2019-09-12T23:59:59Z,691201,691201,0,0.125,0.124879837,0.124999951,0.002911136,0,0,2,2,1.1e-05,1.513508,5.182325,8.86104e-08,0.01210807,0.04145862,False,0.027225,False
2019-09-13,CE04OSBP-LJ01C-07-VEL3DC107,6,True,2019-09-13T00:00:00Z,2019-09-13T23:59:59Z,257279,691617,434338,0.125,0.124879837,0.124913387,8.625504973,1,434338,1,434338,-0.0,5028.418414,9804.726215,-2.352786e-09,40.25524,78.4922,True,0.28398,True
2019-09-14,CE04OSBP-LJ01C-07-VEL3DC107,6,True,2019-09-14T00:00:00Z,2019-09-14T23:59:59Z,691200,691200,0,0.125,0.124879837,0.124999948,0.000460907,0,0,0,0,5e-06,1.414735,3.686749,3.840442e-08,0.01131788,0.02949401,False,0.028222,False
2019-09-15,CE04OSBP-LJ01C-07-VEL3DC107,6,True,2019-09-15T00:00:00Z,2019-09-15T23:59:59Z,691200,691200,0,0.125,0.124879837,0.124999957,-0.000428336,0,0,0,0,5e-06,1.15449,3.425053,3.761475e-08,0.009235926,0.02740043,False,0.025698,False
2019-09-16,CE04OSBP-LJ01C-07-VEL3DC107,6,True,2019-09-16T00:00:00Z,2019-09-16T23:59:59Z,691201,691201,0,0.125,0.124879837,0.124999952,-0.001719544,0,0,22,22,-1e-06,1.104773,3.988602,-5.932345e-09,0.008838189,0.03190883,False,0.026041,False
2019-09-17,CE04OSBP-LJ01C-07-VEL3DC107,6,True,2019-09-17T00:00:00Z,2019-09-17T23:59:59Z,691200,691200,0,0.125,0.124879837,0.124999953,-0.005223807,0,0,0,0,5e-06,1.881574,5.380665,3.769945e-08,0.0150526,0.04304534,False,0.027733,False
2019-09-18,CE04OSBP-LJ01C-07-VEL3DC107,6,True,2019-09-18T00:00:00Z,2019-09-18T23:59:59Z,691200,691200,0,0.125,0.124879837,0.124999936,-0.006661813,0,0,0,0,5e-06,5.826239,10.613175,3.785732e-08,0.04660993,0.08490545,False,0.025575,False
2019-09-19,CE04OSBP-LJ01C-07-VEL3DC107,6,True,2019-09-19T00:00:00Z,2019-09-19T23:59:59Z,683612,691208,7596,0.125,0.124879837,0.124998427,0.281739676,8,7596,8,7603,-1e-06,244.337172,465.813044,-6.882804e-09,1.954722,3.726551,True,0.295515,True
2019-09-20,CE04OSBP-LJ01C-07-VEL3DC107,6,True,2019-09-20T00:00:00Z,2019-09-20T23:59:59Z,691200,691200,0,0.125,0.124879837,0.124999922,-0.000763282,0,0,0,0,5e-06,3.83318,11.139157,3.692097e-08,0.03066546,0.08911331,False,0.027733,False
2019-09-21,CE04OSBP-LJ01C-07-VEL3DC107,6,True,2019-09-21T00:00:00Z,2019-09-21T23:59:59Z,691200,691200,0,0.125,0.124879837,0.124999934,0.004678865,0,0,0,0,5e-06,1.910557,5.343965,3.776497e-08,0.01528447,0.04275174,False,0.028412,False
2019-09-22,CE04OSBP-LJ01C-07-VEL3DC107,6,True,2019-09-22T00:00:00Z,2019-09-22T23:59:59Z,691201,691201,0,0.125,0.124879837,0.124999945,-0.000574838,0,0,18,18,1e-06,1.19504,3.712595,7.352265e-09,0.00956032,0.02970077,False,0.028099,False
2019-09-23,CE04OSBP-LJ01C-07-VEL3DC107,6,True,2019-09-23T00:00:00Z,2019-09-23T23:59:59Z,691200,691200,0,0.125,0.124879837,0.124999958,0.003250905,0,0,1,1,-1e-06,1.665229,21.909504,-1.086527e-08,0.01332184,0.1752761,False,0.197688,False
2019-09-24,CE04OSBP-LJ01C-07-VEL3DC107,6,True,2019-09-24T00:00:00Z,2019-09-24T23:59:59Z,691200,691200,0,0.125,0.124879837,0.12499995,2.857e-05,0,0,0,0,5e-06,1.423468,3.913483,3.695105e-08,0.01138775,0.03130788,False,0.025915,False
2019-09-25,CE04OSBP-LJ01C-07-VEL3DC107,6,True,2019-09-25T00:00:00Z,2019-09-25T23:59:59Z,691200,691200,0,0.125,0.124879837,0.124999939,0.002399205,0,0,0,0,5e-06,1.157809,3.415993,3.664065e-08,0.009262476,0.02732795,False,0.028768,False
2019-09-26,CE04OSBP-LJ01C-07-VEL3DC107,6,True,2019-09-26T00:00:00Z,2019-09-26T23:59:59Z,691201,691201,0,0.125,0.124879837,0.124999955,-0.001514085,0,0,26,26,-2e-06,1.580202,4.683063,-1.659965e-08,0.01264162,0.03746451,False,0.028867,False
2019-09-27,CE04OSBP-LJ01C-07-VEL3DC107,6,True,2019-09-27T00:00:00Z,2019-09-27T23:59:59Z,691200,691200,0,0.125,0.124879837,0.124999961,0.000225073,0,0,0,0,5e-06,2.591146,7.631136,3.735346e-08,0.02072918,0.06104911,False,0.025652,False
2019-09-28,CE04OSBP-LJ01C-07-VEL3DC107,6,True,2019-09-28T00:00:00Z,2019-09-28T23:59:59Z,691200,691200,0,0.125,0.124879837,0.124999957,-0.002758431,0,0,0,0,5e-06,1.811447,4.488079,3.838786e-08,0.01449158,0.03590464,False,0.028054,False
2019-09-29,CE04OSBP-LJ01C-07-VEL3DC107,6,True,2019-09-29T00:00:00Z,2019-09-29T23:59:59Z,691201,691201,0,0.125,0.124879837,0.124999949,0.000483952,0,0,17,17,6e-06,1.272013,4.897511,4.526318e-08,0.01017611,0.0391801,False,0.025152,False
2019-09-30,CE04OSBP-LJ01C-07-VEL3DC107,6,True,2019-09-30T00:00:00Z,2019-09-30T23:59:59Z,691200,691200,0,0.125,0.124879837,0.124999935,-0.000883623,0,0,0,0,5e-06,1.369722,6.443047,3.716643e-08,0.01095778,0.0515444,False,0.049505,False
2019-10-01,CE04OSBP-LJ01C-07-VEL3DC107,6,True,2019-10-01T00:00:00Z,2019-10-01T23:59:59Z,691200,691200,0,0.125,0.124879837,0.124999921,0.002683462,0,0,0,0,5e-06,2.127018,5.465559,3.70028e-08,0.01701615,0.0437245,False,0.026267,False
2019-10-02,CE04OSBP-LJ01C-07-VEL3DC107,6,True,2019-10-02T00:00:00Z,2019-10-02T23:59:59Z,691201,691201,0,0.125,0.124879837,0.124999925,0.004119171,0,0,8,8,-1e-06,3.252327,7.613824,-8.86239e-09,0.02601863,0.06091063,False,0.028302,False
2019-10-03,CE04OSBP-LJ01C-07-VEL3DC107,6,True,2019-10-03T00:00:00Z,2019-10-03T23:59:59Z,691200,691200,0,0.125,0.124879837,0.12499994,-0.003832929,0,0,0,0,5e-06,2.251592,6.20322,3.849757e-08,0.01801274,0.04962579,False,0.030303,False
2019-10-04,CE04OSBP-LJ01C-07-VEL3DC107,6,True,2019-10-04T00:00:00Z,2019-10-04T23:59:59Z,691200,691200,0,0.125,0.124879837,0.124999936,-0.000337089,0,0,0,0,5e-06,1.482172,3.902091,3.729166e-08,0.01185738,0.03121674,False,0.027698,False
2019-10-05,CE04OSBP-LJ01C-07-VEL3DC107,6,True,2019-10-05T00:00:00Z,2019-10-05T23:59:59Z,691201,691201,0,0.125,0.124879837,0.124999952,0.001497784,0,0,23,23,1e-06,1.505484,4.342514,4.078545e-09,0.01204388,0.03474013,False,0.02511,False
2019-10-06,CE04OSBP-LJ01C-07-VEL3DC107,6,True,2019-10-06T00:00:00Z,2019-10-06T23:59:59Z,691200,691200,0,0.125,0.124879837,0.12499996,-0.000438121,0,0,0,0,4e-06,1.10384,3.477507,3.583779e-08,0.008830722,0.02782007,False,0.024808,False
2019-10-07,CE04OSBP-LJ01C-07-VEL3DC107,6,True,2019-10-07T00:00:00Z,2019-10-07T23:59:59Z,691200,691200,0,0.125,0.124879837,0.124999965,-0.001732133,0,0,0,0,5e-06,1.665116,4.288708,3.728211e-08,0.01332093,0.03430967,False,0.025671,False
2019-10-08,CE04OSBP-LJ01C-07-VEL3DC107,6,True,2019-10-08T00:00:00Z,2019-10-08T23:59:59Z,691200,691200,0,0.125,0.124879837,0.124999973,0.000347831,0,0,0,0,5e-06,1.46576,4.0968,3.706316e-08,0.01172608,0.03277441,False,0.027828,False
2019-10-09,CE04OSBP-LJ01C-07-VEL3DC107,6,True,2019-10-09T00:00:00Z,2019-10-09T23:59:59Z,691200,691200,0,0.125,0.124879837,0.124999965,-0.001125935,0,0,0,0,5e-06,1.74491,4.993705,3.785102e-08,0.01395928,0.03994965,False,0.027779,False
2019-10-10,CE04OSBP-LJ01C-07-VEL3DC107,6,True,2019-10-10T00:00:00Z,2019-10-10T23:59:59Z,691201,691201,0,0.125,0.124879837,0.124999957,0.003857626,0,0,47,47,-1e-06,1.58288,4.390085,-4.942541e-09,0.01266304,0.03512069,False,0.025125,False
2019-10-11,CE04OSBP-LJ01C-07-VEL3DC107,6,True,2019-10-11T00:00:00Z,2019-10-11T23:59:59Z,441332,691440,250108,0.125,0.124879837,0.124942865,7.207230214,3,250108,3,250108,1e-06,4269.170237,9158.403768,5.293054e-09,34.16898,73.30073,True,0.368721,True
2019-10-12,CE04OSBP-LJ01C-07-VEL3DC107,6,True,2019-10-12T00:00:00Z,2019-10-12T23:59:59Z,691200,691200,0,0.125,0.124879837,0.124999956,0.001183794,0,0,0,0,5e-06,2.073899,5.131239,3.750217e-08,0.01659119,0.04104993,False,0.027798,False
2019-10-13,CE04OSBP-LJ01C-07-VEL3DC107,6,True,2019-10-13T00:00:00Z,2019-10-13T23:59:59Z,691201,691201,0,0.125,0.124879837,0.124999943,-0.003403873,0,0,9,9,-2e-06,2.026456,4.987552,-1.649063e-08,0.01621166,0.03990044,False,0.027676,False
2019-10-14,CE04OSBP-LJ01C-07-VEL3DC107,6,True,2019-10-14T00:00:00Z,2019-10-14T23:59:59Z,691200,691200,0,0.125,0.124879837,0.124999939,0.000576363,0,0,0,0,5e-06,2.102845,7.619991,3.675649e-08,0.01682277,0.06095996,False,0.073809,False
2019-10-15,CE04OSBP-LJ01C-07-VEL3DC107,6,True,2019-10-15T00:00:00Z,2019-10-15T23:59:59Z,684462,691206,6744,0.125,0.124879837,0.124998601,0.240970763,1,6744,1,6744,-4e-06,207.470763,411.581571,-2.840694e-08,1.659785,3.292689,True,0.478411,True
2019-10-16,CE04OSBP-LJ01C-07-VEL3DC107,6,True,2019-10-16T00:00:00Z,2019-10-16T23:59:59Z,691201,691201,0,0.125,0.124879837,0.124999948,0.003205536,0,0,4,4,5e-06,1.968751,5.98165,4.364826e-08,0.01575001,0.04785322,False,0.026354,False
2019-10-17,CE04OSBP-LJ01C-07-VEL3DC107,6,True,2019-10-17T00:00:00Z,2019-10-17T23:59:59Z,691200,691200,0,0.125,0.124879837,0.12499993,0.00066728,0,0,2,2,-6e-06,1.625124,3.753482,-4.955805e-08,0.013001,0.03002787,False,0.026946,False
2019-10-18,CE04OSBP-LJ01C-07-VEL3DC107,6,True,2019-10-18T00:00:00Z,2019-10-18T23:59:59Z,691200,691200,0,0.125,0.124879837,0.124999935,-0.001500958,0,0,0,0,5e-06,1.492098,4.723029,3.679622e-08,0.01193679,0.03778425,False,0.026824,False
2019-10-19,CE04OSBP-LJ01C-07-VEL3DC107,6,True,2019-10-19T00:00:00Z,2019-10-19T23:59:59Z,691200,691200,0,0.125,0.124879837,0.124999952,-0.000870981,0,0,20,20,-1.5e-05,1.376355,5.845651,-1.181671e-07,0.01101085,0.04676523,False,0.032456,False
2019-10-20,CE04OSBP-LJ01C-07-VEL3DC107,6,True,2019-10-20T00:00:00Z,2019-10-20T23:59:59Z,691201,691201,0,0.125,0.124879837,0.124999949,-0.000697608,0,0,9,9,0.0,1.141567,3.937766,6.977995e-10,0.009132537,0.03150214,False,0.026561,False
2019-10-21,CE04OSBP-LJ01C-07-VEL3DC107,6,True,2019-10-21T00:00:00Z,2019-10-21T23:59:59Z,691200,691200,0,0.125,0.124879837,0.12499995,0.000757095,0,0,0,0,5e-06,1.439498,4.106286,3.900585e-08,0.01151599,0.0328503,False,0.026786,False
2019-10-22,CE04OSBP-LJ01C-07-VEL3DC107,6,True,2019-10-22T00:00:00Z,2019-10-22T23:59:59Z,691200,691200,0,0.125,0.124879837,0.124999968,6.9902e-05,0,0,0,0,5e-06,1.217872,3.240763,3.749596e-08,0.009742979,0.02592611,False,0.02577,False
2019-10-23,CE04OSBP-LJ01C-07-VEL3DC107,6,True,2019-10-23T00:00:00Z,2019-10-23T23:59:59Z,239087,691635,452548,0.125,0.124879837,0.124916876,-5.407797403,2,452548,2,452548,-1e-06,5371.118951,9669.881789,-5.186399e-09,42.99754,77.41053,True,0.049589,True
2019-10-24,CE04OSBP-LJ01C-07-VEL3DC107,6,False,,,0,0,,0.125,,,,,,,,,,,,,,,,False
2019-10-25,CE04OSBP-LJ01C-07-VEL3DC107,6,False,,,0,0,,0.125,,,,,,,,,,,,,,,,False
2019-10-26,CE04OSBP-LJ01C-07-VEL3DC107,6,False,,,0,0,,0.125,,,,,,,,,,,,,,,,False
2019-10-27,CE04OSBP-LJ01C-07-VEL3DC107,6,False,,,0,0,,0.125,,,,,,,,,,,,,,,,False
2019-10-28,CE04OSBP-LJ01C-07-VEL3DC107,6,True,2019-10-28T16:33:40Z,2019-10-28T23:59:59Z,214237,214237,0,0.125,0.124879837,0.124999957,0.001552993,0,0,0,0,0.0,1.309748,3.970946,3.225465e-09,0.01047799,0.03176758,False,0.024987,False
2019-10-29,CE04OSBP-LJ01C-07-VEL3DC107,6,True,2019-10-29T00:00:00Z,2019-10-29T23:59:59Z,691200,691200,0,0.125,0.124879837,0.124999981,-0.00048711,0,0,0,0,5e-06,1.76885,4.692311,3.708006e-08,0.0141508,0.03753849,False,0.029356,False
2019-10-30,CE04OSBP-LJ01C-07-VEL3DC107,6,True,2019-10-30T00:00:00Z,2019-10-30T23:59:59Z,691200,691200,0,0.125,0.124879837,0.12499997,0.000641557,0,0,0,0,5e-06,1.201844,3.953383,3.709553e-08,0.009614758,0.03162707,False,0.027683,False
2019-10-31,CE04OSBP-LJ01C-07-VEL3DC107,6,True,2019-10-31T00:00:00Z,2019-10-31T23:59:59Z,691200,691200,0,0.125,0.124879837,0.124999969,-0.001798204,0,0,0,0,5e-06,1.511867,3.914326,3.666466e-08,0.01209494,0.03131461,False,0.028909,False
2019-11-01,CE04OSBP-LJ01C-07-VEL3DC107,6,True,2019-11-01T00:00:00Z,2019-11-01T23:59:59Z,691201,691201,0,0.125,0.124879837,0.124999949,0.001347053,0,0,15,15,-1e-06,1.342723,3.78225,-6.843225e-09,0.01074179,0.03025802,False,0.028878,False
2019-11-02,CE04OSBP-LJ01C-07-VEL3DC107,6,True,2019-11-02T00:00:00Z,2019-11-02T23:59:59Z,691200,691200,0,0.125,0.124879837,0.124999951,-0.000474831,0,0,0,0,5e-06,1.611146,6.414459,3.850786e-08,0.01288917,0.05131569,False,0.031104,False
2019-11-03,CE04OSBP-LJ01C-07-VEL3DC107,6,True,2019-11-03T00:00:00Z,2019-11-03T23:59:59Z,691200,691200,0,0.125,0.124879837,0.124999949,-0.000286333,0,0,0,0,5e-06,2.259384,11.47939,3.660658e-08,0.01807508,0.09183516,False,0.061854,False
2019-11-04,CE04OSBP-LJ01C-07-VEL3DC107,6,True,2019-11-04T00:00:00Z,2019-11-04T23:59:59Z,691201,691201,0,0.125,0.124879837,0.124999939,-0.002826257,0,0,9,9,-0.0,1.990399,8.071078,-3.179759e-09,0.0159232,0.06456865,False,0.057199,False
2019-11-05,CE04OSBP-LJ01C-07-VEL3DC107,6,True,2019-11-05T00:00:00Z,2019-11-05T23:59:59Z,691200,691200,0,0.125,0.124879837,0.124999941,0.002549545,0,0,0,0,5e-06,1.431778,6.302545,3.679917e-08,0.01145423,0.05042038,False,0.050716,False
2019-11-06,CE04OSBP-LJ01C-07-VEL3DC107,6,True,2019-11-06T00:00:00Z,2019-11-06T23:59:59Z,691200,691200,0,0.125,0.124879837,0.124999944,-0.000707449,0,0,0,0,5e-06,1.228745,4.768205,3.646197e-08,0.009829964,0.03814565,False,0.027645,False
2019-11-07,CE04OSBP-LJ01C-07-VEL3DC107,6,True,2019-11-07T00:00:00Z,2019-11-07T23:59:59Z,691201,691201,0,0.125,0.124879837,0.124999942,0.000928272,0,0,17,17,6e-06,1.236381,3.613441,4.531667e-08,0.009891055,0.02890754,False,0.027626,False
2019-11-08,CE04OSBP-LJ01C-07-VEL3DC107,6,True,2019-11-08T00:00:00Z,2019-11-08T23:59:59Z,691200,691200,0,0.125,0.124879837,0.124999939,-0.000795315,0,0,0,0,5e-06,2.119201,6.295409,3.642132e-08,0.01695361,0.0503633,False,0.030822,False
2019-11-09,CE04OSBP-LJ01C-07-VEL3DC107,6,True,2019-11-09T00:00:00Z,2019-11-09T23:59:59Z,691200,691200,0,0.125,0.124879837,0.124999939,0.000647,0,0,0,0,5e-06,1.392659,4.073906,3.677515e-08,0.01114128,0.03259126,False,0.025793,False
2019-11-10,CE04OSBP-LJ01C-07-VEL3DC107,6,True,2019-11-10T00:00:00Z,2019-11-10T23:59:59Z,691201,691201,0,0.125,0.124879837,0.124999955,-0.002689427,0,0,13,13,2e-06,1.487401,4.507846,1.605404e-08,0.01189922,0.03606278,False,0.030543,False
2019-11-11,CE04OSBP-LJ01C-07-VEL3DC107,6,True,2019-11-11T00:00:00Z,2019-11-11T23:59:59Z,691200,691200,0,0.125,0.124879837,0.124999959,0.001542116,0,0,17,17,0.0,1.498251,4.11044,7.428282e-11,0.01198601,0.03288353,False,0.029535,False
2019-11-12,CE04OSBP-LJ01C-07-VEL3DC107,6,True,2019-11-12T00:00:00Z,2019-11-12T23:59:59Z,691200,691200,0,0.125,0.124879837,0.124999961,0.001100239,0,0,0,0,5e-06,1.244118,4.249158,3.793619e-08,0.009952948,0.03399327,False,0.029138,False
2019-11-13,CE04OSBP-LJ01C-07-VEL3DC107,6,True,2019-11-13T00:00:00Z,2019-11-13T23:59:59Z,691200,691200,0,0.125,0.124879837,0.124999957,-0.000723624,0,0,0,0,5e-06,1.104804,3.315564,3.732429e-08,0.008838433,0.02652452,False,0.027668,False
2019-11-14,CE04OSBP-LJ01C-07-VEL3DC107,6,True,2019-11-14T00:00:00Z,2019-11-14T23:59:48Z,691111,691111,0,0.125,0.124879837,0.124999959,-0.000165186,0,0,0,0,-1.6e-05,2.158542,5.670883,-1.302961e-07,0.01726834,0.04536708,False,0.027805,False
2019-11-15,CE04OSBP-LJ01C-07-VEL3DC107,6,True,2019-11-15T00:00:00Z,2019-11-15T23:59:59Z,691112,691201,89,0.125,0.124879837,0.124999954,-0.002465976,28,89,28,116,-0.0,1.519574,4.679663,-1.344906e-09,0.0121566,0.03743732,False,0.064297,True
2019-11-16,CE04OSBP-LJ01C-07-VEL3DC107,6,True,2019-11-16T00:00:00Z,2019-11-16T23:59:48Z,691110,691110,0,0.125,0.124879837,0.124999952,0.000876782,0,0,0,0,1.1e-05,1.288059,5.480834,8.730087e-08,0.01030447,0.04384669,False,0.043907,False
2019-11-17,CE04OSBP-LJ01C-07-VEL3DC107,6,True,2019-11-17T00:00:00Z,2019-11-17T23:59:48Z,691111,691111,0,0.125,0.124879837,0.124999951,0.004235293,0,0,0,0,-1.6e-05,1.709345,6.628407,-1.295454e-07,0.01367477,0.05302728,False,0.049704,False
2019-11-18,CE04OSBP-LJ01C-07-VEL3DC107,6,True,2019-11-18T00:00:00Z,2019-11-18T23:59:48Z,691111,691111,0,0.125,0.124879837,0.124999952,0.003833067,0,0,0,0,-1.6e-05,1.88048,5.602778,-1.301609e-07,0.01504385,0.04482224,False,0.027676,False
2019-11-19,CE04OSBP-LJ01C-07-VEL3DC107,6,True,2019-11-19T00:00:00Z,2019-11-19T23:59:59Z,691112,691201,89,0.125,0.124879837,0.124999955,0.001291395,10,89,10,98,2e-06,2.049028,4.785158,1.449292e-08,0.01639223,0.03828128,False,0.090331,True
2019-11-20,CE04OSBP-LJ01C-07-VEL3DC107,6,True,2019-11-20T00:00:00Z,2019-11-20T23:59:48Z,691110,691110,0,0.125,0.124879837,0.124999963,-0.001613753,0,0,0,0,1.1e-05,4.072303,11.016436,8.706882e-08,0.03257843,0.08813151,False,0.029493,False
2019-11-21,CE04OSBP-LJ01C-07-VEL3DC107,6,True,2019-11-21T00:00:00Z,2019-11-21T23:59:48Z,691111,691111,0,0.125,0.124879837,0.124999966,-0.003517161,0,0,0,0,-1.6e-05,1.649953,4.271796,-1.301865e-07,0.01319963,0.03417438,False,0.027721,False
2019-11-22,CE04OSBP-LJ01C-07-VEL3DC107,6,True,2019-11-22T00:00:00Z,2019-11-22T23:59:48Z,691111,691111,0,0.125,0.124879837,0.124999976,-0.001687424,0,0,0,0,-1.6e-05,1.636281,6.142464,-1.292418e-07,0.01309025,0.04913972,False,0.045064,False
2019-11-23,CE04OSBP-LJ01C-07-VEL3DC107,6,True,2019-11-23T00:00:00Z,2019-11-23T23:59:48Z,691111,691111,0,0.125,0.124879837,0.124999959,0.000497486,0,0,0,0,-1.6e-05,2.518543,5.967446,-1.286043e-07,0.02014835,0.04773958,False,0.02585,False
2019-11-24,CE04OSBP-LJ01C-07-VEL3DC107,6,True,2019-11-24T00:00:00Z,2019-11-24T23:59:59Z,688445,691203,2758,0.125,0.124879837,0.124999567,0.076716125,12,2758,12,2768,0.0,71.145205,130.827978,3.813808e-10,0.5691636,1.046627,True,0.413388,True
2019-11-25,CE04OSBP-LJ01C-07-VEL3DC107,6,True,2019-11-25T00:00:00Z,2019-11-25T23:59:48Z,691110,691110,0,0.125,0.124879837,0.124999963,-0.002389801,0,0,0,0,1.1e-05,1.5717,5.29912,8.836477e-08,0.0125736,0.04239297,False,0.039761,False
2019-11-26,CE04OSBP-LJ01C-07-VEL3DC107,6,True,2019-11-26T00:00:00Z,2019-11-26T23:59:48Z,691111,691111,0,0.125,0.124879837,0.124999954,-0.000991538,0,0,0,0,-1.6e-05,1.224033,3.914969,-1.288053e-07,0.009792269,0.03131977,False,0.025545,False
2019-11-27,CE04OSBP-LJ01C-07-VEL3DC107,6,True,2019-11-27T00:00:00Z,2019-11-27T23:59:48Z,691111,691111,0,0.125,0.124879837,0.124999947,-0.000500265,0,0,0,0,-1.6e-05,1.509565,8.251676,-1.298414e-07,0.01207652,0.06601343,False,0.051437,False
2019-11-28,CE04OSBP-LJ01C-07-VEL3DC107,6,True,2019-11-28T00:00:00Z,2019-11-28T23:59:59Z,691112,691201,89,0.125,0.124879837,0.124999961,-0.004900014,10,89,10,98,2e-06,2.341765,6.148522,1.308678e-08,0.01873412,0.04918819,False,0.064275,True
2019-11-29,CE04OSBP-LJ01C-07-VEL3DC107,6,True,2019-11-29T00:00:00Z,2019-11-29T23:59:48Z,691110,691110,0,0.125,0.124879837,0.124999935,0.001491181,0,0,0,0,1.1e-05,2.139899,9.56711,8.690684e-08,0.0171192,0.07653692,False,0.077356,False
2019-11-30,CE04OSBP-LJ01C-07-VEL3DC107,6,True,2019-11-30T00:00:00Z,2019-11-30T23:59:48Z,691111,691111,0,0.125,0.124879837,0.124999973,-0.000752255,0,0,0,0,-1.6e-05,1.953884,4.980615,-1.285344e-07,0.01563107,0.03984493,False,0.02695,False
2019-12-01,CE04OSBP-LJ01C-07-VEL3DC107,6,True,2019-12-01T00:00:00Z,2019-12-01T23:59:48Z,691111,691111,0,0.125,0.124879837,0.124999966,-0.001003619,0,0,0,0,-1.6e-05,1.471474,3.953798,-1.301862e-07,0.01177179,0.03163039,False,0.027668,False
2019-12-02,CE04OSBP-LJ01C-07-VEL3DC107,6,True,2019-12-02T00:00:00Z,2019-12-02T23:59:59Z,691112,691201,89,0.125,0.124879837,0.12499995,0.000208336,21,89,21,109,-1e-06,1.422055,3.832484,-4.227975e-09,0.01137644,0.03065989,False,0.090346,True
2019-12-03,CE04OSBP-LJ01C-07-VEL3DC107,6,True,2019-12-03T00:00:00Z,2019-12-03T23:59:48Z,691110,691110,0,0.125,0.124879837,0.12499992,0.002047575,0,0,0,0,1.1e-05,1.236325,3.200523,8.729898e-08,0.009890607,0.0256042,False,0.025579,False
2019-12-04,CE04OSBP-LJ01C-07-VEL3DC107,6,True,2019-12-04T00:20:54Z,2019-12-04T23:59:59Z,681163,681163,0,0.125,0.124879837,0.124999918,-0.001963952,0,0,19,19,3e-06,1.364761,3.842122,2.074263e-08,0.0109181,0.030737,False,0.027691,False
2019-12-05,CE04OSBP-LJ01C-07-VEL3DC107,6,True,2019-12-05T00:00:00Z,2019-12-05T23:59:59Z,691200,691200,0,0.125,0.124879837,0.124999914,-0.000412711,0,0,0,0,5e-06,1.101267,3.037565,3.674639e-08,0.008810145,0.02430054,False,0.025159,False
2019-12-06,CE04OSBP-LJ01C-07-VEL3DC107,6,True,2019-12-06T00:00:00Z,2019-12-06T23:59:59Z,691201,691201,0,0.125,0.124879837,0.124999916,-0.001679529,0,0,14,14,-4e-06,1.165146,3.08331,-3.107434e-08,0.009321175,0.0246665,False,0.025537,False
2019-12-07,CE04OSBP-LJ01C-07-VEL3DC107,6,True,2019-12-07T00:00:00Z,2019-12-07T23:59:59Z,691200,691200,0,0.125,0.124879837,0.124999913,-0.001002835,0,0,0,0,4e-06,1.547276,3.95445,3.591021e-08,0.01237821,0.03163562,False,0.027698,False
2019-12-08,CE04OSBP-LJ01C-07-VEL3DC107,6,True,2019-12-08T00:00:00Z,2019-12-08T23:59:59Z,684181,691208,7027,0.125,0.124879837,0.124998988,-0.431654455,13,7027,13,7039,-1e-06,240.262549,522.276519,-7.361355e-09,1.922116,4.178246,True,0.247098,True
2019-12-09,CE04OSBP-LJ01C-07-VEL3DC107,6,True,2019-12-09T00:00:00Z,2019-12-09T23:59:59Z,691200,691200,0,0.125,0.124879837,0.124999924,-0.001931533,0,0,0,0,5e-06,1.314624,3.806551,3.633305e-08,0.010517,0.03045243,False,0.024816,False
2019-12-10,CE04OSBP-LJ01C-07-VEL3DC107,6,True,2019-12-10T00:00:00Z,2019-12-10T23:59:59Z,675478,691217,15739,0.125,0.124879837,0.124997589,0.479295145,12,15739,12,15749,-3e-06,534.303775,1104.382258,-2.647382e-08,4.274513,8.835228,True,0.451133,True
2019-12-11,CE04OSBP-LJ01C-07-VEL3DC107,6,True,2019-12-11T00:00:00Z,2019-12-11T23:59:59Z,691200,691200,0,0.125,0.124879837,0.124999914,-0.000134151,0,0,0,0,5e-06,1.09467,2.932281,3.701609e-08,0.008757369,0.02345826,False,0.027668,False
2019-12-12,CE04OSBP-LJ01C-07-VEL3DC107,6,True,2019-12-12T00:00:00Z,2019-12-12T23:59:59Z,678647,691213,12566,0.125,0.124879837,0.124997458,-0.272706611,10,12566,10,12574,1e-06,416.46788,777.489547,5.897796e-09,3.331811,6.220043,True,0.238556,True
2019-12-13,CE04OSBP-LJ01C-07-VEL3DC107,6,True,2019-12-13T00:00:00Z,2019-12-13T23:59:59Z,691200,691200,0,0.125,0.124879837,0.124999945,-0.003518639,0,0,0,0,5e-06,1.544184,5.181874,3.770276e-08,0.01235348,0.04145501,False,0.026121,False
2019-12-14,CE04OSBP-LJ01C-07-VEL3DC107,6,True,2019-12-14T00:00:00Z,2019-12-14T23:59:59Z,691200,691200,0,0.125,0.124879837,0.124999941,-0.000554014,0,0,0,0,5e-06,1.739759,5.419041,3.732515e-08,0.01391808,0.04335235,False,0.026778,False
2019-12-15,CE04OSBP-LJ01C-07-VEL3DC107,6,True,2019-12-15T00:00:00Z,2019-12-15T23:59:59Z,691201,691201,0,0.125,0.124879837,0.124999946,-0.00138271,0,0,16,16,-1.1e-05,1.756002,4.769539,-8.474572e-08,0.01404802,0.03815633,False,0.024785,False
2019-12-16,CE04OSBP-LJ01C-07-VEL3DC107,6,True,2019-12-16T00:00:00Z,2019-12-16T23:59:59Z,691200,691200,0,0.125,0.124879837,0.124999945,0.002484714,0,0,3,3,-3e-06,1.257471,3.98736,-2.112482e-08,0.01005978,0.0318989,False,0.027718,False
2019-12-17,CE04OSBP-LJ01C-07-VEL3DC107,6,True,2019-12-17T00:00:00Z,2019-12-17T23:59:59Z,691200,691200,0,0.125,0.124879837,0.124999951,-0.002991664,0,0,0,0,5e-06,1.874316,5.233237,3.84441e-08,0.01499454,0.04186592,False,0.027683,False
2019-12-18,CE04OSBP-LJ01C-07-VEL3DC107,6,True,2019-12-18T00:00:00Z,2019-12-18T23:59:59Z,691200,691200,0,0.125,0.124879837,0.124999948,0.000290138,0,0,0,0,5e-06,1.788031,5.11591,3.712126e-08,0.01430425,0.0409273,False,0.026083,False
2019-12-19,CE04OSBP-LJ01C-07-VEL3DC107,6,True,2019-12-19T00:00:00Z,2019-12-19T23:59:59Z,691201,691201,0,0.125,0.124879837,0.124999953,-0.002270617,0,0,16,16,1e-06,1.219715,3.902915,6.382409e-09,0.009757721,0.03122333,False,0.029432,False
2019-12-20,CE04OSBP-LJ01C-07-VEL3DC107,6,True,2019-12-20T00:00:00Z,2019-12-20T23:59:59Z,691200,691200,0,0.125,0.124879837,0.124999951,0.001682995,0,0,0,0,5e-06,1.08014,2.696014,3.749265e-08,0.00864112,0.02156812,False,0.026293,False
2019-12-21,CE04OSBP-LJ01C-07-VEL3DC107,6,True,2019-12-21T00:00:00Z,2019-12-21T23:59:59Z,691200,691200,0,0.125,0.124879837,0.124999955,-0.002774606,0,0,0,0,5e-06,1.180172,3.190707,3.817467e-08,0.009441377,0.02552566,False,0.027603,False
2019-12-22,CE04OSBP-LJ01C-07-VEL3DC107,6,True,2019-12-22T00:00:00Z,2019-12-22T23:59:59Z,691200,691200,0,0.125,0.124879837,0.124999952,-5.7113e-05,0,0,0,0,5e-06,1.21216,3.31372,3.737935e-08,0.009697283,0.02650977,False,0.02577,False
2019-12-23,CE04OSBP-LJ01C-07-VEL3DC107,6,True,2019-12-23T00:00:00Z,2019-12-23T23:59:59Z,691201,691201,0,0.125,0.124879837,0.124999931,0.001250345,0,0,10,10,0.0,1.006259,2.408859,1.579705e-09,0.008050076,0.01927088,False,0.026484,False
2019-12-24,CE04OSBP-LJ01C-07-VEL3DC107,6,True,2019-12-24T00:00:00Z,2019-12-24T23:59:59Z,691200,691200,0,0.125,0.124879837,0.124999937,-0.001660671,0,0,0,0,5e-06,1.147034,3.453691,3.694292e-08,0.009176276,0.02762954,False,0.028466,False
2019-12-25,CE04OSBP-LJ01C-07-VEL3DC107,6,True,2019-12-25T00:00:00Z,2019-12-25T23:59:59Z,691201,691201,0,0.125,0.124879837,0.124999928,0.002486788,0,0,10,10,-5e-06,1.147304,3.04357,-4.354565e-08,0.009178434,0.02434858,False,0.024785,False
2019-12-26,CE04OSBP-LJ01C-07-VEL3DC107,6,True,2019-12-26T00:00:00Z,2019-12-26T23:59:59Z,691200,691200,0,0.125,0.124879837,0.124999918,-0.000639853,0,0,0,0,5e-06,1.078834,2.846586,3.810359e-08,0.008630678,0.0227727,False,0.026194,False
2019-12-27,CE04OSBP-LJ01C-07-VEL3DC107,6,True,2019-12-27T00:00:00Z,2019-12-27T23:59:59Z,691200,691200,0,0.125,0.124879837,0.124999917,-0.001009589,0,0,10,10,3e-06,1.482012,4.818052,2.38877e-08,0.0118561,0.03854444,False,0.028405,False
2019-12-28,CE04OSBP-LJ01C-07-VEL3DC107,6,True,2019-12-28T00:00:00Z,2019-12-28T23:59:59Z,691201,691201,0,0.125,0.124879837,0.12499994,-0.001996104,0,0,5,5,4e-06,1.600438,5.259332,3.025532e-08,0.01280351,0.04207468,False,0.028252,False
2019-12-29,CE04OSBP-LJ01C-07-VEL3DC107,6,True,2019-12-29T00:00:00Z,2019-12-29T23:59:59Z,691200,691200,0,0.125,0.124879837,0.12499994,-0.000347971,0,0,0,0,4e-06,1.187848,3.575671,3.594919e-08,0.00950279,0.02860539,False,0.027691,False
2019-12-30,CE04OSBP-LJ01C-07-VEL3DC107,6,True,2019-12-30T00:00:00Z,2019-12-30T23:59:59Z,691200,691200,0,0.125,0.124879837,0.124999946,-0.001292216,0,0,0,0,5e-06,1.121666,2.853945,3.641546e-08,0.008973335,0.02283157,False,0.027347,False
2019-12-31,CE04OSBP-LJ01C-07-VEL3DC107,6,True,2019-12-31T00:00:00Z,2019-12-31T23:59:59Z,691201,691201,0,0.125,0.124879837,0.124999948,-0.000971616,0,0,12,12,1e-06,1.499655,3.730087,5.889833e-09,0.01199725,0.02984071,False,0.028955,False
2020-01-01,CE04OSBP-LJ01C-07-VEL3DC107,6,True,2020-01-01T00:00:00Z,2020-01-01T23:59:59Z,691200,691200,0,0.125,0.124879837,0.124999949,-0.005537996,0,0,0,0,5e-06,4.01513,7.691398,3.756241e-08,0.03212106,0.06153121,False,0.026412,False
2020-01-02,CE04OSBP-LJ01C-07-VEL3DC107,6,True,2020-01-02T00:00:00Z,2020-01-02T23:59:59Z,691200,691200,0,0.125,0.124879837,0.124999951,-0.00173041,0,0,0,0,5e-06,1.918609,4.664125,3.730583e-08,0.01534888,0.03731302,False,0.027649,False
2020-01-03,CE04OSBP-LJ01C-07-VEL3DC107,6,True,2020-01-03T00:00:00Z,2020-01-03T23:59:59Z,691201,691201,0,0.125,0.124879837,0.124999924,-0.005552621,0,0,11,11,-2e-06,3.793733,7.796889,-1.575638e-08,0.03034988,0.06237515,False,0.024785,False
2020-01-04,CE04OSBP-LJ01C-07-VEL3DC107,6,True,2020-01-04T00:00:00Z,2020-01-04T23:59:59Z,691200,691200,0,0.125,0.124879837,0.124999911,0.001084059,0,0,0,0,5e-06,1.152212,3.50543,3.830493e-08,0.009217701,0.02804346,False,0.02816,False
2020-01-05,CE04OSBP-LJ01C-07-VEL3DC107,6,True,2020-01-05T00:00:00Z,2020-01-05T23:59:59Z,691201,691201,0,0.125,0.124879837,0.12499992,-0.002131244,0,0,10,10,1e-06,1.390216,3.569425,6.609871e-09,0.01112174,0.02855541,False,0.027645,False
2020-01-06,CE04OSBP-LJ01C-07-VEL3DC107,6,True,2020-01-06T00:00:00Z,2020-01-06T23:59:59Z,691200,691200,0,0.125,0.124879837,0.124999925,-0.001472398,0,0,0,0,5e-06,1.776935,4.194364,3.710634e-08,0.01421549,0.03355493,False,0.025186,False
2020-01-07,CE04OSBP-LJ01C-07-VEL3DC107,6,True,2020-01-07T00:00:00Z,2020-01-07T23:59:59Z,691201,691201,0,0.125,0.124879837,0.12499993,0.001257559,0,0,12,12,-1e-06,1.140146,3.091941,-8.957487e-09,0.009121171,0.02473554,False,0.024812,False
2020-01-08,CE04OSBP-LJ01C-07-VEL3DC107,6,True,2020-01-08T00:00:00Z,2020-01-08T23:59:59Z,691200,691200,0,0.125,0.124879837,0.124999934,0.001362726,0,0,0,0,5e-06,1.713446,5.405678,3.677693e-08,0.01370758,0.04324545,False,0.025717,False
2020-01-09,CE04OSBP-LJ01C-07-VEL3DC107,6,True,2020-01-09T00:00:00Z,2020-01-09T23:59:59Z,691200,691200,0,0.125,0.124879837,0.124999932,-7.1376e-05,0,0,0,0,5e-06,1.09308,3.126458,3.684619e-08,0.008744646,0.02501168,False,0.028454,False
2020-01-10,CE04OSBP-LJ01C-07-VEL3DC107,6,True,2020-01-10T00:00:00Z,2020-01-10T23:59:59Z,685265,691207,5942,0.125,0.124879837,0.124999848,0.019437067,19,5942,19,5960,-1e-06,88.011204,706.78798,-7.330963e-09,0.7040905,5.654311,True,0.281971,True
2020-01-11,CE04OSBP-LJ01C-07-VEL3DC107,6,True,2020-01-11T00:00:00Z,2020-01-12T00:00:00Z,691548,691200,0,0.125,0.125,0.125000055,0.000794467,0,0,43,81,1e-06,10.413933,23.408569,6.819041e-09,0.08331143,0.1872685,False,0.333206,False
2020-01-12,CE04OSBP-LJ01C-07-VEL3DC107,6,True,2020-01-12T00:00:00Z,2020-01-13T00:00:00Z,691101,691201,100,0.125,0.125,0.125,0.0,65,100,65,100,-1e-06,1e-06,2e-06,-8.244325e-09,4.732955e-09,1.641456e-08,False,0.0,True
2020-01-13,CE04OSBP-LJ01C-07-VEL3DC107,6,True,2020-01-13T00:00:00Z,2020-01-13T23:59:59Z,700602,691201,0,0.125,0.125,0.124999953,0.009093622,0,0,9,15,1e-06,8.065927,15.327766,9.503245e-09,0.06452744,0.1226222,False,0.208481,False
2020-01-14,CE04OSBP-LJ01C-07-VEL3DC107,6,True,2020-01-14T00:00:00Z,2020-01-14T23:59:59Z,691200,691200,0,0.125,0.124879837,0.124999937,-0.002298498,0,0,0,0,5e-06,1.596625,4.125309,3.773878e-08,0.012773,0.03300249,False,0.027698,False
2020-01-15,CE04OSBP-LJ01C-07-VEL3DC107,6,True,2020-01-15T00:00:00Z,2020-01-15T23:59:59Z,675640,691215,15575,0.125,0.124879837,0.124996862,-0.171701932,16,15575,16,15589,-0.0,382.697465,793.531873,-2.147527e-09,3.061657,6.348414,True,0.48861,True
2020-01-16,CE04OSBP-LJ01C-07-VEL3DC107,6,True,2020-01-16T00:00:00Z,2020-01-16T23:59:59Z,691200,691200,0,0.125,0.124879837,0.124999933,0.001439099,0,0,5,5,-5e-06,1.508288,3.879988,-4.218031e-08,0.01206631,0.03103992,False,0.027698,False
2020-01-17,CE04OSBP-LJ01C-07-VEL3DC107,6,True,2020-01-17T00:00:00Z,2020-01-17T23:59:59Z,691200,691200,0,0.125,0.124879837,0.124999929,-3.3774e-05,0,0,0,0,5e-06,1.253855,3.172781,3.740697e-08,0.01003084,0.02538226,False,0.027607,False
2020-01-18,CE04OSBP-LJ01C-07-VEL3DC107,6,True,2020-01-18T00:00:00Z,2020-01-18T23:59:59Z,691201,691201,0,0.125,0.124879837,0.124999947,-0.002134643,0,0,18,18,-1e-06,1.163864,2.956031,-8.057075e-09,0.009310914,0.02364826,False,0.024896,False
2020-01-19,CE04OSBP-LJ01C-07-VEL3DC107,6,True,2020-01-19T00:00:00Z,2020-01-19T23:59:59Z,691200,691200,0,0.125,0.124879837,0.124999926,0.002133199,0,0,0,0,5e-06,1.132016,2.931922,3.625351e-08,0.009056136,0.02345539,False,0.024812,False
2020-01-20,CE04OSBP-LJ01C-07-VEL3DC107,6,True,2020-01-20T00:00:00Z,2020-01-20T23:59:59Z,691200,691200,0,0.125,0.124879837,0.124999937,-0.002382928,0,0,0,0,5e-06,1.475598,3.486486,3.643315e-08,0.01180479,0.0278919,False,0.027702,False
2020-01-21,CE04OSBP-LJ01C-07-VEL3DC107,6,True,2020-01-21T00:00:00Z,2020-01-21T23:59:59Z,691201,691201,0,0.125,0.124879837,0.124999942,-0.001392942,0,0,15,15,0.0,1.106836,3.450503,2.546751e-09,0.008854695,0.02760403,False,0.028382,False
2020-01-22,CE04OSBP-LJ01C-07-VEL3DC107,6,True,2020-01-22T00:00:00Z,2020-01-22T23:59:59Z,691200,691200,0,0.125,0.124879837,0.124999936,0.001541797,0,0,0,0,5e-06,1.157891,3.334288,3.762173e-08,0.009263133,0.02667432,False,0.028275,False
2020-01-23,CE04OSBP-LJ01C-07-VEL3DC107,6,True,2020-01-23T00:00:00Z,2020-01-23T23:59:59Z,691200,691200,0,0.125,0.124879837,0.124999924,-0.000273931,0,0,0,0,5e-06,1.098716,5.851915,3.751361e-08,0.008789737,0.04681535,False,0.035076,False
2020-01-24,CE04OSBP-LJ01C-07-VEL3DC107,6,True,2020-01-24T00:00:00Z,2020-01-24T23:59:59Z,691201,691201,0,0.125,0.124879837,0.124999945,-0.001391211,0,0,8,8,-0.0,1.408755,7.324032,-3.935073e-10,0.01127004,0.05859228,False,0.066321,False
2020-01-25,CE04OSBP-LJ01C-07-VEL3DC107,6,True,2020-01-25T00:00:00Z,2020-01-25T23:59:59Z,691200,691200,0,0.125,0.124879837,0.124999949,-0.002717047,0,0,0,0,5e-06,1.303754,4.313713,3.75197e-08,0.01043004,0.03450972,False,0.02771,False
2020-01-26,CE04OSBP-LJ01C-07-VEL3DC107,6,True,2020-01-26T00:00:00Z,2020-01-26T23:59:59Z,691200,691200,0,0.125,0.124879837,0.124999947,0.00043453,0,0,0,0,5e-06,1.112405,3.240854,3.619612e-08,0.008899244,0.02592684,False,0.026477,False
2020-01-27,CE04OSBP-LJ01C-07-VEL3DC107,6,True,2020-01-27T00:00:00Z,2020-01-27T23:59:59Z,691201,691201,0,0.125,0.124879837,0.124999936,-0.003616195,0,0,11,11,1e-06,1.441927,4.63922,4.08534e-09,0.01153542,0.03711378,False,0.027908,False
2020-01-28,CE04OSBP-LJ01C-07-VEL3DC107,6,True,2020-01-28T00:00:00Z,2020-01-28T23:59:59Z,686027,691205,5178,0.125,0.124879837,0.124999167,-0.249536628,1,5178,1,5178,0.0,177.039718,342.091737,1.287347e-09,1.416327,2.736752,True,0.027725,True
2020-01-29,CE04OSBP-LJ01C-07-VEL3DC107,6,True,2020-01-29T00:00:00Z,2020-01-29T23:59:59Z,691200,691200,0,0.125,0.124879837,0.124999926,-0.000270065,0,0,0,0,5e-06,1.082955,3.047865,3.691972e-08,0.008663645,0.02438293,False,0.026805,False
2020-01-30,CE04OSBP-LJ01C-07-VEL3DC107,6,True,2020-01-30T00:00:00Z,2020-01-30T23:59:59Z,691201,691201,0,0.125,0.124879837,0.124999931,0.001221065,0,0,8,8,-1e-06,1.192069,3.313798,-1.065603e-08,0.009536557,0.0265104,False,0.02829,False
2020-01-31,CE04OSBP-LJ01C-07-VEL3DC107,6,True,2020-01-31T00:00:00Z,2020-01-31T23:59:59Z,691200,691200,0,0.125,0.124879837,0.124999945,-0.00134013,0,0,0,0,5e-06,1.082229,2.651579,3.614238e-08,0.008657832,0.02121264,False,0.027637,False
2020-02-01,CE04OSBP-LJ01C-07-VEL3DC107,6,True,2020-02-01T00:00:00Z,2020-02-01T23:59:59Z,691201,691201,0,0.125,0.124879837,0.124999935,-0.000671643,0,0,9,9,8e-06,1.286371,3.910399,6.5503e-08,0.01029098,0.0312832,False,0.024762,False
2020-02-02,CE04OSBP-LJ01C-07-VEL3DC107,6,True,2020-02-02T00:00:00Z,2020-02-02T23:59:59Z,691200,691200,0,0.125,0.124879837,0.124999933,-0.003364229,0,0,0,0,4e-06,1.264123,3.782135,3.571256e-08,0.01011299,0.0302571,False,0.027702,False
2020-02-03,CE04OSBP-LJ01C-07-VEL3DC107,6,True,2020-02-03T00:00:00Z,2020-02-03T23:59:59Z,691200,691200,0,0.125,0.124879837,0.124999951,-0.003171997,0,0,0,0,5e-06,1.835877,5.607894,3.716202e-08,0.01468702,0.04486317,False,0.029287,False
2020-02-04,CE04OSBP-LJ01C-07-VEL3DC107,6,True,2020-02-04T00:00:00Z,2020-02-04T23:59:59Z,691201,691201,0,0.125,0.124879837,0.124999951,-0.000480477,0,0,13,13,7e-06,2.633868,7.383703,5.460393e-08,0.02107095,0.05906965,False,0.024777,False
2020-02-05,CE04OSBP-LJ01C-07-VEL3DC107,6,True,2020-02-05T00:00:00Z,2020-02-05T23:59:59Z,691200,691200,0,0.125,0.124879837,0.12499994,0.001681953,0,0,0,0,5e-06,1.230655,3.203808,3.613036e-08,0.009845244,0.02563048,False,0.024793,False
2020-02-06,CE04OSBP-LJ01C-07-VEL3DC107,6,True,2020-02-06T00:00:00Z,2020-02-06T23:59:59Z,691200,691200,0,0.125,0.124879837,0.124999948,0.003589983,0,0,0,0,5e-06,1.185995,3.602467,3.756919e-08,0.009487962,0.02881975,False,0.027672,False
2020-02-07,CE04OSBP-LJ01C-07-VEL3DC107,6,True,2020-02-07T00:00:00Z,2020-02-07T23:59:59Z,691200,691200,0,0.125,0.124879837,0.124999954,-0.001179787,0,0,0,0,5e-06,1.276217,3.58062,3.745727e-08,0.01020974,0.02864497,False,0.027698,False
2020-02-08,CE04OSBP-LJ01C-07-VEL3DC107,6,True,2020-02-08T00:00:00Z,2020-02-08T23:59:59Z,691201,691201,0,0.125,0.124879837,0.124999949,-0.000250654,0,0,22,22,-0.0,1.334659,3.987342,-4.10525e-10,0.01067727,0.03189875,False,0.025354,False
2020-02-09,CE04OSBP-LJ01C-07-VEL3DC107,6,True,2020-02-09T00:00:00Z,2020-02-09T23:59:59Z,691200,691200,0,0.125,0.124879837,0.12499994,-0.00237604,0,0,0,0,5e-06,1.355741,4.389529,3.715759e-08,0.01084593,0.03511625,False,0.025789,False
2020-02-10,CE04OSBP-LJ01C-07-VEL3DC107,6,True,2020-02-10T00:00:00Z,2020-02-10T23:59:59Z,691200,691200,0,0.125,0.124879837,0.124999945,-4.7385e-05,0,0,0,0,5e-06,1.181716,3.35444,3.678189e-08,0.009453735,0.02683553,False,0.027676,False
2020-02-11,CE04OSBP-LJ01C-07-VEL3DC107,6,True,2020-02-11T00:00:00Z,2020-02-11T23:59:59Z,691201,691201,0,0.125,0.124879837,0.124999946,-0.001737798,0,0,11,11,1e-06,1.260692,3.616589,1.031148e-08,0.01008554,0.02893272,False,0.025644,False
2020-02-12,CE04OSBP-LJ01C-07-VEL3DC107,6,True,2020-02-12T00:00:00Z,2020-02-12T23:59:59Z,691200,691200,0,0.125,0.124879837,0.124999954,4.863e-05,0,0,0,0,5e-06,1.190065,4.022779,3.667914e-08,0.00952052,0.03218225,False,0.02582,False
2020-02-13,CE04OSBP-LJ01C-07-VEL3DC107,6,True,2020-02-13T00:00:00Z,2020-02-13T23:59:59Z,691200,691200,0,0.125,0.124879837,0.124999946,0.00221607,0,0,0,0,5e-06,2.364822,5.896478,3.71788e-08,0.01891858,0.04717184,False,0.027714,False
2020-02-14,CE04OSBP-LJ01C-07-VEL3DC107,6,True,2020-02-14T00:00:00Z,2020-02-14T23:59:59Z,691200,691200,0,0.125,0.124879837,0.124999933,0.006343524,0,0,7,7,-5e-06,2.478365,7.444849,-3.905624e-08,0.01982693,0.05955882,False,0.030509,False
2020-02-15,CE04OSBP-LJ01C-07-VEL3DC107,6,True,2020-02-15T00:00:00Z,2020-02-15T23:59:59Z,691201,691201,0,0.125,0.124879837,0.124999935,-0.001181683,0,0,2,2,-8e-06,1.225117,4.668673,-6.37615e-08,0.009800945,0.03734941,False,0.02771,False
2020-02-16,CE04OSBP-LJ01C-07-VEL3DC107,6,True,2020-02-16T00:00:00Z,2020-02-16T23:59:59Z,691200,691200,0,0.125,0.124879837,0.12499992,0.0011063,0,0,0,0,5e-06,1.417231,3.65649,3.807288e-08,0.01133786,0.02925194,False,0.029646,False
2020-02-17,CE04OSBP-LJ01C-07-VEL3DC107,6,True,2020-02-17T00:00:00Z,2020-02-17T23:59:59Z,691201,691201,0,0.125,0.124879837,0.124999906,0.001225342,0,0,15,15,1e-06,2.142171,5.876545,4.198666e-09,0.01713738,0.04701239,False,0.025117,False
2020-02-18,CE04OSBP-LJ01C-07-VEL3DC107,6,True,2020-02-18T00:00:00Z,2020-02-18T23:59:59Z,691200,691200,0,0.125,0.124879837,0.12499991,-0.000270747,0,0,1,1,0.0,2.316225,28.41665,3.945919e-09,0.01852981,0.2273334,False,0.19773,False
2020-02-19,CE04OSBP-LJ01C-07-VEL3DC107,6,True,2020-02-19T00:00:00Z,2020-02-19T23:59:59Z,691201,691201,0,0.125,0.124879837,0.124999928,-0.001220623,0,0,10,10,2e-06,1.574433,7.683289,1.249078e-08,0.01259547,0.06146635,False,0.037962,False
2020-02-20,CE04OSBP-LJ01C-07-VEL3DC107,6,True,2020-02-20T00:00:00Z,2020-02-20T23:59:59Z,685304,691206,5902,0.125,0.124879837,0.124998316,0.130113418,1,5902,1,5902,-1e-06,188.158996,395.248944,-4.928276e-09,1.505292,3.162034,True,0.349537,True
2020-02-21,CE04OSBP-LJ01C-07-VEL3DC107,6,True,2020-02-21T00:00:00Z,2020-02-21T23:59:59Z,691201,691201,0,0.125,0.124879837,0.124999915,0.001037376,0,0,4,4,0.0,1.744508,6.58846,1.235238e-10,0.01395607,0.05270772,False,0.029107,False
2020-02-22,CE04OSBP-LJ01C-07-VEL3DC107,6,True,2020-02-22T00:00:00Z,2020-02-22T23:59:59Z,691200,691200,0,0.125,0.124879837,0.124999903,-0.002569992,0,0,0,0,5e-06,1.367285,4.097123,3.710087e-08,0.01093829,0.03277701,False,0.027954,False
2020-02-23,CE04OSBP-LJ01C-07-VEL3DC107,6,True,2020-02-23T00:00:00Z,2020-02-23T23:59:59Z,691201,691201,0,0.125,0.124879837,0.124999911,0.00134983,0,0,6,6,0.0,1.202248,3.36933,3.599483e-09,0.00961799,0.02695466,False,0.028962,False
2020-02-24,CE04OSBP-LJ01C-07-VEL3DC107,6,True,2020-02-24T00:00:00Z,2020-02-24T23:59:59Z,691200,691200,0,0.125,0.124879837,0.124999912,-0.000739785,0,0,0,0,5e-06,1.194344,3.443267,3.649353e-08,0.00955476,0.02754615,False,0.024785,False
2020-02-25,CE04OSBP-LJ01C-07-VEL3DC107,6,True,2020-02-25T00:00:00Z,2020-02-25T23:59:59Z,691201,691201,0,0.125,0.124879837,0.124999926,-0.00126895,0,0,12,12,-1e-06,2.001032,6.132033,-6.654064e-09,0.01600827,0.04905629,False,0.025113,False
2020-02-26,CE04OSBP-LJ01C-07-VEL3DC107,6,True,2020-02-26T00:00:00Z,2020-02-26T23:59:59Z,691200,691200,0,0.125,0.124879837,0.124999952,-0.004008586,0,0,0,0,5e-06,1.53278,5.037354,3.766679e-08,0.01226225,0.04029885,False,0.024777,False
2020-02-27,CE04OSBP-LJ01C-07-VEL3DC107,6,True,2020-02-27T00:00:00Z,2020-02-27T23:59:59Z,691200,691200,0,0.125,0.124879837,0.124999949,0.00058132,0,0,0,0,5e-06,1.067536,2.845383,3.731739e-08,0.00854029,0.02276307,False,0.025457,False
2020-02-28,CE04OSBP-LJ01C-07-VEL3DC107,6,True,2020-02-28T00:00:00Z,2020-02-28T23:59:59Z,691200,691200,0,0.125,0.124879837,0.124999953,-0.00309777,0,0,0,0,5e-06,1.347885,4.155238,3.672392e-08,0.01078308,0.03324191,False,0.024819,False
2020-02-29,CE04OSBP-LJ01C-07-VEL3DC107,6,True,2020-02-29T00:00:00Z,2020-02-29T23:59:59Z,687390,691205,3815,0.125,0.124879837,0.124999384,0.118498885,7,3815,7,3820,0.0,140.159822,287.54886,2.757766e-10,1.121284,2.300402,True,0.413304,True
2020-03-01,CE04OSBP-LJ01C-07-VEL3DC107,6,True,2020-03-01T00:00:00Z,2020-03-01T23:59:59Z,691200,691200,0,0.125,0.124879837,0.124999943,-0.000397486,0,0,0,0,5e-06,1.470515,3.679177,3.742465e-08,0.01176412,0.02943343,False,0.029039,False
2020-03-02,CE04OSBP-LJ01C-07-VEL3DC107,6,True,2020-03-02T00:00:00Z,2020-03-02T23:59:59Z,691200,691200,0,0.125,0.124879837,0.124999942,-0.000213344,0,0,0,0,5e-06,1.123289,2.968431,3.678455e-08,0.008986317,0.02374746,False,0.02766,False
2020-03-03,CE04OSBP-LJ01C-07-VEL3DC107,6,True,2020-03-03T00:00:00Z,2020-03-03T23:59:59Z,691201,691201,0,0.125,0.124879837,0.124999947,-0.003313791,0,0,14,14,0.0,1.48291,3.616103,2.617827e-09,0.01186328,0.02892884,False,0.028428,False
2020-03-04,CE04OSBP-LJ01C-07-VEL3DC107,6,True,2020-03-04T00:00:00Z,2020-03-04T23:59:59Z,691200,691200,0,0.125,0.124879837,0.124999957,0.00312571,0,0,0,0,5e-06,1.424164,4.104492,3.656749e-08,0.01139332,0.03283595,False,0.02763,False
2020-03-05,CE04OSBP-LJ01C-07-VEL3DC107,6,True,2020-03-05T00:00:00Z,2020-03-05T23:59:59Z,691200,691200,0,0.125,0.124879837,0.124999956,0.001533557,0,0,0,0,5e-06,1.042164,3.817457,3.678853e-08,0.008337314,0.03053967,False,0.028993,False
2020-03-06,CE04OSBP-LJ01C-07-VEL3DC107,6,True,2020-03-06T00:00:00Z,2020-03-06T23:59:59Z,691200,691200,0,0.125,0.124879837,0.124999955,-0.001554602,0,0,0,0,5e-06,1.471417,10.553559,3.826037e-08,0.01177134,0.0844285,False,0.077356,False
2020-03-07,CE04OSBP-LJ01C-07-VEL3DC107,6,True,2020-03-07T00:00:00Z,2020-03-07T23:59:59Z,691201,691201,0,0.125,0.124879837,0.12499996,-0.000321711,0,0,27,27,1e-06,1.379941,3.720043,1.155575e-08,0.01103953,0.02976035,False,0.024777,False
2020-03-08,CE04OSBP-LJ01C-07-VEL3DC107,6,True,2020-03-08T00:00:00Z,2020-03-08T23:59:59Z,691200,691200,0,0.125,0.124879837,0.124999944,-0.001440507,0,0,0,0,5e-06,1.505022,3.575957,3.774362e-08,0.01204018,0.02860767,False,0.028374,False
2020-03-09,CE04OSBP-LJ01C-07-VEL3DC107,6,True,2020-03-09T00:00:00Z,2020-03-09T23:59:59Z,691200,691200,0,0.125,0.124879837,0.124999933,-0.000955942,0,0,0,0,5e-06,2.28733,5.643572,3.854032e-08,0.01829865,0.0451486,False,0.024808,False
2020-03-10,CE04OSBP-LJ01C-07-VEL3DC107,6,True,2020-03-10T00:00:00Z,2020-03-10T23:59:59Z,691201,691201,0,0.125,0.124879837,0.124999934,-0.003853187,0,0,12,12,-1e-06,1.57252,4.945702,-5.576992e-09,0.01258016,0.03956564,False,0.024785,False
2020-03-11,CE04OSBP-LJ01C-07-VEL3DC107,6,True,2020-03-11T00:00:00Z,2020-03-11T23:59:59Z,691200,691200,0,0.125,0.124879837,0.124999938,-0.002400944,0,0,0,0,5e-06,1.936874,5.757238,3.639172e-08,0.015495,0.04605792,False,0.0248,False
2020-03-12,CE04OSBP-LJ01C-07-VEL3DC107,6,True,2020-03-12T00:00:00Z,2020-03-12T23:59:59Z,691200,691200,0,0.125,0.124879837,0.124999938,-0.003262253,0,0,0,0,5e-06,1.145982,3.999514,3.681037e-08,0.009167862,0.03199613,False,0.027584,False
2020-03-13,CE04OSBP-LJ01C-07-VEL3DC107,6,True,2020-03-13T00:00:00Z,2020-03-13T23:59:59Z,691201,691201,0,0.125,0.124879837,0.124999948,0.001251042,0,0,16,16,-1e-06,1.083317,3.161519,-5.103916e-09,0.008666537,0.02529216,False,0.027233,False
2020-03-14,CE04OSBP-LJ01C-07-VEL3DC107,6,True,2020-03-14T00:00:00Z,2020-03-14T23:59:59Z,685143,691206,6063,0.125,0.124879837,0.124999641,-0.603228732,1,6063,1,6063,-1e-06,151.382986,615.05416,-7.214732e-09,1.211067,4.920447,True,0.192469,True
2020-03-15,CE04OSBP-LJ01C-07-VEL3DC107,6,True,2020-03-15T00:00:00Z,2020-03-15T23:59:59Z,691200,691200,0,0.125,0.124879837,0.124999942,0.002115992,0,0,0,0,5e-06,1.234533,3.723706,3.663638e-08,0.00987627,0.02978966,False,0.024945,False
2020-03-16,CE04OSBP-LJ01C-07-VEL3DC107,6,True,2020-03-16T00:00:00Z,2020-03-16T23:59:59Z,691201,691201,0,0.125,0.124879837,0.12499992,-0.001324502,0,0,12,12,0.0,2.63711,8.353008,1.118491e-09,0.02109689,0.0668241,False,0.05004,False
2020-03-17,CE04OSBP-LJ01C-07-VEL3DC107,6,True,2020-03-17T00:00:00Z,2020-03-17T23:59:59Z,691200,691200,0,0.125,0.124879837,0.124999897,0.003744182,0,0,0,0,5e-06,7.537082,20.463904,3.7968e-08,0.0602967,0.1637114,False,0.079216,False
2020-03-18,CE04OSBP-LJ01C-07-VEL3DC107,6,True,2020-03-18T00:00:00Z,2020-03-18T23:59:59Z,691201,691201,0,0.125,0.124879837,0.124999934,0.00343335,0,0,9,9,-7e-06,2.054459,5.60334,-5.660596e-08,0.01643568,0.04482675,False,0.024953,False
2020-03-19,CE04OSBP-LJ01C-07-VEL3DC107,6,True,2020-03-19T00:00:00Z,2020-03-19T23:59:59Z,691200,691200,0,0.125,0.124879837,0.124999916,-0.000705626,0,0,0,0,5e-06,1.763098,5.160384,3.739594e-08,0.01410479,0.0412831,False,0.040834,False
2020-03-20,CE04OSBP-LJ01C-07-VEL3DC107,6,True,2020-03-20T00:00:00Z,2020-03-20T23:59:59Z,691200,691200,0,0.125,0.124879837,0.124999921,0.003381113,0,0,0,0,5e-06,1.456317,4.626477,3.677718e-08,0.01165054,0.03701184,False,0.024819,False
2020-03-21,CE04OSBP-LJ01C-07-VEL3DC107,6,True,2020-03-21T00:00:00Z,2020-03-21T23:59:59Z,691201,691201,0,0.125,0.124879837,0.124999923,-0.000355244,0,0,12,12,1e-06,1.231597,3.287264,6.276267e-09,0.00985278,0.02629813,False,0.02661,False
2020-03-22,CE04OSBP-LJ01C-07-VEL3DC107,6,True,2020-03-22T00:00:00Z,2020-03-22T23:59:59Z,691200,691200,0,0.125,0.124879837,0.124999941,0.000866859,0,0,0,0,5e-06,2.33183,6.241907,3.614679e-08,0.01865465,0.04993528,False,0.049688,False
2020-03-23,CE04OSBP-LJ01C-07-VEL3DC107,6,True,2020-03-23T00:00:00Z,2020-03-23T23:59:59Z,691200,691200,0,0.125,0.124879837,0.124999942,-0.002004621,0,0,0,0,5e-06,1.133177,3.645761,3.69009e-08,0.00906542,0.0291661,False,0.029149,False
2020-03-24,CE04OSBP-LJ01C-07-VEL3DC107,6,True,2020-03-24T00:00:00Z,2020-03-24T23:59:59Z,691201,691201,0,0.125,0.124879837,0.124999946,0.000912239,0,0,9,9,1e-06,1.20263,3.247884,8.515652e-09,0.009621048,0.02598309,False,0.024922,False
2020-03-25,CE04OSBP-LJ01C-07-VEL3DC107,6,True,2020-03-25T00:00:00Z,2020-03-25T23:59:59Z,691200,691200,0,0.125,0.124879837,0.124999948,-0.001369345,0,0,0,0,5e-06,1.10209,3.906863,3.785332e-08,0.008816727,0.03125492,False,0.026099,False
2020-03-26,CE04OSBP-LJ01C-07-VEL3DC107,6,True,2020-03-26T00:00:00Z,2020-03-26T23:59:59Z,691200,691200,0,0.125,0.124879837,0.12499995,-0.000179077,0,0,0,0,5e-06,1.270894,4.43154,3.689004e-08,0.01016715,0.03545234,False,0.024785,False
2020-03-27,CE04OSBP-LJ01C-07-VEL3DC107,6,True,2020-03-27T00:00:00Z,2020-03-27T23:59:59Z,691201,691201,0,0.125,0.124879837,0.124999953,-0.002639079,0,0,18,18,-1e-06,1.546264,5.58796,-5.362656e-09,0.01237012,0.0447037,False,0.045351,False
2020-03-28,CE04OSBP-LJ01C-07-VEL3DC107,6,True,2020-03-28T00:00:00Z,2020-03-28T23:59:59Z,683540,691207,7667,0.125,0.124879837,0.124998082,0.259236008,1,7667,1,7667,-1e-06,218.344633,457.249865,-6.985812e-09,1.746784,3.658055,True,0.36533,True
2020-03-29,CE04OSBP-LJ01C-07-VEL3DC107,6,True,2020-03-29T00:00:00Z,2020-03-29T23:59:59Z,691200,691200,0,0.125,0.124879837,0.124999969,-0.006113242,0,0,0,0,4e-06,2.309287,6.486647,3.599445e-08,0.0184743,0.05189319,False,0.048237,False
2020-03-30,CE04OSBP-LJ01C-07-VEL3DC107,6,True,2020-03-30T00:00:00Z,2020-03-30T23:59:59Z,691200,691200,0,0.125,0.124879837,0.124999959,-0.004324692,0,0,0,0,5e-06,3.994295,10.003239,3.719847e-08,0.03195437,0.08002594,False,0.024793,False
2020-03-31,CE04OSBP-LJ01C-07-VEL3DC107,6,True,2020-03-31T00:00:00Z,2020-03-31T23:59:59Z,691201,691201,0,0.125,0.124879837,0.124999958,-0.001135478,0,0,38,38,-0.0,1.804655,9.428906,-3.219045e-09,0.01443724,0.07543127,False,0.074901,False
2020-04-01,CE04OSBP-LJ01C-07-VEL3DC107,6,True,2020-04-01T00:00:00Z,2020-04-01T23:59:59Z,691200,691200,0,0.125,0.124879837,0.124999958,-0.001026636,0,0,0,0,5e-06,1.614919,4.227041,3.764202e-08,0.01291936,0.03381634,False,0.025217,False
2020-04-02,CE04OSBP-LJ01C-07-VEL3DC107,6,True,2020-04-02T00:00:00Z,2020-04-02T23:59:59Z,691200,691200,0,0.125,0.124879837,0.124999951,0.005099166,0,0,0,0,5e-06,1.953114,7.493203,3.819272e-08,0.01562492,0.05994565,False,0.042915,False
2020-04-03,CE04OSBP-LJ01C-07-VEL3DC107,6,True,2020-04-03T00:00:00Z,2020-04-03T23:59:59Z,691200,691200,0,0.125,0.124879837,0.124999964,0.006634592,0,0,0,0,5e-06,1.177345,8.147076,3.672118e-08,0.009418762,0.06517663,False,0.053885,False
2020-04-04,CE04OSBP-LJ01C-07-VEL3DC107,6,True,2020-04-04T00:00:00Z,2020-04-04T23:59:59Z,691200,691200,0,0.125,0.124879837,0.124999974,-0.00093649,0,0,1,1,1e-06,1.841679,25.100739,1.064657e-08,0.01473344,0.200806,False,0.197654,False
2020-04-05,CE04OSBP-LJ01C-07-VEL3DC107,6,True,2020-04-05T00:00:00Z,2020-04-05T23:59:59Z,691201,691201,0,0.125,0.124879837,0.124999981,-0.008471438,0,0,41,41,-1e-06,4.7713,10.070131,-5.761785e-09,0.03817041,0.08056106,False,0.028317,False
2020-04-06,CE04OSBP-LJ01C-07-VEL3DC107,6,True,2020-04-06T00:00:00Z,2020-04-06T23:59:59Z,691200,691200,0,0.125,0.124879837,0.124999972,-0.004626627,0,0,13,13,-3e-06,2.508814,7.750783,-2.203144e-08,0.02007051,0.06200628,False,0.024907,False
2020-04-07,CE04OSBP-LJ01C-07-VEL3DC107,6,True,2020-04-07T00:00:00Z,2020-04-07T23:59:59Z,691200,691200,0,0.125,0.124879837,0.124999974,-0.00158157,0,0,0,0,5e-06,1.078553,2.721161,3.687066e-08,0.008628425,0.0217693,False,0.027702,False
2020-04-08,CE04OSBP-LJ01C-07-VEL3DC107,6,True,2020-04-08T00:00:00Z,2020-04-08T23:59:59Z,691200,691200,0,0.125,0.124879837,0.124999974,0.000143793,0,0,0,0,5e-06,1.107172,5.692651,3.749288e-08,0.008857378,0.04554122,False,0.036347,False
2020-04-09,CE04OSBP-LJ01C-07-VEL3DC107,6,True,2020-04-09T00:00:00Z,2020-04-09T23:59:59Z,691200,691200,0,0.125,0.124879837,0.124999978,-0.000735794,0,0,0,0,5e-06,1.238431,3.236442,3.71788e-08,0.009907453,0.02589154,False,0.028283,False
2020-04-10,CE04OSBP-LJ01C-07-VEL3DC107,6,True,2020-04-10T00:00:00Z,2020-04-10T23:59:59Z,691200,691200,0,0.125,0.124879837,0.124999979,-0.0001889,0,0,0,0,5e-06,1.059381,3.063614,3.773429e-08,0.00847505,0.02450891,False,0.024785,False
2020-04-11,CE04OSBP-LJ01C-07-VEL3DC107,6,True,2020-04-11T00:00:00Z,2020-04-11T23:59:59Z,691200,691200,0,0.125,0.124879837,0.124999965,-0.001475698,0,0,0,0,5e-06,1.100432,3.802696,3.695324e-08,0.008803457,0.03042158,False,0.028905,False
2020-04-12,CE04OSBP-LJ01C-07-VEL3DC107,6,True,2020-04-12T00:00:00Z,2020-04-12T23:59:59Z,691201,691201,0,0.125,0.124879837,0.124999953,0.002418134,0,0,12,12,-2e-06,1.209544,3.635018,-1.326195e-08,0.009676359,0.02908015,False,0.029142,False
2020-04-13,CE04OSBP-LJ01C-07-VEL3DC107,6,True,2020-04-13T00:00:00Z,2020-04-13T23:59:59Z,691191,691200,9,0.125,0.124879837,0.124999965,-0.00396991,9,9,9,9,0.0,1.507055,4.081965,7.889963e-10,0.01205644,0.03265573,False,0.024785,True
2020-04-14,CE04OSBP-LJ01C-07-VEL3DC107,6,True,2020-04-14T00:00:00Z,2020-04-14T23:59:59Z,691200,691200,0,0.125,0.124879837,0.124999965,-0.000585034,0,0,0,0,5e-06,1.049199,2.768534,3.817461e-08,0.008393595,0.02214828,False,0.027821,False
2020-04-15,CE04OSBP-LJ01C-07-VEL3DC107,6,True,2020-04-15T00:00:00Z,2020-04-15T23:59:59Z,691200,691200,0,0.125,0.124879837,0.124999959,-0.002040309,0,0,0,0,5e-06,2.016376,5.446131,3.673167e-08,0.01613101,0.04356907,False,0.027687,False
2020-04-16,CE04OSBP-LJ01C-07-VEL3DC107,6,True,2020-04-16T00:00:00Z,2020-04-16T23:59:59Z,691201,691201,0,0.125,0.124879837,0.124999951,-0.001407711,0,0,14,14,-1e-06,1.338952,3.440685,-9.022435e-09,0.01071162,0.02752549,False,0.02553,False
2020-04-17,CE04OSBP-LJ01C-07-VEL3DC107,6,True,2020-04-17T00:00:00Z,2020-04-17T23:59:59Z,691200,691200,0,0.125,0.124879837,0.124999942,0.001664027,0,0,0,0,5e-06,1.14506,5.103489,3.75197e-08,0.009160483,0.04082793,False,0.030906,False
2020-04-18,CE04OSBP-LJ01C-07-VEL3DC107,6,True,2020-04-18T00:00:00Z,2020-04-18T23:59:59Z,691200,691200,0,0.125,0.124879837,0.124999945,0.000788603,0,0,0,0,5e-06,1.099992,2.944433,3.634676e-08,0.008799938,0.02355548,False,0.025847,False
2020-04-19,CE04OSBP-LJ01C-07-VEL3DC107,6,True,2020-04-19T00:00:00Z,2020-04-19T23:59:59Z,691200,691200,0,0.125,0.124879837,0.124999942,0.001565511,0,0,14,14,-1.5e-05,1.224799,3.743002,-1.226293e-07,0.009798399,0.02994403,False,0.026106,False
2020-04-20,CE04OSBP-LJ01C-07-VEL3DC107,6,True,2020-04-20T00:00:00Z,2020-04-20T23:59:59Z,691201,691201,0,0.125,0.124879837,0.124999927,-0.000528939,0,0,10,10,-2e-06,1.505326,3.772197,-1.474405e-08,0.01204261,0.03017759,False,0.025988,False
2020-04-21,CE04OSBP-LJ01C-07-VEL3DC107,6,True,2020-04-21T00:00:00Z,2020-04-21T23:59:59Z,691200,691200,0,0.125,0.124879837,0.124999939,-0.000423583,0,0,0,0,5e-06,1.109511,3.240012,3.765385e-08,0.008876089,0.02592011,False,0.025029,False
2020-04-22,CE04OSBP-LJ01C-07-VEL3DC107,6,True,2020-04-22T00:00:00Z,2020-04-22T23:59:59Z,691201,691201,0,0.125,0.124879837,0.124999935,-0.000923902,0,0,15,15,2e-06,1.140643,3.43058,1.485188e-08,0.009125148,0.02744466,False,0.028317,False
2020-04-23,CE04OSBP-LJ01C-07-VEL3DC107,6,True,2020-04-23T00:00:00Z,2020-04-23T23:59:59Z,691200,691200,0,0.125,0.124879837,0.124999937,0.002021782,0,0,0,0,5e-06,1.28672,3.822091,3.747154e-08,0.01029377,0.03057674,False,0.024777,False
2020-04-24,CE04OSBP-LJ01C-07-VEL3DC107,6,True,2020-04-24T00:00:00Z,2020-04-24T23:59:59Z,691200,691200,0,0.125,0.124879837,0.124999932,-0.001318724,0,0,0,0,5e-06,1.061699,3.038143,3.739881e-08,0.008493599,0.02430516,False,0.027905,False
2020-04-25,CE04OSBP-LJ01C-07-VEL3DC107,6,True,2020-04-25T00:00:00Z,2020-04-25T23:59:59Z,691201,691201,0,0.125,0.124879837,0.124999938,0.001949025,0,0,4,4,1e-06,2.035189,5.167618,9.519467e-09,0.01628152,0.04134097,False,0.025385,False
2020-04-26,CE04OSBP-LJ01C-07-VEL3DC107,6,True,2020-04-26T00:00:00Z,2020-04-26T23:59:59Z,691200,691200,0,0.125,0.124879837,0.124999956,-0.003275906,0,0,0,0,5e-06,2.040346,5.933247,3.764669e-08,0.01632277,0.04746599,False,0.039894,False
2020-04-27,CE04OSBP-LJ01C-07-VEL3DC107,6,True,2020-04-27T00:00:00Z,2020-04-27T23:59:59Z,691200,691200,0,0.125,0.124879837,0.124999943,-0.000179451,0,0,0,0,5e-06,1.295243,3.855831,3.675613e-08,0.01036195,0.03084666,False,0.024793,False
2020-04-28,CE04OSBP-LJ01C-07-VEL3DC107,6,True,2020-04-28T00:00:00Z,2020-04-28T23:59:59Z,691200,691200,0,0.125,0.124879837,0.124999965,-1.4298e-05,0,0,0,0,5e-06,1.113053,3.131096,3.795951e-08,0.00890443,0.02504877,False,0.029123,False
2020-04-29,CE04OSBP-LJ01C-07-VEL3DC107,6,True,2020-04-29T00:00:00Z,2020-04-29T23:59:59Z,691201,691201,0,0.125,0.124879837,0.124999964,-0.001890211,0,0,29,29,-1e-06,1.248435,3.604617,-1.137112e-08,0.009987487,0.02883694,False,0.025182,False
2020-04-30,CE04OSBP-LJ01C-07-VEL3DC107,6,True,2020-04-30T00:00:00Z,2020-04-30T23:59:59Z,691200,691200,0,0.125,0.124879837,0.124999967,-0.002767116,0,0,0,0,5e-06,4.127228,9.171021,3.770105e-08,0.03301783,0.07336819,False,0.024892,False
2020-05-01,CE04OSBP-LJ01C-07-VEL3DC107,6,True,2020-05-01T00:00:00Z,2020-05-01T23:59:59Z,691200,691200,0,0.125,0.124879837,0.124999959,-0.006878946,0,0,0,0,5e-06,4.083576,9.432205,3.701428e-08,0.03266862,0.07545767,False,0.02787,False
2020-05-02,CE04OSBP-LJ01C-07-VEL3DC107,6,True,2020-05-02T00:00:00Z,2020-05-02T23:59:59Z,691200,691200,0,0.125,0.124879837,0.124999992,0.002434222,0,0,0,0,5e-06,7.520709,17.514403,3.679654e-08,0.06016568,0.1401152,False,0.035492,False
2020-05-03,CE04OSBP-LJ01C-07-VEL3DC107,6,True,2020-05-03T00:00:00Z,2020-05-03T23:59:59Z,691200,691200,0,0.125,0.124879837,0.124999984,-0.008056451,0,0,0,0,5e-06,2.877217,9.032942,3.727503e-08,0.02301774,0.07226354,False,0.042747,False
2020-05-04,CE04OSBP-LJ01C-07-VEL3DC107,6,True,2020-05-04T00:00:00Z,2020-05-04T23:59:59Z,666813,691223,24410,0.125,0.124879837,0.124997142,0.544705178,72,24410,72,24443,1e-06,464.735011,1417.100891,8.418425e-09,3.717965,11.33707,True,0.306054,True
2020-05-05,CE04OSBP-LJ01C-07-VEL3DC107,6,True,2020-05-05T00:00:00Z,2020-05-05T23:59:59Z,677884,691214,13330,0.125,0.124879837,0.124998876,0.220820889,8,13330,8,13330,-0.0,260.724125,1223.371233,-3.437126e-09,2.085812,9.787058,True,0.449025,True
2020-05-06,CE04OSBP-LJ01C-07-VEL3DC107,6,True,2020-05-06T00:00:00Z,2020-05-06T23:59:59Z,690516,691200,684,0.125,0.124879837,0.124999975,-0.001404857,10,684,10,684,0.0,2.163393,6.13192,1.098579e-09,0.01730715,0.04905537,False,0.127167,True
2020-05-07,CE04OSBP-LJ01C-07-VEL3DC107,6,True,2020-05-07T00:00:00Z,2020-05-07T23:59:59Z,691200,691200,0,0.125,0.124879837,0.124999965,-0.003216578,0,0,0,0,5e-06,1.388478,4.230525,3.673283e-08,0.01110783,0.03384421,False,0.027729,False
2020-05-08,CE04OSBP-LJ01C-07-VEL3DC107,6,True,2020-05-08T00:00:00Z,2020-05-08T23:59:59Z,691200,691200,0,0.125,0.124879837,0.124999971,-0.00254652,0,0,0,0,5e-06,1.25242,4.753763,3.751483e-08,0.01001936,0.03803012,False,0.027706,False
2020-05-09,CE04OSBP-LJ01C-07-VEL3DC107,6,True,2020-05-09T00:00:00Z,2020-05-09T05:15:49Z,151593,151593,0,0.125,0.124879837,0.124999958,-0.00160835,0,0,1,1,-0.0,1.014199,24.057949,-6.334786e-10,0.008113592,0.1924637,False,0.197784,False
2020-05-10,CE04OSBP-LJ01C-07-VEL3DC107,6,False,,,0,0,,0.125,,,,,,,,,,,,,,,,False
2020-05-11,CE04OSBP-LJ01C-07-VEL3DC107,6,False,,,0,0,,0.125,,,,,,,,,,,,,,,,False
2020-05-12,CE04OSBP-LJ01C-07-VEL3DC107,6,False,,,0,0,,0.125,,,,,,,,,,,,,,,,False
2020-05-13,CE04OSBP-LJ01C-07-VEL3DC107,6,False,,,0,0,,0.125,,,,,,,,,,,,,,,,False
2020-05-14,CE04OSBP-LJ01C-07-VEL3DC107,6,False,,,0,0,,0.125,,,,,,,,,,,,,,,,False
2020-05-15,CE04OSBP-LJ01C-07-VEL3DC107,6,False,,,0,0,,0.125,,,,,,,,,,,,,,,,False
2020-05-16,CE04OSBP-LJ01C-07-VEL3DC107,6,False,,,0,0,,0.125,,,,,,,,,,,,,,,,False
2020-05-17,CE04OSBP-LJ01C-07-VEL3DC107,6,False,,,0,0,,0.125,,,,,,,,,,,,,,,,False
2020-05-18,CE04OSBP-LJ01C-07-VEL3DC107,6,False,,,0,0,,0.125,,,,,,,,,,,,,,,,False
2020-05-19,CE04OSBP-LJ01C-07-VEL3DC107,6,False,,,0,0,,0.125,,,,,,,,,,,,,,,,False
2020-05-20,CE04OSBP-LJ01C-07-VEL3DC107,6,False,,,0,0,,0.125,,,,,,,,,,,,,,,,False
2020-05-21,CE04OSBP-LJ01C-07-VEL3DC107,6,False,,,0,0,,0.125,,,,,,,,,,,,,,,,False
2020-05-22,CE04OSBP-LJ01C-07-VEL3DC107,6,False,,,0,0,,0.125,,,,,,,,,,,,,,,,False
2020-05-23,CE04OSBP-LJ01C-07-VEL3DC107,6,False,,,0,0,,0.125,,,,,,,,,,,,,,,,False
2020-05-24,CE04OSBP-LJ01C-07-VEL3DC107,6,False,,,0,0,,0.125,,,,,,,,,,,,,,,,False
2020-05-25,CE04OSBP-LJ01C-07-VEL3DC107,6,False,,,0,0,,0.125,,,,,,,,,,,,,,,,False
2020-05-26,CE04OSBP-LJ01C-07-VEL3DC107,6,False,,,0,0,,0.125,,,,,,,,,,,,,,,,False
2020-05-27,CE04OSBP-LJ01C-07-VEL3DC107,6,False,,,0,0,,0.125,,,,,,,,,,,,,,,,False
2020-05-28,CE04OSBP-LJ01C-07-VEL3DC107,6,False,,,0,0,,0.125,,,,,,,,,,,,,,,,False
2020-05-29,CE04OSBP-LJ01C-07-VEL3DC107,6,False,,,0,0,,0.125,,,,,,,,,,,,,,,,False
2020-05-30,CE04OSBP-LJ01C-07-VEL3DC107,6,False,,,0,0,,0.125,,,,,,,,,,,,,,,,False
2020-05-31,CE04OSBP-LJ01C-07-VEL3DC107,6,False,,,0,0,,0.125,,,,,,,,,,,,,,,,False
2020-06-01,CE04OSBP-LJ01C-07-VEL3DC107,6,True,2020-06-01T19:04:59Z,2020-06-01T23:59:59Z,141601,141601,0,0.125,0.124879837,0.124999966,0.003516085,0,0,0,0,0.0,1.130951,4.020745,1.049954e-09,0.009047613,0.03216597,False,0.026419,False
2020-06-02,CE04OSBP-LJ01C-07-VEL3DC107,6,True,2020-06-02T00:00:00Z,2020-06-02T23:59:59Z,691200,691200,0,0.125,0.124879837,0.124999946,0.001110429,0,0,0,0,5e-06,1.848405,9.03405,3.680957e-08,0.01478725,0.07227243,False,0.084,False
2020-06-03,CE04OSBP-LJ01C-07-VEL3DC107,6,True,2020-06-03T00:00:00Z,2020-06-03T23:59:59Z,691200,691200,0,0.125,0.124879837,0.124999945,0.000670298,0,0,1,1,1e-06,1.416177,25.929129,4.490199e-09,0.01132942,0.2074331,False,0.197719,False
2020-06-04,CE04OSBP-LJ01C-07-VEL3DC107,6,True,2020-06-04T00:00:00Z,2020-06-04T23:59:59Z,691201,691201,0,0.125,0.124879837,0.124999949,0.000511836,0,0,32,32,-1e-06,1.288889,3.141499,-6.54688e-09,0.01031112,0.025132,False,0.028588,False
2020-06-05,CE04OSBP-LJ01C-07-VEL3DC107,6,True,2020-06-05T00:00:00Z,2020-06-05T23:59:59Z,691200,691200,0,0.125,0.124879837,0.124999946,0.000796768,0,0,0,0,5e-06,1.578047,4.254736,3.679995e-08,0.01262438,0.0340379,False,0.02766,False
2020-06-06,CE04OSBP-LJ01C-07-VEL3DC107,6,True,2020-06-06T00:00:00Z,2020-06-06T23:59:59Z,691200,691200,0,0.125,0.124879837,0.124999947,0.00172014,0,0,0,0,5e-06,1.286781,3.380995,3.716116e-08,0.01029425,0.02704798,False,0.024785,False
2020-06-07,CE04OSBP-LJ01C-07-VEL3DC107,6,True,2020-06-07T00:00:00Z,2020-06-07T23:59:59Z,691201,691201,0,0.125,0.124879837,0.124999945,-0.001166132,0,0,10,10,-1e-06,1.443588,3.957819,-4.609565e-09,0.01154871,0.03166257,False,0.025915,False
2020-06-08,CE04OSBP-LJ01C-07-VEL3DC107,6,True,2020-06-08T00:00:00Z,2020-06-08T23:59:59Z,686949,691204,4255,0.125,0.124879837,0.124999195,0.148045759,1,4255,1,4255,1e-06,143.315589,252.381233,4.344974e-09,1.146532,2.019063,True,0.093088,True
2020-06-09,CE04OSBP-LJ01C-07-VEL3DC107,6,True,2020-06-09T00:00:00Z,2020-06-09T23:59:59Z,691198,691200,2,0.125,0.124879837,0.124999925,-0.002805442,2,2,2,2,-0.0,1.217266,3.371886,-3.647245e-09,0.009738135,0.02697511,False,0.030406,True
2020-06-10,CE04OSBP-LJ01C-07-VEL3DC107,6,True,2020-06-10T00:00:00Z,2020-06-10T23:59:59Z,691201,691201,0,0.125,0.124879837,0.124999925,0.000184393,0,0,10,10,0.0,1.221245,6.974303,2.334881e-09,0.009769965,0.05579446,False,0.051479,False
2020-06-11,CE04OSBP-LJ01C-07-VEL3DC107,6,True,2020-06-11T00:00:00Z,2020-06-11T23:59:59Z,691200,691200,0,0.125,0.124879837,0.124999923,-0.002878501,0,0,0,0,5e-06,1.30633,3.487844,3.636533e-08,0.01045064,0.02790277,False,0.034106,False
2020-06-12,CE04OSBP-LJ01C-07-VEL3DC107,6,True,2020-06-12T00:00:00Z,2020-06-12T23:59:59Z,691201,691201,0,0.125,0.124879837,0.124999933,-0.001540291,0,0,9,9,-1e-06,1.589529,4.298672,-1.057699e-08,0.01271624,0.0343894,False,0.027893,False
2020-06-13,CE04OSBP-LJ01C-07-VEL3DC107,6,True,2020-06-13T00:00:00Z,2020-06-13T23:59:59Z,691200,691200,0,0.125,0.124879837,0.12499995,0.001948702,0,0,1,1,-0.0,2.006078,26.718835,-2.771313e-10,0.01604863,0.2137508,False,0.199666,False
2020-06-14,CE04OSBP-LJ01C-07-VEL3DC107,6,True,2020-06-14T00:00:00Z,2020-06-14T23:59:59Z,691200,691200,0,0.125,0.124879837,0.124999953,0.00129063,0,0,0,0,5e-06,1.091751,2.77576,3.699769e-08,0.008734014,0.02220609,False,0.027076,False
2020-06-15,CE04OSBP-LJ01C-07-VEL3DC107,6,True,2020-06-15T00:00:00Z,2020-06-15T23:59:59Z,691200,691200,0,0.125,0.124879837,0.124999951,0.001366882,0,0,0,0,5e-06,1.052267,3.505065,3.719414e-08,0.008418136,0.02804053,False,0.028118,False
2020-06-16,CE04OSBP-LJ01C-07-VEL3DC107,6,True,2020-06-16T00:00:00Z,2020-06-16T23:59:59Z,691201,691201,0,0.125,0.124879837,0.124999953,-0.002113498,0,0,16,16,-1e-06,2.126368,5.342544,-1.049125e-08,0.01701095,0.04274037,False,0.031738,False
2020-06-17,CE04OSBP-LJ01C-07-VEL3DC107,6,True,2020-06-17T00:00:00Z,2020-06-17T23:59:59Z,691200,691200,0,0.125,0.124879837,0.124999949,-0.000468295,0,0,0,0,5e-06,1.261017,5.482668,3.681866e-08,0.01008814,0.04386136,False,0.031318,False
2020-06-18,CE04OSBP-LJ01C-07-VEL3DC107,6,True,2020-06-18T00:00:00Z,2020-06-18T23:59:59Z,691200,691200,0,0.125,0.124879837,0.124999955,-0.000884249,0,0,0,0,5e-06,1.53902,4.323479,3.721937e-08,0.01231216,0.03458784,False,0.026614,False
2020-06-19,CE04OSBP-LJ01C-07-VEL3DC107,6,True,2020-06-19T00:00:00Z,2020-06-19T23:59:59Z,691200,691200,0,0.125,0.124879837,0.124999966,0.002114465,0,0,0,0,5e-06,1.273583,3.232133,3.672401e-08,0.01018866,0.02585707,False,0.026457,False
2020-06-20,CE04OSBP-LJ01C-07-VEL3DC107,6,True,2020-06-20T00:00:00Z,2020-06-20T23:59:59Z,691201,691201,0,0.125,0.124879837,0.124999964,0.000894323,0,0,25,25,1e-06,1.224078,3.429821,4.46382e-09,0.009792627,0.02743858,False,0.028099,False
2020-06-21,CE04OSBP-LJ01C-07-VEL3DC107,6,True,2020-06-21T00:00:00Z,2020-06-21T23:59:59Z,691200,691200,0,0.125,0.124879837,0.124999973,0.002138381,0,0,0,0,4e-06,1.227086,3.564218,3.570357e-08,0.009816694,0.02851375,False,0.026305,False
2020-06-22,CE04OSBP-LJ01C-07-VEL3DC107,6,True,2020-06-22T00:00:00Z,2020-06-22T23:59:59Z,691200,691200,0,0.125,0.124879837,0.124999957,-0.00199449,0,0,0,0,5e-06,1.50347,4.572878,3.738679e-08,0.01202776,0.03658303,False,0.028863,False
2020-06-23,CE04OSBP-LJ01C-07-VEL3DC107,6,True,2020-06-23T00:00:00Z,2020-06-23T23:59:59Z,691200,691200,0,0.125,0.124879837,0.124999959,-0.003014637,0,0,0,0,5e-06,1.923032,5.637091,3.756615e-08,0.01538426,0.04509675,False,0.027634,False
2020-06-24,CE04OSBP-LJ01C-07-VEL3DC107,6,True,2020-06-24T00:00:00Z,2020-06-24T23:59:59Z,691201,691201,0,0.125,0.124879837,0.124999964,-0.003768457,0,0,11,11,7e-06,1.283365,4.318292,5.713009e-08,0.01026692,0.03454635,False,0.025201,False
2020-06-25,CE04OSBP-LJ01C-07-VEL3DC107,6,True,2020-06-25T00:00:00Z,2020-06-25T23:59:59Z,691200,691200,0,0.125,0.124879837,0.124999954,0.000606148,0,0,0,0,5e-06,1.467094,3.833743,3.735098e-08,0.01173675,0.03066995,False,0.026469,False
2020-06-26,CE04OSBP-LJ01C-07-VEL3DC107,6,True,2020-06-26T00:00:00Z,2020-06-26T23:59:59Z,691200,691200,0,0.125,0.124879837,0.124999948,-0.00249109,0,0,0,0,5e-06,1.036766,2.660131,3.752952e-08,0.008294132,0.02128105,False,0.026732,False
2020-06-27,CE04OSBP-LJ01C-07-VEL3DC107,6,True,2020-06-27T00:00:00Z,2020-06-27T23:59:59Z,691200,691200,0,0.125,0.124879837,0.124999948,0.000274916,0,0,0,0,5e-06,1.067262,3.931565,3.657746e-08,0.008538101,0.03145253,False,0.028244,False
2020-06-28,CE04OSBP-LJ01C-07-VEL3DC107,6,True,2020-06-28T00:00:00Z,2020-06-28T23:59:59Z,691201,691201,0,0.125,0.124879837,0.12499995,0.000622264,0,0,38,38,-1e-06,2.129946,5.199286,-4.84478e-09,0.01703957,0.0415943,False,0.03246,False
2020-06-29,CE04OSBP-LJ01C-07-VEL3DC107,6,True,2020-06-29T00:00:00Z,2020-06-29T23:59:59Z,691200,691200,0,0.125,0.124879837,0.124999949,-0.00286265,0,0,0,0,5e-06,1.336224,4.662651,3.812777e-08,0.0106898,0.03730123,False,0.030841,False
2020-06-30,CE04OSBP-LJ01C-07-VEL3DC107,6,True,2020-06-30T00:00:00Z,2020-06-30T23:59:59Z,691200,691200,0,0.125,0.124879837,0.124999941,8.7868e-05,0,0,0,0,5e-06,1.189695,3.523546,3.725602e-08,0.009517568,0.02818838,False,0.026667,False
2020-07-01,CE04OSBP-LJ01C-07-VEL3DC107,6,True,2020-07-01T00:00:00Z,2020-07-01T23:59:59Z,691201,691201,0,0.125,0.124879837,0.124999932,0.000828541,0,0,10,10,2e-06,1.969018,5.058668,1.890539e-08,0.01575216,0.04046937,False,0.025637,False
2020-07-02,CE04OSBP-LJ01C-07-VEL3DC107,6,True,2020-07-02T00:00:00Z,2020-07-02T23:59:59Z,691200,691200,0,0.125,0.124879837,0.124999929,0.002672379,0,0,0,0,5e-06,1.444875,3.874219,3.750221e-08,0.01155901,0.03099377,False,0.027668,False
2020-07-03,CE04OSBP-LJ01C-07-VEL3DC107,6,True,2020-07-03T00:00:00Z,2020-07-03T23:59:59Z,691200,691200,0,0.125,0.124879837,0.124999941,0.00272196,0,0,0,0,4e-06,3.655478,8.025627,3.581617e-08,0.02924384,0.06420504,False,0.028493,False
2020-07-04,CE04OSBP-LJ01C-07-VEL3DC107,6,True,2020-07-04T00:00:00Z,2020-07-04T23:59:59Z,691201,691201,0,0.125,0.124879837,0.124999941,0.000652657,0,0,15,15,-0.0,1.341094,4.498703,-3.190899e-09,0.01072876,0.03598964,False,0.029046,False
2020-07-05,CE04OSBP-LJ01C-07-VEL3DC107,6,True,2020-07-05T00:00:00Z,2020-07-05T23:59:59Z,691200,691200,0,0.125,0.124879837,0.124999934,-0.000639631,0,0,0,0,5e-06,1.0355,2.774569,3.778847e-08,0.008284007,0.02219657,False,0.029275,False
2020-07-06,CE04OSBP-LJ01C-07-VEL3DC107,6,True,2020-07-06T00:00:00Z,2020-07-06T23:59:59Z,691200,691200,0,0.125,0.124879837,0.124999922,0.001929088,0,0,0,0,5e-06,1.153644,3.587891,3.776723e-08,0.00922916,0.02870314,False,0.028034,False
2020-07-07,CE04OSBP-LJ01C-07-VEL3DC107,6,True,2020-07-07T00:00:00Z,2020-07-07T23:59:59Z,691201,691201,0,0.125,0.124879837,0.124999911,-0.000341254,0,0,19,19,-1e-06,1.701486,5.341039,-1.032966e-08,0.01361189,0.04272834,False,0.027721,False
2020-07-08,CE04OSBP-LJ01C-07-VEL3DC107,6,True,2020-07-08T00:00:00Z,2020-07-08T23:59:59Z,691200,691200,0,0.125,0.124879837,0.124999939,0.001924831,0,0,0,0,5e-06,1.344224,4.045836,3.763832e-08,0.0107538,0.03236671,False,0.026171,False
2020-07-09,CE04OSBP-LJ01C-07-VEL3DC107,6,True,2020-07-09T00:00:00Z,2020-07-09T23:59:59Z,691201,691201,0,0.125,0.124879837,0.12499995,-0.002459891,0,0,13,13,9e-06,1.746012,4.632693,6.948612e-08,0.0139681,0.03706156,False,0.025514,False
2020-07-10,CE04OSBP-LJ01C-07-VEL3DC107,6,True,2020-07-10T00:00:00Z,2020-07-10T23:59:59Z,691200,691200,0,0.125,0.124879837,0.124999967,-0.002738082,0,0,9,9,-2e-06,1.886811,4.81691,-1.335194e-08,0.01509449,0.03853529,False,0.024793,False
2020-07-11,CE04OSBP-LJ01C-07-VEL3DC107,6,True,2020-07-11T00:00:00Z,2020-07-11T23:59:59Z,691200,691200,0,0.125,0.124879837,0.124999954,0.000833567,0,0,0,0,5e-06,2.300741,5.411569,3.628985e-08,0.01840593,0.04329257,False,0.027676,False
2020-07-12,CE04OSBP-LJ01C-07-VEL3DC107,6,True,2020-07-12T00:00:00Z,2020-07-12T23:59:59Z,691200,691200,0,0.125,0.124879837,0.124999959,-0.002287087,0,0,0,0,5e-06,1.284549,4.096412,3.852648e-08,0.0102764,0.0327713,False,0.0248,False
2020-07-13,CE04OSBP-LJ01C-07-VEL3DC107,6,True,2020-07-13T00:00:00Z,2020-07-13T23:59:59Z,691200,691200,0,0.125,0.124879837,0.124999962,0.000792025,0,0,0,0,5e-06,2.921659,9.260285,3.804093e-08,0.02337328,0.0740823,False,0.024793,False
2020-07-14,CE04OSBP-LJ01C-07-VEL3DC107,6,True,2020-07-14T00:00:00Z,2020-07-14T23:59:59Z,691201,691201,0,0.125,0.124879837,0.124999965,0.003794225,0,0,3,3,1e-06,3.264967,8.083207,7.628076e-09,0.02611974,0.06466568,False,0.027813,False
2020-07-15,CE04OSBP-LJ01C-07-VEL3DC107,6,True,2020-07-15T00:00:00Z,2020-07-15T23:59:59Z,691200,691200,0,0.125,0.124879837,0.124999968,-0.000489438,0,0,1,1,-1e-06,1.331115,25.094201,-1.022708e-08,0.01064892,0.2007537,False,0.199601,False
2020-07-16,CE04OSBP-LJ01C-07-VEL3DC107,6,True,2020-07-16T00:00:00Z,2020-07-16T23:59:59Z,691200,691200,0,0.125,0.124879837,0.124999958,-0.001046224,0,0,0,0,5e-06,1.163559,3.328316,3.642638e-08,0.009308475,0.02662654,False,0.027763,False
2020-07-17,CE04OSBP-LJ01C-07-VEL3DC107,6,True,2020-07-17T00:00:00Z,2020-07-17T23:59:59Z,691200,691200,0,0.125,0.124879837,0.12499996,0.001958142,0,0,0,0,5e-06,1.233845,5.832517,3.685958e-08,0.009870761,0.04666015,False,0.041498,False
2020-07-18,CE04OSBP-LJ01C-07-VEL3DC107,6,True,2020-07-18T00:00:00Z,2020-07-18T23:59:59Z,691200,691200,0,0.125,0.124879837,0.124999965,0.000460497,0,0,0,0,5e-06,1.658629,4.079594,3.761879e-08,0.01326903,0.03263676,False,0.0248,False
2020-07-19,CE04OSBP-LJ01C-07-VEL3DC107,6,True,2020-07-19T00:00:00Z,2020-07-19T23:59:59Z,691201,691201,0,0.125,0.124879837,0.124999946,0.001430544,0,0,20,20,1e-06,1.257369,6.098519,9.480488e-09,0.01005895,0.04878817,False,0.037092,False
2020-07-20,CE04OSBP-LJ01C-07-VEL3DC107,6,True,2020-07-20T00:00:00Z,2020-07-20T23:59:59Z,691200,691200,0,0.125,0.124879837,0.124999941,-0.001521475,0,0,0,0,5e-06,1.16629,3.370632,3.731738e-08,0.00933032,0.02696507,False,0.027023,False
2020-07-21,CE04OSBP-LJ01C-07-VEL3DC107,6,True,2020-07-21T00:00:00Z,2020-07-21T23:59:59Z,691200,691200,0,0.125,0.124879837,0.124999928,0.001362932,0,0,11,11,1.2e-05,1.324414,4.048629,9.985434e-08,0.01059532,0.03238905,False,0.026366,False
2020-07-22,CE04OSBP-LJ01C-07-VEL3DC107,6,True,2020-07-22T00:00:00Z,2020-07-22T23:59:59Z,691201,691201,0,0.125,0.124879837,0.124999911,-0.003786162,0,0,7,7,2e-06,2.074212,5.00112,1.627319e-08,0.0165937,0.04000899,False,0.027931,False
2020-07-23,CE04OSBP-LJ01C-07-VEL3DC107,6,True,2020-07-23T00:00:00Z,2020-07-23T23:59:59Z,691200,691200,0,0.125,0.124879837,0.124999925,0.00079261,0,0,0,0,5e-06,1.307218,3.292544,3.822638e-08,0.01045775,0.02634037,False,0.027149,False
2020-07-24,CE04OSBP-LJ01C-07-VEL3DC107,6,True,2020-07-24T00:00:00Z,2020-07-24T23:59:59Z,691201,691201,0,0.125,0.124879837,0.124999927,0.000586575,0,0,11,11,0.0,2.273767,6.050047,2.08674e-09,0.01819015,0.0484004,False,0.025537,False
2020-07-25,CE04OSBP-LJ01C-07-VEL3DC107,6,True,2020-07-25T00:00:00Z,2020-07-25T23:59:59Z,691200,691200,0,0.125,0.124879837,0.12499993,0.001372776,0,0,0,0,5e-06,1.111158,3.250311,3.716976e-08,0.008889272,0.0260025,False,0.027874,False
2020-07-26,CE04OSBP-LJ01C-07-VEL3DC107,6,True,2020-07-26T00:00:00Z,2020-07-26T23:59:59Z,691201,691201,0,0.125,0.124879837,0.124999936,0.001158732,0,0,12,12,-0.0,1.278702,3.347013,-3.499603e-09,0.01022962,0.02677612,False,0.024793,False
2020-07-27,CE04OSBP-LJ01C-07-VEL3DC107,6,True,2020-07-27T00:00:00Z,2020-07-27T23:59:59Z,691200,691200,0,0.125,0.124879837,0.124999946,-0.000664022,0,0,0,0,5e-06,1.138388,3.22763,3.729513e-08,0.009107105,0.02582105,False,0.027683,False
2020-07-28,CE04OSBP-LJ01C-07-VEL3DC107,6,True,2020-07-28T00:00:00Z,2020-07-28T23:59:59Z,691200,691200,0,0.125,0.124879837,0.124999928,0.001114711,0,0,0,0,5e-06,1.76851,5.111444,3.669229e-08,0.01414809,0.04089157,False,0.026561,False
2020-07-29,CE04OSBP-LJ01C-07-VEL3DC107,6,True,2020-07-29T00:00:00Z,2020-07-29T23:59:59Z,691201,691201,0,0.125,0.124879837,0.12499992,0.000686684,0,0,8,8,1e-06,1.766694,4.528014,7.703062e-09,0.01413356,0.03622413,False,0.027683,False
2020-07-30,CE04OSBP-LJ01C-07-VEL3DC107,6,True,2020-07-30T00:00:00Z,2020-07-30T23:59:59Z,691200,691200,0,0.125,0.124879837,0.124999916,0.000817451,0,0,0,0,5e-06,1.320311,3.595736,3.693851e-08,0.0105625,0.02876591,False,0.025274,False
2020-07-31,CE04OSBP-LJ01C-07-VEL3DC107,6,True,2020-07-31T00:00:00Z,2020-07-31T23:59:59Z,691201,691201,0,0.125,0.124879837,0.124999922,-7.5008e-05,0,0,10,10,-1e-06,1.606009,4.908864,-4.498305e-09,0.01284808,0.03927094,False,0.027691,False
2020-08-01,CE04OSBP-LJ01C-07-VEL3DC107,6,True,2020-08-01T00:00:00Z,2020-08-01T22:28:48Z,647432,647432,0,0.125,0.124879837,0.124999926,0.004017266,0,0,0,0,-0.0,2.499482,7.008918,-3.902656e-09,0.01999587,0.05607138,False,0.032334,False
2020-08-02,CE04OSBP-LJ01C-07-VEL3DC107,6,True,2020-08-02T17:59:44Z,2020-08-02T23:59:59Z,172924,172924,0,0.125,0.124879837,0.124999943,0.001784356,0,0,0,0,-0.0,1.141973,2.774075,-4.718402e-10,0.009135786,0.02219261,False,0.024762,False
2020-08-03,CE04OSBP-LJ01C-07-VEL3DC107,6,True,2020-08-03T00:00:00Z,2020-08-03T23:59:59Z,691201,691201,0,0.125,0.124879837,0.124999935,-0.000626479,0,0,19,19,1e-06,2.009141,5.277751,4.076569e-09,0.01607313,0.04222203,False,0.027725,False
2020-08-04,CE04OSBP-LJ01C-07-VEL3DC107,6,True,2020-08-04T00:00:00Z,2020-08-04T23:59:59Z,691200,691200,0,0.125,0.124879837,0.124999939,0.000507233,0,0,0,0,5e-06,1.527194,4.364854,3.66098e-08,0.01221756,0.03491885,False,0.02511,False
2020-08-05,CE04OSBP-LJ01C-07-VEL3DC107,6,True,2020-08-05T00:00:00Z,2020-08-05T23:59:59Z,691200,691200,0,0.125,0.124879837,0.124999938,-0.003589317,0,0,0,0,5e-06,1.439387,3.949709,3.721669e-08,0.0115151,0.03159769,False,0.02595,False
2020-08-06,CE04OSBP-LJ01C-07-VEL3DC107,6,True,2020-08-06T00:00:00Z,2020-08-06T23:59:59Z,691200,691201,1,0.125,0.124879837,0.124999945,-1.895e-06,5,1,5,5,0.0,1.547112,3.784677,8.179583e-10,0.0123769,0.03027743,False,0.02569,True
2020-08-07,CE04OSBP-LJ01C-07-VEL3DC107,6,True,2020-08-07T00:00:00Z,2020-08-07T23:59:59Z,691199,691200,1,0.125,0.124879837,0.124999946,0.002192818,1,1,1,1,3e-06,1.792663,5.251341,2.062394e-08,0.01434131,0.04201075,False,0.02763,True
2020-08-08,CE04OSBP-LJ01C-07-VEL3DC107,6,True,2020-08-08T00:00:00Z,2020-08-08T23:59:59Z,691200,691200,0,0.125,0.124879837,0.124999944,-0.000536597,0,0,0,0,5e-06,1.243289,3.696845,3.650519e-08,0.009946317,0.02957477,False,0.02477,False
2020-08-09,CE04OSBP-LJ01C-07-VEL3DC107,6,True,2020-08-09T00:00:00Z,2020-08-09T23:59:59Z,691201,691201,0,0.125,0.124879837,0.124999948,0.001169973,0,0,3,3,0.0,1.547676,4.233007,3.708454e-09,0.01238141,0.03386407,False,0.027485,False
2020-08-10,CE04OSBP-LJ01C-07-VEL3DC107,6,True,2020-08-10T00:00:00Z,2020-08-10T23:59:59Z,691200,691200,0,0.125,0.124879837,0.124999951,-0.002065755,0,0,0,0,5e-06,1.544611,8.084065,3.78042e-08,0.01235689,0.06467255,False,0.048951,False
2020-08-11,CE04OSBP-LJ01C-07-VEL3DC107,6,True,2020-08-11T00:00:00Z,2020-08-11T23:59:59Z,687471,691204,3733,0.125,0.124879837,0.124998885,0.093526053,1,3733,1,3733,-1e-06,124.357123,264.240808,-7.150963e-09,0.9948659,2.113945,True,0.412563,True
2020-08-12,CE04OSBP-LJ01C-07-VEL3DC107,6,True,2020-08-12T00:00:00Z,2020-08-12T23:59:59Z,691200,691200,0,0.125,0.124879837,0.124999955,-0.000246237,0,0,0,0,5e-06,1.172223,3.433172,3.7406e-08,0.009377787,0.02746538,False,0.027252,False
2020-08-13,CE04OSBP-LJ01C-07-VEL3DC107,6,True,2020-08-13T00:00:00Z,2020-08-13T23:59:59Z,691201,691201,0,0.125,0.124879837,0.124999933,0.000866604,0,0,17,17,-1e-06,1.873702,5.459285,-9.762374e-09,0.01498962,0.04367431,False,0.051697,False
2020-08-14,CE04OSBP-LJ01C-07-VEL3DC107,6,True,2020-08-14T00:00:00Z,2020-08-14T23:59:59Z,691200,691200,0,0.125,0.124879837,0.124999928,-0.00224167,0,0,0,0,5e-06,1.289198,6.332144,3.719773e-08,0.01031359,0.05065718,False,0.047737,False
2020-08-15,CE04OSBP-LJ01C-07-VEL3DC107,6,True,2020-08-15T00:00:00Z,2020-08-15T23:59:59Z,691201,691201,0,0.125,0.124879837,0.124999929,0.00127047,0,0,3,3,-5e-06,2.61643,6.715814,-3.837192e-08,0.02093145,0.05372654,False,0.034178,False
2020-08-16,CE04OSBP-LJ01C-07-VEL3DC107,6,True,2020-08-16T00:00:00Z,2020-08-16T23:59:59Z,691200,691200,0,0.125,0.124879837,0.124999934,0.002446354,0,0,0,0,5e-06,2.764079,6.534681,3.673329e-08,0.02211264,0.05227747,False,0.024945,False
2020-08-17,CE04OSBP-LJ01C-07-VEL3DC107,6,True,2020-08-17T00:00:00Z,2020-08-17T23:59:59Z,691200,691200,0,0.125,0.124879837,0.124999924,0.003485007,0,0,0,0,5e-06,2.364161,5.174758,3.72225e-08,0.0189133,0.04139809,False,0.027698,False
2020-08-18,CE04OSBP-LJ01C-07-VEL3DC107,6,True,2020-08-18T00:00:00Z,2020-08-18T01:23:19Z,40000,40000,0,0.125,0.124879837,0.124999898,-0.001613105,0,0,0,0,0.0,0.988529,2.035215,3.070291e-11,0.007908238,0.01628173,False,0.024747,False
2020-08-19,CE04OSBP-LJ01C-07-VEL3DC107,7,False,,,0,0,,0.125,,,,,,,,,,,,,,,,False
2020-08-20,CE04OSBP-LJ01C-07-VEL3DC107,7,False,,,0,0,,0.125,,,,,,,,,,,,,,,,False
2020-08-21,CE04OSBP-LJ01C-07-VEL3DC107,7,False,,,0,0,,0.125,,,,,,,,,,,,,,,,False
2020-08-22,CE04OSBP-LJ01C-07-VEL3DC107,7,False,,,0,0,,0.125,,,,,,,,,,,,,,,,False
2020-08-23,CE04OSBP-LJ01C-07-VEL3DC107,7,False,,,0,0,,0.125,,,,,,,,,,,,,,,,False
2020-08-24,CE04OSBP-LJ01C-07-VEL3DC107,7,False,,,0,0,,0.125,,,,,,,,,,,,,,,,False
2020-08-25,CE04OSBP-LJ01C-07-VEL3DC107,7,False,,,0,0,,0.125,,,,,,,,,,,,,,,,False
2020-08-26,CE04OSBP-LJ01C-07-VEL3DC107,7,False,,,0,0,,0.125,,,,,,,,,,,,,,,,False
2020-08-27,CE04OSBP-LJ01C-07-VEL3DC107,7,False,,,0,0,,0.125,,,,,,,,,,,,,,,,False
2020-08-28,CE04OSBP-LJ01C-07-VEL3DC107,7,False,,,0,0,,0.125,,,,,,,,,,,,,,,,False
2020-08-29,CE04OSBP-LJ01C-07-VEL3DC107,7,False,,,0,0,,0.125,,,,,,,,,,,,,,,,False
2020-08-30,CE04OSBP-LJ01C-07-VEL3DC107,7,False,,,0,0,,0.125,,,,,,,,,,,,,,,,False
2020-08-31,CE04OSBP-LJ01C-07-VEL3DC107,7,False,,,0,0,,0.125,,,,,,,,,,,,,,,,False
2020-09-01,CE04OSBP-LJ01C-07-VEL3DC107,7,False,,,0,0,,0.125,,,,,,,,,,,,,,,,False
2020-09-02,CE04OSBP-LJ01C-07-VEL3DC107,7,False,,,0,0,,0.125,,,,,,,,,,,,,,,,False
2020-09-03,CE04OSBP-LJ01C-07-VEL3DC107,7,False,,,0,0,,0.125,,,,,,,,,,,,,,,,False
2020-09-04,CE04OSBP-LJ01C-07-VEL3DC107,7,False,,,0,0,,0.125,,,,,,,,,,,,,,,,False
2020-09-05,CE04OSBP-LJ01C-07-VEL3DC107,7,False,,,0,0,,0.125,,,,,,,,,,,,,,,,False
2020-09-06,CE04OSBP-LJ01C-07-VEL3DC107,7,False,,,0,0,,0.125,,,,,,,,,,,,,,,,False
2020-09-07,CE04OSBP-LJ01C-07-VEL3DC107,7,False,,,0,0,,0.125,,,,,,,,,,,,,,,,False
2020-09-08,CE04OSBP-LJ01C-07-VEL3DC107,7,False,,,0,0,,0.125,,,,,,,,,,,,,,,,False
2020-09-09,CE04OSBP-LJ01C-07-VEL3DC107,7,False,,,0,0,,0.125,,,,,,,,,,,,,,,,False
2020-09-10,CE04OSBP-LJ01C-07-VEL3DC107,7,False,,,0,0,,0.125,,,,,,,,,,,,,,,,False
2020-09-11,CE04OSBP-LJ01C-07-VEL3DC107,7,False,,,0,0,,0.125,,,,,,,,,,,,,,,,False
2020-09-12,CE04OSBP-LJ01C-07-VEL3DC107,7,False,,,0,0,,0.125,,,,,,,,,,,,,,,,False
2020-09-13,CE04OSBP-LJ01C-07-VEL3DC107,7,False,,,0,0,,0.125,,,,,,,,,,,,,,,,False
2020-09-14,CE04OSBP-LJ01C-07-VEL3DC107,7,False,,,0,0,,0.125,,,,,,,,,,,,,,,,False
2020-09-15,CE04OSBP-LJ01C-07-VEL3DC107,7,False,,,0,0,,0.125,,,,,,,,,,,,,,,,False
2020-09-16,CE04OSBP-LJ01C-07-VEL3DC107,7,False,,,0,0,,0.125,,,,,,,,,,,,,,,,False
2020-09-17,CE04OSBP-LJ01C-07-VEL3DC107,7,False,,,0,0,,0.125,,,,,,,,,,,,,,,,False
2020-09-18,CE04OSBP-LJ01C-07-VEL3DC107,7,False,,,0,0,,0.125,,,,,,,,,,,,,,,,False
2020-09-19,CE04OSBP-LJ01C-07-VEL3DC107,7,False,,,0,0,,0.125,,,,,,,,,,,,,,,,False
2020-09-20,CE04OSBP-LJ01C-07-VEL3DC107,7,False,,,0,0,,0.125,,,,,,,,,,,,,,,,False
2020-09-21,CE04OSBP-LJ01C-07-VEL3DC107,7,False,,,0,0,,0.125,,,,,,,,,,,,,,,,False
2020-09-22,CE04OSBP-LJ01C-07-VEL3DC107,7,False,,,0,0,,0.125,,,,,,,,,,,,,,,,False
2020-09-23,CE04OSBP-LJ01C-07-VEL3DC107,7,False,,,0,0,,0.125,,,,,,,,,,,,,,,,False
2020-09-24,CE04OSBP-LJ01C-07-VEL3DC107,7,False,,,0,0,,0.125,,,,,,,,,,,,,,,,False
2020-09-25,CE04OSBP-LJ01C-07-VEL3DC107,7,False,,,0,0,,0.125,,,,,,,,,,,,,,,,False
2020-09-26,CE04OSBP-LJ01C-07-VEL3DC107,7,False,,,0,0,,0.125,,,,,,,,,,,,,,,,False
2020-09-27,CE04OSBP-LJ01C-07-VEL3DC107,7,False,,,0,0,,0.125,,,,,,,,,,,,,,,,False
2020-09-28,CE04OSBP-LJ01C-07-VEL3DC107,7,False,,,0,0,,0.125,,,,,,,,,,,,,,,,False
2020-09-29,CE04OSBP-LJ01C-07-VEL3DC107,7,False,,,0,0,,0.125,,,,,,,,,,,,,,,,False
2020-09-30,CE04OSBP-LJ01C-07-VEL3DC107,7,False,,,0,0,,0.125,,,,,,,,,,,,,,,,False
2020-10-01,CE04OSBP-LJ01C-07-VEL3DC107,7,False,,,0,0,,0.125,,,,,,,,,,,,,,,,False
2020-10-02,CE04OSBP-LJ01C-07-VEL3DC107,7,False,,,0,0,,0.125,,,,,,,,,,,,,,,,False
2020-10-03,CE04OSBP-LJ01C-07-VEL3DC107,7,False,,,0,0,,0.125,,,,,,,,,,,,,,,,False
2020-10-04,CE04OSBP-LJ01C-07-VEL3DC107,7,False,,,0,0,,0.125,,,,,,,,,,,,,,,,False
2020-10-05,CE04OSBP-LJ01C-07-VEL3DC107,7,False,,,0,0,,0.125,,,,,,,,,,,,,,,,False
2020-10-06,CE04OSBP-LJ01C-07-VEL3DC107,7,False,,,0,0,,0.125,,,,,,,,,,,,,,,,False
2020-10-07,CE04OSBP-LJ01C-07-VEL3DC107,7,False,,,0,0,,0.125,,,,,,,,,,,,,,,,False
2020-10-08,CE04OSBP-LJ01C-07-VEL3DC107,7,False,,,0,0,,0.125,,,,,,,,,,,,,,,,False
2020-10-09,CE04OSBP-LJ01C-07-VEL3DC107,7,False,,,0,0,,0.125,,,,,,,,,,,,,,,,False
2020-10-10,CE04OSBP-LJ01C-07-VEL3DC107,7,False,,,0,0,,0.125,,,,,,,,,,,,,,,,False
2020-10-11,CE04OSBP-LJ01C-07-VEL3DC107,7,False,,,0,0,,0.125,,,,,,,,,,,,,,,,False
2020-10-12,CE04OSBP-LJ01C-07-VEL3DC107,7,False,,,0,0,,0.125,,,,,,,,,,,,,,,,False
2020-10-13,CE04OSBP-LJ01C-07-VEL3DC107,7,False,,,0,0,,0.125,,,,,,,,,,,,,,,,False
2020-10-14,CE04OSBP-LJ01C-07-VEL3DC107,7,False,,,0,0,,0.125,,,,,,,,,,,,,,,,False
2020-10-15,CE04OSBP-LJ01C-07-VEL3DC107,7,False,,,0,0,,0.125,,,,,,,,,,,,,,,,False
2020-10-16,CE04OSBP-LJ01C-07-VEL3DC107,7,False,,,0,0,,0.125,,,,,,,,,,,,,,,,False
2020-10-17,CE04OSBP-LJ01C-07-VEL3DC107,7,False,,,0,0,,0.125,,,,,,,,,,,,,,,,False
2020-10-18,CE04OSBP-LJ01C-07-VEL3DC107,7,False,,,0,0,,0.125,,,,,,,,,,,,,,,,False
2020-10-19,CE04OSBP-LJ01C-07-VEL3DC107,7,False,,,0,0,,0.125,,,,,,,,,,,,,,,,False
2020-10-20,CE04OSBP-LJ01C-07-VEL3DC107,7,False,,,0,0,,0.125,,,,,,,,,,,,,,,,False
2020-10-21,CE04OSBP-LJ01C-07-VEL3DC107,7,False,,,0,0,,0.125,,,,,,,,,,,,,,,,False
2020-10-22,CE04OSBP-LJ01C-07-VEL3DC107,7,False,,,0,0,,0.125,,,,,,,,,,,,,,,,False
2020-10-23,CE04OSBP-LJ01C-07-VEL3DC107,7,False,,,0,0,,0.125,,,,,,,,,,,,,,,,False
2020-10-24,CE04OSBP-LJ01C-07-VEL3DC107,7,False,,,0,0,,0.125,,,,,,,,,,,,,,,,False
2020-10-25,CE04OSBP-LJ01C-07-VEL3DC107,7,False,,,0,0,,0.125,,,,,,,,,,,,,,,,False
2020-10-26,CE04OSBP-LJ01C-07-VEL3DC107,7,False,,,0,0,,0.125,,,,,,,,,,,,,,,,False
2020-10-27,CE04OSBP-LJ01C-07-VEL3DC107,7,False,,,0,0,,0.125,,,,,,,,,,,,,,,,False
2020-10-28,CE04OSBP-LJ01C-07-VEL3DC107,7,False,,,0,0,,0.125,,,,,,,,,,,,,,,,False
2020-10-29,CE04OSBP-LJ01C-07-VEL3DC107,7,False,,,0,0,,0.125,,,,,,,,,,,,,,,,False
2020-10-30,CE04OSBP-LJ01C-07-VEL3DC107,7,False,,,0,0,,0.125,,,,,,,,,,,,,,,,False
2020-10-31,CE04OSBP-LJ01C-07-VEL3DC107,7,False,,,0,0,,0.125,,,,,,,,,,,,,,,,False
2020-11-01,CE04OSBP-LJ01C-07-VEL3DC107,7,False,,,0,0,,0.125,,,,,,,,,,,,,,,,False
2020-11-02,CE04OSBP-LJ01C-07-VEL3DC107,7,False,,,0,0,,0.125,,,,,,,,,,,,,,,,False
2020-11-03,CE04OSBP-LJ01C-07-VEL3DC107,7,False,,,0,0,,0.125,,,,,,,,,,,,,,,,False
2020-11-04,CE04OSBP-LJ01C-07-VEL3DC107,7,False,,,0,0,,0.125,,,,,,,,,,,,,,,,False
2020-11-05,CE04OSBP-LJ01C-07-VEL3DC107,7,False,,,0,0,,0.125,,,,,,,,,,,,,,,,False
2020-11-06,CE04OSBP-LJ01C-07-VEL3DC107,7,False,,,0,0,,0.125,,,,,,,,,,,,,,,,False
2020-11-07,CE04OSBP-LJ01C-07-VEL3DC107,7,False,,,0,0,,0.125,,,,,,,,,,,,,,,,False
2020-11-08,CE04OSBP-LJ01C-07-VEL3DC107,7,False,,,0,0,,0.125,,,,,,,,,,,,,,,,False
2020-11-09,CE04OSBP-LJ01C-07-VEL3DC107,7,False,,,0,0,,0.125,,,,,,,,,,,,,,,,False
2020-11-10,CE04OSBP-LJ01C-07-VEL3DC107,7,False,,,0,0,,0.125,,,,,,,,,,,,,,,,False
2020-11-11,CE04OSBP-LJ01C-07-VEL3DC107,7,False,,,0,0,,0.125,,,,,,,,,,,,,,,,False
2020-11-12,CE04OSBP-LJ01C-07-VEL3DC107,7,False,,,0,0,,0.125,,,,,,,,,,,,,,,,False
2020-11-13,CE04OSBP-LJ01C-07-VEL3DC107,7,False,,,0,0,,0.125,,,,,,,,,,,,,,,,False
2020-11-14,CE04OSBP-LJ01C-07-VEL3DC107,7,False,,,0,0,,0.125,,,,,,,,,,,,,,,,False
2020-11-15,CE04OSBP-LJ01C-07-VEL3DC107,7,False,,,0,0,,0.125,,,,,,,,,,,,,,,,False
2020-11-16,CE04OSBP-LJ01C-07-VEL3DC107,7,False,,,0,0,,0.125,,,,,,,,,,,,,,,,False
2020-11-17,CE04OSBP-LJ01C-07-VEL3DC107,7,False,,,0,0,,0.125,,,,,,,,,,,,,,,,False
2020-11-18,CE04OSBP-LJ01C-07-VEL3DC107,7,False,,,0,0,,0.125,,,,,,,,,,,,,,,,False
2020-11-19,CE04OSBP-LJ01C-07-VEL3DC107,7,False,,,0,0,,0.125,,,,,,,,,,,,,,,,False
2020-11-20,CE04OSBP-LJ01C-07-VEL3DC107,7,False,,,0,0,,0.125,,,,,,,,,,,,,,,,False
2020-11-21,CE04OSBP-LJ01C-07-VEL3DC107,7,False,,,0,0,,0.125,,,,,,,,,,,,,,,,False
2020-11-22,CE04OSBP-LJ01C-07-VEL3DC107,7,False,,,0,0,,0.125,,,,,,,,,,,,,,,,False
2020-11-23,CE04OSBP-LJ01C-07-VEL3DC107,7,False,,,0,0,,0.125,,,,,,,,,,,,,,,,False
2020-11-24,CE04OSBP-LJ01C-07-VEL3DC107,7,False,,,0,0,,0.125,,,,,,,,,,,,,,,,False
2020-11-25,CE04OSBP-LJ01C-07-VEL3DC107,7,False,,,0,0,,0.125,,,,,,,,,,,,,,,,False
2020-11-26,CE04OSBP-LJ01C-07-VEL3DC107,7,False,,,0,0,,0.125,,,,,,,,,,,,,,,,False
2020-11-27,CE04OSBP-LJ01C-07-VEL3DC107,7,False,,,0,0,,0.125,,,,,,,,,,,,,,,,False
2020-11-28,CE04OSBP-LJ01C-07-VEL3DC107,7,False,,,0,0,,0.125,,,,,,,,,,,,,,,,False
2020-11-29,CE04OSBP-LJ01C-07-VEL3DC107,7,False,,,0,0,,0.125,,,,,,,,,,,,,,,,False
2020-11-30,CE04OSBP-LJ01C-07-VEL3DC107,7,False,,,0,0,,0.125,,,,,,,,,,,,,,,,False
2020-12-01,CE04OSBP-LJ01C-07-VEL3DC107,7,False,,,0,0,,0.125,,,,,,,,,,,,,,,,False
2020-12-02,CE04OSBP-LJ01C-07-VEL3DC107,7,False,,,0,0,,0.125,,,,,,,,,,,,,,,,False
2020-12-03,CE04OSBP-LJ01C-07-VEL3DC107,7,False,,,0,0,,0.125,,,,,,,,,,,,,,,,False
2020-12-04,CE04OSBP-LJ01C-07-VEL3DC107,7,False,,,0,0,,0.125,,,,,,,,,,,,,,,,False
2020-12-05,CE04OSBP-LJ01C-07-VEL3DC107,7,False,,,0,0,,0.125,,,,,,,,,,,,,,,,False
2020-12-06,CE04OSBP-LJ01C-07-VEL3DC107,7,False,,,0,0,,0.125,,,,,,,,,,,,,,,,False
2020-12-07,CE04OSBP-LJ01C-07-VEL3DC107,7,False,,,0,0,,0.125,,,,,,,,,,,,,,,,False
2020-12-08,CE04OSBP-LJ01C-07-VEL3DC107,7,False,,,0,0,,0.125,,,,,,,,,,,,,,,,False
2020-12-09,CE04OSBP-LJ01C-07-VEL3DC107,7,False,,,0,0,,0.125,,,,,,,,,,,,,,,,False
2020-12-10,CE04OSBP-LJ01C-07-VEL3DC107,7,False,,,0,0,,0.125,,,,,,,,,,,,,,,,False
2020-12-11,CE04OSBP-LJ01C-07-VEL3DC107,7,False,,,0,0,,0.125,,,,,,,,,,,,,,,,False
2020-12-12,CE04OSBP-LJ01C-07-VEL3DC107,7,False,,,0,0,,0.125,,,,,,,,,,,,,,,,False
2020-12-13,CE04OSBP-LJ01C-07-VEL3DC107,7,False,,,0,0,,0.125,,,,,,,,,,,,,,,,False
2020-12-14,CE04OSBP-LJ01C-07-VEL3DC107,7,False,,,0,0,,0.125,,,,,,,,,,,,,,,,False
2020-12-15,CE04OSBP-LJ01C-07-VEL3DC107,7,False,,,0,0,,0.125,,,,,,,,,,,,,,,,False
2020-12-16,CE04OSBP-LJ01C-07-VEL3DC107,7,False,,,0,0,,0.125,,,,,,,,,,,,,,,,False
2020-12-17,CE04OSBP-LJ01C-07-VEL3DC107,7,False,,,0,0,,0.125,,,,,,,,,,,,,,,,False
2020-12-18,CE04OSBP-LJ01C-07-VEL3DC107,7,False,,,0,0,,0.125,,,,,,,,,,,,,,,,False
2020-12-19,CE04OSBP-LJ01C-07-VEL3DC107,7,False,,,0,0,,0.125,,,,,,,,,,,,,,,,False
2020-12-20,CE04OSBP-LJ01C-07-VEL3DC107,7,False,,,0,0,,0.125,,,,,,,,,,,,,,,,False
2020-12-21,CE04OSBP-LJ01C-07-VEL3DC107,7,False,,,0,0,,0.125,,,,,,,,,,,,,,,,False
2020-12-22,CE04OSBP-LJ01C-07-VEL3DC107,7,False,,,0,0,,0.125,,,,,,,,,,,,,,,,False
2020-12-23,CE04OSBP-LJ01C-07-VEL3DC107,7,False,,,0,0,,0.125,,,,,,,,,,,,,,,,False
2020-12-24,CE04OSBP-LJ01C-07-VEL3DC107,7,False,,,0,0,,0.125,,,,,,,,,,,,,,,,False
2020-12-25,CE04OSBP-LJ01C-07-VEL3DC107,7,False,,,0,0,,0.125,,,,,,,,,,,,,,,,False
2020-12-26,CE04OSBP-LJ01C-07-VEL3DC107,7,False,,,0,0,,0.125,,,,,,,,,,,,,,,,False
2020-12-27,CE04OSBP-LJ01C-07-VEL3DC107,7,False,,,0,0,,0.125,,,,,,,,,,,,,,,,False
2020-12-28,CE04OSBP-LJ01C-07-VEL3DC107,7,False,,,0,0,,0.125,,,,,,,,,,,,,,,,False
2020-12-29,CE04OSBP-LJ01C-07-VEL3DC107,7,False,,,0,0,,0.125,,,,,,,,,,,,,,,,False
2020-12-30,CE04OSBP-LJ01C-07-VEL3DC107,7,False,,,0,0,,0.125,,,,,,,,,,,,,,,,False
2020-12-31,CE04OSBP-LJ01C-07-VEL3DC107,7,False,,,0,0,,0.125,,,,,,,,,,,,,,,,False
2021-01-01,CE04OSBP-LJ01C-07-VEL3DC107,7,False,,,0,0,,0.125,,,,,,,,,,,,,,,,False
2021-01-02,CE04OSBP-LJ01C-07-VEL3DC107,7,False,,,0,0,,0.125,,,,,,,,,,,,,,,,False
2021-01-03,CE04OSBP-LJ01C-07-VEL3DC107,7,False,,,0,0,,0.125,,,,,,,,,,,,,,,,False
2021-01-04,CE04OSBP-LJ01C-07-VEL3DC107,7,False,,,0,0,,0.125,,,,,,,,,,,,,,,,False
2021-01-05,CE04OSBP-LJ01C-07-VEL3DC107,7,False,,,0,0,,0.125,,,,,,,,,,,,,,,,False
2021-01-06,CE04OSBP-LJ01C-07-VEL3DC107,7,False,,,0,0,,0.125,,,,,,,,,,,,,,,,False
2021-01-07,CE04OSBP-LJ01C-07-VEL3DC107,7,False,,,0,0,,0.125,,,,,,,,,,,,,,,,False
2021-01-08,CE04OSBP-LJ01C-07-VEL3DC107,7,False,,,0,0,,0.125,,,,,,,,,,,,,,,,False
2021-01-09,CE04OSBP-LJ01C-07-VEL3DC107,7,False,,,0,0,,0.125,,,,,,,,,,,,,,,,False
2021-01-10,CE04OSBP-LJ01C-07-VEL3DC107,7,False,,,0,0,,0.125,,,,,,,,,,,,,,,,False
2021-01-11,CE04OSBP-LJ01C-07-VEL3DC107,7,False,,,0,0,,0.125,,,,,,,,,,,,,,,,False
2021-01-12,CE04OSBP-LJ01C-07-VEL3DC107,7,False,,,0,0,,0.125,,,,,,,,,,,,,,,,False
2021-01-13,CE04OSBP-LJ01C-07-VEL3DC107,7,False,,,0,0,,0.125,,,,,,,,,,,,,,,,False
2021-01-14,CE04OSBP-LJ01C-07-VEL3DC107,7,False,,,0,0,,0.125,,,,,,,,,,,,,,,,False
2021-01-15,CE04OSBP-LJ01C-07-VEL3DC107,7,False,,,0,0,,0.125,,,,,,,,,,,,,,,,False
2021-01-16,CE04OSBP-LJ01C-07-VEL3DC107,7,False,,,0,0,,0.125,,,,,,,,,,,,,,,,False
2021-01-17,CE04OSBP-LJ01C-07-VEL3DC107,7,False,,,0,0,,0.125,,,,,,,,,,,,,,,,False
2021-01-18,CE04OSBP-LJ01C-07-VEL3DC107,7,False,,,0,0,,0.125,,,,,,,,,,,,,,,,False
2021-01-19,CE04OSBP-LJ01C-07-VEL3DC107,7,False,,,0,0,,0.125,,,,,,,,,,,,,,,,False
2021-01-20,CE04OSBP-LJ01C-07-VEL3DC107,7,False,,,0,0,,0.125,,,,,,,,,,,,,,,,False
2021-01-21,CE04OSBP-LJ01C-07-VEL3DC107,7,False,,,0,0,,0.125,,,,,,,,,,,,,,,,False
2021-01-22,CE04OSBP-LJ01C-07-VEL3DC107,7,False,,,0,0,,0.125,,,,,,,,,,,,,,,,False
2021-01-23,CE04OSBP-LJ01C-07-VEL3DC107,7,False,,,0,0,,0.125,,,,,,,,,,,,,,,,False
2021-01-24,CE04OSBP-LJ01C-07-VEL3DC107,7,False,,,0,0,,0.125,,,,,,,,,,,,,,,,False
2021-01-25,CE04OSBP-LJ01C-07-VEL3DC107,7,False,,,0,0,,0.125,,,,,,,,,,,,,,,,False
2021-01-26,CE04OSBP-LJ01C-07-VEL3DC107,7,False,,,0,0,,0.125,,,,,,,,,,,,,,,,False
2021-01-27,CE04OSBP-LJ01C-07-VEL3DC107,7,False,,,0,0,,0.125,,,,,,,,,,,,,,,,False
2021-01-28,CE04OSBP-LJ01C-07-VEL3DC107,7,False,,,0,0,,0.125,,,,,,,,,,,,,,,,False
2021-01-29,CE04OSBP-LJ01C-07-VEL3DC107,7,False,,,0,0,,0.125,,,,,,,,,,,,,,,,False
2021-01-30,CE04OSBP-LJ01C-07-VEL3DC107,7,False,,,0,0,,0.125,,,,,,,,,,,,,,,,False
2021-01-31,CE04OSBP-LJ01C-07-VEL3DC107,7,False,,,0,0,,0.125,,,,,,,,,,,,,,,,False
2021-02-01,CE04OSBP-LJ01C-07-VEL3DC107,7,False,,,0,0,,0.125,,,,,,,,,,,,,,,,False
2021-02-02,CE04OSBP-LJ01C-07-VEL3DC107,7,False,,,0,0,,0.125,,,,,,,,,,,,,,,,False
2021-02-03,CE04OSBP-LJ01C-07-VEL3DC107,7,False,,,0,0,,0.125,,,,,,,,,,,,,,,,False
2021-02-04,CE04OSBP-LJ01C-07-VEL3DC107,7,False,,,0,0,,0.125,,,,,,,,,,,,,,,,False
2021-02-05,CE04OSBP-LJ01C-07-VEL3DC107,7,False,,,0,0,,0.125,,,,,,,,,,,,,,,,False
2021-02-06,CE04OSBP-LJ01C-07-VEL3DC107,7,False,,,0,0,,0.125,,,,,,,,,,,,,,,,False
2021-02-07,CE04OSBP-LJ01C-07-VEL3DC107,7,False,,,0,0,,0.125,,,,,,,,,,,,,,,,False
2021-02-08,CE04OSBP-LJ01C-07-VEL3DC107,7,False,,,0,0,,0.125,,,,,,,,,,,,,,,,False
2021-02-09,CE04OSBP-LJ01C-07-VEL3DC107,7,False,,,0,0,,0.125,,,,,,,,,,,,,,,,False
2021-02-10,CE04OSBP-LJ01C-07-VEL3DC107,7,False,,,0,0,,0.125,,,,,,,,,,,,,,,,False
2021-02-11,CE04OSBP-LJ01C-07-VEL3DC107,7,False,,,0,0,,0.125,,,,,,,,,,,,,,,,False
2021-02-12,CE04OSBP-LJ01C-07-VEL3DC107,7,False,,,0,0,,0.125,,,,,,,,,,,,,,,,False
2021-02-13,CE04OSBP-LJ01C-07-VEL3DC107,7,False,,,0,0,,0.125,,,,,,,,,,,,,,,,False
2021-02-14,CE04OSBP-LJ01C-07-VEL3DC107,7,False,,,0,0,,0.125,,,,,,,,,,,,,,,,False
2021-02-15,CE04OSBP-LJ01C-07-VEL3DC107,7,False,,,0,0,,0.125,,,,,,,,,,,,,,,,False
2021-02-16,CE04OSBP-LJ01C-07-VEL3DC107,7,False,,,0,0,,0.125,,,,,,,,,,,,,,,,False
2021-02-17,CE04OSBP-LJ01C-07-VEL3DC107,7,False,,,0,0,,0.125,,,,,,,,,,,,,,,,False
2021-02-18,CE04OSBP-LJ01C-07-VEL3DC107,7,False,,,0,0,,0.125,,,,,,,,,,,,,,,,False
2021-02-19,CE04OSBP-LJ01C-07-VEL3DC107,7,False,,,0,0,,0.125,,,,,,,,,,,,,,,,False
2021-02-20,CE04OSBP-LJ01C-07-VEL3DC107,7,False,,,0,0,,0.125,,,,,,,,,,,,,,,,False
2021-02-21,CE04OSBP-LJ01C-07-VEL3DC107,7,False,,,0,0,,0.125,,,,,,,,,,,,,,,,False
2021-02-22,CE04OSBP-LJ01C-07-VEL3DC107,7,False,,,0,0,,0.125,,,,,,,,,,,,,,,,False
2021-02-23,CE04OSBP-LJ01C-07-VEL3DC107,7,False,,,0,0,,0.125,,,,,,,,,,,,,,,,False
2021-02-24,CE04OSBP-LJ01C-07-VEL3DC107,7,False,,,0,0,,0.125,,,,,,,,,,,,,,,,False
2021-02-25,CE04OSBP-LJ01C-07-VEL3DC107,7,False,,,0,0,,0.125,,,,,,,,,,,,,,,,False
2021-02-26,CE04OSBP-LJ01C-07-VEL3DC107,7,False,,,0,0,,0.125,,,,,,,,,,,,,,,,False
2021-02-27,CE04OSBP-LJ01C-07-VEL3DC107,7,False,,,0,0,,0.125,,,,,,,,,,,,,,,,False
2021-02-28,CE04OSBP-LJ01C-07-VEL3DC107,7,False,,,0,0,,0.125,,,,,,,,,,,,,,,,False
2021-03-01,CE04OSBP-LJ01C-07-VEL3DC107,7,False,,,0,0,,0.125,,,,,,,,,,,,,,,,False
2021-03-02,CE04OSBP-LJ01C-07-VEL3DC107,7,False,,,0,0,,0.125,,,,,,,,,,,,,,,,False
2021-03-03,CE04OSBP-LJ01C-07-VEL3DC107,7,False,,,0,0,,0.125,,,,,,,,,,,,,,,,False
2021-03-04,CE04OSBP-LJ01C-07-VEL3DC107,7,False,,,0,0,,0.125,,,,,,,,,,,,,,,,False
2021-03-05,CE04OSBP-LJ01C-07-VEL3DC107,7,False,,,0,0,,0.125,,,,,,,,,,,,,,,,False
2021-03-06,CE04OSBP-LJ01C-07-VEL3DC107,7,False,,,0,0,,0.125,,,,,,,,,,,,,,,,False
2021-03-07,CE04OSBP-LJ01C-07-VEL3DC107,7,False,,,0,0,,0.125,,,,,,,,,,,,,,,,False
2021-03-08,CE04OSBP-LJ01C-07-VEL3DC107,7,False,,,0,0,,0.125,,,,,,,,,,,,,,,,False
2021-03-09,CE04OSBP-LJ01C-07-VEL3DC107,7,False,,,0,0,,0.125,,,,,,,,,,,,,,,,False
2021-03-10,CE04OSBP-LJ01C-07-VEL3DC107,7,False,,,0,0,,0.125,,,,,,,,,,,,,,,,False
2021-03-11,CE04OSBP-LJ01C-07-VEL3DC107,7,False,,,0,0,,0.125,,,,,,,,,,,,,,,,False
2021-03-12,CE04OSBP-LJ01C-07-VEL3DC107,7,False,,,0,0,,0.125,,,,,,,,,,,,,,,,False
2021-03-13,CE04OSBP-LJ01C-07-VEL3DC107,7,False,,,0,0,,0.125,,,,,,,,,,,,,,,,False
2021-03-14,CE04OSBP-LJ01C-07-VEL3DC107,7,False,,,0,0,,0.125,,,,,,,,,,,,,,,,False
2021-03-15,CE04OSBP-LJ01C-07-VEL3DC107,7,False,,,0,0,,0.125,,,,,,,,,,,,,,,,False
2021-03-16,CE04OSBP-LJ01C-07-VEL3DC107,7,False,,,0,0,,0.125,,,,,,,,,,,,,,,,False
2021-03-17,CE04OSBP-LJ01C-07-VEL3DC107,7,False,,,0,0,,0.125,,,,,,,,,,,,,,,,False
2021-03-18,CE04OSBP-LJ01C-07-VEL3DC107,7,False,,,0,0,,0.125,,,,,,,,,,,,,,,,False
2021-03-19,CE04OSBP-LJ01C-07-VEL3DC107,7,False,,,0,0,,0.125,,,,,,,,,,,,,,,,False
2021-03-20,CE04OSBP-LJ01C-07-VEL3DC107,7,False,,,0,0,,0.125,,,,,,,,,,,,,,,,False
2021-03-21,CE04OSBP-LJ01C-07-VEL3DC107,7,False,,,0,0,,0.125,,,,,,,,,,,,,,,,False
2021-03-22,CE04OSBP-LJ01C-07-VEL3DC107,7,False,,,0,0,,0.125,,,,,,,,,,,,,,,,False
2021-03-23,CE04OSBP-LJ01C-07-VEL3DC107,7,False,,,0,0,,0.125,,,,,,,,,,,,,,,,False
2021-03-24,CE04OSBP-LJ01C-07-VEL3DC107,7,False,,,0,0,,0.125,,,,,,,,,,,,,,,,False
2021-03-25,CE04OSBP-LJ01C-07-VEL3DC107,7,False,,,0,0,,0.125,,,,,,,,,,,,,,,,False
2021-03-26,CE04OSBP-LJ01C-07-VEL3DC107,7,False,,,0,0,,0.125,,,,,,,,,,,,,,,,False
2021-03-27,CE04OSBP-LJ01C-07-VEL3DC107,7,False,,,0,0,,0.125,,,,,,,,,,,,,,,,False
2021-03-28,CE04OSBP-LJ01C-07-VEL3DC107,7,False,,,0,0,,0.125,,,,,,,,,,,,,,,,False
2021-03-29,CE04OSBP-LJ01C-07-VEL3DC107,7,False,,,0,0,,0.125,,,,,,,,,,,,,,,,False
2021-03-30,CE04OSBP-LJ01C-07-VEL3DC107,7,False,,,0,0,,0.125,,,,,,,,,,,,,,,,False
2021-03-31,CE04OSBP-LJ01C-07-VEL3DC107,7,False,,,0,0,,0.125,,,,,,,,,,,,,,,,False
2021-04-01,CE04OSBP-LJ01C-07-VEL3DC107,7,False,,,0,0,,0.125,,,,,,,,,,,,,,,,False
2021-04-02,CE04OSBP-LJ01C-07-VEL3DC107,7,False,,,0,0,,0.125,,,,,,,,,,,,,,,,False
2021-04-03,CE04OSBP-LJ01C-07-VEL3DC107,7,False,,,0,0,,0.125,,,,,,,,,,,,,,,,False
2021-04-04,CE04OSBP-LJ01C-07-VEL3DC107,7,False,,,0,0,,0.125,,,,,,,,,,,,,,,,False
2021-04-05,CE04OSBP-LJ01C-07-VEL3DC107,7,False,,,0,0,,0.125,,,,,,,,,,,,,,,,False
2021-04-06,CE04OSBP-LJ01C-07-VEL3DC107,7,False,,,0,0,,0.125,,,,,,,,,,,,,,,,False
2021-04-07,CE04OSBP-LJ01C-07-VEL3DC107,7,False,,,0,0,,0.125,,,,,,,,,,,,,,,,False
2021-04-08,CE04OSBP-LJ01C-07-VEL3DC107,7,False,,,0,0,,0.125,,,,,,,,,,,,,,,,False
2021-04-09,CE04OSBP-LJ01C-07-VEL3DC107,7,False,,,0,0,,0.125,,,,,,,,,,,,,,,,False
2021-04-10,CE04OSBP-LJ01C-07-VEL3DC107,7,False,,,0,0,,0.125,,,,,,,,,,,,,,,,False
2021-04-11,CE04OSBP-LJ01C-07-VEL3DC107,7,False,,,0,0,,0.125,,,,,,,,,,,,,,,,False
2021-04-12,CE04OSBP-LJ01C-07-VEL3DC107,7,False,,,0,0,,0.125,,,,,,,,,,,,,,,,False
2021-04-13,CE04OSBP-LJ01C-07-VEL3DC107,7,False,,,0,0,,0.125,,,,,,,,,,,,,,,,False
2021-04-14,CE04OSBP-LJ01C-07-VEL3DC107,7,False,,,0,0,,0.125,,,,,,,,,,,,,,,,False
2021-04-15,CE04OSBP-LJ01C-07-VEL3DC107,7,False,,,0,0,,0.125,,,,,,,,,,,,,,,,False
2021-04-16,CE04OSBP-LJ01C-07-VEL3DC107,7,False,,,0,0,,0.125,,,,,,,,,,,,,,,,False
2021-04-17,CE04OSBP-LJ01C-07-VEL3DC107,7,False,,,0,0,,0.125,,,,,,,,,,,,,,,,False
2021-04-18,CE04OSBP-LJ01C-07-VEL3DC107,7,False,,,0,0,,0.125,,,,,,,,,,,,,,,,False
2021-04-19,CE04OSBP-LJ01C-07-VEL3DC107,7,False,,,0,0,,0.125,,,,,,,,,,,,,,,,False
2021-04-20,CE04OSBP-LJ01C-07-VEL3DC107,7,False,,,0,0,,0.125,,,,,,,,,,,,,,,,False
2021-04-21,CE04OSBP-LJ01C-07-VEL3DC107,7,False,,,0,0,,0.125,,,,,,,,,,,,,,,,False
2021-04-22,CE04OSBP-LJ01C-07-VEL3DC107,7,False,,,0,0,,0.125,,,,,,,,,,,,,,,,False
2021-04-23,CE04OSBP-LJ01C-07-VEL3DC107,7,False,,,0,0,,0.125,,,,,,,,,,,,,,,,False
2021-04-24,CE04OSBP-LJ01C-07-VEL3DC107,7,False,,,0,0,,0.125,,,,,,,,,,,,,,,,False
2021-04-25,CE04OSBP-LJ01C-07-VEL3DC107,7,False,,,0,0,,0.125,,,,,,,,,,,,,,,,False
2021-04-26,CE04OSBP-LJ01C-07-VEL3DC107,7,False,,,0,0,,0.125,,,,,,,,,,,,,,,,False
2021-04-27,CE04OSBP-LJ01C-07-VEL3DC107,7,False,,,0,0,,0.125,,,,,,,,,,,,,,,,False
2021-04-28,CE04OSBP-LJ01C-07-VEL3DC107,7,False,,,0,0,,0.125,,,,,,,,,,,,,,,,False
2021-04-29,CE04OSBP-LJ01C-07-VEL3DC107,7,False,,,0,0,,0.125,,,,,,,,,,,,,,,,False
2021-04-30,CE04OSBP-LJ01C-07-VEL3DC107,7,False,,,0,0,,0.125,,,,,,,,,,,,,,,,False
2021-05-01,CE04OSBP-LJ01C-07-VEL3DC107,7,False,,,0,0,,0.125,,,,,,,,,,,,,,,,False
2021-05-02,CE04OSBP-LJ01C-07-VEL3DC107,7,False,,,0,0,,0.125,,,,,,,,,,,,,,,,False
2021-05-03,CE04OSBP-LJ01C-07-VEL3DC107,7,False,,,0,0,,0.125,,,,,,,,,,,,,,,,False
2021-05-04,CE04OSBP-LJ01C-07-VEL3DC107,7,False,,,0,0,,0.125,,,,,,,,,,,,,,,,False
2021-05-05,CE04OSBP-LJ01C-07-VEL3DC107,7,False,,,0,0,,0.125,,,,,,,,,,,,,,,,False
2021-05-06,CE04OSBP-LJ01C-07-VEL3DC107,7,False,,,0,0,,0.125,,,,,,,,,,,,,,,,False
2021-05-07,CE04OSBP-LJ01C-07-VEL3DC107,7,False,,,0,0,,0.125,,,,,,,,,,,,,,,,False
2021-05-08,CE04OSBP-LJ01C-07-VEL3DC107,7,False,,,0,0,,0.125,,,,,,,,,,,,,,,,False
2021-05-09,CE04OSBP-LJ01C-07-VEL3DC107,7,False,,,0,0,,0.125,,,,,,,,,,,,,,,,False
2021-05-10,CE04OSBP-LJ01C-07-VEL3DC107,7,False,,,0,0,,0.125,,,,,,,,,,,,,,,,False
2021-05-11,CE04OSBP-LJ01C-07-VEL3DC107,7,False,,,0,0,,0.125,,,,,,,,,,,,,,,,False
2021-05-12,CE04OSBP-LJ01C-07-VEL3DC107,7,False,,,0,0,,0.125,,,,,,,,,,,,,,,,False
2021-05-13,CE04OSBP-LJ01C-07-VEL3DC107,7,False,,,0,0,,0.125,,,,,,,,,,,,,,,,False
2021-05-14,CE04OSBP-LJ01C-07-VEL3DC107,7,False,,,0,0,,0.125,,,,,,,,,,,,,,,,False
2021-05-15,CE04OSBP-LJ01C-07-VEL3DC107,7,False,,,0,0,,0.125,,,,,,,,,,,,,,,,False
2021-05-16,CE04OSBP-LJ01C-07-VEL3DC107,7,False,,,0,0,,0.125,,,,,,,,,,,,,,,,False
2021-05-17,CE04OSBP-LJ01C-07-VEL3DC107,7,False,,,0,0,,0.125,,,,,,,,,,,,,,,,False
2021-05-18,CE04OSBP-LJ01C-07-VEL3DC107,7,False,,,0,0,,0.125,,,,,,,,,,,,,,,,False
2021-05-19,CE04OSBP-LJ01C-07-VEL3DC107,7,False,,,0,0,,0.125,,,,,,,,,,,,,,,,False
2021-05-20,CE04OSBP-LJ01C-07-VEL3DC107,7,False,,,0,0,,0.125,,,,,,,,,,,,,,,,False
2021-05-21,CE04OSBP-LJ01C-07-VEL3DC107,7,False,,,0,0,,0.125,,,,,,,,,,,,,,,,False
2021-05-22,CE04OSBP-LJ01C-07-VEL3DC107,7,False,,,0,0,,0.125,,,,,,,,,,,,,,,,False
2021-05-23,CE04OSBP-LJ01C-07-VEL3DC107,7,False,,,0,0,,0.125,,,,,,,,,,,,,,,,False
2021-05-24,CE04OSBP-LJ01C-07-VEL3DC107,7,False,,,0,0,,0.125,,,,,,,,,,,,,,,,False
2021-05-25,CE04OSBP-LJ01C-07-VEL3DC107,7,False,,,0,0,,0.125,,,,,,,,,,,,,,,,False
2021-05-26,CE04OSBP-LJ01C-07-VEL3DC107,7,False,,,0,0,,0.125,,,,,,,,,,,,,,,,False
2021-05-27,CE04OSBP-LJ01C-07-VEL3DC107,7,False,,,0,0,,0.125,,,,,,,,,,,,,,,,False
2021-05-28,CE04OSBP-LJ01C-07-VEL3DC107,7,False,,,0,0,,0.125,,,,,,,,,,,,,,,,False
2021-05-29,CE04OSBP-LJ01C-07-VEL3DC107,7,False,,,0,0,,0.125,,,,,,,,,,,,,,,,False
2021-05-30,CE04OSBP-LJ01C-07-VEL3DC107,7,False,,,0,0,,0.125,,,,,,,,,,,,,,,,False
2021-05-31,CE04OSBP-LJ01C-07-VEL3DC107,7,False,,,0,0,,0.125,,,,,,,,,,,,,,,,False
2021-06-01,CE04OSBP-LJ01C-07-VEL3DC107,7,False,,,0,0,,0.125,,,,,,,,,,,,,,,,False
2021-06-02,CE04OSBP-LJ01C-07-VEL3DC107,7,False,,,0,0,,0.125,,,,,,,,,,,,,,,,False
2021-06-03,CE04OSBP-LJ01C-07-VEL3DC107,7,False,,,0,0,,0.125,,,,,,,,,,,,,,,,False
2021-06-04,CE04OSBP-LJ01C-07-VEL3DC107,7,False,,,0,0,,0.125,,,,,,,,,,,,,,,,False
2021-06-05,CE04OSBP-LJ01C-07-VEL3DC107,7,False,,,0,0,,0.125,,,,,,,,,,,,,,,,False
2021-06-06,CE04OSBP-LJ01C-07-VEL3DC107,7,False,,,0,0,,0.125,,,,,,,,,,,,,,,,False
2021-06-07,CE04OSBP-LJ01C-07-VEL3DC107,7,False,,,0,0,,0.125,,,,,,,,,,,,,,,,False
2021-06-08,CE04OSBP-LJ01C-07-VEL3DC107,7,False,,,0,0,,0.125,,,,,,,,,,,,,,,,False
2021-06-09,CE04OSBP-LJ01C-07-VEL3DC107,7,False,,,0,0,,0.125,,,,,,,,,,,,,,,,False
2021-06-10,CE04OSBP-LJ01C-07-VEL3DC107,7,False,,,0,0,,0.125,,,,,,,,,,,,,,,,False
2021-06-11,CE04OSBP-LJ01C-07-VEL3DC107,7,False,,,0,0,,0.125,,,,,,,,,,,,,,,,False
2021-06-12,CE04OSBP-LJ01C-07-VEL3DC107,7,False,,,0,0,,0.125,,,,,,,,,,,,,,,,False
2021-06-13,CE04OSBP-LJ01C-07-VEL3DC107,7,False,,,0,0,,0.125,,,,,,,,,,,,,,,,False
2021-06-14,CE04OSBP-LJ01C-07-VEL3DC107,7,False,,,0,0,,0.125,,,,,,,,,,,,,,,,False
2021-06-15,CE04OSBP-LJ01C-07-VEL3DC107,7,False,,,0,0,,0.125,,,,,,,,,,,,,,,,False
2021-06-16,CE04OSBP-LJ01C-07-VEL3DC107,7,False,,,0,0,,0.125,,,,,,,,,,,,,,,,False
2021-06-17,CE04OSBP-LJ01C-07-VEL3DC107,7,False,,,0,0,,0.125,,,,,,,,,,,,,,,,False
2021-06-18,CE04OSBP-LJ01C-07-VEL3DC107,7,False,,,0,0,,0.125,,,,,,,,,,,,,,,,False
2021-06-19,CE04OSBP-LJ01C-07-VEL3DC107,7,False,,,0,0,,0.125,,,,,,,,,,,,,,,,False
2021-06-20,CE04OSBP-LJ01C-07-VEL3DC107,7,False,,,0,0,,0.125,,,,,,,,,,,,,,,,False
2021-06-21,CE04OSBP-LJ01C-07-VEL3DC107,7,False,,,0,0,,0.125,,,,,,,,,,,,,,,,False
2021-06-22,CE04OSBP-LJ01C-07-VEL3DC107,7,False,,,0,0,,0.125,,,,,,,,,,,,,,,,False
2021-06-23,CE04OSBP-LJ01C-07-VEL3DC107,7,False,,,0,0,,0.125,,,,,,,,,,,,,,,,False
2021-06-24,CE04OSBP-LJ01C-07-VEL3DC107,7,False,,,0,0,,0.125,,,,,,,,,,,,,,,,False
2021-06-25,CE04OSBP-LJ01C-07-VEL3DC107,7,False,,,0,0,,0.125,,,,,,,,,,,,,,,,False
2021-06-26,CE04OSBP-LJ01C-07-VEL3DC107,7,False,,,0,0,,0.125,,,,,,,,,,,,,,,,False
2021-06-27,CE04OSBP-LJ01C-07-VEL3DC107,7,False,,,0,0,,0.125,,,,,,,,,,,,,,,,False
2021-06-28,CE04OSBP-LJ01C-07-VEL3DC107,7,False,,,0,0,,0.125,,,,,,,,,,,,,,,,False
2021-06-29,CE04OSBP-LJ01C-07-VEL3DC107,7,False,,,0,0,,0.125,,,,,,,,,,,,,,,,False
2021-06-30,CE04OSBP-LJ01C-07-VEL3DC107,7,False,,,0,0,,0.125,,,,,,,,,,,,,,,,False
2021-07-01,CE04OSBP-LJ01C-07-VEL3DC107,7,False,,,0,0,,0.125,,,,,,,,,,,,,,,,False
2021-07-02,CE04OSBP-LJ01C-07-VEL3DC107,7,False,,,0,0,,0.125,,,,,,,,,,,,,,,,False
2021-07-03,CE04OSBP-LJ01C-07-VEL3DC107,7,False,,,0,0,,0.125,,,,,,,,,,,,,,,,False
2021-07-04,CE04OSBP-LJ01C-07-VEL3DC107,7,False,,,0,0,,0.125,,,,,,,,,,,,,,,,False
2021-07-05,CE04OSBP-LJ01C-07-VEL3DC107,7,False,,,0,0,,0.125,,,,,,,,,,,,,,,,False
2021-07-06,CE04OSBP-LJ01C-07-VEL3DC107,7,False,,,0,0,,0.125,,,,,,,,,,,,,,,,False
2021-07-07,CE04OSBP-LJ01C-07-VEL3DC107,7,False,,,0,0,,0.125,,,,,,,,,,,,,,,,False
2021-07-08,CE04OSBP-LJ01C-07-VEL3DC107,7,False,,,0,0,,0.125,,,,,,,,,,,,,,,,False
2021-07-09,CE04OSBP-LJ01C-07-VEL3DC107,7,False,,,0,0,,0.125,,,,,,,,,,,,,,,,False
2021-07-10,CE04OSBP-LJ01C-07-VEL3DC107,7,False,,,0,0,,0.125,,,,,,,,,,,,,,,,False
2021-07-11,CE04OSBP-LJ01C-07-VEL3DC107,7,False,,,0,0,,0.125,,,,,,,,,,,,,,,,False
2021-07-12,CE04OSBP-LJ01C-07-VEL3DC107,7,False,,,0,0,,0.125,,,,,,,,,,,,,,,,False
2021-07-13,CE04OSBP-LJ01C-07-VEL3DC107,7,False,,,0,0,,0.125,,,,,,,,,,,,,,,,False
2021-07-14,CE04OSBP-LJ01C-07-VEL3DC107,7,False,,,0,0,,0.125,,,,,,,,,,,,,,,,False
2021-07-15,CE04OSBP-LJ01C-07-VEL3DC107,7,False,,,0,0,,0.125,,,,,,,,,,,,,,,,False
2021-07-16,CE04OSBP-LJ01C-07-VEL3DC107,7,False,,,0,0,,0.125,,,,,,,,,,,,,,,,False
2021-07-17,CE04OSBP-LJ01C-07-VEL3DC107,7,False,,,0,0,,0.125,,,,,,,,,,,,,,,,False
2021-07-18,CE04OSBP-LJ01C-07-VEL3DC107,7,False,,,0,0,,0.125,,,,,,,,,,,,,,,,False
2021-07-19,CE04OSBP-LJ01C-07-VEL3DC107,7,False,,,0,0,,0.125,,,,,,,,,,,,,,,,False
2021-07-20,CE04OSBP-LJ01C-07-VEL3DC107,7,False,,,0,0,,0.125,,,,,,,,,,,,,,,,False
2021-07-21,CE04OSBP-LJ01C-07-VEL3DC107,7,False,,,0,0,,0.125,,,,,,,,,,,,,,,,False
2021-07-22,CE04OSBP-LJ01C-07-VEL3DC107,7,False,,,0,0,,0.125,,,,,,,,,,,,,,,,False
2021-07-23,CE04OSBP-LJ01C-07-VEL3DC107,7,False,,,0,0,,0.125,,,,,,,,,,,,,,,,False
2021-07-24,CE04OSBP-LJ01C-07-VEL3DC107,7,False,,,0,0,,0.125,,,,,,,,,,,,,,,,False
2021-07-25,CE04OSBP-LJ01C-07-VEL3DC107,7,False,,,0,0,,0.125,,,,,,,,,,,,,,,,False
2021-07-26,CE04OSBP-LJ01C-07-VEL3DC107,7,False,,,0,0,,0.125,,,,,,,,,,,,,,,,False
2021-07-27,CE04OSBP-LJ01C-07-VEL3DC107,7,False,,,0,0,,0.125,,,,,,,,,,,,,,,,False
2021-07-28,CE04OSBP-LJ01C-07-VEL3DC107,7,False,,,0,0,,0.125,,,,,,,,,,,,,,,,False
2021-07-29,CE04OSBP-LJ01C-07-VEL3DC107,7,False,,,0,0,,0.125,,,,,,,,,,,,,,,,False
2021-07-30,CE04OSBP-LJ01C-07-VEL3DC107,7,False,,,0,0,,0.125,,,,,,,,,,,,,,,,False
2021-07-31,CE04OSBP-LJ01C-07-VEL3DC107,7,False,,,0,0,,0.125,,,,,,,,,,,,,,,,False
2021-08-01,CE04OSBP-LJ01C-07-VEL3DC107,7,False,,,0,0,,0.125,,,,,,,,,,,,,,,,False
2021-08-02,CE04OSBP-LJ01C-07-VEL3DC107,7,False,,,0,0,,0.125,,,,,,,,,,,,,,,,False
2021-08-03,CE04OSBP-LJ01C-07-VEL3DC107,7,False,,,0,0,,0.125,,,,,,,,,,,,,,,,False
2021-08-04,CE04OSBP-LJ01C-07-VEL3DC107,7,False,,,0,0,,0.125,,,,,,,,,,,,,,,,False
2021-08-05,CE04OSBP-LJ01C-07-VEL3DC107,0,False,,,0,0,,,,,,,,,,,,,,,,,,False
2021-08-06,CE04OSBP-LJ01C-07-VEL3DC107,0,False,,,0,0,,,,,,,,,,,,,,,,,,False
2021-08-07,CE04OSBP-LJ01C-07-VEL3DC107,0,False,,,0,0,,,,,,,,,,,,,,,,,,False
2021-08-08,CE04OSBP-LJ01C-07-VEL3DC107,0,False,,,0,0,,,,,,,,,,,,,,,,,,False
2021-08-09,CE04OSBP-LJ01C-07-VEL3DC107,0,False,,,0,0,,,,,,,,,,,,,,,,,,False
2021-08-10,CE04OSBP-LJ01C-07-VEL3DC107,0,False,,,0,0,,,,,,,,,,,,,,,,,,False
2021-08-11,CE04OSBP-LJ01C-07-VEL3DC107,0,False,,,0,0,,,,,,,,,,,,,,,,,,False
2021-08-12,CE04OSBP-LJ01C-07-VEL3DC107,0,False,,,0,0,,,,,,,,,,,,,,,,,,False
2021-08-13,CE04OSBP-LJ01C-07-VEL3DC107,0,False,,,0,0,,,,,,,,,,,,,,,,,,False
2021-08-14,CE04OSBP-LJ01C-07-VEL3DC107,0,False,,,0,0,,,,,,,,,,,,,,,,,,False
2021-08-15,CE04OSBP-LJ01C-07-VEL3DC107,0,False,,,0,0,,,,,,,,,,,,,,,,,,False
2021-08-16,CE04OSBP-LJ01C-07-VEL3DC107,0,False,,,0,0,,,,,,,,,,,,,,,,,,False
2021-08-17,CE04OSBP-LJ01C-07-VEL3DC107,0,False,,,0,0,,,,,,,,,,,,,,,,,,False
2021-08-18,CE04OSBP-LJ01C-07-VEL3DC107,0,False,,,0,0,,,,,,,,,,,,,,,,,,False
2021-08-19,CE04OSBP-LJ01C-07-VEL3DC107,0,False,,,0,0,,,,,,,,,,,,,,,,,,False
2021-08-20,CE04OSBP-LJ01C-07-VEL3DC107,0,False,,,0,0,,,,,,,,,,,,,,,,,,False
2021-08-21,CE04OSBP-LJ01C-07-VEL3DC107,0,False,,,0,0,,,,,,,,,,,,,,,,,,False
2021-08-22,CE04OSBP-LJ01C-07-VEL3DC107,0,False,,,0,0,,,,,,,,,,,,,,,,,,False
2021-08-23,CE04OSBP-LJ01C-07-VEL3DC107,8,False,,,0,0,,0.125,,,,,,,,,,,,,,,,False
2021-08-24,CE04OSBP-LJ01C-07-VEL3DC107,8,True,2021-08-24T20:33:46Z,2021-08-24T23:59:59Z,98612,98989,377,0.125,0.124879837,0.124999887,0.00085179,1,377,1,377,-0.0,1.007586,2.298911,-3.350167e-11,0.008060694,0.01839131,False,0.373948,True
2021-08-25,CE04OSBP-LJ01C-07-VEL3DC107,8,True,2021-08-25T00:00:00Z,2021-08-25T23:59:59Z,691200,691200,0,0.125,0.124879837,0.124999938,-0.002566869,0,0,0,0,5e-06,3.171639,9.85309,3.719649e-08,0.02537312,0.07882476,False,0.034033,False
2021-08-26,CE04OSBP-LJ01C-07-VEL3DC107,8,True,2021-08-26T00:00:00Z,2021-08-26T23:59:59Z,691201,691201,0,0.125,0.124879837,0.12499997,-0.00636489,0,0,15,15,2e-06,2.531118,6.612357,1.88684e-08,0.02024895,0.05289887,False,0.030639,False
2021-08-27,CE04OSBP-LJ01C-07-VEL3DC107,8,True,2021-08-27T00:00:00Z,2021-08-27T23:59:59Z,691200,691200,0,0.125,0.124879837,0.124999964,0.002555574,0,0,1,1,1e-06,2.316481,6.347859,5.442109e-09,0.01853185,0.05078289,False,0.034885,False
2021-08-28,CE04OSBP-LJ01C-07-VEL3DC107,8,True,2021-08-28T00:00:00Z,2021-08-28T23:59:59Z,691200,691200,0,0.125,0.124879837,0.12499996,7.1934e-05,0,0,0,0,5e-06,2.674485,6.968689,3.706373e-08,0.02139589,0.05574953,False,0.027691,False
2021-08-29,CE04OSBP-LJ01C-07-VEL3DC107,8,True,2021-08-29T00:00:00Z,2021-08-29T23:59:59Z,691105,691201,96,0.125,0.124879837,0.124999892,-0.002645518,7,96,7,102,1e-06,2.253376,6.120038,4.290701e-09,0.01802702,0.04896034,False,0.095116,True
2021-08-30,CE04OSBP-LJ01C-07-VEL3DC107,8,True,2021-08-30T00:00:00Z,2021-08-30T23:59:59Z,691200,691200,0,0.125,0.124879837,0.124999918,-0.000132975,0,0,0,0,5e-06,1.955392,9.126503,3.801804e-08,0.01564315,0.07301208,False,0.050941,False
2021-08-31,CE04OSBP-LJ01C-07-VEL3DC107,8,True,2021-08-31T00:00:00Z,2021-08-31T23:59:59Z,691201,691201,0,0.125,0.124879837,0.124999909,0.001108047,0,0,3,3,-8e-06,1.344597,3.791267,-6.271116e-08,0.01075679,0.03033016,False,0.027607,False
2021-09-01,CE04OSBP-LJ01C-07-VEL3DC107,8,True,2021-09-01T00:00:00Z,2021-09-01T23:59:59Z,691200,691200,0,0.125,0.124879837,0.124999902,-0.000804577,0,0,8,8,1e-06,1.255125,4.10508,1.080383e-08,0.01004101,0.03284066,False,0.02766,False
2021-09-02,CE04OSBP-LJ01C-07-VEL3DC107,8,True,2021-09-02T00:00:00Z,2021-09-02T23:59:59Z,691201,691201,0,0.125,0.124879837,0.12499991,-0.002084087,0,0,6,6,-9e-06,1.476003,6.05745,-7.205961e-08,0.01180804,0.04845963,False,0.049929,False
2021-09-03,CE04OSBP-LJ01C-07-VEL3DC107,8,True,2021-09-03T00:00:00Z,2021-09-03T23:59:59Z,691200,691200,0,0.125,0.124879837,0.124999909,0.002206806,0,0,0,0,5e-06,1.138679,3.015786,3.77451e-08,0.009109442,0.02412631,False,0.024785,False
2021-09-04,CE04OSBP-LJ01C-07-VEL3DC107,8,True,2021-09-04T00:00:00Z,2021-09-04T23:59:59Z,691201,691201,0,0.125,0.124879837,0.124999895,-0.001210302,0,0,6,6,1e-06,1.154704,3.390403,7.652613e-09,0.009237643,0.02712325,False,0.026473,False
2021-09-05,CE04OSBP-LJ01C-07-VEL3DC107,8,True,2021-09-05T00:00:00Z,2021-09-05T23:59:59Z,691200,691200,0,0.125,0.124879837,0.124999895,0.001705452,0,0,0,0,5e-06,1.447573,8.15843,3.753245e-08,0.0115806,0.06526749,False,0.054908,False
2021-09-06,CE04OSBP-LJ01C-07-VEL3DC107,8,True,2021-09-06T00:00:00Z,2021-09-06T23:59:59Z,691201,691201,0,0.125,0.124879837,0.124999923,-0.002657714,0,0,8,8,1e-06,2.153251,5.94231,4.478447e-09,0.01722602,0.04753851,False,0.032914,False
2021-09-07,CE04OSBP-LJ01C-07-VEL3DC107,8,True,2021-09-07T00:00:00Z,2021-09-07T23:59:59Z,691200,691200,0,0.125,0.124879837,0.124999907,0.001518975,0,0,0,0,5e-06,1.849779,5.204978,3.836173e-08,0.01479825,0.04163986,False,0.028271,False
2021-09-08,CE04OSBP-LJ01C-07-VEL3DC107,8,True,2021-09-08T00:00:00Z,2021-09-08T23:59:59Z,691201,691201,0,0.125,0.124879837,0.124999905,-0.002167985,0,0,6,6,-1e-06,1.72286,4.960723,-1.174146e-08,0.01378289,0.03968581,False,0.026393,False
2021-09-09,CE04OSBP-LJ01C-07-VEL3DC107,8,True,2021-09-09T00:00:00Z,2021-09-09T23:59:59Z,685664,691205,5541,0.125,0.124879837,0.12499911,0.150221108,2,5541,2,5541,-2e-06,125.201679,285.008837,-1.331176e-08,1.001621,2.280087,True,0.488457,True
2021-09-10,CE04OSBP-LJ01C-07-VEL3DC107,8,True,2021-09-10T00:00:00Z,2021-09-10T23:59:59Z,691201,691201,0,0.125,0.124879837,0.124999909,-0.001051066,0,0,12,12,-2e-06,1.175954,3.541475,-1.343007e-08,0.009407638,0.02833182,False,0.027706,False
2021-09-11,CE04OSBP-LJ01C-07-VEL3DC107,8,True,2021-09-11T00:00:00Z,2021-09-11T23:59:59Z,691200,691200,0,0.125,0.124879837,0.124999912,7.871e-05,0,0,0,0,5e-06,1.33781,3.820978,3.756662e-08,0.01070249,0.03056785,False,0.025904,False
2021-09-12,CE04OSBP-LJ01C-07-VEL3DC107,8,True,2021-09-12T00:00:00Z,2021-09-12T23:59:59Z,691201,691201,0,0.125,0.124879837,0.124999912,0.000152275,0,0,12,12,1e-06,1.714658,4.481537,5.325078e-09,0.01371727,0.03585232,False,0.025113,False
2021-09-13,CE04OSBP-LJ01C-07-VEL3DC107,8,True,2021-09-13T00:00:00Z,2021-09-13T23:59:59Z,691200,691200,0,0.125,0.124879837,0.124999913,8.4998e-05,0,0,0,0,5e-06,1.054687,2.687744,3.744434e-08,0.008437499,0.02150197,False,0.025827,False
2021-09-14,CE04OSBP-LJ01C-07-VEL3DC107,8,True,2021-09-14T00:00:00Z,2021-09-14T23:59:59Z,688835,691203,2368,0.125,0.124879837,0.124999519,-0.051534363,12,2368,12,2379,1e-06,71.84814,133.253497,4.398294e-09,0.5747873,1.066032,True,0.284243,True
2021-09-15,CE04OSBP-LJ01C-07-VEL3DC107,8,True,2021-09-15T00:00:00Z,2021-09-15T23:59:59Z,691200,691200,0,0.125,0.124879837,0.124999926,0.000288767,0,0,0,0,5e-06,1.324994,5.065498,3.681534e-08,0.01059996,0.04052401,False,0.027045,False
2021-09-16,CE04OSBP-LJ01C-07-VEL3DC107,8,True,2021-09-16T00:00:00Z,2021-09-16T23:59:59Z,691200,691200,0,0.125,0.124879837,0.124999932,0.002082202,0,0,0,0,5e-06,1.557686,3.912388,3.692739e-08,0.0124615,0.03129912,False,0.030238,False
2021-09-17,CE04OSBP-LJ01C-07-VEL3DC107,8,True,2021-09-17T00:00:00Z,2021-09-17T23:59:59Z,691201,691201,0,0.125,0.124879837,0.12499992,0.000848787,0,0,4,4,-1e-06,1.41273,3.457876,-7.366592e-09,0.01130184,0.02766302,False,0.026893,False
2021-09-18,CE04OSBP-LJ01C-07-VEL3DC107,8,True,2021-09-18T00:00:00Z,2021-09-18T23:59:59Z,691200,691200,0,0.125,0.124879837,0.124999917,0.001426291,0,0,0,0,5e-06,1.229195,3.437084,3.68783e-08,0.009833565,0.02749669,False,0.027584,False
2021-09-19,CE04OSBP-LJ01C-07-VEL3DC107,8,True,2021-09-19T00:00:00Z,2021-09-19T23:59:59Z,691201,691201,0,0.125,0.124879837,0.124999908,-0.001971211,0,0,12,12,0.0,1.535167,4.214698,1.937949e-10,0.01228134,0.03371761,False,0.027698,False
2021-09-20,CE04OSBP-LJ01C-07-VEL3DC107,8,True,2021-09-20T00:00:00Z,2021-09-20T23:59:59Z,691200,691200,0,0.125,0.124879837,0.124999906,-0.001471036,0,0,0,0,5e-06,1.446642,5.118119,3.756229e-08,0.01157315,0.04094498,False,0.048879,False
2021-09-21,CE04OSBP-LJ01C-07-VEL3DC107,8,True,2021-09-21T00:00:00Z,2021-09-21T23:59:59Z,691201,691201,0,0.125,0.124879837,0.124999906,-0.002743617,0,0,7,7,-1e-06,3.484632,9.245725,-6.420866e-09,0.02787708,0.07396585,False,0.027676,False
2021-09-22,CE04OSBP-LJ01C-07-VEL3DC107,8,True,2021-09-22T00:00:00Z,2021-09-22T23:59:59Z,691200,691200,0,0.125,0.124879837,0.1249999,0.001865351,0,0,2,2,1.3e-05,1.453584,4.193056,1.027426e-07,0.01162868,0.03354448,False,0.027683,False
2021-09-23,CE04OSBP-LJ01C-07-VEL3DC107,8,True,2021-09-23T00:00:00Z,2021-09-23T23:59:59Z,689967,691202,1235,0.125,0.124879837,0.124999758,0.028290976,6,1235,6,1238,1e-06,35.373772,71.508165,6.193124e-09,0.2829907,0.5720664,True,0.197872,True
2021-09-24,CE04OSBP-LJ01C-07-VEL3DC107,8,True,2021-09-24T00:00:00Z,2021-09-24T23:59:59Z,691200,691200,0,0.125,0.124879837,0.124999907,0.00283221,0,0,7,7,-1e-06,1.774728,6.015369,-7.493292e-09,0.01419783,0.04812299,False,0.034766,False
2021-09-25,CE04OSBP-LJ01C-07-VEL3DC107,8,True,2021-09-25T00:00:00Z,2021-09-25T23:59:59Z,691201,691201,0,0.125,0.124879837,0.124999924,-0.00700035,0,0,4,4,-9e-06,2.927092,7.577518,-6.938276e-08,0.02341675,0.06062018,False,0.026473,False
2021-09-26,CE04OSBP-LJ01C-07-VEL3DC107,8,True,2021-09-26T00:00:00Z,2021-09-26T23:59:59Z,691200,691200,0,0.125,0.124879837,0.124999919,0.001454337,0,0,0,0,5e-06,1.506617,4.019845,3.72484e-08,0.01205294,0.03215878,False,0.028111,False
2021-09-27,CE04OSBP-LJ01C-07-VEL3DC107,8,True,2021-09-27T00:00:00Z,2021-09-27T23:59:59Z,691201,691201,0,0.125,0.124879837,0.124999907,-0.000113071,0,0,9,9,1e-06,1.281889,3.592842,1.021889e-08,0.01025512,0.02874275,False,0.024785,False
2021-09-28,CE04OSBP-LJ01C-07-VEL3DC107,8,True,2021-09-28T00:00:00Z,2021-09-28T23:59:59Z,691200,691200,0,0.125,0.124879837,0.124999904,-0.000329046,0,0,0,0,5e-06,1.772373,5.266454,3.666155e-08,0.014179,0.04213166,False,0.027733,False
2021-09-29,CE04OSBP-LJ01C-07-VEL3DC107,8,True,2021-09-29T00:00:00Z,2021-09-29T23:59:59Z,691201,691201,0,0.125,0.124879837,0.12499992,0.00341514,0,0,10,10,1e-06,2.254624,6.338129,4.63983e-09,0.018037,0.05070506,False,0.025866,False
2021-09-30,CE04OSBP-LJ01C-07-VEL3DC107,8,True,2021-09-30T00:00:00Z,2021-09-30T23:59:59Z,691200,691200,0,0.125,0.124879837,0.124999926,0.000322487,0,0,0,0,5e-06,1.214647,4.077456,3.672651e-08,0.009717179,0.03261966,False,0.02658,False
2021-10-01,CE04OSBP-LJ01C-07-VEL3DC107,8,True,2021-10-01T00:00:00Z,2021-10-01T23:59:59Z,691201,691201,0,0.125,0.124879837,0.12499992,0.001571972,0,0,15,15,-0.0,1.154459,3.112124,-1.594505e-09,0.009235679,0.024897,False,0.029493,False
2021-10-02,CE04OSBP-LJ01C-07-VEL3DC107,8,True,2021-10-02T00:00:00Z,2021-10-02T23:59:59Z,691200,691200,0,0.125,0.124879837,0.124999925,-0.001417897,0,0,0,0,5e-06,1.240383,3.474319,3.661599e-08,0.009923067,0.02779457,False,0.027107,False
2021-10-03,CE04OSBP-LJ01C-07-VEL3DC107,8,True,2021-10-03T00:00:00Z,2021-10-03T23:59:59Z,691200,691200,0,0.125,0.124879837,0.124999944,0.002034691,0,0,0,0,5e-06,1.977699,4.583588,3.763056e-08,0.0158216,0.03666872,False,0.024785,False
2021-10-04,CE04OSBP-LJ01C-07-VEL3DC107,8,True,2021-10-04T00:00:00Z,2021-10-04T23:59:59Z,691201,691201,0,0.125,0.124879837,0.124999938,0.000392627,0,0,45,45,-1e-06,2.934239,6.246714,-4.479625e-09,0.02347392,0.04997374,False,0.026106,False
2021-10-05,CE04OSBP-LJ01C-07-VEL3DC107,8,True,2021-10-05T00:00:00Z,2021-10-05T13:37:06Z,392212,392212,0,0.125,0.124879837,0.124999952,0.005453268,0,0,0,0,2e-06,2.464239,6.485326,1.310338e-08,0.01971392,0.05188262,False,0.026553,False
2021-10-06,CE04OSBP-LJ01C-07-VEL3DC107,8,True,2021-10-06T20:10:24Z,2021-10-06T23:59:59Z,110208,110208,0,0.125,0.124879837,0.124999952,0.00155,0,0,0,0,0.0,1.022974,2.442549,4.375799e-11,0.008183791,0.0195404,False,0.024758,False
2021-10-07,CE04OSBP-LJ01C-07-VEL3DC107,8,True,2021-10-07T00:00:00Z,2021-10-07T23:59:59Z,691201,691201,0,0.125,0.124879837,0.124999928,0.001328177,0,0,16,16,0.0,1.020864,2.499533,8.197388e-10,0.008166917,0.01999627,False,0.025117,False
2021-10-08,CE04OSBP-LJ01C-07-VEL3DC107,8,True,2021-10-08T00:00:00Z,2021-10-08T23:59:59Z,691200,691200,0,0.125,0.124879837,0.124999917,-0.001542201,0,0,0,0,5e-06,1.930827,5.75302,3.818292e-08,0.01544663,0.04602419,False,0.027668,False
2021-10-09,CE04OSBP-LJ01C-07-VEL3DC107,8,True,2021-10-09T00:00:00Z,2021-10-09T23:59:59Z,691201,691201,0,0.125,0.124879837,0.124999916,0.002013671,0,0,11,11,6e-06,1.475729,4.200424,4.824649e-08,0.01180584,0.03360341,False,0.028695,False
2021-10-10,CE04OSBP-LJ01C-07-VEL3DC107,8,True,2021-10-10T00:00:00Z,2021-10-10T23:59:59Z,691200,691200,0,0.125,0.124879837,0.124999908,-0.000509285,0,0,0,0,5e-06,1.251847,3.673717,3.666146e-08,0.01001478,0.02938976,False,0.02522,False
2021-10-11,CE04OSBP-LJ01C-07-VEL3DC107,8,True,2021-10-11T00:00:00Z,2021-10-11T23:59:59Z,691201,691201,0,0.125,0.124879837,0.124999909,0.001099866,0,0,7,7,2e-06,1.360652,11.416748,1.228843e-08,0.01088522,0.09133405,False,0.074031,False
2021-10-12,CE04OSBP-LJ01C-07-VEL3DC107,8,True,2021-10-12T00:00:00Z,2021-10-12T23:59:59Z,691200,691200,0,0.125,0.124879837,0.124999918,0.000101516,0,0,0,0,5e-06,1.066067,2.992193,3.707487e-08,0.008528543,0.02393756,False,0.02734,False
2021-10-13,CE04OSBP-LJ01C-07-VEL3DC107,8,True,2021-10-13T00:00:00Z,2021-10-13T23:59:59Z,691200,691200,0,0.125,0.124879837,0.124999913,-0.001595259,0,0,0,0,5e-06,1.323454,3.931971,3.666031e-08,0.01058764,0.03145579,False,0.029863,False
2021-10-14,CE04OSBP-LJ01C-07-VEL3DC107,8,True,2021-10-14T00:00:00Z,2021-10-14T23:59:59Z,691201,691201,0,0.125,0.124879837,0.124999923,0.000402725,0,0,8,8,-1e-06,1.166216,4.343448,-8.855845e-09,0.009329736,0.03474761,False,0.025289,False
2021-10-15,CE04OSBP-LJ01C-07-VEL3DC107,8,True,2021-10-15T00:00:00Z,2021-10-15T23:59:59Z,691200,691200,0,0.125,0.124879837,0.124999938,0.0001375,0,0,0,0,5e-06,1.109347,3.060003,3.665421e-08,0.008874781,0.02448004,False,0.026851,False
2021-10-16,CE04OSBP-LJ01C-07-VEL3DC107,8,True,2021-10-16T00:00:00Z,2021-10-16T23:59:59Z,691201,691201,0,0.125,0.124879837,0.124999939,0.000283347,0,0,22,22,-3e-06,1.14217,3.401435,-2.367643e-08,0.009137361,0.02721149,False,0.028829,False
2021-10-17,CE04OSBP-LJ01C-07-VEL3DC107,8,True,2021-10-17T00:00:00Z,2021-10-17T23:59:59Z,691200,691200,0,0.125,0.124879837,0.124999937,0.000242536,0,0,0,0,5e-06,1.119401,3.21305,3.706503e-08,0.008955209,0.02570441,False,0.027683,False
2021-10-18,CE04OSBP-LJ01C-07-VEL3DC107,8,True,2021-10-18T00:00:00Z,2021-10-18T23:59:59Z,691200,691200,0,0.125,0.124879837,0.124999937,0.000509317,0,0,0,0,5e-06,1.118871,3.043185,3.772931e-08,0.008950976,0.02434549,False,0.024785,False
2021-10-19,CE04OSBP-LJ01C-07-VEL3DC107,8,True,2021-10-19T00:00:00Z,2021-10-19T23:59:59Z,691201,691201,0,0.125,0.124879837,0.124999925,-0.001422682,0,0,8,8,-1e-06,1.02631,2.627573,-7.001904e-09,0.008210482,0.02102059,False,0.025098,False
2021-10-20,CE04OSBP-LJ01C-07-VEL3DC107,8,True,2021-10-20T00:00:00Z,2021-10-20T23:59:59Z,691200,691200,0,0.125,0.124879837,0.124999909,0.002455067,0,0,0,0,5e-06,1.389984,3.848419,3.760678e-08,0.01111988,0.03078738,False,0.02795,False
2021-10-21,CE04OSBP-LJ01C-07-VEL3DC107,8,True,2021-10-21T00:00:00Z,2021-10-21T23:59:59Z,691201,691201,0,0.125,0.124879837,0.124999902,-0.001417498,0,0,6,6,1e-06,1.597899,4.438573,7.069661e-09,0.0127832,0.03550861,False,0.028527,False
2021-10-22,CE04OSBP-LJ01C-07-VEL3DC107,8,True,2021-10-22T00:00:00Z,2021-10-22T23:59:59Z,691200,691200,0,0.125,0.124879837,0.124999907,-0.001714739,0,0,0,0,5e-06,1.565623,4.18267,3.74855e-08,0.012525,0.03346139,False,0.029149,False
2021-10-23,CE04OSBP-LJ01C-07-VEL3DC107,8,True,2021-10-23T00:00:00Z,2021-10-23T23:59:59Z,691201,691201,0,0.125,0.124879837,0.124999903,-0.004688785,0,0,6,6,-0.0,1.494036,4.938321,-1.472e-09,0.0119523,0.0395066,False,0.028054,False
2021-10-24,CE04OSBP-LJ01C-07-VEL3DC107,8,True,2021-10-24T00:00:00Z,2021-10-24T23:59:59Z,691200,691200,0,0.125,0.124879837,0.124999903,-0.001405805,0,0,0,0,5e-06,1.274883,4.467957,3.683678e-08,0.01019907,0.03574369,False,0.025094,False
2021-10-25,CE04OSBP-LJ01C-07-VEL3DC107,8,True,2021-10-25T00:00:00Z,2021-10-25T23:59:59Z,691201,691201,0,0.125,0.124879837,0.124999929,-0.002123745,0,0,8,8,0.0,1.118489,3.326567,2.039237e-09,0.00894792,0.02661255,False,0.028516,False
2021-10-26,CE04OSBP-LJ01C-07-VEL3DC107,8,True,2021-10-26T00:00:00Z,2021-10-26T23:59:59Z,691200,691200,0,0.125,0.124879837,0.124999925,0.000721836,0,0,0,0,5e-06,1.06311,2.891648,3.778266e-08,0.008504889,0.0231332,False,0.026858,False
2021-10-27,CE04OSBP-LJ01C-07-VEL3DC107,8,True,2021-10-27T00:00:00Z,2021-10-27T23:59:59Z,691201,691201,0,0.125,0.124879837,0.124999925,0.000752626,0,0,13,13,2e-06,1.053458,2.753713,1.292166e-08,0.008427673,0.02202972,False,0.024804,False
2021-10-28,CE04OSBP-LJ01C-07-VEL3DC107,8,True,2021-10-28T00:00:00Z,2021-10-28T23:59:59Z,691200,691200,0,0.125,0.124879837,0.124999917,0.000766236,0,0,0,0,5e-06,1.044572,2.868621,3.709614e-08,0.008356578,0.02294899,False,0.028317,False
2021-10-29,CE04OSBP-LJ01C-07-VEL3DC107,8,True,2021-10-29T00:00:00Z,2021-10-29T23:59:59Z,691200,691200,0,0.125,0.124879837,0.124999923,0.001506333,0,0,0,0,4e-06,1.086864,3.192427,3.578524e-08,0.008694915,0.02553943,False,0.027019,False
2021-10-30,CE04OSBP-LJ01C-07-VEL3DC107,8,True,2021-10-30T00:00:00Z,2021-10-30T23:59:59Z,691201,691201,0,0.125,0.124879837,0.124999933,-0.006757174,0,0,8,8,-1e-06,3.477559,8.151608,-5.099996e-09,0.02782049,0.0652129,False,0.028523,False
2021-10-31,CE04OSBP-LJ01C-07-VEL3DC107,8,True,2021-10-31T00:00:00Z,2021-10-31T23:59:59Z,691200,691200,0,0.125,0.124879837,0.124999921,0.002674069,0,0,0,0,5e-06,1.545989,4.605046,3.743333e-08,0.01236792,0.03684039,False,0.027721,False
2021-11-01,CE04OSBP-LJ01C-07-VEL3DC107,8,True,2021-11-01T00:00:00Z,2021-11-01T14:59:42Z,431863,431863,0,0.125,0.124879837,0.124999929,-0.001777632,0,0,13,13,1e-06,1.216329,3.6661,6.101771e-09,0.009730635,0.02932882,False,0.02839,False
2021-11-02,CE04OSBP-LJ01C-07-VEL3DC107,8,False,,,0,0,,0.125,,,,,,,,,,,,,,,,False
2021-11-03,CE04OSBP-LJ01C-07-VEL3DC107,8,False,,,0,0,,0.125,,,,,,,,,,,,,,,,False
2021-11-04,CE04OSBP-LJ01C-07-VEL3DC107,8,False,,,0,0,,0.125,,,,,,,,,,,,,,,,False
2021-11-05,CE04OSBP-LJ01C-07-VEL3DC107,8,True,2021-11-05T23:59:29Z,2021-11-05T23:59:59Z,243,243,0,0.125,0.124879837,0.124999539,0.00117421,0,0,0,0,0.0,1.000471,1.812437,1.274009e-13,0.008003796,0.01449955,False,0.024216,False
2021-11-06,CE04OSBP-LJ01C-07-VEL3DC107,8,True,2021-11-06T00:00:00Z,2021-11-06T23:59:59Z,691201,691201,0,0.125,0.124879837,0.124999931,-0.001953775,0,0,8,8,-1e-06,1.387018,4.663533,-6.692991e-09,0.01109615,0.03730829,False,0.0248,False
2021-11-07,CE04OSBP-LJ01C-07-VEL3DC107,8,True,2021-11-07T00:00:00Z,2021-11-07T23:59:59Z,691200,691200,0,0.125,0.124879837,0.124999937,0.000481931,0,0,0,0,5e-06,1.085621,4.118913,3.73622e-08,0.008684975,0.03295132,False,0.027362,False
2021-11-08,CE04OSBP-LJ01C-07-VEL3DC107,8,True,2021-11-08T00:00:00Z,2021-11-08T23:59:59Z,691201,691201,0,0.125,0.124879837,0.124999922,-0.001113194,0,0,6,6,6e-06,1.368998,4.423519,4.637081e-08,0.01095199,0.03538817,False,0.026484,False
2021-11-09,CE04OSBP-LJ01C-07-VEL3DC107,8,True,2021-11-09T00:00:00Z,2021-11-09T23:59:59Z,691200,691200,0,0.125,0.124879837,0.124999924,0.003308488,0,0,0,0,5e-06,2.044213,6.584873,3.76774e-08,0.01635371,0.05267901,False,0.027679,False
2021-11-10,CE04OSBP-LJ01C-07-VEL3DC107,8,True,2021-11-10T00:00:00Z,2021-11-10T23:59:59Z,691200,691200,0,0.125,0.124879837,0.12499993,-0.001582087,0,0,0,0,5e-06,2.429958,5.456258,3.696476e-08,0.01943967,0.04365009,False,0.027698,False
2021-11-11,CE04OSBP-LJ01C-07-VEL3DC107,8,True,2021-11-11T00:00:00Z,2021-11-11T23:59:59Z,691201,691201,0,0.125,0.124879837,0.124999921,0.001964115,0,0,16,16,0.0,1.408348,4.08487,2.391655e-09,0.01126679,0.03267898,False,0.026595,False
2021-11-12,CE04OSBP-LJ01C-07-VEL3DC107,8,True,2021-11-12T00:00:00Z,2021-11-12T23:59:59Z,691200,691200,0,0.125,0.124879837,0.12499993,-0.00200868,0,0,0,0,5e-06,1.29168,3.797375,3.771987e-08,0.01033344,0.03037901,False,0.026961,False
2021-11-13,CE04OSBP-LJ01C-07-VEL3DC107,8,True,2021-11-13T00:00:00Z,2021-11-13T23:59:59Z,691200,691200,0,0.125,0.124879837,0.124999936,0.001840802,0,0,8,8,-2e-06,1.424524,4.190712,-1.26896e-08,0.0113962,0.03352571,False,0.026637,False
2021-11-14,CE04OSBP-LJ01C-07-VEL3DC107,8,True,2021-11-14T00:00:00Z,2021-11-14T23:59:59Z,691201,691201,0,0.125,0.124879837,0.124999936,-0.002033373,0,0,15,15,1e-06,1.94795,5.505124,6.527982e-09,0.01558361,0.04404101,False,0.025713,False
2021-11-15,CE04OSBP-LJ01C-07-VEL3DC107,8,True,2021-11-15T00:00:00Z,2021-11-15T23:59:59Z,691200,691200,0,0.125,0.124879837,0.124999948,-0.005297743,0,0,0,0,5e-06,2.424727,7.409375,3.77276e-08,0.01939782,0.05927503,False,0.029207,False
2021-11-16,CE04OSBP-LJ01C-07-VEL3DC107,8,True,2021-11-16T00:00:00Z,2021-11-16T23:59:59Z,691201,691201,0,0.125,0.124879837,0.124999936,0.002088007,0,0,12,12,-6e-06,1.739853,5.047598,-4.79515e-08,0.01391883,0.04038081,False,0.027698,False
2021-11-17,CE04OSBP-LJ01C-07-VEL3DC107,8,True,2021-11-17T00:00:00Z,2021-11-17T23:59:59Z,691200,691200,0,0.125,0.124879837,0.124999945,0.001165324,0,0,0,0,5e-06,2.223823,5.569127,3.82235e-08,0.01779059,0.04455304,False,0.02582,False
2021-11-18,CE04OSBP-LJ01C-07-VEL3DC107,8,True,2021-11-18T00:00:00Z,2021-11-18T23:59:59Z,691200,691200,0,0.125,0.124879837,0.124999957,-0.006788086,0,0,0,0,4e-06,2.872601,9.772753,3.596582e-08,0.02298082,0.07818205,False,0.02766,False
2021-11-19,CE04OSBP-LJ01C-07-VEL3DC107,8,True,2021-11-19T00:00:00Z,2021-11-19T23:59:59Z,691200,691200,0,0.125,0.124879837,0.124999946,0.00048756,0,0,0,0,5e-06,1.181135,3.421863,3.839199e-08,0.009449087,0.02737492,False,0.027947,False
2021-11-20,CE04OSBP-LJ01C-07-VEL3DC107,8,True,2021-11-20T00:00:00Z,2021-11-20T23:59:59Z,691201,691201,0,0.125,0.124879837,0.124999914,0.001785723,0,0,14,14,1e-06,1.835757,5.768945,1.058579e-08,0.01468606,0.04615159,False,0.027676,False
2021-11-21,CE04OSBP-LJ01C-07-VEL3DC107,8,True,2021-11-21T00:00:00Z,2021-11-21T23:59:59Z,691200,691200,0,0.125,0.124879837,0.124999944,-0.00063722,0,0,0,0,4e-06,1.265603,3.736002,3.557527e-08,0.01012483,0.02988803,False,0.025793,False
2021-11-22,CE04OSBP-LJ01C-07-VEL3DC107,8,True,2021-11-22T00:00:00Z,2021-11-22T23:59:59Z,691200,691200,0,0.125,0.124879837,0.124999937,0.003633917,0,0,0,0,5e-06,1.53507,4.503586,3.826027e-08,0.01228056,0.03602871,False,0.027053,False
2021-11-23,CE04OSBP-LJ01C-07-VEL3DC107,8,True,2021-11-23T00:00:00Z,2021-11-23T23:59:59Z,691201,691201,0,0.125,0.124879837,0.12499993,-0.002435824,0,0,17,17,-1e-06,1.356252,4.036456,-7.471673e-09,0.01085002,0.03229166,False,0.025553,False
2021-11-24,CE04OSBP-LJ01C-07-VEL3DC107,8,True,2021-11-24T00:00:00Z,2021-11-24T23:59:59Z,691200,691200,0,0.125,0.124879837,0.124999912,0.001455137,0,0,0,0,5e-06,1.130734,3.34512,3.610283e-08,0.00904588,0.02676098,False,0.027886,False
2021-11-25,CE04OSBP-LJ01C-07-VEL3DC107,8,True,2021-11-25T00:00:00Z,2021-11-25T23:59:59Z,691201,691201,0,0.125,0.124879837,0.124999926,-0.00119741,0,0,9,9,1e-06,1.550279,4.947651,4.938372e-09,0.01240224,0.03958123,False,0.031536,False
2021-11-26,CE04OSBP-LJ01C-07-VEL3DC107,8,True,2021-11-26T00:00:00Z,2021-11-26T23:59:59Z,691200,691200,0,0.125,0.124879837,0.124999934,0.000606301,0,0,0,0,5e-06,2.052307,5.585135,3.678268e-08,0.01641846,0.0446811,False,0.027706,False
2021-11-27,CE04OSBP-LJ01C-07-VEL3DC107,8,True,2021-11-27T00:00:00Z,2021-11-27T23:59:59Z,691201,691201,0,0.125,0.124879837,0.124999933,-0.001963525,0,0,7,7,2e-06,1.464405,4.155223,1.611014e-08,0.01171525,0.0332418,False,0.026167,False
2021-11-28,CE04OSBP-LJ01C-07-VEL3DC107,8,True,2021-11-28T00:00:00Z,2021-11-28T23:59:59Z,691200,691200,0,0.125,0.124879837,0.124999925,0.000241858,0,0,0,0,5e-06,1.154346,3.438618,3.82617e-08,0.009234772,0.02750896,False,0.027683,False
2021-11-29,CE04OSBP-LJ01C-07-VEL3DC107,8,True,2021-11-29T00:00:00Z,2021-11-29T23:59:59Z,691200,691200,0,0.125,0.124879837,0.124999919,-0.00144353,0,0,0,0,5e-06,1.577317,5.517665,3.864582e-08,0.01261854,0.04414135,False,0.028852,False
2021-11-30,CE04OSBP-LJ01C-07-VEL3DC107,8,True,2021-11-30T00:00:00Z,2021-11-30T23:59:59Z,691201,691201,0,0.125,0.124879837,0.12499993,-0.002543137,0,0,10,10,-0.0,2.419274,5.429216,-2.407969e-09,0.0193542,0.04343375,False,0.025484,False
2021-12-01,CE04OSBP-LJ01C-07-VEL3DC107,8,True,2021-12-01T00:00:00Z,2021-12-01T23:59:59Z,691200,691200,0,0.125,0.124879837,0.124999935,0.001601436,0,0,0,0,5e-06,1.909101,4.766483,3.647993e-08,0.01527282,0.03813188,False,0.026667,False
2021-12-02,CE04OSBP-LJ01C-07-VEL3DC107,8,True,2021-12-02T00:00:00Z,2021-12-02T23:59:59Z,691201,691201,0,0.125,0.124879837,0.124999937,-0.000178336,0,0,12,12,-6e-06,1.13608,3.437395,-5.176778e-08,0.009088642,0.02749917,False,0.024796,False
2021-12-03,CE04OSBP-LJ01C-07-VEL3DC107,8,True,2021-12-03T00:00:00Z,2021-12-03T23:59:59Z,691200,691200,0,0.125,0.124879837,0.124999941,0.00171078,0,0,0,0,5e-06,1.035283,2.715901,3.621064e-08,0.008282268,0.02172722,False,0.026251,False
2021-12-04,CE04OSBP-LJ01C-07-VEL3DC107,8,True,2021-12-04T00:00:00Z,2021-12-04T23:59:59Z,691200,691200,0,0.125,0.124879837,0.124999947,-2.384e-06,0,0,0,0,5e-06,1.519581,4.087315,3.706804e-08,0.01215665,0.03269854,False,0.027492,False
2021-12-05,CE04OSBP-LJ01C-07-VEL3DC107,8,True,2021-12-05T00:00:00Z,2021-12-05T23:59:59Z,691200,691200,0,0.125,0.124879837,0.124999938,0.000549538,0,0,0,0,5e-06,1.174224,3.372006,3.830386e-08,0.009393799,0.02697606,False,0.02766,False
2021-12-06,CE04OSBP-LJ01C-07-VEL3DC107,8,True,2021-12-06T00:00:00Z,2021-12-06T23:59:59Z,691201,691201,0,0.125,0.124879837,0.124999936,-0.002188626,0,0,8,8,-1e-06,1.359276,4.06831,-4.682366e-09,0.01087421,0.0325465,False,0.027706,False
2021-12-07,CE04OSBP-LJ01C-07-VEL3DC107,8,True,2021-12-07T00:00:00Z,2021-12-07T23:59:59Z,691200,691200,0,0.125,0.124879837,0.124999931,0.001157316,0,0,0,0,5e-06,2.574471,6.571527,3.6868e-08,0.02059578,0.05257224,False,0.028794,False
2021-12-08,CE04OSBP-LJ01C-07-VEL3DC107,8,True,2021-12-08T00:00:00Z,2021-12-08T23:59:59Z,691201,691201,0,0.125,0.124879837,0.124999933,-0.003655734,0,0,4,4,1e-06,2.986143,7.504565,1.08819e-08,0.02388916,0.06003655,False,0.025041,False
2021-12-09,CE04OSBP-LJ01C-07-VEL3DC107,8,True,2021-12-09T00:00:00Z,2021-12-09T23:59:59Z,691200,691200,0,0.125,0.124879837,0.124999935,0.003112829,0,0,0,0,5e-06,1.940777,4.648129,3.642856e-08,0.01552623,0.03718505,False,0.026778,False
2021-12-10,CE04OSBP-LJ01C-07-VEL3DC107,8,True,2021-12-10T00:00:00Z,2021-12-10T23:59:59Z,691200,691200,0,0.125,0.124879837,0.124999947,0.002240284,0,0,0,0,5e-06,2.340345,6.093188,3.665448e-08,0.01872277,0.04874552,False,0.026614,False
2021-12-11,CE04OSBP-LJ01C-07-VEL3DC107,8,True,2021-12-11T00:00:00Z,2021-12-11T23:59:59Z,691200,691200,0,0.125,0.124879837,0.124999945,-0.002813222,0,0,8,8,1e-05,1.78016,5.589647,7.897502e-08,0.01424129,0.04471719,False,0.028264,False
2021-12-12,CE04OSBP-LJ01C-07-VEL3DC107,8,True,2021-12-12T00:00:00Z,2021-12-12T23:59:59Z,691201,691201,0,0.125,0.124879837,0.124999938,-9.619e-06,0,0,3,3,-8e-06,2.708009,6.43269,-6.001061e-08,0.02166408,0.05146155,False,0.027668,False
2021-12-13,CE04OSBP-LJ01C-07-VEL3DC107,8,True,2021-12-13T00:00:00Z,2021-12-13T23:59:59Z,691200,691200,0,0.125,0.124879837,0.124999932,0.004160235,0,0,0,0,5e-06,2.468292,7.455874,3.733278e-08,0.01974635,0.05964703,False,0.045614,False
2021-12-14,CE04OSBP-LJ01C-07-VEL3DC107,8,True,2021-12-14T00:00:00Z,2021-12-14T23:59:59Z,691200,691200,0,0.125,0.124879837,0.124999945,0.000837762,0,0,0,0,5e-06,1.77698,5.428408,3.705195e-08,0.01421584,0.04342729,False,0.024842,False
2021-12-15,CE04OSBP-LJ01C-07-VEL3DC107,8,True,2021-12-15T00:00:00Z,2021-12-15T23:59:59Z,691201,691201,0,0.125,0.124879837,0.124999944,0.001424383,0,0,29,29,2e-06,1.179464,3.367715,1.386463e-08,0.009435715,0.02694173,False,0.02753,False
2021-12-16,CE04OSBP-LJ01C-07-VEL3DC107,8,True,2021-12-16T00:00:00Z,2021-12-16T23:59:59Z,691200,691200,0,0.125,0.124879837,0.124999941,0.004695317,0,0,0,0,5e-06,3.002366,7.686969,3.671344e-08,0.02401894,0.06149578,False,0.026301,False
2021-12-17,CE04OSBP-LJ01C-07-VEL3DC107,8,True,2021-12-17T00:00:00Z,2021-12-17T23:59:59Z,691201,691201,0,0.125,0.124879837,0.124999928,-0.00127167,0,0,15,15,-6e-06,1.37795,4.048723,-4.988006e-08,0.01102361,0.0323898,False,0.024793,False
2021-12-18,CE04OSBP-LJ01C-07-VEL3DC107,8,True,2021-12-18T00:00:00Z,2021-12-18T23:59:59Z,691200,691200,0,0.125,0.124879837,0.124999927,0.001330069,0,0,0,0,5e-06,1.115658,3.242467,3.711886e-08,0.008925271,0.02593975,False,0.024793,False
2021-12-19,CE04OSBP-LJ01C-07-VEL3DC107,8,True,2021-12-19T00:00:00Z,2021-12-19T23:59:59Z,691200,691200,0,0.125,0.124879837,0.124999919,0.001214908,0,0,0,0,5e-06,1.110068,2.855816,3.691863e-08,0.008880548,0.02284654,False,0.025018,False
2021-12-20,CE04OSBP-LJ01C-07-VEL3DC107,8,True,2021-12-20T00:00:00Z,2021-12-20T23:59:59Z,689115,691203,2088,0.125,0.124879837,0.12499944,0.082431354,11,2088,11,2098,0.0,65.901127,137.581091,4.869698e-10,0.5272114,1.100654,True,0.028516,True
2021-12-21,CE04OSBP-LJ01C-07-VEL3DC107,8,True,2021-12-21T00:00:00Z,2021-12-21T23:59:59Z,691200,691200,0,0.125,0.124879837,0.124999936,-0.001657662,0,0,0,0,5e-06,1.922306,5.228145,3.638606e-08,0.01537845,0.04182518,False,0.027122,False
2021-12-22,CE04OSBP-LJ01C-07-VEL3DC107,8,True,2021-12-22T00:00:00Z,2021-12-22T23:59:59Z,691200,691200,0,0.125,0.124879837,0.124999937,0.001935515,0,0,1,1,-1e-06,1.436124,26.08992,-7.487911e-09,0.011489,0.2087195,False,0.223054,False
2021-12-23,CE04OSBP-LJ01C-07-VEL3DC107,8,True,2021-12-23T00:00:00Z,2021-12-23T23:59:59Z,691201,691201,0,0.125,0.124879837,0.124999923,-0.001357481,0,0,2,2,1e-06,1.386173,3.810999,7.70035e-09,0.01108939,0.03048801,False,0.025262,False
2021-12-24,CE04OSBP-LJ01C-07-VEL3DC107,8,True,2021-12-24T00:00:00Z,2021-12-24T23:59:59Z,691200,691200,0,0.125,0.124879837,0.124999924,-0.000451744,0,0,0,0,5e-06,1.345889,3.864386,3.73372e-08,0.01076712,0.0309151,False,0.0248,False
2021-12-25,CE04OSBP-LJ01C-07-VEL3DC107,8,True,2021-12-25T00:00:00Z,2021-12-25T23:59:59Z,691201,691201,0,0.125,0.124879837,0.124999927,-0.001473957,0,0,8,8,-1e-06,1.08593,3.006517,-9.648092e-09,0.008687443,0.02405215,False,0.029455,False
2021-12-26,CE04OSBP-LJ01C-07-VEL3DC107,8,True,2021-12-26T00:00:00Z,2021-12-26T23:59:59Z,691200,691200,0,0.125,0.124879837,0.124999928,-0.002613962,0,0,0,0,5e-06,1.759686,5.076938,3.7766e-08,0.0140775,0.04061553,False,0.029054,False
2021-12-27,CE04OSBP-LJ01C-07-VEL3DC107,8,True,2021-12-27T00:00:00Z,2021-12-27T23:59:59Z,691200,691200,0,0.125,0.124879837,0.124999935,-0.002705179,0,0,0,0,5e-06,1.335619,5.344661,3.694159e-08,0.01068496,0.04275731,False,0.027065,False
2021-12-28,CE04OSBP-LJ01C-07-VEL3DC107,8,True,2021-12-28T00:00:00Z,2021-12-28T23:59:59Z,691201,691201,0,0.125,0.124879837,0.124999938,-0.000271375,0,0,9,9,-2e-06,1.488161,3.831992,-1.374852e-08,0.0119053,0.03065595,False,0.02858,False
2021-12-29,CE04OSBP-LJ01C-07-VEL3DC107,8,True,2021-12-29T00:00:00Z,2021-12-29T23:59:59Z,691200,691200,0,0.125,0.124879837,0.124999935,-0.00141917,0,0,0,0,5e-06,1.339705,4.313974,3.708482e-08,0.01071765,0.03451181,False,0.025633,False
2021-12-30,CE04OSBP-LJ01C-07-VEL3DC107,8,True,2021-12-30T00:00:00Z,2021-12-30T23:59:59Z,691201,691201,0,0.125,0.124879837,0.12499994,0.00019026,0,0,4,4,-6e-06,2.011726,6.693056,-4.584495e-08,0.01609381,0.05354448,False,0.052048,False
2021-12-31,CE04OSBP-LJ01C-07-VEL3DC107,8,True,2021-12-31T00:00:00Z,2021-12-31T23:59:59Z,691200,691200,0,0.125,0.124879837,0.124999948,0.001625667,0,0,0,0,5e-06,1.367386,6.49873,3.648445e-08,0.01093909,0.05198986,False,0.065687,False
2022-01-01,CE04OSBP-LJ01C-07-VEL3DC107,8,True,2022-01-01T00:00:00Z,2022-01-01T23:59:59Z,691200,691200,0,0.125,0.124879837,0.12499994,0.000523678,0,0,0,0,5e-06,1.320367,5.182082,3.730414e-08,0.01056294,0.04145668,False,0.050093,False
2022-01-02,CE04OSBP-LJ01C-07-VEL3DC107,8,True,2022-01-02T00:00:00Z,2022-01-02T23:59:59Z,691201,691201,0,0.125,0.124879837,0.124999935,0.00129633,0,0,10,10,-0.0,1.266647,7.540341,-2.340523e-09,0.01013318,0.06032276,False,0.051468,False
2022-01-03,CE04OSBP-LJ01C-07-VEL3DC107,8,True,2022-01-03T00:00:00Z,2022-01-03T23:59:59Z,689316,691202,1886,0.125,0.124879837,0.124999718,0.044496814,1,1886,1,1886,-4e-06,65.457062,167.362179,-3.374827e-08,0.5236577,1.3389,True,0.187207,True
2022-01-04,CE04OSBP-LJ01C-07-VEL3DC107,8,True,2022-01-04T00:00:00Z,2022-01-04T23:59:59Z,691200,691200,0,0.125,0.124879837,0.124999918,0.000240765,0,0,0,0,5e-06,1.642597,4.361896,3.745266e-08,0.01314079,0.03489519,False,0.027706,False
2022-01-05,CE04OSBP-LJ01C-07-VEL3DC107,8,True,2022-01-05T00:00:00Z,2022-01-05T23:59:59Z,691201,691201,0,0.125,0.124879837,0.12499993,-0.001883509,0,0,15,15,-2e-06,1.327147,6.656151,-1.604201e-08,0.01061719,0.05324924,False,0.042613,False
2022-01-06,CE04OSBP-LJ01C-07-VEL3DC107,8,True,2022-01-06T00:00:00Z,2022-01-06T23:59:59Z,691200,691200,0,0.125,0.124879837,0.124999928,0.000377648,0,0,0,0,5e-06,1.47474,4.173256,3.754654e-08,0.01179793,0.03338606,False,0.024785,False
2022-01-07,CE04OSBP-LJ01C-07-VEL3DC107,8,True,2022-01-07T00:00:00Z,2022-01-07T23:59:59Z,691201,691201,0,0.125,0.124879837,0.124999932,-0.003332674,0,0,8,8,1e-06,1.263227,4.074777,9.620073e-09,0.01010582,0.03259823,False,0.028588,False
2022-01-08,CE04OSBP-LJ01C-07-VEL3DC107,8,True,2022-01-08T00:00:00Z,2022-01-08T23:59:59Z,691200,691200,0,0.125,0.124879837,0.124999935,-0.003504099,0,0,0,0,5e-06,1.740193,6.243957,3.668859e-08,0.01392155,0.04995168,False,0.028435,False
2022-01-09,CE04OSBP-LJ01C-07-VEL3DC107,8,True,2022-01-09T00:00:00Z,2022-01-09T23:59:59Z,691200,691200,0,0.125,0.124879837,0.124999945,-0.000864525,0,0,0,0,5e-06,2.273874,9.518855,3.787187e-08,0.018191,0.07615087,False,0.045133,False
2022-01-10,CE04OSBP-LJ01C-07-VEL3DC107,8,True,2022-01-10T00:00:00Z,2022-01-10T23:59:59Z,691201,691201,0,0.125,0.124879837,0.124999949,4.1389e-05,0,0,17,17,1e-06,1.438028,6.893238,6.808577e-09,0.01150423,0.05514592,False,0.035438,False
2022-01-11,CE04OSBP-LJ01C-07-VEL3DC107,8,True,2022-01-11T00:00:00Z,2022-01-11T23:59:59Z,691200,691200,0,0.125,0.124879837,0.124999935,-0.000361452,0,0,0,0,5e-06,1.691986,8.155916,3.740386e-08,0.0135359,0.06524737,False,0.040975,False
2022-01-12,CE04OSBP-LJ01C-07-VEL3DC107,8,True,2022-01-12T00:00:00Z,2022-01-12T23:59:59Z,691200,691200,0,0.125,0.124879837,0.124999931,-0.000813904,0,0,0,0,5e-06,1.355671,4.551768,3.684501e-08,0.01084537,0.03641416,False,0.027607,False
2022-01-13,CE04OSBP-LJ01C-07-VEL3DC107,8,True,2022-01-13T00:00:00Z,2022-01-13T23:59:59Z,691201,691201,0,0.125,0.124879837,0.124999937,0.000468483,0,0,13,13,1e-06,1.514124,6.494926,1.109567e-08,0.012113,0.05195943,False,0.043449,False
2022-01-14,CE04OSBP-LJ01C-07-VEL3DC107,8,True,2022-01-14T00:00:00Z,2022-01-14T23:59:59Z,691200,691200,0,0.125,0.124879837,0.124999936,0.000515978,0,0,0,0,4e-06,1.182249,4.926862,3.593075e-08,0.009457994,0.03941491,False,0.028741,False
2022-01-15,CE04OSBP-LJ01C-07-VEL3DC107,8,True,2022-01-15T00:00:00Z,2022-01-15T23:59:59Z,691200,691200,0,0.125,0.124879837,0.124999939,-0.00016063,0,0,0,0,5e-06,1.550332,5.490988,3.785144e-08,0.01240267,0.04392793,False,0.032624,False
2022-01-16,CE04OSBP-LJ01C-07-VEL3DC107,8,True,2022-01-16T00:00:00Z,2022-01-16T23:59:59Z,691201,691201,0,0.125,0.124879837,0.124999937,-0.002937385,0,0,6,6,-2e-06,2.155933,5.822112,-1.539717e-08,0.01724747,0.04657692,False,0.025228,False
2022-01-17,CE04OSBP-LJ01C-07-VEL3DC107,8,True,2022-01-17T00:00:00Z,2022-01-17T23:59:59Z,691200,691200,0,0.125,0.124879837,0.124999934,0.000337938,0,0,0,0,5e-06,1.334301,5.626794,3.70934e-08,0.01067441,0.04501437,False,0.042789,False
2022-01-18,CE04OSBP-LJ01C-07-VEL3DC107,8,True,2022-01-18T00:00:00Z,2022-01-18T23:59:59Z,691201,691201,0,0.125,0.124879837,0.124999924,-4.9642e-05,0,0,9,9,2e-06,1.107195,3.283882,1.465206e-08,0.008857568,0.02627107,False,0.027179,False
2022-01-19,CE04OSBP-LJ01C-07-VEL3DC107,8,True,2022-01-19T00:00:00Z,2022-01-19T23:59:59Z,691200,691200,0,0.125,0.124879837,0.124999928,-0.001358212,0,0,0,0,5e-06,1.501633,4.336226,3.703913e-08,0.01201307,0.03468983,False,0.026801,False
2022-01-20,CE04OSBP-LJ01C-07-VEL3DC107,8,True,2022-01-20T00:00:00Z,2022-01-20T23:59:59Z,691200,691200,0,0.125,0.124879837,0.124999922,-0.002274636,0,0,0,0,5e-06,1.525122,4.283227,3.789406e-08,0.01220098,0.03426584,False,0.026274,False
2022-01-21,CE04OSBP-LJ01C-07-VEL3DC107,8,True,2022-01-21T00:00:00Z,2022-01-21T23:59:59Z,691201,691201,0,0.125,0.124879837,0.124999924,-0.000469578,0,0,8,8,1e-06,1.66232,4.191232,6.685179e-09,0.01329857,0.03352988,False,0.028451,False
2022-01-22,CE04OSBP-LJ01C-07-VEL3DC107,8,True,2022-01-22T00:00:00Z,2022-01-22T23:59:59Z,691200,691200,0,0.125,0.124879837,0.124999932,-0.001117,0,0,0,0,5e-06,1.831752,4.771146,3.767546e-08,0.01465402,0.03816919,False,0.027324,False
2022-01-23,CE04OSBP-LJ01C-07-VEL3DC107,8,True,2022-01-23T00:00:00Z,2022-01-23T23:59:59Z,691201,691201,0,0.125,0.124879837,0.124999923,-0.001546145,0,0,4,4,2e-06,3.4174,8.357493,1.877812e-08,0.02733922,0.06685998,False,0.028565,False
2022-01-24,CE04OSBP-LJ01C-07-VEL3DC107,8,True,2022-01-24T00:00:00Z,2022-01-24T23:59:59Z,691200,691200,0,0.125,0.124879837,0.124999938,-0.000125267,0,0,0,0,5e-06,2.670715,6.430967,3.719406e-08,0.02136573,0.05144776,False,0.027935,False
2022-01-25,CE04OSBP-LJ01C-07-VEL3DC107,8,True,2022-01-25T00:00:00Z,2022-01-25T23:59:59Z,691200,691200,0,0.125,0.124879837,0.124999923,0.001835015,0,0,0,0,5e-06,2.043443,5.392711,3.68586e-08,0.01634755,0.04314171,False,0.025259,False
2022-01-26,CE04OSBP-LJ01C-07-VEL3DC107,8,True,2022-01-26T00:00:00Z,2022-01-26T23:59:59Z,691201,691201,0,0.125,0.124879837,0.124999919,-0.00146213,0,0,13,13,-1e-06,1.167806,4.001441,-6.659017e-09,0.009342454,0.03201155,False,0.028191,False
2022-01-27,CE04OSBP-LJ01C-07-VEL3DC107,8,True,2022-01-27T00:00:00Z,2022-01-27T23:59:59Z,691200,691200,0,0.125,0.124879837,0.124999917,-0.000325899,0,0,0,0,5e-06,1.154077,5.68688,3.681835e-08,0.00923262,0.04549507,False,0.037489,False
2022-01-28,CE04OSBP-LJ01C-07-VEL3DC107,8,True,2022-01-28T00:00:00Z,2022-01-28T23:59:59Z,691201,691201,0,0.125,0.124879837,0.124999927,0.000409642,0,0,8,8,1e-06,1.414016,3.974754,4.979635e-09,0.01131214,0.03179805,False,0.027916,False
2022-01-29,CE04OSBP-LJ01C-07-VEL3DC107,8,True,2022-01-29T00:00:00Z,2022-01-29T23:59:59Z,691200,691200,0,0.125,0.124879837,0.124999929,-0.001128493,0,0,0,0,5e-06,1.717026,9.769048,3.803347e-08,0.01373622,0.07815243,False,0.077719,False
2022-01-30,CE04OSBP-LJ01C-07-VEL3DC107,8,True,2022-01-30T00:00:00Z,2022-01-30T23:59:59Z,691201,691201,0,0.125,0.124879837,0.124999932,-0.000679348,0,0,25,25,-3e-06,1.808055,4.821544,-2.395946e-08,0.01446445,0.03857237,False,0.026328,False
2022-01-31,CE04OSBP-LJ01C-07-VEL3DC107,8,True,2022-01-31T00:00:00Z,2022-01-31T23:59:59Z,691200,691200,0,0.125,0.124879837,0.124999922,-0.001545367,0,0,0,0,5e-06,7.409635,17.325019,3.613704e-08,0.05927712,0.1386002,False,0.028088,False
2022-02-01,CE04OSBP-LJ01C-07-VEL3DC107,8,True,2022-02-01T00:00:00Z,2022-02-01T23:59:59Z,691200,691200,0,0.125,0.124879837,0.124999939,0.010162754,0,0,0,0,5e-06,3.03841,10.534698,3.7641e-08,0.02430729,0.08427762,False,0.027996,False
2022-02-02,CE04OSBP-LJ01C-07-VEL3DC107,8,True,2022-02-02T00:00:00Z,2022-02-02T23:59:59Z,691201,691201,0,0.125,0.124879837,0.124999936,-0.00028785,0,0,18,18,-1e-06,1.762536,4.874132,-9.749884e-09,0.01410029,0.03899307,False,0.028432,False
2022-02-03,CE04OSBP-LJ01C-07-VEL3DC107,8,True,2022-02-03T00:00:00Z,2022-02-03T23:59:59Z,691200,691200,0,0.125,0.124879837,0.124999943,0.00080573,0,0,0,0,5e-06,1.165519,3.004985,3.686053e-08,0.009324155,0.02403989,False,0.028141,False
2022-02-04,CE04OSBP-LJ01C-07-VEL3DC107,8,True,2022-02-04T00:00:00Z,2022-02-04T23:59:59Z,691200,691200,0,0.125,0.124879837,0.124999952,-0.003305942,0,0,1,1,6e-06,2.412841,26.129704,4.607376e-08,0.01930274,0.2090377,False,0.197784,False
2022-02-05,CE04OSBP-LJ01C-07-VEL3DC107,8,True,2022-02-05T00:00:00Z,2022-02-05T23:59:59Z,691201,691201,0,0.125,0.124879837,0.124999955,0.002839494,0,0,76,76,0.0,2.261855,6.638345,1.495027e-09,0.01809485,0.05310678,False,0.027637,False
2022-02-06,CE04OSBP-LJ01C-07-VEL3DC107,8,True,2022-02-06T00:00:00Z,2022-02-06T23:59:59Z,691200,691200,0,0.125,0.124879837,0.124999951,0.004902408,0,0,0,0,5e-06,3.21859,7.989313,3.757972e-08,0.02574873,0.06391453,False,0.025633,False
2022-02-07,CE04OSBP-LJ01C-07-VEL3DC107,8,True,2022-02-07T00:00:00Z,2022-02-07T23:59:59Z,691200,691200,0,0.125,0.124879837,0.124999951,-0.00027914,0,0,0,0,5e-06,1.923466,5.250642,3.737592e-08,0.01538774,0.04200515,False,0.029291,False
2022-02-08,CE04OSBP-LJ01C-07-VEL3DC107,8,True,2022-02-08T00:00:00Z,2022-02-08T23:59:59Z,691200,691200,0,0.125,0.124879837,0.124999945,-0.00232464,0,0,6,6,-7e-06,2.564748,6.7584,-5.468265e-08,0.020518,0.05406722,False,0.027698,False
2022-02-09,CE04OSBP-LJ01C-07-VEL3DC107,8,True,2022-02-09T00:00:00Z,2022-02-09T23:59:59Z,691201,691201,0,0.125,0.124879837,0.124999926,0.000264275,0,0,9,9,-2e-06,1.194134,6.092007,-1.619095e-08,0.009553079,0.04873608,False,0.034957,False
2022-02-10,CE04OSBP-LJ01C-07-VEL3DC107,8,True,2022-02-10T00:00:00Z,2022-02-10T23:59:59Z,691200,691200,0,0.125,0.124879837,0.124999926,-0.00129631,0,0,0,0,5e-06,1.150429,6.272574,3.740746e-08,0.009203437,0.05018062,False,0.042201,False
2022-02-11,CE04OSBP-LJ01C-07-VEL3DC107,8,True,2022-02-11T00:00:00Z,2022-02-11T23:59:59Z,691201,691201,0,0.125,0.124879837,0.124999922,0.000789335,0,0,13,13,1e-06,1.407653,4.378787,4.680564e-09,0.01126123,0.03503032,False,0.027278,False
2022-02-12,CE04OSBP-LJ01C-07-VEL3DC107,8,True,2022-02-12T00:00:00Z,2022-02-12T23:59:59Z,691200,691200,0,0.125,0.124879837,0.124999931,-0.000906659,0,0,0,0,5e-06,1.467779,4.070768,3.658552e-08,0.01174224,0.03256616,False,0.027592,False
2022-02-13,CE04OSBP-LJ01C-07-VEL3DC107,8,True,2022-02-13T00:00:00Z,2022-02-13T23:59:59Z,691201,691201,0,0.125,0.124879837,0.124999921,-0.000117658,0,0,13,13,-0.0,1.078321,2.873784,-1.994916e-10,0.008626574,0.02299029,False,0.025178,False
2022-02-14,CE04OSBP-LJ01C-07-VEL3DC107,8,True,2022-02-14T00:00:00Z,2022-02-14T23:59:59Z,691200,691200,0,0.125,0.124879837,0.124999908,0.000436703,0,0,0,0,4e-06,1.150228,3.263843,3.582493e-08,0.009201832,0.02611076,False,0.02763,False
2022-02-15,CE04OSBP-LJ01C-07-VEL3DC107,8,True,2022-02-15T00:00:00Z,2022-02-15T23:59:59Z,691201,691201,0,0.125,0.124879837,0.124999913,-0.001669072,0,0,21,21,-1e-05,1.509954,4.287641,-7.936249e-08,0.01207964,0.03430115,False,0.029321,False
2022-02-16,CE04OSBP-LJ01C-07-VEL3DC107,8,True,2022-02-16T00:00:00Z,2022-02-16T23:59:59Z,691200,691200,0,0.125,0.124879837,0.124999923,0.000591291,0,0,0,0,5e-06,1.607335,8.137744,3.718347e-08,0.01285869,0.065102,False,0.044476,False
2022-02-17,CE04OSBP-LJ01C-07-VEL3DC107,8,True,2022-02-17T00:00:00Z,2022-02-17T23:59:59Z,691200,691200,0,0.125,0.124879837,0.124999925,0.000384504,0,0,0,0,5e-06,1.450239,4.669322,3.726094e-08,0.01160192,0.0373546,False,0.025827,False
2022-02-18,CE04OSBP-LJ01C-07-VEL3DC107,8,True,2022-02-18T00:00:00Z,2022-02-18T23:59:59Z,691201,691201,0,0.125,0.124879837,0.12499994,-0.002148195,0,0,13,13,1e-06,1.438953,5.306888,6.504235e-09,0.01151163,0.04245512,False,0.02771,False
2022-02-19,CE04OSBP-LJ01C-07-VEL3DC107,8,True,2022-02-19T00:00:00Z,2022-02-19T23:59:59Z,691200,691200,0,0.125,0.124879837,0.124999957,-0.00339771,0,0,0,0,5e-06,1.615203,4.922779,3.722135e-08,0.01292163,0.03938225,False,0.024785,False
2022-02-20,CE04OSBP-LJ01C-07-VEL3DC107,8,True,2022-02-20T00:00:00Z,2022-02-20T23:59:59Z,691200,691200,0,0.125,0.124879837,0.12499996,0.000826338,0,0,0,0,5e-06,1.15423,3.243194,3.646853e-08,0.009233841,0.02594556,False,0.028214,False
2022-02-21,CE04OSBP-LJ01C-07-VEL3DC107,8,True,2022-02-21T00:00:00Z,2022-02-21T23:59:59Z,691200,691200,0,0.125,0.124879837,0.124999948,-0.001502503,0,0,0,0,5e-06,1.071113,2.9947,3.796593e-08,0.008568908,0.02395761,False,0.024808,False
2022-02-22,CE04OSBP-LJ01C-07-VEL3DC107,8,True,2022-02-22T00:00:00Z,2022-02-22T23:59:59Z,691201,691201,0,0.125,0.124879837,0.124999934,-0.000397605,0,0,18,18,-1e-06,1.313572,3.619698,-6.224201e-09,0.01050858,0.0289576,False,0.025125,False
2022-02-23,CE04OSBP-LJ01C-07-VEL3DC107,8,True,2022-02-23T00:00:00Z,2022-02-23T23:59:59Z,691200,691200,0,0.125,0.124879837,0.12499994,-0.002380458,0,0,0,0,5e-06,1.511047,4.934576,3.694805e-08,0.01208838,0.03947663,False,0.029249,False
2022-02-24,CE04OSBP-LJ01C-07-VEL3DC107,8,True,2022-02-24T00:00:00Z,2022-02-24T23:59:59Z,691201,691201,0,0.125,0.124879837,0.124999938,3.5257e-05,0,0,11,11,-5e-06,1.314169,10.500306,-3.948314e-08,0.01051336,0.08400249,False,0.081072,False
2022-02-25,CE04OSBP-LJ01C-07-VEL3DC107,8,True,2022-02-25T00:00:00Z,2022-02-25T23:59:59Z,691200,691200,0,0.125,0.124879837,0.124999945,-0.001622136,0,0,0,0,5e-06,1.113312,3.186569,3.737224e-08,0.008906501,0.02549256,False,0.025312,False
2022-02-26,CE04OSBP-LJ01C-07-VEL3DC107,8,True,2022-02-26T00:00:00Z,2022-02-26T23:59:59Z,691200,691200,0,0.125,0.124879837,0.124999942,0.000679669,0,0,0,0,5e-06,1.715085,4.388108,3.806429e-08,0.01372069,0.03510488,False,0.0248,False
2022-02-27,CE04OSBP-LJ01C-07-VEL3DC107,8,True,2022-02-27T00:00:00Z,2022-02-27T23:59:59Z,691201,691201,0,0.125,0.124879837,0.124999938,0.002139376,0,0,8,8,1.3e-05,1.350353,3.855787,1.032534e-07,0.01080283,0.03084631,False,0.029535,False
2022-02-28,CE04OSBP-LJ01C-07-VEL3DC107,8,True,2022-02-28T00:00:00Z,2022-02-28T23:59:59Z,691200,691200,0,0.125,0.124879837,0.124999918,-0.000276797,0,0,0,0,5e-06,1.29112,3.55495,3.746758e-08,0.01032896,0.02843962,False,0.028493,False
2022-03-01,CE04OSBP-LJ01C-07-VEL3DC107,8,True,2022-03-01T00:00:00Z,2022-03-01T23:59:59Z,681054,691210,10156,0.125,0.124879837,0.124997415,0.273910116,2,10156,2,10156,-1e-06,203.19691,453.187536,-6.557284e-09,1.625609,3.625575,True,0.468128,True
2022-03-02,CE04OSBP-LJ01C-07-VEL3DC107,8,True,2022-03-02T00:00:00Z,2022-03-02T23:59:59Z,691201,691201,0,0.125,0.124879837,0.124999933,-0.000508818,0,0,13,13,0.0,1.449459,4.148301,2.515937e-09,0.01159568,0.03318642,False,0.028653,False
2022-03-03,CE04OSBP-LJ01C-07-VEL3DC107,8,True,2022-03-03T00:00:00Z,2022-03-03T23:59:59Z,691200,691200,0,0.125,0.124879837,0.124999935,0.000445257,0,0,0,0,5e-06,1.379654,3.758522,3.730072e-08,0.01103724,0.03006819,False,0.024785,False
2022-03-04,CE04OSBP-LJ01C-07-VEL3DC107,8,True,2022-03-04T00:00:00Z,2022-03-04T23:59:59Z,691200,691200,0,0.125,0.124879837,0.12499993,-0.001933711,0,0,0,0,5e-06,1.669846,4.359702,3.767139e-08,0.01335878,0.03487763,False,0.029799,False
2022-03-05,CE04OSBP-LJ01C-07-VEL3DC107,8,True,2022-03-05T00:00:00Z,2022-03-05T23:59:59Z,691201,691201,0,0.125,0.124879837,0.12499994,0.000192767,0,0,14,14,-2e-06,1.513381,3.923262,-1.608909e-08,0.01210706,0.03138611,False,0.027702,False
2022-03-06,CE04OSBP-LJ01C-07-VEL3DC107,8,True,2022-03-06T00:00:00Z,2022-03-06T23:59:59Z,691200,691200,0,0.125,0.124879837,0.124999942,0.000192902,0,0,0,0,5e-06,1.29115,3.774954,3.728555e-08,0.0103292,0.03019965,False,0.028023,False
2022-03-07,CE04OSBP-LJ01C-07-VEL3DC107,8,True,2022-03-07T00:00:00Z,2022-03-07T23:59:59Z,691200,691200,0,0.125,0.124879837,0.124999942,0.001649443,0,0,0,0,5e-06,1.289403,4.469916,3.771501e-08,0.01031523,0.03575935,False,0.033544,False
2022-03-08,CE04OSBP-LJ01C-07-VEL3DC107,8,True,2022-03-08T00:00:00Z,2022-03-08T23:59:59Z,691201,691201,0,0.125,0.124879837,0.124999936,-0.00140035,0,0,27,27,-0.0,1.059858,2.813406,-1.08136e-09,0.008478869,0.02250726,False,0.027721,False
2022-03-09,CE04OSBP-LJ01C-07-VEL3DC107,8,True,2022-03-09T00:00:00Z,2022-03-09T23:59:59Z,691200,691200,0,0.125,0.124879837,0.124999942,7.9701e-05,0,0,0,0,5e-06,1.219374,3.321409,3.618617e-08,0.009754996,0.02657129,False,0.027656,False
2022-03-10,CE04OSBP-LJ01C-07-VEL3DC107,8,True,2022-03-10T00:00:00Z,2022-03-10T23:59:59Z,691200,691200,0,0.125,0.124879837,0.124999942,-0.00169375,0,0,0,0,5e-06,1.139921,3.136047,3.78825e-08,0.009119369,0.02508839,False,0.024777,False
2022-03-11,CE04OSBP-LJ01C-07-VEL3DC107,8,True,2022-03-11T00:00:00Z,2022-03-11T23:59:59Z,691201,691201,0,0.125,0.124879837,0.124999936,-0.002570324,0,0,5,5,0.0,1.536743,5.595274,2.071763e-09,0.01229395,0.04476222,False,0.024892,False
2022-03-12,CE04OSBP-LJ01C-07-VEL3DC107,8,True,2022-03-12T00:00:00Z,2022-03-12T23:59:59Z,691200,691200,0,0.125,0.124879837,0.124999935,-0.001987963,0,0,0,0,5e-06,1.266151,3.382624,3.831683e-08,0.01012921,0.02706101,False,0.025938,False
2022-03-13,CE04OSBP-LJ01C-07-VEL3DC107,8,True,2022-03-13T00:00:00Z,2022-03-13T23:59:59Z,691201,691201,0,0.125,0.124879837,0.124999925,0.001214934,0,0,13,13,-2e-06,1.282526,3.730645,-1.540862e-08,0.01026021,0.02984518,False,0.025125,False
2022-03-14,CE04OSBP-LJ01C-07-VEL3DC107,8,True,2022-03-14T00:00:00Z,2022-03-14T23:59:59Z,691200,691200,0,0.125,0.124879837,0.124999913,0.002659305,0,0,0,0,5e-06,1.248863,3.286615,3.779536e-08,0.00999091,0.02629294,False,0.027828,False
2022-03-15,CE04OSBP-LJ01C-07-VEL3DC107,8,True,2022-03-15T00:00:00Z,2022-03-15T23:59:59Z,691200,691200,0,0.125,0.124879837,0.124999929,-0.000301578,0,0,0,0,5e-06,1.199839,3.059423,3.726283e-08,0.00959872,0.02447539,False,0.028126,False
2022-03-16,CE04OSBP-LJ01C-07-VEL3DC107,8,True,2022-03-16T00:00:00Z,2022-03-16T23:59:59Z,691201,691201,0,0.125,0.124879837,0.124999923,0.003048453,0,0,15,15,-0.0,1.166115,3.278014,-1.476388e-09,0.009328927,0.02622413,False,0.027698,False
2022-03-17,CE04OSBP-LJ01C-07-VEL3DC107,8,True,2022-03-17T00:00:00Z,2022-03-17T23:59:59Z,691200,691200,0,0.125,0.124879837,0.124999923,0.000726168,0,0,0,0,5e-06,1.353403,6.415602,3.690671e-08,0.01082723,0.05132485,False,0.034766,False
2022-03-18,CE04OSBP-LJ01C-07-VEL3DC107,8,True,2022-03-18T00:00:00Z,2022-03-18T23:59:59Z,691201,691201,0,0.125,0.124879837,0.124999928,0.000256409,0,0,8,8,-0.0,1.664472,4.427013,-1.786877e-09,0.01331578,0.03541612,False,0.025713,False
2022-03-19,CE04OSBP-LJ01C-07-VEL3DC107,8,True,2022-03-19T00:00:00Z,2022-03-19T23:59:59Z,691200,691200,0,0.125,0.124879837,0.124999925,-0.001247271,0,0,0,0,4e-06,1.311576,4.290189,3.565031e-08,0.01049261,0.03432153,False,0.0259,False
2022-03-20,CE04OSBP-LJ01C-07-VEL3DC107,8,True,2022-03-20T00:00:00Z,2022-03-20T23:59:59Z,691201,691201,0,0.125,0.124879837,0.124999929,-0.00068733,0,0,18,18,-8e-06,1.406505,4.297144,-6.041568e-08,0.01125205,0.03437717,False,0.027706,False
2022-03-21,CE04OSBP-LJ01C-07-VEL3DC107,8,True,2022-03-21T00:00:00Z,2022-03-21T23:59:59Z,691200,691200,0,0.125,0.124879837,0.124999938,-0.005356526,0,0,0,0,5e-06,2.651718,6.282119,3.744356e-08,0.02121375,0.05025698,False,0.028558,False
2022-03-22,CE04OSBP-LJ01C-07-VEL3DC107,8,True,2022-03-22T00:00:00Z,2022-03-22T23:59:59Z,691200,691200,0,0.125,0.124879837,0.124999938,-0.002037237,0,0,0,0,5e-06,1.355252,4.832685,3.703685e-08,0.01084202,0.0386615,False,0.026595,False
2022-03-23,CE04OSBP-LJ01C-07-VEL3DC107,8,True,2022-03-23T00:00:00Z,2022-03-23T23:59:59Z,691201,691201,0,0.125,0.124879837,0.124999945,-0.001371032,0,0,13,13,-1e-06,1.322068,4.072058,-9.95089e-09,0.01057655,0.03257648,False,0.025778,False
2022-03-24,CE04OSBP-LJ01C-07-VEL3DC107,8,True,2022-03-24T00:00:00Z,2022-03-24T23:59:59Z,691200,691200,0,0.125,0.124879837,0.124999945,-0.002579741,0,0,0,0,5e-06,2.34699,5.92076,3.750909e-08,0.01877593,0.0473661,False,0.039776,False
2022-03-25,CE04OSBP-LJ01C-07-VEL3DC107,8,True,2022-03-25T00:00:00Z,2022-03-25T23:59:59Z,691200,691200,0,0.125,0.124879837,0.124999944,-0.001188891,0,0,0,0,5e-06,1.051812,2.825363,3.73306e-08,0.008414497,0.02260292,False,0.027733,False
2022-03-26,CE04OSBP-LJ01C-07-VEL3DC107,8,True,2022-03-26T00:00:00Z,2022-03-26T23:59:59Z,691201,691201,0,0.125,0.124879837,0.124999946,-0.00028682,0,0,20,20,-1e-06,1.094865,3.300881,-5.772947e-09,0.008758921,0.02640706,False,0.027855,False
2022-03-27,CE04OSBP-LJ01C-07-VEL3DC107,8,True,2022-03-27T00:00:00Z,2022-03-27T23:59:59Z,691200,691200,0,0.125,0.124879837,0.124999941,-0.003138055,0,0,0,0,5e-06,1.504507,4.156847,3.789815e-08,0.01203606,0.03325479,False,0.026858,False
2022-03-28,CE04OSBP-LJ01C-07-VEL3DC107,8,True,2022-03-28T00:00:00Z,2022-03-28T23:59:59Z,691200,691200,0,0.125,0.124879837,0.124999943,-0.00020294,0,0,0,0,5e-06,1.299909,7.786256,3.670553e-08,0.01039928,0.06229008,False,0.074336,False
2022-03-29,CE04OSBP-LJ01C-07-VEL3DC107,8,True,2022-03-29T00:00:00Z,2022-03-29T23:59:59Z,691200,691200,0,0.125,0.124879837,0.124999943,0.00168143,0,0,0,0,5e-06,1.360357,3.701263,3.702313e-08,0.01088286,0.02961012,False,0.024793,False
2022-03-30,CE04OSBP-LJ01C-07-VEL3DC107,8,True,2022-03-30T00:00:00Z,2022-03-30T23:59:59Z,691201,691201,0,0.125,0.124879837,0.124999945,-0.001280315,0,0,10,10,-0.0,1.355424,3.850727,-1.254347e-09,0.0108434,0.03080583,False,0.026209,False
2022-03-31,CE04OSBP-LJ01C-07-VEL3DC107,8,True,2022-03-31T00:00:00Z,2022-03-31T23:59:59Z,691200,691200,0,0.125,0.124879837,0.124999941,0.001199786,0,0,0,0,5e-06,1.124535,3.091471,3.772483e-08,0.008996286,0.02473178,False,0.0248,False
2022-04-01,CE04OSBP-LJ01C-07-VEL3DC107,8,True,2022-04-01T00:00:00Z,2022-04-01T23:59:59Z,691200,691200,0,0.125,0.124879837,0.124999944,-0.003157072,0,0,0,0,5e-06,1.585414,4.430033,3.647682e-08,0.01268332,0.03544028,False,0.024808,False
2022-04-02,CE04OSBP-LJ01C-07-VEL3DC107,8,True,2022-04-02T00:00:00Z,2022-04-02T23:59:59Z,691201,691201,0,0.125,0.124879837,0.12499995,0.000370507,0,0,9,9,2e-06,1.109341,2.942487,1.81106e-08,0.008874734,0.02353991,False,0.027634,False
2022-04-03,CE04OSBP-LJ01C-07-VEL3DC107,8,True,2022-04-03T00:00:00Z,2022-04-03T23:59:59Z,691200,691200,0,0.125,0.124879837,0.124999955,-0.000965592,0,0,0,0,5e-06,1.09318,2.956089,3.710313e-08,0.008745439,0.02364872,False,0.029493,False
2022-04-04,CE04OSBP-LJ01C-07-VEL3DC107,8,True,2022-04-04T00:00:00Z,2022-04-04T23:59:59Z,691200,691200,0,0.125,0.124879837,0.124999954,-0.000177943,0,0,0,0,5e-06,1.533732,4.756783,3.601728e-08,0.01226986,0.03805428,False,0.024819,False
2022-04-05,CE04OSBP-LJ01C-07-VEL3DC107,8,True,2022-04-05T00:00:00Z,2022-04-05T23:59:59Z,691201,691201,0,0.125,0.124879837,0.124999948,-0.001768279,0,0,13,13,-4e-06,1.55282,4.30375,-3.306388e-08,0.01242256,0.03443001,False,0.026522,False
2022-04-06,CE04OSBP-LJ01C-07-VEL3DC107,8,True,2022-04-06T00:00:00Z,2022-04-06T23:59:59Z,691200,691200,0,0.125,0.124879837,0.124999944,0.000620853,0,0,0,0,5e-06,1.181462,3.315723,3.741633e-08,0.009451698,0.0265258,False,0.024785,False
2022-04-07,CE04OSBP-LJ01C-07-VEL3DC107,8,True,2022-04-07T00:00:00Z,2022-04-07T23:59:59Z,691200,691200,0,0.125,0.124879837,0.124999948,-0.003133093,0,0,0,0,5e-06,1.318765,4.88611,3.756712e-08,0.01055012,0.0390889,False,0.024785,False
2022-04-08,CE04OSBP-LJ01C-07-VEL3DC107,8,True,2022-04-08T00:00:00Z,2022-04-08T23:59:59Z,691200,691200,0,0.125,0.124879837,0.124999944,0.000494978,0,0,0,0,5e-06,1.113652,2.992593,3.809124e-08,0.008909217,0.02394075,False,0.029253,False
2022-04-09,CE04OSBP-LJ01C-07-VEL3DC107,8,True,2022-04-09T00:00:00Z,2022-04-09T23:59:59Z,691201,691201,0,0.125,0.124879837,0.124999934,-0.00245932,0,0,18,18,-1e-06,1.099979,2.890823,-4.931155e-09,0.008799833,0.0231266,False,0.028447,False
2022-04-10,CE04OSBP-LJ01C-07-VEL3DC107,8,True,2022-04-10T00:00:00Z,2022-04-10T23:59:59Z,691200,691200,0,0.125,0.124879837,0.124999931,-0.00034725,0,0,0,0,5e-06,1.068432,2.799534,3.705636e-08,0.008547457,0.02239628,False,0.026541,False
2022-04-11,CE04OSBP-LJ01C-07-VEL3DC107,8,True,2022-04-11T00:00:00Z,2022-04-11T23:59:59Z,691201,691201,0,0.125,0.124879837,0.124999948,-0.000754847,0,0,4,4,-4e-06,1.817377,4.968864,-3.517379e-08,0.01453902,0.03975093,False,0.027229,False
2022-04-12,CE04OSBP-LJ01C-07-VEL3DC107,8,True,2022-04-12T00:00:00Z,2022-04-12T23:59:59Z,691200,691200,0,0.125,0.124879837,0.12499995,0.002057688,0,0,0,0,5e-06,1.556955,4.61504,3.658612e-08,0.01245564,0.03692034,False,0.025281,False
2022-04-13,CE04OSBP-LJ01C-07-VEL3DC107,8,True,2022-04-13T00:00:00Z,2022-04-13T23:59:59Z,691200,691200,0,0.125,0.124879837,0.124999953,0.001072954,0,0,0,0,5e-06,1.467274,9.980532,3.611057e-08,0.0117382,0.07984429,False,0.070373,False
2022-04-14,CE04OSBP-LJ01C-07-VEL3DC107,8,True,2022-04-14T00:00:00Z,2022-04-14T23:59:59Z,691200,691200,0,0.125,0.124879837,0.124999941,-0.000239082,0,0,1,1,-1e-06,4.279668,27.078029,-7.273183e-09,0.03423736,0.2166243,False,0.19778,False
2022-04-15,CE04OSBP-LJ01C-07-VEL3DC107,8,True,2022-04-15T00:00:00Z,2022-04-15T23:59:59Z,691201,691201,0,0.125,0.124879837,0.124999946,0.006777068,0,0,13,13,-2e-06,2.268256,6.79174,-1.924935e-08,0.01814606,0.05433394,False,0.025098,False
2022-04-16,CE04OSBP-LJ01C-07-VEL3DC107,8,True,2022-04-16T00:00:00Z,2022-04-16T23:59:59Z,691200,691200,0,0.125,0.124879837,0.12499994,-0.001255907,0,0,0,0,5e-06,1.096927,2.958107,3.664305e-08,0.008775418,0.02366487,False,0.028516,False
2022-04-17,CE04OSBP-LJ01C-07-VEL3DC107,8,True,2022-04-17T00:00:00Z,2022-04-17T23:59:59Z,691200,691200,0,0.125,0.124879837,0.124999937,0.001474931,0,0,0,0,5e-06,1.074967,3.153088,3.692305e-08,0.008599742,0.02522472,False,0.027886,False
2022-04-18,CE04OSBP-LJ01C-07-VEL3DC107,8,True,2022-04-18T00:00:00Z,2022-04-18T23:59:59Z,691201,691201,0,0.125,0.124879837,0.124999934,-0.000145774,0,0,11,11,0.0,1.360283,3.761386,1.629988e-09,0.01088227,0.03009111,False,0.027191,False
2022-04-19,CE04OSBP-LJ01C-07-VEL3DC107,8,True,2022-04-19T00:00:00Z,2022-04-19T23:59:59Z,691200,691200,0,0.125,0.124879837,0.124999932,0.001657372,0,0,0,0,5e-06,1.739786,4.998864,3.699095e-08,0.01391829,0.03999093,False,0.027668,False
2022-04-20,CE04OSBP-LJ01C-07-VEL3DC107,8,True,2022-04-20T00:00:00Z,2022-04-20T23:59:59Z,691200,691200,0,0.125,0.124879837,0.124999928,-0.001960154,0,0,0,0,5e-06,1.581479,5.115853,3.701442e-08,0.01265184,0.04092685,False,0.026427,False
2022-04-21,CE04OSBP-LJ01C-07-VEL3DC107,8,True,2022-04-21T00:00:00Z,2022-04-21T23:59:59Z,691201,691201,0,0.125,0.124879837,0.124999934,-0.00053958,0,0,8,8,0.0,1.570168,3.835738,2.617889e-09,0.01256135,0.03068592,False,0.025006,False
2022-04-22,CE04OSBP-LJ01C-07-VEL3DC107,8,True,2022-04-22T00:00:00Z,2022-04-22T23:59:59Z,688914,691202,2288,0.125,0.124879837,0.124999384,0.049530205,1,2288,1,2288,0.0,61.846011,130.596675,1.337661e-09,0.4947705,1.044779,True,0.188062,True
2022-04-23,CE04OSBP-LJ01C-07-VEL3DC107,8,True,2022-04-23T00:00:00Z,2022-04-23T23:59:59Z,691201,691201,0,0.125,0.124879837,0.124999921,0.000559478,0,0,9,9,-0.0,1.770553,9.533271,-9.382699e-10,0.01416443,0.07626622,False,0.052636,False
2022-04-24,CE04OSBP-LJ01C-07-VEL3DC107,8,True,2022-04-24T00:00:00Z,2022-04-24T23:59:59Z,691200,691200,0,0.125,0.124879837,0.124999929,-0.00034903,0,0,0,0,5e-06,1.635425,4.413029,3.796696e-08,0.01308341,0.03530425,False,0.027698,False
2022-04-25,CE04OSBP-LJ01C-07-VEL3DC107,8,True,2022-04-25T00:00:00Z,2022-04-25T23:59:59Z,691201,691201,0,0.125,0.124879837,0.124999924,0.003369333,0,0,12,12,-1e-06,2.906988,8.402972,-6.746075e-09,0.02325592,0.06722382,False,0.033418,False
2022-04-26,CE04OSBP-LJ01C-07-VEL3DC107,8,True,2022-04-26T00:00:00Z,2022-04-26T23:59:59Z,691200,691200,0,0.125,0.124879837,0.124999925,0.001242812,0,0,0,0,5e-06,1.122325,5.147721,3.741686e-08,0.008978606,0.04118179,False,0.033705,False
2022-04-27,CE04OSBP-LJ01C-07-VEL3DC107,8,True,2022-04-27T00:00:00Z,2022-04-27T23:59:59Z,691200,691200,0,0.125,0.124879837,0.124999926,-0.001062497,0,0,0,0,5e-06,2.199202,7.968099,3.71373e-08,0.01759363,0.06374483,False,0.051563,False
2022-04-28,CE04OSBP-LJ01C-07-VEL3DC107,8,True,2022-04-28T00:00:00Z,2022-04-28T23:59:59Z,691201,691201,0,0.125,0.124879837,0.124999929,-0.001139404,0,0,8,8,0.0,1.956101,4.770057,5.593546e-10,0.01564882,0.03816047,False,0.033953,False
2022-04-29,CE04OSBP-LJ01C-07-VEL3DC107,8,True,2022-04-29T00:00:00Z,2022-04-29T23:59:59Z,689035,691202,2167,0.125,0.124879837,0.124999481,0.08013599,1,2167,1,2167,-1e-06,68.994512,137.875629,-1.003416e-08,0.5519584,1.10301,True,0.067616,True
2022-04-30,CE04OSBP-LJ01C-07-VEL3DC107,8,True,2022-04-30T00:00:00Z,2022-04-30T23:59:59Z,691200,691200,0,0.125,0.124879837,0.124999938,4.7801e-05,0,0,0,0,5e-06,1.095205,3.925742,3.820266e-08,0.008761646,0.03140595,False,0.027401,False
2022-05-01,CE04OSBP-LJ01C-07-VEL3DC107,8,True,2022-05-01T00:00:00Z,2022-05-01T23:59:59Z,691201,691201,0,0.125,0.124879837,0.124999935,-0.00053846,0,0,14,14,-1e-06,1.227391,5.37475,-8.317055e-09,0.009819135,0.04299803,False,0.04566,False
2022-05-02,CE04OSBP-LJ01C-07-VEL3DC107,8,True,2022-05-02T00:00:00Z,2022-05-02T23:59:59Z,691200,691200,0,0.125,0.124879837,0.124999936,0.001277239,0,0,0,0,5e-06,1.147242,4.195265,3.709176e-08,0.00917794,0.03356214,False,0.039562,False
2022-05-03,CE04OSBP-LJ01C-07-VEL3DC107,8,True,2022-05-03T00:00:00Z,2022-05-03T23:59:59Z,691200,691200,0,0.125,0.124879837,0.124999948,-0.001737883,0,0,0,0,5e-06,1.297022,3.449141,3.634508e-08,0.01037618,0.02759314,False,0.027916,False
2022-05-04,CE04OSBP-LJ01C-07-VEL3DC107,8,True,2022-05-04T00:00:00Z,2022-05-04T23:59:59Z,691201,691201,0,0.125,0.124879837,0.124999954,0.00109314,0,0,14,14,0.0,1.239951,3.776991,1.099892e-09,0.009919615,0.03021594,False,0.02863,False
2022-05-05,CE04OSBP-LJ01C-07-VEL3DC107,8,True,2022-05-05T00:00:00Z,2022-05-05T23:59:59Z,691200,691200,0,0.125,0.124879837,0.124999957,-0.002187088,0,0,0,0,5e-06,1.409382,3.620735,3.745735e-08,0.01127506,0.02896589,False,0.026183,False
2022-05-06,CE04OSBP-LJ01C-07-VEL3DC107,8,True,2022-05-06T00:00:00Z,2022-05-06T23:59:59Z,691200,691200,0,0.125,0.124879837,0.124999967,0.000327819,0,0,0,0,5e-06,1.13229,3.497586,3.660978e-08,0.009058326,0.0279807,False,0.029485,False
2022-05-07,CE04OSBP-LJ01C-07-VEL3DC107,8,True,2022-05-07T00:00:00Z,2022-05-07T23:59:59Z,691200,691200,0,0.125,0.124879837,0.124999955,-0.001963797,0,0,0,0,5e-06,1.508035,4.218515,3.83237e-08,0.01206428,0.03374813,False,0.027676,False
2022-05-08,CE04OSBP-LJ01C-07-VEL3DC107,8,True,2022-05-08T00:00:00Z,2022-05-08T23:59:59Z,691201,691201,0,0.125,0.124879837,0.124999957,-0.001954885,0,0,13,13,-0.0,1.469272,3.960912,-3.036958e-10,0.01175418,0.03168731,False,0.027698,False
2022-05-09,CE04OSBP-LJ01C-07-VEL3DC107,8,True,2022-05-09T00:00:00Z,2022-05-09T23:59:59Z,691200,691200,0,0.125,0.124879837,0.124999957,0.000413862,0,0,1,1,0.0,1.146654,24.16228,5.595333e-10,0.009173233,0.1932983,False,0.19972,False
2022-05-10,CE04OSBP-LJ01C-07-VEL3DC107,8,True,2022-05-10T00:00:00Z,2022-05-10T23:59:59Z,691200,691200,0,0.125,0.124879837,0.124999942,0.001852009,0,0,0,0,5e-06,3.332774,8.101135,3.728116e-08,0.02666221,0.06480911,False,0.027194,False
2022-05-11,CE04OSBP-LJ01C-07-VEL3DC107,8,True,2022-05-11T00:00:00Z,2022-05-11T23:59:59Z,691201,691201,0,0.125,0.124879837,0.12499994,0.006709234,0,0,16,16,3e-06,2.50229,6.761744,2.34219e-08,0.02001833,0.05409397,False,0.027614,False
2022-05-12,CE04OSBP-LJ01C-07-VEL3DC107,8,True,2022-05-12T00:00:00Z,2022-05-12T23:59:59Z,691200,691200,0,0.125,0.124879837,0.124999937,-0.002027784,0,0,0,0,5e-06,1.211462,3.75728,3.78328e-08,0.009691703,0.03005825,False,0.025251,False
2022-05-13,CE04OSBP-LJ01C-07-VEL3DC107,8,True,2022-05-13T00:00:00Z,2022-05-13T23:59:59Z,691200,691200,0,0.125,0.124879837,0.124999937,0.000685728,0,0,0,0,5e-06,1.167065,3.076448,3.808181e-08,0.009336522,0.0246116,False,0.027149,False
2022-05-14,CE04OSBP-LJ01C-07-VEL3DC107,8,True,2022-05-14T00:00:00Z,2022-05-14T23:59:59Z,691201,691201,0,0.125,0.124879837,0.124999935,7.4469e-05,0,0,9,9,-1e-06,1.171942,3.078746,-8.771713e-09,0.009375539,0.02462998,False,0.025877,False
2022-05-15,CE04OSBP-LJ01C-07-VEL3DC107,8,True,2022-05-15T00:00:00Z,2022-05-15T23:59:59Z,691200,691200,0,0.125,0.124879837,0.124999941,0.001035608,0,0,0,0,5e-06,1.11521,3.143651,3.774357e-08,0.008921686,0.02514922,False,0.026515,False
2022-05-16,CE04OSBP-LJ01C-07-VEL3DC107,8,True,2022-05-16T00:00:00Z,2022-05-16T23:59:59Z,691200,691200,0,0.125,0.124879837,0.124999936,-0.000407533,0,0,0,0,5e-06,1.273002,6.7526,3.760067e-08,0.01018402,0.05402083,False,0.055832,False
2022-05-17,CE04OSBP-LJ01C-07-VEL3DC107,8,True,2022-05-17T00:00:00Z,2022-05-17T23:59:59Z,691201,691201,0,0.125,0.124879837,0.124999943,0.000350605,0,0,11,11,2e-06,1.248622,3.38392,1.638776e-08,0.009988978,0.02707137,False,0.027259,False
2022-05-18,CE04OSBP-LJ01C-07-VEL3DC107,8,True,2022-05-18T00:00:00Z,2022-05-18T23:59:59Z,691200,691200,0,0.125,0.124879837,0.124999947,-0.00140779,0,0,0,0,5e-06,1.859001,4.552669,3.84012e-08,0.01487202,0.03642137,False,0.029398,False
2022-05-19,CE04OSBP-LJ01C-07-VEL3DC107,8,True,2022-05-19T00:00:00Z,2022-05-19T23:59:59Z,691200,691200,0,0.125,0.124879837,0.124999948,-0.001580796,0,0,0,0,5e-06,1.204484,4.422583,3.69433e-08,0.009635878,0.03538068,False,0.031345,False
2022-05-20,CE04OSBP-LJ01C-07-VEL3DC107,8,True,2022-05-20T00:00:00Z,2022-05-20T23:59:59Z,691200,691200,0,0.125,0.124879837,0.124999945,-0.00275016,0,0,1,1,-1.1e-05,1.07949,3.141343,-8.705079e-08,0.008635923,0.02513075,False,0.029142,False
2022-05-21,CE04OSBP-LJ01C-07-VEL3DC107,8,True,2022-05-21T00:00:00Z,2022-05-21T23:59:59Z,691201,691201,0,0.125,0.124879837,0.12499995,0.001068542,0,0,26,26,0.0,1.05822,2.750281,5.985847e-10,0.008465762,0.02200226,False,0.026099,False
2022-05-22,CE04OSBP-LJ01C-07-VEL3DC107,8,True,2022-05-22T00:00:00Z,2022-05-22T23:59:59Z,691200,691200,0,0.125,0.124879837,0.124999964,-0.002719568,0,0,0,0,5e-06,3.053538,6.968956,3.887222e-08,0.02442831,0.05575167,False,0.030661,False
2022-05-23,CE04OSBP-LJ01C-07-VEL3DC107,8,True,2022-05-23T00:00:00Z,2022-05-23T23:59:59Z,691200,691200,0,0.125,0.124879837,0.124999967,-0.003875358,0,0,0,0,5e-06,1.408367,5.723548,3.941612e-08,0.01126694,0.0457884,False,0.03023,False
2022-05-24,CE04OSBP-LJ01C-07-VEL3DC107,8,True,2022-05-24T00:00:00Z,2022-05-24T23:59:59Z,691200,691200,0,0.125,0.124879837,0.124999965,0.001497991,0,0,0,0,5e-06,1.533295,6.899797,3.739499e-08,0.01226636,0.05519839,False,0.04096,False
2022-05-25,CE04OSBP-LJ01C-07-VEL3DC107,8,True,2022-05-25T00:00:00Z,2022-05-25T23:59:59Z,691201,691201,0,0.125,0.124879837,0.124999951,0.002008454,0,0,45,45,-0.0,2.190275,6.377999,-2.138972e-09,0.0175222,0.05102401,False,0.027683,False
2022-05-26,CE04OSBP-LJ01C-07-VEL3DC107,8,True,2022-05-26T00:00:00Z,2022-05-26T23:59:59Z,691200,691200,0,0.125,0.124879837,0.124999948,0.005466299,0,0,0,0,5e-06,1.611023,5.868099,3.625321e-08,0.01288819,0.04694481,False,0.027634,False
2022-05-27,CE04OSBP-LJ01C-07-VEL3DC107,8,True,2022-05-27T00:00:00Z,2022-05-27T23:59:59Z,691200,691200,0,0.125,0.124879837,0.124999946,-0.001286735,0,0,0,0,5e-06,1.308871,3.559169,3.73138e-08,0.01047097,0.02847337,False,0.026801,False
2022-05-28,CE04OSBP-LJ01C-07-VEL3DC107,8,True,2022-05-28T00:00:00Z,2022-05-28T23:59:59Z,691201,691201,0,0.125,0.124879837,0.124999934,0.002725783,0,0,10,10,0.0,1.057585,2.803649,2.547492e-09,0.008460686,0.0224292,False,0.026595,False
2022-05-29,CE04OSBP-LJ01C-07-VEL3DC107,8,True,2022-05-29T00:00:00Z,2022-05-29T23:59:59Z,691200,691200,0,0.125,0.124879837,0.124999926,-0.000556328,0,0,0,0,5e-06,1.920775,5.995439,3.641863e-08,0.01536621,0.04796354,False,0.030505,False
2022-05-30,CE04OSBP-LJ01C-07-VEL3DC107,8,True,2022-05-30T00:00:00Z,2022-05-30T23:59:59Z,691200,691200,0,0.125,0.124879837,0.124999924,0.000488092,0,0,0,0,5e-06,1.337449,3.909338,3.753835e-08,0.0106996,0.03127472,False,0.029863,False
2022-05-31,CE04OSBP-LJ01C-07-VEL3DC107,8,True,2022-05-31T00:00:00Z,2022-05-31T23:59:59Z,691201,691201,0,0.125,0.124879837,0.124999946,-0.003664017,0,0,14,14,0.0,1.359289,4.318841,1.027661e-09,0.01087432,0.03455074,False,0.027275,False
2022-06-01,CE04OSBP-LJ01C-07-VEL3DC107,8,True,2022-06-01T00:00:00Z,2022-06-01T23:59:59Z,691200,691200,0,0.125,0.124879837,0.124999929,0.001292561,0,0,0,0,4e-06,1.463156,4.938754,3.596258e-08,0.01170526,0.03951005,False,0.025866,False
2022-06-02,CE04OSBP-LJ01C-07-VEL3DC107,8,True,2022-06-02T00:00:00Z,2022-06-02T23:59:59Z,691200,691200,0,0.125,0.124879837,0.124999929,-0.001809098,0,0,0,0,5e-06,1.394418,5.136612,3.73423e-08,0.01115535,0.04109292,False,0.030016,False
2022-06-03,CE04OSBP-LJ01C-07-VEL3DC107,8,True,2022-06-03T00:00:00Z,2022-06-03T23:59:59Z,691201,691201,0,0.125,0.124879837,0.124999947,0.002522903,0,0,33,33,1e-06,2.205995,5.374935,8.207164e-09,0.01764797,0.0429995,False,0.025419,False
2022-06-04,CE04OSBP-LJ01C-07-VEL3DC107,8,True,2022-06-04T00:00:00Z,2022-06-04T23:59:59Z,691200,691200,0,0.125,0.124879837,0.124999932,-0.00333356,0,0,0,0,4e-06,2.188647,5.927818,3.564861e-08,0.01750919,0.04742257,False,0.025969,False
2022-06-05,CE04OSBP-LJ01C-07-VEL3DC107,8,True,2022-06-05T00:00:00Z,2022-06-05T23:59:59Z,691201,691201,0,0.125,0.124879837,0.124999919,0.002027649,0,0,11,11,1e-06,1.278579,3.85884,1.187258e-08,0.01022864,0.03087074,False,0.026595,False
2022-06-06,CE04OSBP-LJ01C-07-VEL3DC107,8,True,2022-06-06T00:00:00Z,2022-06-06T23:59:59Z,691200,691200,0,0.125,0.124879837,0.124999903,0.001581797,0,0,0,0,5e-06,1.428942,3.844973,3.781304e-08,0.01143154,0.03075981,False,0.028546,False
2022-06-07,CE04OSBP-LJ01C-07-VEL3DC107,8,True,2022-06-07T00:00:00Z,2022-06-07T23:59:59Z,691162,691201,39,0.125,0.124879837,0.124999898,0.000417023,6,39,6,44,-1e-06,1.533034,4.258335,-1.007381e-08,0.01226428,0.03406671,False,0.031589,True
2022-06-08,CE04OSBP-LJ01C-07-VEL3DC107,8,True,2022-06-08T00:00:00Z,2022-06-08T03:03:01Z,87849,87849,0,0.125,0.124879837,0.124999867,0.001482072,0,0,0,0,0.0,1.023537,2.379748,1.603409e-11,0.008188304,0.019038,False,0.024754,False
2022-06-09,CE04OSBP-LJ01C-07-VEL3DC107,8,False,,,0,0,,0.125,,,,,,,,,,,,,,,,False
2022-06-10,CE04OSBP-LJ01C-07-VEL3DC107,8,False,,,0,0,,0.125,,,,,,,,,,,,,,,,False
2022-06-11,CE04OSBP-LJ01C-07-VEL3DC107,8,False,,,0,0,,0.125,,,,,,,,,,,,,,,,False
2022-06-12,CE04OSBP-LJ01C-07-VEL3DC107,8,False,,,0,0,,0.125,,,,,,,,,,,,,,,,False
2022-06-13,CE04OSBP-LJ01C-07-VEL3DC107,8,False,,,0,0,,0.125,,,,,,,,,,,,,,,,False
2022-06-14,CE04OSBP-LJ01C-07-VEL3DC107,8,False,,,0,0,,0.125,,,,,,,,,,,,,,,,False
2022-06-15,CE04OSBP-LJ01C-07-VEL3DC107,8,False,,,0,0,,0.125,,,,,,,,,,,,,,,,False
2022-06-16,CE04OSBP-LJ01C-07-VEL3DC107,8,False,,,0,0,,0.125,,,,,,,,,,,,,,,,False
2022-06-17,CE04OSBP-LJ01C-07-VEL3DC107,8,True,2022-06-17T22:04:20Z,2022-06-17T23:59:59Z,55513,55513,0,0.125,0.124879837,0.124999905,0.002081569,0,0,0,0,0.0,1.009105,2.430349,2.992918e-10,0.008072846,0.01944281,False,0.024751,False
2022-06-18,CE04OSBP-LJ01C-07-VEL3DC107,8,True,2022-06-18T00:00:00Z,2022-06-18T23:59:59Z,691200,691200,0,0.125,0.124879837,0.124999897,-0.000470783,0,0,0,0,5e-06,1.8909,4.768418,3.783507e-08,0.01512722,0.03814737,False,0.02771,False
2022-06-19,CE04OSBP-LJ01C-07-VEL3DC107,8,True,2022-06-19T00:00:00Z,2022-06-19T23:59:59Z,691201,691201,0,0.125,0.124879837,0.124999949,-0.008241509,0,0,17,17,0.0,2.760529,10.699551,3.851226e-09,0.02208424,0.08559644,False,0.032059,False
2022-06-20,CE04OSBP-LJ01C-07-VEL3DC107,8,True,2022-06-20T00:00:00Z,2022-06-20T23:59:59Z,691200,691200,0,0.125,0.124879837,0.124999897,-0.005052646,0,0,0,0,5e-06,2.085193,8.092469,3.752717e-08,0.01668155,0.0647398,False,0.047447,False
2022-06-21,CE04OSBP-LJ01C-07-VEL3DC107,8,True,2022-06-21T00:00:00Z,2022-06-21T23:59:59Z,691201,691201,0,0.125,0.124879837,0.124999892,0.001698043,0,0,7,7,-1e-06,1.649439,3.846495,-8.044364e-09,0.01319552,0.03077199,False,0.028909,False
2022-06-22,CE04OSBP-LJ01C-07-VEL3DC107,8,True,2022-06-22T00:00:00Z,2022-06-22T23:59:59Z,691200,691200,0,0.125,0.124879837,0.124999908,-0.006643841,0,0,1,1,2e-06,3.143959,27.766254,1.446763e-08,0.02515169,0.2221302,False,0.197845,False
2022-06-23,CE04OSBP-LJ01C-07-VEL3DC107,8,True,2022-06-23T00:00:00Z,2022-06-23T23:59:59Z,691201,691201,0,0.125,0.124879837,0.124999917,-0.000477174,0,0,7,7,-1e-06,3.756845,9.352233,-4.140251e-09,0.03005478,0.07481792,False,0.025163,False
2022-06-24,CE04OSBP-LJ01C-07-VEL3DC107,8,True,2022-06-24T00:00:00Z,2022-06-24T23:59:59Z,691200,691200,0,0.125,0.124879837,0.124999947,0.003237677,0,0,0,0,5e-06,1.942512,5.271181,3.657808e-08,0.0155401,0.04216947,False,0.025583,False
2022-06-25,CE04OSBP-LJ01C-07-VEL3DC107,8,True,2022-06-25T00:00:00Z,2022-06-25T23:59:59Z,691200,691200,0,0.125,0.124879837,0.124999939,-0.000304036,0,0,0,0,5e-06,1.399325,4.129219,3.75017e-08,0.0111946,0.03303377,False,0.027133,False
2022-06-26,CE04OSBP-LJ01C-07-VEL3DC107,8,True,2022-06-26T00:00:00Z,2022-06-26T23:59:59Z,691201,691201,0,0.125,0.124879837,0.124999912,0.004611025,0,0,10,10,-0.0,2.179534,6.09131,-3.148877e-09,0.01743628,0.04873051,False,0.027114,False
2022-06-27,CE04OSBP-LJ01C-07-VEL3DC107,8,True,2022-06-27T00:00:00Z,2022-06-27T23:59:59Z,691200,691200,0,0.125,0.124879837,0.124999896,0.005484911,0,0,0,0,5e-06,2.874204,7.036104,3.609794e-08,0.02299365,0.05628888,False,0.02947,False
2022-06-28,CE04OSBP-LJ01C-07-VEL3DC107,8,True,2022-06-28T00:00:00Z,2022-06-28T23:59:59Z,691201,691201,0,0.125,0.124879837,0.124999947,-0.001317115,0,0,4,4,-1e-06,2.469454,7.382672,-1.167552e-08,0.01975564,0.0590614,False,0.02477,False
2022-06-29,CE04OSBP-LJ01C-07-VEL3DC107,8,True,2022-06-29T00:00:00Z,2022-06-29T23:59:59Z,691200,691200,0,0.125,0.124879837,0.124999912,-0.000801141,0,0,0,0,5e-06,2.812119,7.734923,3.708069e-08,0.02249697,0.06187943,False,0.027691,False
2022-06-30,CE04OSBP-LJ01C-07-VEL3DC107,8,True,2022-06-30T00:00:00Z,2022-06-30T23:59:59Z,691201,691201,0,0.125,0.124879837,0.124999915,0.006606239,0,0,10,10,1e-06,2.751424,7.359378,8.448145e-09,0.02201141,0.05887506,False,0.025637,False
2022-07-01,CE04OSBP-LJ01C-07-VEL3DC107,8,True,2022-07-01T00:00:00Z,2022-07-01T23:59:59Z,691200,691200,0,0.125,0.124879837,0.124999896,-0.002680958,0,0,0,0,5e-06,1.729868,4.900068,3.734124e-08,0.01383895,0.03920058,False,0.027424,False
2022-07-02,CE04OSBP-LJ01C-07-VEL3DC107,8,True,2022-07-02T00:00:00Z,2022-07-02T23:59:59Z,691201,691201,0,0.125,0.124879837,0.124999907,0.001615952,0,0,6,6,-0.0,1.227165,3.782446,-3.660751e-09,0.009817325,0.03025959,False,0.029455,False
2022-07-03,CE04OSBP-LJ01C-07-VEL3DC107,8,True,2022-07-03T00:00:00Z,2022-07-03T23:59:59Z,691200,691200,0,0.125,0.124879837,0.124999909,0.00031231,0,0,0,0,5e-06,1.361272,3.919597,3.687852e-08,0.01089018,0.0313568,False,0.02897,False
2022-07-04,CE04OSBP-LJ01C-07-VEL3DC107,8,True,2022-07-04T00:00:00Z,2022-07-04T23:59:59Z,691201,691201,0,0.125,0.124879837,0.124999907,0.002985934,0,0,7,7,-0.0,1.282064,3.344417,-1.439785e-09,0.01025652,0.02675536,False,0.025136,False
2022-07-05,CE04OSBP-LJ01C-07-VEL3DC107,8,True,2022-07-05T00:00:00Z,2022-07-05T23:59:59Z,691200,691200,0,0.125,0.124879837,0.124999891,0.001593184,0,0,0,0,5e-06,1.664198,4.230107,3.734827e-08,0.0133136,0.03384088,False,0.027653,False
2022-07-06,CE04OSBP-LJ01C-07-VEL3DC107,8,True,2022-07-06T00:00:00Z,2022-07-06T23:59:59Z,691201,691201,0,0.125,0.124879837,0.124999902,-0.00207853,0,0,9,9,1e-06,2.708447,6.816316,6.258856e-09,0.0216676,0.05453057,False,0.025644,False
2022-07-07,CE04OSBP-LJ01C-07-VEL3DC107,8,True,2022-07-07T00:00:00Z,2022-07-07T23:59:59Z,691200,691200,0,0.125,0.124879837,0.124999902,-0.002676885,0,0,0,0,5e-06,1.552389,4.522314,3.635923e-08,0.01241912,0.03617854,False,0.027683,False
2022-07-08,CE04OSBP-LJ01C-07-VEL3DC107,8,True,2022-07-08T00:00:00Z,2022-07-08T23:59:59Z,691201,691201,0,0.125,0.124879837,0.124999903,-0.00061304,0,0,7,7,1e-06,1.789315,4.32969,1.185236e-08,0.01431454,0.03463755,False,0.024945,False
2022-07-09,CE04OSBP-LJ01C-07-VEL3DC107,8,True,2022-07-09T00:00:00Z,2022-07-09T23:59:59Z,691201,691201,0,0.125,0.124879837,0.124999906,-0.004166863,0,0,4,4,-1.1e-05,1.323966,4.381266,-8.415007e-08,0.01059174,0.03505015,False,0.024785,False
2022-07-10,CE04OSBP-LJ01C-07-VEL3DC107,8,True,2022-07-10T00:00:00Z,2022-07-10T23:59:59Z,691200,691200,0,0.125,0.124879837,0.124999912,-0.000316939,0,0,0,0,5e-06,1.106422,3.078664,3.691674e-08,0.008851385,0.02462933,False,0.029077,False
2022-07-11,CE04OSBP-LJ01C-07-VEL3DC107,8,True,2022-07-11T00:00:00Z,2022-07-11T23:59:59Z,691200,691200,0,0.125,0.124879837,0.124999914,0.0015412,0,0,11,11,-1.5e-05,1.429105,3.464136,-1.21132e-07,0.01143285,0.02771311,False,0.025174,False
2022-07-12,CE04OSBP-LJ01C-07-VEL3DC107,8,True,2022-07-12T00:00:00Z,2022-07-12T23:59:59Z,691201,691201,0,0.125,0.124879837,0.12499993,0.002949564,0,0,78,78,1e-06,2.096155,5.579045,6.836519e-09,0.01676925,0.04463239,False,0.042708,False
2022-07-13,CE04OSBP-LJ01C-07-VEL3DC107,8,True,2022-07-13T00:00:00Z,2022-07-13T23:59:59Z,691200,691200,0,0.125,0.124879837,0.124999932,0.001697373,0,0,0,0,5e-06,1.052666,3.028068,3.739412e-08,0.008421331,0.02422456,False,0.027443,False
2022-07-14,CE04OSBP-LJ01C-07-VEL3DC107,8,True,2022-07-14T00:00:00Z,2022-07-14T23:59:59Z,691201,691201,0,0.125,0.124879837,0.124999923,0.000743162,0,0,8,8,1e-06,1.537247,5.127595,6.9456e-09,0.01229798,0.04102078,False,0.02758,False
2022-07-15,CE04OSBP-LJ01C-07-VEL3DC107,8,True,2022-07-15T00:00:00Z,2022-07-15T23:59:59Z,691200,691200,0,0.125,0.124879837,0.124999906,0.005103658,0,0,0,0,5e-06,2.60696,6.039781,3.723711e-08,0.0208557,0.04831828,False,0.027553,False
2022-07-16,CE04OSBP-LJ01C-07-VEL3DC107,8,True,2022-07-16T00:00:00Z,2022-07-16T23:59:59Z,691201,691201,0,0.125,0.124879837,0.124999907,0.003987984,0,0,14,14,-0.0,4.195301,10.813966,-2.389122e-09,0.03356243,0.08651179,False,0.027664,False
2022-07-17,CE04OSBP-LJ01C-07-VEL3DC107,8,True,2022-07-17T00:00:00Z,2022-07-17T23:59:59Z,691200,691200,0,0.125,0.124879837,0.124999902,-0.002152676,0,0,0,0,5e-06,1.82727,5.285076,3.800278e-08,0.01461817,0.04228064,False,0.027653,False
2022-07-18,CE04OSBP-LJ01C-07-VEL3DC107,8,True,2022-07-18T00:00:00Z,2022-07-18T23:59:59Z,691201,691201,0,0.125,0.124879837,0.124999908,-0.000440606,0,0,3,3,0.0,1.540966,4.428528,2.993171e-09,0.01232774,0.03542825,False,0.025488,False
2022-07-19,CE04OSBP-LJ01C-07-VEL3DC107,8,True,2022-07-19T00:00:00Z,2022-07-19T23:59:59Z,691200,691200,0,0.125,0.124879837,0.124999908,0.001088235,0,0,0,0,5e-06,1.062018,2.862733,3.719703e-08,0.008496151,0.02290188,False,0.028118,False
2022-07-20,CE04OSBP-LJ01C-07-VEL3DC107,8,True,2022-07-20T00:00:00Z,2022-07-20T23:59:59Z,691201,691201,0,0.125,0.124879837,0.124999912,-0.001467434,0,0,13,13,-0.0,1.120948,3.212255,-2.066324e-09,0.008967589,0.02569806,False,0.028252,False
2022-07-21,CE04OSBP-LJ01C-07-VEL3DC107,8,True,2022-07-21T00:00:00Z,2022-07-21T23:59:59Z,691200,691200,0,0.125,0.124879837,0.124999906,0.001795248,0,0,0,0,5e-06,1.151019,3.26894,3.71134e-08,0.00920816,0.02615154,False,0.028099,False
2022-07-22,CE04OSBP-LJ01C-07-VEL3DC107,8,True,2022-07-22T00:00:00Z,2022-07-22T23:59:59Z,691201,691201,0,0.125,0.124879837,0.124999902,0.000358953,0,0,7,7,-2e-06,2.256918,5.85461,-1.635518e-08,0.01805536,0.04683691,False,0.027114,False
2022-07-23,CE04OSBP-LJ01C-07-VEL3DC107,8,True,2022-07-23T00:00:00Z,2022-07-23T23:59:59Z,691200,691200,0,0.125,0.124879837,0.12499991,-0.002093129,0,0,0,0,5e-06,1.232474,4.478909,3.779755e-08,0.009859802,0.0358313,False,0.026064,False
2022-07-24,CE04OSBP-LJ01C-07-VEL3DC107,8,True,2022-07-24T00:00:00Z,2022-07-24T23:59:48Z,691111,691111,0,0.125,0.124879837,0.124999917,-0.001221898,0,0,2,2,-1e-06,1.102123,3.444742,-4.4559e-09,0.008816994,0.02755796,False,0.028454,False
2022-07-25,CE04OSBP-LJ01C-07-VEL3DC107,8,True,2022-07-25T00:00:00Z,2022-07-25T23:59:48Z,691111,691111,0,0.125,0.124879837,0.124999923,0.003069282,0,0,0,0,-1.6e-05,1.92697,5.552731,-1.308607e-07,0.01541577,0.04442188,False,0.031838,False
2022-07-26,CE04OSBP-LJ01C-07-VEL3DC107,8,True,2022-07-26T00:00:00Z,2022-07-26T23:59:59Z,691112,691201,89,0.125,0.124879837,0.124999931,0.001145429,8,89,8,96,2e-06,1.688772,4.704972,1.251378e-08,0.01351018,0.03763979,False,0.095383,True
2022-07-27,CE04OSBP-LJ01C-07-VEL3DC107,8,True,2022-07-27T00:00:00Z,2022-07-27T23:59:48Z,691110,691110,0,0.125,0.124879837,0.124999924,0.005366827,0,0,0,0,1.1e-05,1.958202,6.463065,8.641185e-08,0.01566563,0.05170455,False,0.026851,False
2022-07-28,CE04OSBP-LJ01C-07-VEL3DC107,8,True,2022-07-28T00:00:00Z,2022-07-28T23:59:59Z,691100,691200,100,0.125,0.124879837,0.12499991,0.00544945,1,100,1,100,1e-06,1.918108,5.499891,6.74744e-09,0.01534488,0.04399916,False,0.097139,True
2022-07-29,CE04OSBP-LJ01C-07-VEL3DC107,8,True,2022-07-29T00:00:00Z,2022-07-29T23:59:59Z,691201,691201,0,0.125,0.124879837,0.124999919,0.000968598,0,0,23,23,1e-06,1.389266,4.232336,4.939023e-09,0.01111414,0.03385871,False,0.027691,False
2022-07-30,CE04OSBP-LJ01C-07-VEL3DC107,8,True,2022-07-30T00:00:00Z,2022-07-30T23:59:59Z,691200,691200,0,0.125,0.124879837,0.12499992,0.000693634,0,0,0,0,5e-06,1.130608,3.226042,3.728043e-08,0.009044871,0.02580835,False,0.027676,False
2022-07-31,CE04OSBP-LJ01C-07-VEL3DC107,8,True,2022-07-31T00:00:00Z,2022-07-31T23:59:59Z,691201,691201,0,0.125,0.124879837,0.124999924,-0.001378741,0,0,13,13,0.0,1.137649,3.361942,3.607113e-09,0.009101194,0.02689555,False,0.025976,False
2022-08-01,CE04OSBP-LJ01C-07-VEL3DC107,8,True,2022-08-01T00:00:00Z,2022-08-01T23:59:59Z,691200,691200,0,0.125,0.124879837,0.124999921,0.002368652,0,0,0,0,5e-06,1.249175,7.865681,3.653468e-08,0.009993405,0.06292549,False,0.055351,False
2022-08-02,CE04OSBP-LJ01C-07-VEL3DC107,8,True,2022-08-02T00:00:00Z,2022-08-02T23:59:59Z,672577,691219,18642,0.125,0.124879837,0.124998733,0.252982013,14,18642,14,18653,0.0,405.406275,1721.123259,3.893375e-09,3.243283,13.76913,True,0.341771,True
2022-08-03,CE04OSBP-LJ01C-07-VEL3DC107,8,True,2022-08-03T00:00:00Z,2022-08-03T23:59:59Z,691200,691200,0,0.125,0.124879837,0.12499992,0.000912035,0,0,0,0,5e-06,2.00883,5.426415,3.726341e-08,0.01607065,0.04341135,False,0.025396,False
2022-08-04,CE04OSBP-LJ01C-07-VEL3DC107,8,True,2022-08-04T00:00:00Z,2022-08-04T23:59:59Z,691201,691201,0,0.125,0.124879837,0.124999911,-0.000288996,0,0,13,13,-8e-06,1.174166,3.108869,-6.136429e-08,0.009393334,0.02487097,False,0.027683,False
2022-08-05,CE04OSBP-LJ01C-07-VEL3DC107,8,True,2022-08-05T00:00:00Z,2022-08-05T23:59:59Z,691200,691200,0,0.125,0.124879837,0.124999911,0.001627135,0,0,0,0,5e-06,1.291023,3.60827,3.615664e-08,0.01032819,0.02886618,False,0.028813,False
2022-08-06,CE04OSBP-LJ01C-07-VEL3DC107,8,True,2022-08-06T00:00:00Z,2022-08-06T23:59:59Z,691201,691201,0,0.125,0.124879837,0.124999909,0.000975495,0,0,10,10,1e-06,1.354088,25.442194,4.165216e-09,0.01083271,0.2035377,False,0.197921,False
2022-08-07,CE04OSBP-LJ01C-07-VEL3DC107,8,True,2022-08-07T00:00:00Z,2022-08-07T23:59:59Z,691200,691200,0,0.125,0.124879837,0.124999905,0.00285922,0,0,0,0,5e-06,2.061279,5.027924,3.717626e-08,0.01649025,0.04022342,False,0.027683,False
2022-08-08,CE04OSBP-LJ01C-07-VEL3DC107,8,True,2022-08-08T00:00:00Z,2022-08-08T23:59:59Z,691201,691201,0,0.125,0.124879837,0.124999899,-0.000372156,0,0,15,15,9e-06,1.147229,3.427323,7.547055e-08,0.009177836,0.02741861,False,0.027702,False
2022-08-09,CE04OSBP-LJ01C-07-VEL3DC107,8,True,2022-08-09T00:00:00Z,2022-08-09T23:59:59Z,691200,691200,0,0.125,0.124879837,0.124999892,0.002467975,0,0,0,0,5e-06,1.398256,3.938069,3.645803e-08,0.01118606,0.03150458,False,0.026347,False
2022-08-10,CE04OSBP-LJ01C-07-VEL3DC107,8,True,2022-08-10T00:00:00Z,2022-08-10T23:59:59Z,691201,691201,0,0.125,0.124879837,0.124999895,0.000752129,0,0,6,6,1e-06,2.103059,5.910106,7.409019e-09,0.01682449,0.04728089,False,0.027649,False
2022-08-11,CE04OSBP-LJ01C-07-VEL3DC107,8,True,2022-08-11T00:00:00Z,2022-08-11T23:59:59Z,691200,691200,0,0.125,0.124879837,0.124999906,0.001644558,0,0,0,0,5e-06,1.615167,4.078353,3.73467e-08,0.01292134,0.03262685,False,0.024777,False
2022-08-12,CE04OSBP-LJ01C-07-VEL3DC107,8,True,2022-08-12T00:00:00Z,2022-08-12T23:59:59Z,690390,691202,812,0.125,0.124879837,0.124999908,-0.11715776,6,812,6,817,1e-06,11.717896,120.321847,9.498138e-09,0.09374323,0.9625755,True,0.238663,True
2022-08-13,CE04OSBP-LJ01C-07-VEL3DC107,8,True,2022-08-13T00:00:00Z,2022-08-13T23:59:59Z,691200,691200,0,0.125,0.124879837,0.124999919,0.001365421,0,0,0,0,5e-06,1.582484,4.501864,3.702293e-08,0.01265988,0.03601493,False,0.025652,False
2022-08-14,CE04OSBP-LJ01C-07-VEL3DC107,8,True,2022-08-14T00:00:00Z,2022-08-14T23:59:59Z,691201,691201,0,0.125,0.124879837,0.124999917,0.000566559,0,0,11,11,5e-06,1.527584,5.039917,4.154864e-08,0.01222068,0.04031936,False,0.027989,False
2022-08-15,CE04OSBP-LJ01C-07-VEL3DC107,8,True,2022-08-15T00:00:00Z,2022-08-15T23:59:59Z,691200,691200,0,0.125,0.124879837,0.124999918,0.000530408,0,0,0,0,5e-06,1.20039,3.624257,3.656118e-08,0.009603124,0.02899408,False,0.026721,False
2022-08-16,CE04OSBP-LJ01C-07-VEL3DC107,8,True,2022-08-16T00:00:00Z,2022-08-16T23:59:59Z,691200,691200,0,0.125,0.124879837,0.124999914,0.002200733,0,0,0,0,5e-06,1.173751,3.41312,3.772662e-08,0.009390011,0.02730498,False,0.028386,False
2022-08-17,CE04OSBP-LJ01C-07-VEL3DC107,8,True,2022-08-17T00:00:00Z,2022-08-17T23:59:59Z,691201,691201,0,0.125,0.124879837,0.124999904,0.003300332,0,0,12,12,0.0,2.116361,5.706732,6.838361e-10,0.0169309,0.04565389,False,0.028699,False
2022-08-18,CE04OSBP-LJ01C-07-VEL3DC107,8,True,2022-08-18T00:00:00Z,2022-08-18T23:59:59Z,691200,691200,0,0.125,0.124879837,0.124999915,0.002766076,0,0,0,0,5e-06,1.357187,3.773303,3.66922e-08,0.01085751,0.03018644,False,0.026034,False
2022-08-19,CE04OSBP-LJ01C-07-VEL3DC107,8,True,2022-08-19T00:00:00Z,2022-08-19T06:12:59Z,179041,179041,0,0.125,0.124879837,0.124999939,-0.001844188,0,0,5,5,-0.0,1.119609,2.774072,-1.744307e-09,0.008956873,0.02219259,False,0.024777,False
2022-08-20,CE04OSBP-LJ01C-07-VEL3DC107,9,True,2022-08-20T02:22:00Z,2022-08-20T23:59:59Z,623041,623041,0,0.125,0.124879837,0.124999796,0.003137646,0,0,4,4,1e-06,2.112798,5.916956,8.184918e-09,0.01690241,0.04733572,False,0.024808,False
2022-08-21,CE04OSBP-LJ01C-07-VEL3DC107,9,True,2022-08-21T00:00:00Z,2022-08-21T23:59:59Z,690390,691202,812,0.125,0.124879837,0.124999615,0.036687386,6,812,6,817,0.0,36.102104,64.887603,3.509295e-09,0.2888177,0.5191024,True,0.211454,True
2022-08-22,CE04OSBP-LJ01C-07-VEL3DC107,9,True,2022-08-22T00:00:00Z,2022-08-22T23:59:59Z,691201,691201,0,0.125,0.124879837,0.124999804,0.001695291,0,0,7,7,-0.0,1.835995,4.839304,-1.457045e-09,0.01468798,0.03871449,False,0.025209,False
2022-08-23,CE04OSBP-LJ01C-07-VEL3DC107,9,True,2022-08-23T00:00:00Z,2022-08-23T23:59:59Z,691201,691201,0,0.125,0.124879837,0.124999802,0.006803142,0,0,4,4,-1e-06,3.694834,9.475594,-6.103525e-09,0.02955872,0.07580487,False,0.027981,False
2022-08-24,CE04OSBP-LJ01C-07-VEL3DC107,9,True,2022-08-24T00:00:00Z,2022-08-24T23:59:59Z,691201,691201,0,0.125,0.124879837,0.124999801,0.00081732,0,0,8,8,2e-06,2.078283,5.261367,1.233024e-08,0.01662629,0.042091,False,0.027382,False
2022-08-25,CE04OSBP-LJ01C-07-VEL3DC107,9,True,2022-08-25T00:00:00Z,2022-08-25T23:59:59Z,690391,691202,811,0.125,0.124879837,0.124999648,-0.047675274,5,811,5,815,1e-06,34.372144,68.804935,9.668554e-09,0.2749779,0.550441,True,0.20704,True
2022-08-26,CE04OSBP-LJ01C-07-VEL3DC107,9,True,2022-08-26T00:00:00Z,2022-08-26T23:59:59Z,691201,691201,0,0.125,0.124879837,0.124999797,0.006568329,0,0,7,7,-0.0,2.825686,7.415191,-3.075169e-09,0.02260552,0.05932162,False,0.025724,False
2022-08-27,CE04OSBP-LJ01C-07-VEL3DC107,9,True,2022-08-27T00:00:00Z,2022-08-27T23:59:59Z,691202,691202,0,0.125,0.124879837,0.124999799,0.003211417,0,0,6,6,1e-06,3.101801,7.798976,7.209277e-09,0.02481444,0.06239191,False,0.027683,False
2022-08-28,CE04OSBP-LJ01C-07-VEL3DC107,9,True,2022-08-28T00:00:00Z,2022-08-28T23:59:59Z,691201,691201,0,0.125,0.124879837,0.124999802,0.004000109,0,0,8,8,5e-06,1.67783,4.881437,4.180631e-08,0.01342266,0.03905155,False,0.027828,False
2022-08-29,CE04OSBP-LJ01C-07-VEL3DC107,9,True,2022-08-29T00:00:00Z,2022-08-29T23:59:59Z,691201,691201,0,0.125,0.124879837,0.124999803,-0.00149432,0,0,5,5,4e-06,1.242172,4.658962,2.972207e-08,0.009937388,0.03727175,False,0.029837,False
2022-08-30,CE04OSBP-LJ01C-07-VEL3DC107,9,True,2022-08-30T00:00:00Z,2022-08-30T23:59:59Z,687912,691204,3292,0.125,0.124879837,0.124999255,-0.105510093,5,3292,5,3296,0.0,107.742292,188.714046,2.581995e-09,0.8619435,1.509721,True,0.144277,True
2022-08-31,CE04OSBP-LJ01C-07-VEL3DC107,9,True,2022-08-31T00:00:00Z,2022-08-31T23:59:59Z,684785,691207,6422,0.125,0.124879837,0.12499817,0.201284118,6,6422,6,6426,-1e-06,185.160367,378.390511,-4.209232e-09,1.481305,3.027168,True,0.114986,True
2022-09-01,CE04OSBP-LJ01C-07-VEL3DC107,9,True,2022-09-01T00:00:00Z,2022-09-01T23:59:59Z,691201,691201,0,0.125,0.124879837,0.1249998,8.7519e-05,0,0,5,5,0.0,1.4903,4.680937,2.077647e-09,0.01192242,0.03744755,False,0.027053,False
2022-09-02,CE04OSBP-LJ01C-07-VEL3DC107,9,True,2022-09-02T00:00:00Z,2022-09-02T23:59:59Z,691201,691201,0,0.125,0.124879837,0.124999795,0.00528523,0,0,3,3,0.0,1.700308,5.329441,2.813539e-09,0.01360249,0.0426356,False,0.029787,False
2022-09-03,CE04OSBP-LJ01C-07-VEL3DC107,9,True,2022-09-03T00:00:00Z,2022-09-03T23:59:59Z,691201,691201,0,0.125,0.124879837,0.1249998,0.000501304,0,0,3,3,-2e-06,1.280053,25.48975,-1.203406e-08,0.01024044,0.2039183,False,0.221381,False
2022-09-04,CE04OSBP-LJ01C-07-VEL3DC107,9,True,2022-09-04T00:00:00Z,2022-09-04T23:59:59Z,691201,691201,0,0.125,0.124879837,0.124999799,0.00056241,0,0,6,6,1e-06,1.457974,4.147498,7.332473e-09,0.01166381,0.03318004,False,0.027683,False
2022-09-05,CE04OSBP-LJ01C-07-VEL3DC107,9,True,2022-09-05T00:00:00Z,2022-09-05T23:59:59Z,691201,691201,0,0.125,0.124879837,0.124999803,6.8096e-05,0,0,4,4,-1e-06,1.249023,5.722074,-1.023288e-08,0.009992202,0.04577667,False,0.043594,False
2022-09-06,CE04OSBP-LJ01C-07-VEL3DC107,9,True,2022-09-06T00:00:00Z,2022-09-06T23:59:59Z,691202,691202,0,0.125,0.124879837,0.124999809,0.001409896,0,0,5,5,-4e-06,1.123578,2.935388,-3.599361e-08,0.008988638,0.02348314,False,0.026217,False
2022-09-07,CE04OSBP-LJ01C-07-VEL3DC107,9,True,2022-09-07T00:00:00Z,2022-09-07T23:59:59Z,691201,691201,0,0.125,0.124879837,0.124999812,0.000522005,0,0,3,3,1e-06,1.41037,10.06454,7.418955e-09,0.01128298,0.08051644,False,0.074924,False
2022-09-08,CE04OSBP-LJ01C-07-VEL3DC107,9,True,2022-09-08T00:00:00Z,2022-09-08T23:59:59Z,691201,691201,0,0.125,0.124879837,0.12499981,0.001703202,0,0,3,3,7e-06,1.532804,4.575526,5.949746e-08,0.01226245,0.03660426,False,0.027695,False
2022-09-09,CE04OSBP-LJ01C-07-VEL3DC107,9,True,2022-09-09T00:00:00Z,2022-09-09T23:59:59Z,691201,691201,0,0.125,0.124879837,0.124999812,-0.000850082,0,0,2,2,-1e-06,1.50174,4.601536,-1.077114e-08,0.01201394,0.03681234,False,0.028924,False
2022-09-10,CE04OSBP-LJ01C-07-VEL3DC107,9,True,2022-09-10T00:00:00Z,2022-09-10T23:59:59Z,691201,691201,0,0.125,0.124879837,0.124999809,0.002339648,0,0,5,5,1e-06,1.416815,4.340858,1.029446e-08,0.01133453,0.03472692,False,0.027687,False
2022-09-11,CE04OSBP-LJ01C-07-VEL3DC107,9,True,2022-09-11T00:00:00Z,2022-09-11T23:59:59Z,691201,691201,0,0.125,0.124879837,0.124999799,0.000206657,0,0,6,6,1e-06,1.231036,4.027725,5.791551e-09,0.009848303,0.03222185,False,0.029165,False
2022-09-12,CE04OSBP-LJ01C-07-VEL3DC107,9,True,2022-09-12T00:00:00Z,2022-09-12T23:59:59Z,691201,691201,0,0.125,0.124879837,0.124999796,0.001266198,0,0,4,4,-2e-06,1.241431,3.338707,-1.573401e-08,0.009931462,0.0267097,False,0.02947,False
2022-09-13,CE04OSBP-LJ01C-07-VEL3DC107,9,True,2022-09-13T00:00:00Z,2022-09-13T23:59:59Z,691201,691201,0,0.125,0.124879837,0.124999792,0.000151602,0,0,1,1,-2e-06,1.371029,8.428578,-1.495053e-08,0.01096825,0.06742874,False,0.047749,False
2022-09-14,CE04OSBP-LJ01C-07-VEL3DC107,9,True,2022-09-14T00:00:00Z,2022-09-14T23:59:59Z,691201,691201,0,0.125,0.124879837,0.124999801,0.00029254,0,0,4,4,0.0,2.061731,4.454167,1.602759e-09,0.01649387,0.0356334,False,0.027259,False
2022-09-15,CE04OSBP-LJ01C-07-VEL3DC107,9,True,2022-09-15T00:00:00Z,2022-09-15T23:59:59Z,691128,691201,73,0.125,0.124879837,0.124999794,-0.00196489,5,73,5,76,-1e-06,1.873641,7.459281,-9.733636e-09,0.01498915,0.05967434,False,0.113757,True
2022-09-16,CE04OSBP-LJ01C-07-VEL3DC107,9,True,2022-09-16T00:00:00Z,2022-09-16T23:59:59Z,691201,691201,0,0.125,0.124879837,0.124999791,0.001669254,0,0,3,3,-1e-06,1.246585,3.613648,-6.469658e-09,0.009972699,0.02890923,False,0.026251,False
2022-09-17,CE04OSBP-LJ01C-07-VEL3DC107,9,True,2022-09-17T00:00:00Z,2022-09-17T23:59:59Z,691202,691202,0,0.125,0.124879837,0.124999806,-0.001602343,0,0,8,8,1e-06,1.287196,3.968123,1.094051e-08,0.01029759,0.03174504,False,0.027427,False
2022-09-18,CE04OSBP-LJ01C-07-VEL3DC107,9,True,2022-09-18T00:00:00Z,2022-09-18T23:59:59Z,691201,691201,0,0.125,0.124879837,0.124999796,0.000853211,0,0,7,7,-3e-06,1.359252,4.039459,-2.725526e-08,0.01087403,0.03231573,False,0.028519,False
2022-09-19,CE04OSBP-LJ01C-07-VEL3DC107,9,True,2022-09-19T00:00:00Z,2022-09-19T23:59:59Z,691201,691201,0,0.125,0.124879837,0.1249998,0.000525487,0,0,1,1,-5e-06,1.437467,5.119803,-4.138498e-08,0.01149976,0.04095849,False,0.028939,False
2022-09-20,CE04OSBP-LJ01C-07-VEL3DC107,9,True,2022-09-20T00:00:00Z,2022-09-20T23:59:59Z,691201,691201,0,0.125,0.124879837,0.124999796,0.001396899,0,0,3,3,0.0,1.466159,4.577005,3.648197e-09,0.01172929,0.0366161,False,0.024777,False
2022-09-21,CE04OSBP-LJ01C-07-VEL3DC107,9,True,2022-09-21T00:00:00Z,2022-09-21T23:59:59Z,691201,691201,0,0.125,0.124879837,0.1249998,0.001751655,0,0,3,3,-1e-06,1.453406,3.830122,-4.487214e-09,0.01162727,0.03064102,False,0.027798,False
2022-09-22,CE04OSBP-LJ01C-07-VEL3DC107,9,True,2022-09-22T00:00:00Z,2022-09-22T23:59:59Z,691201,691201,0,0.125,0.124879837,0.124999799,0.000980623,0,0,5,5,-1e-06,1.078889,2.880904,-8.804044e-09,0.008631127,0.02304727,False,0.027622,False
2022-09-23,CE04OSBP-LJ01C-07-VEL3DC107,9,True,2022-09-23T00:00:00Z,2022-09-23T23:59:59Z,691201,691201,0,0.125,0.124879837,0.124999801,-0.000509807,0,0,2,2,-1e-06,1.141424,3.214482,-7.281142e-09,0.00913141,0.0257159,False,0.025136,False
2022-09-24,CE04OSBP-LJ01C-07-VEL3DC107,9,True,2022-09-24T00:00:00Z,2022-09-24T23:59:59Z,691201,691201,0,0.125,0.124879837,0.124999804,0.001473294,0,0,2,2,0.0,1.672488,5.25634,1.739377e-09,0.01337992,0.04205079,False,0.027114,False
2022-09-25,CE04OSBP-LJ01C-07-VEL3DC107,9,True,2022-09-25T00:00:00Z,2022-09-25T23:59:59Z,691201,691201,0,0.125,0.124879837,0.124999804,-0.002265071,0,0,5,5,-2e-06,1.142756,3.191607,-1.415033e-08,0.009142061,0.0255329,False,0.027653,False
2022-09-26,CE04OSBP-LJ01C-07-VEL3DC107,9,True,2022-09-26T00:00:00Z,2022-09-26T23:59:59Z,691201,691201,0,0.125,0.124879837,0.124999808,0.000903546,0,0,4,4,1e-06,1.174727,3.354213,9.929624e-09,0.00939783,0.02683374,False,0.028611,False
2022-09-27,CE04OSBP-LJ01C-07-VEL3DC107,9,True,2022-09-27T00:00:00Z,2022-09-27T23:59:59Z,691201,691201,0,0.125,0.124879837,0.124999803,-0.001125978,0,0,0,0,-6e-06,1.170013,5.185773,-4.573273e-08,0.009360118,0.04148625,False,0.034594,False
2022-09-28,CE04OSBP-LJ01C-07-VEL3DC107,9,True,2022-09-28T00:00:00Z,2022-09-28T23:59:59Z,691202,691202,0,0.125,0.124879837,0.1249998,0.001118033,0,0,8,8,2e-06,1.412947,4.039364,1.959074e-08,0.0113036,0.03231497,False,0.025774,False
2022-09-29,CE04OSBP-LJ01C-07-VEL3DC107,9,True,2022-09-29T00:00:00Z,2022-09-29T23:59:59Z,691201,691201,0,0.125,0.124879837,0.124999804,0.000417986,0,0,4,4,6e-06,2.262783,9.525104,4.649809e-08,0.0181023,0.07620095,False,0.051078,False
2022-09-30,CE04OSBP-LJ01C-07-VEL3DC107,9,True,2022-09-30T00:00:00Z,2022-09-30T23:59:59Z,691201,691201,0,0.125,0.124879837,0.12499981,2.6415e-05,0,0,4,4,-2e-06,1.206158,5.484874,-1.272277e-08,0.00964928,0.04387906,False,0.030898,False
2022-10-01,CE04OSBP-LJ01C-07-VEL3DC107,9,True,2022-10-01T00:00:00Z,2022-10-01T23:59:59Z,691201,691201,0,0.125,0.124879837,0.124999809,-0.001561709,0,0,5,5,-3e-06,1.127902,4.649848,-2.666635e-08,0.009023233,0.03719884,False,0.027622,False
2022-10-02,CE04OSBP-LJ01C-07-VEL3DC107,9,True,2022-10-02T00:00:00Z,2022-10-02T23:59:59Z,691201,691201,0,0.125,0.124879837,0.124999814,0.000872415,0,0,5,5,1e-06,1.121712,3.632763,6.561341e-09,0.008973712,0.02906215,False,0.027702,False
2022-10-03,CE04OSBP-LJ01C-07-VEL3DC107,9,True,2022-10-03T00:00:00Z,2022-10-03T23:59:59Z,691201,691201,0,0.125,0.124879837,0.124999811,-0.000968027,0,0,2,2,1e-06,1.405375,3.940976,5.488109e-09,0.01124301,0.03152786,False,0.026904,False
2022-10-04,CE04OSBP-LJ01C-07-VEL3DC107,9,True,2022-10-04T00:00:00Z,2022-10-04T23:59:59Z,691201,691201,0,0.125,0.124879837,0.124999807,0.000723989,0,0,4,4,-1e-06,1.273142,3.883177,-5.949658e-09,0.01018515,0.03106546,False,0.026496,False
2022-10-05,CE04OSBP-LJ01C-07-VEL3DC107,9,True,2022-10-05T00:00:00Z,2022-10-05T23:59:59Z,691201,691201,0,0.125,0.124879837,0.124999806,-0.000812785,0,0,7,7,0.0,1.108365,3.23584,1.977194e-09,0.008866934,0.02588676,False,0.024793,False
2022-10-06,CE04OSBP-LJ01C-07-VEL3DC107,9,True,2022-10-06T00:00:00Z,2022-10-06T23:59:59Z,691201,691201,0,0.125,0.124879837,0.124999814,0.000314221,0,0,3,3,-1e-06,1.156204,4.09719,-4.644147e-09,0.009249646,0.03277757,False,0.028241,False
2022-10-07,CE04OSBP-LJ01C-07-VEL3DC107,9,True,2022-10-07T00:00:00Z,2022-10-07T23:59:59Z,691201,691201,0,0.125,0.124879837,0.124999813,-0.001250105,0,0,2,2,-0.0,2.216466,6.236073,-1.914176e-09,0.01773175,0.04988866,False,0.025148,False
2022-10-08,CE04OSBP-LJ01C-07-VEL3DC107,9,True,2022-10-08T00:00:00Z,2022-10-08T23:59:59Z,691054,691201,147,0.125,0.124879837,0.124999815,-0.002211162,4,147,4,150,0.0,1.998726,4.678827,2.317507e-09,0.01598983,0.03743067,False,0.154686,True
2022-10-09,CE04OSBP-LJ01C-07-VEL3DC107,9,True,2022-10-09T00:00:00Z,2022-10-09T23:59:59Z,691201,691201,0,0.125,0.124879837,0.124999816,0.002938277,0,0,3,3,0.0,1.717594,5.007041,3.086654e-09,0.01374077,0.04005639,False,0.024793,False
2022-10-10,CE04OSBP-LJ01C-07-VEL3DC107,9,True,2022-10-10T00:00:00Z,2022-10-10T23:59:59Z,691201,691201,0,0.125,0.124879837,0.124999812,0.000114155,0,0,10,10,1e-06,1.08204,2.948733,6.87305e-09,0.00865633,0.0235899,False,0.027233,False
2022-10-11,CE04OSBP-LJ01C-07-VEL3DC107,9,True,2022-10-11T00:00:00Z,2022-10-11T23:59:59Z,691201,691201,0,0.125,0.124879837,0.124999806,0.001285363,0,0,2,2,-2e-06,1.265624,4.103616,-1.386948e-08,0.01012501,0.03282898,False,0.026583,False
2022-10-12,CE04OSBP-LJ01C-07-VEL3DC107,9,True,2022-10-12T00:00:00Z,2022-10-12T23:59:59Z,691201,691201,0,0.125,0.124879837,0.124999806,0.000213282,0,0,3,3,-1e-06,1.100877,3.431869,-6.309627e-09,0.00880703,0.02745499,False,0.026667,False
2022-10-13,CE04OSBP-LJ01C-07-VEL3DC107,9,True,2022-10-13T00:00:00Z,2022-10-13T23:59:59Z,691201,691201,0,0.125,0.124879837,0.12499981,0.002847153,0,0,6,6,0.0,1.79911,5.039632,3.007017e-09,0.0143929,0.04031712,False,0.026748,False
2022-10-14,CE04OSBP-LJ01C-07-VEL3DC107,9,True,2022-10-14T00:00:00Z,2022-10-14T23:59:59Z,691201,691201,0,0.125,0.124879837,0.124999806,0.000205674,0,0,2,2,1e-06,1.497379,4.27388,9.266155e-09,0.01197905,0.03419109,False,0.027691,False
2022-10-15,CE04OSBP-LJ01C-07-VEL3DC107,9,True,2022-10-15T00:00:00Z,2022-10-15T23:59:59Z,691201,691201,0,0.125,0.124879837,0.124999806,-0.00036906,0,0,4,4,-1e-06,1.278155,25.540114,-6.347423e-09,0.01022525,0.2043212,False,0.220446,False
2022-10-16,CE04OSBP-LJ01C-07-VEL3DC107,9,True,2022-10-16T00:00:00Z,2022-10-16T23:59:59Z,691202,691202,0,0.125,0.124879837,0.124999811,-0.000263544,0,0,7,7,1e-06,1.223956,3.626497,8.339579e-09,0.009791659,0.02901202,False,0.025621,False
2022-10-17,CE04OSBP-LJ01C-07-VEL3DC107,9,True,2022-10-17T00:00:00Z,2022-10-17T23:59:59Z,691201,691201,0,0.125,0.124879837,0.124999804,0.000375375,0,0,6,6,-2e-06,1.053949,2.698284,-1.621586e-08,0.008431607,0.02158631,False,0.024777,False
2022-10-18,CE04OSBP-LJ01C-07-VEL3DC107,9,True,2022-10-18T00:00:00Z,2022-10-18T23:59:59Z,691201,691201,0,0.125,0.124879837,0.124999804,0.000725931,0,0,5,5,-5e-06,3.346046,8.229791,-4.305225e-08,0.02676841,0.06583843,False,0.025961,False
2022-10-19,CE04OSBP-LJ01C-07-VEL3DC107,9,True,2022-10-19T00:00:00Z,2022-10-19T23:59:59Z,687391,691205,3814,0.125,0.124879837,0.124998798,0.027647295,5,3814,5,3818,-1e-06,131.708246,277.559987,-8.503175e-09,1.053676,2.220501,True,0.34662,True
2022-10-20,CE04OSBP-LJ01C-07-VEL3DC107,9,True,2022-10-20T00:00:00Z,2022-10-20T23:59:59Z,691201,691201,0,0.125,0.124879837,0.124999819,-0.001845299,0,0,5,5,4e-06,3.206405,26.313448,2.896158e-08,0.02565128,0.2105079,False,0.198135,False
2022-10-21,CE04OSBP-LJ01C-07-VEL3DC107,9,True,2022-10-21T00:00:00Z,2022-10-21T23:59:59Z,691201,691201,0,0.125,0.124879837,0.124999822,-0.004735054,0,0,5,5,1e-06,3.449466,7.701634,5.724773e-09,0.02759576,0.06161316,False,0.026328,False
2022-10-22,CE04OSBP-LJ01C-07-VEL3DC107,9,True,2022-10-22T00:00:00Z,2022-10-22T23:59:59Z,691201,691201,0,0.125,0.124879837,0.124999804,-0.001032924,0,0,4,4,2e-06,1.506933,4.486212,1.756073e-08,0.01205548,0.03588975,False,0.024785,False
2022-10-23,CE04OSBP-LJ01C-07-VEL3DC107,9,True,2022-10-23T00:00:00Z,2022-10-23T23:59:59Z,691201,691201,0,0.125,0.124879837,0.124999804,0.001041419,0,0,3,3,-2e-06,1.077577,3.101462,-1.868688e-08,0.008620629,0.02481173,False,0.027714,False
2022-10-24,CE04OSBP-LJ01C-07-VEL3DC107,9,True,2022-10-24T00:00:00Z,2022-10-24T23:59:59Z,691201,691201,0,0.125,0.124879837,0.1249998,-0.000535142,0,0,1,1,2e-06,1.378831,3.904064,1.516203e-08,0.01103067,0.03123256,False,0.027099,False
2022-10-25,CE04OSBP-LJ01C-07-VEL3DC107,9,True,2022-10-25T00:00:00Z,2022-10-25T23:59:59Z,691201,691201,0,0.125,0.124879837,0.124999802,0.0013719,0,0,7,7,1e-06,1.266361,3.526233,5.117675e-09,0.0101309,0.02820991,False,0.025472,False
2022-10-26,CE04OSBP-LJ01C-07-VEL3DC107,9,True,2022-10-26T00:00:00Z,2022-10-26T23:59:59Z,691201,691201,0,0.125,0.124879837,0.124999806,-0.001320348,0,0,5,5,-0.0,1.088019,3.136084,-8.405246e-10,0.008704163,0.02508871,False,0.028138,False
2022-10-27,CE04OSBP-LJ01C-07-VEL3DC107,9,True,2022-10-27T00:00:00Z,2022-10-27T23:59:59Z,691201,691201,0,0.125,0.124879837,0.124999809,-0.000552446,0,0,4,4,0.0,1.327886,3.509117,3.709332e-09,0.01062311,0.02807298,False,0.027698,False
2022-10-28,CE04OSBP-LJ01C-07-VEL3DC107,9,True,2022-10-28T00:00:00Z,2022-10-28T23:59:59Z,691202,691202,0,0.125,0.124879837,0.124999811,-0.001348151,0,0,7,7,-1e-06,1.250262,3.715853,-4.209482e-09,0.01000211,0.02972687,False,0.027607,False
2022-10-29,CE04OSBP-LJ01C-07-VEL3DC107,9,True,2022-10-29T00:00:00Z,2022-10-29T23:59:59Z,691201,691201,0,0.125,0.124879837,0.12499981,0.001535364,0,0,8,8,3e-06,2.266181,5.932145,2.489231e-08,0.01812947,0.04745723,False,0.027702,False
2022-10-30,CE04OSBP-LJ01C-07-VEL3DC107,9,True,2022-10-30T00:00:00Z,2022-10-30T23:59:59Z,691201,691201,0,0.125,0.124879837,0.124999807,-0.000209305,0,0,9,9,-1e-05,1.110408,3.179021,-8.145246e-08,0.008883277,0.02543221,False,0.02666,False
2022-10-31,CE04OSBP-LJ01C-07-VEL3DC107,9,True,2022-10-31T00:00:00Z,2022-10-31T23:59:59Z,691201,691201,0,0.125,0.124879837,0.12499981,0.003533127,0,0,3,3,7e-06,1.739262,7.131582,5.771274e-08,0.01391412,0.05705274,False,0.050922,False
2022-11-01,CE04OSBP-LJ01C-07-VEL3DC107,9,True,2022-11-01T00:00:00Z,2022-11-01T23:59:59Z,691201,691201,0,0.125,0.124879837,0.124999813,-9.7363e-05,0,0,2,2,-1e-06,1.286941,3.819445,-5.513772e-09,0.01029554,0.03055561,False,0.027668,False
2022-11-02,CE04OSBP-LJ01C-07-VEL3DC107,9,True,2022-11-02T00:00:00Z,2022-11-02T23:59:59Z,691201,691201,0,0.125,0.124879837,0.124999809,0.001416689,0,0,3,3,-5e-06,1.467285,9.407824,-4.250051e-08,0.0117383,0.0752627,False,0.066241,False
2022-11-03,CE04OSBP-LJ01C-07-VEL3DC107,9,True,2022-11-03T00:00:00Z,2022-11-03T23:59:59Z,687592,691204,3612,0.125,0.124879837,0.124999081,0.002713656,3,3612,3,3614,0.0,102.037666,208.434389,1.332015e-09,0.8163073,1.667487,True,0.455646,True
2022-11-04,CE04OSBP-LJ01C-07-VEL3DC107,9,True,2022-11-04T00:00:00Z,2022-11-04T23:59:59Z,691201,691201,0,0.125,0.124879837,0.124999811,0.000708207,0,0,7,7,-1e-06,1.477824,3.788467,-1.160068e-08,0.01182261,0.03030778,False,0.025132,False
2022-11-05,CE04OSBP-LJ01C-07-VEL3DC107,9,True,2022-11-05T00:00:00Z,2022-11-05T23:59:59Z,691201,691201,0,0.125,0.124879837,0.12499981,-0.002552232,0,0,6,6,1e-06,1.164053,3.070772,4.812528e-09,0.009312442,0.02456621,False,0.027989,False
2022-11-06,CE04OSBP-LJ01C-07-VEL3DC107,9,True,2022-11-06T00:00:00Z,2022-11-06T23:59:59Z,691201,691201,0,0.125,0.124879837,0.124999813,-0.000827123,0,0,5,5,-1e-06,1.213401,3.678653,-1.013139e-08,0.009707226,0.02942927,False,0.028099,False
2022-11-07,CE04OSBP-LJ01C-07-VEL3DC107,9,True,2022-11-07T00:00:00Z,2022-11-07T23:59:59Z,691201,691201,0,0.125,0.124879837,0.124999812,-0.002392131,0,0,8,8,-1e-06,1.119374,3.349018,-6.844153e-09,0.008955006,0.02679219,False,0.027637,False
2022-11-08,CE04OSBP-LJ01C-07-VEL3DC107,9,True,2022-11-08T00:00:00Z,2022-11-08T23:59:59Z,691201,691201,0,0.125,0.124879837,0.124999812,0.000424081,0,0,4,4,-1e-06,1.074078,2.968429,-7.803424e-09,0.008592641,0.02374747,False,0.028554,False
2022-11-09,CE04OSBP-LJ01C-07-VEL3DC107,9,True,2022-11-09T00:00:00Z,2022-11-09T23:59:59Z,691201,691201,0,0.125,0.124879837,0.124999815,-0.002785476,0,0,5,5,1e-06,1.149929,3.160794,5.832384e-09,0.009199442,0.02528639,False,0.025148,False
2022-11-10,CE04OSBP-LJ01C-07-VEL3DC107,9,True,2022-11-10T00:00:00Z,2022-11-10T23:59:59Z,691201,691201,0,0.125,0.124879837,0.124999813,0.000351967,0,0,8,8,-0.0,1.045761,2.712593,-3.140742e-09,0.008366098,0.02170078,False,0.027706,False
2022-11-11,CE04OSBP-LJ01C-07-VEL3DC107,9,True,2022-11-11T00:00:00Z,2022-11-11T23:59:59Z,691201,691201,0,0.125,0.124879837,0.124999811,-0.002023401,0,0,6,6,-0.0,1.038269,2.772235,-2.237558e-09,0.008306163,0.02217791,False,0.035786,False
2022-11-12,CE04OSBP-LJ01C-07-VEL3DC107,9,True,2022-11-12T00:00:00Z,2022-11-12T23:59:59Z,691201,691201,0,0.125,0.124879837,0.124999811,0.000801675,0,0,3,3,-2e-06,1.337797,3.631407,-1.472699e-08,0.01070239,0.0290513,False,0.026595,False
2022-11-13,CE04OSBP-LJ01C-07-VEL3DC107,9,True,2022-11-13T00:00:00Z,2022-11-13T23:59:59Z,691201,691201,0,0.125,0.124879837,0.124999807,-0.001890452,0,0,6,6,0.0,1.033023,2.74121,1.955426e-09,0.008264197,0.02192971,False,0.027133,False
2022-11-14,CE04OSBP-LJ01C-07-VEL3DC107,9,True,2022-11-14T00:00:00Z,2022-11-14T23:59:59Z,691201,691201,0,0.125,0.124879837,0.124999811,-0.000985612,0,0,5,5,0.0,1.238196,3.540742,1.081856e-09,0.009905586,0.02832598,False,0.027553,False
2022-11-15,CE04OSBP-LJ01C-07-VEL3DC107,9,True,2022-11-15T00:00:00Z,2022-11-15T23:59:59Z,691201,691201,0,0.125,0.124879837,0.124999813,0.001704458,0,0,6,6,2e-06,1.47282,4.427724,1.428189e-08,0.01178258,0.03542184,False,0.027725,False
2022-11-16,CE04OSBP-LJ01C-07-VEL3DC107,9,True,2022-11-16T00:00:00Z,2022-11-16T23:59:59Z,691201,691201,0,0.125,0.124879837,0.124999814,0.000300856,0,0,7,7,1e-06,2.086584,5.861199,8.177783e-09,0.0166927,0.04688966,False,0.027706,False
2022-11-17,CE04OSBP-LJ01C-07-VEL3DC107,9,True,2022-11-17T00:00:00Z,2022-11-17T23:59:59Z,691201,691201,0,0.125,0.124879837,0.12499981,0.0017506,0,0,6,6,0.0,1.499503,3.593928,1.758067e-09,0.01199604,0.02875147,False,0.026572,False
2022-11-18,CE04OSBP-LJ01C-07-VEL3DC107,9,True,2022-11-18T00:00:00Z,2022-11-18T23:59:59Z,691202,691202,0,0.125,0.124879837,0.124999812,-0.000956784,0,0,6,6,-1e-06,1.104874,3.275077,-8.085316e-09,0.008839002,0.02620065,False,0.026717,False
2022-11-19,CE04OSBP-LJ01C-07-VEL3DC107,9,True,2022-11-19T00:00:00Z,2022-11-19T23:59:59Z,691201,691201,0,0.125,0.124879837,0.12499981,-4.9115e-05,0,0,8,8,3e-06,1.150413,3.328015,2.759212e-08,0.009203316,0.02662416,False,0.027126,False
2022-11-20,CE04OSBP-LJ01C-07-VEL3DC107,9,True,2022-11-20T00:00:00Z,2022-11-20T23:59:59Z,691201,691201,0,0.125,0.124879837,0.124999812,0.000274533,0,0,6,6,5e-06,2.146833,5.895834,4.267995e-08,0.01717469,0.04716674,False,0.025423,False
2022-11-21,CE04OSBP-LJ01C-07-VEL3DC107,9,True,2022-11-21T00:00:00Z,2022-11-21T23:59:59Z,691201,691201,0,0.125,0.124879837,0.124999815,-0.000166315,0,0,5,5,-4e-06,1.100832,3.444039,-3.324371e-08,0.008806666,0.02755236,False,0.028191,False
2022-11-22,CE04OSBP-LJ01C-07-VEL3DC107,9,True,2022-11-22T00:00:00Z,2022-11-22T23:59:59Z,691201,691201,0,0.125,0.124879837,0.12499981,0.000128988,0,0,7,7,-5e-06,1.061617,2.873587,-3.884848e-08,0.008492953,0.02298873,False,0.028199,False
2022-11-23,CE04OSBP-LJ01C-07-VEL3DC107,9,True,2022-11-23T00:00:00Z,2022-11-23T23:59:59Z,691201,691201,0,0.125,0.124879837,0.124999813,0.001181226,0,0,3,3,-2e-06,1.083576,4.214357,-1.682231e-08,0.008668622,0.0337149,False,0.025182,False
2022-11-24,CE04OSBP-LJ01C-07-VEL3DC107,9,True,2022-11-24T00:00:00Z,2022-11-24T23:59:59Z,691201,691201,0,0.125,0.124879837,0.12499981,0.0006912,0,0,4,4,-1e-06,1.202156,3.558387,-6.680861e-09,0.009617263,0.02846714,False,0.02926,False
2022-11-25,CE04OSBP-LJ01C-07-VEL3DC107,9,True,2022-11-25T00:00:00Z,2022-11-25T23:59:59Z,691201,691201,0,0.125,0.124879837,0.124999809,0.000931957,0,0,4,4,0.0,1.162174,4.88294,6.338066e-10,0.009297403,0.03906358,False,0.031521,False
2022-11-26,CE04OSBP-LJ01C-07-VEL3DC107,9,True,2022-11-26T00:00:00Z,2022-11-26T23:59:59Z,691201,691201,0,0.125,0.124879837,0.124999812,-0.00050665,0,0,5,5,2e-06,1.050539,3.057298,1.598282e-08,0.008404327,0.02445842,False,0.02918,False
2022-11-27,CE04OSBP-LJ01C-07-VEL3DC107,9,True,2022-11-27T00:00:00Z,2022-11-27T23:59:59Z,691201,691201,0,0.125,0.124879837,0.124999813,0.001018341,0,0,3,3,-0.0,1.138368,3.362123,-1.103189e-09,0.009106954,0.02689702,False,0.028424,False
2022-11-28,CE04OSBP-LJ01C-07-VEL3DC107,9,True,2022-11-28T00:00:00Z,2022-11-28T23:59:59Z,691201,691201,0,0.125,0.124879837,0.124999818,-0.001711668,0,0,3,3,1e-06,1.267501,3.914289,8.17153e-09,0.01014002,0.03131436,False,0.027676,False
2022-11-29,CE04OSBP-LJ01C-07-VEL3DC107,9,True,2022-11-29T00:00:00Z,2022-11-29T20:37:59Z,594240,594240,0,0.125,0.124879837,0.124999818,0.000728497,0,0,3,3,0.0,1.138795,3.046205,3.65039e-09,0.00911037,0.02436968,False,0.024777,False
2022-11-30,CE04OSBP-LJ01C-07-VEL3DC107,9,False,,,0,0,,0.125,,,,,,,,,,,,,,,,False
2022-12-01,CE04OSBP-LJ01C-07-VEL3DC107,9,True,2022-12-01T23:14:40Z,2022-12-01T23:59:59Z,21754,21754,0,0.125,0.124879837,0.124999825,0.000682106,0,0,0,0,-0.0,1.003178,2.214622,-1.2159e-11,0.008025438,0.017717,False,0.024754,False
2022-12-02,CE04OSBP-LJ01C-07-VEL3DC107,9,True,2022-12-02T00:00:00Z,2022-12-02T23:59:59Z,691202,691202,0,0.125,0.124879837,0.124999809,-0.001232826,0,0,4,4,3e-06,1.113748,2.749294,2.11002e-08,0.008909994,0.02199438,False,0.027683,False
2022-12-03,CE04OSBP-LJ01C-07-VEL3DC107,9,True,2022-12-03T00:00:00Z,2022-12-03T23:59:59Z,691201,691201,0,0.125,0.124879837,0.124999809,7.399e-05,0,0,8,8,1.1e-05,1.052696,2.617087,9.087965e-08,0.008421584,0.02093673,False,0.027668,False
2022-12-04,CE04OSBP-LJ01C-07-VEL3DC107,9,True,2022-12-04T00:00:00Z,2022-12-04T23:59:59Z,691201,691201,0,0.125,0.124879837,0.124999799,-0.000982176,0,0,3,3,6e-06,1.054761,2.839427,5.106739e-08,0.008438105,0.02271545,False,0.027236,False
2022-12-05,CE04OSBP-LJ01C-07-VEL3DC107,9,True,2022-12-05T00:00:00Z,2022-12-05T23:59:59Z,691201,691201,0,0.125,0.124879837,0.124999803,0.001000586,0,0,3,3,-6e-06,1.319995,3.567317,-4.735163e-08,0.01055997,0.02853858,False,0.025369,False
2022-12-06,CE04OSBP-LJ01C-07-VEL3DC107,9,True,2022-12-06T00:00:00Z,2022-12-06T23:59:59Z,691201,691201,0,0.125,0.124879837,0.124999801,-1.8301e-05,0,0,6,6,2e-06,1.155177,3.121446,1.856849e-08,0.009241429,0.0249716,False,0.029638,False
2022-12-07,CE04OSBP-LJ01C-07-VEL3DC107,9,True,2022-12-07T00:00:00Z,2022-12-07T23:59:59Z,691201,691201,0,0.125,0.124879837,0.124999799,0.000800808,0,0,3,3,0.0,1.043664,2.75191,1.023756e-09,0.008349328,0.02201532,False,0.027649,False
2022-12-08,CE04OSBP-LJ01C-07-VEL3DC107,9,True,2022-12-08T00:00:00Z,2022-12-08T23:59:59Z,691201,691201,0,0.125,0.124879837,0.124999805,-0.002288662,0,0,3,3,0.0,1.333986,4.468585,1.913524e-09,0.01067191,0.03574874,False,0.025155,False
2022-12-09,CE04OSBP-LJ01C-07-VEL3DC107,9,True,2022-12-09T00:00:00Z,2022-12-09T23:59:59Z,691201,691201,0,0.125,0.124879837,0.1249998,0.000422711,0,0,6,6,-0.0,1.116405,3.082334,-1.449282e-11,0.008931255,0.02465871,False,0.025132,False
2022-12-10,CE04OSBP-LJ01C-07-VEL3DC107,9,True,2022-12-10T00:00:00Z,2022-12-10T23:59:59Z,691201,691201,0,0.125,0.124879837,0.124999804,-0.002554227,0,0,3,3,0.0,1.079109,3.178505,1.643202e-09,0.008632884,0.02542808,False,0.027683,False
2022-12-11,CE04OSBP-LJ01C-07-VEL3DC107,9,True,2022-12-11T00:00:00Z,2022-12-11T23:59:59Z,691201,691201,0,0.125,0.124879837,0.124999797,8.7754e-05,0,0,7,7,-1e-06,1.086892,2.931565,-4.304955e-09,0.008695152,0.02345256,False,0.024796,False
2022-12-12,CE04OSBP-LJ01C-07-VEL3DC107,9,True,2022-12-12T00:00:00Z,2022-12-12T23:59:59Z,691201,691201,0,0.125,0.124879837,0.124999799,-0.001390824,0,0,3,3,1e-06,1.099489,3.11104,6.284016e-09,0.008795927,0.02488836,False,0.025362,False
2022-12-13,CE04OSBP-LJ01C-07-VEL3DC107,9,True,2022-12-13T00:00:00Z,2022-12-13T23:59:59Z,691202,691202,0,0.125,0.124879837,0.124999802,0.000861434,0,0,10,10,2e-06,1.069052,2.661217,1.873763e-08,0.008552432,0.02128977,False,0.026904,False
2022-12-14,CE04OSBP-LJ01C-07-VEL3DC107,9,True,2022-12-14T00:00:00Z,2022-12-14T23:59:59Z,691201,691201,0,0.125,0.124879837,0.124999805,-0.001722551,0,0,6,6,-1e-05,1.123623,5.168884,-7.702962e-08,0.008988995,0.04135114,False,0.036179,False
2022-12-15,CE04OSBP-LJ01C-07-VEL3DC107,9,True,2022-12-15T00:00:00Z,2022-12-15T23:59:59Z,691201,691201,0,0.125,0.124879837,0.12499981,-0.00109115,0,0,7,7,5e-06,1.238537,3.914543,4.010438e-08,0.00990831,0.03131639,False,0.024785,False
2022-12-16,CE04OSBP-LJ01C-07-VEL3DC107,9,True,2022-12-16T00:00:00Z,2022-12-16T23:59:59Z,691201,691201,0,0.125,0.124879837,0.12499981,-0.000661741,0,0,5,5,-4e-06,1.511738,4.253909,-3.292344e-08,0.01209392,0.03403132,False,0.024991,False
2022-12-17,CE04OSBP-LJ01C-07-VEL3DC107,9,True,2022-12-17T00:00:00Z,2022-12-17T23:59:59Z,691201,691201,0,0.125,0.124879837,0.124999811,0.001839726,0,0,6,6,1e-06,1.454699,3.788094,7.665506e-09,0.01163761,0.0303048,False,0.026603,False
2022-12-18,CE04OSBP-LJ01C-07-VEL3DC107,9,True,2022-12-18T00:00:00Z,2022-12-18T23:59:59Z,691201,691201,0,0.125,0.124879837,0.124999807,-4.1894e-05,0,0,3,3,1e-06,1.138535,3.247433,7.178929e-09,0.009108295,0.0259795,False,0.027515,False
2022-12-19,CE04OSBP-LJ01C-07-VEL3DC107,9,True,2022-12-19T00:00:00Z,2022-12-19T23:59:59Z,691201,691201,0,0.125,0.124879837,0.124999807,0.000121369,0,0,5,5,-0.0,1.172075,3.153751,-4.629963e-10,0.009376616,0.02523005,False,0.027653,False
2022-12-20,CE04OSBP-LJ01C-07-VEL3DC107,9,True,2022-12-20T00:00:00Z,2022-12-20T23:59:59Z,691201,691201,0,0.125,0.124879837,0.124999808,0.00107289,0,0,5,5,1e-06,1.134518,2.888963,4.355826e-09,0.009076154,0.02311174,False,0.026381,False
2022-12-21,CE04OSBP-LJ01C-07-VEL3DC107,9,True,2022-12-21T00:00:00Z,2022-12-21T23:59:59Z,691201,691201,0,0.125,0.124879837,0.124999806,0.000545239,0,0,3,3,-0.0,1.484456,4.578948,-1.040314e-09,0.01187566,0.03663164,False,0.027622,False
2022-12-22,CE04OSBP-LJ01C-07-VEL3DC107,9,True,2022-12-22T00:00:00Z,2022-12-22T23:59:59Z,691201,691201,0,0.125,0.124879837,0.124999801,0.000448856,0,0,5,5,-1e-06,1.325196,10.697621,-7.750551e-09,0.01060158,0.08558111,False,0.078933,False
2022-12-23,CE04OSBP-LJ01C-07-VEL3DC107,9,True,2022-12-23T00:00:00Z,2022-12-23T23:59:59Z,691201,691201,0,0.125,0.124879837,0.124999803,-0.002355695,0,0,3,3,-0.0,1.684369,5.537794,-1.411463e-09,0.01347497,0.04430242,False,0.027172,False
2022-12-24,CE04OSBP-LJ01C-07-VEL3DC107,9,True,2022-12-24T00:00:00Z,2022-12-24T23:59:59Z,691201,691201,0,0.125,0.124879837,0.124999798,-0.000297701,0,0,4,4,1e-06,1.253529,7.30256,5.360328e-09,0.01002825,0.05842058,False,0.050979,False
2022-12-25,CE04OSBP-LJ01C-07-VEL3DC107,9,True,2022-12-25T00:00:00Z,2022-12-25T23:59:59Z,691202,691202,0,0.125,0.124879837,0.124999794,-0.001470022,0,0,7,7,-1e-06,1.153663,3.512632,-9.254776e-09,0.009229318,0.0281011,False,0.029432,False
2022-12-26,CE04OSBP-LJ01C-07-VEL3DC107,9,True,2022-12-26T00:00:00Z,2022-12-26T23:59:59Z,691201,691201,0,0.125,0.124879837,0.124999797,0.000591376,0,0,4,4,1e-06,1.433904,5.80234,4.646418e-09,0.01147125,0.04641879,False,0.047989,False
2022-12-27,CE04OSBP-LJ01C-07-VEL3DC107,9,True,2022-12-27T00:00:00Z,2022-12-27T23:59:59Z,668141,691223,23082,0.125,0.124879837,0.124994775,0.849287276,10,23082,10,23088,-1e-06,547.395418,1179.240207,-6.337569e-09,4.379346,9.434316,True,0.4065,True
2022-12-28,CE04OSBP-LJ01C-07-VEL3DC107,9,True,2022-12-28T00:00:00Z,2022-12-28T23:59:59Z,691201,691201,0,0.125,0.124879837,0.124999803,0.001843059,0,0,2,2,2e-06,2.316214,6.0918,1.297324e-08,0.01852974,0.04873448,False,0.025171,False
2022-12-29,CE04OSBP-LJ01C-07-VEL3DC107,9,True,2022-12-29T00:00:00Z,2022-12-29T23:59:59Z,691201,691201,0,0.125,0.124879837,0.124999801,-0.002027528,0,0,3,3,-0.0,1.522821,7.070757,-2.050342e-09,0.01218258,0.05656615,False,0.043541,False
2022-12-30,CE04OSBP-LJ01C-07-VEL3DC107,9,True,2022-12-30T00:00:00Z,2022-12-30T23:59:59Z,691201,691201,0,0.125,0.124879837,0.124999804,0.002766282,0,0,2,2,-1e-06,1.373165,4.125604,-9.280389e-09,0.01098534,0.03300488,False,0.025434,False
2022-12-31,CE04OSBP-LJ01C-07-VEL3DC107,9,True,2022-12-31T00:00:00Z,2022-12-31T23:59:59Z,691201,691201,0,0.125,0.124879837,0.124999804,-0.001181746,0,0,2,2,1e-06,1.895701,8.814293,4.524962e-09,0.01516563,0.07051446,False,0.046798,False
2023-01-01,CE04OSBP-LJ01C-07-VEL3DC107,9,True,2023-01-01T00:00:00Z,2023-01-01T23:59:59Z,691201,691201,0,0.125,0.124879837,0.124999814,0.000542646,0,0,9,9,1e-06,1.462131,10.127089,6.189388e-09,0.01169707,0.08101684,False,0.06867,False
2023-01-02,CE04OSBP-LJ01C-07-VEL3DC107,9,True,2023-01-02T00:00:00Z,2023-01-02T23:59:59Z,691201,691201,0,0.125,0.124879837,0.124999809,-0.000765198,0,0,7,7,-1e-06,1.826861,5.460898,-4.311659e-09,0.01461491,0.04368725,False,0.028149,False
2023-01-03,CE04OSBP-LJ01C-07-VEL3DC107,9,True,2023-01-03T00:00:00Z,2023-01-03T23:59:59Z,691201,691201,0,0.125,0.124879837,0.124999809,0.000959323,0,0,3,3,-2e-06,1.524835,5.642243,-1.499092e-08,0.0121987,0.04513801,False,0.051964,False
2023-01-04,CE04OSBP-LJ01C-07-VEL3DC107,9,True,2023-01-04T00:00:00Z,2023-01-04T23:59:59Z,691201,691201,0,0.125,0.124879837,0.12499981,-0.000198067,0,0,4,4,-1e-06,1.386224,5.919401,-7.973286e-09,0.01108981,0.04735528,False,0.048104,False
2023-01-05,CE04OSBP-LJ01C-07-VEL3DC107,9,True,2023-01-05T00:00:00Z,2023-01-05T23:59:59Z,691201,691201,0,0.125,0.124879837,0.12499981,-6.8111e-05,0,0,3,3,-1e-06,1.144832,3.229366,-9.63e-09,0.009158669,0.02583496,False,0.026835,False
2023-01-06,CE04OSBP-LJ01C-07-VEL3DC107,9,True,2023-01-06T00:00:00Z,2023-01-06T23:59:59Z,691202,691202,0,0.125,0.124879837,0.124999803,-0.00286916,0,0,9,9,8e-06,1.490217,4.956289,6.124649e-08,0.01192176,0.03965037,False,0.025014,False
2023-01-07,CE04OSBP-LJ01C-07-VEL3DC107,9,True,2023-01-07T00:00:00Z,2023-01-07T23:59:59Z,691201,691201,0,0.125,0.124879837,0.124999795,0.001944208,0,0,4,4,4e-06,1.2518,8.556752,3.104084e-08,0.01001441,0.06845412,False,0.066409,False
2023-01-08,CE04OSBP-LJ01C-07-VEL3DC107,9,True,2023-01-08T00:00:00Z,2023-01-08T23:59:59Z,691201,691201,0,0.125,0.124879837,0.124999797,-0.002082928,0,0,5,5,1e-06,1.097356,3.18659,1.114064e-08,0.008778862,0.02549276,False,0.026835,False
2023-01-09,CE04OSBP-LJ01C-07-VEL3DC107,9,True,2023-01-09T00:00:00Z,2023-01-09T23:59:59Z,691201,691201,0,0.125,0.124879837,0.124999804,0.000420582,0,0,4,4,-1e-06,1.372055,4.277209,-5.456309e-09,0.01097646,0.03421773,False,0.027691,False
2023-01-10,CE04OSBP-LJ01C-07-VEL3DC107,9,True,2023-01-10T00:00:00Z,2023-01-10T23:59:59Z,691201,691201,0,0.125,0.124879837,0.124999798,-0.002267897,0,0,5,5,-1e-06,1.319946,3.686842,-9.484764e-09,0.01055959,0.02949478,False,0.027534,False
2023-01-11,CE04OSBP-LJ01C-07-VEL3DC107,9,True,2023-01-11T00:00:00Z,2023-01-11T20:27:11Z,589054,589054,0,0.125,0.124879837,0.124999796,0.000415831,0,0,3,3,1e-06,1.070962,3.008573,4.529501e-09,0.008567713,0.02406862,False,0.027282,False
2023-01-12,CE04OSBP-LJ01C-07-VEL3DC107,9,False,,,0,0,,0.125,,,,,,,,,,,,,,,,False
2023-01-13,CE04OSBP-LJ01C-07-VEL3DC107,9,True,2023-01-13T16:12:39Z,2023-01-13T23:59:59Z,224323,224323,0,0.125,0.124879837,0.124999797,0.001561986,0,0,3,3,-0.0,1.098669,3.030174,-2.642715e-10,0.008789367,0.02424143,False,0.027668,False
2023-01-14,CE04OSBP-LJ01C-07-VEL3DC107,9,True,2023-01-14T00:00:00Z,2023-01-14T23:59:59Z,691201,691201,0,0.125,0.124879837,0.124999799,0.000136623,0,0,6,6,2e-06,1.50638,4.144983,1.315743e-08,0.01205106,0.03315992,False,0.027676,False
2023-01-15,CE04OSBP-LJ01C-07-VEL3DC107,9,True,2023-01-15T00:00:00Z,2023-01-15T23:59:59Z,691201,691201,0,0.125,0.124879837,0.124999805,-0.00292148,0,0,4,4,3e-06,1.238341,3.382035,2.144223e-08,0.009906744,0.02705632,False,0.024888,False
2023-01-16,CE04OSBP-LJ01C-07-VEL3DC107,9,True,2023-01-16T00:00:00Z,2023-01-16T23:59:59Z,691201,691201,0,0.125,0.124879837,0.124999804,0.000710998,0,0,3,3,-1e-06,1.188404,3.700699,-7.144875e-09,0.009507245,0.02960564,False,0.02682,False
2023-01-17,CE04OSBP-LJ01C-07-VEL3DC107,9,True,2023-01-17T00:00:00Z,2023-01-17T23:59:59Z,691201,691201,0,0.125,0.124879837,0.124999811,-0.002084322,0,0,4,4,-1e-06,1.235544,4.853797,-7.671887e-09,0.009884364,0.03883044,False,0.042044,False
2023-01-18,CE04OSBP-LJ01C-07-VEL3DC107,9,True,2023-01-18T00:00:00Z,2023-01-18T23:59:59Z,691201,691201,0,0.125,0.124879837,0.124999815,-0.001577804,0,0,7,7,-1e-06,1.378547,3.838256,-4.22958e-09,0.01102839,0.03070609,False,0.02771,False
2023-01-19,CE04OSBP-LJ01C-07-VEL3DC107,9,True,2023-01-19T00:00:00Z,2023-01-19T23:59:59Z,691201,691201,0,0.125,0.124879837,0.124999814,-0.002502381,0,0,6,6,1e-06,1.04948,2.92767,9.966486e-09,0.008395852,0.02342139,False,0.028199,False
2023-01-20,CE04OSBP-LJ01C-07-VEL3DC107,9,True,2023-01-20T00:00:00Z,2023-01-20T23:59:59Z,691201,691201,0,0.125,0.124879837,0.124999817,-0.000652487,0,0,5,5,0.0,1.10463,3.097241,1.57586e-09,0.008837049,0.02477796,False,0.028676,False
2023-01-21,CE04OSBP-LJ01C-07-VEL3DC107,9,True,2023-01-21T00:00:00Z,2023-01-21T23:59:59Z,691201,691201,0,0.125,0.124879837,0.124999815,-0.003326435,0,0,8,8,1e-06,1.558498,4.190347,7.63169e-09,0.012468,0.03352283,False,0.028699,False
2023-01-22,CE04OSBP-LJ01C-07-VEL3DC107,9,True,2023-01-22T00:00:00Z,2023-01-22T23:59:59Z,691201,691201,0,0.125,0.124879837,0.124999817,-0.001589255,0,0,5,5,-1e-06,1.303482,3.904609,-5.427026e-09,0.01042787,0.03123692,False,0.027802,False
2023-01-23,CE04OSBP-LJ01C-07-VEL3DC107,9,True,2023-01-23T00:00:00Z,2023-01-23T23:59:59Z,691201,691201,0,0.125,0.124879837,0.124999815,-0.000514718,0,0,3,3,1e-06,1.497122,3.979421,7.484646e-09,0.01197699,0.03183542,False,0.027637,False
2023-01-24,CE04OSBP-LJ01C-07-VEL3DC107,9,True,2023-01-24T00:00:00Z,2023-01-24T23:59:59Z,691201,691201,0,0.125,0.124879837,0.124999815,-0.001679107,0,0,3,3,-0.0,1.186385,3.776724,-7.112038e-10,0.009491096,0.03021384,False,0.025106,False
2023-01-25,CE04OSBP-LJ01C-07-VEL3DC107,9,True,2023-01-25T00:00:00Z,2023-01-25T23:59:59Z,691201,691201,0,0.125,0.124879837,0.124999819,-0.00014053,0,0,6,6,-1e-06,1.225199,3.468456,-8.525408e-09,0.009801606,0.02774769,False,0.030398,False
2023-01-26,CE04OSBP-LJ01C-07-VEL3DC107,9,True,2023-01-26T00:00:00Z,2023-01-26T23:59:59Z,691201,691201,0,0.125,0.124879837,0.124999823,-0.002352183,0,0,3,3,-2e-06,1.590929,4.365135,-1.330356e-08,0.01272745,0.03492113,False,0.027721,False
2023-01-27,CE04OSBP-LJ01C-07-VEL3DC107,9,True,2023-01-27T00:00:00Z,2023-01-27T23:59:59Z,691201,691201,0,0.125,0.124879837,0.124999815,0.000483455,0,0,7,7,-1e-06,1.319949,3.940456,-8.611075e-09,0.01055961,0.0315237,False,0.02829,False
2023-01-28,CE04OSBP-LJ01C-07-VEL3DC107,9,True,2023-01-28T00:00:00Z,2023-01-28T23:59:59Z,691201,691201,0,0.125,0.124879837,0.124999811,0.00124121,0,0,10,10,-2e-06,1.820757,4.653655,-1.434565e-08,0.01456608,0.0372293,False,0.027836,False
2023-01-29,CE04OSBP-LJ01C-07-VEL3DC107,9,True,2023-01-29T00:00:00Z,2023-01-29T23:59:59Z,691201,691201,0,0.125,0.124879837,0.12499981,-0.00015433,0,0,4,4,1e-06,1.15414,3.52516,7.227498e-09,0.009233138,0.02820132,False,0.025255,False
2023-01-30,CE04OSBP-LJ01C-07-VEL3DC107,9,True,2023-01-30T00:00:00Z,2023-01-30T23:59:59Z,691201,691201,0,0.125,0.124879837,0.12499981,-0.002174607,0,0,4,4,1e-06,1.464334,4.061714,4.075948e-09,0.01171469,0.03249376,False,0.029799,False
2023-01-31,CE04OSBP-LJ01C-07-VEL3DC107,9,True,2023-01-31T00:00:00Z,2023-01-31T23:59:59Z,691201,691201,0,0.125,0.124879837,0.124999807,0.00050824,0,0,2,2,-0.0,1.295604,4.064134,-2.372277e-09,0.01036485,0.03251312,False,0.02926,False
2023-02-01,CE04OSBP-LJ01C-07-VEL3DC107,9,True,2023-02-01T00:00:00Z,2023-02-01T23:59:59Z,691202,691202,0,0.125,0.124879837,0.124999806,-0.001499191,0,0,7,7,1e-06,1.131138,3.162596,1.142286e-08,0.00904912,0.02530081,False,0.030726,False
2023-02-02,CE04OSBP-LJ01C-07-VEL3DC107,9,True,2023-02-02T00:00:00Z,2023-02-02T23:59:59Z,691201,691201,0,0.125,0.124879837,0.124999803,0.00056854,0,0,6,6,-4e-06,1.112001,2.978422,-3.03073e-08,0.00889602,0.02382741,False,0.027939,False
2023-02-03,CE04OSBP-LJ01C-07-VEL3DC107,9,True,2023-02-03T00:00:00Z,2023-02-03T23:59:59Z,691201,691201,0,0.125,0.124879837,0.124999796,0.000355182,0,0,1,1,-8e-06,1.183129,3.31547,-6.179271e-08,0.009465047,0.02652381,False,0.027897,False
2023-02-04,CE04OSBP-LJ01C-07-VEL3DC107,9,True,2023-02-04T00:00:00Z,2023-02-04T23:59:59Z,691201,691201,0,0.125,0.124879837,0.124999794,0.000972519,0,0,7,7,-2e-06,1.305435,4.119786,-1.325909e-08,0.01044349,0.03295835,False,0.027851,False
2023-02-05,CE04OSBP-LJ01C-07-VEL3DC107,9,True,2023-02-05T00:00:00Z,2023-02-05T23:59:59Z,691201,691201,0,0.125,0.124879837,0.124999791,0.001375302,0,0,4,4,-1e-06,1.096923,3.081573,-1.018275e-08,0.0087754,0.02465262,False,0.026652,False
2023-02-06,CE04OSBP-LJ01C-07-VEL3DC107,9,True,2023-02-06T00:00:00Z,2023-02-06T23:59:59Z,691201,691201,0,0.125,0.124879837,0.124999791,0.001239906,0,0,4,4,-0.0,1.100487,3.207966,-2.34896e-09,0.00880391,0.02566377,False,0.030192,False
2023-02-07,CE04OSBP-LJ01C-07-VEL3DC107,9,True,2023-02-07T00:00:00Z,2023-02-07T23:59:59Z,687617,691205,3588,0.125,0.124879837,0.124999571,-0.395487561,6,3588,6,3591,-1e-06,103.224291,405.001356,-5.506571e-09,0.8257972,3.240022,True,0.274174,True
2023-02-08,CE04OSBP-LJ01C-07-VEL3DC107,9,True,2023-02-08T00:00:00Z,2023-02-08T23:59:59Z,691201,691201,0,0.125,0.124879837,0.124999803,0.000498688,0,0,4,4,2e-06,1.328829,9.746768,1.586909e-08,0.01063065,0.07797426,False,0.07951,False
2023-02-09,CE04OSBP-LJ01C-07-VEL3DC107,9,True,2023-02-09T00:00:00Z,2023-02-09T23:59:59Z,691202,691202,0,0.125,0.124879837,0.124999799,0.00126311,0,0,12,12,-3e-06,2.07372,5.551954,-2.227624e-08,0.01658979,0.04441571,False,0.024819,False
2023-02-10,CE04OSBP-LJ01C-07-VEL3DC107,9,True,2023-02-10T00:00:00Z,2023-02-10T23:59:59Z,691201,691201,0,0.125,0.124879837,0.12499981,4.2609e-05,0,0,3,3,-0.0,1.393333,4.202448,-2.642522e-09,0.01114668,0.03361963,False,0.025442,False
2023-02-11,CE04OSBP-LJ01C-07-VEL3DC107,9,True,2023-02-11T00:00:00Z,2023-02-11T23:59:59Z,691201,691201,0,0.125,0.124879837,0.124999814,-0.003792762,0,0,3,3,8e-06,1.840721,4.769804,6.360899e-08,0.01472579,0.03815849,False,0.02774,False
2023-02-12,CE04OSBP-LJ01C-07-VEL3DC107,9,True,2023-02-12T00:00:00Z,2023-02-12T23:59:59Z,691201,691201,0,0.125,0.124879837,0.124999809,0.001127471,0,0,6,6,6e-06,1.207326,3.765275,5.006221e-08,0.009658621,0.03012224,False,0.029195,False
2023-02-13,CE04OSBP-LJ01C-07-VEL3DC107,9,True,2023-02-13T00:00:00Z,2023-02-13T23:59:59Z,691201,691201,0,0.125,0.124879837,0.12499981,-0.002328365,0,0,5,5,-4e-06,1.251131,3.618809,-2.921009e-08,0.01000906,0.02895051,False,0.02821,False
2023-02-14,CE04OSBP-LJ01C-07-VEL3DC107,9,True,2023-02-14T00:00:00Z,2023-02-14T23:59:59Z,691201,691201,0,0.125,0.124879837,0.124999811,0.001699902,0,0,8,8,-1e-06,1.129963,3.165991,-7.684108e-09,0.009039718,0.02532797,False,0.027698,False
2023-02-15,CE04OSBP-LJ01C-07-VEL3DC107,9,True,2023-02-15T00:00:00Z,2023-02-15T23:59:59Z,691201,691201,0,0.125,0.124879837,0.124999805,-0.000701374,0,0,4,4,1e-06,1.21351,3.77468,1.073877e-08,0.009708097,0.03019749,False,0.027691,False
2023-02-16,CE04OSBP-LJ01C-07-VEL3DC107,9,True,2023-02-16T00:00:00Z,2023-02-16T23:59:59Z,691201,691201,0,0.125,0.124879837,0.124999809,-0.000616145,0,0,4,4,1e-06,2.218188,8.312993,7.479605e-09,0.01774553,0.06650405,False,0.052827,False
2023-02-17,CE04OSBP-LJ01C-07-VEL3DC107,9,True,2023-02-17T00:00:00Z,2023-02-17T23:59:59Z,691201,691201,0,0.125,0.124879837,0.124999808,0.000585481,0,0,3,3,1e-06,1.632281,4.787343,5.633668e-09,0.01305827,0.03829881,False,0.030047,False
2023-02-18,CE04OSBP-LJ01C-07-VEL3DC107,9,True,2023-02-18T00:00:00Z,2023-02-18T23:59:59Z,691201,691201,0,0.125,0.124879837,0.124999807,0.001328395,0,0,2,2,-0.0,1.521654,4.092013,-1.473227e-10,0.01217325,0.03273616,False,0.027676,False
2023-02-19,CE04OSBP-LJ01C-07-VEL3DC107,9,True,2023-02-19T00:00:00Z,2023-02-19T23:59:59Z,691201,691201,0,0.125,0.124879837,0.124999804,-0.002266885,0,0,2,2,-1e-06,1.306264,4.409778,-7.20148e-09,0.01045013,0.03527828,False,0.027492,False
2023-02-20,CE04OSBP-LJ01C-07-VEL3DC107,9,True,2023-02-20T00:00:00Z,2023-02-20T23:59:59Z,691201,691201,0,0.125,0.124879837,0.124999806,-0.001304128,0,0,5,5,-0.0,1.627861,25.423576,-3.468679e-09,0.01302291,0.2033889,False,0.194237,False
2023-02-21,CE04OSBP-LJ01C-07-VEL3DC107,9,True,2023-02-21T00:00:00Z,2023-02-21T23:59:59Z,691201,691201,0,0.125,0.124879837,0.124999807,-0.001563454,0,0,8,8,-0.0,1.319274,3.570142,-1.17387e-09,0.01055421,0.02856118,False,0.025125,False
2023-02-22,CE04OSBP-LJ01C-07-VEL3DC107,9,True,2023-02-22T00:00:00Z,2023-02-22T23:59:59Z,368861,691485,322624,0.125,0.124879837,0.124937595,6.990431928,375,322624,375,322637,1e-06,4119.115065,7519.478448,5.389287e-09,32.96938,60.18587,True,0.495082,True
2023-02-23,CE04OSBP-LJ01C-07-VEL3DC107,9,True,2023-02-23T00:00:00Z,2023-02-23T23:59:59Z,691201,691201,0,0.125,0.124879837,0.124999806,-0.00228954,0,0,5,5,0.0,1.191958,4.668063,2.404289e-09,0.00953568,0.03734456,False,0.027836,False
2023-02-24,CE04OSBP-LJ01C-07-VEL3DC107,9,True,2023-02-24T00:00:00Z,2023-02-24T23:59:59Z,691201,691201,0,0.125,0.124879837,0.124999807,0.000460848,0,0,2,2,-0.0,1.082673,2.907811,-3.758855e-09,0.008661398,0.02326252,False,0.027637,False
2023-02-25,CE04OSBP-LJ01C-07-VEL3DC107,9,True,2023-02-25T00:00:00Z,2023-02-25T23:59:59Z,691202,691202,0,0.125,0.124879837,0.124999801,-0.001996521,0,0,9,9,1e-06,1.101042,2.878589,5.990177e-09,0.00880835,0.02302875,False,0.027702,False
2023-02-26,CE04OSBP-LJ01C-07-VEL3DC107,9,True,2023-02-26T00:00:00Z,2023-02-26T23:59:59Z,691201,691201,0,0.125,0.124879837,0.124999803,0.000570719,0,0,5,5,-2e-06,1.160256,2.934159,-1.357263e-08,0.009282061,0.02347331,False,0.025125,False
2023-02-27,CE04OSBP-LJ01C-07-VEL3DC107,9,True,2023-02-27T00:00:00Z,2023-02-27T23:59:59Z,691201,691201,0,0.125,0.124879837,0.1249998,-0.003533248,0,0,4,4,-2e-06,1.309179,3.96516,-1.575549e-08,0.01047345,0.03172133,False,0.025117,False
2023-02-28,CE04OSBP-LJ01C-07-VEL3DC107,9,True,2023-02-28T00:00:00Z,2023-02-28T23:59:59Z,691201,691201,0,0.125,0.124879837,0.124999799,0.001514587,0,0,9,9,1e-06,1.234022,3.883158,5.474114e-09,0.009872192,0.03106532,False,0.02766,False
2023-03-01,CE04OSBP-LJ01C-07-VEL3DC107,9,True,2023-03-01T00:00:00Z,2023-03-01T23:59:59Z,691201,691201,0,0.125,0.124879837,0.1249998,-0.001851013,0,0,7,7,0.0,1.134302,3.165994,8.050844e-10,0.009074432,0.02532799,False,0.030264,False
2023-03-02,CE04OSBP-LJ01C-07-VEL3DC107,9,True,2023-03-02T00:00:00Z,2023-03-02T23:59:59Z,691201,691201,0,0.125,0.124879837,0.124999798,-9.7898e-05,0,0,3,3,-2e-06,1.389008,3.451541,-1.368355e-08,0.01111208,0.02761238,False,0.028202,False
2023-03-03,CE04OSBP-LJ01C-07-VEL3DC107,9,True,2023-03-03T00:00:00Z,2023-03-03T23:59:59Z,691201,691201,0,0.125,0.124879837,0.124999795,0.002821507,0,0,3,3,-1e-06,1.284215,3.399391,-4.091535e-09,0.01027373,0.02719517,False,0.028019,False
2023-03-04,CE04OSBP-LJ01C-07-VEL3DC107,9,True,2023-03-04T00:00:00Z,2023-03-04T23:59:59Z,691201,691201,0,0.125,0.124879837,0.124999801,-7.8576e-05,0,0,8,8,1e-06,1.086206,2.798428,9.297876e-09,0.00868966,0.02238746,False,0.02514,False
2023-03-05,CE04OSBP-LJ01C-07-VEL3DC107,9,True,2023-03-05T00:00:00Z,2023-03-05T23:59:59Z,691201,691201,0,0.125,0.124879837,0.124999805,0.001066472,0,0,6,6,1e-06,1.507893,3.877153,5.361624e-09,0.01206316,0.03101727,False,0.025228,False
2023-03-06,CE04OSBP-LJ01C-07-VEL3DC107,9,True,2023-03-06T00:00:00Z,2023-03-06T23:59:59Z,691202,691202,0,0.125,0.124879837,0.124999805,-0.001527855,0,0,5,5,-1e-06,1.18944,3.387492,-1.099315e-08,0.009515534,0.02709998,False,0.027634,False
2023-03-07,CE04OSBP-LJ01C-07-VEL3DC107,9,True,2023-03-07T00:00:00Z,2023-03-07T23:59:59Z,691201,691201,0,0.125,0.124879837,0.124999808,0.000168244,0,0,10,10,5e-06,1.137714,3.342524,3.757869e-08,0.009101729,0.02674023,False,0.024793,False
2023-03-08,CE04OSBP-LJ01C-07-VEL3DC107,9,True,2023-03-08T00:00:00Z,2023-03-08T23:59:59Z,691201,691201,0,0.125,0.124879837,0.124999807,-0.00144423,0,0,5,5,-4e-06,1.120621,3.179413,-3.473762e-08,0.008964981,0.02543534,False,0.02742,False
2023-03-09,CE04OSBP-LJ01C-07-VEL3DC107,9,True,2023-03-09T00:00:00Z,2023-03-09T23:59:59Z,691201,691201,0,0.125,0.124879837,0.124999804,-0.000103412,0,0,6,6,4e-06,1.178847,3.357649,3.428633e-08,0.009430789,0.02686123,False,0.025728,False
2023-03-10,CE04OSBP-LJ01C-07-VEL3DC107,9,True,2023-03-10T00:00:00Z,2023-03-10T23:59:59Z,691201,691201,0,0.125,0.124879837,0.1249998,0.00066155,0,0,15,15,0.0,1.31002,3.763401,1.200404e-09,0.01048018,0.03010725,False,0.026018,False
2023-03-11,CE04OSBP-LJ01C-07-VEL3DC107,9,True,2023-03-11T00:00:00Z,2023-03-11T23:59:59Z,691201,691201,0,0.125,0.124879837,0.124999802,0.000771784,0,0,5,5,0.0,1.20301,3.670186,3.165656e-09,0.009624095,0.02936154,False,0.028084,False
2023-03-12,CE04OSBP-LJ01C-07-VEL3DC107,9,True,2023-03-12T00:00:00Z,2023-03-12T23:59:59Z,691201,691201,0,0.125,0.124879837,0.1249998,-0.001844841,0,0,2,2,-1e-06,1.339691,3.993021,-7.398462e-09,0.01071755,0.03194422,False,0.027691,False
2023-03-13,CE04OSBP-LJ01C-07-VEL3DC107,9,True,2023-03-13T00:00:00Z,2023-03-13T23:59:59Z,691201,691201,0,0.125,0.124879837,0.124999798,0.001586949,0,0,4,4,0.0,1.499388,4.91801,3.124503e-09,0.01199512,0.03934414,False,0.027718,False
2023-03-14,CE04OSBP-LJ01C-07-VEL3DC107,9,True,2023-03-14T00:00:00Z,2023-03-14T23:59:59Z,691201,691201,0,0.125,0.124879837,0.124999799,0.000461357,0,0,7,7,0.0,1.604412,5.269742,2.558759e-10,0.01283532,0.042158,False,0.028706,False
2023-03-15,CE04OSBP-LJ01C-07-VEL3DC107,9,True,2023-03-15T00:00:00Z,2023-03-15T23:59:59Z,691201,691201,0,0.125,0.124879837,0.124999795,0.000743546,0,0,8,8,-1e-06,1.672714,3.915073,-6.734623e-09,0.01338173,0.03132064,False,0.027653,False
2023-03-16,CE04OSBP-LJ01C-07-VEL3DC107,9,True,2023-03-16T00:00:00Z,2023-03-16T23:59:59Z,691202,691202,0,0.125,0.124879837,0.124999802,-0.000224471,0,0,12,12,-1e-06,1.101008,3.47638,-6.26332e-09,0.008808081,0.02781108,False,0.028306,False
2023-03-17,CE04OSBP-LJ01C-07-VEL3DC107,9,True,2023-03-17T00:00:00Z,2023-03-17T23:59:59Z,691201,691201,0,0.125,0.124879837,0.124999806,-0.000642459,0,0,4,4,-2e-06,1.529471,4.236888,-1.68413e-08,0.01223579,0.03389515,False,0.029317,False
2023-03-18,CE04OSBP-LJ01C-07-VEL3DC107,9,True,2023-03-18T00:00:00Z,2023-03-18T23:59:59Z,691201,691201,0,0.125,0.124879837,0.124999804,-0.002079543,0,0,8,8,5e-06,1.117626,3.346447,4.006198e-08,0.008941022,0.02677162,False,0.027695,False
2023-03-19,CE04OSBP-LJ01C-07-VEL3DC107,9,True,2023-03-19T00:00:00Z,2023-03-19T23:59:59Z,691201,691201,0,0.125,0.124879837,0.124999803,-0.000333329,0,0,2,2,-0.0,1.305711,3.635423,-9.543119e-10,0.0104457,0.02908343,False,0.030108,False
2023-03-20,CE04OSBP-LJ01C-07-VEL3DC107,9,True,2023-03-20T00:00:00Z,2023-03-20T23:59:59Z,691201,691201,0,0.125,0.124879837,0.124999804,-0.001704404,0,0,3,3,-2e-06,1.207872,3.553801,-1.223725e-08,0.009662991,0.02843045,False,0.025724,False
2023-03-21,CE04OSBP-LJ01C-07-VEL3DC107,9,True,2023-03-21T00:00:00Z,2023-03-21T23:59:59Z,691201,691201,0,0.125,0.124879837,0.124999811,-0.000983632,0,0,2,2,0.0,1.720352,4.364328,1.518607e-09,0.01376284,0.03491467,False,0.025281,False
2023-03-22,CE04OSBP-LJ01C-07-VEL3DC107,9,True,2023-03-22T00:00:00Z,2023-03-22T23:59:59Z,691201,691201,0,0.125,0.124879837,0.124999805,-0.003226433,0,0,3,3,-1e-06,2.023332,5.474509,-5.78706e-09,0.01618668,0.04379614,False,0.025476,False
2023-03-23,CE04OSBP-LJ01C-07-VEL3DC107,9,True,2023-03-23T00:00:00Z,2023-03-23T23:59:59Z,691201,691201,0,0.125,0.124879837,0.124999805,0.001342113,0,0,2,2,-1e-06,1.270232,4.004113,-9.56103e-09,0.01016187,0.03203295,False,0.027733,False
2023-03-24,CE04OSBP-LJ01C-07-VEL3DC107,9,True,2023-03-24T00:00:00Z,2023-03-24T23:59:59Z,691201,691201,0,0.125,0.124879837,0.124999801,-0.000398719,0,0,4,4,0.0,1.231642,3.856762,7.708661e-10,0.009853155,0.03085414,False,0.028997,False
2023-03-25,CE04OSBP-LJ01C-07-VEL3DC107,9,True,2023-03-25T00:00:00Z,2023-03-25T23:59:59Z,691201,691201,0,0.125,0.124879837,0.124999798,0.002879331,0,0,6,6,1e-06,1.14231,3.621636,5.921304e-09,0.009138491,0.02897313,False,0.026778,False
2023-03-26,CE04OSBP-LJ01C-07-VEL3DC107,9,True,2023-03-26T00:00:00Z,2023-03-26T23:59:59Z,691201,691201,0,0.125,0.124879837,0.124999809,-0.002257484,0,0,6,6,-1e-06,1.28905,3.640935,-6.680765e-09,0.01031242,0.02912752,False,0.02514,False
2023-03-27,CE04OSBP-LJ01C-07-VEL3DC107,9,True,2023-03-27T00:00:00Z,2023-03-27T23:59:59Z,691202,691202,0,0.125,0.124879837,0.124999808,-0.000836513,0,0,5,5,8e-06,1.17481,3.524173,6.718931e-08,0.009398492,0.02819342,False,0.025602,False
2023-03-28,CE04OSBP-LJ01C-07-VEL3DC107,9,True,2023-03-28T00:00:00Z,2023-03-28T23:59:59Z,691201,691201,0,0.125,0.124879837,0.124999807,-0.001342535,0,0,3,3,7e-06,1.248957,3.54922,5.932468e-08,0.009991668,0.02839381,False,0.027725,False
2023-03-29,CE04OSBP-LJ01C-07-VEL3DC107,9,True,2023-03-29T00:00:00Z,2023-03-29T23:59:59Z,691201,691201,0,0.125,0.124879837,0.124999806,0.000691311,0,0,4,4,8e-06,1.264754,3.617367,6.267728e-08,0.01011805,0.02893898,False,0.025648,False
2023-03-30,CE04OSBP-LJ01C-07-VEL3DC107,9,True,2023-03-30T00:00:00Z,2023-03-30T23:59:59Z,691201,691201,0,0.125,0.124879837,0.124999799,-0.000423758,0,0,1,1,-6e-06,1.126931,2.970611,-4.743069e-08,0.00901546,0.02376493,False,0.026652,False
2023-03-31,CE04OSBP-LJ01C-07-VEL3DC107,9,True,2023-03-31T00:00:00Z,2023-03-31T23:59:59Z,691201,691201,0,0.125,0.124879837,0.124999805,0.000817704,0,0,7,7,0.0,1.087734,3.597103,3.386914e-09,0.008701887,0.02877687,False,0.02561,False
2023-04-01,CE04OSBP-LJ01C-07-VEL3DC107,9,True,2023-04-01T00:00:00Z,2023-04-01T23:59:59Z,691201,691201,0,0.125,0.124879837,0.124999806,-0.000814524,0,0,5,5,1e-06,1.037891,2.653473,4.78277e-09,0.008303142,0.02122782,False,0.026347,False
2023-04-02,CE04OSBP-LJ01C-07-VEL3DC107,9,True,2023-04-02T00:00:00Z,2023-04-02T23:59:59Z,691201,691201,0,0.125,0.124879837,0.124999806,-0.000521197,0,0,3,3,0.0,1.777603,24.119227,9.489322e-10,0.01422085,0.1929541,False,0.196245,False
2023-04-03,CE04OSBP-LJ01C-07-VEL3DC107,9,True,2023-04-03T00:00:00Z,2023-04-03T23:59:59Z,691201,691201,0,0.125,0.124879837,0.124999808,-0.002911871,0,0,5,5,0.0,1.293132,3.870156,1.875501e-09,0.01034507,0.03096129,False,0.032693,False
2023-04-04,CE04OSBP-LJ01C-07-VEL3DC107,9,True,2023-04-04T00:00:00Z,2023-04-04T23:59:59Z,691201,691201,0,0.125,0.124879837,0.124999809,0.000600439,0,0,6,6,-2e-06,1.329228,4.019364,-1.202124e-08,0.01063384,0.03215496,False,0.024793,False
2023-04-05,CE04OSBP-LJ01C-07-VEL3DC107,9,True,2023-04-05T00:00:00Z,2023-04-05T23:59:59Z,691201,691201,0,0.125,0.124879837,0.124999811,-0.002337377,0,0,4,4,2e-06,1.169635,3.356346,1.273479e-08,0.009357093,0.02685081,False,0.028191,False
2023-04-06,CE04OSBP-LJ01C-07-VEL3DC107,9,True,2023-04-06T00:00:00Z,2023-04-06T23:59:59Z,691201,691201,0,0.125,0.124879837,0.124999811,-0.00044124,0,0,5,5,2e-06,1.316718,3.928059,1.306668e-08,0.01053376,0.03142452,False,0.026435,False
2023-04-07,CE04OSBP-LJ01C-07-VEL3DC107,9,True,2023-04-07T00:00:00Z,2023-04-07T23:59:59Z,691201,691201,0,0.125,0.124879837,0.124999807,-0.000500748,0,0,8,8,-1e-06,1.374035,5.233985,-8.275836e-09,0.01099229,0.04187194,False,0.03002,False
2023-04-08,CE04OSBP-LJ01C-07-VEL3DC107,9,True,2023-04-08T00:00:00Z,2023-04-08T23:59:59Z,691201,691201,0,0.125,0.124879837,0.124999805,0.001169364,0,0,5,5,-1e-06,1.147894,3.210518,-7.79649e-09,0.009183167,0.02568419,False,0.02771,False
2023-04-09,CE04OSBP-LJ01C-07-VEL3DC107,9,True,2023-04-09T00:00:00Z,2023-04-09T23:59:59Z,691201,691201,0,0.125,0.124879837,0.12499981,-0.001665699,0,0,3,3,-3e-06,1.531969,4.272082,-2.172349e-08,0.01225577,0.03417671,False,0.027714,False
2023-04-10,CE04OSBP-LJ01C-07-VEL3DC107,9,True,2023-04-10T00:00:00Z,2023-04-10T23:59:59Z,691202,691202,0,0.125,0.124879837,0.124999804,0.001182161,0,0,4,4,3e-06,1.275613,3.829653,2.005076e-08,0.01020492,0.03063727,False,0.026385,False
2023-04-11,CE04OSBP-LJ01C-07-VEL3DC107,9,True,2023-04-11T00:00:00Z,2023-04-11T23:59:59Z,691201,691201,0,0.125,0.124879837,0.124999805,-0.001235799,0,0,2,2,9e-06,1.24962,3.892851,6.962839e-08,0.009996976,0.03114285,False,0.025006,False
2023-04-12,CE04OSBP-LJ01C-07-VEL3DC107,9,True,2023-04-12T00:00:00Z,2023-04-12T23:59:59Z,691201,691201,0,0.125,0.124879837,0.124999801,0.001175304,0,0,4,4,7e-06,1.283163,4.960834,5.540346e-08,0.01026532,0.03968674,False,0.028764,False
2023-04-13,CE04OSBP-LJ01C-07-VEL3DC107,9,True,2023-04-13T00:00:00Z,2023-04-13T23:59:59Z,691201,691201,0,0.125,0.124879837,0.1249998,0.002267465,0,0,4,4,-1e-06,1.288376,4.365986,-9.641258e-09,0.01030702,0.03492795,False,0.027683,False
2023-04-14,CE04OSBP-LJ01C-07-VEL3DC107,9,True,2023-04-14T00:00:00Z,2023-04-14T23:59:59Z,691201,691201,0,0.125,0.124879837,0.124999806,-0.000711645,0,0,5,5,1e-06,2.379879,5.803974,8.624806e-09,0.01903906,0.04643186,False,0.027725,False
2023-04-15,CE04OSBP-LJ01C-07-VEL3DC107,9,True,2023-04-15T00:00:00Z,2023-04-15T23:59:59Z,691201,691201,0,0.125,0.124879837,0.124999801,0.000614143,0,0,6,6,-0.0,1.095752,3.010516,-1.014338e-10,0.008766031,0.02408417,False,0.027981,False
2023-04-16,CE04OSBP-LJ01C-07-VEL3DC107,9,True,2023-04-16T00:00:00Z,2023-04-16T23:59:59Z,691201,691201,0,0.125,0.124879837,0.124999804,-0.0011037,0,0,3,3,-0.0,1.183026,3.248636,-1.572717e-09,0.009464222,0.02598913,False,0.028695,False
2023-04-17,CE04OSBP-LJ01C-07-VEL3DC107,9,True,2023-04-17T00:00:00Z,2023-04-17T23:59:59Z,691201,691201,0,0.125,0.124879837,0.124999807,0.000595075,0,0,3,3,-1e-06,1.077337,2.892087,-8.799913e-09,0.008618711,0.02313673,False,0.02881,False
2023-04-18,CE04OSBP-LJ01C-07-VEL3DC107,9,True,2023-04-18T00:00:00Z,2023-04-18T23:59:59Z,691201,691201,0,0.125,0.124879837,0.124999804,-0.00036748,0,0,6,6,-1e-06,1.066088,3.091144,-8.161882e-09,0.008528714,0.02472919,False,0.027813,False
2023-04-19,CE04OSBP-LJ01C-07-VEL3DC107,9,True,2023-04-19T00:00:00Z,2023-04-19T23:59:59Z,691201,691201,0,0.125,0.124879837,0.124999805,-4.6951e-05,0,0,7,7,-0.0,1.069413,3.374496,-3.513236e-09,0.008555318,0.02699601,False,0.026923,False
2023-04-20,CE04OSBP-LJ01C-07-VEL3DC107,9,True,2023-04-20T00:00:00Z,2023-04-20T23:59:59Z,691201,691201,0,0.125,0.124879837,0.124999806,5.7009e-05,0,0,6,6,-1e-06,1.057054,2.815621,-6.533e-09,0.008456445,0.022525,False,0.024777,False
2023-04-21,CE04OSBP-LJ01C-07-VEL3DC107,9,True,2023-04-21T00:00:00Z,2023-04-21T23:59:59Z,691202,691202,0,0.125,0.124879837,0.124999803,0.001110711,0,0,6,6,-1e-06,1.326741,4.109454,-7.1977e-09,0.01061394,0.03287569,False,0.027194,False
2023-04-22,CE04OSBP-LJ01C-07-VEL3DC107,9,True,2023-04-22T00:00:00Z,2023-04-22T23:59:59Z,691201,691201,0,0.125,0.124879837,0.124999798,0.000125289,0,0,3,3,7e-06,1.183948,3.278548,5.753651e-08,0.009471596,0.02622843,False,0.026121,False
2023-04-23,CE04OSBP-LJ01C-07-VEL3DC107,9,True,2023-04-23T00:00:00Z,2023-04-23T23:59:59Z,691201,691201,0,0.125,0.124879837,0.124999799,0.003124316,0,0,8,8,5e-06,1.228842,3.379422,4.129778e-08,0.009830752,0.02703542,False,0.026297,False
2023-04-24,CE04OSBP-LJ01C-07-VEL3DC107,9,True,2023-04-24T00:00:00Z,2023-04-24T23:59:59Z,691201,691201,0,0.125,0.124879837,0.124999801,-0.00080066,0,0,5,5,1e-06,1.337395,3.713642,9.363753e-09,0.01069917,0.02970918,False,0.026068,False
2023-04-25,CE04OSBP-LJ01C-07-VEL3DC107,9,True,2023-04-25T00:00:00Z,2023-04-25T23:59:59Z,691201,691201,0,0.125,0.124879837,0.124999803,0.000529981,0,0,1,1,1e-06,1.120369,3.36738,5.56949e-09,0.008962966,0.02693908,False,0.026129,False
2023-04-26,CE04OSBP-LJ01C-07-VEL3DC107,9,True,2023-04-26T00:00:00Z,2023-04-26T23:59:59Z,689277,691203,1926,0.125,0.124879837,0.124999757,0.009171575,3,1926,3,1928,-0.0,35.323792,232.591615,-3.995483e-09,0.2825909,1.860737,True,0.158798,True
2023-04-27,CE04OSBP-LJ01C-07-VEL3DC107,9,True,2023-04-27T00:00:00Z,2023-04-27T23:59:59Z,691201,691201,0,0.125,0.124879837,0.124999815,-0.000553724,0,0,3,3,0.0,1.327639,3.495782,8.292376e-10,0.01062113,0.0279663,False,0.027691,False
2023-04-28,CE04OSBP-LJ01C-07-VEL3DC107,9,True,2023-04-28T00:00:00Z,2023-04-28T23:59:59Z,691201,691201,0,0.125,0.124879837,0.124999811,-0.005699662,0,0,4,4,1e-06,2.856984,6.862354,8.086771e-09,0.02285591,0.05489891,False,0.041616,False
2023-04-29,CE04OSBP-LJ01C-07-VEL3DC107,9,True,2023-04-29T00:00:00Z,2023-04-29T23:59:59Z,691201,691201,0,0.125,0.124879837,0.124999805,0.001603664,0,0,6,6,-1e-06,1.561915,4.662734,-5.380088e-09,0.01249534,0.03730193,False,0.028638,False
2023-04-30,CE04OSBP-LJ01C-07-VEL3DC107,9,True,2023-04-30T00:00:00Z,2023-04-30T23:59:59Z,691201,691201,0,0.125,0.124879837,0.1249998,-0.00033878,0,0,1,1,-1e-06,1.09933,3.189117,-8.627139e-09,0.008794652,0.02551298,False,0.029932,False
2023-05-01,CE04OSBP-LJ01C-07-VEL3DC107,9,True,2023-05-01T00:00:00Z,2023-05-01T23:59:59Z,691201,691201,0,0.125,0.124879837,0.124999796,0.001373205,0,0,2,2,2e-06,1.607747,6.7482,1.414493e-08,0.01286199,0.05398569,False,0.032922,False
2023-05-02,CE04OSBP-LJ01C-07-VEL3DC107,9,True,2023-05-02T00:00:00Z,2023-05-02T23:59:59Z,691202,691202,0,0.125,0.124879837,0.124999793,0.000570851,0,0,6,6,-1.1e-05,2.296711,6.524365,-8.523099e-08,0.01837372,0.05219501,False,0.027668,False
2023-05-03,CE04OSBP-LJ01C-07-VEL3DC107,9,True,2023-05-03T00:00:00Z,2023-05-03T23:59:59Z,691201,691201,0,0.125,0.124879837,0.124999794,0.002089118,0,0,1,1,-1.1e-05,2.214527,5.058763,-9.188666e-08,0.01771624,0.04047017,False,0.026862,False
2023-05-04,CE04OSBP-LJ01C-07-VEL3DC107,9,True,2023-05-04T00:00:00Z,2023-05-04T23:59:59Z,691201,691201,0,0.125,0.124879837,0.124999794,0.001886467,0,0,4,4,-0.0,1.403777,4.095883,-1.766692e-09,0.01123024,0.03276712,False,0.027107,False
2023-05-05,CE04OSBP-LJ01C-07-VEL3DC107,9,True,2023-05-05T00:00:00Z,2023-05-05T23:59:59Z,691201,691201,0,0.125,0.124879837,0.124999793,0.00220121,0,0,3,3,0.0,1.902442,5.337694,2.231011e-09,0.01521956,0.04270162,False,0.026267,False
2023-05-06,CE04OSBP-LJ01C-07-VEL3DC107,9,True,2023-05-06T00:00:00Z,2023-05-06T23:59:59Z,691201,691201,0,0.125,0.124879837,0.124999792,-0.001681813,0,0,2,2,-1e-06,1.658993,5.226006,-1.135728e-08,0.01327197,0.04180812,False,0.027397,False
2023-05-07,CE04OSBP-LJ01C-07-VEL3DC107,9,True,2023-05-07T00:00:00Z,2023-05-07T23:59:59Z,691201,691201,0,0.125,0.124879837,0.124999792,0.001079616,0,0,4,4,2e-06,1.22769,3.394469,1.62627e-08,0.009821536,0.02715579,False,0.026351,False
2023-05-08,CE04OSBP-LJ01C-07-VEL3DC107,9,True,2023-05-08T00:00:00Z,2023-05-08T23:59:59Z,691201,691201,0,0.125,0.124879837,0.124999788,-0.000145535,0,0,7,7,1e-06,1.69667,4.892968,1.004906e-08,0.01357338,0.03914381,False,0.041383,False
2023-05-09,CE04OSBP-LJ01C-07-VEL3DC107,9,True,2023-05-09T00:00:00Z,2023-05-09T23:59:59Z,691202,691202,0,0.125,0.124879837,0.124999791,0.001098747,0,0,6,6,1e-06,1.186195,4.206885,1.106182e-08,0.009489573,0.03365514,False,0.024796,False
2023-05-10,CE04OSBP-LJ01C-07-VEL3DC107,9,True,2023-05-10T00:00:00Z,2023-05-10T23:59:59Z,691201,691201,0,0.125,0.124879837,0.124999798,-0.002602676,0,0,6,6,1e-06,3.547975,10.077349,1.03728e-08,0.02838385,0.08061892,False,0.024785,False
2023-05-11,CE04OSBP-LJ01C-07-VEL3DC107,9,True,2023-05-11T00:00:00Z,2023-05-11T23:59:59Z,675527,691216,15689,0.125,0.124879837,0.124997333,0.504645339,8,15689,8,15696,-2e-06,528.658176,971.122615,-1.434101e-08,4.229356,7.769147,True,0.058944,True
2023-05-12,CE04OSBP-LJ01C-07-VEL3DC107,9,True,2023-05-12T00:00:00Z,2023-05-12T23:59:59Z,685907,691206,5299,0.125,0.124879837,0.124999232,0.121474553,6,5299,6,5303,0.0,156.286835,396.261531,1.822579e-09,1.250302,3.170112,True,0.162032,True
2023-05-13,CE04OSBP-LJ01C-07-VEL3DC107,9,True,2023-05-13T00:00:00Z,2023-05-13T23:59:59Z,687150,691205,4055,0.125,0.124879837,0.124999358,-0.287567006,6,4055,6,4060,-1e-06,131.436351,329.685363,-5.993902e-09,1.051496,2.637496,True,0.098418,True
2023-05-14,CE04OSBP-LJ01C-07-VEL3DC107,9,True,2023-05-14T00:00:00Z,2023-05-14T23:59:59Z,691201,691201,0,0.125,0.124879837,0.124999794,0.001291917,0,0,3,3,1e-06,1.906728,5.234591,5.038027e-09,0.01525385,0.0418768,False,0.031551,False
2023-05-15,CE04OSBP-LJ01C-07-VEL3DC107,9,True,2023-05-15T00:00:00Z,2023-05-15T23:59:59Z,691201,691201,0,0.125,0.124879837,0.124999796,0.001578862,0,0,3,3,1e-06,1.675823,4.979569,8.617902e-09,0.0134066,0.03983662,False,0.029558,False
2023-05-16,CE04OSBP-LJ01C-07-VEL3DC107,9,True,2023-05-16T00:00:00Z,2023-05-16T23:59:59Z,691202,691202,0,0.125,0.124879837,0.124999795,-0.001655947,0,0,10,10,1e-06,1.652738,3.707746,8.897284e-09,0.01322193,0.02966202,False,0.027622,False
2023-05-17,CE04OSBP-LJ01C-07-VEL3DC107,9,True,2023-05-17T00:00:00Z,2023-05-17T23:59:59Z,691201,691201,0,0.125,0.124879837,0.124999793,0.001350877,0,0,8,8,-1e-06,1.195724,3.246981,-1.199421e-08,0.009565808,0.02597589,False,0.025679,False
2023-05-18,CE04OSBP-LJ01C-07-VEL3DC107,9,True,2023-05-18T00:00:00Z,2023-05-18T23:59:59Z,691201,691201,0,0.125,0.124879837,0.124999789,0.000174438,0,0,4,4,-1e-06,1.758099,5.110961,-1.021676e-08,0.01406481,0.04088776,False,0.024785,False
2023-05-19,CE04OSBP-LJ01C-07-VEL3DC107,9,True,2023-05-19T00:00:00Z,2023-05-19T23:59:59Z,691201,691201,0,0.125,0.124879837,0.124999786,0.004414957,0,0,4,4,-1e-06,1.414964,5.138649,-8.181813e-09,0.01131973,0.04110926,False,0.031433,False
2023-05-20,CE04OSBP-LJ01C-07-VEL3DC107,9,True,2023-05-20T00:00:00Z,2023-05-20T23:59:59Z,691201,691201,0,0.125,0.124879837,0.124999794,-0.001023642,0,0,2,2,-1e-06,1.83231,6.428848,-8.771613e-09,0.0146585,0.05143087,False,0.027649,False
2023-05-21,CE04OSBP-LJ01C-07-VEL3DC107,9,True,2023-05-21T00:00:00Z,2023-05-21T23:59:59Z,691201,691201,0,0.125,0.124879837,0.124999792,-0.000708568,0,0,5,5,-0.0,1.287066,3.238269,-3.218344e-09,0.01029654,0.0259062,False,0.025724,False
2023-05-22,CE04OSBP-LJ01C-07-VEL3DC107,9,True,2023-05-22T00:00:00Z,2023-05-22T23:59:59Z,691201,691201,0,0.125,0.124879837,0.124999795,-0.00263073,0,0,5,5,-0.0,1.125266,3.988156,-6.698093e-10,0.00900214,0.0319053,False,0.028706,False
2023-05-23,CE04OSBP-LJ01C-07-VEL3DC107,9,True,2023-05-23T00:00:00Z,2023-05-23T23:59:59Z,691201,691201,0,0.125,0.124879837,0.124999797,0.002692573,0,0,5,5,1e-06,1.880184,5.032302,9.479406e-09,0.01504149,0.04025848,False,0.027695,False
2023-05-24,CE04OSBP-LJ01C-07-VEL3DC107,9,True,2023-05-24T00:00:00Z,2023-05-24T23:59:59Z,691202,691202,0,0.125,0.124879837,0.124999808,-0.001039777,0,0,8,8,4e-06,1.829241,4.761569,2.886271e-08,0.01463395,0.03809261,False,0.030639,False
2023-05-25,CE04OSBP-LJ01C-07-VEL3DC107,9,True,2023-05-25T00:00:00Z,2023-05-25T23:59:59Z,691201,691201,0,0.125,0.124879837,0.124999816,-0.000418831,0,0,4,4,-1.4e-05,1.149056,5.19243,-1.112254e-07,0.009192462,0.0415395,False,0.032028,False
2023-05-26,CE04OSBP-LJ01C-07-VEL3DC107,9,True,2023-05-26T00:00:00Z,2023-05-26T23:59:59Z,691201,691201,0,0.125,0.124879837,0.124999816,0.000313501,0,0,6,6,6e-06,1.276513,3.442095,5.017693e-08,0.01021212,0.0275368,False,0.025117,False
2023-05-27,CE04OSBP-LJ01C-07-VEL3DC107,9,True,2023-05-27T00:00:00Z,2023-05-27T23:59:59Z,691201,691201,0,0.125,0.124879837,0.124999812,0.002135271,0,0,2,2,-0.0,1.823249,4.423799,-1.418195e-09,0.01458601,0.03539044,False,0.026427,False
2023-05-28,CE04OSBP-LJ01C-07-VEL3DC107,9,True,2023-05-28T00:00:00Z,2023-05-28T23:59:59Z,691201,691201,0,0.125,0.124879837,0.124999803,0.002131771,0,0,7,7,4e-06,1.546735,5.304484,3.544691e-08,0.0123739,0.04243594,False,0.027725,False
2023-05-29,CE04OSBP-LJ01C-07-VEL3DC107,9,True,2023-05-29T00:00:00Z,2023-05-29T23:59:59Z,691201,691201,0,0.125,0.124879837,0.124999798,-0.001064396,0,0,8,8,1e-06,2.058027,12.128848,6.447689e-09,0.01646425,0.09703094,False,0.085539,False
2023-05-30,CE04OSBP-LJ01C-07-VEL3DC107,9,True,2023-05-30T00:00:00Z,2023-05-30T23:59:59Z,691201,691201,0,0.125,0.124879837,0.124999793,-0.001468152,0,0,2,2,1e-06,1.920211,4.837473,6.413657e-09,0.01536171,0.03869985,False,0.02766,False
2023-05-31,CE04OSBP-LJ01C-07-VEL3DC107,9,True,2023-05-31T00:00:00Z,2023-05-31T23:59:59Z,691201,691201,0,0.125,0.124879837,0.124999793,-0.001816478,0,0,3,3,1e-06,1.549752,4.22331,1.04001e-08,0.01239804,0.03378653,False,0.027691,False
2023-06-01,CE04OSBP-LJ01C-07-VEL3DC107,9,True,2023-06-01T00:00:00Z,2023-06-01T23:59:59Z,691201,691201,0,0.125,0.124879837,0.124999796,0.000347606,0,0,6,6,0.0,1.254641,3.380314,3.812895e-09,0.01003714,0.02704255,False,0.027026,False
2023-06-02,CE04OSBP-LJ01C-07-VEL3DC107,9,True,2023-06-02T00:00:00Z,2023-06-02T23:59:59Z,691201,691201,0,0.125,0.124879837,0.124999793,-0.00119808,0,0,8,8,1e-06,1.545471,4.405569,6.709106e-09,0.01236379,0.03524461,False,0.028974,False
2023-06-03,CE04OSBP-LJ01C-07-VEL3DC107,9,True,2023-06-03T00:00:00Z,2023-06-03T23:59:59Z,691202,691202,0,0.125,0.124879837,0.124999799,0.001312863,0,0,7,7,2e-06,1.604229,4.261005,1.376294e-08,0.01283386,0.03408809,False,0.027397,False
2023-06-04,CE04OSBP-LJ01C-07-VEL3DC107,9,True,2023-06-04T00:00:00Z,2023-06-04T23:59:59Z,691201,691201,0,0.125,0.124879837,0.124999794,-0.002265227,0,0,4,4,-0.0,1.255245,25.855432,-1.795249e-09,0.01004197,0.2068438,False,0.196298,False
2023-06-05,CE04OSBP-LJ01C-07-VEL3DC107,9,True,2023-06-05T00:00:00Z,2023-06-05T23:59:59Z,691201,691201,0,0.125,0.124879837,0.124999789,0.001979195,0,0,6,6,0.0,1.66816,4.678911,1.076288e-09,0.0133453,0.03743135,False,0.027691,False
2023-06-06,CE04OSBP-LJ01C-07-VEL3DC107,9,True,2023-06-06T00:00:00Z,2023-06-06T23:59:59Z,691201,691201,0,0.125,0.124879837,0.124999796,0.000843066,0,0,4,4,-0.0,1.475807,4.219308,-3.182264e-09,0.01180648,0.03375452,False,0.028955,False
2023-06-07,CE04OSBP-LJ01C-07-VEL3DC107,9,True,2023-06-07T00:00:00Z,2023-06-07T23:59:59Z,691201,691201,0,0.125,0.124879837,0.124999802,0.00234046,0,0,5,5,-1e-06,1.756721,5.043528,-6.31741e-09,0.01405379,0.04034829,False,0.024785,False
2023-06-08,CE04OSBP-LJ01C-07-VEL3DC107,9,True,2023-06-08T00:00:00Z,2023-06-08T23:59:59Z,691201,691201,0,0.125,0.124879837,0.124999791,0.00176821,0,0,2,2,1e-06,1.401473,5.070953,1.118759e-08,0.01121181,0.04056769,False,0.02477,False
2023-06-09,CE04OSBP-LJ01C-07-VEL3DC107,9,True,2023-06-09T00:00:00Z,2023-06-09T23:59:59Z,683259,691209,7950,0.125,0.124879837,0.124997912,-0.009062708,11,7950,11,7958,-0.0,201.388259,456.036961,-3.433699e-09,1.611133,3.648357,True,0.36011,True
2023-06-10,CE04OSBP-LJ01C-07-VEL3DC107,9,True,2023-06-10T00:00:00Z,2023-06-10T23:59:59Z,691202,691202,0,0.125,0.124879837,0.124999795,-0.002272935,0,0,3,3,-1e-05,1.3265,3.378749,-8.193898e-08,0.01061202,0.02703004,False,0.024777,False
2023-06-11,CE04OSBP-LJ01C-07-VEL3DC107,9,True,2023-06-11T00:00:00Z,2023-06-11T23:59:59Z,691201,691201,0,0.125,0.124879837,0.124999788,0.004337694,0,0,3,3,-6e-06,1.479665,4.745147,-4.922732e-08,0.01183734,0.03796124,False,0.028157,False
2023-06-12,CE04OSBP-LJ01C-07-VEL3DC107,9,True,2023-06-12T00:00:00Z,2023-06-12T23:59:59Z,691201,691201,0,0.125,0.124879837,0.124999798,0.002013192,0,0,5,5,-1e-06,2.95412,7.120683,-9.3483e-09,0.023633,0.05696555,False,0.027622,False
2023-06-13,CE04OSBP-LJ01C-07-VEL3DC107,9,True,2023-06-13T00:00:00Z,2023-06-13T23:59:59Z,691201,691201,0,0.125,0.124879837,0.124999793,0.005079219,0,0,4,4,1e-06,1.716252,5.079219,9.584785e-09,0.01373004,0.04063382,False,0.02839,False
2023-06-14,CE04OSBP-LJ01C-07-VEL3DC107,9,True,2023-06-14T00:00:00Z,2023-06-14T23:59:59Z,691201,691201,0,0.125,0.124879837,0.124999784,0.002681718,0,0,3,3,-0.0,1.725245,4.785382,-2.853021e-09,0.01380198,0.03828312,False,0.028004,False
2023-06-15,CE04OSBP-LJ01C-07-VEL3DC107,9,True,2023-06-15T00:00:00Z,2023-06-15T23:59:59Z,691201,691201,0,0.125,0.124879837,0.124999796,-0.000488587,0,0,4,4,-1e-06,1.902505,4.225159,-1.013941e-08,0.01522007,0.03380133,False,0.02548,False
2023-06-16,CE04OSBP-LJ01C-07-VEL3DC107,9,True,2023-06-16T00:00:00Z,2023-06-16T23:59:59Z,691201,691201,0,0.125,0.124879837,0.124999803,-5.0516e-05,0,0,2,2,0.0,2.944269,7.74327,3.425034e-09,0.02355419,0.06194625,False,0.025132,False
2023-06-17,CE04OSBP-LJ01C-07-VEL3DC107,9,True,2023-06-17T00:00:00Z,2023-06-17T23:59:59Z,691202,691202,0,0.125,0.124879837,0.124999793,0.002138295,0,0,12,12,3e-06,1.335816,3.819167,2.0759e-08,0.01068655,0.03055338,False,0.02679,False
2023-06-18,CE04OSBP-LJ01C-07-VEL3DC107,9,True,2023-06-18T00:00:00Z,2023-06-18T06:26:11Z,185373,185373,0,0.125,0.124879837,0.124999803,-0.001892047,0,0,0,0,0.0,1.236611,4.792386,3.385532e-09,0.0098929,0.03833914,False,0.029317,False
2023-06-19,CE04OSBP-LJ01C-07-VEL3DC107,9,False,,,0,0,,0.125,,,,,,,,,,,,,,,,False
2023-06-20,CE04OSBP-LJ01C-07-VEL3DC107,9,True,2023-06-20T20:59:24Z,2023-06-20T23:59:59Z,86683,86683,0,0.125,0.124879837,0.124999721,0.001957077,0,0,0,0,0.0,1.057965,2.58353,1.785634e-10,0.008463742,0.02066829,False,0.024754,False
2023-06-21,CE04OSBP-LJ01C-07-VEL3DC107,9,True,2023-06-21T00:00:00Z,2023-06-21T23:59:59Z,691201,691201,0,0.125,0.124879837,0.124999786,0.005766135,0,0,3,3,-0.0,3.147523,9.0243,-2.916077e-09,0.02518023,0.07219453,False,0.026286,False
2023-06-22,CE04OSBP-LJ01C-07-VEL3DC107,9,True,2023-06-22T00:00:00Z,2023-06-22T23:59:59Z,691201,691201,0,0.125,0.124879837,0.124999783,-0.000812993,0,0,4,4,1e-06,1.923192,11.346765,9.799822e-09,0.01538556,0.09077428,False,0.069765,False
2023-06-23,CE04OSBP-LJ01C-07-VEL3DC107,9,True,2023-06-23T00:00:00Z,2023-06-23T23:59:59Z,691201,691201,0,0.125,0.124879837,0.124999791,0.000240878,0,0,10,10,-1e-06,1.754986,4.989017,-4.558168e-09,0.01403991,0.0399122,False,0.028695,False
2023-06-24,CE04OSBP-LJ01C-07-VEL3DC107,9,True,2023-06-24T00:00:00Z,2023-06-24T23:59:59Z,691202,691202,0,0.125,0.124879837,0.124999795,-0.000974148,0,0,7,7,1e-05,1.072515,3.089815,7.813174e-08,0.008580135,0.02471856,False,0.029688,False
2023-06-25,CE04OSBP-LJ01C-07-VEL3DC107,9,True,2023-06-25T00:00:00Z,2023-06-25T23:59:59Z,691201,691201,0,0.125,0.124879837,0.124999799,0.001557739,0,0,5,5,2e-06,1.852238,5.475986,1.919026e-08,0.01481792,0.04380796,False,0.024964,False
2023-06-26,CE04OSBP-LJ01C-07-VEL3DC107,9,True,2023-06-26T00:00:00Z,2023-06-26T23:59:59Z,691201,691201,0,0.125,0.124879837,0.124999798,0.000197938,0,0,2,2,1e-06,1.351547,4.171782,4.422492e-09,0.0108124,0.03337431,False,0.025174,False
2023-06-27,CE04OSBP-LJ01C-07-VEL3DC107,9,True,2023-06-27T00:00:00Z,2023-06-27T23:59:59Z,691201,691201,0,0.125,0.124879837,0.124999798,0.001429303,0,0,1,1,0.0,1.35073,3.981614,1.281526e-09,0.01080586,0.03185296,False,0.025136,False
2023-06-28,CE04OSBP-LJ01C-07-VEL3DC107,9,True,2023-06-28T00:00:00Z,2023-06-28T23:59:59Z,691201,691201,0,0.125,0.124879837,0.124999799,0.001175812,0,0,3,3,-0.0,1.932423,6.095753,-1.064043e-10,0.01545941,0.0487661,False,0.025079,False
2023-06-29,CE04OSBP-LJ01C-07-VEL3DC107,9,True,2023-06-29T00:00:00Z,2023-06-29T23:59:59Z,691201,691201,0,0.125,0.124879837,0.124999799,0.001709545,0,0,4,4,1e-06,1.35505,5.635095,8.325151e-09,0.01084042,0.04508084,False,0.040177,False
2023-06-30,CE04OSBP-LJ01C-07-VEL3DC107,9,True,2023-06-30T00:00:00Z,2023-06-30T23:59:59Z,688634,691203,2569,0.125,0.124879837,0.124999314,0.002344325,3,2569,3,2571,-0.0,67.682573,138.972313,-4.307261e-10,0.5414636,1.111785,True,0.469564,True
2023-07-01,CE04OSBP-LJ01C-07-VEL3DC107,9,True,2023-07-01T00:00:00Z,2023-07-01T23:59:59Z,691201,691201,0,0.125,0.124879837,0.124999802,-0.003300237,0,0,5,5,1e-06,4.250229,9.605039,6.754346e-09,0.03400189,0.07684043,False,0.035549,False
2023-07-02,CE04OSBP-LJ01C-07-VEL3DC107,9,True,2023-07-02T00:00:00Z,2023-07-02T23:59:59Z,691201,691201,0,0.125,0.124879837,0.124999804,-0.003958762,0,0,2,2,-2e-06,1.494767,4.498626,-1.658696e-08,0.01195816,0.03598907,False,0.026114,False
2023-07-03,CE04OSBP-LJ01C-07-VEL3DC107,9,True,2023-07-03T00:00:00Z,2023-07-03T23:59:59Z,691202,691202,0,0.125,0.124879837,0.124999807,0.000961668,0,0,10,10,-0.0,1.640903,6.585824,-2.749292e-09,0.01312724,0.05268667,False,0.035427,False
2023-07-04,CE04OSBP-LJ01C-07-VEL3DC107,9,True,2023-07-04T00:00:00Z,2023-07-04T23:59:59Z,691201,691201,0,0.125,0.124879837,0.124999807,0.001123712,0,0,3,3,1e-06,1.230944,3.801205,6.955175e-09,0.009847568,0.03040969,False,0.027668,False
2023-07-05,CE04OSBP-LJ01C-07-VEL3DC107,9,True,2023-07-05T00:00:00Z,2023-07-05T23:59:59Z,691201,691201,0,0.125,0.124879837,0.124999805,-0.000234166,0,0,3,3,6e-06,1.600431,7.605202,4.757265e-08,0.01280347,0.06084171,False,0.054156,False
2023-07-06,CE04OSBP-LJ01C-07-VEL3DC107,9,True,2023-07-06T00:00:00Z,2023-07-06T23:59:59Z,691201,691201,0,0.125,0.124879837,0.124999796,-0.001752499,0,0,3,3,-2e-06,1.190789,6.900425,-1.359074e-08,0.009526326,0.05520349,False,0.041975,False
2023-07-07,CE04OSBP-LJ01C-07-VEL3DC107,9,True,2023-07-07T00:00:00Z,2023-07-07T23:59:59Z,691201,691201,0,0.125,0.124879837,0.124999793,0.001033173,0,0,9,9,1e-06,1.835758,4.996664,1.063422e-08,0.01468609,0.03997337,False,0.03199,False
2023-07-08,CE04OSBP-LJ01C-07-VEL3DC107,9,True,2023-07-08T00:00:00Z,2023-07-08T23:59:59Z,691201,691201,0,0.125,0.124879837,0.124999787,-0.002147037,0,0,2,2,0.0,1.115815,5.875188,2.529855e-09,0.008926537,0.04700159,False,0.036404,False
2023-07-09,CE04OSBP-LJ01C-07-VEL3DC107,9,True,2023-07-09T00:00:00Z,2023-07-09T23:59:59Z,691201,691201,0,0.125,0.124879837,0.124999788,0.001527401,0,0,3,3,1e-06,1.228377,3.727499,5.041006e-09,0.009827036,0.02982004,False,0.028653,False
2023-07-10,CE04OSBP-LJ01C-07-VEL3DC107,9,True,2023-07-10T00:00:00Z,2023-07-10T23:59:59Z,649178,691242,42064,0.125,0.124879837,0.124989186,1.481964323,7,42064,7,42068,1e-06,1070.690825,2212.341065,9.802884e-09,8.566268,17.70026,True,0.259202,True
2023-07-11,CE04OSBP-LJ01C-07-VEL3DC107,9,True,2023-07-11T00:00:00Z,2023-07-11T23:59:59Z,691202,691202,0,0.125,0.124879837,0.124999788,0.004885593,0,0,16,16,2e-06,2.549609,6.10074,1.413916e-08,0.02039691,0.04880601,False,0.028076,False
2023-07-12,CE04OSBP-LJ01C-07-VEL3DC107,9,True,2023-07-12T00:00:00Z,2023-07-12T23:59:59Z,691201,691201,0,0.125,0.124879837,0.124999789,0.003147925,0,0,3,3,-1e-06,1.635276,23.416885,-9.973684e-09,0.01308223,0.1873354,False,0.198353,False
2023-07-13,CE04OSBP-LJ01C-07-VEL3DC107,9,True,2023-07-13T00:00:00Z,2023-07-13T23:59:59Z,691201,691201,0,0.125,0.124879837,0.124999787,0.000138588,0,0,2,2,1e-06,1.471643,6.58486,5.476157e-09,0.01177317,0.05267897,False,0.033682,False
2023-07-14,CE04OSBP-LJ01C-07-VEL3DC107,9,True,2023-07-14T00:00:00Z,2023-07-14T23:59:59Z,691201,691201,0,0.125,0.124879837,0.124999787,-0.000473449,0,0,11,11,-1e-06,1.314792,4.279979,-4.868476e-09,0.01051835,0.03423989,False,0.024793,False
2023-07-15,CE04OSBP-LJ01C-07-VEL3DC107,9,True,2023-07-15T00:00:00Z,2023-07-15T23:59:59Z,691201,691201,0,0.125,0.124879837,0.124999786,0.000817498,0,0,5,5,1e-06,1.193668,7.22705,7.83027e-09,0.00954936,0.0578165,False,0.049074,False
2023-07-16,CE04OSBP-LJ01C-07-VEL3DC107,9,True,2023-07-16T00:00:00Z,2023-07-16T23:59:59Z,691201,691201,0,0.125,0.124879837,0.124999785,0.001392046,0,0,4,4,-1e-06,1.122914,4.131791,-9.946576e-09,0.008983324,0.03305438,False,0.028405,False
2023-07-17,CE04OSBP-LJ01C-07-VEL3DC107,9,True,2023-07-17T00:00:00Z,2023-07-17T23:59:59Z,691202,691202,0,0.125,0.124879837,0.124999786,0.000560735,0,0,7,7,-2e-06,1.875886,5.064368,-1.341526e-08,0.01500711,0.04051501,False,0.031807,False
2023-07-18,CE04OSBP-LJ01C-07-VEL3DC107,9,True,2023-07-18T00:00:00Z,2023-07-18T23:59:59Z,691201,691201,0,0.125,0.124879837,0.124999785,0.001379614,0,0,8,8,-1e-06,1.915122,8.453717,-8.982909e-09,0.015321,0.06762986,False,0.050425,False
2023-07-19,CE04OSBP-LJ01C-07-VEL3DC107,9,True,2023-07-19T00:00:00Z,2023-07-19T23:59:59Z,691201,691201,0,0.125,0.124879837,0.124999795,-0.001242965,0,0,4,4,-1e-06,1.833881,8.479869,-1.1348e-08,0.01467107,0.06783906,False,0.050964,False
2023-07-20,CE04OSBP-LJ01C-07-VEL3DC107,9,True,2023-07-20T00:00:00Z,2023-07-20T23:59:59Z,685826,691206,5380,0.125,0.124879837,0.124998625,-0.023228815,4,5380,4,5383,-1e-06,171.529927,346.258741,-4.699242e-09,1.372255,2.7701,True,0.158447,True
2023-07-21,CE04OSBP-LJ01C-07-VEL3DC107,9,True,2023-07-21T00:00:00Z,2023-07-21T23:59:59Z,691201,691201,0,0.125,0.124879837,0.124999792,0.000786259,0,0,4,4,0.0,1.188757,3.883535,2.788788e-09,0.009510073,0.03106833,False,0.027698,False
2023-07-22,CE04OSBP-LJ01C-07-VEL3DC107,9,True,2023-07-22T00:00:00Z,2023-07-22T13:42:15Z,394685,394685,0,0.125,0.124879837,0.124999776,0.002628674,0,0,4,4,0.0,3.202709,8.537218,1.573544e-09,0.02562172,0.06829787,False,0.027702,False
2023-07-23,CE04OSBP-LJ01C-07-VEL3DC107,9,False,,,0,0,,0.125,,,,,,,,,,,,,,,,False
2023-07-24,CE04OSBP-LJ01C-07-VEL3DC107,9,False,,,0,0,,0.125,,,,,,,,,,,,,,,,False
2023-07-25,CE04OSBP-LJ01C-07-VEL3DC107,9,False,,,0,0,,0.125,,,,,,,,,,,,,,,,False
2023-07-26,CE04OSBP-LJ01C-07-VEL3DC107,9,True,2023-07-26T18:12:07Z,2023-07-26T23:59:59Z,166981,166981,0,0.125,0.124879837,0.124999812,0.003092904,0,0,0,0,0.0,1.264613,3.372072,1.696337e-09,0.01011692,0.02697662,False,0.027664,False
2023-07-27,CE04OSBP-LJ01C-07-VEL3DC107,9,True,2023-07-27T00:00:00Z,2023-07-27T23:59:59Z,691201,691201,0,0.125,0.124879837,0.124999788,0.001958022,0,0,5,5,1e-06,1.857384,4.951302,8.616048e-09,0.0148591,0.03961049,False,0.026843,False
2023-07-28,CE04OSBP-LJ01C-07-VEL3DC107,9,True,2023-07-28T00:00:00Z,2023-07-28T23:59:59Z,691201,691201,0,0.125,0.124879837,0.124999788,0.00031292,0,0,10,10,1e-06,1.361884,4.573803,6.730114e-09,0.01089509,0.03659048,False,0.027706,False
2023-07-29,CE04OSBP-LJ01C-07-VEL3DC107,9,True,2023-07-29T00:00:00Z,2023-07-29T23:59:59Z,691201,691201,0,0.125,0.124879837,0.124999788,0.001730714,0,0,7,7,-1e-06,1.588384,24.78506,-9.218826e-09,0.01270709,0.1982808,False,0.198231,False
2023-07-30,CE04OSBP-LJ01C-07-VEL3DC107,9,True,2023-07-30T00:00:00Z,2023-07-30T23:59:59Z,691202,691202,0,0.125,0.124879837,0.124999787,0.000149351,0,0,4,4,-7e-06,1.520052,4.298598,-5.524099e-08,0.01216044,0.03438885,False,0.025201,False
2023-07-31,CE04OSBP-LJ01C-07-VEL3DC107,9,True,2023-07-31T00:00:00Z,2023-07-31T23:59:59Z,691201,691201,0,0.125,0.124879837,0.124999792,0.003544652,0,0,7,7,1e-06,1.779546,4.799473,1.107901e-08,0.01423639,0.03839584,False,0.027729,False
2023-08-01,CE04OSBP-LJ01C-07-VEL3DC107,9,True,2023-08-01T00:00:00Z,2023-08-01T23:59:59Z,687712,691204,3492,0.125,0.124879837,0.124998977,0.090275761,8,3492,8,3499,1e-06,93.215301,188.731199,7.1325e-09,0.7457285,1.509862,True,0.355769,True
2023-08-02,CE04OSBP-LJ01C-07-VEL3DC107,9,True,2023-08-02T00:00:00Z,2023-08-02T23:59:59Z,691201,691201,0,0.125,0.124879837,0.124999792,0.000777965,0,0,4,4,1e-06,1.2981,3.760371,5.526381e-09,0.01038481,0.03008301,False,0.025106,False
2023-08-03,CE04OSBP-LJ01C-07-VEL3DC107,9,True,2023-08-03T00:00:00Z,2023-08-03T23:59:59Z,691201,691201,0,0.125,0.124879837,0.12499979,-0.00023738,0,0,1,1,1e-06,1.215125,3.493526,5.995285e-09,0.00972102,0.02794826,False,0.027683,False
2023-08-04,CE04OSBP-LJ01C-07-VEL3DC107,9,True,2023-08-04T00:00:00Z,2023-08-04T23:59:59Z,691201,691201,0,0.125,0.124879837,0.12499979,0.000903412,0,0,2,2,-1e-06,1.262479,3.546568,-5.824325e-09,0.01009985,0.02837259,False,0.029027,False
2023-08-05,CE04OSBP-LJ01C-07-VEL3DC107,9,True,2023-08-05T00:00:00Z,2023-08-05T23:59:59Z,691202,691202,0,0.125,0.124879837,0.124999787,-0.001846142,0,0,6,6,1e-06,1.562515,5.611765,7.412782e-09,0.01250014,0.04489419,False,0.025117,False
2023-08-06,CE04OSBP-LJ01C-07-VEL3DC107,9,True,2023-08-06T00:00:00Z,2023-08-06T23:59:59Z,691201,691201,0,0.125,0.124879837,0.124999786,0.000849075,0,0,5,5,-0.0,1.769249,27.146989,-3.858081e-09,0.01415402,0.2171763,False,0.196394,False
2023-08-07,CE04OSBP-LJ01C-07-VEL3DC107,9,True,2023-08-07T00:00:00Z,2023-08-07T23:59:59Z,691201,691201,0,0.125,0.124879837,0.12499978,0.001256446,0,0,5,5,1e-06,1.559841,4.067681,8.846928e-09,0.01247875,0.03254151,False,0.024785,False
2023-08-08,CE04OSBP-LJ01C-07-VEL3DC107,9,True,2023-08-08T00:00:00Z,2023-08-08T23:59:59Z,691201,691201,0,0.125,0.124879837,0.124999808,0.001618308,0,0,3,3,2e-06,1.543867,4.136137,1.547161e-08,0.01235096,0.03308915,False,0.024785,False
2023-08-09,CE04OSBP-LJ01C-07-VEL3DC107,9,True,2023-08-09T00:00:00Z,2023-08-09T23:59:59Z,681723,691211,9488,0.125,0.124879837,0.1249975,0.410697101,4,9488,4,9490,-0.0,338.282914,672.535299,-5.562844e-10,2.706317,5.38039,True,0.464039,True
2023-08-10,CE04OSBP-LJ01C-07-VEL3DC107,9,True,2023-08-10T00:00:00Z,2023-08-10T23:59:59Z,691201,691201,0,0.125,0.124879837,0.124999785,0.000392013,0,0,4,4,0.0,1.530105,4.210009,1.83891e-09,0.01224086,0.03368013,False,0.02477,False
2023-08-11,CE04OSBP-LJ01C-07-VEL3DC107,9,True,2023-08-11T00:00:00Z,2023-08-11T23:59:59Z,691201,691201,0,0.125,0.124879837,0.12499981,-0.00584072,0,0,6,6,-0.0,2.232782,6.381784,-3.378315e-09,0.01786229,0.05105435,False,0.0285,False
2023-08-12,CE04OSBP-LJ01C-07-VEL3DC107,9,True,2023-08-12T00:00:00Z,2023-08-12T23:59:59Z,691201,691201,0,0.125,0.124879837,0.124999818,0.003140551,0,0,4,4,-2e-06,1.942832,5.614885,-1.754658e-08,0.01554268,0.04491914,False,0.026404,False
2023-08-13,CE04OSBP-LJ01C-07-VEL3DC107,9,True,2023-08-13T00:00:00Z,2023-08-13T23:59:59Z,691202,691202,0,0.125,0.124879837,0.124999804,0.003265713,0,0,7,7,0.0,2.002499,6.000581,1.066136e-09,0.01602002,0.04800472,False,0.029359,False
2023-08-14,CE04OSBP-LJ01C-07-VEL3DC107,9,True,2023-08-14T00:00:00Z,2023-08-14T23:59:59Z,691201,691201,0,0.125,0.124879837,0.124999792,0.000492917,0,0,13,13,-5e-06,1.726361,5.379484,-3.775949e-08,0.01381091,0.04303594,False,0.027668,False
2023-08-15,CE04OSBP-LJ01C-07-VEL3DC107,9,True,2023-08-15T00:00:00Z,2023-08-15T04:59:59Z,144000,144000,0,0.125,0.124879837,0.124999764,-0.00230969,0,0,0,0,-0.0,1.134861,3.250933,-5.538402e-10,0.009078909,0.02600752,False,0.024754,False
2023-08-16,CE04OSBP-LJ01C-07-VEL3DC107,0,False,,,0,0,,,,,,,,,,,,,,,,,,False
2023-08-17,CE04OSBP-LJ01C-07-VEL3DC107,0,False,,,0,0,,,,,,,,,,,,,,,,,,False
2023-08-18,CE04OSBP-LJ01C-07-VEL3DC107,0,False,,,0,0,,,,,,,,,,,,,,,,,,False
2023-08-19,CE04OSBP-LJ01C-07-VEL3DC107,0,False,,,0,0,,,,,,,,,,,,,,,,,,False
2023-08-20,CE04OSBP-LJ01C-07-VEL3DC107,0,False,,,0,0,,,,,,,,,,,,,,,,,,False
2023-08-21,CE04OSBP-LJ01C-07-VEL3DC107,0,False,,,0,0,,,,,,,,,,,,,,,,,,False
2023-08-22,CE04OSBP-LJ01C-07-VEL3DC107,0,False,,,0,0,,,,,,,,,,,,,,,,,,False
2023-08-23,CE04OSBP-LJ01C-07-VEL3DC107,0,False,,,0,0,,,,,,,,,,,,,,,,,,False
2023-08-24,CE04OSBP-LJ01C-07-VEL3DC107,0,False,,,0,0,,,,,,,,,,,,,,,,,,False
2023-08-25,CE04OSBP-LJ01C-07-VEL3DC107,0,False,,,0,0,,,,,,,,,,,,,,,,,,False
2023-08-26,CE04OSBP-LJ01C-07-VEL3DC107,0,False,,,0,0,,,,,,,,,,,,,,,,,,False
2023-08-27,CE04OSBP-LJ01C-07-VEL3DC107,0,False,,,0,0,,,,,,,,,,,,,,,,,,False
2023-08-28,CE04OSBP-LJ01C-07-VEL3DC107,0,False,,,0,0,,,,,,,,,,,,,,,,,,False
2023-08-29,CE04OSBP-LJ01C-07-VEL3DC107,10,True,2023-08-29T00:53:18Z,2023-08-29T23:53:20Z,662287,662419,132,0.125,0.124879837,0.124999911,0.007251344,14,132,14,145,-2e-06,1.663514,13.848327,-1.380569e-08,0.01330812,0.1107867,False,0.126923,True
2023-08-30,CE04OSBP-LJ01C-07-VEL3DC107,10,True,2023-08-30T17:00:48Z,2023-08-30T23:59:59Z,201215,201215,0,0.125,0.124879837,0.124999877,0.003564124,0,0,0,0,0.0,1.449827,7.365258,1.267205e-10,0.01159863,0.05892212,False,0.037993,False
2023-08-31,CE04OSBP-LJ01C-07-VEL3DC107,10,True,2023-08-31T00:00:00Z,2023-08-31T23:59:59Z,691200,691200,0,0.125,0.124879837,0.12499993,0.001086522,0,0,0,0,4e-06,2.347055,6.827899,3.588424e-08,0.01877645,0.05462322,False,0.025659,False
2023-09-01,CE04OSBP-LJ01C-07-VEL3DC107,10,True,2023-09-01T00:00:00Z,2023-09-01T23:59:59Z,691201,691201,0,0.125,0.124879837,0.124999924,-0.003845627,0,0,6,6,-1e-06,2.940238,9.022909,-5.798291e-09,0.02352191,0.07218332,False,0.032513,False
2023-09-02,CE04OSBP-LJ01C-07-VEL3DC107,10,True,2023-09-02T00:00:00Z,2023-09-02T23:59:59Z,691200,691200,0,0.125,0.124879837,0.124999936,0.000702036,0,0,0,0,5e-06,1.328037,4.03975,3.638471e-08,0.01062431,0.03231801,False,0.027733,False
2023-09-03,CE04OSBP-LJ01C-07-VEL3DC107,10,True,2023-09-03T00:00:00Z,2023-09-03T23:59:59Z,691201,691201,0,0.125,0.124879837,0.12499994,0.00265514,0,0,17,17,-2e-06,1.163168,3.106699,-1.740204e-08,0.009305345,0.0248536,False,0.026041,False
2023-09-04,CE04OSBP-LJ01C-07-VEL3DC107,10,True,2023-09-04T00:00:00Z,2023-09-04T23:59:59Z,691200,691200,0,0.125,0.124879837,0.124999932,-1.4034e-05,0,0,0,0,5e-06,1.087632,2.894497,3.710008e-08,0.008701057,0.02315599,False,0.029012,False
2023-09-05,CE04OSBP-LJ01C-07-VEL3DC107,10,True,2023-09-05T00:00:00Z,2023-09-05T23:59:59Z,691200,691200,0,0.125,0.124879837,0.124999938,0.000275152,0,0,0,0,5e-06,1.318079,3.420574,3.84364e-08,0.01054464,0.02736461,False,0.027695,False
2023-09-06,CE04OSBP-LJ01C-07-VEL3DC107,10,True,2023-09-06T00:00:00Z,2023-09-06T23:59:59Z,691201,691201,0,0.125,0.124879837,0.124999936,-0.002048808,0,0,8,8,-1e-06,1.358825,3.576371,-7.538468e-09,0.0108706,0.02861098,False,0.028309,False
2023-09-07,CE04OSBP-LJ01C-07-VEL3DC107,10,True,2023-09-07T00:00:00Z,2023-09-07T23:59:59Z,691200,691200,0,0.125,0.124879837,0.124999932,0.00092349,0,0,0,0,5e-06,1.710506,4.988285,3.683608e-08,0.01368405,0.03990631,False,0.027676,False
2023-09-08,CE04OSBP-LJ01C-07-VEL3DC107,10,True,2023-09-08T00:00:00Z,2023-09-08T23:59:59Z,691200,691200,0,0.125,0.124879837,0.124999923,0.001157747,0,0,0,0,5e-06,1.364837,3.68275,3.726048e-08,0.0109187,0.02946201,False,0.026114,False
2023-09-09,CE04OSBP-LJ01C-07-VEL3DC107,10,True,2023-09-09T00:00:00Z,2023-09-09T23:59:59Z,691201,691201,0,0.125,0.124879837,0.124999918,0.000637112,0,0,13,13,1e-06,1.454162,6.509113,5.776354e-09,0.01163331,0.05207294,False,0.045771,False
2023-09-10,CE04OSBP-LJ01C-07-VEL3DC107,10,True,2023-09-10T00:00:00Z,2023-09-10T23:59:59Z,691200,691200,0,0.125,0.124879837,0.124999913,0.002635534,0,0,0,0,5e-06,1.67349,6.594447,3.733e-08,0.01338793,0.05275561,False,0.050322,False
2023-09-11,CE04OSBP-LJ01C-07-VEL3DC107,10,True,2023-09-11T00:00:00Z,2023-09-11T03:07:06Z,89813,89813,0,0.125,0.124879837,0.124999942,0.004802345,0,0,0,0,0.0,1.1048,6.335386,2.506368e-10,0.008838401,0.05068311,False,0.045557,False
2023-09-12,CE04OSBP-LJ01C-07-VEL3DC107,10,False,,,0,0,,0.125,,,,,,,,,,,,,,,,False
2023-09-13,CE04OSBP-LJ01C-07-VEL3DC107,10,False,,,0,0,,0.125,,,,,,,,,,,,,,,,False
2023-09-14,CE04OSBP-LJ01C-07-VEL3DC107,10,False,,,0,0,,0.125,,,,,,,,,,,,,,,,False
2023-09-15,CE04OSBP-LJ01C-07-VEL3DC107,10,True,2023-09-15T16:33:23Z,2023-09-15T23:59:59Z,214373,214373,0,0.125,0.124879837,0.124999936,0.001903929,0,0,0,0,0.0,1.277507,6.240321,2.563603e-09,0.01022006,0.04992259,False,0.039142,False
2023-09-16,CE04OSBP-LJ01C-07-VEL3DC107,10,True,2023-09-16T00:00:00Z,2023-09-16T23:59:59Z,691201,691201,0,0.125,0.124879837,0.124999937,0.00386497,0,0,19,19,-0.0,1.58396,5.835843,-1.687188e-09,0.01267169,0.04668677,False,0.028955,False
2023-09-17,CE04OSBP-LJ01C-07-VEL3DC107,10,True,2023-09-17T00:00:00Z,2023-09-17T23:59:59Z,690385,691201,816,0.125,0.124879837,0.124999777,0.031530418,1,816,1,816,2e-06,35.579632,69.212142,1.648129e-08,0.2846376,0.5536981,True,0.210064,True
2023-09-18,CE04OSBP-LJ01C-07-VEL3DC107,10,True,2023-09-18T00:00:00Z,2023-09-18T23:59:59Z,691200,691200,0,0.125,0.124879837,0.124999931,0.000915764,0,0,0,0,5e-06,2.742827,8.708201,3.654585e-08,0.02194263,0.06966564,False,0.027698,False
2023-09-19,CE04OSBP-LJ01C-07-VEL3DC107,10,True,2023-09-19T00:00:00Z,2023-09-19T23:59:59Z,691201,691201,0,0.125,0.124879837,0.124999927,-0.001099103,0,0,7,7,-1e-06,1.034803,2.829219,-6.556632e-09,0.008278429,0.02263377,False,0.02488,False
2023-09-20,CE04OSBP-LJ01C-07-VEL3DC107,10,True,2023-09-20T00:00:00Z,2023-09-20T23:59:59Z,691200,691200,0,0.125,0.124879837,0.124999926,0.001307876,0,0,0,0,5e-06,1.192707,3.226572,3.779769e-08,0.009541662,0.02581259,False,0.029653,False
2023-09-21,CE04OSBP-LJ01C-07-VEL3DC107,10,True,2023-09-21T00:00:00Z,2023-09-21T23:59:59Z,691201,691201,0,0.125,0.124879837,0.124999932,-0.001162211,0,0,18,18,1e-06,1.110745,3.14992,4.948613e-09,0.008885965,0.02519937,False,0.026763,False
2023-09-22,CE04OSBP-LJ01C-07-VEL3DC107,10,True,2023-09-22T00:00:00Z,2023-09-22T23:59:59Z,691200,691200,0,0.125,0.124879837,0.12499993,0.00228608,0,0,0,0,5e-06,1.155147,3.191618,3.725594e-08,0.009241177,0.02553296,False,0.025026,False
2023-09-23,CE04OSBP-LJ01C-07-VEL3DC107,10,True,2023-09-23T00:00:00Z,2023-09-23T23:59:59Z,691200,691200,0,0.125,0.124879837,0.124999934,-0.001069029,0,0,0,0,4e-06,1.100535,3.163079,3.597352e-08,0.008804288,0.02530464,False,0.028252,False
2023-09-24,CE04OSBP-LJ01C-07-VEL3DC107,10,True,2023-09-24T00:00:00Z,2023-09-24T23:59:59Z,691201,691201,0,0.125,0.124879837,0.124999922,0.001315353,0,0,15,15,1e-06,1.129833,3.077797,9.395828e-09,0.009038666,0.02462239,False,0.025728,False
2023-09-25,CE04OSBP-LJ01C-07-VEL3DC107,10,True,2023-09-25T00:00:00Z,2023-09-25T23:59:59Z,691200,691200,0,0.125,0.124879837,0.124999911,-0.000648269,0,0,0,0,5e-06,1.25812,3.445061,3.73597e-08,0.01006497,0.0275605,False,0.027691,False
2023-09-26,CE04OSBP-LJ01C-07-VEL3DC107,10,True,2023-09-26T00:00:00Z,2023-09-26T23:59:59Z,666801,691225,24424,0.125,0.124879837,0.124994057,0.98286057,23,24424,23,24445,2e-06,723.889326,1404.152883,1.235291e-08,5.79139,11.23376,True,0.4461,True
2023-09-27,CE04OSBP-LJ01C-07-VEL3DC107,10,True,2023-09-27T00:00:00Z,2023-09-27T23:59:59Z,683621,691207,7586,0.125,0.124879837,0.124998283,-0.043134149,1,7586,1,7586,-1e-06,240.641028,481.045319,-7.398367e-09,1.925155,3.848415,True,0.272341,True
2023-09-28,CE04OSBP-LJ01C-07-VEL3DC107,10,True,2023-09-28T00:00:00Z,2023-09-28T23:59:59Z,691201,691201,0,0.125,0.124879837,0.124999914,0.000312089,0,0,13,13,0.0,1.478955,5.602473,1.065833e-09,0.01183165,0.04481981,False,0.029325,False
2023-09-29,CE04OSBP-LJ01C-07-VEL3DC107,10,True,2023-09-29T00:00:00Z,2023-09-29T23:59:59Z,686107,691205,5098,0.125,0.124879837,0.124999007,-0.170553194,1,5098,1,5098,0.0,177.799495,315.383033,3.148271e-10,1.422407,2.523084,True,0.082526,True
2023-09-30,CE04OSBP-LJ01C-07-VEL3DC107,10,True,2023-09-30T00:00:00Z,2023-09-30T23:59:59Z,691201,691201,0,0.125,0.124879837,0.124999941,-0.002849005,0,0,16,16,-1e-06,2.553783,8.564919,-6.773536e-09,0.02043027,0.06851938,False,0.065764,False
2023-10-01,CE04OSBP-LJ01C-07-VEL3DC107,10,True,2023-10-01T00:00:00Z,2023-10-01T23:59:59Z,691200,691200,0,0.125,0.124879837,0.124999951,0.000168216,0,0,0,0,5e-06,1.197918,3.421241,3.686232e-08,0.009583352,0.02736994,False,0.027706,False
2023-10-02,CE04OSBP-LJ01C-07-VEL3DC107,10,True,2023-10-02T00:00:00Z,2023-10-02T23:59:59Z,691200,691200,0,0.125,0.124879837,0.124999958,-0.001470277,0,0,0,0,5e-06,1.328492,3.846326,3.725742e-08,0.01062794,0.03077062,False,0.028596,False
2023-10-03,CE04OSBP-LJ01C-07-VEL3DC107,10,True,2023-10-03T00:00:00Z,2023-10-03T23:59:59Z,691200,691200,0,0.125,0.124879837,0.124999956,0.002379694,0,0,0,0,5e-06,1.164832,6.160646,3.789412e-08,0.009318659,0.04928519,False,0.036866,False
2023-10-04,CE04OSBP-LJ01C-07-VEL3DC107,10,True,2023-10-04T00:00:00Z,2023-10-04T23:59:59Z,691201,691201,0,0.125,0.124879837,0.124999959,-0.001848503,0,0,16,16,1e-06,1.739441,6.364497,4.652413e-09,0.01391553,0.05091599,False,0.025224,False
2023-10-05,CE04OSBP-LJ01C-07-VEL3DC107,10,True,2023-10-05T00:00:00Z,2023-10-05T23:59:59Z,691200,691200,0,0.125,0.124879837,0.124999954,-0.001024065,0,0,0,0,5e-06,3.467128,8.866382,3.673256e-08,0.02773703,0.07093108,False,0.028103,False
2023-10-06,CE04OSBP-LJ01C-07-VEL3DC107,10,True,2023-10-06T00:00:00Z,2023-10-06T23:59:59Z,691030,691200,170,0.125,0.124879837,0.124999949,-0.001086025,1,170,1,170,-2e-06,1.503886,22.252602,-1.356486e-08,0.0120311,0.1780209,False,0.177711,True
2023-10-07,CE04OSBP-LJ01C-07-VEL3DC107,10,True,2023-10-07T00:00:00Z,2023-10-07T23:59:59Z,691201,691201,0,0.125,0.124879837,0.124999938,0.001615389,0,0,13,13,-1.5e-05,1.266778,3.952577,-1.184223e-07,0.01013423,0.03162063,False,0.026274,False
2023-10-08,CE04OSBP-LJ01C-07-VEL3DC107,10,True,2023-10-08T00:00:00Z,2023-10-08T23:59:59Z,691200,691200,0,0.125,0.124879837,0.124999931,-0.001554568,0,0,0,0,5e-06,1.414012,3.954831,3.681557e-08,0.0113121,0.03163867,False,0.025931,False
2023-10-09,CE04OSBP-LJ01C-07-VEL3DC107,10,True,2023-10-09T00:00:00Z,2023-10-09T23:59:59Z,691200,691200,0,0.125,0.124879837,0.124999921,0.001340313,0,0,0,0,5e-06,1.37497,4.305038,3.679958e-08,0.01099977,0.03444033,False,0.042602,False
2023-10-10,CE04OSBP-LJ01C-07-VEL3DC107,10,True,2023-10-10T00:00:00Z,2023-10-10T23:59:59Z,691201,691201,0,0.125,0.124879837,0.124999911,-0.000103075,0,0,9,9,-1e-06,1.587478,4.418218,-6.227501e-09,0.01269983,0.03534577,False,0.027538,False
2023-10-11,CE04OSBP-LJ01C-07-VEL3DC107,10,True,2023-10-11T00:00:00Z,2023-10-11T23:59:59Z,691200,691200,0,0.125,0.124879837,0.124999907,0.000768294,0,0,0,0,5e-06,1.602098,4.180061,3.680497e-08,0.01281679,0.03344051,False,0.028229,False
2023-10-12,CE04OSBP-LJ01C-07-VEL3DC107,10,True,2023-10-12T00:00:00Z,2023-10-12T23:59:59Z,691201,691201,0,0.125,0.124879837,0.124999919,0.001266598,0,0,12,12,-0.0,1.699417,10.191255,-8.510743e-10,0.01359534,0.08153009,False,0.069124,False
2023-10-13,CE04OSBP-LJ01C-07-VEL3DC107,10,True,2023-10-13T00:00:00Z,2023-10-13T23:59:59Z,691200,691200,0,0.125,0.124879837,0.124999923,-0.00395521,0,0,0,0,5e-06,1.707178,5.831318,3.673828e-08,0.01365743,0.04665057,False,0.028997,False
2023-10-14,CE04OSBP-LJ01C-07-VEL3DC107,10,True,2023-10-14T00:00:00Z,2023-10-14T23:59:59Z,691201,691201,0,0.125,0.124879837,0.124999927,0.00031795,0,0,16,16,0.0,1.294265,6.43492,3.230573e-09,0.01035413,0.05147939,False,0.038527,False
2023-10-15,CE04OSBP-LJ01C-07-VEL3DC107,10,True,2023-10-15T00:00:00Z,2023-10-15T23:59:59Z,691200,691200,0,0.125,0.124879837,0.124999915,-0.001794643,0,0,0,0,4e-06,1.236087,7.836228,3.589241e-08,0.009888703,0.06268987,False,0.057127,False
2023-10-16,CE04OSBP-LJ01C-07-VEL3DC107,10,True,2023-10-16T00:00:00Z,2023-10-16T23:59:59Z,691201,691201,0,0.125,0.124879837,0.124999915,0.001163385,0,0,8,8,-2e-06,1.458354,6.330874,-1.570797e-08,0.01166684,0.05064702,False,0.042235,False
2023-10-17,CE04OSBP-LJ01C-07-VEL3DC107,10,True,2023-10-17T00:00:00Z,2023-10-17T23:59:59Z,691200,691200,0,0.125,0.124879837,0.124999918,-0.000273715,0,0,0,0,5e-06,1.073818,3.101242,3.695796e-08,0.008590552,0.02480995,False,0.029428,False
2023-10-18,CE04OSBP-LJ01C-07-VEL3DC107,10,True,2023-10-18T00:00:00Z,2023-10-18T23:59:59Z,691201,691201,0,0.125,0.124879837,0.124999903,-0.001242069,0,0,9,9,-1e-06,1.735564,4.875047,-9.454655e-09,0.01388452,0.0390004,False,0.052499,False
2023-10-19,CE04OSBP-LJ01C-07-VEL3DC107,10,True,2023-10-19T00:00:00Z,2023-10-19T23:59:59Z,691200,691200,0,0.125,0.124879837,0.124999921,-0.002822633,0,0,0,0,5e-06,1.752337,4.642923,3.711658e-08,0.0140187,0.03714341,False,0.028386,False
2023-10-20,CE04OSBP-LJ01C-07-VEL3DC107,10,True,2023-10-20T00:00:00Z,2023-10-20T23:59:59Z,691200,691200,0,0.125,0.124879837,0.124999919,0.003298195,0,0,0,0,5e-06,2.067194,12.407156,3.628956e-08,0.01653756,0.09925731,False,0.081335,False
2023-10-21,CE04OSBP-LJ01C-07-VEL3DC107,10,True,2023-10-21T00:00:00Z,2023-10-21T23:59:59Z,691201,691201,0,0.125,0.124879837,0.124999935,-0.00226774,0,0,17,17,1e-06,1.367295,11.712148,1.183591e-08,0.01093837,0.09369723,False,0.080254,False
2023-10-22,CE04OSBP-LJ01C-07-VEL3DC107,10,True,2023-10-22T00:00:00Z,2023-10-22T23:59:59Z,691200,691200,0,0.125,0.124879837,0.12499993,0.000577996,0,0,0,0,5e-06,1.180956,3.691017,3.748288e-08,0.009447657,0.02952815,False,0.035098,False
2023-10-23,CE04OSBP-LJ01C-07-VEL3DC107,10,True,2023-10-23T00:00:00Z,2023-10-23T23:59:59Z,691201,691201,0,0.125,0.124879837,0.124999916,0.000172211,0,0,8,8,-2e-06,1.584072,6.706218,-1.325647e-08,0.01267258,0.05364978,False,0.045901,False
2023-10-24,CE04OSBP-LJ01C-07-VEL3DC107,10,True,2023-10-24T00:00:00Z,2023-10-24T23:59:59Z,691200,691200,0,0.125,0.124879837,0.124999914,0.002482866,0,0,0,0,5e-06,1.723419,4.888589,3.791301e-08,0.01378736,0.03910874,False,0.026751,False
2023-10-25,CE04OSBP-LJ01C-07-VEL3DC107,10,True,2023-10-25T00:00:00Z,2023-10-25T23:59:59Z,691201,691201,0,0.125,0.124879837,0.124999921,-0.001862383,0,0,13,13,2e-06,1.214005,7.207728,1.279062e-08,0.009712047,0.05766186,False,0.047592,False
2023-10-26,CE04OSBP-LJ01C-07-VEL3DC107,10,True,2023-10-26T00:00:00Z,2023-10-26T23:59:59Z,691200,691200,0,0.125,0.124879837,0.124999927,0.000515843,0,0,0,0,5e-06,1.62493,3.865418,3.80537e-08,0.01299945,0.03092337,False,0.027,False
2023-10-27,CE04OSBP-LJ01C-07-VEL3DC107,10,True,2023-10-27T00:00:00Z,2023-10-27T23:59:59Z,691200,691200,0,0.125,0.124879837,0.124999946,-1.7527e-05,0,0,0,0,5e-06,1.18387,3.553925,3.741123e-08,0.009470962,0.02843141,False,0.027355,False
2023-10-28,CE04OSBP-LJ01C-07-VEL3DC107,10,True,2023-10-28T00:00:00Z,2023-10-28T23:59:59Z,691201,691201,0,0.125,0.124879837,0.124999936,0.000131515,0,0,9,9,1e-06,1.353992,4.230715,9.78232e-09,0.01083194,0.03384574,False,0.027676,False
2023-10-29,CE04OSBP-LJ01C-07-VEL3DC107,10,True,2023-10-29T00:00:00Z,2023-10-29T23:59:59Z,691200,691200,0,0.125,0.124879837,0.124999936,0.001518656,0,0,0,0,5e-06,1.429324,3.923055,3.641043e-08,0.0114346,0.03138446,False,0.027706,False
2023-10-30,CE04OSBP-LJ01C-07-VEL3DC107,10,True,2023-10-30T00:00:00Z,2023-10-30T23:59:59Z,691200,691200,0,0.125,0.124879837,0.124999942,-0.001819436,0,0,0,0,5e-06,2.338566,7.642847,3.658333e-08,0.01870854,0.0611428,False,0.026851,False
2023-10-31,CE04OSBP-LJ01C-07-VEL3DC107,10,True,2023-10-31T00:00:00Z,2023-10-31T23:59:59Z,691201,691201,0,0.125,0.124879837,0.124999938,0.002811104,0,0,8,8,1e-06,3.470045,8.199175,5.170605e-09,0.02776037,0.06559344,False,0.02766,False
2023-11-01,CE04OSBP-LJ01C-07-VEL3DC107,10,True,2023-11-01T00:00:00Z,2023-11-01T23:59:59Z,691200,691200,0,0.125,0.124879837,0.124999921,-0.007974923,0,0,0,0,5e-06,2.363856,9.33342,3.817343e-08,0.01891086,0.07466741,False,0.027603,False
2023-11-02,CE04OSBP-LJ01C-07-VEL3DC107,10,True,2023-11-02T00:00:00Z,2023-11-02T23:59:59Z,691201,691201,0,0.125,0.124879837,0.124999925,0.000567423,0,0,14,14,4e-06,1.625138,7.021306,3.250719e-08,0.01300111,0.05617048,False,0.048898,False
2023-11-03,CE04OSBP-LJ01C-07-VEL3DC107,10,True,2023-11-03T00:00:00Z,2023-11-03T23:59:59Z,691200,691200,0,0.125,0.124879837,0.124999923,0.001006292,0,0,0,0,5e-06,1.296488,3.589378,3.787909e-08,0.01037191,0.02871504,False,0.027706,False
2023-11-04,CE04OSBP-LJ01C-07-VEL3DC107,10,True,2023-11-04T00:00:00Z,2023-11-04T23:59:59Z,691200,691200,0,0.125,0.124879837,0.124999917,0.001118334,0,0,0,0,5e-06,1.394023,3.769957,3.602141e-08,0.01115219,0.03015968,False,0.027718,False
2023-11-05,CE04OSBP-LJ01C-07-VEL3DC107,10,True,2023-11-05T00:00:00Z,2023-11-05T23:59:59Z,691201,691201,0,0.125,0.124879837,0.12499992,-0.000652967,0,0,6,6,1e-06,1.228858,5.231709,1.118395e-08,0.00983087,0.0418537,False,0.032475,False
2023-11-06,CE04OSBP-LJ01C-07-VEL3DC107,10,True,2023-11-06T00:00:00Z,2023-11-06T23:59:59Z,691200,691200,0,0.125,0.124879837,0.124999917,0.00100842,0,0,0,0,5e-06,1.208834,3.231741,3.744844e-08,0.009670677,0.02585395,False,0.027691,False
2023-11-07,CE04OSBP-LJ01C-07-VEL3DC107,10,True,2023-11-07T00:00:00Z,2023-11-07T23:59:59Z,691201,691201,0,0.125,0.124879837,0.124999917,-0.00147557,0,0,14,14,0.0,1.269109,4.765111,3.384081e-09,0.01015288,0.03812092,False,0.02753,False
2023-11-08,CE04OSBP-LJ01C-07-VEL3DC107,10,True,2023-11-08T00:00:00Z,2023-11-08T23:59:59Z,691200,691200,0,0.125,0.124879837,0.124999919,0.001581826,0,0,0,0,5e-06,1.330235,6.360365,3.615063e-08,0.01064189,0.05088296,False,0.033819,False
2023-11-09,CE04OSBP-LJ01C-07-VEL3DC107,10,True,2023-11-09T00:00:00Z,2023-11-09T23:59:59Z,691201,691201,0,0.125,0.124879837,0.124999929,-0.000350403,0,0,10,10,5e-06,1.456871,3.891432,4.324178e-08,0.01165498,0.03113148,False,0.02863,False
2023-11-10,CE04OSBP-LJ01C-07-VEL3DC107,10,True,2023-11-10T00:00:00Z,2023-11-10T23:59:59Z,691200,691200,0,0.125,0.124879837,0.124999927,0.001246538,0,0,0,0,5e-06,1.200556,3.568642,3.715411e-08,0.009604456,0.02854916,False,0.025705,False
2023-11-11,CE04OSBP-LJ01C-07-VEL3DC107,10,True,2023-11-11T00:00:00Z,2023-11-11T23:59:48Z,691111,691111,0,0.125,0.124879837,0.124999931,7.1431e-05,0,0,0,0,-1.6e-05,1.198587,6.320049,-1.297257e-07,0.0095887,0.05056042,False,0.044671,False
2023-11-12,CE04OSBP-LJ01C-07-VEL3DC107,10,True,2023-11-12T00:00:00Z,2023-11-12T23:59:59Z,585717,691302,105585,0.125,0.124879837,0.124999935,0.000320188,9,105585,9,105593,-0.0,16.530644,12626.419507,-3.355754e-09,0.1322452,101.0114,True,0.445749,True
2023-11-13,CE04OSBP-LJ01C-07-VEL3DC107,10,True,2023-11-13T00:00:00Z,2023-11-13T23:59:59Z,666069,691224,25155,0.125,0.124879837,0.124995458,0.883705378,1,25155,1,25155,4e-06,833.909322,1473.170902,3.514043e-08,6.671517,11.7858,True,0.150688,True
2023-11-14,CE04OSBP-LJ01C-07-VEL3DC107,10,True,2023-11-14T00:00:00Z,2023-11-14T23:59:59Z,691200,691200,0,0.125,0.124879837,0.124999932,-0.00089043,0,0,0,0,5e-06,1.403401,11.8057,3.705577e-08,0.01122722,0.09444565,False,0.08476,False
2023-11-15,CE04OSBP-LJ01C-07-VEL3DC107,10,True,2023-11-15T00:00:00Z,2023-11-15T23:59:59Z,691201,691201,0,0.125,0.124879837,0.124999933,-0.000123857,0,0,14,14,2e-06,1.694761,4.616873,1.468545e-08,0.01355809,0.036935,False,0.029398,False
2023-11-16,CE04OSBP-LJ01C-07-VEL3DC107,10,True,2023-11-16T00:00:00Z,2023-11-16T23:59:59Z,691200,691200,0,0.125,0.124879837,0.124999922,2.4214e-05,0,0,0,0,5e-06,1.178502,3.274711,3.659313e-08,0.009428024,0.02619771,False,0.025537,False
2023-11-17,CE04OSBP-LJ01C-07-VEL3DC107,10,True,2023-11-17T00:00:00Z,2023-11-17T23:59:59Z,691201,691201,0,0.125,0.124879837,0.124999922,-0.001409561,0,0,18,18,2e-06,1.443208,4.348844,1.500472e-08,0.01154567,0.03479077,False,0.03272,False
2023-11-18,CE04OSBP-LJ01C-07-VEL3DC107,10,True,2023-11-18T00:00:00Z,2023-11-18T23:59:59Z,691200,691200,0,0.125,0.124879837,0.124999917,-0.001068808,0,0,0,0,5e-06,1.665905,4.0388,3.694209e-08,0.01332725,0.03231042,False,0.027091,False
2023-11-19,CE04OSBP-LJ01C-07-VEL3DC107,10,True,2023-11-19T00:00:00Z,2023-11-19T23:59:59Z,691201,691201,0,0.125,0.124879837,0.124999918,0.00115514,0,0,15,15,0.0,1.584573,4.359499,6.097129e-10,0.01267659,0.03487601,False,0.033735,False
2023-11-20,CE04OSBP-LJ01C-07-VEL3DC107,10,True,2023-11-20T00:00:00Z,2023-11-20T23:59:59Z,691200,691200,0,0.125,0.124879837,0.124999919,-0.000679464,0,0,0,0,5e-06,1.267944,4.623804,3.711901e-08,0.01014356,0.03699046,False,0.02569,False
2023-11-21,CE04OSBP-LJ01C-07-VEL3DC107,10,True,2023-11-21T00:00:00Z,2023-11-21T23:59:59Z,691201,691201,0,0.125,0.124879837,0.124999911,5.35e-06,0,0,10,10,-1e-06,1.096487,3.03319,-6.198637e-09,0.0087719,0.02426554,False,0.027733,False
2023-11-22,CE04OSBP-LJ01C-07-VEL3DC107,10,True,2023-11-22T00:00:00Z,2023-11-22T23:59:59Z,691200,691200,0,0.125,0.124879837,0.124999912,-0.000359719,0,0,0,0,5e-06,1.232917,3.621815,3.773874e-08,0.009863339,0.02897454,False,0.027718,False
2023-11-23,CE04OSBP-LJ01C-07-VEL3DC107,10,True,2023-11-23T00:00:00Z,2023-11-23T23:59:59Z,691200,691200,0,0.125,0.124879837,0.124999918,-2.3936e-05,0,0,4,4,-4e-06,2.358076,9.64154,-2.801029e-08,0.01886462,0.07713237,False,0.06379,False
2023-11-24,CE04OSBP-LJ01C-07-VEL3DC107,10,True,2023-11-24T00:00:00Z,2023-11-24T23:59:59Z,691201,691201,0,0.125,0.124879837,0.124999936,-0.002064308,0,0,3,3,-7e-06,1.497972,4.214217,-5.745268e-08,0.01198378,0.03371375,False,0.026152,False
2023-11-25,CE04OSBP-LJ01C-07-VEL3DC107,10,True,2023-11-25T00:00:00Z,2023-11-25T23:59:59Z,691200,691200,0,0.125,0.124879837,0.124999946,-0.001881911,0,0,0,0,5e-06,1.862767,11.197339,3.828191e-08,0.01490214,0.08957875,False,0.080495,False
2023-11-26,CE04OSBP-LJ01C-07-VEL3DC107,10,True,2023-11-26T00:00:00Z,2023-11-26T14:42:46Z,423735,423735,0,0.125,0.124879837,0.124999933,0.000144143,0,0,0,0,-1e-06,2.695384,6.668003,-4.326286e-09,0.02156308,0.05334405,False,0.025247,False
2023-11-27,CE04OSBP-LJ01C-07-VEL3DC107,10,False,,,0,0,,0.125,,,,,,,,,,,,,,,,False
2023-11-28,CE04OSBP-LJ01C-07-VEL3DC107,10,False,,,0,0,,0.125,,,,,,,,,,,,,,,,False
2023-11-29,CE04OSBP-LJ01C-07-VEL3DC107,10,False,,,0,0,,0.125,,,,,,,,,,,,,,,,False
2023-11-30,CE04OSBP-LJ01C-07-VEL3DC107,10,False,,,0,0,,0.125,,,,,,,,,,,,,,,,False
2023-12-01,CE04OSBP-LJ01C-07-VEL3DC107,10,False,,,0,0,,0.125,,,,,,,,,,,,,,,,False
2023-12-02,CE04OSBP-LJ01C-07-VEL3DC107,10,False,,,0,0,,0.125,,,,,,,,,,,,,,,,False
2023-12-03,CE04OSBP-LJ01C-07-VEL3DC107,10,False,,,0,0,,0.125,,,,,,,,,,,,,,,,False
2023-12-04,CE04OSBP-LJ01C-07-VEL3DC107,10,False,,,0,0,,0.125,,,,,,,,,,,,,,,,False
2023-12-05,CE04OSBP-LJ01C-07-VEL3DC107,10,False,,,0,0,,0.125,,,,,,,,,,,,,,,,False
2023-12-06,CE04OSBP-LJ01C-07-VEL3DC107,10,False,,,0,0,,0.125,,,,,,,,,,,,,,,,False
2023-12-07,CE04OSBP-LJ01C-07-VEL3DC107,10,False,,,0,0,,0.125,,,,,,,,,,,,,,,,False
2023-12-08,CE04OSBP-LJ01C-07-VEL3DC107,10,False,,,0,0,,0.125,,,,,,,,,,,,,,,,False
2023-12-09,CE04OSBP-LJ01C-07-VEL3DC107,10,False,,,0,0,,0.125,,,,,,,,,,,,,,,,False
2023-12-10,CE04OSBP-LJ01C-07-VEL3DC107,10,False,,,0,0,,0.125,,,,,,,,,,,,,,,,False
2023-12-11,CE04OSBP-LJ01C-07-VEL3DC107,10,False,,,0,0,,0.125,,,,,,,,,,,,,,,,False
2023-12-12,CE04OSBP-LJ01C-07-VEL3DC107,10,False,,,0,0,,0.125,,,,,,,,,,,,,,,,False
2023-12-13,CE04OSBP-LJ01C-07-VEL3DC107,10,False,,,0,0,,0.125,,,,,,,,,,,,,,,,False
2023-12-14,CE04OSBP-LJ01C-07-VEL3DC107,10,False,,,0,0,,0.125,,,,,,,,,,,,,,,,False
2023-12-15,CE04OSBP-LJ01C-07-VEL3DC107,10,False,,,0,0,,0.125,,,,,,,,,,,,,,,,False
2023-12-16,CE04OSBP-LJ01C-07-VEL3DC107,10,False,,,0,0,,0.125,,,,,,,,,,,,,,,,False
2023-12-17,CE04OSBP-LJ01C-07-VEL3DC107,10,False,,,0,0,,0.125,,,,,,,,,,,,,,,,False
2023-12-18,CE04OSBP-LJ01C-07-VEL3DC107,10,False,,,0,0,,0.125,,,,,,,,,,,,,,,,False
2023-12-19,CE04OSBP-LJ01C-07-VEL3DC107,10,True,2023-12-19T17:03:59Z,2023-12-19T23:59:59Z,199681,199681,0,0.125,0.124879837,0.124999902,-0.000621415,0,0,0,0,0.0,1.044777,3.038822,6.095784e-10,0.00835822,0.0243106,False,0.028199,False
2023-12-20,CE04OSBP-LJ01C-07-VEL3DC107,10,True,2023-12-20T00:00:00Z,2023-12-20T23:59:59Z,691201,691201,0,0.125,0.124879837,0.124999904,0.00144513,0,0,8,8,1.1e-05,1.413001,4.3308,9.134742e-08,0.01130402,0.03464642,False,0.029608,False
2023-12-21,CE04OSBP-LJ01C-07-VEL3DC107,10,True,2023-12-21T00:00:00Z,2023-12-21T23:59:59Z,691200,691200,0,0.125,0.124879837,0.124999897,0.000825843,0,0,0,0,5e-06,1.194893,3.298895,3.719909e-08,0.00955915,0.02639118,False,0.027695,False
2023-12-22,CE04OSBP-LJ01C-07-VEL3DC107,10,True,2023-12-22T00:00:00Z,2023-12-22T23:59:59Z,691201,691201,0,0.125,0.124879837,0.124999913,-0.000599615,0,0,13,13,2e-06,1.232696,5.700916,1.890948e-08,0.009861572,0.04560736,False,0.041777,False
2023-12-23,CE04OSBP-LJ01C-07-VEL3DC107,10,True,2023-12-23T00:00:00Z,2023-12-23T23:59:59Z,691200,691200,0,0.125,0.124879837,0.124999915,0.000288161,0,0,0,0,5e-06,1.099935,5.698076,3.693819e-08,0.008799485,0.04558464,False,0.035316,False
2023-12-24,CE04OSBP-LJ01C-07-VEL3DC107,10,True,2023-12-24T00:00:00Z,2023-12-24T23:59:59Z,691200,691200,0,0.125,0.124879837,0.124999931,-0.003484221,0,0,0,0,5e-06,1.714966,16.731758,3.66012e-08,0.01371974,0.1338541,False,0.141005,False
2023-12-25,CE04OSBP-LJ01C-07-VEL3DC107,10,True,2023-12-25T00:00:00Z,2023-12-25T23:59:59Z,691201,691201,0,0.125,0.124879837,0.124999933,9.3618e-05,0,0,14,14,2e-06,1.355551,3.608603,1.259534e-08,0.01084442,0.02886884,False,0.025132,False
2023-12-26,CE04OSBP-LJ01C-07-VEL3DC107,10,True,2023-12-26T00:00:00Z,2023-12-26T23:59:59Z,691200,691200,0,0.125,0.124879837,0.124999917,-0.001275529,0,0,0,0,5e-06,1.263767,3.611876,3.710221e-08,0.01011014,0.02889503,False,0.026946,False
2023-12-27,CE04OSBP-LJ01C-07-VEL3DC107,10,True,2023-12-27T00:00:00Z,2023-12-27T23:59:59Z,691201,691201,0,0.125,0.124879837,0.12499992,-0.002589875,0,0,7,7,0.0,1.761618,4.86143,1.697789e-09,0.01409296,0.03889146,False,0.028126,False
2023-12-28,CE04OSBP-LJ01C-07-VEL3DC107,10,True,2023-12-28T00:00:00Z,2023-12-28T23:59:59Z,691200,691200,0,0.125,0.124879837,0.124999921,-0.000707906,0,0,0,0,5e-06,1.112176,2.844621,3.70768e-08,0.008897411,0.02275698,False,0.027653,False
2023-12-29,CE04OSBP-LJ01C-07-VEL3DC107,10,True,2023-12-29T00:00:00Z,2023-12-29T23:59:59Z,691201,691201,0,0.125,0.124879837,0.124999916,-0.003632763,0,0,4,4,-1e-06,1.546588,5.595146,-5.801314e-09,0.01237271,0.04476119,False,0.026858,False
2023-12-30,CE04OSBP-LJ01C-07-VEL3DC107,10,True,2023-12-30T00:00:00Z,2023-12-30T23:59:59Z,691200,691200,0,0.125,0.124879837,0.124999924,0.000117597,0,0,0,0,5e-06,1.638162,4.125279,3.717018e-08,0.0131053,0.03300225,False,0.027733,False
2023-12-31,CE04OSBP-LJ01C-07-VEL3DC107,10,True,2023-12-31T00:00:00Z,2023-12-31T23:59:59Z,691201,691201,0,0.125,0.124879837,0.124999908,-0.002195792,0,0,8,8,0.0,1.398836,3.974764,2.106504e-09,0.01119069,0.03179814,False,0.025331,False
2024-01-01,CE04OSBP-LJ01C-07-VEL3DC107,10,True,2024-01-01T00:00:00Z,2024-01-01T23:59:59Z,691200,691200,0,0.125,0.124879837,0.12499992,0.000865599,0,0,0,0,5e-06,1.206945,5.671028,3.702131e-08,0.009655566,0.04536825,False,0.03472,False
2024-01-02,CE04OSBP-LJ01C-07-VEL3DC107,10,True,2024-01-02T00:00:00Z,2024-01-02T23:59:59Z,691201,691201,0,0.125,0.124879837,0.124999925,-0.001144633,0,0,8,8,-2e-06,1.107651,3.159131,-1.938823e-08,0.008861217,0.02527306,False,0.028733,False
2024-01-03,CE04OSBP-LJ01C-07-VEL3DC107,10,True,2024-01-03T00:00:00Z,2024-01-03T23:59:59Z,691200,691200,0,0.125,0.124879837,0.124999917,0.000647828,0,0,4,4,1e-06,1.190681,3.402051,8.177857e-09,0.009525455,0.02721642,False,0.028626,False
2024-01-04,CE04OSBP-LJ01C-07-VEL3DC107,10,True,2024-01-04T00:00:00Z,2024-01-04T23:59:59Z,691200,691200,0,0.125,0.124879837,0.124999918,-0.003396409,0,0,0,0,5e-06,1.559126,4.819779,3.620442e-08,0.01247302,0.03855825,False,0.035098,False
2024-01-05,CE04OSBP-LJ01C-07-VEL3DC107,10,True,2024-01-05T00:00:00Z,2024-01-05T23:59:59Z,691201,691201,0,0.125,0.124879837,0.124999929,-0.000483729,0,0,22,22,-1e-06,1.17603,3.639444,-4.854053e-09,0.009408244,0.02911557,False,0.026813,False
2024-01-06,CE04OSBP-LJ01C-07-VEL3DC107,10,True,2024-01-06T00:00:00Z,2024-01-06T23:59:59Z,691200,691200,0,0.125,0.124879837,0.124999937,-0.000125885,0,0,0,0,5e-06,1.319628,3.200701,3.641212e-08,0.01055703,0.02560562,False,0.028435,False
2024-01-07,CE04OSBP-LJ01C-07-VEL3DC107,10,True,2024-01-07T00:00:00Z,2024-01-07T23:59:59Z,691201,691201,0,0.125,0.124879837,0.124999934,0.001610077,0,0,10,10,-1.4e-05,1.122163,3.416934,-1.114836e-07,0.008977306,0.02733548,False,0.027515,False
2024-01-08,CE04OSBP-LJ01C-07-VEL3DC107,10,True,2024-01-08T00:00:00Z,2024-01-08T23:59:59Z,691200,691200,0,0.125,0.124879837,0.124999941,-0.002358049,0,0,0,0,5e-06,1.269084,3.668888,3.832025e-08,0.01015268,0.02935112,False,0.024995,False
2024-01-09,CE04OSBP-LJ01C-07-VEL3DC107,10,True,2024-01-09T00:00:00Z,2024-01-09T23:59:59Z,691200,691200,0,0.125,0.124879837,0.124999933,0.000471091,0,0,0,0,5e-06,1.04812,2.709485,3.844164e-08,0.008384962,0.02167589,False,0.027622,False
2024-01-10,CE04OSBP-LJ01C-07-VEL3DC107,10,True,2024-01-10T00:00:00Z,2024-01-10T23:59:59Z,691201,691201,0,0.125,0.124879837,0.124999933,-0.002444587,0,0,14,14,2e-06,1.072388,3.092327,1.60996e-08,0.008579107,0.02473863,False,0.029585,False
2024-01-11,CE04OSBP-LJ01C-07-VEL3DC107,10,True,2024-01-11T00:00:00Z,2024-01-11T23:59:59Z,691200,691200,0,0.125,0.124879837,0.124999943,-0.002080747,0,0,0,0,5e-06,1.694555,11.832629,3.751822e-08,0.01355644,0.09466107,False,0.080369,False
2024-01-12,CE04OSBP-LJ01C-07-VEL3DC107,10,True,2024-01-12T00:00:00Z,2024-01-12T23:59:59Z,691200,691200,0,0.125,0.124879837,0.124999949,-0.003369397,0,0,0,0,5e-06,1.117998,3.570295,3.739627e-08,0.008943988,0.02856237,False,0.027706,False
2024-01-13,CE04OSBP-LJ01C-07-VEL3DC107,10,True,2024-01-13T00:00:00Z,2024-01-13T23:59:59Z,691201,691201,0,0.125,0.124879837,0.124999947,-0.00074094,0,0,20,20,4e-06,1.061754,2.86281,3.55712e-08,0.008494038,0.02290249,False,0.027851,False
2024-01-14,CE04OSBP-LJ01C-07-VEL3DC107,10,True,2024-01-14T00:00:00Z,2024-01-14T23:59:59Z,691200,691200,0,0.125,0.124879837,0.124999946,0.000998139,0,0,0,0,5e-06,1.211315,7.304683,3.726449e-08,0.009690525,0.05843749,False,0.050506,False
2024-01-15,CE04OSBP-LJ01C-07-VEL3DC107,10,True,2024-01-15T00:00:00Z,2024-01-15T23:59:59Z,691200,691200,0,0.125,0.124879837,0.124999948,-0.000795572,0,0,0,0,5e-06,1.144273,3.038313,3.670181e-08,0.009154189,0.02430651,False,0.02766,False
2024-01-16,CE04OSBP-LJ01C-07-VEL3DC107,10,True,2024-01-16T00:00:00Z,2024-01-16T23:59:59Z,691200,691200,0,0.125,0.124879837,0.124999944,0.001015176,0,0,0,0,5e-06,1.079432,3.014302,3.687393e-08,0.008635458,0.02411442,False,0.025239,False
2024-01-17,CE04OSBP-LJ01C-07-VEL3DC107,10,True,2024-01-17T00:00:00Z,2024-01-17T23:59:59Z,691201,691201,0,0.125,0.124879837,0.124999941,0.000526906,0,0,15,15,0.0,1.383518,3.895702,4.539471e-10,0.01106815,0.03116563,False,0.02519,False
2024-01-18,CE04OSBP-LJ01C-07-VEL3DC107,10,True,2024-01-18T00:00:00Z,2024-01-18T23:59:59Z,691200,691200,0,0.125,0.124879837,0.124999933,0.002909242,0,0,0,0,5e-06,1.635629,10.482586,3.742658e-08,0.01308504,0.08386073,False,0.062915,False
2024-01-19,CE04OSBP-LJ01C-07-VEL3DC107,10,True,2024-01-19T00:00:00Z,2024-01-19T23:59:59Z,691200,691200,0,0.125,0.124879837,0.124999929,-0.000374675,0,0,0,0,5e-06,1.189909,3.175516,3.759998e-08,0.009519281,0.02540414,False,0.028871,False
2024-01-20,CE04OSBP-LJ01C-07-VEL3DC107,10,True,2024-01-20T00:00:00Z,2024-01-20T23:59:59Z,691201,691201,0,0.125,0.124879837,0.124999934,-0.002385222,0,0,11,11,-2e-06,6.215988,64.026955,-1.32445e-08,0.04972793,0.5122159,True,0.299765,False
2024-01-21,CE04OSBP-LJ01C-07-VEL3DC107,10,True,2024-01-21T00:00:00Z,2024-01-21T23:59:59Z,691200,691200,0,0.125,0.124879837,0.124999928,-0.000894433,0,0,0,0,5e-06,1.113102,4.505451,3.640586e-08,0.008904821,0.03604363,False,0.034442,False
2024-01-22,CE04OSBP-LJ01C-07-VEL3DC107,10,True,2024-01-22T00:00:00Z,2024-01-22T23:59:59Z,691201,691201,0,0.125,0.124879837,0.124999916,0.000253402,0,0,13,13,-1e-06,1.41226,5.991993,-5.103792e-09,0.01129809,0.04793598,False,0.032632,False
2024-01-23,CE04OSBP-LJ01C-07-VEL3DC107,10,True,2024-01-23T00:00:00Z,2024-01-23T23:59:59Z,691200,691200,0,0.125,0.124879837,0.124999921,-0.001864404,0,0,0,0,5e-06,1.091022,2.889388,3.623734e-08,0.008728178,0.02311512,False,0.026331,False
2024-01-24,CE04OSBP-LJ01C-07-VEL3DC107,10,True,2024-01-24T00:00:00Z,2024-01-24T17:40:35Z,509085,509085,0,0.125,0.124879837,0.124999922,0.000248981,0,0,0,0,1.2e-05,1.222489,3.395528,9.235853e-08,0.009779922,0.02716424,False,0.031918,False
2024-01-25,CE04OSBP-LJ01C-07-VEL3DC107,10,True,2024-01-25T00:03:11Z,2024-01-25T23:59:59Z,689665,689665,0,0.125,0.124879837,0.124999922,0.003277042,0,0,0,0,-1.4e-05,1.140474,7.401552,-1.095185e-07,0.0091238,0.05921246,False,0.041605,False
2024-01-26,CE04OSBP-LJ01C-07-VEL3DC107,10,True,2024-01-26T00:00:00Z,2024-01-26T23:59:59Z,691201,691201,0,0.125,0.124879837,0.124999922,-0.000960243,0,0,23,23,2e-06,1.60588,5.903382,1.314082e-08,0.01284705,0.04722708,False,0.034304,False
2024-01-27,CE04OSBP-LJ01C-07-VEL3DC107,10,True,2024-01-27T00:00:00Z,2024-01-27T23:59:59Z,691200,691200,0,0.125,0.124879837,0.124999926,0.000150347,0,0,0,0,5e-06,1.142453,3.278986,3.850537e-08,0.009139626,0.02623191,False,0.025274,False
2024-01-28,CE04OSBP-LJ01C-07-VEL3DC107,10,True,2024-01-28T00:00:00Z,2024-01-28T23:59:59Z,691200,691200,0,0.125,0.124879837,0.124999909,0.001567121,0,0,0,0,5e-06,1.254855,6.083828,3.682298e-08,0.01003885,0.04867066,False,0.039642,False
2024-01-29,CE04OSBP-LJ01C-07-VEL3DC107,10,True,2024-01-29T00:00:00Z,2024-01-29T23:59:59Z,691201,691201,0,0.125,0.124879837,0.124999941,-0.003596412,0,0,25,25,0.0,1.733793,4.831011,1.984357e-09,0.01387035,0.0386481,False,0.030104,False
2024-01-30,CE04OSBP-LJ01C-07-VEL3DC107,10,True,2024-01-30T00:00:00Z,2024-01-30T23:59:59Z,691200,691200,0,0.125,0.124879837,0.124999939,4.7011e-05,0,0,0,0,5e-06,1.130033,3.012538,3.707241e-08,0.009040269,0.02410032,False,0.029004,False
2024-01-31,CE04OSBP-LJ01C-07-VEL3DC107,10,True,2024-01-31T00:00:00Z,2024-01-31T23:59:59Z,691201,691201,0,0.125,0.124879837,0.124999931,-0.001620496,0,0,14,14,8e-06,1.285432,3.696429,6.284508e-08,0.01028346,0.02957145,False,0.029367,False
2024-02-01,CE04OSBP-LJ01C-07-VEL3DC107,10,True,2024-02-01T00:00:00Z,2024-02-01T23:59:59Z,691200,691200,0,0.125,0.124879837,0.12499992,0.000896664,0,0,0,0,5e-06,1.290402,5.74567,3.683704e-08,0.01032322,0.04596539,False,0.036668,False
2024-02-02,CE04OSBP-LJ01C-07-VEL3DC107,10,True,2024-02-02T00:00:00Z,2024-02-02T23:59:59Z,691200,691200,0,0.125,0.124879837,0.124999916,-0.001608106,0,0,0,0,5e-06,1.459114,4.34831,3.758771e-08,0.01167292,0.0347865,False,0.02632,False
2024-02-03,CE04OSBP-LJ01C-07-VEL3DC107,10,True,2024-02-03T00:00:00Z,2024-02-03T23:59:59Z,691201,691201,0,0.125,0.124879837,0.124999922,-0.000160716,0,0,8,8,0.0,1.127057,3.143799,3.252255e-09,0.009016466,0.02515041,False,0.028004,False
2024-02-04,CE04OSBP-LJ01C-07-VEL3DC107,10,True,2024-02-04T00:00:00Z,2024-02-04T23:59:59Z,691200,691200,0,0.125,0.124879837,0.124999927,-0.002562977,0,0,0,0,5e-06,1.168644,4.912293,3.713497e-08,0.009349156,0.03929836,False,0.027412,False
2024-02-05,CE04OSBP-LJ01C-07-VEL3DC107,10,True,2024-02-05T00:00:00Z,2024-02-05T23:59:59Z,691201,691201,0,0.125,0.124879837,0.124999926,-0.000941635,0,0,6,6,1e-06,1.194704,3.471173,7.754449e-09,0.009557639,0.0277694,False,0.026499,False
2024-02-06,CE04OSBP-LJ01C-07-VEL3DC107,10,True,2024-02-06T00:00:00Z,2024-02-06T23:59:59Z,691200,691200,0,0.125,0.124879837,0.124999928,-0.002396489,0,0,0,0,5e-06,1.365107,3.916699,3.776689e-08,0.01092086,0.03133361,False,0.027679,False
2024-02-07,CE04OSBP-LJ01C-07-VEL3DC107,10,True,2024-02-07T00:00:00Z,2024-02-07T23:59:59Z,691201,691201,0,0.125,0.124879837,0.124999919,0.001930227,0,0,16,16,-7e-06,1.257467,5.033638,-5.307942e-08,0.01005974,0.04026913,False,0.025499,False
2024-02-08,CE04OSBP-LJ01C-07-VEL3DC107,10,True,2024-02-08T00:00:00Z,2024-02-08T23:59:59Z,691200,691200,0,0.125,0.124879837,0.124999917,0.000980511,0,0,0,0,4e-06,1.200143,3.365052,3.593135e-08,0.009601147,0.02692044,False,0.027271,False
2024-02-09,CE04OSBP-LJ01C-07-VEL3DC107,10,True,2024-02-09T00:00:00Z,2024-02-09T23:59:59Z,691201,691201,0,0.125,0.124879837,0.124999921,-0.000576611,0,0,3,3,-8e-06,1.152638,6.190853,-6.418111e-08,0.009221108,0.04952686,False,0.037565,False
2024-02-10,CE04OSBP-LJ01C-07-VEL3DC107,10,True,2024-02-10T00:00:00Z,2024-02-10T23:59:59Z,691200,691200,0,0.125,0.124879837,0.124999929,-0.000548177,0,0,4,4,0.0,1.642406,4.618595,2.802934e-09,0.01313926,0.03694878,False,0.034266,False
2024-02-11,CE04OSBP-LJ01C-07-VEL3DC107,10,True,2024-02-11T00:00:00Z,2024-02-11T23:59:59Z,691200,691200,0,0.125,0.124879837,0.124999936,-0.001330834,0,0,0,0,5e-06,1.271447,3.671669,3.73326e-08,0.01017158,0.02937337,False,0.025129,False
2024-02-12,CE04OSBP-LJ01C-07-VEL3DC107,10,True,2024-02-12T00:00:00Z,2024-02-12T23:59:59Z,691201,691201,0,0.125,0.124879837,0.124999946,-0.000423785,0,0,16,16,-5e-06,1.275167,3.93773,-3.880574e-08,0.01020134,0.03150185,False,0.027718,False
2024-02-13,CE04OSBP-LJ01C-07-VEL3DC107,10,True,2024-02-13T00:00:00Z,2024-02-13T23:59:59Z,691200,691200,0,0.125,0.124879837,0.124999949,-0.002137652,0,0,0,0,5e-06,2.274218,19.28672,3.83808e-08,0.01819376,0.1542938,False,0.144243,False
2024-02-14,CE04OSBP-LJ01C-07-VEL3DC107,10,True,2024-02-14T00:00:00Z,2024-02-14T23:59:59Z,687310,691204,3894,0.125,0.124879837,0.124998861,0.112746291,1,3894,1,3894,-0.0,123.970351,253.49023,-3.869201e-09,0.9917718,2.02794,True,0.251596,True
2024-02-15,CE04OSBP-LJ01C-07-VEL3DC107,10,True,2024-02-15T00:00:00Z,2024-02-15T23:59:59Z,691201,691201,0,0.125,0.124879837,0.124999936,-0.000727933,0,0,5,5,1e-06,1.215551,6.111316,1.184986e-08,0.009724411,0.04889056,False,0.039238,False
2024-02-16,CE04OSBP-LJ01C-07-VEL3DC107,10,True,2024-02-16T00:00:00Z,2024-02-16T23:59:59Z,691200,691200,0,0.125,0.124879837,0.124999929,0.000134694,0,0,2,2,-2e-06,1.104435,3.309049,-1.472234e-08,0.008835484,0.02647241,False,0.027668,False
2024-02-17,CE04OSBP-LJ01C-07-VEL3DC107,10,True,2024-02-17T00:00:00Z,2024-02-17T23:59:59Z,691200,691200,0,0.125,0.124879837,0.12499994,-0.002277295,0,0,0,0,5e-06,1.568797,4.480173,3.645704e-08,0.01255038,0.0358414,False,0.025404,False
2024-02-18,CE04OSBP-LJ01C-07-VEL3DC107,10,True,2024-02-18T00:00:00Z,2024-02-18T23:59:59Z,691201,691201,0,0.125,0.124879837,0.124999935,0.001612365,0,0,12,12,-1e-06,1.136266,3.453445,-5.139815e-09,0.009090129,0.02762758,False,0.029527,False
2024-02-19,CE04OSBP-LJ01C-07-VEL3DC107,10,True,2024-02-19T00:00:00Z,2024-02-19T23:59:59Z,691200,691200,0,0.125,0.124879837,0.124999926,-0.002091416,0,0,0,0,5e-06,1.108532,3.105909,3.816812e-08,0.008868265,0.02484729,False,0.027828,False
2024-02-20,CE04OSBP-LJ01C-07-VEL3DC107,10,True,2024-02-20T00:00:00Z,2024-02-20T23:59:59Z,691200,691200,0,0.125,0.124879837,0.12499992,-0.000141297,0,0,0,0,5e-06,1.218568,3.861352,3.705287e-08,0.009748551,0.03089083,False,0.026591,False
2024-02-21,CE04OSBP-LJ01C-07-VEL3DC107,10,True,2024-02-21T00:00:00Z,2024-02-21T23:59:59Z,691201,691201,0,0.125,0.124879837,0.124999913,-0.00012095,0,0,17,17,1e-06,1.125088,3.315684,5.649318e-09,0.009000708,0.02652549,False,0.025457,False
2024-02-22,CE04OSBP-LJ01C-07-VEL3DC107,10,True,2024-02-22T00:00:00Z,2024-02-22T23:59:59Z,691200,691200,0,0.125,0.124879837,0.124999915,0.000188768,0,0,0,0,5e-06,1.144736,3.078339,3.800022e-08,0.009157898,0.02462673,False,0.024961,False
2024-02-23,CE04OSBP-LJ01C-07-VEL3DC107,10,True,2024-02-23T00:00:00Z,2024-02-23T23:59:59Z,691201,691201,0,0.125,0.124879837,0.124999937,0.000475596,0,0,10,10,-0.0,1.981775,8.408917,-1.521259e-09,0.0158542,0.06727137,False,0.036412,False
2024-02-24,CE04OSBP-LJ01C-07-VEL3DC107,10,True,2024-02-24T00:00:00Z,2024-02-24T23:59:59Z,691200,691200,0,0.125,0.124879837,0.124999939,-0.003360478,0,0,0,0,5e-06,1.868306,10.132646,3.663661e-08,0.01494645,0.08106121,False,0.066138,False
2024-02-25,CE04OSBP-LJ01C-07-VEL3DC107,10,True,2024-02-25T00:00:00Z,2024-02-25T23:59:59Z,691200,691200,0,0.125,0.124879837,0.124999955,-0.003496704,0,0,0,0,5e-06,1.778551,6.409131,3.73565e-08,0.01422841,0.05127307,False,0.028447,False
2024-02-26,CE04OSBP-LJ01C-07-VEL3DC107,10,True,2024-02-26T00:00:00Z,2024-02-26T23:59:59Z,691201,691201,0,0.125,0.124879837,0.124999954,-0.002001247,0,0,16,16,-1e-06,1.357397,8.655214,-4.930069e-09,0.01085918,0.06924174,False,0.066905,False
2024-02-27,CE04OSBP-LJ01C-07-VEL3DC107,10,True,2024-02-27T00:00:00Z,2024-02-27T23:59:59Z,691200,691200,0,0.125,0.124879837,0.124999952,0.000834467,0,0,0,0,5e-06,1.18354,3.876984,3.663113e-08,0.009468321,0.03101589,False,0.026457,False
2024-02-28,CE04OSBP-LJ01C-07-VEL3DC107,10,True,2024-02-28T00:00:00Z,2024-02-28T23:59:59Z,691200,691200,0,0.125,0.124879837,0.124999952,-0.000444881,0,0,0,0,5e-06,1.155515,5.183303,3.601487e-08,0.009244122,0.04146644,False,0.032716,False
2024-02-29,CE04OSBP-LJ01C-07-VEL3DC107,10,True,2024-02-29T00:00:00Z,2024-02-29T23:59:59Z,691200,691200,0,0.125,0.124879837,0.124999952,-0.00110022,0,0,0,0,5e-06,1.323295,4.067916,3.72177e-08,0.01058637,0.03254334,False,0.028107,False
2024-03-01,CE04OSBP-LJ01C-07-VEL3DC107,10,True,2024-03-01T00:00:00Z,2024-03-01T23:59:59Z,691201,691201,0,0.125,0.124879837,0.12499995,-0.001913998,0,0,20,20,-0.0,1.382447,8.244672,-2.855631e-09,0.01105958,0.0659574,False,0.053293,False
2024-03-02,CE04OSBP-LJ01C-07-VEL3DC107,10,True,2024-03-02T00:00:00Z,2024-03-02T23:59:59Z,691200,691200,0,0.125,0.124879837,0.124999949,0.002146144,0,0,0,0,4e-06,1.218436,4.890415,3.581023e-08,0.009747489,0.03912334,False,0.031742,False
2024-03-03,CE04OSBP-LJ01C-07-VEL3DC107,10,True,2024-03-03T00:00:00Z,2024-03-03T23:59:59Z,691200,691200,0,0.125,0.124879837,0.124999948,-0.001736543,0,0,0,0,5e-06,1.186115,6.19436,3.617554e-08,0.009488926,0.0495549,False,0.042964,False
2024-03-04,CE04OSBP-LJ01C-07-VEL3DC107,10,True,2024-03-04T00:00:00Z,2024-03-04T23:59:59Z,691201,691201,0,0.125,0.124879837,0.124999943,-0.000468822,0,0,14,14,-1e-06,1.170662,3.691647,-6.377909e-09,0.009365302,0.02953319,False,0.027878,False
2024-03-05,CE04OSBP-LJ01C-07-VEL3DC107,10,True,2024-03-05T00:00:00Z,2024-03-05T23:59:59Z,691200,691200,0,0.125,0.124879837,0.12499995,-0.002564742,0,0,0,0,5e-06,1.424148,9.637354,3.695273e-08,0.01139319,0.07709886,False,0.064038,False
2024-03-06,CE04OSBP-LJ01C-07-VEL3DC107,10,True,2024-03-06T00:00:00Z,2024-03-06T23:59:59Z,691200,691200,0,0.125,0.124879837,0.124999955,-0.000489651,0,0,0,0,5e-06,1.991609,18.173528,3.758922e-08,0.01593288,0.1453883,False,0.138687,False
2024-03-07,CE04OSBP-LJ01C-07-VEL3DC107,10,True,2024-03-07T00:00:00Z,2024-03-07T23:59:59Z,691200,691200,0,0.125,0.124879837,0.124999958,0.000878364,0,0,0,0,5e-06,1.399821,4.926558,3.736402e-08,0.01119857,0.03941248,False,0.032857,False
2024-03-08,CE04OSBP-LJ01C-07-VEL3DC107,10,True,2024-03-08T00:00:00Z,2024-03-08T23:59:59Z,691201,691201,0,0.125,0.124879837,0.124999957,0.000741826,0,0,21,21,-1e-06,1.263966,8.610648,-5.145821e-09,0.01011173,0.06888521,False,0.059116,False
2024-03-09,CE04OSBP-LJ01C-07-VEL3DC107,10,True,2024-03-09T00:00:00Z,2024-03-09T23:59:59Z,691200,691200,0,0.125,0.124879837,0.124999952,0.001674879,0,0,0,0,5e-06,1.113909,4.959929,3.633741e-08,0.008911271,0.03967945,False,0.031253,False
2024-03-10,CE04OSBP-LJ01C-07-VEL3DC107,10,True,2024-03-10T00:00:00Z,2024-03-10T23:59:59Z,691200,691200,0,0.125,0.124879837,0.124999953,-0.00203661,0,0,0,0,5e-06,1.204678,5.320484,3.623544e-08,0.009637425,0.04256389,False,0.032048,False
2024-03-11,CE04OSBP-LJ01C-07-VEL3DC107,10,True,2024-03-11T00:00:00Z,2024-03-11T23:59:59Z,691200,691200,0,0.125,0.124879837,0.124999946,-0.000228319,0,0,0,0,5e-06,1.234872,3.60697,3.780442e-08,0.009878978,0.02885578,False,0.027702,False
2024-03-12,CE04OSBP-LJ01C-07-VEL3DC107,10,True,2024-03-12T00:00:00Z,2024-03-12T23:59:59Z,691201,691201,0,0.125,0.124879837,0.124999953,-0.001809066,0,0,16,16,-1e-06,1.527186,9.548285,-6.721308e-09,0.01221749,0.07638631,False,0.064767,False
2024-03-13,CE04OSBP-LJ01C-07-VEL3DC107,10,True,2024-03-13T00:00:00Z,2024-03-13T23:59:59Z,691200,691200,0,0.125,0.124879837,0.124999945,0.00103946,0,0,0,0,5e-06,1.266561,7.279635,3.743572e-08,0.01013249,0.0582371,False,0.050567,False
2024-03-14,CE04OSBP-LJ01C-07-VEL3DC107,10,True,2024-03-14T00:00:00Z,2024-03-14T23:59:59Z,691200,691200,0,0.125,0.124879837,0.124999946,-0.000376066,0,0,0,0,5e-06,1.496011,3.979297,3.711636e-08,0.01196809,0.03183439,False,0.027794,False
2024-03-15,CE04OSBP-LJ01C-07-VEL3DC107,10,True,2024-03-15T00:00:00Z,2024-03-15T23:59:59Z,691201,691201,0,0.125,0.124879837,0.124999952,0.002303602,0,0,15,15,-2e-06,1.29504,8.029759,-1.630224e-08,0.01036032,0.06423809,False,0.055175,False
2024-03-16,CE04OSBP-LJ01C-07-VEL3DC107,10,True,2024-03-16T00:00:00Z,2024-03-16T23:59:59Z,691200,691200,0,0.125,0.124879837,0.124999954,0.000248423,0,0,0,0,5e-06,1.125672,3.153042,3.742068e-08,0.009005379,0.02522435,False,0.029653,False
2024-03-17,CE04OSBP-LJ01C-07-VEL3DC107,10,True,2024-03-17T00:00:00Z,2024-03-17T23:59:59Z,691200,691200,0,0.125,0.124879837,0.124999951,0.001444113,0,0,0,0,5e-06,1.324315,3.710245,3.679378e-08,0.01059452,0.02968197,False,0.027679,False
2024-03-18,CE04OSBP-LJ01C-07-VEL3DC107,10,True,2024-03-18T00:00:00Z,2024-03-18T23:59:59Z,691200,691200,0,0.125,0.124879837,0.124999941,-0.001121448,0,0,0,0,5e-06,1.084423,3.180741,3.723944e-08,0.008675388,0.02544594,False,0.027855,False
2024-03-19,CE04OSBP-LJ01C-07-VEL3DC107,10,True,2024-03-19T00:00:00Z,2024-03-19T23:59:59Z,691201,691201,0,0.125,0.124879837,0.124999947,0.000620931,0,0,7,7,-1e-06,1.641923,4.22298,-4.804685e-09,0.01313539,0.03378385,False,0.028718,False
2024-03-20,CE04OSBP-LJ01C-07-VEL3DC107,10,True,2024-03-20T00:00:00Z,2024-03-20T23:59:59Z,691200,691200,0,0.125,0.124879837,0.124999943,-0.00364236,0,0,0,0,5e-06,1.211561,3.952423,3.666025e-08,0.009692491,0.0316194,False,0.027676,False
2024-03-21,CE04OSBP-LJ01C-07-VEL3DC107,10,True,2024-03-21T00:00:00Z,2024-03-21T23:59:59Z,691200,691200,0,0.125,0.124879837,0.124999933,-0.001047102,0,0,0,0,5e-06,1.295496,3.820919,3.79895e-08,0.01036398,0.03056737,False,0.025041,False
2024-03-22,CE04OSBP-LJ01C-07-VEL3DC107,10,True,2024-03-22T00:00:00Z,2024-03-22T23:59:59Z,691201,691201,0,0.125,0.124879837,0.12499993,0.000227825,0,0,10,10,-1e-06,1.100343,3.361473,-1.003837e-08,0.008802749,0.0268918,False,0.025262,False
2024-03-23,CE04OSBP-LJ01C-07-VEL3DC107,10,True,2024-03-23T00:00:00Z,2024-03-23T23:59:59Z,691200,691200,0,0.125,0.124879837,0.124999934,-0.002271552,0,0,0,0,5e-06,1.26045,4.397711,3.624218e-08,0.0100836,0.03518171,False,0.025186,False
2024-03-24,CE04OSBP-LJ01C-07-VEL3DC107,10,True,2024-03-24T00:00:00Z,2024-03-24T23:59:59Z,691201,691201,0,0.125,0.124879837,0.124999925,0.001297755,0,0,7,7,-2e-06,1.045373,2.96534,-1.373107e-08,0.008362989,0.02372273,False,0.027061,False
2024-03-25,CE04OSBP-LJ01C-07-VEL3DC107,10,True,2024-03-25T00:00:00Z,2024-03-25T23:59:59Z,691200,691200,0,0.125,0.124879837,0.124999934,-0.001928888,0,0,0,0,5e-06,1.3417,3.799941,3.803224e-08,0.01073361,0.03039955,False,0.02834,False
2024-03-26,CE04OSBP-LJ01C-07-VEL3DC107,10,True,2024-03-26T00:00:00Z,2024-03-26T23:59:59Z,691200,691200,0,0.125,0.124879837,0.124999947,0.000130262,0,0,0,0,5e-06,1.232191,3.395077,3.647166e-08,0.009857533,0.02716063,False,0.027901,False
2024-03-27,CE04OSBP-LJ01C-07-VEL3DC107,10,True,2024-03-27T00:00:00Z,2024-03-27T23:59:59Z,691200,691200,0,0.125,0.124879837,0.124999949,-0.000215101,0,0,0,0,5e-06,1.50759,4.029448,3.790423e-08,0.01206073,0.0322356,False,0.027332,False
2024-03-28,CE04OSBP-LJ01C-07-VEL3DC107,10,True,2024-03-28T00:00:00Z,2024-03-28T23:59:59Z,691201,691201,0,0.125,0.124879837,0.124999949,0.000330986,0,0,9,9,-0.0,1.4141,3.812247,-2.566446e-09,0.01131281,0.03049799,False,0.028466,False
2024-03-29,CE04OSBP-LJ01C-07-VEL3DC107,10,True,2024-03-29T00:00:00Z,2024-03-29T23:59:59Z,691200,691200,0,0.125,0.124879837,0.124999948,-0.002567229,0,0,0,0,5e-06,1.154963,3.394436,3.696373e-08,0.009239708,0.0271555,False,0.026939,False
2024-03-30,CE04OSBP-LJ01C-07-VEL3DC107,10,True,2024-03-30T00:00:00Z,2024-03-30T23:59:59Z,691200,691200,0,0.125,0.124879837,0.124999959,0.000307631,0,0,0,0,5e-06,1.123566,3.196677,3.758272e-08,0.008988531,0.02557343,False,0.026595,False
2024-03-31,CE04OSBP-LJ01C-07-VEL3DC107,10,True,2024-03-31T00:00:00Z,2024-03-31T23:59:59Z,691200,691200,0,0.125,0.124879837,0.124999971,-0.002669171,0,0,0,0,5e-06,1.681651,11.038305,3.820782e-08,0.01345321,0.08830646,False,0.083176,False
2024-04-01,CE04OSBP-LJ01C-07-VEL3DC107,10,True,2024-04-01T00:00:00Z,2024-04-01T23:59:59Z,691201,691201,0,0.125,0.124879837,0.124999953,0.002400054,0,0,20,20,-1e-06,1.72948,4.421332,-6.500112e-09,0.01383584,0.03537067,False,0.026961,False
2024-04-02,CE04OSBP-LJ01C-07-VEL3DC107,10,True,2024-04-02T00:00:00Z,2024-04-02T01:14:14Z,35639,35639,0,0.125,0.124879837,0.12499998,-0.001908135,0,0,0,0,-0.0,1.003047,2.180475,-3.478049e-11,0.008024379,0.0174438,False,0.024747,False
2024-04-03,CE04OSBP-LJ01C-07-VEL3DC107,10,False,,,0,0,,0.125,,,,,,,,,,,,,,,,False
2024-04-04,CE04OSBP-LJ01C-07-VEL3DC107,10,True,2024-04-04T00:31:26Z,2024-04-04T23:59:59Z,676106,676106,0,0.125,0.124879837,0.124999971,0.003792069,0,0,0,0,-3e-06,1.275999,8.139041,-2.579902e-08,0.010208,0.06511234,False,0.048929,False
2024-04-05,CE04OSBP-LJ01C-07-VEL3DC107,10,True,2024-04-05T00:00:00Z,2024-04-05T23:59:59Z,683580,691208,7628,0.125,0.124879837,0.124999068,0.180236601,2,7628,2,7628,4e-06,191.128815,596.918234,3.094538e-08,1.529042,4.775381,True,0.459667,True
2024-04-06,CE04OSBP-LJ01C-07-VEL3DC107,10,True,2024-04-06T00:00:00Z,2024-04-06T23:59:59Z,691200,691200,0,0.125,0.124879837,0.124999964,-0.001193456,0,0,0,0,5e-06,1.373962,5.421394,3.71454e-08,0.0109917,0.04337116,False,0.029661,False
2024-04-07,CE04OSBP-LJ01C-07-VEL3DC107,10,True,2024-04-07T00:00:00Z,2024-04-07T23:59:59Z,691201,691201,0,0.125,0.124879837,0.124999967,0.000534986,0,0,32,32,0.0,1.18511,3.434461,4.913378e-10,0.009480886,0.02747569,False,0.027691,False
2024-04-08,CE04OSBP-LJ01C-07-VEL3DC107,10,True,2024-04-08T00:00:00Z,2024-04-08T23:59:59Z,691200,691200,0,0.125,0.124879837,0.124999966,-0.000208822,0,0,1,1,2e-06,1.516731,25.272189,1.653268e-08,0.01213385,0.2021776,False,0.19849,False
2024-04-09,CE04OSBP-LJ01C-07-VEL3DC107,10,True,2024-04-09T00:00:00Z,2024-04-09T22:00:28Z,633825,633825,0,0.125,0.124879837,0.124999968,0.00039148,0,0,0,0,0.0,1.21558,3.480281,3.274101e-09,0.009724644,0.02784225,False,0.037103,False
2024-04-10,CE04OSBP-LJ01C-07-VEL3DC107,10,True,2024-04-10T03:44:08Z,2024-04-10T23:59:59Z,572839,583626,10787,0.125,0.124879837,0.124999462,-1.042884599,1,10787,1,10787,-1e-06,225.463264,1054.62407,-9.853235e-09,1.803714,8.437029,True,0.456253,True
2024-04-11,CE04OSBP-LJ01C-07-VEL3DC107,10,True,2024-04-11T00:00:00Z,2024-04-11T23:59:59Z,691201,691201,0,0.125,0.124879837,0.124999968,1.373e-05,0,0,28,28,3e-06,1.415475,3.761502,2.248434e-08,0.0113238,0.03009203,False,0.026721,False
2024-04-12,CE04OSBP-LJ01C-07-VEL3DC107,10,True,2024-04-12T00:00:00Z,2024-04-12T23:59:59Z,691200,691200,0,0.125,0.124879837,0.124999971,-0.000621165,0,0,0,0,5e-06,2.188705,9.170182,3.666166e-08,0.01750965,0.07336147,False,0.060361,False
2024-04-13,CE04OSBP-LJ01C-07-VEL3DC107,10,True,2024-04-13T00:00:00Z,2024-04-13T23:59:59Z,691200,691200,0,0.125,0.124879837,0.124999972,-0.001673947,0,0,0,0,5e-06,1.101683,3.924099,3.718825e-08,0.008813466,0.0313928,False,0.025602,False
2024-04-14,CE04OSBP-LJ01C-07-VEL3DC107,10,True,2024-04-14T00:00:00Z,2024-04-14T23:59:59Z,691200,691200,0,0.125,0.124879837,0.124999967,0.000181624,0,0,0,0,5e-06,1.31117,6.930217,3.756018e-08,0.01048936,0.05544175,False,0.039161,False
2024-04-15,CE04OSBP-LJ01C-07-VEL3DC107,10,True,2024-04-15T00:00:00Z,2024-04-15T23:59:59Z,691200,691200,0,0.125,0.124879837,0.124999964,0.001180622,0,0,0,0,5e-06,1.575117,6.674251,3.686721e-08,0.01260094,0.05339403,False,0.050055,False
2024-04-16,CE04OSBP-LJ01C-07-VEL3DC107,10,True,2024-04-16T00:00:00Z,2024-04-16T23:59:59Z,691200,691200,0,0.125,0.124879837,0.124999955,0.003042762,0,0,0,0,5e-06,1.388916,9.923368,3.876785e-08,0.01111133,0.07938698,False,0.068838,False
2024-04-17,CE04OSBP-LJ01C-07-VEL3DC107,10,True,2024-04-17T00:00:00Z,2024-04-17T23:59:59Z,691201,691201,0,0.125,0.124879837,0.124999962,-0.001412956,0,0,20,20,-1e-06,1.766122,5.267449,-1.050789e-08,0.01412898,0.04213961,False,0.028397,False
2024-04-18,CE04OSBP-LJ01C-07-VEL3DC107,10,True,2024-04-18T00:00:00Z,2024-04-18T23:59:59Z,691200,691200,0,0.125,0.124879837,0.124999969,0.002698667,0,0,0,0,5e-06,2.47473,5.690897,3.719457e-08,0.01979785,0.04552719,False,0.025881,False
2024-04-19,CE04OSBP-LJ01C-07-VEL3DC107,10,True,2024-04-19T00:00:00Z,2024-04-19T23:59:59Z,691200,691200,0,0.125,0.124879837,0.124999969,-0.00098707,0,0,0,0,5e-06,1.485235,4.044858,3.78242e-08,0.01188189,0.03235887,False,0.025243,False
2024-04-20,CE04OSBP-LJ01C-07-VEL3DC107,10,True,2024-04-20T00:00:00Z,2024-04-20T23:59:59Z,691200,691200,0,0.125,0.124879837,0.124999959,-0.000531812,0,0,0,0,5e-06,1.460954,4.284133,3.698477e-08,0.01168764,0.03427307,False,0.027122,False
2024-04-21,CE04OSBP-LJ01C-07-VEL3DC107,10,True,2024-04-21T00:00:00Z,2024-04-21T23:59:59Z,691201,691201,0,0.125,0.124879837,0.124999952,-0.001399271,0,0,5,5,1.2e-05,1.205264,4.173155,9.336989e-08,0.009642117,0.03338525,False,0.02771,False
2024-04-22,CE04OSBP-LJ01C-07-VEL3DC107,10,True,2024-04-22T00:00:00Z,2024-04-22T23:59:59Z,691200,691200,0,0.125,0.124879837,0.124999942,-0.000290655,0,0,0,0,4e-06,1.297001,5.847325,3.575827e-08,0.01037602,0.04677862,False,0.041559,False
2024-04-23,CE04OSBP-LJ01C-07-VEL3DC107,10,True,2024-04-23T00:00:00Z,2024-04-23T23:59:59Z,691200,691200,0,0.125,0.124879837,0.124999948,-0.000200691,0,0,0,0,5e-06,1.320565,3.923924,3.732226e-08,0.01056452,0.03139141,False,0.028527,False
2024-04-24,CE04OSBP-LJ01C-07-VEL3DC107,10,True,2024-04-24T00:00:00Z,2024-04-24T23:59:59Z,691200,691200,0,0.125,0.124879837,0.12499995,-0.000699706,0,0,0,0,5e-06,1.311639,6.324747,3.717509e-08,0.01049311,0.050598,False,0.041093,False
2024-04-25,CE04OSBP-LJ01C-07-VEL3DC107,10,True,2024-04-25T00:00:00Z,2024-04-25T23:59:59Z,691201,691201,0,0.125,0.124879837,0.124999932,0.003536623,0,0,5,5,-0.0,1.390082,3.875223,-2.860339e-09,0.01112066,0.0310018,False,0.027676,False
2024-04-26,CE04OSBP-LJ01C-07-VEL3DC107,10,True,2024-04-26T00:00:00Z,2024-04-26T23:59:59Z,691200,691200,0,0.125,0.124879837,0.124999924,-0.001231778,0,0,0,0,5e-06,1.601853,4.198476,3.729254e-08,0.01281483,0.03358783,False,0.029348,False
2024-04-27,CE04OSBP-LJ01C-07-VEL3DC107,10,True,2024-04-27T00:00:00Z,2024-04-27T23:59:59Z,691201,691201,0,0.125,0.124879837,0.124999922,-0.000987135,0,0,9,9,-1e-06,1.999419,4.78907,-5.934114e-09,0.01599536,0.03831258,False,0.025553,False
2024-04-28,CE04OSBP-LJ01C-07-VEL3DC107,10,True,2024-04-28T00:00:00Z,2024-04-28T23:59:59Z,691200,691200,0,0.125,0.124879837,0.124999929,-0.001686682,0,0,0,0,5e-06,2.115358,6.147172,3.702794e-08,0.01692288,0.04917741,False,0.047035,False
2024-04-29,CE04OSBP-LJ01C-07-VEL3DC107,10,True,2024-04-29T00:00:00Z,2024-04-29T23:59:59Z,691200,691200,0,0.125,0.124879837,0.12499994,0.003010513,0,0,0,0,5e-06,1.132777,3.014257,3.702259e-08,0.009062219,0.02411406,False,0.027718,False
2024-04-30,CE04OSBP-LJ01C-07-VEL3DC107,10,True,2024-04-30T00:00:00Z,2024-04-30T23:59:59Z,691201,691201,0,0.125,0.124879837,0.124999941,7.8072e-05,0,0,16,16,-0.0,1.076664,2.723847,-2.957894e-09,0.008613314,0.02179079,False,0.026793,False
2024-05-01,CE04OSBP-LJ01C-07-VEL3DC107,10,True,2024-05-01T00:00:00Z,2024-05-01T23:59:59Z,691200,691200,0,0.125,0.124879837,0.124999952,0.00116927,0,0,0,0,5e-06,1.137894,3.839822,3.714743e-08,0.009103156,0.03071858,False,0.026736,False
2024-05-02,CE04OSBP-LJ01C-07-VEL3DC107,10,True,2024-05-02T00:00:00Z,2024-05-02T23:59:59Z,688071,691203,3132,0.125,0.124879837,0.124999285,0.122263805,1,3132,1,3132,3e-06,104.885426,207.396775,2.090614e-08,0.8390882,1.659184,True,0.027603,True
2024-05-03,CE04OSBP-LJ01C-07-VEL3DC107,10,True,2024-05-03T00:00:00Z,2024-05-03T23:59:59Z,691200,691200,0,0.125,0.124879837,0.124999955,0.00305294,0,0,0,0,5e-06,1.540517,4.668453,3.775396e-08,0.01232414,0.03734764,False,0.034163,False
2024-05-04,CE04OSBP-LJ01C-07-VEL3DC107,10,True,2024-05-04T00:00:00Z,2024-05-04T23:59:59Z,691201,691201,0,0.125,0.124879837,0.124999965,-0.002565694,0,0,39,39,0.0,1.551466,9.99968,1.872693e-09,0.01241173,0.07999746,False,0.069773,False
2024-05-05,CE04OSBP-LJ01C-07-VEL3DC107,10,True,2024-05-05T00:00:00Z,2024-05-05T23:59:59Z,691200,691200,0,0.125,0.124879837,0.124999965,0.00107913,0,0,0,0,5e-06,1.429093,4.055498,3.845205e-08,0.01143275,0.032444,False,0.029566,False
2024-05-06,CE04OSBP-LJ01C-07-VEL3DC107,10,True,2024-05-06T00:00:00Z,2024-05-06T15:16:54Z,440116,440116,0,0.125,0.124879837,0.124999973,-0.002192167,0,0,0,0,-1e-06,1.831022,8.10172,-1.109648e-08,0.01464818,0.06481378,False,0.047229,False
2024-05-07,CE04OSBP-LJ01C-07-VEL3DC107,10,True,2024-05-07T16:55:32Z,2024-05-07T23:59:59Z,203741,203741,0,0.125,0.124879837,0.12499996,0.002371799,0,0,0,0,0.0,1.394325,3.867031,5.26471e-10,0.01115461,0.03093625,False,0.024999,False
2024-05-08,CE04OSBP-LJ01C-07-VEL3DC107,10,True,2024-05-08T00:00:00Z,2024-05-08T23:59:59Z,691200,691200,0,0.125,0.124879837,0.124999955,-0.000288417,0,0,0,0,5e-06,2.535425,8.25372,3.732355e-08,0.02028341,0.06602978,False,0.0835,False
2024-05-09,CE04OSBP-LJ01C-07-VEL3DC107,10,True,2024-05-09T00:00:00Z,2024-05-09T23:59:59Z,691201,691201,0,0.125,0.124879837,0.124999952,-0.004699521,0,0,6,6,1e-06,2.137996,7.259642,7.651592e-09,0.01710398,0.05807716,False,0.026179,False
2024-05-10,CE04OSBP-LJ01C-07-VEL3DC107,10,True,2024-05-10T00:00:00Z,2024-05-10T23:59:59Z,690390,691201,811,0.125,0.124879837,0.124999708,0.043899508,1,811,1,811,-1e-06,33.137619,70.669598,-8.562589e-09,0.2651016,0.5653581,True,0.213298,True
2024-05-11,CE04OSBP-LJ01C-07-VEL3DC107,10,True,2024-05-11T00:00:00Z,2024-05-11T23:59:59Z,691200,691200,0,0.125,0.124879837,0.124999968,-0.001091618,0,0,0,0,5e-06,1.705451,10.730538,3.757851e-08,0.01364361,0.08584432,False,0.065859,False
2024-05-12,CE04OSBP-LJ01C-07-VEL3DC107,10,True,2024-05-12T00:00:00Z,2024-05-12T23:59:59Z,691200,691200,0,0.125,0.124879837,0.12499996,0.000885968,0,0,0,0,5e-06,2.531943,7.923733,3.604879e-08,0.02025555,0.06338988,False,0.02561,False
2024-05-13,CE04OSBP-LJ01C-07-VEL3DC107,10,True,2024-05-13T00:00:00Z,2024-05-13T23:59:59Z,691201,691201,0,0.125,0.124879837,0.124999948,0.001258271,0,0,16,16,2e-06,1.151769,27.046456,1.373323e-08,0.009214155,0.2163717,False,0.198127,False
2024-05-14,CE04OSBP-LJ01C-07-VEL3DC107,10,True,2024-05-14T00:00:00Z,2024-05-14T23:59:59Z,691200,691200,0,0.125,0.124879837,0.124999946,0.000239969,0,0,0,0,5e-06,1.341983,5.153088,3.732259e-08,0.01073587,0.04122472,False,0.029317,False
2024-05-15,CE04OSBP-LJ01C-07-VEL3DC107,10,True,2024-05-15T00:00:00Z,2024-05-15T23:59:59Z,691200,691200,0,0.125,0.124879837,0.124999948,-0.002034531,0,0,0,0,5e-06,1.231354,4.302101,3.710638e-08,0.009850836,0.03441683,False,0.027595,False
2024-05-16,CE04OSBP-LJ01C-07-VEL3DC107,10,True,2024-05-16T00:00:00Z,2024-05-16T23:59:59Z,691200,691200,0,0.125,0.124879837,0.124999946,-0.000715831,0,0,0,0,5e-06,1.572257,4.098657,3.772839e-08,0.01257806,0.03278927,False,0.027553,False
2024-05-17,CE04OSBP-LJ01C-07-VEL3DC107,10,True,2024-05-17T00:00:00Z,2024-05-17T23:59:59Z,691201,691201,0,0.125,0.124879837,0.124999946,-0.000711399,0,0,6,6,1e-06,2.198031,6.254028,8.025854e-09,0.01758425,0.05003225,False,0.034003,False
2024-05-18,CE04OSBP-LJ01C-07-VEL3DC107,10,True,2024-05-18T00:00:00Z,2024-05-18T23:59:59Z,691200,691200,0,0.125,0.124879837,0.124999947,0.000626374,0,0,0,0,5e-06,1.319633,8.898597,3.618201e-08,0.01055707,0.0711888,False,0.064821,False
2024-05-19,CE04OSBP-LJ01C-07-VEL3DC107,10,True,2024-05-19T00:00:00Z,2024-05-19T23:59:59Z,691200,691200,0,0.125,0.124879837,0.124999937,-0.000319966,0,0,0,0,5e-06,1.472922,4.278472,3.768873e-08,0.01178338,0.03422779,False,0.036492,False
2024-05-20,CE04OSBP-LJ01C-07-VEL3DC107,10,True,2024-05-20T00:00:00Z,2024-05-20T23:59:59Z,691201,691201,0,0.125,0.124879837,0.124999936,0.000772648,0,0,15,15,1e-06,1.3293,3.847018,7.474283e-09,0.0106344,0.03077616,False,0.027439,False
2024-05-21,CE04OSBP-LJ01C-07-VEL3DC107,10,True,2024-05-21T00:00:00Z,2024-05-21T23:59:59Z,691200,691200,0,0.125,0.124879837,0.124999931,0.002383115,0,0,0,0,4e-06,1.433596,4.059715,3.583707e-08,0.01146877,0.03247774,False,0.025033,False
2024-05-22,CE04OSBP-LJ01C-07-VEL3DC107,10,True,2024-05-22T00:00:00Z,2024-05-22T23:59:59Z,691200,691200,0,0.125,0.124879837,0.124999932,-0.00081368,0,0,0,0,5e-06,1.206716,7.316169,3.802168e-08,0.009653734,0.05852938,False,0.045572,False
2024-05-23,CE04OSBP-LJ01C-07-VEL3DC107,10,True,2024-05-23T00:00:00Z,2024-05-23T23:59:59Z,691201,691201,0,0.125,0.124879837,0.124999935,0.002011769,0,0,15,15,-2e-06,1.103695,3.070523,-1.52226e-08,0.008829565,0.02456419,False,0.028023,False
2024-05-24,CE04OSBP-LJ01C-07-VEL3DC107,10,True,2024-05-24T00:00:00Z,2024-05-24T23:59:59Z,691200,691200,0,0.125,0.124879837,0.124999934,-0.001259942,0,0,0,0,5e-06,1.267044,3.986198,3.802262e-08,0.01013636,0.0318896,False,0.025018,False
2024-05-25,CE04OSBP-LJ01C-07-VEL3DC107,10,True,2024-05-25T00:00:00Z,2024-05-25T23:59:59Z,691201,691201,0,0.125,0.124879837,0.124999934,1.7798e-05,0,0,8,8,-5e-06,1.31264,3.468393,-3.738371e-08,0.01050113,0.02774716,False,0.028527,False
2024-05-26,CE04OSBP-LJ01C-07-VEL3DC107,10,True,2024-05-26T00:00:00Z,2024-05-26T23:59:59Z,691200,691200,0,0.125,0.124879837,0.124999947,-0.00154144,0,0,0,0,5e-06,1.227178,4.182525,3.75838e-08,0.009817432,0.03346022,False,0.027676,False
2024-05-27,CE04OSBP-LJ01C-07-VEL3DC107,10,True,2024-05-27T00:00:00Z,2024-05-27T23:59:59Z,691200,691200,0,0.125,0.124879837,0.124999962,-0.000779939,0,0,0,0,5e-06,1.469618,3.982145,3.74811e-08,0.01175694,0.03185717,False,0.026866,False
2024-05-28,CE04OSBP-LJ01C-07-VEL3DC107,10,True,2024-05-28T00:00:00Z,2024-05-28T23:59:59Z,691200,691200,0,0.125,0.124879837,0.124999965,-0.002142341,0,0,0,0,5e-06,1.169025,3.433035,3.753878e-08,0.009352203,0.02746429,False,0.027275,False
2024-05-29,CE04OSBP-LJ01C-07-VEL3DC107,10,True,2024-05-29T00:00:00Z,2024-05-29T13:33:44Z,390600,390600,0,0.125,0.124879837,0.124999964,-0.002516196,0,0,0,0,-3e-06,1.532293,5.081987,-2.104426e-08,0.01225835,0.0406559,False,0.026763,False
2024-05-30,CE04OSBP-LJ01C-07-VEL3DC107,10,True,2024-05-30T17:01:41Z,2024-05-30T23:59:59Z,200789,200789,0,0.125,0.124879837,0.124999988,0.001191229,0,0,0,0,-0.0,1.619991,7.461165,-7.638616e-10,0.01295993,0.05968933,False,0.043113,False
2024-05-31,CE04OSBP-LJ01C-07-VEL3DC107,10,True,2024-05-31T00:00:00Z,2024-05-31T23:59:59Z,691200,691200,0,0.125,0.124879837,0.124999965,-0.001485151,0,0,0,0,5e-06,1.372812,9.87155,3.865304e-08,0.0109825,0.07897242,False,0.069216,False
2024-06-01,CE04OSBP-LJ01C-07-VEL3DC107,10,True,2024-06-01T00:00:00Z,2024-06-01T23:59:59Z,691201,691201,0,0.125,0.124879837,0.124999969,-0.003104233,0,0,3,3,-8e-06,1.696346,4.22829,-6.149997e-08,0.01357077,0.03382633,False,0.025503,False
2024-06-02,CE04OSBP-LJ01C-07-VEL3DC107,10,True,2024-06-02T00:00:00Z,2024-06-02T23:59:59Z,691200,691200,0,0.125,0.124879837,0.12499997,0.00092758,0,0,16,16,1e-06,1.059245,2.886736,4.805746e-09,0.008473965,0.02309389,False,0.026152,False
2024-06-03,CE04OSBP-LJ01C-07-VEL3DC107,10,True,2024-06-03T00:00:00Z,2024-06-03T23:59:59Z,691200,691200,0,0.125,0.124879837,0.124999959,0.000136997,0,0,0,0,5e-06,1.12134,3.035487,3.73472e-08,0.008970725,0.0242839,False,0.027725,False
2024-06-04,CE04OSBP-LJ01C-07-VEL3DC107,10,True,2024-06-04T00:00:00Z,2024-06-04T23:59:59Z,691200,691200,0,0.125,0.124879837,0.124999957,0.000832572,0,0,0,0,5e-06,1.247263,3.438919,3.846395e-08,0.009978107,0.02751136,False,0.028267,False
2024-06-05,CE04OSBP-LJ01C-07-VEL3DC107,10,True,2024-06-05T00:00:00Z,2024-06-05T23:59:59Z,691200,691200,0,0.125,0.124879837,0.12499995,-0.00203216,0,0,0,0,4e-06,1.074871,3.01819,3.567863e-08,0.008598968,0.02414553,False,0.028134,False
2024-06-06,CE04OSBP-LJ01C-07-VEL3DC107,10,True,2024-06-06T00:00:00Z,2024-06-06T23:59:59Z,691201,691201,0,0.125,0.124879837,0.124999943,0.001856377,0,0,7,7,0.0,1.37763,5.614438,3.006884e-10,0.01102105,0.04491552,False,0.041131,False
2024-06-07,CE04OSBP-LJ01C-07-VEL3DC107,10,True,2024-06-07T00:00:00Z,2024-06-07T23:59:59Z,691200,691200,0,0.125,0.124879837,0.124999942,-0.003549373,0,0,0,0,5e-06,1.511528,4.013314,3.622733e-08,0.01209223,0.03210653,False,0.028019,False
2024-06-08,CE04OSBP-LJ01C-07-VEL3DC107,10,True,2024-06-08T00:00:00Z,2024-06-08T23:59:59Z,691200,691200,0,0.125,0.124879837,0.124999943,-0.001786084,0,0,0,0,5e-06,1.636115,4.537045,3.746915e-08,0.01308893,0.03629638,False,0.025369,False
2024-06-09,CE04OSBP-LJ01C-07-VEL3DC107,10,True,2024-06-09T00:00:00Z,2024-06-09T23:59:59Z,691201,691201,0,0.125,0.124879837,0.124999951,0.000921679,0,0,19,19,-0.0,1.423763,10.205435,-3.658816e-09,0.01139011,0.08164351,False,0.082202,False
2024-06-10,CE04OSBP-LJ01C-07-VEL3DC107,10,True,2024-06-10T00:00:00Z,2024-06-10T23:59:59Z,691200,691200,0,0.125,0.124879837,0.12499995,-0.000104852,0,0,0,0,5e-06,1.232323,3.361247,3.706294e-08,0.00985859,0.02688999,False,0.026079,False
2024-06-11,CE04OSBP-LJ01C-07-VEL3DC107,10,True,2024-06-11T00:00:00Z,2024-06-11T23:59:59Z,691200,691200,0,0.125,0.124879837,0.124999956,0.000860322,0,0,0,0,5e-06,1.393906,6.573309,3.75314e-08,0.01115125,0.05258649,False,0.033449,False
2024-06-12,CE04OSBP-LJ01C-07-VEL3DC107,10,True,2024-06-12T00:00:00Z,2024-06-12T23:59:59Z,691200,691200,0,0.125,0.124879837,0.124999949,-0.0005641,0,0,0,0,5e-06,1.688525,4.748266,3.688281e-08,0.0135082,0.03798614,False,0.024823,False
2024-06-13,CE04OSBP-LJ01C-07-VEL3DC107,10,True,2024-06-13T00:00:00Z,2024-06-13T23:59:59Z,691201,691201,0,0.125,0.124879837,0.124999944,0.001421428,0,0,13,13,-1e-06,1.521381,4.917932,-7.971353e-09,0.01217106,0.03934347,False,0.030085,False
2024-06-14,CE04OSBP-LJ01C-07-VEL3DC107,10,True,2024-06-14T00:00:00Z,2024-06-14T23:59:59Z,691200,691200,0,0.125,0.124879837,0.124999939,0.00154541,0,0,0,0,5e-06,1.939809,6.035837,3.767147e-08,0.01551848,0.04828672,False,0.025572,False
2024-06-15,CE04OSBP-LJ01C-07-VEL3DC107,10,True,2024-06-15T00:00:00Z,2024-06-15T23:59:59Z,691200,691200,0,0.125,0.124879837,0.124999949,0.000594473,0,0,0,0,5e-06,1.186922,3.368775,3.734193e-08,0.00949538,0.02695021,False,0.025182,False
2024-06-16,CE04OSBP-LJ01C-07-VEL3DC107,10,True,2024-06-16T00:00:00Z,2024-06-16T23:59:59Z,691201,691201,0,0.125,0.124879837,0.124999945,-0.000466698,0,0,12,12,4e-06,1.114893,3.234954,3.583227e-08,0.008919145,0.02587964,False,0.025106,False
2024-06-17,CE04OSBP-LJ01C-07-VEL3DC107,10,True,2024-06-17T00:00:00Z,2024-06-17T23:59:59Z,691200,691200,0,0.125,0.124879837,0.124999941,0.001565307,0,0,0,0,5e-06,1.17169,5.334901,3.631241e-08,0.009373524,0.04267923,False,0.035251,False
2024-06-18,CE04OSBP-LJ01C-07-VEL3DC107,10,True,2024-06-18T00:00:00Z,2024-06-18T23:59:59Z,681816,691209,9393,0.125,0.124879837,0.124998333,0.318828371,2,9393,2,9393,-3e-06,315.769994,556.528759,-2.166153e-08,2.526194,4.452289,True,0.475841,True
2024-06-19,CE04OSBP-LJ01C-07-VEL3DC107,10,True,2024-06-19T00:00:00Z,2024-06-19T23:59:59Z,682420,691209,8789,0.125,0.124879837,0.124998691,-0.385130126,18,8789,18,8804,-0.0,212.98654,449.625342,-2.895007e-09,1.70391,3.59704,True,0.373864,True
2024-06-20,CE04OSBP-LJ01C-07-VEL3DC107,10,True,2024-06-20T00:00:00Z,2024-06-20T23:59:59Z,691200,691200,0,0.125,0.124879837,0.124999945,-0.002868247,0,0,0,0,5e-06,1.320949,3.787748,3.781551e-08,0.01056759,0.030302,False,0.028164,False
2024-06-21,CE04OSBP-LJ01C-07-VEL3DC107,10,True,2024-06-21T00:00:00Z,2024-06-21T23:59:59Z,691200,691200,0,0.125,0.124879837,0.124999942,0.001500499,0,0,0,0,5e-06,1.476453,11.24672,3.712964e-08,0.01181163,0.0899738,False,0.079094,False
2024-06-22,CE04OSBP-LJ01C-07-VEL3DC107,10,True,2024-06-22T00:00:00Z,2024-06-22T23:59:59Z,691201,691201,0,0.125,0.124879837,0.124999938,0.001206095,0,0,15,15,2e-06,1.359857,4.035415,1.264494e-08,0.01087886,0.03228334,False,0.027324,False
2024-06-23,CE04OSBP-LJ01C-07-VEL3DC107,10,True,2024-06-23T00:00:00Z,2024-06-23T23:59:59Z,691200,691200,0,0.125,0.124879837,0.124999941,0.000989579,0,0,0,0,5e-06,1.484592,9.502994,3.700178e-08,0.01187674,0.07602399,False,0.067661,False
2024-06-24,CE04OSBP-LJ01C-07-VEL3DC107,10,True,2024-06-24T00:00:00Z,2024-06-24T23:59:59Z,691200,691200,0,0.125,0.124879837,0.124999941,0.00131691,0,0,0,0,5e-06,1.145335,3.388922,3.648353e-08,0.009162685,0.02711139,False,0.025946,False
2024-06-25,CE04OSBP-LJ01C-07-VEL3DC107,10,True,2024-06-25T00:00:00Z,2024-06-25T23:59:59Z,691201,691201,0,0.125,0.124879837,0.124999937,-0.000559975,0,0,15,15,2e-06,1.512786,4.551285,1.675346e-08,0.0121023,0.03641029,False,0.029157,False
2024-06-26,CE04OSBP-LJ01C-07-VEL3DC107,10,True,2024-06-26T00:00:00Z,2024-06-26T23:59:59Z,691200,691200,0,0.125,0.124879837,0.124999941,0.00128085,0,0,0,0,5e-06,1.261297,3.312101,3.71959e-08,0.01009038,0.02649682,False,0.027683,False
2024-06-27,CE04OSBP-LJ01C-07-VEL3DC107,10,True,2024-06-27T00:00:00Z,2024-06-27T23:59:59Z,691200,691200,0,0.125,0.124879837,0.124999941,3.6881e-05,0,0,0,0,5e-06,1.06078,2.896727,3.674019e-08,0.008486242,0.02317383,False,0.027725,False
2024-06-28,CE04OSBP-LJ01C-07-VEL3DC107,10,True,2024-06-28T00:00:00Z,2024-06-28T23:59:59Z,691201,691201,0,0.125,0.124879837,0.12499993,0.002239724,0,0,11,11,0.0,1.187389,3.33942,3.991824e-09,0.009499115,0.02671538,False,0.025041,False
2024-06-29,CE04OSBP-LJ01C-07-VEL3DC107,10,True,2024-06-29T00:00:00Z,2024-06-29T23:59:59Z,691200,691200,0,0.125,0.124879837,0.124999933,-0.004232623,0,0,0,0,5e-06,1.514835,5.328538,3.785483e-08,0.01211869,0.04262833,False,0.030039,False
2024-06-30,CE04OSBP-LJ01C-07-VEL3DC107,10,True,2024-06-30T00:00:00Z,2024-06-30T23:59:59Z,691200,691200,0,0.125,0.124879837,0.12499993,0.001581748,0,0,0,0,5e-06,1.489084,4.293522,3.745477e-08,0.01191268,0.0343482,False,0.024846,False
2024-07-01,CE04OSBP-LJ01C-07-VEL3DC107,10,True,2024-07-01T00:00:00Z,2024-07-01T23:59:59Z,691201,691201,0,0.125,0.124879837,0.124999937,-0.001307543,0,0,13,13,0.0,1.460655,9.260401,3.311841e-09,0.01168525,0.07408325,False,0.051468,False
2024-07-02,CE04OSBP-LJ01C-07-VEL3DC107,10,True,2024-07-02T00:00:00Z,2024-07-02T23:59:59Z,691200,691200,0,0.125,0.124879837,0.124999939,0.000425325,0,0,0,0,5e-06,1.454393,3.719516,3.628055e-08,0.01163515,0.02975614,False,0.026835,False
2024-07-03,CE04OSBP-LJ01C-07-VEL3DC107,10,True,2024-07-03T00:00:00Z,2024-07-03T10:16:10Z,295767,295767,0,0.125,0.124879837,0.124999942,-0.00043873,0,0,0,0,2e-06,1.080416,2.945793,1.35223e-08,0.00864333,0.02356636,False,0.025728,False
2024-07-04,CE04OSBP-LJ01C-07-VEL3DC107,10,False,,,0,0,,0.125,,,,,,,,,,,,,,,,False
2024-07-05,CE04OSBP-LJ01C-07-VEL3DC107,10,True,2024-07-05T19:42:22Z,2024-07-05T23:59:59Z,123663,123663,0,0.125,0.124879837,0.124999969,-0.001835435,0,0,0,0,-0.0,1.192255,6.248389,-1.926212e-09,0.009538046,0.04998713,False,0.048134,False
2024-07-06,CE04OSBP-LJ01C-07-VEL3DC107,10,True,2024-07-06T00:00:00Z,2024-07-06T23:59:59Z,691200,691200,0,0.125,0.124879837,0.124999948,0.001596138,0,0,0,0,5e-06,1.535343,3.855227,3.603996e-08,0.01228275,0.03084183,False,0.027737,False
2024-07-07,CE04OSBP-LJ01C-07-VEL3DC107,10,True,2024-07-07T00:00:00Z,2024-07-07T23:59:59Z,691200,691200,0,0.125,0.124879837,0.124999928,0.005165186,0,0,0,0,5e-06,1.904259,5.310623,3.761119e-08,0.01523408,0.04248501,False,0.027691,False
2024-07-08,CE04OSBP-LJ01C-07-VEL3DC107,10,True,2024-07-08T00:00:00Z,2024-07-08T23:59:59Z,691201,691201,0,0.125,0.124879837,0.124999916,-0.000546196,0,0,12,12,1e-06,1.092222,3.470353,9.744289e-09,0.00873778,0.02776284,False,0.027668,False
2024-07-09,CE04OSBP-LJ01C-07-VEL3DC107,10,True,2024-07-09T00:00:00Z,2024-07-09T23:59:59Z,691200,691200,0,0.125,0.124879837,0.124999919,0.001705518,0,0,0,0,5e-06,1.529426,8.456395,3.772861e-08,0.01223542,0.0676512,False,0.05587,False
2024-07-10,CE04OSBP-LJ01C-07-VEL3DC107,10,True,2024-07-10T00:00:00Z,2024-07-10T23:59:59Z,691201,691201,0,0.125,0.124879837,0.124999916,0.002330915,0,0,9,9,1e-06,2.452913,10.14548,6.176513e-09,0.01962331,0.0811639,False,0.043361,False
2024-07-11,CE04OSBP-LJ01C-07-VEL3DC107,10,True,2024-07-11T00:00:00Z,2024-07-11T23:59:59Z,686628,691204,4576,0.125,0.124879837,0.124998837,0.110077619,1,4576,1,4576,-1e-06,123.589065,253.754936,-6.009667e-09,0.9887217,2.030058,True,0.386052,True
2024-07-12,CE04OSBP-LJ01C-07-VEL3DC107,10,True,2024-07-12T00:00:00Z,2024-07-12T23:59:59Z,691201,691201,0,0.125,0.124879837,0.124999917,-0.001139322,0,0,6,6,-0.0,1.08622,3.643281,-1.072612e-09,0.008689763,0.02914627,False,0.044621,False
2024-07-13,CE04OSBP-LJ01C-07-VEL3DC107,10,True,2024-07-13T00:00:00Z,2024-07-13T23:59:59Z,691200,691200,0,0.125,0.124879837,0.124999913,0.001447731,0,0,0,0,5e-06,1.051634,3.989509,3.873121e-08,0.008413074,0.0319161,False,0.027706,False
2024-07-14,CE04OSBP-LJ01C-07-VEL3DC107,10,True,2024-07-14T00:00:00Z,2024-07-14T23:59:59Z,691201,691201,0,0.125,0.124879837,0.124999917,-0.001073559,0,0,9,9,-1e-06,1.371602,5.12472,-8.070994e-09,0.01097282,0.04099779,False,0.04364,False
2024-07-15,CE04OSBP-LJ01C-07-VEL3DC107,10,True,2024-07-15T00:00:00Z,2024-07-15T23:59:59Z,691200,691200,0,0.125,0.124879837,0.124999915,0.000367063,0,0,0,0,5e-06,1.100862,3.104583,3.660136e-08,0.008806902,0.02483668,False,0.027645,False
2024-07-16,CE04OSBP-LJ01C-07-VEL3DC107,10,True,2024-07-16T00:00:00Z,2024-07-16T23:59:59Z,691201,691201,0,0.125,0.124879837,0.124999912,-0.001658233,0,0,5,5,1e-06,1.49717,3.869387,8.150324e-09,0.01197737,0.03095512,False,0.025323,False
2024-07-17,CE04OSBP-LJ01C-07-VEL3DC107,10,True,2024-07-17T00:00:00Z,2024-07-17T23:59:59Z,691200,691200,0,0.125,0.124879837,0.12499991,0.004952136,0,0,1,1,-1e-06,2.151982,27.966387,-4.05135e-09,0.01721587,0.2237313,False,0.198299,False
2024-07-18,CE04OSBP-LJ01C-07-VEL3DC107,10,True,2024-07-18T00:00:00Z,2024-07-18T23:59:59Z,691201,691201,0,0.125,0.124879837,0.124999893,0.000953588,0,0,9,9,-0.0,1.550887,3.962577,-4.845858e-10,0.01240711,0.03170064,False,0.025102,False
2024-07-19,CE04OSBP-LJ01C-07-VEL3DC107,10,True,2024-07-19T00:00:00Z,2024-07-19T23:59:59Z,691200,691200,0,0.125,0.124879837,0.124999921,-0.004266579,0,0,0,0,5e-06,3.532671,8.478023,3.730221e-08,0.02826139,0.06782423,False,0.028733,False
2024-07-20,CE04OSBP-LJ01C-07-VEL3DC107,10,True,2024-07-20T00:00:00Z,2024-07-20T23:59:59Z,691200,691200,0,0.125,0.124879837,0.12499995,0.005077947,0,0,0,0,5e-06,3.023151,7.335671,3.731883e-08,0.02418522,0.05868539,False,0.025205,False
2024-07-21,CE04OSBP-LJ01C-07-VEL3DC107,10,True,2024-07-21T00:00:00Z,2024-07-21T23:59:59Z,691201,691201,0,0.125,0.124879837,0.124999926,0.000223983,0,0,9,9,1e-06,1.267821,3.660461,1.137576e-08,0.01014257,0.02928371,False,0.027698,False
2024-07-22,CE04OSBP-LJ01C-07-VEL3DC107,10,True,2024-07-22T00:00:00Z,2024-07-22T23:59:59Z,691200,691200,0,0.125,0.124879837,0.124999935,0.001233574,0,0,0,0,5e-06,1.378189,3.912405,3.740044e-08,0.01102552,0.03129926,False,0.02742,False
2024-07-23,CE04OSBP-LJ01C-07-VEL3DC107,10,True,2024-07-23T00:00:00Z,2024-07-23T23:59:59Z,691201,691201,0,0.125,0.124879837,0.12499994,-0.000183484,0,0,14,14,-0.0,1.370937,8.677244,-1.760718e-09,0.0109675,0.06941799,False,0.051892,False
2024-07-24,CE04OSBP-LJ01C-07-VEL3DC107,10,True,2024-07-24T00:00:00Z,2024-07-24T23:59:59Z,691200,691200,0,0.125,0.124879837,0.124999938,0.003443726,0,0,0,0,5e-06,1.555878,4.259559,3.77423e-08,0.01244703,0.03407649,False,0.025056,False
2024-07-25,CE04OSBP-LJ01C-07-VEL3DC107,10,True,2024-07-25T00:00:00Z,2024-07-25T23:59:59Z,691200,691200,0,0.125,0.124879837,0.124999939,0.001700128,0,0,0,0,5e-06,3.067883,7.851803,3.887189e-08,0.02454308,0.06281445,False,0.027992,False
2024-07-26,CE04OSBP-LJ01C-07-VEL3DC107,10,True,2024-07-26T00:00:00Z,2024-07-26T23:59:59Z,691201,691201,0,0.125,0.124879837,0.124999916,0.005872434,0,0,7,7,1e-06,3.637104,7.971104,8.579074e-09,0.02909685,0.06376887,False,0.025427,False
2024-07-27,CE04OSBP-LJ01C-07-VEL3DC107,10,True,2024-07-27T00:00:00Z,2024-07-27T23:59:59Z,691200,691200,0,0.125,0.124879837,0.124999918,-0.000312952,0,0,0,0,5e-06,1.574792,5.103963,3.714474e-08,0.01259834,0.04083173,False,0.032357,False
2024-07-28,CE04OSBP-LJ01C-07-VEL3DC107,10,True,2024-07-28T00:00:00Z,2024-07-28T23:59:59Z,691201,691201,0,0.125,0.124879837,0.124999912,0.001460138,0,0,6,6,-5e-06,1.347798,10.480937,-3.709987e-08,0.01078239,0.08384756,False,0.080312,False
2024-07-29,CE04OSBP-LJ01C-07-VEL3DC107,10,True,2024-07-29T00:00:00Z,2024-07-29T23:59:59Z,691200,691200,0,0.125,0.124879837,0.124999905,0.000554618,0,0,0,0,5e-06,1.802279,10.688399,3.700044e-08,0.01441824,0.08550725,False,0.071789,False
2024-07-30,CE04OSBP-LJ01C-07-VEL3DC107,10,True,2024-07-30T00:00:00Z,2024-07-30T23:59:59Z,691201,691201,0,0.125,0.124879837,0.124999883,0.002373111,0,0,3,3,1e-06,1.560257,11.476864,9.081631e-09,0.01248207,0.091815,False,0.08518,False
2024-07-31,CE04OSBP-LJ01C-07-VEL3DC107,10,True,2024-07-31T00:00:00Z,2024-07-31T23:59:59Z,691200,691200,0,0.125,0.124879837,0.124999896,-0.001226634,0,0,0,0,5e-06,1.291586,3.872492,3.613596e-08,0.01033269,0.03097997,False,0.027637,False
2024-08-01,CE04OSBP-LJ01C-07-VEL3DC107,10,True,2024-08-01T00:00:00Z,2024-08-01T23:59:59Z,691201,691201,0,0.125,0.124879837,0.124999917,0.000603805,0,0,10,10,-0.0,1.198352,4.797554,-1.224812e-09,0.009586825,0.03838046,False,0.035236,False
2024-08-02,CE04OSBP-LJ01C-07-VEL3DC107,10,True,2024-08-02T00:00:00Z,2024-08-02T23:59:59Z,691200,691200,0,0.125,0.124879837,0.124999908,0.002452491,0,0,0,0,5e-06,3.296324,7.411648,3.630336e-08,0.02637061,0.05929323,False,0.029749,False
2024-08-03,CE04OSBP-LJ01C-07-VEL3DC107,10,True,2024-08-03T00:00:00Z,2024-08-03T23:59:59Z,691201,691201,0,0.125,0.124879837,0.124999925,0.006701369,0,0,10,10,-1e-06,2.428336,8.411209,-1.058676e-08,0.0194267,0.06728971,False,0.025251,False
2024-08-04,CE04OSBP-LJ01C-07-VEL3DC107,10,True,2024-08-04T00:00:00Z,2024-08-04T23:59:59Z,691200,691200,0,0.125,0.124879837,0.124999919,0.001347439,0,0,0,0,5e-06,1.088349,3.061385,3.765168e-08,0.008706794,0.02449109,False,0.027309,False
2024-08-05,CE04OSBP-LJ01C-07-VEL3DC107,10,True,2024-08-05T00:00:00Z,2024-08-05T23:59:59Z,691201,691201,0,0.125,0.124879837,0.124999912,0.000183447,0,0,17,17,-3e-06,1.086909,3.093361,-2.176126e-08,0.00869528,0.0247469,False,0.028596,False
2024-08-06,CE04OSBP-LJ01C-07-VEL3DC107,10,True,2024-08-06T00:00:00Z,2024-08-06T23:59:59Z,691104,691200,96,0.125,0.124879837,0.124999904,0.00239255,1,96,1,97,0.0,1.193055,48.230142,3.801433e-09,0.009544447,0.3858414,False,0.443691,True
2024-08-07,CE04OSBP-LJ01C-07-VEL3DC107,10,True,2024-08-07T00:00:00Z,2024-08-07T23:59:59Z,691201,691201,0,0.125,0.124879837,0.124999904,0.00475033,0,0,13,13,4e-06,1.850217,6.211598,2.956764e-08,0.01480175,0.04969282,False,0.027706,False
2024-08-08,CE04OSBP-LJ01C-07-VEL3DC107,10,True,2024-08-08T00:00:00Z,2024-08-08T23:59:59Z,686227,691205,4978,0.125,0.124879837,0.124998542,0.147898156,1,4978,1,4978,0.0,154.754452,315.380481,1.461591e-09,1.23805,2.523073,True,0.209525,True
2024-08-09,CE04OSBP-LJ01C-07-VEL3DC107,10,True,2024-08-09T00:00:00Z,2024-08-09T23:59:59Z,691201,691201,0,0.125,0.124879837,0.124999912,0.002316717,0,0,14,14,-0.0,3.128179,29.498387,-1.147584e-09,0.02502545,0.2359873,False,0.198337,False
2024-08-10,CE04OSBP-LJ01C-07-VEL3DC107,10,True,2024-08-10T00:00:00Z,2024-08-10T23:59:59Z,691200,691200,0,0.125,0.124879837,0.12499989,0.002763899,0,0,0,0,5e-06,1.191953,3.096021,3.78535e-08,0.009535633,0.02476819,False,0.025106,False
2024-08-11,CE04OSBP-LJ01C-07-VEL3DC107,10,True,2024-08-11T00:00:00Z,2024-08-11T23:59:59Z,691201,691201,0,0.125,0.124879837,0.124999901,-0.004150457,0,0,10,10,0.0,2.711926,5.99533,2.204683e-09,0.02169542,0.04796268,False,0.025835,False
2024-08-12,CE04OSBP-LJ01C-07-VEL3DC107,10,True,2024-08-12T00:00:00Z,2024-08-12T23:59:59Z,691200,691200,0,0.125,0.124879837,0.124999924,-0.000113342,0,0,0,0,5e-06,2.65587,7.395469,3.711779e-08,0.02124697,0.05916379,False,0.027374,False
2024-08-13,CE04OSBP-LJ01C-07-VEL3DC107,10,True,2024-08-13T00:00:00Z,2024-08-13T23:59:59Z,686508,691206,4698,0.125,0.124879837,0.124998556,0.151685229,12,4698,12,4709,0.0,155.67236,314.316693,1.040122e-09,1.245393,2.514563,True,0.492478,True
2024-08-14,CE04OSBP-LJ01C-07-VEL3DC107,10,True,2024-08-14T00:00:00Z,2024-08-14T23:59:59Z,691200,691200,0,0.125,0.124879837,0.124999883,0.004682718,0,0,0,0,5e-06,2.743311,13.861942,3.715408e-08,0.0219465,0.1108956,False,0.095238,False
2024-08-15,CE04OSBP-LJ01C-07-VEL3DC107,10,True,2024-08-15T00:00:00Z,2024-08-15T07:24:11Z,213215,213215,0,0.125,0.124879837,0.124999931,-0.001149004,0,0,0,0,0.0,1.211238,5.130886,3.078275e-09,0.009689908,0.04104711,False,0.035851,False
2024-08-16,CE04OSBP-LJ01C-07-VEL3DC107,0,False,,,0,0,,,,,,,,,,,,,,,,,,False
2024-08-17,CE04OSBP-LJ01C-07-VEL3DC107,0,False,,,0,0,,,,,,,,,,,,,,,,,,False
2024-08-18,CE04OSBP-LJ01C-07-VEL3DC107,0,False,,,0,0,,,,,,,,,,,,,,,,,,False
2024-08-19,CE04OSBP-LJ01C-07-VEL3DC107,0,False,,,0,0,,,,,,,,,,,,,,,,,,False
2024-08-20,CE04OSBP-LJ01C-07-VEL3DC107,0,False,,,0,0,,,,,,,,,,,,,,,,,,False
2024-08-21,CE04OSBP-LJ01C-07-VEL3DC107,0,False,,,0,0,,,,,,,,,,,,,,,,,,False
2024-08-22,CE04OSBP-LJ01C-07-VEL3DC107,11,True,2024-08-22T16:01:18Z,2024-08-22T23:59:59Z,228091,229778,1687,0.125,0.124879837,0.124999783,-0.246622816,12,1687,12,1697,0.0,8.97909,263.026169,2.07798e-09,0.07183285,2.104213,True,0.479652,True
2024-08-23,CE04OSBP-LJ01C-07-VEL3DC107,11,True,2024-08-23T00:00:00Z,2024-08-23T23:59:59Z,691201,691201,0,0.125,0.124879837,0.124999795,0.002072724,0,0,4,4,2e-06,1.97733,16.524599,1.372599e-08,0.01581866,0.132197,False,0.119664,False
2024-08-24,CE04OSBP-LJ01C-07-VEL3DC107,11,True,2024-08-24T00:00:00Z,2024-08-24T23:59:59Z,691201,691201,0,0.125,0.124879837,0.124999792,0.000674885,0,0,1,1,-6e-06,1.488364,4.221744,-4.607337e-08,0.01190693,0.03377401,False,0.027698,False
2024-08-25,CE04OSBP-LJ01C-07-VEL3DC107,11,True,2024-08-25T00:00:00Z,2024-08-25T23:59:59Z,691201,691201,0,0.125,0.124879837,0.124999787,0.003636614,0,0,5,5,-0.0,1.46025,4.064997,-1.246295e-09,0.01168202,0.03252003,False,0.026923,False
2024-08-26,CE04OSBP-LJ01C-07-VEL3DC107,11,True,2024-08-26T00:00:00Z,2024-08-26T23:59:59Z,691201,691201,0,0.125,0.124879837,0.124999791,0.001151168,0,0,5,5,0.0,2.17237,5.184992,2.665953e-09,0.01737899,0.04148001,False,0.025507,False
2024-08-27,CE04OSBP-LJ01C-07-VEL3DC107,11,True,2024-08-27T00:00:00Z,2024-08-27T23:59:59Z,686829,691205,4376,0.125,0.124879837,0.124999356,0.097692972,6,4376,6,4381,-1e-06,132.228303,328.989671,-7.271206e-09,1.057832,2.631931,True,0.211549,True
2024-08-28,CE04OSBP-LJ01C-07-VEL3DC107,11,True,2024-08-28T00:00:00Z,2024-08-28T23:59:59Z,691201,691201,0,0.125,0.124879837,0.124999791,-0.000150872,0,0,5,5,0.0,1.324319,9.775802,2.947736e-09,0.01059457,0.07820654,False,0.070525,False
2024-08-29,CE04OSBP-LJ01C-07-VEL3DC107,11,True,2024-08-29T00:00:00Z,2024-08-29T23:59:59Z,691201,691201,0,0.125,0.124879837,0.124999787,0.003474239,0,0,8,8,1e-06,1.631432,3.97648,1.092656e-08,0.01305148,0.03181189,False,0.02766,False
2024-08-30,CE04OSBP-LJ01C-07-VEL3DC107,11,True,2024-08-30T00:00:00Z,2024-08-30T23:59:59Z,691202,691202,0,0.125,0.124879837,0.124999802,0.005032353,0,0,3,3,-1.1e-05,2.885536,8.002264,-8.720975e-08,0.02308432,0.06401822,False,0.028332,False
2024-08-31,CE04OSBP-LJ01C-07-VEL3DC107,11,True,2024-08-31T00:00:00Z,2024-08-31T23:59:59Z,691201,691201,0,0.125,0.124879837,0.124999797,0.003642938,0,0,4,4,6e-06,1.343963,3.998814,4.707764e-08,0.01075172,0.03199056,False,0.029821,False
2024-09-01,CE04OSBP-LJ01C-07-VEL3DC107,11,True,2024-09-01T00:00:00Z,2024-09-01T23:59:59Z,691201,691201,0,0.125,0.124879837,0.124999801,-0.000149897,0,0,3,3,-6e-06,1.362164,3.974813,-4.52184e-08,0.01089733,0.03179856,False,0.029879,False
2024-09-02,CE04OSBP-LJ01C-07-VEL3DC107,11,True,2024-09-02T00:00:00Z,2024-09-02T23:59:59Z,691201,691201,0,0.125,0.124879837,0.124999804,0.000488437,0,0,1,1,-0.0,1.64999,4.713331,-1.661912e-09,0.01319994,0.03770671,False,0.027114,False
2024-09-03,CE04OSBP-LJ01C-07-VEL3DC107,11,True,2024-09-03T00:00:00Z,2024-09-03T23:59:59Z,691201,691201,0,0.125,0.124879837,0.124999793,-0.001188093,0,0,4,4,-1e-06,1.118146,3.828011,-4.513765e-09,0.008945185,0.03062414,False,0.028741,False
2024-09-04,CE04OSBP-LJ01C-07-VEL3DC107,11,True,2024-09-04T00:00:00Z,2024-09-04T23:59:59Z,691201,691201,0,0.125,0.124879837,0.124999806,-0.001324665,0,0,5,5,1e-06,2.01818,4.926846,1.00851e-08,0.01614547,0.03941483,False,0.031631,False
2024-09-05,CE04OSBP-LJ01C-07-VEL3DC107,11,True,2024-09-05T00:00:00Z,2024-09-05T23:59:59Z,691201,691201,0,0.125,0.124879837,0.124999815,-0.000464854,0,0,7,7,2e-06,1.892985,11.574902,1.485407e-08,0.0151439,0.09259936,False,0.095253,False
2024-09-06,CE04OSBP-LJ01C-07-VEL3DC107,11,True,2024-09-06T00:00:00Z,2024-09-06T23:59:59Z,691201,691201,0,0.125,0.124879837,0.124999806,0.000397073,0,0,1,1,2e-06,1.079212,3.008576,1.787171e-08,0.008633709,0.02406864,False,0.029401,False
2024-09-07,CE04OSBP-LJ01C-07-VEL3DC107,11,True,2024-09-07T00:00:00Z,2024-09-07T23:59:59Z,691201,691201,0,0.125,0.124879837,0.124999806,-0.000490477,0,0,7,7,-1e-06,1.628305,4.768499,-4.171709e-09,0.01302646,0.03814805,False,0.029573,False
2024-09-08,CE04OSBP-LJ01C-07-VEL3DC107,11,True,2024-09-08T00:00:00Z,2024-09-08T23:59:59Z,691201,691201,0,0.125,0.124879837,0.124999803,0.001692173,0,0,11,11,1e-06,4.373608,11.997743,6.112188e-09,0.03498892,0.0959821,False,0.070468,False
2024-09-09,CE04OSBP-LJ01C-07-VEL3DC107,11,True,2024-09-09T00:00:00Z,2024-09-09T23:59:59Z,691201,691201,0,0.125,0.124879837,0.124999808,-0.001500894,0,0,2,2,2e-06,1.086838,3.235363,1.321589e-08,0.008694715,0.02588294,False,0.028164,False
2024-09-10,CE04OSBP-LJ01C-07-VEL3DC107,11,True,2024-09-10T00:00:00Z,2024-09-10T23:59:59Z,691201,691201,0,0.125,0.124879837,0.124999808,0.001560575,0,0,4,4,1e-06,1.487284,9.675857,8.053559e-09,0.01189829,0.07740697,False,0.06122,False
2024-09-11,CE04OSBP-LJ01C-07-VEL3DC107,11,True,2024-09-11T00:00:00Z,2024-09-11T23:59:59Z,691201,691201,0,0.125,0.124879837,0.124999808,0.004664021,0,0,9,9,1e-06,1.708583,7.664775,5.279647e-09,0.01366869,0.06131829,False,0.048734,False
2024-09-12,CE04OSBP-LJ01C-07-VEL3DC107,11,True,2024-09-12T00:00:00Z,2024-09-12T23:59:59Z,691201,691201,0,0.125,0.124879837,0.124999807,0.002258981,0,0,3,3,1e-06,1.221642,5.035878,1.159229e-08,0.009773153,0.04028709,False,0.026221,False
2024-09-13,CE04OSBP-LJ01C-07-VEL3DC107,11,True,2024-09-13T00:00:00Z,2024-09-13T23:59:59Z,691202,691202,0,0.125,0.124879837,0.124999802,0.001689734,0,0,7,7,-1e-06,1.219694,4.086849,-9.379284e-09,0.009757564,0.03269484,False,0.026099,False
2024-09-14,CE04OSBP-LJ01C-07-VEL3DC107,11,True,2024-09-14T00:00:00Z,2024-09-14T23:59:59Z,691201,691201,0,0.125,0.124879837,0.124999806,0.00026668,0,0,8,8,-1.2e-05,1.061636,3.070872,-9.856084e-08,0.008493104,0.02456701,False,0.027244,False
2024-09-15,CE04OSBP-LJ01C-07-VEL3DC107,11,True,2024-09-15T00:00:00Z,2024-09-15T23:59:59Z,691201,691201,0,0.125,0.124879837,0.12499981,0.002247583,0,0,5,5,-4e-06,1.687997,4.483923,-3.275497e-08,0.01350399,0.03587144,False,0.02669,False
2024-09-16,CE04OSBP-LJ01C-07-VEL3DC107,11,True,2024-09-16T00:00:00Z,2024-09-16T23:59:59Z,691201,691201,0,0.125,0.124879837,0.124999815,-0.000319307,0,0,2,2,4e-06,1.44804,3.487556,2.841161e-08,0.01158434,0.02790049,False,0.028462,False
2024-09-17,CE04OSBP-LJ01C-07-VEL3DC107,11,True,2024-09-17T00:00:00Z,2024-09-17T23:59:59Z,691201,691201,0,0.125,0.124879837,0.124999816,0.002328993,0,0,7,7,8e-06,1.113405,3.268202,6.454437e-08,0.00890725,0.02614566,False,0.025659,False
2024-09-18,CE04OSBP-LJ01C-07-VEL3DC107,11,True,2024-09-18T00:00:00Z,2024-09-18T01:52:16Z,53890,53890,0,0.125,0.124879837,0.124999824,-0.000104178,0,0,0,0,0.0,0.990186,2.053706,3.560084e-11,0.007921501,0.01642967,False,0.024747,False
2024-09-19,CE04OSBP-LJ01C-07-VEL3DC107,11,True,2024-09-19T19:08:58Z,2024-09-19T23:59:59Z,139696,139696,0,0.125,0.124879837,0.124999816,0.001495827,0,0,0,0,-0.0,1.373079,6.133193,-8.373788e-10,0.01098465,0.04906562,False,0.043827,False
2024-09-20,CE04OSBP-LJ01C-07-VEL3DC107,11,True,2024-09-20T00:00:00Z,2024-09-20T23:59:59Z,691202,691202,0,0.125,0.124879837,0.124999809,0.002351174,0,0,12,12,-4e-06,1.499939,6.896206,-2.866443e-08,0.01199953,0.05516973,False,0.038596,False
2024-09-21,CE04OSBP-LJ01C-07-VEL3DC107,11,True,2024-09-21T00:00:00Z,2024-09-21T23:59:59Z,691201,691201,0,0.125,0.124879837,0.124999809,0.000552587,0,0,7,7,-1.3e-05,1.154416,6.175656,-1.013586e-07,0.009235345,0.04940532,False,0.044942,False
2024-09-22,CE04OSBP-LJ01C-07-VEL3DC107,11,True,2024-09-22T00:00:00Z,2024-09-22T23:59:59Z,691201,691201,0,0.125,0.124879837,0.124999808,0.000985809,0,0,5,5,-5e-06,1.228809,3.45537,-4.280932e-08,0.009830484,0.02764301,False,0.024785,False
2024-09-23,CE04OSBP-LJ01C-07-VEL3DC107,11,True,2024-09-23T00:00:00Z,2024-09-23T23:59:59Z,691201,691201,0,0.125,0.124879837,0.124999808,0.000140415,0,0,5,5,6e-06,1.139134,3.296232,4.864181e-08,0.00911309,0.0263699,False,0.025346,False
2024-09-24,CE04OSBP-LJ01C-07-VEL3DC107,11,True,2024-09-24T00:00:00Z,2024-09-24T23:59:59Z,691201,691201,0,0.125,0.124879837,0.124999806,0.003043291,0,0,4,4,-2e-06,1.429567,4.27577,-1.586346e-08,0.01143655,0.03420622,False,0.028004,False
2024-09-25,CE04OSBP-LJ01C-07-VEL3DC107,11,True,2024-09-25T00:00:00Z,2024-09-25T23:59:59Z,691201,691201,0,0.125,0.124879837,0.124999808,-0.000695195,0,0,6,6,-1e-06,2.362455,5.724919,-7.809549e-09,0.01889967,0.04579942,False,0.027026,False
2024-09-26,CE04OSBP-LJ01C-07-VEL3DC107,11,True,2024-09-26T00:00:00Z,2024-09-26T23:59:59Z,691201,691201,0,0.125,0.124879837,0.124999805,-2.3819e-05,0,0,4,4,1e-06,1.834705,4.50542,8.423148e-09,0.01467766,0.03604342,False,0.025549,False
2024-09-27,CE04OSBP-LJ01C-07-VEL3DC107,11,True,2024-09-27T00:00:00Z,2024-09-27T23:59:59Z,691201,691201,0,0.125,0.124879837,0.124999796,-0.00122783,0,0,3,3,-1e-06,2.219661,5.944258,-4.409996e-09,0.01775732,0.04755414,False,0.02771,False
2024-09-28,CE04OSBP-LJ01C-07-VEL3DC107,11,True,2024-09-28T00:00:00Z,2024-09-28T23:59:59Z,691201,691201,0,0.125,0.124879837,0.1249998,0.002694246,0,0,4,4,-1e-06,1.223664,5.125195,-4.52558e-09,0.009789329,0.04100162,False,0.0269,False
2024-09-29,CE04OSBP-LJ01C-07-VEL3DC107,11,True,2024-09-29T00:00:00Z,2024-09-29T23:59:59Z,691201,691201,0,0.125,0.124879837,0.124999802,-0.000515269,0,0,7,7,1e-06,1.211263,5.916298,4.693502e-09,0.009690119,0.04733046,False,0.037882,False
2024-09-30,CE04OSBP-LJ01C-07-VEL3DC107,11,True,2024-09-30T00:00:00Z,2024-09-30T23:59:59Z,691201,691201,0,0.125,0.124879837,0.124999804,0.001882108,0,0,5,5,0.0,1.555726,5.008978,3.459256e-10,0.01244583,0.04007189,False,0.027683,False
2024-10-01,CE04OSBP-LJ01C-07-VEL3DC107,11,True,2024-10-01T00:00:00Z,2024-10-01T23:59:59Z,691201,691201,0,0.125,0.124879837,0.124999797,0.000431498,0,0,2,2,-0.0,1.942699,5.632338,-3.925794e-09,0.01554162,0.04505877,False,0.033953,False
2024-10-02,CE04OSBP-LJ01C-07-VEL3DC107,11,True,2024-10-02T00:00:00Z,2024-10-02T23:59:59Z,691201,691201,0,0.125,0.124879837,0.124999813,0.005720531,0,0,6,6,0.0,2.810597,6.747879,3.026946e-09,0.02248481,0.05398311,False,0.028019,False
2024-10-03,CE04OSBP-LJ01C-07-VEL3DC107,11,True,2024-10-03T00:00:00Z,2024-10-03T23:59:59Z,679408,691212,11804,0.125,0.124879837,0.124997439,-0.153045358,8,11804,8,11809,1e-06,282.672146,578.037004,4.321863e-09,2.261423,4.624391,True,0.470492,True
2024-10-04,CE04OSBP-LJ01C-07-VEL3DC107,11,True,2024-10-04T00:00:00Z,2024-10-04T23:59:59Z,691201,691201,0,0.125,0.124879837,0.124999805,-0.000444403,0,0,6,6,-1e-06,1.876843,4.977371,-4.177554e-09,0.01501477,0.03981903,False,0.025858,False
2024-10-05,CE04OSBP-LJ01C-07-VEL3DC107,11,True,2024-10-05T00:00:00Z,2024-10-05T23:59:59Z,691202,691202,0,0.125,0.124879837,0.124999802,-0.002184218,0,0,9,9,-7e-06,1.115778,3.282946,-5.656687e-08,0.008926238,0.02626361,False,0.02763,False
2024-10-06,CE04OSBP-LJ01C-07-VEL3DC107,11,True,2024-10-06T00:00:00Z,2024-10-06T23:59:59Z,681775,691210,9435,0.125,0.124879837,0.124998097,-0.282114225,5,9435,5,9438,1e-06,317.411824,566.963562,4.274474e-09,2.539333,4.535778,True,0.469472,True
2024-10-07,CE04OSBP-LJ01C-07-VEL3DC107,11,True,2024-10-07T00:00:00Z,2024-10-07T23:59:59Z,691201,691201,0,0.125,0.124879837,0.124999799,-0.000793223,0,0,4,4,-1e-06,1.306724,4.159758,-1.108554e-08,0.01045381,0.03327812,False,0.026362,False
2024-10-08,CE04OSBP-LJ01C-07-VEL3DC107,11,True,2024-10-08T00:00:00Z,2024-10-08T23:59:59Z,691201,691201,0,0.125,0.124879837,0.124999796,0.00095208,0,0,0,0,-6e-06,1.214278,3.616243,-4.628922e-08,0.009714241,0.02892999,False,0.026194,False
2024-10-09,CE04OSBP-LJ01C-07-VEL3DC107,11,True,2024-10-09T00:00:00Z,2024-10-09T23:59:59Z,691201,691201,0,0.125,0.124879837,0.124999799,-0.000723158,0,0,3,3,-1e-06,1.236455,3.398825,-4.45808e-09,0.009891659,0.02719064,False,0.024846,False
2024-10-10,CE04OSBP-LJ01C-07-VEL3DC107,11,True,2024-10-10T00:00:00Z,2024-10-10T23:59:59Z,691201,691201,0,0.125,0.124879837,0.124999799,0.001197275,0,0,6,6,0.0,1.618597,4.256393,8.579805e-10,0.01294879,0.0340512,False,0.024831,False
2024-10-11,CE04OSBP-LJ01C-07-VEL3DC107,11,True,2024-10-11T00:00:00Z,2024-10-11T23:59:59Z,691201,691201,0,0.125,0.124879837,0.124999799,-0.00156814,0,0,2,2,-2e-06,1.13243,3.888768,-1.556037e-08,0.009059456,0.03111019,False,0.026072,False
2024-10-12,CE04OSBP-LJ01C-07-VEL3DC107,11,True,2024-10-12T00:00:00Z,2024-10-12T23:59:59Z,691201,691201,0,0.125,0.124879837,0.124999799,-0.000410376,0,0,10,10,2e-06,1.274294,3.782931,1.279668e-08,0.01019437,0.0302635,False,0.02826,False
2024-10-13,CE04OSBP-LJ01C-07-VEL3DC107,11,True,2024-10-13T00:00:00Z,2024-10-13T23:59:59Z,691201,691201,0,0.125,0.124879837,0.124999795,-0.00208949,0,0,2,2,1e-06,1.395339,3.574939,7.182737e-09,0.01116273,0.02859956,False,0.02766,False
2024-10-14,CE04OSBP-LJ01C-07-VEL3DC107,11,True,2024-10-14T00:00:00Z,2024-10-14T23:59:59Z,691202,691202,0,0.125,0.124879837,0.124999803,0.001177432,0,0,9,9,2e-06,1.340532,8.540123,1.582235e-08,0.01072427,0.06832109,False,0.051514,False
2024-10-15,CE04OSBP-LJ01C-07-VEL3DC107,11,True,2024-10-15T00:00:00Z,2024-10-15T23:59:59Z,691201,691201,0,0.125,0.124879837,0.1249998,-0.000988799,0,0,7,7,6e-06,1.123528,3.134103,4.841585e-08,0.00898824,0.02507286,False,0.027076,False
2024-10-16,CE04OSBP-LJ01C-07-VEL3DC107,11,True,2024-10-16T00:00:00Z,2024-10-16T23:59:59Z,691201,691201,0,0.125,0.124879837,0.124999799,0.00156921,0,0,5,5,6e-06,1.164802,3.056872,4.655942e-08,0.009318433,0.02445501,False,0.026354,False
2024-10-17,CE04OSBP-LJ01C-07-VEL3DC107,11,True,2024-10-17T00:00:00Z,2024-10-17T23:59:59Z,691201,691201,0,0.125,0.124879837,0.124999801,0.0019394,0,0,2,2,-1e-06,1.207753,3.351779,-5.832266e-09,0.009662039,0.02681427,False,0.026377,False
2024-10-18,CE04OSBP-LJ01C-07-VEL3DC107,11,True,2024-10-18T00:00:00Z,2024-10-18T23:59:59Z,691201,691201,0,0.125,0.124879837,0.124999807,0.000257845,0,0,2,2,0.0,1.07346,2.913227,1.281098e-09,0.008587697,0.02330585,False,0.028283,False
2024-10-19,CE04OSBP-LJ01C-07-VEL3DC107,11,True,2024-10-19T00:00:00Z,2024-10-19T23:59:59Z,691201,691201,0,0.125,0.124879837,0.124999805,0.000282863,0,0,5,5,-1e-06,1.256004,3.365551,-5.807533e-09,0.01004805,0.02692445,False,0.027137,False
2024-10-20,CE04OSBP-LJ01C-07-VEL3DC107,11,True,2024-10-20T00:00:00Z,2024-10-20T23:59:59Z,691201,691201,0,0.125,0.124879837,0.124999804,-0.000338879,0,0,4,4,-0.0,1.123799,3.039614,-5.492651e-10,0.008990403,0.02431695,False,0.02695,False
2024-10-21,CE04OSBP-LJ01C-07-VEL3DC107,11,True,2024-10-21T00:00:00Z,2024-10-21T23:59:59Z,691201,691201,0,0.125,0.124879837,0.124999805,0.001916477,0,0,4,4,-1e-06,1.182825,7.517526,-1.010818e-08,0.009462615,0.0601403,False,0.048131,False
2024-10-22,CE04OSBP-LJ01C-07-VEL3DC107,11,True,2024-10-22T00:00:00Z,2024-10-22T23:59:59Z,691201,691201,0,0.125,0.124879837,0.124999802,0.000917085,0,0,6,6,1e-06,1.183408,3.319505,7.140129e-09,0.009467277,0.02655608,False,0.02784,False
2024-10-23,CE04OSBP-LJ01C-07-VEL3DC107,11,True,2024-10-23T00:00:00Z,2024-10-23T23:59:59Z,691201,691201,0,0.125,0.124879837,0.124999803,0.002833203,0,0,4,4,2e-06,1.613549,5.636339,1.437446e-08,0.01290841,0.04509078,False,0.024793,False
2024-10-24,CE04OSBP-LJ01C-07-VEL3DC107,11,True,2024-10-24T00:00:00Z,2024-10-24T23:59:59Z,691201,691201,0,0.125,0.124879837,0.124999801,0.000496567,0,0,2,2,1e-06,1.371612,3.87199,7.858739e-09,0.01097291,0.03097597,False,0.02666,False
2024-10-25,CE04OSBP-LJ01C-07-VEL3DC107,11,True,2024-10-25T00:00:00Z,2024-10-25T23:59:59Z,691201,691201,0,0.125,0.124879837,0.124999804,0.001999432,0,0,5,5,-3e-06,1.579317,4.013542,-2.039402e-08,0.01263455,0.03210838,False,0.028034,False
2024-10-26,CE04OSBP-LJ01C-07-VEL3DC107,11,True,2024-10-26T00:00:00Z,2024-10-26T23:59:59Z,691202,691202,0,0.125,0.124879837,0.124999806,0.000757735,0,0,8,8,-0.0,1.199044,3.049101,-3.392286e-09,0.009592363,0.02439284,False,0.025125,False
2024-10-27,CE04OSBP-LJ01C-07-VEL3DC107,11,True,2024-10-27T00:00:00Z,2024-10-27T23:59:59Z,691201,691201,0,0.125,0.124879837,0.124999799,0.001413289,0,0,4,4,7e-06,1.212296,3.924934,5.648107e-08,0.009698386,0.03139952,False,0.024976,False
2024-10-28,CE04OSBP-LJ01C-07-VEL3DC107,11,True,2024-10-28T00:00:00Z,2024-10-28T23:59:59Z,691201,691201,0,0.125,0.124879837,0.124999801,0.000975023,0,0,3,3,-6e-06,1.063041,2.603528,-4.564034e-08,0.008504342,0.02082826,False,0.027729,False
2024-10-29,CE04OSBP-LJ01C-07-VEL3DC107,11,True,2024-10-29T00:00:00Z,2024-10-29T23:59:59Z,691201,691201,0,0.125,0.124879837,0.124999805,0.002634467,0,0,5,5,-1e-06,1.306702,3.410427,-8.854273e-09,0.01045363,0.02728346,False,0.027695,False
2024-10-30,CE04OSBP-LJ01C-07-VEL3DC107,11,True,2024-10-30T00:00:00Z,2024-10-30T23:59:59Z,691201,691201,0,0.125,0.124879837,0.124999801,0.000874379,0,0,3,3,-0.0,1.121938,3.442819,-2.192656e-09,0.008975515,0.0275426,False,0.025209,False
2024-10-31,CE04OSBP-LJ01C-07-VEL3DC107,11,True,2024-10-31T00:00:00Z,2024-10-31T23:59:59Z,691201,691201,0,0.125,0.124879837,0.124999801,0.001019829,0,0,7,7,0.0,1.496668,3.879113,7.078962e-10,0.01197336,0.03103296,False,0.029043,False
2024-11-01,CE04OSBP-LJ01C-07-VEL3DC107,11,True,2024-11-01T00:00:00Z,2024-11-01T23:59:59Z,691201,691201,0,0.125,0.124879837,0.124999809,-0.001017911,0,0,3,3,-1e-06,1.272743,3.224129,-7.682138e-09,0.01018196,0.02579307,False,0.027676,False
2024-11-02,CE04OSBP-LJ01C-07-VEL3DC107,11,True,2024-11-02T00:00:00Z,2024-11-02T23:59:59Z,691201,691201,0,0.125,0.124879837,0.124999808,0.00067675,0,0,3,3,1e-06,1.686454,6.971661,1.010776e-08,0.01349165,0.05577337,False,0.050884,False
2024-11-03,CE04OSBP-LJ01C-07-VEL3DC107,11,True,2024-11-03T00:00:00Z,2024-11-03T23:59:59Z,691201,691201,0,0.125,0.124879837,0.124999808,-0.002759722,0,0,4,4,0.0,1.158209,4.035,3.142523e-09,0.009265684,0.03228005,False,0.027427,False
2024-11-04,CE04OSBP-LJ01C-07-VEL3DC107,11,True,2024-11-04T00:00:00Z,2024-11-04T23:59:59Z,691201,691201,0,0.125,0.124879837,0.124999811,0.000867309,0,0,10,10,2e-06,1.38981,5.387038,1.203012e-08,0.0111185,0.04309637,False,0.02564,False
2024-11-05,CE04OSBP-LJ01C-07-VEL3DC107,11,True,2024-11-05T00:00:00Z,2024-11-05T23:59:59Z,691201,691201,0,0.125,0.124879837,0.124999811,-0.000944527,0,0,2,2,-1e-06,1.128432,3.1895,-1.060993e-08,0.009027466,0.02551604,False,0.025159,False
2024-11-06,CE04OSBP-LJ01C-07-VEL3DC107,11,True,2024-11-06T00:00:00Z,2024-11-06T23:59:59Z,691201,691201,0,0.125,0.124879837,0.124999811,0.001026544,0,0,5,5,-2e-06,1.217716,3.640873,-1.409883e-08,0.009741739,0.02912703,False,0.028222,False
2024-11-07,CE04OSBP-LJ01C-07-VEL3DC107,11,True,2024-11-07T00:00:00Z,2024-11-07T23:59:59Z,691201,691201,0,0.125,0.124879837,0.124999813,-0.00061095,0,0,6,6,0.0,1.063178,2.968497,2.42059e-09,0.008505441,0.02374801,False,0.027676,False
2024-11-08,CE04OSBP-LJ01C-07-VEL3DC107,11,True,2024-11-08T00:00:00Z,2024-11-08T23:59:59Z,691201,691201,0,0.125,0.124879837,0.124999819,0.002075392,0,0,5,5,-2e-06,1.184701,3.424363,-1.516475e-08,0.009477625,0.02739494,False,0.027718,False
2024-11-09,CE04OSBP-LJ01C-07-VEL3DC107,11,True,2024-11-09T00:00:00Z,2024-11-09T23:59:59Z,691201,691201,0,0.125,0.124879837,0.124999815,-0.000508508,0,0,6,6,-0.0,1.32831,4.623167,-1.800731e-09,0.01062649,0.03698539,False,0.025033,False
2024-11-10,CE04OSBP-LJ01C-07-VEL3DC107,11,True,2024-11-10T00:00:00Z,2024-11-10T23:59:59Z,691201,691201,0,0.125,0.124879837,0.124999813,0.00351763,0,0,6,6,1e-06,1.405152,4.187958,4.418829e-09,0.01124123,0.03350371,False,0.027698,False
2024-11-11,CE04OSBP-LJ01C-07-VEL3DC107,11,True,2024-11-11T00:00:00Z,2024-11-11T23:59:59Z,691201,691201,0,0.125,0.124879837,0.12499981,0.001266815,0,0,6,6,0.0,1.461474,4.047984,3.44217e-09,0.01169181,0.03238392,False,0.026961,False
2024-11-12,CE04OSBP-LJ01C-07-VEL3DC107,11,True,2024-11-12T00:00:00Z,2024-11-12T23:59:59Z,691201,691201,0,0.125,0.124879837,0.124999811,0.001127763,0,0,5,5,3e-06,1.022912,2.569878,2.021696e-08,0.008183307,0.02055906,False,0.027034,False
2024-11-13,CE04OSBP-LJ01C-07-VEL3DC107,11,True,2024-11-13T00:00:00Z,2024-11-13T23:59:59Z,691202,691202,0,0.125,0.124879837,0.124999811,-0.001173693,0,0,9,9,5e-06,1.151497,4.117502,3.79606e-08,0.009211988,0.03294006,False,0.025808,False
2024-11-14,CE04OSBP-LJ01C-07-VEL3DC107,11,True,2024-11-14T00:00:00Z,2024-11-14T23:59:59Z,691201,691201,0,0.125,0.124879837,0.124999807,0.00107509,0,0,6,6,-4e-06,1.112155,3.45515,-2.861614e-08,0.008897257,0.02764124,False,0.028348,False
2024-11-15,CE04OSBP-LJ01C-07-VEL3DC107,11,True,2024-11-15T00:00:00Z,2024-11-15T23:59:59Z,691201,691201,0,0.125,0.124879837,0.124999808,-0.000960577,0,0,3,3,8e-06,1.498114,3.733159,6.504344e-08,0.01198493,0.02986532,False,0.029638,False
2024-11-16,CE04OSBP-LJ01C-07-VEL3DC107,11,True,2024-11-16T00:00:00Z,2024-11-16T23:59:59Z,691201,691201,0,0.125,0.124879837,0.124999815,0.001353099,0,0,0,0,-6e-06,1.246852,3.754918,-4.606991e-08,0.009974827,0.03003939,False,0.028126,False
2024-11-17,CE04OSBP-LJ01C-07-VEL3DC107,11,True,2024-11-17T00:00:00Z,2024-11-17T23:59:59Z,691201,691201,0,0.125,0.124879837,0.124999813,-0.002307558,0,0,3,3,5e-06,1.185423,3.513842,4.07402e-08,0.009483394,0.02811078,False,0.027084,False
2024-11-18,CE04OSBP-LJ01C-07-VEL3DC107,11,True,2024-11-18T00:00:00Z,2024-11-18T23:59:59Z,691201,691201,0,0.125,0.124879837,0.124999812,0.000728219,0,0,4,4,1e-06,1.043857,2.809559,9.574843e-09,0.00835087,0.02247651,False,0.0269,False
2024-11-19,CE04OSBP-LJ01C-07-VEL3DC107,11,True,2024-11-19T00:00:00Z,2024-11-19T23:59:59Z,691201,691201,0,0.125,0.124879837,0.12499981,-0.00093474,0,0,6,6,-0.0,2.068952,4.939671,-1.413638e-10,0.01655164,0.03951743,False,0.0248,False
2024-11-20,CE04OSBP-LJ01C-07-VEL3DC107,11,True,2024-11-20T00:00:00Z,2024-11-20T23:59:59Z,691201,691201,0,0.125,0.124879837,0.124999811,0.001410044,0,0,4,4,-1e-06,1.152485,3.198777,-8.722596e-09,0.009219892,0.02559026,False,0.027725,False
2024-11-21,CE04OSBP-LJ01C-07-VEL3DC107,11,True,2024-11-21T00:00:00Z,2024-11-21T23:59:59Z,691201,691201,0,0.125,0.124879837,0.124999806,-0.003562026,0,0,3,3,-1e-06,1.352292,3.692128,-7.56526e-09,0.01081835,0.02953707,False,0.024919,False
2024-11-22,CE04OSBP-LJ01C-07-VEL3DC107,11,True,2024-11-22T00:00:00Z,2024-11-22T23:59:59Z,691201,691201,0,0.125,0.124879837,0.124999813,-0.001387792,0,0,8,8,0.0,1.458484,3.78227,3.019221e-09,0.01166789,0.0302582,False,0.029997,False
2024-11-23,CE04OSBP-LJ01C-07-VEL3DC107,11,True,2024-11-23T00:00:00Z,2024-11-23T23:59:59Z,691201,691201,0,0.125,0.124879837,0.124999809,0.001176721,0,0,7,7,0.0,1.08267,23.700052,1.385211e-09,0.008661372,0.1896007,False,0.196298,False
2024-11-24,CE04OSBP-LJ01C-07-VEL3DC107,11,True,2024-11-24T00:00:00Z,2024-11-24T23:59:59Z,691201,691201,0,0.125,0.124879837,0.124999804,-5.7458e-05,0,0,5,5,-0.0,1.118419,2.857443,-3.938351e-10,0.00894737,0.02285958,False,0.024919,False
2024-11-25,CE04OSBP-LJ01C-07-VEL3DC107,11,True,2024-11-25T00:00:00Z,2024-11-25T23:59:59Z,691201,691201,0,0.125,0.124879837,0.124999808,0.001495136,0,0,5,5,1e-06,1.107203,3.234717,5.848175e-09,0.008857636,0.02587778,False,0.025969,False
2024-11-26,CE04OSBP-LJ01C-07-VEL3DC107,11,True,2024-11-26T00:00:00Z,2024-11-26T23:59:59Z,691201,691201,0,0.125,0.124879837,0.124999809,0.00052775,0,0,7,7,-0.0,1.223523,3.753541,-1.693784e-09,0.009788202,0.03002837,False,0.027194,False
2024-11-27,CE04OSBP-LJ01C-07-VEL3DC107,11,True,2024-11-27T00:00:00Z,2024-11-27T23:59:59Z,691201,691201,0,0.125,0.124879837,0.124999815,0.000987394,0,0,5,5,-2e-06,1.229264,3.410146,-1.553633e-08,0.009834125,0.02728121,False,0.026805,False
2024-11-28,CE04OSBP-LJ01C-07-VEL3DC107,11,True,2024-11-28T00:00:00Z,2024-11-28T23:59:59Z,691201,691201,0,0.125,0.124879837,0.124999816,-0.001358121,0,0,7,7,0.0,1.217081,3.335251,2.150681e-09,0.00973666,0.02668205,False,0.029142,False
2024-11-29,CE04OSBP-LJ01C-07-VEL3DC107,11,True,2024-11-29T00:00:00Z,2024-11-29T23:59:59Z,691201,691201,0,0.125,0.124879837,0.124999815,-0.000179197,0,0,6,6,-1e-06,1.194133,3.663732,-5.031775e-09,0.009553075,0.0293099,False,0.024793,False
2024-11-30,CE04OSBP-LJ01C-07-VEL3DC107,11,True,2024-11-30T00:00:00Z,2024-11-30T23:59:59Z,691201,691201,0,0.125,0.124879837,0.124999817,-0.001281665,0,0,5,5,1e-06,1.067154,2.760547,7.323791e-09,0.008537242,0.02208441,False,0.024991,False
2024-12-01,CE04OSBP-LJ01C-07-VEL3DC107,11,True,2024-12-01T00:00:00Z,2024-12-01T23:59:59Z,691201,691201,0,0.125,0.124879837,0.124999818,0.000109324,0,0,2,2,-1e-06,1.115423,3.417855,-5.562381e-09,0.008923395,0.02734288,False,0.026121,False
2024-12-02,CE04OSBP-LJ01C-07-VEL3DC107,11,True,2024-12-02T00:00:00Z,2024-12-02T23:59:59Z,691201,691201,0,0.125,0.124879837,0.124999816,-0.000178031,0,0,3,3,-1e-06,1.334852,3.767196,-6.377474e-09,0.01067883,0.03013762,False,0.02771,False
2024-12-03,CE04OSBP-LJ01C-07-VEL3DC107,11,True,2024-12-03T00:00:00Z,2024-12-03T23:59:59Z,691201,691201,0,0.125,0.124879837,0.124999816,0.00125536,0,0,7,7,0.0,1.36058,3.76176,5.607422e-10,0.01088466,0.03009413,False,0.025171,False
2024-12-04,CE04OSBP-LJ01C-07-VEL3DC107,11,True,2024-12-04T00:00:00Z,2024-12-04T23:59:59Z,691201,691201,0,0.125,0.124879837,0.12499981,0.000209089,0,0,4,4,-2e-06,1.175466,5.047795,-1.207566e-08,0.009403741,0.04038242,False,0.029214,False
2024-12-05,CE04OSBP-LJ01C-07-VEL3DC107,11,True,2024-12-05T00:00:00Z,2024-12-05T23:59:59Z,691201,691201,0,0.125,0.124879837,0.124999809,0.006048311,0,0,4,4,1e-06,1.182533,6.093757,5.228711e-09,0.009460281,0.04875013,False,0.036175,False
2024-12-06,CE04OSBP-LJ01C-07-VEL3DC107,11,True,2024-12-06T00:00:00Z,2024-12-06T23:59:59Z,691201,691201,0,0.125,0.124879837,0.124999809,0.000371401,0,0,6,6,0.0,1.329178,3.896676,2.42542e-09,0.01063344,0.03117345,False,0.026477,False
2024-12-07,CE04OSBP-LJ01C-07-VEL3DC107,11,True,2024-12-07T00:00:00Z,2024-12-07T23:59:59Z,691201,691201,0,0.125,0.124879837,0.124999807,0.001601503,0,0,9,9,2e-06,1.251946,3.582166,1.975671e-08,0.01001558,0.02865737,False,0.026144,False
2024-12-08,CE04OSBP-LJ01C-07-VEL3DC107,11,True,2024-12-08T00:00:00Z,2024-12-08T23:59:59Z,691202,691202,0,0.125,0.124879837,0.124999801,-0.000193922,0,0,6,6,3e-06,1.342347,3.474552,2.654306e-08,0.01073879,0.02779646,False,0.025946,False
2024-12-09,CE04OSBP-LJ01C-07-VEL3DC107,11,True,2024-12-09T00:00:00Z,2024-12-09T23:59:59Z,691201,691201,0,0.125,0.124879837,0.124999806,3.9582e-05,0,0,3,3,1e-06,1.258304,3.612371,4.092113e-09,0.01006645,0.02889901,False,0.029134,False
2024-12-10,CE04OSBP-LJ01C-07-VEL3DC107,11,True,2024-12-10T00:00:00Z,2024-12-10T23:59:59Z,691201,691201,0,0.125,0.124879837,0.124999807,0.000119874,0,0,5,5,-5e-06,1.078564,2.955658,-4.262285e-08,0.008628527,0.0236453,False,0.026618,False
2024-12-11,CE04OSBP-LJ01C-07-VEL3DC107,11,True,2024-12-11T00:00:00Z,2024-12-11T14:35:27Z,420220,420220,0,0.125,0.124879837,0.124999808,0.001425476,0,0,0,0,1e-06,1.022891,2.528677,6.101085e-09,0.008183139,0.02022945,False,0.024785,False
2024-12-12,CE04OSBP-LJ01C-07-VEL3DC107,11,True,2024-12-12T04:34:29Z,2024-12-12T23:59:59Z,559447,559447,0,0.125,0.124879837,0.124999798,0.002008286,0,0,3,3,1e-06,1.18411,5.11792,6.178242e-09,0.009472898,0.04094343,False,0.024858,False
2024-12-13,CE04OSBP-LJ01C-07-VEL3DC107,11,True,2024-12-13T00:00:00Z,2024-12-13T23:59:59Z,691201,691201,0,0.125,0.124879837,0.1249998,-0.00180068,0,0,7,7,0.0,1.06713,2.887317,1.76787e-10,0.008537058,0.02309857,False,0.026358,False
2024-12-14,CE04OSBP-LJ01C-07-VEL3DC107,11,True,2024-12-14T00:00:00Z,2024-12-14T23:59:59Z,428960,691453,262493,0.125,0.124879837,0.124968082,5.514073313,3,262493,3,262495,1e-06,5196.253837,15794.713786,5.211776e-09,41.58065,126.39,True,0.290547,True
2024-12-15,CE04OSBP-LJ01C-07-VEL3DC107,11,True,2024-12-15T00:00:00Z,2024-12-15T23:59:59Z,691201,691201,0,0.125,0.124879837,0.124999796,0.00221075,0,0,5,5,1e-06,1.880746,5.053776,4.876023e-09,0.01504599,0.04043027,False,0.033479,False
2024-12-16,CE04OSBP-LJ01C-07-VEL3DC107,11,True,2024-12-16T00:00:00Z,2024-12-16T23:59:59Z,691201,691201,0,0.125,0.124879837,0.124999801,-0.002313336,0,0,4,4,-0.0,1.375076,7.281346,-2.999533e-09,0.01100063,0.05825086,False,0.046951,False
2024-12-17,CE04OSBP-LJ01C-07-VEL3DC107,11,True,2024-12-17T00:00:00Z,2024-12-17T23:59:59Z,691201,691201,0,0.125,0.124879837,0.124999797,0.00225005,0,0,6,6,1e-06,1.541281,5.079524,4.844451e-09,0.01233027,0.04063626,False,0.029119,False
2024-12-18,CE04OSBP-LJ01C-07-VEL3DC107,11,True,2024-12-18T00:00:00Z,2024-12-18T23:59:59Z,691201,691201,0,0.125,0.124879837,0.124999806,-0.002906197,0,0,6,6,-0.0,1.580104,6.250955,-3.930832e-09,0.01264086,0.05000772,False,0.04225,False
2024-12-19,CE04OSBP-LJ01C-07-VEL3DC107,11,True,2024-12-19T00:00:00Z,2024-12-19T23:59:59Z,691201,691201,0,0.125,0.124879837,0.124999809,-0.001103562,0,0,1,1,4e-06,1.225704,4.016045,3.559346e-08,0.009805651,0.03212841,False,0.02758,False
2024-12-20,CE04OSBP-LJ01C-07-VEL3DC107,11,True,2024-12-20T00:00:00Z,2024-12-20T23:59:59Z,691202,691202,0,0.125,0.124879837,0.124999804,-0.000530113,0,0,9,9,3e-06,1.167071,3.828299,2.597818e-08,0.009336584,0.03062644,False,0.025575,False
2024-12-21,CE04OSBP-LJ01C-07-VEL3DC107,11,True,2024-12-21T00:00:00Z,2024-12-21T23:59:59Z,691201,691201,0,0.125,0.124879837,0.124999808,0.000624085,0,0,2,2,1.1e-05,1.083858,3.124214,9.141658e-08,0.00867088,0.02499375,False,0.029829,False
2024-12-22,CE04OSBP-LJ01C-07-VEL3DC107,11,True,2024-12-22T00:00:00Z,2024-12-22T23:59:59Z,691201,691201,0,0.125,0.124879837,0.124999806,-0.001779935,0,0,6,6,-1.1e-05,1.400192,3.453458,-8.726622e-08,0.01120155,0.0276277,False,0.027347,False
2024-12-23,CE04OSBP-LJ01C-07-VEL3DC107,11,True,2024-12-23T00:00:00Z,2024-12-23T23:59:59Z,691201,691201,0,0.125,0.124879837,0.124999807,0.000466408,0,0,2,2,-3e-06,1.280123,3.29201,-2.766886e-08,0.010241,0.02633612,False,0.025217,False
2024-12-24,CE04OSBP-LJ01C-07-VEL3DC107,11,True,2024-12-24T00:00:00Z,2024-12-24T23:59:59Z,691201,691201,0,0.125,0.124879837,0.12499981,0.001585622,0,0,1,1,-3e-06,2.028848,5.322261,-2.662228e-08,0.01623081,0.04257815,False,0.027553,False
2024-12-25,CE04OSBP-LJ01C-07-VEL3DC107,11,True,2024-12-25T00:00:00Z,2024-12-25T23:59:59Z,691201,691201,0,0.125,0.124879837,0.124999809,0.000341129,0,0,4,4,-0.0,1.157327,3.362436,-1.664642e-09,0.009258631,0.02689953,False,0.027164,False
2024-12-26,CE04OSBP-LJ01C-07-VEL3DC107,11,True,2024-12-26T00:00:00Z,2024-12-26T23:59:59Z,691201,691201,0,0.125,0.124879837,0.124999811,-0.000574295,0,0,4,4,1e-06,1.065663,2.911615,9.904498e-09,0.008525315,0.02329295,False,0.02805,False
2024-12-27,CE04OSBP-LJ01C-07-VEL3DC107,11,True,2024-12-27T00:00:00Z,2024-12-27T23:59:59Z,691201,691201,0,0.125,0.124879837,0.124999806,0.000509358,0,0,7,7,0.0,1.628827,4.61814,6.048867e-11,0.01303063,0.03694518,False,0.028412,False
2024-12-28,CE04OSBP-LJ01C-07-VEL3DC107,11,True,2024-12-28T00:00:00Z,2024-12-28T23:59:59Z,691201,691201,0,0.125,0.124879837,0.124999817,-0.002732116,0,0,3,3,0.0,1.224082,3.351414,3.176546e-09,0.009792668,0.02681135,False,0.028485,False
2024-12-29,CE04OSBP-LJ01C-07-VEL3DC107,11,True,2024-12-29T00:00:00Z,2024-12-29T23:59:59Z,691201,691201,0,0.125,0.124879837,0.124999816,0.001334838,0,0,5,5,0.0,1.050207,2.946046,2.487325e-09,0.008401666,0.0235684,False,0.027683,False
2024-12-30,CE04OSBP-LJ01C-07-VEL3DC107,11,True,2024-12-30T00:00:00Z,2024-12-30T23:59:59Z,691201,691201,0,0.125,0.124879837,0.124999819,-0.001148246,0,0,5,5,-1e-06,1.127416,2.911652,-4.667134e-09,0.009019339,0.02329325,False,0.02511,False
2024-12-31,CE04OSBP-LJ01C-07-VEL3DC107,11,True,2024-12-31T00:00:00Z,2024-12-31T23:59:59Z,691201,691201,0,0.125,0.124879837,0.124999817,0.001331498,0,0,3,3,1e-06,1.171952,3.474001,4.604667e-09,0.00937563,0.02779205,False,0.028298,False
2025-01-01,CE04OSBP-LJ01C-07-VEL3DC107,11,True,2025-01-01T00:00:00Z,2025-01-01T23:59:59Z,691201,691201,0,0.125,0.124879837,0.124999819,0.000341447,0,0,5,5,0.0,1.696601,4.675176,3.120399e-09,0.01357282,0.03740146,False,0.025186,False
2025-01-02,CE04OSBP-LJ01C-07-VEL3DC107,11,True,2025-01-02T00:00:00Z,2025-01-02T23:59:59Z,691201,691201,0,0.125,0.124879837,0.124999816,0.001447517,0,0,8,8,-0.0,1.121593,2.81675,-2.797792e-09,0.00897276,0.02253403,False,0.027187,False
2025-01-03,CE04OSBP-LJ01C-07-VEL3DC107,11,True,2025-01-03T00:00:00Z,2025-01-03T23:59:59Z,691201,691201,0,0.125,0.124879837,0.12499982,-0.001970849,0,0,2,2,-1e-06,1.364041,3.623729,-7.685106e-09,0.01091234,0.02898987,False,0.028477,False
2025-01-04,CE04OSBP-LJ01C-07-VEL3DC107,11,True,2025-01-04T00:00:00Z,2025-01-04T23:59:59Z,691201,691201,0,0.125,0.124879837,0.124999819,-0.0008821,0,0,4,4,-1e-06,1.139102,3.312887,-4.726978e-09,0.009112829,0.02650313,False,0.024785,False
2025-01-05,CE04OSBP-LJ01C-07-VEL3DC107,11,True,2025-01-05T00:00:00Z,2025-01-05T23:59:59Z,691201,691201,0,0.125,0.124879837,0.124999816,-0.001810998,0,0,1,1,-1e-06,1.23242,3.584827,-8.075601e-09,0.009859376,0.02867866,False,0.027691,False
2025-01-06,CE04OSBP-LJ01C-07-VEL3DC107,11,True,2025-01-06T00:00:00Z,2025-01-06T23:59:59Z,691201,691201,0,0.125,0.124879837,0.124999813,0.001165195,0,0,4,4,-1e-06,1.357267,3.816204,-1.045823e-08,0.01085815,0.03052968,False,0.027687,False
2025-01-07,CE04OSBP-LJ01C-07-VEL3DC107,11,True,2025-01-07T00:00:00Z,2025-01-07T23:59:59Z,691201,691201,0,0.125,0.124879837,0.124999814,-0.002099661,0,0,7,7,1e-06,1.209802,3.928893,7.689113e-09,0.009678434,0.03143119,False,0.027718,False
2025-01-08,CE04OSBP-LJ01C-07-VEL3DC107,11,True,2025-01-08T00:00:00Z,2025-01-08T23:59:59Z,684100,691208,7108,0.125,0.124879837,0.124998852,-0.416268633,8,7108,8,7115,-0.0,243.782357,511.310239,-3.404466e-09,1.950277,4.090519,True,0.188288,True
2025-01-09,CE04OSBP-LJ01C-07-VEL3DC107,11,True,2025-01-09T00:00:00Z,2025-01-09T23:59:59Z,691201,691201,0,0.125,0.124879837,0.124999813,0.001507454,0,0,5,5,-1e-06,1.156159,3.483035,-5.624202e-09,0.009249285,0.02786432,False,0.029707,False
2025-01-10,CE04OSBP-LJ01C-07-VEL3DC107,11,True,2025-01-10T00:00:00Z,2025-01-10T23:59:59Z,691201,691201,0,0.125,0.124879837,0.124999812,-0.000829504,0,0,6,6,-1e-06,1.314489,8.101689,-7.54827e-09,0.01051593,0.06481361,False,0.047096,False
2025-01-11,CE04OSBP-LJ01C-07-VEL3DC107,11,True,2025-01-11T00:00:00Z,2025-01-11T23:59:59Z,691201,691201,0,0.125,0.124879837,0.124999813,0.000418227,0,0,7,7,1e-06,1.082132,3.326998,4.662968e-09,0.008657072,0.02661602,False,0.025339,False
2025-01-12,CE04OSBP-LJ01C-07-VEL3DC107,11,True,2025-01-12T00:00:00Z,2025-01-12T23:59:59Z,691201,691201,0,0.125,0.124879837,0.124999812,-0.000435636,0,0,5,5,2e-06,1.136036,5.96727,1.323814e-08,0.009088304,0.04773823,False,0.042418,False
2025-01-13,CE04OSBP-LJ01C-07-VEL3DC107,11,True,2025-01-13T00:00:00Z,2025-01-13T23:59:59Z,691201,691201,0,0.125,0.124879837,0.12499981,0.000248889,0,0,6,6,2e-06,1.105281,3.059574,1.461344e-08,0.008842261,0.02447663,False,0.029501,False
2025-01-14,CE04OSBP-LJ01C-07-VEL3DC107,11,True,2025-01-14T00:00:00Z,2025-01-14T23:59:59Z,691201,691201,0,0.125,0.124879837,0.12499981,-0.001259012,0,0,4,4,-0.0,1.699324,7.350955,-2.701119e-09,0.01359461,0.05880773,False,0.049055,False
2025-01-15,CE04OSBP-LJ01C-07-VEL3DC107,11,True,2025-01-15T00:00:00Z,2025-01-15T23:59:59Z,691201,691201,0,0.125,0.124879837,0.124999815,-0.004188823,0,0,3,3,-3e-06,1.874026,7.109923,-2.0997e-08,0.01499223,0.05687947,False,0.027706,False
2025-01-16,CE04OSBP-LJ01C-07-VEL3DC107,11,True,2025-01-16T00:00:00Z,2025-01-16T23:59:59Z,691202,691202,0,0.125,0.124879837,0.124999814,-0.001005232,0,0,5,5,-8e-06,1.109885,3.071427,-6.499914e-08,0.008879089,0.02457145,False,0.025098,False
2025-01-17,CE04OSBP-LJ01C-07-VEL3DC107,11,True,2025-01-17T00:00:00Z,2025-01-17T23:59:59Z,691201,691201,0,0.125,0.124879837,0.124999806,0.00116473,0,0,7,7,-8e-06,1.179701,3.044815,-6.038111e-08,0.009437624,0.02435856,False,0.027691,False
2025-01-18,CE04OSBP-LJ01C-07-VEL3DC107,11,True,2025-01-18T00:00:00Z,2025-01-18T23:59:59Z,691201,691201,0,0.125,0.124879837,0.124999801,-0.000965771,0,0,7,7,-4e-06,1.138564,3.295199,-3.502641e-08,0.009108528,0.02636164,False,0.027733,False
2025-01-19,CE04OSBP-LJ01C-07-VEL3DC107,11,True,2025-01-19T00:00:00Z,2025-01-19T23:59:59Z,691201,691201,0,0.125,0.124879837,0.124999803,-0.001962532,0,0,2,2,-1e-06,1.324954,4.880422,-1.137639e-08,0.01059965,0.03904344,False,0.027698,False
2025-01-20,CE04OSBP-LJ01C-07-VEL3DC107,11,True,2025-01-20T00:00:00Z,2025-01-20T23:59:59Z,691201,691201,0,0.125,0.124879837,0.124999796,-0.001822012,0,0,4,4,0.0,1.325161,4.090291,7.977056e-10,0.01060131,0.03272238,False,0.025106,False
2025-01-21,CE04OSBP-LJ01C-07-VEL3DC107,11,True,2025-01-21T00:00:00Z,2025-01-21T23:59:59Z,691201,691201,0,0.125,0.124879837,0.124999793,-0.00161032,0,0,3,3,-0.0,2.054876,5.297688,-3.001774e-09,0.01643903,0.04238157,False,0.027412,False
2025-01-22,CE04OSBP-LJ01C-07-VEL3DC107,11,True,2025-01-22T00:00:00Z,2025-01-22T23:59:59Z,691201,691201,0,0.125,0.124879837,0.124999785,-0.003427566,0,0,3,3,0.0,2.124053,5.391601,2.778485e-09,0.01699245,0.04313288,False,0.02477,False
2025-01-23,CE04OSBP-LJ01C-07-VEL3DC107,11,True,2025-01-23T00:00:00Z,2025-01-23T23:59:59Z,691201,691201,0,0.125,0.124879837,0.124999799,-0.003486231,0,0,5,5,-1e-06,1.87481,6.400157,-1.065635e-08,0.01499851,0.05120134,False,0.029176,False
2025-01-24,CE04OSBP-LJ01C-07-VEL3DC107,11,True,2025-01-24T00:00:00Z,2025-01-24T23:59:59Z,682950,691210,8260,0.125,0.124879837,0.124998815,0.205329457,13,8260,13,8269,-1e-06,255.924366,579.890515,-6.395635e-09,2.047414,4.639168,True,0.266129,True
2025-01-25,CE04OSBP-LJ01C-07-VEL3DC107,11,True,2025-01-25T00:00:00Z,2025-01-25T23:59:59Z,672246,691217,18971,0.125,0.124879837,0.124996151,0.279230605,58,18971,58,18975,1e-06,123.607655,345.310597,7.056669e-09,0.9888917,2.76257,True,0.426405,True
2025-01-26,CE04OSBP-LJ01C-07-VEL3DC107,11,True,2025-01-26T00:00:00Z,2025-01-26T23:59:59Z,691201,691201,0,0.125,0.124879837,0.124999791,-0.001307332,0,0,3,3,0.0,1.235008,3.438444,3.488364e-09,0.009880081,0.0275076,False,0.02926,False
2025-01-27,CE04OSBP-LJ01C-07-VEL3DC107,11,True,2025-01-27T00:00:00Z,2025-01-27T23:59:59Z,691201,691201,0,0.125,0.124879837,0.124999802,-0.000891752,0,0,3,3,1e-06,1.111024,3.80475,4.923525e-09,0.008888204,0.03043805,False,0.028844,False
2025-01-28,CE04OSBP-LJ01C-07-VEL3DC107,11,True,2025-01-28T00:00:00Z,2025-01-28T23:59:59Z,691201,691201,0,0.125,0.124879837,0.124999799,-0.002045727,0,0,4,4,-0.0,1.394895,6.987231,-6.966455e-10,0.01115918,0.05589794,False,0.051147,False
2025-01-29,CE04OSBP-LJ01C-07-VEL3DC107,11,True,2025-01-29T00:00:00Z,2025-01-29T20:24:29Z,587761,587761,0,0.125,0.124879837,0.124999794,-0.000884395,0,0,5,5,0.0,1.91069,5.549883,2.911343e-09,0.01528555,0.04439914,False,0.027702,False
2025-01-30,CE04OSBP-LJ01C-07-VEL3DC107,11,True,2025-01-30T03:01:21Z,2025-01-30T23:59:59Z,603335,604148,813,0.125,0.124879837,0.124999622,0.013145157,9,813,9,821,0.0,23.74618,80.941885,1.078548e-09,0.18997,0.647537,True,0.337914,True
2025-01-31,CE04OSBP-LJ01C-07-VEL3DC107,11,True,2025-01-31T00:00:00Z,2025-01-31T23:59:59Z,246456,691629,445173,0.125,0.124879837,0.124912768,-1.784497588,13,445173,13,445185,-0.0,5093.132081,9731.588033,-5.196687e-11,40.77351,77.90707,True,0.189945,True
2025-02-01,CE04OSBP-LJ01C-07-VEL3DC107,11,True,2025-02-01T00:00:00Z,2025-02-01T23:59:59Z,691201,691201,0,0.125,0.124879837,0.124999783,-0.003315791,0,0,1,1,1e-06,4.853011,29.85345,5.526455e-09,0.03882415,0.238828,False,0.257381,False
2025-02-02,CE04OSBP-LJ01C-07-VEL3DC107,11,True,2025-02-02T00:00:00Z,2025-02-02T23:59:59Z,691201,691201,0,0.125,0.124879837,0.124999785,0.009947585,0,0,3,3,1e-06,5.211749,49.879992,1.120749e-08,0.04169406,0.3990406,False,0.372654,False
2025-02-03,CE04OSBP-LJ01C-07-VEL3DC107,11,True,2025-02-03T00:00:00Z,2025-02-03T23:59:59Z,691201,691201,0,0.125,0.124879837,0.12499979,-0.00516734,0,0,5,5,0.0,3.745928,27.171825,1.111977e-09,0.02996748,0.217375,False,0.225368,False
2025-02-04,CE04OSBP-LJ01C-07-VEL3DC107,11,True,2025-02-04T00:00:00Z,2025-02-04T23:59:59Z,691201,691201,0,0.125,0.124879837,0.12499979,-0.000920278,0,0,5,5,-1e-06,3.695585,28.194247,-4.830418e-09,0.02956473,0.2255544,False,0.234028,False
2025-02-05,CE04OSBP-LJ01C-07-VEL3DC107,11,True,2025-02-05T00:00:00Z,2025-02-05T23:59:59Z,691201,691201,0,0.125,0.124879837,0.124999798,-0.00315425,0,0,5,5,1e-06,4.35342,28.667205,8.075779e-09,0.03482742,0.229338,False,0.241489,False
2025-02-06,CE04OSBP-LJ01C-07-VEL3DC107,11,True,2025-02-06T00:00:00Z,2025-02-06T23:59:59Z,691202,691202,0,0.125,0.124879837,0.124999793,-0.001930181,0,0,5,5,-2e-06,3.087164,8.346969,-1.869556e-08,0.02469735,0.06677586,False,0.074359,False
2025-02-07,CE04OSBP-LJ01C-07-VEL3DC107,11,True,2025-02-07T00:00:00Z,2025-02-07T23:59:59Z,691201,691201,0,0.125,0.124879837,0.124999798,-0.006190324,0,0,8,8,6e-06,4.461033,27.295109,5.108226e-08,0.03568832,0.2183612,False,0.231538,False
2025-02-08,CE04OSBP-LJ01C-07-VEL3DC107,11,True,2025-02-08T00:00:00Z,2025-02-08T23:59:59Z,691201,691201,0,0.125,0.124879837,0.1249998,-0.010669388,0,0,18,18,-2e-06,5.435819,31.008434,-1.577732e-08,0.04348662,0.2480679,False,0.223153,False
2025-02-09,CE04OSBP-LJ01C-07-VEL3DC107,11,True,2025-02-09T00:00:00Z,2025-02-09T23:59:59Z,691201,691201,0,0.125,0.124879837,0.124999804,-0.005855106,0,0,5,5,1e-06,5.41886,32.89755,1.102502e-08,0.04335095,0.2631808,False,0.257973,False
2025-02-10,CE04OSBP-LJ01C-07-VEL3DC107,11,True,2025-02-10T00:00:00Z,2025-02-10T23:59:59Z,691201,691201,0,0.125,0.124879837,0.124999797,-0.002722858,0,0,6,6,2e-06,4.198061,28.626228,1.537458e-08,0.03358455,0.2290102,False,0.234444,False
2025-02-11,CE04OSBP-LJ01C-07-VEL3DC107,11,True,2025-02-11T00:00:00Z,2025-02-11T23:59:59Z,691201,691201,0,0.125,0.124879837,0.124999802,-0.005624786,0,0,1,1,2e-06,6.895986,32.196471,1.623479e-08,0.05516798,0.2575722,False,0.264834,False
2025-02-12,CE04OSBP-LJ01C-07-VEL3DC107,11,True,2025-02-12T00:00:00Z,2025-02-12T23:59:59Z,691201,691201,0,0.125,0.124879837,0.124999808,-0.00490168,0,0,9,9,0.0,6.685281,30.525833,3.281731e-09,0.05348233,0.244207,False,0.234219,False
2025-02-13,CE04OSBP-LJ01C-07-VEL3DC107,11,True,2025-02-13T00:00:00Z,2025-02-13T23:59:59Z,691201,691201,0,0.125,0.124879837,0.124999814,-0.007360896,0,0,10,10,0.0,5.275411,29.388598,8.775958e-10,0.04220335,0.2351091,False,0.237239,False
2025-02-14,CE04OSBP-LJ01C-07-VEL3DC107,11,True,2025-02-14T00:00:00Z,2025-02-14T23:59:59Z,691201,691201,0,0.125,0.124879837,0.124999815,-0.004053414,0,0,1,1,-1e-06,5.705251,40.831467,-1.021473e-08,0.04564207,0.3266522,False,0.354532,False
2025-02-15,CE04OSBP-LJ01C-07-VEL3DC107,11,True,2025-02-15T00:00:00Z,2025-02-15T23:59:59Z,691201,691201,0,0.125,0.124879837,0.124999811,-6.5816e-05,0,0,7,7,0.0,5.004438,29.174513,3.425886e-09,0.04003557,0.2333965,False,0.233161,False
2025-02-16,CE04OSBP-LJ01C-07-VEL3DC107,11,True,2025-02-16T00:00:00Z,2025-02-16T23:59:59Z,691202,691202,0,0.125,0.124879837,0.1249998,-0.002562454,0,0,5,5,0.0,4.696339,27.985277,1.97571e-10,0.03757077,0.2238826,False,0.244952,False
2025-02-17,CE04OSBP-LJ01C-07-VEL3DC107,11,True,2025-02-17T00:00:00Z,2025-02-17T23:59:59Z,691201,691201,0,0.125,0.124879837,0.124999796,0.000844091,0,0,7,7,-3e-06,7.397744,51.105823,-2.712672e-08,0.05918205,0.4088472,True,0.387832,False
2025-02-18,CE04OSBP-LJ01C-07-VEL3DC107,11,True,2025-02-18T00:00:00Z,2025-02-18T23:59:59Z,691201,691201,0,0.125,0.124879837,0.124999792,0.00586571,0,0,5,5,-5e-06,5.662447,30.833826,-3.741397e-08,0.04529965,0.246671,False,0.241867,False
2025-02-19,CE04OSBP-LJ01C-07-VEL3DC107,11,True,2025-02-19T00:00:00Z,2025-02-19T23:59:59Z,691201,691201,0,0.125,0.124879837,0.124999803,-0.000349719,0,0,2,2,1e-06,5.7241,35.041834,1.174613e-08,0.04579288,0.2803351,False,0.257793,False
2025-02-20,CE04OSBP-LJ01C-07-VEL3DC107,11,True,2025-02-20T00:00:00Z,2025-02-20T23:59:59Z,691201,691201,0,0.125,0.124879837,0.124999802,-0.001002758,0,0,5,5,-0.0,4.921726,42.728534,-2.782617e-10,0.03937387,0.3418288,False,0.360171,False
2025-02-21,CE04OSBP-LJ01C-07-VEL3DC107,11,True,2025-02-21T00:00:00Z,2025-02-21T23:59:59Z,691201,691201,0,0.125,0.124879837,0.124999803,-0.003971781,0,0,2,2,0.0,4.932296,32.338224,1.688154e-09,0.03945843,0.2587062,False,0.243768,False
2025-02-22,CE04OSBP-LJ01C-07-VEL3DC107,11,True,2025-02-22T00:00:00Z,2025-02-22T23:59:59Z,691201,691201,0,0.125,0.124879837,0.124999807,-0.002025415,0,0,5,5,-0.0,7.747001,46.477974,-1.581731e-10,0.0619761,0.3718244,False,0.355314,False
2025-02-23,CE04OSBP-LJ01C-07-VEL3DC107,11,True,2025-02-23T00:00:00Z,2025-02-23T23:59:59Z,691201,691201,0,0.125,0.124879837,0.124999806,-0.001376404,0,0,3,3,-0.0,6.979867,35.192169,-7.933993e-10,0.05583902,0.2815378,False,0.278141,False
2025-02-24,CE04OSBP-LJ01C-07-VEL3DC107,11,True,2025-02-24T00:00:00Z,2025-02-24T23:59:59Z,691201,691201,0,0.125,0.124879837,0.124999805,-0.006758849,0,0,2,2,0.0,6.009048,30.126661,3.939431e-09,0.04807246,0.2410137,False,0.249042,False
2025-02-25,CE04OSBP-LJ01C-07-VEL3DC107,11,True,2025-02-25T00:00:00Z,2025-02-25T23:59:59Z,691202,691202,0,0.125,0.124879837,0.124999809,0.001675695,0,0,6,6,0.0,4.642285,27.952661,1.250202e-09,0.03713834,0.2236216,False,0.209819,False
2025-02-26,CE04OSBP-LJ01C-07-VEL3DC107,11,True,2025-02-26T00:00:00Z,2025-02-26T23:59:59Z,691200,691200,0,0.125,0.124879837,0.124999808,0.027786744,0,0,2,2,0.0,7.702761,32.839387,8.269107e-10,0.06162218,0.2627155,False,0.242123,False
2025-02-27,CE04OSBP-LJ01C-07-VEL3DC107,11,True,2025-02-27T00:00:00Z,2025-02-27T23:59:59Z,691201,691201,0,0.125,0.124879837,0.124999806,-0.004967839,0,0,0,0,-6e-06,7.420412,30.389928,-4.49328e-08,0.05936339,0.2431198,False,0.237758,False
2025-02-28,CE04OSBP-LJ01C-07-VEL3DC107,11,True,2025-02-28T00:00:00Z,2025-02-28T23:59:59Z,691202,691202,0,0.125,0.124879837,0.124999805,0.001175623,0,0,14,14,-0.0,5.570564,29.242818,-4.44363e-10,0.04456458,0.2339429,False,0.246957,False
2025-03-01,CE04OSBP-LJ01C-07-VEL3DC107,11,True,2025-03-01T00:00:00Z,2025-03-01T23:59:59Z,691201,691201,0,0.125,0.124879837,0.124999808,5.33e-07,0,0,7,7,-4e-06,3.240877,8.755795,-3.360582e-08,0.02592705,0.07004647,False,0.081305,False
2025-03-02,CE04OSBP-LJ01C-07-VEL3DC107,11,True,2025-03-02T00:00:00Z,2025-03-02T23:59:59Z,691201,691201,0,0.125,0.124879837,0.124999801,0.00031927,0,0,5,5,6e-06,7.457707,37.846684,4.433306e-08,0.05966175,0.302774,False,0.235517,False
2025-03-03,CE04OSBP-LJ01C-07-VEL3DC107,11,True,2025-03-03T00:00:00Z,2025-03-03T23:59:59Z,691201,691201,0,0.125,0.124879837,0.124999807,0.002757078,0,0,2,2,-9e-06,6.601574,48.559326,-7.412828e-08,0.05281267,0.3884752,False,0.420013,False
2025-03-04,CE04OSBP-LJ01C-07-VEL3DC107,11,True,2025-03-04T00:00:00Z,2025-03-04T23:59:59Z,691201,691201,0,0.125,0.124879837,0.124999805,-0.003732932,0,0,10,10,-3e-06,6.128535,28.963504,-2.675495e-08,0.04902835,0.2317084,False,0.247839,False
2025-03-05,CE04OSBP-LJ01C-07-VEL3DC107,11,True,2025-03-05T00:00:00Z,2025-03-05T23:59:59Z,691201,691201,0,0.125,0.124879837,0.124999806,0.010969444,0,0,12,12,-2e-06,7.233455,36.040147,-1.228893e-08,0.05786773,0.2883216,False,0.24053,False
2025-03-06,CE04OSBP-LJ01C-07-VEL3DC107,11,True,2025-03-06T00:00:00Z,2025-03-06T23:59:59Z,691201,691201,0,0.125,0.124879837,0.124999809,-0.006816964,0,0,10,10,0.0,5.507143,45.416884,9.759623e-10,0.04405721,0.3633356,False,0.356975,False
2025-03-07,CE04OSBP-LJ01C-07-VEL3DC107,11,True,2025-03-07T00:00:00Z,2025-03-07T23:59:59Z,691201,691201,0,0.125,0.124879837,0.124999808,0.001406682,0,0,5,5,1e-06,3.402637,10.14595,6.004741e-09,0.02722114,0.08116773,False,0.059097,False
2025-03-08,CE04OSBP-LJ01C-07-VEL3DC107,11,True,2025-03-08T00:00:00Z,2025-03-08T23:59:59Z,691201,691201,0,0.125,0.124879837,0.124999807,0.002583887,0,0,7,7,-0.0,7.557545,47.841705,-2.032021e-09,0.06046045,0.3827342,False,0.323523,False
2025-03-09,CE04OSBP-LJ01C-07-VEL3DC107,11,True,2025-03-09T00:00:00Z,2025-03-09T23:59:59Z,691201,691201,0,0.125,0.124879837,0.12499981,-0.003178965,0,0,3,3,1e-06,7.506682,48.620024,6.310815e-09,0.06005355,0.3889608,False,0.408638,False
2025-03-10,CE04OSBP-LJ01C-07-VEL3DC107,11,True,2025-03-10T00:00:00Z,2025-03-10T23:59:59Z,691201,691201,0,0.125,0.124879837,0.124999809,-0.003835161,0,0,6,6,0.0,9.012901,48.426331,3.146448e-09,0.07210331,0.3874112,False,0.349866,False
2025-03-11,CE04OSBP-LJ01C-07-VEL3DC107,11,True,2025-03-11T00:00:00Z,2025-03-11T23:59:59Z,691201,691201,0,0.125,0.124879837,0.124999809,0.00111092,0,0,2,2,1e-06,7.654363,45.363889,4.459578e-09,0.061235,0.3629117,False,0.449021,False
2025-03-12,CE04OSBP-LJ01C-07-VEL3DC107,11,True,2025-03-12T00:00:00Z,2025-03-12T23:59:59Z,691201,691201,0,0.125,0.124879837,0.124999808,-0.004418836,0,0,3,3,-0.0,6.916479,29.383244,-3.507112e-09,0.05533192,0.2350663,False,0.253318,False
2025-03-13,CE04OSBP-LJ01C-07-VEL3DC107,11,True,2025-03-13T00:00:00Z,2025-03-13T23:59:59Z,691201,691201,0,0.125,0.124879837,0.124999816,-0.003228588,0,0,1,1,1e-06,6.032127,37.593987,9.565523e-09,0.04825709,0.3007523,False,0.285133,False
2025-03-14,CE04OSBP-LJ01C-07-VEL3DC107,11,True,2025-03-14T00:00:00Z,2025-03-14T23:59:59Z,691201,691201,0,0.125,0.124879837,0.124999805,-0.004965605,0,0,0,0,-6e-06,3.795573,27.904536,-4.58418e-08,0.03036463,0.2232366,False,0.227395,False
2025-03-15,CE04OSBP-LJ01C-07-VEL3DC107,11,True,2025-03-15T00:00:00Z,2025-03-15T23:59:59Z,691202,691202,0,0.125,0.124879837,0.124999802,-0.002612482,0,0,6,6,-1.4e-05,4.556036,29.722029,-1.086233e-07,0.03644834,0.2377766,False,0.234261,False
2025-03-16,CE04OSBP-LJ01C-07-VEL3DC107,11,True,2025-03-16T00:00:00Z,2025-03-16T23:59:59Z,691201,691201,0,0.125,0.124879837,0.124999789,0.00054111,0,0,5,5,-0.0,8.713765,47.190558,-1.462856e-09,0.06971023,0.3775251,False,0.494883,False
2025-03-17,CE04OSBP-LJ01C-07-VEL3DC107,11,True,2025-03-17T00:00:00Z,2025-03-17T23:59:59Z,691201,691201,0,0.125,0.124879837,0.12499979,0.002024071,0,0,3,3,1e-06,6.24741,30.752814,6.484138e-09,0.04997936,0.2460229,False,0.243776,False
2025-03-18,CE04OSBP-LJ01C-07-VEL3DC107,11,True,2025-03-18T00:00:00Z,2025-03-18T23:59:59Z,691201,691201,0,0.125,0.124879837,0.124999799,-0.005808472,0,0,5,5,1e-06,4.718528,29.81531,9.262274e-09,0.03774828,0.2385229,False,0.236197,False
2025-03-19,CE04OSBP-LJ01C-07-VEL3DC107,11,True,2025-03-19T00:00:00Z,2025-03-19T23:59:59Z,691201,691201,0,0.125,0.124879837,0.124999807,0.001355316,0,0,3,3,-1e-06,8.032189,41.17914,-9.908075e-09,0.06425761,0.3294336,False,0.36105,False
2025-03-20,CE04OSBP-LJ01C-07-VEL3DC107,11,True,2025-03-20T00:00:00Z,2025-03-20T23:59:59Z,691201,691201,0,0.125,0.124879837,0.124999804,-0.003512875,0,0,2,2,-0.0,5.890071,51.194794,-2.22353e-09,0.04712064,0.409559,True,0.35436,False
2025-03-21,CE04OSBP-LJ01C-07-VEL3DC107,11,True,2025-03-21T00:00:00Z,2025-03-21T23:59:59Z,686389,691206,4817,0.125,0.124879837,0.124998829,-0.148499218,5,4817,5,4821,1e-06,179.085427,321.270148,4.081604e-09,1.432697,2.570185,True,0.367235,True
2025-03-22,CE04OSBP-LJ01C-07-VEL3DC107,11,True,2025-03-22T00:00:00Z,2025-03-22T23:59:59Z,691201,691201,0,0.125,0.124879837,0.124999797,-0.004046738,0,0,1,1,1e-06,5.156909,27.250033,8.585076e-09,0.04125534,0.2180006,False,0.236063,False
2025-03-23,CE04OSBP-LJ01C-07-VEL3DC107,11,True,2025-03-23T00:00:00Z,2025-03-23T23:59:59Z,691202,691202,0,0.125,0.124879837,0.124999796,-0.000923558,0,0,10,10,-1e-06,4.895776,29.567023,-4.095075e-09,0.03916627,0.2365366,False,0.208479,False
2025-03-24,CE04OSBP-LJ01C-07-VEL3DC107,11,True,2025-03-24T00:00:00Z,2025-03-24T23:59:59Z,691201,691201,0,0.125,0.124879837,0.124999802,-0.00238273,0,0,1,1,-1e-05,4.755015,32.768558,-8.378498e-08,0.03804018,0.2621489,False,0.253288,False
2025-03-25,CE04OSBP-LJ01C-07-VEL3DC107,11,True,2025-03-25T00:00:00Z,2025-03-25T23:59:59Z,691201,691201,0,0.125,0.124879837,0.124999801,0.008735343,0,0,6,6,-1e-06,4.986017,48.790604,-6.19208e-09,0.0398882,0.3903255,False,0.398901,False
2025-03-26,CE04OSBP-LJ01C-07-VEL3DC107,11,True,2025-03-26T00:00:00Z,2025-03-26T23:59:59Z,686468,691205,4737,0.125,0.124879837,0.124999041,-0.126230116,5,4737,5,4741,-0.0,145.68021,277.910204,-1.686927e-09,1.165451,2.223299,True,0.346612,True
2025-03-27,CE04OSBP-LJ01C-07-VEL3DC107,11,True,2025-03-27T00:00:00Z,2025-03-27T23:59:59Z,691201,691201,0,0.125,0.124879837,0.124999798,0.005901831,0,0,2,2,1e-06,5.221699,26.313674,1.156144e-08,0.04177366,0.2105097,False,0.228632,False
2025-03-28,CE04OSBP-LJ01C-07-VEL3DC107,11,True,2025-03-28T00:00:00Z,2025-03-28T23:59:59Z,691201,691201,0,0.125,0.124879837,0.12499979,-0.001585068,0,0,5,5,1e-06,5.898859,28.237135,4.368909e-09,0.04719095,0.2258975,False,0.235234,False
2025-03-29,CE04OSBP-LJ01C-07-VEL3DC107,11,True,2025-03-29T00:00:00Z,2025-03-29T23:59:59Z,691201,691201,0,0.125,0.124879837,0.124999788,0.006117944,0,0,4,4,-0.0,3.552164,10.201053,-1.256868e-09,0.02841736,0.08160856,False,0.05781,False
2025-03-30,CE04OSBP-LJ01C-07-VEL3DC107,11,True,2025-03-30T00:00:00Z,2025-03-30T23:59:59Z,691201,691201,0,0.125,0.124879837,0.124999792,-0.001513404,0,0,4,4,1e-06,4.057114,26.681846,4.184455e-09,0.03245697,0.2134551,False,0.230385,False
2025-03-31,CE04OSBP-LJ01C-07-VEL3DC107,11,True,2025-03-31T00:00:00Z,2025-03-31T23:59:59Z,691201,691201,0,0.125,0.124879837,0.124999799,0.002057171,0,0,0,0,-6e-06,4.155309,24.710706,-4.521726e-08,0.03324252,0.197686,False,0.213565,False
2025-04-01,CE04OSBP-LJ01C-07-VEL3DC107,11,True,2025-04-01T00:00:00Z,2025-04-01T23:59:59Z,504883,691381,186498,0.125,0.124879837,0.124966099,6.012701132,10,186498,10,186506,-0.0,4696.062499,8360.640731,-1.370543e-09,37.57869,66.90327,True,0.376388,True
2025-04-02,CE04OSBP-LJ01C-07-VEL3DC107,11,True,2025-04-02T00:00:00Z,2025-04-02T23:59:59Z,691201,691201,0,0.125,0.124879837,0.124999793,-0.000905674,0,0,11,11,-2e-06,3.725436,28.985959,-1.371004e-08,0.02980353,0.2318881,False,0.250836,False
2025-04-03,CE04OSBP-LJ01C-07-VEL3DC107,11,True,2025-04-03T00:00:00Z,2025-04-03T23:59:59Z,691201,691201,0,0.125,0.124879837,0.124999797,0.00027448,0,0,8,8,-2e-06,4.00826,29.334427,-1.384105e-08,0.03206613,0.2346758,False,0.207815,False
2025-04-04,CE04OSBP-LJ01C-07-VEL3DC107,11,True,2025-04-04T00:00:00Z,2025-04-04T23:59:59Z,691201,691201,0,0.125,0.124879837,0.124999804,-0.000849545,0,0,6,6,0.0,6.276484,41.586497,2.711065e-09,0.05021195,0.3326925,False,0.347785,False
2025-04-05,CE04OSBP-LJ01C-07-VEL3DC107,11,True,2025-04-05T00:00:00Z,2025-04-05T23:59:59Z,691201,691201,0,0.125,0.124879837,0.124999803,0.001681248,0,0,1,1,0.0,5.656229,31.619034,3.646899e-09,0.04524991,0.2529527,False,0.277088,False
2025-04-06,CE04OSBP-LJ01C-07-VEL3DC107,11,True,2025-04-06T00:00:00Z,2025-04-06T23:59:59Z,691201,691201,0,0.125,0.124879837,0.1249998,-0.001219496,0,0,9,9,0.0,6.037693,30.926185,1.919543e-09,0.04830162,0.2474099,False,0.242986,False
2025-04-07,CE04OSBP-LJ01C-07-VEL3DC107,11,True,2025-04-07T00:00:00Z,2025-04-07T23:59:59Z,691201,691201,0,0.125,0.124879837,0.124999805,-0.005768826,0,0,10,10,0.0,7.335503,32.671515,8.773134e-10,0.05868412,0.2613725,False,0.261558,False
2025-04-08,CE04OSBP-LJ01C-07-VEL3DC107,11,True,2025-04-08T00:00:00Z,2025-04-08T23:59:59Z,691201,691201,0,0.125,0.124879837,0.124999807,0.00420051,0,0,7,7,-1e-06,5.788956,45.467027,-1.045657e-08,0.04631172,0.3637368,False,0.324084,False
2025-04-09,CE04OSBP-LJ01C-07-VEL3DC107,11,True,2025-04-09T00:00:00Z,2025-04-09T23:59:59Z,691201,691201,0,0.125,0.124879837,0.124999802,0.007763021,0,0,6,6,1e-06,8.091611,48.490142,4.911837e-09,0.06473299,0.3879217,False,0.358549,False
2025-04-10,CE04OSBP-LJ01C-07-VEL3DC107,11,True,2025-04-10T00:00:00Z,2025-04-10T23:59:59Z,691202,691202,0,0.125,0.124879837,0.124999804,0.007541957,0,0,9,9,5e-06,4.886774,28.999648,4.138365e-08,0.03909426,0.2319975,False,0.233283,False
2025-04-11,CE04OSBP-LJ01C-07-VEL3DC107,11,True,2025-04-11T00:00:00Z,2025-04-11T23:59:59Z,691201,691201,0,0.125,0.124879837,0.124999808,0.003692273,0,0,3,3,-0.0,4.92943,47.36427,-3.822606e-09,0.0394355,0.3789147,False,0.341488,False
2025-04-12,CE04OSBP-LJ01C-07-VEL3DC107,11,True,2025-04-12T00:00:00Z,2025-04-12T23:59:59Z,691201,691201,0,0.125,0.124879837,0.124999797,0.002642972,0,0,4,4,8e-06,3.502221,9.302721,6.341838e-08,0.02801781,0.07442189,False,0.059723,False
2025-04-13,CE04OSBP-LJ01C-07-VEL3DC107,11,True,2025-04-13T00:00:00Z,2025-04-13T23:59:59Z,691201,691201,0,0.125,0.124879837,0.124999808,0.006323026,0,0,4,4,1e-06,6.51861,30.412847,5.641766e-09,0.05214896,0.2433031,False,0.243616,False
2025-04-14,CE04OSBP-LJ01C-07-VEL3DC107,11,True,2025-04-14T00:00:00Z,2025-04-14T23:59:59Z,691201,691201,0,0.125,0.124879837,0.124999819,0.005755837,0,0,6,6,-2e-06,7.92478,54.102974,-1.834011e-08,0.06339833,0.4328244,True,0.423953,False
2025-04-15,CE04OSBP-LJ01C-07-VEL3DC107,11,True,2025-04-15T00:00:00Z,2025-04-15T23:59:59Z,691201,691201,0,0.125,0.124879837,0.12499981,0.000833674,0,0,6,6,-0.0,4.731101,26.378824,-3.464609e-09,0.03784887,0.2110309,False,0.233833,False
2025-04-16,CE04OSBP-LJ01C-07-VEL3DC107,11,True,2025-04-16T00:00:00Z,2025-04-16T23:59:59Z,691201,691201,0,0.125,0.124879837,0.124999818,-0.006316416,0,0,5,5,-2e-06,5.184605,31.863494,-1.288593e-08,0.0414769,0.2549083,False,0.234119,False
2025-04-17,CE04OSBP-LJ01C-07-VEL3DC107,11,True,2025-04-17T00:00:00Z,2025-04-17T23:59:59Z,691201,691201,0,0.125,0.124879837,0.124999804,0.002093575,0,0,8,8,0.0,7.818887,42.531354,3.625451e-09,0.06255119,0.3402514,False,0.34898,False
2025-04-18,CE04OSBP-LJ01C-07-VEL3DC107,11,True,2025-04-18T00:00:00Z,2025-04-18T23:59:59Z,691201,691201,0,0.125,0.124879837,0.124999807,-0.007129382,0,0,4,4,-0.0,7.089005,32.728801,-2.746675e-09,0.05671213,0.2618308,False,0.268725,False
2025-04-19,CE04OSBP-LJ01C-07-VEL3DC107,11,True,2025-04-19T00:00:00Z,2025-04-19T23:59:59Z,691201,691201,0,0.125,0.124879837,0.124999793,0.000103416,0,0,7,7,0.0,7.656761,48.49735,1.094801e-09,0.06125419,0.3879794,False,0.400428,False
2025-04-20,CE04OSBP-LJ01C-07-VEL3DC107,11,True,2025-04-20T00:00:00Z,2025-04-20T23:59:59Z,691201,691201,0,0.125,0.124879837,0.124999805,-0.001395333,0,0,5,5,1e-06,6.803095,31.662235,5.682856e-09,0.05442484,0.2532983,False,0.236342,False
2025-04-21,CE04OSBP-LJ01C-07-VEL3DC107,11,True,2025-04-21T00:00:00Z,2025-04-21T23:59:59Z,691201,691201,0,0.125,0.124879837,0.124999786,-0.007703724,0,0,6,6,-0.0,6.772724,47.197039,-2.229579e-09,0.05418188,0.377577,False,0.407153,False
2025-04-22,CE04OSBP-LJ01C-07-VEL3DC107,11,True,2025-04-22T00:00:00Z,2025-04-22T23:59:59Z,691201,691201,0,0.125,0.124879837,0.124999801,-0.002696599,0,0,7,7,1e-06,3.498901,12.010019,7.249652e-09,0.02799125,0.0960803,False,0.093416,False
2025-04-23,CE04OSBP-LJ01C-07-VEL3DC107,11,True,2025-04-23T00:00:00Z,2025-04-23T23:59:59Z,691202,691202,0,0.125,0.124879837,0.124999802,-0.007268255,0,0,12,12,-1e-06,8.852363,55.310623,-7.174211e-09,0.07081901,0.4424857,True,0.34612,False
2025-04-24,CE04OSBP-LJ01C-07-VEL3DC107,11,True,2025-04-24T00:00:00Z,2025-04-24T23:59:59Z,691201,691201,0,0.125,0.124879837,0.124999813,0.008326656,0,0,4,4,-1.1e-05,5.916175,32.928299,-8.447063e-08,0.04732947,0.2634268,False,0.237502,False
2025-04-25,CE04OSBP-LJ01C-07-VEL3DC107,11,True,2025-04-25T00:00:00Z,2025-04-25T23:59:59Z,691201,691201,0,0.125,0.124879837,0.124999817,0.000118534,0,0,4,4,-0.0,6.736792,47.379216,-7.42804e-10,0.05389441,0.3790343,False,0.351091,False
2025-04-26,CE04OSBP-LJ01C-07-VEL3DC107,11,True,2025-04-26T00:00:00Z,2025-04-26T23:59:59Z,691201,691201,0,0.125,0.124879837,0.124999806,-0.007228198,0,0,9,9,-0.0,6.205889,49.123107,-2.94684e-09,0.04964719,0.3929855,False,0.348189,False
2025-04-27,CE04OSBP-LJ01C-07-VEL3DC107,11,True,2025-04-27T00:00:00Z,2025-04-27T23:59:59Z,691201,691201,0,0.125,0.124879837,0.124999796,-0.000782955,0,0,4,4,1e-06,6.5044,35.316505,6.584761e-09,0.05203528,0.2825325,False,0.246709,False
2025-04-28,CE04OSBP-LJ01C-07-VEL3DC107,11,True,2025-04-28T00:00:00Z,2025-04-28T23:59:59Z,691201,691201,0,0.125,0.124879837,0.12499979,-0.001405278,0,0,4,4,-0.0,5.95753,33.572154,-2.201728e-09,0.04766032,0.2685777,False,0.242203,False
2025-04-29,CE04OSBP-LJ01C-07-VEL3DC107,11,True,2025-04-29T00:00:00Z,2025-04-29T23:59:59Z,691201,691201,0,0.125,0.124879837,0.124999788,0.00485395,0,0,3,3,0.0,5.813738,31.397283,3.373196e-09,0.04650998,0.2511787,False,0.237361,False
2025-04-30,CE04OSBP-LJ01C-07-VEL3DC107,11,True,2025-04-30T00:00:00Z,2025-04-30T23:59:59Z,691201,691201,0,0.125,0.124879837,0.124999797,-0.00590763,0,0,2,2,-2e-06,7.398235,30.181045,-1.589056e-08,0.05918597,0.2414488,False,0.245231,False
2025-05-01,CE04OSBP-LJ01C-07-VEL3DC107,11,True,2025-05-01T00:00:00Z,2025-05-01T23:59:59Z,691201,691201,0,0.125,0.124879837,0.124999804,-0.002532394,0,0,5,5,-0.0,5.033534,32.747821,-1.180206e-09,0.04026834,0.261983,False,0.28485,False
2025-05-02,CE04OSBP-LJ01C-07-VEL3DC107,11,True,2025-05-02T00:00:00Z,2025-05-02T23:59:59Z,691201,691201,0,0.125,0.124879837,0.124999798,0.004055571,0,0,5,5,0.0,6.287305,31.971937,1.55217e-09,0.05029852,0.2557759,False,0.235712,False
2025-05-03,CE04OSBP-LJ01C-07-VEL3DC107,11,True,2025-05-03T00:00:00Z,2025-05-03T23:59:59Z,691202,691202,0,0.125,0.124879837,0.124999795,-0.001222928,0,0,4,4,3e-06,5.334427,30.182737,2.54903e-08,0.04267549,0.2414623,False,0.245888,False
2025-05-04,CE04OSBP-LJ01C-07-VEL3DC107,11,True,2025-05-04T00:00:00Z,2025-05-04T23:59:59Z,691201,691201,0,0.125,0.124879837,0.124999795,-0.001255401,0,0,1,1,-4e-06,6.375115,48.787868,-3.176568e-08,0.051001,0.3903036,False,0.35111,False
2025-05-05,CE04OSBP-LJ01C-07-VEL3DC107,11,True,2025-05-05T00:00:00Z,2025-05-05T23:59:59Z,691201,691201,0,0.125,0.124879837,0.124999798,-0.001611782,0,0,6,6,0.0,5.68496,29.620516,1.227841e-09,0.04547975,0.2369645,False,0.235903,False
2025-05-06,CE04OSBP-LJ01C-07-VEL3DC107,11,True,2025-05-06T00:00:00Z,2025-05-06T23:59:59Z,691201,691201,0,0.125,0.124879837,0.124999803,0.007515054,0,0,7,7,-0.0,6.446756,48.923646,-2.409276e-09,0.05157413,0.3913898,False,0.402376,False
2025-05-07,CE04OSBP-LJ01C-07-VEL3DC107,11,True,2025-05-07T00:00:00Z,2025-05-07T23:59:59Z,691201,691201,0,0.125,0.124879837,0.124999803,0.001714591,0,0,5,5,-0.0,7.459262,33.27702,-3.635219e-10,0.05967419,0.2662166,False,0.277931,False
2025-05-08,CE04OSBP-LJ01C-07-VEL3DC107,11,True,2025-05-08T00:00:00Z,2025-05-08T23:59:59Z,691201,691201,0,0.125,0.124879837,0.124999802,-0.005141076,0,0,9,9,-0.0,8.183196,44.889516,-1.622412e-09,0.06546567,0.3591167,False,0.349908,False
2025-05-09,CE04OSBP-LJ01C-07-VEL3DC107,11,True,2025-05-09T00:00:00Z,2025-05-09T23:59:59Z,691201,691201,0,0.125,0.124879837,0.124999796,0.000459756,0,0,7,7,0.0,6.282529,30.095145,3.549936e-09,0.05026032,0.2407616,False,0.257278,False
2025-05-10,CE04OSBP-LJ01C-07-VEL3DC107,11,True,2025-05-10T00:00:00Z,2025-05-10T23:59:59Z,691201,691201,0,0.125,0.124879837,0.124999793,0.00193217,0,0,5,5,0.0,7.427795,42.068802,3.964644e-09,0.05942246,0.336551,False,0.35339,False
2025-05-11,CE04OSBP-LJ01C-07-VEL3DC107,11,True,2025-05-11T00:00:00Z,2025-05-11T23:59:59Z,691201,691201,0,0.125,0.124879837,0.12499979,-0.005820629,0,0,3,3,-0.0,7.213856,42.345731,-2.507284e-09,0.05771095,0.3387664,False,0.330774,False
2025-05-12,CE04OSBP-LJ01C-07-VEL3DC107,11,True,2025-05-12T00:00:00Z,2025-05-12T23:59:59Z,691202,691202,0,0.125,0.124879837,0.124999783,-0.000816111,0,0,10,10,0.0,7.66201,49.473919,1.457694e-09,0.06129618,0.395792,False,0.346792,False
2025-05-13,CE04OSBP-LJ01C-07-VEL3DC107,11,True,2025-05-13T00:00:00Z,2025-05-13T23:59:59Z,574954,691313,116359,0.125,0.124879837,0.124976471,4.248868654,1,116359,1,116359,-2e-06,3305.6357,6244.62021,-1.220028e-08,26.45006,49.96637,True,0.458975,True
2025-05-14,CE04OSBP-LJ01C-07-VEL3DC107,11,True,2025-05-14T00:00:00Z,2025-05-14T23:59:59Z,691201,691201,0,0.125,0.124879837,0.124999788,-0.002018666,0,0,6,6,-1e-06,4.410169,28.997024,-5.878318e-09,0.03528141,0.2319766,False,0.235628,False
2025-05-15,CE04OSBP-LJ01C-07-VEL3DC107,11,True,2025-05-15T00:00:00Z,2025-05-15T23:59:59Z,691201,691201,0,0.125,0.124879837,0.124999792,-0.000413312,0,0,13,13,-1e-06,6.06996,47.899983,-5.846656e-09,0.04855976,0.3832005,False,0.371707,False
2025-05-16,CE04OSBP-LJ01C-07-VEL3DC107,11,True,2025-05-16T00:00:00Z,2025-05-16T23:59:59Z,691201,691201,0,0.125,0.124879837,0.124999781,-0.002103096,0,0,2,2,-1e-06,4.884833,31.612959,-5.15022e-09,0.03907873,0.2529041,False,0.228342,False
2025-05-17,CE04OSBP-LJ01C-07-VEL3DC107,11,True,2025-05-17T00:00:00Z,2025-05-17T23:59:59Z,691202,691202,0,0.125,0.124879837,0.124999779,0.008877582,0,0,6,6,1e-06,4.641609,15.713956,1.166329e-08,0.03713294,0.1257119,False,0.104902,False
2025-05-18,CE04OSBP-LJ01C-07-VEL3DC107,11,True,2025-05-18T00:00:00Z,2025-05-18T23:59:59Z,691201,691201,0,0.125,0.124879837,0.124999785,0.005323856,0,0,3,3,-3e-06,5.324388,32.8041,-2.416285e-08,0.04259518,0.2624333,False,0.230167,False
2025-05-19,CE04OSBP-LJ01C-07-VEL3DC107,11,True,2025-05-19T00:00:00Z,2025-05-19T23:59:59Z,691201,691201,0,0.125,0.124879837,0.124999787,0.003802316,0,0,3,3,-1e-06,4.030461,25.262519,-9.079693e-09,0.03224374,0.2021005,False,0.233802,False
2025-05-20,CE04OSBP-LJ01C-07-VEL3DC107,11,True,2025-05-20T00:00:00Z,2025-05-20T23:59:59Z,691201,691201,0,0.125,0.124879837,0.124999784,0.004721787,0,0,6,6,-0.0,5.73088,31.953465,-1.799852e-09,0.04584712,0.2556282,False,0.231954,False
2025-05-21,CE04OSBP-LJ01C-07-VEL3DC107,11,True,2025-05-21T00:00:00Z,2025-05-21T23:59:59Z,691201,691201,0,0.125,0.124879837,0.124999792,0.005859437,0,0,6,6,1e-06,5.685687,15.691479,1.029592e-08,0.04548558,0.125532,False,0.078246,False
2025-05-22,CE04OSBP-LJ01C-07-VEL3DC107,11,True,2025-05-22T00:00:00Z,2025-05-22T23:59:59Z,691201,691201,0,0.125,0.124879837,0.124999794,-0.003894593,0,0,1,1,0.0,4.345185,30.885784,3.042523e-11,0.03476154,0.2470867,False,0.232222,False
2025-05-23,CE04OSBP-LJ01C-07-VEL3DC107,11,True,2025-05-23T00:00:00Z,2025-05-23T23:59:59Z,691201,691201,0,0.125,0.124879837,0.124999795,-0.000791699,0,0,5,5,-1e-06,5.452823,27.396929,-8.278078e-09,0.04362265,0.2191758,False,0.238144,False
2025-05-24,CE04OSBP-LJ01C-07-VEL3DC107,11,True,2025-05-24T00:00:00Z,2025-05-24T23:59:59Z,691202,691202,0,0.125,0.124879837,0.124999798,0.008066192,0,0,13,13,1e-06,4.872977,36.474424,7.911443e-09,0.03898388,0.2917959,False,0.275343,False
2025-05-25,CE04OSBP-LJ01C-07-VEL3DC107,11,True,2025-05-25T00:00:00Z,2025-05-25T23:59:59Z,691201,691201,0,0.125,0.124879837,0.124999801,-0.00361802,0,0,3,3,6e-06,6.082339,48.072506,5.076156e-08,0.04865879,0.3845807,False,0.365387,False
2025-05-26,CE04OSBP-LJ01C-07-VEL3DC107,11,True,2025-05-26T00:00:00Z,2025-05-26T23:59:59Z,691201,691201,0,0.125,0.124879837,0.124999806,-0.009958709,0,0,3,3,-3e-06,5.885041,48.459982,-2.093175e-08,0.0470804,0.3876805,False,0.393181,False
2025-05-27,CE04OSBP-LJ01C-07-VEL3DC107,11,True,2025-05-27T00:00:00Z,2025-05-27T23:59:59Z,691201,691201,0,0.125,0.124879837,0.124999804,-0.002296871,0,0,11,11,0.0,8.151358,50.821806,3.545998e-09,0.06521097,0.4065751,True,0.349778,False
2025-05-28,CE04OSBP-LJ01C-07-VEL3DC107,11,True,2025-05-28T00:00:00Z,2025-05-28T23:59:59Z,691201,691201,0,0.125,0.124879837,0.124999788,0.010395141,0,0,1,1,0.0,8.174389,34.826063,2.535117e-09,0.06539523,0.278609,False,0.223562,False
2025-05-29,CE04OSBP-LJ01C-07-VEL3DC107,11,True,2025-05-29T00:00:00Z,2025-05-29T23:59:59Z,691201,691201,0,0.125,0.124879837,0.124999799,0.005359525,0,0,1,1,-2e-06,5.336204,40.562662,-1.687129e-08,0.0426897,0.3245018,False,0.3567,False
2025-05-30,CE04OSBP-LJ01C-07-VEL3DC107,11,True,2025-05-30T00:00:00Z,2025-05-30T23:59:59Z,691201,691201,0,0.125,0.124879837,0.124999796,0.003721107,0,0,4,4,-0.0,4.301053,31.662623,-1.061229e-09,0.03440848,0.2533014,False,0.196325,False
2025-05-31,CE04OSBP-LJ01C-07-VEL3DC107,11,True,2025-05-31T00:00:00Z,2025-05-31T23:59:59Z,691201,691201,0,0.125,0.124879837,0.124999794,0.010311493,0,0,10,10,-1e-06,4.694216,23.486176,-9.732247e-09,0.03755379,0.1878897,False,0.196325,False
2025-06-01,CE04OSBP-LJ01C-07-VEL3DC107,11,True,2025-06-01T00:00:00Z,2025-06-01T23:59:59Z,691201,691201,0,0.125,0.124879837,0.124999793,0.00390278,0,0,4,4,0.0,5.352368,23.797312,4.123118e-10,0.04281901,0.1903788,False,0.226605,False
2025-06-02,CE04OSBP-LJ01C-07-VEL3DC107,11,True,2025-06-02T00:00:00Z,2025-06-02T23:59:59Z,691202,691202,0,0.125,0.124879837,0.124999802,0.002402957,0,0,0,0,-2e-06,4.9791,20.406693,-1.337106e-08,0.03983287,0.1632538,False,0.095215,False
2025-06-03,CE04OSBP-LJ01C-07-VEL3DC107,11,True,2025-06-03T00:00:00Z,2025-06-03T23:59:59Z,691201,691201,0,0.125,0.124879837,0.124999806,0.003780975,0,0,6,6,1e-05,5.373269,29.875379,7.775644e-08,0.04298622,0.2390034,False,0.238824,False
2025-06-04,CE04OSBP-LJ01C-07-VEL3DC107,11,True,2025-06-04T00:00:00Z,2025-06-04T23:59:59Z,691201,691201,0,0.125,0.124879837,0.124999806,-0.003391828,0,0,4,4,-1e-05,6.309486,25.439046,-7.79631e-08,0.05047597,0.2035127,False,0.248782,False
2025-06-05,CE04OSBP-LJ01C-07-VEL3DC107,11,True,2025-06-05T00:00:00Z,2025-06-05T23:59:59Z,691201,691201,0,0.125,0.124879837,0.124999809,-0.002890562,0,0,7,7,-5e-06,4.213353,34.234956,-3.802585e-08,0.03370688,0.2738801,False,0.276076,False
2025-06-06,CE04OSBP-LJ01C-07-VEL3DC107,11,True,2025-06-06T00:00:00Z,2025-06-06T23:59:59Z,691201,691201,0,0.125,0.124879837,0.124999793,-0.000562755,0,0,3,3,-5e-06,5.788838,30.353467,-3.926583e-08,0.04631078,0.2428281,False,0.242917,False
2025-06-07,CE04OSBP-LJ01C-07-VEL3DC107,11,True,2025-06-07T00:00:00Z,2025-06-07T23:59:59Z,691201,691201,0,0.125,0.124879837,0.124999802,-0.004025326,0,0,5,5,2e-06,3.267105,12.919093,1.485952e-08,0.02613688,0.1033529,False,0.098422,False
2025-06-08,CE04OSBP-LJ01C-07-VEL3DC107,11,True,2025-06-08T00:00:00Z,2025-06-08T23:59:59Z,691201,691201,0,0.125,0.124879837,0.124999792,-0.003367558,0,0,1,1,-2e-06,4.690581,29.54975,-1.320358e-08,0.03752471,0.2363984,False,0.232764,False
2025-06-09,CE04OSBP-LJ01C-07-VEL3DC107,11,True,2025-06-09T00:00:00Z,2025-06-09T23:59:59Z,691201,691201,0,0.125,0.124879837,0.124999791,0.001825565,0,0,4,4,1e-06,5.222761,16.254529,8.445787e-09,0.04178216,0.1300365,False,0.096326,False
2025-06-10,CE04OSBP-LJ01C-07-VEL3DC107,11,True,2025-06-10T00:00:00Z,2025-06-10T23:59:59Z,691201,691201,0,0.125,0.124879837,0.12499978,-0.001671854,0,0,6,6,-0.0,4.269626,24.673679,-7.275223e-11,0.03415707,0.1973898,False,0.210415,False
2025-06-11,CE04OSBP-LJ01C-07-VEL3DC107,11,True,2025-06-11T00:00:00Z,2025-06-11T23:59:59Z,691202,691202,0,0.125,0.124879837,0.124999779,0.005179331,0,0,18,18,0.0,5.531009,29.570259,9.284809e-10,0.04424815,0.2365625,False,0.235418,False
2025-06-12,CE04OSBP-LJ01C-07-VEL3DC107,11,True,2025-06-12T00:00:00Z,2025-06-12T23:59:59Z,691201,691201,0,0.125,0.124879837,0.124999797,0.012657155,0,0,5,5,5e-06,4.435004,13.249174,4.111107e-08,0.03548009,0.1059936,False,0.104299,False
2025-06-13,CE04OSBP-LJ01C-07-VEL3DC107,11,True,2025-06-13T00:00:00Z,2025-06-13T23:59:59Z,691201,691201,0,0.125,0.124879837,0.124999796,-0.000422321,0,0,3,3,0.0,3.785387,24.330423,1.50131e-09,0.03028315,0.1946437,False,0.228972,False
2025-06-14,CE04OSBP-LJ01C-07-VEL3DC107,11,True,2025-06-14T00:00:00Z,2025-06-14T23:59:59Z,691201,691201,0,0.125,0.124879837,0.124999793,0.007881808,0,0,6,6,-1e-06,3.748326,12.016613,-7.321903e-09,0.02998666,0.09613306,False,0.091339,False
2025-06-15,CE04OSBP-LJ01C-07-VEL3DC107,11,True,2025-06-15T00:00:00Z,2025-06-15T23:59:59Z,691201,691201,0,0.125,0.124879837,0.12499978,-0.007607701,0,0,5,5,-0.0,5.141221,30.859726,-3.971573e-09,0.04112984,0.2468782,False,0.252646,False
2025-06-16,CE04OSBP-LJ01C-07-VEL3DC107,11,True,2025-06-16T00:00:00Z,2025-06-16T23:59:59Z,691201,691201,0,0.125,0.124879837,0.124999776,0.000414976,0,0,6,6,-0.0,4.553343,29.696693,-3.653006e-09,0.03642681,0.237574,False,0.229889,False
2025-06-17,CE04OSBP-LJ01C-07-VEL3DC107,11,True,2025-06-17T00:00:00Z,2025-06-17T23:59:59Z,691202,691202,0,0.125,0.124879837,0.12499979,-0.002308299,0,0,9,9,1e-06,4.158766,31.102064,8.713693e-09,0.03327018,0.2488169,False,0.270562,False
2025-06-18,CE04OSBP-LJ01C-07-VEL3DC107,11,True,2025-06-18T00:00:00Z,2025-06-18T23:59:59Z,691201,691201,0,0.125,0.124879837,0.124999791,-0.001633415,0,0,8,8,-6e-06,4.332856,29.942568,-4.830684e-08,0.03466291,0.2395409,False,0.232481,False
2025-06-19,CE04OSBP-LJ01C-07-VEL3DC107,11,True,2025-06-19T00:00:00Z,2025-06-19T23:59:59Z,691201,691201,0,0.125,0.124879837,0.12499978,-0.005396027,0,0,2,2,0.0,4.741179,30.257966,2.385327e-11,0.0379295,0.2420642,False,0.232825,False
2025-06-20,CE04OSBP-LJ01C-07-VEL3DC107,11,True,2025-06-20T00:00:00Z,2025-06-20T23:59:59Z,691201,691201,0,0.125,0.124879837,0.124999786,0.001773935,0,0,2,2,-1e-06,5.734223,29.041366,-7.837162e-09,0.04587386,0.2323313,False,0.224604,False
2025-06-21,CE04OSBP-LJ01C-07-VEL3DC107,11,True,2025-06-21T00:00:00Z,2025-06-21T23:59:59Z,691201,691201,0,0.125,0.124879837,0.124999803,-0.007603422,0,0,8,8,2e-06,3.849532,27.781337,1.389331e-08,0.03079631,0.222251,False,0.23197,False
2025-06-22,CE04OSBP-LJ01C-07-VEL3DC107,11,True,2025-06-22T00:00:00Z,2025-06-22T23:59:59Z,691201,691201,0,0.125,0.124879837,0.124999806,-0.004989738,0,0,0,0,-6e-06,5.340773,32.647829,-4.485395e-08,0.04272625,0.261183,False,0.234574,False
2025-06-23,CE04OSBP-LJ01C-07-VEL3DC107,11,True,2025-06-23T00:00:00Z,2025-06-23T23:59:59Z,691201,691201,0,0.125,0.124879837,0.124999791,-0.006295939,0,0,5,5,-1e-06,5.630345,29.410259,-6.785622e-09,0.04504283,0.2352825,False,0.234757,False
2025-06-24,CE04OSBP-LJ01C-07-VEL3DC107,11,True,2025-06-24T00:00:00Z,2025-06-24T23:59:59Z,691202,691202,0,0.125,0.124879837,0.124999786,0.000525419,0,0,12,12,2e-06,4.205738,28.648722,1.477153e-08,0.03364596,0.2291902,False,0.236437,False
2025-06-25,CE04OSBP-LJ01C-07-VEL3DC107,11,True,2025-06-25T00:00:00Z,2025-06-25T23:59:59Z,691201,691201,0,0.125,0.124879837,0.12499979,-0.003424432,0,0,8,8,0.0,5.503139,34.902896,2.060976e-10,0.04402519,0.2792236,False,0.235124,False
2025-06-26,CE04OSBP-LJ01C-07-VEL3DC107,11,True,2025-06-26T00:00:00Z,2025-06-26T23:59:59Z,691201,691201,0,0.125,0.124879837,0.124999786,-0.001451188,0,0,1,1,2e-06,3.917557,25.61533,1.543556e-08,0.03134051,0.204923,False,0.209289,False
2025-06-27,CE04OSBP-LJ01C-07-VEL3DC107,11,True,2025-06-27T00:00:00Z,2025-06-27T23:59:59Z,691201,691201,0,0.125,0.124879837,0.124999784,-0.003888424,0,0,6,6,1e-06,5.017011,28.92663,8.847573e-09,0.04013616,0.2314134,False,0.23659,False
2025-06-28,CE04OSBP-LJ01C-07-VEL3DC107,11,True,2025-06-28T00:00:00Z,2025-06-28T23:59:59Z,691201,691201,0,0.125,0.124879837,0.124999787,-0.003444242,0,0,4,4,-0.0,4.321036,29.095298,-1.996828e-09,0.03456834,0.2327628,False,0.205791,False
2025-06-29,CE04OSBP-LJ01C-07-VEL3DC107,11,True,2025-06-29T00:00:00Z,2025-06-29T23:59:59Z,691201,691201,0,0.125,0.124879837,0.124999784,0.004115601,0,0,5,5,2e-06,5.177056,28.719653,1.2897e-08,0.04141652,0.2297576,False,0.228144,False
2025-06-30,CE04OSBP-LJ01C-07-VEL3DC107,11,True,2025-06-30T00:00:00Z,2025-06-30T23:59:59Z,691202,691202,0,0.125,0.124879837,0.124999784,-0.005617883,0,0,6,6,-1e-06,9.185233,40.070361,-5.483188e-09,0.07348199,0.3205634,False,0.244899,False
2025-07-01,CE04OSBP-LJ01C-07-VEL3DC107,11,True,2025-07-01T00:00:00Z,2025-07-01T23:59:59Z,691201,691201,0,0.125,0.124879837,0.124999787,0.01000109,0,0,3,3,0.0,7.12958,35.980581,7.153904e-10,0.05703674,0.2878451,False,0.238381,False
2025-07-02,CE04OSBP-LJ01C-07-VEL3DC107,11,True,2025-07-02T00:00:00Z,2025-07-02T23:59:59Z,691201,691201,0,0.125,0.124879837,0.124999785,-0.001869298,0,0,1,1,-1e-06,4.355137,27.285588,-8.598493e-09,0.03484115,0.2182851,False,0.232061,False
2025-07-03,CE04OSBP-LJ01C-07-VEL3DC107,11,True,2025-07-03T00:00:00Z,2025-07-03T23:59:59Z,691201,691201,0,0.125,0.124879837,0.124999796,-0.005974536,0,0,2,2,0.0,5.239399,33.628715,1.452825e-09,0.04191526,0.2690302,False,0.233948,False
2025-07-04,CE04OSBP-LJ01C-07-VEL3DC107,11,True,2025-07-04T00:00:00Z,2025-07-04T23:59:59Z,691201,691201,0,0.125,0.124879837,0.12499979,0.000477608,0,0,3,3,0.0,5.6216,46.277182,1.252869e-09,0.04497288,0.3702181,False,0.492531,False
2025-07-05,CE04OSBP-LJ01C-07-VEL3DC107,11,True,2025-07-05T00:00:00Z,2025-07-05T23:59:59Z,691202,691202,0,0.125,0.124879837,0.124999784,-0.002580231,0,0,5,5,-3e-06,6.326178,30.416716,-2.198711e-08,0.05060951,0.2433341,False,0.233547,False
2025-07-06,CE04OSBP-LJ01C-07-VEL3DC107,11,True,2025-07-06T00:00:00Z,2025-07-06T23:59:59Z,691201,691201,0,0.125,0.124879837,0.124999789,0.026932969,0,0,2,2,-2e-06,5.833633,31.114404,-1.910454e-08,0.04666915,0.2489157,False,0.23226,False
2025-07-07,CE04OSBP-LJ01C-07-VEL3DC107,11,True,2025-07-07T00:00:00Z,2025-07-07T23:59:59Z,691201,691201,0,0.125,0.124879837,0.124999818,-0.000159394,0,0,5,5,-0.0,7.032139,35.127879,-8.874545e-10,0.05625719,0.2810234,False,0.206066,False
2025-07-08,CE04OSBP-LJ01C-07-VEL3DC107,11,True,2025-07-08T00:00:00Z,2025-07-08T23:59:59Z,691201,691201,0,0.125,0.124879837,0.124999782,-1.3289e-05,0,0,8,8,-0.0,4.598511,22.567152,-3.145097e-09,0.03678815,0.1805375,False,0.225036,False
2025-07-09,CE04OSBP-LJ01C-07-VEL3DC107,11,True,2025-07-09T00:00:00Z,2025-07-09T23:59:59Z,691201,691201,0,0.125,0.124879837,0.1249998,-0.002350342,0,0,2,2,-0.0,3.069373,9.906495,-2.924978e-09,0.02455502,0.07925209,False,0.057852,False
2025-07-10,CE04OSBP-LJ01C-07-VEL3DC107,11,True,2025-07-10T00:00:00Z,2025-07-10T23:59:59Z,691201,691201,0,0.125,0.124879837,0.124999816,0.004307157,0,0,8,8,-1e-06,4.132722,31.071679,-8.725026e-09,0.03306182,0.2485738,False,0.207689,False
2025-07-11,CE04OSBP-LJ01C-07-VEL3DC107,11,True,2025-07-11T00:00:00Z,2025-07-11T23:59:59Z,691201,691201,0,0.125,0.124879837,0.124999828,-0.000877078,0,0,6,6,0.0,4.986719,45.999748,7.454166e-10,0.03989381,0.3679985,False,0.376396,False
2025-07-12,CE04OSBP-LJ01C-07-VEL3DC107,11,True,2025-07-12T00:00:00Z,2025-07-12T23:59:59Z,691201,691201,0,0.125,0.124879837,0.12499978,-0.000606671,0,0,5,5,-1e-06,5.863852,28.202526,-8.098306e-09,0.0469109,0.2256206,False,0.228541,False
2025-07-13,CE04OSBP-LJ01C-07-VEL3DC107,11,True,2025-07-13T00:00:00Z,2025-07-13T23:59:59Z,691201,691201,0,0.125,0.124879837,0.124999797,0.007642893,0,0,6,6,0.0,2.699553,8.462335,2.62637e-09,0.02159646,0.06769879,False,0.073305,False
2025-07-14,CE04OSBP-LJ01C-07-VEL3DC107,11,True,2025-07-14T00:00:00Z,2025-07-14T23:59:59Z,691202,691202,0,0.125,0.124879837,0.124999784,-0.004546286,0,0,15,15,1e-06,5.336821,42.561125,1.050611e-08,0.04269464,0.3404896,False,0.385105,False
2025-07-15,CE04OSBP-LJ01C-07-VEL3DC107,11,True,2025-07-15T00:00:00Z,2025-07-15T23:59:59Z,691201,691201,0,0.125,0.124879837,0.124999778,0.001942066,0,0,6,6,4e-06,3.471845,29.367085,3.102147e-08,0.02777481,0.2349371,False,0.227151,False
2025-07-16,CE04OSBP-LJ01C-07-VEL3DC107,11,True,2025-07-16T00:00:00Z,2025-07-16T23:59:59Z,691201,691201,0,0.125,0.124879837,0.124999795,0.004545935,0,0,7,7,-1e-06,7.520049,46.160973,-1.197343e-08,0.06016049,0.3692884,False,0.420784,False
2025-07-17,CE04OSBP-LJ01C-07-VEL3DC107,11,True,2025-07-17T00:00:00Z,2025-07-17T23:59:59Z,691201,691201,0,0.125,0.124879837,0.124999806,-0.002229111,0,0,5,5,-0.0,4.33651,30.007774,-2.700249e-09,0.03469213,0.2400626,False,0.228533,False
2025-07-18,CE04OSBP-LJ01C-07-VEL3DC107,11,True,2025-07-18T00:00:00Z,2025-07-18T23:59:59Z,691201,691201,0,0.125,0.124879837,0.124999814,0.001254337,0,0,8,8,-1e-06,4.73875,28.493123,-1.050807e-08,0.03791006,0.2279453,False,0.232802,False
2025-07-19,CE04OSBP-LJ01C-07-VEL3DC107,11,True,2025-07-19T00:00:00Z,2025-07-19T23:59:59Z,691201,691201,0,0.125,0.124879837,0.124999815,0.00566472,0,0,5,5,-0.0,3.539715,13.548911,-1.339937e-09,0.02831777,0.1083915,False,0.110515,False
2025-07-20,CE04OSBP-LJ01C-07-VEL3DC107,11,True,2025-07-20T00:00:00Z,2025-07-20T23:59:59Z,691201,691201,0,0.125,0.124879837,0.124999816,-0.003380576,0,0,4,4,1e-06,5.387029,42.933723,9.166474e-09,0.04309629,0.3434703,False,0.349251,False
2025-07-21,CE04OSBP-LJ01C-07-VEL3DC107,11,True,2025-07-21T00:00:00Z,2025-07-21T23:59:59Z,691201,691201,0,0.125,0.124879837,0.12499978,-0.000884068,0,0,7,7,-1e-06,4.74003,30.470061,-5.094966e-09,0.03792031,0.2437609,False,0.227334,False
2025-07-22,CE04OSBP-LJ01C-07-VEL3DC107,11,True,2025-07-22T00:00:00Z,2025-07-22T23:59:59Z,691201,691201,0,0.125,0.124879837,0.124999815,-0.001331706,0,0,5,5,1e-06,4.051626,12.587844,5.144792e-09,0.03241305,0.1007029,False,0.055294,False
2025-07-23,CE04OSBP-LJ01C-07-VEL3DC107,11,True,2025-07-23T00:00:00Z,2025-07-23T23:59:59Z,691201,691201,0,0.125,0.124879837,0.124999827,0.0020611,0,0,7,7,-1e-06,5.256242,32.264538,-7.987331e-09,0.04204999,0.2581167,False,0.228686,False
2025-07-24,CE04OSBP-LJ01C-07-VEL3DC107,11,True,2025-07-24T00:00:00Z,2025-07-24T23:59:59Z,691201,691201,0,0.125,0.124879837,0.124999815,0.011496451,0,0,8,8,-0.0,5.000779,31.454066,-1.127266e-09,0.04000629,0.2516329,False,0.223795,False
2025-07-25,CE04OSBP-LJ01C-07-VEL3DC107,11,True,2025-07-25T00:00:00Z,2025-07-25T23:59:59Z,691201,691201,0,0.125,0.124879837,0.124999802,0.009194257,0,0,2,2,-0.0,5.256416,48.243005,-1.724392e-09,0.0420514,0.3859447,False,0.31917,False
2025-07-26,CE04OSBP-LJ01C-07-VEL3DC107,11,True,2025-07-26T00:00:00Z,2025-07-26T23:59:59Z,691201,691201,0,0.125,0.124879837,0.124999807,-0.004848354,0,0,2,2,-0.0,3.959335,11.856754,-3.179399e-09,0.03167473,0.09485418,False,0.079563,False
2025-07-27,CE04OSBP-LJ01C-07-VEL3DC107,11,True,2025-07-27T00:00:00Z,2025-07-27T23:59:59Z,691201,691201,0,0.125,0.124879837,0.12499982,0.000148345,0,0,10,10,-1e-06,4.466405,29.248566,-6.946025e-09,0.03573129,0.2339889,False,0.233027,False
2025-07-28,CE04OSBP-LJ01C-07-VEL3DC107,11,True,2025-07-28T00:00:00Z,2025-07-28T23:59:59Z,691201,691201,0,0.125,0.124879837,0.124999822,0.004838415,0,0,3,3,1e-06,4.924597,26.414191,4.887105e-09,0.03939683,0.2113138,False,0.229381,False
2025-07-29,CE04OSBP-LJ01C-07-VEL3DC107,11,True,2025-07-29T00:00:00Z,2025-07-29T23:59:59Z,691201,691201,0,0.125,0.124879837,0.124999817,0.000166557,0,0,4,4,2e-06,4.238801,26.88724,1.359671e-08,0.03391046,0.2150982,False,0.223898,False
2025-07-30,CE04OSBP-LJ01C-07-VEL3DC107,11,True,2025-07-30T00:00:00Z,2025-07-30T23:59:59Z,691201,691201,0,0.125,0.124879837,0.124999808,-0.001819958,0,0,5,5,-1e-06,3.502938,29.543456,-5.66313e-09,0.02802355,0.236348,False,0.226643,False
2025-07-31,CE04OSBP-LJ01C-07-VEL3DC107,11,True,2025-07-31T00:00:00Z,2025-07-31T23:59:59Z,691201,691201,0,0.125,0.124879837,0.124999816,-0.010277956,0,0,7,7,-0.0,6.489293,30.127803,-4.309453e-10,0.05191442,0.2410228,False,0.234513,False
2025-08-01,CE04OSBP-LJ01C-07-VEL3DC107,11,True,2025-08-01T00:00:00Z,2025-08-01T23:59:59Z,691201,691201,0,0.125,0.124879837,0.124999793,-0.000797169,0,0,5,5,-1e-06,4.638318,30.01099,-1.082347e-08,0.0371066,0.2400883,False,0.234421,False
2025-08-02,CE04OSBP-LJ01C-07-VEL3DC107,11,True,2025-08-02T00:00:00Z,2025-08-02T23:59:59Z,691201,691201,0,0.125,0.124879837,0.124999781,0.000939713,0,0,7,7,-2e-06,5.253376,51.607411,-1.649074e-08,0.04202708,0.41286,True,0.372768,False
2025-08-03,CE04OSBP-LJ01C-07-VEL3DC107,11,True,2025-08-03T00:00:00Z,2025-08-03T23:59:59Z,691202,691202,0,0.125,0.124879837,0.124999776,0.000133771,0,0,4,4,1e-06,3.689154,28.307899,6.653606e-09,0.02951328,0.2264636,False,0.227231,False
2025-08-04,CE04OSBP-LJ01C-07-VEL3DC107,11,True,2025-08-04T00:00:00Z,2025-08-04T23:59:59Z,691201,691201,0,0.125,0.124879837,0.12499978,0.003741827,0,0,12,12,-1e-06,4.402769,44.658825,-9.164058e-09,0.03522222,0.3572712,False,0.356624,False
2025-08-05,CE04OSBP-LJ01C-07-VEL3DC107,11,True,2025-08-05T00:00:00Z,2025-08-05T23:59:59Z,691201,691201,0,0.125,0.124879837,0.124999783,-0.000918737,0,0,6,6,-0.0,3.647741,26.791579,-1.190839e-09,0.02918198,0.214333,False,0.228839,False
2025-08-06,CE04OSBP-LJ01C-07-VEL3DC107,11,True,2025-08-06T00:00:00Z,2025-08-06T23:59:59Z,691201,691201,0,0.125,0.124879837,0.124999789,0.000824098,0,0,0,0,-6e-06,5.086603,29.939599,-4.674184e-08,0.04069289,0.2395172,False,0.231355,False
2025-08-07,CE04OSBP-LJ01C-07-VEL3DC107,11,True,2025-08-07T00:00:00Z,2025-08-07T23:59:59Z,691202,691202,0,0.125,0.124879837,0.124999788,0.004413022,0,0,7,7,1e-06,4.767514,28.7137,8.81347e-09,0.03814018,0.22971,False,0.234146,False
2025-08-08,CE04OSBP-LJ01C-07-VEL3DC107,11,True,2025-08-08T00:00:00Z,2025-08-08T23:59:59Z,691201,691201,0,0.125,0.124879837,0.124999786,0.009519399,0,0,4,4,-0.0,3.626383,26.853536,-3.844641e-09,0.02901111,0.2148287,False,0.196356,False
2025-08-09,CE04OSBP-LJ01C-07-VEL3DC107,11,True,2025-08-09T00:00:00Z,2025-08-09T23:59:59Z,691201,691201,0,0.125,0.124879837,0.124999784,0.005291319,0,0,2,2,-0.0,4.131669,29.400721,-2.581599e-09,0.03305341,0.2352062,False,0.255117,False
2025-08-10,CE04OSBP-LJ01C-07-VEL3DC107,11,True,2025-08-10T00:00:00Z,2025-08-10T23:59:59Z,691201,691201,0,0.125,0.124879837,0.124999794,-0.00101732,0,0,6,6,0.0,3.558134,27.322095,3.58833e-09,0.02846512,0.2185771,False,0.228747,False
2025-08-11,CE04OSBP-LJ01C-07-VEL3DC107,11,True,2025-08-11T00:00:00Z,2025-08-11T23:59:59Z,691201,691201,0,0.125,0.124879837,0.124999792,0.000315212,0,0,5,5,-0.0,3.552978,11.216613,-3.534836e-09,0.02842387,0.08973305,False,0.09402,False
2025-08-12,CE04OSBP-LJ01C-07-VEL3DC107,11,True,2025-08-12T00:00:00Z,2025-08-12T23:59:59Z,691201,691202,1,0.125,0.124879837,0.124999698,0.025875162,3,1,3,3,-1e-06,31.524526,117.601522,-5.891736e-09,0.2521968,0.9408144,True,0.486884,True
2025-08-13,CE04OSBP-LJ01C-07-VEL3DC107,11,True,2025-08-13T00:00:00Z,2025-08-13T23:59:59Z,691202,691202,0,0.125,0.124879837,0.124999777,0.003445711,0,0,4,4,1e-06,5.255003,31.015524,6.097289e-09,0.0420401,0.2481246,False,0.239576,False
2025-08-14,CE04OSBP-LJ01C-07-VEL3DC107,11,True,2025-08-14T00:00:00Z,2025-08-14T23:59:59Z,691201,691201,0,0.125,0.124879837,0.12499978,0.006048331,0,0,4,4,5e-06,4.782013,31.585796,4.208435e-08,0.03825617,0.2526868,False,0.23134,False
2025-08-15,CE04OSBP-LJ01C-07-VEL3DC107,11,True,2025-08-15T00:00:00Z,2025-08-15T23:59:59Z,691201,691201,0,0.125,0.124879837,0.124999791,0.001133683,0,0,10,10,1e-06,4.028426,28.874449,6.28997e-09,0.03222746,0.230996,False,0.256377,False
2025-08-16,CE04OSBP-LJ01C-07-VEL3DC107,11,True,2025-08-16T00:00:00Z,2025-08-16T23:59:59Z,691201,691201,0,0.125,0.124879837,0.124999777,-0.004966116,0,0,1,1,1e-06,4.753892,27.635328,5.209274e-09,0.03803121,0.221083,False,0.229293,False
2025-08-17,CE04OSBP-LJ01C-07-VEL3DC107,11,True,2025-08-17T00:00:00Z,2025-08-17T23:59:59Z,691201,691201,0,0.125,0.124879837,0.124999782,0.001296893,0,0,0,0,-6e-06,4.493401,36.134851,-4.508502e-08,0.03594727,0.2890793,False,0.282632,False
2025-08-18,CE04OSBP-LJ01C-07-VEL3DC107,11,True,2025-08-18T00:00:00Z,2025-08-18T23:59:59Z,691201,691201,0,0.125,0.124879837,0.124999789,-0.001939661,0,0,3,3,0.0,5.572531,39.331929,3.134049e-09,0.04458032,0.314656,False,0.288409,False
2025-08-19,CE04OSBP-LJ01C-07-VEL3DC107,11,True,2025-08-19T00:00:00Z,2025-08-19T23:59:59Z,691202,691202,0,0.125,0.124879837,0.124999784,0.001131833,0,0,12,12,-1e-06,3.309062,27.583821,-7.373104e-09,0.02647254,0.2206709,False,0.233489,False
2025-08-20,CE04OSBP-LJ01C-07-VEL3DC107,11,True,2025-08-20T00:00:00Z,2025-08-20T23:59:59Z,691201,691201,0,0.125,0.124879837,0.124999783,-0.003262431,0,0,4,4,0.0,4.672322,29.220313,3.346508e-11,0.03737864,0.2337629,False,0.229576,False
2025-08-21,CE04OSBP-LJ01C-07-VEL3DC107,11,True,2025-08-21T00:00:00Z,2025-08-21T23:59:59Z,691201,691201,0,0.125,0.124879837,0.12499978,-0.001819144,0,0,6,6,0.0,7.560726,47.017871,9.191578e-10,0.06048592,0.3761436,False,0.371466,False
2025-08-22,CE04OSBP-LJ01C-07-VEL3DC107,11,True,2025-08-22T00:00:00Z,2025-08-22T23:59:59Z,691201,691201,0,0.125,0.124879837,0.12499979,-0.002802374,0,0,1,1,-1e-06,5.880541,34.568862,-4.204154e-09,0.0470444,0.2765514,False,0.231809,False
2025-08-23,CE04OSBP-LJ01C-07-VEL3DC107,11,True,2025-08-23T00:00:00Z,2025-08-23T23:59:59Z,691201,691201,0,0.125,0.124879837,0.12499979,-0.000689804,0,0,5,5,-0.0,4.327528,28.630139,-5.105832e-10,0.03462028,0.2290415,False,0.231649,False
2025-08-24,CE04OSBP-LJ01C-07-VEL3DC107,11,True,2025-08-24T00:00:00Z,2025-08-24T23:59:59Z,691202,691202,0,0.125,0.124879837,0.124999779,-0.002608818,0,0,6,6,1e-06,4.728123,29.970123,4.388296e-09,0.03782505,0.2397614,False,0.231378,False
2025-08-25,CE04OSBP-LJ01C-07-VEL3DC107,11,True,2025-08-25T00:00:00Z,2025-08-25T23:59:59Z,691201,691201,0,0.125,0.124879837,0.124999785,6.8766e-05,0,0,5,5,-8e-06,5.482728,34.866362,-6.039554e-08,0.0438619,0.2789314,False,0.276717,False
2025-08-26,CE04OSBP-LJ01C-07-VEL3DC107,11,True,2025-08-26T00:00:00Z,2025-08-26T23:59:59Z,691201,691201,0,0.125,0.124879837,0.124999782,0.005557881,0,0,4,4,-3e-06,5.132211,28.733253,-2.11821e-08,0.04105776,0.2298664,False,0.226437,False
2025-08-27,CE04OSBP-LJ01C-07-VEL3DC107,11,True,2025-08-27T00:00:00Z,2025-08-27T19:22:59Z,558241,558241,0,0.125,0.124879837,0.124999782,0.005415739,0,0,3,3,-0.0,6.101016,28.534216,-1.649607e-09,0.04880821,0.2282741,False,0.231233,False
2025-08-28,CE04OSBP-LJ01C-07-VEL3DC107,12,True,2025-08-28T03:47:53Z,2025-08-28T23:59:59Z,581811,581811,0,0.125,0.124879837,0.12499991,-0.002522088,0,0,7,7,-0.0,4.554598,25.193039,-2.545688e-09,0.03643681,0.2015445,False,0.237166,False
2025-08-29,CE04OSBP-LJ01C-07-VEL3DC107,12,True,2025-08-29T00:00:00Z,2025-08-29T23:59:59Z,691200,691200,0,0.125,0.124879837,0.124999898,-0.00256239,0,0,0,0,5e-06,4.58055,12.397088,3.699544e-08,0.03664443,0.09917679,False,0.076547,False
2025-08-30,CE04OSBP-LJ01C-07-VEL3DC107,12,True,2025-08-30T00:00:00Z,2025-08-30T23:59:59Z,691201,691201,0,0.125,0.124879837,0.124999909,-0.000495323,0,0,2,2,-1e-06,3.459175,9.787745,-1.182728e-08,0.02767342,0.07830201,False,0.089293,False
2025-08-31,CE04OSBP-LJ01C-07-VEL3DC107,12,True,2025-08-31T00:00:00Z,2025-08-31T23:59:59Z,691200,691200,0,0.125,0.124879837,0.12499991,0.001998615,0,0,1,1,-4e-06,5.635492,32.652291,-3.468242e-08,0.04508396,0.2612185,False,0.233444,False
2025-09-01,CE04OSBP-LJ01C-07-VEL3DC107,12,True,2025-09-01T00:00:00Z,2025-09-01T23:59:59Z,691201,691201,0,0.125,0.124879837,0.124999902,0.002523928,0,0,2,2,-1e-06,3.365622,9.268587,-5.662063e-09,0.026925,0.07414875,False,0.061231,False
2025-09-02,CE04OSBP-LJ01C-07-VEL3DC107,12,True,2025-09-02T00:00:00Z,2025-09-02T23:59:59Z,691200,691200,0,0.125,0.124879837,0.124999908,0.003788264,0,0,0,0,5e-06,4.351444,11.875426,3.701803e-08,0.03481158,0.09500348,False,0.090713,False
2025-09-03,CE04OSBP-LJ01C-07-VEL3DC107,12,True,2025-09-03T00:00:00Z,2025-09-03T23:59:59Z,691201,691201,0,0.125,0.124879837,0.124999923,-0.003425223,0,0,3,3,-0.0,3.210524,9.143132,-6.269679e-10,0.02568421,0.0731451,False,0.076383,False
2025-09-04,CE04OSBP-LJ01C-07-VEL3DC107,12,True,2025-09-04T00:00:00Z,2025-09-04T23:59:59Z,691200,691200,0,0.125,0.124879837,0.124999916,0.003129076,0,0,0,0,5e-06,3.079965,11.192533,3.613488e-08,0.02463974,0.08954032,False,0.092458,False
2025-09-05,CE04OSBP-LJ01C-07-VEL3DC107,12,True,2025-09-05T00:00:00Z,2025-09-05T23:59:59Z,691201,691201,0,0.125,0.124879837,0.124999914,0.002237727,0,0,5,5,1e-06,6.325457,29.772297,1.064548e-08,0.05060369,0.2381785,False,0.227964,False
2025-09-06,CE04OSBP-LJ01C-07-VEL3DC107,12,True,2025-09-06T00:00:00Z,2025-09-06T23:59:59Z,691200,691200,0,0.125,0.124879837,0.124999903,-0.003374884,0,0,0,0,5e-06,5.753859,30.595639,3.679252e-08,0.04603091,0.2447653,False,0.231187,False
2025-09-07,CE04OSBP-LJ01C-07-VEL3DC107,12,True,2025-09-07T00:00:00Z,2025-09-07T23:59:59Z,691201,691201,0,0.125,0.124879837,0.124999911,-0.004060982,0,0,6,6,-2e-06,5.740007,28.910846,-1.265166e-08,0.04592009,0.2312869,False,0.23176,False
2025-09-08,CE04OSBP-LJ01C-07-VEL3DC107,12,True,2025-09-08T00:00:00Z,2025-09-08T23:59:59Z,691200,691200,0,0.125,0.124879837,0.124999913,0.00898633,0,0,0,0,5e-06,3.426082,11.987377,3.697478e-08,0.02740868,0.09589908,False,0.082927,False
2025-09-09,CE04OSBP-LJ01C-07-VEL3DC107,12,True,2025-09-09T00:00:00Z,2025-09-09T23:59:59Z,691200,691200,0,0.125,0.124879837,0.12499992,-0.002070329,0,0,3,3,3e-06,4.626634,35.220196,2.582168e-08,0.0370131,0.2817617,False,0.276538,False
2025-09-10,CE04OSBP-LJ01C-07-VEL3DC107,12,True,2025-09-10T00:00:00Z,2025-09-10T23:59:59Z,691201,691201,0,0.125,0.124879837,0.124999919,-0.001598432,0,0,11,11,1e-06,4.7796,30.669184,6.892164e-09,0.03823683,0.2453536,False,0.21846,False
2025-09-11,CE04OSBP-LJ01C-07-VEL3DC107,12,True,2025-09-11T00:00:00Z,2025-09-11T23:59:59Z,691200,691200,0,0.125,0.124879837,0.12499992,-0.006854092,0,0,0,0,5e-06,5.999231,30.250887,3.723532e-08,0.04799388,0.2420072,False,0.22806,False
2025-09-12,CE04OSBP-LJ01C-07-VEL3DC107,12,True,2025-09-12T00:00:00Z,2025-09-12T23:59:59Z,691201,691201,0,0.125,0.124879837,0.124999907,-0.001082263,0,0,3,3,-1e-06,3.763303,11.675317,-6.134842e-09,0.03010644,0.0934026,False,0.057386,False
2025-09-13,CE04OSBP-LJ01C-07-VEL3DC107,12,True,2025-09-13T00:00:00Z,2025-09-13T23:59:59Z,691200,691200,0,0.125,0.124879837,0.124999907,-0.001335465,0,0,3,3,1e-06,7.438358,47.045301,9.433839e-09,0.05950691,0.3763627,False,0.400963,False
2025-09-14,CE04OSBP-LJ01C-07-VEL3DC107,12,True,2025-09-14T00:00:00Z,2025-09-14T23:59:59Z,691201,691201,0,0.125,0.124879837,0.12499992,0.001699314,0,0,38,38,-1e-06,6.478004,46.941687,-5.723182e-09,0.05182406,0.3755337,False,0.308532,False
2025-09-15,CE04OSBP-LJ01C-07-VEL3DC107,12,True,2025-09-15T00:00:00Z,2025-09-15T23:59:59Z,691200,691200,0,0.125,0.124879837,0.124999922,0.001126596,0,0,1,1,-1.4e-05,5.516216,44.400114,-1.115282e-07,0.04412976,0.3552011,False,0.359602,False
2025-09-16,CE04OSBP-LJ01C-07-VEL3DC107,12,True,2025-09-16T00:00:00Z,2025-09-16T23:59:59Z,691201,691201,0,0.125,0.124879837,0.124999935,0.00104373,0,0,6,6,6e-06,3.485761,29.025307,4.575884e-08,0.0278861,0.2322026,False,0.225635,False
2025-09-17,CE04OSBP-LJ01C-07-VEL3DC107,12,True,2025-09-17T00:00:00Z,2025-09-17T23:59:59Z,691200,691200,0,0.125,0.124879837,0.124999933,-0.000915314,0,0,0,0,5e-06,4.0573,30.780302,3.810604e-08,0.03245841,0.2462425,False,0.257957,False
2025-09-18,CE04OSBP-LJ01C-07-VEL3DC107,12,True,2025-09-18T00:00:00Z,2025-09-18T23:59:59Z,691200,691200,0,0.125,0.124879837,0.124999932,-0.001406814,0,0,1,1,-2e-06,4.167283,44.145891,-1.49086e-08,0.03333828,0.3531673,False,0.348667,False
2025-09-19,CE04OSBP-LJ01C-07-VEL3DC107,12,True,2025-09-19T00:00:00Z,2025-09-19T23:59:59Z,691201,691201,0,0.125,0.124879837,0.124999934,0.000577632,0,0,11,11,1e-06,4.322559,27.431902,5.258917e-09,0.03458049,0.2194553,False,0.225158,False
2025-09-20,CE04OSBP-LJ01C-07-VEL3DC107,12,True,2025-09-20T00:00:00Z,2025-09-20T23:59:59Z,691200,691200,0,0.125,0.124879837,0.124999932,0.00396717,0,0,0,0,5e-06,3.807336,28.584664,3.874823e-08,0.03045871,0.2286774,False,0.230729,False
2025-09-21,CE04OSBP-LJ01C-07-VEL3DC107,12,True,2025-09-21T00:00:00Z,2025-09-21T23:59:59Z,691201,691201,0,0.125,0.124879837,0.124999916,0.006082733,0,0,16,16,-1.1e-05,3.794847,13.269653,-9.049628e-08,0.03035879,0.1061573,False,0.089957,False
2025-09-22,CE04OSBP-LJ01C-07-VEL3DC107,12,True,2025-09-22T00:00:00Z,2025-09-22T23:59:59Z,691200,691200,0,0.125,0.124879837,0.124999913,0.000611457,0,0,0,0,5e-06,6.409985,55.082063,3.822603e-08,0.05127992,0.4406568,True,0.417397,False
2025-09-23,CE04OSBP-LJ01C-07-VEL3DC107,12,True,2025-09-23T00:00:00Z,2025-09-23T23:59:59Z,691201,691201,0,0.125,0.124879837,0.124999921,-0.001128511,0,0,0,0,-6e-06,5.455616,28.461086,-4.607249e-08,0.04364495,0.2276888,False,0.229927,False
2025-09-24,CE04OSBP-LJ01C-07-VEL3DC107,12,True,2025-09-24T00:00:00Z,2025-09-24T23:59:59Z,691200,691200,0,0.125,0.124879837,0.124999929,0.025737704,0,0,12,12,1e-06,4.447135,28.878031,1.042296e-08,0.0355771,0.2310244,False,0.237999,False
2025-09-25,CE04OSBP-LJ01C-07-VEL3DC107,12,True,2025-09-25T00:00:00Z,2025-09-25T23:59:59Z,691200,691200,0,0.125,0.124879837,0.124999921,0.004220057,0,0,0,0,5e-06,3.406571,13.268626,3.733194e-08,0.02725258,0.1061491,False,0.097086,False
2025-09-26,CE04OSBP-LJ01C-07-VEL3DC107,12,True,2025-09-26T00:00:00Z,2025-09-26T23:59:59Z,691201,691201,0,0.125,0.124879837,0.124999915,0.009306077,0,0,9,9,-1e-06,5.824567,32.041956,-1.148037e-08,0.04659657,0.2563358,False,0.237712,False
2025-09-27,CE04OSBP-LJ01C-07-VEL3DC107,12,True,2025-09-27T00:00:00Z,2025-09-27T23:59:59Z,691200,691200,0,0.125,0.124879837,0.124999901,0.003727337,0,0,0,0,5e-06,4.047268,28.143299,3.797341e-08,0.03237817,0.2251466,False,0.206841,False
2025-09-28,CE04OSBP-LJ01C-07-VEL3DC107,12,True,2025-09-28T00:00:00Z,2025-09-28T23:59:59Z,691201,691201,0,0.125,0.124879837,0.124999905,0.006114142,0,0,4,4,-1e-06,4.960987,42.830808,-9.429316e-09,0.03968792,0.3426467,False,0.404514,False
2025-09-29,CE04OSBP-LJ01C-07-VEL3DC107,12,True,2025-09-29T00:00:00Z,2025-09-29T23:59:59Z,691200,691200,0,0.125,0.124879837,0.124999914,0.000317704,0,0,0,0,5e-06,3.671159,27.795315,3.708349e-08,0.02936929,0.2223627,False,0.231954,False
2025-09-30,CE04OSBP-LJ01C-07-VEL3DC107,12,True,2025-09-30T00:00:00Z,2025-09-30T23:59:59Z,691201,691201,0,0.125,0.124879837,0.124999897,-0.002569003,0,0,14,14,0.0,5.469858,28.041445,3.836741e-10,0.0437589,0.2243317,False,0.230969,False
2025-10-01,CE04OSBP-LJ01C-07-VEL3DC107,12,True,2025-10-01T00:00:00Z,2025-10-01T23:59:59Z,691200,691200,0,0.125,0.124879837,0.124999911,-0.008651844,0,0,0,0,4e-06,4.976307,12.741628,3.580115e-08,0.03981048,0.1019331,False,0.057001,False
2025-10-02,CE04OSBP-LJ01C-07-VEL3DC107,12,True,2025-10-02T00:00:00Z,2025-10-02T23:59:59Z,691201,691201,0,0.125,0.124879837,0.124999916,0.004960225,0,0,7,7,1e-06,4.36968,30.948529,1.132196e-08,0.03495746,0.2475884,False,0.232722,False
2025-10-03,CE04OSBP-LJ01C-07-VEL3DC107,12,True,2025-10-03T00:00:00Z,2025-10-03T23:59:59Z,691200,691200,0,0.125,0.124879837,0.124999911,-0.001304774,0,0,0,0,5e-06,3.089993,9.268446,3.735783e-08,0.02471996,0.07414762,False,0.069605,False
2025-10-04,CE04OSBP-LJ01C-07-VEL3DC107,12,True,2025-10-04T00:00:00Z,2025-10-04T23:59:59Z,691201,691201,0,0.125,0.124879837,0.124999914,0.002915297,0,0,13,13,-2e-06,4.185991,27.908103,-1.384205e-08,0.03348795,0.223265,False,0.230015,False
2025-10-05,CE04OSBP-LJ01C-07-VEL3DC107,12,True,2025-10-05T00:00:00Z,2025-10-05T23:59:59Z,691200,691200,0,0.125,0.124879837,0.124999916,0.000850126,0,0,0,0,5e-06,4.598996,29.931632,3.691438e-08,0.036792,0.2394532,False,0.23486,False
2025-10-06,CE04OSBP-LJ01C-07-VEL3DC107,12,True,2025-10-06T00:00:00Z,2025-10-06T23:59:59Z,691200,691200,0,0.125,0.124879837,0.12499992,0.005027647,0,0,2,2,1e-06,5.921686,45.686819,7.519606e-09,0.04737352,0.3654948,False,0.488033,False
2025-10-07,CE04OSBP-LJ01C-07-VEL3DC107,12,True,2025-10-07T00:00:00Z,2025-10-07T23:59:59Z,691201,691201,0,0.125,0.124879837,0.124999928,-0.001018549,0,0,12,12,-0.0,4.996949,25.39081,-2.214458e-09,0.03997562,0.2031266,False,0.261329,False
2025-10-08,CE04OSBP-LJ01C-07-VEL3DC107,12,True,2025-10-08T00:00:00Z,2025-10-08T23:59:59Z,691200,691200,0,0.125,0.124879837,0.124999928,-0.000501142,0,0,0,0,5e-06,5.350712,31.450242,3.680766e-08,0.04280572,0.2516021,False,0.232531,False
2025-10-09,CE04OSBP-LJ01C-07-VEL3DC107,12,True,2025-10-09T00:00:00Z,2025-10-09T23:59:59Z,691201,691201,0,0.125,0.124879837,0.124999918,0.009773144,0,0,5,5,-0.0,4.583715,30.481347,-3.022085e-09,0.03666974,0.2438509,False,0.234165,False
2025-10-10,CE04OSBP-LJ01C-07-VEL3DC107,12,True,2025-10-10T00:00:00Z,2025-10-10T23:59:59Z,691200,691200,0,0.125,0.124879837,0.12499992,0.000132596,0,0,0,0,5e-06,5.241025,30.41654,3.636888e-08,0.04192823,0.2433325,False,0.227705,False
2025-10-11,CE04OSBP-LJ01C-07-VEL3DC107,12,True,2025-10-11T00:00:00Z,2025-10-11T23:59:59Z,691200,691200,0,0.125,0.124879837,0.124999926,0.00030208,0,0,1,1,-1.1e-05,2.821237,9.203232,-9.005102e-08,0.02256991,0.0736259,False,0.056199,False
2025-10-12,CE04OSBP-LJ01C-07-VEL3DC107,12,True,2025-10-12T00:00:00Z,2025-10-12T23:59:59Z,691201,691201,0,0.125,0.124879837,0.124999919,0.002036967,0,0,21,21,0.0,4.266444,26.073088,1.706149e-09,0.03413158,0.2085848,False,0.224157,False
2025-10-13,CE04OSBP-LJ01C-07-VEL3DC107,12,True,2025-10-13T00:00:00Z,2025-10-13T23:59:59Z,691200,691200,0,0.125,0.124879837,0.12499991,-0.002687149,0,0,0,0,5e-06,3.751562,12.237959,3.784132e-08,0.03001251,0.09790375,False,0.091416,False
2025-10-14,CE04OSBP-LJ01C-07-VEL3DC107,12,True,2025-10-14T00:00:00Z,2025-10-14T23:59:59Z,691201,691201,0,0.125,0.124879837,0.124999913,0.006282764,0,0,1,1,2e-06,5.239622,13.905092,1.404466e-08,0.04191701,0.1112408,False,0.087399,False
2025-10-15,CE04OSBP-LJ01C-07-VEL3DC107,12,True,2025-10-15T00:00:00Z,2025-10-15T23:59:59Z,691200,691201,1,0.125,0.124879837,0.124999774,-0.061622681,2,1,2,2,-0.0,35.242329,83.045314,-2.215229e-09,0.2819391,0.6643637,True,0.423587,True
2025-10-16,CE04OSBP-LJ01C-07-VEL3DC107,12,True,2025-10-16T00:00:00Z,2025-10-16T23:59:59Z,691201,691201,0,0.125,0.124879837,0.124999932,-0.001570464,0,0,9,9,0.0,4.668338,26.311784,8.575305e-10,0.03734673,0.2104944,False,0.22851,False
2025-10-17,CE04OSBP-LJ01C-07-VEL3DC107,12,True,2025-10-17T00:00:00Z,2025-10-17T23:59:59Z,691200,691200,0,0.125,0.124879837,0.124999915,0.000798556,0,0,0,0,5e-06,4.470296,30.787949,3.700238e-08,0.03576239,0.2463038,False,0.246563,False
2025-10-18,CE04OSBP-LJ01C-07-VEL3DC107,12,True,2025-10-18T00:00:00Z,2025-10-18T23:59:59Z,691201,691201,0,0.125,0.124879837,0.12499991,0.002101414,0,0,4,4,-0.0,5.443223,32.871452,-1.294611e-09,0.04354582,0.2629718,False,0.230095,False
2025-10-19,CE04OSBP-LJ01C-07-VEL3DC107,12,True,2025-10-19T00:00:00Z,2025-10-19T23:59:59Z,691200,691200,0,0.125,0.124879837,0.124999919,0.00416179,0,0,0,0,5e-06,3.365473,10.341972,3.769534e-08,0.0269238,0.08273583,False,0.077223,False
2025-10-20,CE04OSBP-LJ01C-07-VEL3DC107,12,True,2025-10-20T00:00:00Z,2025-10-20T23:59:59Z,691200,691200,0,0.125,0.124879837,0.124999921,-0.000432781,0,0,0,0,5e-06,3.751836,29.999133,3.718257e-08,0.03001471,0.2399932,False,0.229927,False
2025-10-21,CE04OSBP-LJ01C-07-VEL3DC107,12,True,2025-10-21T00:00:00Z,2025-10-21T23:59:59Z,691201,691201,0,0.125,0.124879837,0.124999931,-0.003865207,0,0,2,2,1e-06,4.386201,12.016238,5.984651e-09,0.03508963,0.09612996,False,0.074756,False
2025-10-22,CE04OSBP-LJ01C-07-VEL3DC107,12,True,2025-10-22T00:00:00Z,2025-10-22T23:59:59Z,691200,691200,0,0.125,0.124879837,0.124999935,0.00630509,0,0,0,0,5e-06,5.121165,26.170319,3.680228e-08,0.04096934,0.2093627,False,0.225887,False
2025-10-23,CE04OSBP-LJ01C-07-VEL3DC107,12,True,2025-10-23T00:00:00Z,2025-10-23T23:59:59Z,691201,691201,0,0.125,0.124879837,0.124999919,0.004023548,0,0,2,2,-1e-06,4.606989,26.514356,-7.013568e-09,0.03685594,0.212115,False,0.228644,False
2025-10-24,CE04OSBP-LJ01C-07-VEL3DC107,12,True,2025-10-24T00:00:00Z,2025-10-24T23:59:59Z,691200,691200,0,0.125,0.124879837,0.1249999,0.001217367,0,0,0,0,5e-06,3.754698,29.82382,3.636019e-08,0.0300376,0.2385907,False,0.234711,False
2025-10-25,CE04OSBP-LJ01C-07-VEL3DC107,12,True,2025-10-25T00:00:00Z,2025-10-25T23:59:59Z,691201,691201,0,0.125,0.124879837,0.124999902,0.001889939,0,0,12,12,0.0,4.474376,32.344504,1.497821e-09,0.03579504,0.2587562,False,0.210839,False
2025-10-26,CE04OSBP-LJ01C-07-VEL3DC107,12,True,2025-10-26T00:00:00Z,2025-10-26T23:59:59Z,691200,691200,0,0.125,0.124879837,0.124999896,0.003910206,0,0,1,1,-1.3e-05,4.69805,33.152547,-1.031672e-07,0.03758443,0.2652206,False,0.299123,False
2025-10-27,CE04OSBP-LJ01C-07-VEL3DC107,12,True,2025-10-27T00:00:00Z,2025-10-27T23:59:59Z,691201,691201,0,0.125,0.124879837,0.124999897,-0.000328001,0,0,7,7,1e-06,2.586895,8.251698,1.137714e-08,0.02069517,0.06601364,False,0.057066,False
2025-10-28,CE04OSBP-LJ01C-07-VEL3DC107,12,True,2025-10-28T00:00:00Z,2025-10-28T23:59:59Z,691200,691200,0,0.125,0.124879837,0.124999917,-0.002803345,0,0,0,0,5e-06,3.936152,26.739314,3.62352e-08,0.03148924,0.2139147,False,0.212805,False
2025-10-29,CE04OSBP-LJ01C-07-VEL3DC107,12,True,2025-10-29T00:00:00Z,2025-10-29T23:59:59Z,691201,691201,0,0.125,0.124879837,0.124999906,-0.002611776,0,0,4,4,0.0,5.023525,27.076254,3.001009e-09,0.04018823,0.2166102,False,0.230305,False
2025-10-30,CE04OSBP-LJ01C-07-VEL3DC107,12,True,2025-10-30T00:00:00Z,2025-10-30T23:59:59Z,691200,691200,0,0.125,0.124879837,0.124999896,0.002177018,0,0,0,0,5e-06,3.292237,10.164647,3.624391e-08,0.02633792,0.08131724,False,0.076386,False
2025-10-31,CE04OSBP-LJ01C-07-VEL3DC107,12,True,2025-10-31T00:00:00Z,2025-10-31T23:59:59Z,686308,691206,4898,0.125,0.124879837,0.124998887,-0.099263029,4,4898,4,4901,0.0,178.679505,328.014126,2.450286e-09,1.429449,2.624136,True,0.297458,True
2025-11-01,CE04OSBP-LJ01C-07-VEL3DC107,12,True,2025-11-01T00:00:00Z,2025-11-01T23:59:59Z,691200,691200,0,0.125,0.124879837,0.124999924,0.008600097,0,0,1,1,1e-06,7.58464,51.846258,1.182481e-08,0.06067716,0.4147703,True,0.366036,False
2025-11-02,CE04OSBP-LJ01C-07-VEL3DC107,12,True,2025-11-02T00:00:00Z,2025-11-02T23:59:59Z,691201,691201,0,0.125,0.124879837,0.124999921,0.005614011,0,0,7,7,1e-06,5.085845,15.791163,9.700342e-09,0.04068678,0.1263294,False,0.094165,False
2025-11-03,CE04OSBP-LJ01C-07-VEL3DC107,12,True,2025-11-03T00:00:00Z,2025-11-03T23:59:59Z,690385,691201,816,0.125,0.124879837,0.124999904,0.007525951,1,816,1,816,-0.0,13.913597,114.475016,-3.125871e-09,0.1113089,0.9158008,True,0.23273,True
2025-11-04,CE04OSBP-LJ01C-07-VEL3DC107,12,True,2025-11-04T00:00:00Z,2025-11-04T23:59:59Z,687489,691204,3715,0.125,0.124879837,0.124998972,0.163214025,3,3715,3,3715,1e-06,135.662662,275.454929,9.030397e-09,1.08531,2.203658,True,0.383933,True
2025-11-05,CE04OSBP-LJ01C-07-VEL3DC107,12,True,2025-11-05T00:00:00Z,2025-11-05T23:59:59Z,691201,691201,0,0.125,0.124879837,0.124999926,0.003186294,0,0,38,38,-0.0,5.917128,17.262937,-2.03345e-09,0.04733705,0.1381036,False,0.07888,False
2025-11-06,CE04OSBP-LJ01C-07-VEL3DC107,12,True,2025-11-06T00:00:00Z,2025-11-06T23:59:59Z,691200,691200,0,0.125,0.124879837,0.124999907,-0.001026916,0,0,0,0,5e-06,5.53678,28.354469,3.696835e-08,0.04429428,0.2268359,False,0.236334,False
2025-11-07,CE04OSBP-LJ01C-07-VEL3DC107,12,True,2025-11-07T00:00:00Z,2025-11-07T23:59:59Z,691201,691201,0,0.125,0.124879837,0.124999913,0.00122683,0,0,4,4,-0.0,5.516054,31.297516,-2.240986e-09,0.04412847,0.2503803,False,0.233547,False
2025-11-08,CE04OSBP-LJ01C-07-VEL3DC107,12,True,2025-11-08T00:00:00Z,2025-11-08T23:59:59Z,691200,691200,0,0.125,0.124879837,0.124999904,0.008626349,0,0,0,0,5e-06,4.295881,16.152053,3.624614e-08,0.03436707,0.1292165,False,0.116475,False
2025-11-09,CE04OSBP-LJ01C-07-VEL3DC107,12,True,2025-11-09T00:00:00Z,2025-11-09T23:59:59Z,691201,691201,0,0.125,0.124879837,0.124999887,0.004649063,0,0,4,4,-0.0,5.430859,38.916058,-7.03265e-10,0.04344692,0.3113287,False,0.352489,False
2025-11-10,CE04OSBP-LJ01C-07-VEL3DC107,12,True,2025-11-10T00:00:00Z,2025-11-10T23:59:59Z,691200,691200,0,0.125,0.124879837,0.124999901,-0.000950388,0,0,0,0,5e-06,2.828276,9.475372,3.656351e-08,0.02262623,0.07580304,False,0.081408,False
2025-11-11,CE04OSBP-LJ01C-07-VEL3DC107,12,True,2025-11-11T00:00:00Z,2025-11-11T23:59:59Z,691201,691201,0,0.125,0.124879837,0.124999911,0.009102731,0,0,1,1,-1e-06,5.290767,29.982903,-8.911218e-09,0.04232616,0.2398634,False,0.243066,False
2025-11-12,CE04OSBP-LJ01C-07-VEL3DC107,12,True,2025-11-12T00:00:00Z,2025-11-12T23:59:59Z,691200,691200,0,0.125,0.124879837,0.124999912,-0.002670771,0,0,0,0,5e-06,4.304226,27.834365,3.674844e-08,0.03443383,0.2226751,False,0.241004,False
2025-11-13,CE04OSBP-LJ01C-07-VEL3DC107,12,True,2025-11-13T00:00:00Z,2025-11-13T23:59:59Z,691201,691201,0,0.125,0.124879837,0.124999926,-0.003220729,0,0,16,16,-2e-06,3.399913,9.450954,-1.212304e-08,0.02719932,0.07560768,False,0.095505,False
2025-11-14,CE04OSBP-LJ01C-07-VEL3DC107,12,True,2025-11-14T00:00:00Z,2025-11-14T23:59:59Z,691200,691200,0,0.125,0.124879837,0.124999918,0.001613394,0,0,0,0,5e-06,5.926471,42.454595,3.653149e-08,0.0474118,0.339637,False,0.350106,False
2025-11-15,CE04OSBP-LJ01C-07-VEL3DC107,12,True,2025-11-15T00:00:00Z,2025-11-15T23:59:59Z,691201,691201,0,0.125,0.124879837,0.124999906,-0.001399263,0,0,18,18,-2e-06,5.118517,29.688691,-1.392762e-08,0.04094817,0.2375097,False,0.233237,False
2025-11-16,CE04OSBP-LJ01C-07-VEL3DC107,12,True,2025-11-16T00:00:00Z,2025-11-16T23:59:59Z,691200,691200,0,0.125,0.124879837,0.124999894,-0.000933016,0,0,0,0,5e-06,5.332616,39.585332,3.808875e-08,0.04266096,0.3166829,False,0.320995,False
2025-11-17,CE04OSBP-LJ01C-07-VEL3DC107,12,True,2025-11-17T00:00:00Z,2025-11-17T23:59:59Z,691201,691201,0,0.125,0.124879837,0.12499991,0.004130925,0,0,6,6,1e-06,4.640387,28.357641,8.829688e-09,0.03712313,0.2268613,False,0.234211,False
2025-11-18,CE04OSBP-LJ01C-07-VEL3DC107,12,True,2025-11-18T00:00:00Z,2025-11-18T23:59:59Z,691200,691200,0,0.125,0.124879837,0.124999912,0.002679942,0,0,0,0,5e-06,6.485618,31.601816,3.68177e-08,0.05188498,0.2528147,False,0.275785,False
2025-11-19,CE04OSBP-LJ01C-07-VEL3DC107,12,True,2025-11-19T00:00:00Z,2025-11-19T23:59:59Z,691201,691201,0,0.125,0.124879837,0.124999931,-0.003022415,0,0,5,5,-0.0,4.395251,26.047615,-4.938694e-11,0.03516203,0.208381,False,0.22995,False
2025-11-20,CE04OSBP-LJ01C-07-VEL3DC107,12,True,2025-11-20T00:00:00Z,2025-11-20T23:59:59Z,691200,691200,0,0.125,0.124879837,0.124999936,-0.001885927,0,0,0,0,5e-06,4.224874,27.57723,3.884707e-08,0.03379901,0.220618,False,0.213412,False
2025-11-21,CE04OSBP-LJ01C-07-VEL3DC107,12,True,2025-11-21T00:00:00Z,2025-11-21T23:59:59Z,691201,691201,0,0.125,0.124879837,0.124999918,-0.002124149,0,0,18,18,0.0,3.834487,10.862071,2.454784e-09,0.03067592,0.08689663,False,0.089987,False
2025-11-22,CE04OSBP-LJ01C-07-VEL3DC107,12,True,2025-11-22T00:00:00Z,2025-11-22T23:59:59Z,691200,691200,0,0.125,0.124879837,0.124999919,-0.003350024,0,0,0,0,5e-06,3.968353,29.43631,3.77717e-08,0.03174684,0.2354906,False,0.233539,False
2025-11-23,CE04OSBP-LJ01C-07-VEL3DC107,12,True,2025-11-23T00:00:00Z,2025-11-23T23:59:59Z,691200,691200,0,0.125,0.124879837,0.124999922,-0.003704547,0,0,1,1,-1.6e-05,4.728279,27.198452,-1.260277e-07,0.03782625,0.2175878,False,0.238911,False
2025-11-24,CE04OSBP-LJ01C-07-VEL3DC107,12,True,2025-11-24T00:00:00Z,2025-11-24T23:59:59Z,691201,691201,0,0.125,0.124879837,0.124999909,-0.000736406,0,0,11,11,1e-06,3.869774,28.014886,8.260894e-09,0.03095821,0.2241193,False,0.231576,False
2025-11-25,CE04OSBP-LJ01C-07-VEL3DC107,12,True,2025-11-25T00:00:00Z,2025-11-25T23:59:59Z,691200,691200,0,0.125,0.124879837,0.124999911,-0.004893347,0,0,0,0,5e-06,3.005382,9.081668,3.721422e-08,0.02404308,0.0726534,False,0.059956,False
2025-11-26,CE04OSBP-LJ01C-07-VEL3DC107,12,True,2025-11-26T00:00:00Z,2025-11-26T23:59:59Z,691201,691201,0,0.125,0.124879837,0.124999906,0.005852123,0,0,15,15,-0.0,5.119885,31.651219,-1.844153e-09,0.04095911,0.2532099,False,0.232489,False
2025-11-27,CE04OSBP-LJ01C-07-VEL3DC107,12,True,2025-11-27T00:00:00Z,2025-11-27T23:59:59Z,691200,691200,0,0.125,0.124879837,0.124999906,-0.001477077,0,0,4,4,-0.0,6.436871,46.126854,-1.189613e-09,0.051495,0.3690151,False,0.361015,False
2025-11-28,CE04OSBP-LJ01C-07-VEL3DC107,12,True,2025-11-28T00:00:00Z,2025-11-28T23:59:59Z,691201,691201,0,0.125,0.124879837,0.124999897,0.009634605,0,0,7,7,0.0,4.38577,13.574208,1.110251e-09,0.03508619,0.1085938,False,0.093,False
2025-11-29,CE04OSBP-LJ01C-07-VEL3DC107,12,True,2025-11-29T00:00:00Z,2025-11-29T23:59:59Z,691200,691200,0,0.125,0.124879837,0.124999914,0.003984687,0,0,1,1,-1e-06,4.200569,28.419095,-8.839426e-09,0.03360457,0.2273529,False,0.230813,False
2025-11-30,CE04OSBP-LJ01C-07-VEL3DC107,12,True,2025-11-30T00:00:00Z,2025-11-30T23:59:59Z,691201,691201,0,0.125,0.124879837,0.124999924,-0.001295313,0,0,4,4,-0.0,3.718207,28.500907,-2.501305e-09,0.02974567,0.2280074,False,0.230286,False
2025-12-01,CE04OSBP-LJ01C-07-VEL3DC107,12,True,2025-12-01T00:00:00Z,2025-12-01T23:59:59Z,691200,691200,0,0.125,0.124879837,0.124999912,-0.003304077,0,0,0,0,5e-06,4.649669,31.030741,3.606893e-08,0.03719737,0.2482461,False,0.246231,False
2025-12-02,CE04OSBP-LJ01C-07-VEL3DC107,12,True,2025-12-02T00:00:00Z,2025-12-02T23:59:59Z,691201,691201,0,0.125,0.124879837,0.124999919,-0.004238084,0,0,7,7,-0.0,4.030396,25.540011,-2.868552e-09,0.03224319,0.2043202,False,0.226116,False
2025-12-03,CE04OSBP-LJ01C-07-VEL3DC107,12,True,2025-12-03T00:00:00Z,2025-12-03T23:59:59Z,691200,691200,0,0.125,0.124879837,0.124999926,-0.000373608,0,0,0,0,5e-06,3.808142,28.324002,3.683488e-08,0.03046515,0.2265922,False,0.231088,False
2025-12-04,CE04OSBP-LJ01C-07-VEL3DC107,12,True,2025-12-04T00:00:00Z,2025-12-04T23:59:59Z,691201,691201,0,0.125,0.124879837,0.12499993,-0.004658184,0,0,4,4,-2e-06,3.390015,9.909239,-1.371934e-08,0.02712014,0.07927395,False,0.057226,False
2025-12-05,CE04OSBP-LJ01C-07-VEL3DC107,12,True,2025-12-05T00:00:00Z,2025-12-05T23:59:59Z,691200,691200,0,0.125,0.124879837,0.124999926,-0.00290895,0,0,0,0,5e-06,7.59735,40.2777,3.722719e-08,0.06077883,0.3222218,False,0.268828,False
2025-12-06,CE04OSBP-LJ01C-07-VEL3DC107,12,True,2025-12-06T00:00:00Z,2025-12-06T23:59:59Z,691200,691200,0,0.125,0.124879837,0.124999925,-0.008195405,0,0,3,3,-1e-06,5.682733,28.574246,-8.455117e-09,0.04546189,0.2285941,False,0.234219,False
2025-12-07,CE04OSBP-LJ01C-07-VEL3DC107,12,True,2025-12-07T00:00:00Z,2025-12-07T23:59:59Z,691201,691201,0,0.125,0.124879837,0.124999925,-0.00664669,0,0,4,4,-1e-06,4.27178,16.726811,-6.626449e-09,0.03417426,0.1338146,False,0.057864,False
2025-12-08,CE04OSBP-LJ01C-07-VEL3DC107,12,True,2025-12-08T00:00:00Z,2025-12-08T23:59:59Z,691200,691200,0,0.125,0.124879837,0.124999917,0.004647001,0,0,0,0,5e-06,4.892504,14.997302,3.679318e-08,0.03914006,0.1199785,False,0.0576,False
2025-12-09,CE04OSBP-LJ01C-07-VEL3DC107,12,True,2025-12-09T00:00:00Z,2025-12-09T23:59:59Z,691201,691201,0,0.125,0.124879837,0.124999926,-0.002035261,0,0,10,10,-1e-06,4.059706,11.206717,-4.626239e-09,0.03247767,0.08965379,False,0.076436,False
2025-12-10,CE04OSBP-LJ01C-07-VEL3DC107,12,True,2025-12-10T00:00:00Z,2025-12-10T23:59:59Z,691200,691200,0,0.125,0.124879837,0.12499993,8.0378e-05,0,0,0,0,5e-06,4.925571,24.239206,3.73705e-08,0.03940459,0.1939138,False,0.231088,False
2025-12-11,CE04OSBP-LJ01C-07-VEL3DC107,12,True,2025-12-11T00:00:00Z,2025-12-11T23:59:59Z,691201,691201,0,0.125,0.124879837,0.124999932,0.004928174,0,0,14,14,-1e-06,6.524985,30.076242,-5.356119e-09,0.05219991,0.2406101,False,0.236567,False
2025-12-12,CE04OSBP-LJ01C-07-VEL3DC107,12,True,2025-12-12T00:00:00Z,2025-12-12T23:59:59Z,691200,691200,0,0.125,0.124879837,0.124999926,0.018339402,0,0,0,0,5e-06,5.672674,20.71196,3.727417e-08,0.04538142,0.1656958,False,0.076459,False
2025-12-13,CE04OSBP-LJ01C-07-VEL3DC107,12,True,2025-12-13T00:00:00Z,2025-12-13T23:59:59Z,691200,691200,0,0.125,0.124879837,0.124999932,-0.000113813,0,0,0,0,5e-06,4.976725,28.531398,3.839499e-08,0.03981382,0.2282513,False,0.236956,False
2025-12-14,CE04OSBP-LJ01C-07-VEL3DC107,12,True,2025-12-14T00:00:00Z,2025-12-14T23:59:59Z,691201,691201,0,0.125,0.124879837,0.124999917,-0.000695678,0,0,9,9,-0.0,3.354162,10.979504,-3.284038e-10,0.02683331,0.08783609,False,0.077089,False
2025-12-15,CE04OSBP-LJ01C-07-VEL3DC107,12,True,2025-12-15T00:00:00Z,2025-12-15T23:59:59Z,691200,691200,0,0.125,0.124879837,0.124999897,0.005800186,0,0,0,0,5e-06,5.457062,28.171692,3.772706e-08,0.04365653,0.2253737,False,0.235983,False
2025-12-16,CE04OSBP-LJ01C-07-VEL3DC107,12,True,2025-12-16T00:00:00Z,2025-12-16T23:59:59Z,691201,691201,0,0.125,0.124879837,0.124999898,-0.00207591,0,0,5,5,1e-06,5.419322,47.064402,4.817855e-09,0.04335461,0.3765155,False,0.347441,False
2025-12-17,CE04OSBP-LJ01C-07-VEL3DC107,12,True,2025-12-17T00:00:00Z,2025-12-17T23:59:59Z,691200,691200,0,0.125,0.124879837,0.124999924,0.007052921,0,0,0,0,5e-06,3.505934,10.462871,3.671486e-08,0.02804749,0.08370302,False,0.083,False
2025-12-18,CE04OSBP-LJ01C-07-VEL3DC107,12,True,2025-12-18T00:00:00Z,2025-12-18T23:59:59Z,691201,691201,0,0.125,0.124879837,0.124999928,0.007306248,0,0,10,10,-1e-06,5.597328,32.144275,-1.172936e-08,0.04477865,0.2571543,False,0.226693,False
2025-12-19,CE04OSBP-LJ01C-07-VEL3DC107,12,True,2025-12-19T00:00:00Z,2025-12-19T23:59:59Z,691200,691200,0,0.125,0.124879837,0.124999914,0.00285528,0,0,0,0,5e-06,5.853922,30.949133,3.646595e-08,0.04683141,0.2475932,False,0.237728,False
2025-12-20,CE04OSBP-LJ01C-07-VEL3DC107,12,True,2025-12-20T00:00:00Z,2025-12-20T23:59:59Z,691201,691201,0,0.125,0.124879837,0.124999919,0.008709771,0,0,12,12,2e-06,4.544925,12.808688,1.782939e-08,0.03635942,0.1024696,False,0.075802,False
2025-12-21,CE04OSBP-LJ01C-07-VEL3DC107,12,True,2025-12-21T00:00:00Z,2025-12-21T23:59:59Z,691200,691200,0,0.125,0.124879837,0.124999924,-0.000369457,0,0,1,1,0.0,4.097168,29.405892,3.526692e-09,0.03277736,0.2352473,False,0.229117,False
2025-12-22,CE04OSBP-LJ01C-07-VEL3DC107,12,True,2025-12-22T00:00:00Z,2025-12-22T23:59:59Z,691200,691200,0,0.125,0.124879837,0.12499993,0.001944582,0,0,0,0,4e-06,3.742675,25.408992,3.537162e-08,0.02994142,0.203272,False,0.234643,False
2025-12-23,CE04OSBP-LJ01C-07-VEL3DC107,12,True,2025-12-23T00:00:00Z,2025-12-23T23:59:59Z,691201,691201,0,0.125,0.124879837,0.124999927,-0.003364486,0,0,12,12,2e-06,5.137728,16.635768,1.299032e-08,0.04110185,0.1330862,False,0.124769,False
2025-12-24,CE04OSBP-LJ01C-07-VEL3DC107,12,True,2025-12-24T00:00:00Z,2025-12-24T23:59:59Z,691200,691200,0,0.125,0.124879837,0.124999924,0.016162197,0,0,0,0,5e-06,5.658529,26.394838,3.810057e-08,0.04526826,0.2111588,False,0.219995,False
2025-12-25,CE04OSBP-LJ01C-07-VEL3DC107,12,True,2025-12-25T00:00:00Z,2025-12-25T23:59:59Z,691201,691201,0,0.125,0.124879837,0.124999938,0.005894477,0,0,11,11,-0.0,4.879283,30.076907,-1.843582e-09,0.03903428,0.2406154,False,0.229675,False
2025-12-26,CE04OSBP-LJ01C-07-VEL3DC107,12,True,2025-12-26T00:00:00Z,2025-12-26T23:59:59Z,691200,691200,0,0.125,0.124879837,0.124999915,0.012074734,0,0,11,11,-1e-06,5.526796,31.169805,-9.987055e-09,0.0442144,0.2493586,False,0.207796,False
2025-12-27,CE04OSBP-LJ01C-07-VEL3DC107,12,True,2025-12-27T00:00:00Z,2025-12-27T23:59:59Z,691200,691200,0,0.125,0.124879837,0.124999912,0.000841527,0,0,0,0,5e-06,4.216457,28.384811,3.710603e-08,0.03373168,0.2270786,False,0.212389,False
2025-12-28,CE04OSBP-LJ01C-07-VEL3DC107,12,True,2025-12-28T00:00:00Z,2025-12-28T23:59:59Z,691201,691201,0,0.125,0.124879837,0.124999904,-0.000698403,0,0,1,1,-1e-06,3.054659,9.200881,-9.912761e-09,0.02443729,0.0736071,False,0.079949,False
2025-12-29,CE04OSBP-LJ01C-07-VEL3DC107,12,True,2025-12-29T00:00:00Z,2025-12-29T23:59:59Z,691200,691200,0,0.125,0.124879837,0.124999905,-0.00142176,0,0,0,0,5e-06,3.869656,12.617442,3.726769e-08,0.03095727,0.1009396,False,0.095272,False
2025-12-30,CE04OSBP-LJ01C-07-VEL3DC107,12,True,2025-12-30T00:00:00Z,2025-12-30T23:59:59Z,691201,691201,0,0.125,0.124879837,0.124999914,0.009434382,0,0,7,7,1e-06,6.544838,46.60655,5.865926e-09,0.05235874,0.3728527,False,0.348354,False
2025-12-31,CE04OSBP-LJ01C-07-VEL3DC107,12,True,2025-12-31T00:00:00Z,2025-12-31T23:59:59Z,691200,691200,0,0.125,0.124879837,0.124999922,0.002429665,0,0,1,1,-1e-06,7.764504,49.088295,-7.644944e-09,0.06211607,0.3927066,False,0.356288,False
2026-01-01,CE04OSBP-LJ01C-07-VEL3DC107,12,True,2026-01-01T00:00:00Z,2026-01-01T23:59:59Z,691201,691201,0,0.125,0.124879837,0.124999922,-0.003620116,0,0,16,16,-0.0,3.925278,29.046605,-1.91212e-09,0.03140225,0.232373,False,0.230874,False
2026-01-02,CE04OSBP-LJ01C-07-VEL3DC107,12,True,2026-01-02T00:00:00Z,2026-01-02T23:59:59Z,691200,691200,0,0.125,0.124879837,0.124999926,-0.007010576,0,0,0,0,5e-06,7.408813,19.668258,3.810694e-08,0.05927054,0.1573462,False,0.127262,False
2026-01-03,CE04OSBP-LJ01C-07-VEL3DC107,12,True,2026-01-03T00:00:00Z,2026-01-03T23:59:59Z,691201,691201,0,0.125,0.124879837,0.124999908,-0.007926496,0,0,6,6,1e-06,5.972859,31.535972,7.418273e-09,0.0477829,0.252288,False,0.232542,False
2026-01-04,CE04OSBP-LJ01C-07-VEL3DC107,12,True,2026-01-04T00:00:00Z,2026-01-04T23:59:59Z,689980,691201,1221,0.125,0.124879837,0.124999778,-0.058661844,3,1221,3,1223,-0.0,34.408782,123.267026,-2.553103e-09,0.2752707,0.986138,True,0.342194,True
2026-01-05,CE04OSBP-LJ01C-07-VEL3DC107,12,True,2026-01-05T00:00:00Z,2026-01-05T23:59:59Z,691201,691201,0,0.125,0.124879837,0.1249999,0.002348899,0,0,5,5,1e-06,4.29549,31.373287,1.084792e-08,0.03436395,0.2509865,False,0.227372,False
2026-01-06,CE04OSBP-LJ01C-07-VEL3DC107,12,True,2026-01-06T00:00:00Z,2026-01-06T23:59:59Z,691200,691200,0,0.125,0.124879837,0.124999893,0.003339206,0,0,0,0,5e-06,4.459721,15.632104,3.796443e-08,0.0356778,0.1250569,False,0.076787,False
2026-01-07,CE04OSBP-LJ01C-07-VEL3DC107,12,True,2026-01-07T00:00:00Z,2026-01-07T23:59:59Z,691201,691201,0,0.125,0.124879837,0.124999893,-0.004349586,0,0,9,9,3e-06,6.596174,44.676125,2.137044e-08,0.05276944,0.3574093,False,0.361,False
2026-01-08,CE04OSBP-LJ01C-07-VEL3DC107,12,True,2026-01-08T00:00:00Z,2026-01-08T23:59:59Z,691201,691201,0,0.125,0.124879837,0.124999898,0.003585609,0,0,14,14,-0.0,5.17844,29.246024,-2.813282e-10,0.04142755,0.2339684,False,0.206318,False
2026-01-09,CE04OSBP-LJ01C-07-VEL3DC107,12,True,2026-01-09T00:00:00Z,2026-01-09T23:59:59Z,691200,691200,0,0.125,0.124879837,0.124999926,0.002010551,0,0,0,0,5e-06,4.39915,29.688856,3.748758e-08,0.03519322,0.237511,False,0.231374,False
2026-01-10,CE04OSBP-LJ01C-07-VEL3DC107,12,True,2026-01-10T00:00:00Z,2026-01-10T23:59:59Z,691200,691200,0,0.125,0.124879837,0.124999924,0.005867631,0,0,0,0,5e-06,4.97086,30.25258,3.685625e-08,0.0397669,0.2420208,False,0.234096,False
2026-01-11,CE04OSBP-LJ01C-07-VEL3DC107,12,True,2026-01-11T00:00:00Z,2026-01-11T23:59:59Z,691201,691201,0,0.125,0.124879837,0.124999936,-0.000209913,0,0,11,11,1e-06,5.117102,30.229715,1.191247e-08,0.04093684,0.2418378,False,0.23313,False
2026-01-12,CE04OSBP-LJ01C-07-VEL3DC107,12,True,2026-01-12T00:00:00Z,2026-01-12T23:59:59Z,691200,691200,0,0.125,0.124879837,0.124999935,-0.002967752,0,0,0,0,5e-06,4.64363,29.265781,3.762885e-08,0.03714906,0.2341264,False,0.22817,False
2026-01-13,CE04OSBP-LJ01C-07-VEL3DC107,12,True,2026-01-13T00:00:00Z,2026-01-13T23:59:59Z,691200,691200,0,0.125,0.124879837,0.124999937,0.002280608,0,0,1,1,-2e-06,4.658631,24.809545,-1.987906e-08,0.03726907,0.1984765,False,0.199032,False
2026-01-14,CE04OSBP-LJ01C-07-VEL3DC107,12,True,2026-01-14T00:00:00Z,2026-01-14T23:59:59Z,691201,691201,0,0.125,0.124879837,0.124999922,-0.000545754,0,0,15,15,-0.0,5.105567,37.130085,-1.633349e-09,0.04084456,0.2970409,False,0.334806,False
2026-01-15,CE04OSBP-LJ01C-07-VEL3DC107,12,True,2026-01-15T00:00:00Z,2026-01-15T23:59:59Z,691200,691200,0,0.125,0.124879837,0.124999938,-0.00033085,0,0,0,0,5e-06,4.125214,30.208235,3.666118e-08,0.03300173,0.241666,False,0.232802,False
2026-01-16,CE04OSBP-LJ01C-07-VEL3DC107,12,True,2026-01-16T00:00:00Z,2026-01-16T23:59:59Z,691200,691200,0,0.125,0.124879837,0.124999939,0.000960029,0,0,12,12,-5e-06,5.145561,41.640874,-3.803629e-08,0.0411645,0.3331272,False,0.362054,False
2026-01-17,CE04OSBP-LJ01C-07-VEL3DC107,12,True,2026-01-17T00:00:00Z,2026-01-17T23:59:59Z,691201,691201,0,0.125,0.124879837,0.124999932,-0.001048967,0,0,18,18,0.0,6.732612,30.588329,2.238145e-09,0.05386093,0.2447068,False,0.22788,False
2026-01-18,CE04OSBP-LJ01C-07-VEL3DC107,12,True,2026-01-18T00:00:00Z,2026-01-18T23:59:59Z,691200,691200,0,0.125,0.124879837,0.12499992,0.002311529,0,0,0,0,5e-06,4.780035,14.07526,3.653497e-08,0.0382403,0.1126022,False,0.058841,False
2026-01-19,CE04OSBP-LJ01C-07-VEL3DC107,12,True,2026-01-19T00:00:00Z,2026-01-19T23:59:59Z,691201,691201,0,0.125,0.124879837,0.124999914,-0.004153881,0,0,6,6,-1e-06,6.072591,32.542584,-7.710255e-09,0.04858076,0.2603409,False,0.243555,False
2026-01-20,CE04OSBP-LJ01C-07-VEL3DC107,12,True,2026-01-20T00:00:00Z,2026-01-20T23:59:59Z,691200,691200,0,0.125,0.124879837,0.124999915,0.000552469,0,0,0,0,5e-06,5.538809,24.75889,3.678969e-08,0.0443105,0.1980713,False,0.230293,False
2026-01-21,CE04OSBP-LJ01C-07-VEL3DC107,12,True,2026-01-21T00:00:00Z,2026-01-21T23:59:59Z,691201,691201,0,0.125,0.124879837,0.124999909,0.008272656,0,0,13,13,0.0,3.683942,11.176426,2.363101e-09,0.02947155,0.08941148,False,0.056886,False
2026-01-22,CE04OSBP-LJ01C-07-VEL3DC107,12,True,2026-01-22T00:00:00Z,2026-01-22T23:59:59Z,691200,691200,0,0.125,0.124879837,0.124999915,-0.001351684,0,0,0,0,5e-06,3.423544,10.603902,3.810048e-08,0.02738837,0.08483128,False,0.092267,False
2026-01-23,CE04OSBP-LJ01C-07-VEL3DC107,12,True,2026-01-23T00:00:00Z,2026-01-23T23:59:59Z,691201,691201,0,0.125,0.124879837,0.12499992,0.00581479,0,0,8,8,-2e-06,4.132035,27.821089,-1.84947e-08,0.0330563,0.2225689,False,0.231279,False
2026-01-24,CE04OSBP-LJ01C-07-VEL3DC107,12,True,2026-01-24T00:00:00Z,2026-01-24T23:59:59Z,691200,691200,0,0.125,0.124879837,0.124999917,0.003537116,0,0,0,0,5e-06,4.005818,28.132482,3.740322e-08,0.03204657,0.22506,False,0.231847,False
2026-01-25,CE04OSBP-LJ01C-07-VEL3DC107,12,True,2026-01-25T00:00:00Z,2026-01-25T23:59:59Z,691200,691200,0,0.125,0.124879837,0.12499992,-0.000288487,0,0,2,2,1e-06,5.438756,30.31878,1.129955e-08,0.04351008,0.2425504,False,0.236269,False
2026-01-26,CE04OSBP-LJ01C-07-VEL3DC107,12,True,2026-01-26T00:00:00Z,2026-01-26T23:59:59Z,691201,691201,0,0.125,0.124879837,0.124999915,0.001725839,0,0,12,12,1e-06,3.51022,10.898871,7.036153e-09,0.02808178,0.08719103,False,0.093634,False
2026-01-27,CE04OSBP-LJ01C-07-VEL3DC107,12,True,2026-01-27T00:00:00Z,2026-01-27T23:59:59Z,691200,691200,0,0.125,0.124879837,0.124999907,0.0083746,0,0,0,0,5e-06,4.753221,32.323074,3.68572e-08,0.0380258,0.2585848,False,0.231553,False
2026-01-28,CE04OSBP-LJ01C-07-VEL3DC107,12,True,2026-01-28T00:00:00Z,2026-01-28T23:59:59Z,690109,691202,1093,0.125,0.124879837,0.124999822,0.021669409,5,1093,5,1097,1e-06,31.164811,93.373642,7.585323e-09,0.2493188,0.7469902,True,0.074703,True
2026-01-29,CE04OSBP-LJ01C-07-VEL3DC107,12,True,2026-01-29T00:00:00Z,2026-01-29T23:59:59Z,691200,691200,0,0.125,0.124879837,0.124999913,-0.004160107,0,0,3,3,8e-06,6.577872,45.698432,6.049478e-08,0.05262301,0.3655877,False,0.364776,False
2026-01-30,CE04OSBP-LJ01C-07-VEL3DC107,12,True,2026-01-30T00:00:00Z,2026-01-30T23:59:59Z,691201,691201,0,0.125,0.124879837,0.1249999,-0.001251796,0,0,11,11,2e-06,5.983414,47.598371,1.625903e-08,0.04786735,0.3807873,False,0.344245,False
2026-01-31,CE04OSBP-LJ01C-07-VEL3DC107,12,True,2026-01-31T00:00:00Z,2026-01-31T23:59:59Z,691201,691201,0,0.125,0.124879837,0.124999911,0.018294553,0,0,5,5,7e-06,5.291389,30.121966,5.267861e-08,0.04233114,0.2409759,False,0.227865,False
2026-02-01,CE04OSBP-LJ01C-07-VEL3DC107,12,True,2026-02-01T00:00:00Z,2026-02-01T23:59:59Z,691200,691200,0,0.125,0.124879837,0.124999916,0.002604794,0,0,0,0,5e-06,4.313724,23.898158,3.635594e-08,0.03450982,0.1911854,False,0.233268,False
2026-02-02,CE04OSBP-LJ01C-07-VEL3DC107,12,True,2026-02-02T00:00:00Z,2026-02-02T23:59:59Z,691200,691200,0,0.125,0.124879837,0.124999913,0.007792693,0,0,0,0,5e-06,4.185803,24.843072,3.747933e-08,0.03348645,0.1987447,False,0.206177,False
2026-02-03,CE04OSBP-LJ01C-07-VEL3DC107,12,True,2026-02-03T00:00:00Z,2026-02-03T23:59:59Z,691201,691201,0,0.125,0.124879837,0.124999924,0.003571081,0,0,10,10,-2e-06,4.199726,28.416692,-1.21236e-08,0.03359783,0.2273337,False,0.229438,False
2026-02-04,CE04OSBP-LJ01C-07-VEL3DC107,12,True,2026-02-04T00:00:00Z,2026-02-04T23:59:59Z,691200,691200,0,0.125,0.124879837,0.124999912,0.000728569,0,0,0,0,4e-06,5.74098,27.173216,3.578762e-08,0.04592788,0.2173859,False,0.234108,False
2026-02-05,CE04OSBP-LJ01C-07-VEL3DC107,12,True,2026-02-05T00:00:00Z,2026-02-05T23:59:59Z,691201,691201,0,0.125,0.124879837,0.124999913,0.006039654,0,0,9,9,-0.0,4.702016,25.14143,-2.849814e-09,0.03761615,0.2011316,False,0.231721,False
2026-02-06,CE04OSBP-LJ01C-07-VEL3DC107,12,True,2026-02-06T00:00:00Z,2026-02-06T23:59:59Z,691200,691200,0,0.125,0.124879837,0.124999918,0.001947983,0,0,0,0,5e-06,5.127147,27.380042,3.780009e-08,0.04101721,0.2190405,False,0.231912,False
2026-02-07,CE04OSBP-LJ01C-07-VEL3DC107,12,True,2026-02-07T00:00:00Z,2026-02-07T23:59:59Z,691201,691201,0,0.125,0.124879837,0.124999914,0.003222859,0,0,8,8,-0.0,3.667488,9.411789,-1.514463e-09,0.02933992,0.07529437,False,0.058081,False
2026-02-08,CE04OSBP-LJ01C-07-VEL3DC107,12,True,2026-02-08T00:00:00Z,2026-02-08T23:59:59Z,691200,691200,0,0.125,0.124879837,0.124999906,-0.002796177,0,0,0,0,5e-06,5.180432,30.695122,3.656662e-08,0.04144349,0.2455612,False,0.230683,False
2026-02-09,CE04OSBP-LJ01C-07-VEL3DC107,12,True,2026-02-09T00:00:00Z,2026-02-09T23:59:59Z,691201,691201,0,0.125,0.124879837,0.124999907,0.004650362,0,0,8,8,-0.0,4.75388,28.128694,-3.361889e-09,0.03803107,0.2250297,False,0.231767,False
2026-02-10,CE04OSBP-LJ01C-07-VEL3DC107,12,True,2026-02-10T00:00:00Z,2026-02-10T23:59:59Z,691200,691200,0,0.125,0.124879837,0.124999921,0.005905981,0,0,1,1,-1e-06,8.539938,55.834908,-1.099776e-08,0.06831954,0.4466795,True,0.40745,False
2026-02-11,CE04OSBP-LJ01C-07-VEL3DC107,12,True,2026-02-11T00:00:00Z,2026-02-11T23:59:59Z,691201,691201,0,0.125,0.124879837,0.124999917,0.000566665,0,0,3,3,-1e-06,4.938233,12.572978,-7.845779e-09,0.03950589,0.1005839,False,0.108655,False
2026-02-12,CE04OSBP-LJ01C-07-VEL3DC107,12,True,2026-02-12T00:00:00Z,2026-02-12T23:59:59Z,691200,691200,0,0.125,0.124879837,0.12499992,-0.000775239,0,0,0,0,5e-06,4.308257,12.885798,3.641135e-08,0.03446608,0.1030864,False,0.059402,False
2026-02-13,CE04OSBP-LJ01C-07-VEL3DC107,12,True,2026-02-13T00:00:00Z,2026-02-13T23:59:59Z,691201,691201,0,0.125,0.124879837,0.124999905,-0.000343441,0,0,16,16,-0.0,3.714059,26.524377,-2.891302e-09,0.0297125,0.2121952,False,0.220343,False
2026-02-14,CE04OSBP-LJ01C-07-VEL3DC107,12,True,2026-02-14T00:00:00Z,2026-02-14T23:59:59Z,691200,691200,0,0.125,0.124879837,0.124999904,-0.002591961,0,0,0,0,5e-06,3.069026,10.531355,3.787744e-08,0.02455223,0.0842509,False,0.078693,False
2026-02-15,CE04OSBP-LJ01C-07-VEL3DC107,12,True,2026-02-15T00:00:00Z,2026-02-15T23:59:59Z,691201,691201,0,0.125,0.124879837,0.1249999,0.00044734,0,0,7,7,0.0,3.043644,9.268981,3.034662e-09,0.02434917,0.07415191,False,0.069303,False
2026-02-16,CE04OSBP-LJ01C-07-VEL3DC107,12,True,2026-02-16T00:00:00Z,2026-02-16T23:59:59Z,691200,691200,0,0.125,0.124879837,0.124999908,-0.003532538,0,0,0,0,5e-06,4.344584,27.296869,3.712561e-08,0.0347567,0.2183751,False,0.209499,False
2026-02-17,CE04OSBP-LJ01C-07-VEL3DC107,12,True,2026-02-17T00:00:00Z,2026-02-17T23:59:59Z,691201,691201,0,0.125,0.124879837,0.124999902,-0.004720142,0,0,5,5,-1e-06,3.591818,27.3159,-9.527564e-09,0.02873456,0.2185274,False,0.232271,False
2026-02-18,CE04OSBP-LJ01C-07-VEL3DC107,12,True,2026-02-18T00:00:00Z,2026-02-18T23:59:59Z,691200,691200,0,0.125,0.124879837,0.124999893,-0.004319905,0,0,0,0,5e-06,4.910978,31.692128,3.776196e-08,0.03928785,0.2535372,False,0.229037,False
2026-02-19,CE04OSBP-LJ01C-07-VEL3DC107,12,True,2026-02-19T00:00:00Z,2026-02-19T23:59:59Z,691201,691201,0,0.125,0.124879837,0.1249999,-0.004096775,0,0,4,4,-1e-06,3.441199,10.055339,-8.47291e-09,0.02752962,0.08044277,False,0.060605,False
2026-02-20,CE04OSBP-LJ01C-07-VEL3DC107,12,True,2026-02-20T00:00:00Z,2026-02-20T23:59:59Z,691200,691200,0,0.125,0.124879837,0.124999912,0.00523676,0,0,3,3,-5e-06,4.482553,17.675425,-3.608899e-08,0.03586045,0.1414035,False,0.065393,False
2026-02-21,CE04OSBP-LJ01C-07-VEL3DC107,12,True,2026-02-21T00:00:00Z,2026-02-21T23:59:59Z,691201,691201,0,0.125,0.124879837,0.124999916,-0.003553695,0,0,2,2,-7e-06,3.302466,10.851291,-5.222464e-08,0.02641975,0.08681039,False,0.059868,False
2026-02-22,CE04OSBP-LJ01C-07-VEL3DC107,12,True,2026-02-22T00:00:00Z,2026-02-22T23:59:59Z,691201,691201,0,0.125,0.124879837,0.1249999,0.001504385,0,0,6,6,-3e-06,4.210306,31.323036,-2.662181e-08,0.03368248,0.2505845,False,0.193366,False
2026-02-23,CE04OSBP-LJ01C-07-VEL3DC107,12,True,2026-02-23T00:00:00Z,2026-02-23T23:59:59Z,691200,691200,0,0.125,0.124879837,0.124999901,-0.001903423,0,0,0,0,5e-06,4.057279,28.719135,3.737997e-08,0.03245826,0.2297533,False,0.225803,False
2026-02-24,CE04OSBP-LJ01C-07-VEL3DC107,12,True,2026-02-24T00:00:00Z,2026-02-24T23:59:59Z,691201,691201,0,0.125,0.124879837,0.124999914,0.005351438,0,0,4,4,-4e-06,3.360493,11.138025,-3.212538e-08,0.02688396,0.08910426,False,0.086074,False
2026-02-25,CE04OSBP-LJ01C-07-VEL3DC107,12,True,2026-02-25T00:00:00Z,2026-02-25T23:59:59Z,691200,691200,0,0.125,0.124879837,0.124999914,-0.000499178,0,0,0,0,5e-06,4.30942,32.038901,3.685077e-08,0.03447538,0.2563114,False,0.232195,False
2026-02-26,CE04OSBP-LJ01C-07-VEL3DC107,12,True,2026-02-26T00:00:00Z,2026-02-26T23:59:59Z,691201,691201,0,0.125,0.124879837,0.124999901,-0.003634754,0,0,11,11,1e-06,4.088831,25.79969,1.058243e-08,0.03271068,0.2063977,False,0.229534,False
2026-02-27,CE04OSBP-LJ01C-07-VEL3DC107,12,True,2026-02-27T00:00:00Z,2026-02-27T23:59:59Z,686387,691205,4818,0.125,0.124879837,0.124998867,-0.106752732,1,4818,1,4818,1e-06,178.015666,334.496262,5.301125e-09,1.424138,2.675994,True,0.379011,True
2026-02-28,CE04OSBP-LJ01C-07-VEL3DC107,12,True,2026-02-28T00:00:00Z,2026-02-28T23:59:59Z,691200,691200,0,0.125,0.124879837,0.124999932,0.003876567,0,0,0,0,5e-06,4.942874,28.717514,3.671731e-08,0.03954301,0.2297402,False,0.237212,False
2026-03-01,CE04OSBP-LJ01C-07-VEL3DC107,12,True,2026-03-01T00:00:00Z,2026-03-01T23:59:59Z,691201,691201,0,0.125,0.124879837,0.124999943,-0.003681995,0,0,27,27,0.0,3.103856,11.297925,3.632019e-09,0.02483086,0.09038344,False,0.089254,False
2026-03-02,CE04OSBP-LJ01C-07-VEL3DC107,12,True,2026-03-02T00:00:00Z,2026-03-02T23:59:59Z,691200,691200,0,0.125,0.124879837,0.124999941,-0.003246023,0,0,0,0,5e-06,3.459035,27.715846,3.683311e-08,0.0276723,0.2217269,False,0.198288,False
2026-03-03,CE04OSBP-LJ01C-07-VEL3DC107,12,True,2026-03-03T00:00:00Z,2026-03-03T23:59:59Z,691200,691200,0,0.125,0.124879837,0.124999944,0.003990445,0,0,0,0,5e-06,3.202647,10.912501,3.751544e-08,0.02562119,0.08730005,False,0.092049,False
2026-03-04,CE04OSBP-LJ01C-07-VEL3DC107,12,True,2026-03-04T00:00:00Z,2026-03-04T23:59:59Z,691201,691201,0,0.125,0.124879837,0.124999947,-0.005380604,0,0,6,6,-0.0,4.267469,24.87235,-1.418873e-09,0.03413977,0.1989789,False,0.227204,False
2026-03-05,CE04OSBP-LJ01C-07-VEL3DC107,12,True,2026-03-05T00:00:00Z,2026-03-05T23:59:59Z,691200,691200,0,0.125,0.124879837,0.124999931,-0.002056264,0,0,0,0,5e-06,5.234696,28.942909,3.690943e-08,0.04187759,0.2315434,False,0.232474,False
2026-03-06,CE04OSBP-LJ01C-07-VEL3DC107,12,True,2026-03-06T00:00:00Z,2026-03-06T23:59:59Z,691200,691200,0,0.125,0.124879837,0.124999935,-0.002603429,0,0,0,0,5e-06,3.74314,29.286307,3.761125e-08,0.02994514,0.2342906,False,0.229232,False
2026-03-07,CE04OSBP-LJ01C-07-VEL3DC107,12,True,2026-03-07T00:00:00Z,2026-03-07T23:59:59Z,691201,691201,0,0.125,0.124879837,0.124999927,0.00765634,0,0,25,25,-2e-06,5.55605,41.897282,-1.731089e-08,0.04444842,0.3351784,False,0.349961,False
2026-03-08,CE04OSBP-LJ01C-07-VEL3DC107,12,True,2026-03-08T00:00:00Z,2026-03-08T23:59:59Z,691200,691200,0,0.125,0.124879837,0.124999945,-0.000628108,0,0,0,0,5e-06,4.214324,12.273666,3.747429e-08,0.03371461,0.09818937,False,0.058642,False
2026-03-09,CE04OSBP-LJ01C-07-VEL3DC107,12,True,2026-03-09T00:00:00Z,2026-03-09T23:59:59Z,691200,691200,0,0.125,0.124879837,0.124999952,0.009869882,0,0,0,0,5e-06,4.866799,29.844037,3.715618e-08,0.0389344,0.2387524,False,0.236269,False
2026-03-10,CE04OSBP-LJ01C-07-VEL3DC107,12,True,2026-03-10T00:00:00Z,2026-03-10T23:59:59Z,691201,691201,0,0.125,0.124879837,0.124999955,0.007856517,0,0,12,12,2e-06,4.661914,29.998772,1.377177e-08,0.03729532,0.2399903,False,0.230473,False
2026-03-11,CE04OSBP-LJ01C-07-VEL3DC107,12,True,2026-03-11T00:00:00Z,2026-03-11T23:59:59Z,691200,691200,0,0.125,0.124879837,0.124999957,-0.001115719,0,0,0,0,5e-06,4.607246,45.024357,3.82897e-08,0.03685798,0.360195,False,0.326661,False
2026-03-12,CE04OSBP-LJ01C-07-VEL3DC107,12,True,2026-03-12T00:00:00Z,2026-03-12T23:59:59Z,691200,691200,0,0.125,0.124879837,0.124999963,-0.003091894,0,0,0,0,5e-06,3.130946,12.528599,3.734884e-08,0.02504757,0.1002288,False,0.097544,False
2026-03-13,CE04OSBP-LJ01C-07-VEL3DC107,12,True,2026-03-13T00:00:00Z,2026-03-13T23:59:59Z,691200,691200,0,0.125,0.124879837,0.12499995,-0.000130671,0,0,0,0,5e-06,4.050473,29.987977,3.670026e-08,0.03240379,0.2399039,False,0.238064,False
2026-03-14,CE04OSBP-LJ01C-07-VEL3DC107,12,True,2026-03-14T00:00:00Z,2026-03-14T23:59:59Z,691201,691201,0,0.125,0.124879837,0.124999949,-0.004465255,0,0,8,8,-0.0,4.674594,25.910488,-1.326286e-09,0.03739677,0.207284,False,0.203786,False
2026-03-15,CE04OSBP-LJ01C-07-VEL3DC107,12,True,2026-03-15T00:00:00Z,2026-03-15T23:59:59Z,691200,691200,0,0.125,0.124879837,0.124999941,-0.004299215,0,0,0,0,5e-06,5.32458,24.23733,3.601374e-08,0.04259666,0.1938987,False,0.228911,False
2026-03-16,CE04OSBP-LJ01C-07-VEL3DC107,12,True,2026-03-16T00:00:00Z,2026-03-16T23:59:59Z,691200,691200,0,0.125,0.124879837,0.124999943,-0.004874578,0,0,0,0,5e-06,4.070768,10.925032,3.825441e-08,0.03256616,0.08740029,False,0.090465,False
2026-03-17,CE04OSBP-LJ01C-07-VEL3DC107,12,True,2026-03-17T00:00:00Z,2026-03-17T23:59:59Z,687230,691205,3975,0.125,0.124879837,0.124998989,0.165364151,14,3975,14,3988,1e-06,136.359248,274.194841,1.004786e-08,1.090883,2.193576,True,0.111706,True
2026-03-18,CE04OSBP-LJ01C-07-VEL3DC107,12,True,2026-03-18T00:00:00Z,2026-03-18T23:59:59Z,691200,691200,0,0.125,0.124879837,0.12499993,-0.001590879,0,0,0,0,5e-06,2.933682,8.357789,3.716772e-08,0.02346947,0.06686235,False,0.080029,False
2026-03-19,CE04OSBP-LJ01C-07-VEL3DC107,12,True,2026-03-19T00:00:00Z,2026-03-19T23:59:59Z,691200,691200,0,0.125,0.124879837,0.124999937,-0.00244493,0,0,0,0,5e-06,4.807372,26.611398,3.767178e-08,0.03845899,0.2128913,False,0.236147,False
2026-03-20,CE04OSBP-LJ01C-07-VEL3DC107,12,True,2026-03-20T00:00:00Z,2026-03-20T23:59:59Z,691201,691201,0,0.125,0.124879837,0.124999925,-0.002636584,0,0,39,39,0.0,5.345644,12.397399,2.894171e-09,0.04276518,0.09917925,False,0.069861,False
2026-03-21,CE04OSBP-LJ01C-07-VEL3DC107,12,True,2026-03-21T00:00:00Z,2026-03-21T23:59:59Z,691200,691200,0,0.125,0.124879837,0.124999917,-0.005799106,0,0,0,0,5e-06,4.321109,27.3292,3.719033e-08,0.03456889,0.2186337,False,0.182224,False
2026-03-22,CE04OSBP-LJ01C-07-VEL3DC107,12,True,2026-03-22T00:00:00Z,2026-03-22T23:59:59Z,691201,691201,0,0.125,0.124879837,0.124999927,-0.001065172,0,0,59,59,-1e-06,4.306861,12.458462,-1.1416e-08,0.03445491,0.09966776,False,0.081637,False
2026-03-23,CE04OSBP-LJ01C-07-VEL3DC107,12,True,2026-03-23T00:00:00Z,2026-03-23T23:59:59Z,691200,691200,0,0.125,0.124879837,0.124999919,-0.001440505,0,0,0,0,5e-06,4.243153,27.596494,3.674553e-08,0.03394525,0.2207721,False,0.221859,False
2026-03-24,CE04OSBP-LJ01C-07-VEL3DC107,12,True,2026-03-24T00:00:00Z,2026-03-24T23:59:59Z,691200,691200,0,0.125,0.124879837,0.124999927,0.001701537,0,0,1,1,-1.2e-05,3.602007,11.527904,-9.642886e-08,0.02881607,0.09222329,False,0.074088,False
2026-03-25,CE04OSBP-LJ01C-07-VEL3DC107,12,True,2026-03-25T00:00:00Z,2026-03-25T23:59:59Z,691201,691201,0,0.125,0.124879837,0.124999925,0.001258565,0,0,15,15,-1e-06,3.595759,9.875578,-4.121674e-09,0.02876609,0.07900467,False,0.091435,False
2026-03-26,CE04OSBP-LJ01C-07-VEL3DC107,12,True,2026-03-26T00:00:00Z,2026-03-26T23:59:59Z,691200,691200,0,0.125,0.124879837,0.124999909,0.001066249,0,0,0,0,5e-06,3.949089,30.309471,3.741846e-08,0.03159273,0.2424759,False,0.254471,False
2026-03-27,CE04OSBP-LJ01C-07-VEL3DC107,12,True,2026-03-27T00:00:00Z,2026-03-27T23:59:59Z,691201,691201,0,0.125,0.124879837,0.124999914,0.003783393,0,0,11,11,0.0,4.760703,27.109453,2.504432e-09,0.03808565,0.2168758,False,0.209185,False
2026-03-28,CE04OSBP-LJ01C-07-VEL3DC107,12,True,2026-03-28T00:00:00Z,2026-03-28T23:59:59Z,691200,691200,0,0.125,0.124879837,0.124999926,0.031434213,0,0,0,0,5e-06,4.760979,32.340571,3.753983e-08,0.03808785,0.2587247,False,0.232531,False
2026-03-29,CE04OSBP-LJ01C-07-VEL3DC107,12,True,2026-03-29T00:00:00Z,2026-03-29T23:59:59Z,691201,691201,0,0.125,0.124879837,0.124999926,0.004528431,0,0,20,20,1e-06,5.132252,47.964557,4.834423e-09,0.04105804,0.3837167,False,0.345047,False
2026-03-30,CE04OSBP-LJ01C-07-VEL3DC107,12,True,2026-03-30T00:00:00Z,2026-03-30T23:59:59Z,691200,691200,0,0.125,0.124879837,0.124999925,-0.003503192,0,0,0,0,5e-06,4.11702,11.362163,3.720568e-08,0.03293618,0.09089736,False,0.058032,False
2026-03-31,CE04OSBP-LJ01C-07-VEL3DC107,12,True,2026-03-31T00:00:00Z,2026-03-31T23:59:59Z,691200,691200,0,0.125,0.124879837,0.124999912,0.004139237,0,0,8,8,-4e-06,4.667651,45.018995,-3.175481e-08,0.03734124,0.3601522,False,0.313423,False
2026-04-01,CE04OSBP-LJ01C-07-VEL3DC107,12,True,2026-04-01T00:00:00Z,2026-04-01T23:59:59Z,691201,691201,0,0.125,0.124879837,0.124999911,0.002269201,0,0,15,15,-1e-06,3.616423,12.382207,-1.126532e-08,0.02893141,0.09905773,False,0.087051,False
2026-04-02,CE04OSBP-LJ01C-07-VEL3DC107,12,True,2026-04-02T00:00:00Z,2026-04-02T23:59:59Z,691200,691200,0,0.125,0.124879837,0.124999905,-0.001778863,0,0,1,1,-1.3e-05,3.18941,10.510986,-1.002264e-07,0.0255153,0.08408795,False,0.057993,False
2026-04-03,CE04OSBP-LJ01C-07-VEL3DC107,12,True,2026-04-03T00:00:00Z,2026-04-03T23:59:59Z,691201,691201,0,0.125,0.124879837,0.124999897,-0.003225247,0,0,4,4,1e-06,3.378615,11.442783,1.115254e-08,0.02702894,0.09154234,False,0.096605,False
2026-04-04,CE04OSBP-LJ01C-07-VEL3DC107,12,True,2026-04-04T00:00:00Z,2026-04-04T23:59:59Z,691201,691201,0,0.125,0.124879837,0.124999897,-0.003860779,0,0,8,8,2e-06,5.029829,33.0239,1.248083e-08,0.04023867,0.2641914,False,0.233008,False
2026-04-05,CE04OSBP-LJ01C-07-VEL3DC107,12,True,2026-04-05T00:00:00Z,2026-04-05T23:59:59Z,691200,691200,0,0.125,0.124879837,0.124999914,0.00176427,0,0,0,0,5e-06,4.378064,28.25572,3.776402e-08,0.03502454,0.2260459,False,0.238312,False
2026-04-06,CE04OSBP-LJ01C-07-VEL3DC107,12,True,2026-04-06T00:00:00Z,2026-04-06T23:59:59Z,691201,691201,0,0.125,0.124879837,0.12499991,0.002270868,0,0,33,33,-1e-06,4.869445,14.411151,-8.399269e-09,0.03895558,0.1152893,False,0.060124,False
2026-04-07,CE04OSBP-LJ01C-07-VEL3DC107,12,True,2026-04-07T00:00:00Z,2026-04-07T23:59:59Z,691200,691200,0,0.125,0.124879837,0.124999909,-0.00631127,0,0,0,0,5e-06,5.365359,30.828786,3.748649e-08,0.0429229,0.2466305,False,0.247022,False
2026-04-08,CE04OSBP-LJ01C-07-VEL3DC107,12,True,2026-04-08T00:00:00Z,2026-04-08T23:59:59Z,691201,691201,0,0.125,0.124879837,0.124999899,-0.000789559,0,0,6,6,-1e-06,4.102553,30.990501,-5.095647e-09,0.03282045,0.2479242,False,0.233058,False
2026-04-09,CE04OSBP-LJ01C-07-VEL3DC107,12,True,2026-04-09T00:00:00Z,2026-04-09T23:59:59Z,691200,691200,0,0.125,0.124879837,0.124999909,-0.005298437,0,0,0,0,5e-06,5.124264,24.000348,3.824866e-08,0.04099414,0.1920029,False,0.233547,False
2026-04-10,CE04OSBP-LJ01C-07-VEL3DC107,12,True,2026-04-10T00:00:00Z,2026-04-10T23:59:59Z,691201,691201,0,0.125,0.124879837,0.124999905,-0.003427705,0,0,6,6,-1e-06,3.856541,28.665478,-4.307586e-09,0.03085235,0.229324,False,0.210564,False
2026-04-11,CE04OSBP-LJ01C-07-VEL3DC107,12,True,2026-04-11T00:00:00Z,2026-04-11T23:59:59Z,691200,691200,0,0.125,0.124879837,0.12499991,-9.2149e-05,0,0,0,0,5e-06,4.791629,29.676811,3.685982e-08,0.03833306,0.2374147,False,0.235903,False
2026-04-12,CE04OSBP-LJ01C-07-VEL3DC107,12,True,2026-04-12T00:00:00Z,2026-04-12T23:59:59Z,691201,691201,0,0.125,0.124879837,0.124999907,0.004668141,0,0,14,14,-0.0,5.195357,46.348795,-1.460056e-09,0.04156289,0.3707906,False,0.351836,False
2026-04-13,CE04OSBP-LJ01C-07-VEL3DC107,12,True,2026-04-13T00:00:00Z,2026-04-13T23:59:59Z,691200,691200,0,0.125,0.124879837,0.124999908,-0.000663396,0,0,1,1,1e-06,5.18715,45.060698,1.015001e-08,0.04149723,0.3604858,False,0.344738,False
2026-04-14,CE04OSBP-LJ01C-07-VEL3DC107,12,True,2026-04-14T00:00:00Z,2026-04-14T23:59:59Z,691201,691201,0,0.125,0.124879837,0.124999911,0.002315331,0,0,13,13,3e-06,3.731283,27.180677,2.705572e-08,0.02985028,0.2174456,False,0.230939,False
2026-04-15,CE04OSBP-LJ01C-07-VEL3DC107,12,True,2026-04-15T00:00:00Z,2026-04-15T23:59:59Z,691200,691200,0,0.125,0.124879837,0.124999911,-0.006307625,0,0,0,0,5e-06,3.036639,9.843392,3.67938e-08,0.02429313,0.07874719,False,0.080888,False
2026-04-16,CE04OSBP-LJ01C-07-VEL3DC107,12,True,2026-04-16T00:00:00Z,2026-04-16T23:59:59Z,691201,691201,0,0.125,0.124879837,0.124999895,-0.001713039,0,0,8,8,1e-06,3.256718,16.721177,1.199196e-08,0.02605377,0.1337695,False,0.113005,False
2026-04-17,CE04OSBP-LJ01C-07-VEL3DC107,12,True,2026-04-17T00:00:00Z,2026-04-17T23:59:59Z,691200,691200,0,0.125,0.124879837,0.124999894,0.00207998,0,0,0,0,5e-06,3.812296,27.836381,3.840295e-08,0.03049839,0.2226912,False,0.232676,False
2026-04-18,CE04OSBP-LJ01C-07-VEL3DC107,12,True,2026-04-18T00:00:00Z,2026-04-18T23:59:59Z,691201,691201,0,0.125,0.124879837,0.124999912,-0.003935968,0,0,16,16,1e-06,6.214323,47.435529,7.045856e-09,0.04971462,0.3794845,False,0.344501,False
2026-04-19,CE04OSBP-LJ01C-07-VEL3DC107,12,True,2026-04-19T00:00:00Z,2026-04-19T23:59:59Z,691200,691200,0,0.125,0.124879837,0.12499992,-0.00169165,0,0,0,0,5e-06,3.277631,10.79303,3.638255e-08,0.02622107,0.0863443,False,0.093164,False
2026-04-20,CE04OSBP-LJ01C-07-VEL3DC107,12,True,2026-04-20T00:00:00Z,2026-04-20T23:59:59Z,691201,691201,0,0.125,0.124879837,0.124999928,-0.001281984,0,0,17,17,0.0,4.545048,29.086527,1.273751e-09,0.0363604,0.2326924,False,0.232363,False
2026-04-21,CE04OSBP-LJ01C-07-VEL3DC107,12,True,2026-04-21T00:00:00Z,2026-04-21T23:59:59Z,691200,691200,0,0.125,0.124879837,0.124999932,0.002080227,0,0,0,0,5e-06,3.539709,27.884341,3.73218e-08,0.02831769,0.2230748,False,0.232401,False
2026-04-22,CE04OSBP-LJ01C-07-VEL3DC107,12,True,2026-04-22T00:00:00Z,2026-04-22T23:59:59Z,686347,691205,4858,0.125,0.124879837,0.124999256,0.139504607,1,4858,1,4858,7e-06,172.993102,371.303031,5.720752e-08,1.383953,2.970442,True,0.331904,True
2026-04-23,CE04OSBP-LJ01C-07-VEL3DC107,12,True,2026-04-23T00:00:00Z,2026-04-23T23:59:59Z,691201,691201,0,0.125,0.124879837,0.124999937,-0.003732459,0,0,10,10,-1e-06,6.9205,52.030532,-9.049292e-09,0.05536403,0.4162445,True,0.350099,False
2026-04-24,CE04OSBP-LJ01C-07-VEL3DC107,12,True,2026-04-24T00:00:00Z,2026-04-24T23:59:59Z,691200,691200,0,0.125,0.124879837,0.124999916,0.002553336,0,0,0,0,5e-06,3.837783,31.138326,3.907632e-08,0.03070228,0.2491068,False,0.230144,False
2026-04-25,CE04OSBP-LJ01C-07-VEL3DC107,12,True,2026-04-25T00:00:00Z,2026-04-25T23:59:59Z,691201,691201,0,0.125,0.124879837,0.124999918,0.0016673,0,0,12,12,1e-06,4.779445,31.093174,6.452744e-09,0.03823559,0.2487456,False,0.256098,False
2026-04-26,CE04OSBP-LJ01C-07-VEL3DC107,12,True,2026-04-26T00:00:00Z,2026-04-26T23:59:59Z,691200,691200,0,0.125,0.124879837,0.124999912,-0.000457244,0,0,0,0,5e-06,4.231493,27.947249,3.744693e-08,0.03385197,0.2235782,False,0.23221,False
2026-04-27,CE04OSBP-LJ01C-07-VEL3DC107,12,True,2026-04-27T00:00:00Z,2026-04-27T23:59:59Z,691201,691201,0,0.125,0.124879837,0.124999913,-0.000461729,0,0,16,16,-8e-06,5.802349,33.001289,-6.202086e-08,0.04641882,0.2640105,False,0.279379,False
2026-04-28,CE04OSBP-LJ01C-07-VEL3DC107,12,True,2026-04-28T00:00:00Z,2026-04-28T23:59:59Z,691200,691200,0,0.125,0.124879837,0.124999907,-0.001210105,0,0,0,0,5e-06,4.159497,33.228144,3.710715e-08,0.033276,0.2658253,False,0.276366,False
2026-04-29,CE04OSBP-LJ01C-07-VEL3DC107,12,True,2026-04-29T00:00:00Z,2026-04-29T23:59:59Z,691200,691200,0,0.125,0.124879837,0.124999918,0.008691378,0,0,4,4,3e-06,3.720913,12.773093,2.575078e-08,0.02976733,0.1021848,False,0.057837,False
2026-04-30,CE04OSBP-LJ01C-07-VEL3DC107,12,True,2026-04-30T00:00:00Z,2026-04-30T23:59:59Z,691201,691200,0,0.125,0.124879837,0.125000173,-0.047844602,0,0,7,7,1e-06,33.496324,83.353064,6.105511e-09,0.2679702,0.6668236,True,0.499301,False
2026-05-01,CE04OSBP-LJ01C-07-VEL3DC107,12,True,2026-05-01T00:00:00Z,2026-05-01T23:59:59Z,691200,691200,0,0.125,0.124879837,0.124999917,0.00788041,0,0,0,0,5e-06,4.285836,13.315519,3.779549e-08,0.03428671,0.1065242,False,0.061365,False
2026-05-02,CE04OSBP-LJ01C-07-VEL3DC107,12,True,2026-05-02T00:00:00Z,2026-05-02T23:59:59Z,691201,691201,0,0.125,0.124879837,0.124999917,-0.00177353,0,0,16,16,0.0,3.203286,10.802939,1.917815e-09,0.02562631,0.08642357,False,0.079548,False
2026-05-03,CE04OSBP-LJ01C-07-VEL3DC107,12,True,2026-05-03T00:00:00Z,2026-05-03T23:59:59Z,691200,691200,0,0.125,0.124879837,0.124999915,-0.000518877,0,0,0,0,5e-06,4.075146,26.350106,3.704488e-08,0.03260119,0.210801,False,0.226223,False
2026-05-04,CE04OSBP-LJ01C-07-VEL3DC107,12,True,2026-05-04T00:00:00Z,2026-05-04T23:59:59Z,691201,691201,0,0.125,0.124879837,0.124999928,-0.002107668,0,0,13,13,-1e-06,3.20757,10.237547,-6.397977e-09,0.02566058,0.08190042,False,0.0962,False
2026-05-05,CE04OSBP-LJ01C-07-VEL3DC107,12,True,2026-05-05T00:00:00Z,2026-05-05T23:59:59Z,691200,691200,0,0.125,0.124879837,0.124999921,-0.00040831,0,0,0,0,5e-06,3.889495,25.294791,3.688597e-08,0.03111598,0.2023585,False,0.235341,False
2026-05-06,CE04OSBP-LJ01C-07-VEL3DC107,12,True,2026-05-06T00:00:00Z,2026-05-06T23:59:59Z,691201,691201,0,0.125,0.124879837,0.124999912,-0.000279107,0,0,12,12,-3e-06,3.851885,28.501924,-2.399123e-08,0.0308151,0.2280156,False,0.225612,False
2026-05-07,CE04OSBP-LJ01C-07-VEL3DC107,12,True,2026-05-07T00:00:00Z,2026-05-07T23:59:59Z,691200,691200,0,0.125,0.124879837,0.124999925,-0.003816199,0,0,2,2,-2e-06,4.773605,30.247836,-1.695372e-08,0.03818887,0.2419828,False,0.235406,False
2026-05-08,CE04OSBP-LJ01C-07-VEL3DC107,12,True,2026-05-08T00:00:00Z,2026-05-08T23:59:59Z,691200,691200,0,0.125,0.124879837,0.124999922,-0.003699253,0,0,0,0,5e-06,7.520649,31.712476,3.679572e-08,0.06016523,0.2537,False,0.238488,False
2026-05-09,CE04OSBP-LJ01C-07-VEL3DC107,12,True,2026-05-09T00:00:00Z,2026-05-09T23:59:59Z,691201,691201,0,0.125,0.124879837,0.12499992,0.005430792,0,0,4,4,2e-06,4.131476,11.561718,1.477018e-08,0.03305183,0.0924938,False,0.068799,False
2026-05-10,CE04OSBP-LJ01C-07-VEL3DC107,12,True,2026-05-10T00:00:00Z,2026-05-10T23:59:59Z,691200,691200,0,0.125,0.124879837,0.124999922,-0.006786155,0,0,0,0,5e-06,4.158015,11.014508,3.832606e-08,0.03326414,0.08811612,False,0.056833,False
2026-05-11,CE04OSBP-LJ01C-07-VEL3DC107,12,True,2026-05-11T00:00:00Z,2026-05-11T23:59:59Z,691201,691201,0,0.125,0.124879837,0.12499992,-0.007654683,0,0,3,3,-0.0,4.725232,43.238588,-1.192512e-09,0.03780188,0.3459089,False,0.354543,False
2026-05-12,CE04OSBP-LJ01C-07-VEL3DC107,12,True,2026-05-12T00:00:00Z,2026-05-12T23:59:59Z,691200,691200,0,0.125,0.124879837,0.124999929,0.006156734,0,0,0,0,5e-06,3.46006,9.314897,3.768995e-08,0.0276805,0.07451922,False,0.066963,False
2026-05-13,CE04OSBP-LJ01C-07-VEL3DC107,12,True,2026-05-13T00:00:00Z,2026-05-13T23:59:59Z,691200,691200,0,0.125,0.124879837,0.124999936,-0.003668604,0,0,3,3,0.0,4.485256,29.606381,1.797047e-09,0.03588207,0.2368512,False,0.22859,False
2026-05-14,CE04OSBP-LJ01C-07-VEL3DC107,12,True,2026-05-14T00:00:00Z,2026-05-14T23:59:48Z,691111,691111,0,0.125,0.124879837,0.124999928,0.000256773,0,0,7,7,1e-06,4.606145,28.080413,5.270383e-09,0.03684918,0.2246434,False,0.225372,False
2026-05-15,CE04OSBP-LJ01C-07-VEL3DC107,12,True,2026-05-15T00:00:00Z,2026-05-15T23:59:48Z,691111,691111,0,0.125,0.124879837,0.124999927,-0.00383937,0,0,0,0,-1.6e-05,3.96965,30.020479,-1.303511e-07,0.03175722,0.240164,False,0.231084,False
2026-05-16,CE04OSBP-LJ01C-07-VEL3DC107,12,True,2026-05-16T00:00:00Z,2026-05-16T23:59:59Z,691112,691201,89,0.125,0.124879837,0.124999931,-0.004925524,18,89,18,106,-0.0,3.701552,11.383722,-1.584974e-09,0.02961243,0.09106983,False,0.095375,True
2026-05-17,CE04OSBP-LJ01C-07-VEL3DC107,12,True,2026-05-17T00:00:00Z,2026-05-17T23:59:48Z,691111,691111,0,0.125,0.124879837,0.124999938,-0.00575799,0,0,0,0,-1.6e-05,4.453548,26.60939,-1.292833e-07,0.0356284,0.2128752,False,0.217586,False
2026-05-18,CE04OSBP-LJ01C-07-VEL3DC107,12,True,2026-05-18T00:00:00Z,2026-05-18T23:59:48Z,691111,691111,0,0.125,0.124879837,0.124999938,0.000519611,0,0,0,0,-1.6e-05,4.011576,28.138941,-1.294861e-07,0.03209262,0.2251116,False,0.233421,False
2026-05-19,CE04OSBP-LJ01C-07-VEL3DC107,12,True,2026-05-19T00:00:00Z,2026-05-19T23:59:59Z,691112,691201,89,0.125,0.124879837,0.124999949,0.001505211,6,89,6,94,-1e-06,3.4414,12.882058,-8.483311e-09,0.02753121,0.1030565,False,0.096357,True
2026-05-20,CE04OSBP-LJ01C-07-VEL3DC107,12,True,2026-05-20T00:00:00Z,2026-05-20T23:59:59Z,691200,691200,0,0.125,0.124879837,0.124999962,0.006314301,0,0,0,0,5e-06,4.05947,27.569166,3.756943e-08,0.03247577,0.2205534,False,0.231408,False
2026-05-21,CE04OSBP-LJ01C-07-VEL3DC107,12,True,2026-05-21T00:00:00Z,2026-05-21T23:59:59Z,691200,691200,0,0.125,0.124879837,0.124999957,-0.005421346,0,0,0,0,5e-06,4.589197,27.136061,3.638787e-08,0.03671359,0.2170886,False,0.229262,False
2026-05-22,CE04OSBP-LJ01C-07-VEL3DC107,12,True,2026-05-22T00:00:00Z,2026-05-22T23:59:59Z,691200,691200,0,0.125,0.124879837,0.124999954,0.001877765,0,0,0,0,5e-06,5.044799,29.94811,3.734058e-08,0.0403584,0.239585,False,0.234196,False
2026-05-23,CE04OSBP-LJ01C-07-VEL3DC107,12,True,2026-05-23T00:00:00Z,2026-05-23T23:59:59Z,691200,691200,0,0.125,0.124879837,0.12499996,-0.000136941,0,0,8,8,-2e-06,5.369876,28.054875,-1.218778e-08,0.04295902,0.2244391,False,0.237598,False
2026-05-24,CE04OSBP-LJ01C-07-VEL3DC107,12,True,2026-05-24T00:00:00Z,2026-05-24T23:59:59Z,691201,691201,0,0.125,0.124879837,0.12499995,-0.000387903,0,0,4,4,1e-06,7.583763,43.815581,4.691931e-09,0.06067013,0.3505248,False,0.35166,False
2026-05-25,CE04OSBP-LJ01C-07-VEL3DC107,12,True,2026-05-25T00:00:00Z,2026-05-25T23:59:59Z,691200,691200,0,0.125,0.124879837,0.124999926,0.00355298,0,0,2,2,-1e-06,5.659659,47.193516,-5.651672e-09,0.0452773,0.3775483,False,0.351313,False
2026-05-26,CE04OSBP-LJ01C-07-VEL3DC107,12,True,2026-05-26T00:00:00Z,2026-05-26T23:59:59Z,691201,691201,0,0.125,0.124879837,0.124999905,-0.002534628,0,0,6,6,0.0,2.736371,26.581242,3.620918e-09,0.02189099,0.2126501,False,0.19799,False
2026-05-27,CE04OSBP-LJ01C-07-VEL3DC107,12,True,2026-05-27T00:00:00Z,2026-05-27T23:59:59Z,691200,691200,0,0.125,0.124879837,0.124999903,-0.000324726,0,0,0,0,5e-06,3.67124,29.910359,3.8136e-08,0.02936994,0.2392831,False,0.233493,False
2026-05-28,CE04OSBP-LJ01C-07-VEL3DC107,12,True,2026-05-28T00:00:00Z,2026-05-28T23:59:59Z,691201,691201,0,0.125,0.124879837,0.124999916,-0.001879267,0,0,23,23,-1e-06,3.925744,27.133304,-4.571177e-09,0.03140597,0.2170666,False,0.233268,False
2026-05-29,CE04OSBP-LJ01C-07-VEL3DC107,12,True,2026-05-29T00:00:00Z,2026-05-29T23:59:59Z,691200,691200,0,0.125,0.124879837,0.124999906,0.01086119,0,0,0,0,5e-06,4.074571,28.133428,3.628449e-08,0.03259659,0.2250676,False,0.231027,False
2026-05-30,CE04OSBP-LJ01C-07-VEL3DC107,12,True,2026-05-30T00:00:00Z,2026-05-30T23:59:59Z,691201,691201,0,0.125,0.124879837,0.12499989,-0.001438674,0,0,11,11,-0.0,3.886229,11.439183,-2.298996e-09,0.03108986,0.09151354,False,0.077711,False
2026-05-31,CE04OSBP-LJ01C-07-VEL3DC107,12,True,2026-05-31T00:00:00Z,2026-05-31T23:59:59Z,691200,691200,0,0.125,0.124879837,0.124999893,0.003172919,0,0,0,0,5e-06,3.003517,9.728877,3.757061e-08,0.02402815,0.07783109,False,0.095616,False
2026-06-01,CE04OSBP-LJ01C-07-VEL3DC107,12,True,2026-06-01T00:00:00Z,2026-06-01T23:59:59Z,691201,691201,0,0.125,0.124879837,0.124999903,0.005771777,0,0,5,5,-0.0,3.186356,9.528567,-3.64175e-09,0.02549087,0.0762286,False,0.059979,False
2026-06-02,CE04OSBP-LJ01C-07-VEL3DC107,12,True,2026-06-02T00:00:00Z,2026-06-02T23:59:59Z,691200,691200,0,0.125,0.124879837,0.124999892,-0.001542027,0,0,0,0,5e-06,6.250553,31.348672,3.650482e-08,0.05000447,0.2507896,False,0.233291,False
2026-06-03,CE04OSBP-LJ01C-07-VEL3DC107,12,True,2026-06-03T00:00:00Z,2026-06-03T23:59:59Z,691201,691201,0,0.125,0.124879837,0.124999899,-0.003747476,0,0,7,7,-1e-06,5.539441,28.96346,-5.929796e-09,0.04431556,0.2317079,False,0.231027,False
2026-06-04,CE04OSBP-LJ01C-07-VEL3DC107,12,True,2026-06-04T00:00:00Z,2026-06-04T23:59:59Z,691200,691200,0,0.125,0.124879837,0.124999946,-0.003332532,0,0,0,0,5e-06,6.660649,49.223155,3.71851e-08,0.05328521,0.3937854,False,0.356933,False
2026-06-05,CE04OSBP-LJ01C-07-VEL3DC107,12,True,2026-06-05T00:00:00Z,2026-06-05T23:59:59Z,691201,691201,0,0.125,0.124879837,0.124999944,0.00921608,0,0,5,5,2e-06,4.557961,15.322843,1.343721e-08,0.0364637,0.1225828,False,0.062087,False
2026-06-06,CE04OSBP-LJ01C-07-VEL3DC107,12,True,2026-06-06T00:00:00Z,2026-06-06T23:59:59Z,691200,691200,0,0.125,0.124879837,0.124999944,-0.000390462,0,0,0,0,5e-06,5.268654,34.080695,3.709003e-08,0.04214925,0.2726457,False,0.230416,False
2026-06-07,CE04OSBP-LJ01C-07-VEL3DC107,12,True,2026-06-07T00:00:00Z,2026-06-07T23:59:59Z,691200,691200,0,0.125,0.124879837,0.124999943,0.003500075,0,0,0,0,5e-06,6.377704,33.129868,3.639523e-08,0.05102165,0.2650391,False,0.277966,False
2026-06-08,CE04OSBP-LJ01C-07-VEL3DC107,12,True,2026-06-08T00:00:00Z,2026-06-08T23:59:59Z,691201,691201,0,0.125,0.124879837,0.124999947,-0.000616516,0,0,8,8,2e-06,7.902196,31.406856,1.496412e-08,0.0632176,0.251255,False,0.237968,False
2026-06-09,CE04OSBP-LJ01C-07-VEL3DC107,12,True,2026-06-09T00:00:00Z,2026-06-09T23:59:59Z,691200,691200,0,0.125,0.124879837,0.124999943,0.008998828,0,0,0,0,5e-06,4.127931,13.004789,3.630401e-08,0.03302346,0.1040384,False,0.121,False
2026-06-10,CE04OSBP-LJ01C-07-VEL3DC107,12,True,2026-06-10T00:00:00Z,2026-06-10T23:59:59Z,691200,691200,0,0.125,0.124879837,0.124999909,-0.002827175,0,0,0,0,5e-06,4.041609,28.962317,3.700067e-08,0.03233289,0.2316987,False,0.255426,False
2026-06-11,CE04OSBP-LJ01C-07-VEL3DC107,12,True,2026-06-11T00:00:00Z,2026-06-11T23:59:59Z,691201,691201,0,0.125,0.124879837,0.124999898,0.00472623,0,0,9,9,-0.0,3.483568,13.27488,-3.58869e-10,0.02786857,0.1061991,False,0.115781,False
2026-06-12,CE04OSBP-LJ01C-07-VEL3DC107,12,True,2026-06-12T00:00:00Z,2026-06-12T23:59:59Z,691200,691200,0,0.125,0.124879837,0.124999908,-0.004960763,0,0,1,1,-1.5e-05,4.053168,31.490508,-1.178707e-07,0.03242537,0.2519242,False,0.214978,False
2026-06-13,CE04OSBP-LJ01C-07-VEL3DC107,12,True,2026-06-13T00:00:00Z,2026-06-13T23:59:59Z,691201,691201,0,0.125,0.124879837,0.124999891,-0.000678691,0,0,5,5,0.0,3.398312,14.522995,1.98857e-09,0.02718652,0.1161841,False,0.080499,False
2026-06-14,CE04OSBP-LJ01C-07-VEL3DC107,12,True,2026-06-14T00:00:00Z,2026-06-14T23:59:59Z,691201,691201,0,0.125,0.124879837,0.124999907,-0.003198455,0,0,6,6,-1e-06,4.543918,28.776266,-6.155014e-09,0.03635137,0.2302103,False,0.232138,False
2026-06-15,CE04OSBP-LJ01C-07-VEL3DC107,12,True,2026-06-15T00:00:00Z,2026-06-15T23:59:59Z,691200,691200,0,0.125,0.124879837,0.124999896,-0.005157154,0,0,0,0,5e-06,5.29858,29.231975,3.735439e-08,0.04238868,0.233856,False,0.20875,False
2026-06-16,CE04OSBP-LJ01C-07-VEL3DC107,12,True,2026-06-16T00:00:00Z,2026-06-16T23:59:59Z,691201,691201,0,0.125,0.124879837,0.124999893,0.00484823,0,0,10,10,0.0,4.082173,28.956356,2.55235e-09,0.03265741,0.231651,False,0.227525,False
2026-06-17,CE04OSBP-LJ01C-07-VEL3DC107,12,True,2026-06-17T00:00:00Z,2026-06-17T23:59:59Z,691200,691200,0,0.125,0.124879837,0.124999905,-0.003252002,0,0,0,0,5e-06,5.27643,31.096289,3.679255e-08,0.04221147,0.2487705,False,0.230374,False
2026-06-18,CE04OSBP-LJ01C-07-VEL3DC107,12,True,2026-06-18T00:00:00Z,2026-06-18T23:59:59Z,691201,691201,0,0.125,0.124879837,0.124999912,0.000976802,0,0,10,10,-1e-06,3.314609,11.131896,-1.069475e-08,0.02651689,0.08905523,False,0.076635,False
2026-06-19,CE04OSBP-LJ01C-07-VEL3DC107,12,True,2026-06-19T00:00:00Z,2026-06-19T23:59:59Z,691200,691200,0,0.125,0.124879837,0.124999882,0.009449551,0,0,0,0,5e-06,4.257099,10.688581,3.775171e-08,0.03405683,0.08550873,False,0.080247,False
2026-06-20,CE04OSBP-LJ01C-07-VEL3DC107,12,True,2026-06-20T00:00:00Z,2026-06-20T23:59:59Z,691201,691201,0,0.125,0.124879837,0.124999903,0.004711704,0,0,7,7,-0.0,4.002267,30.222494,-5.26389e-10,0.03201816,0.2417801,False,0.230458,False
2026-06-21,CE04OSBP-LJ01C-07-VEL3DC107,12,True,2026-06-21T00:00:00Z,2026-06-21T23:59:59Z,691200,691200,0,0.125,0.124879837,0.124999941,-0.009514441,0,0,0,0,5e-06,5.102541,17.197998,3.783383e-08,0.04082035,0.137584,False,0.089537,False
2026-06-22,CE04OSBP-LJ01C-07-VEL3DC107,12,True,2026-06-22T00:00:00Z,2026-06-22T23:59:59Z,691200,691200,0,0.125,0.124879837,0.124999957,0.003144926,0,0,8,8,2e-06,3.712666,11.368025,1.289604e-08,0.02970134,0.09094423,False,0.076444,False
2026-06-23,CE04OSBP-LJ01C-07-VEL3DC107,12,True,2026-06-23T00:00:00Z,2026-06-23T23:59:59Z,691201,691201,0,0.125,0.124879837,0.124999891,0.01074553,0,0,1,1,-1e-06,6.036138,30.137668,-7.997317e-09,0.04828915,0.2411016,False,0.238877,False
2026-06-24,CE04OSBP-LJ01C-07-VEL3DC107,12,True,2026-06-24T00:00:00Z,2026-06-24T23:59:59Z,691201,691201,0,0.125,0.124879837,0.12499988,-0.001727272,0,0,12,12,-2e-06,4.503087,31.257339,-1.941356e-08,0.03602473,0.250059,False,0.230484,False
2026-06-25,CE04OSBP-LJ01C-07-VEL3DC107,12,True,2026-06-25T00:00:00Z,2026-06-25T23:59:59Z,691200,691200,0,0.125,0.124879837,0.1249999,0.004792635,0,0,0,0,5e-06,3.640269,10.843706,3.757204e-08,0.02912218,0.08674972,False,0.085012,False
2026-06-26,CE04OSBP-LJ01C-07-VEL3DC107,12,True,2026-06-26T00:00:00Z,2026-06-26T23:59:59Z,691201,691201,0,0.125,0.124879837,0.124999897,0.002301755,0,0,4,4,-1e-06,5.871321,31.591765,-6.469138e-09,0.0469706,0.2527343,False,0.236678,False
2026-06-27,CE04OSBP-LJ01C-07-VEL3DC107,12,True,2026-06-27T00:00:00Z,2026-06-27T23:59:59Z,691200,691200,0,0.125,0.124879837,0.124999896,0.007903064,0,0,0,0,5e-06,4.769605,27.845985,3.702172e-08,0.03815687,0.2227681,False,0.234265,False
2026-06-28,CE04OSBP-LJ01C-07-VEL3DC107,12,True,2026-06-28T00:00:00Z,2026-06-28T23:59:59Z,691201,691201,0,0.125,0.124879837,0.124999896,-0.004720156,0,0,15,15,-0.0,4.717098,40.606363,-2.748401e-09,0.03773682,0.3248512,False,0.361309,False
2026-06-29,CE04OSBP-LJ01C-07-VEL3DC107,12,True,2026-06-29T00:00:00Z,2026-06-29T23:59:59Z,691200,691200,0,0.125,0.124879837,0.124999883,-0.000913266,0,0,0,0,5e-06,4.4646,27.855864,3.808499e-08,0.03571683,0.2228471,False,0.231385,False
2026-06-30,CE04OSBP-LJ01C-07-VEL3DC107,12,True,2026-06-30T00:00:00Z,2026-06-30T23:59:59Z,691201,691201,0,0.125,0.124879837,0.124999894,0.001920027,0,0,2,2,4e-06,3.554055,10.083734,3.487942e-08,0.02843246,0.08066994,False,0.057535,False
2026-07-01,CE04OSBP-LJ01C-07-VEL3DC107,12,True,2026-07-01T00:00:00Z,2026-07-01T23:59:59Z,691201,691201,0,0.125,0.124879837,0.124999893,0.002342818,0,0,26,26,-0.0,5.662354,46.666926,-2.907709e-10,0.04529887,0.3733357,False,0.360255,False
2026-07-02,CE04OSBP-LJ01C-07-VEL3DC107,12,True,2026-07-02T00:00:00Z,2026-07-02T23:59:59Z,691200,691200,0,0.125,0.124879837,0.124999907,-0.002840155,0,0,0,0,5e-06,5.248284,30.012513,3.745458e-08,0.0419863,0.2401003,False,0.232733,False
2026-07-03,CE04OSBP-LJ01C-07-VEL3DC107,12,True,2026-07-03T00:00:00Z,2026-07-03T23:59:59Z,691201,691201,0,0.125,0.124879837,0.12499991,0.005393399,0,0,1,1,-6e-06,4.499124,43.621921,-4.687388e-08,0.03599302,0.3489756,False,0.357892,False
2026-07-04,CE04OSBP-LJ01C-07-VEL3DC107,12,True,2026-07-04T00:00:00Z,2026-07-04T23:59:59Z,691200,691200,0,0.125,0.124879837,0.124999902,-0.001989561,0,0,0,0,5e-06,5.568898,38.377605,3.70619e-08,0.04455122,0.3070211,False,0.328456,False
2026-07-05,CE04OSBP-LJ01C-07-VEL3DC107,12,True,2026-07-05T00:00:00Z,2026-07-05T23:59:59Z,691201,691201,0,0.125,0.124879837,0.124999897,-0.000396809,0,0,12,12,-0.0,6.46144,46.873494,-3.800748e-09,0.05169156,0.3749883,False,0.345116,False
2026-07-06,CE04OSBP-LJ01C-07-VEL3DC107,12,True,2026-07-06T00:00:00Z,2026-07-06T23:59:59Z,691200,691200,0,0.125,0.124879837,0.124999879,0.006798491,0,0,0,0,5e-06,4.677352,31.221912,3.804549e-08,0.03741885,0.2497755,False,0.231775,False
2026-07-07,CE04OSBP-LJ01C-07-VEL3DC107,12,True,2026-07-07T00:00:00Z,2026-07-07T23:59:59Z,691201,691201,0,0.125,0.124879837,0.12499991,-0.005687083,0,0,11,11,-1e-06,5.004912,30.434779,-5.730342e-09,0.04003933,0.2434784,False,0.232321,False
2026-07-08,CE04OSBP-LJ01C-07-VEL3DC107,12,True,2026-07-08T00:00:00Z,2026-07-08T23:59:59Z,691200,691200,0,0.125,0.124879837,0.124999962,-0.002618969,0,0,0,0,5e-06,4.566462,30.478202,3.611352e-08,0.03653171,0.2438257,False,0.231977,False
2026-07-09,CE04OSBP-LJ01C-07-VEL3DC107,12,True,2026-07-09T00:00:00Z,2026-07-09T23:59:59Z,691200,691200,0,0.125,0.124879837,0.124999972,-0.003915833,0,0,0,0,5e-06,4.284143,27.433308,3.787206e-08,0.03427316,0.2194665,False,0.225551,False
2026-07-10,CE04OSBP-LJ01C-07-VEL3DC107,12,True,2026-07-10T00:00:00Z,2026-07-10T23:59:59Z,691200,691200,0,0.125,0.124879837,0.124999959,-0.002153358,0,0,0,0,5e-06,4.607483,25.285372,3.710853e-08,0.03685988,0.202283,False,0.230618,False
2026-07-11,CE04OSBP-LJ01C-07-VEL3DC107,12,True,2026-07-11T00:00:00Z,2026-07-11T23:59:59Z,691201,691201,0,0.125,0.124879837,0.124999939,-0.000286399,0,0,5,5,-2e-06,5.656634,48.114413,-1.715621e-08,0.04525309,0.3849155,False,0.358732,False
2026-07-12,CE04OSBP-LJ01C-07-VEL3DC107,12,True,2026-07-12T00:00:00Z,2026-07-12T23:59:59Z,691200,691200,0,0.125,0.124879837,0.124999936,0.003209787,0,0,0,0,5e-06,6.456085,48.569846,3.604952e-08,0.05164871,0.388559,False,0.3594,False
2026-07-13,CE04OSBP-LJ01C-07-VEL3DC107,12,True,2026-07-13T00:00:00Z,2026-07-13T23:59:59Z,691200,691200,0,0.125,0.124879837,0.124999932,0.008139243,0,0,0,0,5e-06,7.442312,38.396375,3.722323e-08,0.05953853,0.3071712,False,0.232695,False
2026-07-14,CE04OSBP-LJ01C-07-VEL3DC107,12,True,2026-07-14T00:00:00Z,2026-07-14T23:59:59Z,691201,691201,0,0.125,0.124879837,0.124999901,0.003299431,0,0,4,4,-1e-06,3.570429,27.412816,-8.232371e-09,0.02856345,0.2193027,False,0.231737,False
2026-07-15,CE04OSBP-LJ01C-07-VEL3DC107,12,True,2026-07-15T00:00:00Z,2026-07-15T23:59:59Z,691200,691200,0,0.125,0.124879837,0.124999905,0.001055984,0,0,0,0,5e-06,5.163596,18.563306,3.674871e-08,0.0413088,0.1485066,False,0.079456,False
2026-07-16,CE04OSBP-LJ01C-07-VEL3DC107,12,True,2026-07-16T00:00:00Z,2026-07-16T23:59:59Z,691201,691201,0,0.125,0.124879837,0.124999902,-0.000180559,0,0,4,4,-9e-06,5.867958,29.535707,-7.254936e-08,0.0469437,0.2362858,False,0.23208,False
2026-07-17,CE04OSBP-LJ01C-07-VEL3DC107,12,True,2026-07-17T00:00:00Z,2026-07-17T23:59:59Z,691201,691201,0,0.125,0.124879837,0.124999894,0.00421409,0,0,13,13,2e-06,3.978542,26.993179,1.456327e-08,0.03182836,0.2159456,False,0.226116,False
2026-07-18,CE04OSBP-LJ01C-07-VEL3DC107,12,True,2026-07-18T00:00:00Z,2026-07-18T23:59:59Z,691200,691200,0,0.125,0.124879837,0.124999916,-1.9095e-05,0,0,0,0,5e-06,4.521449,13.115067,3.692733e-08,0.03617161,0.1049206,False,0.093791,False
2026-07-19,CE04OSBP-LJ01C-07-VEL3DC107,12,True,2026-07-19T00:00:00Z,2026-07-19T23:59:59Z,691201,691201,0,0.125,0.124879837,0.124999909,0.008985339,0,0,26,26,-1e-06,4.46439,26.818504,-1.022901e-08,0.03571514,0.2145482,False,0.235211,False
2026-07-20,CE04OSBP-LJ01C-07-VEL3DC107,12,True,2026-07-20T00:00:00Z,2026-07-20T23:59:59Z,691200,691200,0,0.125,0.124879837,0.124999903,-0.004177927,0,0,1,1,7e-06,4.275672,18.304259,5.375192e-08,0.0342054,0.1464342,False,0.159459,False
2026-07-21,CE04OSBP-LJ01C-07-VEL3DC107,12,True,2026-07-21T00:00:00Z,2026-07-21T23:59:59Z,691201,691201,0,0.125,0.124879837,0.124999894,-0.002173273,0,0,12,12,-0.0,3.730512,27.703588,-2.74859e-10,0.02984412,0.2216289,False,0.232691,False
2026-07-22,CE04OSBP-LJ01C-07-VEL3DC107,12,True,2026-07-22T00:00:00Z,2026-07-22T23:59:59Z,691200,691200,0,0.125,0.124879837,0.124999897,-0.004574939,0,0,0,0,5e-06,3.812616,12.402677,3.766004e-08,0.03050095,0.0992215,False,0.079094,False
2026-07-23,CE04OSBP-LJ01C-07-VEL3DC107,12,True,2026-07-23T00:00:00Z,2026-07-23T23:59:59Z,691201,691201,0,0.125,0.124879837,0.124999893,-0.002376968,0,0,8,8,2e-06,3.996581,31.246916,1.655143e-08,0.03197268,0.2499755,False,0.224585,False
2026-07-24,CE04OSBP-LJ01C-07-VEL3DC107,12,True,2026-07-24T00:00:00Z,2026-07-24T23:59:59Z,691200,691200,0,0.125,0.124879837,0.124999936,-0.008923639,0,0,1,1,-1e-06,7.654571,48.134244,-5.374685e-09,0.0612366,0.3850742,False,0.348266,False
2026-07-25,CE04OSBP-LJ01C-07-VEL3DC107,12,True,2026-07-25T00:00:00Z,2026-07-25T23:59:59Z,691200,691200,0,0.125,0.124879837,0.124999952,0.003444698,0,0,0,0,5e-06,6.214171,34.083314,3.769778e-08,0.04971339,0.2726666,False,0.242295,False
2026-07-26,CE04OSBP-LJ01C-07-VEL3DC107,12,True,2026-07-26T00:00:00Z,2026-07-26T23:59:59Z,691201,691201,0,0.125,0.124879837,0.124999954,0.004391426,0,0,12,12,-1e-06,4.305906,27.425594,-4.566867e-09,0.03444726,0.2194048,False,0.231214,False
2026-07-27,CE04OSBP-LJ01C-07-VEL3DC107,12,True,2026-07-27T00:00:00Z,2026-07-27T23:59:59Z,691200,691200,0,0.125,0.124879837,0.124999962,-0.002742423,0,0,0,0,5e-06,3.440456,9.350513,3.770589e-08,0.02752365,0.07480413,False,0.063263,False
2026-07-28,CE04OSBP-LJ01C-07-VEL3DC107,12,True,2026-07-28T00:00:00Z,2026-07-28T23:59:59Z,691200,691200,0,0.125,0.124879837,0.124999947,0.006341265,0,0,0,0,5e-06,4.500919,10.96859,3.708499e-08,0.03600737,0.08774876,False,0.107919,False
2026-07-29,CE04OSBP-LJ01C-07-VEL3DC107,12,True,2026-07-29T00:00:00Z,2026-07-29T23:59:59Z,691201,691201,0,0.125,0.124879837,0.124999908,-0.008484453,0,0,12,12,-1e-06,4.072545,12.07336,-4.876598e-09,0.03258038,0.09658695,False,0.055863,False
2026-07-30,CE04OSBP-LJ01C-07-VEL3DC107,12,True,2026-07-30T00:00:00Z,2026-07-30T23:59:59Z,691200,691200,0,0.125,0.124879837,0.124999883,0.007660493,0,0,0,0,5e-06,5.204744,42.703447,3.703463e-08,0.04163799,0.3416279,False,0.329296,False
2026-07-31,CE04OSBP-LJ01C-07-VEL3DC107,12,True,2026-07-31T00:00:00Z,2026-07-31T23:59:59Z,691201,691201,0,0.125,0.124879837,0.124999883,-0.001669676,0,0,13,13,-1e-06,5.101202,33.7667,-8.365952e-09,0.04080965,0.2701339,False,0.231504,False
2026-08-01,CE04OSBP-LJ01C-07-VEL3DC107,12,True,2026-08-01T00:00:00Z,2026-08-01T23:59:59Z,691200,691200,0,0.125,0.124879837,0.124999896,-0.001671076,0,0,0,0,5e-06,2.9064,8.14921,3.662801e-08,0.02325122,0.06519374,False,0.056015,False
2026-08-02,CE04OSBP-LJ01C-07-VEL3DC107,12,True,2026-08-02T00:00:00Z,2026-08-02T23:59:59Z,691201,691201,0,0.125,0.124879837,0.124999902,-0.002525107,0,0,7,7,-2e-06,3.719899,25.981529,-1.224238e-08,0.02975921,0.2078524,False,0.228816,False
2026-08-03,CE04OSBP-LJ01C-07-VEL3DC107,12,True,2026-08-03T00:00:00Z,2026-08-03T23:59:59Z,691201,691201,0,0.125,0.124879837,0.124999894,0.000769536,0,0,11,11,-2e-06,3.545613,25.993877,-1.718124e-08,0.02836493,0.2079512,False,0.183896,False
2026-08-04,CE04OSBP-LJ01C-07-VEL3DC107,12,True,2026-08-04T00:00:00Z,2026-08-04T23:59:59Z,691200,691200,0,0.125,0.124879837,0.124999903,0.023019274,0,0,0,0,5e-06,5.320852,29.709036,3.691204e-08,0.04256685,0.2376725,False,0.233768,False
2026-08-05,CE04OSBP-LJ01C-07-VEL3DC107,12,True,2026-08-05T00:00:00Z,2026-08-05T23:59:59Z,691201,691201,0,0.125,0.124879837,0.124999904,0.000110078,0,0,12,12,-0.0,3.840079,26.123726,-1.432037e-09,0.03072066,0.20899,False,0.223428,False
2026-08-06,CE04OSBP-LJ01C-07-VEL3DC107,12,True,2026-08-06T00:00:00Z,2026-08-06T23:59:59Z,691200,691200,0,0.125,0.124879837,0.124999905,-0.007433366,0,0,0,0,5e-06,6.035785,29.247688,3.744878e-08,0.04828632,0.2339817,False,0.231943,False
2026-08-07,CE04OSBP-LJ01C-07-VEL3DC107,12,True,2026-08-07T00:00:00Z,2026-08-07T23:59:59Z,691201,691201,0,0.125,0.124879837,0.124999891,0.006843655,0,0,6,6,-1e-06,5.128403,34.916058,-7.337572e-09,0.04102726,0.2793287,False,0.207647,False
2026-08-08,CE04OSBP-LJ01C-07-VEL3DC107,12,True,2026-08-08T00:00:00Z,2026-08-08T23:59:59Z,691200,691200,0,0.125,0.124879837,0.124999884,-0.006610947,0,0,0,0,5e-06,4.143412,30.987857,3.729513e-08,0.03314733,0.2479031,False,0.233058,False
2026-08-09,CE04OSBP-LJ01C-07-VEL3DC107,12,False,,,0,0,,0.125,,,,,,,,,,,,,,,,False
2026-08-10,CE04OSBP-LJ01C-07-VEL3DC107,12,False,,,0,0,,0.125,,,,,,,,,,,,,,,,False
2026-08-11,CE04OSBP-LJ01C-07-VEL3DC107,13,False,,,0,0,,0.125,,,,,,,,,,,,,,,,False
2026-08-12,CE04OSBP-LJ01C-07-VEL3DC107,13,False,,,0,0,,0.125,,,,,,,,,,,,,,,,False
2026-08-13,CE04OSBP-LJ01C-07-VEL3DC107,13,False,,,0,0,,0.125,,,,,,,,,,,,,,,,False
2026-08-14,CE04OSBP-LJ01C-07-VEL3DC107,13,False,,,0,0,,0.125,,,,,,,,,,,,,,,,False
2026-08-15,CE04OSBP-LJ01C-07-VEL3DC107,13,False,,,0,0,,0.125,,,,,,,,,,,,,,,,False
2026-08-16,CE04OSBP-LJ01C-07-VEL3DC107,13,False,,,0,0,,0.125,,,,,,,,,,,,,,,,False
2026-08-17,CE04OSBP-LJ01C-07-VEL3DC107,13,False,,,0,0,,0.125,,,,,,,,,,,,,,,,False
2026-08-18,CE04OSBP-LJ01C-07-VEL3DC107,13,True,2026-08-18T00:00:00Z,2026-08-18T23:59:59Z,691201,691201,0,0.125,0.124879837,0.12499979,0.00094426,0,0,4,4,-1e-06,4.068271,25.224439,-8.621149e-09,0.03254622,0.2017958,False,0.231851,False
2026-08-19,CE04OSBP-LJ01C-07-VEL3DC107,13,True,2026-08-19T00:00:00Z,2026-08-19T23:59:59Z,691201,691201,0,0.125,0.124879837,0.124999784,-0.003324248,0,0,9,9,2e-06,4.362845,13.437772,1.536888e-08,0.03490282,0.1075024,False,0.072511,False
2026-08-20,CE04OSBP-LJ01C-07-VEL3DC107,13,True,2026-08-20T00:00:00Z,2026-08-20T23:59:59Z,691201,691201,0,0.125,0.124879837,0.1249998,0.004833886,0,0,3,3,-0.0,6.052335,45.433848,-1.595738e-09,0.04841876,0.3634714,False,0.355387,False
2026-08-21,CE04OSBP-LJ01C-07-VEL3DC107,13,True,2026-08-21T00:00:00Z,2026-08-21T23:59:59Z,691201,691201,0,0.125,0.124879837,0.124999792,-0.001491121,0,0,3,3,-2e-06,4.723026,26.735237,-1.817202e-08,0.03778427,0.2138822,False,0.229045,False
2026-08-22,CE04OSBP-LJ01C-07-VEL3DC107,13,True,2026-08-22T00:00:00Z,2026-08-22T23:59:59Z,691202,691202,0,0.125,0.124879837,0.124999782,0.002018865,0,0,12,12,1e-06,5.032176,29.686028,6.292285e-09,0.04025748,0.2374886,False,0.232917,False
2026-08-23,CE04OSBP-LJ01C-07-VEL3DC107,13,True,2026-08-23T00:00:00Z,2026-08-23T23:59:59Z,691201,691201,0,0.125,0.124879837,0.12499978,0.002758713,0,0,1,1,-1e-05,5.439345,30.453742,-7.977222e-08,0.04351483,0.2436304,False,0.229045,False
2026-08-24,CE04OSBP-LJ01C-07-VEL3DC107,13,True,2026-08-24T00:00:00Z,2026-08-24T23:59:59Z,691201,691201,0,0.125,0.124879837,0.124999785,0.016019149,0,0,2,2,1e-06,4.459565,34.541134,1.189135e-08,0.03567658,0.2763295,False,0.275514,False
2026-08-25,CE04OSBP-LJ01C-07-VEL3DC107,13,True,2026-08-25T00:00:00Z,2026-08-25T23:59:59Z,691201,691201,0,0.125,0.124879837,0.124999786,0.000499561,0,0,0,0,-6e-06,3.537815,27.943905,-4.579609e-08,0.02830257,0.2235516,False,0.23208,False
2026-08-26,CE04OSBP-LJ01C-07-VEL3DC107,13,True,2026-08-26T00:00:00Z,2026-08-26T23:59:59Z,691201,691201,0,0.125,0.124879837,0.124999786,0.006842603,0,0,5,5,-1e-06,4.248535,26.216132,-8.760623e-09,0.03398833,0.2097294,False,0.234501,False
2026-08-27,CE04OSBP-LJ01C-07-VEL3DC107,13,True,2026-08-27T00:00:00Z,2026-08-27T23:59:59Z,691201,691201,0,0.125,0.124879837,0.124999778,0.004666527,0,0,3,3,-2e-06,6.668433,27.194143,-1.286556e-08,0.05334756,0.2175535,False,0.237033,False
2026-08-28,CE04OSBP-LJ01C-07-VEL3DC107,13,True,2026-08-28T00:00:00Z,2026-08-28T23:59:59Z,691202,691202,0,0.125,0.124879837,0.124999789,-0.000291431,0,0,8,8,-1e-06,5.014845,29.608333,-1.002423e-08,0.04011883,0.2368671,False,0.236911,False
2026-08-29,CE04OSBP-LJ01C-07-VEL3DC107,13,True,2026-08-29T00:00:00Z,2026-08-29T23:59:59Z,691201,691201,0,0.125,0.124879837,0.12499979,-0.001136034,0,0,4,4,-1e-06,4.389218,30.399092,-4.59773e-09,0.0351138,0.2431931,False,0.229282,False
2026-08-30,CE04OSBP-LJ01C-07-VEL3DC107,13,True,2026-08-30T00:00:00Z,2026-08-30T23:59:59Z,691201,691201,0,0.125,0.124879837,0.124999792,-0.003936603,0,0,3,3,1e-06,4.855171,31.949799,4.146935e-09,0.03884144,0.2555988,False,0.231825,False
2026-08-31,CE04OSBP-LJ01C-07-VEL3DC107,13,True,2026-08-31T00:00:00Z,2026-08-31T23:59:59Z,691201,691201,0,0.125,0.124879837,0.124999786,0.000198641,0,0,7,7,-1e-06,4.024908,13.882777,-6.094175e-09,0.03219932,0.1110624,False,0.078311,False
2026-09-01,CE04OSBP-LJ01C-07-VEL3DC107,13,True,2026-09-01T00:00:00Z,2026-09-01T23:59:59Z,691201,691201,0,0.125,0.124879837,0.124999791,0.00850405,0,0,0,0,-6e-06,4.912969,29.567589,-4.601825e-08,0.03930382,0.2365411,False,0.233772,False
2026-09-02,CE04OSBP-LJ01C-07-VEL3DC107,13,True,2026-09-02T00:00:00Z,2026-09-02T23:59:59Z,691201,691201,0,0.125,0.124879837,0.124999784,0.00125104,0,0,2,2,1e-06,3.506089,27.547268,9.344094e-09,0.02804876,0.2203785,False,0.230859,False
2026-09-03,CE04OSBP-LJ01C-07-VEL3DC107,13,True,2026-09-03T00:00:00Z,2026-09-03T23:59:59Z,691201,691201,0,0.125,0.124879837,0.124999782,0.00667119,0,0,4,4,0.0,3.035755,13.048695,2.607527e-09,0.02428608,0.1043897,False,0.087028,False
2026-09-04,CE04OSBP-LJ01C-07-VEL3DC107,13,True,2026-09-04T00:00:00Z,2026-09-04T23:59:59Z,691202,691202,0,0.125,0.124879837,0.124999783,-0.001189403,0,0,6,6,-8e-06,3.300418,25.974722,-6.754712e-08,0.02640339,0.2077981,False,0.219915,False
2026-09-05,CE04OSBP-LJ01C-07-VEL3DC107,13,True,2026-09-05T00:00:00Z,2026-09-05T23:59:59Z,691201,691201,0,0.125,0.124879837,0.124999789,0.000349806,0,0,4,4,-1e-06,4.903154,25.123335,-1.113705e-08,0.0392253,0.200987,False,0.231645,False
2026-09-06,CE04OSBP-LJ01C-07-VEL3DC107,13,True,2026-09-06T00:00:00Z,2026-09-06T23:59:59Z,691201,691201,0,0.125,0.124879837,0.124999787,0.003995576,0,0,4,4,0.0,4.637107,28.063566,7.816989e-10,0.03709692,0.2245089,False,0.207864,False
2026-09-07,CE04OSBP-LJ01C-07-VEL3DC107,13,True,2026-09-07T00:00:00Z,2026-09-07T23:59:59Z,691201,691201,0,0.125,0.124879837,0.124999782,0.004653927,0,0,2,2,-1e-06,4.269982,26.471106,-4.491223e-09,0.03415992,0.2117692,False,0.209117,False
2026-09-08,CE04OSBP-LJ01C-07-VEL3DC107,13,True,2026-09-08T00:00:00Z,2026-09-08T23:59:59Z,691201,691201,0,0.125,0.124879837,0.124999776,0.007343979,0,0,7,7,1e-06,4.310419,13.862433,5.897796e-09,0.03448342,0.1108997,False,0.077566,False
2026-09-09,CE04OSBP-LJ01C-07-VEL3DC107,13,True,2026-09-09T00:00:00Z,2026-09-09T23:59:59Z,691201,691201,0,0.125,0.124879837,0.124999787,-0.000688852,0,0,7,7,1e-06,4.448858,28.476519,1.077102e-08,0.03559093,0.2278125,False,0.230263,False
2026-09-10,CE04OSBP-LJ01C-07-VEL3DC107,13,True,2026-09-10T00:00:00Z,2026-09-10T23:59:59Z,691202,691202,0,0.125,0.124879837,0.124999784,-0.002336105,0,0,7,7,-8e-06,3.71745,10.738538,-6.626132e-08,0.02973965,0.08590845,False,0.059147,False
2026-09-11,CE04OSBP-LJ01C-07-VEL3DC107,13,True,2026-09-11T00:00:00Z,2026-09-11T23:59:59Z,691201,691201,0,0.125,0.124879837,0.124999781,0.000327992,0,0,2,2,-1e-06,5.470122,26.006356,-5.696125e-09,0.04376105,0.2080512,False,0.233226,False
2026-09-12,CE04OSBP-LJ01C-07-VEL3DC107,13,True,2026-09-12T00:00:00Z,2026-09-12T23:59:59Z,691201,691201,0,0.125,0.124879837,0.124999781,0.000693635,0,0,2,2,-1e-06,4.644841,27.224553,-6.955992e-09,0.03715879,0.2177968,False,0.233421,False
2026-09-13,CE04OSBP-LJ01C-07-VEL3DC107,13,True,2026-09-13T00:00:00Z,2026-09-13T23:59:59Z,691201,691201,0,0.125,0.124879837,0.124999795,0.003462859,0,0,4,4,-1e-06,4.559408,31.387001,-5.453084e-09,0.03647532,0.2510964,False,0.207093,False
2026-09-14,CE04OSBP-LJ01C-07-VEL3DC107,13,True,2026-09-14T00:00:00Z,2026-09-14T23:59:59Z,691201,691201,0,0.125,0.124879837,0.124999788,0.007032973,0,0,11,11,2e-06,3.467074,28.988089,1.227273e-08,0.02773664,0.2319051,False,0.23748,False
2026-09-15,CE04OSBP-LJ01C-07-VEL3DC107,13,True,2026-09-15T00:00:00Z,2026-09-15T23:59:59Z,691202,691202,0,0.125,0.124879837,0.124999788,0.009292044,0,0,4,4,1e-06,6.31027,32.004613,6.879442e-09,0.05048225,0.2560373,False,0.239095,False
2026-09-16,CE04OSBP-LJ01C-07-VEL3DC107,13,True,2026-09-16T00:00:00Z,2026-09-16T23:59:59Z,691201,691201,0,0.125,0.124879837,0.124999788,0.008281569,0,0,13,13,4e-06,6.909329,44.484703,2.830076e-08,0.05527473,0.3558782,False,0.479408,False
2026-09-17,CE04OSBP-LJ01C-07-VEL3DC107,13,True,2026-09-17T00:00:00Z,2026-09-17T23:59:59Z,691201,691201,0,0.125,0.124879837,0.124999788,-0.002622848,0,0,3,3,-3e-06,4.964431,29.02459,-2.50158e-08,0.03971551,0.2321971,False,0.235578,False
2026-09-18,CE04OSBP-LJ01C-07-VEL3DC107,13,True,2026-09-18T00:00:00Z,2026-09-18T23:59:59Z,691201,691201,0,0.125,0.124879837,0.124999797,-0.00423458,0,0,6,6,-1e-06,5.105988,32.466923,-6.659063e-09,0.04084797,0.2597358,False,0.273009,False
2026-09-19,CE04OSBP-LJ01C-07-VEL3DC107,13,True,2026-09-19T00:00:00Z,2026-09-19T23:59:59Z,691201,691201,0,0.125,0.124879837,0.124999783,0.001487764,0,0,9,9,0.0,3.022069,10.694908,1.752075e-09,0.02417659,0.08555941,False,0.082748,False
2026-09-20,CE04OSBP-LJ01C-07-VEL3DC107,13,True,2026-09-20T00:00:00Z,2026-09-20T23:59:59Z,691201,691201,0,0.125,0.124879837,0.124999817,-0.004008646,0,0,4,4,1e-06,3.564312,27.828468,6.212426e-09,0.02851454,0.2226281,False,0.229278,False
2026-09-21,CE04OSBP-LJ01C-07-VEL3DC107,13,True,2026-09-21T00:00:00Z,2026-09-21T23:59:59Z,691201,691201,0,0.125,0.124879837,0.124999821,0.000513162,0,0,4,4,-0.0,5.969125,29.951934,-2.37565e-09,0.04775307,0.2396158,False,0.240897,False
2026-09-22,CE04OSBP-LJ01C-07-VEL3DC107,13,True,2026-09-22T00:00:00Z,2026-09-22T23:59:59Z,691201,691201,0,0.125,0.124879837,0.124999809,-2.8119e-05,0,0,4,4,-1e-06,3.629179,26.010262,-4.863881e-09,0.02903347,0.2080824,False,0.231699,False
2026-09-23,CE04OSBP-LJ01C-07-VEL3DC107,13,True,2026-09-23T00:00:00Z,2026-09-23T23:59:59Z,691201,691201,0,0.125,0.124879837,0.124999802,0.002749086,0,0,4,4,-0.0,3.529561,12.71726,-3.668053e-09,0.02823653,0.1017382,False,0.094001,False
2026-09-24,CE04OSBP-LJ01C-07-VEL3DC107,13,True,2026-09-24T00:00:00Z,2026-09-24T23:59:59Z,691201,691201,0,0.125,0.124879837,0.124999791,-0.003553508,0,0,4,4,2e-06,3.506316,10.002559,1.367964e-08,0.02805057,0.0800206,False,0.079086,False
2026-09-25,CE04OSBP-LJ01C-07-VEL3DC107,13,True,2026-09-25T00:00:00Z,2026-09-25T23:59:59Z,691201,691201,0,0.125,0.124879837,0.124999785,0.000711344,0,0,3,3,0.0,4.443999,28.77845,8.674537e-10,0.03555206,0.230228,False,0.226742,False
2026-09-26,CE04OSBP-LJ01C-07-VEL3DC107,13,True,2026-09-26T00:00:00Z,2026-09-26T23:59:59Z,691202,691202,0,0.125,0.124879837,0.124999779,0.000714644,0,0,7,7,2e-06,3.979555,11.437522,1.745479e-08,0.0318365,0.09150034,False,0.063037,False
2026-09-27,CE04OSBP-LJ01C-07-VEL3DC107,13,True,2026-09-27T00:00:00Z,2026-09-27T23:59:59Z,691201,691201,0,0.125,0.124879837,0.124999789,0.010504772,0,0,6,6,-1e-06,4.188636,12.330035,-1.017524e-08,0.03350915,0.09864045,False,0.090789,False
2026-09-28,CE04OSBP-LJ01C-07-VEL3DC107,13,True,2026-09-28T00:00:00Z,2026-09-28T23:59:59Z,691201,691201,0,0.125,0.124879837,0.12499979,-0.00023919,0,0,9,9,1e-06,4.881351,28.073123,8.411666e-09,0.03905087,0.2245854,False,0.233829,False
2026-09-29,CE04OSBP-LJ01C-07-VEL3DC107,13,True,2026-09-29T00:00:00Z,2026-09-29T23:59:59Z,691201,691201,0,0.125,0.124879837,0.124999787,-0.000866877,0,0,2,2,1e-06,4.957585,44.922051,1.125149e-08,0.03966075,0.359377,False,0.359954,False
2026-09-30,CE04OSBP-LJ01C-07-VEL3DC107,13,True,2026-09-30T00:00:00Z,2026-09-30T03:25:04Z,98435,98435,0,0.125,0.124879837,0.124999777,-0.002040364,0,0,0,0,0.0,2.554512,7.626686,6.929676e-10,0.02043613,0.06101359,False,0.0529,False
