date,station,deployment,has_data,data_start,data_end,n_points,n_ideal,true_missing,sp_nominal,dt_FG,dt_true,t_i0_offset_s,n_gaps,gap_total_missing,n_gaps_raw,gap_total_missing_raw,jitter_mean_ms,jitter_std_ms,jitter_maxabs_ms,frac_mean,frac_std,frac_maxabs,jitter_unstable,max_abs_epsilon,figure_generated
2014-09-13,RS01SLBS-MJ01A-12-VEL3DB101,1,True,2014-09-13T00:00:01Z,2014-09-14T00:00:00Z,86400,86400,0,1.0,1.0,1.0,0.0,0,0,0,0,-0.0,0.0,1e-06,-4.352338e-10,2.451816e-10,8.58563e-10,False,0.0,False
2014-09-14,RS01SLBS-MJ01A-12-VEL3DB101,1,True,2014-09-14T00:00:00Z,2014-09-15T00:00:00Z,86401,86401,0,1.0,1.0,1.0,-0.0,0,0,0,0,1e-06,0.0,2e-06,8.497393e-10,4.854626e-10,1.688022e-09,False,0.0,False
2014-09-15,RS01SLBS-MJ01A-12-VEL3DB101,1,True,2014-09-15T00:00:00Z,2014-09-16T00:00:00Z,86401,86401,0,1.0,1.0,1.0,-0.0,0,0,0,0,1e-06,0.0,2e-06,8.497393e-10,4.854626e-10,1.688022e-09,False,0.0,False
2014-09-16,RS01SLBS-MJ01A-12-VEL3DB101,1,True,2014-09-16T00:00:00Z,2014-09-17T00:00:00Z,86401,86401,0,1.0,1.0,1.0,-0.0,0,0,0,0,1e-06,0.0,2e-06,8.497393e-10,4.854626e-10,1.688022e-09,False,0.0,False
2014-09-17,RS01SLBS-MJ01A-12-VEL3DB101,1,True,2014-09-17T00:00:00Z,2014-09-18T00:00:00Z,86401,86401,0,1.0,1.0,1.0,-0.0,0,0,0,0,1e-06,0.0,2e-06,8.497393e-10,4.854626e-10,1.688022e-09,False,0.0,False
2014-09-18,RS01SLBS-MJ01A-12-VEL3DB101,1,True,2014-09-18T00:00:00Z,2014-09-19T00:00:00Z,86401,86401,0,1.0,1.0,1.0,-0.0,0,0,0,0,1e-06,0.0,2e-06,8.497393e-10,4.854626e-10,1.688022e-09,False,0.0,False
2014-09-19,RS01SLBS-MJ01A-12-VEL3DB101,1,True,2014-09-19T00:00:00Z,2014-09-20T00:00:00Z,86401,86401,0,1.0,1.0,1.0,-0.0,0,0,0,0,1e-06,0.0,2e-06,8.497393e-10,4.854626e-10,1.688022e-09,False,0.0,False
2014-09-20,RS01SLBS-MJ01A-12-VEL3DB101,1,True,2014-09-20T00:00:00Z,2014-09-21T00:00:00Z,86401,86401,0,1.0,1.0,1.0,-0.0,0,0,0,0,1e-06,0.0,2e-06,8.497393e-10,4.854626e-10,1.688022e-09,False,0.0,False
2014-09-21,RS01SLBS-MJ01A-12-VEL3DB101,1,True,2014-09-21T00:00:00Z,2014-09-22T00:00:00Z,86401,86401,0,1.0,1.0,1.0,-0.0,0,0,0,0,1e-06,0.0,2e-06,8.497393e-10,4.854626e-10,1.688022e-09,False,0.0,False
2014-09-22,RS01SLBS-MJ01A-12-VEL3DB101,1,True,2014-09-22T00:00:00Z,2014-09-23T00:00:00Z,86401,86401,0,1.0,1.0,1.0,-0.0,0,0,0,0,1e-06,0.0,2e-06,8.497393e-10,4.854626e-10,1.688022e-09,False,0.0,False
2014-09-23,RS01SLBS-MJ01A-12-VEL3DB101,1,True,2014-09-23T00:00:00Z,2014-09-24T00:00:00Z,86401,86401,0,1.0,1.0,1.0,-0.0,0,0,0,0,1e-06,0.0,2e-06,8.497393e-10,4.854626e-10,1.688022e-09,False,0.0,False
2014-09-24,RS01SLBS-MJ01A-12-VEL3DB101,1,True,2014-09-24T00:00:00Z,2014-09-25T00:00:00Z,86401,86401,0,1.0,1.0,1.0,-0.0,0,0,0,0,1e-06,0.0,2e-06,8.497393e-10,4.854626e-10,1.688022e-09,False,0.0,False
2014-09-25,RS01SLBS-MJ01A-12-VEL3DB101,1,True,2014-09-25T00:00:00Z,2014-09-26T00:00:00Z,86401,86401,0,1.0,1.0,1.0,-0.0,0,0,0,0,1e-06,0.0,2e-06,8.497393e-10,4.854626e-10,1.688022e-09,False,0.0,False
2014-09-26,RS01SLBS-MJ01A-12-VEL3DB101,1,True,2014-09-26T00:00:00Z,2014-09-27T00:00:00Z,86401,86401,0,1.0,1.0,1.0,-0.0,0,0,0,0,1e-06,0.0,2e-06,8.497393e-10,4.854626e-10,1.688022e-09,False,0.0,False
2014-09-27,RS01SLBS-MJ01A-12-VEL3DB101,1,True,2014-09-27T00:00:00Z,2014-09-28T00:00:00Z,83271,86401,3130,1.0,1.0,1.0,-0.0,1,3130,1,3130,1e-06,0.0,1e-06,7.544681e-10,4.253199e-10,1.469743e-09,False,0.0,True
2014-09-28,RS01SLBS-MJ01A-12-VEL3DB101,1,True,2014-09-28T00:00:00Z,2014-09-29T00:00:00Z,86401,86401,0,1.0,1.0,1.0,-0.0,0,0,0,0,1e-06,0.0,2e-06,8.497393e-10,4.854626e-10,1.688022e-09,False,0.0,False
2014-09-29,RS01SLBS-MJ01A-12-VEL3DB101,1,True,2014-09-29T00:00:00Z,2014-09-30T00:00:00Z,86401,86401,0,1.0,1.0,1.0,-0.0,0,0,0,0,1e-06,0.0,2e-06,8.497393e-10,4.854626e-10,1.688022e-09,False,0.0,False
2014-09-30,RS01SLBS-MJ01A-12-VEL3DB101,1,True,2014-09-30T00:00:00Z,2014-10-01T00:00:00Z,86401,86401,0,1.0,1.0,1.0,-0.0,0,0,0,0,1e-06,0.0,2e-06,8.497393e-10,4.854626e-10,1.688022e-09,False,0.0,False
2014-10-01,RS01SLBS-MJ01A-12-VEL3DB101,1,True,2014-10-01T00:00:00Z,2014-10-02T00:00:00Z,86401,86401,0,1.0,1.0,1.0,-0.0,0,0,0,0,1e-06,0.0,2e-06,8.497393e-10,4.854626e-10,1.688022e-09,False,0.0,False
2014-10-02,RS01SLBS-MJ01A-12-VEL3DB101,1,True,2014-10-02T00:00:00Z,2014-10-03T00:00:00Z,86401,86401,0,1.0,1.0,1.0,-0.0,0,0,0,0,1e-06,0.0,2e-06,8.497393e-10,4.854626e-10,1.688022e-09,False,0.0,False
2014-10-03,RS01SLBS-MJ01A-12-VEL3DB101,1,True,2014-10-03T00:00:00Z,2014-10-04T00:00:00Z,86401,86401,0,1.0,1.0,1.0,-0.0,0,0,0,0,1e-06,0.0,2e-06,8.497393e-10,4.854626e-10,1.688022e-09,False,0.0,False
2014-10-04,RS01SLBS-MJ01A-12-VEL3DB101,1,True,2014-10-04T00:00:00Z,2014-10-05T00:00:00Z,86401,86401,0,1.0,1.0,1.0,-0.0,0,0,0,0,1e-06,0.0,2e-06,8.497393e-10,4.854626e-10,1.688022e-09,False,0.0,False
2014-10-05,RS01SLBS-MJ01A-12-VEL3DB101,1,True,2014-10-05T00:00:00Z,2014-10-06T00:00:00Z,86401,86401,0,1.0,1.0,1.0,-0.0,0,0,0,0,1e-06,0.0,2e-06,8.497393e-10,4.854626e-10,1.688022e-09,False,0.0,False
2014-10-06,RS01SLBS-MJ01A-12-VEL3DB101,1,True,2014-10-06T00:00:00Z,2014-10-07T00:00:00Z,86401,86401,0,1.0,1.0,1.0,-0.0,0,0,0,0,1e-06,0.0,2e-06,8.497393e-10,4.854626e-10,1.688022e-09,False,0.0,False
2014-10-07,RS01SLBS-MJ01A-12-VEL3DB101,1,True,2014-10-07T00:00:00Z,2014-10-08T00:00:00Z,86401,86401,0,1.0,1.0,1.0,-0.0,0,0,0,0,1e-06,0.0,2e-06,8.497393e-10,4.854626e-10,1.688022e-09,False,0.0,False
2014-10-08,RS01SLBS-MJ01A-12-VEL3DB101,1,True,2014-10-08T00:00:00Z,2014-10-09T00:00:00Z,86401,86401,0,1.0,1.0,1.0,-0.0,0,0,0,0,1e-06,0.0,2e-06,8.497393e-10,4.854626e-10,1.688022e-09,False,0.0,False
2014-10-09,RS01SLBS-MJ01A-12-VEL3DB101,1,True,2014-10-09T00:00:00Z,2014-10-10T00:00:00Z,86401,86401,0,1.0,1.0,1.0,-0.0,0,0,0,0,1e-06,0.0,2e-06,8.497393e-10,4.854626e-10,1.688022e-09,False,0.0,False
2014-10-10,RS01SLBS-MJ01A-12-VEL3DB101,1,True,2014-10-10T00:00:00Z,2014-10-11T00:00:00Z,86401,86401,0,1.0,1.0,1.0,-0.0,0,0,0,0,1e-06,0.0,2e-06,8.497393e-10,4.854626e-10,1.688022e-09,False,0.0,False
2014-10-11,RS01SLBS-MJ01A-12-VEL3DB101,1,True,2014-10-11T00:00:00Z,2014-10-12T00:00:00Z,86401,86401,0,1.0,1.0,1.0,-0.0,0,0,0,0,1e-06,0.0,2e-06,8.497393e-10,4.854626e-10,1.688022e-09,False,0.0,False
2014-10-12,RS01SLBS-MJ01A-12-VEL3DB101,1,True,2014-10-12T00:00:00Z,2014-10-13T00:00:00Z,86401,86401,0,1.0,1.0,1.0,-0.0,0,0,0,0,1e-06,0.0,2e-06,8.497393e-10,4.854626e-10,1.688022e-09,False,0.0,False
2014-10-13,RS01SLBS-MJ01A-12-VEL3DB101,1,True,2014-10-13T00:00:00Z,2014-10-14T00:00:00Z,86401,86401,0,1.0,1.0,1.0,-0.0,0,0,0,0,1e-06,0.0,2e-06,8.497393e-10,4.854626e-10,1.688022e-09,False,0.0,False
2014-10-14,RS01SLBS-MJ01A-12-VEL3DB101,1,True,2014-10-14T00:00:00Z,2014-10-15T00:00:00Z,86401,86401,0,1.0,1.0,1.0,-0.0,0,0,0,0,1e-06,0.0,2e-06,8.497393e-10,4.854626e-10,1.688022e-09,False,0.0,False
2014-10-15,RS01SLBS-MJ01A-12-VEL3DB101,1,True,2014-10-15T00:00:00Z,2014-10-16T00:00:00Z,86401,86401,0,1.0,1.0,1.0,-0.0,0,0,0,0,1e-06,0.0,2e-06,8.497393e-10,4.854626e-10,1.688022e-09,False,0.0,False
2014-10-16,RS01SLBS-MJ01A-12-VEL3DB101,1,True,2014-10-16T00:00:00Z,2014-10-17T00:00:00Z,86401,86401,0,1.0,1.0,1.0,-0.0,0,0,0,0,1e-06,0.0,2e-06,8.497393e-10,4.854626e-10,1.688022e-09,False,0.0,False
2014-10-17,RS01SLBS-MJ01A-12-VEL3DB101,1,True,2014-10-17T00:00:00Z,2014-10-18T00:00:00Z,86401,86401,0,1.0,1.0,1.0,-0.0,0,0,0,0,1e-06,0.0,2e-06,8.497393e-10,4.854626e-10,1.688022e-09,False,0.0,False
2014-10-18,RS01SLBS-MJ01A-12-VEL3DB101,1,True,2014-10-18T00:00:00Z,2014-10-19T00:00:00Z,86401,86401,0,1.0,1.0,1.0,-0.0,0,0,0,0,1e-06,0.0,2e-06,8.497393e-10,4.854626e-10,1.688022e-09,False,0.0,False
2014-10-19,RS01SLBS-MJ01A-12-VEL3DB101,1,True,2014-10-19T00:00:00Z,2014-10-20T00:00:00Z,86401,86401,0,1.0,1.0,1.0,-0.0,0,0,0,0,1e-06,0.0,2e-06,8.497393e-10,4.854626e-10,1.688022e-09,False,0.0,False
2014-10-20,RS01SLBS-MJ01A-12-VEL3DB101,1,True,2014-10-20T00:00:00Z,2014-10-21T00:00:00Z,86401,86401,0,1.0,1.0,1.0,-0.0,0,0,0,0,1e-06,0.0,2e-06,8.497393e-10,4.854626e-10,1.688022e-09,False,0.0,False
2014-10-21,RS01SLBS-MJ01A-12-VEL3DB101,1,True,2014-10-21T00:00:00Z,2014-10-22T00:00:00Z,86401,86401,0,1.0,1.0,1.0,-0.0,0,0,0,0,1e-06,0.0,2e-06,8.497393e-10,4.854626e-10,1.688022e-09,False,0.0,False
2014-10-22,RS01SLBS-MJ01A-12-VEL3DB101,1,True,2014-10-22T00:00:00Z,2014-10-23T00:00:00Z,86401,86401,0,1.0,1.0,1.0,-0.0,0,0,0,0,1e-06,0.0,2e-06,8.497393e-10,4.854626e-10,1.688022e-09,False,0.0,False
2014-10-23,RS01SLBS-MJ01A-12-VEL3DB101,1,True,2014-10-23T00:00:00Z,2014-10-24T00:00:00Z,86401,86401,0,1.0,1.0,1.0,-0.0,0,0,0,0,1e-06,0.0,2e-06,8.497393e-10,4.854626e-10,1.688022e-09,False,0.0,False
2014-10-24,RS01SLBS-MJ01A-12-VEL3DB101,1,True,2014-10-24T00:00:00Z,2014-10-25T00:00:00Z,86401,86401,0,1.0,1.0,1.0,-0.0,0,0,0,0,1e-06,0.0,2e-06,8.497393e-10,4.854626e-10,1.688022e-09,False,0.0,False
2014-10-25,RS01SLBS-MJ01A-12-VEL3DB101,1,True,2014-10-25T00:00:00Z,2014-10-26T00:00:00Z,86401,86401,0,1.0,1.0,1.0,-0.0,0,0,0,0,1e-06,0.0,2e-06,8.497393e-10,4.854626e-10,1.688022e-09,False,0.0,False
2014-10-26,RS01SLBS-MJ01A-12-VEL3DB101,1,True,2014-10-26T00:00:00Z,2014-10-27T00:00:00Z,86401,86401,0,1.0,1.0,1.0,-0.0,0,0,0,0,1e-06,0.0,2e-06,8.497393e-10,4.854626e-10,1.688022e-09,False,0.0,False
2014-10-27,RS01SLBS-MJ01A-12-VEL3DB101,1,True,2014-10-27T00:00:00Z,2014-10-28T00:00:00Z,86401,86401,0,1.0,1.0,1.0,-0.0,0,0,0,0,1e-06,0.0,2e-06,8.497393e-10,4.854626e-10,1.688022e-09,False,0.0,False
2014-10-28,RS01SLBS-MJ01A-12-VEL3DB101,1,True,2014-10-28T00:00:00Z,2014-10-29T00:00:00Z,86401,86401,0,1.0,1.0,1.0,-0.0,0,0,0,0,1e-06,0.0,2e-06,8.497393e-10,4.854626e-10,1.688022e-09,False,0.0,False
2014-10-29,RS01SLBS-MJ01A-12-VEL3DB101,1,True,2014-10-29T00:00:00Z,2014-10-30T00:00:00Z,86401,86401,0,1.0,1.0,1.0,-0.0,0,0,0,0,1e-06,0.0,2e-06,8.497393e-10,4.854626e-10,1.688022e-09,False,0.0,False
2014-10-30,RS01SLBS-MJ01A-12-VEL3DB101,1,True,2014-10-30T00:00:00Z,2014-10-31T00:00:00Z,42930,86401,43471,1.0,1.0,1.0,-0.0,1,43471,1,43471,0.0,0.0,1e-06,3.038772e-10,2.233784e-10,5.966285e-10,False,0.0,True
2014-10-31,RS01SLBS-MJ01A-12-VEL3DB101,1,True,2014-10-31T00:00:00Z,2014-11-01T00:00:00Z,86401,86401,0,1.0,1.0,1.0,-0.0,0,0,0,0,1e-06,0.0,2e-06,8.497393e-10,4.854626e-10,1.688022e-09,False,0.0,False
2014-11-01,RS01SLBS-MJ01A-12-VEL3DB101,1,True,2014-11-01T00:00:00Z,2014-11-02T00:00:00Z,86401,86401,0,1.0,1.0,1.0,-0.0,0,0,0,0,1e-06,0.0,2e-06,8.497393e-10,4.854626e-10,1.688022e-09,False,0.0,False
2014-11-02,RS01SLBS-MJ01A-12-VEL3DB101,1,True,2014-11-02T00:00:00Z,2014-11-03T00:00:00Z,86401,86401,0,1.0,1.0,1.0,-0.0,0,0,0,0,1e-06,0.0,2e-06,8.497393e-10,4.854626e-10,1.688022e-09,False,0.0,False
2014-11-03,RS01SLBS-MJ01A-12-VEL3DB101,1,True,2014-11-03T00:00:00Z,2014-11-04T00:00:00Z,86401,86401,0,1.0,1.0,1.0,-0.0,0,0,0,0,1e-06,0.0,2e-06,8.497393e-10,4.854626e-10,1.688022e-09,False,0.0,False
2014-11-04,RS01SLBS-MJ01A-12-VEL3DB101,1,True,2014-11-04T00:00:00Z,2014-11-04T16:02:19Z,57740,57740,0,1.0,1.0,1.0,-0.0,0,0,0,0,-0.0,0.0,0.0,-1.598627e-10,9.301361e-11,3.201421e-10,False,0.0,False
2014-11-05,RS01SLBS-MJ01A-12-VEL3DB101,1,True,2014-11-05T19:06:47Z,2014-11-06T00:00:00Z,17594,17594,0,1.0,1.0,1.0,-0.0,0,0,0,0,0.0,0.0,0.0,9.016961e-11,5.055218e-11,1.78261e-10,False,0.0,False
2014-11-06,RS01SLBS-MJ01A-12-VEL3DB101,1,True,2014-11-06T00:00:00Z,2014-11-07T00:00:00Z,86401,86401,0,1.0,1.0,1.0,-0.0,0,0,0,0,1e-06,0.0,2e-06,8.497393e-10,4.854626e-10,1.688022e-09,False,0.0,False
2014-11-07,RS01SLBS-MJ01A-12-VEL3DB101,1,True,2014-11-07T00:00:00Z,2014-11-08T00:00:00Z,86401,86401,0,1.0,1.0,1.0,-0.0,0,0,0,0,1e-06,0.0,2e-06,8.497393e-10,4.854626e-10,1.688022e-09,False,0.0,False
2014-11-08,RS01SLBS-MJ01A-12-VEL3DB101,1,True,2014-11-08T00:00:00Z,2014-11-09T00:00:00Z,86401,86401,0,1.0,1.0,1.0,-0.0,0,0,0,0,1e-06,0.0,2e-06,8.497393e-10,4.854626e-10,1.688022e-09,False,0.0,False
2014-11-09,RS01SLBS-MJ01A-12-VEL3DB101,1,True,2014-11-09T00:00:00Z,2014-11-10T00:00:00Z,86401,86401,0,1.0,1.0,1.0,-0.0,0,0,0,0,1e-06,0.0,2e-06,8.497393e-10,4.854626e-10,1.688022e-09,False,0.0,False
2014-11-10,RS01SLBS-MJ01A-12-VEL3DB101,1,True,2014-11-10T00:00:00Z,2014-11-11T00:00:00Z,86401,86401,0,1.0,1.0,1.0,-0.0,0,0,0,0,1e-06,0.0,2e-06,8.497393e-10,4.854626e-10,1.688022e-09,False,0.0,False
2014-11-11,RS01SLBS-MJ01A-12-VEL3DB101,1,True,2014-11-11T00:00:00Z,2014-11-12T00:00:00Z,86401,86401,0,1.0,1.0,1.0,-0.0,0,0,0,0,1e-06,0.0,2e-06,8.497393e-10,4.854626e-10,1.688022e-09,False,0.0,False
2014-11-12,RS01SLBS-MJ01A-12-VEL3DB101,1,True,2014-11-12T00:00:00Z,2014-11-13T00:00:00Z,86401,86401,0,1.0,1.0,1.0,-0.0,0,0,0,0,1e-06,0.0,2e-06,8.497393e-10,4.854626e-10,1.688022e-09,False,0.0,False
2014-11-13,RS01SLBS-MJ01A-12-VEL3DB101,1,True,2014-11-13T00:00:00Z,2014-11-14T00:00:00Z,86401,86401,0,1.0,1.0,1.0,-0.0,0,0,0,0,1e-06,0.0,2e-06,8.497393e-10,4.854626e-10,1.688022e-09,False,0.0,False
2014-11-14,RS01SLBS-MJ01A-12-VEL3DB101,1,True,2014-11-14T00:00:00Z,2014-11-14T18:31:55Z,66716,66716,0,1.0,1.0,1.0,-0.0,0,0,0,0,0.0,0.0,0.0,1.996431e-10,1.109322e-10,3.856258e-10,False,0.0,False
2014-11-15,RS01SLBS-MJ01A-12-VEL3DB101,1,False,,,0,0,,1.0,,,,,,,,,,,,,,,,False
2014-11-16,RS01SLBS-MJ01A-12-VEL3DB101,1,False,,,0,0,,1.0,,,,,,,,,,,,,,,,False
2014-11-17,RS01SLBS-MJ01A-12-VEL3DB101,1,True,2014-11-17T18:06:38Z,2014-11-18T00:00:00Z,21203,21203,0,1.0,1.0,1.0,-0.0,0,0,0,0,0.0,0.0,0.0,3.758648e-11,2.090256e-11,7.275958e-11,False,0.0,False
2014-11-18,RS01SLBS-MJ01A-12-VEL3DB101,1,True,2014-11-18T00:00:00Z,2014-11-19T00:00:00Z,86401,86401,0,1.0,1.0,1.0,-0.0,0,0,0,0,1e-06,0.0,2e-06,8.497393e-10,4.854626e-10,1.688022e-09,False,0.0,False
2014-11-19,RS01SLBS-MJ01A-12-VEL3DB101,1,True,2014-11-19T00:00:00Z,2014-11-20T00:00:00Z,86401,86401,0,1.0,1.0,1.0,-0.0,0,0,0,0,1e-06,0.0,2e-06,8.497393e-10,4.854626e-10,1.688022e-09,False,0.0,False
2014-11-20,RS01SLBS-MJ01A-12-VEL3DB101,1,True,2014-11-20T00:00:00Z,2014-11-21T00:00:00Z,86401,86401,0,1.0,1.0,1.0,-0.0,0,0,0,0,1e-06,0.0,2e-06,8.497393e-10,4.854626e-10,1.688022e-09,False,0.0,False
2014-11-21,RS01SLBS-MJ01A-12-VEL3DB101,1,True,2014-11-21T00:00:00Z,2014-11-22T00:00:00Z,86401,86401,0,1.0,1.0,1.0,-0.0,0,0,0,0,1e-06,0.0,2e-06,8.497393e-10,4.854626e-10,1.688022e-09,False,0.0,False
2014-11-22,RS01SLBS-MJ01A-12-VEL3DB101,1,True,2014-11-22T00:00:00Z,2014-11-23T00:00:00Z,86401,86401,0,1.0,1.0,1.0,-0.0,0,0,0,0,1e-06,0.0,2e-06,8.497393e-10,4.854626e-10,1.688022e-09,False,0.0,False
2014-11-23,RS01SLBS-MJ01A-12-VEL3DB101,1,True,2014-11-23T00:00:00Z,2014-11-24T00:00:00Z,86401,86401,0,1.0,1.0,1.0,-0.0,0,0,0,0,1e-06,0.0,2e-06,8.497393e-10,4.854626e-10,1.688022e-09,False,0.0,False
2014-11-24,RS01SLBS-MJ01A-12-VEL3DB101,1,True,2014-11-24T00:00:00Z,2014-11-25T00:00:00Z,86401,86401,0,1.0,1.0,1.0,-0.0,0,0,0,0,1e-06,0.0,2e-06,8.497393e-10,4.854626e-10,1.688022e-09,False,0.0,False
2014-11-25,RS01SLBS-MJ01A-12-VEL3DB101,1,True,2014-11-25T00:00:00Z,2014-11-26T00:00:00Z,86401,86401,0,1.0,1.0,1.0,-0.0,0,0,0,0,1e-06,0.0,2e-06,8.497393e-10,4.854626e-10,1.688022e-09,False,0.0,False
2014-11-26,RS01SLBS-MJ01A-12-VEL3DB101,1,True,2014-11-26T00:00:00Z,2014-11-27T00:00:00Z,86401,86401,0,1.0,1.0,1.0,-0.0,0,0,0,0,1e-06,0.0,2e-06,8.497393e-10,4.854626e-10,1.688022e-09,False,0.0,False
2014-11-27,RS01SLBS-MJ01A-12-VEL3DB101,1,True,2014-11-27T00:00:00Z,2014-11-28T00:00:00Z,86401,86401,0,1.0,1.0,1.0,-0.0,0,0,0,0,1e-06,0.0,2e-06,8.497393e-10,4.854626e-10,1.688022e-09,False,0.0,False
2014-11-28,RS01SLBS-MJ01A-12-VEL3DB101,1,True,2014-11-28T00:00:00Z,2014-11-29T00:00:00Z,86401,86401,0,1.0,1.0,1.0,-0.0,0,0,0,0,1e-06,0.0,2e-06,8.497393e-10,4.854626e-10,1.688022e-09,False,0.0,False
2014-11-29,RS01SLBS-MJ01A-12-VEL3DB101,1,True,2014-11-29T00:00:00Z,2014-11-30T00:00:00Z,86401,86401,0,1.0,1.0,1.0,-0.0,0,0,0,0,1e-06,0.0,2e-06,8.497393e-10,4.854626e-10,1.688022e-09,False,0.0,False
2014-11-30,RS01SLBS-MJ01A-12-VEL3DB101,1,True,2014-11-30T00:00:00Z,2014-12-01T00:00:00Z,86401,86401,0,1.0,1.0,1.0,-0.0,0,0,0,0,1e-06,0.0,2e-06,8.497393e-10,4.854626e-10,1.688022e-09,False,0.0,False
2014-12-01,RS01SLBS-MJ01A-12-VEL3DB101,1,True,2014-12-01T00:00:00Z,2014-12-02T00:00:00Z,86401,86401,0,1.0,1.0,1.0,-0.0,0,0,0,0,1e-06,0.0,2e-06,8.497393e-10,4.854626e-10,1.688022e-09,False,0.0,False
2014-12-02,RS01SLBS-MJ01A-12-VEL3DB101,1,True,2014-12-02T00:00:00Z,2014-12-03T00:00:00Z,86401,86401,0,1.0,1.0,1.0,-0.0,0,0,0,0,1e-06,0.0,2e-06,8.497393e-10,4.854626e-10,1.688022e-09,False,0.0,False
2014-12-03,RS01SLBS-MJ01A-12-VEL3DB101,1,True,2014-12-03T00:00:00Z,2014-12-04T00:00:00Z,86401,86401,0,1.0,1.0,1.0,-0.0,0,0,0,0,1e-06,0.0,2e-06,8.497393e-10,4.854626e-10,1.688022e-09,False,0.0,False
2014-12-04,RS01SLBS-MJ01A-12-VEL3DB101,1,True,2014-12-04T00:00:00Z,2014-12-05T00:00:00Z,86401,86401,0,1.0,1.0,1.0,-0.0,0,0,0,0,1e-06,0.0,2e-06,8.497393e-10,4.854626e-10,1.688022e-09,False,0.0,False
2014-12-05,RS01SLBS-MJ01A-12-VEL3DB101,1,True,2014-12-05T00:00:00Z,2014-12-06T00:00:00Z,86401,86401,0,1.0,1.0,1.0,-0.0,0,0,0,0,1e-06,0.0,2e-06,8.497393e-10,4.854626e-10,1.688022e-09,False,0.0,False
2014-12-06,RS01SLBS-MJ01A-12-VEL3DB101,1,True,2014-12-06T00:00:00Z,2014-12-07T00:00:00Z,86401,86401,0,1.0,1.0,1.0,-0.0,0,0,0,0,1e-06,0.0,2e-06,8.497393e-10,4.854626e-10,1.688022e-09,False,0.0,False
2014-12-07,RS01SLBS-MJ01A-12-VEL3DB101,1,True,2014-12-07T00:00:00Z,2014-12-07T20:53:28Z,75209,75209,0,1.0,1.0,1.0,-0.0,0,0,0,0,0.0,0.0,0.0,2.145497e-10,1.214917e-10,4.220055e-10,False,0.0,False
2014-12-08,RS01SLBS-MJ01A-12-VEL3DB101,1,False,,,0,0,,1.0,,,,,,,,,,,,,,,,False
2014-12-09,RS01SLBS-MJ01A-12-VEL3DB101,1,False,,,0,0,,1.0,,,,,,,,,,,,,,,,False
2014-12-10,RS01SLBS-MJ01A-12-VEL3DB101,1,False,,,0,0,,1.0,,,,,,,,,,,,,,,,False
2014-12-11,RS01SLBS-MJ01A-12-VEL3DB101,1,True,2014-12-11T22:01:51Z,2014-12-12T00:00:00Z,7090,7090,0,1.0,1.0,1.0,0.0,0,0,0,0,-0.0,0.0,0.0,-1.584727e-11,8.661506e-12,3.092282e-11,False,0.0,False
2014-12-12,RS01SLBS-MJ01A-12-VEL3DB101,1,True,2014-12-12T00:00:00Z,2014-12-13T00:00:00Z,86401,86401,0,1.0,1.0,1.0,-0.0,0,0,0,0,1e-06,0.0,2e-06,8.497393e-10,4.854626e-10,1.688022e-09,False,0.0,False
2014-12-13,RS01SLBS-MJ01A-12-VEL3DB101,1,True,2014-12-13T00:00:00Z,2014-12-14T00:00:00Z,86401,86401,0,1.0,1.0,1.0,-0.0,0,0,0,0,1e-06,0.0,2e-06,8.497393e-10,4.854626e-10,1.688022e-09,False,0.0,False
2014-12-14,RS01SLBS-MJ01A-12-VEL3DB101,1,True,2014-12-14T00:00:00Z,2014-12-15T00:00:00Z,86401,86401,0,1.0,1.0,1.0,-0.0,0,0,0,0,1e-06,0.0,2e-06,8.497393e-10,4.854626e-10,1.688022e-09,False,0.0,False
2014-12-15,RS01SLBS-MJ01A-12-VEL3DB101,1,True,2014-12-15T00:00:00Z,2014-12-16T00:00:00Z,86401,86401,0,1.0,1.0,1.0,-0.0,0,0,0,0,1e-06,0.0,2e-06,8.497393e-10,4.854626e-10,1.688022e-09,False,0.0,False
2014-12-16,RS01SLBS-MJ01A-12-VEL3DB101,1,True,2014-12-16T00:00:00Z,2014-12-17T00:00:00Z,86401,86401,0,1.0,1.0,1.0,-0.0,0,0,0,0,1e-06,0.0,2e-06,8.497393e-10,4.854626e-10,1.688022e-09,False,0.0,False
2014-12-17,RS01SLBS-MJ01A-12-VEL3DB101,1,True,2014-12-17T00:00:00Z,2014-12-18T00:00:00Z,86401,86401,0,1.0,1.0,1.0,-0.0,0,0,0,0,1e-06,0.0,2e-06,8.497393e-10,4.854626e-10,1.688022e-09,False,0.0,False
2014-12-18,RS01SLBS-MJ01A-12-VEL3DB101,1,True,2014-12-18T00:00:00Z,2014-12-19T00:00:00Z,86401,86401,0,1.0,1.0,1.0,-0.0,0,0,0,0,1e-06,0.0,2e-06,8.497393e-10,4.854626e-10,1.688022e-09,False,0.0,False
2014-12-19,RS01SLBS-MJ01A-12-VEL3DB101,1,True,2014-12-19T00:00:00Z,2014-12-20T00:00:00Z,86401,86401,0,1.0,1.0,1.0,-0.0,0,0,0,0,1e-06,0.0,2e-06,8.497393e-10,4.854626e-10,1.688022e-09,False,0.0,False
2014-12-20,RS01SLBS-MJ01A-12-VEL3DB101,1,True,2014-12-20T00:00:00Z,2014-12-21T00:00:00Z,86401,86401,0,1.0,1.0,1.0,-0.0,0,0,0,0,1e-06,0.0,2e-06,8.497393e-10,4.854626e-10,1.688022e-09,False,0.0,False
2014-12-21,RS01SLBS-MJ01A-12-VEL3DB101,1,True,2014-12-21T00:00:00Z,2014-12-22T00:00:00Z,86401,86401,0,1.0,1.0,1.0,-0.0,0,0,0,0,1e-06,0.0,2e-06,8.497393e-10,4.854626e-10,1.688022e-09,False,0.0,False
2014-12-22,RS01SLBS-MJ01A-12-VEL3DB101,1,True,2014-12-22T00:00:00Z,2014-12-23T00:00:00Z,86401,86401,0,1.0,1.0,1.0,-0.0,0,0,0,0,1e-06,0.0,2e-06,8.497393e-10,4.854626e-10,1.688022e-09,False,0.0,False
2014-12-23,RS01SLBS-MJ01A-12-VEL3DB101,1,True,2014-12-23T00:00:00Z,2014-12-24T00:00:00Z,86401,86401,0,1.0,1.0,1.0,-0.0,0,0,0,0,1e-06,0.0,2e-06,8.497393e-10,4.854626e-10,1.688022e-09,False,0.0,False
2014-12-24,RS01SLBS-MJ01A-12-VEL3DB101,1,True,2014-12-24T00:00:00Z,2014-12-25T00:00:00Z,86401,86401,0,1.0,1.0,1.0,-0.0,0,0,0,0,1e-06,0.0,2e-06,8.497393e-10,4.854626e-10,1.688022e-09,False,0.0,False
2014-12-25,RS01SLBS-MJ01A-12-VEL3DB101,1,True,2014-12-25T00:00:00Z,2014-12-26T00:00:00Z,86401,86401,0,1.0,1.0,1.0,-0.0,0,0,0,0,1e-06,0.0,2e-06,8.497393e-10,4.854626e-10,1.688022e-09,False,0.0,False
2014-12-26,RS01SLBS-MJ01A-12-VEL3DB101,1,True,2014-12-26T00:00:00Z,2014-12-27T00:00:00Z,86401,86401,0,1.0,1.0,1.0,-0.0,0,0,0,0,1e-06,0.0,2e-06,8.497393e-10,4.854626e-10,1.688022e-09,False,0.0,False
2014-12-27,RS01SLBS-MJ01A-12-VEL3DB101,1,True,2014-12-27T00:00:00Z,2014-12-28T00:00:00Z,86401,86401,0,1.0,1.0,1.0,-0.0,0,0,0,0,1e-06,0.0,2e-06,8.497393e-10,4.854626e-10,1.688022e-09,False,0.0,False
2014-12-28,RS01SLBS-MJ01A-12-VEL3DB101,1,True,2014-12-28T00:00:00Z,2014-12-29T00:00:00Z,86401,86401,0,1.0,1.0,1.0,-0.0,0,0,0,0,1e-06,0.0,2e-06,8.497393e-10,4.854626e-10,1.688022e-09,False,0.0,False
2014-12-29,RS01SLBS-MJ01A-12-VEL3DB101,1,True,2014-12-29T00:00:00Z,2014-12-30T00:00:00Z,86401,86401,0,1.0,1.0,1.0,-0.0,0,0,0,0,1e-06,0.0,2e-06,8.497393e-10,4.854626e-10,1.688022e-09,False,0.0,False
2014-12-30,RS01SLBS-MJ01A-12-VEL3DB101,1,True,2014-12-30T00:00:00Z,2014-12-31T00:00:00Z,86401,86401,0,1.0,1.0,1.0,-0.0,0,0,0,0,1e-06,0.0,2e-06,8.497393e-10,4.854626e-10,1.688022e-09,False,0.0,False
2014-12-31,RS01SLBS-MJ01A-12-VEL3DB101,1,True,2014-12-31T00:00:00Z,2015-01-01T00:00:00Z,86401,86401,0,1.0,1.0,1.0,-0.0,0,0,0,0,1e-06,0.0,2e-06,8.497393e-10,4.854626e-10,1.688022e-09,False,0.0,False
2015-01-01,RS01SLBS-MJ01A-12-VEL3DB101,1,True,2015-01-01T00:00:00Z,2015-01-02T00:00:00Z,86401,86401,0,1.0,1.0,1.0,-0.0,0,0,0,0,1e-06,0.0,2e-06,8.497393e-10,4.854626e-10,1.688022e-09,False,0.0,False
2015-01-02,RS01SLBS-MJ01A-12-VEL3DB101,1,True,2015-01-02T00:00:00Z,2015-01-03T00:00:00Z,86401,86401,0,1.0,1.0,1.0,-0.0,0,0,0,0,1e-06,0.0,2e-06,8.497393e-10,4.854626e-10,1.688022e-09,False,0.0,False
2015-01-03,RS01SLBS-MJ01A-12-VEL3DB101,1,True,2015-01-03T00:00:00Z,2015-01-04T00:00:00Z,86401,86401,0,1.0,1.0,1.0,-0.0,0,0,0,0,1e-06,0.0,2e-06,8.497393e-10,4.854626e-10,1.688022e-09,False,0.0,False
2015-01-04,RS01SLBS-MJ01A-12-VEL3DB101,1,True,2015-01-04T00:00:00Z,2015-01-05T00:00:00Z,86401,86401,0,1.0,1.0,1.0,-0.0,0,0,0,0,1e-06,0.0,2e-06,8.497393e-10,4.854626e-10,1.688022e-09,False,0.0,False
2015-01-05,RS01SLBS-MJ01A-12-VEL3DB101,1,True,2015-01-05T00:00:00Z,2015-01-06T00:00:00Z,86401,86401,0,1.0,1.0,1.0,-0.0,0,0,0,0,1e-06,0.0,2e-06,8.497393e-10,4.854626e-10,1.688022e-09,False,0.0,False
2015-01-06,RS01SLBS-MJ01A-12-VEL3DB101,1,True,2015-01-06T00:00:00Z,2015-01-07T00:00:00Z,86401,86401,0,1.0,1.0,1.0,-0.0,0,0,0,0,1e-06,0.0,2e-06,8.497393e-10,4.854626e-10,1.688022e-09,False,0.0,False
2015-01-07,RS01SLBS-MJ01A-12-VEL3DB101,1,True,2015-01-07T00:00:00Z,2015-01-08T00:00:00Z,84382,86401,2019,1.0,1.0,1.0,-0.0,1,2019,1,2019,0.0,0.0,1e-06,3.301054e-10,1.883871e-10,6.548362e-10,False,0.0,True
2015-01-08,RS01SLBS-MJ01A-12-VEL3DB101,1,True,2015-01-08T00:00:00Z,2015-01-09T00:00:00Z,86401,86401,0,1.0,1.0,1.0,-0.0,0,0,0,0,1e-06,0.0,2e-06,8.497393e-10,4.854626e-10,1.688022e-09,False,0.0,False
2015-01-09,RS01SLBS-MJ01A-12-VEL3DB101,1,True,2015-01-09T00:00:00Z,2015-01-10T00:00:00Z,86401,86401,0,1.0,1.0,1.0,-0.0,0,0,0,0,1e-06,0.0,2e-06,8.497393e-10,4.854626e-10,1.688022e-09,False,0.0,False
2015-01-10,RS01SLBS-MJ01A-12-VEL3DB101,1,True,2015-01-10T00:00:00Z,2015-01-11T00:00:00Z,86401,86401,0,1.0,1.0,1.0,-0.0,0,0,0,0,1e-06,0.0,2e-06,8.497393e-10,4.854626e-10,1.688022e-09,False,0.0,False
2015-01-11,RS01SLBS-MJ01A-12-VEL3DB101,1,True,2015-01-11T00:00:00Z,2015-01-12T00:00:00Z,86401,86401,0,1.0,1.0,1.0,-0.0,0,0,0,0,1e-06,0.0,2e-06,8.497393e-10,4.854626e-10,1.688022e-09,False,0.0,False
2015-01-12,RS01SLBS-MJ01A-12-VEL3DB101,1,True,2015-01-12T00:00:00Z,2015-01-13T00:00:00Z,86401,86401,0,1.0,1.0,1.0,-0.0,0,0,0,0,1e-06,0.0,2e-06,8.497393e-10,4.854626e-10,1.688022e-09,False,0.0,False
2015-01-13,RS01SLBS-MJ01A-12-VEL3DB101,1,True,2015-01-13T00:00:00Z,2015-01-14T00:00:00Z,86401,86401,0,1.0,1.0,1.0,-0.0,0,0,0,0,1e-06,0.0,2e-06,8.497393e-10,4.854626e-10,1.688022e-09,False,0.0,False
2015-01-14,RS01SLBS-MJ01A-12-VEL3DB101,1,True,2015-01-14T00:00:00Z,2015-01-15T00:00:00Z,86401,86401,0,1.0,1.0,1.0,-0.0,0,0,0,0,1e-06,0.0,2e-06,8.497393e-10,4.854626e-10,1.688022e-09,False,0.0,False
2015-01-15,RS01SLBS-MJ01A-12-VEL3DB101,1,True,2015-01-15T00:00:00Z,2015-01-16T00:00:00Z,86401,86401,0,1.0,1.0,1.0,-0.0,0,0,0,0,1e-06,0.0,2e-06,8.497393e-10,4.854626e-10,1.688022e-09,False,0.0,False
2015-01-16,RS01SLBS-MJ01A-12-VEL3DB101,1,True,2015-01-16T00:00:00Z,2015-01-17T00:00:00Z,86401,86401,0,1.0,1.0,1.0,-0.0,0,0,0,0,1e-06,0.0,2e-06,8.497393e-10,4.854626e-10,1.688022e-09,False,0.0,False
2015-01-17,RS01SLBS-MJ01A-12-VEL3DB101,1,True,2015-01-17T00:00:00Z,2015-01-18T00:00:00Z,86401,86401,0,1.0,1.0,1.0,-0.0,0,0,0,0,1e-06,0.0,2e-06,8.497393e-10,4.854626e-10,1.688022e-09,False,0.0,False
2015-01-18,RS01SLBS-MJ01A-12-VEL3DB101,1,True,2015-01-18T00:00:00Z,2015-01-19T00:00:00Z,86401,86401,0,1.0,1.0,1.0,-0.0,0,0,0,0,1e-06,0.0,2e-06,8.497393e-10,4.854626e-10,1.688022e-09,False,0.0,False
2015-01-19,RS01SLBS-MJ01A-12-VEL3DB101,1,True,2015-01-19T00:00:00Z,2015-01-20T00:00:00Z,86401,86401,0,1.0,1.0,1.0,-0.0,0,0,0,0,1e-06,0.0,2e-06,8.497393e-10,4.854626e-10,1.688022e-09,False,0.0,False
2015-01-20,RS01SLBS-MJ01A-12-VEL3DB101,1,True,2015-01-20T00:00:00Z,2015-01-21T00:00:00Z,86401,86401,0,1.0,1.0,1.0,-0.0,0,0,0,0,1e-06,0.0,2e-06,8.497393e-10,4.854626e-10,1.688022e-09,False,0.0,False
2015-01-21,RS01SLBS-MJ01A-12-VEL3DB101,1,True,2015-01-21T00:00:00Z,2015-01-22T00:00:00Z,86401,86401,0,1.0,1.0,1.0,-0.0,0,0,0,0,1e-06,0.0,2e-06,8.497393e-10,4.854626e-10,1.688022e-09,False,0.0,False
2015-01-22,RS01SLBS-MJ01A-12-VEL3DB101,1,True,2015-01-22T00:00:00Z,2015-01-23T00:00:00Z,86401,86401,0,1.0,1.0,1.0,-0.0,0,0,0,0,1e-06,0.0,2e-06,8.497393e-10,4.854626e-10,1.688022e-09,False,0.0,False
2015-01-23,RS01SLBS-MJ01A-12-VEL3DB101,1,True,2015-01-23T00:00:00Z,2015-01-24T00:00:00Z,86401,86401,0,1.0,1.0,1.0,-0.0,0,0,0,0,1e-06,0.0,2e-06,8.497393e-10,4.854626e-10,1.688022e-09,False,0.0,False
2015-01-24,RS01SLBS-MJ01A-12-VEL3DB101,1,True,2015-01-24T00:00:00Z,2015-01-25T00:00:00Z,86401,86401,0,1.0,1.0,1.0,-0.0,0,0,0,0,1e-06,0.0,2e-06,8.497393e-10,4.854626e-10,1.688022e-09,False,0.0,False
2015-01-25,RS01SLBS-MJ01A-12-VEL3DB101,1,True,2015-01-25T00:00:00Z,2015-01-26T00:00:00Z,86401,86401,0,1.0,1.0,1.0,-0.0,0,0,0,0,1e-06,0.0,2e-06,8.497393e-10,4.854626e-10,1.688022e-09,False,0.0,False
2015-01-26,RS01SLBS-MJ01A-12-VEL3DB101,1,True,2015-01-26T00:00:00Z,2015-01-27T00:00:00Z,86401,86401,0,1.0,1.0,1.0,-0.0,0,0,0,0,1e-06,0.0,2e-06,8.497393e-10,4.854626e-10,1.688022e-09,False,0.0,False
2015-01-27,RS01SLBS-MJ01A-12-VEL3DB101,1,True,2015-01-27T00:00:00Z,2015-01-28T00:00:00Z,86401,86401,0,1.0,1.0,1.0,-0.0,0,0,0,0,1e-06,0.0,2e-06,8.497393e-10,4.854626e-10,1.688022e-09,False,0.0,False
2015-01-28,RS01SLBS-MJ01A-12-VEL3DB101,1,True,2015-01-28T00:00:00Z,2015-01-29T00:00:00Z,86401,86401,0,1.0,1.0,1.0,-0.0,0,0,0,0,1e-06,0.0,2e-06,8.497393e-10,4.854626e-10,1.688022e-09,False,0.0,False
2015-01-29,RS01SLBS-MJ01A-12-VEL3DB101,1,True,2015-01-29T00:00:00Z,2015-01-30T00:00:00Z,86401,86401,0,1.0,1.0,1.0,-0.0,0,0,0,0,1e-06,0.0,2e-06,8.497393e-10,4.854626e-10,1.688022e-09,False,0.0,False
2015-01-30,RS01SLBS-MJ01A-12-VEL3DB101,1,True,2015-01-30T00:00:00Z,2015-01-31T00:00:00Z,86037,86401,364,1.0,1.0,1.0,0.0,1,364,1,364,-1e-06,0.0,1e-06,-5.833219e-10,3.32266e-10,1.164153e-09,False,0.0,True
2015-01-31,RS01SLBS-MJ01A-12-VEL3DB101,1,True,2015-01-31T00:00:00Z,2015-02-01T00:00:00Z,82554,86401,3847,1.0,1.0,1.0,-0.0,11,3847,11,3847,1e-06,1e-06,2e-06,9.8815e-10,5.606958e-10,2.037268e-09,False,0.0,True
2015-02-01,RS01SLBS-MJ01A-12-VEL3DB101,1,True,2015-02-01T00:00:00Z,2015-02-01T20:33:44Z,65274,74025,8751,1.0,1.0,1.0,0.0,3,8751,3,8751,-0.0,0.0,1e-06,-4.450778e-10,2.108615e-10,8.003553e-10,False,0.0,True
2015-02-02,RS01SLBS-MJ01A-12-VEL3DB101,1,False,,,0,0,,1.0,,,,,,,,,,,,,,,,False
2015-02-03,RS01SLBS-MJ01A-12-VEL3DB101,1,True,2015-02-03T09:54:20Z,2015-02-04T00:00:00Z,50741,50741,0,1.0,1.0,1.0,-0.0,0,0,0,0,-0.0,0.0,0.0,-7.10248e-11,4.356737e-11,1.455192e-10,False,0.0,False
2015-02-04,RS01SLBS-MJ01A-12-VEL3DB101,1,True,2015-02-04T00:00:00Z,2015-02-04T23:06:39Z,83200,83200,0,1.0,1.0,1.0,-0.0,0,0,0,0,0.0,0.0,1e-06,3.552388e-10,2.021159e-10,7.130438e-10,False,0.0,False
2015-02-05,RS01SLBS-MJ01A-12-VEL3DB101,1,True,2015-02-05T01:55:06Z,2015-02-06T00:00:00Z,79495,79495,0,1.0,1.0,1.0,0.0,0,0,0,0,-0.0,0.0,0.0,-3.562679e-11,2.012746e-11,7.275958e-11,False,0.0,False
2015-02-06,RS01SLBS-MJ01A-12-VEL3DB101,1,True,2015-02-06T00:00:00Z,2015-02-07T00:00:00Z,86401,86401,0,1.0,1.0,1.0,-0.0,0,0,0,0,1e-06,0.0,2e-06,8.497393e-10,4.854626e-10,1.688022e-09,False,0.0,False
2015-02-07,RS01SLBS-MJ01A-12-VEL3DB101,1,True,2015-02-07T00:00:00Z,2015-02-08T00:00:00Z,86401,86401,0,1.0,1.0,1.0,-0.0,0,0,0,0,1e-06,0.0,2e-06,8.497393e-10,4.854626e-10,1.688022e-09,False,0.0,False
2015-02-08,RS01SLBS-MJ01A-12-VEL3DB101,1,True,2015-02-08T00:00:00Z,2015-02-09T00:00:00Z,86401,86401,0,1.0,1.0,1.0,-0.0,0,0,0,0,1e-06,0.0,2e-06,8.497393e-10,4.854626e-10,1.688022e-09,False,0.0,False
2015-02-09,RS01SLBS-MJ01A-12-VEL3DB101,1,True,2015-02-09T00:00:00Z,2015-02-10T00:00:00Z,86401,86401,0,1.0,1.0,1.0,-0.0,0,0,0,0,1e-06,0.0,2e-06,8.497393e-10,4.854626e-10,1.688022e-09,False,0.0,False
2015-02-10,RS01SLBS-MJ01A-12-VEL3DB101,1,True,2015-02-10T00:00:00Z,2015-02-11T00:00:00Z,86401,86401,0,1.0,1.0,1.0,-0.0,0,0,0,0,1e-06,0.0,2e-06,8.497393e-10,4.854626e-10,1.688022e-09,False,0.0,False
2015-02-11,RS01SLBS-MJ01A-12-VEL3DB101,1,True,2015-02-11T00:00:00Z,2015-02-12T00:00:00Z,86401,86401,0,1.0,1.0,1.0,-0.0,0,0,0,0,1e-06,0.0,2e-06,8.497393e-10,4.854626e-10,1.688022e-09,False,0.0,False
2015-02-12,RS01SLBS-MJ01A-12-VEL3DB101,1,True,2015-02-12T00:00:00Z,2015-02-13T00:00:00Z,86401,86401,0,1.0,1.0,1.0,-0.0,0,0,0,0,1e-06,0.0,2e-06,8.497393e-10,4.854626e-10,1.688022e-09,False,0.0,False
2015-02-13,RS01SLBS-MJ01A-12-VEL3DB101,1,True,2015-02-13T00:00:00Z,2015-02-14T00:00:00Z,86401,86401,0,1.0,1.0,1.0,-0.0,0,0,0,0,1e-06,0.0,2e-06,8.497393e-10,4.854626e-10,1.688022e-09,False,0.0,False
2015-02-14,RS01SLBS-MJ01A-12-VEL3DB101,1,True,2015-02-14T00:00:00Z,2015-02-15T00:00:00Z,86401,86401,0,1.0,1.0,1.0,-0.0,0,0,0,0,1e-06,0.0,2e-06,8.497393e-10,4.854626e-10,1.688022e-09,False,0.0,False
2015-02-15,RS01SLBS-MJ01A-12-VEL3DB101,1,True,2015-02-15T00:00:00Z,2015-02-16T00:00:00Z,86401,86401,0,1.0,1.0,1.0,-0.0,0,0,0,0,1e-06,0.0,2e-06,8.497393e-10,4.854626e-10,1.688022e-09,False,0.0,False
2015-02-16,RS01SLBS-MJ01A-12-VEL3DB101,1,True,2015-02-16T00:00:00Z,2015-02-17T00:00:00Z,86401,86401,0,1.0,1.0,1.0,-0.0,0,0,0,0,1e-06,0.0,2e-06,8.497393e-10,4.854626e-10,1.688022e-09,False,0.0,False
2015-02-17,RS01SLBS-MJ01A-12-VEL3DB101,1,True,2015-02-17T00:00:00Z,2015-02-18T00:00:00Z,86401,86401,0,1.0,1.0,1.0,-0.0,0,0,0,0,1e-06,0.0,2e-06,8.497393e-10,4.854626e-10,1.688022e-09,False,0.0,False
2015-02-18,RS01SLBS-MJ01A-12-VEL3DB101,1,True,2015-02-18T00:00:00Z,2015-02-19T00:00:00Z,86401,86401,0,1.0,1.0,1.0,-0.0,0,0,0,0,1e-06,0.0,2e-06,8.497393e-10,4.854626e-10,1.688022e-09,False,0.0,False
2015-02-19,RS01SLBS-MJ01A-12-VEL3DB101,1,True,2015-02-19T00:00:00Z,2015-02-20T00:00:00Z,86401,86401,0,1.0,1.0,1.0,-0.0,0,0,0,0,1e-06,0.0,2e-06,8.497393e-10,4.854626e-10,1.688022e-09,False,0.0,False
2015-02-20,RS01SLBS-MJ01A-12-VEL3DB101,1,True,2015-02-20T00:00:00Z,2015-02-21T00:00:00Z,86079,86401,322,1.0,1.0,1.0,-0.0,1,322,1,322,0.0,0.0,0.0,2.068588e-10,1.179199e-10,4.074536e-10,False,0.0,True
2015-02-21,RS01SLBS-MJ01A-12-VEL3DB101,1,True,2015-02-21T00:00:00Z,2015-02-22T00:00:00Z,86401,86401,0,1.0,1.0,1.0,-0.0,0,0,0,0,1e-06,0.0,2e-06,8.497393e-10,4.854626e-10,1.688022e-09,False,0.0,False
2015-02-22,RS01SLBS-MJ01A-12-VEL3DB101,1,True,2015-02-22T00:00:00Z,2015-02-23T00:00:00Z,86401,86401,0,1.0,1.0,1.0,-0.0,0,0,0,0,1e-06,0.0,2e-06,8.497393e-10,4.854626e-10,1.688022e-09,False,0.0,False
2015-02-23,RS01SLBS-MJ01A-12-VEL3DB101,1,True,2015-02-23T00:00:00Z,2015-02-24T00:00:00Z,86401,86401,0,1.0,1.0,1.0,-0.0,0,0,0,0,1e-06,0.0,2e-06,8.497393e-10,4.854626e-10,1.688022e-09,False,0.0,False
2015-02-24,RS01SLBS-MJ01A-12-VEL3DB101,1,True,2015-02-24T00:00:00Z,2015-02-25T00:00:00Z,86401,86401,0,1.0,1.0,1.0,-0.0,0,0,0,0,1e-06,0.0,2e-06,8.497393e-10,4.854626e-10,1.688022e-09,False,0.0,False
2015-02-25,RS01SLBS-MJ01A-12-VEL3DB101,1,True,2015-02-25T00:00:00Z,2015-02-26T00:00:00Z,86401,86401,0,1.0,1.0,1.0,-0.0,0,0,0,0,1e-06,0.0,2e-06,8.497393e-10,4.854626e-10,1.688022e-09,False,0.0,False
2015-02-26,RS01SLBS-MJ01A-12-VEL3DB101,1,True,2015-02-26T00:00:00Z,2015-02-27T00:00:00Z,86401,86401,0,1.0,1.0,1.0,-0.0,0,0,0,0,1e-06,0.0,2e-06,8.497393e-10,4.854626e-10,1.688022e-09,False,0.0,False
2015-02-27,RS01SLBS-MJ01A-12-VEL3DB101,1,True,2015-02-27T00:00:00Z,2015-02-28T00:00:00Z,86401,86401,0,1.0,1.0,1.0,-0.0,0,0,0,0,1e-06,0.0,2e-06,8.497393e-10,4.854626e-10,1.688022e-09,False,0.0,False
2015-02-28,RS01SLBS-MJ01A-12-VEL3DB101,1,True,2015-02-28T00:00:00Z,2015-03-01T00:00:00Z,86401,86401,0,1.0,1.0,1.0,-0.0,0,0,0,0,1e-06,0.0,2e-06,8.497393e-10,4.854626e-10,1.688022e-09,False,0.0,False
2015-03-01,RS01SLBS-MJ01A-12-VEL3DB101,1,True,2015-03-01T00:00:00Z,2015-03-02T00:00:00Z,86401,86401,0,1.0,1.0,1.0,-0.0,0,0,0,0,1e-06,0.0,2e-06,8.497393e-10,4.854626e-10,1.688022e-09,False,0.0,False
2015-03-02,RS01SLBS-MJ01A-12-VEL3DB101,1,True,2015-03-02T00:00:00Z,2015-03-03T00:00:00Z,86401,86401,0,1.0,1.0,1.0,-0.0,0,0,0,0,1e-06,0.0,2e-06,8.497393e-10,4.854626e-10,1.688022e-09,False,0.0,False
2015-03-03,RS01SLBS-MJ01A-12-VEL3DB101,1,True,2015-03-03T00:00:00Z,2015-03-04T00:00:00Z,86401,86401,0,1.0,1.0,1.0,-0.0,0,0,0,0,1e-06,0.0,2e-06,8.497393e-10,4.854626e-10,1.688022e-09,False,0.0,False
2015-03-04,RS01SLBS-MJ01A-12-VEL3DB101,1,True,2015-03-04T00:00:00Z,2015-03-05T00:00:00Z,86401,86401,0,1.0,1.0,1.0,-0.0,0,0,0,0,1e-06,0.0,2e-06,8.497393e-10,4.854626e-10,1.688022e-09,False,0.0,False
2015-03-05,RS01SLBS-MJ01A-12-VEL3DB101,1,True,2015-03-05T00:00:00Z,2015-03-06T00:00:00Z,86401,86401,0,1.0,1.0,1.0,-0.0,0,0,0,0,1e-06,0.0,2e-06,8.497393e-10,4.854626e-10,1.688022e-09,False,0.0,False
2015-03-06,RS01SLBS-MJ01A-12-VEL3DB101,1,True,2015-03-06T00:00:00Z,2015-03-07T00:00:00Z,86401,86401,0,1.0,1.0,1.0,-0.0,0,0,0,0,1e-06,0.0,2e-06,8.497393e-10,4.854626e-10,1.688022e-09,False,0.0,False
2015-03-07,RS01SLBS-MJ01A-12-VEL3DB101,1,True,2015-03-07T00:00:00Z,2015-03-07T22:56:18Z,82579,82579,0,1.0,1.0,1.0,0.0,0,0,0,0,0.0,0.0,0.0,1.1922e-10,7.272785e-11,2.473826e-10,False,0.0,False
2015-03-08,RS01SLBS-MJ01A-12-VEL3DB101,1,False,,,0,0,,1.0,,,,,,,,,,,,,,,,False
2015-03-09,RS01SLBS-MJ01A-12-VEL3DB101,1,True,2015-03-09T07:34:12Z,2015-03-10T00:00:00Z,58710,59149,439,1.0,1.0,1.0,-0.0,1,439,1,439,0.0,0.0,1e-06,4.127615e-10,2.370724e-10,8.221832e-10,False,0.0,True
2015-03-10,RS01SLBS-MJ01A-12-VEL3DB101,1,True,2015-03-10T00:00:00Z,2015-03-11T00:00:00Z,86401,86401,0,1.0,1.0,1.0,-0.0,0,0,0,0,1e-06,0.0,2e-06,8.497393e-10,4.854626e-10,1.688022e-09,False,0.0,False
2015-03-11,RS01SLBS-MJ01A-12-VEL3DB101,1,True,2015-03-11T00:00:00Z,2015-03-12T00:00:00Z,86401,86401,0,1.0,1.0,1.0,-0.0,0,0,0,0,1e-06,0.0,2e-06,8.497393e-10,4.854626e-10,1.688022e-09,False,0.0,False
2015-03-12,RS01SLBS-MJ01A-12-VEL3DB101,1,True,2015-03-12T00:00:00Z,2015-03-13T00:00:00Z,86401,86401,0,1.0,1.0,1.0,-0.0,0,0,0,0,1e-06,0.0,2e-06,8.497393e-10,4.854626e-10,1.688022e-09,False,0.0,False
2015-03-13,RS01SLBS-MJ01A-12-VEL3DB101,1,True,2015-03-13T00:00:00Z,2015-03-14T00:00:00Z,86401,86401,0,1.0,1.0,1.0,-0.0,0,0,0,0,1e-06,0.0,2e-06,8.497393e-10,4.854626e-10,1.688022e-09,False,0.0,False
2015-03-14,RS01SLBS-MJ01A-12-VEL3DB101,1,True,2015-03-14T00:00:00Z,2015-03-15T00:00:00Z,86401,86401,0,1.0,1.0,1.0,-0.0,0,0,0,0,1e-06,0.0,2e-06,8.497393e-10,4.854626e-10,1.688022e-09,False,0.0,False
2015-03-15,RS01SLBS-MJ01A-12-VEL3DB101,1,True,2015-03-15T00:00:00Z,2015-03-16T00:00:00Z,86401,86401,0,1.0,1.0,1.0,-0.0,0,0,0,0,1e-06,0.0,2e-06,8.497393e-10,4.854626e-10,1.688022e-09,False,0.0,False
2015-03-16,RS01SLBS-MJ01A-12-VEL3DB101,1,True,2015-03-16T00:00:00Z,2015-03-17T00:00:00Z,86401,86401,0,1.0,1.0,1.0,-0.0,0,0,0,0,1e-06,0.0,2e-06,8.497393e-10,4.854626e-10,1.688022e-09,False,0.0,False
2015-03-17,RS01SLBS-MJ01A-12-VEL3DB101,1,True,2015-03-17T00:00:00Z,2015-03-18T00:00:00Z,86401,86401,0,1.0,1.0,1.0,-0.0,0,0,0,0,1e-06,0.0,2e-06,8.497393e-10,4.854626e-10,1.688022e-09,False,0.0,False
2015-03-18,RS01SLBS-MJ01A-12-VEL3DB101,1,True,2015-03-18T00:00:00Z,2015-03-19T00:00:00Z,86401,86401,0,1.0,1.0,1.0,-0.0,0,0,0,0,1e-06,0.0,2e-06,8.497393e-10,4.854626e-10,1.688022e-09,False,0.0,False
2015-03-19,RS01SLBS-MJ01A-12-VEL3DB101,1,True,2015-03-19T00:00:00Z,2015-03-20T00:00:00Z,86401,86401,0,1.0,1.0,1.0,-0.0,0,0,0,0,1e-06,0.0,2e-06,8.497393e-10,4.854626e-10,1.688022e-09,False,0.0,False
2015-03-20,RS01SLBS-MJ01A-12-VEL3DB101,1,True,2015-03-20T00:00:00Z,2015-03-21T00:00:00Z,86401,86401,0,1.0,1.0,1.0,-0.0,0,0,0,0,1e-06,0.0,2e-06,8.497393e-10,4.854626e-10,1.688022e-09,False,0.0,False
2015-03-21,RS01SLBS-MJ01A-12-VEL3DB101,1,True,2015-03-21T00:00:00Z,2015-03-21T14:06:30Z,50791,50791,0,1.0,1.0,1.0,-0.0,0,0,0,0,0.0,0.0,0.0,8.61752e-11,4.564311e-11,1.67347e-10,False,0.0,False
2015-03-22,RS01SLBS-MJ01A-12-VEL3DB101,1,True,2015-03-22T02:13:38Z,2015-03-23T00:00:00Z,78383,78383,0,1.0,1.0,1.0,-0.0,0,0,0,0,1e-06,0.0,1e-06,6.718589e-10,3.764955e-10,1.324224e-09,False,0.0,False
2015-03-23,RS01SLBS-MJ01A-12-VEL3DB101,1,True,2015-03-23T00:00:00Z,2015-03-24T00:00:00Z,86401,86401,0,1.0,1.0,1.0,-0.0,0,0,0,0,1e-06,0.0,2e-06,8.497393e-10,4.854626e-10,1.688022e-09,False,0.0,False
2015-03-24,RS01SLBS-MJ01A-12-VEL3DB101,1,True,2015-03-24T00:00:00Z,2015-03-25T00:00:00Z,86401,86401,0,1.0,1.0,1.0,-0.0,0,0,0,0,1e-06,0.0,2e-06,8.497393e-10,4.854626e-10,1.688022e-09,False,0.0,False
2015-03-25,RS01SLBS-MJ01A-12-VEL3DB101,1,True,2015-03-25T00:00:00Z,2015-03-26T00:00:00Z,86401,86401,0,1.0,1.0,1.0,-0.0,0,0,0,0,1e-06,0.0,2e-06,8.497393e-10,4.854626e-10,1.688022e-09,False,0.0,False
2015-03-26,RS01SLBS-MJ01A-12-VEL3DB101,1,True,2015-03-26T00:00:00Z,2015-03-27T00:00:00Z,86401,86401,0,1.0,1.0,1.0,-0.0,0,0,0,0,1e-06,0.0,2e-06,8.497393e-10,4.854626e-10,1.688022e-09,False,0.0,False
2015-03-27,RS01SLBS-MJ01A-12-VEL3DB101,1,True,2015-03-27T00:00:00Z,2015-03-28T00:00:00Z,86401,86401,0,1.0,1.0,1.0,-0.0,0,0,0,0,1e-06,0.0,2e-06,8.497393e-10,4.854626e-10,1.688022e-09,False,0.0,False
2015-03-28,RS01SLBS-MJ01A-12-VEL3DB101,1,True,2015-03-28T00:00:00Z,2015-03-29T00:00:00Z,86401,86401,0,1.0,1.0,1.0,-0.0,0,0,0,0,1e-06,0.0,2e-06,8.497393e-10,4.854626e-10,1.688022e-09,False,0.0,False
2015-03-29,RS01SLBS-MJ01A-12-VEL3DB101,1,True,2015-03-29T00:00:00Z,2015-03-30T00:00:00Z,86401,86401,0,1.0,1.0,1.0,-0.0,0,0,0,0,1e-06,0.0,2e-06,8.497393e-10,4.854626e-10,1.688022e-09,False,0.0,False
2015-03-30,RS01SLBS-MJ01A-12-VEL3DB101,1,True,2015-03-30T00:00:00Z,2015-03-31T00:00:00Z,86401,86401,0,1.0,1.0,1.0,-0.0,0,0,0,0,1e-06,0.0,2e-06,8.497393e-10,4.854626e-10,1.688022e-09,False,0.0,False
2015-03-31,RS01SLBS-MJ01A-12-VEL3DB101,1,True,2015-03-31T00:00:00Z,2015-04-01T00:00:00Z,86401,86401,0,1.0,1.0,1.0,-0.0,0,0,0,0,1e-06,0.0,2e-06,8.497393e-10,4.854626e-10,1.688022e-09,False,0.0,False
2015-04-01,RS01SLBS-MJ01A-12-VEL3DB101,1,True,2015-04-01T00:00:00Z,2015-04-02T00:00:00Z,86401,86401,0,1.0,1.0,1.0,-0.0,0,0,0,0,1e-06,0.0,2e-06,8.497393e-10,4.854626e-10,1.688022e-09,False,0.0,False
2015-04-02,RS01SLBS-MJ01A-12-VEL3DB101,1,True,2015-04-02T00:00:00Z,2015-04-03T00:00:00Z,86401,86401,0,1.0,1.0,1.0,-0.0,0,0,0,0,1e-06,0.0,2e-06,8.497393e-10,4.854626e-10,1.688022e-09,False,0.0,False
2015-04-03,RS01SLBS-MJ01A-12-VEL3DB101,1,True,2015-04-03T00:00:00Z,2015-04-04T00:00:00Z,86401,86401,0,1.0,1.0,1.0,-0.0,0,0,0,0,1e-06,0.0,2e-06,8.497393e-10,4.854626e-10,1.688022e-09,False,0.0,False
2015-04-04,RS01SLBS-MJ01A-12-VEL3DB101,1,True,2015-04-04T00:00:00Z,2015-04-05T00:00:00Z,86401,86401,0,1.0,1.0,1.0,-0.0,0,0,0,0,1e-06,0.0,2e-06,8.497393e-10,4.854626e-10,1.688022e-09,False,0.0,False
2015-04-05,RS01SLBS-MJ01A-12-VEL3DB101,1,True,2015-04-05T00:00:00Z,2015-04-06T00:00:00Z,86401,86401,0,1.0,1.0,1.0,-0.0,0,0,0,0,1e-06,0.0,2e-06,8.497393e-10,4.854626e-10,1.688022e-09,False,0.0,False
2015-04-06,RS01SLBS-MJ01A-12-VEL3DB101,1,True,2015-04-06T00:00:00Z,2015-04-07T00:00:00Z,86401,86401,0,1.0,1.0,1.0,-0.0,0,0,0,0,1e-06,0.0,2e-06,8.497393e-10,4.854626e-10,1.688022e-09,False,0.0,False
2015-04-07,RS01SLBS-MJ01A-12-VEL3DB101,1,True,2015-04-07T00:00:00Z,2015-04-08T00:00:00Z,86401,86401,0,1.0,1.0,1.0,-0.0,0,0,0,0,1e-06,0.0,2e-06,8.497393e-10,4.854626e-10,1.688022e-09,False,0.0,False
2015-04-08,RS01SLBS-MJ01A-12-VEL3DB101,1,True,2015-04-08T00:00:00Z,2015-04-09T00:00:00Z,86401,86401,0,1.0,1.0,1.0,-0.0,0,0,0,0,1e-06,0.0,2e-06,8.497393e-10,4.854626e-10,1.688022e-09,False,0.0,False
2015-04-09,RS01SLBS-MJ01A-12-VEL3DB101,1,True,2015-04-09T00:00:00Z,2015-04-10T00:00:00Z,86401,86401,0,1.0,1.0,1.0,-0.0,0,0,0,0,1e-06,0.0,2e-06,8.497393e-10,4.854626e-10,1.688022e-09,False,0.0,False
2015-04-10,RS01SLBS-MJ01A-12-VEL3DB101,1,True,2015-04-10T00:00:00Z,2015-04-11T00:00:00Z,86401,86401,0,1.0,1.0,1.0,-0.0,0,0,0,0,1e-06,0.0,2e-06,8.497393e-10,4.854626e-10,1.688022e-09,False,0.0,False
2015-04-11,RS01SLBS-MJ01A-12-VEL3DB101,1,True,2015-04-11T00:00:00Z,2015-04-12T00:00:00Z,86401,86401,0,1.0,1.0,1.0,-0.0,0,0,0,0,1e-06,0.0,2e-06,8.497393e-10,4.854626e-10,1.688022e-09,False,0.0,False
2015-04-12,RS01SLBS-MJ01A-12-VEL3DB101,1,True,2015-04-12T00:00:00Z,2015-04-13T00:00:00Z,86401,86401,0,1.0,1.0,1.0,-0.0,0,0,0,0,1e-06,0.0,2e-06,8.497393e-10,4.854626e-10,1.688022e-09,False,0.0,False
2015-04-13,RS01SLBS-MJ01A-12-VEL3DB101,1,True,2015-04-13T00:00:00Z,2015-04-14T00:00:00Z,86401,86401,0,1.0,1.0,1.0,-0.0,0,0,0,0,1e-06,0.0,2e-06,8.497393e-10,4.854626e-10,1.688022e-09,False,0.0,False
2015-04-14,RS01SLBS-MJ01A-12-VEL3DB101,1,True,2015-04-14T00:00:00Z,2015-04-15T00:00:00Z,86401,86401,0,1.0,1.0,1.0,-0.0,0,0,0,0,1e-06,0.0,2e-06,8.497393e-10,4.854626e-10,1.688022e-09,False,0.0,False
2015-04-15,RS01SLBS-MJ01A-12-VEL3DB101,1,True,2015-04-15T00:00:00Z,2015-04-16T00:00:00Z,86401,86401,0,1.0,1.0,1.0,-0.0,0,0,0,0,1e-06,0.0,2e-06,8.497393e-10,4.854626e-10,1.688022e-09,False,0.0,False
2015-04-16,RS01SLBS-MJ01A-12-VEL3DB101,1,True,2015-04-16T00:00:00Z,2015-04-17T00:00:00Z,86401,86401,0,1.0,1.0,1.0,-0.0,0,0,0,0,1e-06,0.0,2e-06,8.497393e-10,4.854626e-10,1.688022e-09,False,0.0,False
2015-04-17,RS01SLBS-MJ01A-12-VEL3DB101,1,True,2015-04-17T00:00:00Z,2015-04-18T00:00:00Z,86401,86401,0,1.0,1.0,1.0,-0.0,0,0,0,0,1e-06,0.0,2e-06,8.497393e-10,4.854626e-10,1.688022e-09,False,0.0,False
2015-04-18,RS01SLBS-MJ01A-12-VEL3DB101,1,True,2015-04-18T00:00:00Z,2015-04-19T00:00:00Z,86401,86401,0,1.0,1.0,1.0,-0.0,0,0,0,0,1e-06,0.0,2e-06,8.497393e-10,4.854626e-10,1.688022e-09,False,0.0,False
2015-04-19,RS01SLBS-MJ01A-12-VEL3DB101,1,True,2015-04-19T00:00:00Z,2015-04-20T00:00:00Z,86401,86401,0,1.0,1.0,1.0,-0.0,0,0,0,0,1e-06,0.0,2e-06,8.497393e-10,4.854626e-10,1.688022e-09,False,0.0,False
2015-04-20,RS01SLBS-MJ01A-12-VEL3DB101,1,True,2015-04-20T00:00:00Z,2015-04-21T00:00:00Z,86401,86401,0,1.0,1.0,1.0,-0.0,0,0,0,0,1e-06,0.0,2e-06,8.497393e-10,4.854626e-10,1.688022e-09,False,0.0,False
2015-04-21,RS01SLBS-MJ01A-12-VEL3DB101,1,True,2015-04-21T00:00:00Z,2015-04-22T00:00:00Z,86401,86401,0,1.0,1.0,1.0,-0.0,0,0,0,0,1e-06,0.0,2e-06,8.497393e-10,4.854626e-10,1.688022e-09,False,0.0,False
2015-04-22,RS01SLBS-MJ01A-12-VEL3DB101,1,True,2015-04-22T00:00:00Z,2015-04-23T00:00:00Z,86401,86401,0,1.0,1.0,1.0,-0.0,0,0,0,0,1e-06,0.0,2e-06,8.497393e-10,4.854626e-10,1.688022e-09,False,0.0,False
2015-04-23,RS01SLBS-MJ01A-12-VEL3DB101,1,True,2015-04-23T00:00:00Z,2015-04-23T22:29:05Z,80946,80946,0,1.0,1.0,1.0,-0.0,0,0,0,0,0.0,0.0,0.0,1.706798e-10,9.85186e-11,3.346941e-10,False,0.0,False
2015-04-24,RS01SLBS-MJ01A-12-VEL3DB101,1,True,2015-04-24T21:36:12Z,2015-04-25T00:00:00Z,8629,8629,0,1.0,1.0,1.0,-0.0,0,0,0,0,0.0,0.0,0.0,1.200497e-11,6.926946e-12,2.364686e-11,False,0.0,False
2015-04-25,RS01SLBS-MJ01A-12-VEL3DB101,1,True,2015-04-25T00:00:00Z,2015-04-26T00:00:00Z,86401,86401,0,1.0,1.0,1.0,-0.0,0,0,0,0,1e-06,0.0,2e-06,8.497393e-10,4.854626e-10,1.688022e-09,False,0.0,False
2015-04-26,RS01SLBS-MJ01A-12-VEL3DB101,1,True,2015-04-26T00:00:00Z,2015-04-27T00:00:00Z,86401,86401,0,1.0,1.0,1.0,-0.0,0,0,0,0,1e-06,0.0,2e-06,8.497393e-10,4.854626e-10,1.688022e-09,False,0.0,False
2015-04-27,RS01SLBS-MJ01A-12-VEL3DB101,1,True,2015-04-27T00:00:00Z,2015-04-27T18:48:11Z,67692,67692,0,1.0,1.0,1.0,0.0,0,0,0,0,0.0,0.0,1e-06,4.004274e-10,2.33624e-10,8.003553e-10,False,0.0,False
2015-04-28,RS01SLBS-MJ01A-12-VEL3DB101,1,False,,,0,0,,1.0,,,,,,,,,,,,,,,,False
2015-04-29,RS01SLBS-MJ01A-12-VEL3DB101,1,False,,,0,0,,1.0,,,,,,,,,,,,,,,,False
2015-04-30,RS01SLBS-MJ01A-12-VEL3DB101,1,True,2015-04-30T22:46:47Z,2015-05-01T00:00:00Z,4394,4394,0,1.0,1.0,1.0,0.0,0,0,0,0,-0.0,0.0,0.0,-8.627774e-12,4.578716e-12,1.63709e-11,False,0.0,False
2015-05-01,RS01SLBS-MJ01A-12-VEL3DB101,1,True,2015-05-01T00:00:00Z,2015-05-02T00:00:00Z,86401,86401,0,1.0,1.0,1.0,-0.0,0,0,0,0,1e-06,0.0,2e-06,8.497393e-10,4.854626e-10,1.688022e-09,False,0.0,False
2015-05-02,RS01SLBS-MJ01A-12-VEL3DB101,1,True,2015-05-02T00:00:00Z,2015-05-03T00:00:00Z,86401,86401,0,1.0,1.0,1.0,-0.0,0,0,0,0,1e-06,0.0,2e-06,8.497393e-10,4.854626e-10,1.688022e-09,False,0.0,False
2015-05-03,RS01SLBS-MJ01A-12-VEL3DB101,1,True,2015-05-03T00:00:00Z,2015-05-04T00:00:00Z,86401,86401,0,1.0,1.0,1.0,-0.0,0,0,0,0,1e-06,0.0,2e-06,8.497393e-10,4.854626e-10,1.688022e-09,False,0.0,False
2015-05-04,RS01SLBS-MJ01A-12-VEL3DB101,1,True,2015-05-04T00:00:00Z,2015-05-05T00:00:00Z,86401,86401,0,1.0,1.0,1.0,-0.0,0,0,0,0,1e-06,0.0,2e-06,8.497393e-10,4.854626e-10,1.688022e-09,False,0.0,False
2015-05-05,RS01SLBS-MJ01A-12-VEL3DB101,1,True,2015-05-05T00:00:00Z,2015-05-06T00:00:00Z,86401,86401,0,1.0,1.0,1.0,-0.0,0,0,0,0,1e-06,0.0,2e-06,8.497393e-10,4.854626e-10,1.688022e-09,False,0.0,False
2015-05-06,RS01SLBS-MJ01A-12-VEL3DB101,1,True,2015-05-06T00:00:00Z,2015-05-07T00:00:00Z,86401,86401,0,1.0,1.0,1.0,-0.0,0,0,0,0,1e-06,0.0,2e-06,8.497393e-10,4.854626e-10,1.688022e-09,False,0.0,False
2015-05-07,RS01SLBS-MJ01A-12-VEL3DB101,1,True,2015-05-07T00:00:00Z,2015-05-08T00:00:00Z,86401,86401,0,1.0,1.0,1.0,-0.0,0,0,0,0,1e-06,0.0,2e-06,8.497393e-10,4.854626e-10,1.688022e-09,False,0.0,False
2015-05-08,RS01SLBS-MJ01A-12-VEL3DB101,1,True,2015-05-08T00:00:00Z,2015-05-09T00:00:00Z,86401,86401,0,1.0,1.0,1.0,-0.0,0,0,0,0,1e-06,0.0,2e-06,8.497393e-10,4.854626e-10,1.688022e-09,False,0.0,False
2015-05-09,RS01SLBS-MJ01A-12-VEL3DB101,1,True,2015-05-09T00:00:00Z,2015-05-10T00:00:00Z,86401,86401,0,1.0,1.0,1.0,-0.0,0,0,0,0,1e-06,0.0,2e-06,8.497393e-10,4.854626e-10,1.688022e-09,False,0.0,False
2015-05-10,RS01SLBS-MJ01A-12-VEL3DB101,1,True,2015-05-10T00:00:00Z,2015-05-11T00:00:00Z,86401,86401,0,1.0,1.0,1.0,-0.0,0,0,0,0,1e-06,0.0,2e-06,8.497393e-10,4.854626e-10,1.688022e-09,False,0.0,False
2015-05-11,RS01SLBS-MJ01A-12-VEL3DB101,1,True,2015-05-11T00:00:00Z,2015-05-12T00:00:00Z,86401,86401,0,1.0,1.0,1.0,-0.0,0,0,0,0,1e-06,0.0,2e-06,8.497393e-10,4.854626e-10,1.688022e-09,False,0.0,False
2015-05-12,RS01SLBS-MJ01A-12-VEL3DB101,1,True,2015-05-12T00:00:00Z,2015-05-13T00:00:00Z,86401,86401,0,1.0,1.0,1.0,-0.0,0,0,0,0,1e-06,0.0,2e-06,8.497393e-10,4.854626e-10,1.688022e-09,False,0.0,False
2015-05-13,RS01SLBS-MJ01A-12-VEL3DB101,1,True,2015-05-13T00:00:00Z,2015-05-14T00:00:00Z,86401,86401,0,1.0,1.0,1.0,-0.0,0,0,0,0,1e-06,0.0,2e-06,8.497393e-10,4.854626e-10,1.688022e-09,False,0.0,False
2015-05-14,RS01SLBS-MJ01A-12-VEL3DB101,1,True,2015-05-14T00:00:00Z,2015-05-15T00:00:00Z,86401,86401,0,1.0,1.0,1.0,-0.0,0,0,0,0,1e-06,0.0,2e-06,8.497393e-10,4.854626e-10,1.688022e-09,False,0.0,False
2015-05-15,RS01SLBS-MJ01A-12-VEL3DB101,1,True,2015-05-15T00:00:00Z,2015-05-16T00:00:00Z,86401,86401,0,1.0,1.0,1.0,-0.0,0,0,0,0,1e-06,0.0,2e-06,8.497393e-10,4.854626e-10,1.688022e-09,False,0.0,False
2015-05-16,RS01SLBS-MJ01A-12-VEL3DB101,1,True,2015-05-16T00:00:00Z,2015-05-17T00:00:00Z,86401,86401,0,1.0,1.0,1.0,-0.0,0,0,0,0,1e-06,0.0,2e-06,8.497393e-10,4.854626e-10,1.688022e-09,False,0.0,False
2015-05-17,RS01SLBS-MJ01A-12-VEL3DB101,1,True,2015-05-17T00:00:00Z,2015-05-18T00:00:00Z,86401,86401,0,1.0,1.0,1.0,-0.0,0,0,0,0,1e-06,0.0,2e-06,8.497393e-10,4.854626e-10,1.688022e-09,False,0.0,False
2015-05-18,RS01SLBS-MJ01A-12-VEL3DB101,1,True,2015-05-18T00:00:00Z,2015-05-19T00:00:00Z,86401,86401,0,1.0,1.0,1.0,-0.0,0,0,0,0,1e-06,0.0,2e-06,8.497393e-10,4.854626e-10,1.688022e-09,False,0.0,False
2015-05-19,RS01SLBS-MJ01A-12-VEL3DB101,1,True,2015-05-19T00:00:00Z,2015-05-20T00:00:00Z,80257,86401,6144,1.0,1.0,1.0,0.0,1,6144,1,6144,-0.0,0.0,0.0,-8.90762e-12,4.787037e-12,1.455192e-11,False,0.0,True
2015-05-20,RS01SLBS-MJ01A-12-VEL3DB101,1,True,2015-05-20T00:00:00Z,2015-05-21T00:00:00Z,86401,86401,0,1.0,1.0,1.0,-0.0,0,0,0,0,1e-06,0.0,2e-06,8.497393e-10,4.854626e-10,1.688022e-09,False,0.0,False
2015-05-21,RS01SLBS-MJ01A-12-VEL3DB101,1,True,2015-05-21T00:00:00Z,2015-05-22T00:00:00Z,86401,86401,0,1.0,1.0,1.0,-0.0,0,0,0,0,1e-06,0.0,2e-06,8.497393e-10,4.854626e-10,1.688022e-09,False,0.0,False
2015-05-22,RS01SLBS-MJ01A-12-VEL3DB101,1,True,2015-05-22T00:00:00Z,2015-05-23T00:00:00Z,86401,86401,0,1.0,1.0,1.0,-0.0,0,0,0,0,1e-06,0.0,2e-06,8.497393e-10,4.854626e-10,1.688022e-09,False,0.0,False
2015-05-23,RS01SLBS-MJ01A-12-VEL3DB101,1,True,2015-05-23T00:00:00Z,2015-05-24T00:00:00Z,86401,86401,0,1.0,1.0,1.0,-0.0,0,0,0,0,1e-06,0.0,2e-06,8.497393e-10,4.854626e-10,1.688022e-09,False,0.0,False
2015-05-24,RS01SLBS-MJ01A-12-VEL3DB101,1,True,2015-05-24T00:00:00Z,2015-05-25T00:00:00Z,86401,86401,0,1.0,1.0,1.0,-0.0,0,0,0,0,1e-06,0.0,2e-06,8.497393e-10,4.854626e-10,1.688022e-09,False,0.0,False
2015-05-25,RS01SLBS-MJ01A-12-VEL3DB101,1,True,2015-05-25T00:00:00Z,2015-05-26T00:00:00Z,86401,86401,0,1.0,1.0,1.0,-0.0,0,0,0,0,1e-06,0.0,2e-06,8.497393e-10,4.854626e-10,1.688022e-09,False,0.0,False
2015-05-26,RS01SLBS-MJ01A-12-VEL3DB101,1,True,2015-05-26T00:00:00Z,2015-05-27T00:00:00Z,86401,86401,0,1.0,1.0,1.0,-0.0,0,0,0,0,1e-06,0.0,2e-06,8.497393e-10,4.854626e-10,1.688022e-09,False,0.0,False
2015-05-27,RS01SLBS-MJ01A-12-VEL3DB101,1,True,2015-05-27T00:00:00Z,2015-05-28T00:00:00Z,86401,86401,0,1.0,1.0,1.0,-0.0,0,0,0,0,1e-06,0.0,2e-06,8.497393e-10,4.854626e-10,1.688022e-09,False,0.0,False
2015-05-28,RS01SLBS-MJ01A-12-VEL3DB101,1,True,2015-05-28T00:00:00Z,2015-05-29T00:00:00Z,86401,86401,0,1.0,1.0,1.0,-0.0,0,0,0,0,1e-06,0.0,2e-06,8.497393e-10,4.854626e-10,1.688022e-09,False,0.0,False
2015-05-29,RS01SLBS-MJ01A-12-VEL3DB101,1,True,2015-05-29T00:00:00Z,2015-05-30T00:00:00Z,86401,86401,0,1.0,1.0,1.0,-0.0,0,0,0,0,1e-06,0.0,2e-06,8.497393e-10,4.854626e-10,1.688022e-09,False,0.0,False
2015-05-30,RS01SLBS-MJ01A-12-VEL3DB101,1,True,2015-05-30T00:00:00Z,2015-05-31T00:00:00Z,86401,86401,0,1.0,1.0,1.0,-0.0,0,0,0,0,1e-06,0.0,2e-06,8.497393e-10,4.854626e-10,1.688022e-09,False,0.0,False
2015-05-31,RS01SLBS-MJ01A-12-VEL3DB101,1,True,2015-05-31T00:00:00Z,2015-06-01T00:00:00Z,86401,86401,0,1.0,1.0,1.0,-0.0,0,0,0,0,1e-06,0.0,2e-06,8.497393e-10,4.854626e-10,1.688022e-09,False,0.0,False
2015-06-01,RS01SLBS-MJ01A-12-VEL3DB101,1,True,2015-06-01T00:00:00Z,2015-06-02T00:00:00Z,86401,86401,0,1.0,1.0,1.0,-0.0,0,0,0,0,1e-06,0.0,2e-06,8.497393e-10,4.854626e-10,1.688022e-09,False,0.0,False
2015-06-02,RS01SLBS-MJ01A-12-VEL3DB101,1,True,2015-06-02T00:00:00Z,2015-06-03T00:00:00Z,86401,86401,0,1.0,1.0,1.0,-0.0,0,0,0,0,1e-06,0.0,2e-06,8.497393e-10,4.854626e-10,1.688022e-09,False,0.0,False
2015-06-03,RS01SLBS-MJ01A-12-VEL3DB101,1,True,2015-06-03T00:00:00Z,2015-06-04T00:00:00Z,86401,86401,0,1.0,1.0,1.0,-0.0,0,0,0,0,1e-06,0.0,2e-06,8.497393e-10,4.854626e-10,1.688022e-09,False,0.0,False
2015-06-04,RS01SLBS-MJ01A-12-VEL3DB101,1,True,2015-06-04T00:00:00Z,2015-06-05T00:00:00Z,86401,86401,0,1.0,1.0,1.0,-0.0,0,0,0,0,1e-06,0.0,2e-06,8.497393e-10,4.854626e-10,1.688022e-09,False,0.0,False
2015-06-05,RS01SLBS-MJ01A-12-VEL3DB101,1,True,2015-06-05T00:00:00Z,2015-06-06T00:00:00Z,86401,86401,0,1.0,1.0,1.0,-0.0,0,0,0,0,1e-06,0.0,2e-06,8.497393e-10,4.854626e-10,1.688022e-09,False,0.0,False
2015-06-06,RS01SLBS-MJ01A-12-VEL3DB101,1,True,2015-06-06T00:00:00Z,2015-06-07T00:00:00Z,86401,86401,0,1.0,1.0,1.0,-0.0,0,0,0,0,1e-06,0.0,2e-06,8.497393e-10,4.854626e-10,1.688022e-09,False,0.0,False
2015-06-07,RS01SLBS-MJ01A-12-VEL3DB101,1,True,2015-06-07T00:00:00Z,2015-06-08T00:00:00Z,86401,86401,0,1.0,1.0,1.0,-0.0,0,0,0,0,1e-06,0.0,2e-06,8.497393e-10,4.854626e-10,1.688022e-09,False,0.0,False
2015-06-08,RS01SLBS-MJ01A-12-VEL3DB101,1,True,2015-06-08T00:00:00Z,2015-06-09T00:00:00Z,86401,86401,0,1.0,1.0,1.0,-0.0,0,0,0,0,1e-06,0.0,2e-06,8.497393e-10,4.854626e-10,1.688022e-09,False,0.0,False
2015-06-09,RS01SLBS-MJ01A-12-VEL3DB101,1,True,2015-06-09T00:00:00Z,2015-06-10T00:00:00Z,86401,86401,0,1.0,1.0,1.0,-0.0,0,0,0,0,1e-06,0.0,2e-06,8.497393e-10,4.854626e-10,1.688022e-09,False,0.0,False
2015-06-10,RS01SLBS-MJ01A-12-VEL3DB101,1,True,2015-06-10T00:00:00Z,2015-06-11T00:00:00Z,86367,86401,34,1.0,1.0,1.0,-0.0,1,34,1,34,-0.0,0.0,0.0,-1.001001e-10,6.278137e-11,2.182787e-10,False,0.0,True
2015-06-11,RS01SLBS-MJ01A-12-VEL3DB101,1,True,2015-06-11T00:00:00Z,2015-06-12T00:00:00Z,86401,86401,0,1.0,1.0,1.0,-0.0,0,0,0,0,1e-06,0.0,2e-06,8.497393e-10,4.854626e-10,1.688022e-09,False,0.0,False
2015-06-12,RS01SLBS-MJ01A-12-VEL3DB101,1,True,2015-06-12T00:00:00Z,2015-06-13T00:00:00Z,86401,86401,0,1.0,1.0,1.0,-0.0,0,0,0,0,1e-06,0.0,2e-06,8.497393e-10,4.854626e-10,1.688022e-09,False,0.0,False
2015-06-13,RS01SLBS-MJ01A-12-VEL3DB101,1,True,2015-06-13T00:00:00Z,2015-06-14T00:00:00Z,86401,86401,0,1.0,1.0,1.0,-0.0,0,0,0,0,1e-06,0.0,2e-06,8.497393e-10,4.854626e-10,1.688022e-09,False,0.0,False
2015-06-14,RS01SLBS-MJ01A-12-VEL3DB101,1,True,2015-06-14T00:00:00Z,2015-06-15T00:00:00Z,86401,86401,0,1.0,1.0,1.0,-0.0,0,0,0,0,1e-06,0.0,2e-06,8.497393e-10,4.854626e-10,1.688022e-09,False,0.0,False
2015-06-15,RS01SLBS-MJ01A-12-VEL3DB101,1,True,2015-06-15T00:00:00Z,2015-06-16T00:00:00Z,38603,86401,47798,1.0,1.0,1.0,0.0,2,47798,2,47798,-0.0,0.0,0.0,-1.909403e-10,1.099168e-10,3.055902e-10,False,0.0,True
2015-06-16,RS01SLBS-MJ01A-12-VEL3DB101,1,True,2015-06-16T00:00:00Z,2015-06-16T19:14:45Z,67025,69286,2261,1.0,1.0,1.0,0.0,2166,2261,2166,2261,-0.0,0.0,1e-06,-3.035456e-10,1.747054e-10,5.966285e-10,False,0.0,True
2015-06-17,RS01SLBS-MJ01A-12-VEL3DB101,1,True,2015-06-17T00:00:00Z,2015-06-17T23:08:11Z,77415,83288,5873,1.0,0.999719143,1.000054945,-0.899873372,3,5873,3,5873,-1e-06,55.948138,903.333747,-5.790072e-10,0.05594506,0.9032841,True,0.440413,True
2015-06-18,RS01SLBS-MJ01A-12-VEL3DB101,1,True,2015-06-18T08:06:34Z,2015-06-18T23:59:59Z,53049,57205,4156,1.0,0.999718666,1.000036263,0.32535442,1,4156,1,4156,0.0,448.810758,1209.367518,2.58802e-10,0.4487945,1.209324,True,0.452661,True
2015-06-19,RS01SLBS-MJ01A-12-VEL3DB101,1,True,2015-06-19T00:00:00Z,2015-06-19T23:59:59Z,86395,86395,0,1.0,0.999729156,1.000055172,0.001314763,0,0,0,0,-0.0,2.93454,14.552087,-2.953648e-10,0.002934378,0.01455128,False,0.011386,False
2015-06-20,RS01SLBS-MJ01A-12-VEL3DB101,1,True,2015-06-20T00:00:00Z,2015-06-20T23:59:59Z,86395,86395,0,1.0,0.999734879,1.000055261,0.000133012,0,0,0,0,-0.0,2.766471,14.117591,-3.501695e-10,0.002766318,0.01411681,False,0.01094,False
2015-06-21,RS01SLBS-MJ01A-12-VEL3DB101,1,True,2015-06-21T00:00:00Z,2015-06-21T23:59:59Z,86395,86395,0,1.0,0.999738216,1.000055204,-0.001050832,0,0,0,0,-0.0,2.907488,10.89501,-3.466634e-10,0.002907327,0.01089441,False,0.011138,False
2015-06-22,RS01SLBS-MJ01A-12-VEL3DB101,1,True,2015-06-22T00:00:00Z,2015-06-22T23:54:09Z,86045,86045,0,1.0,0.999735832,1.000055197,0.002595686,0,0,1,1,1e-06,2.447136,9.513097,5.077242e-10,0.002447001,0.009512572,False,0.006884,False
2015-06-23,RS01SLBS-MJ01A-12-VEL3DB101,1,True,2015-06-23T04:49:48Z,2015-06-23T23:59:59Z,69008,69008,0,1.0,0.999722004,1.000055244,-0.014893395,0,0,2,2,1e-06,2.597041,14.893395,5.646529e-10,0.002596897,0.01489257,False,0.012834,False
2015-06-24,RS01SLBS-MJ01A-12-VEL3DB101,1,True,2015-06-24T00:00:00Z,2015-06-24T23:59:59Z,86313,86395,82,1.0,0.999713898,1.000059272,-0.103138563,2,82,2,82,0.0,98.627709,216.887139,3.504733e-10,0.09862186,0.2168743,False,0.365837,True
2015-06-25,RS01SLBS-MJ01A-12-VEL3DB101,1,True,2015-06-25T00:00:00Z,2015-06-25T23:59:59Z,86395,86395,0,1.0,0.999733925,1.000055184,0.000629012,0,0,1,1,-1e-06,1.846854,10.283707,-6.255282e-10,0.001846752,0.01028314,False,0.01031,False
2015-06-26,RS01SLBS-MJ01A-12-VEL3DB101,1,True,2015-06-26T00:00:00Z,2015-06-26T23:59:59Z,86396,86396,0,1.0,0.999729156,1.00005517,0.001282028,0,0,0,0,-0.0,2.105714,9.532786,-1.286574e-10,0.002105598,0.00953226,False,0.006368,False
2015-06-27,RS01SLBS-MJ01A-12-VEL3DB101,1,True,2015-06-27T00:00:00Z,2015-06-27T23:59:59Z,86295,86395,100,1.0,0.999727249,1.000055452,-0.004569842,1,100,1,100,-0.0,5.286744,23.659253,-3.395527e-11,0.005286451,0.02365794,False,0.059377,True
2015-06-28,RS01SLBS-MJ01A-12-VEL3DB101,1,True,2015-06-28T00:00:00Z,2015-06-28T23:59:59Z,86395,86395,0,1.0,0.999729633,1.000055199,-0.000726353,0,0,0,0,-0.0,2.29263,16.437013,-3.308211e-10,0.002292504,0.01643611,False,0.014454,False
2015-06-29,RS01SLBS-MJ01A-12-VEL3DB101,1,True,2015-06-29T00:00:00Z,2015-06-29T23:59:59Z,86395,86395,0,1.0,0.999729156,1.00005518,0.007725623,0,0,0,0,-0.0,3.42391,15.35073,-3.646934e-10,0.003423721,0.01534988,False,0.012566,False
2015-06-30,RS01SLBS-MJ01A-12-VEL3DB101,1,True,2015-06-30T00:00:00Z,2015-06-30T23:59:59Z,84430,86397,1967,1.0,0.999724865,1.000033524,0.212469186,2,1967,2,1967,-1e-06,222.87197,500.473828,-5.601268e-10,0.2228645,0.5004571,True,0.431762,True
2015-07-01,RS01SLBS-MJ01A-12-VEL3DB101,1,True,2015-07-01T00:00:00Z,2015-07-01T23:59:59Z,86396,86395,0,1.0,0.999719143,1.000055449,-0.013955506,0,0,0,0,-1e-06,15.051049,102.528096,-7.874115e-10,0.01505021,0.1025224,False,0.114977,False
2015-07-02,RS01SLBS-MJ01A-12-VEL3DB101,1,True,2015-07-02T00:00:00Z,2015-07-02T23:59:59Z,86396,86396,0,1.0,0.999722004,1.00005514,-0.002159072,0,0,0,0,-0.0,2.383364,8.481697,-1.88315e-10,0.002383233,0.00848123,False,0.006696,False
2015-07-03,RS01SLBS-MJ01A-12-VEL3DB101,1,True,2015-07-03T00:00:00Z,2015-07-03T23:59:59Z,86395,86395,0,1.0,0.99972105,1.000055237,0.003685926,0,0,0,0,-0.0,1.645083,9.793889,-3.33442e-10,0.001644992,0.009793348,False,0.007675,False
2015-07-04,RS01SLBS-MJ01A-12-VEL3DB101,1,True,2015-07-04T00:00:00Z,2015-07-04T23:59:59Z,86395,86395,0,1.0,0.999720097,1.000055246,-0.000786847,0,0,0,0,-0.0,1.44287,11.769772,-3.345864e-10,0.00144279,0.01176912,False,0.014378,False
2015-07-05,RS01SLBS-MJ01A-12-VEL3DB101,1,True,2015-07-05T00:00:00Z,2015-07-05T23:59:59Z,86395,86395,0,1.0,0.999718189,1.000055202,-0.000305627,0,0,1,1,-1e-06,1.991574,8.13998,-5.458244e-10,0.001991464,0.008139531,False,0.007344,False
2015-07-06,RS01SLBS-MJ01A-12-VEL3DB101,1,True,2015-07-06T00:00:00Z,2015-07-06T23:59:59Z,86395,86395,0,1.0,0.999720097,1.000055228,0.002395605,0,0,1,1,1e-06,1.525626,8.13725,5.308797e-10,0.001525542,0.0081368,False,0.007802,False
2015-07-07,RS01SLBS-MJ01A-12-VEL3DB101,1,True,2015-07-07T00:00:00Z,2015-07-07T23:59:59Z,86396,86396,0,1.0,0.99972105,1.000055201,-0.002212263,0,0,0,0,-0.0,1.759657,12.812428,-9.502221e-11,0.00175956,0.01281172,False,0.014755,False
2015-07-08,RS01SLBS-MJ01A-12-VEL3DB101,1,True,2015-07-08T00:00:00Z,2015-07-08T23:59:59Z,86354,86395,41,1.0,0.999719143,1.000050299,0.115733079,1,41,1,41,-0.0,96.966716,187.949215,-8.856178e-12,0.09696184,0.1879398,False,0.319883,True
2015-07-09,RS01SLBS-MJ01A-12-VEL3DB101,1,True,2015-07-09T00:00:00Z,2015-07-09T23:59:59Z,86396,86396,0,1.0,0.999713898,1.000055214,-0.000715103,0,0,0,0,-0.0,2.367891,8.930448,-1.134555e-10,0.00236776,0.008929955,False,0.007323,False
2015-07-10,RS01SLBS-MJ01A-12-VEL3DB101,1,True,2015-07-10T00:00:00Z,2015-07-10T23:59:59Z,85957,86395,438,1.0,0.999720573,1.000055162,-0.001761302,1,438,1,438,-0.0,1.562086,9.242115,-1.779301e-10,0.001562,0.009241605,False,0.149286,True
2015-07-11,RS01SLBS-MJ01A-12-VEL3DB101,1,True,2015-07-11T00:00:00Z,2015-07-11T23:59:59Z,86348,86395,47,1.0,0.999720097,1.00005522,0.001559147,3,47,3,49,0.0,2.16295,243.191704,9.489217e-11,0.002162831,0.2431783,False,0.244923,True
2015-07-12,RS01SLBS-MJ01A-12-VEL3DB101,1,True,2015-07-12T00:00:00Z,2015-07-12T23:59:59Z,86395,86395,0,1.0,0.999719143,1.000055195,0.0002795,0,0,0,0,-0.0,2.020952,15.215575,-3.336761e-10,0.00202084,0.01521474,False,0.013628,False
2015-07-13,RS01SLBS-MJ01A-12-VEL3DB101,1,True,2015-07-13T00:00:00Z,2015-07-13T23:59:59Z,86395,86395,0,1.0,0.999720097,1.000055208,-0.001296305,0,0,0,0,-0.0,1.543813,7.395326,-3.678289e-10,0.001543728,0.007394917,False,0.005636,False
2015-07-14,RS01SLBS-MJ01A-12-VEL3DB101,1,True,2015-07-14T00:00:00Z,2015-07-14T23:59:59Z,86355,86396,41,1.0,0.999720097,1.000055,0.005817829,1,41,1,41,0.0,3.679093,14.774667,4.320308e-11,0.00367889,0.01477385,False,0.013272,True
2015-07-15,RS01SLBS-MJ01A-12-VEL3DB101,1,True,2015-07-15T00:00:00Z,2015-07-15T23:59:59Z,50310,86407,36097,1.0,0.999720097,0.999911041,2.829531313,1,36097,1,36097,-0.0,2077.499947,3615.746561,-1.51243e-10,2.077685,3.616068,True,0.26797,True
2015-07-16,RS01SLBS-MJ01A-12-VEL3DB101,1,True,2015-07-16T00:00:00Z,2015-07-16T23:59:59Z,85669,86396,727,1.0,0.999755859,1.00005613,-0.023439093,3,727,3,727,-0.0,55.192193,200.811428,-8.400483e-11,0.0551891,0.2008002,False,0.375845,True
2015-07-17,RS01SLBS-MJ01A-12-VEL3DB101,1,True,2015-07-17T00:00:00Z,2015-07-17T17:31:40Z,63098,63098,0,1.0,0.999928951,1.000047244,0.002983619,0,0,0,0,-0.0,1.723917,9.024899,-5.486643e-13,0.001723836,0.009024473,False,0.007969,False
2015-07-18,RS01SLBS-MJ01A-12-VEL3DB101,1,False,,,0,0,,1.0,,,,,,,,,,,,,,,,False
2015-07-19,RS01SLBS-MJ01A-12-VEL3DB101,1,False,,,0,0,,1.0,,,,,,,,,,,,,,,,False
2015-07-20,RS01SLBS-MJ01A-12-VEL3DB101,1,True,2015-07-20T17:10:01Z,2015-07-20T23:59:59Z,24368,24597,229,1.0,0.999722958,1.000055227,0.283084165,1,229,1,229,-0.0,10.406498,296.828737,-4.099079e-11,0.01040592,0.2968123,False,0.383066,True
2015-07-21,RS01SLBS-MJ01A-12-VEL3DB101,1,True,2015-07-21T00:00:00Z,2015-07-21T23:59:59Z,86395,86395,0,1.0,0.999726772,1.000055186,0.001588846,0,0,0,0,-0.0,1.477503,7.329848,-3.489261e-10,0.001477422,0.007329443,False,0.005458,False
2015-07-22,RS01SLBS-MJ01A-12-VEL3DB101,1,True,2015-07-22T00:00:00Z,2015-07-22T23:59:59Z,86395,86395,0,1.0,0.999724865,1.000055196,0.003145938,0,0,0,0,-0.0,1.639519,11.253069,-3.665909e-10,0.001639429,0.01125245,False,0.013989,False
2015-07-23,RS01SLBS-MJ01A-12-VEL3DB101,1,True,2015-07-23T00:00:00Z,2015-07-23T23:59:59Z,86396,86396,0,1.0,0.999733925,1.000055206,0.000869875,0,0,0,0,-0.0,2.096459,12.923663,-1.168009e-10,0.002096343,0.01292295,False,0.011949,False
2015-07-24,RS01SLBS-MJ01A-12-VEL3DB101,1,True,2015-07-24T00:00:00Z,2015-07-24T23:59:59Z,86395,86395,0,1.0,0.999762058,1.000055213,0.000867707,0,0,0,0,-0.0,1.786283,6.346314,-3.818917e-10,0.001786185,0.006345963,False,0.004606,False
2015-07-25,RS01SLBS-MJ01A-12-VEL3DB101,1,True,2015-07-25T00:00:00Z,2015-07-25T23:59:59Z,86395,86395,0,1.0,0.999775887,1.000055177,-0.000846471,0,0,1,1,0.0,1.8479,8.456537,1.093133e-11,0.001847798,0.008456071,False,0.007344,False
2015-07-26,RS01SLBS-MJ01A-12-VEL3DB101,1,True,2015-07-26T00:00:00Z,2015-07-26T23:59:59Z,86395,86395,0,1.0,0.999752045,1.000055195,0.00242996,0,0,0,0,-0.0,1.896316,8.111964,-3.470321e-10,0.001896212,0.008111516,False,0.0069,False
2015-07-27,RS01SLBS-MJ01A-12-VEL3DB101,1,True,2015-07-27T00:00:00Z,2015-07-27T23:59:59Z,86396,86396,0,1.0,0.999763012,1.000055214,0.001549159,0,0,2,2,-0.0,1.64745,12.322999,-3.116199e-10,0.001647359,0.01232232,False,0.016579,False
2015-07-28,RS01SLBS-MJ01A-12-VEL3DB101,1,True,2015-07-28T00:00:00Z,2015-07-28T23:59:59Z,86395,86395,0,1.0,0.999754906,1.000055217,-0.003544529,0,0,1,1,-0.0,2.298605,16.247173,-2.970712e-11,0.002298479,0.01624628,False,0.012735,False
2015-07-29,RS01SLBS-MJ01A-12-VEL3DB101,1,True,2015-07-29T00:00:00Z,2015-07-29T23:59:59Z,86395,86395,0,1.0,0.999755859,1.000055228,-0.0010915,0,0,1,1,-0.0,3.32702,10.585229,-2.024197e-10,0.003326836,0.01058464,False,0.006759,False
2015-07-30,RS01SLBS-MJ01A-12-VEL3DB101,1,True,2015-07-30T00:00:00Z,2015-07-30T23:59:59Z,86395,86395,0,1.0,0.999754429,1.000055219,-0.003569962,0,0,0,0,-0.0,3.068885,10.135887,-3.342108e-10,0.003068715,0.01013533,False,0.006706,False
2015-07-31,RS01SLBS-MJ01A-12-VEL3DB101,1,True,2015-07-31T00:00:00Z,2015-07-31T23:59:59Z,86395,86395,0,1.0,0.999760628,1.00005518,-0.002872398,0,0,1,1,0.0,1.746636,13.101189,1.790217e-11,0.001746539,0.01310047,False,0.012517,False
2015-08-01,RS01SLBS-MJ01A-12-VEL3DB101,1,True,2015-08-01T00:00:00Z,2015-08-01T23:59:59Z,86396,86396,0,1.0,0.999752045,1.000055226,-0.003767272,0,0,1,1,1e-06,2.909196,12.900711,5.253259e-10,0.002909035,0.0129,False,0.018512,False
2015-08-02,RS01SLBS-MJ01A-12-VEL3DB101,1,True,2015-08-02T00:00:00Z,2015-08-02T23:59:59Z,86395,86395,0,1.0,0.999752998,1.000055172,-0.00264591,0,0,0,0,-0.0,4.654591,14.546006,-3.021194e-10,0.004654334,0.0145452,False,0.013339,False
2015-08-03,RS01SLBS-MJ01A-12-VEL3DB101,1,True,2015-08-03T00:00:00Z,2015-08-03T23:59:59Z,86395,86395,0,1.0,0.999761105,1.000055192,-0.001347087,0,0,1,1,0.0,1.542104,14.651454,2.18118e-10,0.001542018,0.01465065,False,0.013318,False
2015-08-04,RS01SLBS-MJ01A-12-VEL3DB101,1,True,2015-08-04T00:00:00Z,2015-08-04T23:59:59Z,86395,86395,0,1.0,0.999772072,1.000055167,0.003671323,0,0,0,0,-0.0,3.140324,21.167446,-2.987113e-10,0.003140151,0.02116628,False,0.0177,False
2015-08-05,RS01SLBS-MJ01A-12-VEL3DB101,1,True,2015-08-05T00:00:00Z,2015-08-05T23:59:59Z,86396,86396,0,1.0,0.999780178,1.000055241,-0.005054296,0,0,1,1,-0.0,4.16427,19.023917,-4.803637e-10,0.00416404,0.01902287,False,0.014103,False
2015-08-06,RS01SLBS-MJ01A-12-VEL3DB101,1,True,2015-08-06T00:00:00Z,2015-08-06T23:59:59Z,86395,86395,0,1.0,0.999771357,1.000055223,0.002096883,0,0,0,0,-0.0,3.760362,15.732157,-3.290244e-10,0.003760155,0.01573129,False,0.015536,False
2015-08-07,RS01SLBS-MJ01A-12-VEL3DB101,1,True,2015-08-07T00:00:00Z,2015-08-07T23:59:59Z,86395,86395,0,1.0,0.999773979,1.000055219,-0.003382344,0,0,1,1,0.0,2.484287,12.246429,1.129689e-10,0.002484149,0.01224575,False,0.011947,False
2015-08-08,RS01SLBS-MJ01A-12-VEL3DB101,1,True,2015-08-08T00:00:00Z,2015-08-08T23:59:59Z,86395,86395,0,1.0,0.999763966,1.000055184,-0.001728708,0,0,1,1,-0.0,4.772278,11.892577,-8.43309e-11,0.004772014,0.01189192,False,0.011326,False
2015-08-09,RS01SLBS-MJ01A-12-VEL3DB101,1,True,2015-08-09T00:00:00Z,2015-08-09T23:59:59Z,86396,86396,0,1.0,0.999753952,1.000055219,-0.002163019,0,0,0,0,-0.0,1.876365,10.19467,-1.185137e-10,0.001876261,0.01019411,False,0.010099,False
2015-08-10,RS01SLBS-MJ01A-12-VEL3DB101,1,True,2015-08-10T00:00:00Z,2015-08-10T23:59:59Z,86395,86395,0,1.0,0.999754429,1.000055206,-0.001502752,0,0,0,0,-0.0,1.689568,12.360962,-3.419056e-10,0.001689474,0.01236028,False,0.012943,False
2015-08-11,RS01SLBS-MJ01A-12-VEL3DB101,1,True,2015-08-11T00:00:00Z,2015-08-11T23:59:59Z,86395,86395,0,1.0,0.999752998,1.000055215,-0.002924374,0,0,0,0,-0.0,1.857754,12.389001,-3.366221e-10,0.001857651,0.01238832,False,0.012843,False
2015-08-12,RS01SLBS-MJ01A-12-VEL3DB101,1,True,2015-08-12T00:00:00Z,2015-08-12T23:59:59Z,86395,86395,0,1.0,0.999754906,1.000055166,-0.00186048,0,0,1,1,-0.0,1.937941,14.92921,-1.165682e-11,0.001937834,0.01492839,False,0.016231,False
2015-08-13,RS01SLBS-MJ01A-12-VEL3DB101,1,True,2015-08-13T00:00:00Z,2015-08-13T23:59:59Z,86396,86396,0,1.0,0.999754906,1.000055197,0.000955209,0,0,2,2,-0.0,2.663632,13.691335,-2.497081e-10,0.002663485,0.01369058,False,0.018321,False
2015-08-14,RS01SLBS-MJ01A-12-VEL3DB101,1,True,2015-08-14T00:00:00Z,2015-08-14T23:59:59Z,86395,86395,0,1.0,0.99974966,1.000055233,0.003544703,0,0,0,0,-0.0,2.006127,8.096603,-3.560371e-10,0.002006016,0.008096156,False,0.007268,False
2015-08-15,RS01SLBS-MJ01A-12-VEL3DB101,1,True,2015-08-15T00:00:00Z,2015-08-15T14:05:23Z,50721,50721,0,1.0,0.999752522,1.000055108,0.000173405,0,0,0,0,0.0,1.465857,7.3317,1.914789e-10,0.001465776,0.007331296,False,0.008755,False
2015-08-16,RS01SLBS-MJ01A-12-VEL3DB101,1,True,2015-08-16T02:30:45Z,2015-08-16T23:59:59Z,77351,77351,0,1.0,0.999760628,1.000055248,0.00088786,0,0,1,1,-0.0,2.064924,10.280889,-1.266977e-10,0.00206481,0.01028032,False,0.011759,False
2015-08-17,RS01SLBS-MJ01A-12-VEL3DB101,1,True,2015-08-17T00:00:00Z,2015-08-17T23:59:59Z,86395,86395,0,1.0,0.999765396,1.000055167,0.001470778,0,0,0,0,-0.0,2.75199,13.786849,-3.140155e-10,0.002751838,0.01378609,False,0.017726,False
2015-08-18,RS01SLBS-MJ01A-12-VEL3DB101,1,True,2015-08-18T00:00:00Z,2015-08-18T23:59:59Z,86396,86396,0,1.0,0.999763012,1.000055183,0.002864837,0,0,0,0,-0.0,1.649592,8.884486,-9.764244e-11,0.001649501,0.008883996,False,0.007508,False
2015-08-19,RS01SLBS-MJ01A-12-VEL3DB101,1,True,2015-08-19T00:00:00Z,2015-08-19T23:59:59Z,86395,86395,0,1.0,0.999771357,1.000055206,-0.002096901,0,0,2,2,1e-06,1.942399,8.764507,8.224974e-10,0.001942292,0.008764023,False,0.006698,False
2015-08-20,RS01SLBS-MJ01A-12-VEL3DB101,1,True,2015-08-20T00:00:00Z,2015-08-20T23:59:59Z,86395,86395,0,1.0,0.999757767,1.000055181,-0.000630626,0,0,2,2,0.0,1.600218,10.100987,4.263753e-10,0.00160013,0.01010043,False,0.01258,False
2015-08-21,RS01SLBS-MJ01A-12-VEL3DB101,1,True,2015-08-21T00:00:00Z,2015-08-21T23:59:59Z,81924,86396,4472,1.0,0.999772072,1.000052316,0.079259349,1,4472,1,4472,1e-06,177.347085,842.661933,8.116892e-10,0.1773378,0.8426179,True,0.266131,True
2015-08-22,RS01SLBS-MJ01A-12-VEL3DB101,1,True,2015-08-22T00:00:00Z,2015-08-22T23:59:59Z,86396,86396,0,1.0,0.999756336,1.000055159,0.001805078,0,0,1,1,1e-06,1.540671,12.187526,5.516311e-10,0.001540586,0.01218685,False,0.012659,False
2015-08-23,RS01SLBS-MJ01A-12-VEL3DB101,1,True,2015-08-23T00:00:00Z,2015-08-23T23:59:59Z,86395,86395,0,1.0,0.999935627,1.000055241,0.001583764,0,0,4,4,-0.0,1.661642,11.642754,-3.051565e-10,0.00166155,0.01164211,False,0.008107,False
2015-08-24,RS01SLBS-MJ01A-12-VEL3DB101,1,True,2015-08-24T00:00:00Z,2015-08-24T23:59:59Z,86395,86395,0,1.0,0.999738216,1.000055186,-0.001504653,0,0,2,2,0.0,2.036337,11.221466,1.804241e-10,0.002036225,0.01122085,False,0.009086,False
2015-08-25,RS01SLBS-MJ01A-12-VEL3DB101,1,True,2015-08-25T00:00:00Z,2015-08-25T23:59:59Z,86395,86395,0,1.0,0.999735832,1.000055176,-0.001180128,0,0,2,2,-0.0,1.584191,12.221447,-4.744689e-10,0.001584103,0.01222077,False,0.013342,False
2015-08-26,RS01SLBS-MJ01A-12-VEL3DB101,1,True,2015-08-26T00:00:00Z,2015-08-26T23:59:59Z,86396,86396,0,1.0,0.999771118,1.000055185,-0.001117923,0,0,0,0,-0.0,1.360202,9.853602,-1.158033e-10,0.001360127,0.009853059,False,0.011826,False
2015-08-27,RS01SLBS-MJ01A-12-VEL3DB101,1,True,2015-08-27T00:00:00Z,2015-08-27T23:59:59Z,86395,86395,0,1.0,0.999764442,1.000055153,0.002395001,0,0,0,0,-0.0,1.705429,8.939111,-3.048012e-10,0.001705335,0.008938618,False,0.012534,False
2015-08-28,RS01SLBS-MJ01A-12-VEL3DB101,1,True,2015-08-28T00:00:00Z,2015-08-28T23:59:59Z,86395,86395,0,1.0,0.999760151,1.000055195,0.003498437,0,0,0,0,-0.0,2.268044,11.675316,-2.870998e-10,0.002267919,0.01167467,False,0.017986,False
2015-08-29,RS01SLBS-MJ01A-12-VEL3DB101,1,True,2015-08-29T00:00:00Z,2015-08-29T23:59:59Z,85032,86395,1363,1.0,0.999770164,1.000055227,-0.003709249,2,1363,2,1364,-0.0,1.56277,14.305509,-1.238107e-10,0.001562683,0.01430472,False,0.389471,True
2015-08-30,RS01SLBS-MJ01A-12-VEL3DB101,1,True,2015-08-30T00:00:00Z,2015-08-30T23:59:59Z,86395,86395,0,1.0,0.999778748,1.000055188,-0.001941971,0,0,2,2,0.0,1.537957,11.421159,2.799567e-10,0.001537872,0.01142053,False,0.011931,False
2015-08-31,RS01SLBS-MJ01A-12-VEL3DB101,1,True,2015-08-31T00:00:00Z,2015-08-31T23:59:59Z,86396,86396,0,1.0,0.999775887,1.00005512,0.00064963,0,0,0,0,-0.0,2.447692,13.678826,-1.383322e-10,0.002447557,0.01367807,False,0.015325,False
2015-09-01,RS01SLBS-MJ01A-12-VEL3DB101,1,True,2015-09-01T00:00:00Z,2015-09-01T23:59:59Z,86395,86395,0,1.0,0.9997859,1.000055151,-0.00297039,0,0,0,0,-0.0,1.911801,13.030859,-3.490455e-10,0.001911696,0.01303014,False,0.018433,False
2015-09-02,RS01SLBS-MJ01A-12-VEL3DB101,1,True,2015-09-02T00:00:00Z,2015-09-02T23:59:59Z,86395,86395,0,1.0,0.999783993,1.000055102,0.00420827,0,0,0,0,-0.0,3.11502,9.77579,-2.974247e-10,0.003114848,0.009775252,False,0.008309,False
2015-09-03,RS01SLBS-MJ01A-12-VEL3DB101,1,True,2015-09-03T00:00:00Z,2015-09-03T23:59:59Z,86395,86395,0,1.0,0.999777317,1.000055194,0.000137633,0,0,0,0,-0.0,1.763513,8.23299,-3.306099e-10,0.001763415,0.008232535,False,0.007259,False
2015-09-04,RS01SLBS-MJ01A-12-VEL3DB101,1,True,2015-09-04T00:00:00Z,2015-09-04T23:59:59Z,86396,86396,0,1.0,0.999769211,1.000055187,-0.002185336,0,0,0,0,-0.0,1.648721,14.31274,-1.656432e-10,0.00164863,0.01431195,False,0.012655,False
2015-09-05,RS01SLBS-MJ01A-12-VEL3DB101,1,True,2015-09-05T00:00:00Z,2015-09-05T23:59:59Z,86395,86395,0,1.0,0.999754906,1.000055159,0.00153116,0,0,0,0,-0.0,1.546326,13.973907,-3.100581e-10,0.00154624,0.01397314,False,0.012926,False
2015-09-06,RS01SLBS-MJ01A-12-VEL3DB101,1,True,2015-09-06T00:00:00Z,2015-09-06T23:59:59Z,86395,86395,0,1.0,0.999744892,1.000055179,0.001349851,0,0,0,0,-0.0,1.718131,14.273503,-2.069395e-10,0.001718036,0.01427272,False,0.018579,False
2015-09-07,RS01SLBS-MJ01A-12-VEL3DB101,1,True,2015-09-07T00:00:00Z,2015-09-07T23:59:59Z,86395,86395,0,1.0,0.999740124,1.000055198,0.000394766,0,0,1,1,-0.0,1.562233,11.746397,-2.313334e-10,0.001562147,0.01174575,False,0.011892,False
2015-09-08,RS01SLBS-MJ01A-12-VEL3DB101,1,True,2015-09-08T00:00:00Z,2015-09-08T23:59:59Z,86396,86396,0,1.0,0.999742985,1.000055207,-0.001554735,0,0,1,1,0.0,1.764904,9.530082,3.51892e-10,0.001764807,0.009529556,False,0.009083,False
2015-09-09,RS01SLBS-MJ01A-12-VEL3DB101,1,True,2015-09-09T00:00:00Z,2015-09-09T23:59:59Z,86395,86395,0,1.0,0.999745369,1.000055207,-0.001582343,0,0,1,1,0.0,1.785691,13.593722,9.054315e-11,0.001785592,0.01359297,False,0.017638,False
2015-09-10,RS01SLBS-MJ01A-12-VEL3DB101,1,True,2015-09-10T00:00:00Z,2015-09-10T23:59:59Z,85830,86395,565,1.0,0.999754906,1.000051762,0.091192588,1,565,1,565,-0.0,126.266375,306.165842,-1.188493e-10,0.1262598,0.30615,False,0.287937,True
2015-09-11,RS01SLBS-MJ01A-12-VEL3DB101,1,True,2015-09-11T00:00:00Z,2015-09-11T23:59:59Z,86396,86396,0,1.0,0.999757767,1.000055189,-0.000244409,0,0,0,0,-0.0,2.022488,11.674688,-1.468744e-10,0.002022376,0.01167404,False,0.009753,False
2015-09-12,RS01SLBS-MJ01A-12-VEL3DB101,1,True,2015-09-12T00:00:00Z,2015-09-12T23:59:59Z,86395,86395,0,1.0,0.999762058,1.000055239,-0.0005969,0,0,2,2,-0.0,1.874088,15.604307,-1.273008e-11,0.001873984,0.01560344,False,0.013133,False
2015-09-13,RS01SLBS-MJ01A-12-VEL3DB101,1,True,2015-09-13T00:00:00Z,2015-09-13T23:59:59Z,86395,86395,0,1.0,0.999761105,1.000055204,0.002555442,0,0,0,0,-0.0,2.50895,10.726096,-3.024812e-10,0.002508811,0.0107255,False,0.011921,False
2015-09-14,RS01SLBS-MJ01A-12-VEL3DB101,1,True,2015-09-14T00:00:00Z,2015-09-14T23:59:59Z,86395,86395,0,1.0,0.999763966,1.000055184,-0.000374777,0,0,0,0,-0.0,1.506796,12.991271,-3.201342e-10,0.001506713,0.01299055,False,0.013362,False
2015-09-15,RS01SLBS-MJ01A-12-VEL3DB101,1,True,2015-09-15T00:00:00Z,2015-09-15T23:59:59Z,86396,86396,0,1.0,0.999766827,1.000055172,0.001406121,0,0,0,0,-0.0,1.539249,10.612288,-1.236834e-10,0.001539164,0.0106117,False,0.010492,False
2015-09-16,RS01SLBS-MJ01A-12-VEL3DB101,1,True,2015-09-16T00:00:00Z,2015-09-16T23:59:59Z,86395,86395,0,1.0,0.999764919,1.000055176,-0.001723176,0,0,1,1,0.0,1.851149,13.537785,1.329314e-10,0.001851047,0.01353704,False,0.012604,False
2015-09-17,RS01SLBS-MJ01A-12-VEL3DB101,1,True,2015-09-17T00:00:00Z,2015-09-17T23:59:59Z,86395,86395,0,1.0,0.999763012,1.000055151,0.001574627,0,0,0,0,-0.0,1.859905,10.141691,-3.580117e-10,0.001859802,0.01014113,False,0.008856,False
2015-09-18,RS01SLBS-MJ01A-12-VEL3DB101,1,True,2015-09-18T00:00:00Z,2015-09-18T23:59:59Z,86395,86395,0,1.0,0.99976635,1.000055179,0.000591947,0,0,0,0,-0.0,2.044954,15.825328,-3.332261e-10,0.002044841,0.01582445,False,0.017413,False
2015-09-19,RS01SLBS-MJ01A-12-VEL3DB101,1,True,2015-09-19T00:00:00Z,2015-09-19T23:59:59Z,86396,86396,0,1.0,0.999766827,1.000055179,0.001523219,0,0,2,2,-1e-06,1.592818,15.08727,-5.686507e-10,0.00159273,0.01508644,False,0.017887,False
2015-09-20,RS01SLBS-MJ01A-12-VEL3DB101,1,True,2015-09-20T00:00:00Z,2015-09-20T23:59:59Z,86395,86395,0,1.0,0.999765873,1.000055194,-0.004190479,0,0,2,2,-0.0,2.416409,8.926665,-1.400647e-10,0.002416276,0.008926173,False,0.008858,False
2015-09-21,RS01SLBS-MJ01A-12-VEL3DB101,1,True,2015-09-21T00:00:00Z,2015-09-21T23:59:59Z,86395,86395,0,1.0,0.999765873,1.000055171,-0.000399134,0,0,0,0,-0.0,2.158734,11.754608,-3.459938e-10,0.002158615,0.01175396,False,0.009181,False
2015-09-22,RS01SLBS-MJ01A-12-VEL3DB101,1,True,2015-09-22T00:00:00Z,2015-09-22T23:59:59Z,86395,86395,0,1.0,0.999763966,1.00005524,-0.000983393,0,0,1,1,1e-06,2.605301,14.955652,6.363116e-10,0.002605158,0.01495483,False,0.019889,False
2015-09-23,RS01SLBS-MJ01A-12-VEL3DB101,1,True,2015-09-23T00:00:00Z,2015-09-23T23:59:59Z,86395,86395,0,1.0,0.999768257,1.000055181,0.000364226,0,0,0,0,-0.0,2.749696,16.887235,-3.069471e-10,0.002749545,0.0168863,False,0.018514,False
2015-09-24,RS01SLBS-MJ01A-12-VEL3DB101,1,True,2015-09-24T00:00:00Z,2015-09-24T23:59:59Z,86396,86396,0,1.0,0.99976778,1.000055175,0.001382229,0,0,0,0,-0.0,1.902135,14.806734,-1.049564e-10,0.00190203,0.01480592,False,0.013306,False
2015-09-25,RS01SLBS-MJ01A-12-VEL3DB101,1,True,2015-09-25T00:00:00Z,2015-09-25T23:59:59Z,86395,86395,0,1.0,0.999766827,1.000055147,-0.000664174,0,0,0,0,-0.0,3.046752,16.973393,-3.401259e-10,0.003046584,0.01697246,False,0.013369,False
2015-09-26,RS01SLBS-MJ01A-12-VEL3DB101,1,True,2015-09-26T00:00:00Z,2015-09-26T23:59:59Z,86395,86395,0,1.0,0.999766827,1.000055264,0.005465696,0,0,0,0,-0.0,4.395901,15.922537,-3.110264e-10,0.004395658,0.01592166,False,0.014202,False
2015-09-27,RS01SLBS-MJ01A-12-VEL3DB101,1,True,2015-09-27T00:00:00Z,2015-09-27T23:59:59Z,86395,86395,0,1.0,0.99976635,1.000055241,-0.000695699,0,0,1,1,0.0,1.438601,10.454576,2.279107e-10,0.001438522,0.010454,False,0.009002,False
2015-09-28,RS01SLBS-MJ01A-12-VEL3DB101,1,True,2015-09-28T00:00:00Z,2015-09-28T23:59:59Z,86396,86396,0,1.0,0.999766827,1.000055138,-0.001105618,0,0,0,0,-0.0,2.192312,13.456248,-1.870823e-10,0.002192191,0.01345551,False,0.012969,False
2015-09-29,RS01SLBS-MJ01A-12-VEL3DB101,1,True,2015-09-29T00:00:00Z,2015-09-29T23:59:59Z,86395,86395,0,1.0,0.999767303,1.000055233,-0.001198683,0,0,1,1,-0.0,1.772274,8.320409,-3.542621e-10,0.001772176,0.00831995,False,0.008564,False
2015-09-30,RS01SLBS-MJ01A-12-VEL3DB101,1,True,2015-09-30T00:00:00Z,2015-09-30T23:59:59Z,86395,86395,0,1.0,0.999763966,1.000055155,-0.003710526,0,0,0,0,-0.0,1.499801,14.782526,-3.039187e-10,0.001499719,0.01478171,False,0.014759,False
2015-10-01,RS01SLBS-MJ01A-12-VEL3DB101,1,False,,,0,0,,1.0,,,,,,,,,,,,,,,,False
2015-10-02,RS01SLBS-MJ01A-12-VEL3DB101,1,True,2015-10-02T22:15:32Z,2015-10-02T23:59:59Z,6193,6268,75,1.0,0.999780178,1.000054739,0.00045352,2,75,2,75,0.0,0.675068,2.739519,7.655162e-13,0.0006750315,0.002739369,False,0.020791,True
2015-10-03,RS01SLBS-MJ01A-12-VEL3DB101,1,True,2015-10-03T00:00:00Z,2015-10-03T23:59:59Z,86395,86395,0,1.0,0.999779701,1.000055264,-0.002756096,0,0,0,0,-0.0,3.46717,15.111489,-3.157925e-10,0.003466978,0.01511065,False,0.012915,False
2015-10-04,RS01SLBS-MJ01A-12-VEL3DB101,1,True,2015-10-04T00:00:00Z,2015-10-04T23:59:59Z,86395,86395,0,1.0,0.999782085,1.000055172,0.007405894,0,0,1,1,-0.0,3.002927,15.259778,-8.291389e-11,0.003002761,0.01525894,False,0.013,False
2015-10-05,RS01SLBS-MJ01A-12-VEL3DB101,1,True,2015-10-05T00:00:00Z,2015-10-05T23:59:59Z,86395,86395,0,1.0,0.999783039,1.000055153,0.002528416,0,0,1,1,-1e-06,2.215989,14.768077,-5.44758e-10,0.002215867,0.01476726,False,0.012748,False
2015-10-06,RS01SLBS-MJ01A-12-VEL3DB101,1,True,2015-10-06T00:00:00Z,2015-10-06T23:59:59Z,86395,86395,0,1.0,0.999784946,1.000055165,-0.001309089,0,0,1,1,-0.0,1.748298,12.328436,-2.944644e-10,0.001748202,0.01232776,False,0.010271,False
2015-10-07,RS01SLBS-MJ01A-12-VEL3DB101,1,True,2015-10-07T00:00:00Z,2015-10-07T23:59:59Z,86396,86396,0,1.0,0.999783039,1.000055182,-0.000158598,0,0,0,0,-0.0,1.552808,10.78298,-1.434212e-10,0.001552722,0.01078239,False,0.01736,False
2015-10-08,RS01SLBS-MJ01A-12-VEL3DB101,1,True,2015-10-08T00:00:00Z,2015-10-08T23:59:59Z,86395,86395,0,1.0,0.999781132,1.000055045,0.00497789,0,0,0,0,-0.0,1.683625,8.663646,-3.198815e-10,0.001683532,0.008663169,False,0.00781,False
2015-10-09,RS01SLBS-MJ01A-12-VEL3DB101,1,True,2015-10-09T00:00:00Z,2015-10-09T23:59:59Z,86395,86395,0,1.0,0.999780655,1.000055203,0.006263937,0,0,0,0,-0.0,2.937201,14.448601,-3.415305e-10,0.002937039,0.0144478,False,0.012966,False
2015-10-10,RS01SLBS-MJ01A-12-VEL3DB101,1,True,2015-10-10T00:00:00Z,2015-10-10T23:59:59Z,86395,86395,0,1.0,0.999782085,1.000055152,0.001120298,0,0,1,1,-0.0,1.692482,10.967899,-3.687297e-10,0.001692389,0.01096729,False,0.016266,False
2015-10-11,RS01SLBS-MJ01A-12-VEL3DB101,1,True,2015-10-11T00:00:00Z,2015-10-11T23:59:59Z,86396,86396,0,1.0,0.999784946,1.000055142,0.001918264,0,0,1,1,0.0,2.27872,11.996167,1.756702e-10,0.002278595,0.01199551,False,0.01288,False
2015-10-12,RS01SLBS-MJ01A-12-VEL3DB101,1,True,2015-10-12T00:00:00Z,2015-10-12T23:59:59Z,86395,86395,0,1.0,0.999786854,1.000055185,9.7049e-05,0,0,0,0,-0.0,1.521684,14.115828,-3.222141e-10,0.0015216,0.01411505,False,0.013349,False
2015-10-13,RS01SLBS-MJ01A-12-VEL3DB101,1,True,2015-10-13T00:00:00Z,2015-10-13T23:59:59Z,86395,86395,0,1.0,0.999788761,1.000055154,0.002358241,0,0,2,2,-0.0,1.897179,8.061977,-3.573371e-10,0.001897074,0.008061532,False,0.008446,False
2015-10-14,RS01SLBS-MJ01A-12-VEL3DB101,1,True,2015-10-14T00:00:00Z,2015-10-14T23:59:59Z,86379,86395,16,1.0,0.999787331,1.000055139,0.002679921,3,16,3,18,1e-06,2.161659,9.544463,6.897362e-10,0.002161539,0.009543937,False,0.011903,True
2015-10-15,RS01SLBS-MJ01A-12-VEL3DB101,1,True,2015-10-15T00:00:00Z,2015-10-15T23:59:59Z,86396,86396,0,1.0,0.999786377,1.000055196,0.001273146,0,0,0,0,-0.0,1.423685,12.479081,-1.175227e-10,0.001423606,0.01247839,False,0.011884,False
2015-10-16,RS01SLBS-MJ01A-12-VEL3DB101,1,True,2015-10-16T00:00:00Z,2015-10-16T23:59:59Z,86395,86395,0,1.0,0.999784946,1.000055181,0.000622545,0,0,1,1,0.0,2.396811,15.92346,4.035136e-10,0.002396678,0.01592258,False,0.014194,False
2015-10-17,RS01SLBS-MJ01A-12-VEL3DB101,1,True,2015-10-17T00:00:00Z,2015-10-17T23:59:59Z,86394,86395,1,1.0,0.999783039,1.000055218,0.001825104,1,1,1,1,-0.0,1.851628,6.933632,-9.168289e-11,0.001851525,0.006933249,False,0.008087,True
2015-10-18,RS01SLBS-MJ01A-12-VEL3DB101,1,True,2015-10-18T00:00:00Z,2015-10-18T23:59:59Z,86395,86395,0,1.0,0.999783993,1.000055194,0.001298391,0,0,0,0,-0.0,1.614763,8.159603,-3.133139e-10,0.001614674,0.008159153,False,0.00877,False
2015-10-19,RS01SLBS-MJ01A-12-VEL3DB101,1,True,2015-10-19T00:00:00Z,2015-10-19T23:59:59Z,85466,86396,930,1.0,0.999784946,1.000055186,0.000395781,1,930,1,930,0.0,1.773562,15.652289,3.061122e-10,0.001773464,0.01565143,False,0.251126,True
2015-10-20,RS01SLBS-MJ01A-12-VEL3DB101,1,True,2015-10-20T00:00:00Z,2015-10-20T23:59:59Z,86395,86395,0,1.0,0.999784946,1.000055189,0.001409213,0,0,0,0,-0.0,2.169637,10.476233,-3.097379e-10,0.002169517,0.01047566,False,0.013241,False
2015-10-21,RS01SLBS-MJ01A-12-VEL3DB101,1,True,2015-10-21T00:00:00Z,2015-10-21T23:59:59Z,86395,86395,0,1.0,0.9997859,1.000055197,0.001051614,0,0,1,1,0.0,1.889,10.642677,5.668011e-11,0.001888896,0.01064209,False,0.01908,False
2015-10-22,RS01SLBS-MJ01A-12-VEL3DB101,1,True,2015-10-22T00:00:00Z,2015-10-22T23:59:59Z,86395,86395,0,1.0,0.999786854,1.000055157,-0.000182648,0,0,2,2,-0.0,1.744886,6.152218,-2.299757e-10,0.00174479,0.006151878,False,0.006794,False
2015-10-23,RS01SLBS-MJ01A-12-VEL3DB101,1,True,2015-10-23T00:00:00Z,2015-10-23T23:59:59Z,86395,86395,0,1.0,0.999784946,1.000055173,0.00206208,0,0,2,2,-0.0,2.622384,9.534172,-4.057379e-10,0.002622239,0.009533646,False,0.012949,False
2015-10-24,RS01SLBS-MJ01A-12-VEL3DB101,1,True,2015-10-24T00:00:00Z,2015-10-24T23:59:59Z,86396,86396,0,1.0,0.9997859,1.000055128,0.006127586,0,0,0,0,-0.0,4.291513,10.323414,-1.197846e-10,0.004291277,0.01032284,False,0.007214,False
2015-10-25,RS01SLBS-MJ01A-12-VEL3DB101,1,True,2015-10-25T00:00:00Z,2015-10-25T23:59:59Z,86395,86395,0,1.0,0.999782085,1.000055172,0.001772576,0,0,1,1,-0.0,1.855438,13.50892,-3.660226e-10,0.001855336,0.01350817,False,0.013319,False
2015-10-26,RS01SLBS-MJ01A-12-VEL3DB101,1,True,2015-10-26T00:00:00Z,2015-10-26T23:59:59Z,86395,86395,0,1.0,0.999783993,1.000055188,-0.00188931,0,0,2,2,0.0,1.615847,8.567565,3.693088e-10,0.001615758,0.008567092,False,0.006247,False
2015-10-27,RS01SLBS-MJ01A-12-VEL3DB101,1,True,2015-10-27T00:00:00Z,2015-10-27T23:59:59Z,86395,86395,0,1.0,0.999784946,1.000055195,-0.003314455,0,0,0,0,-0.0,1.756921,7.328668,-2.86119e-10,0.001756824,0.007328263,False,0.009349,False
2015-10-28,RS01SLBS-MJ01A-12-VEL3DB101,1,True,2015-10-28T00:00:00Z,2015-10-28T23:59:59Z,86396,86396,0,1.0,0.9997859,1.000055193,-0.002044371,0,0,0,0,-0.0,1.88038,14.733074,-1.018254e-10,0.001880276,0.01473226,False,0.013288,False
2015-10-29,RS01SLBS-MJ01A-12-VEL3DB101,1,True,2015-10-29T00:00:00Z,2015-10-29T23:59:59Z,86191,86395,204,1.0,0.9997859,1.000055197,0.000674792,3,204,3,205,0.0,1.159365,7.225569,2.552245e-10,0.001159301,0.00722517,False,0.026667,True
2015-10-30,RS01SLBS-MJ01A-12-VEL3DB101,1,True,2015-10-30T00:00:00Z,2015-10-30T23:59:59Z,86395,86395,0,1.0,0.999787331,1.000055178,0.001017504,0,0,2,2,-1e-06,2.25279,8.119464,-9.721806e-10,0.002252665,0.008119016,False,0.006594,False
2015-10-31,RS01SLBS-MJ01A-12-VEL3DB101,1,True,2015-10-31T00:00:00Z,2015-10-31T23:59:59Z,86395,86395,0,1.0,0.999786854,1.000055226,0.000908262,0,0,2,2,-0.0,1.787229,7.044913,-3.175515e-10,0.00178713,0.007044524,False,0.00734,False
2015-11-01,RS01SLBS-MJ01A-12-VEL3DB101,1,True,2015-11-01T00:00:00Z,2015-11-01T23:59:59Z,86396,86396,0,1.0,0.999795914,1.000055131,0.001405891,0,0,0,0,-0.0,2.25564,15.678099,-8.777854e-11,0.002255516,0.01567723,False,0.013168,False
2015-11-02,RS01SLBS-MJ01A-12-VEL3DB101,1,True,2015-11-02T00:00:00Z,2015-11-02T23:59:59Z,86395,86395,0,1.0,0.999797821,1.000055116,0.002570643,0,0,1,1,0.0,1.441548,10.126173,4.58442e-11,0.001441468,0.01012561,False,0.010477,False
2015-11-03,RS01SLBS-MJ01A-12-VEL3DB101,1,True,2015-11-03T00:00:00Z,2015-11-03T23:59:59Z,86395,86395,0,1.0,0.999798775,1.000055206,-0.000451945,0,0,0,0,-0.0,1.493763,11.81224,-3.645531e-10,0.00149368,0.01181159,False,0.018843,False
2015-11-04,RS01SLBS-MJ01A-12-VEL3DB101,1,True,2015-11-04T00:00:00Z,2015-11-04T23:59:59Z,86395,86395,0,1.0,0.999795914,1.000055173,-0.001690449,0,0,1,1,0.0,1.476665,10.4354,2.309409e-10,0.001476583,0.01043482,False,0.006158,False
2015-11-05,RS01SLBS-MJ01A-12-VEL3DB101,1,True,2015-11-05T00:00:00Z,2015-11-05T23:59:59Z,86395,86395,0,1.0,0.999795914,1.000055162,-7.8033e-05,0,0,2,2,0.0,1.908201,14.229704,6.784474e-11,0.001908096,0.01422892,False,0.013218,False
2015-11-06,RS01SLBS-MJ01A-12-VEL3DB101,1,True,2015-11-06T00:00:00Z,2015-11-06T23:59:59Z,86396,86396,0,1.0,0.999794006,1.000055244,0.001620101,0,0,1,1,0.0,1.395319,12.455625,1.868224e-11,0.001395242,0.01245494,False,0.011942,False
2015-11-07,RS01SLBS-MJ01A-12-VEL3DB101,1,True,2015-11-07T00:00:00Z,2015-11-07T23:59:59Z,54733,86403,31670,1.0,0.99979496,0.999930203,1.812838794,3,31670,3,31670,-1e-06,1091.868122,2310.846672,-5.367389e-10,1.091944,2.311008,True,0.17064,True
2015-11-08,RS01SLBS-MJ01A-12-VEL3DB101,1,True,2015-11-08T00:00:00Z,2015-11-08T23:59:59Z,86395,86395,0,1.0,0.999798775,1.00005519,-0.000184652,0,0,1,1,-0.0,1.699259,15.846352,-2.48342e-10,0.001699166,0.01584548,False,0.01032,False
2015-11-09,RS01SLBS-MJ01A-12-VEL3DB101,1,True,2015-11-09T00:00:00Z,2015-11-09T23:59:59Z,86293,86395,102,1.0,0.999798775,1.000055138,0.001262296,1,102,1,102,0.0,1.605585,15.035442,4.924843e-10,0.001605496,0.01503461,False,0.025868,True
2015-11-10,RS01SLBS-MJ01A-12-VEL3DB101,1,True,2015-11-10T00:00:00Z,2015-11-10T23:59:59Z,86396,86396,0,1.0,0.999799728,1.000055156,0.000912995,0,0,2,2,0.0,1.501018,13.3353,4.191464e-11,0.001500935,0.01333456,False,0.012905,False
2015-11-11,RS01SLBS-MJ01A-12-VEL3DB101,1,True,2015-11-11T00:00:00Z,2015-11-11T23:59:59Z,86395,86395,0,1.0,0.999802589,1.000055163,0.0018768,0,0,0,0,-0.0,1.911482,7.228539,-3.47344e-10,0.001911377,0.00722814,False,0.006437,False
2015-11-12,RS01SLBS-MJ01A-12-VEL3DB101,1,True,2015-11-12T00:00:00Z,2015-11-12T23:59:59Z,86395,86395,0,1.0,0.999798775,1.000055166,0.000678631,0,0,1,1,-0.0,2.401417,7.61055,-2.081232e-10,0.002401285,0.007610131,False,0.007217,False
2015-11-13,RS01SLBS-MJ01A-12-VEL3DB101,1,True,2015-11-13T00:00:00Z,2015-11-13T23:59:59Z,86395,86395,0,1.0,0.999803066,1.000055139,-0.001292176,0,0,1,1,-1e-06,1.447087,15.223216,-5.708585e-10,0.001447007,0.01522238,False,0.01295,False
2015-11-14,RS01SLBS-MJ01A-12-VEL3DB101,1,True,2015-11-14T00:00:00Z,2015-11-14T23:59:59Z,86396,86396,0,1.0,0.999798775,1.000055211,-0.000845568,0,0,0,0,-0.0,1.502742,6.681359,-1.754358e-10,0.001502659,0.00668099,False,0.006431,False
2015-11-15,RS01SLBS-MJ01A-12-VEL3DB101,1,True,2015-11-15T00:00:00Z,2015-11-15T23:59:59Z,86395,86395,0,1.0,0.999801636,1.000055168,-0.000722139,0,0,0,0,-0.0,2.05228,10.958183,-3.735188e-10,0.002052166,0.01095758,False,0.011859,False
2015-11-16,RS01SLBS-MJ01A-12-VEL3DB101,1,True,2015-11-16T00:00:00Z,2015-11-16T23:59:59Z,86395,86395,0,1.0,0.999802113,1.00005517,-0.000507385,0,0,1,1,-0.0,1.755688,9.591437,-4.086209e-10,0.001755591,0.009590907,False,0.008457,False
2015-11-17,RS01SLBS-MJ01A-12-VEL3DB101,1,True,2015-11-17T00:00:00Z,2015-11-17T23:59:59Z,86395,86395,0,1.0,0.999804974,1.000055197,0.000465599,0,0,1,1,-1e-06,1.576182,13.0214,-6.782094e-10,0.001576095,0.01302068,False,0.013019,False
2015-11-18,RS01SLBS-MJ01A-12-VEL3DB101,1,True,2015-11-18T00:00:00Z,2015-11-18T23:59:59Z,86089,86395,306,1.0,0.99980402,1.000055169,0.000408797,2,306,2,307,0.0,2.351243,13.026249,3.76014e-10,0.002351113,0.01302553,False,0.073681,True
2015-11-19,RS01SLBS-MJ01A-12-VEL3DB101,1,True,2015-11-19T00:00:00Z,2015-11-19T23:59:59Z,86396,86396,0,1.0,0.999803066,1.000055133,0.001850397,0,0,0,0,-0.0,3.143981,9.591303,-1.008918e-10,0.003143807,0.009590774,False,0.008542,False
2015-11-20,RS01SLBS-MJ01A-12-VEL3DB101,1,True,2015-11-20T00:00:00Z,2015-11-20T23:59:59Z,86395,86395,0,1.0,0.999801159,1.000055185,-0.000209466,0,0,1,1,-0.0,1.532794,11.351068,-2.367615e-10,0.001532709,0.01135044,False,0.012685,False
2015-11-21,RS01SLBS-MJ01A-12-VEL3DB101,1,True,2015-11-21T00:00:00Z,2015-11-21T23:59:59Z,86395,86395,0,1.0,0.999802113,1.000055146,-0.001122066,0,0,2,2,0.0,1.51777,6.714158,2.331366e-10,0.001517687,0.006713788,False,0.008558,False
2015-11-22,RS01SLBS-MJ01A-12-VEL3DB101,1,True,2015-11-22T00:00:00Z,2015-11-22T23:59:59Z,86395,86395,0,1.0,0.999799728,1.000055187,-0.000129705,0,0,2,2,1e-06,1.365958,12.498618,5.56004e-10,0.001365882,0.01249793,False,0.012812,False
2015-11-23,RS01SLBS-MJ01A-12-VEL3DB101,1,True,2015-11-23T00:00:00Z,2015-11-23T23:59:59Z,86396,86396,0,1.0,0.999800205,1.000055211,0.001659251,0,0,0,0,-0.0,1.514036,17.518141,-1.456384e-10,0.001513952,0.01751717,False,0.013231,False
2015-11-24,RS01SLBS-MJ01A-12-VEL3DB101,1,True,2015-11-24T00:00:00Z,2015-11-24T23:59:59Z,86395,86395,0,1.0,0.999798775,1.000055214,-0.002170147,0,0,1,1,-0.0,1.680521,6.487801,-1.776393e-10,0.001680428,0.006487443,False,0.005436,False
2015-11-25,RS01SLBS-MJ01A-12-VEL3DB101,1,True,2015-11-25T00:00:00Z,2015-11-25T23:59:59Z,86380,86395,15,1.0,0.999799252,1.000055169,0.001014426,2,15,2,16,-0.0,1.570203,13.477305,-3.62979e-10,0.001570117,0.01347656,False,0.013467,True
2015-11-26,RS01SLBS-MJ01A-12-VEL3DB101,1,True,2015-11-26T00:00:00Z,2015-11-26T23:59:59Z,86395,86395,0,1.0,0.999797344,1.000055168,-0.000254711,0,0,1,1,-1e-06,1.624124,10.278374,-5.75258e-10,0.001624034,0.01027781,False,0.009935,False
2015-11-27,RS01SLBS-MJ01A-12-VEL3DB101,1,True,2015-11-27T00:00:00Z,2015-11-27T23:59:59Z,86396,86396,0,1.0,0.999801636,1.000055184,0.000685127,0,0,0,0,-0.0,1.33609,17.119053,-1.743104e-10,0.001336017,0.01711811,False,0.012903,False
2015-11-28,RS01SLBS-MJ01A-12-VEL3DB101,1,True,2015-11-28T00:00:00Z,2015-11-28T23:59:59Z,86395,86395,0,1.0,0.999800205,1.000055194,0.001030703,0,0,1,1,0.0,1.785224,10.717255,1.594467e-10,0.001785125,0.01071666,False,0.011918,False
2015-11-29,RS01SLBS-MJ01A-12-VEL3DB101,1,True,2015-11-29T00:00:00Z,2015-11-29T23:59:59Z,74095,86398,12303,1.0,0.999800205,1.00001069,0.958512498,1,12303,1,12303,-0.0,698.598995,1412.417889,-2.706521e-10,0.6985915,1.412403,True,0.134525,True
2015-11-30,RS01SLBS-MJ01A-12-VEL3DB101,1,True,2015-11-30T00:00:00Z,2015-11-30T23:59:59Z,86395,86395,0,1.0,0.999802113,1.000055204,-0.001186244,0,0,1,1,0.0,1.717715,9.688688,1.889702e-10,0.001717621,0.009688153,False,0.009098,False
2015-12-01,RS01SLBS-MJ01A-12-VEL3DB101,1,True,2015-12-01T00:00:00Z,2015-12-01T23:59:59Z,86396,86396,0,1.0,0.999811172,1.000055182,-0.003639452,0,0,0,0,-0.0,3.379232,11.887458,-1.156166e-10,0.003379045,0.0118868,False,0.009322,False
2015-12-02,RS01SLBS-MJ01A-12-VEL3DB101,1,True,2015-12-02T00:00:00Z,2015-12-02T23:59:59Z,86281,86395,114,1.0,0.999810219,1.000055158,-0.000300134,3,114,3,115,0.0,2.348388,11.386759,1.485208e-10,0.002348259,0.01138613,False,0.026745,True
2015-12-03,RS01SLBS-MJ01A-12-VEL3DB101,1,True,2015-12-03T00:00:00Z,2015-12-03T23:59:59Z,86393,86395,2,1.0,0.999809742,1.000055151,0.001770618,3,2,3,3,0.0,2.458247,7.941157,2.057009e-10,0.002458111,0.007940719,False,0.008528,True
2015-12-04,RS01SLBS-MJ01A-12-VEL3DB101,1,True,2015-12-04T00:00:00Z,2015-12-04T23:59:59Z,86395,86395,0,1.0,0.999811172,1.000055185,-0.001410558,0,0,1,1,-1e-06,1.610635,15.065748,-5.605181e-10,0.001610546,0.01506492,False,0.013206,False
2015-12-05,RS01SLBS-MJ01A-12-VEL3DB101,1,True,2015-12-05T00:00:00Z,2015-12-05T23:59:59Z,86395,86395,0,1.0,0.999809742,1.000055221,-0.001258052,0,0,1,1,-1e-06,1.815515,9.612758,-5.8689e-10,0.001815415,0.009612227,False,0.008496,False
2015-12-06,RS01SLBS-MJ01A-12-VEL3DB101,1,True,2015-12-06T00:00:00Z,2015-12-06T23:59:59Z,86396,86396,0,1.0,0.99981308,1.000055182,-0.000690311,0,0,0,0,-0.0,1.810545,12.752956,-1.499307e-10,0.001810445,0.01275225,False,0.008909,False
2015-12-07,RS01SLBS-MJ01A-12-VEL3DB101,1,True,2015-12-07T00:00:00Z,2015-12-07T23:59:59Z,86395,86395,0,1.0,0.999812126,1.000055188,0.001838055,0,0,0,0,-0.0,1.399793,10.68458,-3.143226e-10,0.001399715,0.01068399,False,0.013402,False
2015-12-08,RS01SLBS-MJ01A-12-VEL3DB101,1,True,2015-12-08T00:00:00Z,2015-12-08T23:59:59Z,86395,86395,0,1.0,0.999807835,1.000055202,-0.002026175,0,0,0,0,-0.0,2.0349,13.710246,-3.514213e-10,0.002034788,0.01370949,False,0.012904,False
2015-12-09,RS01SLBS-MJ01A-12-VEL3DB101,1,True,2015-12-09T00:00:00Z,2015-12-09T23:59:59Z,86395,86395,0,1.0,0.999811172,1.000055166,0.001941078,0,0,0,0,-0.0,2.155969,12.700806,-3.171439e-10,0.00215585,0.01270011,False,0.011421,False
2015-12-10,RS01SLBS-MJ01A-12-VEL3DB101,1,True,2015-12-10T00:00:00Z,2015-12-10T23:59:59Z,86396,86396,0,1.0,0.999814034,1.000055211,-0.001715475,0,0,2,2,1e-06,1.548908,13.189134,6.705631e-10,0.001548822,0.01318841,False,0.011885,False
2015-12-11,RS01SLBS-MJ01A-12-VEL3DB101,1,True,2015-12-11T00:00:00Z,2015-12-11T23:59:59Z,86395,86395,0,1.0,0.999814034,1.000055209,-0.001752926,0,0,0,0,-0.0,1.47246,11.296807,-3.135188e-10,0.001472379,0.01129618,False,0.009125,False
2015-12-12,RS01SLBS-MJ01A-12-VEL3DB101,1,True,2015-12-12T00:00:00Z,2015-12-12T23:59:59Z,86395,86395,0,1.0,0.999812126,1.000055175,-0.000680056,0,0,1,1,-0.0,1.397312,8.066577,-2.919302e-10,0.001397235,0.008066132,False,0.009127,False
2015-12-13,RS01SLBS-MJ01A-12-VEL3DB101,1,True,2015-12-13T00:00:00Z,2015-12-13T23:59:59Z,86395,86395,0,1.0,0.99981308,1.000055187,-0.001049272,0,0,1,1,0.0,1.631227,12.102238,4.740372e-10,0.001631137,0.01210157,False,0.012952,False
2015-12-14,RS01SLBS-MJ01A-12-VEL3DB101,1,True,2015-12-14T00:00:00Z,2015-12-14T23:59:59Z,86396,86396,0,1.0,0.999808788,1.000055148,0.001072072,0,0,0,0,-0.0,1.455942,11.362293,-1.64286e-10,0.001455862,0.01136167,False,0.0128,False
2015-12-15,RS01SLBS-MJ01A-12-VEL3DB101,1,True,2015-12-15T00:00:00Z,2015-12-15T23:59:59Z,86395,86395,0,1.0,0.999807835,1.000055174,0.003125032,0,0,0,0,-0.0,1.889564,11.016356,-3.365257e-10,0.00188946,0.01101575,False,0.010533,False
2015-12-16,RS01SLBS-MJ01A-12-VEL3DB101,1,True,2015-12-16T00:00:00Z,2015-12-16T23:59:59Z,86395,86395,0,1.0,0.999811172,1.00005515,0.002433287,0,0,1,1,-1e-06,1.380718,11.906653,-6.812341e-10,0.001380642,0.011906,False,0.012853,False
2015-12-17,RS01SLBS-MJ01A-12-VEL3DB101,1,True,2015-12-17T00:00:00Z,2015-12-17T23:59:59Z,86395,86395,0,1.0,0.999812126,1.000055143,-6.4158e-05,0,0,0,0,-0.0,2.22456,14.821242,-3.405666e-10,0.002224438,0.01482043,False,0.012872,False
2015-12-18,RS01SLBS-MJ01A-12-VEL3DB101,1,True,2015-12-18T00:00:00Z,2015-12-18T23:59:59Z,86395,86395,0,1.0,0.99981308,1.000055156,0.005022017,0,0,1,1,0.0,2.497596,13.008008,3.141557e-10,0.002497459,0.01300729,False,0.013269,False
2015-12-19,RS01SLBS-MJ01A-12-VEL3DB101,1,True,2015-12-19T00:00:00Z,2015-12-19T23:59:59Z,86396,86396,0,1.0,0.999810219,1.000055211,-0.002874142,0,0,0,0,-0.0,1.745631,13.101607,-1.864399e-10,0.001745534,0.01310088,False,0.012943,False
2015-12-20,RS01SLBS-MJ01A-12-VEL3DB101,1,True,2015-12-20T00:00:00Z,2015-12-20T23:59:59Z,86395,86395,0,1.0,0.999812126,1.000055175,0.001934631,0,0,1,1,-1e-06,1.352497,8.047431,-6.179419e-10,0.001352423,0.008046987,False,0.009005,False
2015-12-21,RS01SLBS-MJ01A-12-VEL3DB101,1,True,2015-12-21T00:00:00Z,2015-12-21T23:59:59Z,86395,86395,0,1.0,0.999812126,1.000055138,0.00157043,0,0,0,0,-0.0,1.620773,8.753199,-3.117374e-10,0.001620684,0.008752717,False,0.008589,False
2015-12-22,RS01SLBS-MJ01A-12-VEL3DB101,1,True,2015-12-22T00:00:00Z,2015-12-22T23:59:59Z,86395,86395,0,1.0,0.999812126,1.000055198,-0.000396244,0,0,0,0,-0.0,1.338656,9.543372,-3.089043e-10,0.001338582,0.009542846,False,0.010409,False
2015-12-23,RS01SLBS-MJ01A-12-VEL3DB101,1,True,2015-12-23T00:00:00Z,2015-12-23T23:59:59Z,86396,86396,0,1.0,0.999812603,1.000055168,0.000711082,0,0,0,0,-0.0,1.731285,13.008541,-1.380082e-10,0.00173119,0.01300782,False,0.013404,False
2015-12-24,RS01SLBS-MJ01A-12-VEL3DB101,1,True,2015-12-24T00:00:00Z,2015-12-24T23:59:59Z,86395,86395,0,1.0,0.999814987,1.000055242,0.003647781,0,0,2,2,1e-06,2.035119,13.816562,5.906798e-10,0.002035006,0.0138158,False,0.010426,False
2015-12-25,RS01SLBS-MJ01A-12-VEL3DB101,1,True,2015-12-25T00:00:00Z,2015-12-25T23:59:59Z,86395,86395,0,1.0,0.99981308,1.000055194,0.002290709,0,0,0,0,-0.0,1.820035,9.009071,-2.784447e-10,0.001819934,0.009008574,False,0.009159,False
2015-12-26,RS01SLBS-MJ01A-12-VEL3DB101,1,True,2015-12-26T00:00:00Z,2015-12-26T23:59:59Z,86395,86395,0,1.0,0.999812603,1.000055144,0.002124528,0,0,0,0,-0.0,3.659631,15.808717,-3.100301e-10,0.003659429,0.01580785,False,0.013065,False
2015-12-27,RS01SLBS-MJ01A-12-VEL3DB101,1,True,2015-12-27T00:00:00Z,2015-12-27T23:59:59Z,86395,86396,1,1.0,0.99981308,1.000055142,0.001963747,1,1,1,1,-1e-06,1.573611,9.213558,-7.128895e-10,0.001573524,0.00921305,False,0.008999,True
2015-12-28,RS01SLBS-MJ01A-12-VEL3DB101,1,True,2015-12-28T00:00:00Z,2015-12-28T23:59:59Z,86395,86395,0,1.0,0.999811172,1.000055118,0.00453642,0,0,0,0,-0.0,2.734485,9.919525,-2.732352e-10,0.002734334,0.009918979,False,0.00841,False
2015-12-29,RS01SLBS-MJ01A-12-VEL3DB101,1,True,2015-12-29T00:00:00Z,2015-12-29T23:59:59Z,86395,86395,0,1.0,0.99981308,1.000055213,0.003423997,0,0,0,0,-0.0,2.625374,11.743674,-3.458467e-10,0.002625229,0.01174303,False,0.012976,False
2015-12-30,RS01SLBS-MJ01A-12-VEL3DB101,1,True,2015-12-30T00:00:00Z,2015-12-30T23:59:59Z,86395,86395,0,1.0,0.999811649,1.000055197,-0.000840445,0,0,1,1,-0.0,2.036255,9.212266,-6.610197e-12,0.002036142,0.009211758,False,0.010019,False
2015-12-31,RS01SLBS-MJ01A-12-VEL3DB101,1,True,2015-12-31T00:00:00Z,2015-12-31T23:59:59Z,86395,86395,0,1.0,0.999815941,1.000055162,0.001321709,0,0,0,0,-0.0,1.656165,15.078685,-3.493958e-10,0.001656074,0.01507785,False,0.014396,False
2016-01-01,RS01SLBS-MJ01A-12-VEL3DB101,1,True,2016-01-01T00:00:00Z,2016-01-01T23:59:59Z,86396,86396,0,1.0,0.999655247,1.000055173,0.002644571,0,0,1,1,0.0,1.685068,9.650083,1.677262e-10,0.001684976,0.00964955,False,0.008716,False
2016-01-02,RS01SLBS-MJ01A-12-VEL3DB101,1,True,2016-01-02T00:00:00Z,2016-01-02T23:59:59Z,86395,86395,0,1.0,0.999662876,1.000055223,0.000194512,0,0,1,1,0.0,2.732164,12.263386,2.289041e-10,0.002732013,0.01226271,False,0.009254,False
2016-01-03,RS01SLBS-MJ01A-12-VEL3DB101,1,True,2016-01-03T00:00:00Z,2016-01-03T23:59:59Z,86395,86395,0,1.0,0.999660015,1.00005523,0.002748204,0,0,0,0,-0.0,1.751805,13.291672,-3.047935e-10,0.001751708,0.01329094,False,0.012978,False
2016-01-04,RS01SLBS-MJ01A-12-VEL3DB101,1,True,2016-01-04T00:00:00Z,2016-01-04T23:59:59Z,86395,86395,0,1.0,0.999659061,1.000055213,-0.000676825,0,0,2,2,-0.0,1.210172,8.854185,-1.925956e-10,0.001210105,0.008853696,False,0.008583,False
2016-01-05,RS01SLBS-MJ01A-12-VEL3DB101,1,True,2016-01-05T00:00:00Z,2016-01-05T23:59:59Z,86396,86396,0,1.0,0.999659061,1.000055192,-0.002423723,0,0,1,1,-1e-06,1.714318,10.616864,-5.350579e-10,0.001714224,0.01061628,False,0.008467,False
2016-01-06,RS01SLBS-MJ01A-12-VEL3DB101,1,True,2016-01-06T00:00:00Z,2016-01-06T23:59:59Z,86395,86395,0,1.0,0.999658585,1.000055176,-0.00123991,0,0,0,0,-0.0,1.18747,8.080375,-3.39967e-10,0.001187405,0.00807993,False,0.008597,False
2016-01-07,RS01SLBS-MJ01A-12-VEL3DB101,1,True,2016-01-07T00:00:00Z,2016-01-07T23:59:59Z,85958,86395,437,1.0,0.999663353,1.000055156,0.000806202,7,437,7,439,-1e-06,1.690562,190.05559,-8.975363e-10,0.001690469,0.1900451,False,0.213848,True
2016-01-08,RS01SLBS-MJ01A-12-VEL3DB101,1,True,2016-01-08T00:00:00Z,2016-01-08T23:59:59Z,86395,86395,0,1.0,0.999660015,1.000055194,-0.00195038,0,0,0,0,-0.0,1.391445,11.016429,-2.948105e-10,0.001391368,0.01101582,False,0.00939,False
2016-01-09,RS01SLBS-MJ01A-12-VEL3DB101,1,True,2016-01-09T00:00:00Z,2016-01-09T23:59:59Z,86396,86396,0,1.0,0.999664307,1.000055184,0.000194399,0,0,0,0,-0.0,1.529216,18.004945,-1.435966e-10,0.001529132,0.01800395,False,0.014394,False
2016-01-10,RS01SLBS-MJ01A-12-VEL3DB101,1,True,2016-01-10T00:00:00Z,2016-01-10T23:59:59Z,86395,86395,0,1.0,0.999668121,1.000055159,0.001407081,0,0,1,1,0.0,1.915417,14.294631,3.979001e-10,0.001915312,0.01429384,False,0.012997,False
2016-01-11,RS01SLBS-MJ01A-12-VEL3DB101,1,True,2016-01-11T00:00:00Z,2016-01-11T23:59:59Z,86395,86395,0,1.0,0.999670982,1.000055136,0.002308648,0,0,2,2,-0.0,2.57561,10.727818,-2.022362e-11,0.002575468,0.01072723,False,0.008587,False
2016-01-12,RS01SLBS-MJ01A-12-VEL3DB101,1,True,2016-01-12T00:00:00Z,2016-01-12T23:59:59Z,86395,86395,0,1.0,0.999668121,1.00005516,0.003406025,0,0,1,1,1e-06,2.025452,15.409142,6.165958e-10,0.00202534,0.01540829,False,0.011865,False
2016-01-13,RS01SLBS-MJ01A-12-VEL3DB101,1,True,2016-01-13T00:00:00Z,2016-01-13T23:59:59Z,86396,86396,0,1.0,0.999669075,1.000055195,0.000772379,0,0,0,0,-0.0,1.910456,7.51733,-1.916579e-10,0.001910351,0.007516915,False,0.008208,False
2016-01-14,RS01SLBS-MJ01A-12-VEL3DB101,1,True,2016-01-14T00:00:00Z,2016-01-14T23:59:59Z,86395,86395,0,1.0,0.999666691,1.000055156,-0.001516868,0,0,1,1,-0.0,1.360553,14.311137,-3.613725e-10,0.001360478,0.01431035,False,0.012913,False
2016-01-15,RS01SLBS-MJ01A-12-VEL3DB101,1,True,2016-01-15T00:00:00Z,2016-01-15T23:59:59Z,86395,86395,0,1.0,0.999670982,1.000055181,-0.001459244,0,0,1,1,-0.0,1.329492,12.620978,-4.395229e-10,0.001329419,0.01262028,False,0.016231,False
2016-01-16,RS01SLBS-MJ01A-12-VEL3DB101,1,True,2016-01-16T00:00:00Z,2016-01-16T23:59:59Z,86395,86395,0,1.0,0.99967289,1.000055131,0.001774254,0,0,0,0,-0.0,1.818253,10.13391,-3.128333e-10,0.001818153,0.01013335,False,0.008843,False
2016-01-17,RS01SLBS-MJ01A-12-VEL3DB101,1,True,2016-01-17T00:00:00Z,2016-01-17T23:59:59Z,86395,86395,0,1.0,0.999670982,1.000055182,-0.000384672,0,0,0,0,-0.0,2.625005,16.190273,-3.267839e-10,0.00262486,0.01618938,False,0.012964,False
2016-01-18,RS01SLBS-MJ01A-12-VEL3DB101,1,True,2016-01-18T00:00:00Z,2016-01-18T23:59:59Z,86396,86396,0,1.0,0.99967289,1.000055189,0.008387101,0,0,1,1,0.0,2.496324,19.657159,1.717407e-10,0.002496187,0.01965607,False,0.012717,False
2016-01-19,RS01SLBS-MJ01A-12-VEL3DB101,1,True,2016-01-19T00:00:00Z,2016-01-19T23:59:59Z,86395,86395,0,1.0,0.99967289,1.000055177,-0.000713977,0,0,1,1,0.0,1.796213,8.680919,2.685869e-10,0.001796113,0.00868044,False,0.008486,False
2016-01-20,RS01SLBS-MJ01A-12-VEL3DB101,1,True,2016-01-20T00:00:00Z,2016-01-20T23:59:59Z,86388,86395,7,1.0,0.999668121,1.000055134,0.001858185,2,7,2,7,-0.0,2.566357,12.620153,-6.356684e-11,0.002566215,0.01261946,False,0.017901,True
2016-01-21,RS01SLBS-MJ01A-12-VEL3DB101,1,True,2016-01-21T00:00:00Z,2016-01-21T23:59:59Z,86395,86395,0,1.0,0.999671936,1.000055102,-0.000729972,0,0,1,1,-0.0,1.526112,10.704201,-6.148599e-11,0.001526028,0.01070361,False,0.012845,False
2016-01-22,RS01SLBS-MJ01A-12-VEL3DB101,1,True,2016-01-22T00:00:00Z,2016-01-22T23:59:59Z,86396,86396,0,1.0,0.999668121,1.00005523,0.000212312,0,0,2,2,-1e-06,2.84373,13.389321,-5.713937e-10,0.002843573,0.01338858,False,0.011625,False
2016-01-23,RS01SLBS-MJ01A-12-VEL3DB101,1,True,2016-01-23T00:00:00Z,2016-01-23T23:59:59Z,86395,86395,0,1.0,0.999670029,1.000055235,-0.002119468,0,0,0,0,-0.0,1.717883,11.870875,-3.454522e-10,0.001717789,0.01187022,False,0.012803,False
2016-01-24,RS01SLBS-MJ01A-12-VEL3DB101,1,True,2016-01-24T00:00:00Z,2016-01-24T23:59:59Z,86395,86395,0,1.0,0.999669075,1.000055112,0.006487161,0,0,1,1,-0.0,2.486667,19.065378,-8.03213e-11,0.00248653,0.01906433,False,0.017095,False
2016-01-25,RS01SLBS-MJ01A-12-VEL3DB101,1,True,2016-01-25T00:00:00Z,2016-01-25T23:59:59Z,86395,86395,0,1.0,0.999671936,1.000055221,0.003829816,0,0,2,2,1e-06,4.813074,17.707659,5.133533e-10,0.004812809,0.01770668,False,0.018883,False
2016-01-26,RS01SLBS-MJ01A-12-VEL3DB101,1,True,2016-01-26T00:00:00Z,2016-01-26T23:59:59Z,86396,86396,0,1.0,0.999675274,1.000055196,0.008967581,0,0,0,0,-0.0,5.625496,17.222096,-1.356539e-10,0.005625186,0.01722115,False,0.014728,False
2016-01-27,RS01SLBS-MJ01A-12-VEL3DB101,1,True,2016-01-27T00:00:00Z,2016-01-27T23:59:59Z,86395,86395,0,1.0,0.999677181,1.000055084,-0.000951096,0,0,3,3,1e-06,5.268533,14.373269,7.748055e-10,0.005268243,0.01437248,False,0.014714,False
2016-01-28,RS01SLBS-MJ01A-12-VEL3DB101,1,True,2016-01-28T00:00:00Z,2016-01-28T23:59:59Z,86395,86395,0,1.0,0.999707699,1.000055266,-0.008697327,0,0,1,1,0.0,5.966665,15.699073,2.938711e-12,0.005966335,0.01569821,False,0.017823,False
2016-01-29,RS01SLBS-MJ01A-12-VEL3DB101,1,True,2016-01-29T00:00:00Z,2016-01-29T23:59:59Z,86395,86395,0,1.0,0.999675751,1.000055383,-0.007467438,0,0,0,0,-0.0,5.522607,14.005244,-3.38696e-10,0.005522301,0.01400447,False,0.017498,False
2016-01-30,RS01SLBS-MJ01A-12-VEL3DB101,1,True,2016-01-30T00:00:00Z,2016-01-30T20:08:02Z,72479,72479,0,1.0,0.999667168,1.000055213,-0.001743342,0,0,3,3,0.0,2.005601,18.117508,4.810808e-10,0.00200549,0.01811651,False,0.01828,False
2016-01-31,RS01SLBS-MJ01A-12-VEL3DB101,1,True,2016-01-31T02:32:02Z,2016-01-31T23:59:59Z,77274,77274,0,1.0,0.999670029,1.000055173,0.003002528,0,0,0,0,-0.0,2.291537,15.717334,-1.008926e-10,0.002291411,0.01571647,False,0.014713,False
2016-02-01,RS01SLBS-MJ01A-12-VEL3DB101,1,True,2016-02-01T00:00:00Z,2016-02-01T23:59:59Z,86370,86395,25,1.0,0.99968195,1.000055183,0.000440603,1,25,1,25,0.0,1.853394,13.997978,3.297242e-10,0.001853292,0.01399721,False,0.017616,True
2016-02-02,RS01SLBS-MJ01A-12-VEL3DB101,1,True,2016-02-02T00:00:00Z,2016-02-02T23:59:59Z,86395,86395,0,1.0,0.999687195,1.00005527,-0.003514896,0,0,0,0,-0.0,5.977331,16.882956,-2.57055e-10,0.005977001,0.01688202,False,0.019998,False
2016-02-03,RS01SLBS-MJ01A-12-VEL3DB101,1,True,2016-02-03T00:00:00Z,2016-02-03T23:59:59Z,86395,86395,0,1.0,0.999683857,1.000055217,-0.005762704,0,0,1,1,1e-06,2.533887,18.701129,6.93858e-10,0.002533747,0.0187001,False,0.014455,False
2016-02-04,RS01SLBS-MJ01A-12-VEL3DB101,1,True,2016-02-04T00:00:00Z,2016-02-04T23:59:59Z,86396,86396,0,1.0,0.999684811,1.000055237,-0.00377468,0,0,1,1,0.0,1.798129,15.401664,1.176514e-10,0.001798029,0.01540081,False,0.014458,False
2016-02-05,RS01SLBS-MJ01A-12-VEL3DB101,1,True,2016-02-05T00:00:00Z,2016-02-05T23:59:59Z,86395,86395,0,1.0,0.999683857,1.000055185,-0.001238398,0,0,1,1,0.0,1.483912,13.319878,1.005712e-10,0.00148383,0.01331914,False,0.014357,False
2016-02-06,RS01SLBS-MJ01A-12-VEL3DB101,1,True,2016-02-06T00:00:00Z,2016-02-06T23:59:59Z,86395,86395,0,1.0,0.99968195,1.000055173,0.002673242,0,0,0,0,-0.0,1.620961,11.780376,-3.71099e-10,0.001620872,0.01177973,False,0.012856,False
2016-02-07,RS01SLBS-MJ01A-12-VEL3DB101,1,True,2016-02-07T00:00:00Z,2016-02-07T23:59:59Z,86395,86395,0,1.0,0.99968195,1.000055157,0.001946839,0,0,1,1,1e-06,1.332518,12.6934,6.14464e-10,0.001332445,0.0126927,False,0.012941,False
2016-02-08,RS01SLBS-MJ01A-12-VEL3DB101,1,True,2016-02-08T00:00:00Z,2016-02-08T23:59:59Z,86396,86396,0,1.0,0.999680042,1.000055202,0.000101962,0,0,1,1,-0.0,1.584308,13.218827,-2.421978e-10,0.00158422,0.0132181,False,0.012965,False
2016-02-09,RS01SLBS-MJ01A-12-VEL3DB101,1,True,2016-02-09T00:00:00Z,2016-02-09T23:59:59Z,86395,86395,0,1.0,0.999680996,1.000055182,-0.000588251,0,0,1,1,0.0,1.341453,13.814562,1.345451e-10,0.001341379,0.0138138,False,0.013005,False
2016-02-10,RS01SLBS-MJ01A-12-VEL3DB101,1,True,2016-02-10T00:00:00Z,2016-02-10T23:59:59Z,86395,86395,0,1.0,0.999688148,1.000055171,0.001196211,0,0,2,2,-0.0,1.465843,12.637649,-3.051974e-10,0.001465762,0.01263695,False,0.012963,False
2016-02-11,RS01SLBS-MJ01A-12-VEL3DB101,1,True,2016-02-11T00:00:00Z,2016-02-11T23:59:59Z,86395,86395,0,1.0,0.999684334,1.000055182,-0.000191725,0,0,1,1,0.0,1.525726,13.018097,4.344825e-10,0.001525641,0.01301738,False,0.013212,False
2016-02-12,RS01SLBS-MJ01A-12-VEL3DB101,1,True,2016-02-12T00:00:00Z,2016-02-12T23:59:59Z,86396,86396,0,1.0,0.999687195,1.000055175,0.000109065,0,0,0,0,-0.0,1.284493,15.233131,-1.435359e-10,0.001284422,0.01523229,False,0.012969,False
2016-02-13,RS01SLBS-MJ01A-12-VEL3DB101,1,True,2016-02-13T00:00:00Z,2016-02-13T23:59:59Z,86395,86395,0,1.0,0.999688148,1.000055171,-0.000206958,0,0,1,1,0.0,1.451578,13.248096,4.74217e-10,0.001451498,0.01324736,False,0.012971,False
2016-02-14,RS01SLBS-MJ01A-12-VEL3DB101,1,True,2016-02-14T00:00:00Z,2016-02-14T23:59:59Z,86395,86395,0,1.0,0.999688625,1.000055158,-0.000941977,0,0,1,1,-0.0,1.764265,14.497581,-2.268212e-10,0.001764168,0.01449678,False,0.014451,False
2016-02-15,RS01SLBS-MJ01A-12-VEL3DB101,1,True,2016-02-15T00:00:00Z,2016-02-15T23:59:59Z,86375,86395,20,1.0,0.99969101,1.000055199,-0.002570979,1,20,1,20,1e-06,1.578135,14.76023,6.603142e-10,0.001578048,0.01475942,False,0.013376,True
2016-02-16,RS01SLBS-MJ01A-12-VEL3DB101,1,True,2016-02-16T00:00:00Z,2016-02-16T23:59:59Z,86395,86395,0,1.0,0.99969101,1.000055235,-0.001238435,0,0,1,1,0.0,1.543823,12.491121,1.010939e-10,0.001543738,0.01249043,False,0.012919,False
2016-02-17,RS01SLBS-MJ01A-12-VEL3DB101,1,True,2016-02-17T00:00:00Z,2016-02-17T23:59:59Z,86396,86396,0,1.0,0.999688625,1.000055183,-0.001236202,0,0,0,0,-0.0,1.450486,14.847839,-1.93318e-10,0.001450406,0.01484702,False,0.01299,False
2016-02-18,RS01SLBS-MJ01A-12-VEL3DB101,1,True,2016-02-18T00:00:00Z,2016-02-18T23:59:59Z,86395,86395,0,1.0,0.999685764,1.000055175,-0.001936762,0,0,0,0,-0.0,1.552406,14.86175,-3.648376e-10,0.00155232,0.01486093,False,0.013159,False
2016-02-19,RS01SLBS-MJ01A-12-VEL3DB101,1,True,2016-02-19T00:00:00Z,2016-02-19T23:59:59Z,86395,86395,0,1.0,0.999686718,1.000055177,-0.001914678,0,0,1,1,-0.0,1.699181,12.456029,-5.723734e-11,0.001699088,0.01245534,False,0.013323,False
2016-02-20,RS01SLBS-MJ01A-12-VEL3DB101,1,True,2016-02-20T00:00:00Z,2016-02-20T23:59:59Z,86395,86395,0,1.0,0.999689102,1.000055177,0.001632628,0,0,1,1,0.0,1.933507,12.615737,3.457681e-10,0.001933401,0.01261504,False,0.01316,False
2016-02-21,RS01SLBS-MJ01A-12-VEL3DB101,1,True,2016-02-21T00:00:00Z,2016-02-21T23:59:59Z,86396,86396,0,1.0,0.999684811,1.000055217,-0.001908972,0,0,0,0,-0.0,1.78245,16.343341,-1.309758e-10,0.001782352,0.01634244,False,0.014384,False
2016-02-22,RS01SLBS-MJ01A-12-VEL3DB101,1,True,2016-02-22T00:00:00Z,2016-02-22T23:59:59Z,86395,86395,0,1.0,0.999685764,1.000055167,0.000526213,0,0,1,1,-0.0,1.740268,17.610463,-6.325199e-12,0.001740172,0.01760949,False,0.013348,False
2016-02-23,RS01SLBS-MJ01A-12-VEL3DB101,1,True,2016-02-23T00:00:00Z,2016-02-23T23:59:59Z,86395,86395,0,1.0,0.999687195,1.000055174,0.001759189,0,0,1,1,0.0,2.700571,17.56406,2.227832e-10,0.002700422,0.01756309,False,0.014486,False
2016-02-24,RS01SLBS-MJ01A-12-VEL3DB101,1,True,2016-02-24T00:00:00Z,2016-02-24T23:59:59Z,86395,86395,0,1.0,0.999687195,1.000055158,0.000899401,0,0,1,1,0.0,1.800005,13.854118,3.288692e-10,0.001799906,0.01385335,False,0.018659,False
2016-02-25,RS01SLBS-MJ01A-12-VEL3DB101,1,True,2016-02-25T00:00:00Z,2016-02-25T23:59:59Z,86396,86396,0,1.0,0.999686241,1.000055204,0.000260737,0,0,3,3,0.0,1.59097,16.034067,8.62479e-11,0.001590882,0.01603318,False,0.012949,False
2016-02-26,RS01SLBS-MJ01A-12-VEL3DB101,1,True,2016-02-26T00:00:00Z,2016-02-26T23:59:59Z,86395,86395,0,1.0,0.999684811,1.000055225,-0.002210584,0,0,1,1,0.0,1.634777,14.017013,2.879904e-10,0.001634687,0.01401624,False,0.012894,False
2016-02-27,RS01SLBS-MJ01A-12-VEL3DB101,1,True,2016-02-27T00:00:00Z,2016-02-27T23:59:59Z,86395,86395,0,1.0,0.99968195,1.000055226,0.001067917,0,0,2,2,0.0,2.745481,15.507803,4.366298e-10,0.00274533,0.01550695,False,0.013114,False
2016-02-28,RS01SLBS-MJ01A-12-VEL3DB101,1,True,2016-02-28T00:00:00Z,2016-02-28T23:59:59Z,86395,86395,0,1.0,0.99968195,1.000055248,0.002395899,0,0,2,2,-0.0,1.928355,14.628425,-2.268351e-11,0.001928248,0.01462762,False,0.017277,False
2016-02-29,RS01SLBS-MJ01A-12-VEL3DB101,1,True,2016-02-29T00:00:00Z,2016-02-29T23:59:59Z,86395,86395,0,1.0,0.999682903,1.000055173,0.001175201,0,0,0,0,-0.0,2.067198,16.72998,-3.108899e-10,0.002067084,0.01672906,False,0.01334,False
2016-03-01,RS01SLBS-MJ01A-12-VEL3DB101,1,True,2016-03-01T00:00:00Z,2016-03-01T23:59:59Z,86294,86396,102,1.0,0.999693394,1.000055197,0.004731193,3,102,3,104,-1e-06,2.096869,17.819428,-9.735361e-10,0.002096753,0.01781844,False,0.036391,True
2016-03-02,RS01SLBS-MJ01A-12-VEL3DB101,1,True,2016-03-02T00:00:00Z,2016-03-02T23:59:59Z,86395,86395,0,1.0,0.999694824,1.000055209,-8.8039e-05,0,0,1,1,0.0,1.583398,20.326594,4.67937e-10,0.001583311,0.02032547,False,0.014423,False
2016-03-03,RS01SLBS-MJ01A-12-VEL3DB101,1,True,2016-03-03T00:00:00Z,2016-03-03T23:59:59Z,86237,86395,158,1.0,0.99969101,1.000055235,0.002068631,3,158,3,162,1e-06,1.378174,15.700045,7.939208e-10,0.001378098,0.01569918,False,0.063067,True
2016-03-04,RS01SLBS-MJ01A-12-VEL3DB101,1,True,2016-03-04T00:00:00Z,2016-03-04T23:59:59Z,86395,86395,0,1.0,0.999691963,1.000055211,-0.002649823,0,0,1,1,-1e-06,1.597124,18.190911,-6.457164e-10,0.001597036,0.01818991,False,0.014731,False
2016-03-05,RS01SLBS-MJ01A-12-VEL3DB101,1,True,2016-03-05T00:00:00Z,2016-03-05T23:59:59Z,86396,86396,0,1.0,0.999692917,1.000055189,-0.000923843,0,0,0,0,-0.0,2.256228,16.969682,-1.400507e-10,0.002256103,0.01696875,False,0.016611,False
2016-03-06,RS01SLBS-MJ01A-12-VEL3DB101,1,True,2016-03-06T00:00:00Z,2016-03-06T23:59:59Z,86395,86395,0,1.0,0.999694347,1.000055144,-0.00071312,0,0,0,0,-0.0,1.565116,14.996052,-3.636386e-10,0.00156503,0.01499522,False,0.014464,False
2016-03-07,RS01SLBS-MJ01A-12-VEL3DB101,1,True,2016-03-07T00:00:00Z,2016-03-07T23:59:59Z,86395,86395,0,1.0,0.999694824,1.000055256,-0.00044406,0,0,0,0,-0.0,1.575121,16.804332,-3.234898e-10,0.001575034,0.0168034,False,0.017327,False
2016-03-08,RS01SLBS-MJ01A-12-VEL3DB101,1,True,2016-03-08T00:00:00Z,2016-03-08T23:59:59Z,86395,86395,0,1.0,0.999693871,1.000055152,-0.000656932,0,0,1,1,0.0,1.949793,16.780763,4.846975e-10,0.001949685,0.01677984,False,0.014518,False
2016-03-09,RS01SLBS-MJ01A-12-VEL3DB101,1,True,2016-03-09T00:00:00Z,2016-03-09T23:59:59Z,86396,86396,0,1.0,0.999693871,1.000055191,0.000933221,0,0,2,2,-0.0,1.416648,16.707374,-1.418617e-10,0.00141657,0.01670645,False,0.014473,False
2016-03-10,RS01SLBS-MJ01A-12-VEL3DB101,1,True,2016-03-10T00:00:00Z,2016-03-10T23:06:40Z,83196,83196,0,1.0,0.999699116,1.000055201,-0.001599269,0,0,0,0,0.0,1.520223,15.837968,9.018951e-11,0.001520139,0.01583709,False,0.01432,False
2016-03-11,RS01SLBS-MJ01A-12-VEL3DB101,1,True,2016-03-11T07:35:22Z,2016-03-11T23:59:59Z,59075,59075,0,1.0,0.999700069,1.000055246,-0.002058861,0,0,0,0,-0.0,1.876761,16.812121,-1.645041e-10,0.001876658,0.01681119,False,0.014335,False
2016-03-12,RS01SLBS-MJ01A-12-VEL3DB101,1,True,2016-03-12T00:00:00Z,2016-03-12T23:59:59Z,86395,86395,0,1.0,0.999700069,1.000055225,-0.004578951,0,0,2,2,-0.0,2.541406,19.98236,-1.063793e-10,0.002541266,0.01998126,False,0.014765,False
2016-03-13,RS01SLBS-MJ01A-12-VEL3DB101,1,True,2016-03-13T00:00:00Z,2016-03-13T23:59:59Z,86395,86395,0,1.0,0.999700069,1.000055214,0.000559027,0,0,0,0,-0.0,1.933054,16.457398,-3.286333e-10,0.001932948,0.01645649,False,0.015631,False
2016-03-14,RS01SLBS-MJ01A-12-VEL3DB101,1,True,2016-03-14T00:00:00Z,2016-03-14T23:59:59Z,86396,86396,0,1.0,0.999700069,1.000055198,0.002475484,0,0,0,0,-0.0,2.226827,17.716699,-1.623791e-10,0.002226704,0.01771572,False,0.01456,False
2016-03-15,RS01SLBS-MJ01A-12-VEL3DB101,1,True,2016-03-15T00:00:00Z,2016-03-15T23:59:59Z,86395,86395,0,1.0,0.999701977,1.000055199,-0.000120106,0,0,0,0,-0.0,1.825237,17.724061,-3.281961e-10,0.001825137,0.01772308,False,0.014419,False
2016-03-16,RS01SLBS-MJ01A-12-VEL3DB101,1,True,2016-03-16T00:00:00Z,2016-03-16T23:59:59Z,85872,86395,523,1.0,0.999701023,1.000055189,-0.000913199,1,523,1,523,-0.0,1.390241,15.904606,-3.337298e-10,0.001390165,0.01590373,False,0.186412,True
2016-03-17,RS01SLBS-MJ01A-12-VEL3DB101,1,True,2016-03-17T00:00:00Z,2016-03-17T23:59:59Z,86292,86395,103,1.0,0.999701023,1.000055164,0.012305575,2,103,2,104,-0.0,1.605727,17.549113,-3.474086e-10,0.001605638,0.01754814,False,0.038561,True
2016-03-18,RS01SLBS-MJ01A-12-VEL3DB101,1,True,2016-03-18T00:00:00Z,2016-03-18T23:59:59Z,86396,86396,0,1.0,0.999701977,1.000055218,-0.000160095,0,0,0,0,-0.0,1.638003,16.29643,-1.075474e-10,0.001637913,0.01629553,False,0.014653,False
2016-03-19,RS01SLBS-MJ01A-12-VEL3DB101,1,True,2016-03-19T00:00:00Z,2016-03-19T23:59:59Z,86395,86395,0,1.0,0.999700069,1.000055197,-0.00132689,0,0,0,0,-0.0,1.951296,20.544742,-3.574803e-10,0.001951188,0.02054361,False,0.016196,False
2016-03-20,RS01SLBS-MJ01A-12-VEL3DB101,1,True,2016-03-20T00:00:00Z,2016-03-20T23:59:59Z,86395,86395,0,1.0,0.999700069,1.000055201,0.000270306,0,0,2,2,-0.0,1.507052,16.277367,-1.367395e-10,0.001506969,0.01627647,False,0.017752,False
2016-03-21,RS01SLBS-MJ01A-12-VEL3DB101,1,True,2016-03-21T00:00:00Z,2016-03-21T23:59:59Z,86395,86395,0,1.0,0.999697685,1.000055168,0.002251915,0,0,0,0,-0.0,1.481262,16.951962,-3.402568e-10,0.00148118,0.01695103,False,0.014719,False
2016-03-22,RS01SLBS-MJ01A-12-VEL3DB101,1,True,2016-03-22T00:00:00Z,2016-03-22T23:59:59Z,86396,86396,0,1.0,0.999698162,1.000055221,-0.001240198,0,0,0,0,-0.0,2.032579,15.773669,-1.142034e-10,0.002032466,0.0157728,False,0.014476,False
2016-03-23,RS01SLBS-MJ01A-12-VEL3DB101,1,True,2016-03-23T00:00:00Z,2016-03-23T23:59:59Z,86395,86395,0,1.0,0.999698162,1.000055112,0.002119232,0,0,2,2,-0.0,1.927765,16.657162,-4.6936e-10,0.001927659,0.01665624,False,0.014713,False
2016-03-24,RS01SLBS-MJ01A-12-VEL3DB101,1,True,2016-03-24T00:00:00Z,2016-03-24T23:59:59Z,86395,86395,0,1.0,0.999695301,1.000055242,-0.000304194,0,0,0,0,-0.0,1.540155,17.424956,-3.210571e-10,0.00154007,0.01742399,False,0.014744,False
2016-03-25,RS01SLBS-MJ01A-12-VEL3DB101,1,True,2016-03-25T00:00:00Z,2016-03-25T23:59:59Z,86395,86395,0,1.0,0.999697685,1.000055222,-0.001413644,0,0,0,0,-0.0,1.700344,17.587047,-3.365612e-10,0.00170025,0.01758608,False,0.01474,False
2016-03-26,RS01SLBS-MJ01A-12-VEL3DB101,1,True,2016-03-26T00:00:00Z,2016-03-26T23:59:59Z,86395,86395,0,1.0,0.999699116,1.000055203,0.00148295,0,0,1,1,-0.0,2.105666,18.047648,-2.90321e-10,0.00210555,0.01804665,False,0.015918,False
2016-03-27,RS01SLBS-MJ01A-12-VEL3DB101,1,True,2016-03-27T00:00:00Z,2016-03-27T23:59:59Z,86396,86396,0,1.0,0.999697685,1.000055163,-0.002844265,0,0,1,1,-0.0,2.190766,18.906427,-1.840866e-10,0.002190645,0.01890538,False,0.014262,False
2016-03-28,RS01SLBS-MJ01A-12-VEL3DB101,1,True,2016-03-28T00:00:00Z,2016-03-28T23:59:59Z,86395,86395,0,1.0,0.999698162,1.000055229,0.001849693,0,0,1,1,-1e-06,2.680798,18.849032,-7.07004e-10,0.00268065,0.01884799,False,0.014619,False
2016-03-29,RS01SLBS-MJ01A-12-VEL3DB101,1,True,2016-03-29T00:00:00Z,2016-03-29T23:59:59Z,86395,86395,0,1.0,0.999698639,1.000055193,-0.000339991,0,0,1,1,0.0,2.027844,17.794364,4.111549e-10,0.002027732,0.01779338,False,0.014686,False
2016-03-30,RS01SLBS-MJ01A-12-VEL3DB101,1,True,2016-03-30T00:00:00Z,2016-03-30T23:59:59Z,86395,86395,0,1.0,0.999700069,1.000055181,-0.000712993,0,0,0,0,-0.0,2.66672,18.551653,-3.483949e-10,0.002666573,0.01855063,False,0.014695,False
2016-03-31,RS01SLBS-MJ01A-12-VEL3DB101,1,True,2016-03-31T00:00:00Z,2016-03-31T23:59:59Z,86381,86396,15,1.0,0.999699116,1.000055153,0.010167285,1,15,1,15,1e-06,3.474899,19.759587,5.02425e-10,0.003474708,0.0197585,False,0.014776,True
2016-04-01,RS01SLBS-MJ01A-12-VEL3DB101,1,True,2016-04-01T00:00:00Z,2016-04-01T23:59:59Z,86293,86395,102,1.0,0.999705315,1.000055164,-0.000411316,1,102,1,102,-1e-06,3.925478,19.117162,-8.396567e-10,0.003925262,0.01911611,False,0.035218,True
2016-04-02,RS01SLBS-MJ01A-12-VEL3DB101,1,True,2016-04-02T00:00:00Z,2016-04-02T23:59:59Z,86293,86395,102,1.0,0.99971199,1.000055142,0.000274687,1,102,1,102,-0.0,4.316828,15.703244,-1.93014e-10,0.00431659,0.01570238,False,0.035626,True
2016-04-03,RS01SLBS-MJ01A-12-VEL3DB101,1,True,2016-04-03T00:00:00Z,2016-04-03T23:59:59Z,86395,86395,0,1.0,0.999709606,1.0000552,-0.001104519,0,0,0,0,-0.0,4.038011,15.416666,-3.601675e-10,0.004037788,0.01541582,False,0.015702,False
2016-04-04,RS01SLBS-MJ01A-12-VEL3DB101,1,True,2016-04-04T00:00:00Z,2016-04-04T23:59:59Z,86396,86396,0,1.0,0.999712944,1.000055112,0.001053192,0,0,1,1,-0.0,5.205042,17.471443,-1.393374e-10,0.005204755,0.01747048,False,0.014724,False
2016-04-05,RS01SLBS-MJ01A-12-VEL3DB101,1,True,2016-04-05T00:00:00Z,2016-04-05T23:59:59Z,86395,86395,0,1.0,0.99971199,1.000055205,-0.00404599,0,0,0,0,-0.0,4.747082,15.466122,-3.285858e-10,0.00474682,0.01546527,False,0.019113,False
2016-04-06,RS01SLBS-MJ01A-12-VEL3DB101,1,True,2016-04-06T00:00:00Z,2016-04-06T23:59:59Z,86395,86395,0,1.0,0.999707222,1.000055194,0.00022925,0,0,0,0,-0.0,1.682031,15.544106,-3.778418e-10,0.001681938,0.01554325,False,0.014389,False
2016-04-07,RS01SLBS-MJ01A-12-VEL3DB101,1,True,2016-04-07T00:00:00Z,2016-04-07T23:59:59Z,86395,86395,0,1.0,0.999712944,1.000055143,0.001099993,0,0,1,1,0.0,4.197646,17.082804,1.940885e-10,0.004197415,0.01708186,False,0.016277,False
2016-04-08,RS01SLBS-MJ01A-12-VEL3DB101,1,True,2016-04-08T00:00:00Z,2016-04-08T23:59:59Z,86112,86396,284,1.0,0.999709606,1.000055182,-0.002403766,5,284,5,286,1e-06,2.617318,19.880702,5.195425e-10,0.002617173,0.01987961,False,0.053133,True
2016-04-09,RS01SLBS-MJ01A-12-VEL3DB101,1,True,2016-04-09T00:00:00Z,2016-04-09T23:59:59Z,86395,86395,0,1.0,0.999709129,1.000055169,-0.000324388,0,0,1,1,0.0,2.006621,22.371089,2.742454e-11,0.00200651,0.02236985,False,0.014464,False
2016-04-10,RS01SLBS-MJ01A-12-VEL3DB101,1,True,2016-04-10T00:00:00Z,2016-04-10T23:59:59Z,86395,86395,0,1.0,0.999715328,1.00005517,0.000577797,0,0,1,1,0.0,2.343921,17.549377,5.938423e-11,0.002343791,0.01754841,False,0.014716,False
2016-04-11,RS01SLBS-MJ01A-12-VEL3DB101,1,True,2016-04-11T00:00:00Z,2016-04-11T23:59:59Z,86395,86395,0,1.0,0.99971199,1.000055202,-0.00101694,0,0,0,0,-0.0,1.788035,18.46423,-3.355782e-10,0.001787936,0.01846321,False,0.014728,False
2016-04-12,RS01SLBS-MJ01A-12-VEL3DB101,1,True,2016-04-12T00:00:00Z,2016-04-12T23:59:59Z,86395,86395,0,1.0,0.99971199,1.000055188,-0.003582762,0,0,1,1,-0.0,2.177005,17.760681,-1.796046e-11,0.002176884,0.0177597,False,0.01446,False
2016-04-13,RS01SLBS-MJ01A-12-VEL3DB101,1,True,2016-04-13T00:00:00Z,2016-04-13T23:59:59Z,86396,86396,0,1.0,0.999714375,1.00005519,0.000420898,0,0,0,0,-0.0,2.14279,18.655868,-8.92723e-11,0.002142672,0.01865484,False,0.014736,False
2016-04-14,RS01SLBS-MJ01A-12-VEL3DB101,1,True,2016-04-14T00:00:00Z,2016-04-14T23:59:59Z,86252,86395,143,1.0,0.999715805,1.000055189,0.009805609,3,143,3,144,-0.0,3.889679,20.885986,-1.742517e-11,0.003889464,0.02088483,False,0.037092,True
2016-04-15,RS01SLBS-MJ01A-12-VEL3DB101,1,True,2016-04-15T00:00:00Z,2016-04-15T23:59:59Z,86395,86395,0,1.0,0.999724865,1.000055007,0.008090395,0,0,0,0,-0.0,4.537885,21.225506,-3.568326e-10,0.004537636,0.02122434,False,0.017072,False
2016-04-16,RS01SLBS-MJ01A-12-VEL3DB101,1,True,2016-04-16T00:00:00Z,2016-04-16T23:59:59Z,86395,86395,0,1.0,1.00071907,1.000055261,-0.000511479,0,0,1,1,-0.0,2.035226,10.508906,-1.192054e-10,0.002035114,0.01050833,False,0.008985,False
2016-04-17,RS01SLBS-MJ01A-12-VEL3DB101,1,True,2016-04-17T00:00:00Z,2016-04-17T23:59:59Z,86396,86396,0,1.0,1.000723362,1.0000552,-0.000741689,0,0,0,0,-0.0,2.436293,11.949245,-1.104927e-10,0.002436158,0.01194859,False,0.009379,False
2016-04-18,RS01SLBS-MJ01A-12-VEL3DB101,1,True,2016-04-18T00:00:00Z,2016-04-18T23:59:59Z,86395,86395,0,1.0,1.000715256,1.000055275,-0.003245194,0,0,0,0,-0.0,2.134854,6.928768,-3.30484e-10,0.002134736,0.006928385,False,0.005357,False
2016-04-19,RS01SLBS-MJ01A-12-VEL3DB101,1,True,2016-04-19T00:00:00Z,2016-04-19T23:59:59Z,86395,86395,0,1.0,1.000715733,1.000055283,-0.000518939,0,0,2,2,-0.0,1.642848,11.737151,-2.188415e-10,0.001642758,0.0117365,False,0.011301,False
2016-04-20,RS01SLBS-MJ01A-12-VEL3DB101,1,True,2016-04-20T00:00:00Z,2016-04-20T23:59:59Z,86388,86395,7,1.0,1.000717163,1.000055302,0.001764991,1,7,1,7,-0.0,1.857483,9.193164,-1.565712e-10,0.00185738,0.009192656,False,0.007754,True
2016-04-21,RS01SLBS-MJ01A-12-VEL3DB101,1,True,2016-04-21T00:00:00Z,2016-04-21T22:50:27Z,82224,82224,0,1.0,1.000716209,1.000055318,0.004347264,0,0,0,0,-0.0,1.715564,13.321096,-1.012849e-10,0.001715469,0.01332036,False,0.012963,False
2016-04-22,RS01SLBS-MJ01A-12-VEL3DB101,1,True,2016-04-22T14:44:51Z,2016-04-22T23:59:59Z,33307,33307,0,1.0,1.000723839,1.00005536,0.000105236,0,0,0,0,0.0,1.21111,4.162546,1.372892e-11,0.001211043,0.004162316,False,0.005467,False
2016-04-23,RS01SLBS-MJ01A-12-VEL3DB101,1,True,2016-04-23T00:00:00Z,2016-04-23T23:59:59Z,86395,86395,0,1.0,1.000720024,1.000055286,-0.003065455,0,0,1,1,0.0,1.639107,13.137865,7.958253e-11,0.001639017,0.01313714,False,0.012935,False
2016-04-24,RS01SLBS-MJ01A-12-VEL3DB101,1,True,2016-04-24T00:00:00Z,2016-04-24T23:59:59Z,86395,86395,0,1.0,1.000718117,1.000055278,-0.001302023,0,0,1,1,0.0,1.387946,7.82514,4.204087e-11,0.00138787,0.007824707,False,0.009342,False
2016-04-25,RS01SLBS-MJ01A-12-VEL3DB101,1,True,2016-04-25T00:00:00Z,2016-04-25T23:59:59Z,86385,86395,10,1.0,1.000720978,1.000055278,0.001797967,2,10,2,11,-1e-06,1.724373,13.738152,-6.31783e-10,0.001724277,0.01373739,False,0.014382,True
2016-04-26,RS01SLBS-MJ01A-12-VEL3DB101,1,True,2016-04-26T00:00:00Z,2016-04-26T23:59:59Z,86396,86396,0,1.0,1.000720978,1.000055263,0.000136323,0,0,0,0,-0.0,1.73242,5.864804,-1.401004e-10,0.001732324,0.00586448,False,0.0069,False
2016-04-27,RS01SLBS-MJ01A-12-VEL3DB101,1,True,2016-04-27T00:00:00Z,2016-04-27T23:59:59Z,86395,86395,0,1.0,1.000724792,1.000055257,-0.002492534,0,0,0,0,-0.0,2.015347,13.740984,-2.95561e-10,0.002015236,0.01374022,False,0.014052,False
2016-04-28,RS01SLBS-MJ01A-12-VEL3DB101,1,True,2016-04-28T00:00:00Z,2016-04-28T23:59:59Z,86395,86395,0,1.0,1.000729084,1.000055291,0.001363411,0,0,0,0,-0.0,1.312139,11.495771,-3.216739e-10,0.001312067,0.01149514,False,0.011888,False
2016-04-29,RS01SLBS-MJ01A-12-VEL3DB101,1,True,2016-04-29T00:00:00Z,2016-04-29T23:59:59Z,86395,86395,0,1.0,1.00071907,1.000055328,-0.00295106,0,0,0,0,-0.0,1.762322,6.412163,-3.637026e-10,0.001762225,0.006411808,False,0.006275,False
2016-04-30,RS01SLBS-MJ01A-12-VEL3DB101,1,True,2016-04-30T00:00:00Z,2016-04-30T23:59:59Z,86396,86396,0,1.0,1.000720978,1.000055306,-0.004046622,0,0,1,1,-0.0,1.452108,5.015602,-1.85794e-10,0.001452028,0.005015325,False,0.004498,False
2016-05-01,RS01SLBS-MJ01A-12-VEL3DB101,1,True,2016-05-01T00:00:00Z,2016-05-01T23:59:59Z,86395,86395,0,1.0,1.000731945,1.000055251,0.000581196,0,0,0,0,-0.0,1.2353,4.733454,-3.962927e-10,0.001235232,0.004733192,False,0.004131,False
2016-05-02,RS01SLBS-MJ01A-12-VEL3DB101,1,True,2016-05-02T00:00:00Z,2016-05-02T23:59:59Z,86395,86395,0,1.0,1.000730038,1.000055289,-0.000404437,0,0,1,1,0.0,2.107032,6.972867,4.108607e-10,0.002106916,0.006972481,False,0.005817,False
2016-05-03,RS01SLBS-MJ01A-12-VEL3DB101,1,True,2016-05-03T00:00:00Z,2016-05-03T23:59:59Z,86395,86395,0,1.0,1.000727177,1.000055236,-0.002201111,0,0,1,1,1e-06,3.060266,12.100784,5.055831e-10,0.003060097,0.01210012,False,0.011384,False
2016-05-04,RS01SLBS-MJ01A-12-VEL3DB101,1,True,2016-05-04T00:00:00Z,2016-05-04T23:59:59Z,86395,86395,0,1.0,1.000731945,1.000055272,-0.000956867,0,0,0,0,-0.0,1.49013,5.401042,-3.35509e-10,0.001490047,0.005400744,False,0.004374,False
2016-05-05,RS01SLBS-MJ01A-12-VEL3DB101,1,True,2016-05-05T00:00:00Z,2016-05-05T23:59:59Z,85637,86395,758,1.0,1.000734806,1.000069194,-0.324358567,2,758,2,759,0.0,281.014873,540.898954,2.799673e-10,0.2809954,0.5408615,True,0.483852,True
2016-05-06,RS01SLBS-MJ01A-12-VEL3DB101,1,True,2016-05-06T00:00:00Z,2016-05-06T23:59:59Z,83334,86393,3059,1.0,1.000735283,1.000057351,-0.057885768,7,3059,7,3059,0.0,183.089895,1879.900841,2.267136e-10,0.1830794,1.879793,True,0.207389,True
2016-05-07,RS01SLBS-MJ01A-12-VEL3DB101,1,True,2016-05-07T00:00:00Z,2016-05-07T23:59:59Z,53452,86383,32931,1.0,1.000732899,1.00021552,0.716392448,83,32931,83,32931,0.0,1416.366885,2746.833158,2.04554e-10,1.416062,2.746241,True,0.496769,True
2016-05-08,RS01SLBS-MJ01A-12-VEL3DB101,1,True,2016-05-08T00:00:00Z,2016-05-08T23:59:59Z,86395,86395,0,1.0,1.00073576,1.000055258,0.00125993,0,0,2,2,-1e-06,1.622779,7.981975,-6.008451e-10,0.001622689,0.007981534,False,0.006849,False
2016-05-09,RS01SLBS-MJ01A-12-VEL3DB101,1,True,2016-05-09T00:00:00Z,2016-05-09T23:59:59Z,86381,86396,15,1.0,1.000738144,1.000055262,-0.000231,3,15,3,16,-0.0,1.725576,8.45098,-2.893485e-10,0.00172548,0.008450513,False,0.009422,True
2016-05-10,RS01SLBS-MJ01A-12-VEL3DB101,1,True,2016-05-10T00:00:00Z,2016-05-10T23:59:59Z,86395,86395,0,1.0,1.000737667,1.000055261,0.00360204,0,0,0,0,-0.0,1.350903,5.941448,-3.106933e-10,0.001350828,0.00594112,False,0.005659,False
2016-05-11,RS01SLBS-MJ01A-12-VEL3DB101,1,True,2016-05-11T00:00:00Z,2016-05-11T23:59:59Z,85998,86395,397,1.0,1.000738621,1.000055273,-0.000280644,10,397,10,397,-0.0,1.743412,11.833964,-3.604311e-10,0.001743315,0.01183331,False,0.081867,True
2016-05-12,RS01SLBS-MJ01A-12-VEL3DB101,1,True,2016-05-12T00:00:00Z,2016-05-12T23:59:59Z,86113,86395,282,1.0,1.00073719,1.000055277,-0.000455777,3,282,3,282,1e-06,1.458006,7.756706,1.136663e-09,0.001457925,0.007756277,False,0.178734,True
2016-05-13,RS01SLBS-MJ01A-12-VEL3DB101,1,True,2016-05-13T00:00:00Z,2016-05-13T23:59:59Z,86305,86395,90,1.0,1.000736237,1.000055232,-0.002257131,7,90,7,90,0.0,1.871474,7.525576,3.982041e-10,0.001871371,0.00752516,False,0.015295,True
2016-05-14,RS01SLBS-MJ01A-12-VEL3DB101,1,True,2016-05-14T00:00:00Z,2016-05-14T23:59:59Z,86321,86396,75,1.0,1.000736713,1.000055277,0.001468356,2,75,2,75,-0.0,2.272552,8.574429,-4.324517e-10,0.002272426,0.008573955,False,0.04848,True
2016-05-15,RS01SLBS-MJ01A-12-VEL3DB101,1,True,2016-05-15T00:00:00Z,2016-05-15T23:59:59Z,86395,86395,0,1.0,1.000737667,1.00005526,-0.001553597,0,0,1,1,1e-06,1.533773,7.369971,8.09152e-10,0.001533688,0.007369564,False,0.008559,False
2016-05-16,RS01SLBS-MJ01A-12-VEL3DB101,1,True,2016-05-16T00:00:00Z,2016-05-16T23:59:59Z,86285,86395,110,1.0,1.000735283,1.000055266,0.000496045,4,110,4,110,0.0,1.258276,4.802479,3.111736e-10,0.001258206,0.004802214,False,0.055893,True
2016-05-17,RS01SLBS-MJ01A-12-VEL3DB101,1,True,2016-05-17T00:00:00Z,2016-05-17T23:59:59Z,80969,86391,5422,1.0,1.00073576,1.000118828,-1.314562921,4,5422,4,5423,0.0,989.008232,2061.869829,7.628727e-11,0.9888907,2.061625,True,0.321063,True
2016-05-18,RS01SLBS-MJ01A-12-VEL3DB101,1,True,2016-05-18T00:00:00Z,2016-05-18T23:59:59Z,85803,86396,593,1.0,1.000735283,1.000055266,-0.004089221,2,593,2,594,-0.0,1.938842,6.377932,-2.007587e-11,0.001938735,0.006377579,False,0.406398,True
2016-05-19,RS01SLBS-MJ01A-12-VEL3DB101,1,True,2016-05-19T00:00:00Z,2016-05-19T23:59:59Z,84263,86394,2131,1.0,1.000735283,1.000057144,0.890614482,4,2131,4,2132,-0.0,151.394203,895.903337,-4.694379e-10,0.1513856,0.8958521,True,0.442623,True
2016-05-20,RS01SLBS-MJ01A-12-VEL3DB101,1,True,2016-05-20T00:00:00Z,2016-05-20T23:59:59Z,86031,86395,364,1.0,1.000733852,1.00005529,-0.001421027,20,364,20,367,-1e-06,2.160201,127.509178,-7.28327e-10,0.002160082,0.1275021,False,0.128264,True
2016-05-21,RS01SLBS-MJ01A-12-VEL3DB101,1,True,2016-05-21T00:00:00Z,2016-05-21T23:59:59Z,86208,86395,187,1.0,1.000736237,1.00005525,-0.000678649,7,187,7,190,-0.0,2.753554,408.495224,-1.649974e-10,0.002753402,0.4084727,True,0.406841,True
2016-05-22,RS01SLBS-MJ01A-12-VEL3DB101,1,True,2016-05-22T00:00:00Z,2016-05-22T23:59:59Z,86355,86395,40,1.0,1.000731945,1.000055272,-0.001848477,8,40,8,40,-0.0,1.573308,7.046032,-2.80089e-10,0.001573221,0.007045643,False,0.008238,True
2016-05-23,RS01SLBS-MJ01A-12-VEL3DB101,1,True,2016-05-23T00:00:00Z,2016-05-23T23:59:59Z,86376,86396,20,1.0,1.000731945,1.000055276,-0.002691825,5,20,5,21,0.0,1.605772,12.367212,3.59667e-11,0.001605683,0.01236653,False,0.01294,True
2016-05-24,RS01SLBS-MJ01A-12-VEL3DB101,1,True,2016-05-24T00:00:00Z,2016-05-24T23:59:59Z,86395,86395,0,1.0,1.000736237,1.000055287,-2.3273e-05,0,0,0,0,-0.0,1.57761,7.718957,-3.582887e-10,0.001577523,0.00771853,False,0.007024,False
2016-05-25,RS01SLBS-MJ01A-12-VEL3DB101,1,True,2016-05-25T00:00:00Z,2016-05-25T23:59:59Z,86395,86395,0,1.0,1.000736713,1.000055317,-0.001964841,0,0,1,1,1e-06,1.825657,10.456014,5.479917e-10,0.001825556,0.01045544,False,0.014398,False
2016-05-26,RS01SLBS-MJ01A-12-VEL3DB101,1,True,2016-05-26T00:00:00Z,2016-05-26T23:59:59Z,86395,86395,0,1.0,1.000734806,1.000055252,-0.003832072,0,0,2,2,0.0,2.015755,6.111952,1.64565e-10,0.002015644,0.006111614,False,0.005443,False
2016-05-27,RS01SLBS-MJ01A-12-VEL3DB101,1,True,2016-05-27T00:00:00Z,2016-05-27T23:59:59Z,86351,86396,45,1.0,1.000734329,1.000055316,-0.002502071,6,45,6,46,0.0,2.001552,16.160825,1.665581e-10,0.002001441,0.01615993,False,0.014414,True
2016-05-28,RS01SLBS-MJ01A-12-VEL3DB101,1,True,2016-05-28T00:00:00Z,2016-05-28T23:59:59Z,86390,86395,5,1.0,1.000733852,1.000055224,0.001901656,1,5,1,5,-0.0,1.946912,6.16212,-1.013468e-10,0.001946804,0.00616178,False,0.005654,True
2016-05-29,RS01SLBS-MJ01A-12-VEL3DB101,1,True,2016-05-29T00:00:00Z,2016-05-29T23:59:59Z,86390,86395,5,1.0,1.000732899,1.000055184,0.001810239,2,5,2,6,-0.0,1.602362,14.156518,-8.51782e-11,0.001602273,0.01415574,False,0.013052,True
2016-05-30,RS01SLBS-MJ01A-12-VEL3DB101,1,True,2016-05-30T00:00:00Z,2016-05-30T23:59:59Z,86390,86395,5,1.0,1.000736237,1.000055296,-0.000944384,3,5,3,7,0.0,1.750437,18.047746,2.989512e-10,0.00175034,0.01804675,False,0.014415,True
2016-05-31,RS01SLBS-MJ01A-12-VEL3DB101,1,True,2016-05-31T00:00:00Z,2016-05-31T23:59:59Z,86395,86395,0,1.0,1.000730991,1.000055286,-0.000669682,0,0,1,1,0.0,2.427919,19.539366,2.64694e-10,0.002427785,0.01953829,False,0.018817,False
2016-06-01,RS01SLBS-MJ01A-12-VEL3DB101,1,True,2016-06-01T00:00:00Z,2016-06-01T23:59:59Z,86396,86396,0,1.0,1.000736237,1.000055237,-0.000107843,0,0,1,1,-0.0,3.447565,9.562145,-4.241726e-10,0.003447375,0.009561616,False,0.009511,False
2016-06-02,RS01SLBS-MJ01A-12-VEL3DB101,1,True,2016-06-02T00:00:00Z,2016-06-02T23:59:59Z,86355,86395,40,1.0,1.00073719,1.000055233,0.002543728,1,40,1,40,-0.0,3.056379,8.346597,-2.977196e-11,0.003056211,0.008346136,False,0.028149,True
2016-06-03,RS01SLBS-MJ01A-12-VEL3DB101,1,True,2016-06-03T00:00:00Z,2016-06-03T23:59:59Z,86385,86395,10,1.0,1.00073576,1.000055226,0.001120456,2,10,2,10,1e-06,1.495813,13.753735,7.93426e-10,0.001495731,0.01375298,False,0.012953,True
2016-06-04,RS01SLBS-MJ01A-12-VEL3DB101,1,True,2016-06-04T00:00:00Z,2016-06-04T23:59:59Z,86390,86395,5,1.0,1.000738144,1.000055296,-0.001389599,2,5,2,6,0.0,1.277595,14.357474,3.409434e-11,0.001277524,0.01435668,False,0.014336,True
2016-06-05,RS01SLBS-MJ01A-12-VEL3DB101,1,True,2016-06-05T00:00:00Z,2016-06-05T23:59:59Z,85914,86396,482,1.0,1.000736713,1.000055265,-0.002670201,6,482,6,482,0.0,1.932028,8.771981,2.382133e-10,0.001931922,0.008771496,False,0.14804,True
2016-06-06,RS01SLBS-MJ01A-12-VEL3DB101,1,True,2016-06-06T00:00:00Z,2016-06-06T23:59:59Z,86395,86395,0,1.0,1.00073576,1.000055291,-0.001130047,0,0,0,0,-0.0,2.226495,6.577646,-2.948569e-10,0.002226372,0.006577283,False,0.006753,False
2016-06-07,RS01SLBS-MJ01A-12-VEL3DB101,1,True,2016-06-07T00:00:00Z,2016-06-07T23:59:59Z,86360,86395,35,1.0,1.000736237,1.00005528,-0.003360344,4,35,4,35,-0.0,1.454014,8.50672,-1.604966e-10,0.001453933,0.008506249,False,0.016575,True
2016-06-08,RS01SLBS-MJ01A-12-VEL3DB101,1,True,2016-06-08T00:00:00Z,2016-06-08T23:59:59Z,86329,86395,66,1.0,1.000736237,1.000055256,-0.000844016,3,66,3,66,-0.0,1.604638,13.524182,-2.193555e-10,0.001604549,0.01352343,False,0.038377,True
2016-06-09,RS01SLBS-MJ01A-12-VEL3DB101,1,True,2016-06-09T00:00:00Z,2016-06-09T23:59:59Z,86391,86396,5,1.0,1.000739098,1.000055286,0.000210102,3,5,3,7,0.0,1.773254,13.546312,7.298706e-11,0.001773156,0.01354556,False,0.012995,True
2016-06-10,RS01SLBS-MJ01A-12-VEL3DB101,1,True,2016-06-10T00:00:00Z,2016-06-10T23:59:59Z,86390,86395,5,1.0,1.000739574,1.000055257,-0.000817717,4,5,4,8,1e-06,1.47733,9.275523,5.796423e-10,0.001477248,0.00927501,False,0.008109,True
2016-06-11,RS01SLBS-MJ01A-12-VEL3DB101,1,True,2016-06-11T00:00:00Z,2016-06-11T23:59:59Z,86375,86395,20,1.0,1.000736713,1.00005527,0.000769695,2,20,2,20,0.0,1.662143,14.151569,1.636941e-10,0.001662051,0.01415079,False,0.014372,True
2016-06-12,RS01SLBS-MJ01A-12-VEL3DB101,1,True,2016-06-12T00:00:00Z,2016-06-12T23:59:59Z,86375,86395,20,1.0,1.000737667,1.000055254,0.001637316,4,20,4,20,0.0,2.63036,11.372983,6.148513e-12,0.002630215,0.01137235,False,0.012852,True
2016-06-13,RS01SLBS-MJ01A-12-VEL3DB101,1,True,2016-06-13T00:00:00Z,2016-06-13T23:59:59Z,86395,86395,0,1.0,1.000738621,1.000055304,-0.003477489,0,0,0,0,-0.0,2.462437,7.294779,-3.034998e-10,0.0024623,0.007294376,False,0.007616,False
2016-06-14,RS01SLBS-MJ01A-12-VEL3DB101,1,True,2016-06-14T00:00:00Z,2016-06-14T23:59:59Z,86396,86396,0,1.0,1.00073719,1.000055267,-0.001951456,0,0,0,0,-0.0,2.831286,16.22781,-1.446635e-10,0.00283113,0.01622691,False,0.016301,False
2016-06-15,RS01SLBS-MJ01A-12-VEL3DB101,1,True,2016-06-15T00:00:00Z,2016-06-15T23:59:59Z,86270,86395,125,1.0,1.000735283,1.000055324,-0.004021368,4,125,4,126,0.0,2.375587,15.725328,8.334323e-11,0.002375455,0.01572446,False,0.078242,True
2016-06-16,RS01SLBS-MJ01A-12-VEL3DB101,1,True,2016-06-16T00:00:00Z,2016-06-16T23:59:59Z,86390,86395,5,1.0,1.000737667,1.000055306,-0.004776562,2,5,2,6,-1e-06,2.693584,16.906497,-9.032476e-10,0.002693435,0.01690556,False,0.014351,True
2016-06-17,RS01SLBS-MJ01A-12-VEL3DB101,1,True,2016-06-17T00:00:00Z,2016-06-17T23:59:59Z,86390,86395,5,1.0,1.000739098,1.000055288,0.003733907,1,5,1,5,-0.0,1.651519,14.824936,-2.827859e-10,0.001651428,0.01482412,False,0.014374,True
2016-06-18,RS01SLBS-MJ01A-12-VEL3DB101,1,True,2016-06-18T00:00:00Z,2016-06-18T23:59:59Z,86391,86396,5,1.0,1.00073719,1.000055317,-0.002248776,3,5,3,7,-1e-06,1.677504,13.119578,-6.623914e-10,0.001677411,0.01311885,False,0.012917,True
2016-06-19,RS01SLBS-MJ01A-12-VEL3DB101,1,True,2016-06-19T00:00:00Z,2016-06-19T23:59:59Z,86390,86395,5,1.0,1.000736237,1.000055309,-0.002820855,2,5,2,6,0.0,1.635086,14.534298,4.677586e-12,0.001634995,0.01453349,False,0.012836,True
2016-06-20,RS01SLBS-MJ01A-12-VEL3DB101,1,True,2016-06-20T00:00:00Z,2016-06-20T23:59:59Z,86384,86395,11,1.0,1.000736713,1.000055263,-0.000823222,2,11,2,11,-0.0,1.453467,13.974836,-2.08936e-10,0.001453387,0.01397406,False,0.011447,True
2016-06-21,RS01SLBS-MJ01A-12-VEL3DB101,1,True,2016-06-21T00:00:00Z,2016-06-21T23:59:59Z,82678,86393,3715,1.0,1.000704288,1.00007885,-0.609751333,14,3715,14,3715,-0.0,463.713284,873.713034,-2.52142e-10,0.4636767,0.8736441,True,0.474825,True
2016-06-22,RS01SLBS-MJ01A-12-VEL3DB101,1,True,2016-06-22T00:00:00Z,2016-06-22T23:59:59Z,86365,86396,31,1.0,1.000696182,1.000055279,0.003655249,4,31,4,32,0.0,1.384611,7.159575,2.182449e-10,0.001384534,0.007159179,False,0.012485,True
2016-06-23,RS01SLBS-MJ01A-12-VEL3DB101,1,True,2016-06-23T00:00:00Z,2016-06-23T23:59:59Z,86385,86395,10,1.0,1.000692844,1.000055277,-0.002793563,1,10,1,10,1e-06,1.761622,13.804633,5.028934e-10,0.001761524,0.01380387,False,0.012805,True
2016-06-24,RS01SLBS-MJ01A-12-VEL3DB101,1,True,2016-06-24T00:00:00Z,2016-06-24T23:59:59Z,86395,86395,0,1.0,1.000669956,1.000055253,0.000607669,0,0,0,0,-0.0,2.051015,14.263991,-3.263808e-10,0.002050902,0.0142632,False,0.016671,False
2016-06-25,RS01SLBS-MJ01A-12-VEL3DB101,1,True,2016-06-25T00:00:00Z,2016-06-25T23:59:59Z,86395,86395,0,1.0,1.000691891,1.000055276,-0.001100736,0,0,2,2,0.0,1.506575,14.015595,2.14544e-10,0.001506492,0.01401482,False,0.016427,False
2016-06-26,RS01SLBS-MJ01A-12-VEL3DB101,1,True,2016-06-26T00:00:00Z,2016-06-26T23:59:59Z,86396,86396,0,1.0,1.000684738,1.000055224,-0.000792909,0,0,0,0,-0.0,1.684248,12.372464,-8.959003e-11,0.001684155,0.01237178,False,0.014328,False
2016-06-27,RS01SLBS-MJ01A-12-VEL3DB101,1,True,2016-06-27T00:00:00Z,2016-06-27T23:59:59Z,86395,86395,0,1.0,1.000690937,1.000055271,-0.001487943,0,0,2,2,-0.0,2.154921,7.294912,-9.336739e-11,0.002154802,0.007294509,False,0.007171,False
2016-06-28,RS01SLBS-MJ01A-12-VEL3DB101,1,True,2016-06-28T00:00:00Z,2016-06-28T23:59:59Z,86395,86395,0,1.0,1.000688076,1.000055271,0.000192985,0,0,1,1,0.0,2.283786,7.649455,3.086096e-10,0.00228366,0.007649032,False,0.006556,False
2016-06-29,RS01SLBS-MJ01A-12-VEL3DB101,1,True,2016-06-29T00:00:00Z,2016-06-29T23:59:59Z,86390,86395,5,1.0,1.000675678,1.000055264,0.003086664,3,5,3,7,-0.0,1.726392,7.06747,-4.129949e-10,0.001726296,0.007067079,False,0.005767,True
2016-06-30,RS01SLBS-MJ01A-12-VEL3DB101,1,True,2016-06-30T00:00:00Z,2016-06-30T23:59:59Z,86275,86396,121,1.0,1.000647068,1.000055223,0.00014664,3,121,3,122,0.0,2.292045,7.510651,4.282079e-11,0.002291918,0.007510237,False,0.056404,True
2016-07-01,RS01SLBS-MJ01A-12-VEL3DB101,1,True,2016-07-01T00:00:00Z,2016-07-01T23:59:59Z,86395,86395,0,1.0,0.999751091,1.000055252,0.000902041,0,0,1,1,0.0,1.653813,5.458901,4.807564e-10,0.001653722,0.0054586,False,0.006124,False
2016-07-02,RS01SLBS-MJ01A-12-VEL3DB101,1,True,2016-07-02T00:00:00Z,2016-07-02T23:59:59Z,86390,86395,5,1.0,0.999793053,1.000055272,0.000821664,2,5,2,6,-0.0,1.733502,7.625363,-3.175889e-10,0.001733407,0.007624942,False,0.007446,True
2016-07-03,RS01SLBS-MJ01A-12-VEL3DB101,1,True,2016-07-03T00:00:00Z,2016-07-03T23:59:59Z,86395,86395,0,1.0,0.999851704,1.000055223,-0.000752058,0,0,1,1,0.0,1.642781,7.234687,5.028045e-11,0.001642691,0.007234287,False,0.005855,False
2016-07-04,RS01SLBS-MJ01A-12-VEL3DB101,1,True,2016-07-04T00:00:00Z,2016-07-04T23:59:59Z,86390,86395,5,1.0,0.999829769,1.000055248,0.001881326,2,5,2,6,-0.0,1.56012,7.63891,-3.329296e-10,0.001560034,0.007638488,False,0.005417,True
2016-07-05,RS01SLBS-MJ01A-12-VEL3DB101,1,True,2016-07-05T00:00:00Z,2016-07-05T23:59:59Z,86396,86396,0,1.0,0.999777317,1.000055238,0.001120238,0,0,0,0,-0.0,1.584573,5.04746,-1.489859e-10,0.001584486,0.005047181,False,0.004292,False
2016-07-06,RS01SLBS-MJ01A-12-VEL3DB101,1,True,2016-07-06T00:00:00Z,2016-07-06T23:59:59Z,86395,86395,0,1.0,0.999768496,1.000055239,-0.001428182,0,0,0,0,-0.0,1.914181,11.693406,-3.055928e-10,0.001914075,0.01169276,False,0.012729,False
2016-07-07,RS01SLBS-MJ01A-12-VEL3DB101,1,True,2016-07-07T00:00:00Z,2016-07-07T23:59:59Z,85672,86395,723,1.0,0.999756813,1.000055274,-0.00228291,4,723,4,723,-0.0,1.587246,5.418066,-1.061289e-10,0.001587159,0.005417766,False,0.205793,True
2016-07-08,RS01SLBS-MJ01A-12-VEL3DB101,1,True,2016-07-08T00:00:00Z,2016-07-08T23:59:59Z,86395,86395,0,1.0,0.999773026,1.000055304,-0.004183277,0,0,2,2,-0.0,1.723977,14.691007,-3.445325e-10,0.001723881,0.01469019,False,0.012853,False
2016-07-09,RS01SLBS-MJ01A-12-VEL3DB101,1,True,2016-07-09T00:00:00Z,2016-07-09T23:59:59Z,86396,86396,0,1.0,0.99974966,1.000055227,-0.001516107,0,0,0,0,-0.0,2.617088,7.600104,-1.324874e-10,0.002616943,0.007599684,False,0.007091,False
2016-07-10,RS01SLBS-MJ01A-12-VEL3DB101,1,True,2016-07-10T00:00:00Z,2016-07-10T23:59:59Z,86395,86395,0,1.0,0.999732494,1.000055209,0.00189683,0,0,0,0,-0.0,1.989544,14.124658,-3.114506e-10,0.001989434,0.01412388,False,0.013348,False
2016-07-11,RS01SLBS-MJ01A-12-VEL3DB101,1,True,2016-07-11T00:00:00Z,2016-07-11T23:59:59Z,86392,86395,3,1.0,0.999732971,1.000055243,-0.000389785,2,3,2,4,-0.0,1.456734,10.101287,-4.223798e-10,0.001456654,0.01010073,False,0.006147,True
2016-07-12,RS01SLBS-MJ01A-12-VEL3DB101,1,True,2016-07-12T00:00:00Z,2016-07-12T23:42:54Z,73165,85375,12210,1.0,0.999738216,1.00005265,0.064550094,11,12210,11,12210,-0.0,171.437173,4333.393772,-2.807155e-10,0.1714281,4.333166,True,0.493794,True
2016-07-13,RS01SLBS-MJ01A-12-VEL3DB101,1,True,2016-07-13T00:01:13Z,2016-07-13T23:59:59Z,29295,86326,57031,1.0,0.999998808,1.000014328,0.105591152,3,57031,3,57031,-0.0,219.194297,450.004194,-3.077872e-10,0.2191912,0.4499977,True,0.20181,True
2016-07-14,RS01SLBS-MJ01A-12-VEL3DB101,1,True,2016-07-14T00:00:00Z,2016-07-14T23:32:32Z,76199,84751,8552,1.0,0.999747038,1.000023915,-0.615985126,16,8552,16,8553,0.0,413.438746,872.49526,5.574091e-11,0.4134289,0.8724744,True,0.485646,True
2016-07-15,RS01SLBS-MJ01A-12-VEL3DB101,1,True,2016-07-15T01:06:24Z,2016-07-15T16:59:35Z,55230,57187,1957,1.0,1.000448704,1.000055197,1.216991411,2,1957,2,1957,0.0,5.357562,1216.991411,3.154255e-10,0.005357266,1.216924,True,0.459735,True
2016-07-16,RS01SLBS-MJ01A-12-VEL3DB101,1,False,,,0,0,,1.0,,,,,,,,,,,,,,,,False
2016-07-17,RS01SLBS-MJ01A-12-VEL3DB101,2,False,,,0,0,,1.0,,,,,,,,,,,,,,,,False
2016-07-18,RS01SLBS-MJ01A-12-VEL3DB101,2,True,2016-07-18T20:54:42Z,2016-07-18T23:59:59Z,11118,11118,0,1.0,0.999733925,1.000062241,-0.010349892,0,0,0,0,0.0,1.419192,10.349892,3.382184e-11,0.001419103,0.01034925,False,0.011671,False
2016-07-19,RS01SLBS-MJ01A-12-VEL3DB101,2,True,2016-07-19T00:00:00Z,2016-07-19T23:59:59Z,86394,86394,0,1.0,0.999742031,1.000061994,-0.005724953,0,0,0,0,-0.0,3.210556,9.090382,-4.496921e-10,0.003210357,0.009089818,False,0.007131,False
2016-07-20,RS01SLBS-MJ01A-12-VEL3DB101,2,True,2016-07-20T00:00:00Z,2016-07-20T23:59:59Z,86395,86395,0,1.0,0.999741077,1.000062008,-0.001825512,0,0,0,0,-0.0,2.234459,7.187493,-3.739448e-10,0.00223432,0.007187047,False,0.005869,False
2016-07-21,RS01SLBS-MJ01A-12-VEL3DB101,2,True,2016-07-21T00:00:00Z,2016-07-21T23:59:59Z,86395,86395,0,1.0,0.999727726,1.000062113,-0.004646092,0,0,0,0,-0.0,3.580695,10.605933,-3.381079e-10,0.003580472,0.01060527,False,0.006467,False
2016-07-22,RS01SLBS-MJ01A-12-VEL3DB101,2,True,2016-07-22T00:00:00Z,2016-07-22T23:59:59Z,86394,86394,0,1.0,0.999708176,1.000061976,-0.006574775,0,0,3,3,-0.0,2.834597,7.925474,-5.647465e-11,0.002834422,0.007924983,False,0.008073,False
2016-07-23,RS01SLBS-MJ01A-12-VEL3DB101,2,True,2016-07-23T00:00:00Z,2016-07-23T23:59:59Z,86395,86395,0,1.0,0.999695778,1.000062004,-0.001663433,0,0,1,1,-0.0,1.841246,10.746466,-3.544951e-10,0.001841132,0.0107458,False,0.012541,False
2016-07-24,RS01SLBS-MJ01A-12-VEL3DB101,2,True,2016-07-24T00:00:00Z,2016-07-24T23:59:59Z,86395,86395,0,1.0,0.999717712,1.000062012,-0.000823321,0,0,1,1,-0.0,1.84435,5.967381,-2.537757e-10,0.001844235,0.005967011,False,0.004728,False
2016-07-25,RS01SLBS-MJ01A-12-VEL3DB101,2,True,2016-07-25T00:00:00Z,2016-07-25T23:59:59Z,86394,86394,0,1.0,0.999736786,1.00006197,0.002146944,0,0,0,0,-0.0,1.29895,10.838199,-4.06137e-10,0.001298869,0.01083753,False,0.013372,False
2016-07-26,RS01SLBS-MJ01A-12-VEL3DB101,2,True,2016-07-26T00:00:00Z,2016-07-26T23:59:59Z,86390,86395,5,1.0,0.99973917,1.000061996,-0.000679426,1,5,1,5,0.0,1.545649,7.843006,8.448539e-12,0.001545553,0.00784252,False,0.00539,True
2016-07-27,RS01SLBS-MJ01A-12-VEL3DB101,2,True,2016-07-27T00:00:00Z,2016-07-27T23:59:59Z,86289,86395,106,1.0,0.999749184,1.000061921,0.000598202,3,106,3,106,-0.0,1.685986,11.004763,-1.66604e-10,0.001685882,0.01100408,False,0.028826,True
2016-07-28,RS01SLBS-MJ01A-12-VEL3DB101,2,True,2016-07-28T00:00:00Z,2016-07-28T23:59:59Z,86394,86394,0,1.0,0.999773979,1.000061932,0.00067017,0,0,0,0,-0.0,1.414704,5.419036,-3.794226e-10,0.001414616,0.005418701,False,0.006026,False
2016-07-29,RS01SLBS-MJ01A-12-VEL3DB101,2,True,2016-07-29T00:00:00Z,2016-07-29T23:59:59Z,86341,86395,54,1.0,0.999763966,1.000061962,0.003104732,2,54,2,56,-0.0,1.479511,12.714494,-1.899147e-10,0.001479419,0.01271371,False,0.01184,True
2016-07-30,RS01SLBS-MJ01A-12-VEL3DB101,2,True,2016-07-30T00:00:00Z,2016-07-30T23:59:59Z,86395,86395,0,1.0,0.999744892,1.00006196,-0.001034411,0,0,2,2,0.0,1.268016,6.800398,2.086121e-10,0.001267938,0.006799977,False,0.005425,False
2016-07-31,RS01SLBS-MJ01A-12-VEL3DB101,2,True,2016-07-31T00:00:00Z,2016-07-31T23:59:59Z,86394,86394,0,1.0,0.999733925,1.000061933,0.002092823,0,0,0,0,-0.0,2.830014,12.127112,-4.139384e-10,0.002829838,0.01212636,False,0.01175,False
2016-08-01,RS01SLBS-MJ01A-12-VEL3DB101,2,True,2016-08-01T00:00:00Z,2016-08-01T23:59:59Z,86395,86395,0,1.0,0.999745846,1.000061936,0.003103017,0,0,0,0,-0.0,2.30197,8.772803,-3.651745e-10,0.002301827,0.00877226,False,0.006384,False
2016-08-02,RS01SLBS-MJ01A-12-VEL3DB101,2,True,2016-08-02T00:00:00Z,2016-08-02T23:59:59Z,86394,86394,0,1.0,0.999741077,1.000061926,0.00498912,0,0,0,0,-0.0,2.294714,13.218303,-4.211223e-10,0.002294572,0.01321748,False,0.014854,False
2016-08-03,RS01SLBS-MJ01A-12-VEL3DB101,2,True,2016-08-03T00:00:00Z,2016-08-03T23:59:59Z,86395,86395,0,1.0,0.999784946,1.000062012,-7.5917e-05,0,0,0,0,-0.0,2.192965,10.152471,-3.110746e-10,0.002192829,0.01015184,False,0.011324,False
2016-08-04,RS01SLBS-MJ01A-12-VEL3DB101,2,True,2016-08-04T00:00:00Z,2016-08-04T23:59:59Z,86395,86395,0,1.0,0.999771118,1.000061924,0.000754626,0,0,1,1,-0.0,1.944073,14.82924,-1.416618e-10,0.001943953,0.01482832,False,0.012943,False
2016-08-05,RS01SLBS-MJ01A-12-VEL3DB101,2,True,2016-08-05T00:00:00Z,2016-08-05T23:59:59Z,86394,86394,0,1.0,0.999760151,1.000061982,0.002192182,0,0,1,1,0.0,2.08958,14.175252,1.072416e-10,0.00208945,0.01417437,False,0.014913,False
2016-08-06,RS01SLBS-MJ01A-12-VEL3DB101,2,True,2016-08-06T00:00:00Z,2016-08-06T23:59:59Z,86395,86395,0,1.0,0.999750137,1.000061947,0.004426984,0,0,2,2,0.0,3.195421,14.069174,4.501439e-11,0.003195223,0.0140683,False,0.011894,False
2016-08-07,RS01SLBS-MJ01A-12-VEL3DB101,2,True,2016-08-07T00:00:00Z,2016-08-07T23:59:59Z,86395,86395,0,1.0,0.999745846,1.000062025,-0.004935587,0,0,1,1,-1e-06,1.821269,12.700292,-8.108767e-10,0.001821156,0.0126995,False,0.015778,False
2016-08-08,RS01SLBS-MJ01A-12-VEL3DB101,2,True,2016-08-08T00:00:00Z,2016-08-08T23:59:59Z,86394,86394,0,1.0,0.999758244,1.00006193,0.004213528,0,0,2,2,-0.0,1.311015,10.468555,-5.502899e-11,0.001310934,0.01046791,False,0.012512,False
2016-08-09,RS01SLBS-MJ01A-12-VEL3DB101,2,True,2016-08-09T00:00:00Z,2016-08-09T23:59:59Z,86395,86395,0,1.0,0.999765396,1.00006196,-0.000744986,0,0,0,0,-0.0,1.628015,8.381593,-3.060795e-10,0.001627914,0.008381073,False,0.006408,False
2016-08-10,RS01SLBS-MJ01A-12-VEL3DB101,2,True,2016-08-10T00:00:00Z,2016-08-10T23:59:59Z,86395,86395,0,1.0,0.99973774,1.000061935,0.00125134,0,0,1,1,1e-06,2.0827,8.934054,6.948467e-10,0.002082571,0.008933501,False,0.012658,False
2016-08-11,RS01SLBS-MJ01A-12-VEL3DB101,2,True,2016-08-11T00:00:00Z,2016-08-11T23:59:59Z,86380,86394,14,1.0,0.999749184,1.000061958,0.001181438,1,14,1,14,-0.0,2.067929,12.855707,-1.57785e-10,0.002067801,0.01285491,False,0.012011,True
2016-08-12,RS01SLBS-MJ01A-12-VEL3DB101,2,True,2016-08-12T00:00:00Z,2016-08-12T10:13:56Z,36835,36835,0,1.0,0.99972105,1.000061783,0.001559279,0,0,0,0,0.0,1.418312,5.308263,1.522059e-10,0.001418224,0.005307935,False,0.005276,False
2016-08-13,RS01SLBS-MJ01A-12-VEL3DB101,2,True,2016-08-13T00:23:38Z,2016-08-13T23:59:59Z,84977,84977,0,1.0,0.999735832,1.00006194,-0.000476114,0,0,0,0,-0.0,1.830796,7.202347,-5.607304e-11,0.001830682,0.007201901,False,0.007631,False
2016-08-14,RS01SLBS-MJ01A-12-VEL3DB101,2,True,2016-08-14T00:00:00Z,2016-08-14T23:59:59Z,86394,86394,0,1.0,0.999739647,1.000061981,-0.001415229,0,0,1,1,-1e-06,1.821251,15.239863,-9.102281e-10,0.001821138,0.01523892,False,0.015813,False
2016-08-15,RS01SLBS-MJ01A-12-VEL3DB101,2,True,2016-08-15T00:00:00Z,2016-08-15T23:59:59Z,86395,86395,0,1.0,0.999738216,1.000061942,-0.000286051,0,0,2,2,-1e-06,2.067937,8.542568,-5.408616e-10,0.002067809,0.008542039,False,0.007845,False
2016-08-16,RS01SLBS-MJ01A-12-VEL3DB101,2,True,2016-08-16T00:00:00Z,2016-08-16T23:59:59Z,86395,86395,0,1.0,0.99973917,1.000061923,0.003334028,0,0,2,2,0.0,2.376884,11.367205,2.144656e-11,0.002376736,0.0113665,False,0.010392,False
2016-08-17,RS01SLBS-MJ01A-12-VEL3DB101,2,True,2016-08-17T00:00:00Z,2016-08-17T23:59:59Z,86394,86394,0,1.0,0.999735832,1.000061983,0.001923735,0,0,0,0,-0.0,1.539252,6.75747,-4.290682e-10,0.001539156,0.006757051,False,0.005347,False
2016-08-18,RS01SLBS-MJ01A-12-VEL3DB101,2,True,2016-08-18T00:00:00Z,2016-08-18T23:59:59Z,86395,86395,0,1.0,0.999747753,1.000061939,-0.001423676,0,0,0,0,-0.0,1.573071,6.298351,-3.045168e-10,0.001572973,0.006297961,False,0.006438,False
2016-08-19,RS01SLBS-MJ01A-12-VEL3DB101,2,True,2016-08-19T00:00:00Z,2016-08-19T23:59:59Z,86394,86394,0,1.0,0.999750137,1.000061909,0.000424521,0,0,1,1,0.0,3.173645,15.479184,2.394529e-10,0.003173448,0.01547823,False,0.014881,False
2016-08-20,RS01SLBS-MJ01A-12-VEL3DB101,2,True,2016-08-20T00:00:00Z,2016-08-20T23:59:59Z,86395,86395,0,1.0,0.999752045,1.000061947,-0.001335287,0,0,0,0,-0.0,1.718259,13.762563,-2.815706e-10,0.001718153,0.01376171,False,0.013134,False
2016-08-21,RS01SLBS-MJ01A-12-VEL3DB101,2,True,2016-08-21T00:00:00Z,2016-08-21T23:59:59Z,86395,86395,0,1.0,0.999750137,1.000061925,0.000304487,0,0,0,0,-0.0,1.335937,14.29588,-3.317559e-10,0.001335854,0.01429499,False,0.011287,False
2016-08-22,RS01SLBS-MJ01A-12-VEL3DB101,2,True,2016-08-22T00:00:00Z,2016-08-22T23:59:59Z,86394,86394,0,1.0,0.999745846,1.000061903,-0.000178174,0,0,0,0,-0.0,1.404369,9.193096,-4.367476e-10,0.001404282,0.009192527,False,0.014697,False
2016-08-23,RS01SLBS-MJ01A-12-VEL3DB101,2,True,2016-08-23T00:00:00Z,2016-08-23T23:59:59Z,86375,86395,20,1.0,0.999728203,1.000061922,0.001692103,4,20,4,20,-0.0,1.703047,8.443245,-2.509823e-10,0.001702942,0.008442723,False,0.011531,True
2016-08-24,RS01SLBS-MJ01A-12-VEL3DB101,2,True,2016-08-24T00:00:00Z,2016-08-24T23:59:59Z,86395,86395,0,1.0,0.999733925,1.000061966,0.003986249,0,0,0,0,-0.0,1.905623,7.333114,-3.73893e-10,0.001905505,0.00733266,False,0.007617,False
2016-08-25,RS01SLBS-MJ01A-12-VEL3DB101,2,True,2016-08-25T00:00:00Z,2016-08-25T23:59:59Z,86394,86394,0,1.0,0.999738216,1.00006195,-0.003604959,0,0,1,1,1e-06,1.4546,7.334308,5.36677e-10,0.00145451,0.007333854,False,0.005174,False
2016-08-26,RS01SLBS-MJ01A-12-VEL3DB101,2,True,2016-08-26T00:00:00Z,2016-08-26T23:59:59Z,86395,86395,0,1.0,0.999743938,1.000061952,-0.001832308,0,0,4,4,-0.0,1.571051,13.906346,-4.394317e-10,0.001570954,0.01390548,False,0.013663,False
2016-08-27,RS01SLBS-MJ01A-12-VEL3DB101,2,True,2016-08-27T00:00:00Z,2016-08-27T23:59:59Z,86395,86395,0,1.0,0.999740124,1.000061942,-0.001955385,0,0,0,0,-0.0,2.158253,6.537075,-3.170178e-10,0.00215812,0.00653667,False,0.004689,False
2016-08-28,RS01SLBS-MJ01A-12-VEL3DB101,2,True,2016-08-28T00:00:00Z,2016-08-28T23:59:59Z,86394,86394,0,1.0,0.999752045,1.000061904,-0.001112637,0,0,0,0,-0.0,2.281394,8.231453,-4.382037e-10,0.002281252,0.008230943,False,0.008071,False
2016-08-29,RS01SLBS-MJ01A-12-VEL3DB101,2,True,2016-08-29T00:00:00Z,2016-08-29T23:59:59Z,86395,86395,0,1.0,0.999732971,1.000061946,-5.0502e-05,0,0,1,1,0.0,1.893517,7.671563,5.076964e-12,0.0018934,0.007671088,False,0.007367,False
2016-08-30,RS01SLBS-MJ01A-12-VEL3DB101,2,True,2016-08-30T00:00:00Z,2016-08-30T23:59:59Z,86395,86395,0,1.0,0.999760151,1.000061954,-0.001710078,0,0,0,0,-0.0,1.528058,6.762143,-3.256427e-10,0.001527964,0.006761724,False,0.006893,False
2016-08-31,RS01SLBS-MJ01A-12-VEL3DB101,2,True,2016-08-31T00:00:00Z,2016-08-31T23:59:59Z,86394,86394,0,1.0,0.999731064,1.000061928,7.4103e-05,0,0,1,1,-0.0,1.504517,9.450043,-5.091895e-11,0.001504423,0.009449457,False,0.011799,False
2016-09-01,RS01SLBS-MJ01A-12-VEL3DB101,2,True,2016-09-01T00:00:00Z,2016-09-01T23:59:59Z,86385,86395,10,1.0,0.999734879,1.000061937,-0.001675259,2,10,2,10,-0.0,2.025673,14.955061,-9.098883e-11,0.002025547,0.01495413,False,0.015889,True
2016-09-02,RS01SLBS-MJ01A-12-VEL3DB101,2,True,2016-09-02T00:00:00Z,2016-09-02T23:59:59Z,86395,86395,0,1.0,0.99974966,1.000061953,-0.004899367,0,0,0,0,-0.0,1.728902,7.424013,-2.840104e-10,0.001728795,0.007423553,False,0.00505,False
2016-09-03,RS01SLBS-MJ01A-12-VEL3DB101,2,True,2016-09-03T00:00:00Z,2016-09-03T23:59:59Z,86394,86394,0,1.0,0.999750137,1.000061911,-0.001017545,0,0,1,1,1e-06,1.580232,6.212783,5.207682e-10,0.001580134,0.006212399,False,0.00737,False
2016-09-04,RS01SLBS-MJ01A-12-VEL3DB101,2,True,2016-09-04T00:00:00Z,2016-09-04T23:59:59Z,86395,86395,0,1.0,0.999755859,1.000061992,-0.000908657,0,0,0,0,-0.0,2.131267,9.486392,-3.326511e-10,0.002131135,0.009485804,False,0.010392,False
2016-09-05,RS01SLBS-MJ01A-12-VEL3DB101,2,True,2016-09-05T00:00:00Z,2016-09-05T23:59:59Z,86395,86395,0,1.0,0.999746799,1.000061977,-0.006973801,0,0,2,2,-1e-06,4.061916,15.110843,-6.48615e-10,0.004061664,0.01510991,False,0.013021,False
2016-09-06,RS01SLBS-MJ01A-12-VEL3DB101,2,True,2016-09-06T00:00:00Z,2016-09-06T23:59:59Z,80436,86396,5960,1.0,0.999732018,1.000048985,0.350161643,2,5960,2,5961,-0.0,480.788263,1323.262882,-1.47874e-10,0.4807647,1.323198,True,0.035918,True
2016-09-07,RS01SLBS-MJ01A-12-VEL3DB101,2,True,2016-09-07T00:00:00Z,2016-09-07T23:59:59Z,86395,86395,0,1.0,0.999742985,1.000061932,0.001993277,0,0,0,0,-0.0,1.916605,12.088602,-3.190462e-10,0.001916487,0.01208785,False,0.012527,False
2016-09-08,RS01SLBS-MJ01A-12-VEL3DB101,2,True,2016-09-08T00:00:00Z,2016-09-08T23:59:59Z,86394,86394,0,1.0,0.999738693,1.000061847,0.00182164,0,0,2,2,-1e-06,2.472348,11.888583,-8.577352e-10,0.002472195,0.01188785,False,0.012611,False
2016-09-09,RS01SLBS-MJ01A-12-VEL3DB101,2,True,2016-09-09T00:00:00Z,2016-09-09T23:59:59Z,86395,86395,0,1.0,0.999717236,1.000061916,0.004422227,0,0,0,0,-0.0,1.851638,5.864823,-3.461939e-10,0.001851523,0.00586446,False,0.006165,False
2016-09-10,RS01SLBS-MJ01A-12-VEL3DB101,2,True,2016-09-10T00:00:00Z,2016-09-10T23:59:59Z,86395,86395,0,1.0,0.999757767,1.000061931,0.002713055,0,0,0,0,-0.0,1.714554,9.67714,-2.920441e-10,0.001714448,0.009676541,False,0.01482,False
2016-09-11,RS01SLBS-MJ01A-12-VEL3DB101,2,True,2016-09-11T00:00:00Z,2016-09-11T23:59:59Z,86394,86394,0,1.0,0.999742985,1.00006195,-0.003241621,0,0,2,2,0.0,3.221446,10.955834,2.873203e-10,0.003221246,0.01095516,False,0.008654,False
2016-09-12,RS01SLBS-MJ01A-12-VEL3DB101,2,True,2016-09-12T00:00:00Z,2016-09-12T23:59:59Z,86395,86395,0,1.0,0.999757767,1.000061996,0.001940149,0,0,0,0,-0.0,5.82935,11.959577,-3.290073e-10,0.005828989,0.01195884,False,0.007219,False
2016-09-13,RS01SLBS-MJ01A-12-VEL3DB101,2,True,2016-09-13T00:00:00Z,2016-09-13T23:59:59Z,86395,86395,0,1.0,0.999766827,1.000062044,0.000405303,0,0,0,0,-0.0,2.826469,10.7138,-3.140405e-10,0.002826294,0.01071314,False,0.011414,False
2016-09-14,RS01SLBS-MJ01A-12-VEL3DB101,2,True,2016-09-14T00:00:00Z,2016-09-14T23:59:59Z,86394,86394,0,1.0,0.999771118,1.000061927,-4.238e-06,0,0,2,2,-0.0,1.434075,5.735405,-1.448281e-10,0.001433986,0.00573505,False,0.004807,False
2016-09-15,RS01SLBS-MJ01A-12-VEL3DB101,2,True,2016-09-15T00:00:00Z,2016-09-15T23:59:59Z,86395,86395,0,1.0,0.999778748,1.000061962,-0.002884749,0,0,1,1,-1e-06,2.519484,9.744246,-7.636716e-10,0.002519328,0.009743642,False,0.005021,False
2016-09-16,RS01SLBS-MJ01A-12-VEL3DB101,2,True,2016-09-16T00:00:00Z,2016-09-16T23:59:59Z,86395,86395,0,1.0,0.999776363,1.000061953,-0.004261675,0,0,1,1,-0.0,2.248973,7.588919,-2.202421e-10,0.002248833,0.007588448,False,0.007331,False
2016-09-17,RS01SLBS-MJ01A-12-VEL3DB101,2,True,2016-09-17T00:00:00Z,2016-09-17T23:59:59Z,86394,86394,0,1.0,0.999777317,1.000061917,0.000151445,0,0,1,1,-1e-06,1.773959,11.838148,-8.164256e-10,0.001773849,0.01183742,False,0.014855,False
2016-09-18,RS01SLBS-MJ01A-12-VEL3DB101,2,True,2016-09-18T00:00:00Z,2016-09-18T23:59:59Z,86395,86395,0,1.0,0.999756813,1.00006195,-0.000650888,0,0,0,0,-0.0,1.635538,10.414869,-2.636104e-10,0.001635437,0.01041422,False,0.013235,False
2016-09-19,RS01SLBS-MJ01A-12-VEL3DB101,2,True,2016-09-19T00:00:00Z,2016-09-19T23:59:59Z,86395,86395,0,1.0,0.999764919,1.000061941,0.00087261,0,0,0,0,-0.0,1.407872,6.278747,-3.713277e-10,0.001407785,0.006278358,False,0.007038,False
2016-09-20,RS01SLBS-MJ01A-12-VEL3DB101,2,True,2016-09-20T00:00:00Z,2016-09-20T23:59:59Z,86394,86394,0,1.0,0.999777794,1.00006196,-0.003221534,0,0,0,0,-0.0,2.060421,9.483118,-4.229739e-10,0.002060293,0.00948253,False,0.009878,False
2016-09-21,RS01SLBS-MJ01A-12-VEL3DB101,2,True,2016-09-21T00:00:00Z,2016-09-21T23:59:59Z,86395,86395,0,1.0,0.999783039,1.00006189,0.000172985,0,0,2,2,0.0,1.254188,10.670823,1.70045e-10,0.001254111,0.01067016,False,0.011847,False
2016-09-22,RS01SLBS-MJ01A-12-VEL3DB101,2,True,2016-09-22T00:00:00Z,2016-09-22T23:59:59Z,86395,86395,0,1.0,0.999745846,1.000061929,-0.000768068,0,0,1,1,0.0,1.615863,10.449932,2.765035e-10,0.001615763,0.01044929,False,0.010423,False
2016-09-23,RS01SLBS-MJ01A-12-VEL3DB101,2,True,2016-09-23T00:00:00Z,2016-09-23T23:59:59Z,86394,86394,0,1.0,0.99973774,1.000061939,-0.000394498,0,0,1,1,0.0,1.533727,10.124377,2.131955e-10,0.001533632,0.01012375,False,0.011596,False
2016-09-24,RS01SLBS-MJ01A-12-VEL3DB101,2,True,2016-09-24T00:00:00Z,2016-09-24T23:59:59Z,86395,86395,0,1.0,0.99972105,1.000061916,-0.00017138,0,0,1,1,-1e-06,1.637483,12.518391,-5.068319e-10,0.001637382,0.01251762,False,0.012789,False
2016-09-25,RS01SLBS-MJ01A-12-VEL3DB101,2,True,2016-09-25T00:00:00Z,2016-09-25T23:59:59Z,86394,86394,0,1.0,0.999720097,1.000061884,-0.000487014,0,0,0,0,-0.0,1.778156,13.108587,-4.099487e-10,0.001778046,0.01310778,False,0.01316,False
2016-09-26,RS01SLBS-MJ01A-12-VEL3DB101,2,True,2016-09-26T00:00:00Z,2016-09-26T23:59:59Z,86395,86395,0,1.0,0.999716759,1.000061907,-0.00179014,0,0,2,2,-1e-06,1.682937,6.797075,-9.484568e-10,0.001682833,0.006796654,False,0.00704,False
2016-09-27,RS01SLBS-MJ01A-12-VEL3DB101,2,True,2016-09-27T00:00:00Z,2016-09-27T23:59:59Z,86360,86395,35,1.0,0.999719143,1.000061913,0.001730551,2,35,2,35,-0.0,1.338054,4.736803,-1.268023e-10,0.001337971,0.00473651,False,0.005619,True
2016-09-28,RS01SLBS-MJ01A-12-VEL3DB101,2,True,2016-09-28T00:00:00Z,2016-09-28T23:59:59Z,86394,86394,0,1.0,0.999717236,1.000061916,-0.001365599,0,0,0,0,-0.0,1.824536,12.853173,-4.34197e-10,0.001824423,0.01285238,False,0.012761,False
2016-09-29,RS01SLBS-MJ01A-12-VEL3DB101,2,True,2016-09-29T00:00:00Z,2016-09-29T23:59:59Z,86395,86395,0,1.0,0.999700069,1.000061887,-0.000906645,0,0,1,1,1e-06,1.343228,9.751446,5.636981e-10,0.001343145,0.009750843,False,0.01265,False
2016-09-30,RS01SLBS-MJ01A-12-VEL3DB101,2,True,2016-09-30T00:00:00Z,2016-09-30T23:59:59Z,86395,86395,0,1.0,0.999715328,1.000061908,0.001830173,0,0,0,0,-0.0,1.399646,11.154656,-3.44155e-10,0.001399559,0.01115397,False,0.00991,False
2016-10-01,RS01SLBS-MJ01A-12-VEL3DB101,2,True,2016-10-01T00:00:00Z,2016-10-01T23:59:59Z,86394,86394,0,1.0,0.999752998,1.000061895,-0.001026749,0,0,0,0,-0.0,1.512033,5.966828,-4.563085e-10,0.00151194,0.005966458,False,0.005557,False
2016-10-02,RS01SLBS-MJ01A-12-VEL3DB101,2,True,2016-10-02T00:00:00Z,2016-10-02T23:59:59Z,86395,86395,0,1.0,0.999759674,1.000061894,-0.00053942,0,0,0,0,-0.0,1.19887,11.784268,-3.448078e-10,0.001198796,0.01178354,False,0.011559,False
2016-10-03,RS01SLBS-MJ01A-12-VEL3DB101,2,True,2016-10-03T00:00:00Z,2016-10-03T23:59:59Z,86294,86395,101,1.0,0.999749184,1.000061935,-0.00278786,2,101,2,102,0.0,1.611007,8.789333,1.547531e-11,0.001610907,0.008788789,False,0.031959,True
2016-10-04,RS01SLBS-MJ01A-12-VEL3DB101,2,True,2016-10-04T00:00:00Z,2016-10-04T23:59:59Z,86394,86394,0,1.0,0.999715805,1.00006189,-0.001370823,0,0,0,0,-0.0,1.502968,14.093072,-3.809512e-10,0.001502875,0.0140922,False,0.011747,False
2016-10-05,RS01SLBS-MJ01A-12-VEL3DB101,2,True,2016-10-05T00:00:00Z,2016-10-05T23:59:59Z,86395,86395,0,1.0,0.999713898,1.00006187,0.000296622,0,0,0,0,-0.0,2.081754,9.134767,-3.069704e-10,0.002081625,0.009134202,False,0.005485,False
2016-10-06,RS01SLBS-MJ01A-12-VEL3DB101,2,True,2016-10-06T00:00:00Z,2016-10-06T23:59:59Z,86395,86395,0,1.0,0.999747276,1.000061873,0.002975494,0,0,1,1,-0.0,1.720629,8.467746,-9.474155e-11,0.001720523,0.008467222,False,0.007083,False
2016-10-07,RS01SLBS-MJ01A-12-VEL3DB101,2,True,2016-10-07T00:00:00Z,2016-10-07T23:59:59Z,86394,86394,0,1.0,0.999752045,1.000061944,0.005007742,0,0,1,1,0.0,1.899729,6.953632,3.830387e-11,0.001899611,0.006953201,False,0.005519,False
2016-10-08,RS01SLBS-MJ01A-12-VEL3DB101,2,True,2016-10-08T00:00:00Z,2016-10-08T23:59:59Z,86395,86395,0,1.0,0.999770164,1.000061941,-0.001485583,0,0,1,1,0.0,2.753194,7.863203,4.005063e-10,0.002753024,0.007862716,False,0.007977,False
2016-10-09,RS01SLBS-MJ01A-12-VEL3DB101,2,True,2016-10-09T00:00:00Z,2016-10-09T23:59:59Z,86395,86395,0,1.0,0.999778986,1.000061944,-0.000543165,0,0,0,0,-0.0,1.334777,6.593173,-3.111968e-10,0.001334695,0.006592764,False,0.004694,False
2016-10-10,RS01SLBS-MJ01A-12-VEL3DB101,2,True,2016-10-10T00:00:00Z,2016-10-10T23:59:59Z,19351,86413,67062,1.0,0.999781132,0.999862947,-3.231815128,1,67062,1,67062,-1e-06,1186.07939,3320.342142,-5.721852e-10,1.186242,3.320797,True,0.218197,True
2016-10-11,RS01SLBS-MJ01A-12-VEL3DB101,2,True,2016-10-11T00:00:00Z,2016-10-11T23:59:59Z,86395,86395,0,1.0,0.999716759,1.000061911,0.000576624,0,0,0,0,-0.0,3.081074,12.905457,-3.088524e-10,0.003080883,0.01290466,False,0.011763,False
2016-10-12,RS01SLBS-MJ01A-12-VEL3DB101,2,True,2016-10-12T00:00:00Z,2016-10-12T23:59:59Z,86394,86394,0,1.0,0.999776363,1.000061888,0.000510646,0,0,0,0,-0.0,3.613153,19.030839,-3.979453e-10,0.003612929,0.01902966,False,0.014832,False
2016-10-13,RS01SLBS-MJ01A-12-VEL3DB101,2,True,2016-10-13T00:00:00Z,2016-10-13T23:59:59Z,85898,86395,497,1.0,0.999851227,1.000061985,-0.002008522,2,497,2,498,0.0,2.320811,17.136183,3.583312e-10,0.002320667,0.01713512,False,0.105611,True
2016-10-14,RS01SLBS-MJ01A-12-VEL3DB101,2,True,2016-10-14T00:00:00Z,2016-10-14T23:59:59Z,86394,86394,0,1.0,0.999807358,1.000061891,0.00023749,0,0,1,1,-0.0,3.828685,17.811709,-8.510969e-11,0.003828448,0.01781061,False,0.016241,False
2016-10-15,RS01SLBS-MJ01A-12-VEL3DB101,2,True,2016-10-15T00:00:00Z,2016-10-15T23:59:59Z,86395,86395,0,1.0,0.99982214,1.000061916,5.6268e-05,0,0,0,0,-0.0,1.661716,10.242086,-3.443107e-10,0.001661613,0.01024145,False,0.010732,False
2016-10-16,RS01SLBS-MJ01A-12-VEL3DB101,2,True,2016-10-16T00:00:00Z,2016-10-16T23:59:59Z,86395,86395,0,1.0,0.999837875,1.000061879,0.000714628,0,0,1,1,-0.0,2.031361,18.458281,-3.554502e-10,0.002031235,0.01845714,False,0.017395,False
2016-10-17,RS01SLBS-MJ01A-12-VEL3DB101,2,True,2016-10-17T00:00:00Z,2016-10-17T23:59:59Z,86394,86394,0,1.0,0.9998312,1.000061882,0.01879301,0,0,1,1,0.0,2.906454,21.299053,2.14587e-10,0.002906274,0.02129773,False,0.015085,False
2016-10-18,RS01SLBS-MJ01A-12-VEL3DB101,2,True,2016-10-18T00:00:00Z,2016-10-18T23:59:59Z,86395,86395,0,1.0,0.999854088,1.000061966,0.000886221,0,0,0,0,-0.0,2.685403,10.434569,-3.321484e-10,0.002685237,0.01043392,False,0.009943,False
2016-10-19,RS01SLBS-MJ01A-12-VEL3DB101,2,True,2016-10-19T00:00:00Z,2016-10-19T23:59:59Z,86395,86395,0,1.0,0.999850273,1.000061905,0.000139353,0,0,2,2,-0.0,1.916044,12.147831,-2.539273e-10,0.001915925,0.01214708,False,0.014301,False
2016-10-20,RS01SLBS-MJ01A-12-VEL3DB101,2,True,2016-10-20T00:00:00Z,2016-10-20T23:59:59Z,86394,86394,0,1.0,0.999773026,1.000061906,-0.003786395,0,0,1,1,0.0,2.179667,14.831479,7.951322e-11,0.002179532,0.01483056,False,0.011972,False
2016-10-21,RS01SLBS-MJ01A-12-VEL3DB101,2,True,2016-10-21T00:00:00Z,2016-10-21T23:59:59Z,86395,86395,0,1.0,0.999774933,1.000061868,-0.000171096,0,0,0,0,-0.0,2.548285,9.733384,-3.382466e-10,0.002548128,0.009732782,False,0.012847,False
2016-10-22,RS01SLBS-MJ01A-12-VEL3DB101,2,True,2016-10-22T00:00:00Z,2016-10-22T23:59:59Z,86395,86395,0,1.0,0.999773026,1.000061879,-0.000491009,0,0,1,1,-0.0,2.464769,13.27653,-2.713386e-10,0.002464617,0.01327571,False,0.013008,False
2016-10-23,RS01SLBS-MJ01A-12-VEL3DB101,2,True,2016-10-23T00:00:00Z,2016-10-23T23:59:59Z,86394,86394,0,1.0,0.999761105,1.000061879,-0.002424856,0,0,1,1,-0.0,2.057037,11.243173,-1.365169e-10,0.00205691,0.01124248,False,0.012738,False
2016-10-24,RS01SLBS-MJ01A-12-VEL3DB101,2,True,2016-10-24T00:00:00Z,2016-10-24T23:59:59Z,86395,86395,0,1.0,0.999791145,1.00006189,0.001959498,0,0,0,0,-0.0,1.948651,9.809695,-3.467536e-10,0.001948531,0.009809088,False,0.013,False
2016-10-25,RS01SLBS-MJ01A-12-VEL3DB101,2,True,2016-10-25T00:00:00Z,2016-10-25T23:59:59Z,86395,86395,0,1.0,0.999772072,1.00006194,-0.001059279,0,0,0,0,-0.0,1.854549,12.456835,-3.83044e-10,0.001854434,0.01245606,False,0.012882,False
2016-10-26,RS01SLBS-MJ01A-12-VEL3DB101,2,True,2016-10-26T00:00:00Z,2016-10-26T23:59:59Z,84469,86394,1925,1.0,0.99975729,1.000061887,-0.00215127,3,1925,3,1926,0.0,3.056054,12.956238,4.812832e-10,0.003055864,0.01295544,False,0.31158,True
2016-10-27,RS01SLBS-MJ01A-12-VEL3DB101,2,True,2016-10-27T00:00:00Z,2016-10-27T23:59:59Z,86395,86395,0,1.0,0.999782085,1.000061893,-0.001726943,0,0,2,2,0.0,1.40942,10.511867,5.188194e-11,0.001409332,0.01051122,False,0.011831,False
2016-10-28,RS01SLBS-MJ01A-12-VEL3DB101,2,True,2016-10-28T00:00:00Z,2016-10-28T23:59:59Z,86395,86395,0,1.0,0.999770164,1.000061895,0.000869048,0,0,0,0,-0.0,1.766657,10.691181,-3.16766e-10,0.001766547,0.01069052,False,0.010956,False
2016-10-29,RS01SLBS-MJ01A-12-VEL3DB101,2,True,2016-10-29T00:00:00Z,2016-10-29T23:59:59Z,86394,86394,0,1.0,0.999817848,1.000061911,0.000980603,0,0,0,0,-0.0,1.241028,10.466901,-3.841713e-10,0.001240952,0.01046625,False,0.011354,False
2016-10-30,RS01SLBS-MJ01A-12-VEL3DB101,2,True,2016-10-30T00:00:00Z,2016-10-30T23:59:59Z,86395,86395,0,1.0,0.999807835,1.000061915,-0.000676975,0,0,2,2,-0.0,1.338717,14.514104,-2.574983e-10,0.001338634,0.01451321,False,0.015951,False
2016-10-31,RS01SLBS-MJ01A-12-VEL3DB101,2,True,2016-10-31T00:00:00Z,2016-10-31T23:59:59Z,86395,86395,0,1.0,0.99979496,1.000061896,-0.001618719,0,0,0,0,-0.0,1.822136,12.101111,-3.040782e-10,0.001822023,0.01210036,False,0.014737,False
2016-11-01,RS01SLBS-MJ01A-12-VEL3DB101,2,True,2016-11-01T00:00:00Z,2016-11-01T23:59:59Z,86394,86394,0,1.0,0.999825001,1.000061911,-0.002464509,0,0,0,0,-0.0,1.701542,13.184346,-4.28815e-10,0.001701436,0.01318353,False,0.013111,False
2016-11-02,RS01SLBS-MJ01A-12-VEL3DB101,2,True,2016-11-02T00:00:00Z,2016-11-02T23:59:59Z,86395,86395,0,1.0,0.999816895,1.000061902,-0.00169826,0,0,0,0,-0.0,2.055966,12.152459,-3.369267e-10,0.002055838,0.01215171,False,0.011885,False
2016-11-03,RS01SLBS-MJ01A-12-VEL3DB101,2,True,2016-11-03T00:00:00Z,2016-11-03T23:59:59Z,86395,86395,0,1.0,0.999792099,1.000061901,0.000260163,0,0,0,0,-0.0,1.500942,12.840459,-2.916066e-10,0.001500849,0.01283966,False,0.013399,False
2016-11-04,RS01SLBS-MJ01A-12-VEL3DB101,2,True,2016-11-04T00:00:00Z,2016-11-04T23:59:59Z,86394,86394,0,1.0,0.999769211,1.000061886,-0.002439288,0,0,1,1,1e-06,1.918867,8.753069,5.760344e-10,0.001918748,0.008752528,False,0.007862,False
2016-11-05,RS01SLBS-MJ01A-12-VEL3DB101,2,True,2016-11-05T00:00:00Z,2016-11-05T23:59:59Z,86395,86395,0,1.0,0.999819756,1.000061901,0.004143936,0,0,2,2,-0.0,2.638819,12.287116,-1.772767e-10,0.002638656,0.01228636,False,0.011903,False
2016-11-06,RS01SLBS-MJ01A-12-VEL3DB101,2,True,2016-11-06T00:00:00Z,2016-11-06T23:59:59Z,86394,86394,0,1.0,0.99980402,1.000061923,0.002760496,0,0,2,2,0.0,1.514602,5.832637,9.886204e-11,0.001514509,0.005832275,False,0.005287,False
2016-11-07,RS01SLBS-MJ01A-12-VEL3DB101,2,True,2016-11-07T00:00:00Z,2016-11-07T23:59:59Z,86395,86395,0,1.0,0.999769688,1.000061895,-0.001387749,0,0,0,0,-0.0,2.189599,7.968581,-3.473425e-10,0.002189464,0.007968088,False,0.00705,False
2016-11-08,RS01SLBS-MJ01A-12-VEL3DB101,2,True,2016-11-08T00:00:00Z,2016-11-08T23:59:59Z,86395,86395,0,1.0,0.999783039,1.000061869,0.001179449,0,0,1,1,0.0,1.404143,4.862877,4.376643e-10,0.001404056,0.004862577,False,0.004784,False
2016-11-09,RS01SLBS-MJ01A-12-VEL3DB101,2,True,2016-11-09T00:00:00Z,2016-11-09T23:59:59Z,86394,86394,0,1.0,0.999791622,1.000061902,8.96e-05,0,0,3,3,1e-06,1.541876,10.715763,5.430175e-10,0.001541781,0.0107151,False,0.011616,False
2016-11-10,RS01SLBS-MJ01A-12-VEL3DB101,2,True,2016-11-10T00:00:00Z,2016-11-10T23:59:59Z,86395,86395,0,1.0,0.999807358,1.00006191,0.004298732,0,0,0,0,-0.0,1.593519,8.386077,-4.076871e-10,0.00159342,0.008385557,False,0.007704,False
2016-11-11,RS01SLBS-MJ01A-12-VEL3DB101,2,True,2016-11-11T00:00:00Z,2016-11-11T23:59:59Z,86395,86395,0,1.0,0.99982214,1.000061922,0.001446121,0,0,1,1,0.0,1.81426,6.595433,1.782786e-10,0.001814148,0.006595025,False,0.005626,False
2016-11-12,RS01SLBS-MJ01A-12-VEL3DB101,2,True,2016-11-12T00:00:00Z,2016-11-12T23:59:59Z,86394,86394,0,1.0,0.999835014,1.000061897,-0.002865517,0,0,0,0,-0.0,1.943334,8.518572,-4.075615e-10,0.001943214,0.008518045,False,0.005685,False
2016-11-13,RS01SLBS-MJ01A-12-VEL3DB101,2,True,2016-11-13T00:00:00Z,2016-11-13T23:59:59Z,86395,86395,0,1.0,0.999846935,1.000061915,-0.000959681,0,0,3,3,-1e-06,1.525373,7.1036,-6.142652e-10,0.001525279,0.00710316,False,0.004603,False
2016-11-14,RS01SLBS-MJ01A-12-VEL3DB101,2,True,2016-11-14T00:00:00Z,2016-11-14T23:59:59Z,86395,86395,0,1.0,0.99985075,1.000061903,0.001961637,0,0,1,1,-0.0,2.374697,8.469904,-1.501811e-10,0.00237455,0.00846938,False,0.007358,False
2016-11-15,RS01SLBS-MJ01A-12-VEL3DB101,2,True,2016-11-15T00:00:00Z,2016-11-15T23:59:59Z,86394,86394,0,1.0,0.999848843,1.000061964,0.001577161,0,0,0,0,-0.0,2.093851,11.554256,-3.841666e-10,0.002093722,0.01155354,False,0.013335,False
2016-11-16,RS01SLBS-MJ01A-12-VEL3DB101,2,True,2016-11-16T00:00:00Z,2016-11-16T23:59:59Z,86395,86395,0,1.0,0.999845028,1.000061873,-0.002132719,0,0,1,1,-0.0,2.196654,11.886224,-2.787148e-10,0.002196518,0.01188549,False,0.011947,False
2016-11-17,RS01SLBS-MJ01A-12-VEL3DB101,2,True,2016-11-17T00:00:00Z,2016-11-17T23:59:59Z,86318,86395,77,1.0,0.999827385,1.000061904,-0.002239614,7,77,7,79,-1e-06,1.4177,7.95127,-7.835771e-10,0.001417613,0.007950778,False,0.007774,True
2016-11-18,RS01SLBS-MJ01A-12-VEL3DB101,2,True,2016-11-18T00:00:00Z,2016-11-18T23:59:59Z,86191,86394,203,1.0,0.999838352,1.000061885,-0.002232962,12,203,12,205,-0.0,1.653387,135.725728,-1.14717e-10,0.001653285,0.1357173,False,0.134997,True
2016-11-19,RS01SLBS-MJ01A-12-VEL3DB101,2,True,2016-11-19T00:00:00Z,2016-11-19T23:59:59Z,86395,86395,0,1.0,0.999817848,1.000061883,0.003936683,0,0,0,0,-0.0,1.468169,12.155761,-2.938926e-10,0.001468078,0.01215501,False,0.012737,False
2016-11-20,RS01SLBS-MJ01A-12-VEL3DB101,2,True,2016-11-20T00:00:00Z,2016-11-20T23:59:59Z,86395,86395,0,1.0,0.999798298,1.000061896,-0.001536255,0,0,0,0,-0.0,2.132009,8.724048,-3.215019e-10,0.002131877,0.008723508,False,0.011889,False
2016-11-21,RS01SLBS-MJ01A-12-VEL3DB101,2,True,2016-11-21T00:00:00Z,2016-11-21T23:59:59Z,86394,86394,0,1.0,0.999792099,1.000061942,-0.000247487,0,0,1,1,0.0,1.493488,10.622566,2.770874e-10,0.001493395,0.01062191,False,0.010479,False
2016-11-22,RS01SLBS-MJ01A-12-VEL3DB101,2,True,2016-11-22T00:00:00Z,2016-11-22T23:59:59Z,86395,86395,0,1.0,0.999766827,1.00006186,-0.002594931,0,0,2,2,0.0,1.854394,6.563941,4.648418e-10,0.001854279,0.006563535,False,0.007271,False
2016-11-23,RS01SLBS-MJ01A-12-VEL3DB101,2,True,2016-11-23T00:00:00Z,2016-11-23T23:59:59Z,86395,86395,0,1.0,0.999742031,1.000061862,0.000136324,0,0,0,0,-0.0,1.783623,11.105816,-3.190919e-10,0.001783512,0.01110513,False,0.011435,False
2016-11-24,RS01SLBS-MJ01A-12-VEL3DB101,2,True,2016-11-24T00:00:00Z,2016-11-24T23:59:59Z,86394,86394,0,1.0,0.999760628,1.000061873,-0.001205803,0,0,1,1,1e-06,1.456163,7.837854,5.516844e-10,0.001456073,0.007837369,False,0.006704,False
2016-11-25,RS01SLBS-MJ01A-12-VEL3DB101,2,True,2016-11-25T00:00:00Z,2016-11-25T23:59:59Z,86395,86395,0,1.0,0.99977684,1.000061935,-0.003904424,0,0,0,0,-0.0,1.895286,6.509622,-3.381561e-10,0.001895169,0.006509219,False,0.010462,False
2016-11-26,RS01SLBS-MJ01A-12-VEL3DB101,2,True,2016-11-26T00:00:00Z,2016-11-26T23:59:59Z,86395,86395,0,1.0,0.99981308,1.000061877,-0.001069104,0,0,0,0,-0.0,1.463316,4.765188,-3.38016e-10,0.001463225,0.004764893,False,0.004948,False
2016-11-27,RS01SLBS-MJ01A-12-VEL3DB101,2,True,2016-11-27T00:00:00Z,2016-11-27T23:59:59Z,86394,86394,0,1.0,0.999789238,1.000061871,-0.000571384,0,0,0,0,-0.0,1.530812,5.665431,-4.422022e-10,0.001530717,0.005665081,False,0.006345,False
2016-11-28,RS01SLBS-MJ01A-12-VEL3DB101,2,True,2016-11-28T00:00:00Z,2016-11-28T23:59:59Z,86395,86395,0,1.0,0.99981308,1.000061873,0.000417091,0,0,0,0,-0.0,1.735813,10.93006,-3.033329e-10,0.001735706,0.01092938,False,0.012771,False
2016-11-29,RS01SLBS-MJ01A-12-VEL3DB101,2,True,2016-11-29T00:00:00Z,2016-11-29T23:59:59Z,86394,86394,0,1.0,0.999825954,1.000061869,-0.002179384,0,0,1,1,-0.0,1.636578,10.374564,-1.539931e-10,0.001636477,0.01037392,False,0.011204,False
2016-11-30,RS01SLBS-MJ01A-12-VEL3DB101,2,True,2016-11-30T00:00:00Z,2016-11-30T23:59:59Z,86395,86395,0,1.0,0.999786139,1.000061883,-0.00156758,0,0,3,3,-0.0,1.447033,7.51417,-1.983715e-10,0.001446943,0.007513705,False,0.006811,False
2016-12-01,RS01SLBS-MJ01A-12-VEL3DB101,2,True,2016-12-01T00:00:00Z,2016-12-01T23:59:59Z,85527,86395,868,1.0,0.999800205,1.000061883,-0.001255723,1,868,1,868,-0.0,2.172054,11.669854,-1.234136e-10,0.002171919,0.01166913,False,0.227106,True
2016-12-02,RS01SLBS-MJ01A-12-VEL3DB101,2,True,2016-12-02T00:00:00Z,2016-12-02T23:59:59Z,86394,86394,0,1.0,0.999823093,1.000061847,-0.00132232,0,0,0,0,-0.0,1.491168,8.086978,-4.400738e-10,0.001491075,0.008086477,False,0.010424,False
2016-12-03,RS01SLBS-MJ01A-12-VEL3DB101,2,True,2016-12-03T00:00:00Z,2016-12-03T23:59:59Z,86395,86395,0,1.0,0.999835968,1.00006188,-0.000812457,0,0,0,0,-0.0,1.462543,7.780247,-2.874854e-10,0.001462453,0.007779766,False,0.007155,False
2016-12-04,RS01SLBS-MJ01A-12-VEL3DB101,2,True,2016-12-04T00:00:00Z,2016-12-04T23:59:59Z,86395,86395,0,1.0,0.99984026,1.000061878,-0.000162502,0,0,0,0,-0.0,1.718061,10.372772,-3.273012e-10,0.001717955,0.01037213,False,0.010395,False
2016-12-05,RS01SLBS-MJ01A-12-VEL3DB101,2,True,2016-12-05T00:00:00Z,2016-12-05T23:59:59Z,86394,86394,0,1.0,0.999817848,1.000061878,-0.000754045,0,0,1,1,-0.0,1.699087,9.256647,-4.980816e-10,0.001698982,0.009256074,False,0.0091,False
2016-12-06,RS01SLBS-MJ01A-12-VEL3DB101,2,True,2016-12-06T00:00:00Z,2016-12-06T23:59:59Z,86395,86395,0,1.0,0.999814987,1.000061905,0.000507557,0,0,1,1,0.0,1.747193,8.239743,1.546057e-10,0.001747085,0.008239233,False,0.006847,False
2016-12-07,RS01SLBS-MJ01A-12-VEL3DB101,2,True,2016-12-07T00:00:00Z,2016-12-07T23:59:59Z,85517,86395,878,1.0,0.999816895,1.000061897,0.00208949,1,878,1,878,-0.0,1.376291,10.239975,-3.349095e-10,0.001376206,0.01023934,False,0.215929,True
2016-12-08,RS01SLBS-MJ01A-12-VEL3DB101,2,True,2016-12-08T00:00:00Z,2016-12-08T23:59:59Z,86394,86394,0,1.0,0.99980402,1.000061869,0.000326448,0,0,0,0,-0.0,1.991008,7.685925,-4.248034e-10,0.001990885,0.00768545,False,0.005697,False
2016-12-09,RS01SLBS-MJ01A-12-VEL3DB101,2,True,2016-12-09T00:00:00Z,2016-12-09T23:59:59Z,86395,86395,0,1.0,0.999810219,1.000061901,-0.000209731,0,0,0,0,-0.0,2.847749,12.862319,-3.235674e-10,0.002847572,0.01286152,False,0.011779,False
2016-12-10,RS01SLBS-MJ01A-12-VEL3DB101,2,True,2016-12-10T00:00:00Z,2016-12-10T23:59:59Z,86395,86395,0,1.0,0.999825001,1.000061891,-0.001598511,0,0,2,2,0.0,1.805285,12.420964,2.305948e-10,0.001805173,0.0124202,False,0.011515,False
2016-12-11,RS01SLBS-MJ01A-12-VEL3DB101,2,True,2016-12-11T00:00:00Z,2016-12-11T23:59:59Z,85857,86394,537,1.0,0.99982214,1.000061923,-0.002474715,2,537,2,538,-0.0,1.325832,5.074789,-8.689071e-11,0.00132575,0.005074475,False,0.127656,True
2016-12-12,RS01SLBS-MJ01A-12-VEL3DB101,2,True,2016-12-12T00:00:00Z,2016-12-12T23:59:59Z,86395,86395,0,1.0,0.999835968,1.000061899,-0.001536275,0,0,2,2,0.0,1.657255,10.132639,1.726444e-10,0.001657152,0.01013201,False,0.011535,False
2016-12-13,RS01SLBS-MJ01A-12-VEL3DB101,2,True,2016-12-13T00:00:00Z,2016-12-13T23:59:59Z,86395,86395,0,1.0,0.999870777,1.000061891,-0.001823579,0,0,2,2,-0.0,1.594576,5.741107,-2.618756e-10,0.001594477,0.005740752,False,0.004922,False
2016-12-14,RS01SLBS-MJ01A-12-VEL3DB101,2,True,2016-12-14T00:00:00Z,2016-12-14T23:59:59Z,86394,86394,0,1.0,0.999858856,1.000061907,-0.001688794,0,0,1,1,1e-06,1.367426,10.687619,8.505144e-10,0.001367341,0.01068696,False,0.011795,False
2016-12-15,RS01SLBS-MJ01A-12-VEL3DB101,2,True,2016-12-15T00:00:00Z,2016-12-15T23:59:59Z,86395,86395,0,1.0,0.999842167,1.000061866,-0.000366012,0,0,0,0,-0.0,2.080603,10.640012,-3.524357e-10,0.002080475,0.01063935,False,0.009929,False
2016-12-16,RS01SLBS-MJ01A-12-VEL3DB101,2,True,2016-12-16T00:00:00Z,2016-12-16T23:59:59Z,86395,86395,0,1.0,0.999863148,1.000061902,-0.00046791,0,0,1,1,0.0,1.449129,10.395174,3.702949e-11,0.00144904,0.01039453,False,0.011364,False
2016-12-17,RS01SLBS-MJ01A-12-VEL3DB101,2,True,2016-12-17T00:00:00Z,2016-12-17T23:59:59Z,86330,86394,64,1.0,0.999853134,1.000061879,0.000378448,3,64,3,64,-1e-06,1.425389,10.082353,-5.568658e-10,0.001425301,0.01008173,False,0.010334,True
2016-12-18,RS01SLBS-MJ01A-12-VEL3DB101,2,True,2016-12-18T00:00:00Z,2016-12-18T23:59:59Z,86395,86395,0,1.0,0.999839306,1.000061896,0.000303308,0,0,1,1,-0.0,1.540543,13.411749,-3.059522e-10,0.001540447,0.01341092,False,0.014915,False
2016-12-19,RS01SLBS-MJ01A-12-VEL3DB101,2,True,2016-12-19T00:00:00Z,2016-12-19T23:59:59Z,86395,86395,0,1.0,0.999855042,1.000061886,0.001248628,0,0,1,1,0.0,1.476253,14.018078,1.568594e-10,0.001476162,0.01401721,False,0.0128,False
2016-12-20,RS01SLBS-MJ01A-12-VEL3DB101,2,True,2016-12-20T00:00:00Z,2016-12-20T23:59:59Z,86394,86394,0,1.0,0.999812126,1.000061853,0.001189805,0,0,2,2,-0.0,1.434705,11.692864,-3.181879e-10,0.001434616,0.01169214,False,0.012514,False
2016-12-21,RS01SLBS-MJ01A-12-VEL3DB101,2,True,2016-12-21T00:00:00Z,2016-12-21T23:59:59Z,86395,86395,0,1.0,0.999838829,1.000061862,0.000549067,0,0,2,2,-0.0,1.983148,6.208569,-1.486778e-10,0.001983025,0.006208185,False,0.00619,False
2016-12-22,RS01SLBS-MJ01A-12-VEL3DB101,2,True,2016-12-22T00:00:00Z,2016-12-22T23:59:59Z,86395,86395,0,1.0,0.99982214,1.000061893,-0.001306742,0,0,0,0,-0.0,2.442521,7.319608,-2.910403e-10,0.00244237,0.007319155,False,0.005278,False
2016-12-23,RS01SLBS-MJ01A-12-VEL3DB101,2,True,2016-12-23T00:00:00Z,2016-12-23T23:59:59Z,86394,86394,0,1.0,0.999826908,1.000061885,-0.000631415,0,0,0,0,-0.0,1.487012,7.020845,-4.450096e-10,0.00148692,0.007020411,False,0.004725,False
2016-12-24,RS01SLBS-MJ01A-12-VEL3DB101,2,True,2016-12-24T00:00:00Z,2016-12-24T23:59:59Z,86395,86395,0,1.0,0.999860287,1.000061917,0.003680946,0,0,1,1,0.0,2.155468,10.002366,6.947524e-11,0.002155335,0.01000175,False,0.0105,False
2016-12-25,RS01SLBS-MJ01A-12-VEL3DB101,2,True,2016-12-25T00:00:00Z,2016-12-25T23:59:59Z,86394,86394,0,1.0,0.999842167,1.000061864,0.000919603,0,0,0,0,-0.0,1.537484,7.556846,-3.731286e-10,0.001537389,0.007556378,False,0.00806,False
2016-12-26,RS01SLBS-MJ01A-12-VEL3DB101,2,True,2016-12-26T00:00:00Z,2016-12-26T23:59:59Z,86395,86395,0,1.0,0.999835968,1.000061864,0.001409432,0,0,2,2,0.0,2.393044,8.987603,2.034069e-10,0.002392896,0.008987047,False,0.006345,False
2016-12-27,RS01SLBS-MJ01A-12-VEL3DB101,2,True,2016-12-27T00:00:00Z,2016-12-27T23:59:59Z,86395,86395,0,1.0,0.999824047,1.000061854,0.001379029,0,0,0,0,-0.0,1.672241,7.71838,-3.069659e-10,0.001672137,0.007717902,False,0.006096,False
2016-12-28,RS01SLBS-MJ01A-12-VEL3DB101,2,True,2016-12-28T00:00:00Z,2016-12-28T23:59:59Z,86394,86394,0,1.0,0.99981308,1.000061846,-0.000340178,0,0,2,2,-0.0,1.705917,5.911084,-7.922858e-11,0.001705811,0.005910719,False,0.005896,False
2016-12-29,RS01SLBS-MJ01A-12-VEL3DB101,2,True,2016-12-29T00:00:00Z,2016-12-29T23:59:59Z,86395,86395,0,1.0,0.999809265,1.000061904,-0.001146884,0,0,0,0,-0.0,2.073404,8.533688,-3.643259e-10,0.002073276,0.008533159,False,0.01001,False
2016-12-30,RS01SLBS-MJ01A-12-VEL3DB101,2,True,2016-12-30T00:00:00Z,2016-12-30T23:59:59Z,86395,86395,0,1.0,0.999825954,1.000061875,-0.002743239,0,0,0,0,-0.0,1.5986,8.104264,-3.829534e-10,0.001598501,0.008103763,False,0.00751,False
2016-12-31,RS01SLBS-MJ01A-12-VEL3DB101,2,True,2016-12-31T00:00:00Z,2016-12-31T23:59:59Z,86394,86394,0,1.0,0.9998312,1.000061894,-0.001486714,0,0,0,0,-0.0,1.926375,10.560811,-3.960208e-10,0.001926256,0.01056016,False,0.015864,False
2017-01-01,RS01SLBS-MJ01A-12-VEL3DB101,2,True,2017-01-01T00:00:00Z,2017-01-01T23:59:59Z,86396,86395,0,1.0,0.999741077,1.000062055,-0.013323918,0,0,0,0,0.0,14.354457,98.094185,2.677872e-10,0.01435357,0.0980881,False,0.112107,False
2017-01-02,RS01SLBS-MJ01A-12-VEL3DB101,2,True,2017-01-02T00:00:00Z,2017-01-02T23:59:59Z,86395,86395,0,1.0,0.999720097,1.000061903,0.001750617,0,0,0,0,-0.0,1.576174,7.599795,-3.7249e-10,0.001576076,0.007599325,False,0.00595,False
2017-01-03,RS01SLBS-MJ01A-12-VEL3DB101,2,True,2017-01-03T00:00:00Z,2017-01-03T23:59:59Z,86394,86394,0,1.0,0.999740124,1.00006185,0.000879087,0,0,2,2,-0.0,1.382207,6.707195,-2.514823e-11,0.001382121,0.00670678,False,0.006254,False
2017-01-04,RS01SLBS-MJ01A-12-VEL3DB101,2,True,2017-01-04T00:00:00Z,2017-01-04T23:59:59Z,86395,86395,0,1.0,0.999747753,1.000061872,-0.000925817,0,0,0,0,-0.0,1.865687,10.295084,-3.265018e-10,0.001865571,0.01029445,False,0.010125,False
2017-01-05,RS01SLBS-MJ01A-12-VEL3DB101,2,True,2017-01-05T00:00:00Z,2017-01-05T23:59:59Z,86395,86395,0,1.0,0.999783039,1.000061871,-0.002448475,0,0,0,0,-0.0,1.710832,12.550986,-3.65612e-10,0.001710726,0.01255021,False,0.015054,False
2017-01-06,RS01SLBS-MJ01A-12-VEL3DB101,2,True,2017-01-06T00:00:00Z,2017-01-06T23:59:59Z,86394,86394,0,1.0,0.999734402,1.00006184,0.001249373,0,0,0,0,-0.0,3.039274,11.814315,-3.90205e-10,0.003039086,0.01181358,False,0.010776,False
2017-01-07,RS01SLBS-MJ01A-12-VEL3DB101,2,True,2017-01-07T00:00:00Z,2017-01-07T23:59:59Z,86395,86395,0,1.0,0.99972868,1.000061916,0.002312341,0,0,0,0,-0.0,3.625367,9.495754,-3.279365e-10,0.003625143,0.009495166,False,0.008398,False
2017-01-08,RS01SLBS-MJ01A-12-VEL3DB101,2,True,2017-01-08T00:00:00Z,2017-01-08T23:59:59Z,86353,86395,42,1.0,0.999753952,1.000061823,-0.003144055,2,42,2,44,-0.0,2.997874,474.460974,-4.516467e-12,0.002997689,0.4744316,True,0.473336,True
2017-01-09,RS01SLBS-MJ01A-12-VEL3DB101,2,True,2017-01-09T00:00:00Z,2017-01-09T18:30:52Z,66649,66649,0,1.0,0.999769688,1.000061836,0.00186082,0,0,1,1,0.0,1.54209,6.25404,4.6201e-10,0.001541994,0.006253653,False,0.00466,False
2017-01-10,RS01SLBS-MJ01A-12-VEL3DB101,2,True,2017-01-10T01:23:15Z,2017-01-10T23:59:59Z,81400,81400,0,1.0,0.999774933,1.000061871,-0.012639289,0,0,0,0,0.0,1.567072,12.639289,4.944952e-10,0.001566975,0.01263851,False,0.013071,False
2017-01-11,RS01SLBS-MJ01A-12-VEL3DB101,2,True,2017-01-11T00:00:00Z,2017-01-11T23:59:59Z,86294,86395,101,1.0,0.999764919,1.000061886,0.002327731,3,101,3,103,-0.0,1.571149,10.199025,-3.860503e-10,0.001571051,0.01019839,False,0.031428,True
2017-01-12,RS01SLBS-MJ01A-12-VEL3DB101,2,True,2017-01-12T00:00:00Z,2017-01-12T23:59:59Z,86394,86394,0,1.0,0.999753952,1.000061869,-5.6353e-05,0,0,2,2,0.0,1.273687,10.975944,1.032508e-10,0.001273608,0.01097526,False,0.011353,False
2017-01-13,RS01SLBS-MJ01A-12-VEL3DB101,2,True,2017-01-13T00:00:00Z,2017-01-13T23:59:59Z,86395,86395,0,1.0,0.999757767,1.000061888,-0.000871008,0,0,0,0,-0.0,1.773475,9.527987,-3.355464e-10,0.001773365,0.009527397,False,0.012093,False
2017-01-14,RS01SLBS-MJ01A-12-VEL3DB101,2,True,2017-01-14T00:00:00Z,2017-01-14T23:59:59Z,86395,86395,0,1.0,0.999751091,1.000061921,-0.004300005,0,0,2,2,-0.0,1.949913,12.437224,-3.17671e-10,0.001949793,0.01243645,False,0.013182,False
2017-01-15,RS01SLBS-MJ01A-12-VEL3DB101,2,True,2017-01-15T00:00:00Z,2017-01-15T23:59:59Z,86394,86394,0,1.0,0.999755859,1.00006191,-0.003956822,0,0,1,1,0.0,1.99937,12.078845,2.090533e-11,0.001999246,0.0120781,False,0.011317,False
2017-01-16,RS01SLBS-MJ01A-12-VEL3DB101,2,True,2017-01-16T00:00:00Z,2017-01-16T23:59:59Z,86395,86395,0,1.0,0.999750137,1.000061891,-0.000334674,0,0,0,0,-0.0,1.795013,13.950028,-3.276349e-10,0.001794902,0.01394916,False,0.012891,False
2017-01-17,RS01SLBS-MJ01A-12-VEL3DB101,2,True,2017-01-17T00:00:00Z,2017-01-17T23:59:59Z,86395,86395,0,1.0,0.99974823,1.000061847,-0.001760551,0,0,0,0,-0.0,1.328166,8.826638,-3.725356e-10,0.001328084,0.008826093,False,0.010603,False
2017-01-18,RS01SLBS-MJ01A-12-VEL3DB101,2,True,2017-01-18T00:00:00Z,2017-01-18T23:59:59Z,86394,86394,0,1.0,0.999758244,1.000061887,0.000716706,0,0,2,2,-0.0,1.494033,6.302899,-3.803506e-10,0.001493941,0.006302509,False,0.004867,False
2017-01-19,RS01SLBS-MJ01A-12-VEL3DB101,2,True,2017-01-19T00:00:00Z,2017-01-19T23:59:59Z,84838,86396,1558,1.0,0.999732018,1.000045244,0.320240023,1,1558,1,1558,0.0,253.754698,534.692251,3.68285e-10,0.2537432,0.5346681,True,0.487186,True
2017-01-20,RS01SLBS-MJ01A-12-VEL3DB101,2,True,2017-01-20T00:00:00Z,2017-01-20T23:59:59Z,86395,86395,0,1.0,0.999769211,1.000061868,-0.000913505,0,0,0,0,-0.0,1.42662,7.189118,-3.489557e-10,0.001426531,0.007188673,False,0.004628,False
2017-01-21,RS01SLBS-MJ01A-12-VEL3DB101,2,True,2017-01-21T00:00:00Z,2017-01-21T23:59:59Z,86394,86394,0,1.0,0.999746799,1.000061889,0.003114684,0,0,1,1,1e-06,2.070445,16.927491,7.255924e-10,0.002070317,0.01692644,False,0.013527,False
2017-01-22,RS01SLBS-MJ01A-12-VEL3DB101,2,True,2017-01-22T00:00:00Z,2017-01-22T23:59:59Z,86395,86395,0,1.0,0.999724865,1.000061899,-0.001645054,0,0,2,2,1e-06,1.701471,11.040433,5.470072e-10,0.001701366,0.01103975,False,0.014588,False
2017-01-23,RS01SLBS-MJ01A-12-VEL3DB101,2,True,2017-01-23T00:00:00Z,2017-01-23T23:59:59Z,86395,86395,0,1.0,0.999740124,1.000061872,-0.000539343,0,0,0,0,-0.0,1.597835,6.41828,-3.223218e-10,0.001597736,0.006417883,False,0.007477,False
2017-01-24,RS01SLBS-MJ01A-12-VEL3DB101,2,True,2017-01-24T00:00:00Z,2017-01-24T23:59:59Z,86394,86394,0,1.0,0.999767303,1.000061885,-0.000498113,0,0,1,1,0.0,2.293993,12.565185,1.397751e-11,0.002293851,0.01256441,False,0.013626,False
2017-01-25,RS01SLBS-MJ01A-12-VEL3DB101,2,True,2017-01-25T00:00:00Z,2017-01-25T23:59:59Z,86395,86395,0,1.0,0.999749184,1.000061845,0.002051166,0,0,1,1,1e-06,1.811189,14.253327,5.960841e-10,0.001811077,0.01425245,False,0.013778,False
2017-01-26,RS01SLBS-MJ01A-12-VEL3DB101,2,True,2017-01-26T00:00:00Z,2017-01-26T23:59:59Z,86395,86395,0,1.0,0.999751091,1.000061887,0.000250763,0,0,0,0,-0.0,1.402855,15.927267,-3.294605e-10,0.001402769,0.01592628,False,0.01283,False
2017-01-27,RS01SLBS-MJ01A-12-VEL3DB101,2,True,2017-01-27T00:00:00Z,2017-01-27T23:59:59Z,86394,86394,0,1.0,0.999740601,1.000061844,-0.001056076,0,0,0,0,-0.0,1.755466,14.978956,-4.450266e-10,0.001755358,0.01497803,False,0.012456,False
2017-01-28,RS01SLBS-MJ01A-12-VEL3DB101,2,True,2017-01-28T00:00:00Z,2017-01-28T23:59:59Z,86395,86395,0,1.0,0.999739647,1.000061793,-0.000517084,0,0,0,0,-0.0,1.844552,12.528718,-3.307386e-10,0.001844439,0.01252794,False,0.011341,False
2017-01-29,RS01SLBS-MJ01A-12-VEL3DB101,2,True,2017-01-29T00:00:00Z,2017-01-29T23:59:59Z,86395,86395,0,1.0,0.999772072,1.000061847,0.005512854,0,0,1,1,1e-06,2.071864,11.152177,7.457542e-10,0.002071736,0.01115149,False,0.011182,False
2017-01-30,RS01SLBS-MJ01A-12-VEL3DB101,2,True,2017-01-30T00:00:00Z,2017-01-30T23:59:59Z,85923,86394,471,1.0,0.999726772,1.000061933,-0.002584054,2,471,2,471,0.0,2.044814,14.728892,4.820644e-10,0.002044688,0.01472798,False,0.109695,True
2017-01-31,RS01SLBS-MJ01A-12-VEL3DB101,2,True,2017-01-31T00:00:00Z,2017-01-31T23:59:59Z,42844,86409,43565,1.0,0.999732971,0.999867185,2.88413859,5,43565,5,43565,-0.0,1671.99301,3424.393099,-1.37166e-10,1.672215,3.424848,True,0.304925,True
2017-02-01,RS01SLBS-MJ01A-12-VEL3DB101,2,True,2017-02-01T00:00:00Z,2017-02-01T23:59:59Z,86395,86395,0,1.0,0.999736309,1.000061821,0.003612279,0,0,0,0,-0.0,2.311819,8.639276,-3.854475e-10,0.002311676,0.008638742,False,0.008051,False
2017-02-02,RS01SLBS-MJ01A-12-VEL3DB101,2,True,2017-02-02T00:00:00Z,2017-02-02T23:59:59Z,86394,86394,0,1.0,0.999744892,1.000061819,0.000737074,0,0,2,2,-1e-06,2.208722,7.849748,-5.38475e-10,0.002208585,0.007849263,False,0.010549,False
2017-02-03,RS01SLBS-MJ01A-12-VEL3DB101,2,True,2017-02-03T00:00:00Z,2017-02-03T23:59:59Z,86395,86395,0,1.0,0.999735355,1.000061869,0.000277924,0,0,0,0,-0.0,1.770193,15.573228,-3.093354e-10,0.001770083,0.01557226,False,0.012782,False
2017-02-04,RS01SLBS-MJ01A-12-VEL3DB101,2,True,2017-02-04T00:00:00Z,2017-02-04T23:59:59Z,86395,86395,0,1.0,0.999749184,1.000061845,-0.007103485,0,0,1,1,-1e-06,2.894682,14.175133,-6.279127e-10,0.002894503,0.01417426,False,0.016127,False
2017-02-05,RS01SLBS-MJ01A-12-VEL3DB101,2,True,2017-02-05T00:00:00Z,2017-02-05T23:59:59Z,86394,86394,0,1.0,0.999724865,1.000061886,-0.002534564,0,0,0,0,-0.0,1.997427,9.241183,-4.570743e-10,0.001997304,0.009240611,False,0.011807,False
2017-02-06,RS01SLBS-MJ01A-12-VEL3DB101,2,True,2017-02-06T00:00:00Z,2017-02-06T23:59:59Z,86395,86395,0,1.0,0.999740601,1.000061893,-0.001115837,0,0,0,0,-0.0,1.747961,11.726554,-3.32244e-10,0.001747853,0.01172583,False,0.012587,False
2017-02-07,RS01SLBS-MJ01A-12-VEL3DB101,2,True,2017-02-07T00:00:00Z,2017-02-07T23:59:59Z,85606,86394,788,1.0,0.999747753,1.000061859,-0.001195031,2,788,2,789,0.0,1.699855,9.180867,3.743712e-10,0.00169975,0.009180299,False,0.248361,True
2017-02-08,RS01SLBS-MJ01A-12-VEL3DB101,2,True,2017-02-08T00:00:00Z,2017-02-08T23:59:59Z,86395,86395,0,1.0,0.99973774,1.000061851,0.00022141,0,0,1,1,0.0,3.434675,9.094808,7.983691e-12,0.003434463,0.009094246,False,0.006029,False
2017-02-09,RS01SLBS-MJ01A-12-VEL3DB101,2,True,2017-02-09T00:00:00Z,2017-02-09T23:59:59Z,86395,86395,0,1.0,0.99973917,1.000061829,-0.000991982,0,0,0,0,-0.0,1.58199,7.451772,-2.748808e-10,0.001581893,0.007451311,False,0.006272,False
2017-02-10,RS01SLBS-MJ01A-12-VEL3DB101,2,True,2017-02-10T00:00:00Z,2017-02-10T23:59:59Z,86394,86394,0,1.0,0.999800205,1.000061839,0.004088914,0,0,1,1,1e-06,1.715276,7.099898,5.373228e-10,0.00171517,0.007099459,False,0.007617,False
2017-02-11,RS01SLBS-MJ01A-12-VEL3DB101,2,True,2017-02-11T00:00:00Z,2017-02-11T23:59:59Z,86395,86395,0,1.0,0.999751091,1.000061838,-0.000530553,0,0,0,0,-0.0,3.020704,10.425893,-3.777817e-10,0.003020517,0.01042525,False,0.007491,False
2017-02-12,RS01SLBS-MJ01A-12-VEL3DB101,2,True,2017-02-12T00:00:00Z,2017-02-12T23:59:59Z,86395,86395,0,1.0,0.99973917,1.000061865,0.007658008,0,0,0,0,-0.0,3.478417,9.894716,-3.497592e-10,0.003478202,0.009894104,False,0.007442,False
2017-02-13,RS01SLBS-MJ01A-12-VEL3DB101,2,True,2017-02-13T00:00:00Z,2017-02-13T23:59:59Z,86394,86394,0,1.0,0.999750137,1.000061891,-0.003279538,0,0,3,3,-0.0,1.714486,10.789886,-3.159985e-10,0.001714379,0.01078922,False,0.010976,False
2017-02-14,RS01SLBS-MJ01A-12-VEL3DB101,2,True,2017-02-14T00:00:00Z,2017-02-14T23:59:59Z,86395,86395,0,1.0,0.999753952,1.000061867,0.001644995,0,0,1,1,-1e-06,1.870896,11.750604,-5.517671e-10,0.00187078,0.01174988,False,0.011253,False
2017-02-15,RS01SLBS-MJ01A-12-VEL3DB101,2,True,2017-02-15T00:00:00Z,2017-02-15T14:43:05Z,52983,52983,0,1.0,0.999769211,1.000061763,-0.000801441,0,0,0,0,-0.0,1.636497,13.163234,-7.755814e-11,0.001636396,0.01316242,False,0.012768,False
2017-02-16,RS01SLBS-MJ01A-12-VEL3DB101,2,True,2017-02-16T21:37:27Z,2017-02-16T23:59:59Z,8451,8552,101,1.0,0.99979949,1.000062677,-0.011381884,1,101,1,101,-0.0,1.439294,11.381884,-1.815857e-11,0.001439203,0.01138117,False,0.028321,True
2017-02-17,RS01SLBS-MJ01A-12-VEL3DB101,2,True,2017-02-17T00:00:00Z,2017-02-17T23:59:59Z,86395,86395,0,1.0,0.9997859,1.000061855,-0.001547204,0,0,0,0,-0.0,1.744595,8.435409,-3.669887e-10,0.001744487,0.008434888,False,0.007228,False
2017-02-18,RS01SLBS-MJ01A-12-VEL3DB101,2,True,2017-02-18T00:00:00Z,2017-02-18T23:59:59Z,86395,86395,0,1.0,0.999783993,1.00006181,-0.001236277,0,0,1,1,0.0,1.509966,13.511937,3.639409e-11,0.001509873,0.0135111,False,0.012852,False
2017-02-19,RS01SLBS-MJ01A-12-VEL3DB101,2,True,2017-02-19T00:00:00Z,2017-02-19T23:59:59Z,86394,86394,0,1.0,0.999790192,1.000061874,0.003704124,0,0,0,0,-0.0,2.048003,12.921651,-3.415592e-10,0.002047876,0.01292085,False,0.013229,False
2017-02-20,RS01SLBS-MJ01A-12-VEL3DB101,2,True,2017-02-20T00:00:00Z,2017-02-20T23:59:59Z,86395,86395,0,1.0,0.999779701,1.000061878,0.001291176,0,0,0,0,-0.0,1.685574,8.548363,-3.110686e-10,0.00168547,0.008547834,False,0.010417,False
2017-02-21,RS01SLBS-MJ01A-12-VEL3DB101,2,True,2017-02-21T00:00:00Z,2017-02-21T23:59:59Z,86395,86395,0,1.0,0.999768734,1.000061798,0.00224616,0,0,2,2,-0.0,3.626114,8.537688,-1.647361e-10,0.00362589,0.00853716,False,0.004914,False
2017-02-22,RS01SLBS-MJ01A-12-VEL3DB101,2,True,2017-02-22T00:00:00Z,2017-02-22T23:59:59Z,86394,86394,0,1.0,0.999757767,1.000061812,0.004725424,0,0,1,1,-0.0,3.598065,12.77721,-4.6139e-10,0.003597842,0.01277642,False,0.013193,False
2017-02-23,RS01SLBS-MJ01A-12-VEL3DB101,2,True,2017-02-23T00:00:00Z,2017-02-23T23:59:59Z,86395,86395,0,1.0,0.999743938,1.000061822,0.002125188,0,0,1,1,0.0,1.414749,6.065601,4.306301e-10,0.001414662,0.006065226,False,0.005521,False
2017-02-24,RS01SLBS-MJ01A-12-VEL3DB101,2,True,2017-02-24T00:00:00Z,2017-02-24T23:59:59Z,86395,86395,0,1.0,0.999753952,1.000061819,-8.1604e-05,0,0,0,0,-0.0,2.179842,8.958055,-3.376703e-10,0.002179707,0.008957502,False,0.012042,False
2017-02-25,RS01SLBS-MJ01A-12-VEL3DB101,2,True,2017-02-25T00:00:00Z,2017-02-25T23:59:59Z,86394,86394,0,1.0,0.999755859,1.000061857,-0.000977096,0,0,1,1,0.0,1.751795,11.845868,4.101198e-11,0.001751687,0.01184514,False,0.015749,False
2017-02-26,RS01SLBS-MJ01A-12-VEL3DB101,2,True,2017-02-26T00:00:00Z,2017-02-26T23:59:59Z,86395,86395,0,1.0,0.999780178,1.00006186,-0.00139757,0,0,1,1,0.0,1.316277,12.186018,2.225462e-10,0.001316195,0.01218526,False,0.012015,False
2017-02-27,RS01SLBS-MJ01A-12-VEL3DB101,2,True,2017-02-27T00:00:00Z,2017-02-27T23:59:59Z,86395,86395,0,1.0,0.999786854,1.000061874,-0.000577765,0,0,0,0,-0.0,1.641324,11.492299,-3.222651e-10,0.001641223,0.01149159,False,0.010517,False
2017-02-28,RS01SLBS-MJ01A-12-VEL3DB101,2,True,2017-02-28T00:00:00Z,2017-02-28T23:59:59Z,86394,86394,0,1.0,0.999798775,1.00006182,-0.000440724,0,0,3,3,0.0,1.90377,12.730669,3.049294e-10,0.001903652,0.01272988,False,0.015958,False
2017-03-01,RS01SLBS-MJ01A-12-VEL3DB101,2,True,2017-03-01T00:00:00Z,2017-03-01T23:59:59Z,86395,86395,0,1.0,0.999769211,1.000061917,0.001293957,0,0,1,1,-0.0,2.028635,14.752174,-3.738464e-10,0.00202851,0.01475126,False,0.011919,False
2017-03-02,RS01SLBS-MJ01A-12-VEL3DB101,2,True,2017-03-02T00:00:00Z,2017-03-02T23:59:59Z,86395,86395,0,1.0,0.999838352,1.000061869,-0.001209951,0,0,0,0,-0.0,1.830807,13.016793,-3.171461e-10,0.001830694,0.01301599,False,0.012031,False
2017-03-03,RS01SLBS-MJ01A-12-VEL3DB101,2,True,2017-03-03T00:00:00Z,2017-03-03T23:59:59Z,86394,86394,0,1.0,0.999784946,1.000061851,0.001434213,0,0,1,1,0.0,2.848098,12.361838,3.568635e-10,0.002847922,0.01236107,False,0.013732,False
2017-03-04,RS01SLBS-MJ01A-12-VEL3DB101,2,True,2017-03-04T00:00:00Z,2017-03-04T19:27:17Z,70034,70034,0,1.0,0.999797344,1.000062009,-0.007518566,0,0,0,0,0.0,5.667991,11.733196,4.263636e-10,0.00566764,0.01173247,False,0.014659,False
2017-03-05,RS01SLBS-MJ01A-12-VEL3DB101,2,False,,,0,0,,1.0,,,,,,,,,,,,,,,,False
2017-03-06,RS01SLBS-MJ01A-12-VEL3DB101,2,True,2017-03-06T04:50:15Z,2017-03-06T23:59:59Z,68981,68981,0,1.0,0.999762058,1.000061775,-0.006291599,0,0,0,0,0.0,4.777552,15.619165,3.414224e-10,0.004777257,0.0156182,False,0.0144,False
2017-03-07,RS01SLBS-MJ01A-12-VEL3DB101,2,True,2017-03-07T00:00:00Z,2017-03-07T23:59:59Z,86395,86395,0,1.0,0.999814987,1.00006192,0.008599015,0,0,2,2,0.0,4.30979,13.212762,2.797878e-10,0.004309523,0.01321194,False,0.01595,False
2017-03-08,RS01SLBS-MJ01A-12-VEL3DB101,2,True,2017-03-08T00:00:00Z,2017-03-08T23:59:59Z,86394,86394,0,1.0,0.999844074,1.00006184,-0.000283471,0,0,1,1,-0.0,3.737821,19.4082,-2.296907e-10,0.00373759,0.019407,False,0.015729,False
2017-03-09,RS01SLBS-MJ01A-12-VEL3DB101,2,True,2017-03-09T00:00:00Z,2017-03-09T23:59:59Z,86395,86395,0,1.0,0.999901056,1.000061855,-0.001657474,0,0,0,0,-0.0,3.03244,15.881667,-3.204813e-10,0.003032253,0.01588068,False,0.015607,False
2017-03-10,RS01SLBS-MJ01A-12-VEL3DB101,2,True,2017-03-10T00:00:00Z,2017-03-10T23:59:59Z,86395,86395,0,1.0,0.999792099,1.000061856,0.000764875,0,0,0,0,-0.0,1.901924,8.402303,-3.480241e-10,0.001901806,0.008401783,False,0.006226,False
2017-03-11,RS01SLBS-MJ01A-12-VEL3DB101,2,True,2017-03-11T00:00:00Z,2017-03-11T23:59:59Z,86394,86394,0,1.0,0.99974823,1.000061888,-0.002161117,0,0,0,0,-0.0,2.066911,20.26716,-4.040956e-10,0.002066783,0.02026591,False,0.018904,False
2017-03-12,RS01SLBS-MJ01A-12-VEL3DB101,2,True,2017-03-12T00:00:00Z,2017-03-12T23:59:59Z,86395,86395,0,1.0,0.999784946,1.000061833,-0.003271377,0,0,1,1,0.0,1.783588,7.57872,5.712556e-12,0.001783478,0.007578251,False,0.00702,False
2017-03-13,RS01SLBS-MJ01A-12-VEL3DB101,2,True,2017-03-13T00:00:00Z,2017-03-13T23:59:59Z,86395,86395,0,1.0,0.999778748,1.000061824,0.002806927,0,0,0,0,-0.0,1.755265,7.45841,-4.018491e-10,0.001755157,0.007457949,False,0.007246,False
2017-03-14,RS01SLBS-MJ01A-12-VEL3DB101,2,True,2017-03-14T00:00:00Z,2017-03-14T23:59:59Z,86394,86394,0,1.0,0.999789238,1.000061853,0.003916813,0,0,1,1,-0.0,1.880191,7.661593,-7.309619e-11,0.001880075,0.00766112,False,0.006462,False
2017-03-15,RS01SLBS-MJ01A-12-VEL3DB101,2,True,2017-03-15T00:00:00Z,2017-03-15T23:59:59Z,86395,86395,0,1.0,0.999794006,1.000061892,-0.000892109,0,0,0,0,-0.0,1.851118,8.184687,-3.161437e-10,0.001851004,0.008184181,False,0.006045,False
2017-03-16,RS01SLBS-MJ01A-12-VEL3DB101,2,True,2017-03-16T00:00:00Z,2017-03-16T23:59:59Z,86395,86395,0,1.0,0.999785185,1.00006187,-0.002844619,0,0,1,1,1e-06,1.748622,7.336846,5.910946e-10,0.001748514,0.007336392,False,0.007865,False
2017-03-17,RS01SLBS-MJ01A-12-VEL3DB101,2,True,2017-03-17T00:00:00Z,2017-03-17T23:59:59Z,86394,86394,0,1.0,0.999774933,1.00006186,-0.001164876,0,0,0,0,-0.0,1.976592,14.239392,-3.803034e-10,0.00197647,0.01423851,False,0.012499,False
2017-03-18,RS01SLBS-MJ01A-12-VEL3DB101,2,True,2017-03-18T00:00:00Z,2017-03-18T23:59:59Z,86335,86395,60,1.0,0.999768734,1.000061832,0.004493913,1,60,1,60,-0.0,2.896713,12.247001,-1.354777e-12,0.002896534,0.01224624,False,0.014019,True
2017-03-19,RS01SLBS-MJ01A-12-VEL3DB101,2,True,2017-03-19T00:00:00Z,2017-03-19T23:59:59Z,86395,86395,0,1.0,0.999789953,1.000061891,-0.00063889,0,0,1,1,0.0,2.853736,7.959568,2.898331e-10,0.00285356,0.007959075,False,0.01107,False
2017-03-20,RS01SLBS-MJ01A-12-VEL3DB101,2,True,2017-03-20T00:00:00Z,2017-03-20T23:59:59Z,86394,86394,0,1.0,0.999742031,1.000061886,-0.000125817,0,0,1,1,1e-06,1.44949,6.731279,6.830455e-10,0.001449401,0.006730863,False,0.007453,False
2017-03-21,RS01SLBS-MJ01A-12-VEL3DB101,2,True,2017-03-21T00:00:00Z,2017-03-21T23:59:59Z,86395,86395,0,1.0,0.999796867,1.000061867,-0.003365817,0,0,0,0,-0.0,1.40384,13.355787,-3.335104e-10,0.001403753,0.01335496,False,0.011123,False
2017-03-22,RS01SLBS-MJ01A-12-VEL3DB101,2,True,2017-03-22T00:00:00Z,2017-03-22T23:59:59Z,86395,86395,0,1.0,0.999794006,1.000061886,0.002298442,0,0,2,2,0.0,1.422432,9.780483,4.101195e-11,0.001422344,0.009779878,False,0.011984,False
2017-03-23,RS01SLBS-MJ01A-12-VEL3DB101,2,True,2017-03-23T00:00:00Z,2017-03-23T23:59:59Z,86394,86394,0,1.0,0.999798298,1.000061889,-0.000276462,0,0,0,0,-0.0,1.797307,11.065795,-3.824185e-10,0.001797196,0.01106511,False,0.010105,False
2017-03-24,RS01SLBS-MJ01A-12-VEL3DB101,2,True,2017-03-24T00:00:00Z,2017-03-24T23:59:59Z,86395,86395,0,1.0,0.999795914,1.000061872,-0.001795549,0,0,1,1,0.0,2.027918,15.549849,2.716479e-11,0.002027793,0.01554889,False,0.016149,False
2017-03-25,RS01SLBS-MJ01A-12-VEL3DB101,2,True,2017-03-25T00:00:00Z,2017-03-25T23:59:59Z,86395,86395,0,1.0,0.999796867,1.000061877,-0.000759663,0,0,2,2,0.0,1.351721,6.521386,2.102113e-10,0.001351637,0.006520983,False,0.005806,False
2017-03-26,RS01SLBS-MJ01A-12-VEL3DB101,2,True,2017-03-26T00:00:00Z,2017-03-26T23:59:59Z,86394,86394,0,1.0,0.999792099,1.000061794,0.002601579,0,0,2,2,0.0,3.308017,14.355632,8.508254e-12,0.003307812,0.01435475,False,0.016792,False
2017-03-27,RS01SLBS-MJ01A-12-VEL3DB101,2,True,2017-03-27T00:00:00Z,2017-03-27T23:59:59Z,86395,86395,0,1.0,0.999788284,1.000061956,0.003215696,0,0,1,1,0.0,3.460509,14.226085,3.540262e-10,0.003460295,0.0142252,False,0.014746,False
2017-03-28,RS01SLBS-MJ01A-12-VEL3DB101,2,True,2017-03-28T00:00:00Z,2017-03-28T23:59:59Z,86395,86395,0,1.0,0.999763966,1.000061893,-0.003747372,0,0,3,3,0.0,2.146601,6.473576,3.44473e-10,0.002146468,0.006473175,False,0.005139,False
2017-03-29,RS01SLBS-MJ01A-12-VEL3DB101,2,True,2017-03-29T00:00:01Z,2017-03-29T23:59:59Z,86373,86394,21,1.0,0.999759674,1.000061884,-0.003689054,1,21,1,21,0.0,1.808054,11.343326,4.272547e-10,0.001807942,0.01134262,False,0.011535,True
2017-03-30,RS01SLBS-MJ01A-12-VEL3DB101,2,True,2017-03-30T00:00:00Z,2017-03-30T23:59:59Z,86395,86395,0,1.0,0.999755859,1.000061934,0.00161728,0,0,2,2,-1e-06,1.527505,8.302763,-6.589582e-10,0.00152741,0.008302249,False,0.006104,False
2017-03-31,RS01SLBS-MJ01A-12-VEL3DB101,2,True,2017-03-31T00:00:00Z,2017-03-31T23:59:59Z,86394,86394,0,1.0,0.999755859,1.000061828,-0.000579587,0,0,0,0,-0.0,1.96894,11.798822,-3.886008e-10,0.001968818,0.01179809,False,0.011548,False
2017-04-01,RS01SLBS-MJ01A-12-VEL3DB101,2,True,2017-04-01T00:00:00Z,2017-04-01T23:59:59Z,86395,86395,0,1.0,0.999783039,1.000061833,-0.000299886,0,0,0,0,-0.0,1.932136,7.804351,-3.051046e-10,0.001932016,0.007803869,False,0.006001,False
2017-04-02,RS01SLBS-MJ01A-12-VEL3DB101,2,True,2017-04-02T00:00:00Z,2017-04-02T23:59:59Z,86395,86395,0,1.0,0.999795914,1.00006186,0.000522627,0,0,1,1,-0.0,1.457628,10.90141,-4.336249e-11,0.001457537,0.01090074,False,0.011537,False
2017-04-03,RS01SLBS-MJ01A-12-VEL3DB101,2,True,2017-04-03T00:00:00Z,2017-04-03T23:59:59Z,86394,86394,0,1.0,0.999777794,1.000061932,0.000659519,0,0,1,1,-0.0,1.252429,5.19575,-1.638244e-10,0.001252352,0.005195429,False,0.004615,False
2017-04-04,RS01SLBS-MJ01A-12-VEL3DB101,2,True,2017-04-04T00:00:00Z,2017-04-04T23:59:59Z,86395,86395,0,1.0,0.999782085,1.000061884,-0.000818758,0,0,3,3,0.0,1.743717,8.188794,1.058348e-10,0.001743609,0.008188287,False,0.007372,False
2017-04-05,RS01SLBS-MJ01A-12-VEL3DB101,2,True,2017-04-05T00:00:00Z,2017-04-05T23:59:59Z,86395,86395,0,1.0,0.999816895,1.000061869,0.001380793,0,0,2,2,0.0,3.678202,13.538505,1.41382e-10,0.003677974,0.01353767,False,0.015801,False
2017-04-06,RS01SLBS-MJ01A-12-VEL3DB101,2,True,2017-04-06T00:00:00Z,2017-04-06T23:59:59Z,86394,86394,0,1.0,0.99980402,1.000061877,-0.000831937,0,0,1,1,-0.0,1.75825,8.129829,-1.571727e-11,0.001758141,0.008129326,False,0.008091,False
2017-04-07,RS01SLBS-MJ01A-12-VEL3DB101,2,True,2017-04-07T00:00:00Z,2017-04-07T23:59:59Z,86395,86395,0,1.0,0.999784946,1.000061874,-0.000867463,0,0,0,0,-0.0,1.415158,5.513343,-3.70893e-10,0.00141507,0.005513002,False,0.004976,False
2017-04-08,RS01SLBS-MJ01A-12-VEL3DB101,2,True,2017-04-08T00:00:00Z,2017-04-08T23:59:59Z,86395,86395,0,1.0,0.999789715,1.000061865,-5.107e-05,0,0,0,0,-0.0,1.460977,7.360986,-3.060831e-10,0.001460886,0.00736053,False,0.006463,False
2017-04-09,RS01SLBS-MJ01A-12-VEL3DB101,2,True,2017-04-09T00:00:00Z,2017-04-09T23:59:59Z,86394,86394,0,1.0,0.999755383,1.000061857,0.002966428,0,0,1,1,1e-06,1.755181,7.037063,6.124091e-10,0.001755073,0.007036628,False,0.004595,False
2017-04-10,RS01SLBS-MJ01A-12-VEL3DB101,2,True,2017-04-10T00:00:00Z,2017-04-10T23:59:59Z,86395,86395,0,1.0,0.999774933,1.000061846,-0.001343426,0,0,2,2,-0.0,1.628904,6.448959,-5.375326e-11,0.001628803,0.00644856,False,0.007463,False
2017-04-11,RS01SLBS-MJ01A-12-VEL3DB101,2,True,2017-04-11T00:00:00Z,2017-04-11T23:59:59Z,86395,86395,0,1.0,0.999790192,1.000061878,0.000267846,0,0,1,1,0.0,2.225429,14.651656,2.994744e-10,0.002225291,0.01465075,False,0.016285,False
2017-04-12,RS01SLBS-MJ01A-12-VEL3DB101,2,True,2017-04-12T00:00:00Z,2017-04-12T23:59:59Z,86394,86394,0,1.0,0.999780178,1.000061888,-0.001508991,0,0,0,0,-0.0,2.505416,11.348757,-4.202477e-10,0.002505261,0.01134806,False,0.012891,False
2017-04-13,RS01SLBS-MJ01A-12-VEL3DB101,2,True,2017-04-13T00:00:00Z,2017-04-13T23:59:59Z,86395,86395,0,1.0,0.999809265,1.000061903,0.000134864,0,0,1,1,0.0,2.427609,7.571238,2.097528e-10,0.002427458,0.007570769,False,0.005175,False
2017-04-14,RS01SLBS-MJ01A-12-VEL3DB101,2,True,2017-04-14T00:00:00Z,2017-04-14T23:59:59Z,86395,86395,0,1.0,0.999803066,1.000061869,0.00277132,0,0,0,0,-0.0,4.02432,8.643849,-3.261207e-10,0.004024071,0.008643314,False,0.005524,False
2017-04-15,RS01SLBS-MJ01A-12-VEL3DB101,2,True,2017-04-15T00:00:00Z,2017-04-15T23:59:59Z,86394,86394,0,1.0,0.999796867,1.000061854,0.002652822,0,0,1,1,1e-06,2.890005,13.026304,5.812073e-10,0.002889826,0.0130255,False,0.011911,False
2017-04-16,RS01SLBS-MJ01A-12-VEL3DB101,2,True,2017-04-16T00:00:00Z,2017-04-16T23:59:59Z,86395,86395,0,1.0,0.999784946,1.00006188,0.001278362,0,0,0,0,-0.0,1.641864,11.991987,-2.701387e-10,0.001641762,0.01199125,False,0.015915,False
2017-04-17,RS01SLBS-MJ01A-12-VEL3DB101,2,True,2017-04-17T00:00:00Z,2017-04-17T23:59:59Z,86395,86395,0,1.0,0.999773026,1.000061871,0.005291221,0,0,1,1,1e-06,2.274645,12.704322,5.062799e-10,0.002274504,0.01270354,False,0.015735,False
2017-04-18,RS01SLBS-MJ01A-12-VEL3DB101,2,True,2017-04-18T00:00:00Z,2017-04-18T23:59:59Z,86394,86394,0,1.0,0.999782085,1.000061829,-0.000615608,0,0,1,1,-0.0,1.573677,6.632271,-3.323272e-10,0.00157358,0.006631861,False,0.00573,False
2017-04-19,RS01SLBS-MJ01A-12-VEL3DB101,2,True,2017-04-19T00:00:00Z,2017-04-19T23:59:59Z,86395,86395,0,1.0,0.99976778,1.000061875,0.000962163,0,0,0,0,-0.0,1.560742,8.265909,-3.466833e-10,0.001560645,0.008265398,False,0.006756,False
2017-04-20,RS01SLBS-MJ01A-12-VEL3DB101,2,True,2017-04-20T00:00:00Z,2017-04-20T23:59:59Z,86395,86395,0,1.0,0.999778748,1.00006184,-0.000991312,0,0,1,1,0.0,1.494075,7.739432,1.862788e-10,0.001493983,0.007738954,False,0.007312,False
2017-04-21,RS01SLBS-MJ01A-12-VEL3DB101,2,True,2017-04-21T00:00:00Z,2017-04-21T23:59:59Z,86394,86394,0,1.0,0.999784946,1.000061903,0.000587933,0,0,0,0,-0.0,1.838277,7.690233,-4.11594e-10,0.001838163,0.007689757,False,0.005701,False
2017-04-22,RS01SLBS-MJ01A-12-VEL3DB101,2,True,2017-04-22T00:00:00Z,2017-04-22T23:59:59Z,86395,86395,0,1.0,0.999775887,1.000061911,0.002443722,0,0,0,0,-0.0,2.958335,9.091001,-3.490093e-10,0.002958151,0.009090439,False,0.007285,False
2017-04-23,RS01SLBS-MJ01A-12-VEL3DB101,2,True,2017-04-23T00:00:00Z,2017-04-23T23:59:59Z,86395,86395,0,1.0,0.999783993,1.000061885,0.00259662,0,0,1,1,1e-06,2.539677,6.658426,5.318894e-10,0.00253952,0.006658014,False,0.004401,False
2017-04-24,RS01SLBS-MJ01A-12-VEL3DB101,2,True,2017-04-24T00:00:00Z,2017-04-24T23:59:59Z,86394,86394,0,1.0,0.999781132,1.000061846,-0.001947685,0,0,1,1,-0.0,1.688113,8.094892,-3.910881e-10,0.001688008,0.008094392,False,0.007757,False
2017-04-25,RS01SLBS-MJ01A-12-VEL3DB101,2,True,2017-04-25T00:00:00Z,2017-04-25T23:59:59Z,86395,86395,0,1.0,0.999786377,1.000061888,-0.000198527,0,0,0,0,-0.0,1.215252,6.447498,-3.032248e-10,0.001215177,0.006447099,False,0.004776,False
2017-04-26,RS01SLBS-MJ01A-12-VEL3DB101,2,True,2017-04-26T00:00:00Z,2017-04-26T23:59:59Z,86394,86394,0,1.0,0.999778748,1.000061868,-0.001232919,0,0,0,0,-0.0,1.8848,6.593969,-4.167102e-10,0.001884683,0.006593561,False,0.006166,False
2017-04-27,RS01SLBS-MJ01A-12-VEL3DB101,2,True,2017-04-27T00:00:00Z,2017-04-27T23:59:59Z,86395,86395,0,1.0,0.999791145,1.000061882,0.004120504,0,0,3,3,-1e-06,2.262291,8.476311,-9.064375e-10,0.002262151,0.008475787,False,0.005311,False
2017-04-28,RS01SLBS-MJ01A-12-VEL3DB101,2,True,2017-04-28T00:00:00Z,2017-04-28T23:59:59Z,86395,86395,0,1.0,0.999795914,1.000061885,0.005685289,0,0,0,0,-0.0,1.591051,7.080575,-3.49723e-10,0.001590953,0.007080137,False,0.006373,False
2017-04-29,RS01SLBS-MJ01A-12-VEL3DB101,2,True,2017-04-29T00:00:00Z,2017-04-29T23:59:59Z,86394,86394,0,1.0,0.999783993,1.000061878,-0.002096321,0,0,0,0,-0.0,3.449825,9.152855,-4.061432e-10,0.003449612,0.009152289,False,0.006377,False
2017-04-30,RS01SLBS-MJ01A-12-VEL3DB101,2,True,2017-04-30T00:00:00Z,2017-04-30T23:59:59Z,86395,86395,0,1.0,0.999811649,1.000061993,-0.00046387,0,0,1,1,0.0,4.245693,10.049124,3.8366e-10,0.00424543,0.0100485,False,0.006025,False
2017-05-01,RS01SLBS-MJ01A-12-VEL3DB101,2,True,2017-05-01T00:00:00Z,2017-05-01T23:59:59Z,86395,86395,0,1.0,0.999797821,1.000061939,-0.003093107,0,0,0,0,-0.0,3.297212,15.210468,-3.295892e-10,0.003297008,0.01520953,False,0.013365,False
2017-05-02,RS01SLBS-MJ01A-12-VEL3DB101,2,True,2017-05-02T00:00:00Z,2017-05-02T23:59:59Z,86394,86394,0,1.0,0.999807835,1.000061857,-0.002506022,0,0,1,1,-0.0,1.774652,6.774514,-2.300375e-10,0.001774542,0.006774095,False,0.006946,False
2017-05-03,RS01SLBS-MJ01A-12-VEL3DB101,2,True,2017-05-03T00:00:00Z,2017-05-03T23:59:59Z,86395,86395,0,1.0,0.99979496,1.000061859,-0.00152655,0,0,1,1,-0.0,2.53151,14.395651,-4.102761e-10,0.002531354,0.01439476,False,0.011868,False
2017-05-04,RS01SLBS-MJ01A-12-VEL3DB101,2,True,2017-05-04T00:00:00Z,2017-05-04T23:59:59Z,86395,86395,0,1.0,0.99981308,1.000061805,0.003588977,0,0,0,0,-0.0,2.936799,15.12942,-3.027538e-10,0.002936618,0.01512849,False,0.014342,False
2017-05-05,RS01SLBS-MJ01A-12-VEL3DB101,2,True,2017-05-05T00:00:00Z,2017-05-05T23:59:59Z,86394,86394,0,1.0,0.999796391,1.000061875,-9.6131e-05,0,0,0,0,-0.0,3.689878,14.625757,-4.187639e-10,0.003689649,0.01462485,False,0.014409,False
2017-05-06,RS01SLBS-MJ01A-12-VEL3DB101,2,True,2017-05-06T00:00:00Z,2017-05-06T23:59:59Z,86395,86395,0,1.0,0.999798775,1.000061885,0.001722041,0,0,1,1,-1e-06,2.754024,15.484931,-6.179945e-10,0.002753853,0.01548397,False,0.014376,False
2017-05-07,RS01SLBS-MJ01A-12-VEL3DB101,2,True,2017-05-07T00:00:00Z,2017-05-07T23:59:59Z,86395,86395,0,1.0,0.999797821,1.000061783,0.004509328,0,0,2,2,-0.0,6.921453,18.897435,-4.148339e-10,0.006921026,0.01889627,False,0.017506,False
2017-05-08,RS01SLBS-MJ01A-12-VEL3DB101,2,True,2017-05-08T00:00:00Z,2017-05-08T23:59:59Z,86394,86394,0,1.0,0.999800205,1.000061848,-0.005492355,0,0,0,0,-0.0,4.957002,19.313798,-3.765238e-10,0.004956696,0.0193126,False,0.016011,False
2017-05-09,RS01SLBS-MJ01A-12-VEL3DB101,2,True,2017-05-09T00:00:00Z,2017-05-09T23:59:59Z,86395,86395,0,1.0,0.999806881,1.000061876,-0.000261996,0,0,0,0,-0.0,4.54148,16.570272,-3.737795e-10,0.004541199,0.01656925,False,0.015984,False
2017-05-10,RS01SLBS-MJ01A-12-VEL3DB101,2,True,2017-05-10T00:00:00Z,2017-05-10T23:59:59Z,86395,86395,0,1.0,0.99981904,1.000061906,-0.009186743,0,0,0,0,-0.0,6.251061,17.069419,-3.205465e-10,0.006250674,0.01706836,False,0.014644,False
2017-05-11,RS01SLBS-MJ01A-12-VEL3DB101,2,True,2017-05-11T00:00:00Z,2017-05-11T23:59:59Z,86394,86394,0,1.0,0.999816895,1.000061842,-0.003203987,0,0,1,1,-0.0,5.465443,12.180548,-3.637219e-11,0.005465105,0.01217979,False,0.014348,False
2017-05-12,RS01SLBS-MJ01A-12-VEL3DB101,2,True,2017-05-12T00:00:00Z,2017-05-12T23:59:59Z,86395,86395,0,1.0,0.999807835,1.000061794,0.000258631,0,0,1,1,1e-06,4.714369,15.536181,7.115134e-10,0.004714078,0.01553522,False,0.015474,False
2017-05-13,RS01SLBS-MJ01A-12-VEL3DB101,2,True,2017-05-13T00:00:00Z,2017-05-13T23:59:59Z,86395,86395,0,1.0,0.99982214,1.000061969,0.006728215,0,0,1,1,-0.0,4.66645,13.410915,-3.83463e-11,0.004666161,0.01341008,False,0.014218,False
2017-05-14,RS01SLBS-MJ01A-12-VEL3DB101,2,True,2017-05-14T00:00:00Z,2017-05-14T23:59:59Z,86394,86394,0,1.0,0.999828815,1.000061839,-0.003961451,0,0,1,1,0.0,5.176767,12.970293,4.37231e-10,0.005176447,0.01296949,False,0.014159,False
2017-05-15,RS01SLBS-MJ01A-12-VEL3DB101,2,True,2017-05-15T00:00:00Z,2017-05-15T23:59:59Z,86395,86395,0,1.0,0.999798775,1.000061919,-0.008855287,0,0,1,1,-0.0,5.670483,11.492581,-3.789114e-10,0.005670132,0.01149187,False,0.014089,False
2017-05-16,RS01SLBS-MJ01A-12-VEL3DB101,2,True,2017-05-16T00:00:00Z,2017-05-16T23:59:59Z,86395,86395,0,1.0,0.999786377,1.000061807,-0.001974933,0,0,0,0,-0.0,4.938901,13.304994,-2.907639e-10,0.004938596,0.01330417,False,0.015867,False
2017-05-17,RS01SLBS-MJ01A-12-VEL3DB101,2,True,2017-05-17T00:00:00Z,2017-05-17T23:59:59Z,86394,86394,0,1.0,0.999796867,1.000061835,0.011482878,0,0,1,1,-0.0,4.487965,14.83859,-1.50813e-10,0.004487688,0.01483767,False,0.016353,False
2017-05-18,RS01SLBS-MJ01A-12-VEL3DB101,2,True,2017-05-18T00:00:00Z,2017-05-18T23:59:59Z,86395,86395,0,1.0,0.999804974,1.000061959,-0.00596394,0,0,1,1,-0.0,5.246952,12.640347,-1.731289e-10,0.005246627,0.01263956,False,0.014911,False
2017-05-19,RS01SLBS-MJ01A-12-VEL3DB101,2,True,2017-05-19T00:00:00Z,2017-05-19T23:59:59Z,86253,86395,142,1.0,0.999803782,1.000061897,-0.00199599,8,142,8,142,-0.0,3.993374,14.931472,-1.10442e-10,0.003993127,0.01493055,False,0.014311,True
2017-05-20,RS01SLBS-MJ01A-12-VEL3DB101,2,True,2017-05-20T00:00:00Z,2017-05-20T23:59:59Z,86117,86394,277,1.0,0.99980402,1.000061997,0.002852182,14,277,14,277,0.0,4.121363,14.846575,1.51991e-10,0.004121107,0.01484565,False,0.014262,True
2017-05-21,RS01SLBS-MJ01A-12-VEL3DB101,2,True,2017-05-21T00:00:00Z,2017-05-21T23:59:59Z,86395,86395,0,1.0,0.999797344,1.000061907,-0.006871188,0,0,0,0,-0.0,4.436685,13.938441,-3.502494e-10,0.004436411,0.01393758,False,0.014669,False
2017-05-22,RS01SLBS-MJ01A-12-VEL3DB101,2,True,2017-05-22T00:00:00Z,2017-05-22T23:59:59Z,86394,86394,0,1.0,0.999782085,1.000061857,0.000975637,0,0,1,1,0.0,1.939391,12.227723,1.760231e-10,0.001939271,0.01222697,False,0.013187,False
2017-05-23,RS01SLBS-MJ01A-12-VEL3DB101,2,True,2017-05-23T00:00:00Z,2017-05-23T23:59:59Z,86395,86395,0,1.0,0.999801159,1.000061817,-0.000855725,0,0,2,2,1e-06,5.010389,15.981575,5.025271e-10,0.005010079,0.01598059,False,0.014217,False
2017-05-24,RS01SLBS-MJ01A-12-VEL3DB101,2,True,2017-05-24T00:00:00Z,2017-05-24T23:59:59Z,86395,86395,0,1.0,0.999814034,1.000061874,-0.004797908,0,0,1,1,0.0,5.23893,13.335589,3.754888e-10,0.005238605,0.01333476,False,0.01436,False
2017-05-25,RS01SLBS-MJ01A-12-VEL3DB101,2,True,2017-05-25T00:00:00Z,2017-05-25T23:59:59Z,86394,86394,0,1.0,0.999803066,1.000061929,0.004765843,0,0,0,0,-0.0,6.260032,14.285442,-4.068617e-10,0.006259644,0.01428456,False,0.014286,False
2017-05-26,RS01SLBS-MJ01A-12-VEL3DB101,2,True,2017-05-26T00:00:00Z,2017-05-26T23:59:59Z,85410,86395,985,1.0,0.999786377,1.000061879,-0.007113356,1,985,1,985,-0.0,4.74616,14.544964,-2.593445e-10,0.004745866,0.01454406,False,0.283954,True
2017-05-27,RS01SLBS-MJ01A-12-VEL3DB101,2,True,2017-05-27T00:00:00Z,2017-05-27T23:59:59Z,86395,86395,0,1.0,0.999827862,1.000061858,-0.000870606,0,0,0,0,-0.0,1.994928,13.804259,-3.07423e-10,0.001994805,0.01380341,False,0.014183,False
2017-05-28,RS01SLBS-MJ01A-12-VEL3DB101,2,True,2017-05-28T00:00:00Z,2017-05-28T23:59:59Z,86394,86394,0,1.0,0.999782085,1.000061762,0.002709351,0,0,1,1,-1e-06,4.227484,15.202346,-5.894168e-10,0.004227223,0.01520141,False,0.017563,False
2017-05-29,RS01SLBS-MJ01A-12-VEL3DB101,2,True,2017-05-29T00:00:00Z,2017-05-29T23:59:59Z,86395,86395,0,1.0,0.999800682,1.000061912,0.007079575,0,0,0,0,-0.0,4.709509,14.80298,-3.417352e-10,0.004709218,0.01480206,False,0.013491,False
2017-05-30,RS01SLBS-MJ01A-12-VEL3DB101,2,True,2017-05-30T00:00:00Z,2017-05-30T23:59:59Z,86395,86395,0,1.0,0.999787331,1.000061862,-0.001578105,0,0,1,1,1e-06,1.756219,10.070007,7.094595e-10,0.00175611,0.01006938,False,0.01188,False
2017-05-31,RS01SLBS-MJ01A-12-VEL3DB101,2,True,2017-05-31T00:00:00Z,2017-05-31T23:59:59Z,86394,86394,0,1.0,0.999786854,1.000061846,-0.001301367,0,0,2,2,1e-06,1.845867,12.51147,5.703863e-10,0.001845753,0.0125107,False,0.011367,False
2017-06-01,RS01SLBS-MJ01A-12-VEL3DB101,2,True,2017-06-01T00:00:00Z,2017-06-01T23:59:59Z,86395,86395,0,1.0,0.999799252,1.000061799,-0.000709781,0,0,0,0,-0.0,1.727087,11.336856,-2.763532e-10,0.00172698,0.01133615,False,0.016271,False
2017-06-02,RS01SLBS-MJ01A-12-VEL3DB101,2,True,2017-06-02T00:00:00Z,2017-06-02T23:59:59Z,86249,86395,146,1.0,0.999774933,1.000061812,5.0147e-05,2,146,2,147,-0.0,1.956038,11.411032,-2.796333e-10,0.001955917,0.01141033,False,0.041517,True
2017-06-03,RS01SLBS-MJ01A-12-VEL3DB101,2,True,2017-06-03T00:00:00Z,2017-06-03T23:59:59Z,86394,86394,0,1.0,0.999799252,1.000061889,0.000684543,0,0,0,0,-0.0,2.46011,8.174848,-4.082608e-10,0.002459958,0.008174343,False,0.006651,False
2017-06-04,RS01SLBS-MJ01A-12-VEL3DB101,2,True,2017-06-04T00:00:00Z,2017-06-04T23:59:59Z,86395,86395,0,1.0,0.999796867,1.000061825,-0.000884951,0,0,1,1,0.0,1.834566,9.274376,3.675782e-10,0.001834452,0.009273803,False,0.011171,False
2017-06-05,RS01SLBS-MJ01A-12-VEL3DB101,2,True,2017-06-05T00:00:00Z,2017-06-05T23:59:59Z,86395,86395,0,1.0,0.999791145,1.0000619,0.000976593,0,0,0,0,-0.0,2.006889,16.755827,-3.420904e-10,0.002006765,0.01675479,False,0.01591,False
2017-06-06,RS01SLBS-MJ01A-12-VEL3DB101,2,True,2017-06-06T00:00:00Z,2017-06-06T23:59:59Z,86394,86394,0,1.0,0.999796867,1.000061881,-0.001605983,0,0,0,0,-0.0,2.002947,12.990652,-4.44142e-10,0.002002823,0.01298985,False,0.011958,False
2017-06-07,RS01SLBS-MJ01A-12-VEL3DB101,2,True,2017-06-07T00:00:00Z,2017-06-07T23:59:59Z,86333,86395,62,1.0,0.999799252,1.000061866,0.001372663,4,62,4,63,1e-06,2.934686,17.73764,6.193417e-10,0.002934505,0.01773654,False,0.017293,True
2017-06-08,RS01SLBS-MJ01A-12-VEL3DB101,2,True,2017-06-08T00:00:00Z,2017-06-08T23:59:59Z,86395,86395,0,1.0,0.999805927,1.000061827,-0.002925683,0,0,0,0,-0.0,2.258657,13.836346,-3.586859e-10,0.002258517,0.01383549,False,0.017465,False
2017-06-09,RS01SLBS-MJ01A-12-VEL3DB101,2,True,2017-06-09T00:00:00Z,2017-06-09T23:59:59Z,86394,86394,0,1.0,0.9997859,1.000061868,-0.001708935,0,0,0,0,-0.0,2.7792,15.929339,-4.241234e-10,0.002779028,0.01592835,False,0.016597,False
2017-06-10,RS01SLBS-MJ01A-12-VEL3DB101,2,True,2017-06-10T00:00:00Z,2017-06-10T23:59:59Z,86395,86395,0,1.0,0.999792099,1.000061828,0.002922104,0,0,1,1,0.0,3.046974,15.530342,2.836517e-10,0.003046786,0.01552938,False,0.013388,False
2017-06-11,RS01SLBS-MJ01A-12-VEL3DB101,2,True,2017-06-11T00:00:00Z,2017-06-11T23:59:59Z,86395,86395,0,1.0,0.99979496,1.00006188,0.000757758,0,0,1,1,0.0,2.992686,15.618567,8.2223e-11,0.002992501,0.0156176,False,0.014212,False
2017-06-12,RS01SLBS-MJ01A-12-VEL3DB101,2,True,2017-06-12T00:00:00Z,2017-06-12T23:59:59Z,86394,86394,0,1.0,0.999796867,1.000061886,0.001879068,0,0,2,2,0.0,2.277655,12.84206,1.371581e-10,0.002277514,0.01284127,False,0.014813,False
2017-06-13,RS01SLBS-MJ01A-12-VEL3DB101,2,True,2017-06-13T00:00:00Z,2017-06-13T23:59:59Z,86395,86395,0,1.0,0.999784946,1.000061876,-0.005625855,0,0,1,1,0.0,2.02712,15.2366,1.037365e-10,0.002026995,0.01523566,False,0.011319,False
2017-06-14,RS01SLBS-MJ01A-12-VEL3DB101,2,True,2017-06-14T00:00:00Z,2017-06-14T23:59:59Z,86395,86395,0,1.0,0.999788761,1.000061852,0.000473586,0,0,2,2,1e-06,2.628637,13.234026,9.43243e-10,0.002628475,0.01323321,False,0.012815,False
2017-06-15,RS01SLBS-MJ01A-12-VEL3DB101,2,True,2017-06-15T00:00:00Z,2017-06-15T23:59:59Z,86394,86394,0,1.0,0.999791145,1.000061848,0.002733766,0,0,0,0,-0.0,3.314771,16.772173,-3.916353e-10,0.003314566,0.01677114,False,0.014367,False
2017-06-16,RS01SLBS-MJ01A-12-VEL3DB101,2,True,2017-06-16T00:00:00Z,2017-06-16T23:59:59Z,86395,86395,0,1.0,0.999808788,1.000061857,0.000420184,0,0,1,1,0.0,3.887543,15.274593,2.695463e-10,0.003887303,0.01527365,False,0.015123,False
2017-06-17,RS01SLBS-MJ01A-12-VEL3DB101,2,True,2017-06-17T00:00:00Z,2017-06-17T23:59:59Z,86395,86395,0,1.0,0.999781132,1.000061843,-0.001468411,0,0,1,1,-0.0,2.96596,14.83164,-2.462995e-10,0.002965776,0.01483072,False,0.013425,False
2017-06-18,RS01SLBS-MJ01A-12-VEL3DB101,2,True,2017-06-18T00:00:00Z,2017-06-18T23:59:59Z,86394,86394,0,1.0,0.999781609,1.000061847,0.002637204,0,0,0,0,-0.0,3.291506,15.840323,-4.325189e-10,0.003291303,0.01583934,False,0.014434,False
2017-06-19,RS01SLBS-MJ01A-12-VEL3DB101,2,True,2017-06-19T00:00:00Z,2017-06-19T23:59:59Z,86395,86395,0,1.0,0.999784946,1.000061864,0.010329913,0,0,0,0,-0.0,2.469382,14.304149,-3.635227e-10,0.00246923,0.01430326,False,0.015827,False
2017-06-20,RS01SLBS-MJ01A-12-VEL3DB101,2,True,2017-06-20T00:00:00Z,2017-06-20T23:59:59Z,86395,86395,0,1.0,0.999789715,1.000061867,0.001968497,0,0,1,1,-0.0,1.47525,6.883795,-4.958067e-10,0.001475159,0.006883369,False,0.006476,False
2017-06-21,RS01SLBS-MJ01A-12-VEL3DB101,2,True,2017-06-21T00:00:00Z,2017-06-21T23:59:59Z,86394,86394,0,1.0,0.999784946,1.00006185,0.000333866,0,0,1,1,0.0,2.505046,9.112134,2.839713e-10,0.002504891,0.009111571,False,0.010419,False
2017-06-22,RS01SLBS-MJ01A-12-VEL3DB101,2,True,2017-06-22T00:00:00Z,2017-06-22T23:59:59Z,86395,86395,0,1.0,0.99979496,1.000061906,0.003157325,0,0,2,2,0.0,2.13058,6.962829,4.774844e-10,0.002130448,0.006962398,False,0.006694,False
2017-06-23,RS01SLBS-MJ01A-12-VEL3DB101,2,True,2017-06-23T00:00:00Z,2017-06-23T23:59:59Z,86394,86394,0,1.0,0.999796867,1.000061859,-0.003327912,0,0,1,1,-0.0,1.96452,9.092418,-2.276079e-10,0.001964399,0.009091856,False,0.006426,False
2017-06-24,RS01SLBS-MJ01A-12-VEL3DB101,2,True,2017-06-24T00:00:00Z,2017-06-24T23:59:59Z,86395,86395,0,1.0,0.999799728,1.000061868,6.691e-06,0,0,0,0,-0.0,1.713974,5.836004,-3.124471e-10,0.001713868,0.005835643,False,0.005086,False
2017-06-25,RS01SLBS-MJ01A-12-VEL3DB101,2,True,2017-06-25T00:00:00Z,2017-06-25T23:59:59Z,86395,86395,0,1.0,0.999804974,1.000061801,0.001334496,0,0,1,1,0.0,2.316709,7.459902,9.812589e-11,0.002316566,0.007459441,False,0.004763,False
2017-06-26,RS01SLBS-MJ01A-12-VEL3DB101,2,True,2017-06-26T00:00:00Z,2017-06-26T23:59:59Z,86394,86394,0,1.0,0.999795914,1.000061865,-0.002785169,0,0,0,0,-0.0,2.842229,14.162274,-3.637163e-10,0.002842053,0.0141614,False,0.011819,False
2017-06-27,RS01SLBS-MJ01A-12-VEL3DB101,2,True,2017-06-27T00:00:00Z,2017-06-27T23:59:59Z,86395,86395,0,1.0,0.999797344,1.000061852,-0.001109962,0,0,0,0,-0.0,2.05489,8.560241,-3.557691e-10,0.002054763,0.008559711,False,0.008041,False
2017-06-28,RS01SLBS-MJ01A-12-VEL3DB101,2,True,2017-06-28T00:00:00Z,2017-06-28T23:59:59Z,86395,86395,0,1.0,0.999792099,1.000061854,0.000530113,0,0,2,2,1e-06,1.678271,10.544975,5.532738e-10,0.001678167,0.01054432,False,0.013316,False
2017-06-29,RS01SLBS-MJ01A-12-VEL3DB101,2,True,2017-06-29T00:00:00Z,2017-06-29T23:59:59Z,86394,86394,0,1.0,0.999793053,1.000061889,0.00076124,0,0,0,0,-0.0,3.696651,15.357073,-4.274584e-10,0.003696423,0.01535612,False,0.012945,False
2017-06-30,RS01SLBS-MJ01A-12-VEL3DB101,2,True,2017-06-30T00:00:00Z,2017-06-30T23:59:59Z,86395,86395,0,1.0,0.999790192,1.000061826,-0.001606168,0,0,1,1,0.0,2.554745,7.750244,1.209797e-10,0.002554587,0.007749765,False,0.005058,False
2017-07-01,RS01SLBS-MJ01A-12-VEL3DB101,2,True,2017-07-01T00:00:00Z,2017-07-01T23:59:59Z,86395,86395,0,1.0,0.999805927,1.000061868,-0.000436089,0,0,0,0,-0.0,2.007928,12.414914,-3.781381e-10,0.002007804,0.01241415,False,0.01155,False
2017-07-02,RS01SLBS-MJ01A-12-VEL3DB101,2,True,2017-07-02T00:00:00Z,2017-07-02T23:59:59Z,86394,86394,0,1.0,0.999796867,1.000061832,-0.001514332,0,0,2,2,1e-06,1.883961,7.718129,8.054643e-10,0.001883845,0.007717652,False,0.007044,False
2017-07-03,RS01SLBS-MJ01A-12-VEL3DB101,2,True,2017-07-03T00:00:00Z,2017-07-03T23:59:59Z,86395,86395,0,1.0,0.999785423,1.0000618,-0.000352236,0,0,0,0,-0.0,2.533287,8.473524,-2.925404e-10,0.00253313,0.008473,False,0.004808,False
2017-07-04,RS01SLBS-MJ01A-12-VEL3DB101,2,True,2017-07-04T00:00:00Z,2017-07-04T23:59:59Z,86395,86395,0,1.0,0.999782562,1.000061841,-0.003968167,0,0,1,1,-0.0,1.786065,7.626236,-3.527486e-10,0.001785955,0.007625764,False,0.008369,False
2017-07-05,RS01SLBS-MJ01A-12-VEL3DB101,2,True,2017-07-05T00:00:00Z,2017-07-05T23:59:59Z,86394,86394,0,1.0,0.999790192,1.000061845,0.00086526,0,0,0,0,-0.0,1.456046,6.451636,-3.664985e-10,0.001455955,0.006451237,False,0.00683,False
2017-07-06,RS01SLBS-MJ01A-12-VEL3DB101,2,True,2017-07-06T00:00:00Z,2017-07-06T23:59:59Z,86395,86395,0,1.0,0.999781132,1.000061864,-0.001107917,0,0,2,2,-0.0,1.505244,6.880232,-4.036555e-10,0.001505151,0.006879807,False,0.006652,False
2017-07-07,RS01SLBS-MJ01A-12-VEL3DB101,2,True,2017-07-07T00:00:00Z,2017-07-07T23:59:59Z,86336,86395,59,1.0,0.999791145,1.000061826,0.001375026,4,59,4,62,0.0,3.834741,484.01997,1.178729e-10,0.003834503,0.48399,True,0.482016,True
2017-07-08,RS01SLBS-MJ01A-12-VEL3DB101,2,True,2017-07-08T00:00:00Z,2017-07-08T23:59:59Z,86394,86394,0,1.0,0.999789238,1.000061862,-0.000133321,0,0,1,1,1e-06,1.581112,5.857078,6.715979e-10,0.001581014,0.005856715,False,0.007083,False
2017-07-09,RS01SLBS-MJ01A-12-VEL3DB101,2,True,2017-07-09T00:00:00Z,2017-07-09T23:59:59Z,86395,86395,0,1.0,0.999781132,1.000061824,0.00033365,0,0,1,1,0.0,2.33514,14.902998,3.509414e-10,0.002334996,0.01490208,False,0.009232,False
2017-07-10,RS01SLBS-MJ01A-12-VEL3DB101,2,True,2017-07-10T00:00:00Z,2017-07-10T23:59:59Z,86395,86395,0,1.0,0.999782085,1.000061849,0.002325351,0,0,0,0,-0.0,3.016693,9.33808,-3.231204e-10,0.003016507,0.009337502,False,0.006137,False
2017-07-11,RS01SLBS-MJ01A-12-VEL3DB101,2,True,2017-07-11T00:00:00Z,2017-07-11T23:59:59Z,86394,86394,0,1.0,0.999783039,1.000061845,0.00112296,0,0,1,1,-0.0,1.579598,7.143754,-5.612222e-11,0.0015795,0.007143312,False,0.006217,False
2017-07-12,RS01SLBS-MJ01A-12-VEL3DB101,2,True,2017-07-12T00:00:00Z,2017-07-12T23:59:59Z,86395,86395,0,1.0,0.999789715,1.000061847,-0.000929552,0,0,1,1,0.0,1.403642,10.531567,1.21929e-10,0.001403555,0.01053092,False,0.009615,False
2017-07-13,RS01SLBS-MJ01A-12-VEL3DB101,2,True,2017-07-13T00:00:00Z,2017-07-13T23:59:59Z,86395,86395,0,1.0,0.99977684,1.000061844,0.00161318,0,0,0,0,-0.0,1.686734,5.837061,-3.107471e-10,0.00168663,0.0058367,False,0.004875,False
2017-07-14,RS01SLBS-MJ01A-12-VEL3DB101,2,True,2017-07-14T00:00:00Z,2017-07-14T23:59:59Z,86394,86394,0,1.0,0.999788761,1.000061881,0.002495663,0,0,1,1,0.0,1.86456,6.454296,1.685603e-11,0.001864444,0.006453897,False,0.006521,False
2017-07-15,RS01SLBS-MJ01A-12-VEL3DB101,2,True,2017-07-15T00:00:00Z,2017-07-15T23:59:59Z,86395,86395,0,1.0,0.99977684,1.000061831,-0.003987422,0,0,1,1,-1e-06,1.725601,6.286938,-5.447847e-10,0.001725494,0.00628655,False,0.006465,False
2017-07-16,RS01SLBS-MJ01A-12-VEL3DB101,2,True,2017-07-16T00:00:00Z,2017-07-16T23:59:59Z,86395,86395,0,1.0,0.9997859,1.000061851,0.000306981,0,0,1,1,0.0,1.947122,8.463955,1.919935e-10,0.001947001,0.008463432,False,0.007409,False
2017-07-17,RS01SLBS-MJ01A-12-VEL3DB101,2,True,2017-07-17T00:00:00Z,2017-07-17T23:59:59Z,86394,86394,0,1.0,0.999773979,1.000061794,0.003729567,0,0,1,1,0.0,3.671773,9.210417,2.00396e-10,0.003671546,0.009209847,False,0.005464,False
2017-07-18,RS01SLBS-MJ01A-12-VEL3DB101,2,True,2017-07-18T00:00:00Z,2017-07-18T23:59:59Z,86202,86395,193,1.0,0.999780178,1.000061867,-0.004800712,5,193,5,200,-0.0,5.288694,515.690709,-3.363471e-10,0.005288366,0.5156588,True,0.499147,True
2017-07-19,RS01SLBS-MJ01A-12-VEL3DB101,2,True,2017-07-19T00:00:00Z,2017-07-19T23:59:59Z,86344,86394,50,1.0,0.999799252,1.000077799,-0.045117981,1,50,1,52,-0.0,267.497181,552.236949,-3.611054e-10,0.2674764,0.552194,True,0.488226,True
2017-07-20,RS01SLBS-MJ01A-12-VEL3DB101,2,True,2017-07-20T00:00:00Z,2017-07-20T23:59:59Z,86394,86394,0,1.0,0.999797344,1.000061862,0.002641023,0,0,0,0,-0.0,2.099267,15.919352,-4.050301e-10,0.002099137,0.01591837,False,0.014089,False
2017-07-21,RS01SLBS-MJ01A-12-VEL3DB101,2,True,2017-07-21T00:00:00Z,2017-07-21T23:59:59Z,86395,86395,0,1.0,0.999795914,1.000061839,0.000622956,0,0,1,1,0.0,2.23413,6.55421,4.008135e-10,0.002233992,0.006553805,False,0.006973,False
2017-07-22,RS01SLBS-MJ01A-12-VEL3DB101,2,True,2017-07-22T00:00:00Z,2017-07-22T23:59:59Z,86395,86395,0,1.0,0.999794006,1.000061853,0.003614649,0,0,0,0,-0.0,2.14219,6.59792,-3.483534e-10,0.002142058,0.006597512,False,0.006717,False
2017-07-23,RS01SLBS-MJ01A-12-VEL3DB101,2,True,2017-07-23T00:00:00Z,2017-07-23T23:59:59Z,86394,86394,0,1.0,0.999811172,1.000061851,0.001943285,0,0,2,2,-0.0,1.693541,6.396353,-2.704523e-10,0.001693436,0.006395958,False,0.006336,False
2017-07-24,RS01SLBS-MJ01A-12-VEL3DB101,2,True,2017-07-24T00:00:00Z,2017-07-24T23:59:59Z,86395,86395,0,1.0,0.999811172,1.000061875,-0.002222703,0,0,0,0,-0.0,1.809238,9.279092,-3.162156e-10,0.001809126,0.009278518,False,0.0096,False
2017-07-25,RS01SLBS-MJ01A-12-VEL3DB101,2,True,2017-07-25T00:00:00Z,2017-07-25T23:59:59Z,86394,86394,0,1.0,0.999805927,1.000061845,-0.001994737,0,0,0,0,-0.0,1.828325,8.877965,-4.32986e-10,0.001828212,0.008877416,False,0.00665,False
2017-07-26,RS01SLBS-MJ01A-12-VEL3DB101,2,True,2017-07-26T00:00:00Z,2017-07-26T23:59:59Z,86395,86395,0,1.0,0.99979496,1.000061839,-4.1193e-05,0,0,1,1,0.0,1.387724,7.954286,3.575167e-10,0.001387638,0.007953794,False,0.007701,False
2017-07-27,RS01SLBS-MJ01A-12-VEL3DB101,2,True,2017-07-27T00:00:00Z,2017-07-27T23:59:59Z,86395,86395,0,1.0,0.999786377,1.000061861,-0.001387188,0,0,0,0,-0.0,1.591092,7.644259,-3.510946e-10,0.001590994,0.007643786,False,0.007657,False
2017-07-28,RS01SLBS-MJ01A-12-VEL3DB101,2,True,2017-07-28T00:00:00Z,2017-07-28T23:59:59Z,86122,86394,272,1.0,0.999786854,1.000061836,-0.000521493,6,272,6,272,-1e-06,1.423742,8.164561,-7.55411e-10,0.001423654,0.008164057,False,0.030462,True
2017-07-29,RS01SLBS-MJ01A-12-VEL3DB101,2,True,2017-07-29T00:00:00Z,2017-07-29T23:59:59Z,86395,86395,0,1.0,0.999790192,1.000061858,0.001220235,0,0,1,1,-0.0,1.769874,10.747607,-2.529339e-10,0.001769765,0.01074694,False,0.012653,False
2017-07-30,RS01SLBS-MJ01A-12-VEL3DB101,2,True,2017-07-30T00:00:00Z,2017-07-30T23:59:59Z,86395,86395,0,1.0,0.999789476,1.000061825,-0.001420728,0,0,0,0,-0.0,1.733362,8.950331,-3.677761e-10,0.001733254,0.008949778,False,0.008763,False
2017-07-31,RS01SLBS-MJ01A-12-VEL3DB101,2,True,2017-07-31T00:00:00Z,2017-07-31T23:59:59Z,86394,86394,0,1.0,0.999783039,1.000061858,0.0005818,0,0,0,0,-0.0,2.131968,6.426645,-3.956103e-10,0.002131836,0.006426248,False,0.007684,False
2017-08-01,RS01SLBS-MJ01A-12-VEL3DB101,2,True,2017-08-01T00:00:00Z,2017-08-01T23:59:59Z,86395,86395,0,1.0,0.999790192,1.000061895,0.002686984,0,0,0,0,-0.0,2.294968,10.55826,-2.363931e-10,0.002294826,0.01055761,False,0.010292,False
2017-08-02,RS01SLBS-MJ01A-12-VEL3DB101,2,True,2017-08-02T00:00:00Z,2017-08-02T23:59:59Z,86395,86395,0,1.0,0.999782085,1.000061846,0.000324345,0,0,0,0,-0.0,1.823902,7.86976,-3.302604e-10,0.001823789,0.007869274,False,0.006967,False
2017-08-03,RS01SLBS-MJ01A-12-VEL3DB101,2,True,2017-08-03T00:00:00Z,2017-08-03T23:59:59Z,86394,86394,0,1.0,0.999789715,1.000061889,0.001608788,0,0,1,1,-0.0,2.204191,9.110007,-1.76161e-10,0.002204055,0.009109443,False,0.007645,False
2017-08-04,RS01SLBS-MJ01A-12-VEL3DB101,2,True,2017-08-04T00:00:00Z,2017-08-04T23:59:59Z,86395,86395,0,1.0,0.999783993,1.000061834,-0.002094142,0,0,0,0,-0.0,1.836207,8.798926,-2.951878e-10,0.001836093,0.008798382,False,0.007111,False
2017-08-05,RS01SLBS-MJ01A-12-VEL3DB101,2,True,2017-08-05T00:00:00Z,2017-08-05T23:59:59Z,86395,86395,0,1.0,0.999797821,1.000061939,-0.005008755,0,0,0,0,-0.0,2.536966,8.795653,-3.271095e-10,0.002536809,0.008795109,False,0.011562,False
2017-08-06,RS01SLBS-MJ01A-12-VEL3DB101,2,True,2017-08-06T00:00:00Z,2017-08-06T23:59:59Z,86394,86394,0,1.0,0.999799252,1.000061881,-0.008723921,0,0,1,1,0.0,2.659102,10.245775,2.865586e-10,0.002658938,0.01024514,False,0.005698,False
2017-08-07,RS01SLBS-MJ01A-12-VEL3DB101,2,True,2017-08-07T00:00:00Z,2017-08-07T23:59:59Z,86395,86395,0,1.0,0.999799252,1.000061861,0.003163227,0,0,0,0,-0.0,1.774543,6.201359,-3.258953e-10,0.001774434,0.006200975,False,0.004687,False
2017-08-08,RS01SLBS-MJ01A-12-VEL3DB101,2,True,2017-08-08T00:00:00Z,2017-08-08T23:59:59Z,86395,86395,0,1.0,0.999800205,1.000061876,-0.001450913,0,0,1,1,-0.0,2.297896,7.610132,-1.533048e-11,0.002297754,0.007609661,False,0.006768,False
2017-08-09,RS01SLBS-MJ01A-12-VEL3DB101,2,True,2017-08-09T00:00:00Z,2017-08-09T23:59:59Z,86276,86394,118,1.0,0.999797821,1.000061867,0.001782441,1,118,1,118,0.0,1.383967,5.7851,2.350451e-10,0.001383882,0.005784742,False,0.031894,True
2017-08-10,RS01SLBS-MJ01A-12-VEL3DB101,2,True,2017-08-10T00:00:00Z,2017-08-10T23:59:59Z,86395,86395,0,1.0,0.999794006,1.000061825,0.000807594,0,0,0,0,-0.0,1.945253,8.760686,-3.042105e-10,0.001945132,0.008760144,False,0.009071,False
2017-08-11,RS01SLBS-MJ01A-12-VEL3DB101,2,True,2017-08-11T00:00:00Z,2017-08-11T23:59:59Z,86395,86395,0,1.0,0.999795914,1.000061863,-0.001604735,0,0,1,1,0.0,1.629835,9.95694,1.204081e-10,0.001629734,0.009956324,False,0.01041,False
2017-08-12,RS01SLBS-MJ01A-12-VEL3DB101,2,True,2017-08-12T00:00:00Z,2017-08-12T23:59:59Z,86394,86394,0,1.0,0.99979496,1.00006187,-0.001185656,0,0,1,1,0.0,1.929204,6.618291,4.560555e-10,0.001929085,0.006617882,False,0.004926,False
2017-08-13,RS01SLBS-MJ01A-12-VEL3DB101,2,True,2017-08-13T00:00:00Z,2017-08-13T23:59:59Z,86395,86395,0,1.0,0.999812841,1.000061835,-0.001860508,0,0,0,0,-0.0,1.881038,10.624723,-3.708567e-10,0.001880921,0.01062407,False,0.009977,False
2017-08-14,RS01SLBS-MJ01A-12-VEL3DB101,2,True,2017-08-14T00:00:00Z,2017-08-14T23:59:59Z,86372,86395,23,1.0,0.999803066,1.000061822,-0.000669607,1,23,1,23,-0.0,1.662165,9.873068,-3.438581e-12,0.001662062,0.009872458,False,0.012674,True
2017-08-15,RS01SLBS-MJ01A-12-VEL3DB101,2,True,2017-08-15T00:00:00Z,2017-08-15T23:59:59Z,86394,86394,0,1.0,0.999805927,1.00006186,0.000415405,0,0,1,1,2e-06,2.054349,11.550474,1.722423e-09,0.002054222,0.01154976,False,0.011219,False
2017-08-16,RS01SLBS-MJ01A-12-VEL3DB101,2,True,2017-08-16T00:00:00Z,2017-08-16T23:59:59Z,86395,86395,0,1.0,0.999805927,1.000061823,-0.000152148,0,0,2,2,1e-06,1.588083,8.929438,8.943279e-10,0.001587985,0.008928886,False,0.006827,False
2017-08-17,RS01SLBS-MJ01A-12-VEL3DB101,2,True,2017-08-17T00:00:00Z,2017-08-17T23:59:59Z,86395,86395,0,1.0,0.999810219,1.000061849,-0.000875872,0,0,0,0,-0.0,1.34028,5.038818,-3.302351e-10,0.001340197,0.005038506,False,0.004792,False
2017-08-18,RS01SLBS-MJ01A-12-VEL3DB101,2,True,2017-08-18T00:00:00Z,2017-08-18T23:59:59Z,86394,86394,0,1.0,0.999805927,1.000061844,0.002159133,0,0,1,1,-0.0,1.704843,8.189421,-4.675869e-10,0.001704738,0.008188914,False,0.007238,False
2017-08-19,RS01SLBS-MJ01A-12-VEL3DB101,2,True,2017-08-19T00:00:00Z,2017-08-19T23:59:59Z,86395,86395,0,1.0,0.999809742,1.000061837,0.000264323,0,0,0,0,-0.0,1.803083,7.733862,-3.423435e-10,0.001802972,0.007733384,False,0.006415,False
2017-08-20,RS01SLBS-MJ01A-12-VEL3DB101,2,True,2017-08-20T00:00:00Z,2017-08-20T23:59:59Z,86395,86395,0,1.0,0.999814987,1.000061827,-0.00041182,0,0,0,0,-0.0,1.451288,6.431066,-3.411595e-10,0.001451199,0.006430668,False,0.007537,False
2017-08-21,RS01SLBS-MJ01A-12-VEL3DB101,2,True,2017-08-21T00:00:00Z,2017-08-21T23:59:59Z,86394,86394,0,1.0,0.999809742,1.000061863,0.000909526,0,0,2,2,-0.0,1.631703,5.813127,-3.735363e-10,0.001631602,0.005812767,False,0.004604,False
2017-08-22,RS01SLBS-MJ01A-12-VEL3DB101,2,True,2017-08-22T00:00:00Z,2017-08-22T23:59:59Z,86395,86395,0,1.0,0.999815941,1.000061841,-0.001437209,0,0,1,1,0.0,1.334777,5.364175,3.748848e-10,0.001334694,0.005363843,False,0.005148,False
2017-08-23,RS01SLBS-MJ01A-12-VEL3DB101,2,True,2017-08-23T00:00:00Z,2017-08-23T23:59:59Z,86395,86395,0,1.0,0.999805927,1.000061857,0.001615767,0,0,0,0,-0.0,1.496931,7.09219,-3.242878e-10,0.001496838,0.007091751,False,0.00633,False
2017-08-24,RS01SLBS-MJ01A-12-VEL3DB101,2,True,2017-08-24T00:00:00Z,2017-08-24T23:59:59Z,86394,86394,0,1.0,0.999798775,1.00006183,-0.000897098,0,0,2,2,0.0,1.966731,8.72085,1.975849e-10,0.00196661,0.008720311,False,0.005809,False
2017-08-25,RS01SLBS-MJ01A-12-VEL3DB101,2,True,2017-08-25T00:00:00Z,2017-08-25T23:59:59Z,85677,86395,718,1.0,0.999803066,1.000061839,-0.001790176,2,718,2,719,1e-06,2.605987,7.759077,5.193905e-10,0.002605825,0.007758597,False,0.188494,True
2017-08-26,RS01SLBS-MJ01A-12-VEL3DB101,2,True,2017-08-26T00:00:00Z,2017-08-26T23:59:59Z,86395,86395,0,1.0,0.999797821,1.000061851,8.4236e-05,0,0,0,0,-0.0,2.3265,9.221314,-3.0735e-10,0.002326356,0.009220743,False,0.00815,False
2017-08-27,RS01SLBS-MJ01A-12-VEL3DB101,2,True,2017-08-27T00:00:00Z,2017-08-27T23:59:59Z,86394,86394,0,1.0,0.99979496,1.000061864,-0.003497852,0,0,0,0,-0.0,2.148699,8.584216,-4.339246e-10,0.002148566,0.008583685,False,0.007253,False
2017-08-28,RS01SLBS-MJ01A-12-VEL3DB101,2,True,2017-08-28T00:00:00Z,2017-08-28T23:59:59Z,86395,86395,0,1.0,0.999783039,1.000061842,-0.001812439,0,0,1,1,-1e-06,1.985366,9.061407,-8.193555e-10,0.001985244,0.009060847,False,0.007145,False
2017-08-29,RS01SLBS-MJ01A-12-VEL3DB101,2,True,2017-08-29T00:00:00Z,2017-08-29T23:59:59Z,86394,86394,0,1.0,0.999791145,1.000061849,0.000434293,0,0,3,3,0.0,1.477684,7.659311,4.440117e-11,0.001477593,0.007658837,False,0.00916,False
2017-08-30,RS01SLBS-MJ01A-12-VEL3DB101,2,True,2017-08-30T00:00:00Z,2017-08-30T23:59:59Z,86395,86395,0,1.0,0.999800205,1.000061841,0.001607812,0,0,1,1,-0.0,1.92159,9.81449,-5.888894e-11,0.001921471,0.009813884,False,0.007415,False
2017-08-31,RS01SLBS-MJ01A-12-VEL3DB101,2,True,2017-08-31T00:00:00Z,2017-08-31T23:59:59Z,86395,86395,0,1.0,0.999793053,1.000061787,0.001103672,0,0,0,0,-0.0,3.617617,10.56186,-3.575139e-10,0.003617394,0.01056121,False,0.01078,False
2017-09-01,RS01SLBS-MJ01A-12-VEL3DB101,2,True,2017-09-01T00:00:00Z,2017-09-01T23:59:59Z,86394,86394,0,1.0,0.999811172,1.000061842,0.006728244,0,0,0,0,-0.0,2.405028,10.400709,-4.022956e-10,0.00240488,0.01040007,False,0.006502,False
2017-09-02,RS01SLBS-MJ01A-12-VEL3DB101,2,True,2017-09-02T00:00:00Z,2017-09-02T23:59:59Z,86395,86395,0,1.0,0.999798775,1.000061867,-0.000715971,0,0,1,1,0.0,1.455414,9.37934,3.508309e-10,0.001455324,0.009378759,False,0.011819,False
2017-09-03,RS01SLBS-MJ01A-12-VEL3DB101,2,True,2017-09-03T00:00:00Z,2017-09-03T23:59:59Z,86395,86395,0,1.0,0.99979496,1.000061839,0.002600002,0,0,0,0,-0.0,1.551337,8.956644,-3.626847e-10,0.001551241,0.00895609,False,0.010731,False
2017-09-04,RS01SLBS-MJ01A-12-VEL3DB101,2,True,2017-09-04T00:00:00Z,2017-09-04T23:59:59Z,86394,86394,0,1.0,0.999802113,1.000061858,0.001631058,0,0,0,0,-0.0,2.043598,8.707742,-4.048636e-10,0.002043472,0.008707203,False,0.005289,False
2017-09-05,RS01SLBS-MJ01A-12-VEL3DB101,2,True,2017-09-05T00:00:00Z,2017-09-05T23:59:59Z,86395,86395,0,1.0,0.999803066,1.000061827,0.000783253,0,0,0,0,-0.0,1.489136,7.883172,-3.140342e-10,0.001489044,0.007882685,False,0.006017,False
2017-09-06,RS01SLBS-MJ01A-12-VEL3DB101,2,True,2017-09-06T00:00:00Z,2017-09-06T23:59:59Z,86395,86395,0,1.0,0.999799252,1.000061834,0.001112458,0,0,1,1,-0.0,1.646078,5.591206,-1.393727e-10,0.001645976,0.005590861,False,0.005681,False
2017-09-07,RS01SLBS-MJ01A-12-VEL3DB101,2,True,2017-09-07T00:00:00Z,2017-09-07T23:59:59Z,86394,86394,0,1.0,0.999804974,1.000061797,0.001945067,0,0,1,1,-0.0,2.275504,9.589747,-4.546139e-10,0.002275363,0.009589155,False,0.011838,False
2017-09-08,RS01SLBS-MJ01A-12-VEL3DB101,2,True,2017-09-08T00:00:00Z,2017-09-08T23:59:59Z,86395,86395,0,1.0,0.999818325,1.000061845,0.000306482,0,0,0,0,-0.0,2.444968,8.183725,-3.025596e-10,0.002444817,0.008183219,False,0.006793,False
2017-09-09,RS01SLBS-MJ01A-12-VEL3DB101,2,True,2017-09-09T00:00:00Z,2017-09-09T23:59:59Z,86395,86395,0,1.0,0.999796867,1.000061843,0.001363383,0,0,0,0,-0.0,1.70956,6.447253,-3.144588e-10,0.001709455,0.006446854,False,0.005018,False
2017-09-10,RS01SLBS-MJ01A-12-VEL3DB101,2,True,2017-09-10T00:00:00Z,2017-09-10T23:59:59Z,86394,86394,0,1.0,0.999799252,1.000061856,-0.000978702,0,0,1,1,0.0,1.48799,7.888743,2.757363e-10,0.001487898,0.007888255,False,0.006195,False
2017-09-11,RS01SLBS-MJ01A-12-VEL3DB101,2,True,2017-09-11T00:00:00Z,2017-09-11T23:59:59Z,86395,86395,0,1.0,0.999794006,1.000061845,-0.000573379,0,0,0,0,-0.0,2.554791,8.867352,-3.17715e-10,0.002554633,0.008866804,False,0.005789,False
2017-09-12,RS01SLBS-MJ01A-12-VEL3DB101,2,True,2017-09-12T00:00:00Z,2017-09-12T23:59:59Z,86395,86395,0,1.0,0.999802828,1.000061824,0.000842951,0,0,1,1,0.0,1.858865,8.144838,7.214902e-11,0.00185875,0.008144335,False,0.00793,False
2017-09-13,RS01SLBS-MJ01A-12-VEL3DB101,2,True,2017-09-13T00:00:00Z,2017-09-13T23:59:59Z,85895,86394,499,1.0,0.999792099,1.000061805,0.002082772,29,499,29,499,-0.0,1.821895,7.947889,-9.728126e-11,0.001821783,0.007947397,False,0.007893,True
2017-09-14,RS01SLBS-MJ01A-12-VEL3DB101,2,True,2017-09-14T00:00:00Z,2017-09-14T23:59:59Z,86345,86395,50,1.0,0.999790192,1.00006185,-0.00307299,4,50,4,51,-0.0,1.780915,7.862477,-2.606078e-10,0.001780805,0.007861991,False,0.011415,True
2017-09-15,RS01SLBS-MJ01A-12-VEL3DB101,2,True,2017-09-15T00:00:00Z,2017-09-15T23:59:59Z,86395,86395,0,1.0,0.999792099,1.000061863,-0.00022303,0,0,0,0,-0.0,1.422162,5.33237,-3.550245e-10,0.001422074,0.00533204,False,0.006469,False
2017-09-16,RS01SLBS-MJ01A-12-VEL3DB101,2,True,2017-09-16T00:00:00Z,2017-09-16T23:59:59Z,86394,86394,0,1.0,0.999789715,1.000061834,-0.000333045,0,0,0,0,-0.0,1.65815,7.690083,-4.203109e-10,0.001658047,0.007689607,False,0.008182,False
2017-09-17,RS01SLBS-MJ01A-12-VEL3DB101,2,True,2017-09-17T00:00:00Z,2017-09-17T23:59:59Z,86395,86395,0,1.0,0.999793053,1.000061902,-0.002175651,0,0,0,0,-0.0,2.949122,11.227477,-2.932525e-10,0.00294894,0.01122678,False,0.00552,False
2017-09-18,RS01SLBS-MJ01A-12-VEL3DB101,2,True,2017-09-18T00:00:00Z,2017-09-18T23:59:59Z,86395,86395,0,1.0,0.999795914,1.000061808,-0.008827735,0,0,1,1,0.0,3.649103,11.665997,1.288273e-10,0.003648877,0.01166528,False,0.011352,False
2017-09-19,RS01SLBS-MJ01A-12-VEL3DB101,2,True,2017-09-19T00:00:00Z,2017-09-19T23:59:59Z,86394,86394,0,1.0,0.999814987,1.000061839,0.001467141,0,0,0,0,-0.0,1.660688,9.307324,-4.060983e-10,0.001660585,0.009306748,False,0.011461,False
2017-09-20,RS01SLBS-MJ01A-12-VEL3DB101,2,True,2017-09-20T00:00:00Z,2017-09-20T23:59:59Z,86395,86395,0,1.0,0.999806881,1.00006184,-0.001052497,0,0,1,1,0.0,2.327811,8.65846,2.386843e-10,0.002327668,0.008657925,False,0.007742,False
2017-09-21,RS01SLBS-MJ01A-12-VEL3DB101,2,True,2017-09-21T00:00:00Z,2017-09-21T23:59:59Z,86395,86395,0,1.0,0.999784946,1.000061852,-0.001788443,0,0,2,2,-0.0,1.883113,7.580228,-3.907668e-10,0.001882997,0.007579759,False,0.006756,False
2017-09-22,RS01SLBS-MJ01A-12-VEL3DB101,2,True,2017-09-22T00:00:00Z,2017-09-22T23:59:59Z,86394,86394,0,1.0,0.999784946,1.000061876,0.000192063,0,0,1,1,-0.0,1.728732,11.120118,-3.759025e-10,0.001728625,0.01111943,False,0.010929,False
2017-09-23,RS01SLBS-MJ01A-12-VEL3DB101,2,True,2017-09-23T00:00:00Z,2017-09-23T23:59:59Z,86395,86395,0,1.0,0.999790192,1.000061843,-0.000246321,0,0,3,3,-0.0,2.500202,7.95143,-5.492269e-11,0.002500047,0.007950938,False,0.008327,False
2017-09-24,RS01SLBS-MJ01A-12-VEL3DB101,2,True,2017-09-24T00:00:00Z,2017-09-24T23:59:59Z,86395,86395,0,1.0,0.999784946,1.000061834,0.00391848,0,0,2,2,1e-06,2.003969,7.916861,6.394848e-10,0.002003845,0.007916371,False,0.007834,False
2017-09-25,RS01SLBS-MJ01A-12-VEL3DB101,2,True,2017-09-25T00:00:00Z,2017-09-25T23:59:59Z,86394,86394,0,1.0,0.999781132,1.000061813,-0.000185708,0,0,0,0,-0.0,2.879693,7.970312,-4.792547e-10,0.002879515,0.007969819,False,0.008968,False
2017-09-26,RS01SLBS-MJ01A-12-VEL3DB101,2,True,2017-09-26T00:00:00Z,2017-09-26T23:59:59Z,86395,86395,0,1.0,0.999771118,1.000061785,-0.001074395,0,0,0,0,-0.0,2.114423,10.154709,-3.41793e-10,0.002114292,0.01015408,False,0.007547,False
2017-09-27,RS01SLBS-MJ01A-12-VEL3DB101,2,True,2017-09-27T00:00:00Z,2017-09-27T23:59:59Z,86395,86395,0,1.0,0.999777317,1.00006185,-0.002687072,0,0,0,0,-0.0,1.943549,9.115993,-3.327876e-10,0.001943429,0.009115429,False,0.009273,False
2017-09-28,RS01SLBS-MJ01A-12-VEL3DB101,2,True,2017-09-28T00:00:00Z,2017-09-28T23:59:59Z,86394,86394,0,1.0,0.999762058,1.000061801,-0.002078779,0,0,0,0,-0.0,2.252821,7.828474,-4.419455e-10,0.002252682,0.00782799,False,0.007317,False
2017-09-29,RS01SLBS-MJ01A-12-VEL3DB101,2,True,2017-09-29T00:00:00Z,2017-09-29T23:59:59Z,86395,86395,0,1.0,0.999773026,1.000061784,0.004011239,0,0,1,1,0.0,1.972282,9.476153,4.282914e-11,0.00197216,0.009475568,False,0.007169,False
2017-09-30,RS01SLBS-MJ01A-12-VEL3DB101,2,True,2017-09-30T00:00:00Z,2017-09-30T23:59:59Z,86395,86395,0,1.0,0.999782085,1.000061795,0.000544458,0,0,0,0,-0.0,1.560136,5.623114,-3.294021e-10,0.001560039,0.005622766,False,0.004966,False
2017-10-01,RS01SLBS-MJ01A-12-VEL3DB101,2,True,2017-10-01T00:00:00Z,2017-10-01T23:59:59Z,86394,86394,0,1.0,0.999784946,1.000061725,0.002823354,0,0,0,0,-0.0,3.244962,11.720644,-3.872356e-10,0.003244762,0.01171992,False,0.007492,False
2017-10-02,RS01SLBS-MJ01A-12-VEL3DB101,2,True,2017-10-02T00:00:00Z,2017-10-02T23:59:59Z,86395,86395,0,1.0,0.999800205,1.000061769,0.001500407,0,0,1,1,-0.0,2.555494,11.261459,-1.185891e-10,0.002555336,0.01126076,False,0.008721,False
2017-10-03,RS01SLBS-MJ01A-12-VEL3DB101,2,True,2017-10-03T00:00:00Z,2017-10-03T23:59:59Z,86395,86395,0,1.0,0.999800205,1.000061832,0.001571761,0,0,1,1,0.0,1.727925,8.958322,4.78281e-11,0.001727819,0.008957768,False,0.006866,False
2017-10-04,RS01SLBS-MJ01A-12-VEL3DB101,2,True,2017-10-04T00:00:00Z,2017-10-04T23:59:59Z,86394,86394,0,1.0,0.999815941,1.000061838,0.005200114,0,0,1,1,0.0,1.523008,12.587784,2.799586e-10,0.001522914,0.01258701,False,0.012893,False
2017-10-05,RS01SLBS-MJ01A-12-VEL3DB101,2,True,2017-10-05T00:00:00Z,2017-10-05T23:59:59Z,86395,86395,0,1.0,0.999811172,1.000061847,0.001150419,0,0,2,2,0.0,1.67368,9.796924,1.44285e-10,0.001673576,0.009796318,False,0.012059,False
2017-10-06,RS01SLBS-MJ01A-12-VEL3DB101,2,True,2017-10-06T00:00:00Z,2017-10-06T23:59:59Z,86394,86394,0,1.0,0.999806881,1.000061836,-0.000797808,0,0,1,1,1e-06,1.666,9.496398,5.793036e-10,0.001665897,0.009495811,False,0.008466,False
2017-10-07,RS01SLBS-MJ01A-12-VEL3DB101,2,True,2017-10-07T00:00:00Z,2017-10-07T23:59:59Z,86395,86395,0,1.0,0.999814987,1.000061802,0.003012818,0,0,0,0,-0.0,1.781626,9.894292,-3.248228e-10,0.001781515,0.009893681,False,0.007583,False
2017-10-08,RS01SLBS-MJ01A-12-VEL3DB101,2,True,2017-10-08T00:00:00Z,2017-10-08T23:59:59Z,86395,86395,0,1.0,0.99981308,1.000061803,0.00288375,0,0,1,1,1e-06,1.776781,351.407255,6.824711e-10,0.001776671,0.3513855,False,0.352656,False
2017-10-09,RS01SLBS-MJ01A-12-VEL3DB101,2,True,2017-10-09T00:00:00Z,2017-10-09T23:59:59Z,86394,86394,0,1.0,0.999812126,1.000061836,0.000423056,0,0,1,1,-1e-06,2.271682,9.514247,-5.150455e-10,0.002271541,0.009513658,False,0.016276,False
2017-10-10,RS01SLBS-MJ01A-12-VEL3DB101,2,True,2017-10-10T00:00:00Z,2017-10-10T23:59:59Z,86395,86395,0,1.0,0.999821186,1.000061838,0.002094009,0,0,0,0,-0.0,1.632133,6.872386,-3.475701e-10,0.001632032,0.006871961,False,0.005988,False
2017-10-11,RS01SLBS-MJ01A-12-VEL3DB101,2,True,2017-10-11T00:00:00Z,2017-10-11T23:59:59Z,86395,86395,0,1.0,0.999808311,1.000061848,-0.00111639,0,0,0,0,-0.0,1.672511,8.260586,-3.494421e-10,0.001672407,0.008260075,False,0.009624,False
2017-10-12,RS01SLBS-MJ01A-12-VEL3DB101,2,True,2017-10-12T00:00:00Z,2017-10-12T23:59:59Z,86394,86394,0,1.0,0.999781132,1.000061821,1.1173e-05,0,0,0,0,-0.0,1.554075,10.453026,-4.209679e-10,0.001553979,0.01045238,False,0.010368,False
2017-10-13,RS01SLBS-MJ01A-12-VEL3DB101,2,True,2017-10-13T00:00:00Z,2017-10-13T23:59:59Z,86395,86395,0,1.0,0.999801159,1.000061803,3.904e-06,0,0,0,0,-0.0,1.956981,8.5223,-3.424459e-10,0.00195686,0.008521773,False,0.00715,False
2017-10-14,RS01SLBS-MJ01A-12-VEL3DB101,2,True,2017-10-14T00:00:00Z,2017-10-14T23:59:59Z,86395,86395,0,1.0,0.999801159,1.00006181,0.003881434,0,0,0,0,-0.0,1.592931,11.54138,-3.616963e-10,0.001592832,0.01154067,False,0.012965,False
2017-10-15,RS01SLBS-MJ01A-12-VEL3DB101,2,True,2017-10-15T00:00:00Z,2017-10-15T23:59:59Z,86394,86394,0,1.0,0.999795914,1.000061843,0.004880697,0,0,1,1,-0.0,1.775134,9.636149,-3.159535e-11,0.001775024,0.009635553,False,0.011579,False
2017-10-16,RS01SLBS-MJ01A-12-VEL3DB101,2,True,2017-10-16T00:00:00Z,2017-10-16T23:59:59Z,86395,86395,0,1.0,0.999808311,1.000061836,-0.002057184,0,0,0,0,-0.0,2.156652,7.460595,-3.410257e-10,0.002156518,0.007460134,False,0.00525,False
2017-10-17,RS01SLBS-MJ01A-12-VEL3DB101,2,True,2017-10-17T00:00:00Z,2017-10-17T23:59:59Z,86395,86395,0,1.0,0.999812126,1.000061876,-0.001056778,0,0,0,0,-0.0,1.876852,10.765678,-3.756346e-10,0.001876736,0.01076501,False,0.011791,False
2017-10-18,RS01SLBS-MJ01A-12-VEL3DB101,2,True,2017-10-18T00:00:00Z,2017-10-18T23:59:59Z,86394,86394,0,1.0,0.999811649,1.000061852,0.000985751,0,0,0,0,-0.0,1.264097,5.752801,-3.921107e-10,0.001264019,0.005752445,False,0.00591,False
2017-10-19,RS01SLBS-MJ01A-12-VEL3DB101,2,True,2017-10-19T00:00:00Z,2017-10-19T23:59:59Z,86395,86395,0,1.0,0.999815941,1.000061792,0.000613372,0,0,0,0,-0.0,1.861758,8.190405,-3.839601e-10,0.001861643,0.008189898,False,0.006678,False
2017-10-20,RS01SLBS-MJ01A-12-VEL3DB101,2,True,2017-10-20T00:00:00Z,2017-10-20T23:59:59Z,86365,86395,30,1.0,0.999800682,1.000061827,0.00333098,3,30,3,31,-0.0,1.628484,7.935127,-2.041316e-10,0.001628384,0.007934637,False,0.00702,True
2017-10-21,RS01SLBS-MJ01A-12-VEL3DB101,2,True,2017-10-21T00:00:00Z,2017-10-21T23:59:59Z,86394,86394,0,1.0,0.999804974,1.000061819,-0.000583041,0,0,2,2,0.0,1.535249,6.965002,3.54169e-10,0.001535154,0.006964571,False,0.007816,False
2017-10-22,RS01SLBS-MJ01A-12-VEL3DB101,2,True,2017-10-22T00:00:00Z,2017-10-22T23:59:59Z,86395,86395,0,1.0,0.999804974,1.000061844,0.001229677,0,0,0,0,-0.0,1.553605,11.641857,-3.356699e-10,0.001553509,0.01164114,False,0.013035,False
2017-10-23,RS01SLBS-MJ01A-12-VEL3DB101,2,True,2017-10-23T00:00:00Z,2017-10-23T23:59:59Z,86395,86395,0,1.0,0.999814034,1.00006177,0.000516808,0,0,0,0,-0.0,2.002927,9.0419,-3.805925e-10,0.002002803,0.009041341,False,0.007353,False
2017-10-24,RS01SLBS-MJ01A-12-VEL3DB101,2,True,2017-10-24T00:00:00Z,2017-10-24T23:59:59Z,86394,86394,0,1.0,0.999804974,1.000061815,0.007354088,0,0,0,0,-0.0,1.969213,8.963499,-3.83045e-10,0.001969091,0.008962945,False,0.007715,False
2017-10-25,RS01SLBS-MJ01A-12-VEL3DB101,2,True,2017-10-25T00:00:00Z,2017-10-25T23:59:59Z,86395,86395,0,1.0,0.999810219,1.000061796,0.003693126,0,0,1,1,1e-06,3.275795,9.009985,8.288507e-10,0.003275592,0.009009428,False,0.008871,False
2017-10-26,RS01SLBS-MJ01A-12-VEL3DB101,2,True,2017-10-26T00:00:00Z,2017-10-26T23:59:59Z,86395,86395,0,1.0,0.999807835,1.000061819,-0.004103607,0,0,1,1,0.0,1.982244,7.134591,2.029225e-10,0.001982122,0.007134149,False,0.00608,False
2017-10-27,RS01SLBS-MJ01A-12-VEL3DB101,2,True,2017-10-27T00:00:00Z,2017-10-27T23:59:59Z,86394,86394,0,1.0,0.999788284,1.000061883,-0.002614201,0,0,0,0,-0.0,2.020809,8.733238,-3.850777e-10,0.002020684,0.008732698,False,0.011909,False
2017-10-28,RS01SLBS-MJ01A-12-VEL3DB101,2,True,2017-10-28T00:00:00Z,2017-10-28T23:59:59Z,86395,86395,0,1.0,0.999800205,1.000061829,-0.000927948,0,0,0,0,-0.0,1.24914,5.628642,-2.843663e-10,0.001249063,0.005628294,False,0.004897,False
2017-10-29,RS01SLBS-MJ01A-12-VEL3DB101,2,True,2017-10-29T00:00:00Z,2017-10-29T23:59:59Z,86395,86395,0,1.0,0.999784946,1.000061802,0.001078735,0,0,1,1,-0.0,1.380747,10.491834,-2.709959e-10,0.001380662,0.01049119,False,0.01303,False
2017-10-30,RS01SLBS-MJ01A-12-VEL3DB101,2,True,2017-10-30T00:00:00Z,2017-10-30T23:59:59Z,86394,86394,0,1.0,0.99980402,1.000061826,0.00109055,0,0,1,1,1e-06,1.359387,6.790309,6.072003e-10,0.001359303,0.006789889,False,0.00583,False
2017-10-31,RS01SLBS-MJ01A-12-VEL3DB101,2,True,2017-10-31T00:00:00Z,2017-10-31T23:59:59Z,86395,86395,0,1.0,0.999790192,1.000061853,0.000910297,0,0,0,0,-0.0,1.427148,11.718714,-3.207721e-10,0.00142706,0.01171799,False,0.015979,False
2017-11-01,RS01SLBS-MJ01A-12-VEL3DB101,2,True,2017-11-01T00:00:00Z,2017-11-01T23:59:59Z,86395,86395,0,1.0,0.999806881,1.000061845,-0.003360423,0,0,1,1,-0.0,1.933072,7.3372,-3.103428e-10,0.001932952,0.007336747,False,0.007582,False
2017-11-02,RS01SLBS-MJ01A-12-VEL3DB101,2,True,2017-11-02T00:00:00Z,2017-11-02T23:59:59Z,86394,86394,0,1.0,0.999808311,1.000061817,-0.001128252,0,0,0,0,-0.0,1.301563,13.600578,-3.671462e-10,0.001301483,0.01359974,False,0.011452,False
2017-11-03,RS01SLBS-MJ01A-12-VEL3DB101,2,True,2017-11-03T00:00:00Z,2017-11-03T23:59:59Z,86395,86395,0,1.0,0.999817848,1.000061845,-0.000775268,0,0,0,0,-0.0,1.524846,6.831084,-3.115186e-10,0.001524752,0.006830661,False,0.007827,False
2017-11-04,RS01SLBS-MJ01A-12-VEL3DB101,2,True,2017-11-04T00:00:00Z,2017-11-04T23:59:59Z,86395,86395,0,1.0,0.999818802,1.000061873,-0.000886479,0,0,1,1,0.0,2.045551,6.823925,4.907535e-10,0.002045424,0.006823503,False,0.005279,False
2017-11-05,RS01SLBS-MJ01A-12-VEL3DB101,2,True,2017-11-05T00:00:00Z,2017-11-05T23:59:59Z,86394,86394,0,1.0,0.999820232,1.000061814,-0.001834653,0,0,0,0,-0.0,1.411327,6.467103,-4.113355e-10,0.00141124,0.006466703,False,0.006948,False
2017-11-06,RS01SLBS-MJ01A-12-VEL3DB101,2,True,2017-11-06T00:00:00Z,2017-11-06T23:59:59Z,86395,86395,0,1.0,0.999837875,1.000061832,0.001241822,0,0,2,2,-0.0,1.831204,8.325333,-1.097846e-10,0.001831091,0.008324818,False,0.006645,False
2017-11-07,RS01SLBS-MJ01A-12-VEL3DB101,2,True,2017-11-07T00:00:00Z,2017-11-07T23:59:59Z,86395,86395,0,1.0,0.999825954,1.000061797,0.000126977,0,0,0,0,-0.0,1.720962,6.15385,-2.905272e-10,0.001720856,0.00615347,False,0.004926,False
2017-11-08,RS01SLBS-MJ01A-12-VEL3DB101,2,True,2017-11-08T00:00:00Z,2017-11-08T23:59:59Z,86394,86394,0,1.0,0.99981308,1.000061822,0.001558465,0,0,0,0,-0.0,2.018141,7.14613,-4.427365e-10,0.002018016,0.007145689,False,0.00754,False
2017-11-09,RS01SLBS-MJ01A-12-VEL3DB101,2,True,2017-11-09T00:00:00Z,2017-11-09T23:59:59Z,86395,86395,0,1.0,0.999816895,1.000061846,0.004849201,0,0,0,0,-0.0,2.309988,10.204722,-3.455373e-10,0.002309845,0.01020409,False,0.007476,False
2017-11-10,RS01SLBS-MJ01A-12-VEL3DB101,2,True,2017-11-10T00:00:00Z,2017-11-10T23:59:59Z,86394,86394,0,1.0,0.999815941,1.000061811,-0.002414021,0,0,0,0,-0.0,3.238513,8.471344,-3.825119e-10,0.003238313,0.008470821,False,0.00577,False
2017-11-11,RS01SLBS-MJ01A-12-VEL3DB101,2,True,2017-11-11T00:00:00Z,2017-11-11T23:59:59Z,86395,86395,0,1.0,0.999816179,1.000061823,0.00453529,0,0,0,0,-0.0,1.777911,11.218319,-3.38183e-10,0.001777801,0.01121763,False,0.012968,False
2017-11-12,RS01SLBS-MJ01A-12-VEL3DB101,2,True,2017-11-12T00:00:00Z,2017-11-12T23:59:59Z,86395,86395,0,1.0,0.999816895,1.000061861,-0.00054676,0,0,0,0,-0.0,1.933063,11.310779,-3.422858e-10,0.001932944,0.01131008,False,0.012435,False
2017-11-13,RS01SLBS-MJ01A-12-VEL3DB101,2,True,2017-11-13T00:00:00Z,2017-11-13T23:02:37Z,82953,82953,0,1.0,0.999813557,1.000061837,0.001161423,0,0,0,0,-0.0,1.605144,5.924984,-4.980336e-10,0.001605044,0.005924618,False,0.006787,False
2017-11-14,RS01SLBS-MJ01A-12-VEL3DB101,2,False,,,0,0,,1.0,,,,,,,,,,,,,,,,False
2017-11-15,RS01SLBS-MJ01A-12-VEL3DB101,2,True,2017-11-15T00:01:03Z,2017-11-15T23:59:59Z,86331,86331,0,1.0,0.999810696,1.000061829,-0.012816406,0,0,2,2,1e-06,1.391952,12.816406,5.112782e-10,0.001391866,0.01281561,False,0.011868,False
2017-11-16,RS01SLBS-MJ01A-12-VEL3DB101,2,True,2017-11-16T00:00:00Z,2017-11-16T23:59:59Z,86395,86395,0,1.0,0.999817848,1.000061819,0.004170997,0,0,0,0,-0.0,1.507262,5.931169,-3.117672e-10,0.001507169,0.005930802,False,0.006762,False
2017-11-17,RS01SLBS-MJ01A-12-VEL3DB101,2,True,2017-11-17T00:00:00Z,2017-11-17T23:59:59Z,86395,86395,0,1.0,0.999810219,1.000061817,-0.000350098,0,0,1,1,-1e-06,1.391634,6.691688,-6.478714e-10,0.001391548,0.006691274,False,0.007242,False
2017-11-18,RS01SLBS-MJ01A-12-VEL3DB101,2,True,2017-11-18T00:00:00Z,2017-11-18T23:59:59Z,86394,86394,0,1.0,0.999800205,1.000061857,0.002314299,0,0,2,2,0.0,1.880623,16.766931,3.013851e-10,0.001880507,0.01676589,False,0.017251,False
2017-11-19,RS01SLBS-MJ01A-12-VEL3DB101,2,True,2017-11-19T00:00:00Z,2017-11-19T23:59:59Z,86395,86395,0,1.0,0.999805927,1.000061877,-0.001642952,0,0,0,0,-0.0,1.621426,5.481181,-4.212958e-10,0.001621325,0.005480842,False,0.004986,False
2017-11-20,RS01SLBS-MJ01A-12-VEL3DB101,2,True,2017-11-20T00:00:00Z,2017-11-20T23:59:59Z,86395,86395,0,1.0,0.999820232,1.000061816,-0.00131936,0,0,1,1,1e-06,1.721479,7.153677,1.050979e-09,0.001721373,0.007153234,False,0.00562,False
2017-11-21,RS01SLBS-MJ01A-12-VEL3DB101,2,True,2017-11-21T00:00:00Z,2017-11-21T23:59:59Z,86394,86394,0,1.0,0.999818802,1.000061811,0.002786653,0,0,1,1,0.0,2.075014,7.775784,4.644894e-10,0.002074886,0.007775303,False,0.006073,False
2017-11-22,RS01SLBS-MJ01A-12-VEL3DB101,2,True,2017-11-22T00:00:00Z,2017-11-22T23:59:59Z,86383,86395,12,1.0,0.999825954,1.000061835,-0.002041616,1,12,1,13,0.0,2.180521,74.199595,1.535404e-10,0.002180386,0.07419501,False,0.07329,True
2017-11-23,RS01SLBS-MJ01A-12-VEL3DB101,2,True,2017-11-23T00:00:00Z,2017-11-23T23:59:59Z,86395,86395,0,1.0,0.999816895,1.000061839,-0.001275676,0,0,0,0,-0.0,2.078202,7.571441,-2.863104e-10,0.002078074,0.007570973,False,0.005905,False
2017-11-24,RS01SLBS-MJ01A-12-VEL3DB101,2,True,2017-11-24T00:00:00Z,2017-11-24T23:59:59Z,86394,86394,0,1.0,0.999830723,1.000061836,-0.000365047,0,0,3,3,-0.0,1.53726,10.326351,-1.689105e-10,0.001537165,0.01032571,False,0.010354,False
2017-11-25,RS01SLBS-MJ01A-12-VEL3DB101,2,True,2017-11-25T00:00:00Z,2017-11-25T23:59:59Z,86395,86395,0,1.0,0.999814987,1.000061815,0.003027961,0,0,0,0,-0.0,2.39156,7.727145,-3.060975e-10,0.002391412,0.007726667,False,0.011856,False
2017-11-26,RS01SLBS-MJ01A-12-VEL3DB101,2,True,2017-11-26T00:00:00Z,2017-11-26T23:59:59Z,86395,86395,0,1.0,0.999824047,1.000061897,-0.001118824,0,0,1,1,0.0,3.864102,9.175008,3.325097e-10,0.003863863,0.00917444,False,0.006377,False
2017-11-27,RS01SLBS-MJ01A-12-VEL3DB101,2,True,2017-11-27T00:00:00Z,2017-11-27T23:59:59Z,86394,86394,0,1.0,0.999820709,1.000061777,0.002222432,0,0,0,0,-0.0,1.667429,7.489752,-4.444559e-10,0.001667326,0.007489289,False,0.005501,False
2017-11-28,RS01SLBS-MJ01A-12-VEL3DB101,2,True,2017-11-28T00:00:00Z,2017-11-28T23:59:59Z,86395,86395,0,1.0,0.999774933,1.000061819,-0.000110799,0,0,1,1,-0.0,2.498247,8.639596,-1.125258e-10,0.002498093,0.008639062,False,0.006583,False
2017-11-29,RS01SLBS-MJ01A-12-VEL3DB101,2,True,2017-11-29T00:00:00Z,2017-11-29T23:59:59Z,86393,86394,1,1.0,0.999780178,1.00006183,-0.005910063,1,1,1,1,1e-06,3.121493,10.74525,6.268819e-10,0.0031213,0.01074459,False,0.007435,True
2017-11-30,RS01SLBS-MJ01A-12-VEL3DB101,2,True,2017-11-30T00:00:00Z,2017-11-30T23:59:59Z,86395,86395,0,1.0,0.999797344,1.000061822,0.002245167,0,0,0,0,-0.0,1.935039,7.149422,-2.710139e-10,0.00193492,0.00714898,False,0.00585,False
2017-12-01,RS01SLBS-MJ01A-12-VEL3DB101,2,True,2017-12-01T00:00:00Z,2017-12-01T23:59:59Z,85647,86395,748,1.0,0.999809742,1.000061821,-0.000644256,1,748,1,748,0.0,1.624623,8.613048,1.229139e-10,0.001624523,0.008612516,False,0.189651,True
2017-12-02,RS01SLBS-MJ01A-12-VEL3DB101,2,True,2017-12-02T00:00:00Z,2017-12-02T23:59:59Z,86394,86394,0,1.0,0.999825001,1.000061801,0.000357712,0,0,1,1,0.0,1.624012,8.328947,3.897224e-10,0.001623912,0.008328432,False,0.00527,False
2017-12-03,RS01SLBS-MJ01A-12-VEL3DB101,2,True,2017-12-03T00:00:00Z,2017-12-03T23:59:59Z,86395,86395,0,1.0,0.999824047,1.000061828,0.000127122,0,0,1,1,0.0,1.460306,6.074057,1.370446e-10,0.001460216,0.006073682,False,0.005938,False
2017-12-04,RS01SLBS-MJ01A-12-VEL3DB101,2,True,2017-12-04T00:00:00Z,2017-12-04T23:59:59Z,86395,86395,0,1.0,0.999824047,1.000061842,-0.000722959,0,0,0,0,-0.0,1.400102,6.94335,-2.91041e-10,0.001400015,0.00694292,False,0.007619,False
2017-12-05,RS01SLBS-MJ01A-12-VEL3DB101,2,True,2017-12-05T00:00:00Z,2017-12-05T23:59:59Z,86394,86394,0,1.0,0.999825954,1.000061823,-0.000407043,0,0,0,0,-0.0,2.035894,6.638996,-3.935404e-10,0.002035768,0.006638585,False,0.005887,False
2017-12-06,RS01SLBS-MJ01A-12-VEL3DB101,2,True,2017-12-06T00:00:00Z,2017-12-06T23:59:59Z,86395,86395,0,1.0,0.999825001,1.000061827,0.000978021,0,0,0,0,-0.0,1.874825,9.112797,-3.454129e-10,0.001874709,0.009112234,False,0.006667,False
2017-12-07,RS01SLBS-MJ01A-12-VEL3DB101,2,True,2017-12-07T00:00:00Z,2017-12-07T23:59:59Z,86395,86395,0,1.0,0.999820232,1.000061827,-0.002777385,0,0,0,0,-0.0,2.499149,8.537154,-3.209768e-10,0.002498995,0.008536626,False,0.007598,False
2017-12-08,RS01SLBS-MJ01A-12-VEL3DB101,2,True,2017-12-08T00:00:00Z,2017-12-08T23:59:59Z,86394,86394,0,1.0,0.999807835,1.000061849,-0.002680421,0,0,0,0,-0.0,1.660072,11.709801,-4.13574e-10,0.00165997,0.01170908,False,0.012423,False
2017-12-09,RS01SLBS-MJ01A-12-VEL3DB101,2,False,,,0,0,,1.0,,,,,,,,,,,,,,,,False
2017-12-10,RS01SLBS-MJ01A-12-VEL3DB101,2,False,,,0,0,,1.0,,,,,,,,,,,,,,,,False
2017-12-11,RS01SLBS-MJ01A-12-VEL3DB101,2,True,2017-12-11T00:00:00Z,2017-12-11T23:59:59Z,86394,86394,0,1.0,0.99982214,1.000061845,-0.002659739,0,0,2,2,0.0,2.020472,6.49944,2.911574e-10,0.002020347,0.006499039,False,0.005908,False
2017-12-12,RS01SLBS-MJ01A-12-VEL3DB101,2,True,2017-12-12T00:00:00Z,2017-12-12T23:59:59Z,86395,86395,0,1.0,0.999819756,1.000061894,-0.002447597,0,0,0,0,-0.0,2.140071,8.597493,-2.719742e-10,0.002139938,0.008596961,False,0.007504,False
2017-12-13,RS01SLBS-MJ01A-12-VEL3DB101,2,True,2017-12-13T00:00:00Z,2017-12-13T23:59:59Z,86221,86395,174,1.0,0.999815941,1.000061791,-0.00216158,10,174,10,175,1e-06,2.122107,6.13711,8.908779e-10,0.002121976,0.00613673,False,0.012263,True
2017-12-14,RS01SLBS-MJ01A-12-VEL3DB101,2,True,2017-12-14T00:00:00Z,2017-12-14T23:59:59Z,86304,86394,90,1.0,0.99981308,1.000061834,0.001518455,5,90,5,90,0.0,1.241941,6.031137,3.505434e-10,0.001241865,0.006030765,False,0.005916,True
2017-12-15,RS01SLBS-MJ01A-12-VEL3DB101,2,True,2017-12-15T00:00:00Z,2017-12-15T23:59:59Z,86395,86395,0,1.0,0.999824047,1.00006186,-0.002469884,0,0,0,0,-0.0,1.641571,6.727658,-2.880815e-10,0.00164147,0.006727242,False,0.006912,False
2017-12-16,RS01SLBS-MJ01A-12-VEL3DB101,2,True,2017-12-16T00:00:00Z,2017-12-16T23:59:59Z,86395,86395,0,1.0,0.999825478,1.000061908,-0.003340889,0,0,0,0,-0.0,2.539641,12.254574,-3.330824e-10,0.002539484,0.01225382,False,0.008519,False
2017-12-17,RS01SLBS-MJ01A-12-VEL3DB101,2,True,2017-12-17T00:00:00Z,2017-12-17T23:59:59Z,86394,86394,0,1.0,0.999823093,1.000061831,0.000407509,0,0,0,0,-0.0,1.545381,6.498858,-4.10622e-10,0.001545285,0.006498456,False,0.007128,False
2017-12-18,RS01SLBS-MJ01A-12-VEL3DB101,2,True,2017-12-18T00:00:00Z,2017-12-18T23:59:59Z,86395,86395,0,1.0,0.999829292,1.000061812,-0.001576285,0,0,0,0,-0.0,1.557742,12.751631,-3.691826e-10,0.001557646,0.01275084,False,0.011161,False
2017-12-19,RS01SLBS-MJ01A-12-VEL3DB101,2,True,2017-12-19T00:00:00Z,2017-12-19T23:59:59Z,86395,86395,0,1.0,0.999826908,1.000061853,0.00166261,0,0,0,0,-0.0,3.170515,9.119082,-2.796142e-10,0.003170319,0.009118518,False,0.00718,False
2017-12-20,RS01SLBS-MJ01A-12-VEL3DB101,2,True,2017-12-20T00:00:00Z,2017-12-20T23:59:59Z,86394,86394,0,1.0,0.99982214,1.000061794,0.003595507,0,0,0,0,-0.0,1.860186,10.228213,-4.27152e-10,0.001860071,0.01022758,False,0.011802,False
2017-12-21,RS01SLBS-MJ01A-12-VEL3DB101,2,True,2017-12-21T00:00:00Z,2017-12-21T23:59:59Z,86395,86395,0,1.0,0.999807835,1.000061809,-0.000691976,0,0,0,0,-0.0,1.485219,8.853643,-3.054907e-10,0.001485128,0.008853096,False,0.008526,False
2017-12-22,RS01SLBS-MJ01A-12-VEL3DB101,2,True,2017-12-22T00:00:00Z,2017-12-22T23:59:59Z,86395,86395,0,1.0,0.999817848,1.000061803,0.010214441,0,0,0,0,-0.0,1.680406,11.018961,-3.426431e-10,0.001680302,0.01101828,False,0.008425,False
2017-12-23,RS01SLBS-MJ01A-12-VEL3DB101,2,True,2017-12-23T00:00:00Z,2017-12-23T23:59:59Z,86394,86394,0,1.0,0.999801159,1.000061835,9.066e-05,0,0,0,0,-0.0,1.675785,8.093538,-4.05492e-10,0.001675682,0.008093038,False,0.005928,False
2017-12-24,RS01SLBS-MJ01A-12-VEL3DB101,2,True,2017-12-24T00:00:00Z,2017-12-24T23:59:59Z,86395,86395,0,1.0,0.99981308,1.000061821,0.002336613,0,0,2,2,-0.0,1.291777,12.374691,-8.474802e-11,0.001291697,0.01237393,False,0.012613,False
2017-12-25,RS01SLBS-MJ01A-12-VEL3DB101,2,True,2017-12-25T00:00:00Z,2017-12-25T23:59:59Z,86395,86395,0,1.0,0.999782801,1.000061804,0.001125067,0,0,1,1,-0.0,1.827234,13.304949,-9.087119e-11,0.001827122,0.01330413,False,0.01112,False
2017-12-26,RS01SLBS-MJ01A-12-VEL3DB101,2,True,2017-12-26T00:00:00Z,2017-12-26T23:59:59Z,86394,86394,0,1.0,0.999763012,1.000061804,0.001628558,0,0,1,1,-1e-06,1.477355,7.35099,-8.546986e-10,0.001477264,0.007350536,False,0.006335,False
2017-12-27,RS01SLBS-MJ01A-12-VEL3DB101,2,True,2017-12-27T00:00:00Z,2017-12-27T23:59:59Z,86395,86395,0,1.0,0.99979496,1.000061757,0.001187893,0,0,0,0,-0.0,1.801745,7.904931,-3.21867e-10,0.001801634,0.007904443,False,0.006105,False
2017-12-28,RS01SLBS-MJ01A-12-VEL3DB101,2,True,2017-12-28T00:00:00Z,2017-12-28T23:59:59Z,86395,86395,0,1.0,0.999777794,1.000061849,0.00230887,0,0,2,2,0.0,2.767321,12.501118,4.978561e-10,0.00276715,0.01250034,False,0.01147,False
2017-12-29,RS01SLBS-MJ01A-12-VEL3DB101,2,True,2017-12-29T00:00:00Z,2017-12-29T23:59:59Z,86394,86394,0,1.0,0.999779224,1.000061847,0.001704646,0,0,2,2,-0.0,1.495212,10.261854,-1.767102e-10,0.00149512,0.01026122,False,0.011735,False
2017-12-30,RS01SLBS-MJ01A-12-VEL3DB101,2,True,2017-12-30T00:00:00Z,2017-12-30T23:59:59Z,86395,86395,0,1.0,0.999781132,1.000061802,-0.001458619,0,0,0,0,-0.0,1.622085,7.023023,-3.69317e-10,0.001621985,0.007022589,False,0.004611,False
2017-12-31,RS01SLBS-MJ01A-12-VEL3DB101,2,True,2017-12-31T00:00:00Z,2017-12-31T23:59:59Z,86395,86395,0,1.0,0.999786854,1.000061829,5.0469e-05,0,0,1,1,0.0,1.798117,12.710036,4.937503e-10,0.001798006,0.01270925,False,0.01187,False
2018-01-01,RS01SLBS-MJ01A-12-VEL3DB101,2,True,2018-01-01T00:00:00Z,2018-01-01T23:59:59Z,86394,86394,0,1.0,0.999799252,1.000061807,-0.001395181,0,0,0,0,-0.0,1.614254,6.782164,-4.888257e-10,0.001614154,0.006781745,False,0.008208,False
2018-01-02,RS01SLBS-MJ01A-12-VEL3DB101,2,True,2018-01-02T00:00:00Z,2018-01-02T23:59:59Z,86395,86395,0,1.0,0.999771118,1.000061831,0.000290412,0,0,0,0,-0.0,1.659192,7.483623,-3.219763e-10,0.00165909,0.00748316,False,0.008419,False
2018-01-03,RS01SLBS-MJ01A-12-VEL3DB101,2,True,2018-01-03T00:00:00Z,2018-01-03T23:59:59Z,86395,86395,0,1.0,0.99981308,1.00006183,-0.002766446,0,0,0,0,-0.0,1.765041,9.759143,-3.408699e-10,0.001764932,0.00975854,False,0.011445,False
2018-01-04,RS01SLBS-MJ01A-12-VEL3DB101,2,True,2018-01-04T00:00:00Z,2018-01-04T23:59:59Z,86394,86394,0,1.0,0.999741077,1.00006183,0.000277518,0,0,0,0,-0.0,1.711101,8.731143,-4.038219e-10,0.001710995,0.008730603,False,0.012607,False
2018-01-05,RS01SLBS-MJ01A-12-VEL3DB101,2,True,2018-01-05T00:00:00Z,2018-01-05T23:59:59Z,86395,86395,0,1.0,0.999748707,1.0000618,0.000905635,0,0,0,0,-0.0,1.559733,10.962251,-3.30057e-10,0.001559637,0.01096157,False,0.012057,False
2018-01-06,RS01SLBS-MJ01A-12-VEL3DB101,2,True,2018-01-06T00:00:00Z,2018-01-06T23:59:59Z,86395,86395,0,1.0,0.99971199,1.000061841,-0.002397466,0,0,2,2,-0.0,1.574594,10.165671,-4.119754e-10,0.001574497,0.01016504,False,0.010428,False
2018-01-07,RS01SLBS-MJ01A-12-VEL3DB101,2,True,2018-01-07T00:00:00Z,2018-01-07T23:59:59Z,86394,86394,0,1.0,0.999731064,1.000061802,0.003490982,0,0,0,0,-0.0,1.832222,11.31755,-4.225876e-10,0.001832109,0.01131685,False,0.011924,False
2018-01-08,RS01SLBS-MJ01A-12-VEL3DB101,2,True,2018-01-08T00:00:00Z,2018-01-08T23:59:59Z,86395,86395,0,1.0,0.999798298,1.000061828,0.002718834,0,0,1,1,-1e-06,1.829765,10.281598,-7.32306e-10,0.001829652,0.01028096,False,0.012421,False
2018-01-09,RS01SLBS-MJ01A-12-VEL3DB101,2,True,2018-01-09T00:00:00Z,2018-01-09T23:59:59Z,86395,86395,0,1.0,0.999753952,1.000061829,-0.00234795,0,0,0,0,-0.0,1.577652,7.836294,-3.251572e-10,0.001577554,0.00783581,False,0.007232,False
2018-01-10,RS01SLBS-MJ01A-12-VEL3DB101,2,True,2018-01-10T00:00:00Z,2018-01-10T23:59:59Z,86394,86394,0,1.0,0.999869823,1.000061805,-0.000986328,0,0,1,1,0.0,1.521143,6.568637,9.940785e-11,0.001521049,0.006568232,False,0.005876,False
2018-01-11,RS01SLBS-MJ01A-12-VEL3DB101,2,True,2018-01-11T00:00:00Z,2018-01-11T23:59:59Z,86395,86395,0,1.0,1.000211477,1.000061784,0.000607348,0,0,1,1,-0.0,1.53561,11.036593,-3.583552e-10,0.001535516,0.01103591,False,0.011084,False
2018-01-12,RS01SLBS-MJ01A-12-VEL3DB101,2,True,2018-01-12T00:00:00Z,2018-01-12T23:59:59Z,86394,86394,0,1.0,0.999879837,1.000061786,-0.000140052,0,0,0,0,-0.0,1.545525,11.083513,-4.293483e-10,0.00154543,0.01108283,False,0.013637,False
2018-01-13,RS01SLBS-MJ01A-12-VEL3DB101,2,True,2018-01-13T00:00:00Z,2018-01-13T23:59:59Z,86395,86395,0,1.0,0.99992609,1.00006183,-0.000720569,0,0,0,0,-0.0,1.872208,8.353011,-3.542925e-10,0.001872092,0.008352494,False,0.007132,False
2018-01-14,RS01SLBS-MJ01A-12-VEL3DB101,2,True,2018-01-14T00:00:00Z,2018-01-14T23:59:59Z,86395,86395,0,1.0,0.999772549,1.000061789,-0.003088549,0,0,1,1,0.0,1.729589,8.806774,2.274615e-10,0.001729482,0.00880623,False,0.00904,False
2018-01-15,RS01SLBS-MJ01A-12-VEL3DB101,2,True,2018-01-15T00:00:00Z,2018-01-15T23:59:59Z,86394,86394,0,1.0,0.999774933,1.000061744,0.005307912,0,0,1,1,-0.0,3.219645,10.992915,-3.674912e-10,0.003219446,0.01099224,False,0.009199,False
2018-01-16,RS01SLBS-MJ01A-12-VEL3DB101,2,True,2018-01-16T00:00:00Z,2018-01-16T23:59:59Z,86395,86395,0,1.0,0.999731064,1.000061796,-0.000544259,0,0,0,0,-0.0,1.549656,10.351938,-3.280542e-10,0.00154956,0.0103513,False,0.009625,False
2018-01-17,RS01SLBS-MJ01A-12-VEL3DB101,2,True,2018-01-17T00:00:00Z,2018-01-17T23:59:59Z,86395,86395,0,1.0,0.999778032,1.000061827,-0.000477061,0,0,1,1,-0.0,1.612398,10.041858,-5.533551e-11,0.001612298,0.01004124,False,0.01208,False
2018-01-18,RS01SLBS-MJ01A-12-VEL3DB101,2,True,2018-01-18T00:00:00Z,2018-01-18T23:59:59Z,86394,86394,0,1.0,0.999862194,1.000061824,-5.8658e-05,0,0,0,0,-0.0,1.898822,6.195688,-4.571845e-10,0.001898704,0.006195305,False,0.006262,False
2018-01-19,RS01SLBS-MJ01A-12-VEL3DB101,2,True,2018-01-19T00:00:00Z,2018-01-19T23:59:59Z,23601,86405,62804,1.0,0.999902487,0.999928985,0.446435484,2,62804,2,62804,-1e-06,527.310911,1089.003928,-5.722877e-10,0.5273484,1.089081,True,0.025095,True
2018-01-20,RS01SLBS-MJ01A-12-VEL3DB101,2,True,2018-01-20T00:00:00Z,2018-01-20T23:59:59Z,86395,86395,0,1.0,0.999773979,1.000061843,0.002271807,0,0,2,2,-1e-06,1.391698,9.064319,-5.017152e-10,0.001391612,0.009063759,False,0.011978,False
2018-01-21,RS01SLBS-MJ01A-12-VEL3DB101,2,True,2018-01-21T00:00:00Z,2018-01-21T23:59:59Z,86394,86394,0,1.0,0.999750137,1.000061819,-0.000840604,0,0,1,1,0.0,1.748761,16.00291,3.502514e-10,0.001748653,0.01600192,False,0.011373,False
2018-01-22,RS01SLBS-MJ01A-12-VEL3DB101,2,True,2018-01-22T00:00:00Z,2018-01-22T23:59:59Z,86395,86395,0,1.0,0.99971199,1.000061814,-0.001188052,0,0,1,1,-0.0,1.371324,6.761184,-3.17192e-11,0.00137124,0.006760766,False,0.005802,False
2018-01-23,RS01SLBS-MJ01A-12-VEL3DB101,2,True,2018-01-23T00:00:00Z,2018-01-23T23:59:59Z,86395,86395,0,1.0,1.000002623,1.000061831,-0.002158695,0,0,1,1,1e-06,1.861576,12.748223,5.008788e-10,0.001861461,0.01274743,False,0.013176,False
2018-01-24,RS01SLBS-MJ01A-12-VEL3DB101,2,True,2018-01-24T00:00:00Z,2018-01-24T23:59:59Z,86394,86394,0,1.0,0.99984169,1.000061833,0.000236951,0,0,0,0,-0.0,1.505055,7.065409,-4.181081e-10,0.001504962,0.007064972,False,0.006229,False
2018-01-25,RS01SLBS-MJ01A-12-VEL3DB101,2,True,2018-01-25T00:00:00Z,2018-01-25T23:59:59Z,86395,86395,0,1.0,0.999774933,1.000061802,-0.000219245,0,0,0,0,-0.0,2.016463,8.822151,-3.30247e-10,0.002016339,0.008821605,False,0.012782,False
2018-01-26,RS01SLBS-MJ01A-12-VEL3DB101,2,True,2018-01-26T00:00:00Z,2018-01-26T23:59:59Z,86395,86395,0,1.0,0.999703169,1.000061783,0.004063075,0,0,0,0,-0.0,1.886882,7.846609,-3.369366e-10,0.001886765,0.007846124,False,0.005445,False
2018-01-27,RS01SLBS-MJ01A-12-VEL3DB101,2,True,2018-01-27T00:00:00Z,2018-01-27T23:59:59Z,86394,86394,0,1.0,0.999866009,1.000061802,0.001563097,0,0,0,0,-0.0,1.210492,11.695722,-4.460492e-10,0.001210417,0.011695,False,0.012453,False
2018-01-28,RS01SLBS-MJ01A-12-VEL3DB101,2,True,2018-01-28T00:00:00Z,2018-01-28T23:59:59Z,86395,86395,0,1.0,0.999704838,1.000061793,6.9412e-05,0,0,1,1,-0.0,1.853066,7.161203,-2.050627e-10,0.001852952,0.00716076,False,0.007556,False
2018-01-29,RS01SLBS-MJ01A-12-VEL3DB101,2,True,2018-01-29T00:00:00Z,2018-01-29T23:59:59Z,86395,86395,0,1.0,1.000016451,1.000061821,-0.001239594,0,0,0,0,-0.0,1.512687,9.722794,-2.943679e-10,0.001512594,0.009722193,False,0.010922,False
2018-01-30,RS01SLBS-MJ01A-12-VEL3DB101,2,True,2018-01-30T00:00:00Z,2018-01-30T23:59:59Z,86394,86394,0,1.0,0.999855995,1.000061834,-0.001770171,0,0,0,0,-0.0,2.005018,9.25148,-4.461486e-10,0.002004894,0.009250908,False,0.007005,False
2018-01-31,RS01SLBS-MJ01A-12-VEL3DB101,2,True,2018-01-31T00:00:00Z,2018-01-31T23:59:59Z,86395,86395,0,1.0,0.999760628,1.000061844,-0.002277565,0,0,2,2,-0.0,1.612721,8.136498,-3.768912e-10,0.001612621,0.008135995,False,0.007194,False
2018-02-01,RS01SLBS-MJ01A-12-VEL3DB101,2,True,2018-02-01T00:00:00Z,2018-02-01T23:59:59Z,86395,86395,0,1.0,0.999727249,1.000061793,-0.002400936,0,0,0,0,-0.0,1.482448,6.574127,-3.588993e-10,0.001482357,0.006573721,False,0.005732,False
2018-02-02,RS01SLBS-MJ01A-12-VEL3DB101,2,True,2018-02-02T00:00:00Z,2018-02-02T23:59:59Z,86394,86394,0,1.0,0.99996376,1.000061833,0.000332601,0,0,0,0,-0.0,1.615183,6.708124,-4.060023e-10,0.001615083,0.00670771,False,0.004952,False
2018-02-03,RS01SLBS-MJ01A-12-VEL3DB101,2,True,2018-02-03T00:00:00Z,2018-02-03T23:59:59Z,86395,86395,0,1.0,0.999726295,1.000061884,-0.006241263,0,0,1,1,0.0,4.023367,10.109903,5.252907e-11,0.004023118,0.01010928,False,0.008276,False
2018-02-04,RS01SLBS-MJ01A-12-VEL3DB101,2,True,2018-02-04T00:00:00Z,2018-02-04T23:59:59Z,86395,86395,0,1.0,0.999740124,1.000061809,-0.000560889,0,0,0,0,-0.0,2.055544,8.95532,-3.107851e-10,0.002055417,0.008954767,False,0.007285,False
2018-02-05,RS01SLBS-MJ01A-12-VEL3DB101,2,True,2018-02-05T00:00:00Z,2018-02-05T23:59:59Z,86394,86394,0,1.0,0.999755859,1.000061801,0.000807289,0,0,0,0,-0.0,1.356368,5.672084,-4.384149e-10,0.001356284,0.005671733,False,0.004772,False
2018-02-06,RS01SLBS-MJ01A-12-VEL3DB101,2,True,2018-02-06T00:00:00Z,2018-02-06T23:59:59Z,86395,86395,0,1.0,0.999893904,1.000061778,0.002008216,0,0,1,1,-0.0,1.554682,8.396348,-7.946257e-11,0.001554585,0.008395829,False,0.005942,False
2018-02-07,RS01SLBS-MJ01A-12-VEL3DB101,2,True,2018-02-07T00:00:00Z,2018-02-07T23:59:59Z,86395,86395,0,1.0,0.999708176,1.000061778,0.002228544,0,0,1,1,-0.0,1.30336,7.3131,-3.438981e-10,0.001303279,0.007312648,False,0.006315,False
2018-02-08,RS01SLBS-MJ01A-12-VEL3DB101,2,True,2018-02-08T00:00:00Z,2018-02-08T23:59:59Z,86394,86394,0,1.0,1.000030994,1.000061817,-0.000239215,0,0,0,0,-0.0,1.533969,7.21863,-4.072051e-10,0.001533874,0.007218184,False,0.006309,False
2018-02-09,RS01SLBS-MJ01A-12-VEL3DB101,2,True,2018-02-09T00:00:00Z,2018-02-09T23:59:59Z,86395,86395,0,1.0,0.999746799,1.000061846,-0.000761893,0,0,1,1,0.0,1.811612,7.693509,3.863821e-10,0.0018115,0.007693034,False,0.005941,False
2018-02-10,RS01SLBS-MJ01A-12-VEL3DB101,2,True,2018-02-10T00:00:00Z,2018-02-10T23:59:59Z,86395,86395,0,1.0,0.999796152,1.00006181,-0.00116097,0,0,0,0,-0.0,1.658489,8.415419,-2.885771e-10,0.001658386,0.008414899,False,0.010575,False
2018-02-11,RS01SLBS-MJ01A-12-VEL3DB101,2,True,2018-02-11T00:00:00Z,2018-02-11T23:59:59Z,86394,86394,0,1.0,0.999857903,1.000061819,-0.000521605,0,0,1,1,-0.0,1.915644,7.385368,-4.970267e-10,0.001915526,0.007384911,False,0.00735,False
2018-02-12,RS01SLBS-MJ01A-12-VEL3DB101,2,True,2018-02-12T00:00:00Z,2018-02-12T23:59:59Z,86395,86395,0,1.0,0.999746084,1.000061808,0.002460992,0,0,1,1,1e-06,1.6443,9.720293,5.401574e-10,0.001644198,0.009719692,False,0.011171,False
2018-02-13,RS01SLBS-MJ01A-12-VEL3DB101,2,True,2018-02-13T00:00:00Z,2018-02-13T23:59:59Z,86395,86395,0,1.0,0.999766827,1.00006182,-0.001928595,0,0,0,0,-0.0,1.963593,7.510147,-3.678595e-10,0.001963472,0.007509683,False,0.00449,False
2018-02-14,RS01SLBS-MJ01A-12-VEL3DB101,2,True,2018-02-14T00:00:00Z,2018-02-14T23:59:59Z,86394,86394,0,1.0,0.999694824,1.000061809,0.002466994,0,0,1,1,-1e-06,1.396311,11.106998,-9.299484e-10,0.001396224,0.01110631,False,0.010972,False
2018-02-15,RS01SLBS-MJ01A-12-VEL3DB101,2,True,2018-02-15T00:00:00Z,2018-02-15T23:59:59Z,86395,86395,0,1.0,0.99971199,1.000061824,0.001947418,0,0,0,0,-0.0,3.118178,9.645492,-3.533139e-10,0.003117985,0.009644895,False,0.005944,False
2018-02-16,RS01SLBS-MJ01A-12-VEL3DB101,2,True,2018-02-16T00:00:00Z,2018-02-16T23:59:59Z,86395,86395,0,1.0,0.999712944,1.000061893,-0.003256865,0,0,1,1,-0.0,2.036658,10.831229,-2.781544e-11,0.002036532,0.01083056,False,0.006222,False
2018-02-17,RS01SLBS-MJ01A-12-VEL3DB101,2,True,2018-02-17T00:00:00Z,2018-02-17T23:59:59Z,86394,86394,0,1.0,0.999720097,1.00006183,-0.003997501,0,0,0,0,-0.0,1.837772,6.827976,-3.9818e-10,0.001837659,0.006827554,False,0.007343,False
2018-02-18,RS01SLBS-MJ01A-12-VEL3DB101,2,True,2018-02-18T00:00:00Z,2018-02-18T23:59:59Z,86395,86395,0,1.0,0.999799967,1.0000618,-0.000598124,0,0,0,0,-0.0,1.546659,13.756849,-2.889897e-10,0.001546564,0.013756,False,0.013644,False
2018-02-19,RS01SLBS-MJ01A-12-VEL3DB101,2,True,2018-02-19T00:00:00Z,2018-02-19T23:59:59Z,86395,86395,0,1.0,0.999705315,1.000061817,-0.000646127,0,0,0,0,-0.0,1.801216,9.733023,-3.01152e-10,0.001801104,0.009732421,False,0.009858,False
2018-02-20,RS01SLBS-MJ01A-12-VEL3DB101,2,True,2018-02-20T00:00:00Z,2018-02-20T23:59:59Z,77102,86395,9293,1.0,0.999910831,1.00005003,-0.26878812,1,9293,1,9293,-0.0,258.092003,448.411078,-4.854049e-10,0.2580791,0.4483886,True,0.406962,True
2018-02-21,RS01SLBS-MJ01A-12-VEL3DB101,2,True,2018-02-21T00:00:00Z,2018-02-21T23:59:59Z,86395,86395,0,1.0,0.999703884,1.000061868,-0.006878594,0,0,1,1,-1e-06,2.619845,13.274743,-6.626792e-10,0.002619683,0.01327392,False,0.012516,False
2018-02-22,RS01SLBS-MJ01A-12-VEL3DB101,2,True,2018-02-22T00:00:00Z,2018-02-22T23:59:59Z,85169,86395,1226,1.0,0.999876022,1.000061816,-0.001790423,3,1226,3,1227,-0.0,1.611987,6.625418,-2.426578e-10,0.001611887,0.006625008,False,0.166521,True
2018-02-23,RS01SLBS-MJ01A-12-VEL3DB101,2,True,2018-02-23T00:00:00Z,2018-02-23T23:59:59Z,86394,86394,0,1.0,0.999696255,1.000061841,-0.001224305,0,0,0,0,-0.0,1.53356,10.667321,-4.00993e-10,0.001533466,0.01066666,False,0.011051,False
2018-02-24,RS01SLBS-MJ01A-12-VEL3DB101,2,True,2018-02-24T00:00:00Z,2018-02-24T23:59:59Z,86395,86395,0,1.0,0.999708176,1.000061794,0.002113977,0,0,0,0,-0.0,1.749373,8.488874,-3.221097e-10,0.001749264,0.00848835,False,0.009075,False
2018-02-25,RS01SLBS-MJ01A-12-VEL3DB101,2,True,2018-02-25T00:00:00Z,2018-02-25T23:59:59Z,86395,86395,0,1.0,0.999768734,1.000061827,0.000492383,0,0,0,0,-0.0,1.705695,12.307416,-3.367638e-10,0.00170559,0.01230666,False,0.012912,False
2018-02-26,RS01SLBS-MJ01A-12-VEL3DB101,2,True,2018-02-26T00:00:00Z,2018-02-26T23:59:59Z,86394,86394,0,1.0,0.999848843,1.000061811,-0.00117577,0,0,0,0,-0.0,1.319114,7.144227,-3.841333e-10,0.001319032,0.007143785,False,0.0073,False
2018-02-27,RS01SLBS-MJ01A-12-VEL3DB101,2,True,2018-02-27T00:00:00Z,2018-02-27T23:59:59Z,86395,86395,0,1.0,0.999771833,1.000061792,-0.000425408,0,0,0,0,-0.0,1.346635,7.215917,-3.081163e-10,0.001346552,0.007215471,False,0.007038,False
2018-02-28,RS01SLBS-MJ01A-12-VEL3DB101,2,True,2018-02-28T00:00:00Z,2018-02-28T23:59:59Z,86395,86395,0,1.0,0.999736786,1.000061793,0.000193412,0,0,1,1,-0.0,1.349024,5.018992,-1.798356e-10,0.001348941,0.005018682,False,0.004822,False
2018-03-01,RS01SLBS-MJ01A-12-VEL3DB101,2,True,2018-03-01T00:00:00Z,2018-03-01T23:59:59Z,86394,86394,0,1.0,0.999716282,1.000061816,-0.001509734,0,0,1,1,-0.0,1.616882,12.881392,-6.945704e-11,0.001616782,0.0128806,False,0.014868,False
2018-03-02,RS01SLBS-MJ01A-12-VEL3DB101,2,True,2018-03-02T00:00:00Z,2018-03-02T23:59:59Z,86395,86395,0,1.0,0.999695778,1.000061845,0.000274427,0,0,0,0,-0.0,1.752047,9.157873,-3.153783e-10,0.001751938,0.009157307,False,0.008366,False
2018-03-03,RS01SLBS-MJ01A-12-VEL3DB101,2,True,2018-03-03T00:00:00Z,2018-03-03T23:59:59Z,86394,86394,0,1.0,0.99971199,1.000061797,-0.001494834,0,0,1,1,0.0,1.547375,7.527038,1.386487e-10,0.001547279,0.007526573,False,0.007549,False
2018-03-04,RS01SLBS-MJ01A-12-VEL3DB101,2,True,2018-03-04T00:00:00Z,2018-03-04T23:59:59Z,86395,86395,0,1.0,0.99970293,1.000061845,-0.002110848,0,0,0,0,-0.0,1.894999,8.939843,-3.274422e-10,0.001894882,0.008939291,False,0.014433,False
2018-03-05,RS01SLBS-MJ01A-12-VEL3DB101,2,True,2018-03-05T00:00:00Z,2018-03-05T23:59:59Z,86395,86395,0,1.0,0.99979496,1.000061817,-0.002093675,0,0,1,1,0.0,1.569997,7.677181,1.393367e-10,0.0015699,0.007676707,False,0.005601,False
2018-03-06,RS01SLBS-MJ01A-12-VEL3DB101,2,True,2018-03-06T00:00:00Z,2018-03-06T23:59:59Z,86394,86394,0,1.0,0.999714851,1.000061797,-0.000230606,0,0,0,0,-0.0,1.778982,7.514225,-3.931356e-10,0.001778872,0.007513761,False,0.007746,False
2018-03-07,RS01SLBS-MJ01A-12-VEL3DB101,2,True,2018-03-07T00:00:00Z,2018-03-07T23:59:59Z,85937,86395,458,1.0,0.999903202,1.000061819,0.001400537,3,458,3,458,-0.0,1.774731,11.866174,-3.964067e-11,0.001774621,0.01186544,False,0.025316,True
2018-03-08,RS01SLBS-MJ01A-12-VEL3DB101,2,True,2018-03-08T00:00:00Z,2018-03-08T23:59:59Z,86395,86395,0,1.0,0.9999125,1.000061835,-0.002446916,0,0,1,1,0.0,1.652206,12.460743,2.454214e-10,0.001652104,0.01245997,False,0.011986,False
2018-03-09,RS01SLBS-MJ01A-12-VEL3DB101,2,True,2018-03-09T00:00:00Z,2018-03-09T23:59:59Z,86394,86394,0,1.0,0.999854088,1.000061822,0.002445956,0,0,1,1,1e-06,1.533764,9.975646,6.034375e-10,0.00153367,0.00997503,False,0.011236,False
2018-03-10,RS01SLBS-MJ01A-12-VEL3DB101,2,True,2018-03-10T00:00:00Z,2018-03-10T20:11:00Z,72657,72657,0,1.0,0.999955177,1.00006181,-0.001424792,0,0,0,0,-0.0,2.192195,5.928326,-4.074942e-10,0.00219206,0.005927959,False,0.004391,False
2018-03-11,RS01SLBS-MJ01A-12-VEL3DB101,2,False,,,0,0,,1.0,,,,,,,,,,,,,,,,False
2018-03-12,RS01SLBS-MJ01A-12-VEL3DB101,2,True,2018-03-12T17:18:28Z,2018-03-12T23:59:59Z,24090,24090,0,1.0,0.999694824,1.000061689,-0.01158028,0,0,2,2,0.0,1.104812,11.58028,5.585864e-11,0.001104744,0.01157957,False,0.011594,False
2018-03-13,RS01SLBS-MJ01A-12-VEL3DB101,2,True,2018-03-13T00:00:00Z,2018-03-13T23:59:59Z,86294,86395,101,1.0,0.999689102,1.000061747,0.000683522,1,101,1,101,-1e-06,1.638266,11.603265,-5.82826e-10,0.001638164,0.01160255,False,0.037619,True
2018-03-14,RS01SLBS-MJ01A-12-VEL3DB101,2,True,2018-03-14T00:00:00Z,2018-03-14T23:59:59Z,86394,86394,0,1.0,0.999703884,1.000061806,0.002609778,0,0,0,0,-0.0,1.980883,7.245056,-4.368835e-10,0.001980761,0.007244608,False,0.006844,False
2018-03-15,RS01SLBS-MJ01A-12-VEL3DB101,2,True,2018-03-15T00:00:00Z,2018-03-15T23:59:59Z,86395,86395,0,1.0,0.999694824,1.000061789,-0.002162204,0,0,0,0,-0.0,1.89313,10.286677,-3.434923e-10,0.001893013,0.01028604,False,0.012904,False
2018-03-16,RS01SLBS-MJ01A-12-VEL3DB101,2,True,2018-03-16T00:00:00Z,2018-03-16T23:59:59Z,86395,86395,0,1.0,0.999693871,1.000061813,-0.002506312,0,0,0,0,-0.0,1.904569,6.711144,-3.20508e-10,0.001904451,0.006710729,False,0.006744,False
2018-03-17,RS01SLBS-MJ01A-12-VEL3DB101,2,True,2018-03-17T00:00:00Z,2018-03-17T23:59:59Z,86394,86394,0,1.0,0.999680042,1.000061847,-0.002182118,0,0,0,0,-0.0,1.637899,9.051421,-4.260231e-10,0.001637797,0.009050861,False,0.007188,False
2018-03-18,RS01SLBS-MJ01A-12-VEL3DB101,2,True,2018-03-18T00:00:00Z,2018-03-18T23:59:59Z,86395,86395,0,1.0,0.999688148,1.000061801,-0.004690383,0,0,2,2,-0.0,1.925155,18.730161,-8.6394e-11,0.001925036,0.018729,False,0.012605,False
2018-03-19,RS01SLBS-MJ01A-12-VEL3DB101,2,True,2018-03-19T00:00:00Z,2018-03-19T23:59:59Z,86395,86395,0,1.0,0.999696255,1.000061785,-0.000425476,0,0,0,0,-0.0,1.405345,7.039434,-3.101845e-10,0.001405258,0.007038999,False,0.007451,False
2018-03-20,RS01SLBS-MJ01A-12-VEL3DB101,2,True,2018-03-20T00:00:00Z,2018-03-20T23:59:59Z,86394,86394,0,1.0,0.999692917,1.000061756,0.002757265,0,0,0,0,-0.0,1.435539,13.838371,-4.415359e-10,0.00143545,0.01383752,False,0.011812,False
2018-03-21,RS01SLBS-MJ01A-12-VEL3DB101,2,True,2018-03-21T00:00:00Z,2018-03-21T23:59:59Z,86395,86395,0,1.0,0.999679089,1.000061805,0.001614416,0,0,1,1,1e-06,1.548443,10.123209,6.017463e-10,0.001548348,0.01012258,False,0.012836,False
2018-03-22,RS01SLBS-MJ01A-12-VEL3DB101,2,True,2018-03-22T00:00:00Z,2018-03-22T23:59:59Z,86395,86395,0,1.0,0.999677181,1.000061864,-0.003861812,0,0,0,0,-0.0,1.903392,13.450482,-3.508033e-10,0.001903275,0.01344965,False,0.012839,False
2018-03-23,RS01SLBS-MJ01A-12-VEL3DB101,2,True,2018-03-23T00:00:00Z,2018-03-23T23:59:59Z,86394,86394,0,1.0,0.999685764,1.000061844,-0.00460327,0,0,0,0,-0.0,2.089444,8.399536,-3.645207e-10,0.002089315,0.008399017,False,0.007756,False
2018-03-24,RS01SLBS-MJ01A-12-VEL3DB101,2,True,2018-03-24T00:00:00Z,2018-03-24T23:59:59Z,86395,86395,0,1.0,0.999714851,1.0000618,0.002926132,0,0,0,0,-0.0,2.302222,10.508163,-3.743068e-10,0.00230208,0.01050751,False,0.011271,False
2018-03-25,RS01SLBS-MJ01A-12-VEL3DB101,2,True,2018-03-25T00:00:00Z,2018-03-25T23:59:59Z,86395,86395,0,1.0,0.999682903,1.000061818,0.003115156,0,0,0,0,-0.0,4.244314,9.991851,-2.922887e-10,0.004244052,0.009991234,False,0.005482,False
2018-03-26,RS01SLBS-MJ01A-12-VEL3DB101,2,True,2018-03-26T00:00:00Z,2018-03-26T23:59:59Z,86394,86394,0,1.0,0.999676228,1.000061781,0.003592266,0,0,0,0,-0.0,2.802975,16.778883,-3.938901e-10,0.002802802,0.01677785,False,0.012849,False
2018-03-27,RS01SLBS-MJ01A-12-VEL3DB101,2,True,2018-03-27T00:00:00Z,2018-03-27T23:59:59Z,86395,86395,0,1.0,0.999675751,1.000061791,0.000272528,0,0,2,2,-1e-06,2.645566,6.862302,-6.153753e-10,0.002645403,0.006861878,False,0.005172,False
2018-03-28,RS01SLBS-MJ01A-12-VEL3DB101,2,True,2018-03-28T00:00:00Z,2018-03-28T23:59:59Z,86395,86395,0,1.0,0.99969101,1.00006182,-0.000156774,0,0,1,1,1e-06,1.419619,10.71173,7.61028e-10,0.001419531,0.01071107,False,0.011546,False
2018-03-29,RS01SLBS-MJ01A-12-VEL3DB101,2,True,2018-03-29T00:00:00Z,2018-03-29T23:59:59Z,86394,86394,0,1.0,0.999688148,1.000061823,-0.001955678,0,0,0,0,-0.0,1.353844,5.528939,-4.235439e-10,0.00135376,0.005528597,False,0.005462,False
2018-03-30,RS01SLBS-MJ01A-12-VEL3DB101,2,True,2018-03-30T00:00:00Z,2018-03-30T23:59:59Z,86395,86395,0,1.0,0.999687672,1.000061827,-0.001721582,0,0,1,1,-0.0,1.867551,6.715462,-3.200918e-10,0.001867435,0.006715047,False,0.005721,False
2018-03-31,RS01SLBS-MJ01A-12-VEL3DB101,2,True,2018-03-31T00:00:00Z,2018-03-31T23:59:59Z,86395,86395,0,1.0,0.999680996,1.00006182,0.003706572,0,0,1,1,-0.0,1.334149,9.902039,-1.468788e-10,0.001334067,0.009901427,False,0.010345,False
2018-04-01,RS01SLBS-MJ01A-12-VEL3DB101,2,True,2018-04-01T00:00:00Z,2018-04-01T23:59:59Z,86394,86394,0,1.0,0.999696255,1.000061861,-0.001268636,0,0,0,0,-0.0,2.644582,8.963636,-4.25746e-10,0.002644418,0.008963082,False,0.008323,False
2018-04-02,RS01SLBS-MJ01A-12-VEL3DB101,2,True,2018-04-02T00:00:00Z,2018-04-02T23:59:59Z,86395,86395,0,1.0,0.99969101,1.000061834,-0.001023353,0,0,1,1,1e-06,1.634178,12.070976,5.947522e-10,0.001634077,0.01207023,False,0.016188,False
2018-04-03,RS01SLBS-MJ01A-12-VEL3DB101,2,True,2018-04-03T00:00:00Z,2018-04-03T23:59:59Z,86395,86395,0,1.0,0.99969101,1.000061801,-0.00066541,0,0,0,0,-0.0,1.457054,8.037957,-3.289293e-10,0.001456964,0.00803746,False,0.007474,False
2018-04-04,RS01SLBS-MJ01A-12-VEL3DB101,2,True,2018-04-04T00:00:00Z,2018-04-04T23:59:59Z,86394,86394,0,1.0,0.999687195,1.000061814,0.002791224,0,0,1,1,1e-06,1.320261,5.365054,5.3939e-10,0.001320179,0.005364723,False,0.005262,False
2018-04-05,RS01SLBS-MJ01A-12-VEL3DB101,2,True,2018-04-05T00:00:00Z,2018-04-05T23:59:59Z,86395,86395,0,1.0,0.99969101,1.00006185,0.003190035,0,0,0,0,-0.0,1.774038,11.834428,-2.753966e-10,0.001773928,0.0118337,False,0.012651,False
2018-04-06,RS01SLBS-MJ01A-12-VEL3DB101,2,True,2018-04-06T00:00:00Z,2018-04-06T23:59:59Z,86395,86395,0,1.0,0.999686241,1.000061805,-0.002170143,0,0,0,0,-0.0,4.382315,18.030913,-3.379118e-10,0.004382044,0.0180298,False,0.011694,False
2018-04-07,RS01SLBS-MJ01A-12-VEL3DB101,2,True,2018-04-07T00:00:00Z,2018-04-07T23:59:59Z,86394,86394,0,1.0,0.999701977,1.000061809,0.00390064,0,0,0,0,-0.0,2.024016,7.654222,-3.859626e-10,0.002023891,0.007653749,False,0.006525,False
2018-04-08,RS01SLBS-MJ01A-12-VEL3DB101,2,True,2018-04-08T00:00:00Z,2018-04-08T23:59:59Z,86395,86395,0,1.0,0.999706268,1.000061847,-0.001966678,0,0,0,0,-0.0,2.880205,10.288981,-3.10455e-10,0.002880027,0.01028834,False,0.007135,False
2018-04-09,RS01SLBS-MJ01A-12-VEL3DB101,2,True,2018-04-09T00:00:00Z,2018-04-09T23:59:59Z,86395,86395,0,1.0,0.999696255,1.000061818,-0.000306792,0,0,1,1,0.0,1.53697,6.884231,2.347621e-10,0.001536875,0.006883806,False,0.006581,False
2018-04-10,RS01SLBS-MJ01A-12-VEL3DB101,2,True,2018-04-10T00:00:00Z,2018-04-10T23:59:59Z,86394,86394,0,1.0,0.999691963,1.000061811,0.000412912,0,0,0,0,-0.0,1.470149,6.038742,-4.000527e-10,0.001470058,0.006038369,False,0.00461,False
2018-04-11,RS01SLBS-MJ01A-12-VEL3DB101,2,True,2018-04-11T00:00:00Z,2018-04-11T23:59:59Z,86395,86395,0,1.0,0.99968338,1.00006182,-0.002521635,0,0,1,1,0.0,1.842844,14.138697,8.391317e-11,0.00184273,0.01413782,False,0.012999,False
2018-04-12,RS01SLBS-MJ01A-12-VEL3DB101,2,True,2018-04-12T00:00:00Z,2018-04-12T23:59:59Z,86394,86394,0,1.0,0.999697685,1.000061824,5.328e-06,0,0,0,0,-0.0,1.458308,9.713698,-4.072226e-10,0.001458217,0.009713097,False,0.01347,False
2018-04-13,RS01SLBS-MJ01A-12-VEL3DB101,2,True,2018-04-13T00:00:00Z,2018-04-13T23:59:59Z,86395,86395,0,1.0,0.999703884,1.000061872,-0.000617619,0,0,0,0,-0.0,1.941032,6.970747,-3.050285e-10,0.001940912,0.006970315,False,0.0064,False
2018-04-14,RS01SLBS-MJ01A-12-VEL3DB101,2,True,2018-04-14T00:00:00Z,2018-04-14T23:59:59Z,86395,86395,0,1.0,0.99970293,1.000061855,-0.002771787,0,0,2,2,-0.0,1.301426,11.300119,-1.195452e-10,0.001301345,0.01129942,False,0.012037,False
2018-04-15,RS01SLBS-MJ01A-12-VEL3DB101,2,True,2018-04-15T00:00:00Z,2018-04-15T23:59:59Z,86394,86394,0,1.0,0.99971199,1.000061801,-0.001230753,0,0,1,1,0.0,1.454237,6.307056,2.858387e-11,0.001454147,0.006306666,False,0.005467,False
2018-04-16,RS01SLBS-MJ01A-12-VEL3DB101,2,True,2018-04-16T00:00:00Z,2018-04-16T23:59:59Z,86395,86395,0,1.0,0.999698639,1.000061824,0.001055041,0,0,0,0,-0.0,1.614829,10.40839,-3.191467e-10,0.001614729,0.01040775,False,0.011395,False
2018-04-17,RS01SLBS-MJ01A-12-VEL3DB101,2,True,2018-04-17T00:00:00Z,2018-04-17T23:59:59Z,86395,86395,0,1.0,0.999701023,1.000061798,0.001049768,0,0,0,0,-0.0,1.756646,11.282651,-3.191546e-10,0.001756537,0.01128195,False,0.011197,False
2018-04-18,RS01SLBS-MJ01A-12-VEL3DB101,2,True,2018-04-18T00:00:00Z,2018-04-18T23:59:59Z,86394,86394,0,1.0,0.999691963,1.000061764,0.007483661,0,0,0,0,-0.0,2.337436,9.366978,-4.531945e-10,0.002337292,0.0093664,False,0.011172,False
2018-04-19,RS01SLBS-MJ01A-12-VEL3DB101,2,True,2018-04-19T00:00:00Z,2018-04-19T23:59:59Z,86300,86395,95,1.0,0.999705791,1.000061806,0.001215281,7,95,7,96,-1e-06,1.553516,6.645691,-7.87008e-10,0.00155342,0.00664528,False,0.007871,True
2018-04-20,RS01SLBS-MJ01A-12-VEL3DB101,2,True,2018-04-20T00:00:00Z,2018-04-20T23:59:59Z,86395,86395,0,1.0,0.999704838,1.000061812,0.003677342,0,0,2,2,-0.0,1.642117,9.5885,-3.924872e-10,0.001642016,0.009587908,False,0.011484,False
2018-04-21,RS01SLBS-MJ01A-12-VEL3DB101,2,True,2018-04-21T00:00:00Z,2018-04-21T23:59:59Z,86394,86394,0,1.0,0.999695778,1.000061815,-0.002029905,0,0,0,0,-0.0,1.74926,10.84328,-3.914416e-10,0.001749152,0.01084261,False,0.01123,False
2018-04-22,RS01SLBS-MJ01A-12-VEL3DB101,2,True,2018-04-22T00:00:00Z,2018-04-22T23:59:59Z,86395,86395,0,1.0,0.999698639,1.000061816,0.004766138,0,0,0,0,-0.0,3.050482,8.500686,-3.229627e-10,0.003050294,0.00850016,False,0.005767,False
2018-04-23,RS01SLBS-MJ01A-12-VEL3DB101,2,True,2018-04-23T00:00:00Z,2018-04-23T23:59:59Z,86395,86395,0,1.0,0.999704838,1.000061809,0.001783735,0,0,1,1,0.0,2.004507,8.037748,1.595864e-10,0.002004383,0.008037251,False,0.007557,False
2018-04-24,RS01SLBS-MJ01A-12-VEL3DB101,2,True,2018-04-24T00:00:00Z,2018-04-24T23:59:59Z,86394,86394,0,1.0,0.999701977,1.000061813,0.000708818,0,0,1,1,-1e-06,1.50718,13.227156,-6.579798e-10,0.001507087,0.01322634,False,0.011582,False
2018-04-25,RS01SLBS-MJ01A-12-VEL3DB101,2,True,2018-04-25T00:00:00Z,2018-04-25T23:59:59Z,86395,86395,0,1.0,0.999696255,1.0000618,-0.000829791,0,0,1,1,-0.0,1.362239,13.061977,-1.468965e-10,0.001362155,0.01306117,False,0.011428,False
2018-04-26,RS01SLBS-MJ01A-12-VEL3DB101,2,True,2018-04-26T00:00:00Z,2018-04-26T23:59:59Z,86189,86395,206,1.0,0.99970293,1.000061794,0.001352945,8,206,8,208,0.0,2.382767,119.234744,5.085594e-11,0.00238262,0.1192274,False,0.118303,True
2018-04-27,RS01SLBS-MJ01A-12-VEL3DB101,2,True,2018-04-27T00:00:00Z,2018-04-27T23:59:59Z,86394,86394,0,1.0,0.999705315,1.000061811,-0.003025273,0,0,0,0,-0.0,2.326699,8.667403,-4.335528e-10,0.002326555,0.008666867,False,0.006662,False
2018-04-28,RS01SLBS-MJ01A-12-VEL3DB101,2,True,2018-04-28T00:00:00Z,2018-04-28T23:59:59Z,86395,86395,0,1.0,0.999695778,1.000061859,0.004313107,0,0,2,2,-0.0,2.715243,8.355412,-2.568749e-10,0.002715075,0.008354895,False,0.005844,False
2018-04-29,RS01SLBS-MJ01A-12-VEL3DB101,2,True,2018-04-29T00:00:00Z,2018-04-29T23:59:59Z,86395,86395,0,1.0,0.999708176,1.000061875,-0.00605484,0,0,0,0,-0.0,2.817142,11.719036,-3.18985e-10,0.002816967,0.01171831,False,0.011078,False
2018-04-30,RS01SLBS-MJ01A-12-VEL3DB101,2,True,2018-04-30T00:00:00Z,2018-04-30T23:59:59Z,86394,86394,0,1.0,0.999701023,1.000061794,0.000510572,0,0,3,3,-0.0,1.453065,5.418263,-1.352347e-10,0.001452975,0.005417929,False,0.004557,False
2018-05-01,RS01SLBS-MJ01A-12-VEL3DB101,2,True,2018-05-01T00:00:00Z,2018-05-01T23:59:59Z,86395,86395,0,1.0,0.999710083,1.000061807,0.000371783,0,0,0,0,-0.0,1.826046,5.899508,-2.958148e-10,0.001825933,0.005899143,False,0.005658,False
2018-05-02,RS01SLBS-MJ01A-12-VEL3DB101,2,True,2018-05-02T00:00:00Z,2018-05-02T23:59:59Z,86395,86395,0,1.0,0.999696732,1.000061709,0.001160355,0,0,0,0,-0.0,2.161199,7.571485,-3.580934e-10,0.002161066,0.007571018,False,0.006134,False
2018-05-03,RS01SLBS-MJ01A-12-VEL3DB101,2,True,2018-05-03T00:00:00Z,2018-05-03T23:59:59Z,86394,86394,0,1.0,0.999711037,1.000061852,0.006569397,0,0,1,1,-0.0,2.280102,10.098623,-1.939245e-11,0.002279961,0.010098,False,0.008372,False
2018-05-04,RS01SLBS-MJ01A-12-VEL3DB101,2,True,2018-05-04T00:00:00Z,2018-05-04T23:59:59Z,86395,86395,0,1.0,0.99971199,1.000061826,0.000361891,0,0,0,0,-0.0,2.377814,13.884833,-3.618227e-10,0.002377667,0.01388397,False,0.011458,False
2018-05-05,RS01SLBS-MJ01A-12-VEL3DB101,2,True,2018-05-05T00:00:00Z,2018-05-05T23:59:59Z,86395,86395,0,1.0,0.999705791,1.000061853,0.002296074,0,0,1,1,0.0,3.622453,9.420572,8.525784e-11,0.003622229,0.009419989,False,0.012633,False
2018-05-06,RS01SLBS-MJ01A-12-VEL3DB101,2,True,2018-05-06T00:00:00Z,2018-05-06T23:59:59Z,86394,86394,0,1.0,0.999706745,1.000061771,0.001550408,0,0,3,3,1e-06,1.699583,14.08144,7.261185e-10,0.001699478,0.01408057,False,0.012621,False
2018-05-07,RS01SLBS-MJ01A-12-VEL3DB101,2,True,2018-05-07T00:00:00Z,2018-05-07T23:59:59Z,86395,86395,0,1.0,0.999705791,1.000061728,0.003312748,0,0,2,2,-0.0,1.846755,9.399763,-2.902247e-10,0.001846641,0.009399183,False,0.01609,False
2018-05-08,RS01SLBS-MJ01A-12-VEL3DB101,2,True,2018-05-08T00:00:00Z,2018-05-08T23:59:59Z,86395,86395,0,1.0,0.999699116,1.000061786,0.005513103,0,0,2,2,-1e-06,2.314534,10.81244,-6.133516e-10,0.002314391,0.01081177,False,0.011318,False
2018-05-09,RS01SLBS-MJ01A-12-VEL3DB101,2,True,2018-05-09T00:00:00Z,2018-05-09T23:59:59Z,86394,86394,0,1.0,0.999697685,1.00006179,0.001264421,0,0,3,3,-0.0,1.805451,10.164933,-2.692828e-10,0.00180534,0.0101643,False,0.012017,False
2018-05-10,RS01SLBS-MJ01A-12-VEL3DB101,2,True,2018-05-10T00:00:00Z,2018-05-10T23:59:59Z,86395,86395,0,1.0,0.999695301,1.000061783,0.000204913,0,0,1,1,-0.0,1.796434,5.606839,-1.235404e-10,0.001796323,0.005606493,False,0.004611,False
2018-05-11,RS01SLBS-MJ01A-12-VEL3DB101,2,True,2018-05-11T00:00:00Z,2018-05-11T23:59:59Z,86395,86395,0,1.0,0.999701023,1.000061803,0.001462293,0,0,0,0,-0.0,4.753515,12.723784,-2.907884e-10,0.004753221,0.012723,False,0.011383,False
2018-05-12,RS01SLBS-MJ01A-12-VEL3DB101,2,True,2018-05-12T00:00:00Z,2018-05-12T23:59:59Z,86394,86394,0,1.0,0.999685287,1.00006172,-0.000245257,0,0,0,0,-0.0,2.124283,9.701132,-4.26691e-10,0.002124152,0.009700534,False,0.012918,False
2018-05-13,RS01SLBS-MJ01A-12-VEL3DB101,2,True,2018-05-13T00:00:00Z,2018-05-13T23:59:59Z,86395,86395,0,1.0,0.999716759,1.00006183,-4.0345e-05,0,0,0,0,-0.0,1.533512,5.701427,-4.129557e-10,0.001533417,0.005701074,False,0.006911,False
2018-05-14,RS01SLBS-MJ01A-12-VEL3DB101,2,True,2018-05-14T00:00:00Z,2018-05-14T23:59:59Z,86395,86395,0,1.0,0.999715328,1.000061795,-0.001416964,0,0,0,0,-0.0,2.453774,9.080251,-3.483922e-10,0.002453622,0.00907969,False,0.007506,False
2018-05-15,RS01SLBS-MJ01A-12-VEL3DB101,2,True,2018-05-15T00:00:00Z,2018-05-15T23:59:59Z,86394,86394,0,1.0,0.99971199,1.000061773,0.000150488,0,0,0,0,-0.0,2.933918,6.845945,-4.384542e-10,0.002933736,0.006845522,False,0.006298,False
2018-05-16,RS01SLBS-MJ01A-12-VEL3DB101,2,True,2018-05-16T00:00:00Z,2018-05-16T23:59:59Z,86395,86395,0,1.0,0.99971199,1.000061799,0.005675067,0,0,0,0,-0.0,2.550838,11.013243,-3.11609e-10,0.00255068,0.01101256,False,0.011193,False
2018-05-17,RS01SLBS-MJ01A-12-VEL3DB101,2,True,2018-05-17T00:00:00Z,2018-05-17T23:59:59Z,86395,86395,0,1.0,0.999713898,1.00006186,-0.001585701,0,0,0,0,-0.0,3.430241,11.244197,-2.879481e-10,0.003430029,0.0112435,False,0.005116,False
2018-05-18,RS01SLBS-MJ01A-12-VEL3DB101,2,True,2018-05-18T00:00:00Z,2018-05-18T23:59:59Z,86258,86394,136,1.0,0.999723911,1.000062104,-0.009237078,4,136,4,138,1e-06,4.343688,15.708461,7.989175e-10,0.004343418,0.01570749,False,0.039596,True
2018-05-19,RS01SLBS-MJ01A-12-VEL3DB101,2,True,2018-05-19T00:00:00Z,2018-05-19T23:59:59Z,86395,86395,0,1.0,0.999706745,1.000061868,-0.00576861,0,0,1,1,-0.0,2.397563,8.355797,-3.939394e-10,0.002397415,0.00835528,False,0.007137,False
2018-05-20,RS01SLBS-MJ01A-12-VEL3DB101,2,True,2018-05-20T00:00:00Z,2018-05-20T23:59:59Z,86395,86395,0,1.0,0.999708176,1.000061778,-0.000881909,0,0,0,0,-0.0,2.03629,9.320573,-3.298509e-10,0.002036164,0.009319997,False,0.007236,False
2018-05-21,RS01SLBS-MJ01A-12-VEL3DB101,2,True,2018-05-21T00:00:00Z,2018-05-21T23:59:59Z,86394,86394,0,1.0,0.999696732,1.00006181,-0.00023069,0,0,0,0,-0.0,1.368353,6.050125,-4.010331e-10,0.001368268,0.006049751,False,0.005812,False
2018-05-22,RS01SLBS-MJ01A-12-VEL3DB101,2,True,2018-05-22T00:00:00Z,2018-05-22T23:59:59Z,86395,86395,0,1.0,0.999699116,1.000061788,-0.000113716,0,0,2,2,1e-06,1.758689,9.975661,7.926649e-10,0.00175858,0.009975045,False,0.006397,False
2018-05-23,RS01SLBS-MJ01A-12-VEL3DB101,2,True,2018-05-23T00:00:00Z,2018-05-23T23:59:59Z,86395,86395,0,1.0,0.999713421,1.000061724,0.000456,0,0,1,1,-0.0,3.59696,9.237951,-3.554487e-11,0.003596738,0.009237381,False,0.00456,False
2018-05-24,RS01SLBS-MJ01A-12-VEL3DB101,2,True,2018-05-24T00:00:00Z,2018-05-24T23:59:59Z,86394,86394,0,1.0,0.999696255,1.000061814,0.005433306,0,0,1,1,-0.0,2.292278,9.202631,-8.647527e-11,0.002292136,0.009202062,False,0.006423,False
2018-05-25,RS01SLBS-MJ01A-12-VEL3DB101,2,True,2018-05-25T00:00:00Z,2018-05-25T23:59:59Z,86395,86395,0,1.0,0.999714851,1.000061802,0.000127562,0,0,0,0,-0.0,2.591802,11.644066,-3.443957e-10,0.002591642,0.01164335,False,0.007248,False
2018-05-26,RS01SLBS-MJ01A-12-VEL3DB101,2,True,2018-05-26T00:00:00Z,2018-05-26T23:59:59Z,86395,86395,0,1.0,0.999708652,1.000061829,-0.00247544,0,0,2,2,-0.0,2.827646,11.521265,-4.266828e-10,0.002827471,0.01152055,False,0.008011,False
2018-05-27,RS01SLBS-MJ01A-12-VEL3DB101,2,True,2018-05-27T00:00:00Z,2018-05-27T23:59:59Z,86394,86394,0,1.0,0.999707222,1.000061833,-0.004583864,0,0,0,0,-0.0,3.226129,11.317375,-3.768342e-10,0.00322593,0.01131668,False,0.007583,False
2018-05-28,RS01SLBS-MJ01A-12-VEL3DB101,2,True,2018-05-28T00:00:00Z,2018-05-28T23:59:59Z,86395,86395,0,1.0,0.999708176,1.000061806,-2.3389e-05,0,0,0,0,-0.0,2.022003,6.786481,-3.224152e-10,0.002021878,0.006786061,False,0.006391,False
2018-05-29,RS01SLBS-MJ01A-12-VEL3DB101,2,True,2018-05-29T00:00:00Z,2018-05-29T23:59:59Z,86395,86395,0,1.0,0.999703884,1.000061815,0.001814458,0,0,0,0,-0.0,1.917372,9.63773,-3.293147e-10,0.001917253,0.009637135,False,0.008157,False
2018-05-30,RS01SLBS-MJ01A-12-VEL3DB101,2,True,2018-05-30T00:00:00Z,2018-05-30T23:59:59Z,86394,86394,0,1.0,0.99972105,1.000061815,-0.002267508,0,0,1,1,0.0,1.995348,11.575996,1.592538e-10,0.001995224,0.01157528,False,0.010792,False
2018-05-31,RS01SLBS-MJ01A-12-VEL3DB101,2,True,2018-05-31T00:00:00Z,2018-05-31T23:59:59Z,86395,86395,0,1.0,0.999720097,1.000061825,0.000272475,0,0,0,0,-0.0,1.971434,6.113464,-3.289131e-10,0.001971312,0.006113086,False,0.006243,False
2018-06-01,RS01SLBS-MJ01A-12-VEL3DB101,2,True,2018-06-01T00:00:00Z,2018-06-01T23:59:59Z,86394,86394,0,1.0,0.999716282,1.000061833,0.000593352,0,0,0,0,-0.0,2.065757,12.295075,-3.3907e-10,0.002065629,0.01229431,False,0.01312,False
2018-06-02,RS01SLBS-MJ01A-12-VEL3DB101,2,True,2018-06-02T00:00:00Z,2018-06-02T23:59:59Z,86395,86395,0,1.0,0.999713898,1.000061821,-0.000715832,0,0,0,0,-0.0,1.845599,7.515212,-3.66535e-10,0.001845485,0.007514747,False,0.007574,False
2018-06-03,RS01SLBS-MJ01A-12-VEL3DB101,2,True,2018-06-03T00:00:00Z,2018-06-03T23:59:59Z,86395,86395,0,1.0,0.999711037,1.000061796,-5.12e-06,0,0,0,0,-0.0,1.420709,10.226546,-3.112986e-10,0.001420621,0.01022591,False,0.011527,False
2018-06-04,RS01SLBS-MJ01A-12-VEL3DB101,2,True,2018-06-04T00:00:00Z,2018-06-04T23:59:59Z,86394,86394,0,1.0,0.999714375,1.000061765,0.001608439,0,0,0,0,-0.0,2.360689,10.08395,-4.203065e-10,0.002360543,0.01008333,False,0.011045,False
2018-06-05,RS01SLBS-MJ01A-12-VEL3DB101,2,True,2018-06-05T00:00:00Z,2018-06-05T23:59:59Z,86395,86395,0,1.0,0.999719143,1.000061847,0.004631139,0,0,0,0,-0.0,3.340259,9.231434,-3.536862e-10,0.003340053,0.009230863,False,0.005053,False
2018-06-06,RS01SLBS-MJ01A-12-VEL3DB101,2,True,2018-06-06T00:00:00Z,2018-06-06T23:59:59Z,86395,86395,0,1.0,0.999721289,1.0000618,-0.004433095,0,0,1,1,-0.0,2.136201,7.846486,-1.51067e-10,0.002136069,0.007846002,False,0.010335,False
2018-06-07,RS01SLBS-MJ01A-12-VEL3DB101,2,True,2018-06-07T00:00:00Z,2018-06-07T23:59:59Z,86394,86394,0,1.0,0.999710083,1.000061773,0.003379083,0,0,2,2,1e-06,2.121672,9.142483,1.245321e-09,0.002121541,0.009141919,False,0.005999,False
2018-06-08,RS01SLBS-MJ01A-12-VEL3DB101,2,True,2018-06-08T00:00:00Z,2018-06-08T23:59:59Z,86395,86395,0,1.0,0.999712944,1.000061758,0.000588036,0,0,0,0,-0.0,2.728235,10.457762,-3.224198e-10,0.002728066,0.01045712,False,0.013149,False
2018-06-09,RS01SLBS-MJ01A-12-VEL3DB101,2,True,2018-06-09T00:00:00Z,2018-06-09T23:59:59Z,86395,86395,0,1.0,0.999697208,1.000061786,-0.002528198,0,0,2,2,-0.0,1.830754,7.586462,-3.324197e-10,0.001830641,0.007585993,False,0.008439,False
2018-06-10,RS01SLBS-MJ01A-12-VEL3DB101,2,True,2018-06-10T00:00:00Z,2018-06-10T23:59:59Z,86394,86394,0,1.0,0.999686241,1.000061795,0.001037479,0,0,1,1,-0.0,1.403832,6.421032,-2.425899e-10,0.001403745,0.006420636,False,0.005582,False
2018-06-11,RS01SLBS-MJ01A-12-VEL3DB101,2,True,2018-06-11T00:00:00Z,2018-06-11T23:59:59Z,86395,86395,0,1.0,0.999711037,1.000061758,0.001799794,0,0,0,0,-0.0,2.559538,10.223875,-3.029071e-10,0.00255938,0.01022324,False,0.007994,False
2018-06-12,RS01SLBS-MJ01A-12-VEL3DB101,2,True,2018-06-12T00:00:00Z,2018-06-12T23:59:59Z,86395,86395,0,1.0,0.999695778,1.000061753,7.1668e-05,0,0,0,0,-0.0,1.792302,9.074236,-3.055933e-10,0.001792191,0.009073676,False,0.011665,False
2018-06-13,RS01SLBS-MJ01A-12-VEL3DB101,2,True,2018-06-13T00:00:00Z,2018-06-13T23:59:59Z,86394,86394,0,1.0,0.999716759,1.000061795,0.003342041,0,0,1,1,-1e-06,1.428044,8.073076,-5.219353e-10,0.001427956,0.008072577,False,0.009027,False
2018-06-14,RS01SLBS-MJ01A-12-VEL3DB101,2,True,2018-06-14T00:00:00Z,2018-06-14T23:59:59Z,86395,86395,0,1.0,0.999711037,1.000061818,-2.6542e-05,0,0,1,1,1e-06,2.272451,10.509476,6.212618e-10,0.00227231,0.01050883,False,0.014786,False
2018-06-15,RS01SLBS-MJ01A-12-VEL3DB101,2,True,2018-06-15T00:00:00Z,2018-06-15T23:59:59Z,86395,86395,0,1.0,0.999714851,1.000061805,0.001176815,0,0,0,0,-0.0,1.61812,10.674594,-3.502261e-10,0.00161802,0.01067393,False,0.010422,False
2018-06-16,RS01SLBS-MJ01A-12-VEL3DB101,2,True,2018-06-16T00:00:00Z,2018-06-16T23:59:59Z,86293,86394,101,1.0,0.999720573,1.000061821,-0.001347313,2,101,2,102,0.0,1.606067,9.094283,2.625826e-10,0.001605968,0.009093721,False,0.035419,True
2018-06-17,RS01SLBS-MJ01A-12-VEL3DB101,2,True,2018-06-17T00:00:00Z,2018-06-17T23:59:59Z,86395,86395,0,1.0,0.999722958,1.000061846,-0.001215394,0,0,1,1,-0.0,1.479895,6.3765,-1.8514e-10,0.001479803,0.006376105,False,0.005729,False
2018-06-18,RS01SLBS-MJ01A-12-VEL3DB101,2,True,2018-06-18T00:00:00Z,2018-06-18T23:59:59Z,86395,86395,0,1.0,0.999711037,1.000061822,-0.003226438,0,0,0,0,-0.0,3.658282,10.405385,-3.580512e-10,0.003658056,0.01040474,False,0.006742,False
2018-06-19,RS01SLBS-MJ01A-12-VEL3DB101,2,True,2018-06-19T00:00:00Z,2018-06-19T23:59:59Z,86394,86394,0,1.0,0.999725342,1.000061863,0.004395656,0,0,0,0,-0.0,3.05165,8.644388,-3.996438e-10,0.003051461,0.008643854,False,0.007176,False
2018-06-20,RS01SLBS-MJ01A-12-VEL3DB101,2,True,2018-06-20T00:00:00Z,2018-06-20T23:59:59Z,86395,86395,0,1.0,0.999713898,1.000061799,3.4414e-05,0,0,0,0,-0.0,1.751478,8.105826,-3.050435e-10,0.00175137,0.008105325,False,0.008275,False
2018-06-21,RS01SLBS-MJ01A-12-VEL3DB101,2,True,2018-06-21T00:00:00Z,2018-06-21T23:59:59Z,86395,86395,0,1.0,0.999693871,1.000061778,-0.001420379,0,0,0,0,-0.0,1.508148,6.18147,-3.34169e-10,0.001508055,0.006181088,False,0.006693,False
2018-06-22,RS01SLBS-MJ01A-12-VEL3DB101,2,True,2018-06-22T00:00:00Z,2018-06-22T23:59:59Z,86394,86394,0,1.0,0.999696732,1.000061797,0.001807392,0,0,1,1,0.0,1.391395,5.2322,1.087138e-10,0.001391309,0.005231876,False,0.006572,False
2018-06-23,RS01SLBS-MJ01A-12-VEL3DB101,2,True,2018-06-23T00:00:00Z,2018-06-23T23:59:59Z,86395,86395,0,1.0,0.999702692,1.000061816,1.9743e-05,0,0,0,0,-0.0,1.389049,6.0219,-3.002115e-10,0.001388963,0.006021528,False,0.005496,False
2018-06-24,RS01SLBS-MJ01A-12-VEL3DB101,2,True,2018-06-24T00:00:00Z,2018-06-24T23:59:59Z,86395,86395,0,1.0,0.999719143,1.000061786,-0.001118204,0,0,2,2,1e-06,1.525407,7.747512,7.193254e-10,0.001525313,0.007747033,False,0.006447,False
2018-06-25,RS01SLBS-MJ01A-12-VEL3DB101,2,True,2018-06-25T00:00:00Z,2018-06-25T23:59:59Z,86394,86394,0,1.0,0.999722004,1.000061758,0.001422621,0,0,1,1,-0.0,1.586374,5.784992,-4.628276e-10,0.001586276,0.005784634,False,0.007564,False
2018-06-26,RS01SLBS-MJ01A-12-VEL3DB101,2,True,2018-06-26T00:00:00Z,2018-06-26T23:59:59Z,86395,86395,0,1.0,0.99972105,1.000061724,0.002620695,0,0,0,0,-0.0,2.906483,9.009779,-3.453055e-10,0.002906304,0.009009223,False,0.006734,False
2018-06-27,RS01SLBS-MJ01A-12-VEL3DB101,2,True,2018-06-27T00:00:00Z,2018-06-27T23:59:59Z,86395,86395,0,1.0,0.999732018,1.000061826,-0.000843087,0,0,0,0,-0.0,3.788246,11.577462,-3.066148e-10,0.003788012,0.01157675,False,0.009164,False
2018-06-28,RS01SLBS-MJ01A-12-VEL3DB101,2,True,2018-06-28T00:00:00Z,2018-06-28T23:59:59Z,86394,86394,0,1.0,0.999717712,1.00006182,0.000167846,0,0,2,2,1e-06,2.036368,6.474404,5.439322e-10,0.002036242,0.006474004,False,0.007789,False
2018-06-29,RS01SLBS-MJ01A-12-VEL3DB101,2,True,2018-06-29T00:00:00Z,2018-06-29T23:59:59Z,86395,86395,0,1.0,0.999714851,1.000061819,-0.00223354,0,0,0,0,-0.0,1.544728,8.069086,-3.496677e-10,0.001544632,0.008068587,False,0.005851,False
2018-06-30,RS01SLBS-MJ01A-12-VEL3DB101,2,True,2018-06-30T00:00:00Z,2018-06-30T23:59:59Z,86395,86395,0,1.0,0.99972105,1.000061824,-0.001540916,0,0,0,0,-0.0,1.684948,8.829301,-3.066825e-10,0.001684843,0.008828755,False,0.007949,False
2018-07-01,RS01SLBS-MJ01A-12-VEL3DB101,2,True,2018-07-01T00:00:00Z,2018-07-01T23:59:59Z,86394,86394,0,1.0,0.999723911,1.000061837,-0.002952201,0,0,0,0,-0.0,2.347176,9.141139,-3.791141e-10,0.002347031,0.009140573,False,0.009825,False
2018-07-02,RS01SLBS-MJ01A-12-VEL3DB101,2,True,2018-07-02T00:00:00Z,2018-07-02T23:59:59Z,86395,86395,0,1.0,0.999725342,1.000061797,0.001113337,0,0,1,1,0.0,2.062848,7.182635,2.491151e-10,0.002062721,0.007182192,False,0.006779,False
2018-07-03,RS01SLBS-MJ01A-12-VEL3DB101,2,True,2018-07-03T00:00:00Z,2018-07-03T23:59:59Z,86395,86395,0,1.0,0.999717236,1.000061817,9.5697e-05,0,0,1,1,0.0,1.895193,6.893074,2.120197e-10,0.001895076,0.006892648,False,0.005665,False
2018-07-04,RS01SLBS-MJ01A-12-VEL3DB101,2,True,2018-07-04T00:00:00Z,2018-07-04T23:59:59Z,86394,86394,0,1.0,0.999725819,1.000061784,0.001912266,0,0,0,0,-0.0,2.22535,7.200939,-4.09604e-10,0.002225213,0.007200495,False,0.005609,False
2018-07-05,RS01SLBS-MJ01A-12-VEL3DB101,2,True,2018-07-05T00:00:00Z,2018-07-05T23:59:59Z,86346,86395,49,1.0,0.999720097,1.000061811,0.000758864,3,49,3,50,0.0,1.362114,9.363952,1.510042e-10,0.001362029,0.009363373,False,0.010495,True
2018-07-06,RS01SLBS-MJ01A-12-VEL3DB101,2,True,2018-07-06T00:00:00Z,2018-07-06T23:59:59Z,86367,86395,28,1.0,0.999725342,1.000061793,-1.966e-06,5,28,5,31,-0.0,1.230159,4.981352,-3.789944e-10,0.001230083,0.004981044,False,0.006245,True
2018-07-07,RS01SLBS-MJ01A-12-VEL3DB101,2,True,2018-07-07T00:00:00Z,2018-07-07T23:59:59Z,86394,86394,0,1.0,0.999719143,1.000061789,-0.001222843,0,0,1,1,-0.0,1.913872,8.548858,-1.153496e-10,0.001913754,0.008548329,False,0.006779,False
2018-07-08,RS01SLBS-MJ01A-12-VEL3DB101,2,True,2018-07-08T00:00:00Z,2018-07-08T23:59:59Z,86395,86395,0,1.0,0.999735355,1.000061747,0.000999011,0,0,1,1,-0.0,1.439043,6.20513,-1.964378e-10,0.001438954,0.006204747,False,0.005727,False
2018-07-09,RS01SLBS-MJ01A-12-VEL3DB101,2,True,2018-07-09T00:00:00Z,2018-07-09T23:59:59Z,86395,86395,0,1.0,0.999720097,1.000061791,0.001165152,0,0,1,1,-0.0,1.807479,10.922187,-3.532493e-10,0.001807367,0.01092151,False,0.011526,False
2018-07-10,RS01SLBS-MJ01A-12-VEL3DB101,2,True,2018-07-10T00:00:00Z,2018-07-10T23:59:59Z,86394,86394,0,1.0,0.999733925,1.000061814,0.000291538,0,0,0,0,-0.0,1.425213,7.226787,-4.584642e-10,0.001425125,0.00722634,False,0.005487,False
2018-07-11,RS01SLBS-MJ01A-12-VEL3DB101,2,True,2018-07-11T00:00:00Z,2018-07-11T23:59:59Z,86395,86395,0,1.0,0.999727726,1.000061788,-0.000732765,0,0,0,0,-0.0,1.328974,7.573694,-3.054553e-10,0.001328892,0.007573226,False,0.007474,False
2018-07-12,RS01SLBS-MJ01A-12-VEL3DB101,2,True,2018-07-12T00:00:00Z,2018-07-12T23:59:59Z,86395,86395,0,1.0,0.999736786,1.000061822,-0.001164448,0,0,1,1,-1e-06,1.315369,6.270958,-6.021441e-10,0.001315288,0.006270571,False,0.005239,False
2018-07-13,RS01SLBS-MJ01A-12-VEL3DB101,2,True,2018-07-13T00:00:00Z,2018-07-13T23:59:59Z,86394,86394,0,1.0,0.999732018,1.000061814,0.000814044,0,0,1,1,-1e-06,1.634652,10.842158,-5.338457e-10,0.001634551,0.01084149,False,0.010353,False
2018-07-14,RS01SLBS-MJ01A-12-VEL3DB101,2,True,2018-07-14T00:00:00Z,2018-07-14T23:59:59Z,86395,86395,0,1.0,0.999736786,1.000061795,0.001037156,0,0,0,0,-0.0,2.211998,6.85804,-3.325816e-10,0.002211861,0.006857616,False,0.006394,False
2018-07-15,RS01SLBS-MJ01A-12-VEL3DB101,2,True,2018-07-15T00:00:00Z,2018-07-15T23:59:59Z,86395,86395,0,1.0,0.999731064,1.000061851,0.000897007,0,0,0,0,-0.0,1.865743,8.764594,-2.988541e-10,0.001865628,0.008764051,False,0.011828,False
2018-07-16,RS01SLBS-MJ01A-12-VEL3DB101,2,True,2018-07-16T00:00:00Z,2018-07-16T23:59:59Z,86394,86394,0,1.0,0.999722958,1.000061832,-0.002807564,0,0,1,1,-0.0,1.85182,7.943691,-4.932126e-10,0.001851705,0.0079432,False,0.007546,False
2018-07-17,RS01SLBS-MJ01A-12-VEL3DB101,2,True,2018-07-17T00:00:00Z,2018-07-17T23:59:59Z,85636,86395,759,1.0,0.999732018,1.00006182,-0.003674621,2,759,2,760,0.0,2.106449,9.816658,2.478127e-10,0.002106319,0.009816051,False,0.250131,True
2018-07-18,RS01SLBS-MJ01A-12-VEL3DB101,2,True,2018-07-18T00:00:00Z,2018-07-18T23:59:59Z,86395,86395,0,1.0,0.999724388,1.000061791,-0.002771505,0,0,0,0,-0.0,1.694041,8.56172,-3.722736e-10,0.001693936,0.008561191,False,0.007804,False
2018-07-19,RS01SLBS-MJ01A-12-VEL3DB101,2,True,2018-07-19T00:00:00Z,2018-07-19T23:59:59Z,86394,86394,0,1.0,0.999723911,1.000061794,-0.001863144,0,0,0,0,-0.0,1.644779,5.819469,-4.475431e-10,0.001644678,0.005819109,False,0.007994,False
2018-07-20,RS01SLBS-MJ01A-12-VEL3DB101,2,True,2018-07-20T00:00:00Z,2018-07-20T23:59:59Z,86395,86395,0,1.0,0.999722958,1.000061795,-0.000646788,0,0,0,0,-0.0,1.742626,7.829524,-3.197013e-10,0.001742518,0.00782904,False,0.005919,False
2018-07-21,RS01SLBS-MJ01A-12-VEL3DB101,2,True,2018-07-21T00:00:00Z,2018-07-21T23:59:59Z,86395,86395,0,1.0,0.999732971,1.000061791,0.001653967,0,0,1,1,0.0,2.127245,7.215954,3.33966e-10,0.002127113,0.007215508,False,0.009093,False
2018-07-22,RS01SLBS-MJ01A-12-VEL3DB101,2,True,2018-07-22T00:00:00Z,2018-07-22T23:59:59Z,86394,86394,0,1.0,0.999731064,1.000061812,0.005623493,0,0,0,0,-0.0,1.894427,12.004809,-4.096106e-10,0.00189431,0.01200407,False,0.011815,False
2018-07-23,RS01SLBS-MJ01A-12-VEL3DB101,2,True,2018-07-23T00:00:00Z,2018-07-23T23:59:59Z,86395,86395,0,1.0,0.999712944,1.000061793,0.000999227,0,0,1,1,-0.0,1.543106,5.981612,-2.983676e-10,0.001543011,0.005981242,False,0.005781,False
2018-07-24,RS01SLBS-MJ01A-12-VEL3DB101,2,True,2018-07-24T00:00:00Z,2018-07-24T23:59:59Z,86395,86395,0,1.0,0.999726772,1.000061794,0.002028129,0,0,0,0,-0.0,2.072241,16.894137,-3.422513e-10,0.002072113,0.01689309,False,0.017913,False
2018-07-25,RS01SLBS-MJ01A-12-VEL3DB101,2,True,2018-07-25T00:00:00Z,2018-07-25T23:59:59Z,86394,86394,0,1.0,0.999715328,1.000061804,0.000585459,0,0,0,0,-0.0,1.267243,4.995132,-3.984232e-10,0.001267164,0.004994823,False,0.004656,False
2018-07-26,RS01SLBS-MJ01A-12-VEL3DB101,2,True,2018-07-26T00:00:00Z,2018-07-26T23:59:59Z,86395,86395,0,1.0,0.999738216,1.000061819,-0.002638668,0,0,0,0,-0.0,2.126272,7.51555,-3.499888e-10,0.00212614,0.007515085,False,0.004492,False
2018-07-27,RS01SLBS-MJ01A-12-VEL3DB101,2,True,2018-07-27T00:00:00Z,2018-07-27T23:59:59Z,86394,86394,0,1.0,0.99973917,1.000061796,0.000207169,0,0,0,0,-0.0,2.2711,10.071846,-4.213985e-10,0.00227096,0.01007122,False,0.008586,False
2018-07-28,RS01SLBS-MJ01A-12-VEL3DB101,2,True,2018-07-28T00:00:00Z,2018-07-28T23:59:59Z,86395,86395,0,1.0,0.99974823,1.000061824,-0.001453689,0,0,2,2,-0.0,1.339064,5.411499,-1.96148e-11,0.001338981,0.005411164,False,0.005661,False
2018-07-29,RS01SLBS-MJ01A-12-VEL3DB101,2,True,2018-07-29T00:00:00Z,2018-07-29T23:59:59Z,86395,86395,0,1.0,0.999726295,1.000061774,-0.003012375,0,0,0,0,-0.0,2.441224,10.83365,-3.476211e-10,0.002441073,0.01083298,False,0.010374,False
2018-07-30,RS01SLBS-MJ01A-12-VEL3DB101,2,True,2018-07-30T00:00:00Z,2018-07-30T23:59:59Z,86394,86394,0,1.0,0.999732018,1.000061818,0.00370271,0,0,1,1,0.0,2.675239,7.642876,2.851175e-10,0.002675074,0.007642404,False,0.00465,False
2018-07-31,RS01SLBS-MJ01A-12-VEL3DB101,2,True,2018-07-31T00:00:00Z,2018-07-31T23:59:59Z,86395,86395,0,1.0,0.99971199,1.000061842,0.000397595,0,0,0,0,-0.0,2.649588,11.231644,-2.991943e-10,0.002649425,0.01123095,False,0.011846,False
2018-08-01,RS01SLBS-MJ01A-12-VEL3DB101,2,True,2018-08-01T00:00:00Z,2018-08-01T23:59:59Z,86395,86395,0,1.0,0.999733925,1.000061824,0.001132405,0,0,0,0,-0.0,2.319657,9.113838,-3.287574e-10,0.002319513,0.009113275,False,0.00821,False
2018-08-02,RS01SLBS-MJ01A-12-VEL3DB101,2,True,2018-08-02T00:00:00Z,2018-08-02T23:59:59Z,86394,86394,0,1.0,0.999731064,1.000061822,-0.001668,0,0,1,1,0.0,2.021708,7.423323,5.125218e-11,0.002021583,0.007422865,False,0.005302,False
2018-08-03,RS01SLBS-MJ01A-12-VEL3DB101,2,True,2018-08-03T00:00:00Z,2018-08-03T23:59:59Z,86395,86395,0,1.0,0.999724865,1.000061845,3.5061e-05,0,0,0,0,-0.0,1.787797,6.835824,-2.97062e-10,0.001787687,0.006835401,False,0.007041,False
2018-08-04,RS01SLBS-MJ01A-12-VEL3DB101,2,True,2018-08-04T00:00:00Z,2018-08-04T23:59:59Z,86395,86395,0,1.0,0.999734879,1.000061828,-0.001958286,0,0,0,0,-0.0,1.544431,7.805138,-3.427113e-10,0.001544335,0.007804655,False,0.006253,False
2018-08-05,RS01SLBS-MJ01A-12-VEL3DB101,2,True,2018-08-05T00:00:00Z,2018-08-05T23:59:59Z,86394,86394,0,1.0,0.999734879,1.000061791,0.006771544,0,0,1,1,0.0,2.229321,11.59639,1.876589e-11,0.002229183,0.01159567,False,0.010144,False
2018-08-06,RS01SLBS-MJ01A-12-VEL3DB101,2,True,2018-08-06T00:00:00Z,2018-08-06T23:59:59Z,86395,86395,0,1.0,0.999727726,1.000061809,-0.002300046,0,0,0,0,-0.0,1.70214,7.896392,-3.520007e-10,0.001702035,0.007895904,False,0.007748,False
2018-08-07,RS01SLBS-MJ01A-12-VEL3DB101,2,True,2018-08-07T00:00:00Z,2018-08-07T23:59:59Z,86395,86395,0,1.0,0.99973917,1.000061819,-0.002738847,0,0,4,4,0.0,2.355718,13.21482,2.561323e-10,0.002355573,0.013214,False,0.012918,False
2018-08-08,RS01SLBS-MJ01A-12-VEL3DB101,2,True,2018-08-08T00:00:00Z,2018-08-08T23:59:59Z,86394,86394,0,1.0,0.999739647,1.000061816,0.000311114,0,0,0,0,-0.0,1.707029,11.828183,-3.582695e-10,0.001706923,0.01182745,False,0.010865,False
2018-08-09,RS01SLBS-MJ01A-12-VEL3DB101,2,True,2018-08-09T00:00:00Z,2018-08-09T23:59:59Z,86395,86395,0,1.0,0.999742985,1.000061817,0.000378874,0,0,0,0,-0.0,1.681542,5.32609,-3.288395e-10,0.001681438,0.005325761,False,0.006562,False
2018-08-10,RS01SLBS-MJ01A-12-VEL3DB101,2,True,2018-08-10T00:00:00Z,2018-08-10T21:27:31Z,77247,77247,0,1.0,0.999743938,1.000061808,-0.000848569,0,0,1,1,-0.0,1.601394,11.937055,-3.159929e-10,0.001601295,0.01193632,False,0.010036,False
2018-08-11,RS01SLBS-MJ01A-12-VEL3DB101,2,True,2018-08-11T16:51:41Z,2018-08-11T23:59:59Z,25698,25698,0,1.0,1.000409126,1.000061961,-0.009157651,0,0,0,0,-0.0,1.627523,9.157651,-9.927947e-12,0.001627422,0.009157084,False,0.012194,False
2018-08-12,RS01SLBS-MJ01A-12-VEL3DB101,2,True,2018-08-12T00:00:00Z,2018-08-12T23:59:59Z,86395,86395,0,1.0,0.999726772,1.000061798,0.000705314,0,0,0,0,-0.0,1.72462,5.719434,-2.982185e-10,0.001724514,0.005719081,False,0.008657,False
2018-08-13,RS01SLBS-MJ01A-12-VEL3DB101,2,True,2018-08-13T00:00:00Z,2018-08-13T23:59:59Z,86293,86394,101,1.0,0.999714851,1.000061813,-0.000502559,1,101,1,101,0.0,1.805052,5.734526,4.816541e-10,0.001804941,0.005734172,False,0.03556,True
2018-08-14,RS01SLBS-MJ01A-12-VEL3DB101,2,True,2018-08-14T00:00:00Z,2018-08-14T23:59:59Z,86395,86395,0,1.0,0.999820232,1.00006178,0.002620172,0,0,3,3,-1e-06,1.803264,6.130475,-5.086237e-10,0.001803153,0.006130096,False,0.005107,False
2018-08-15,RS01SLBS-MJ01A-12-VEL3DB101,2,True,2018-08-15T00:00:00Z,2018-08-15T23:59:59Z,86395,86395,0,1.0,0.999734879,1.000061867,-3.2799e-05,0,0,0,0,-0.0,2.435441,10.041638,-3.624593e-10,0.002435291,0.01004102,False,0.009077,False
2018-08-16,RS01SLBS-MJ01A-12-VEL3DB101,2,True,2018-08-16T00:00:00Z,2018-08-16T23:59:59Z,86394,86394,0,1.0,0.999802113,1.000061808,0.000877375,0,0,0,0,-0.0,1.540473,11.060139,-4.014962e-10,0.001540378,0.01105946,False,0.014287,False
2018-08-17,RS01SLBS-MJ01A-12-VEL3DB101,2,True,2018-08-17T00:00:00Z,2018-08-17T23:59:59Z,86395,86395,0,1.0,0.999799252,1.000061829,-0.002720275,0,0,1,1,-0.0,2.541552,7.396014,-2.676874e-10,0.002541395,0.007395556,False,0.006012,False
2018-08-18,RS01SLBS-MJ01A-12-VEL3DB101,2,True,2018-08-18T00:00:00Z,2018-08-18T23:59:59Z,86395,86395,0,1.0,0.999823093,1.000061806,0.00071792,0,0,0,0,-0.0,1.49908,6.543312,-3.289525e-10,0.001498987,0.006542908,False,0.00648,False
2018-08-19,RS01SLBS-MJ01A-12-VEL3DB101,2,True,2018-08-19T00:00:00Z,2018-08-19T23:59:59Z,86394,86394,0,1.0,0.999759197,1.000061794,-0.001209848,0,0,1,1,0.0,2.229458,11.25333,2.44813e-10,0.00222932,0.01125263,False,0.008669,False
2018-08-20,RS01SLBS-MJ01A-12-VEL3DB101,2,True,2018-08-20T00:00:00Z,2018-08-20T23:59:59Z,86395,86395,0,1.0,0.999796867,1.000061759,0.003971681,0,0,1,1,-0.0,1.744545,7.877228,-3.410351e-10,0.001744438,0.007876742,False,0.006798,False
2018-08-21,RS01SLBS-MJ01A-12-VEL3DB101,2,True,2018-08-21T00:00:00Z,2018-08-21T23:59:59Z,86395,86395,0,1.0,0.999752998,1.000061837,-0.001478681,0,0,1,1,-0.0,2.118204,8.689686,-8.809541e-11,0.002118073,0.008689148,False,0.007982,False
2018-08-22,RS01SLBS-MJ01A-12-VEL3DB101,2,True,2018-08-22T00:00:00Z,2018-08-22T17:41:59Z,63716,63716,0,1.0,0.999752045,1.000061779,0.004649812,0,0,2,2,0.0,1.863546,7.397618,1.379042e-10,0.001863431,0.007397161,False,0.007133,False
2018-08-23,RS01SLBS-MJ01A-12-VEL3DB101,2,False,,,0,0,,1.0,,,,,,,,,,,,,,,,False
2018-08-24,RS01SLBS-MJ01A-12-VEL3DB101,2,True,2018-08-24T19:10:50Z,2018-08-24T23:59:59Z,17349,17349,0,1.0,1.000442028,1.000062096,-0.010682076,0,0,0,0,-0.0,1.380503,10.682076,-1.633123e-11,0.001380417,0.01068141,False,0.013733,False
2018-08-25,RS01SLBS-MJ01A-12-VEL3DB101,2,True,2018-08-25T00:00:00Z,2018-08-25T23:59:59Z,86395,86395,0,1.0,0.999714375,1.000061778,-0.000778979,0,0,0,0,-0.0,2.178547,9.341302,-2.905671e-10,0.002178413,0.009340725,False,0.008649,False
2018-08-26,RS01SLBS-MJ01A-12-VEL3DB101,2,True,2018-08-26T00:00:00Z,2018-08-26T23:59:59Z,86394,86394,0,1.0,0.999736309,1.000061814,-0.000748094,0,0,1,1,0.0,1.442912,6.800468,1.843908e-10,0.001442823,0.006800048,False,0.00683,False
2018-08-27,RS01SLBS-MJ01A-12-VEL3DB101,2,True,2018-08-27T00:00:00Z,2018-08-27T23:59:59Z,86395,86395,0,1.0,0.999731064,1.000061803,0.000472885,0,0,1,1,-0.0,1.863969,6.456284,-1.538436e-10,0.001863854,0.006455885,False,0.004749,False
2018-08-28,RS01SLBS-MJ01A-12-VEL3DB101,2,True,2018-08-28T00:00:00Z,2018-08-28T15:26:42Z,55600,55600,0,1.0,1.000480175,1.000061834,-0.001184007,0,0,0,0,-0.0,1.372957,6.283415,-2.571166e-10,0.001372872,0.006283027,False,0.005676,False
2018-08-29,RS01SLBS-MJ01A-12-VEL3DB101,2,False,,,0,0,,1.0,,,,,,,,,,,,,,,,False
2018-08-30,RS01SLBS-MJ01A-12-VEL3DB101,2,True,2018-08-30T22:36:48Z,2018-08-30T23:59:59Z,4891,4992,101,1.0,0.999780893,1.000061748,-0.00891273,1,101,1,101,-0.0,1.746401,8.91273,-1.948526e-12,0.001746293,0.00891218,False,0.029188,True
2018-08-31,RS01SLBS-MJ01A-12-VEL3DB101,2,True,2018-08-31T00:00:00Z,2018-08-31T23:59:59Z,86395,86395,0,1.0,0.999743938,1.000061794,0.001504058,0,0,0,0,-0.0,1.657107,6.463787,-3.360082e-10,0.001657004,0.006463388,False,0.005217,False
2018-09-01,RS01SLBS-MJ01A-12-VEL3DB101,2,True,2018-09-01T00:00:00Z,2018-09-01T23:59:59Z,86394,86394,0,1.0,0.999755859,1.000061801,-0.004271102,0,0,1,1,-0.0,2.573352,10.837385,-4.714248e-10,0.002573193,0.01083671,False,0.010412,False
2018-09-02,RS01SLBS-MJ01A-12-VEL3DB101,2,True,2018-09-02T00:00:00Z,2018-09-02T23:59:59Z,86395,86395,0,1.0,0.99977088,1.00006189,-0.004136229,0,0,0,0,-0.0,1.830122,9.053693,-3.363015e-10,0.001830009,0.009053133,False,0.010523,False
2018-09-03,RS01SLBS-MJ01A-12-VEL3DB101,2,True,2018-09-03T00:00:00Z,2018-09-03T23:59:59Z,86395,86395,0,1.0,0.999750137,1.000061764,-0.002411512,0,0,1,1,-0.0,1.761321,14.03918,-3.495157e-10,0.001761212,0.01403831,False,0.012572,False
2018-09-04,RS01SLBS-MJ01A-12-VEL3DB101,2,True,2018-09-04T00:00:00Z,2018-09-04T23:59:59Z,86394,86394,0,1.0,0.999754429,1.00006179,-0.000208421,0,0,0,0,-0.0,1.556447,9.166889,-4.332868e-10,0.001556351,0.009166323,False,0.007754,False
2018-09-05,RS01SLBS-MJ01A-12-VEL3DB101,2,True,2018-09-05T00:00:00Z,2018-09-05T14:25:36Z,51593,51934,341,1.0,0.999765396,1.000061808,-0.001022143,1,341,1,341,0.0,1.662534,11.480463,2.89693e-10,0.001662431,0.01147975,False,0.100771,True
2018-09-06,RS01SLBS-MJ01A-12-VEL3DB101,2,False,,,0,0,,1.0,,,,,,,,,,,,,,,,False
2018-09-07,RS01SLBS-MJ01A-12-VEL3DB101,2,True,2018-09-07T03:05:45Z,2018-09-07T23:59:59Z,75250,75250,0,1.0,0.999749184,1.000061754,0.001789572,0,0,1,1,0.0,1.589896,11.187674,2.341007e-10,0.001589798,0.01118698,False,0.011267,False
2018-09-08,RS01SLBS-MJ01A-12-VEL3DB101,2,True,2018-09-08T00:00:00Z,2018-09-08T23:59:59Z,86395,86395,0,1.0,0.999756813,1.000061785,0.003831842,0,0,2,2,0.0,2.906099,13.255204,2.392081e-10,0.002905919,0.01325439,False,0.011792,False
2018-09-09,RS01SLBS-MJ01A-12-VEL3DB101,2,True,2018-09-09T00:00:00Z,2018-09-09T23:59:59Z,86395,86395,0,1.0,0.999756813,1.000061832,-0.001629405,0,0,0,0,-0.0,2.16464,9.725512,-3.632443e-10,0.002164506,0.009724911,False,0.009469,False
2018-09-10,RS01SLBS-MJ01A-12-VEL3DB101,2,True,2018-09-10T00:00:00Z,2018-09-10T23:59:59Z,86394,86394,0,1.0,0.99975729,1.000061733,0.00286974,0,0,1,1,-0.0,2.951231,10.145658,-1.833106e-10,0.002951048,0.01014503,False,0.015916,False
2018-09-11,RS01SLBS-MJ01A-12-VEL3DB101,2,True,2018-09-11T00:00:00Z,2018-09-11T23:59:59Z,86395,86395,0,1.0,0.999752045,1.000061746,0.00207806,0,0,0,0,-0.0,3.65039,9.191392,-3.374336e-10,0.003650165,0.009190825,False,0.006446,False
2018-09-12,RS01SLBS-MJ01A-12-VEL3DB101,2,True,2018-09-12T00:00:00Z,2018-09-12T23:59:59Z,86394,86394,0,1.0,0.999756813,1.000061808,-0.002294822,0,0,0,0,-0.0,1.986251,6.479075,-3.755289e-10,0.001986128,0.006478675,False,0.006453,False
2018-09-13,RS01SLBS-MJ01A-12-VEL3DB101,2,True,2018-09-13T00:00:00Z,2018-09-13T16:31:42Z,59500,59500,0,1.0,0.999816895,1.000061771,-0.002447267,0,0,1,1,-0.0,3.514164,9.167419,-7.599106e-11,0.003513947,0.009166853,False,0.007971,False
2018-09-14,RS01SLBS-MJ01A-12-VEL3DB101,2,True,2018-09-14T20:46:03Z,2018-09-14T23:59:05Z,11500,11582,82,1.0,0.999782085,1.000064832,0.201540267,1,82,1,82,-0.0,38.540052,215.671981,-2.012846e-11,0.03853755,0.215658,False,0.272545,True
2018-09-15,RS01SLBS-MJ01A-12-VEL3DB101,2,True,2018-09-15T00:00:00Z,2018-09-15T23:59:59Z,86265,86395,130,1.0,0.999734879,1.000061908,0.008455121,3,130,3,132,-0.0,6.219551,13.139691,-2.228797e-11,0.006219166,0.01313888,False,0.043579,True
2018-09-16,RS01SLBS-MJ01A-12-VEL3DB101,2,True,2018-09-16T00:00:00Z,2018-09-16T23:59:59Z,86395,86395,0,1.0,0.999712944,1.000061789,-0.007630606,0,0,0,0,-0.0,3.740322,14.311639,-3.089529e-10,0.003740091,0.01431076,False,0.012865,False
2018-09-17,RS01SLBS-MJ01A-12-VEL3DB101,2,True,2018-09-17T00:00:00Z,2018-09-17T23:59:59Z,86394,86394,0,1.0,0.999741554,1.000061873,0.001323316,0,0,1,1,-1e-06,2.441685,11.498888,-6.052861e-10,0.002441534,0.01149818,False,0.013301,False
2018-09-18,RS01SLBS-MJ01A-12-VEL3DB101,2,True,2018-09-18T00:00:00Z,2018-09-18T23:59:59Z,86395,86395,0,1.0,0.999750137,1.000061833,-0.002300936,0,0,0,0,-0.0,2.240374,8.385467,-3.578067e-10,0.002240235,0.008384948,False,0.007308,False
2018-09-19,RS01SLBS-MJ01A-12-VEL3DB101,2,True,2018-09-19T00:00:00Z,2018-09-19T23:53:57Z,85500,86033,533,1.0,0.999763966,1.000061831,-0.002965163,5,533,5,533,-0.0,2.339218,14.94918,-1.474209e-10,0.002339074,0.01494826,False,0.040255,True
2018-09-20,RS01SLBS-MJ01A-12-VEL3DB101,2,True,2018-09-20T00:00:00Z,2018-09-20T23:53:45Z,85500,86020,520,1.0,0.999755859,1.000061815,0.003750542,5,520,5,521,-0.0,2.094359,9.238947,-9.80824e-11,0.00209423,0.009238376,False,0.04133,True
2018-09-21,RS01SLBS-MJ01A-12-VEL3DB101,2,True,2018-09-21T00:00:00Z,2018-09-21T23:59:59Z,86395,86395,0,1.0,0.999758244,1.00006181,-0.002414358,0,0,1,1,0.0,1.757405,7.755902,2.220737e-10,0.001757296,0.007755423,False,0.005557,False
2018-09-22,RS01SLBS-MJ01A-12-VEL3DB101,2,True,2018-09-22T00:00:00Z,2018-09-22T23:59:59Z,86395,86395,0,1.0,0.999768734,1.00006185,-0.00264653,0,0,0,0,-0.0,1.989729,8.571513,-2.772834e-10,0.001989606,0.008570983,False,0.006108,False
2018-09-23,RS01SLBS-MJ01A-12-VEL3DB101,2,True,2018-09-23T00:00:00Z,2018-09-23T23:54:13Z,85500,86048,548,1.0,0.99976778,1.000061833,-9.2961e-05,6,548,6,548,-0.0,2.999085,9.61049,-2.195967e-10,0.0029989,0.009609895,False,0.039083,True
2018-09-24,RS01SLBS-MJ01A-12-VEL3DB101,2,True,2018-09-24T00:00:00Z,2018-09-24T23:54:28Z,82500,86065,3565,1.0,0.999773026,1.000048257,0.315476097,4,3565,4,3566,1e-06,273.536076,526.658836,6.410801e-10,0.2735229,0.5266334,True,0.088318,True
2018-09-25,RS01SLBS-MJ01A-12-VEL3DB101,2,True,2018-09-25T00:00:00Z,2018-09-25T23:59:59Z,86395,86395,0,1.0,0.999763012,1.000061776,0.000564696,0,0,0,0,-0.0,2.643546,8.872826,-2.993667e-10,0.002643383,0.008872278,False,0.00661,False
2018-09-26,RS01SLBS-MJ01A-12-VEL3DB101,2,True,2018-09-26T00:00:00Z,2018-09-26T23:59:59Z,86394,86394,0,1.0,0.999746799,1.000061755,0.000220678,0,0,0,0,-0.0,1.968028,8.712344,-4.061917e-10,0.001967906,0.008711806,False,0.0079,False
2018-09-27,RS01SLBS-MJ01A-12-VEL3DB101,2,True,2018-09-27T00:00:00Z,2018-09-27T23:59:59Z,86395,86395,0,1.0,0.999745846,1.000061761,0.00104205,0,0,1,1,0.0,2.038716,7.169638,3.078594e-10,0.00203859,0.007169196,False,0.005134,False
2018-09-28,RS01SLBS-MJ01A-12-VEL3DB101,2,True,2018-09-28T00:00:00Z,2018-09-28T02:38:20Z,9500,9500,0,1.0,0.999732971,1.000061623,0.000169476,0,0,0,0,-0.0,1.466627,3.667871,-2.192091e-11,0.001466536,0.003667645,False,0.00507,False
2018-09-29,RS01SLBS-MJ01A-12-VEL3DB101,2,False,,,0,0,,1.0,,,,,,,,,,,,,,,,False
2018-09-30,RS01SLBS-MJ01A-12-VEL3DB101,2,False,,,0,0,,1.0,,,,,,,,,,,,,,,,False
2018-10-01,RS01SLBS-MJ01A-12-VEL3DB101,2,False,,,0,0,,1.0,,,,,,,,,,,,,,,,False
2018-10-02,RS01SLBS-MJ01A-12-VEL3DB101,2,True,2018-10-02T16:59:29Z,2018-10-02T23:59:59Z,23684,25229,1545,1.0,1.000562668,1.000062047,0.258359102,5,1545,5,1545,-0.0,13.516985,271.462341,-1.121778e-10,0.01351615,0.2714455,False,0.22148,True
2018-10-03,RS01SLBS-MJ01A-12-VEL3DB101,2,True,2018-10-03T00:00:00Z,2018-10-03T23:59:59Z,86001,86395,394,1.0,0.999927998,1.000061794,-0.00149342,3,394,3,394,0.0,1.524012,6.29159,4.742516e-10,0.001523918,0.006291201,False,0.018632,True
2018-10-04,RS01SLBS-MJ01A-12-VEL3DB101,2,True,2018-10-04T00:00:00Z,2018-10-04T23:59:59Z,86395,86395,0,1.0,0.999921322,1.000061811,-0.000855272,0,0,0,0,-0.0,1.821967,7.490159,-3.323078e-10,0.001821854,0.007489696,False,0.007347,False
2018-10-05,RS01SLBS-MJ01A-12-VEL3DB101,2,True,2018-10-05T00:00:00Z,2018-10-05T23:59:59Z,86394,86394,0,1.0,1.000093937,1.000061814,-0.002290901,0,0,1,1,-0.0,2.202381,7.903165,-1.083974e-10,0.002202245,0.007902677,False,0.00604,False
2018-10-06,RS01SLBS-MJ01A-12-VEL3DB101,2,True,2018-10-06T00:00:00Z,2018-10-06T23:59:59Z,86395,86395,0,1.0,0.999843121,1.000061798,0.00198813,0,0,1,1,-0.0,1.796057,8.795446,-6.317563e-11,0.001795946,0.008794902,False,0.007091,False
2018-10-07,RS01SLBS-MJ01A-12-VEL3DB101,2,True,2018-10-07T00:00:00Z,2018-10-07T23:59:59Z,86395,86395,0,1.0,1.000363827,1.000061768,0.003519636,0,0,0,0,-0.0,2.217113,9.128085,-3.088121e-10,0.002216977,0.009127522,False,0.005935,False
2018-10-08,RS01SLBS-MJ01A-12-VEL3DB101,2,True,2018-10-08T00:00:00Z,2018-10-08T23:59:59Z,86394,86394,0,1.0,0.999864578,1.000061771,-0.000648027,0,0,3,3,-0.0,1.63577,9.35108,-4.406436e-10,0.001635668,0.009350502,False,0.004848,False
2018-10-09,RS01SLBS-MJ01A-12-VEL3DB101,2,True,2018-10-09T00:00:00Z,2018-10-09T23:59:59Z,86395,86395,0,1.0,1.000547886,1.000061806,-0.001469459,0,0,0,0,-0.0,1.388451,6.918649,-3.500506e-10,0.001388365,0.006918221,False,0.007645,False
2018-10-10,RS01SLBS-MJ01A-12-VEL3DB101,2,True,2018-10-10T00:00:00Z,2018-10-10T23:59:59Z,86395,86395,0,1.0,1.000500202,1.000061774,-0.00215438,0,0,1,1,-0.0,2.968581,10.863553,-2.238277e-10,0.002968397,0.01086288,False,0.005878,False
2018-10-11,RS01SLBS-MJ01A-12-VEL3DB101,2,True,2018-10-11T00:00:00Z,2018-10-11T23:59:59Z,86394,86394,0,1.0,1.000566006,1.00006177,0.006709052,0,0,1,1,0.0,2.64992,12.336167,1.423088e-10,0.002649756,0.0123354,False,0.01024,False
2018-10-12,RS01SLBS-MJ01A-12-VEL3DB101,2,True,2018-10-12T00:00:00Z,2018-10-12T23:59:59Z,86395,86395,0,1.0,0.999895096,1.000061769,-0.002656741,0,0,0,0,-0.0,2.25761,6.639541,-2.737774e-10,0.00225747,0.006639131,False,0.006609,False
2018-10-13,RS01SLBS-MJ01A-12-VEL3DB101,2,True,2018-10-13T00:00:00Z,2018-10-13T23:59:59Z,86395,86395,0,1.0,0.99982214,1.000061783,0.000255762,0,0,1,1,0.0,1.5662,4.836064,5.306064e-11,0.001566103,0.004835765,False,0.005267,False
2018-10-14,RS01SLBS-MJ01A-12-VEL3DB101,2,True,2018-10-14T00:00:00Z,2018-10-14T23:59:59Z,86394,86394,0,1.0,0.999900341,1.000061772,-0.000909073,0,0,1,1,0.0,2.02328,12.142586,1.486636e-10,0.002023155,0.01214184,False,0.012328,False
2018-10-15,RS01SLBS-MJ01A-12-VEL3DB101,2,True,2018-10-15T00:00:00Z,2018-10-15T23:59:59Z,86395,86395,0,1.0,0.999889851,1.000061785,-0.001767268,0,0,1,1,0.0,1.810749,7.874124,3.768664e-10,0.001810637,0.007873637,False,0.005987,False
2018-10-16,RS01SLBS-MJ01A-12-VEL3DB101,2,True,2018-10-16T00:00:00Z,2018-10-16T23:59:59Z,86025,86395,370,1.0,0.999906063,1.000061808,0.001289788,3,370,3,372,0.0,2.517408,9.447817,6.649473e-11,0.002517253,0.009447233,False,0.058584,True
2018-10-17,RS01SLBS-MJ01A-12-VEL3DB101,2,True,2018-10-17T00:00:00Z,2018-10-17T23:59:59Z,86394,86394,0,1.0,0.99994421,1.000061769,0.002436048,0,0,0,0,-0.0,1.801567,10.502401,-4.209664e-10,0.001801455,0.01050175,False,0.008381,False
2018-10-18,RS01SLBS-MJ01A-12-VEL3DB101,2,True,2018-10-18T00:00:00Z,2018-10-18T08:42:19Z,30399,31338,939,1.0,0.999888897,1.000061791,0.002441741,1,939,1,939,0.0,1.449785,6.884981,9.648527e-11,0.001449696,0.006884555,False,0.156909,True
2018-10-19,RS01SLBS-MJ01A-12-VEL3DB101,2,True,2018-10-19T20:14:08Z,2018-10-19T23:59:59Z,13551,13551,0,1.0,0.999829769,1.00006166,-0.001497957,0,0,0,0,0.0,1.659508,6.442372,1.307251e-11,0.001659406,0.006441974,False,0.005443,False
2018-10-20,RS01SLBS-MJ01A-12-VEL3DB101,2,True,2018-10-20T00:00:00Z,2018-10-20T23:59:59Z,86395,86395,0,1.0,1.00054431,1.000061762,0.002535332,0,0,1,1,0.0,3.79474,10.014481,1.045353e-10,0.003794506,0.01001386,False,0.00694,False
2018-10-21,RS01SLBS-MJ01A-12-VEL3DB101,2,True,2018-10-21T00:00:00Z,2018-10-21T23:59:59Z,86395,86395,0,1.0,1.000535011,1.000061669,0.005249596,0,0,2,2,-1e-06,5.259002,14.539697,-6.758498e-10,0.005258678,0.0145388,False,0.006132,False
2018-10-22,RS01SLBS-MJ01A-12-VEL3DB101,2,True,2018-10-22T00:00:00Z,2018-10-22T23:59:59Z,86394,86394,0,1.0,1.000428677,1.000061787,-0.000943534,0,0,0,0,-0.0,1.380269,7.372802,-4.129749e-10,0.001380184,0.007372346,False,0.006249,False
2018-10-23,RS01SLBS-MJ01A-12-VEL3DB101,2,True,2018-10-23T00:00:00Z,2018-10-23T23:59:59Z,86395,86395,0,1.0,1.000559568,1.000061804,-0.002417519,0,0,1,1,0.0,1.46533,7.403026,3.530241e-10,0.00146524,0.007402568,False,0.006895,False
2018-10-24,RS01SLBS-MJ01A-12-VEL3DB101,2,True,2018-10-24T00:00:00Z,2018-10-24T23:59:59Z,86395,86395,0,1.0,1.000563383,1.000061791,-0.001792381,0,0,0,0,-0.0,1.965408,8.576397,-3.17544e-10,0.001965287,0.008575867,False,0.009291,False
2018-10-25,RS01SLBS-MJ01A-12-VEL3DB101,2,True,2018-10-25T00:00:00Z,2018-10-25T23:59:59Z,86394,86394,0,1.0,1.000289917,1.000061773,0.00084366,0,0,0,0,-0.0,1.794652,7.757628,-3.97197e-10,0.001794541,0.007757149,False,0.0051,False
2018-10-26,RS01SLBS-MJ01A-12-VEL3DB101,2,True,2018-10-26T00:00:00Z,2018-10-26T23:59:59Z,86395,86395,0,1.0,1.000198364,1.000061785,0.000660029,0,0,1,1,1e-06,1.466948,11.691406,5.308313e-10,0.001466857,0.01169068,False,0.011028,False
2018-10-27,RS01SLBS-MJ01A-12-VEL3DB101,2,True,2018-10-27T00:00:00Z,2018-10-27T23:59:59Z,86395,86395,0,1.0,0.999845982,1.000061771,-0.000776137,0,0,2,2,-0.0,1.630759,7.630413,-2.000941e-11,0.001630659,0.007629942,False,0.005704,False
2018-10-28,RS01SLBS-MJ01A-12-VEL3DB101,2,True,2018-10-28T00:00:00Z,2018-10-28T23:59:59Z,86394,86394,0,1.0,1.000572205,1.00006177,0.000589142,0,0,0,0,-0.0,1.785362,7.636735,-4.031646e-10,0.001785252,0.007636263,False,0.007932,False
2018-10-29,RS01SLBS-MJ01A-12-VEL3DB101,2,True,2018-10-29T00:00:00Z,2018-10-29T23:59:59Z,86395,86395,0,1.0,0.999904156,1.000061766,0.001813386,0,0,3,3,-1e-06,1.777588,8.443388,-6.283624e-10,0.001777478,0.008442867,False,0.007093,False
2018-10-30,RS01SLBS-MJ01A-12-VEL3DB101,2,True,2018-10-30T00:00:00Z,2018-10-30T23:59:59Z,86395,86395,0,1.0,0.999863148,1.000061769,-0.001307902,0,0,0,0,-0.0,1.866583,9.723182,-3.714472e-10,0.001866468,0.009722581,False,0.008091,False
2018-10-31,RS01SLBS-MJ01A-12-VEL3DB101,2,True,2018-10-31T00:00:00Z,2018-10-31T23:59:59Z,86268,86394,126,1.0,0.999839783,1.000061781,-0.000261829,4,126,4,129,-0.0,1.566369,7.7928,-1.378896e-10,0.001566272,0.007792319,False,0.02727,True
2018-11-01,RS01SLBS-MJ01A-12-VEL3DB101,2,True,2018-11-01T00:00:00Z,2018-11-01T23:59:59Z,86395,86395,0,1.0,1.000559568,1.000061769,0.000141229,0,0,0,0,-0.0,1.618084,8.71987,-3.189998e-10,0.001617984,0.008719332,False,0.008475,False
2018-11-02,RS01SLBS-MJ01A-12-VEL3DB101,2,True,2018-11-02T00:00:00Z,2018-11-02T23:59:59Z,86395,86395,0,1.0,1.000277042,1.00006172,0.003637971,0,0,0,0,-0.0,3.532146,8.199889,-3.38251e-10,0.003531928,0.008199383,False,0.005217,False
2018-11-03,RS01SLBS-MJ01A-12-VEL3DB101,2,True,2018-11-03T00:00:00Z,2018-11-03T23:59:59Z,86394,86394,0,1.0,0.999887943,1.00006165,0.00763177,0,0,0,0,-0.0,5.38821,16.23739,-4.435393e-10,0.005387878,0.01623639,False,0.007057,False
2018-11-04,RS01SLBS-MJ01A-12-VEL3DB101,2,True,2018-11-04T00:00:00Z,2018-11-04T23:59:59Z,86395,86395,0,1.0,0.999825954,1.000061801,-0.001539978,0,0,1,1,-0.0,1.631088,7.343779,-3.917686e-10,0.001630987,0.007343325,False,0.007294,False
2018-11-05,RS01SLBS-MJ01A-12-VEL3DB101,2,True,2018-11-05T00:00:00Z,2018-11-05T23:59:59Z,86395,86395,0,1.0,0.999809742,1.000061791,-0.001375462,0,0,1,1,0.0,1.64301,11.719134,2.710359e-10,0.001642908,0.01171841,False,0.011694,False
2018-11-06,RS01SLBS-MJ01A-12-VEL3DB101,2,True,2018-11-06T00:00:00Z,2018-11-06T23:59:59Z,86394,86394,0,1.0,0.999942303,1.00006179,-2.3645e-05,0,0,0,0,-0.0,1.611922,5.970281,-4.407485e-10,0.001611823,0.005969912,False,0.006258,False
2018-11-07,RS01SLBS-MJ01A-12-VEL3DB101,2,True,2018-11-07T00:00:00Z,2018-11-07T23:59:59Z,86395,86395,0,1.0,0.999815941,1.000061818,0.001913708,0,0,1,1,0.0,2.623026,7.829287,2.014426e-10,0.002622864,0.007828803,False,0.006559,False
2018-11-08,RS01SLBS-MJ01A-12-VEL3DB101,2,True,2018-11-08T00:00:00Z,2018-11-08T23:59:59Z,85701,86395,694,1.0,0.999864101,1.00006179,-0.001915808,1,694,1,694,0.0,1.589174,9.644589,1.158572e-10,0.001589075,0.009643993,False,0.137195,True
2018-11-09,RS01SLBS-MJ01A-12-VEL3DB101,2,True,2018-11-09T00:00:00Z,2018-11-09T23:59:59Z,86394,86394,0,1.0,0.999818325,1.000061773,0.00054336,0,0,1,1,-0.0,1.20742,10.573971,-3.375718e-10,0.001207345,0.01057332,False,0.011061,False
2018-11-10,RS01SLBS-MJ01A-12-VEL3DB101,2,True,2018-11-10T00:00:00Z,2018-11-10T23:59:59Z,86395,86395,0,1.0,1.000256538,1.00006174,0.004096369,0,0,2,2,0.0,1.234372,5.329688,1.55063e-10,0.001234296,0.005329359,False,0.005899,False
2018-11-11,RS01SLBS-MJ01A-12-VEL3DB101,2,True,2018-11-11T00:00:00Z,2018-11-11T23:59:59Z,86395,86395,0,1.0,0.999897957,1.000061804,-0.000484269,0,0,0,0,-0.0,2.072397,11.0009,-3.584334e-10,0.002072269,0.01100022,False,0.011128,False
2018-11-12,RS01SLBS-MJ01A-12-VEL3DB101,2,True,2018-11-12T00:00:00Z,2018-11-12T23:59:59Z,86394,86394,0,1.0,0.999825001,1.000061784,-0.001822098,0,0,0,0,-0.0,1.901214,10.8471,-4.762885e-10,0.001901097,0.01084643,False,0.011945,False
2018-11-13,RS01SLBS-MJ01A-12-VEL3DB101,2,True,2018-11-13T00:00:00Z,2018-11-13T23:59:59Z,86395,86395,0,1.0,1.000428915,1.000061797,-0.001970115,0,0,0,0,-0.0,1.65724,9.62354,-2.964696e-10,0.001657138,0.009622945,False,0.009374,False
2018-11-14,RS01SLBS-MJ01A-12-VEL3DB101,2,True,2018-11-14T00:00:00Z,2018-11-14T23:59:59Z,86395,86395,0,1.0,1.000527859,1.000061745,-0.001494881,0,0,1,1,0.0,2.479849,7.003953,7.427592e-11,0.002479696,0.00700352,False,0.005805,False
2018-11-15,RS01SLBS-MJ01A-12-VEL3DB101,2,True,2018-11-15T00:00:00Z,2018-11-15T23:59:59Z,86394,86394,0,1.0,1.000496864,1.000061823,0.002716577,0,0,1,1,-0.0,2.104134,12.945381,-2.879467e-10,0.002104004,0.01294458,False,0.011995,False
2018-11-16,RS01SLBS-MJ01A-12-VEL3DB101,2,True,2018-11-16T00:00:00Z,2018-11-16T23:59:59Z,86395,86395,0,1.0,1.000549316,1.000061745,-0.000817744,0,0,0,0,-0.0,1.652153,7.853977,-2.961238e-10,0.001652051,0.007853492,False,0.005409,False
2018-11-17,RS01SLBS-MJ01A-12-VEL3DB101,2,True,2018-11-17T00:00:00Z,2018-11-17T23:59:59Z,86395,86395,0,1.0,1.000586033,1.00006177,-0.003571256,0,0,0,0,-0.0,2.768325,9.142541,-3.215854e-10,0.002768154,0.009141977,False,0.011423,False
2018-11-18,RS01SLBS-MJ01A-12-VEL3DB101,2,True,2018-11-18T00:00:00Z,2018-11-18T23:59:59Z,86394,86394,0,1.0,1.000597,1.000061785,-0.004709854,0,0,0,0,-0.0,2.000848,18.387487,-4.124784e-10,0.002000724,0.01838635,False,0.011508,False
2018-11-19,RS01SLBS-MJ01A-12-VEL3DB101,2,True,2018-11-19T00:00:00Z,2018-11-19T23:59:59Z,86395,86395,0,1.0,0.999837399,1.000061803,0.001126019,0,0,2,2,-0.0,1.774056,12.093785,-2.632562e-10,0.001773947,0.01209304,False,0.011396,False
2018-11-20,RS01SLBS-MJ01A-12-VEL3DB101,2,True,2018-11-20T00:00:00Z,2018-11-20T23:59:59Z,82370,86395,4025,1.0,1.000139236,1.000061803,-0.00346932,1,4025,1,4025,-1e-06,1.674281,5.153404,-5.545957e-10,0.001674178,0.005153085,False,0.311886,True
2018-11-21,RS01SLBS-MJ01A-12-VEL3DB101,2,True,2018-11-21T00:00:00Z,2018-11-21T23:59:59Z,86394,86394,0,1.0,0.999798298,1.000061789,0.000215584,0,0,1,1,0.0,1.926107,7.842169,1.098985e-10,0.001925988,0.007841685,False,0.007429,False
2018-11-22,RS01SLBS-MJ01A-12-VEL3DB101,2,True,2018-11-22T00:00:00Z,2018-11-22T23:59:59Z,86395,86395,0,1.0,0.999870777,1.000061796,-0.003397795,0,0,0,0,-0.0,1.802353,11.99473,-3.121881e-10,0.001802242,0.01199399,False,0.012233,False
2018-11-23,RS01SLBS-MJ01A-12-VEL3DB101,2,True,2018-11-23T00:00:00Z,2018-11-23T23:59:59Z,86395,86395,0,1.0,0.999814987,1.00006177,0.002743177,0,0,1,1,0.0,1.679672,7.618243,1.44244e-10,0.001679569,0.007617772,False,0.008357,False
2018-11-24,RS01SLBS-MJ01A-12-VEL3DB101,2,True,2018-11-24T00:00:00Z,2018-11-24T23:59:59Z,86394,86394,0,1.0,1.000436306,1.000061789,0.001052845,0,0,0,0,-0.0,1.470656,7.570086,-4.132605e-10,0.001470565,0.007569618,False,0.008208,False
2018-11-25,RS01SLBS-MJ01A-12-VEL3DB101,2,True,2018-11-25T00:00:00Z,2018-11-25T23:59:59Z,86395,86395,0,1.0,0.999866962,1.000061837,-0.003899136,0,0,0,0,-0.0,2.61428,7.880973,-3.322521e-10,0.002614119,0.007880486,False,0.007756,False
2018-11-26,RS01SLBS-MJ01A-12-VEL3DB101,2,True,2018-11-26T00:00:00Z,2018-11-26T23:59:59Z,86395,86395,0,1.0,0.999876976,1.000061777,5.3662e-05,0,0,1,1,-1e-06,1.733333,8.211442,-7.333364e-10,0.001733226,0.008210934,False,0.005325,False
2018-11-27,RS01SLBS-MJ01A-12-VEL3DB101,2,True,2018-11-27T00:00:00Z,2018-11-27T23:59:59Z,86394,86394,0,1.0,0.999876022,1.000061809,-0.000165556,0,0,1,1,0.0,1.834029,6.360072,4.996231e-10,0.001833916,0.006359678,False,0.007595,False
2018-11-28,RS01SLBS-MJ01A-12-VEL3DB101,2,True,2018-11-28T00:00:00Z,2018-11-28T23:59:59Z,86395,86395,0,1.0,0.99998188,1.000061778,0.001969557,0,0,0,0,-0.0,2.114152,7.417916,-3.117256e-10,0.002114021,0.007417458,False,0.005576,False
2018-11-29,RS01SLBS-MJ01A-12-VEL3DB101,2,True,2018-11-29T00:00:00Z,2018-11-29T23:59:59Z,86395,86395,0,1.0,0.999881744,1.000061797,-0.001917832,0,0,0,0,-0.0,1.577843,6.069066,-2.882718e-10,0.001577745,0.006068691,False,0.006927,False
2018-11-30,RS01SLBS-MJ01A-12-VEL3DB101,2,True,2018-11-30T00:00:00Z,2018-11-30T23:59:59Z,86394,86394,0,1.0,1.000538349,1.000061795,-0.001227953,0,0,1,1,-0.0,1.715135,11.345425,-6.140378e-11,0.001715029,0.01134472,False,0.00991,False
2018-12-01,RS01SLBS-MJ01A-12-VEL3DB101,2,True,2018-12-01T00:00:00Z,2018-12-01T23:59:59Z,86395,86395,0,1.0,1.000530481,1.0000618,-0.001573335,0,0,1,1,1e-06,1.471378,11.398912,5.966386e-10,0.001471287,0.01139821,False,0.011364,False
2018-12-02,RS01SLBS-MJ01A-12-VEL3DB101,2,True,2018-12-02T00:00:00Z,2018-12-02T23:59:59Z,86395,86395,0,1.0,0.999827862,1.000061773,-0.002664371,0,0,0,0,-0.0,1.677448,6.936626,-3.663389e-10,0.001677345,0.006936197,False,0.0075,False
2018-12-03,RS01SLBS-MJ01A-12-VEL3DB101,2,True,2018-12-03T00:00:00Z,2018-12-03T23:59:59Z,86394,86394,0,1.0,0.999810219,1.000061812,-0.004112207,0,0,0,0,-0.0,2.258532,9.342458,-4.272616e-10,0.002258393,0.009341881,False,0.009478,False
2018-12-04,RS01SLBS-MJ01A-12-VEL3DB101,2,True,2018-12-04T00:00:00Z,2018-12-04T23:59:59Z,86395,86395,0,1.0,0.999880552,1.000061878,-0.004808917,0,0,0,0,-0.0,6.636895,13.206373,-3.239588e-10,0.006636484,0.01320556,False,0.005702,False
2018-12-05,RS01SLBS-MJ01A-12-VEL3DB101,2,True,2018-12-05T00:00:00Z,2018-12-05T23:59:59Z,86395,86395,0,1.0,0.999895573,1.000061823,0.004281374,0,0,0,0,-0.0,3.218121,10.844046,-3.389415e-10,0.003217922,0.01084338,False,0.011142,False
2018-12-06,RS01SLBS-MJ01A-12-VEL3DB101,2,True,2018-12-06T00:00:00Z,2018-12-06T23:59:59Z,86394,86394,0,1.0,0.99984026,1.000061755,-0.001234022,0,0,2,2,0.0,2.12457,10.885215,4.909696e-11,0.002124438,0.01088454,False,0.008297,False
2018-12-07,RS01SLBS-MJ01A-12-VEL3DB101,2,True,2018-12-07T00:00:00Z,2018-12-07T23:59:59Z,85364,86395,1031,1.0,0.999987125,1.000061762,-0.002356761,1,1031,1,1031,-1e-06,3.149689,9.248966,-5.665327e-10,0.003149495,0.009248395,False,0.078815,True
2018-12-08,RS01SLBS-MJ01A-12-VEL3DB101,2,True,2018-12-08T00:00:00Z,2018-12-08T23:59:59Z,86395,86395,0,1.0,1.000494957,1.00006176,-0.005512625,0,0,0,0,-0.0,3.128706,16.201571,-3.601151e-10,0.003128512,0.01620057,False,0.015669,False
2018-12-09,RS01SLBS-MJ01A-12-VEL3DB101,2,True,2018-12-09T00:00:00Z,2018-12-09T23:59:59Z,86394,86394,0,1.0,1.00054884,1.000061808,-0.005033242,0,0,1,1,-0.0,5.827456,14.822704,-3.468063e-11,0.005827096,0.01482179,False,0.015016,False
2018-12-10,RS01SLBS-MJ01A-12-VEL3DB101,2,True,2018-12-10T00:00:00Z,2018-12-10T23:59:59Z,86395,86395,0,1.0,1.000551224,1.000061797,0.000113818,0,0,0,0,-0.0,2.479302,14.496905,-3.216231e-10,0.002479149,0.01449601,False,0.015295,False
2018-12-11,RS01SLBS-MJ01A-12-VEL3DB101,2,True,2018-12-11T00:00:00Z,2018-12-11T23:59:59Z,86395,86395,0,1.0,1.000525951,1.000061821,0.001780616,0,0,0,0,-0.0,2.23419,13.984632,-2.900099e-10,0.002234052,0.01398377,False,0.01317,False
2018-12-12,RS01SLBS-MJ01A-12-VEL3DB101,2,True,2018-12-12T00:00:00Z,2018-12-12T23:59:59Z,86394,86394,0,1.0,1.00056839,1.000061756,8.1356e-05,0,0,0,0,-0.0,3.963141,13.743987,-4.354067e-10,0.003962896,0.01374314,False,0.014356,False
2018-12-13,RS01SLBS-MJ01A-12-VEL3DB101,2,True,2018-12-13T00:00:00Z,2018-12-13T23:59:59Z,86395,86395,0,1.0,1.000528812,1.000061859,0.003558296,0,0,0,0,-0.0,3.899084,17.669799,-3.52463e-10,0.003898843,0.01766871,False,0.015587,False
2018-12-14,RS01SLBS-MJ01A-12-VEL3DB101,2,True,2018-12-14T00:00:00Z,2018-12-14T23:59:59Z,86395,86395,0,1.0,0.999971628,1.000061759,-0.001532046,0,0,0,0,-0.0,4.173735,24.107431,-3.071743e-10,0.004173477,0.02410594,False,0.015693,False
2018-12-15,RS01SLBS-MJ01A-12-VEL3DB101,2,True,2018-12-15T00:00:00Z,2018-12-15T23:59:59Z,86394,86394,0,1.0,1.000572681,1.000061814,0.000161843,0,0,0,0,-0.0,3.001917,15.043408,-3.695127e-10,0.003001731,0.01504248,False,0.015848,False
2018-12-16,RS01SLBS-MJ01A-12-VEL3DB101,2,True,2018-12-16T00:00:00Z,2018-12-16T23:59:59Z,86395,86395,0,1.0,1.000544071,1.000061886,-0.003333944,0,0,0,0,-0.0,3.229668,15.374502,-2.943644e-10,0.003229468,0.01537355,False,0.015851,False
2018-12-17,RS01SLBS-MJ01A-12-VEL3DB101,2,True,2018-12-17T00:00:00Z,2018-12-17T23:59:59Z,86395,86395,0,1.0,1.000580788,1.000061859,-0.009630804,0,0,1,1,-1e-06,4.700092,12.706521,-5.699026e-10,0.004699801,0.01270573,False,0.007922,False
2018-12-18,RS01SLBS-MJ01A-12-VEL3DB101,2,True,2018-12-18T00:00:00Z,2018-12-18T23:59:59Z,86394,86394,0,1.0,0.999825001,1.000061798,0.001352319,0,0,0,0,-0.0,1.64518,5.543622,-3.862042e-10,0.001645079,0.005543279,False,0.007,False
2018-12-19,RS01SLBS-MJ01A-12-VEL3DB101,2,True,2018-12-19T00:00:00Z,2018-12-19T23:59:59Z,86395,86395,0,1.0,1.000505447,1.000061823,-0.00131101,0,0,0,0,-0.0,2.191745,9.257936,-3.255305e-10,0.002191609,0.009257363,False,0.006762,False
2018-12-20,RS01SLBS-MJ01A-12-VEL3DB101,2,True,2018-12-20T00:00:00Z,2018-12-20T23:59:59Z,86395,86395,0,1.0,0.999791622,1.000061793,0.000529885,0,0,0,0,-0.0,1.618485,6.419342,-3.001662e-10,0.001618385,0.006418946,False,0.006905,False
2018-12-21,RS01SLBS-MJ01A-12-VEL3DB101,2,True,2018-12-21T00:00:00Z,2018-12-21T23:59:59Z,86394,86394,0,1.0,0.999779224,1.000061761,0.000706285,0,0,0,0,-0.0,2.265506,16.181781,-4.263628e-10,0.002265366,0.01618078,False,0.014698,False
2018-12-22,RS01SLBS-MJ01A-12-VEL3DB101,2,True,2018-12-22T00:00:00Z,2018-12-22T23:59:59Z,86395,86395,0,1.0,0.999818802,1.000061766,0.00286779,0,0,0,0,-0.0,2.038732,11.349273,-3.312295e-10,0.002038606,0.01134857,False,0.012509,False
2018-12-23,RS01SLBS-MJ01A-12-VEL3DB101,2,True,2018-12-23T00:00:00Z,2018-12-23T23:59:59Z,86395,86395,0,1.0,0.999797821,1.000061835,0.001258229,0,0,0,0,-0.0,2.417109,17.001932,-3.135886e-10,0.002416959,0.01700088,False,0.014914,False
2018-12-24,RS01SLBS-MJ01A-12-VEL3DB101,2,True,2018-12-24T00:00:00Z,2018-12-24T23:59:59Z,86394,86394,0,1.0,0.999731064,1.000061824,-0.00378965,0,0,3,3,0.0,2.679732,7.726225,2.726544e-10,0.002679567,0.007725747,False,0.007879,False
2018-12-25,RS01SLBS-MJ01A-12-VEL3DB101,2,True,2018-12-25T00:00:00Z,2018-12-25T23:59:59Z,86395,86395,0,1.0,0.999811649,1.000061863,-0.003248772,0,0,1,1,0.0,2.205451,9.571302,3.792523e-11,0.002205315,0.00957071,False,0.012491,False
2018-12-26,RS01SLBS-MJ01A-12-VEL3DB101,2,True,2018-12-26T00:00:00Z,2018-12-26T23:59:59Z,86395,86395,0,1.0,0.999796391,1.000061787,-0.002831543,0,0,0,0,-0.0,2.156428,7.022503,-3.336109e-10,0.002156295,0.007022069,False,0.005694,False
2018-12-27,RS01SLBS-MJ01A-12-VEL3DB101,2,True,2018-12-27T00:00:00Z,2018-12-27T23:59:59Z,86394,86394,0,1.0,0.999807358,1.000061824,-0.004747847,0,0,0,0,-0.0,3.08044,10.546924,-3.953098e-10,0.00308025,0.01054627,False,0.011258,False
2018-12-28,RS01SLBS-MJ01A-12-VEL3DB101,2,True,2018-12-28T00:00:00Z,2018-12-28T23:59:59Z,86395,86395,0,1.0,0.999814034,1.000061785,-0.003094942,0,0,0,0,-0.0,1.870204,10.002255,-3.35028e-10,0.001870088,0.01000164,False,0.010566,False
2018-12-29,RS01SLBS-MJ01A-12-VEL3DB101,2,True,2018-12-29T00:00:00Z,2018-12-29T23:59:59Z,86395,86395,0,1.0,0.999866009,1.000061797,-0.000311064,0,0,0,0,-0.0,1.806989,8.261884,-3.112381e-10,0.001806877,0.008261373,False,0.007027,False
2018-12-30,RS01SLBS-MJ01A-12-VEL3DB101,2,True,2018-12-30T00:00:00Z,2018-12-30T23:59:59Z,86394,86394,0,1.0,0.999830246,1.000061731,4.1172e-05,0,0,0,0,-0.0,2.55466,9.671689,-4.272729e-10,0.002554502,0.009671092,False,0.006235,False
2018-12-31,RS01SLBS-MJ01A-12-VEL3DB101,2,True,2018-12-31T00:00:00Z,2018-12-31T23:59:59Z,86395,86395,0,1.0,1.000367165,1.000061807,0.003600852,0,0,0,0,-0.0,1.796578,10.259428,-3.021197e-10,0.001796467,0.01025879,False,0.010802,False
2019-01-01,RS01SLBS-MJ01A-12-VEL3DB101,2,True,2019-01-01T00:00:00Z,2019-01-01T23:59:59Z,86394,86394,0,1.0,0.999842167,1.000061808,-0.000951177,0,0,2,2,-0.0,1.316907,5.845208,-4.003769e-10,0.001316826,0.005844846,False,0.005144,False
2019-01-02,RS01SLBS-MJ01A-12-VEL3DB101,2,True,2019-01-02T00:00:00Z,2019-01-02T23:59:59Z,86395,86395,0,1.0,0.999798298,1.000061813,-0.00221599,0,0,1,1,0.0,1.600028,9.159264,3.823001e-10,0.001599929,0.009158697,False,0.011937,False
2019-01-03,RS01SLBS-MJ01A-12-VEL3DB101,2,True,2019-01-03T00:00:00Z,2019-01-03T23:59:59Z,86395,86395,0,1.0,0.999821186,1.000061799,-0.001354969,0,0,2,2,-1e-06,1.575958,9.815851,-7.238177e-10,0.00157586,0.009815245,False,0.010834,False
2019-01-04,RS01SLBS-MJ01A-12-VEL3DB101,2,True,2019-01-04T00:00:00Z,2019-01-04T23:59:59Z,86394,86394,0,1.0,0.999770164,1.00006178,4.5493e-05,0,0,0,0,-0.0,1.560029,9.435526,-3.707049e-10,0.001559933,0.009434944,False,0.011586,False
2019-01-05,RS01SLBS-MJ01A-12-VEL3DB101,2,True,2019-01-05T00:00:00Z,2019-01-05T23:59:59Z,86395,86395,0,1.0,0.999793053,1.000061804,-0.002154737,0,0,0,0,-0.0,1.898883,7.499909,-3.353584e-10,0.001898766,0.007499445,False,0.005918,False
2019-01-06,RS01SLBS-MJ01A-12-VEL3DB101,2,True,2019-01-06T00:00:00Z,2019-01-06T23:59:59Z,86395,86395,0,1.0,0.999836922,1.000061764,-0.000475991,0,0,0,0,-0.0,1.560067,6.094808,-3.413145e-10,0.00155997,0.006094431,False,0.00449,False
2019-01-07,RS01SLBS-MJ01A-12-VEL3DB101,2,True,2019-01-07T00:00:00Z,2019-01-07T23:59:59Z,86394,86394,0,1.0,0.999856949,1.000061728,0.001515213,0,0,1,1,0.0,1.51718,7.000522,4.875958e-10,0.001517087,0.00700009,False,0.008018,False
2019-01-08,RS01SLBS-MJ01A-12-VEL3DB101,2,True,2019-01-08T00:00:00Z,2019-01-08T23:59:59Z,86395,86395,0,1.0,0.999892235,1.000061766,0.000915349,0,0,0,0,-0.0,1.68267,7.568178,-3.180794e-10,0.001682566,0.007567711,False,0.005164,False
2019-01-09,RS01SLBS-MJ01A-12-VEL3DB101,2,True,2019-01-09T00:00:00Z,2019-01-09T23:59:59Z,86395,86395,0,1.0,0.999859095,1.000061768,-0.000172014,0,0,0,0,-0.0,1.566565,7.042429,-3.269249e-10,0.001566468,0.007041994,False,0.007172,False
2019-01-10,RS01SLBS-MJ01A-12-VEL3DB101,2,True,2019-01-10T00:00:00Z,2019-01-10T23:59:59Z,86394,86394,0,1.0,0.999791145,1.000061774,0.001449125,0,0,0,0,-0.0,1.55983,5.294182,-4.360862e-10,0.001559734,0.005293855,False,0.006106,False
2019-01-11,RS01SLBS-MJ01A-12-VEL3DB101,2,True,2019-01-11T00:00:00Z,2019-01-11T23:59:59Z,86395,86395,0,1.0,1.000442982,1.000061764,0.000827437,0,0,0,0,-0.0,2.089152,6.096748,-3.352514e-10,0.002089023,0.006096372,False,0.005776,False
2019-01-12,RS01SLBS-MJ01A-12-VEL3DB101,2,True,2019-01-12T00:00:00Z,2019-01-12T23:59:59Z,86395,86395,0,1.0,1.000521898,1.00006176,-6.2288e-05,0,0,0,0,-0.0,1.621072,6.814687,-3.174204e-10,0.001620972,0.006814267,False,0.006869,False
2019-01-13,RS01SLBS-MJ01A-12-VEL3DB101,2,True,2019-01-13T00:00:00Z,2019-01-13T23:59:59Z,86394,86394,0,1.0,0.999846935,1.000061758,-0.001104847,0,0,3,3,-0.0,2.153126,7.473015,-4.698434e-10,0.002152993,0.007472554,False,0.006438,False
2019-01-14,RS01SLBS-MJ01A-12-VEL3DB101,2,True,2019-01-14T00:00:00Z,2019-01-14T23:59:59Z,86395,86395,0,1.0,0.999825954,1.000061748,-0.000701932,0,0,0,0,-0.0,1.492561,7.904179,-3.289335e-10,0.001492468,0.007903691,False,0.008264,False
2019-01-15,RS01SLBS-MJ01A-12-VEL3DB101,2,True,2019-01-15T00:00:00Z,2019-01-15T23:59:59Z,86395,86395,0,1.0,0.99989748,1.000061789,0.000509572,0,0,2,2,0.0,1.827706,7.419812,4.663684e-10,0.001827593,0.007419353,False,0.008439,False
2019-01-16,RS01SLBS-MJ01A-12-VEL3DB101,2,True,2019-01-16T00:00:00Z,2019-01-16T23:59:59Z,86394,86394,0,1.0,0.999773026,1.000061802,-0.00304677,0,0,0,0,-0.0,2.162059,6.871427,-3.563469e-10,0.002161925,0.006871002,False,0.004141,False
2019-01-17,RS01SLBS-MJ01A-12-VEL3DB101,2,True,2019-01-17T00:00:00Z,2019-01-17T23:59:59Z,86395,86395,0,1.0,0.999762058,1.000061738,0.003542939,0,0,0,0,-0.0,2.529344,13.634381,-3.738854e-10,0.002529188,0.01363354,False,0.011596,False
2019-01-18,RS01SLBS-MJ01A-12-VEL3DB101,2,True,2019-01-18T00:00:00Z,2019-01-18T23:59:59Z,86395,86395,0,1.0,0.999829769,1.000061773,-0.000619129,0,0,2,2,0.0,2.461773,12.399585,1.412835e-10,0.002461621,0.01239882,False,0.011952,False
2019-01-19,RS01SLBS-MJ01A-12-VEL3DB101,2,True,2019-01-19T00:00:00Z,2019-01-19T23:59:59Z,86394,86394,0,1.0,0.999819279,1.000061809,0.003707983,0,0,2,2,0.0,1.62061,12.297802,7.87502e-11,0.00162051,0.01229704,False,0.01134,False
2019-01-20,RS01SLBS-MJ01A-12-VEL3DB101,2,True,2019-01-20T00:00:00Z,2019-01-20T23:59:59Z,86395,86395,0,1.0,0.99976635,1.00006177,0.002138223,0,0,0,0,-0.0,1.969434,15.337827,-3.295001e-10,0.001969313,0.01533688,False,0.013492,False
2019-01-21,RS01SLBS-MJ01A-12-VEL3DB101,2,True,2019-01-21T00:00:00Z,2019-01-21T23:59:59Z,86395,86395,0,1.0,0.999807835,1.000061768,0.001577297,0,0,0,0,-0.0,2.584158,10.062054,-3.291197e-10,0.002583999,0.01006143,False,0.007406,False
2019-01-22,RS01SLBS-MJ01A-12-VEL3DB101,2,True,2019-01-22T00:00:00Z,2019-01-22T23:59:59Z,86394,86394,0,1.0,0.999756336,1.000061797,0.0040399,0,0,1,1,0.0,1.801971,8.000044,1.143973e-10,0.00180186,0.00799955,False,0.006673,False
2019-01-23,RS01SLBS-MJ01A-12-VEL3DB101,2,True,2019-01-23T00:00:00Z,2019-01-23T23:59:59Z,86395,86395,0,1.0,0.999786854,1.000061807,-0.001873195,0,0,0,0,-0.0,1.484275,5.905259,-3.124372e-10,0.001484184,0.005904894,False,0.00762,False
2019-01-24,RS01SLBS-MJ01A-12-VEL3DB101,2,True,2019-01-24T00:00:00Z,2019-01-24T23:59:59Z,86395,86395,0,1.0,0.999772072,1.000061778,-0.001533434,0,0,2,2,0.0,1.398579,4.821731,4.717284e-11,0.001398492,0.004821433,False,0.004483,False
2019-01-25,RS01SLBS-MJ01A-12-VEL3DB101,2,True,2019-01-25T00:00:00Z,2019-01-25T23:59:59Z,86106,86394,288,1.0,0.999790668,1.000061801,-0.001710388,2,288,2,289,-0.0,1.406407,6.1068,-1.645628e-10,0.00140632,0.006106423,False,0.076635,True
2019-01-26,RS01SLBS-MJ01A-12-VEL3DB101,2,True,2019-01-26T00:00:00Z,2019-01-26T23:59:59Z,86395,86395,0,1.0,0.999732018,1.000061816,-0.000569832,0,0,0,0,-0.0,1.671983,6.672276,-3.080478e-10,0.00167188,0.006671864,False,0.007365,False
2019-01-27,RS01SLBS-MJ01A-12-VEL3DB101,2,True,2019-01-27T00:00:00Z,2019-01-27T23:59:59Z,86395,86395,0,1.0,0.999763012,1.000061808,7.5868e-05,0,0,0,0,-0.0,2.280301,6.312296,-3.258692e-10,0.00228016,0.006311906,False,0.005187,False
2019-01-28,RS01SLBS-MJ01A-12-VEL3DB101,2,True,2019-01-28T00:00:00Z,2019-01-28T23:59:59Z,86394,86394,0,1.0,0.999750137,1.000061782,0.00353681,0,0,0,0,-0.0,3.018383,7.855594,-4.226062e-10,0.003018196,0.007855109,False,0.005448,False
2019-01-29,RS01SLBS-MJ01A-12-VEL3DB101,2,True,2019-01-29T00:00:00Z,2019-01-29T23:59:59Z,86395,86395,0,1.0,0.999757767,1.000061828,-0.001508934,0,0,0,0,-0.0,2.568712,8.397004,-3.144547e-10,0.002568553,0.008396485,False,0.007244,False
2019-01-30,RS01SLBS-MJ01A-12-VEL3DB101,2,True,2019-01-30T00:00:00Z,2019-01-30T23:59:59Z,86249,86395,146,1.0,0.999757767,1.00006176,0.002603761,3,146,3,148,-0.0,1.583182,7.376298,-2.78905e-10,0.001583084,0.007375843,False,0.044426,True
2019-01-31,RS01SLBS-MJ01A-12-VEL3DB101,2,True,2019-01-31T00:00:00Z,2019-01-31T23:59:59Z,86394,86394,0,1.0,0.999753952,1.000061861,-0.003898686,0,0,0,0,-0.0,2.791539,9.796534,-4.660142e-10,0.002791367,0.009795928,False,0.005248,False
2019-02-01,RS01SLBS-MJ01A-12-VEL3DB101,2,True,2019-02-01T00:00:00Z,2019-02-01T23:59:59Z,86395,86395,0,1.0,0.999738216,1.000061788,-0.003347563,0,0,0,0,-0.0,3.519549,11.283727,-3.020719e-10,0.003519331,0.01128303,False,0.005501,False
2019-02-02,RS01SLBS-MJ01A-12-VEL3DB101,2,True,2019-02-02T00:00:00Z,2019-02-02T23:59:59Z,86395,86395,0,1.0,0.999743938,1.000061813,0.004636767,0,0,0,0,-0.0,1.96573,8.645718,-3.265204e-10,0.001965609,0.008645184,False,0.00944,False
2019-02-03,RS01SLBS-MJ01A-12-VEL3DB101,2,True,2019-02-03T00:00:00Z,2019-02-03T23:59:59Z,86394,86394,0,1.0,0.999778748,1.000061814,0.00257878,0,0,0,0,-0.0,1.594693,10.034712,-4.052606e-10,0.001594594,0.01003409,False,0.006887,False
2019-02-04,RS01SLBS-MJ01A-12-VEL3DB101,2,True,2019-02-04T00:00:00Z,2019-02-04T23:59:59Z,86395,86395,0,1.0,0.999783039,1.000061811,-0.001639813,0,0,0,0,-0.0,1.719698,6.969686,-3.319723e-10,0.001719592,0.006969255,False,0.008228,False
2019-02-05,RS01SLBS-MJ01A-12-VEL3DB101,2,True,2019-02-05T00:00:00Z,2019-02-05T23:59:59Z,86395,86395,0,1.0,0.999779224,1.000061729,0.000845513,0,0,0,0,-0.0,1.481541,14.263906,-3.337893e-10,0.001481449,0.01426303,False,0.011307,False
2019-02-06,RS01SLBS-MJ01A-12-VEL3DB101,2,True,2019-02-06T00:00:00Z,2019-02-06T23:59:59Z,86394,86394,0,1.0,0.999750137,1.000061824,-0.000734171,0,0,0,0,-0.0,1.60597,10.664999,-3.970468e-10,0.001605871,0.01066434,False,0.011865,False
2019-02-07,RS01SLBS-MJ01A-12-VEL3DB101,2,True,2019-02-07T00:00:00Z,2019-02-07T23:59:59Z,86395,86395,0,1.0,0.999805927,1.000061796,-0.003485819,0,0,0,0,-0.0,1.559734,6.910791,-3.562285e-10,0.001559638,0.006910364,False,0.004989,False
2019-02-08,RS01SLBS-MJ01A-12-VEL3DB101,2,True,2019-02-08T00:00:00Z,2019-02-08T23:59:59Z,86395,86395,0,1.0,0.99979496,1.000061776,-0.000994148,0,0,1,1,-0.0,1.309541,5.276829,-3.115182e-10,0.00130946,0.005276503,False,0.004589,False
2019-02-09,RS01SLBS-MJ01A-12-VEL3DB101,2,True,2019-02-09T00:00:00Z,2019-02-09T23:59:59Z,86293,86394,101,1.0,0.999793053,1.000061753,0.004223595,2,101,2,102,-1e-06,1.977578,8.324504,-5.493625e-10,0.001977456,0.00832399,False,0.027636,True
2019-02-10,RS01SLBS-MJ01A-12-VEL3DB101,2,True,2019-02-10T00:00:00Z,2019-02-10T23:59:59Z,86395,86395,0,1.0,0.999927044,1.000061781,0.001397946,0,0,0,0,-0.0,1.805097,7.356759,-3.369373e-10,0.001804985,0.007356305,False,0.006715,False
2019-02-11,RS01SLBS-MJ01A-12-VEL3DB101,2,True,2019-02-11T00:00:00Z,2019-02-11T23:59:59Z,86395,86395,0,1.0,0.999836922,1.000061759,-0.000308705,0,0,0,0,-0.0,1.747837,7.40395,-3.224717e-10,0.001747729,0.007403493,False,0.011219,False
2019-02-12,RS01SLBS-MJ01A-12-VEL3DB101,2,True,2019-02-12T00:00:00Z,2019-02-12T23:59:59Z,86394,86394,0,1.0,0.999958038,1.000061806,-0.003825755,0,0,0,0,-0.0,3.454536,8.6258,-3.531142e-10,0.003454323,0.008625267,False,0.007499,False
2019-02-13,RS01SLBS-MJ01A-12-VEL3DB101,2,True,2019-02-13T00:00:00Z,2019-02-13T23:59:59Z,86395,86395,0,1.0,0.9998312,1.000061813,-0.000843433,0,0,0,0,-0.0,1.706678,6.885175,-4.14185e-10,0.001706573,0.00688475,False,0.005269,False
2019-02-14,RS01SLBS-MJ01A-12-VEL3DB101,2,True,2019-02-14T00:00:00Z,2019-02-14T23:59:59Z,86395,86395,0,1.0,0.999790192,1.000061756,-0.002330216,0,0,1,1,1e-06,1.739391,11.919633,6.188889e-10,0.001739284,0.0119189,False,0.012432,False
2019-02-15,RS01SLBS-MJ01A-12-VEL3DB101,2,True,2019-02-15T00:00:00Z,2019-02-15T23:59:59Z,86394,86394,0,1.0,0.99990797,1.0000618,-0.000739288,0,0,2,2,0.0,1.830038,8.116103,1.435574e-10,0.001829925,0.008115602,False,0.006555,False
2019-02-16,RS01SLBS-MJ01A-12-VEL3DB101,2,True,2019-02-16T00:00:00Z,2019-02-16T23:59:59Z,86395,86395,0,1.0,0.999795914,1.000061825,-0.003975864,0,0,0,0,-0.0,1.767395,6.760524,-3.516601e-10,0.001767285,0.006760106,False,0.006821,False
2019-02-17,RS01SLBS-MJ01A-12-VEL3DB101,2,True,2019-02-17T00:00:00Z,2019-02-17T23:59:59Z,86395,86395,0,1.0,0.99979496,1.000061792,-0.001616101,0,0,0,0,-0.0,2.385105,16.092618,-3.099281e-10,0.002384957,0.01609162,False,0.014701,False
2019-02-18,RS01SLBS-MJ01A-12-VEL3DB101,2,True,2019-02-18T00:00:00Z,2019-02-18T23:59:59Z,86394,86394,0,1.0,0.999799728,1.000061791,-0.000342935,0,0,0,0,-0.0,1.594564,10.514466,-3.728717e-10,0.001594465,0.01051382,False,0.011038,False
2019-02-19,RS01SLBS-MJ01A-12-VEL3DB101,2,True,2019-02-19T00:00:00Z,2019-02-19T23:59:59Z,86395,86395,0,1.0,0.999774933,1.000061767,-0.002001185,0,0,1,1,-0.0,1.630597,6.749298,-7.7349e-11,0.001630497,0.006748881,False,0.006937,False
2019-02-20,RS01SLBS-MJ01A-12-VEL3DB101,2,True,2019-02-20T00:00:00Z,2019-02-20T23:59:59Z,86395,86395,0,1.0,0.999806881,1.000061806,-0.001476519,0,0,1,1,1e-06,1.946165,6.152415,8.769774e-10,0.001946045,0.006152035,False,0.005105,False
2019-02-21,RS01SLBS-MJ01A-12-VEL3DB101,2,True,2019-02-21T00:00:00Z,2019-02-21T23:59:59Z,86394,86394,0,1.0,0.999786377,1.000061794,0.000960096,0,0,1,1,0.0,1.943811,7.236874,9.475667e-11,0.001943691,0.007236427,False,0.005535,False
2019-02-22,RS01SLBS-MJ01A-12-VEL3DB101,2,True,2019-02-22T00:00:00Z,2019-02-22T23:59:59Z,86395,86395,0,1.0,0.999781132,1.000061815,0.002145717,0,0,1,1,1e-06,1.711011,9.056293,8.122983e-10,0.001710905,0.009055733,False,0.011189,False
2019-02-23,RS01SLBS-MJ01A-12-VEL3DB101,2,True,2019-02-23T00:00:00Z,2019-02-23T23:59:59Z,86395,86395,0,1.0,0.999764919,1.000061794,0.000953944,0,0,1,1,-0.0,2.373811,15.097722,-2.967299e-10,0.002373664,0.01509679,False,0.013812,False
2019-02-24,RS01SLBS-MJ01A-12-VEL3DB101,2,True,2019-02-24T00:00:00Z,2019-02-24T23:59:59Z,86394,86394,0,1.0,0.999756813,1.000061806,0.001845959,0,0,0,0,-0.0,2.718467,7.774009,-4.132293e-10,0.002718299,0.007773529,False,0.005477,False
2019-02-25,RS01SLBS-MJ01A-12-VEL3DB101,2,True,2019-02-25T00:00:00Z,2019-02-25T23:59:59Z,86395,86395,0,1.0,0.999761105,1.000061868,-0.004178091,0,0,1,1,0.0,3.077684,14.217281,4.61218e-10,0.003077493,0.0142164,False,0.011334,False
2019-02-26,RS01SLBS-MJ01A-12-VEL3DB101,2,True,2019-02-26T00:00:00Z,2019-02-26T23:59:59Z,86395,86395,0,1.0,0.999764919,1.000061807,0.001372167,0,0,1,1,1e-06,1.789262,8.772231,5.224209e-10,0.001789151,0.008771689,False,0.006717,False
2019-02-27,RS01SLBS-MJ01A-12-VEL3DB101,2,True,2019-02-27T00:00:00Z,2019-02-27T23:59:59Z,86394,86394,0,1.0,0.999764919,1.000061805,-0.002181855,0,0,0,0,-0.0,1.442523,7.239063,-3.918651e-10,0.001442434,0.007238616,False,0.008753,False
2019-02-28,RS01SLBS-MJ01A-12-VEL3DB101,2,True,2019-02-28T00:00:00Z,2019-02-28T23:59:59Z,86395,86395,0,1.0,0.999756813,1.000061773,-0.001865071,0,0,0,0,-0.0,1.377076,4.783619,-2.865778e-10,0.001376991,0.004783324,False,0.004475,False
2019-03-01,RS01SLBS-MJ01A-12-VEL3DB101,2,True,2019-03-01T00:00:00Z,2019-03-01T23:59:59Z,86395,86395,0,1.0,0.99981308,1.000061807,-0.000640364,0,0,0,0,-0.0,1.641831,9.815569,-3.337691e-10,0.00164173,0.009814963,False,0.013015,False
2019-03-02,RS01SLBS-MJ01A-12-VEL3DB101,2,True,2019-03-02T00:00:00Z,2019-03-02T23:59:59Z,86394,86394,0,1.0,0.999802113,1.000061805,0.000575874,0,0,0,0,-0.0,1.796744,7.214075,-4.170431e-10,0.001796633,0.007213629,False,0.005457,False
2019-03-03,RS01SLBS-MJ01A-12-VEL3DB101,2,True,2019-03-03T00:00:00Z,2019-03-03T23:59:59Z,86395,86395,0,1.0,0.999768734,1.000061794,0.001720131,0,0,1,1,-0.0,1.412773,6.608344,-4.224534e-10,0.001412686,0.006607936,False,0.005791,False
2019-03-04,RS01SLBS-MJ01A-12-VEL3DB101,2,True,2019-03-04T00:00:00Z,2019-03-04T23:59:59Z,86395,86395,0,1.0,0.999782085,1.000061814,0.001419495,0,0,2,2,-0.0,2.198744,17.197621,-2.684878e-10,0.002198608,0.01719656,False,0.015711,False
2019-03-05,RS01SLBS-MJ01A-12-VEL3DB101,2,True,2019-03-05T00:00:00Z,2019-03-05T23:59:59Z,86394,86394,0,1.0,0.999759674,1.000061742,-0.001845316,0,0,0,0,-0.0,1.60032,5.790548,-3.750972e-10,0.001600221,0.00579019,False,0.004645,False
2019-03-06,RS01SLBS-MJ01A-12-VEL3DB101,2,True,2019-03-06T00:00:00Z,2019-03-06T23:59:59Z,86395,86395,0,1.0,0.999797821,1.000061768,0.00177322,0,0,0,0,-0.0,2.256359,6.353254,-3.217122e-10,0.002256219,0.006352862,False,0.005285,False
2019-03-07,RS01SLBS-MJ01A-12-VEL3DB101,2,True,2019-03-07T00:00:00Z,2019-03-07T23:59:59Z,86395,86395,0,1.0,0.999761105,1.000061769,0.000953187,0,0,0,0,-0.0,1.480992,7.661958,-3.17699e-10,0.0014809,0.007661484,False,0.007072,False
2019-03-08,RS01SLBS-MJ01A-12-VEL3DB101,2,True,2019-03-08T00:00:00Z,2019-03-08T23:59:59Z,86394,86394,0,1.0,0.999804974,1.000061738,0.001892421,0,0,1,1,0.0,2.880471,8.163784,4.632e-10,0.002880293,0.00816328,False,0.006671,False
2019-03-09,RS01SLBS-MJ01A-12-VEL3DB101,2,True,2019-03-09T00:00:00Z,2019-03-09T23:59:59Z,86395,86395,0,1.0,0.999791145,1.000061813,0.004624742,0,0,1,1,-0.0,4.960908,14.169807,-4.012819e-10,0.004960601,0.01416893,False,0.011879,False
2019-03-10,RS01SLBS-MJ01A-12-VEL3DB101,2,True,2019-03-10T00:00:00Z,2019-03-10T23:59:59Z,86395,86395,0,1.0,0.999812126,1.000061774,-0.004971949,0,0,0,0,-0.0,1.831731,11.054778,-3.243631e-10,0.001831618,0.01105409,False,0.010946,False
2019-03-11,RS01SLBS-MJ01A-12-VEL3DB101,2,True,2019-03-11T00:00:00Z,2019-03-11T23:59:59Z,86394,86394,0,1.0,0.999755383,1.000061803,0.000583896,0,0,0,0,-0.0,1.613151,6.642696,-3.743556e-10,0.001613051,0.006642286,False,0.006601,False
2019-03-12,RS01SLBS-MJ01A-12-VEL3DB101,2,True,2019-03-12T00:00:00Z,2019-03-12T23:59:59Z,86395,86395,0,1.0,0.999760151,1.000061827,-0.003745506,0,0,3,3,0.0,2.068245,9.045393,1.028894e-10,0.002068117,0.009044834,False,0.00936,False
2019-03-13,RS01SLBS-MJ01A-12-VEL3DB101,2,True,2019-03-13T00:00:00Z,2019-03-13T23:59:59Z,86395,86395,0,1.0,0.999752045,1.00006177,-0.002180191,0,0,0,0,-0.0,3.066407,11.226855,-3.339539e-10,0.003066218,0.01122616,False,0.007142,False
2019-03-14,RS01SLBS-MJ01A-12-VEL3DB101,2,True,2019-03-14T00:00:00Z,2019-03-14T23:59:59Z,86394,86394,0,1.0,0.999736786,1.000061763,-0.003237043,0,0,2,2,0.0,1.88943,7.361813,3.084596e-11,0.001889313,0.007361358,False,0.006216,False
2019-03-15,RS01SLBS-MJ01A-12-VEL3DB101,2,True,2019-03-15T00:00:00Z,2019-03-15T23:59:59Z,82941,86396,3455,1.0,0.999777555,1.000046765,-0.034013162,3,3455,3,3457,-1e-06,262.984073,532.133929,-1.171525e-09,0.2629718,0.532109,True,0.020532,True
2019-03-16,RS01SLBS-MJ01A-12-VEL3DB101,2,True,2019-03-16T00:00:00Z,2019-03-16T23:59:59Z,86395,86395,0,1.0,0.999773026,1.000061792,-0.002948058,0,0,0,0,-0.0,1.758251,12.660656,-3.560407e-10,0.001758142,0.01265987,False,0.011843,False
2019-03-17,RS01SLBS-MJ01A-12-VEL3DB101,2,True,2019-03-17T00:00:00Z,2019-03-17T23:59:59Z,86394,86394,0,1.0,0.999771118,1.000061776,-0.001988838,0,0,3,3,-0.0,1.868596,8.544226,-4.381289e-10,0.001868481,0.008543698,False,0.009752,False
2019-03-18,RS01SLBS-MJ01A-12-VEL3DB101,2,True,2019-03-18T00:00:00Z,2019-03-18T23:59:59Z,86395,86395,0,1.0,0.999760151,1.000061789,0.003609259,0,0,0,0,-0.0,1.521804,5.811696,-3.246824e-10,0.00152171,0.005811337,False,0.005582,False
2019-03-19,RS01SLBS-MJ01A-12-VEL3DB101,2,True,2019-03-19T00:00:00Z,2019-03-19T23:59:59Z,86394,86394,0,1.0,0.999749184,1.000061781,-0.001995318,0,0,1,1,1e-06,2.530924,15.89987,9.479376e-10,0.002530768,0.01589889,False,0.017511,False
2019-03-20,RS01SLBS-MJ01A-12-VEL3DB101,2,True,2019-03-20T00:00:00Z,2019-03-20T23:59:59Z,86395,86395,0,1.0,0.999833107,1.00006175,-0.001219742,0,0,0,0,-0.0,3.126148,13.173304,-3.537209e-10,0.003125955,0.01317249,False,0.010596,False
2019-03-21,RS01SLBS-MJ01A-12-VEL3DB101,2,True,2019-03-21T00:00:00Z,2019-03-21T23:59:59Z,86395,86395,0,1.0,0.999771118,1.000061755,0.002317491,0,0,2,2,1e-06,2.427723,12.129375,6.074676e-10,0.002427573,0.01212863,False,0.012997,False
2019-03-22,RS01SLBS-MJ01A-12-VEL3DB101,2,True,2019-03-22T00:00:00Z,2019-03-22T23:59:59Z,86394,86394,0,1.0,0.999784946,1.000061753,0.003071497,0,0,0,0,-0.0,2.104387,12.472629,-4.08267e-10,0.002104257,0.01247186,False,0.011258,False
2019-03-23,RS01SLBS-MJ01A-12-VEL3DB101,2,True,2019-03-23T00:00:00Z,2019-03-23T23:59:59Z,86395,86395,0,1.0,0.999759197,1.000061765,6.5198e-05,0,0,2,2,1e-06,2.260787,6.668122,6.580112e-10,0.002260647,0.006667711,False,0.005021,False
2019-03-24,RS01SLBS-MJ01A-12-VEL3DB101,2,True,2019-03-24T00:00:00Z,2019-03-24T23:59:59Z,86395,86395,0,1.0,0.99977684,1.000061803,0.005252032,0,0,2,2,0.0,1.776812,7.624727,2.392301e-10,0.001776703,0.007624256,False,0.005351,False
2019-03-25,RS01SLBS-MJ01A-12-VEL3DB101,2,True,2019-03-25T00:00:00Z,2019-03-25T23:59:59Z,86394,86394,0,1.0,0.999779224,1.000061776,0.000112277,0,0,0,0,-0.0,1.324008,12.079732,-3.967208e-10,0.001323926,0.01207899,False,0.012512,False
2019-03-26,RS01SLBS-MJ01A-12-VEL3DB101,2,True,2019-03-26T00:00:00Z,2019-03-26T23:59:59Z,86395,86395,0,1.0,0.999746561,1.000061773,-0.00171482,0,0,1,1,1e-06,1.523504,6.611134,7.564962e-10,0.00152341,0.006610726,False,0.007025,False
2019-03-27,RS01SLBS-MJ01A-12-VEL3DB101,2,True,2019-03-27T00:00:00Z,2019-03-27T23:59:59Z,86395,86395,0,1.0,0.999753952,1.000061773,0.005345795,0,0,0,0,-0.0,2.288895,7.212246,-3.107416e-10,0.002288754,0.007211801,False,0.004523,False
2019-03-28,RS01SLBS-MJ01A-12-VEL3DB101,2,True,2019-03-28T00:00:00Z,2019-03-28T23:59:59Z,86394,86394,0,1.0,0.999756813,1.00006174,-0.00172001,0,0,1,1,-0.0,2.100469,11.206233,-3.749316e-11,0.002100339,0.01120554,False,0.01095,False
2019-03-29,RS01SLBS-MJ01A-12-VEL3DB101,2,True,2019-03-29T00:00:00Z,2019-03-29T23:59:59Z,86395,86395,0,1.0,0.999774933,1.000061729,0.002974375,0,0,0,0,-0.0,2.499932,14.414707,-3.242509e-10,0.002499777,0.01441382,False,0.012718,False
2019-03-30,RS01SLBS-MJ01A-12-VEL3DB101,2,True,2019-03-30T00:00:00Z,2019-03-30T23:59:59Z,86395,86395,0,1.0,0.999761105,1.000061776,-0.00185155,0,0,0,0,-0.0,2.371742,7.129246,-3.01085e-10,0.002371596,0.007128806,False,0.005066,False
2019-03-31,RS01SLBS-MJ01A-12-VEL3DB101,2,True,2019-03-31T00:00:00Z,2019-03-31T23:59:59Z,86394,86394,0,1.0,0.999778748,1.000061763,-0.001239285,0,0,1,1,1e-06,1.564984,5.267523,5.842586e-10,0.001564887,0.005267197,False,0.005417,False
2019-04-01,RS01SLBS-MJ01A-12-VEL3DB101,2,True,2019-04-01T00:00:00Z,2019-04-01T23:59:59Z,86395,86395,0,1.0,0.999773026,1.000061766,0.002103124,0,0,1,1,0.0,2.117996,6.552531,3.335743e-10,0.002117865,0.006552127,False,0.006522,False
2019-04-02,RS01SLBS-MJ01A-12-VEL3DB101,2,True,2019-04-02T00:00:00Z,2019-04-02T23:59:59Z,86395,86395,0,1.0,0.999787331,1.0000618,-0.001974518,0,0,0,0,-0.0,3.524743,10.347062,-3.314702e-10,0.003524525,0.01034642,False,0.009088,False
2019-04-03,RS01SLBS-MJ01A-12-VEL3DB101,2,True,2019-04-03T00:00:00Z,2019-04-03T23:59:59Z,86394,86394,0,1.0,0.999794006,1.000061759,-0.000451814,0,0,1,1,1e-06,1.623775,5.431582,5.582933e-10,0.001623675,0.005431246,False,0.004999,False
2019-04-04,RS01SLBS-MJ01A-12-VEL3DB101,2,True,2019-04-04T00:00:00Z,2019-04-04T23:18:56Z,83831,83932,101,1.0,0.999745846,1.000061959,-0.001363719,1,101,1,101,-0.0,6.559109,32.353864,-3.42673e-10,0.006558703,0.03235186,False,0.033905,True
2019-04-05,RS01SLBS-MJ01A-12-VEL3DB101,2,True,2019-04-05T01:31:40Z,2019-04-05T23:59:59Z,80895,80895,0,1.0,0.999750137,1.000061599,0.004409682,0,0,1,1,-0.0,3.707658,11.406243,-6.55505e-11,0.00370743,0.01140554,False,0.004859,False
2019-04-06,RS01SLBS-MJ01A-12-VEL3DB101,2,True,2019-04-06T00:00:00Z,2019-04-06T23:59:59Z,86394,86394,0,1.0,0.999791145,1.000061833,0.0035867,0,0,0,0,-0.0,2.977658,7.9296,-4.130731e-10,0.002977474,0.00792911,False,0.004289,False
2019-04-07,RS01SLBS-MJ01A-12-VEL3DB101,2,True,2019-04-07T00:00:00Z,2019-04-07T23:59:59Z,86395,86395,0,1.0,0.999747753,1.0000618,0.001095532,0,0,1,1,-1e-06,1.386948,3.703832,-7.369964e-10,0.001386863,0.003703603,False,0.003147,False
2019-04-08,RS01SLBS-MJ01A-12-VEL3DB101,2,True,2019-04-08T00:00:00Z,2019-04-08T23:59:59Z,86395,86395,0,1.0,0.999747753,1.000061768,-0.000216405,0,0,2,2,0.0,0.975211,3.483854,3.621888e-10,0.0009751512,0.003483639,False,0.003135,False
2019-04-09,RS01SLBS-MJ01A-12-VEL3DB101,2,True,2019-04-09T00:00:00Z,2019-04-09T23:59:59Z,86394,86394,0,1.0,0.999756813,1.000061771,0.000573302,0,0,1,1,1e-06,1.231975,3.849851,5.381466e-10,0.001231898,0.003849613,False,0.002897,False
2019-04-10,RS01SLBS-MJ01A-12-VEL3DB101,2,True,2019-04-10T00:00:00Z,2019-04-10T23:59:59Z,86395,86395,0,1.0,0.999848843,1.000061789,0.001551415,0,0,0,0,-0.0,0.821636,3.285342,-2.880015e-10,0.000821585,0.003285139,False,0.002833,False
2019-04-11,RS01SLBS-MJ01A-12-VEL3DB101,2,True,2019-04-11T00:00:00Z,2019-04-11T23:59:59Z,86395,86395,0,1.0,0.999762058,1.00006177,-0.000801052,0,0,1,1,-0.0,1.31127,3.320318,-2.08706e-10,0.001311189,0.003320113,False,0.002886,False
2019-04-12,RS01SLBS-MJ01A-12-VEL3DB101,2,True,2019-04-12T00:00:00Z,2019-04-12T23:59:59Z,86394,86394,0,1.0,0.999763966,1.000061775,0.000619938,0,0,1,1,-0.0,0.742096,9.187868,-1.79935e-10,0.0007420501,0.0091873,False,0.008835,False
2019-04-13,RS01SLBS-MJ01A-12-VEL3DB101,2,True,2019-04-13T00:00:00Z,2019-04-13T23:59:59Z,86395,86395,0,1.0,0.999769688,1.000061789,0.000260744,0,0,0,0,-0.0,0.823536,10.25971,-3.676202e-10,0.000823485,0.01025908,False,0.011276,False
2019-04-14,RS01SLBS-MJ01A-12-VEL3DB101,2,True,2019-04-14T00:00:00Z,2019-04-14T23:59:59Z,86395,86395,0,1.0,0.999768734,1.000061784,0.000134391,0,0,1,1,-0.0,0.693191,2.273611,-2.142742e-10,0.000693148,0.002273471,False,0.002981,False
2019-04-15,RS01SLBS-MJ01A-12-VEL3DB101,2,True,2019-04-15T00:00:00Z,2019-04-15T23:59:59Z,86394,86394,0,1.0,0.999771118,1.000061777,-0.001605339,0,0,0,0,-0.0,0.770638,2.270606,-4.024979e-10,0.0007705908,0.002270466,False,0.002888,False
2019-04-16,RS01SLBS-MJ01A-12-VEL3DB101,2,True,2019-04-16T00:00:00Z,2019-04-16T23:59:59Z,86395,86395,0,1.0,0.999793053,1.000061767,-0.000193533,0,0,1,1,1e-06,0.668734,2.249089,7.856868e-10,0.0006686932,0.00224895,False,0.003018,False
2019-04-17,RS01SLBS-MJ01A-12-VEL3DB101,2,True,2019-04-17T00:00:00Z,2019-04-17T23:59:59Z,86395,86395,0,1.0,0.999782085,1.000061797,0.000146714,0,0,0,0,-0.0,1.070813,11.240577,-3.441783e-10,0.001070747,0.01123988,False,0.011356,False
2019-04-18,RS01SLBS-MJ01A-12-VEL3DB101,2,True,2019-04-18T00:00:00Z,2019-04-18T23:59:59Z,86394,86394,0,1.0,0.999773979,1.00006177,-0.000357445,0,0,2,2,0.0,0.760973,2.458155,1.168768e-10,0.0007609257,0.002458003,False,0.003108,False
2019-04-19,RS01SLBS-MJ01A-12-VEL3DB101,2,True,2019-04-19T00:00:00Z,2019-04-19T14:55:16Z,53714,53714,0,1.0,0.999751091,1.00006179,6.4814e-05,0,0,0,0,-0.0,0.653908,1.986717,-7.938352e-11,0.0006538675,0.001986594,False,0.002863,False
2019-04-20,RS01SLBS-MJ01A-12-VEL3DB101,2,False,,,0,0,,1.0,,,,,,,,,,,,,,,,False
2019-04-21,RS01SLBS-MJ01A-12-VEL3DB101,2,False,,,0,0,,1.0,,,,,,,,,,,,,,,,False
2019-04-22,RS01SLBS-MJ01A-12-VEL3DB101,2,True,2019-04-22T16:40:26Z,2019-04-22T23:59:59Z,26273,26372,99,1.0,0.999838591,1.000061758,-0.000116762,1,99,1,99,-0.0,0.646536,1.931918,-5.823148e-11,0.000646496,0.001931798,False,0.022151,True
2019-04-23,RS01SLBS-MJ01A-12-VEL3DB101,2,True,2019-04-23T00:00:00Z,2019-04-23T23:59:59Z,86395,86395,0,1.0,0.999772072,1.000061775,0.000617882,0,0,0,0,-0.0,0.698443,2.241235,-3.540025e-10,0.0006983998,0.002241096,False,0.002904,False
2019-04-24,RS01SLBS-MJ01A-12-VEL3DB101,2,True,2019-04-24T00:00:00Z,2019-04-24T23:59:59Z,86394,86394,0,1.0,0.999758244,1.000061769,0.000251951,0,0,1,1,-1e-06,0.908762,2.850975,-6.088955e-10,0.0009087054,0.002850799,False,0.002929,False
2019-04-25,RS01SLBS-MJ01A-12-VEL3DB101,2,True,2019-04-25T00:00:00Z,2019-04-25T23:59:59Z,86395,86395,0,1.0,0.999742985,1.000061778,0.000349397,0,0,1,1,-0.0,1.046426,3.467992,-2.127785e-10,0.001046361,0.003467778,False,0.002936,False
2019-04-26,RS01SLBS-MJ01A-12-VEL3DB101,2,True,2019-04-26T00:00:00Z,2019-04-26T23:59:59Z,86038,86395,357,1.0,0.999745846,1.00006172,0.002774619,2,357,2,358,0.0,1.568846,11.881907,4.918169e-10,0.001568749,0.01188117,False,0.114082,True
2019-04-27,RS01SLBS-MJ01A-12-VEL3DB101,2,True,2019-04-27T00:00:00Z,2019-04-27T23:59:59Z,86394,86394,0,1.0,0.999741077,1.000061775,0.002353172,0,0,1,1,0.0,0.882382,2.890757,4.187047e-10,0.0008823276,0.002890578,False,0.003003,False
2019-04-28,RS01SLBS-MJ01A-12-VEL3DB101,2,True,2019-04-28T00:00:00Z,2019-04-28T23:59:59Z,86395,86395,0,1.0,0.999837875,1.000061761,0.000345455,0,0,0,0,-0.0,0.812517,2.752615,-2.93249e-10,0.0008124672,0.002752445,False,0.002861,False
2019-04-29,RS01SLBS-MJ01A-12-VEL3DB101,2,True,2019-04-29T00:00:00Z,2019-04-29T23:59:59Z,86395,86395,0,1.0,0.999775887,1.000061776,0.000563839,0,0,3,3,0.0,2.811405,7.908419,6.007683e-11,0.002811231,0.00790793,False,0.002966,False
2019-04-30,RS01SLBS-MJ01A-12-VEL3DB101,2,True,2019-04-30T00:00:00Z,2019-04-30T23:59:59Z,86394,86394,0,1.0,0.999854088,1.000061792,0.001268811,0,0,0,0,-0.0,3.146249,8.310781,-4.272159e-10,0.003146055,0.008310268,False,0.002955,False
2019-05-01,RS01SLBS-MJ01A-12-VEL3DB101,2,True,2019-05-01T00:00:00Z,2019-05-01T23:59:59Z,86395,86395,0,1.0,0.999758244,1.00006174,0.000432765,0,0,0,0,-0.0,0.823735,2.817962,-3.126399e-10,0.0008236844,0.002817788,False,0.003027,False
2019-05-02,RS01SLBS-MJ01A-12-VEL3DB101,2,True,2019-05-02T00:00:00Z,2019-05-02T23:59:59Z,86395,86395,0,1.0,0.999747276,1.000061749,0.001426859,0,0,0,0,-0.0,2.253415,7.189467,-2.971771e-10,0.002253276,0.007189023,False,0.002958,False
2019-05-03,RS01SLBS-MJ01A-12-VEL3DB101,2,True,2019-05-03T00:00:00Z,2019-05-03T23:59:59Z,86394,86394,0,1.0,0.999781132,1.000061747,0.002765406,0,0,1,1,-1e-06,1.494683,8.184379,-5.785734e-10,0.001494591,0.008183873,False,0.006147,False
2019-05-04,RS01SLBS-MJ01A-12-VEL3DB101,2,True,2019-05-04T00:00:00Z,2019-05-04T23:59:59Z,86395,86395,0,1.0,0.999765873,1.000061778,0.000406018,0,0,0,0,-0.0,0.789239,2.433651,-3.880044e-10,0.0007891898,0.0024335,False,0.002954,False
2019-05-05,RS01SLBS-MJ01A-12-VEL3DB101,2,True,2019-05-05T00:00:00Z,2019-05-05T23:59:59Z,86395,86395,0,1.0,0.999774933,1.000061772,0.000907913,0,0,0,0,-0.0,0.739345,9.017079,-3.79721e-10,0.000739299,0.009016522,False,0.013034,False
2019-05-06,RS01SLBS-MJ01A-12-VEL3DB101,2,True,2019-05-06T00:00:00Z,2019-05-06T23:59:59Z,86394,86394,0,1.0,0.99976635,1.000061786,0.000377964,0,0,1,1,1e-06,0.684085,11.213144,6.627373e-10,0.0006840431,0.01121245,False,0.013321,False
2019-05-07,RS01SLBS-MJ01A-12-VEL3DB101,2,True,2019-05-07T00:00:00Z,2019-05-07T23:59:59Z,86395,86395,0,1.0,0.999773979,1.000061776,0.00040574,0,0,0,0,-0.0,0.745821,2.584738,-3.138611e-10,0.0007457752,0.002584579,False,0.002859,False
2019-05-08,RS01SLBS-MJ01A-12-VEL3DB101,2,True,2019-05-08T00:00:00Z,2019-05-08T23:59:59Z,86395,86395,0,1.0,0.999769688,1.000061777,-0.000150707,0,0,0,0,-0.0,0.666477,2.120223,-3.407986e-10,0.0006664358,0.002120092,False,0.002958,False
2019-05-09,RS01SLBS-MJ01A-12-VEL3DB101,2,True,2019-05-09T00:00:00Z,2019-05-09T23:59:59Z,86394,86394,0,1.0,0.999774933,1.000061764,0.000599358,0,0,0,0,-0.0,0.835086,3.763978,-3.781625e-10,0.0008350341,0.003763745,False,0.00329,False
2019-05-10,RS01SLBS-MJ01A-12-VEL3DB101,2,True,2019-05-10T00:00:00Z,2019-05-10T23:59:59Z,86395,86395,0,1.0,0.999746799,1.000061784,0.001419845,0,0,1,1,0.0,1.140344,3.370451,4.042442e-10,0.001140273,0.003370243,False,0.002917,False
2019-05-11,RS01SLBS-MJ01A-12-VEL3DB101,2,True,2019-05-11T00:00:00Z,2019-05-11T23:59:59Z,86395,86395,0,1.0,0.999755383,1.000061792,-0.001382427,0,0,0,0,-0.0,0.78077,2.594786,-3.850977e-10,0.0007807221,0.002594626,False,0.002851,False
2019-05-12,RS01SLBS-MJ01A-12-VEL3DB101,2,True,2019-05-12T00:00:00Z,2019-05-12T23:59:59Z,86394,86394,0,1.0,0.999742031,1.000061791,-0.000139034,0,0,1,1,-0.0,0.735292,5.522123,-1.106719e-10,0.0007352463,0.005521781,False,0.004231,False
2019-05-13,RS01SLBS-MJ01A-12-VEL3DB101,2,True,2019-05-13T00:00:00Z,2019-05-13T23:59:59Z,86395,86395,0,1.0,0.999742985,1.000061702,0.000501948,0,0,3,3,1e-06,0.956911,5.229879,6.457636e-10,0.0009568519,0.005229556,False,0.00631,False
2019-05-14,RS01SLBS-MJ01A-12-VEL3DB101,2,True,2019-05-14T00:00:00Z,2019-05-14T23:59:59Z,86395,86395,0,1.0,0.999748707,1.000061771,0.002503865,0,0,0,0,-0.0,1.571244,5.023408,-3.246302e-10,0.001571147,0.005023097,False,0.0029,False
2019-05-15,RS01SLBS-MJ01A-12-VEL3DB101,2,True,2019-05-15T00:00:00Z,2019-05-15T23:59:59Z,86394,86394,0,1.0,0.999755859,1.000061742,0.004420018,0,0,1,1,-0.0,2.089619,5.676016,-3.359169e-10,0.00208949,0.005675665,False,0.004613,False
2019-05-16,RS01SLBS-MJ01A-12-VEL3DB101,2,True,2019-05-16T00:00:00Z,2019-05-16T23:59:59Z,86395,86395,0,1.0,0.999760628,1.000061793,0.000989963,0,0,0,0,-0.0,1.120771,3.076304,-3.35564e-10,0.001120702,0.003076114,False,0.003041,False
2019-05-17,RS01SLBS-MJ01A-12-VEL3DB101,2,True,2019-05-17T00:00:00Z,2019-05-17T23:59:59Z,86395,86395,0,1.0,0.999774933,1.000061782,-0.000524553,0,0,0,0,-0.0,1.028251,3.203412,-3.377014e-10,0.001028187,0.003203214,False,0.003013,False
2019-05-18,RS01SLBS-MJ01A-12-VEL3DB101,2,True,2019-05-18T00:00:00Z,2019-05-18T23:59:59Z,86394,86394,0,1.0,0.999753952,1.000061764,0.000447849,0,0,1,1,-0.0,0.984279,9.715124,-8.831904e-11,0.0009842183,0.009714524,False,0.010438,False
2019-05-19,RS01SLBS-MJ01A-12-VEL3DB101,2,True,2019-05-19T00:00:00Z,2019-05-19T23:59:59Z,86395,86395,0,1.0,0.999764919,1.0000618,-0.001169753,0,0,0,0,-0.0,0.745399,2.403006,-3.30999e-10,0.0007453527,0.002402857,False,0.002991,False
2019-05-20,RS01SLBS-MJ01A-12-VEL3DB101,2,True,2019-05-20T00:00:00Z,2019-05-20T23:59:59Z,86395,86395,0,1.0,0.999775887,1.000061765,-0.000742435,0,0,3,3,-0.0,1.143132,3.210509,-2.606286e-10,0.001143061,0.003210311,False,0.002995,False
2019-05-21,RS01SLBS-MJ01A-12-VEL3DB101,2,True,2019-05-21T00:00:00Z,2019-05-21T23:59:59Z,86394,86394,0,1.0,0.999766827,1.000061767,-0.001084399,0,0,0,0,-0.0,0.677249,10.267683,-4.086711e-10,0.000677207,0.01026705,False,0.00992,False
2019-05-22,RS01SLBS-MJ01A-12-VEL3DB101,2,True,2019-05-22T00:00:00Z,2019-05-22T23:59:59Z,86013,86395,382,1.0,0.999777794,1.000061764,4.2125e-05,1,382,1,382,-0.0,0.760872,2.404137,-8.252702e-11,0.0007608253,0.002403988,False,0.107262,True
2019-05-23,RS01SLBS-MJ01A-12-VEL3DB101,2,True,2019-05-23T00:00:00Z,2019-05-23T23:59:59Z,86395,86395,0,1.0,0.99975729,1.000061757,-0.000308476,0,0,0,0,-0.0,0.768481,11.122253,-3.697578e-10,0.0007684336,0.01112157,False,0.012937,False
2019-05-24,RS01SLBS-MJ01A-12-VEL3DB101,2,True,2019-05-24T00:00:00Z,2019-05-24T23:59:59Z,84641,86395,1754,1.0,0.999773979,1.000046016,0.028267408,2,1754,2,1755,0.0,262.422834,543.017136,2.465234e-10,0.2624108,0.5429921,True,0.49414,True
2019-05-25,RS01SLBS-MJ01A-12-VEL3DB101,2,True,2019-05-25T00:00:00Z,2019-05-25T23:59:59Z,86395,86395,0,1.0,0.999768257,1.000061734,0.00099936,0,0,0,0,-0.0,1.243646,3.781589,-3.180248e-10,0.00124357,0.003781356,False,0.003021,False
2019-05-26,RS01SLBS-MJ01A-12-VEL3DB101,2,True,2019-05-26T00:00:00Z,2019-05-26T23:59:59Z,86395,86395,0,1.0,0.9997859,1.000061776,0.000973238,0,0,1,1,0.0,1.225996,5.190295,1.217092e-10,0.00122592,0.005189974,False,0.005423,False
2019-05-27,RS01SLBS-MJ01A-12-VEL3DB101,2,True,2019-05-27T00:00:00Z,2019-05-27T23:59:59Z,86394,86394,0,1.0,0.999763012,1.000061786,-0.001424948,0,0,1,1,0.0,0.867629,2.815204,5.357039e-11,0.0008675758,0.00281503,False,0.002952,False
2019-05-28,RS01SLBS-MJ01A-12-VEL3DB101,2,True,2019-05-28T00:00:00Z,2019-05-28T23:59:59Z,86395,86395,0,1.0,0.999825954,1.000061735,-0.000292071,0,0,1,1,-0.0,0.732486,2.907612,-2.193477e-10,0.0007324405,0.002907433,False,0.002937,False
2019-05-29,RS01SLBS-MJ01A-12-VEL3DB101,2,True,2019-05-29T00:00:00Z,2019-05-29T23:59:59Z,86395,86395,0,1.0,0.999818802,1.00006178,0.000718378,0,0,0,0,-0.0,0.707638,4.667529,-3.46916e-10,0.000707594,0.00466724,False,0.00461,False
2019-05-30,RS01SLBS-MJ01A-12-VEL3DB101,2,True,2019-05-30T00:00:00Z,2019-05-30T23:59:59Z,86394,86394,0,1.0,0.999781132,1.000061763,0.001461516,0,0,1,1,1e-06,0.793979,11.649905,6.283855e-10,0.0007939297,0.01164919,False,0.012394,False
2019-05-31,RS01SLBS-MJ01A-12-VEL3DB101,2,True,2019-05-31T00:00:00Z,2019-05-31T23:59:59Z,86395,86395,0,1.0,0.999797821,1.00006176,-0.000407965,0,0,0,0,-0.0,0.656681,2.407789,-3.055596e-10,0.0006566402,0.00240764,False,0.00306,False
2019-06-01,RS01SLBS-MJ01A-12-VEL3DB101,2,True,2019-06-01T00:00:00Z,2019-06-01T23:59:59Z,86395,86395,0,1.0,0.999793053,1.000061783,0.001592926,0,0,1,1,-0.0,1.00139,3.203169,-3.557098e-10,0.001001328,0.003202971,False,0.003008,False
2019-06-02,RS01SLBS-MJ01A-12-VEL3DB101,2,True,2019-06-02T00:00:00Z,2019-06-02T23:59:59Z,86394,86394,0,1.0,0.999759197,1.000061761,-0.001700705,0,0,0,0,-0.0,1.136043,11.45114,-4.223489e-10,0.001135972,0.01145043,False,0.009524,False
2019-06-03,RS01SLBS-MJ01A-12-VEL3DB101,2,True,2019-06-03T00:00:00Z,2019-06-03T23:59:59Z,86395,86395,0,1.0,0.999778748,1.000061718,0.002041099,0,0,0,0,-0.0,1.492364,4.197124,-3.171085e-10,0.001492272,0.004196865,False,0.002938,False
2019-06-04,RS01SLBS-MJ01A-12-VEL3DB101,2,True,2019-06-04T00:00:00Z,2019-06-04T23:59:59Z,86395,86395,0,1.0,0.999778509,1.000061748,2.0639e-05,0,0,0,0,-0.0,1.212094,3.332306,-2.997326e-10,0.001212019,0.0033321,False,0.003061,False
2019-06-05,RS01SLBS-MJ01A-12-VEL3DB101,2,True,2019-06-05T00:00:00Z,2019-06-05T23:59:59Z,86394,86394,0,1.0,0.999763966,1.000061817,-0.001598678,0,0,0,0,-0.0,1.314135,4.274521,-4.335031e-10,0.001314054,0.004274257,False,0.002907,False
2019-06-06,RS01SLBS-MJ01A-12-VEL3DB101,2,True,2019-06-06T00:00:00Z,2019-06-06T23:59:59Z,86395,86395,0,1.0,0.999769688,1.00006179,-0.004528978,0,0,1,1,1e-06,2.866594,12.745805,7.341506e-10,0.002866417,0.01274502,False,0.01134,False
2019-06-07,RS01SLBS-MJ01A-12-VEL3DB101,2,True,2019-06-07T00:00:00Z,2019-06-07T23:59:59Z,86395,86395,0,1.0,0.999762058,1.000061777,-0.004503351,0,0,0,0,-0.0,1.665366,5.600543,-3.940141e-10,0.001665263,0.005600197,False,0.002931,False
2019-06-08,RS01SLBS-MJ01A-12-VEL3DB101,2,True,2019-06-08T00:00:00Z,2019-06-08T23:59:59Z,86394,86394,0,1.0,0.999756813,1.000061725,-0.001912488,0,0,1,1,0.0,1.184112,4.683581,2.887055e-11,0.001184038,0.004683292,False,0.002927,False
2019-06-09,RS01SLBS-MJ01A-12-VEL3DB101,2,True,2019-06-09T00:00:00Z,2019-06-09T23:59:59Z,86395,86395,0,1.0,0.999782085,1.000061799,0.000346109,0,0,1,1,-0.0,1.994671,6.224819,-1.30832e-10,0.001994548,0.006224435,False,0.002984,False
2019-06-10,RS01SLBS-MJ01A-12-VEL3DB101,2,True,2019-06-10T00:00:00Z,2019-06-10T23:59:59Z,86395,86395,0,1.0,0.999773979,1.000061923,-0.004499814,0,0,0,0,-0.0,2.359768,14.884239,-3.592038e-10,0.002359622,0.01488332,False,0.012667,False
2019-06-11,RS01SLBS-MJ01A-12-VEL3DB101,2,True,2019-06-11T00:00:00Z,2019-06-11T23:59:59Z,86394,86394,0,1.0,0.999749184,1.000061728,-0.000778332,0,0,1,1,-1e-06,0.821021,5.118295,-5.417767e-10,0.00082097,0.005117979,False,0.004258,False
2019-06-12,RS01SLBS-MJ01A-12-VEL3DB101,2,True,2019-06-12T00:00:00Z,2019-06-12T23:59:59Z,86395,86395,0,1.0,0.999762058,1.000061781,-0.000668498,0,0,0,0,-0.0,0.943051,2.93906,-2.965785e-10,0.0009429929,0.002938879,False,0.002999,False
2019-06-13,RS01SLBS-MJ01A-12-VEL3DB101,2,True,2019-06-13T00:00:00Z,2019-06-13T23:59:59Z,86193,86395,202,1.0,0.999757767,1.000061768,-0.000126204,3,202,3,203,-0.0,0.709828,2.201079,-2.951186e-10,0.0007097839,0.002200943,False,0.031447,True
2019-06-14,RS01SLBS-MJ01A-12-VEL3DB101,2,True,2019-06-14T00:00:00Z,2019-06-14T23:59:59Z,86394,86394,0,1.0,0.999752998,1.000061776,-0.001018393,0,0,0,0,-0.0,0.742268,11.164815,-3.937159e-10,0.000742222,0.01116413,False,0.011902,False
2019-06-15,RS01SLBS-MJ01A-12-VEL3DB101,2,True,2019-06-15T00:00:00Z,2019-06-15T23:59:59Z,86395,86395,0,1.0,0.999763966,1.000061753,0.000867577,0,0,0,0,-0.0,1.097565,4.187458,-3.367704e-10,0.001097497,0.004187199,False,0.003049,False
2019-06-16,RS01SLBS-MJ01A-12-VEL3DB101,2,True,2019-06-16T00:00:00Z,2019-06-16T23:59:59Z,86395,86395,0,1.0,0.999772072,1.000061765,-0.00139617,0,0,0,0,-0.0,1.249935,3.688869,-3.406284e-10,0.001249858,0.003688641,False,0.003043,False
2019-06-17,RS01SLBS-MJ01A-12-VEL3DB101,2,True,2019-06-17T00:00:00Z,2019-06-17T23:59:59Z,86394,86394,0,1.0,0.999789238,1.000061768,0.00092981,0,0,1,1,0.0,1.023615,10.480215,1.408967e-10,0.001023551,0.01047957,False,0.011336,False
2019-06-18,RS01SLBS-MJ01A-12-VEL3DB101,2,True,2019-06-18T00:00:00Z,2019-06-18T23:59:59Z,86395,86395,0,1.0,0.999776363,1.000061763,0.001731358,0,0,2,2,-0.0,0.813114,2.379943,-3.285971e-10,0.0008130638,0.002379796,False,0.002926,False
2019-06-19,RS01SLBS-MJ01A-12-VEL3DB101,2,True,2019-06-19T00:00:00Z,2019-06-19T23:59:59Z,86395,86395,0,1.0,0.999794006,1.000061772,0.00034734,0,0,0,0,-0.0,0.845162,2.631615,-3.286223e-10,0.0008451099,0.002631452,False,0.002944,False
2019-06-20,RS01SLBS-MJ01A-12-VEL3DB101,2,True,2019-06-20T00:00:00Z,2019-06-20T23:59:59Z,86394,86394,0,1.0,0.999791145,1.000061749,0.001772574,0,0,2,2,0.0,0.819367,10.443535,2.002951e-10,0.0008193165,0.01044289,False,0.011114,False
2019-06-21,RS01SLBS-MJ01A-12-VEL3DB101,2,True,2019-06-21T00:00:00Z,2019-06-21T23:59:59Z,86395,86395,0,1.0,0.999759197,1.000061768,-0.000258787,0,0,2,2,0.0,0.756794,11.600899,1.768613e-10,0.0007567473,0.01160018,False,0.013419,False
2019-06-22,RS01SLBS-MJ01A-12-VEL3DB101,2,True,2019-06-22T00:00:00Z,2019-06-22T23:59:59Z,86395,86395,0,1.0,0.999770641,1.000061775,0.000272628,0,0,2,2,0.0,1.449582,351.261794,2.424768e-10,0.001449492,0.3512401,False,0.351119,False
2019-06-23,RS01SLBS-MJ01A-12-VEL3DB101,2,True,2019-06-23T00:00:00Z,2019-06-23T23:59:59Z,86394,86394,0,1.0,0.999763012,1.000061771,-0.000606833,0,0,1,1,-0.0,0.727993,4.652769,-6.451733e-11,0.0007279484,0.004652481,False,0.004232,False
2019-06-24,RS01SLBS-MJ01A-12-VEL3DB101,2,True,2019-06-24T00:00:00Z,2019-06-24T23:59:59Z,86294,86395,101,1.0,0.999752045,1.000061779,-0.000290042,1,101,1,101,0.0,0.704821,2.390174,7.152598e-11,0.000704777,0.002390026,False,0.030661,True
2019-06-25,RS01SLBS-MJ01A-12-VEL3DB101,2,True,2019-06-25T00:00:00Z,2019-06-25T23:59:59Z,86394,86394,0,1.0,0.999768257,1.000061726,0.000562225,0,0,0,0,-0.0,1.529853,4.859666,-4.057967e-10,0.001529759,0.004859366,False,0.002916,False
2019-06-26,RS01SLBS-MJ01A-12-VEL3DB101,2,True,2019-06-26T00:00:00Z,2019-06-26T23:59:59Z,86395,86395,0,1.0,0.999760628,1.000061762,0.001884985,0,0,0,0,-0.0,1.285786,4.070928,-3.431106e-10,0.001285706,0.004070677,False,0.004505,False
2019-06-27,RS01SLBS-MJ01A-12-VEL3DB101,2,True,2019-06-27T00:00:00Z,2019-06-27T23:59:59Z,86395,86395,0,1.0,0.999777794,1.000061767,-0.00051848,0,0,0,0,-0.0,1.172175,3.542456,-3.446196e-10,0.001172102,0.003542237,False,0.003002,False
2019-06-28,RS01SLBS-MJ01A-12-VEL3DB101,2,True,2019-06-28T00:00:00Z,2019-06-28T23:59:59Z,86394,86394,0,1.0,0.999768257,1.000061774,-0.000953454,0,0,1,1,-1e-06,0.986251,9.839285,-8.069664e-10,0.0009861897,0.009838677,False,0.011745,False
2019-06-29,RS01SLBS-MJ01A-12-VEL3DB101,2,True,2019-06-29T00:00:00Z,2019-06-29T23:59:59Z,86395,86395,0,1.0,0.999754906,1.000061763,0.002814182,0,0,1,1,-0.0,2.322466,13.442797,-1.968005e-10,0.002322323,0.01344197,False,0.011452,False
2019-06-30,RS01SLBS-MJ01A-12-VEL3DB101,2,True,2019-06-30T00:00:00Z,2019-06-30T23:59:59Z,86395,86395,0,1.0,0.999761105,1.000061766,0.002843939,0,0,1,1,0.0,1.28112,3.644605,1.047624e-10,0.001281041,0.00364438,False,0.00302,False
2019-07-01,RS01SLBS-MJ01A-12-VEL3DB101,2,True,2019-07-01T00:00:00Z,2019-07-01T23:59:59Z,86394,86394,0,1.0,0.999760151,1.000061781,-0.000705246,0,0,1,1,1e-06,0.737464,4.841283,5.709652e-10,0.0007374188,0.004840984,False,0.004465,False
2019-07-02,RS01SLBS-MJ01A-12-VEL3DB101,2,True,2019-07-02T00:00:00Z,2019-07-02T23:59:59Z,86395,86395,0,1.0,0.999769211,1.000061768,0.001248497,0,0,0,0,-0.0,1.260326,3.912563,-3.084395e-10,0.001260248,0.003912321,False,0.002939,False
2019-07-03,RS01SLBS-MJ01A-12-VEL3DB101,2,True,2019-07-03T00:00:00Z,2019-07-03T23:59:59Z,86395,86395,0,1.0,0.999773026,1.000061773,0.000922352,0,0,0,0,-0.0,1.44178,9.909699,-3.291539e-10,0.001441691,0.009909087,False,0.011223,False
2019-07-04,RS01SLBS-MJ01A-12-VEL3DB101,2,True,2019-07-04T00:00:00Z,2019-07-04T23:59:59Z,86394,86394,0,1.0,0.999781132,1.000061775,0.000852566,0,0,1,1,-0.0,1.139378,3.164733,-2.992212e-10,0.001139308,0.003164538,False,0.00303,False
2019-07-05,RS01SLBS-MJ01A-12-VEL3DB101,2,True,2019-07-05T00:00:00Z,2019-07-05T23:59:59Z,86395,86395,0,1.0,0.999773026,1.00006176,0.001794048,0,0,0,0,-0.0,0.96838,10.793468,-4.007049e-10,0.0009683205,0.0107928,False,0.012468,False
2019-07-06,RS01SLBS-MJ01A-12-VEL3DB101,2,True,2019-07-06T00:00:00Z,2019-07-06T23:59:59Z,86395,86395,0,1.0,0.999774694,1.000061767,0.001319743,0,0,0,0,-0.0,0.699375,10.364757,-2.900541e-10,0.0006993314,0.01036412,False,0.010017,False
2019-07-07,RS01SLBS-MJ01A-12-VEL3DB101,2,True,2019-07-07T00:00:00Z,2019-07-07T23:59:59Z,86394,86394,0,1.0,0.999776363,1.000061773,0.001647828,0,0,0,0,-0.0,1.2924,12.255461,-4.039859e-10,0.00129232,0.0122547,False,0.011097,False
2019-07-08,RS01SLBS-MJ01A-12-VEL3DB101,2,True,2019-07-08T00:00:00Z,2019-07-08T23:59:59Z,86395,86395,0,1.0,0.999755859,1.000061779,-0.000529875,0,0,0,0,-0.0,0.816002,10.594389,-3.099031e-10,0.000815952,0.01059373,False,0.011296,False
2019-07-09,RS01SLBS-MJ01A-12-VEL3DB101,2,True,2019-07-09T00:00:00Z,2019-07-09T23:59:59Z,86395,86395,0,1.0,0.999738693,1.000061764,-0.000192955,0,0,0,0,-0.0,0.74372,2.611856,-3.130476e-10,0.0007436742,0.002611695,False,0.003026,False
2019-07-10,RS01SLBS-MJ01A-12-VEL3DB101,2,True,2019-07-10T00:00:00Z,2019-07-10T23:59:59Z,86394,86394,0,1.0,0.99973011,1.000061775,-0.001041134,0,0,0,0,-0.0,0.764579,2.41271,-4.351235e-10,0.0007645322,0.00241256,False,0.002827,False
2019-07-11,RS01SLBS-MJ01A-12-VEL3DB101,2,True,2019-07-11T00:00:00Z,2019-07-11T23:59:59Z,86395,86395,0,1.0,0.999764919,1.000061761,0.00062985,0,0,1,1,0.0,0.890269,11.586142,1.602511e-10,0.0008902136,0.01158543,False,0.013373,False
2019-07-12,RS01SLBS-MJ01A-12-VEL3DB101,2,True,2019-07-12T00:00:00Z,2019-07-12T23:59:59Z,86395,86395,0,1.0,0.999747038,1.000061766,0.000485793,0,0,0,0,-0.0,0.897348,2.939832,-3.346288e-10,0.0008972928,0.002939651,False,0.003093,False
2019-07-13,RS01SLBS-MJ01A-12-VEL3DB101,2,True,2019-07-13T00:00:00Z,2019-07-13T23:59:59Z,86394,86394,0,1.0,0.999773026,1.000061752,0.001635975,0,0,1,1,-0.0,0.737471,2.326246,-9.563019e-11,0.000737425,0.002326103,False,0.002958,False
2019-07-14,RS01SLBS-MJ01A-12-VEL3DB101,2,True,2019-07-14T00:00:00Z,2019-07-14T23:59:59Z,86395,86395,0,1.0,0.999760151,1.000061758,0.000997017,0,0,0,0,-0.0,1.179568,3.527046,-3.45731e-10,0.001179495,0.003526828,False,0.002925,False
2019-07-15,RS01SLBS-MJ01A-12-VEL3DB101,2,True,2019-07-15T00:00:00Z,2019-07-15T23:59:59Z,86395,86395,0,1.0,0.999751091,1.000061762,0.000567772,0,0,1,1,1e-06,0.873447,3.880319,6.344132e-10,0.0008733927,0.003880079,False,0.003143,False
2019-07-16,RS01SLBS-MJ01A-12-VEL3DB101,2,True,2019-07-16T00:00:00Z,2019-07-16T23:59:59Z,86394,86394,0,1.0,0.999765873,1.00006176,-0.002512052,0,0,1,1,-0.0,0.993715,3.694704,-1.915502e-10,0.0009936537,0.003694476,False,0.002968,False
2019-07-17,RS01SLBS-MJ01A-12-VEL3DB101,2,True,2019-07-17T00:00:00Z,2019-07-17T23:59:59Z,86395,86395,0,1.0,0.999773979,1.00006176,0.000425673,0,0,1,1,0.0,0.886802,10.625901,1.883413e-10,0.0008867469,0.01062524,False,0.011254,False
2019-07-18,RS01SLBS-MJ01A-12-VEL3DB101,2,True,2019-07-18T00:00:00Z,2019-07-18T23:59:59Z,86395,86395,0,1.0,0.999777317,1.000061767,-0.00055717,0,0,0,0,-0.0,0.745466,2.362137,-2.994337e-10,0.00074542,0.002361992,False,0.003072,False
2019-07-19,RS01SLBS-MJ01A-12-VEL3DB101,2,True,2019-07-19T00:00:00Z,2019-07-19T23:59:59Z,86394,86394,0,1.0,0.999762058,1.000061756,0.001588521,0,0,1,1,1e-06,0.901814,3.034058,5.180996e-10,0.0009017588,0.003033871,False,0.003152,False
2019-07-20,RS01SLBS-MJ01A-12-VEL3DB101,2,True,2019-07-20T00:00:00Z,2019-07-20T23:59:59Z,86395,86395,0,1.0,0.999773026,1.000061747,0.000643596,0,0,1,1,-0.0,1.070723,9.356685,-4.092061e-10,0.001070656,0.009356107,False,0.011331,False
2019-07-21,RS01SLBS-MJ01A-12-VEL3DB101,2,True,2019-07-21T00:00:00Z,2019-07-21T23:59:59Z,86395,86395,0,1.0,0.999757767,1.000061759,-6.936e-06,0,0,0,0,-0.0,0.866766,10.224802,-3.262989e-10,0.0008667127,0.01022417,False,0.011909,False
2019-07-22,RS01SLBS-MJ01A-12-VEL3DB101,2,True,2019-07-22T00:00:00Z,2019-07-22T23:59:59Z,86394,86394,0,1.0,0.99976635,1.000061756,-0.001254107,0,0,0,0,-0.0,1.077329,10.306335,-4.150116e-10,0.001077262,0.0103057,False,0.010354,False
2019-07-23,RS01SLBS-MJ01A-12-VEL3DB101,2,True,2019-07-23T00:00:00Z,2019-07-23T23:59:59Z,86395,86395,0,1.0,0.999758244,1.000061729,-0.000194484,0,0,1,1,-1e-06,1.120235,11.620886,-5.073841e-10,0.001120165,0.01162017,False,0.011436,False
2019-07-24,RS01SLBS-MJ01A-12-VEL3DB101,2,True,2019-07-24T00:00:00Z,2019-07-24T23:59:59Z,86395,86395,0,1.0,0.999771118,1.000061772,-0.000194254,0,0,0,0,-0.0,1.045904,3.033901,-3.372397e-10,0.001045839,0.003033714,False,0.002942,False
2019-07-25,RS01SLBS-MJ01A-12-VEL3DB101,2,True,2019-07-25T00:00:00Z,2019-07-25T23:59:59Z,70725,86397,15672,1.0,0.99985218,1.000012321,0.401409864,1,15672,1,15672,-0.0,585.446851,1246.237981,-4.790823e-10,0.5854396,1.246223,True,0.28323,True
2019-07-26,RS01SLBS-MJ01A-12-VEL3DB101,2,True,2019-07-26T00:00:00Z,2019-07-26T11:17:13Z,40632,40632,0,1.0,0.999722958,1.00006178,0.002192263,0,0,1,1,-0.0,1.120059,3.156761,-1.85869e-10,0.00111999,0.003156566,False,0.002998,False
2019-07-27,RS01SLBS-MJ01A-12-VEL3DB101,2,False,,,0,0,,1.0,,,,,,,,,,,,,,,,False
2019-07-28,RS01SLBS-MJ01A-12-VEL3DB101,2,False,,,0,0,,1.0,,,,,,,,,,,,,,,,False
2019-07-29,RS01SLBS-MJ01A-12-VEL3DB101,2,True,2019-07-29T16:03:54Z,2019-07-29T17:02:13Z,1000,3501,2501,1.0,0.999694347,0.99973152,0.078238783,1,2501,1,2501,0.0,47.888543,88.19001,5.239364e-14,0.0479014,0.08821369,False,0.08277,True
2019-07-30,RS01SLBS-MJ01A-12-VEL3DB101,2,True,2019-07-30T05:23:57Z,2019-07-30T23:59:59Z,38459,66968,28509,1.0,0.999727726,1.000025423,-7.167210861,3,28509,3,28510,0.0,916.286795,7186.198432,4.836587e-10,0.9162635,7.186016,True,0.356443,True
2019-07-31,RS01SLBS-MJ01A-12-VEL3DB101,2,True,2019-07-31T00:00:00Z,2019-07-31T23:59:59Z,86394,86394,0,1.0,0.999761581,1.000061774,-0.000736943,0,0,0,0,-0.0,1.245273,13.02742,-3.978745e-10,0.001245196,0.01302661,False,0.011397,False
2019-08-01,RS01SLBS-MJ01A-12-VEL3DB101,2,True,2019-08-01T00:00:00Z,2019-08-01T23:59:59Z,86395,86395,0,1.0,0.999797821,1.000061767,0.000401809,0,0,0,0,-0.0,2.351145,12.281349,-3.276463e-10,0.002351,0.01228059,False,0.014675,False
2019-08-02,RS01SLBS-MJ01A-12-VEL3DB101,2,True,2019-08-02T00:00:00Z,2019-08-02T23:59:59Z,86395,86395,0,1.0,0.999798775,1.000061768,-0.000167516,0,0,1,1,0.0,3.5414,10.656057,1.411411e-10,0.003541181,0.0106554,False,0.013036,False
2019-08-03,RS01SLBS-MJ01A-12-VEL3DB101,2,True,2019-08-03T00:00:00Z,2019-08-03T23:59:59Z,86394,86394,0,1.0,0.999764919,1.00006176,-0.002043855,0,0,0,0,-0.0,0.906734,4.307264,-4.460636e-10,0.0009066781,0.004306998,False,0.002939,False
2019-08-04,RS01SLBS-MJ01A-12-VEL3DB101,2,True,2019-08-04T00:00:00Z,2019-08-04T23:59:59Z,86395,86395,0,1.0,0.999763966,1.000061755,0.000959514,0,0,0,0,-0.0,0.950039,3.154469,-2.945504e-10,0.0009499803,0.003154274,False,0.003011,False
2019-08-05,RS01SLBS-MJ01A-12-VEL3DB101,2,True,2019-08-05T00:00:00Z,2019-08-05T23:59:59Z,86395,86395,0,1.0,0.999760151,1.000061763,0.001318365,0,0,1,1,1e-06,0.971357,2.97941,5.610957e-10,0.0009712969,0.002979226,False,0.002954,False
2019-08-06,RS01SLBS-MJ01A-12-VEL3DB101,2,True,2019-08-06T00:00:00Z,2019-08-06T23:59:59Z,79816,86396,6580,1.0,0.999760628,1.000030367,0.055948895,2,6580,2,6581,0.0,490.352343,1018.950144,3.377165e-11,0.4903375,1.018919,True,0.020206,True
2019-08-07,RS01SLBS-MJ01A-12-VEL3DB101,2,True,2019-08-07T00:00:00Z,2019-08-07T23:59:59Z,86395,86395,0,1.0,0.999747753,1.000061758,-0.00037986,0,0,0,0,-0.0,0.779846,2.517924,-3.243378e-10,0.0007797975,0.002517768,False,0.002949,False
2019-08-08,RS01SLBS-MJ01A-12-VEL3DB101,2,True,2019-08-08T00:00:00Z,2019-08-08T23:59:59Z,86103,86395,292,1.0,0.999745131,1.000061734,0.00073891,1,292,1,292,0.0,1.338004,12.990993,3.012337e-10,0.001337921,0.01299019,False,0.092901,True
2019-08-09,RS01SLBS-MJ01A-12-VEL3DB101,2,True,2019-08-09T00:00:00Z,2019-08-09T23:59:59Z,86394,86394,0,1.0,0.999765396,1.000061751,0.000484757,0,0,0,0,-0.0,1.361877,3.93641,-3.668634e-10,0.001361793,0.003936167,False,0.003009,False
2019-08-10,RS01SLBS-MJ01A-12-VEL3DB101,2,True,2019-08-10T00:00:00Z,2019-08-10T23:59:59Z,86395,86395,0,1.0,0.999768734,1.00006175,-0.000315877,0,0,0,0,-0.0,0.774013,4.494946,-3.47011e-10,0.0007739651,0.004494668,False,0.004943,False
2019-08-11,RS01SLBS-MJ01A-12-VEL3DB101,2,True,2019-08-11T00:00:00Z,2019-08-11T23:59:59Z,86395,86395,0,1.0,0.999743938,1.000061761,7.607e-05,0,0,1,1,0.0,0.686043,2.158279,3.836694e-10,0.0006860009,0.002158146,False,0.002991,False
2019-08-12,RS01SLBS-MJ01A-12-VEL3DB101,2,True,2019-08-12T00:00:00Z,2019-08-12T23:59:59Z,86394,86394,0,1.0,0.999743938,1.000061733,0.001072853,0,0,0,0,-0.0,0.898853,2.888388,-3.747179e-10,0.000898797,0.00288821,False,0.002928,False
2019-08-13,RS01SLBS-MJ01A-12-VEL3DB101,2,True,2019-08-13T00:00:00Z,2019-08-13T23:59:59Z,86395,86395,0,1.0,0.999752522,1.000061771,7.5711e-05,0,0,0,0,-0.0,0.836048,2.73373,-3.408183e-10,0.0008359959,0.002733561,False,0.003115,False
2019-08-14,RS01SLBS-MJ01A-12-VEL3DB101,2,True,2019-08-14T00:00:00Z,2019-08-14T23:59:59Z,86395,86395,0,1.0,0.999754906,1.000061765,-0.000156367,0,0,1,1,-1e-06,0.746312,2.556275,-6.084319e-10,0.0007462661,0.002556117,False,0.002929,False
2019-08-15,RS01SLBS-MJ01A-12-VEL3DB101,2,True,2019-08-15T00:00:00Z,2019-08-15T23:59:59Z,86394,86394,0,1.0,0.999740124,1.000061745,0.000142792,0,0,2,2,-0.0,0.767374,9.693651,-2.220065e-10,0.0007673269,0.009693053,False,0.010144,False
2019-08-16,RS01SLBS-MJ01A-12-VEL3DB101,2,True,2019-08-16T00:00:00Z,2019-08-16T23:59:59Z,86395,86395,0,1.0,0.999748707,1.000061763,-0.000304236,0,0,0,0,-0.0,1.291756,4.419557,-3.071392e-10,0.001291676,0.004419284,False,0.002936,False
2019-08-17,RS01SLBS-MJ01A-12-VEL3DB101,2,True,2019-08-17T00:00:00Z,2019-08-17T23:59:59Z,86395,86395,0,1.0,0.999763012,1.000061762,0.001320039,0,0,0,0,-0.0,0.948279,3.194678,-3.785854e-10,0.0009482204,0.00319448,False,0.002954,False
2019-08-18,RS01SLBS-MJ01A-12-VEL3DB101,2,True,2019-08-18T00:00:00Z,2019-08-18T23:59:59Z,86394,86394,0,1.0,0.999781132,1.000061773,0.000872381,0,0,2,2,0.0,0.906937,10.815568,1.841682e-11,0.0009068807,0.0108149,False,0.01045,False
2019-08-19,RS01SLBS-MJ01A-12-VEL3DB101,2,True,2019-08-19T00:00:00Z,2019-08-19T23:59:59Z,86395,86395,0,1.0,0.999787807,1.000061787,0.001003562,0,0,0,0,-0.0,0.865413,11.049715,-2.954835e-10,0.0008653598,0.01104903,False,0.011282,False
2019-08-20,RS01SLBS-MJ01A-12-VEL3DB101,2,True,2019-08-20T00:00:00Z,2019-08-20T23:59:59Z,86395,86395,0,1.0,0.999779701,1.000061751,-0.000297302,0,0,2,2,0.0,0.818173,2.596115,8.351442e-11,0.0008181228,0.002595954,False,0.002999,False
2019-08-21,RS01SLBS-MJ01A-12-VEL3DB101,2,True,2019-08-21T00:00:00Z,2019-08-21T23:59:59Z,86394,86394,0,1.0,0.999766827,1.000061759,0.001261945,0,0,0,0,-0.0,1.425831,3.952381,-3.908147e-10,0.001425743,0.003952137,False,0.002938,False
2019-08-22,RS01SLBS-MJ01A-12-VEL3DB101,2,True,2019-08-22T00:00:00Z,2019-08-22T23:59:59Z,86395,86395,0,1.0,0.999751329,1.000061778,0.000141232,0,0,1,1,0.0,1.528093,4.327146,4.965956e-10,0.001527999,0.004326878,False,0.00287,False
2019-08-23,RS01SLBS-MJ01A-12-VEL3DB101,2,True,2019-08-23T00:00:00Z,2019-08-23T23:59:59Z,86395,86395,0,1.0,0.999763966,1.000061793,-0.002970709,0,0,1,1,0.0,1.71863,4.462907,2.00089e-10,0.001718524,0.004462632,False,0.00289,False
2019-08-24,RS01SLBS-MJ01A-12-VEL3DB101,2,True,2019-08-24T00:00:00Z,2019-08-24T23:59:59Z,86394,86394,0,1.0,0.999773979,1.000061784,-0.001834204,0,0,1,1,1e-06,1.584597,13.311518,6.311177e-10,0.0015845,0.0133107,False,0.010927,False
2019-08-25,RS01SLBS-MJ01A-12-VEL3DB101,2,True,2019-08-25T00:00:00Z,2019-08-25T23:59:59Z,86395,86395,0,1.0,0.999783039,1.000061779,0.000542327,0,0,0,0,-0.0,0.938967,10.412183,-3.184844e-10,0.0009389094,0.01041154,False,0.011794,False
2019-08-26,RS01SLBS-MJ01A-12-VEL3DB101,2,True,2019-08-26T00:00:00Z,2019-08-26T23:59:59Z,86395,86395,0,1.0,0.999773979,1.000061779,-0.001369069,0,0,1,1,1e-06,1.019611,9.978237,8.707397e-10,0.001019548,0.00997762,False,0.010447,False
2019-08-27,RS01SLBS-MJ01A-12-VEL3DB101,2,True,2019-08-27T00:00:00Z,2019-08-27T23:59:59Z,86394,86394,0,1.0,0.999778271,1.00006178,0.000863153,0,0,2,2,-1e-06,1.58263,4.47693,-5.472577e-10,0.001582532,0.004476653,False,0.002886,False
2019-08-28,RS01SLBS-MJ01A-12-VEL3DB101,2,True,2019-08-28T00:00:00Z,2019-08-28T23:59:59Z,86395,86395,0,1.0,0.999782085,1.000061786,-0.000988901,0,0,1,1,0.0,0.897097,10.266502,4.888566e-10,0.0008970415,0.01026587,False,0.011314,False
2019-08-29,RS01SLBS-MJ01A-12-VEL3DB101,2,True,2019-08-29T00:00:00Z,2019-08-29T23:59:59Z,86395,86395,0,1.0,0.999783516,1.000061828,-0.00281933,0,0,2,2,1e-06,1.792791,5.049528,5.447648e-10,0.00179268,0.005049216,False,0.002919,False
2019-08-30,RS01SLBS-MJ01A-12-VEL3DB101,2,True,2019-08-30T00:00:00Z,2019-08-30T23:59:59Z,86394,86394,0,1.0,0.999772072,1.000061725,-0.001861404,0,0,1,1,-0.0,2.156458,6.080002,-2.992077e-10,0.002156325,0.006079627,False,0.00303,False
2019-08-31,RS01SLBS-MJ01A-12-VEL3DB101,2,True,2019-08-31T00:00:00Z,2019-08-31T23:59:59Z,86395,86395,0,1.0,0.999792099,1.000061775,-0.001262116,0,0,0,0,-0.0,0.981981,3.020595,-3.357749e-10,0.0009819203,0.003020409,False,0.002895,False
2019-09-01,RS01SLBS-MJ01A-12-VEL3DB101,2,True,2019-09-01T00:00:00Z,2019-09-01T23:59:59Z,86395,86395,0,1.0,0.999788761,1.000061756,-0.000694398,0,0,1,1,0.0,0.977158,11.267395,5.463507e-11,0.0009770973,0.0112667,False,0.011306,False
2019-09-02,RS01SLBS-MJ01A-12-VEL3DB101,2,True,2019-09-02T00:00:00Z,2019-09-02T23:59:59Z,86394,86394,0,1.0,0.999808788,1.000061782,0.00193008,0,0,1,1,0.0,0.770761,2.908177,2.29501e-10,0.0007707133,0.002907997,False,0.002907,False
2019-09-03,RS01SLBS-MJ01A-12-VEL3DB101,2,True,2019-09-03T00:00:00Z,2019-09-03T23:59:59Z,86395,86395,0,1.0,0.999787331,1.000061771,0.000415307,0,0,0,0,-0.0,1.418271,4.995389,-3.685811e-10,0.001418184,0.004995081,False,0.0037,False
2019-09-04,RS01SLBS-MJ01A-12-VEL3DB101,2,True,2019-09-04T00:00:00Z,2019-09-04T23:59:59Z,86395,86395,0,1.0,0.999794006,1.000061762,-0.000228382,0,0,0,0,-0.0,0.894058,10.686823,-3.141782e-10,0.0008940029,0.01068616,False,0.01327,False
2019-09-05,RS01SLBS-MJ01A-12-VEL3DB101,2,True,2019-09-05T00:00:00Z,2019-09-05T23:59:59Z,76452,86397,9945,1.0,0.999796867,1.000014505,0.11790372,3,9945,3,9946,-0.0,693.163352,1453.813695,-1.76469e-10,0.6931533,1.453793,True,0.392154,True
2019-09-06,RS01SLBS-MJ01A-12-VEL3DB101,2,True,2019-09-06T00:00:00Z,2019-09-06T23:59:59Z,86395,86395,0,1.0,0.99976778,1.000061749,-0.000512233,0,0,1,1,0.0,1.8641,5.367854,1.530926e-10,0.001863985,0.005367522,False,0.002996,False
2019-09-07,RS01SLBS-MJ01A-12-VEL3DB101,2,True,2019-09-07T00:00:00Z,2019-09-07T23:59:59Z,86395,86395,0,1.0,0.999766827,1.000061741,0.002602823,0,0,1,1,1e-06,1.397011,3.551387,7.597252e-10,0.001396925,0.003551168,False,0.003071,False
2019-09-08,RS01SLBS-MJ01A-12-VEL3DB101,2,True,2019-09-08T00:00:00Z,2019-09-08T23:59:59Z,86394,86394,0,1.0,0.999772072,1.000061766,0.000201044,0,0,1,1,-1e-06,0.898602,2.580357,-5.221588e-10,0.0008985466,0.002580198,False,0.003113,False
2019-09-09,RS01SLBS-MJ01A-12-VEL3DB101,2,True,2019-09-09T00:00:00Z,2019-09-09T23:59:59Z,86395,86395,0,1.0,0.999769688,1.000061791,-0.000681026,0,0,0,0,-0.0,0.905641,3.010644,-3.765108e-10,0.0009055855,0.003010458,False,0.002988,False
2019-09-10,RS01SLBS-MJ01A-12-VEL3DB101,2,True,2019-09-10T00:00:00Z,2019-09-10T23:59:59Z,85811,86395,584,1.0,0.999789476,1.000061761,8.6532e-05,4,584,4,584,0.0,1.449834,10.641855,3.226955e-10,0.001449745,0.0106412,False,0.040785,True
2019-09-11,RS01SLBS-MJ01A-12-VEL3DB101,2,True,2019-09-11T00:00:00Z,2019-09-11T23:59:59Z,86394,86394,0,1.0,0.999791145,1.000061777,0.002505808,0,0,0,0,-0.0,1.330529,4.372521,-4.193336e-10,0.001330447,0.004372251,False,0.002972,False
2019-09-12,RS01SLBS-MJ01A-12-VEL3DB101,2,True,2019-09-12T00:00:00Z,2019-09-12T23:59:59Z,86395,86395,0,1.0,0.999798775,1.000061808,0.002108825,0,0,0,0,-0.0,1.308542,5.561014,-3.505158e-10,0.001308461,0.00556067,False,0.00287,False
2019-09-13,RS01SLBS-MJ01A-12-VEL3DB101,2,True,2019-09-13T00:00:00Z,2019-09-13T23:59:59Z,31812,86408,54596,1.0,0.999798775,0.99987836,2.286219877,2,54596,2,54597,0.0,1342.372065,2603.41049,1.954802e-10,1.342535,2.603727,True,0.483112,True
2019-09-14,RS01SLBS-MJ01A-12-VEL3DB101,2,True,2019-09-14T00:00:00Z,2019-09-14T23:59:59Z,86395,86395,0,1.0,0.99974823,1.000061747,-0.001383333,0,0,0,0,-0.0,1.11718,3.132738,-3.281953e-10,0.001117112,0.003132545,False,0.003157,False
2019-09-15,RS01SLBS-MJ01A-12-VEL3DB101,2,True,2019-09-15T00:00:00Z,2019-09-15T23:59:59Z,86395,86395,0,1.0,0.999763012,1.000061786,9.6763e-05,0,0,3,3,-0.0,0.870281,3.139604,-1.99721e-10,0.0008702272,0.00313941,False,0.003253,False
2019-09-16,RS01SLBS-MJ01A-12-VEL3DB101,2,True,2019-09-16T00:00:00Z,2019-09-16T23:59:59Z,86394,86394,0,1.0,0.999840736,1.000061778,-0.003116211,0,0,0,0,-0.0,0.833606,3.397647,-3.758107e-10,0.0008335546,0.003397437,False,0.003035,False
2019-09-17,RS01SLBS-MJ01A-12-VEL3DB101,2,True,2019-09-17T00:00:00Z,2019-09-17T23:59:59Z,86294,86395,101,1.0,0.999977112,1.000061846,-0.004405206,1,101,1,101,0.0,1.853092,5.480282,2.199401e-10,0.001852977,0.005479943,False,0.00836,True
2019-09-18,RS01SLBS-MJ01A-12-VEL3DB101,2,True,2019-09-18T00:00:00Z,2019-09-18T23:59:59Z,86395,86395,0,1.0,0.999768257,1.000061803,-0.007568443,0,0,0,0,-0.0,6.077381,10.718129,-3.275442e-10,0.006077005,0.01071747,False,0.003101,False
2019-09-19,RS01SLBS-MJ01A-12-VEL3DB101,2,True,2019-09-19T00:00:00Z,2019-09-19T23:59:59Z,85451,86394,943,1.0,0.999778271,1.000061851,0.000451616,1,943,1,943,0.0,6.799152,13.312747,1.649399e-10,0.006798731,0.01331192,False,0.267832,True
2019-09-20,RS01SLBS-MJ01A-12-VEL3DB101,2,True,2019-09-20T00:00:00Z,2019-09-20T23:59:59Z,86395,86395,0,1.0,0.999919891,1.000061625,-0.001041015,0,0,1,1,0.0,3.757833,11.121308,1.389534e-10,0.003757602,0.01112062,False,0.002977,False
2019-09-21,RS01SLBS-MJ01A-12-VEL3DB101,2,True,2019-09-21T00:00:00Z,2019-09-21T23:59:59Z,86395,86395,0,1.0,0.999911308,1.00006174,0.004670079,0,0,0,0,-0.0,1.401287,5.048927,-3.202241e-10,0.001401201,0.005048616,False,0.002938,False
2019-09-22,RS01SLBS-MJ01A-12-VEL3DB101,2,True,2019-09-22T00:00:00Z,2019-09-22T23:59:59Z,86394,86394,0,1.0,1.000497341,1.000061733,5.6012e-05,0,0,2,2,-0.0,1.166535,9.703161,-3.937547e-10,0.001166463,0.009702562,False,0.008088,False
2019-09-23,RS01SLBS-MJ01A-12-VEL3DB101,2,True,2019-09-23T00:00:00Z,2019-09-23T23:59:59Z,86395,86395,0,1.0,0.999821901,1.000061783,0.001906839,0,0,0,0,-0.0,1.364966,4.123266,-3.413827e-10,0.001364882,0.004123011,False,0.003085,False
2019-09-24,RS01SLBS-MJ01A-12-VEL3DB101,2,True,2019-09-24T00:00:00Z,2019-09-24T23:59:59Z,86395,86395,0,1.0,1.000002861,1.000061774,-0.000817894,0,0,0,0,-0.0,1.088119,3.605816,-3.810037e-10,0.001088052,0.003605593,False,0.002905,False
2019-09-25,RS01SLBS-MJ01A-12-VEL3DB101,2,True,2019-09-25T00:00:00Z,2019-09-25T23:59:59Z,86394,86394,0,1.0,1.000494003,1.000061758,0.00134004,0,0,0,0,-0.0,0.753239,2.791849,-4.453554e-10,0.0007531929,0.002791676,False,0.003206,False
2019-09-26,RS01SLBS-MJ01A-12-VEL3DB101,2,True,2019-09-26T00:00:00Z,2019-09-26T23:59:59Z,86395,86395,0,1.0,0.999770641,1.000061796,-0.000841361,0,0,0,0,-0.0,1.11763,4.617226,-3.427471e-10,0.001117561,0.004616941,False,0.00313,False
2019-09-27,RS01SLBS-MJ01A-12-VEL3DB101,2,True,2019-09-27T00:00:00Z,2019-09-27T23:59:59Z,86395,86395,0,1.0,0.999788761,1.00006178,-0.001473781,0,0,0,0,-0.0,2.101125,6.603365,-2.918236e-10,0.002100995,0.006602957,False,0.003033,False
2019-09-28,RS01SLBS-MJ01A-12-VEL3DB101,2,True,2019-09-28T00:00:00Z,2019-09-28T23:59:59Z,86394,86394,0,1.0,1.000501156,1.000061767,-0.001822682,0,0,1,1,0.0,1.574433,4.537949,5.051059e-11,0.001574336,0.004537668,False,0.00329,False
2019-09-29,RS01SLBS-MJ01A-12-VEL3DB101,2,True,2019-09-29T00:00:00Z,2019-09-29T23:59:59Z,86395,86395,0,1.0,1.000582695,1.000061796,0.00046662,0,0,0,0,-0.0,0.847988,3.008934,-3.337978e-10,0.0008479353,0.003008748,False,0.003289,False
2019-09-30,RS01SLBS-MJ01A-12-VEL3DB101,2,True,2019-09-30T00:00:00Z,2019-09-30T23:59:59Z,86395,86395,0,1.0,0.9998703,1.000061764,0.000637583,0,0,0,0,-0.0,0.787392,2.769109,-3.826216e-10,0.0007873438,0.002768938,False,0.002938,False
2019-10-01,RS01SLBS-MJ01A-12-VEL3DB101,2,True,2019-10-01T00:00:00Z,2019-10-01T23:59:59Z,86394,86394,0,1.0,0.999803066,1.000061717,0.002849527,0,0,0,0,-0.0,2.155617,12.781969,-3.983537e-10,0.002155484,0.01278118,False,0.011237,False
2019-10-02,RS01SLBS-MJ01A-12-VEL3DB101,2,True,2019-10-02T00:00:00Z,2019-10-02T23:59:59Z,86395,86395,0,1.0,0.999910831,1.000061716,0.002144463,0,0,1,1,0.0,3.121376,7.262366,3.53818e-10,0.003121183,0.007261918,False,0.005968,False
2019-10-03,RS01SLBS-MJ01A-12-VEL3DB101,2,True,2019-10-03T00:00:00Z,2019-10-03T23:59:59Z,86395,86395,0,1.0,0.999849319,1.000061799,-0.005561723,0,0,1,1,-0.0,2.173078,5.923916,-2.617382e-10,0.002172943,0.00592355,False,0.002977,False
2019-10-04,RS01SLBS-MJ01A-12-VEL3DB101,2,True,2019-10-04T00:00:00Z,2019-10-04T23:59:59Z,86394,86394,0,1.0,0.999902248,1.000061758,-0.000486755,0,0,1,1,0.0,1.37103,3.717037,1.712702e-10,0.001370945,0.003716808,False,0.002996,False
2019-10-05,RS01SLBS-MJ01A-12-VEL3DB101,2,True,2019-10-05T00:00:00Z,2019-10-05T23:59:59Z,86395,86395,0,1.0,0.99976778,1.000061765,8.6182e-05,0,0,0,0,-0.0,1.129814,3.719545,-3.480166e-10,0.001129744,0.003719316,False,0.00305,False
2019-10-06,RS01SLBS-MJ01A-12-VEL3DB101,2,True,2019-10-06T00:00:00Z,2019-10-06T23:59:59Z,86395,86395,0,1.0,0.999876022,1.000061783,-0.001329925,0,0,0,0,-0.0,0.849003,10.021669,-3.176047e-10,0.000848951,0.01002105,False,0.009654,False
2019-10-07,RS01SLBS-MJ01A-12-VEL3DB101,2,True,2019-10-07T00:00:00Z,2019-10-07T23:59:59Z,86394,86394,0,1.0,0.99974823,1.000061777,-0.00058956,0,0,1,1,0.0,1.420601,4.174486,4.177727e-10,0.001420514,0.004174229,False,0.003136,False
2019-10-08,RS01SLBS-MJ01A-12-VEL3DB101,2,True,2019-10-08T00:00:00Z,2019-10-08T23:59:59Z,86395,86395,0,1.0,0.999857903,1.000061819,-0.001747842,0,0,0,0,-0.0,1.274709,4.084268,-3.636389e-10,0.001274631,0.004084015,False,0.002973,False
2019-10-09,RS01SLBS-MJ01A-12-VEL3DB101,2,True,2019-10-09T00:00:00Z,2019-10-09T23:59:59Z,86395,86395,0,1.0,0.999794006,1.000061791,-0.001606536,0,0,0,0,-0.0,1.538067,4.910088,-2.952578e-10,0.001537972,0.004909785,False,0.003068,False
2019-10-10,RS01SLBS-MJ01A-12-VEL3DB101,2,True,2019-10-10T00:00:00Z,2019-10-10T23:59:59Z,86394,86394,0,1.0,0.99975872,1.000061777,0.002865639,0,0,1,1,-0.0,1.093095,3.666372,-2.059496e-10,0.001093027,0.003666145,False,0.003068,False
2019-10-11,RS01SLBS-MJ01A-12-VEL3DB101,2,True,2019-10-11T00:00:00Z,2019-10-11T23:59:59Z,55299,86404,31105,1.0,0.999769211,0.999921617,2.204559199,3,31105,3,31105,-0.0,1333.878794,2817.451473,-3.30133e-10,1.333983,2.817672,True,0.24255,True
2019-10-12,RS01SLBS-MJ01A-12-VEL3DB101,2,True,2019-10-12T00:00:00Z,2019-10-12T23:59:59Z,86395,86395,0,1.0,0.999875069,1.000061756,0.001263693,0,0,1,1,-0.0,1.841675,5.393136,-4.616158e-10,0.001841561,0.005392803,False,0.002981,False
2019-10-13,RS01SLBS-MJ01A-12-VEL3DB101,2,True,2019-10-13T00:00:00Z,2019-10-13T23:59:59Z,86394,86394,0,1.0,0.999857903,1.000061751,-0.003126917,0,0,1,1,-0.0,1.942113,7.887547,-8.665978e-11,0.001941993,0.00788706,False,0.004798,False
2019-10-14,RS01SLBS-MJ01A-12-VEL3DB101,2,True,2019-10-14T00:00:00Z,2019-10-14T23:59:59Z,86395,86395,0,1.0,1.000563383,1.000061812,-0.001095403,0,0,2,2,0.0,2.210717,9.225221,1.788461e-10,0.00221058,0.00922465,False,0.005331,False
2019-10-15,RS01SLBS-MJ01A-12-VEL3DB101,2,True,2019-10-15T00:00:00Z,2019-10-15T23:59:59Z,85554,86395,841,1.0,0.99984169,1.000061753,-0.002752166,3,841,3,843,-0.0,1.893946,8.593036,-2.036569e-10,0.001893829,0.008592505,False,0.186288,True
2019-10-16,RS01SLBS-MJ01A-12-VEL3DB101,2,True,2019-10-16T00:00:00Z,2019-10-16T23:59:59Z,86394,86394,0,1.0,0.999768734,1.000061835,0.000396751,0,0,0,0,-0.0,1.892451,9.032388,-4.515178e-10,0.001892334,0.009031829,False,0.00688,False
2019-10-17,RS01SLBS-MJ01A-12-VEL3DB101,2,True,2019-10-17T00:00:00Z,2019-10-17T23:59:59Z,86395,86395,0,1.0,0.999833107,1.000061738,-0.00066494,0,0,2,2,-0.0,1.617232,8.402273,-2.518166e-10,0.001617132,0.008401754,False,0.004338,False
2019-10-18,RS01SLBS-MJ01A-12-VEL3DB101,2,True,2019-10-18T00:00:00Z,2019-10-18T23:59:59Z,86395,86395,0,1.0,0.999789476,1.000061681,0.000200881,0,0,1,1,-1e-06,11.876513,105.262712,-7.915238e-10,0.01187578,0.1052562,False,0.105555,False
2019-10-19,RS01SLBS-MJ01A-12-VEL3DB101,2,True,2019-10-19T00:00:00Z,2019-10-19T23:59:59Z,86394,86394,0,1.0,0.999845982,1.000061777,-0.001065778,0,0,1,1,-0.0,0.860065,3.695507,-4.95529e-10,0.0008600114,0.003695279,False,0.003076,False
2019-10-20,RS01SLBS-MJ01A-12-VEL3DB101,2,True,2019-10-20T00:00:00Z,2019-10-20T23:59:59Z,86395,86395,0,1.0,0.999803066,1.000061765,-0.000550039,0,0,0,0,-0.0,0.926663,5.249588,-3.403216e-10,0.0009266057,0.005249264,False,0.006345,False
2019-10-21,RS01SLBS-MJ01A-12-VEL3DB101,2,True,2019-10-21T00:00:00Z,2019-10-21T23:59:59Z,86395,86395,0,1.0,0.999909401,1.000061729,-0.000530859,0,0,0,0,-0.0,1.396748,5.737731,-3.435109e-10,0.001396662,0.005737376,False,0.004165,False
2019-10-22,RS01SLBS-MJ01A-12-VEL3DB101,2,True,2019-10-22T00:00:00Z,2019-10-22T23:59:59Z,86394,86394,0,1.0,1.000338078,1.000061744,0.001060031,0,0,0,0,-0.0,1.011912,5.125708,-4.504634e-10,0.001011849,0.005125391,False,0.004544,False
2019-10-23,RS01SLBS-MJ01A-12-VEL3DB101,2,True,2019-10-23T00:00:00Z,2019-10-23T23:59:59Z,29887,86367,56480,1.0,1.0005548,1.000404461,2.791709686,3,56480,3,56481,0.0,2770.193473,4986.700235,1.31107e-10,2.769073,4.984684,True,0.15719,True
2019-10-24,RS01SLBS-MJ01A-12-VEL3DB101,2,False,,,0,0,,1.0,,,,,,,,,,,,,,,,False
2019-10-25,RS01SLBS-MJ01A-12-VEL3DB101,2,False,,,0,0,,1.0,,,,,,,,,,,,,,,,False
2019-10-26,RS01SLBS-MJ01A-12-VEL3DB101,2,False,,,0,0,,1.0,,,,,,,,,,,,,,,,False
2019-10-27,RS01SLBS-MJ01A-12-VEL3DB101,2,False,,,0,0,,1.0,,,,,,,,,,,,,,,,False
2019-10-28,RS01SLBS-MJ01A-12-VEL3DB101,2,True,2019-10-28T16:32:57Z,2019-10-28T23:59:59Z,26821,26821,0,1.0,0.999732971,1.000061571,0.001137961,0,0,0,0,0.0,1.252576,4.523643,1.490323e-10,0.001252499,0.004523365,False,0.003901,False
2019-10-29,RS01SLBS-MJ01A-12-VEL3DB101,2,True,2019-10-29T00:00:00Z,2019-10-29T23:59:59Z,86395,86395,0,1.0,0.999772072,1.000061789,0.00020168,0,0,2,2,0.0,1.660349,4.857312,7.546313e-11,0.001660246,0.004857012,False,0.003122,False
2019-10-30,RS01SLBS-MJ01A-12-VEL3DB101,2,True,2019-10-30T00:00:00Z,2019-10-30T23:59:59Z,86395,86395,0,1.0,0.999751091,1.000061762,-0.001929815,0,0,1,1,-1e-06,0.847704,4.39505,-6.184451e-10,0.0008476519,0.004394779,False,0.003233,False
2019-10-31,RS01SLBS-MJ01A-12-VEL3DB101,2,True,2019-10-31T00:00:00Z,2019-10-31T23:59:59Z,86394,86394,0,1.0,0.999760151,1.00006179,-0.001107471,0,0,0,0,-0.0,1.312833,3.680911,-4.276263e-10,0.001312752,0.003680683,False,0.00395,False
2019-11-01,RS01SLBS-MJ01A-12-VEL3DB101,2,True,2019-11-01T00:00:00Z,2019-11-01T23:59:59Z,86395,86395,0,1.0,0.999742031,1.000061751,-0.001097448,0,0,0,0,-0.0,1.124266,5.219711,-3.347006e-10,0.001124197,0.005219389,False,0.004862,False
2019-11-02,RS01SLBS-MJ01A-12-VEL3DB101,2,True,2019-11-02T00:00:00Z,2019-11-02T23:59:59Z,86395,86395,0,1.0,0.999815941,1.000061778,0.000449727,0,0,0,0,-0.0,1.550406,4.727837,-3.81823e-10,0.001550311,0.004727545,False,0.004147,False
2019-11-03,RS01SLBS-MJ01A-12-VEL3DB101,2,True,2019-11-03T00:00:00Z,2019-11-03T23:59:59Z,86394,86394,0,1.0,0.999886036,1.000061784,-0.001693954,0,0,1,1,-0.0,2.195133,6.395607,-1.75396e-10,0.002194997,0.006395212,False,0.005283,False
2019-11-04,RS01SLBS-MJ01A-12-VEL3DB101,2,True,2019-11-04T00:00:00Z,2019-11-04T23:59:59Z,86395,86395,0,1.0,0.999965429,1.000061735,-0.001775399,0,0,1,1,-0.0,1.718749,7.62818,-4.608191e-10,0.001718643,0.007627709,False,0.005689,False
2019-11-05,RS01SLBS-MJ01A-12-VEL3DB101,2,True,2019-11-05T00:00:00Z,2019-11-05T23:59:59Z,86395,86395,0,1.0,1.000593185,1.00006174,0.001017291,0,0,0,0,-0.0,1.218459,5.051183,-2.760523e-10,0.001218383,0.005050871,False,0.004738,False
2019-11-06,RS01SLBS-MJ01A-12-VEL3DB101,2,True,2019-11-06T00:00:00Z,2019-11-06T23:59:59Z,86394,86394,0,1.0,1.000583172,1.000061759,-0.000828736,0,0,0,0,-0.0,1.185183,12.30305,-4.128775e-10,0.00118511,0.01230229,False,0.011355,False
2019-11-07,RS01SLBS-MJ01A-12-VEL3DB101,2,True,2019-11-07T00:00:00Z,2019-11-07T23:59:59Z,86395,86395,0,1.0,1.000378132,1.000061768,-6.0097e-05,0,0,1,1,0.0,1.252497,7.569554,1.265279e-10,0.00125242,0.007569087,False,0.00681,False
2019-11-08,RS01SLBS-MJ01A-12-VEL3DB101,2,True,2019-11-08T00:00:00Z,2019-11-08T23:59:59Z,86395,86395,0,1.0,0.99976778,1.000061775,0.001163135,0,0,0,0,-0.0,1.980977,7.06385,-3.454224e-10,0.001980855,0.007063414,False,0.010003,False
2019-11-09,RS01SLBS-MJ01A-12-VEL3DB101,2,True,2019-11-09T00:00:00Z,2019-11-09T23:59:59Z,86394,86394,0,1.0,0.999786854,1.000061766,0.000541904,0,0,1,1,1e-06,1.029589,3.583761,5.524673e-10,0.001029525,0.00358354,False,0.003352,False
2019-11-10,RS01SLBS-MJ01A-12-VEL3DB101,2,True,2019-11-10T00:00:00Z,2019-11-10T23:59:59Z,86395,86395,0,1.0,0.999769211,1.000061759,-0.001198611,0,0,0,0,-0.0,8.606159,107.23641,-3.016499e-10,0.008605627,0.1072298,False,0.110293,False
2019-11-11,RS01SLBS-MJ01A-12-VEL3DB101,2,True,2019-11-11T00:00:00Z,2019-11-11T23:59:59Z,86395,86395,0,1.0,0.999792099,1.000061747,0.001574323,0,0,1,1,-0.0,1.295619,4.652987,-1.631996e-10,0.001295539,0.0046527,False,0.00466,False
2019-11-12,RS01SLBS-MJ01A-12-VEL3DB101,2,True,2019-11-12T00:00:00Z,2019-11-12T23:59:59Z,86394,86394,0,1.0,0.999778271,1.000061777,-0.00085452,0,0,2,2,0.0,1.10656,5.867388,1.624102e-11,0.001106491,0.005867025,False,0.003756,False
2019-11-13,RS01SLBS-MJ01A-12-VEL3DB101,2,True,2019-11-13T00:00:00Z,2019-11-13T23:59:59Z,86395,86395,0,1.0,0.999844074,1.000061755,-0.000141137,0,0,0,0,-0.0,1.054529,6.341912,-3.393525e-10,0.001054464,0.00634152,False,0.005526,False
2019-11-14,RS01SLBS-MJ01A-12-VEL3DB101,2,True,2019-11-14T00:00:00Z,2019-11-14T23:59:59Z,86395,86395,0,1.0,0.999784946,1.000061768,-0.002462037,0,0,0,0,-0.0,2.04756,5.477624,-3.589718e-10,0.002047433,0.005477286,False,0.005902,False
2019-11-15,RS01SLBS-MJ01A-12-VEL3DB101,2,True,2019-11-15T00:00:00Z,2019-11-15T23:59:59Z,86394,86394,0,1.0,0.999783993,1.000061747,-0.000873037,0,0,1,1,0.0,1.833726,352.594119,4.043627e-10,0.001833612,0.3525723,False,0.351934,False
2019-11-16,RS01SLBS-MJ01A-12-VEL3DB101,2,True,2019-11-16T00:00:00Z,2019-11-16T23:59:59Z,86395,86395,0,1.0,0.999765396,1.000061752,-1.8409e-05,0,0,0,0,-0.0,0.957088,3.289515,-3.636547e-10,0.0009570284,0.003289311,False,0.003052,False
2019-11-17,RS01SLBS-MJ01A-12-VEL3DB101,2,True,2019-11-17T00:00:00Z,2019-11-17T23:59:59Z,86395,86395,0,1.0,0.99979496,1.000061765,-0.00279833,0,0,0,0,-0.0,11.536918,103.94169,-3.12979e-10,0.01153621,0.1039353,False,0.097068,False
2019-11-18,RS01SLBS-MJ01A-12-VEL3DB101,2,True,2019-11-18T00:00:00Z,2019-11-18T23:59:59Z,86394,86394,0,1.0,0.999811172,1.000061713,0.003637783,0,0,1,1,-0.0,1.759461,5.465054,-1.409333e-10,0.001759352,0.005464716,False,0.004754,False
2019-11-19,RS01SLBS-MJ01A-12-VEL3DB101,2,True,2019-11-19T00:00:00Z,2019-11-19T23:59:59Z,86395,86395,0,1.0,0.999819279,1.000061776,0.001327706,0,0,0,0,-0.0,1.849314,4.636026,-2.93752e-10,0.001849199,0.00463574,False,0.003012,False
2019-11-20,RS01SLBS-MJ01A-12-VEL3DB101,2,True,2019-11-20T00:00:00Z,2019-11-20T23:59:59Z,86395,86395,0,1.0,0.999752998,1.000061812,-0.00158994,0,0,0,0,-0.0,4.128555,10.439465,-2.991785e-10,0.0041283,0.01043882,False,0.00314,False
2019-11-21,RS01SLBS-MJ01A-12-VEL3DB101,2,True,2019-11-21T00:00:00Z,2019-11-21T23:59:59Z,86394,86394,0,1.0,0.999798775,1.000061765,-0.003051558,0,0,1,1,-1e-06,9.131078,114.211634,-5.395561e-10,0.009130514,0.1142046,False,0.112606,False
2019-11-22,RS01SLBS-MJ01A-12-VEL3DB101,2,True,2019-11-22T00:00:00Z,2019-11-22T23:59:59Z,86395,86395,0,1.0,0.999762058,1.000061788,-0.002143679,0,0,0,0,-0.0,1.149324,5.212459,-2.737745e-10,0.001149253,0.005212137,False,0.004749,False
2019-11-23,RS01SLBS-MJ01A-12-VEL3DB101,2,True,2019-11-23T00:00:00Z,2019-11-23T23:59:59Z,86395,86395,0,1.0,0.999808788,1.000061703,0.002035567,0,0,1,1,0.0,2.376451,5.812492,1.666198e-10,0.002376304,0.005812133,False,0.004652,False
2019-11-24,RS01SLBS-MJ01A-12-VEL3DB101,2,True,2019-11-24T00:00:00Z,2019-11-24T23:59:59Z,86394,86394,0,1.0,0.999766827,1.000061761,0.001080795,0,0,0,0,-0.0,1.069316,10.31698,-4.421232e-10,0.00106925,0.01031634,False,0.010974,False
2019-11-25,RS01SLBS-MJ01A-12-VEL3DB101,2,True,2019-11-25T00:00:00Z,2019-11-25T23:59:59Z,86395,86395,0,1.0,0.999754906,1.000061783,-0.002421177,0,0,1,1,0.0,1.377929,12.66021,4.305811e-10,0.001377844,0.01265943,False,0.011434,False
2019-11-26,RS01SLBS-MJ01A-12-VEL3DB101,2,True,2019-11-26T00:00:00Z,2019-11-26T23:59:59Z,86395,86395,0,1.0,0.999745846,1.000061746,-0.00199441,0,0,1,1,0.0,1.257281,7.055272,1.518077e-10,0.001257203,0.007054836,False,0.005364,False
2019-11-27,RS01SLBS-MJ01A-12-VEL3DB101,2,True,2019-11-27T00:00:00Z,2019-11-27T23:59:59Z,86394,86394,0,1.0,0.999741077,1.000061743,-0.001542387,0,0,1,1,0.0,1.437711,6.323353,3.766225e-10,0.001437622,0.006322963,False,0.004686,False
2019-11-28,RS01SLBS-MJ01A-12-VEL3DB101,2,True,2019-11-28T00:00:00Z,2019-11-28T23:59:59Z,86395,86395,0,1.0,0.999755859,1.000061902,-0.003634049,0,0,2,2,1e-06,2.413153,6.309833,9.982244e-10,0.002413004,0.006309442,False,0.005191,False
2019-11-29,RS01SLBS-MJ01A-12-VEL3DB101,2,True,2019-11-29T00:00:00Z,2019-11-29T23:59:59Z,86395,86395,0,1.0,0.999743938,1.000061607,0.002610744,0,0,0,0,-0.0,1.799187,8.52241,-3.34466e-10,0.001799076,0.008521885,False,0.012058,False
2019-11-30,RS01SLBS-MJ01A-12-VEL3DB101,2,True,2019-11-30T00:00:00Z,2019-11-30T23:59:59Z,86394,86394,0,1.0,0.999742985,1.000061855,-0.001616997,0,0,0,0,-0.0,8.684545,107.356379,-3.830487e-10,0.008684008,0.1073497,False,0.107647,False
2019-12-01,RS01SLBS-MJ01A-12-VEL3DB101,2,True,2019-12-01T00:00:00Z,2019-12-01T23:59:59Z,86395,86395,0,1.0,0.999744892,1.000061792,-4.3769e-05,0,0,0,0,-0.0,1.384691,11.304285,-3.464216e-10,0.001384605,0.01130359,False,0.011589,False
2019-12-02,RS01SLBS-MJ01A-12-VEL3DB101,2,True,2019-12-02T00:00:00Z,2019-12-02T23:59:59Z,86395,86395,0,1.0,0.999730825,1.000061752,0.00087736,0,0,1,1,0.0,1.220574,8.086252,3.4942e-10,0.001220499,0.008085752,False,0.008399,False
2019-12-03,RS01SLBS-MJ01A-12-VEL3DB101,2,True,2019-12-03T00:00:00Z,2019-12-03T23:59:59Z,86394,86394,0,1.0,0.999727726,1.000061768,0.000316552,0,0,0,0,-0.0,1.013673,10.658391,-4.298324e-10,0.001013611,0.01065773,False,0.014833,False
2019-12-04,RS01SLBS-MJ01A-12-VEL3DB101,2,True,2019-12-04T00:00:00Z,2019-12-04T23:59:59Z,86395,86395,0,1.0,0.999724865,1.000061791,-0.001239346,0,0,1,1,0.0,0.89846,2.739387,3.182893e-11,0.0008984049,0.002739218,False,0.003106,False
2019-12-05,RS01SLBS-MJ01A-12-VEL3DB101,2,True,2019-12-05T00:00:00Z,2019-12-05T23:59:59Z,86395,86395,0,1.0,0.999763966,1.000061745,-0.000261332,0,0,0,0,-0.0,0.74778,2.660123,-2.943044e-10,0.000747734,0.002659959,False,0.003108,False
2019-12-06,RS01SLBS-MJ01A-12-VEL3DB101,2,True,2019-12-06T00:00:00Z,2019-12-06T23:59:59Z,86394,86394,0,1.0,1.000555992,1.000061719,-0.000110797,0,0,0,0,-0.0,0.876733,4.074259,-4.070192e-10,0.0008766793,0.004074007,False,0.003339,False
2019-12-07,RS01SLBS-MJ01A-12-VEL3DB101,2,True,2019-12-07T00:00:00Z,2019-12-07T23:59:59Z,86395,86395,0,1.0,0.999746323,1.000061758,-0.001904006,0,0,2,2,0.0,1.168206,3.570594,1.079077e-10,0.001168134,0.003570373,False,0.003074,False
2019-12-08,RS01SLBS-MJ01A-12-VEL3DB101,2,True,2019-12-08T00:00:00Z,2019-12-08T23:59:59Z,85518,86395,877,1.0,1.000572205,1.000061745,-0.001246609,3,877,3,879,0.0,1.498223,351.301906,9.08271e-12,0.001498131,0.3512802,False,0.446966,True
2019-12-09,RS01SLBS-MJ01A-12-VEL3DB101,2,True,2019-12-09T00:00:00Z,2019-12-09T23:59:59Z,86394,86394,0,1.0,0.999821186,1.000061786,-0.000944841,0,0,0,0,-0.0,0.689916,2.218844,-4.511117e-10,0.000689873,0.002218707,False,0.003013,False
2019-12-10,RS01SLBS-MJ01A-12-VEL3DB101,2,True,2019-12-10T00:00:00Z,2019-12-10T23:59:59Z,84431,86395,1964,1.0,0.999758005,1.000061728,-0.001476955,3,1964,3,1965,-0.0,1.195563,10.840078,-9.857366e-11,0.001195489,0.01083941,False,0.298862,True
2019-12-11,RS01SLBS-MJ01A-12-VEL3DB101,2,True,2019-12-11T00:00:00Z,2019-12-11T23:59:59Z,86395,86395,0,1.0,0.999773979,1.000061558,0.002559914,0,0,0,0,-0.0,3.334707,15.720577,-3.392916e-10,0.003334502,0.01571961,False,0.017569,False
2019-12-12,RS01SLBS-MJ01A-12-VEL3DB101,2,True,2019-12-12T00:00:00Z,2019-12-12T23:59:59Z,84825,86394,1569,1.0,0.999773026,1.000061495,-0.005951815,5,1569,5,1572,-0.0,5.412452,17.940249,-2.691988e-10,0.005412119,0.01793915,False,0.254619,True
2019-12-13,RS01SLBS-MJ01A-12-VEL3DB101,2,True,2019-12-13T00:00:00Z,2019-12-13T23:59:59Z,86395,86395,0,1.0,0.999728203,1.000061684,-0.004410818,0,0,0,0,-0.0,3.207531,13.209114,-3.159406e-10,0.003207334,0.0132083,False,0.01548,False
2019-12-14,RS01SLBS-MJ01A-12-VEL3DB101,2,True,2019-12-14T00:00:00Z,2019-12-14T23:59:59Z,86395,86395,0,1.0,0.999742985,1.000061658,0.001242658,0,0,2,2,1e-06,4.677715,18.739405,5.093575e-10,0.004677426,0.01873825,False,0.014246,False
2019-12-15,RS01SLBS-MJ01A-12-VEL3DB101,2,True,2019-12-15T00:00:00Z,2019-12-15T23:59:59Z,86394,86394,0,1.0,0.999766827,1.000061351,0.013042872,0,0,0,0,-0.0,7.570957,18.269746,-4.107373e-10,0.007570493,0.01826863,False,0.01525,False
2019-12-16,RS01SLBS-MJ01A-12-VEL3DB101,2,True,2019-12-16T00:00:00Z,2019-12-16T23:59:59Z,86395,86395,0,1.0,0.999810219,1.000061075,-0.005946698,0,0,1,1,1e-06,7.477367,17.476317,6.937081e-10,0.00747691,0.01747525,False,0.014603,False
2019-12-17,RS01SLBS-MJ01A-12-VEL3DB101,2,True,2019-12-17T00:00:00Z,2019-12-17T23:59:59Z,86395,86395,0,1.0,0.999738216,1.000061818,-0.003632764,0,0,0,0,-0.0,1.877373,12.797463,-3.702397e-10,0.001877257,0.01279667,False,0.013436,False
2019-12-18,RS01SLBS-MJ01A-12-VEL3DB101,2,True,2019-12-18T00:00:00Z,2019-12-18T23:59:59Z,86394,86394,0,1.0,0.999766827,1.000061574,0.000850517,0,0,1,1,-1e-06,2.7987,12.386598,-8.0462e-10,0.002798528,0.01238584,False,0.01386,False
2019-12-19,RS01SLBS-MJ01A-12-VEL3DB101,2,True,2019-12-19T00:00:00Z,2019-12-19T23:59:59Z,86395,86395,0,1.0,0.999853134,1.000061722,-0.000749015,0,0,2,2,0.0,0.704435,2.801933,4.092816e-10,0.0007043913,0.00280176,False,0.003008,False
2019-12-20,RS01SLBS-MJ01A-12-VEL3DB101,2,True,2019-12-20T00:00:00Z,2019-12-20T23:59:59Z,86395,86395,0,1.0,0.999742031,1.000061754,0.001896163,0,0,0,0,-0.0,0.701492,2.517039,-2.972524e-10,0.0007014491,0.002516884,False,0.003065,False
2019-12-21,RS01SLBS-MJ01A-12-VEL3DB101,2,True,2019-12-21T00:00:00Z,2019-12-21T23:59:59Z,86394,86394,0,1.0,0.99976635,1.000061753,0.000455003,0,0,2,2,-0.0,0.662763,11.102599,-8.88197e-11,0.0006627224,0.01110191,False,0.011297,False
2019-12-22,RS01SLBS-MJ01A-12-VEL3DB101,2,True,2019-12-22T00:00:00Z,2019-12-22T23:59:59Z,86395,86395,0,1.0,0.999729633,1.000061777,-0.000890683,0,0,0,0,-0.0,0.791544,2.770299,-3.372644e-10,0.0007914947,0.002770127,False,0.003113,False
2019-12-23,RS01SLBS-MJ01A-12-VEL3DB101,2,True,2019-12-23T00:00:00Z,2019-12-23T23:59:59Z,86395,86395,0,1.0,0.99973774,1.000061754,-0.001049477,0,0,0,0,-0.0,0.797668,6.047279,-3.352645e-10,0.0007976185,0.006046906,False,0.006116,False
2019-12-24,RS01SLBS-MJ01A-12-VEL3DB101,2,True,2019-12-24T00:00:00Z,2019-12-24T23:59:59Z,86394,86394,0,1.0,0.999744892,1.000061756,0.000386232,0,0,1,1,-0.0,0.716549,2.975723,-1.936327e-10,0.0007165051,0.00297554,False,0.003114,False
2019-12-25,RS01SLBS-MJ01A-12-VEL3DB101,2,True,2019-12-25T00:00:00Z,2019-12-25T23:59:59Z,86395,86395,0,1.0,0.999737263,1.000061749,-0.000262714,0,0,0,0,-0.0,0.827093,4.367232,-3.347164e-10,0.0008270424,0.004366962,False,0.003423,False
2019-12-26,RS01SLBS-MJ01A-12-VEL3DB101,2,True,2019-12-26T00:00:00Z,2019-12-26T23:59:59Z,86395,86395,0,1.0,0.999734879,1.000061767,9.0283e-05,0,0,0,0,-0.0,0.720954,9.893751,-3.144891e-10,0.000720909,0.00989314,False,0.009534,False
2019-12-27,RS01SLBS-MJ01A-12-VEL3DB101,2,True,2019-12-27T00:00:00Z,2019-12-27T23:59:59Z,86394,86394,0,1.0,0.999717712,1.000061744,0.000316781,0,0,1,1,-0.0,0.699385,2.428848,-3.263562e-10,0.000699342,0.002428698,False,0.003127,False
2019-12-28,RS01SLBS-MJ01A-12-VEL3DB101,2,True,2019-12-28T00:00:00Z,2019-12-28T23:59:59Z,86395,86395,0,1.0,0.999722958,1.000061761,-0.000981963,0,0,0,0,-0.0,1.05396,4.269199,-2.902451e-10,0.001053895,0.004268936,False,0.003219,False
2019-12-29,RS01SLBS-MJ01A-12-VEL3DB101,2,True,2019-12-29T00:00:00Z,2019-12-29T23:59:59Z,86395,86395,0,1.0,0.999719143,1.000061761,-0.000732018,0,0,1,1,1e-06,0.666541,2.231423,6.268491e-10,0.0006664994,0.002231286,False,0.003233,False
2019-12-30,RS01SLBS-MJ01A-12-VEL3DB101,2,True,2019-12-30T00:00:00Z,2019-12-30T23:59:59Z,86394,86394,0,1.0,0.99973011,1.000061753,0.000121648,0,0,1,1,-0.0,0.810141,6.047952,-3.465545e-10,0.0008100914,0.006047579,False,0.003884,False
2019-12-31,RS01SLBS-MJ01A-12-VEL3DB101,2,True,2019-12-31T00:00:00Z,2019-12-31T23:59:59Z,86395,86395,0,1.0,0.999752045,1.00006178,-0.001478315,0,0,1,1,0.0,1.20339,3.889301,1.076081e-10,0.001203315,0.003889061,False,0.00304,False
2020-01-01,RS01SLBS-MJ01A-12-VEL3DB101,2,True,2020-01-01T00:00:00Z,2020-01-01T23:59:59Z,86395,86395,0,1.0,0.999725819,1.000061832,-0.004580701,0,0,0,0,-0.0,3.958029,7.800677,-3.000721e-10,0.003957785,0.007800195,False,0.003992,False
2020-01-02,RS01SLBS-MJ01A-12-VEL3DB101,2,True,2020-01-02T00:00:00Z,2020-01-02T23:59:59Z,86394,86394,0,1.0,0.999794006,1.000061902,-0.003174169,0,0,0,0,-0.0,1.792571,9.410741,-3.893669e-10,0.00179246,0.009410159,False,0.011652,False
2020-01-03,RS01SLBS-MJ01A-12-VEL3DB101,2,True,2020-01-03T00:00:00Z,2020-01-03T23:59:59Z,86395,86395,0,1.0,0.999845028,1.000061737,-0.004298064,0,0,1,1,0.0,3.784015,16.669731,4.280995e-10,0.003783781,0.0166687,False,0.014058,False
2020-01-04,RS01SLBS-MJ01A-12-VEL3DB101,2,True,2020-01-04T00:00:00Z,2020-01-04T23:59:59Z,86395,86395,0,1.0,1.000521183,1.000061672,-0.000667733,0,0,0,0,-0.0,0.938109,3.169644,-3.295325e-10,0.0009380514,0.003169448,False,0.003376,False
2020-01-05,RS01SLBS-MJ01A-12-VEL3DB101,2,True,2020-01-05T00:00:00Z,2020-01-05T23:59:59Z,86394,86394,0,1.0,0.9997859,1.000061783,-0.000634285,0,0,0,0,-0.0,0.801972,2.755087,-3.706786e-10,0.000801922,0.002754917,False,0.003004,False
2020-01-06,RS01SLBS-MJ01A-12-VEL3DB101,2,True,2020-01-06T00:00:00Z,2020-01-06T23:59:59Z,86395,86395,0,1.0,0.999799728,1.000061744,-0.000468882,0,0,0,0,-0.0,0.661714,2.116651,-2.875404e-10,0.0006616729,0.002116521,False,0.003016,False
2020-01-07,RS01SLBS-MJ01A-12-VEL3DB101,2,True,2020-01-07T00:00:00Z,2020-01-07T23:59:59Z,86395,86395,0,1.0,0.999780178,1.000061746,-0.00020966,0,0,0,0,-0.0,0.77365,11.616064,-3.659317e-10,0.0007736024,0.01161535,False,0.011275,False
2020-01-08,RS01SLBS-MJ01A-12-VEL3DB101,2,True,2020-01-08T00:00:00Z,2020-01-08T23:59:59Z,86394,86394,0,1.0,0.999751568,1.000061813,0.00085966,0,0,1,1,-1e-06,1.899428,348.907883,-6.738919e-10,0.001899311,0.3488863,False,0.352,False
2020-01-09,RS01SLBS-MJ01A-12-VEL3DB101,2,True,2020-01-09T00:00:00Z,2020-01-09T23:59:59Z,86395,86395,0,1.0,0.999772072,1.000061773,-0.002325464,0,0,0,0,-0.0,0.838041,6.543806,-3.385745e-10,0.0008379889,0.006543402,False,0.005407,False
2020-01-10,RS01SLBS-MJ01A-12-VEL3DB101,2,True,2020-01-10T00:00:00Z,2020-01-10T23:59:59Z,85658,86395,737,1.0,0.999757767,1.000061776,-0.002158803,1,737,1,737,0.0,0.699724,2.706719,3.755231e-10,0.0006996812,0.002706552,False,0.225763,True
2020-01-11,RS01SLBS-MJ01A-12-VEL3DB101,2,True,2020-01-11T00:00:00Z,2020-01-11T23:59:59Z,86394,86394,0,1.0,0.999760628,1.000061777,-0.001446146,0,0,1,1,-1e-06,0.872085,4.21149,-5.951982e-10,0.0008720309,0.00421123,False,0.004976,False
2020-01-12,RS01SLBS-MJ01A-12-VEL3DB101,2,True,2020-01-12T00:00:00Z,2020-01-12T23:59:59Z,86395,86395,0,1.0,0.999742031,1.000061753,-0.000972497,0,0,0,0,-0.0,1.353808,4.055401,-2.960318e-10,0.001353725,0.00405515,False,0.00313,False
2020-01-13,RS01SLBS-MJ01A-12-VEL3DB101,2,True,2020-01-13T00:00:00Z,2020-01-13T23:59:59Z,86395,86395,0,1.0,0.999740601,1.000061813,-0.003682892,0,0,0,0,-0.0,1.499331,6.148494,-3.603954e-10,0.001499239,0.006148114,False,0.006328,False
2020-01-14,RS01SLBS-MJ01A-12-VEL3DB101,2,True,2020-01-14T00:00:00Z,2020-01-14T23:59:59Z,86394,86394,0,1.0,0.9997859,1.000061749,-0.001049225,0,0,1,1,-0.0,1.446189,8.510134,-3.757815e-11,0.0014461,0.008509608,False,0.009086,False
2020-01-15,RS01SLBS-MJ01A-12-VEL3DB101,2,True,2020-01-15T00:00:00Z,2020-01-15T23:59:59Z,84446,86395,1949,1.0,0.999733925,1.000061788,-0.000313844,2,1949,2,1949,0.0,2.403021,6.816196,4.200594e-11,0.002402872,0.006815775,False,0.321352,True
2020-01-16,RS01SLBS-MJ01A-12-VEL3DB101,2,True,2020-01-16T00:00:00Z,2020-01-16T23:59:59Z,86395,86395,0,1.0,0.999886513,1.000061762,0.002407566,0,0,0,0,-0.0,0.792999,2.740275,-3.128901e-10,0.0007929503,0.002740106,False,0.002968,False
2020-01-17,RS01SLBS-MJ01A-12-VEL3DB101,2,True,2020-01-17T00:00:00Z,2020-01-17T23:59:59Z,86394,86394,0,1.0,0.999809265,1.000061735,-0.001083438,0,0,0,0,-0.0,0.70801,2.601808,-4.0043e-10,0.0007079658,0.002601648,False,0.003049,False
2020-01-18,RS01SLBS-MJ01A-12-VEL3DB101,2,True,2020-01-18T00:00:00Z,2020-01-18T23:59:59Z,86395,86395,0,1.0,0.99972105,1.000061771,-0.000287619,0,0,0,0,-0.0,0.708224,2.615159,-3.507536e-10,0.0007081806,0.002614998,False,0.003209,False
2020-01-19,RS01SLBS-MJ01A-12-VEL3DB101,2,True,2020-01-19T00:00:00Z,2020-01-19T23:59:59Z,86395,86395,0,1.0,0.999796867,1.000061748,-0.000907225,0,0,1,1,-0.0,0.796818,2.976125,-3.344087e-10,0.0007967687,0.002975941,False,0.003087,False
2020-01-20,RS01SLBS-MJ01A-12-VEL3DB101,2,True,2020-01-20T00:00:00Z,2020-01-20T23:59:59Z,86394,86394,0,1.0,0.999792099,1.000061774,-0.001112984,0,0,1,1,-0.0,0.854582,9.97221,-2.682201e-10,0.0008545292,0.009971594,False,0.009991,False
2020-01-21,RS01SLBS-MJ01A-12-VEL3DB101,2,True,2020-01-21T00:00:00Z,2020-01-21T23:59:59Z,86395,86395,0,1.0,0.999792099,1.000061742,-0.002597384,0,0,0,0,-0.0,0.946233,9.929774,-3.34952e-10,0.0009461747,0.009929161,False,0.009892,False
2020-01-22,RS01SLBS-MJ01A-12-VEL3DB101,2,True,2020-01-22T00:00:00Z,2020-01-22T23:59:59Z,86395,86395,0,1.0,0.999773026,1.000061792,0.000375329,0,0,0,0,-0.0,0.752155,2.593141,-3.018437e-10,0.0007521081,0.002592981,False,0.003212,False
2020-01-23,RS01SLBS-MJ01A-12-VEL3DB101,2,True,2020-01-23T00:00:00Z,2020-01-23T23:59:59Z,86394,86394,0,1.0,0.999738693,1.000061767,-0.000142997,0,0,0,0,-0.0,0.704555,2.324955,-3.815319e-10,0.0007045118,0.002324812,False,0.00312,False
2020-01-24,RS01SLBS-MJ01A-12-VEL3DB101,2,True,2020-01-24T00:00:00Z,2020-01-24T23:59:59Z,86395,86395,0,1.0,0.999781132,1.000061778,-0.000864628,0,0,0,0,-0.0,0.992469,3.323351,-3.104514e-10,0.0009924076,0.003323146,False,0.003033,False
2020-01-25,RS01SLBS-MJ01A-12-VEL3DB101,2,True,2020-01-25T00:00:00Z,2020-01-25T23:59:59Z,86395,86395,0,1.0,0.999796867,1.000061771,-0.001298695,0,0,0,0,-0.0,0.971771,6.232139,-3.508146e-10,0.0009717107,0.006231755,False,0.005277,False
2020-01-26,RS01SLBS-MJ01A-12-VEL3DB101,2,True,2020-01-26T00:00:00Z,2020-01-26T23:59:59Z,86394,86394,0,1.0,0.999773979,1.000061815,-0.001306767,0,0,1,1,-1e-06,0.889199,5.796216,-5.44875e-10,0.0008891445,0.005795858,False,0.005092,False
2020-01-27,RS01SLBS-MJ01A-12-VEL3DB101,2,True,2020-01-27T00:00:00Z,2020-01-27T23:59:59Z,86395,86395,0,1.0,0.999753952,1.000061738,-0.000803078,0,0,1,1,0.0,0.932246,3.153494,3.006219e-10,0.0009321884,0.003153299,False,0.003088,False
2020-01-28,RS01SLBS-MJ01A-12-VEL3DB101,2,True,2020-01-28T00:00:00Z,2020-01-28T23:59:59Z,85748,86395,647,1.0,0.999783993,1.000061767,0.000807965,1,647,1,647,-0.0,0.695017,2.438473,-2.308286e-10,0.0006949738,0.002438322,False,0.180629,True
2020-01-29,RS01SLBS-MJ01A-12-VEL3DB101,2,True,2020-01-29T00:00:00Z,2020-01-29T23:59:59Z,86394,86394,0,1.0,0.999709129,1.000061731,0.001114882,0,0,1,1,-1e-06,0.713669,2.724133,-6.063638e-10,0.0007136247,0.002723965,False,0.003152,False
2020-01-30,RS01SLBS-MJ01A-12-VEL3DB101,2,True,2020-01-30T00:00:00Z,2020-01-30T23:59:59Z,86395,86395,0,1.0,0.99977684,1.000061768,0.001063512,0,0,0,0,-0.0,1.063299,3.392792,-3.385902e-10,0.001063233,0.003392583,False,0.003141,False
2020-01-31,RS01SLBS-MJ01A-12-VEL3DB101,2,True,2020-01-31T00:00:00Z,2020-01-31T23:59:59Z,86395,86395,0,1.0,0.999880791,1.000061784,-0.000674156,0,0,0,0,-0.0,0.921002,10.23267,-2.79202e-10,0.0009209453,0.01023204,False,0.010934,False
2020-02-01,RS01SLBS-MJ01A-12-VEL3DB101,2,True,2020-02-01T00:00:00Z,2020-02-01T23:59:59Z,86394,86394,0,1.0,0.999743938,1.000061774,-0.001199251,0,0,0,0,-0.0,1.12895,3.851309,-3.798573e-10,0.00112888,0.003851071,False,0.003167,False
2020-02-02,RS01SLBS-MJ01A-12-VEL3DB101,2,True,2020-02-02T00:00:00Z,2020-02-02T23:59:59Z,86395,86395,0,1.0,0.999786854,1.000061772,-0.001853112,0,0,0,0,-0.0,1.071329,4.176863,-3.346075e-10,0.001071263,0.004176605,False,0.00305,False
2020-02-03,RS01SLBS-MJ01A-12-VEL3DB101,2,True,2020-02-03T00:00:00Z,2020-02-03T23:59:59Z,86395,86395,0,1.0,0.999732971,1.000061778,-0.002018128,0,0,1,1,-0.0,1.055085,3.455878,-6.585984e-12,0.00105502,0.003455664,False,0.003147,False
2020-02-04,RS01SLBS-MJ01A-12-VEL3DB101,2,True,2020-02-04T00:00:00Z,2020-02-04T23:59:59Z,86394,86394,0,1.0,0.999776363,1.00006179,-0.00373445,0,0,1,1,0.0,2.303878,6.596059,5.195672e-12,0.002303735,0.006595652,False,0.003093,False
2020-02-05,RS01SLBS-MJ01A-12-VEL3DB101,2,True,2020-02-05T00:00:00Z,2020-02-05T23:59:59Z,86395,86395,0,1.0,0.999827385,1.000061731,0.000887533,0,0,1,1,-0.0,0.892064,2.841586,-1.293544e-10,0.000892009,0.00284141,False,0.00307,False
2020-02-06,RS01SLBS-MJ01A-12-VEL3DB101,2,True,2020-02-06T00:00:00Z,2020-02-06T23:59:59Z,86395,86395,0,1.0,0.99977684,1.000061787,0.001216383,0,0,0,0,-0.0,0.90656,3.371891,-3.505416e-10,0.0009065042,0.003371682,False,0.003213,False
2020-02-07,RS01SLBS-MJ01A-12-VEL3DB101,2,True,2020-02-07T00:00:00Z,2020-02-07T23:59:59Z,86394,86394,0,1.0,0.999740124,1.000061786,-0.000580297,0,0,0,0,-0.0,0.884458,3.043669,-3.768063e-10,0.0008844033,0.003043481,False,0.003122,False
2020-02-08,RS01SLBS-MJ01A-12-VEL3DB101,2,True,2020-02-08T00:00:00Z,2020-02-08T23:59:59Z,86395,86395,0,1.0,0.999766827,1.000061801,-0.00098201,0,0,0,0,-0.0,1.230929,4.697369,-2.79242e-10,0.001230853,0.004697078,False,0.003144,False
2020-02-09,RS01SLBS-MJ01A-12-VEL3DB101,2,True,2020-02-09T00:00:00Z,2020-02-09T23:59:59Z,86395,86395,0,1.0,0.999773026,1.000061724,-0.001582895,0,0,0,0,-0.0,0.955944,3.564576,-3.908985e-10,0.0009558847,0.003564356,False,0.003194,False
2020-02-10,RS01SLBS-MJ01A-12-VEL3DB101,2,True,2020-02-10T00:00:00Z,2020-02-10T23:59:59Z,86394,86394,0,1.0,0.999754906,1.00006176,0.00010525,0,0,1,1,0.0,0.777196,11.269159,3.490064e-10,0.0007771483,0.01126846,False,0.011129,False
2020-02-11,RS01SLBS-MJ01A-12-VEL3DB101,2,True,2020-02-11T00:00:00Z,2020-02-11T23:59:59Z,86395,86395,0,1.0,0.999783039,1.000061773,-0.000592386,0,0,1,1,0.0,1.28082,8.586675,1.891217e-10,0.001280741,0.008586144,False,0.007959,False
2020-02-12,RS01SLBS-MJ01A-12-VEL3DB101,2,True,2020-02-12T00:00:00Z,2020-02-12T23:59:59Z,86395,86395,0,1.0,0.99973774,1.000061753,-0.000573007,0,0,0,0,-0.0,0.75713,2.715667,-3.573715e-10,0.0007570837,0.0027155,False,0.003333,False
2020-02-13,RS01SLBS-MJ01A-12-VEL3DB101,2,True,2020-02-13T00:00:00Z,2020-02-13T23:59:59Z,86394,86394,0,1.0,0.999760151,1.000061733,0.002899508,0,0,0,0,-0.0,1.781333,5.48415,-4.512379e-10,0.001781223,0.005483811,False,0.003101,False
2020-02-14,RS01SLBS-MJ01A-12-VEL3DB101,2,True,2020-02-14T00:00:00Z,2020-02-14T23:59:59Z,86395,86395,0,1.0,0.999738693,1.000061718,0.005740982,0,0,1,1,-0.0,2.338454,7.278912,-1.945928e-10,0.00233831,0.007278463,False,0.003972,False
2020-02-15,RS01SLBS-MJ01A-12-VEL3DB101,2,True,2020-02-15T00:00:00Z,2020-02-15T23:59:59Z,86395,86395,0,1.0,0.999740601,1.000061786,0.000467861,0,0,2,2,-0.0,0.837454,11.496837,-2.323544e-10,0.0008374026,0.01149613,False,0.011567,False
2020-02-16,RS01SLBS-MJ01A-12-VEL3DB101,2,True,2020-02-16T00:00:00Z,2020-02-16T23:59:59Z,86394,86394,0,1.0,0.999732971,1.000061731,0.000787081,0,0,1,1,1e-06,0.918094,2.959095,6.459128e-10,0.0009180372,0.002958912,False,0.003107,False
2020-02-17,RS01SLBS-MJ01A-12-VEL3DB101,2,True,2020-02-17T00:00:00Z,2020-02-17T23:59:59Z,86395,86395,0,1.0,0.999747276,1.000061727,0.001197755,0,0,0,0,-0.0,1.589028,13.252859,-3.636957e-10,0.00158893,0.01325204,False,0.012685,False
2020-02-18,RS01SLBS-MJ01A-12-VEL3DB101,2,True,2020-02-18T00:00:00Z,2020-02-18T23:59:59Z,86395,86395,0,1.0,0.999726295,1.000061732,0.001712543,0,0,1,1,1e-06,1.130846,11.507839,5.029322e-10,0.001130777,0.01150713,False,0.011374,False
2020-02-19,RS01SLBS-MJ01A-12-VEL3DB101,2,True,2020-02-19T00:00:00Z,2020-02-19T23:59:59Z,86394,86394,0,1.0,0.999754906,1.000061767,-0.002235953,0,0,1,1,-0.0,1.168838,3.745841,-3.534436e-10,0.001168766,0.00374561,False,0.003128,False
2020-02-20,RS01SLBS-MJ01A-12-VEL3DB101,2,True,2020-02-20T00:00:00Z,2020-02-20T23:59:59Z,85658,86395,737,1.0,0.999728203,1.000061741,-0.000877927,1,737,1,737,1e-06,0.761949,2.485034,6.612047e-10,0.0007619023,0.002484881,False,0.246439,True
2020-02-21,RS01SLBS-MJ01A-12-VEL3DB101,2,True,2020-02-21T00:00:00Z,2020-02-21T23:59:59Z,86395,86395,0,1.0,0.999723911,1.000061806,-0.002231471,0,0,2,2,-0.0,1.523516,5.521896,-2.191988e-10,0.001523422,0.005521555,False,0.003177,False
2020-02-22,RS01SLBS-MJ01A-12-VEL3DB101,2,True,2020-02-22T00:00:00Z,2020-02-22T23:59:59Z,86394,86394,0,1.0,0.999771118,1.000061568,0.001040751,0,0,0,0,-0.0,3.611503,13.560523,-4.074217e-10,0.00361128,0.01355969,False,0.013144,False
2020-02-23,RS01SLBS-MJ01A-12-VEL3DB101,2,True,2020-02-23T00:00:00Z,2020-02-23T23:59:59Z,86395,86395,0,1.0,0.999918938,1.000061619,0.001781436,0,0,0,0,-0.0,2.775027,12.810385,-3.488455e-10,0.002774856,0.0128096,False,0.013682,False
2020-02-24,RS01SLBS-MJ01A-12-VEL3DB101,2,True,2020-02-24T00:00:00Z,2020-02-24T23:59:59Z,86395,86395,0,1.0,0.99973917,1.00006175,0.000707881,0,0,0,0,-0.0,0.69005,2.499464,-3.740207e-10,0.0006900076,0.00249931,False,0.003147,False
2020-02-25,RS01SLBS-MJ01A-12-VEL3DB101,2,True,2020-02-25T00:00:00Z,2020-02-25T23:59:59Z,86394,86394,0,1.0,0.999760151,1.000061729,0.001003841,0,0,0,0,-0.0,0.83092,4.626374,-4.186261e-10,0.0008308692,0.004626089,False,0.00414,False
2020-02-26,RS01SLBS-MJ01A-12-VEL3DB101,2,True,2020-02-26T00:00:00Z,2020-02-26T23:59:59Z,86395,86395,0,1.0,0.999748707,1.000061781,-0.00151875,0,0,1,1,-0.0,0.954693,3.487143,-1.537292e-10,0.0009546344,0.003486927,False,0.003121,False
2020-02-27,RS01SLBS-MJ01A-12-VEL3DB101,2,True,2020-02-27T00:00:00Z,2020-02-27T23:59:59Z,86395,86395,0,1.0,0.999765873,1.000061747,-5.328e-05,0,0,0,0,-0.0,0.689286,2.220388,-3.713525e-10,0.0006892432,0.002220251,False,0.003055,False
2020-02-28,RS01SLBS-MJ01A-12-VEL3DB101,2,True,2020-02-28T00:00:00Z,2020-02-28T23:59:59Z,86394,86394,0,1.0,0.999724865,1.000061761,0.000391096,0,0,0,0,-0.0,0.9328,3.53885,-4.440001e-10,0.0009327425,0.003538631,False,0.003139,False
2020-02-29,RS01SLBS-MJ01A-12-VEL3DB101,2,True,2020-02-29T00:00:00Z,2020-02-29T23:59:59Z,85919,86395,476,1.0,0.999752998,1.000061728,-0.000292503,4,476,4,478,0.0,0.912109,2.802964,2.330207e-10,0.000912053,0.002802791,False,0.144039,True
2020-03-01,RS01SLBS-MJ01A-12-VEL3DB101,2,True,2020-03-01T00:00:00Z,2020-03-01T23:59:59Z,86395,86395,0,1.0,0.999732971,1.000061757,0.000686455,0,0,0,0,-0.0,0.984909,3.184523,-3.336235e-10,0.0009848481,0.003184326,False,0.003091,False
2020-03-02,RS01SLBS-MJ01A-12-VEL3DB101,2,True,2020-03-02T00:00:00Z,2020-03-02T23:59:59Z,86394,86394,0,1.0,0.999726295,1.00006179,-0.001361324,0,0,0,0,-0.0,0.763013,2.482993,-4.420383e-10,0.0007629656,0.00248284,False,0.003179,False
2020-03-03,RS01SLBS-MJ01A-12-VEL3DB101,2,True,2020-03-03T00:00:00Z,2020-03-03T23:59:59Z,86395,86395,0,1.0,0.99973011,1.00006173,0.000289126,0,0,0,0,-0.0,0.731975,2.29049,-3.199267e-10,0.0007319299,0.002290349,False,0.003144,False
2020-03-04,RS01SLBS-MJ01A-12-VEL3DB101,2,True,2020-03-04T00:00:00Z,2020-03-04T23:59:59Z,86395,86395,0,1.0,0.999760151,1.000061727,0.002794619,0,0,1,1,0.0,1.219989,4.240785,1.678079e-10,0.001219914,0.004240524,False,0.003057,False
2020-03-05,RS01SLBS-MJ01A-12-VEL3DB101,2,True,2020-03-05T00:00:00Z,2020-03-05T23:59:59Z,86394,86394,0,1.0,0.999745846,1.000061773,0.000760254,0,0,1,1,1e-06,0.800301,6.483795,5.280643e-10,0.0008002517,0.006483394,False,0.006695,False
2020-03-06,RS01SLBS-MJ01A-12-VEL3DB101,2,True,2020-03-06T00:00:00Z,2020-03-06T23:59:59Z,86395,86395,0,1.0,0.999732018,1.000061756,-0.00203098,0,0,0,0,-0.0,0.779941,2.824656,-3.370771e-10,0.0007798932,0.002824481,False,0.003164,False
2020-03-07,RS01SLBS-MJ01A-12-VEL3DB101,2,True,2020-03-07T00:00:00Z,2020-03-07T23:59:59Z,86395,86395,0,1.0,0.99972105,1.000061795,0.000179276,0,0,1,1,0.0,0.991456,12.0624,1.300619e-10,0.0009913949,0.01206165,False,0.011913,False
2020-03-08,RS01SLBS-MJ01A-12-VEL3DB101,2,True,2020-03-08T00:00:00Z,2020-03-08T23:59:59Z,86394,86394,0,1.0,0.999743938,1.000061761,-0.001665525,0,0,0,0,-0.0,1.289931,3.488841,-3.600647e-10,0.001289851,0.003488626,False,0.003099,False
2020-03-09,RS01SLBS-MJ01A-12-VEL3DB101,2,True,2020-03-09T00:00:00Z,2020-03-09T23:59:59Z,86395,86395,0,1.0,0.999760628,1.00006172,-0.001907102,0,0,0,0,-0.0,1.796105,10.825234,-3.231967e-10,0.001795994,0.01082457,False,0.012675,False
2020-03-10,RS01SLBS-MJ01A-12-VEL3DB101,2,True,2020-03-10T00:00:00Z,2020-03-10T23:59:59Z,86395,86395,0,1.0,0.999732971,1.000061767,-0.001643036,0,0,1,1,-0.0,1.351031,4.004382,-1.259174e-10,0.001350948,0.004004135,False,0.003081,False
2020-03-11,RS01SLBS-MJ01A-12-VEL3DB101,2,True,2020-03-11T00:00:00Z,2020-03-11T23:59:59Z,86394,86394,0,1.0,0.999747276,1.000061823,-0.002874872,0,0,1,1,0.0,1.842284,4.663133,2.539071e-10,0.00184217,0.004662845,False,0.005358,False
2020-03-12,RS01SLBS-MJ01A-12-VEL3DB101,2,True,2020-03-12T00:00:00Z,2020-03-12T23:59:59Z,86395,86395,0,1.0,0.999736786,1.000061765,-0.001105433,0,0,1,1,0.0,1.087102,5.570902,2.317849e-11,0.001087035,0.005570558,False,0.004055,False
2020-03-13,RS01SLBS-MJ01A-12-VEL3DB101,2,True,2020-03-13T00:00:00Z,2020-03-13T23:59:59Z,86395,86395,0,1.0,0.999732971,1.000061761,0.000401409,0,0,2,2,0.0,0.771208,2.756738,4.456612e-10,0.0007711606,0.002756568,False,0.003216,False
2020-03-14,RS01SLBS-MJ01A-12-VEL3DB101,2,True,2020-03-14T00:00:00Z,2020-03-14T23:59:59Z,85632,86394,762,1.0,0.999733925,1.000061765,-0.001141139,2,762,2,763,0.0,1.014476,5.229679,2.464091e-10,0.001014413,0.005229356,False,0.250458,True
2020-03-15,RS01SLBS-MJ01A-12-VEL3DB101,2,True,2020-03-15T00:00:00Z,2020-03-15T23:59:59Z,86395,86395,0,1.0,0.999722004,1.00006176,0.000629288,0,0,1,1,-1e-06,1.32457,5.0076,-5.955779e-10,0.001324488,0.005007291,False,0.005761,False
2020-03-16,RS01SLBS-MJ01A-12-VEL3DB101,2,True,2020-03-16T00:00:00Z,2020-03-16T23:59:59Z,86395,86395,0,1.0,0.999765873,1.000061702,0.000692736,0,0,1,1,1e-06,2.501562,8.916678,6.040049e-10,0.002501407,0.008916128,False,0.003198,False
2020-03-17,RS01SLBS-MJ01A-12-VEL3DB101,2,True,2020-03-17T00:00:00Z,2020-03-17T23:59:59Z,86394,86394,0,1.0,0.999732018,1.000061524,0.001362952,0,0,0,0,-0.0,7.105524,19.040576,-3.588508e-10,0.007105087,0.0190394,False,0.00587,False
2020-03-18,RS01SLBS-MJ01A-12-VEL3DB101,2,True,2020-03-18T00:00:00Z,2020-03-18T23:59:59Z,86395,86395,0,1.0,0.99976778,1.000061798,0.002449005,0,0,1,1,0.0,1.850163,5.290549,1.147316e-10,0.001850049,0.005290222,False,0.003187,False
2020-03-19,RS01SLBS-MJ01A-12-VEL3DB101,2,True,2020-03-19T00:00:00Z,2020-03-19T23:59:59Z,86395,86395,0,1.0,0.999742031,1.00006173,-0.001504548,0,0,0,0,-0.0,1.374164,7.0897,-3.133062e-10,0.001374079,0.007089262,False,0.006198,False
2020-03-20,RS01SLBS-MJ01A-12-VEL3DB101,2,True,2020-03-20T00:00:00Z,2020-03-20T23:59:59Z,86394,86394,0,1.0,0.99976778,1.000061746,0.000377902,0,0,2,2,-0.0,1.374321,7.042284,-2.729236e-10,0.001374237,0.007041849,False,0.00446,False
2020-03-21,RS01SLBS-MJ01A-12-VEL3DB101,2,True,2020-03-21T00:00:00Z,2020-03-21T23:59:59Z,86395,86395,0,1.0,0.999765873,1.00006171,0.00150033,0,0,1,1,-0.0,0.835149,4.695613,-8.217992e-11,0.0008350979,0.004695324,False,0.00446,False
2020-03-22,RS01SLBS-MJ01A-12-VEL3DB101,2,True,2020-03-22T00:00:00Z,2020-03-22T23:59:59Z,86395,86395,0,1.0,0.999734402,1.000061754,0.000233963,0,0,0,0,-0.0,2.311476,7.246315,-3.346889e-10,0.002311333,0.007245868,False,0.005392,False
2020-03-23,RS01SLBS-MJ01A-12-VEL3DB101,2,True,2020-03-23T00:00:00Z,2020-03-23T23:59:59Z,86394,86394,0,1.0,0.999738693,1.000061744,9.8081e-05,0,0,1,1,1e-06,0.932023,7.185535,7.41872e-10,0.0009319658,0.007185091,False,0.007144,False
2020-03-24,RS01SLBS-MJ01A-12-VEL3DB101,2,True,2020-03-24T00:00:00Z,2020-03-24T23:59:59Z,86395,86395,0,1.0,0.999732018,1.000061743,0.00066901,0,0,0,0,-0.0,0.81197,2.606929,-3.292812e-10,0.0008119201,0.002606768,False,0.003155,False
2020-03-25,RS01SLBS-MJ01A-12-VEL3DB101,2,True,2020-03-25T00:00:00Z,2020-03-25T23:59:59Z,86395,86395,0,1.0,0.99973774,1.000061753,-0.000797955,0,0,1,1,0.0,0.825947,6.950356,1.468916e-10,0.0008258961,0.006949927,False,0.005383,False
2020-03-26,RS01SLBS-MJ01A-12-VEL3DB101,2,True,2020-03-26T00:00:00Z,2020-03-26T23:59:59Z,86394,86394,0,1.0,0.999753952,1.000061755,-0.000248143,0,0,0,0,-0.0,0.939523,5.593375,-3.98854e-10,0.0009394654,0.005593029,False,0.006074,False
2020-03-27,RS01SLBS-MJ01A-12-VEL3DB101,2,True,2020-03-27T00:00:00Z,2020-03-27T23:59:59Z,86395,86395,0,1.0,0.999746323,1.00006173,1.5147e-05,0,0,1,1,0.0,1.493492,4.753926,1.065648e-11,0.0014934,0.004753632,False,0.003901,False
2020-03-28,RS01SLBS-MJ01A-12-VEL3DB101,2,True,2020-03-28T00:00:00Z,2020-03-28T23:59:59Z,85453,86395,942,1.0,0.999759674,1.000061795,-2.779e-05,3,942,3,942,-1e-06,1.423156,4.024166,-7.833203e-10,0.001423068,0.004023917,False,0.282817,True
2020-03-29,RS01SLBS-MJ01A-12-VEL3DB101,2,True,2020-03-29T00:00:00Z,2020-03-29T23:59:59Z,86394,86394,0,1.0,0.999784946,1.000061873,-0.003500943,0,0,1,1,-0.0,1.851823,5.707117,-1.789771e-10,0.001851709,0.005706764,False,0.005457,False
2020-03-30,RS01SLBS-MJ01A-12-VEL3DB101,2,True,2020-03-30T00:00:00Z,2020-03-30T23:59:59Z,86395,86395,0,1.0,0.99979496,1.000061774,-0.003682185,0,0,1,1,-0.0,4.303008,10.649927,-2.752535e-10,0.004302742,0.01064927,False,0.003391,False
2020-03-31,RS01SLBS-MJ01A-12-VEL3DB101,2,True,2020-03-31T00:00:00Z,2020-03-31T23:59:59Z,86395,86395,0,1.0,0.999770164,1.000061752,0.001495778,0,0,0,0,-0.0,1.637052,9.071912,-3.946028e-10,0.001636951,0.009071352,False,0.006766,False
2020-04-01,RS01SLBS-MJ01A-12-VEL3DB101,2,True,2020-04-01T00:00:00Z,2020-04-01T23:59:59Z,86394,86394,0,1.0,0.999756336,1.000061742,-0.002259787,0,0,0,0,-0.0,1.386348,3.943471,-3.406884e-10,0.001386262,0.003943228,False,0.003179,False
2020-04-02,RS01SLBS-MJ01A-12-VEL3DB101,2,True,2020-04-02T00:00:00Z,2020-04-02T23:59:59Z,86395,86395,0,1.0,0.999795914,1.000061691,0.004960699,0,0,0,0,-0.0,1.798387,5.710172,-3.868556e-10,0.001798276,0.00570982,False,0.003052,False
2020-04-03,RS01SLBS-MJ01A-12-VEL3DB101,2,True,2020-04-03T00:00:00Z,2020-04-03T23:59:59Z,86395,86395,0,1.0,0.999751091,1.000061751,0.004752079,0,0,1,1,-0.0,0.896533,6.891167,-3.835551e-10,0.0008964776,0.006890742,False,0.006163,False
2020-04-04,RS01SLBS-MJ01A-12-VEL3DB101,2,True,2020-04-04T00:00:00Z,2020-04-04T23:59:59Z,86394,86394,0,1.0,0.999782085,1.000061775,-0.000585334,0,0,0,0,-0.0,1.485049,7.759225,-3.862866e-10,0.001484957,0.007758746,False,0.005544,False
2020-04-05,RS01SLBS-MJ01A-12-VEL3DB101,2,True,2020-04-05T00:00:00Z,2020-04-05T23:59:59Z,86395,86395,0,1.0,0.999749184,1.000061829,-0.007534358,0,0,1,1,0.0,4.57495,9.528405,2.778873e-10,0.004574667,0.009527816,False,0.003274,False
2020-04-06,RS01SLBS-MJ01A-12-VEL3DB101,2,True,2020-04-06T00:00:00Z,2020-04-06T23:59:59Z,86395,86395,0,1.0,0.999748707,1.00006177,-0.006278979,0,0,0,0,-0.0,2.408453,7.306432,-2.853429e-10,0.002408304,0.007305981,False,0.004082,False
2020-04-07,RS01SLBS-MJ01A-12-VEL3DB101,2,True,2020-04-07T00:00:00Z,2020-04-07T23:59:59Z,86394,86394,0,1.0,0.999741554,1.000061759,0.000927281,0,0,0,0,-0.0,0.978777,6.035362,-4.301823e-10,0.0009787164,0.006034989,False,0.006027,False
2020-04-08,RS01SLBS-MJ01A-12-VEL3DB101,2,True,2020-04-08T00:00:00Z,2020-04-08T23:59:59Z,86395,86395,0,1.0,0.999752045,1.000061764,-0.001532766,0,0,1,1,0.0,0.880956,6.412703,3.818268e-10,0.0008809016,0.006412307,False,0.006732,False
2020-04-09,RS01SLBS-MJ01A-12-VEL3DB101,2,True,2020-04-09T00:00:00Z,2020-04-09T23:59:59Z,86395,86395,0,1.0,0.999750137,1.000061772,0.000666583,0,0,4,4,0.0,0.722195,2.431311,2.655939e-11,0.0007221504,0.002431161,False,0.003161,False
2020-04-10,RS01SLBS-MJ01A-12-VEL3DB101,2,True,2020-04-10T00:00:00Z,2020-04-10T23:59:59Z,86394,86394,0,1.0,0.99973917,1.000061748,-0.00058006,0,0,0,0,-0.0,0.801966,3.055701,-4.298948e-10,0.0008019161,0.003055513,False,0.003194,False
2020-04-11,RS01SLBS-MJ01A-12-VEL3DB101,2,True,2020-04-11T00:00:00Z,2020-04-11T23:59:59Z,86395,86395,0,1.0,0.999763966,1.000061718,-0.000563629,0,0,1,1,1e-06,1.001813,4.905682,6.524862e-10,0.001001751,0.004905379,False,0.004204,False
2020-04-12,RS01SLBS-MJ01A-12-VEL3DB101,2,True,2020-04-12T00:00:00Z,2020-04-12T23:59:59Z,86395,86395,0,1.0,0.999752045,1.000061745,-9.549e-06,0,0,1,1,-0.0,1.087228,3.303159,-2.387289e-10,0.001087161,0.003302955,False,0.003223,False
2020-04-13,RS01SLBS-MJ01A-12-VEL3DB101,2,True,2020-04-13T00:00:00Z,2020-04-13T23:59:59Z,86394,86394,0,1.0,0.999753952,1.000061758,0.000206343,0,0,0,0,-0.0,0.924485,3.289745,-4.247456e-10,0.0009244279,0.003289541,False,0.003698,False
2020-04-14,RS01SLBS-MJ01A-12-VEL3DB101,2,True,2020-04-14T00:00:00Z,2020-04-14T23:59:59Z,86395,86395,0,1.0,0.999767303,1.000061775,-0.000338115,0,0,0,0,-0.0,0.807659,2.717956,-3.480814e-10,0.0008076091,0.002717788,False,0.003148,False
2020-04-15,RS01SLBS-MJ01A-12-VEL3DB101,2,True,2020-04-15T00:00:00Z,2020-04-15T23:59:59Z,86395,86395,0,1.0,0.999769211,1.000061781,-0.003031147,0,0,0,0,-0.0,2.044743,5.248332,-3.184326e-10,0.002044617,0.005248008,False,0.003034,False
2020-04-16,RS01SLBS-MJ01A-12-VEL3DB101,2,True,2020-04-16T00:00:00Z,2020-04-16T23:59:59Z,86394,86394,0,1.0,0.99979496,1.000061747,-0.001696785,0,0,1,1,-0.0,1.321556,3.439788,-8.050267e-11,0.001321474,0.003439575,False,0.003176,False
2020-04-17,RS01SLBS-MJ01A-12-VEL3DB101,2,True,2020-04-17T00:00:00Z,2020-04-17T23:59:59Z,86395,86395,0,1.0,0.99975872,1.000061709,0.001055723,0,0,0,0,-0.0,0.841471,2.671063,-3.029785e-10,0.0008414195,0.002670898,False,0.003106,False
2020-04-18,RS01SLBS-MJ01A-12-VEL3DB101,2,True,2020-04-18T00:00:00Z,2020-04-18T23:59:59Z,86395,86395,0,1.0,0.999726772,1.000061745,0.001962232,0,0,0,0,-0.0,0.762767,2.601216,-3.091178e-10,0.0007627199,0.002601055,False,0.003129,False
2020-04-19,RS01SLBS-MJ01A-12-VEL3DB101,2,True,2020-04-19T00:00:00Z,2020-04-19T23:59:59Z,86394,86394,0,1.0,0.999766827,1.000061761,0.000797537,0,0,2,2,0.0,0.886915,3.129332,5.674288e-11,0.0008868599,0.003129138,False,0.003069,False
2020-04-20,RS01SLBS-MJ01A-12-VEL3DB101,2,True,2020-04-20T00:00:00Z,2020-04-20T23:59:59Z,86395,86395,0,1.0,0.99977684,1.000061729,-0.001151458,0,0,1,1,0.0,1.015419,3.132419,2.781948e-10,0.001015357,0.003132226,False,0.00327,False
2020-04-21,RS01SLBS-MJ01A-12-VEL3DB101,2,True,2020-04-21T00:00:00Z,2020-04-21T23:59:59Z,86395,86395,0,1.0,0.99973917,1.000061748,-0.001733671,0,0,0,0,-0.0,0.776215,2.797329,-3.170077e-10,0.0007761668,0.002797156,False,0.003129,False
2020-04-22,RS01SLBS-MJ01A-12-VEL3DB101,2,True,2020-04-22T00:00:00Z,2020-04-22T23:59:59Z,86394,86394,0,1.0,0.999723911,1.000061722,0.001522112,0,0,1,1,0.0,0.905568,7.890308,2.143923e-10,0.000905512,0.007889821,False,0.00624,False
2020-04-23,RS01SLBS-MJ01A-12-VEL3DB101,2,True,2020-04-23T00:00:00Z,2020-04-23T23:59:59Z,86395,86395,0,1.0,0.999709129,1.000061728,0.001167837,0,0,0,0,-0.0,0.955122,5.029864,-3.690644e-10,0.0009550633,0.005029553,False,0.003132,False
2020-04-24,RS01SLBS-MJ01A-12-VEL3DB101,2,True,2020-04-24T00:00:00Z,2020-04-24T23:59:59Z,86395,86395,0,1.0,0.999745369,1.00006171,0.000356921,0,0,0,0,-0.0,0.723181,2.440492,-3.143756e-10,0.0007231359,0.002440342,False,0.003147,False
2020-04-25,RS01SLBS-MJ01A-12-VEL3DB101,2,True,2020-04-25T00:00:00Z,2020-04-25T23:59:59Z,86394,86394,0,1.0,0.999718189,1.000061757,0.00140201,0,0,2,2,-0.0,1.83136,4.723167,-4.143744e-10,0.001831247,0.004722875,False,0.003308,False
2020-04-26,RS01SLBS-MJ01A-12-VEL3DB101,2,True,2020-04-26T00:00:00Z,2020-04-26T23:59:59Z,86395,86395,0,1.0,0.999722004,1.000061842,-0.002159242,0,0,0,0,-0.0,1.416748,4.328393,-2.905321e-10,0.001416661,0.004328125,False,0.003169,False
2020-04-27,RS01SLBS-MJ01A-12-VEL3DB101,2,True,2020-04-27T00:00:00Z,2020-04-27T23:59:59Z,86395,86395,0,1.0,0.999764919,1.000061697,-0.000413033,0,0,0,0,-0.0,1.054391,3.459508,-3.612805e-10,0.001054326,0.003459294,False,0.003082,False
2020-04-28,RS01SLBS-MJ01A-12-VEL3DB101,2,True,2020-04-28T00:00:00Z,2020-04-28T23:59:59Z,86394,86394,0,1.0,0.999745846,1.000061765,0.001128417,0,0,1,1,1e-06,0.681416,2.185518,7.101609e-10,0.0006813736,0.002185383,False,0.003162,False
2020-04-29,RS01SLBS-MJ01A-12-VEL3DB101,2,True,2020-04-29T00:00:00Z,2020-04-29T23:59:59Z,86395,86395,0,1.0,0.99973011,1.000061784,-0.00111929,0,0,0,0,-0.0,0.898284,3.233332,-3.021901e-10,0.0008982287,0.003233132,False,0.003106,False
2020-04-30,RS01SLBS-MJ01A-12-VEL3DB101,2,True,2020-04-30T00:00:00Z,2020-04-30T23:59:59Z,86395,86395,0,1.0,0.999754906,1.000061786,-0.002777485,0,0,0,0,-0.0,3.956149,8.407996,-3.34624e-10,0.003955904,0.008407477,False,0.003146,False
2020-05-01,RS01SLBS-MJ01A-12-VEL3DB101,2,True,2020-05-01T00:00:00Z,2020-05-01T23:59:59Z,86394,86394,0,1.0,0.999737263,1.000061716,-0.006941813,0,0,1,1,-0.0,4.029858,9.069938,-1.499316e-10,0.004029609,0.009069378,False,0.003232,False
2020-05-02,RS01SLBS-MJ01A-12-VEL3DB101,2,True,2020-05-02T00:00:00Z,2020-05-02T23:59:59Z,86395,86395,0,1.0,0.999758244,1.000061911,0.000584942,0,0,2,2,0.0,7.631042,18.157689,1.854555e-10,0.007630569,0.01815656,False,0.003168,False
2020-05-03,RS01SLBS-MJ01A-12-VEL3DB101,2,True,2020-05-03T00:00:00Z,2020-05-03T23:59:59Z,86395,86395,0,1.0,0.999742985,1.00006186,-0.006751163,0,0,1,1,0.0,2.713399,9.782575,5.062849e-11,0.002713231,0.00978197,False,0.014222,False
2020-05-04,RS01SLBS-MJ01A-12-VEL3DB101,2,True,2020-05-04T00:00:00Z,2020-05-04T23:59:59Z,83370,86394,3024,1.0,0.999745369,1.000061775,-0.002334191,28,3024,28,3024,-0.0,1.575204,5.010583,-1.51449e-10,0.001575106,0.005010274,False,0.286902,True
2020-05-05,RS01SLBS-MJ01A-12-VEL3DB101,2,True,2020-05-05T00:00:00Z,2020-05-05T23:59:59Z,84740,86395,1655,1.0,0.999743938,1.000061756,-0.003243293,10,1655,10,1656,0.0,3.154269,7.735642,2.856319e-10,0.003154074,0.007735164,False,0.311753,True
2020-05-06,RS01SLBS-MJ01A-12-VEL3DB101,2,True,2020-05-06T00:00:00Z,2020-05-06T23:59:59Z,86349,86395,46,1.0,0.999760151,1.00006183,-0.002779934,9,46,9,47,0.0,2.196352,6.349479,1.030058e-10,0.002196216,0.006349086,False,0.003632,True
2020-05-07,RS01SLBS-MJ01A-12-VEL3DB101,2,True,2020-05-07T00:00:00Z,2020-05-07T23:59:59Z,86394,86394,0,1.0,0.999742031,1.000061782,-0.003212501,0,0,1,1,-0.0,1.369241,7.088628,-4.259567e-10,0.001369156,0.00708819,False,0.00775,False
2020-05-08,RS01SLBS-MJ01A-12-VEL3DB101,2,True,2020-05-08T00:00:00Z,2020-05-08T23:59:59Z,86395,86395,0,1.0,0.99973917,1.000061782,-0.002176005,0,0,0,0,-0.0,0.935898,3.517322,-3.365772e-10,0.0009358399,0.003517105,False,0.003409,False
2020-05-09,RS01SLBS-MJ01A-12-VEL3DB101,2,True,2020-05-09T00:00:00Z,2020-05-09T05:15:48Z,18948,18948,0,1.0,0.999743938,1.000061691,-0.000468827,0,0,0,0,-0.0,0.682682,11.399384,-1.236372e-11,0.0006826397,0.01139868,False,0.011828,False
2020-05-10,RS01SLBS-MJ01A-12-VEL3DB101,2,False,,,0,0,,1.0,,,,,,,,,,,,,,,,False
2020-05-11,RS01SLBS-MJ01A-12-VEL3DB101,2,False,,,0,0,,1.0,,,,,,,,,,,,,,,,False
2020-05-12,RS01SLBS-MJ01A-12-VEL3DB101,2,False,,,0,0,,1.0,,,,,,,,,,,,,,,,False
2020-05-13,RS01SLBS-MJ01A-12-VEL3DB101,2,False,,,0,0,,1.0,,,,,,,,,,,,,,,,False
2020-05-14,RS01SLBS-MJ01A-12-VEL3DB101,2,False,,,0,0,,1.0,,,,,,,,,,,,,,,,False
2020-05-15,RS01SLBS-MJ01A-12-VEL3DB101,2,False,,,0,0,,1.0,,,,,,,,,,,,,,,,False
2020-05-16,RS01SLBS-MJ01A-12-VEL3DB101,2,False,,,0,0,,1.0,,,,,,,,,,,,,,,,False
2020-05-17,RS01SLBS-MJ01A-12-VEL3DB101,2,False,,,0,0,,1.0,,,,,,,,,,,,,,,,False
2020-05-18,RS01SLBS-MJ01A-12-VEL3DB101,2,False,,,0,0,,1.0,,,,,,,,,,,,,,,,False
2020-05-19,RS01SLBS-MJ01A-12-VEL3DB101,2,False,,,0,0,,1.0,,,,,,,,,,,,,,,,False
2020-05-20,RS01SLBS-MJ01A-12-VEL3DB101,2,False,,,0,0,,1.0,,,,,,,,,,,,,,,,False
2020-05-21,RS01SLBS-MJ01A-12-VEL3DB101,2,False,,,0,0,,1.0,,,,,,,,,,,,,,,,False
2020-05-22,RS01SLBS-MJ01A-12-VEL3DB101,2,False,,,0,0,,1.0,,,,,,,,,,,,,,,,False
2020-05-23,RS01SLBS-MJ01A-12-VEL3DB101,2,False,,,0,0,,1.0,,,,,,,,,,,,,,,,False
2020-05-24,RS01SLBS-MJ01A-12-VEL3DB101,2,False,,,0,0,,1.0,,,,,,,,,,,,,,,,False
2020-05-25,RS01SLBS-MJ01A-12-VEL3DB101,2,False,,,0,0,,1.0,,,,,,,,,,,,,,,,False
2020-05-26,RS01SLBS-MJ01A-12-VEL3DB101,2,False,,,0,0,,1.0,,,,,,,,,,,,,,,,False
2020-05-27,RS01SLBS-MJ01A-12-VEL3DB101,2,False,,,0,0,,1.0,,,,,,,,,,,,,,,,False
2020-05-28,RS01SLBS-MJ01A-12-VEL3DB101,2,False,,,0,0,,1.0,,,,,,,,,,,,,,,,False
2020-05-29,RS01SLBS-MJ01A-12-VEL3DB101,2,False,,,0,0,,1.0,,,,,,,,,,,,,,,,False
2020-05-30,RS01SLBS-MJ01A-12-VEL3DB101,2,False,,,0,0,,1.0,,,,,,,,,,,,,,,,False
2020-05-31,RS01SLBS-MJ01A-12-VEL3DB101,2,False,,,0,0,,1.0,,,,,,,,,,,,,,,,False
2020-06-01,RS01SLBS-MJ01A-12-VEL3DB101,2,True,2020-06-01T18:54:04Z,2020-06-01T23:59:59Z,18355,18355,0,1.0,0.999763966,1.000061819,-0.008737231,0,0,0,0,0.0,0.819961,8.737231,1.59284e-11,0.0008199101,0.008736691,False,0.010202,False
2020-06-02,RS01SLBS-MJ01A-12-VEL3DB101,2,True,2020-06-02T00:00:00Z,2020-06-02T23:59:59Z,86294,86395,101,1.0,0.999751091,1.00006151,0.000929802,1,101,1,101,0.0,2.404463,6.187734,8.88577e-11,0.002404316,0.006187354,False,0.031312,True
2020-06-03,RS01SLBS-MJ01A-12-VEL3DB101,2,True,2020-06-03T00:00:00Z,2020-06-03T23:59:59Z,86395,86395,0,1.0,0.999714375,1.000061616,-0.000577921,0,0,1,1,0.0,1.043325,3.741893,2.326394e-10,0.001043261,0.003741662,False,0.002994,False
2020-06-04,RS01SLBS-MJ01A-12-VEL3DB101,2,True,2020-06-04T00:00:00Z,2020-06-04T23:59:59Z,86394,86394,0,1.0,0.999731064,1.000061642,-0.002042593,0,0,2,2,0.0,0.88152,10.207153,3.386447e-10,0.0008814658,0.01020652,False,0.012845,False
2020-06-05,RS01SLBS-MJ01A-12-VEL3DB101,2,True,2020-06-05T00:00:00Z,2020-06-05T23:59:59Z,86395,86395,0,1.0,0.999763966,1.00006162,-0.000173122,0,0,0,0,-0.0,1.256202,4.764876,-3.155932e-10,0.001256124,0.004764582,False,0.005602,False
2020-06-06,RS01SLBS-MJ01A-12-VEL3DB101,2,True,2020-06-06T00:00:00Z,2020-06-06T23:59:59Z,86395,86395,0,1.0,0.999780655,1.000061641,0.000126953,0,0,0,0,-0.0,1.020923,5.028274,-3.415594e-10,0.00102086,0.005027964,False,0.002928,False
2020-06-07,RS01SLBS-MJ01A-12-VEL3DB101,2,True,2020-06-07T00:00:00Z,2020-06-07T23:59:59Z,86394,86394,0,1.0,0.999772072,1.000061647,-0.000281181,0,0,0,0,-0.0,1.366189,3.516617,-3.990213e-10,0.001366104,0.0035164,False,0.002994,False
2020-06-08,RS01SLBS-MJ01A-12-VEL3DB101,2,True,2020-06-08T00:00:00Z,2020-06-08T23:59:59Z,85864,86395,531,1.0,0.999742031,1.000061671,0.000691022,2,531,2,532,1e-06,0.790564,10.910329,7.222843e-10,0.0007905156,0.01090966,False,0.169612,True
2020-06-09,RS01SLBS-MJ01A-12-VEL3DB101,2,True,2020-06-09T00:00:00Z,2020-06-09T23:59:59Z,86395,86395,0,1.0,0.999747753,1.000061668,-0.002420266,0,0,0,0,-0.0,1.067651,11.770573,-2.57043e-10,0.001067585,0.01176985,False,0.011271,False
2020-06-10,RS01SLBS-MJ01A-12-VEL3DB101,2,True,2020-06-10T00:00:00Z,2020-06-10T23:59:59Z,86394,86394,0,1.0,0.999760151,1.000061667,-0.002958945,0,0,1,1,-0.0,1.999982,349.633076,-5.490548e-11,0.001999859,0.3496115,False,0.352369,False
2020-06-11,RS01SLBS-MJ01A-12-VEL3DB101,2,True,2020-06-11T00:00:00Z,2020-06-11T23:59:59Z,86395,86395,0,1.0,0.999765873,1.000061714,-0.000992832,0,0,2,2,1e-06,0.920987,3.371721,5.864483e-10,0.0009209299,0.003371513,False,0.003757,False
2020-06-12,RS01SLBS-MJ01A-12-VEL3DB101,2,True,2020-06-12T00:00:00Z,2020-06-12T23:59:59Z,86395,86395,0,1.0,0.999752998,1.000061611,-0.001399534,0,0,0,0,-0.0,1.675834,4.248322,-3.855419e-10,0.001675731,0.00424806,False,0.004555,False
2020-06-13,RS01SLBS-MJ01A-12-VEL3DB101,2,True,2020-06-13T00:00:00Z,2020-06-13T23:59:59Z,86394,86394,0,1.0,0.999765873,1.000061612,0.004969986,0,0,1,1,-0.0,1.755653,5.941303,-2.139519e-10,0.001755544,0.005940937,False,0.00394,False
2020-06-14,RS01SLBS-MJ01A-12-VEL3DB101,2,True,2020-06-14T00:00:00Z,2020-06-14T23:59:59Z,86395,86395,0,1.0,0.999733448,1.000061622,0.001431366,0,0,0,0,-0.0,0.936976,2.935529,-3.418231e-10,0.0009369183,0.002935348,False,0.002894,False
2020-06-15,RS01SLBS-MJ01A-12-VEL3DB101,2,True,2020-06-15T00:00:00Z,2020-06-15T23:59:59Z,86395,86395,0,1.0,0.999742985,1.000061541,-0.000943555,0,0,1,1,0.0,1.973083,4.731294,3.030834e-10,0.001972961,0.004731003,False,0.002973,False
2020-06-16,RS01SLBS-MJ01A-12-VEL3DB101,2,True,2020-06-16T00:00:00Z,2020-06-16T23:59:59Z,86394,86394,0,1.0,0.99973917,1.000061673,-0.001366396,0,0,0,0,-0.0,2.197338,5.703984,-4.077537e-10,0.002197203,0.005703632,False,0.002947,False
2020-06-17,RS01SLBS-MJ01A-12-VEL3DB101,2,True,2020-06-17T00:00:00Z,2020-06-17T23:59:59Z,86395,86395,0,1.0,0.999726534,1.000061602,-0.001953591,0,0,1,1,0.0,1.213169,3.79548,1.215702e-10,0.001213094,0.003795246,False,0.002996,False
2020-06-18,RS01SLBS-MJ01A-12-VEL3DB101,2,True,2020-06-18T00:00:00Z,2020-06-18T23:59:59Z,86395,86395,0,1.0,0.999741077,1.000061655,-0.001144375,0,0,0,0,-0.0,0.989094,3.756489,-3.746949e-10,0.0009890328,0.003756258,False,0.003011,False
2020-06-19,RS01SLBS-MJ01A-12-VEL3DB101,2,True,2020-06-19T00:00:00Z,2020-06-19T23:59:59Z,86394,86394,0,1.0,0.999754906,1.00006168,0.001556447,0,0,0,0,-0.0,1.414604,3.891137,-4.276183e-10,0.001414517,0.003890897,False,0.002928,False
2020-06-20,RS01SLBS-MJ01A-12-VEL3DB101,2,True,2020-06-20T00:00:00Z,2020-06-20T23:59:59Z,86395,86395,0,1.0,0.999756813,1.00006165,0.001960186,0,0,0,0,-0.0,1.024001,3.234344,-3.460604e-10,0.001023938,0.003234144,False,0.003031,False
2020-06-21,RS01SLBS-MJ01A-12-VEL3DB101,2,True,2020-06-21T00:00:00Z,2020-06-21T23:59:59Z,86395,86395,0,1.0,0.999768734,1.000061717,0.001825253,0,0,0,0,-0.0,0.926919,2.946792,-3.033778e-10,0.0009268619,0.00294661,False,0.003179,False
2020-06-22,RS01SLBS-MJ01A-12-VEL3DB101,2,True,2020-06-22T00:00:00Z,2020-06-22T23:59:59Z,86395,86395,0,1.0,0.999755859,1.000061645,-0.002121365,0,0,1,1,0.0,1.535916,9.155272,9.934843e-11,0.001535822,0.009154708,False,0.006663,False
2020-06-23,RS01SLBS-MJ01A-12-VEL3DB101,2,True,2020-06-23T00:00:00Z,2020-06-23T23:59:59Z,86394,86394,0,1.0,0.999751091,1.000061668,-0.004159984,0,0,0,0,-0.0,2.047034,6.500086,-3.562325e-10,0.002046907,0.006499685,False,0.00294,False
2020-06-24,RS01SLBS-MJ01A-12-VEL3DB101,2,True,2020-06-24T00:00:00Z,2020-06-24T23:59:59Z,86395,86395,0,1.0,0.999742985,1.000061664,-0.001625579,0,0,0,0,-0.0,1.160563,3.409304,-2.524982e-10,0.001160492,0.003409094,False,0.002916,False
2020-06-25,RS01SLBS-MJ01A-12-VEL3DB101,2,True,2020-06-25T00:00:00Z,2020-06-25T23:59:59Z,86395,86395,0,1.0,0.999731064,1.000061655,-0.001015166,0,0,0,0,-0.0,1.201754,4.152231,-3.16072e-10,0.00120168,0.004151975,False,0.003621,False
2020-06-26,RS01SLBS-MJ01A-12-VEL3DB101,2,True,2020-06-26T00:00:00Z,2020-06-26T23:59:59Z,86394,86394,0,1.0,0.999747276,1.000061681,-0.001808388,0,0,0,0,-0.0,0.89038,4.031245,-3.737879e-10,0.0008903252,0.004030996,False,0.003024,False
2020-06-27,RS01SLBS-MJ01A-12-VEL3DB101,2,True,2020-06-27T00:00:00Z,2020-06-27T23:59:59Z,86395,86395,0,1.0,0.999715805,1.000061626,-0.000626728,0,0,1,1,0.0,0.796132,3.00199,6.339514e-11,0.0007960827,0.003001805,False,0.002988,False
2020-06-28,RS01SLBS-MJ01A-12-VEL3DB101,2,True,2020-06-28T00:00:00Z,2020-06-28T23:59:59Z,86395,86395,0,1.0,0.999722004,1.000061594,-0.001062425,0,0,1,1,-0.0,2.038713,12.983424,-3.385349e-10,0.002038588,0.01298262,False,0.009996,False
2020-06-29,RS01SLBS-MJ01A-12-VEL3DB101,2,True,2020-06-29T00:00:00Z,2020-06-29T23:59:59Z,86394,86394,0,1.0,0.999746323,1.000061554,-0.002276855,0,0,4,4,1e-06,1.609781,4.527122,7.003666e-10,0.001609682,0.004526843,False,0.003322,False
2020-06-30,RS01SLBS-MJ01A-12-VEL3DB101,2,True,2020-06-30T00:00:00Z,2020-06-30T23:59:59Z,86395,86395,0,1.0,0.999759197,1.000061531,-0.000470561,0,0,0,0,-0.0,0.838992,4.98156,-3.6085e-10,0.0008389408,0.004981253,False,0.002928,False
2020-07-01,RS01SLBS-MJ01A-12-VEL3DB101,2,True,2020-07-01T00:00:00Z,2020-07-01T23:59:59Z,86395,86395,0,1.0,0.999704599,1.000061571,0.001762909,0,0,0,0,-0.0,1.948486,4.620244,-3.195054e-10,0.001948367,0.004619959,False,0.003021,False
2020-07-02,RS01SLBS-MJ01A-12-VEL3DB101,2,True,2020-07-02T00:00:00Z,2020-07-02T23:59:59Z,86394,86394,0,1.0,0.999759197,1.000061625,0.00266342,0,0,1,1,-0.0,0.947332,3.48738,-3.261524e-10,0.0009472737,0.003487165,False,0.003017,False
2020-07-03,RS01SLBS-MJ01A-12-VEL3DB101,2,True,2020-07-03T00:00:00Z,2020-07-03T23:59:59Z,86395,86395,0,1.0,0.999752045,1.000061608,0.004263886,0,0,1,1,-0.0,3.876881,8.227706,-1.125104e-10,0.003876642,0.008227199,False,0.002909,False
2020-07-04,RS01SLBS-MJ01A-12-VEL3DB101,2,True,2020-07-04T00:00:00Z,2020-07-04T23:59:59Z,86395,86395,0,1.0,0.999744892,1.0000617,-0.000291157,0,0,1,1,0.0,1.097508,3.431896,7.832781e-11,0.00109744,0.003431684,False,0.003165,False
2020-07-05,RS01SLBS-MJ01A-12-VEL3DB101,2,True,2020-07-05T00:00:00Z,2020-07-05T23:59:59Z,86394,86394,0,1.0,0.999736786,1.000061663,-0.000269927,0,0,0,0,-0.0,0.714432,2.229333,-4.119845e-10,0.0007143881,0.002229196,False,0.002958,False
2020-07-06,RS01SLBS-MJ01A-12-VEL3DB101,2,True,2020-07-06T00:00:00Z,2020-07-06T23:59:59Z,86395,86395,0,1.0,0.999742985,1.000061688,-0.00089208,0,0,0,0,-0.0,0.856605,10.263816,-3.349908e-10,0.0008565521,0.01026318,False,0.012866,False
2020-07-07,RS01SLBS-MJ01A-12-VEL3DB101,2,True,2020-07-07T00:00:00Z,2020-07-07T23:59:59Z,86395,86395,0,1.0,0.999739647,1.000061615,0.000883508,0,0,0,0,-0.0,1.067432,3.843099,-3.738748e-10,0.001067366,0.003842862,False,0.002908,False
2020-07-08,RS01SLBS-MJ01A-12-VEL3DB101,2,True,2020-07-08T00:00:00Z,2020-07-08T23:59:59Z,86394,86394,0,1.0,0.999739647,1.000061671,0.000237318,0,0,1,1,0.0,0.805948,3.726917,1.704599e-10,0.0008058981,0.003726687,False,0.002939,False
2020-07-09,RS01SLBS-MJ01A-12-VEL3DB101,2,True,2020-07-09T00:00:00Z,2020-07-09T23:59:59Z,86395,86395,0,1.0,0.999716759,1.00006165,-0.001143908,0,0,0,0,-0.0,1.619437,10.302855,-3.542449e-10,0.001619337,0.01030222,False,0.013084,False
2020-07-10,RS01SLBS-MJ01A-12-VEL3DB101,2,True,2020-07-10T00:00:00Z,2020-07-10T23:59:59Z,86395,86395,0,1.0,0.999762058,1.000061777,-0.004383064,0,0,0,0,-0.0,2.016061,5.705206,-3.700926e-10,0.002015936,0.005704853,False,0.002868,False
2020-07-11,RS01SLBS-MJ01A-12-VEL3DB101,2,True,2020-07-11T00:00:00Z,2020-07-11T23:59:59Z,86394,86394,0,1.0,0.999716282,1.000061521,-0.002547867,0,0,0,0,-0.0,2.543569,6.865804,-4.025306e-10,0.002543412,0.006865382,False,0.003009,False
2020-07-12,RS01SLBS-MJ01A-12-VEL3DB101,2,True,2020-07-12T00:00:00Z,2020-07-12T23:59:59Z,86395,86395,0,1.0,0.999717712,1.000061627,-0.003860258,0,0,0,0,-0.0,1.329486,11.35598,-3.719874e-10,0.001329404,0.01135528,False,0.012868,False
2020-07-13,RS01SLBS-MJ01A-12-VEL3DB101,2,True,2020-07-13T00:00:00Z,2020-07-13T23:59:59Z,86395,86395,0,1.0,0.999715328,1.000061582,0.001565513,0,0,0,0,-0.0,2.663374,8.36772,-3.637746e-10,0.00266321,0.008367204,False,0.002966,False
2020-07-14,RS01SLBS-MJ01A-12-VEL3DB101,2,True,2020-07-14T00:00:00Z,2020-07-14T23:59:59Z,86394,86394,0,1.0,0.999731064,1.000061597,0.005498757,0,0,0,0,-0.0,3.994941,8.413489,-4.250715e-10,0.003994695,0.008412971,False,0.002878,False
2020-07-15,RS01SLBS-MJ01A-12-VEL3DB101,2,True,2020-07-15T00:00:00Z,2020-07-15T23:59:59Z,86395,86395,0,1.0,0.999709368,1.000061675,-0.000660973,0,0,0,0,-0.0,0.992752,3.420405,-3.179613e-10,0.0009926906,0.003420194,False,0.003092,False
2020-07-16,RS01SLBS-MJ01A-12-VEL3DB101,2,True,2020-07-16T00:00:00Z,2020-07-16T23:59:59Z,86395,86395,0,1.0,0.999732018,1.000061573,0.001418802,0,0,0,0,-0.0,0.902482,3.174054,-2.938526e-10,0.0009024262,0.003173858,False,0.002909,False
2020-07-17,RS01SLBS-MJ01A-12-VEL3DB101,2,True,2020-07-17T00:00:00Z,2020-07-17T23:59:59Z,86394,86394,0,1.0,0.999708176,1.000061637,0.001778819,0,0,1,1,-1e-06,1.207562,4.347388,-7.616628e-10,0.001207487,0.00434712,False,0.003288,False
2020-07-18,RS01SLBS-MJ01A-12-VEL3DB101,2,True,2020-07-18T00:00:00Z,2020-07-18T23:59:59Z,86395,86395,0,1.0,0.99969101,1.000061661,0.000901405,0,0,0,0,-0.0,1.301352,9.075639,-3.381678e-10,0.001301272,0.00907508,False,0.01039,False
2020-07-19,RS01SLBS-MJ01A-12-VEL3DB101,2,True,2020-07-19T00:00:00Z,2020-07-19T23:59:59Z,86395,86395,0,1.0,0.99969101,1.000061665,0.001424144,0,0,0,0,-0.0,0.744438,2.407141,-2.900118e-10,0.0007443925,0.002406993,False,0.003004,False
2020-07-20,RS01SLBS-MJ01A-12-VEL3DB101,2,True,2020-07-20T00:00:00Z,2020-07-20T23:59:59Z,86394,86394,0,1.0,0.99971199,1.000061651,-0.001273207,0,0,0,0,-0.0,0.890461,7.749319,-4.121295e-10,0.0008904065,0.007748842,False,0.006494,False
2020-07-21,RS01SLBS-MJ01A-12-VEL3DB101,2,True,2020-07-21T00:00:00Z,2020-07-21T23:59:59Z,86395,86395,0,1.0,0.999717236,1.000061665,-0.001465858,0,0,0,0,-0.0,0.915319,3.103853,-3.113493e-10,0.0009152628,0.003103662,False,0.002973,False
2020-07-22,RS01SLBS-MJ01A-12-VEL3DB101,2,True,2020-07-22T00:00:00Z,2020-07-22T23:59:59Z,86395,86395,0,1.0,0.999724388,1.000061647,-0.002911906,0,0,0,0,-0.0,1.940627,4.33697,-3.058765e-10,0.001940508,0.004336703,False,0.002936,False
2020-07-23,RS01SLBS-MJ01A-12-VEL3DB101,2,True,2020-07-23T00:00:00Z,2020-07-23T23:59:59Z,86394,86394,0,1.0,0.999735355,1.000061674,-0.001270567,0,0,1,1,-0.0,1.377373,3.670455,-1.960029e-10,0.001377288,0.003670229,False,0.002921,False
2020-07-24,RS01SLBS-MJ01A-12-VEL3DB101,2,True,2020-07-24T00:00:00Z,2020-07-24T23:59:59Z,86395,86395,0,1.0,0.999724388,1.000061676,-0.001318996,0,0,1,1,1e-06,1.707887,4.547763,6.134656e-10,0.001707781,0.004547483,False,0.002957,False
2020-07-25,RS01SLBS-MJ01A-12-VEL3DB101,2,True,2020-07-25T00:00:00Z,2020-07-25T23:59:59Z,86395,86395,0,1.0,0.999735832,1.000061637,0.001614376,0,0,0,0,-0.0,1.000403,11.054294,-3.20202e-10,0.001000341,0.01105361,False,0.011314,False
2020-07-26,RS01SLBS-MJ01A-12-VEL3DB101,2,True,2020-07-26T00:00:00Z,2020-07-26T23:59:59Z,86394,86394,0,1.0,0.999742985,1.000061642,-0.000871564,0,0,1,1,0.0,0.789207,2.583762,3.699169e-10,0.0007891581,0.002583603,False,0.002964,False
2020-07-27,RS01SLBS-MJ01A-12-VEL3DB101,2,True,2020-07-27T00:00:00Z,2020-07-27T23:59:59Z,86395,86395,0,1.0,0.999752045,1.000061704,-0.001639851,0,0,0,0,-0.0,1.001952,2.867232,-3.149391e-10,0.001001891,0.002867055,False,0.003051,False
2020-07-28,RS01SLBS-MJ01A-12-VEL3DB101,2,True,2020-07-28T00:00:00Z,2020-07-28T23:59:59Z,86395,86395,0,1.0,0.999725819,1.000061665,-0.001627724,0,0,1,1,0.0,1.33188,4.434919,3.581552e-10,0.001331798,0.004434645,False,0.002983,False
2020-07-29,RS01SLBS-MJ01A-12-VEL3DB101,2,True,2020-07-29T00:00:00Z,2020-07-29T23:59:59Z,86394,86394,0,1.0,0.999717236,1.000061687,-0.001293898,0,0,1,1,1e-06,1.111202,3.124535,6.223379e-10,0.001111133,0.003124342,False,0.003016,False
2020-07-30,RS01SLBS-MJ01A-12-VEL3DB101,2,True,2020-07-30T00:00:00Z,2020-07-30T23:59:59Z,86395,86395,0,1.0,0.999734879,1.000061644,0.000197564,0,0,0,0,-0.0,1.022055,3.239013,-3.339175e-10,0.001021992,0.003238813,False,0.003014,False
2020-07-31,RS01SLBS-MJ01A-12-VEL3DB101,2,True,2020-07-31T00:00:00Z,2020-07-31T23:59:59Z,86395,86395,0,1.0,0.999729633,1.000061619,-0.000645807,0,0,0,0,-0.0,1.622315,5.631251,-3.184346e-10,0.001622215,0.005630904,False,0.004301,False
2020-08-01,RS01SLBS-MJ01A-12-VEL3DB101,2,True,2020-08-01T00:00:00Z,2020-08-01T23:59:59Z,86395,86395,0,1.0,0.999699593,1.000061593,0.005603694,0,0,0,0,-0.0,2.795761,6.834223,-3.203022e-10,0.002795588,0.006833803,False,0.003002,False
2020-08-02,RS01SLBS-MJ01A-12-VEL3DB101,2,True,2020-08-02T00:00:00Z,2020-08-02T23:59:59Z,86394,86394,0,1.0,0.999710083,1.000061636,5.4102e-05,0,0,0,0,-0.0,1.116716,6.626081,-4.149031e-10,0.001116647,0.006625673,False,0.005335,False
2020-08-03,RS01SLBS-MJ01A-12-VEL3DB101,2,True,2020-08-03T00:00:00Z,2020-08-03T23:59:59Z,86395,86395,0,1.0,0.999697685,1.000061639,0.000642645,0,0,0,0,-0.0,1.761585,4.477602,-3.349943e-10,0.001761476,0.004477326,False,0.002993,False
2020-08-04,RS01SLBS-MJ01A-12-VEL3DB101,2,True,2020-08-04T00:00:00Z,2020-08-04T23:59:59Z,86395,86395,0,1.0,0.999692917,1.000061699,-0.00121962,0,0,2,2,1e-06,1.501908,4.398404,5.287516e-10,0.001501815,0.004398132,False,0.002944,False
2020-08-05,RS01SLBS-MJ01A-12-VEL3DB101,2,True,2020-08-05T00:00:00Z,2020-08-05T23:59:59Z,86293,86394,101,1.0,0.999752998,1.00006162,-0.001131889,3,101,3,103,0.0,1.082444,3.134875,2.245241e-10,0.001082377,0.003134682,False,0.032224,True
2020-08-06,RS01SLBS-MJ01A-12-VEL3DB101,2,True,2020-08-06T00:00:00Z,2020-08-06T23:59:59Z,86395,86395,0,1.0,0.999748707,1.00006165,-0.000581396,0,0,0,0,-0.0,1.233926,3.592615,-3.648402e-10,0.00123385,0.003592394,False,0.00291,False
2020-08-07,RS01SLBS-MJ01A-12-VEL3DB101,2,True,2020-08-07T00:00:00Z,2020-08-07T23:59:59Z,86395,86395,0,1.0,0.999716282,1.000061652,-0.000786489,0,0,1,1,-1e-06,1.192618,3.687894,-5.789093e-10,0.001192544,0.003687667,False,0.002919,False
2020-08-08,RS01SLBS-MJ01A-12-VEL3DB101,2,True,2020-08-08T00:00:00Z,2020-08-08T23:59:59Z,86394,86394,0,1.0,0.999704838,1.000061623,-0.002387618,0,0,0,0,-0.0,1.111499,3.548998,-4.162876e-10,0.00111143,0.003548779,False,0.00298,False
2020-08-09,RS01SLBS-MJ01A-12-VEL3DB101,2,True,2020-08-09T00:00:00Z,2020-08-09T23:59:59Z,86395,86395,0,1.0,0.999718666,1.000061564,0.001092532,0,0,0,0,-0.0,1.337114,11.415861,-3.563094e-10,0.001337031,0.01141516,False,0.012907,False
2020-08-10,RS01SLBS-MJ01A-12-VEL3DB101,2,True,2020-08-10T00:00:00Z,2020-08-10T23:59:59Z,86395,86395,0,1.0,0.99973011,1.000061616,-0.000435647,0,0,0,0,-0.0,1.045345,3.214482,-3.474574e-10,0.001045281,0.003214284,False,0.002915,False
2020-08-11,RS01SLBS-MJ01A-12-VEL3DB101,2,True,2020-08-11T00:00:00Z,2020-08-11T23:59:59Z,85928,86394,466,1.0,0.999708652,1.00006165,-0.001313147,2,466,2,467,-0.0,1.375159,3.734395,-8.878668e-11,0.001375074,0.003734164,False,0.165869,True
2020-08-12,RS01SLBS-MJ01A-12-VEL3DB101,2,True,2020-08-12T00:00:00Z,2020-08-12T23:59:59Z,86395,86395,0,1.0,0.999724865,1.000061609,0.000743917,0,0,1,1,0.0,0.868694,2.846227,2.885708e-10,0.0008686409,0.002846051,False,0.002893,False
2020-08-13,RS01SLBS-MJ01A-12-VEL3DB101,2,True,2020-08-13T00:00:00Z,2020-08-13T23:59:59Z,86395,86395,0,1.0,0.999716282,1.000061643,-0.000707952,0,0,0,0,-0.0,1.781677,4.602393,-3.309865e-10,0.001781567,0.004602109,False,0.003003,False
2020-08-14,RS01SLBS-MJ01A-12-VEL3DB101,2,True,2020-08-14T00:00:00Z,2020-08-14T23:59:59Z,86394,86394,0,1.0,0.99972868,1.000061658,-0.000246136,0,0,1,1,1e-06,1.173042,3.129483,6.952245e-10,0.00117297,0.00312929,False,0.002932,False
2020-08-15,RS01SLBS-MJ01A-12-VEL3DB101,2,True,2020-08-15T00:00:00Z,2020-08-15T23:59:59Z,86395,86395,0,1.0,0.999724388,1.000061696,0.00058721,0,0,0,0,-0.0,2.564646,7.273351,-3.160902e-10,0.002564488,0.007272902,False,0.002925,False
2020-08-16,RS01SLBS-MJ01A-12-VEL3DB101,2,True,2020-08-16T00:00:00Z,2020-08-16T23:59:59Z,86395,86395,0,1.0,0.999709606,1.000061632,0.005673899,0,0,1,1,0.0,3.004332,7.166011,3.969672e-10,0.003004147,0.00716557,False,0.002945,False
2020-08-17,RS01SLBS-MJ01A-12-VEL3DB101,2,True,2020-08-17T00:00:00Z,2020-08-17T23:59:59Z,86394,86394,0,1.0,0.99971199,1.000061636,0.002226423,0,0,3,3,0.0,1.993879,5.966926,4.212082e-10,0.001993756,0.005966558,False,0.003291,False
2020-08-18,RS01SLBS-MJ01A-12-VEL3DB101,2,True,2020-08-18T00:00:00Z,2020-08-18T01:23:19Z,5000,5000,0,1.0,0.999768257,1.000061641,0.001319577,0,0,0,0,0.0,0.667205,1.763781,9.813388e-12,0.0006671634,0.001763672,False,0.001966,False
2020-08-19,RS01SLBS-MJ01A-12-VEL3DB101,2,False,,,0,0,,1.0,,,,,,,,,,,,,,,,False
2020-08-20,RS01SLBS-MJ01A-12-VEL3DB101,2,True,2020-08-20T20:44:29Z,2020-08-20T23:59:59Z,11573,11731,158,1.0,0.999733448,1.000061436,-0.458719469,2,158,2,158,-0.0,19.597361,458.719469,-2.986962e-11,0.01959616,0.4586913,True,0.421478,True
2020-08-21,RS01SLBS-MJ01A-12-VEL3DB101,2,True,2020-08-21T00:00:00Z,2020-08-21T23:59:59Z,86394,86394,0,1.0,0.999732971,1.0000617,0.000860669,0,0,2,2,0.0,1.534983,9.021637,2.577991e-10,0.001534888,0.009021081,False,0.01042,False
2020-08-22,RS01SLBS-MJ01A-12-VEL3DB101,2,True,2020-08-22T00:00:00Z,2020-08-22T23:59:59Z,86395,86395,0,1.0,0.999747753,1.000061718,0.001035432,0,0,0,0,-0.0,1.030415,9.392528,-2.852043e-10,0.001030351,0.009391948,False,0.009874,False
2020-08-23,RS01SLBS-MJ01A-12-VEL3DB101,2,True,2020-08-23T00:00:00Z,2020-08-23T23:59:59Z,86395,86395,0,1.0,0.99975729,1.000061716,0.001435924,0,0,2,2,0.0,1.184124,7.105775,4.427691e-11,0.001184051,0.007105337,False,0.007071,False
2020-08-24,RS01SLBS-MJ01A-12-VEL3DB101,2,True,2020-08-24T00:00:00Z,2020-08-24T23:59:59Z,86394,86394,0,1.0,0.999779224,1.000061767,0.000958195,0,0,0,0,-0.0,0.749014,2.459784,-3.829935e-10,0.0007489681,0.002459633,False,0.003154,False
2020-08-25,RS01SLBS-MJ01A-12-VEL3DB101,2,True,2020-08-25T00:00:00Z,2020-08-25T14:57:36Z,53854,53854,0,1.0,0.999735832,1.000061764,-0.002249013,0,0,1,1,-0.0,0.998136,10.270002,-1.401631e-10,0.0009980744,0.01026937,False,0.010117,False
2020-08-26,RS01SLBS-MJ01A-12-VEL3DB101,2,True,2020-08-26T16:15:21Z,2020-08-26T23:59:59Z,27878,27878,0,1.0,0.999731064,1.000061943,-0.009257401,0,0,0,0,0.0,0.755969,11.828707,3.490677e-12,0.0007559226,0.01182797,False,0.011975,False
2020-08-27,RS01SLBS-MJ01A-12-VEL3DB101,2,True,2020-08-27T00:00:00Z,2020-08-27T23:59:59Z,86394,86394,0,1.0,0.999760151,1.000061713,-0.003081293,0,0,1,1,-1e-06,1.764405,5.478979,-8.534839e-10,0.001764296,0.005478641,False,0.003054,False
2020-08-28,RS01SLBS-MJ01A-12-VEL3DB101,2,True,2020-08-28T00:00:00Z,2020-08-28T23:59:59Z,85853,86395,542,1.0,0.999714851,1.000061736,6.4007e-05,1,542,1,542,-0.0,1.102108,11.235507,-1.635455e-10,0.00110204,0.01123481,False,0.188823,True
2020-08-29,RS01SLBS-MJ01A-12-VEL3DB101,2,True,2020-08-29T00:00:00Z,2020-08-29T23:59:59Z,86395,86395,0,1.0,0.999694347,1.000061769,-0.002165008,0,0,1,1,1e-06,1.897556,14.506715,5.024592e-10,0.001897438,0.01450582,False,0.012946,False
2020-08-30,RS01SLBS-MJ01A-12-VEL3DB101,2,True,2020-08-30T00:00:00Z,2020-08-30T23:59:59Z,86394,86394,0,1.0,0.999732971,1.000061776,-0.004302977,0,0,0,0,-0.0,2.050136,13.641871,-4.204162e-10,0.002050009,0.01364103,False,0.011358,False
2020-08-31,RS01SLBS-MJ01A-12-VEL3DB101,2,True,2020-08-31T00:00:00Z,2020-08-31T23:59:59Z,86395,86395,0,1.0,0.999715805,1.000061728,0.001266922,0,0,1,1,0.0,2.066438,300.643891,3.699462e-10,0.00206631,0.3006253,False,0.301286,False
2020-09-01,RS01SLBS-MJ01A-12-VEL3DB101,2,True,2020-09-01T00:00:00Z,2020-09-01T23:59:59Z,86395,86395,0,1.0,0.999703884,1.00006171,0.002897147,0,0,1,1,-0.0,2.416239,9.293484,-8.7895e-11,0.00241609,0.009292911,False,0.016122,False
2020-09-02,RS01SLBS-MJ01A-12-VEL3DB101,2,True,2020-09-02T00:00:00Z,2020-09-02T23:59:59Z,86394,86394,0,1.0,0.999763012,1.000061753,-0.00128798,0,0,1,1,-0.0,1.214377,10.866436,-2.895865e-10,0.001214302,0.01086576,False,0.011681,False
2020-09-03,RS01SLBS-MJ01A-12-VEL3DB101,2,True,2020-09-03T00:00:00Z,2020-09-03T23:59:59Z,86395,86395,0,1.0,0.999752998,1.000061777,-0.00207728,0,0,1,1,-1e-06,1.108982,3.687353,-7.270096e-10,0.001108913,0.003687126,False,0.003193,False
2020-09-04,RS01SLBS-MJ01A-12-VEL3DB101,2,True,2020-09-04T00:00:00Z,2020-09-04T23:59:59Z,84354,86395,2041,1.0,0.999722958,1.000061703,-0.001343611,4,2041,4,2042,0.0,1.010901,3.451022,6.593808e-11,0.001010839,0.003450809,False,0.329118,True
2020-09-05,RS01SLBS-MJ01A-12-VEL3DB101,2,True,2020-09-05T00:00:00Z,2020-09-05T23:59:59Z,86394,86394,0,1.0,0.999735832,1.000061734,0.00206127,0,0,2,2,0.0,0.973908,3.181885,1.151434e-10,0.0009738482,0.003181689,False,0.003105,False
2020-09-06,RS01SLBS-MJ01A-12-VEL3DB101,2,True,2020-09-06T00:00:00Z,2020-09-06T23:59:59Z,86395,86395,0,1.0,0.999792099,1.00006169,0.002141267,0,0,0,0,-0.0,1.912854,9.505764,-2.690209e-10,0.001912736,0.009505178,False,0.014825,False
2020-09-07,RS01SLBS-MJ01A-12-VEL3DB101,2,True,2020-09-07T00:00:00Z,2020-09-07T23:57:54Z,85709,86270,561,1.0,0.999751091,1.000061818,0.004793644,1,561,1,561,-0.0,3.908921,12.442056,-2.474992e-10,0.003908679,0.01244129,False,0.172745,True
2020-09-08,RS01SLBS-MJ01A-12-VEL3DB101,2,True,2020-09-08T12:48:52Z,2020-09-08T23:59:59Z,39613,40265,652,1.0,0.999777794,1.000061709,-0.001131036,3,652,3,652,-0.0,1.18802,11.372839,-1.215056e-10,0.001187947,0.01137214,False,0.093337,True
2020-09-09,RS01SLBS-MJ01A-12-VEL3DB101,2,True,2020-09-09T00:00:00Z,2020-09-09T23:59:59Z,86395,86395,0,1.0,0.99972105,1.000061753,-0.001212603,0,0,0,0,-0.0,1.266664,4.049707,-3.39983e-10,0.001266586,0.004049457,False,0.003201,False
2020-09-10,RS01SLBS-MJ01A-12-VEL3DB101,2,True,2020-09-10T00:00:00Z,2020-09-10T23:59:59Z,86395,86395,0,1.0,0.999757767,1.000061749,-0.001404746,0,0,1,1,1e-06,1.357228,13.073497,7.344293e-10,0.001357144,0.01307269,False,0.016175,False
2020-09-11,RS01SLBS-MJ01A-12-VEL3DB101,2,True,2020-09-11T00:00:00Z,2020-09-11T23:59:59Z,86394,86394,0,1.0,0.999767303,1.000061749,1.2213e-05,0,0,1,1,0.0,0.984238,3.497049,4.035417e-10,0.000984177,0.003496834,False,0.003279,False
2020-09-12,RS01SLBS-MJ01A-12-VEL3DB101,2,True,2020-09-12T00:00:00Z,2020-09-12T23:59:59Z,86395,86395,0,1.0,0.999756813,1.000061749,0.000729394,0,0,0,0,-0.0,0.786863,2.741684,-2.932924e-10,0.0007868146,0.002741514,False,0.003075,False
2020-09-13,RS01SLBS-MJ01A-12-VEL3DB101,2,True,2020-09-13T00:00:00Z,2020-09-13T23:59:59Z,86395,86395,0,1.0,0.999766827,1.000061746,0.000173355,0,0,0,0,-0.0,1.03311,3.260926,-3.558104e-10,0.001033046,0.003260725,False,0.003155,False
2020-09-14,RS01SLBS-MJ01A-12-VEL3DB101,2,True,2020-09-14T00:00:00Z,2020-09-14T23:59:59Z,86394,86394,0,1.0,0.999752998,1.000061777,-0.000485613,0,0,0,0,-0.0,1.188172,3.68935,-4.375089e-10,0.001188099,0.003689122,False,0.003136,False
2020-09-15,RS01SLBS-MJ01A-12-VEL3DB101,2,True,2020-09-15T00:00:00Z,2020-09-15T23:59:59Z,86395,86395,0,1.0,0.99973774,1.000061753,-0.001523129,0,0,0,0,-0.0,2.226102,5.706502,-3.78726e-10,0.002225964,0.00570615,False,0.003163,False
2020-09-16,RS01SLBS-MJ01A-12-VEL3DB101,2,True,2020-09-16T00:00:00Z,2020-09-16T23:59:59Z,86395,86395,0,1.0,0.999756336,1.000061761,-0.000690824,0,0,1,1,1e-06,1.220551,6.451205,6.190475e-10,0.001220476,0.006450806,False,0.006782,False
2020-09-17,RS01SLBS-MJ01A-12-VEL3DB101,2,True,2020-09-17T00:00:00Z,2020-09-17T23:59:59Z,86394,86394,0,1.0,0.999718666,1.000061768,0.000381948,0,0,1,1,0.0,1.202744,4.191537,8.484233e-11,0.001202669,0.004191278,False,0.004347,False
2020-09-18,RS01SLBS-MJ01A-12-VEL3DB101,2,True,2020-09-18T00:00:00Z,2020-09-18T23:59:59Z,86395,86395,0,1.0,0.999738216,1.000061721,-0.000603458,0,0,1,1,0.0,1.080681,7.079557,2.919099e-10,0.001080614,0.00707912,False,0.008649,False
2020-09-19,RS01SLBS-MJ01A-12-VEL3DB101,2,True,2020-09-19T00:00:00Z,2020-09-19T23:59:59Z,86395,86395,0,1.0,0.999734879,1.000061755,0.000258756,0,0,2,2,0.0,1.295504,4.139288,2.510185e-10,0.001295424,0.004139032,False,0.003454,False
2020-09-20,RS01SLBS-MJ01A-12-VEL3DB101,2,True,2020-09-20T00:00:00Z,2020-09-20T23:59:59Z,86394,86394,0,1.0,0.999708652,1.000061697,0.000196499,0,0,1,1,-0.0,1.831143,5.145347,-1.430647e-10,0.00183103,0.00514503,False,0.003226,False
2020-09-21,RS01SLBS-MJ01A-12-VEL3DB101,2,True,2020-09-21T00:00:00Z,2020-09-21T23:59:59Z,86395,86395,0,1.0,0.999725342,1.000061783,-0.002328171,0,0,0,0,-0.0,1.091287,3.508063,-3.407021e-10,0.001091219,0.003507846,False,0.003232,False
2020-09-22,RS01SLBS-MJ01A-12-VEL3DB101,2,True,2020-09-22T00:00:00Z,2020-09-22T23:59:59Z,53395,86405,33010,1.0,0.999772072,0.999982491,1.719698394,2,33010,2,33010,0.0,1631.890608,5124.052555,1.64801e-10,1.631919,5.124142,True,0.464511,True
2020-09-23,RS01SLBS-MJ01A-12-VEL3DB101,2,True,2020-09-23T00:00:00Z,2020-09-23T23:59:59Z,85692,86394,702,1.0,0.99974823,1.000061726,-0.000526274,3,702,3,704,0.0,1.283088,4.574448,1.02109e-10,0.001283009,0.004574166,False,0.218656,True
2020-09-24,RS01SLBS-MJ01A-12-VEL3DB101,2,True,2020-09-24T00:00:00Z,2020-09-24T23:59:59Z,86395,86395,0,1.0,0.999763966,1.00006174,-0.001957341,0,0,0,0,-0.0,1.056272,2.981814,-3.213473e-10,0.001056207,0.00298163,False,0.003149,False
2020-09-25,RS01SLBS-MJ01A-12-VEL3DB101,2,True,2020-09-25T00:00:00Z,2020-09-25T23:59:59Z,86395,86395,0,1.0,0.999741077,1.000061723,0.000872764,0,0,1,1,0.0,1.108209,8.57246,1.211973e-10,0.00110814,0.008571931,False,0.008936,False
2020-09-26,RS01SLBS-MJ01A-12-VEL3DB101,2,True,2020-09-26T00:00:00Z,2020-09-26T23:59:59Z,86394,86394,0,1.0,0.999733925,1.000061728,0.00137398,0,0,2,2,-0.0,1.020558,10.679794,-2.279245e-11,0.001020495,0.01067913,False,0.01146,False
2020-09-27,RS01SLBS-MJ01A-12-VEL3DB101,2,True,2020-09-27T00:00:00Z,2020-09-27T23:59:59Z,86395,86395,0,1.0,0.999726295,1.00006175,-0.001783865,0,0,1,1,1e-06,0.914422,10.8158,6.770919e-10,0.0009143654,0.01081513,False,0.014814,False
2020-09-28,RS01SLBS-MJ01A-12-VEL3DB101,2,True,2020-09-28T00:00:00Z,2020-09-28T23:59:59Z,86395,86395,0,1.0,0.999743938,1.000061742,2.8244e-05,0,0,0,0,-0.0,0.62772,1.775974,-3.328658e-10,0.0006276814,0.001775865,False,0.003252,False
2020-09-29,RS01SLBS-MJ01A-12-VEL3DB101,2,True,2020-09-29T00:00:00Z,2020-09-29T23:59:59Z,86394,86394,0,1.0,0.999732971,1.000061747,-0.001117594,0,0,1,1,-0.0,0.84698,2.761352,-1.307082e-10,0.0008469273,0.002761182,False,0.003123,False
2020-09-30,RS01SLBS-MJ01A-12-VEL3DB101,2,True,2020-09-30T00:00:00Z,2020-09-30T23:59:59Z,86395,86395,0,1.0,0.999723911,1.000061737,-2.3792e-05,0,0,0,0,-0.0,0.724073,2.289481,-3.567939e-10,0.0007240284,0.00228934,False,0.003138,False
2020-10-01,RS01SLBS-MJ01A-12-VEL3DB101,2,True,2020-10-01T00:00:00Z,2020-10-01T23:59:59Z,86395,86395,0,1.0,0.999722004,1.000061753,-0.000407445,0,0,1,1,-1e-06,1.055977,5.584771,-8.70901e-10,0.001055912,0.005584426,False,0.004657,False
2020-10-02,RS01SLBS-MJ01A-12-VEL3DB101,2,True,2020-10-02T00:00:00Z,2020-10-02T23:59:59Z,86394,86394,0,1.0,0.999717712,1.00006174,-0.001606295,0,0,0,0,-0.0,0.667582,2.098539,-4.434687e-10,0.0006675411,0.002098409,False,0.003201,False
2020-10-03,RS01SLBS-MJ01A-12-VEL3DB101,2,True,2020-10-03T00:00:00Z,2020-10-03T23:59:59Z,86395,86395,0,1.0,0.999722004,1.000061754,-0.00039889,0,0,0,0,-0.0,0.743377,2.266408,-3.370184e-10,0.0007433311,0.002266268,False,0.003191,False
2020-10-04,RS01SLBS-MJ01A-12-VEL3DB101,2,True,2020-10-04T00:00:00Z,2020-10-04T23:59:59Z,86395,86395,0,1.0,0.999732018,1.000061743,-0.000577503,0,0,0,0,-0.0,0.884161,5.073538,-3.577371e-10,0.000884106,0.005073225,False,0.004491,False
2020-10-05,RS01SLBS-MJ01A-12-VEL3DB101,2,True,2020-10-05T00:00:00Z,2020-10-05T23:59:59Z,86394,86394,0,1.0,0.999764919,1.000061744,-0.000650517,0,0,3,3,0.0,0.887629,2.719458,4.631884e-10,0.000887574,0.00271929,False,0.003145,False
2020-10-06,RS01SLBS-MJ01A-12-VEL3DB101,2,True,2020-10-06T00:00:00Z,2020-10-06T23:59:59Z,86395,86395,0,1.0,0.9997859,1.00006175,-0.002786716,0,0,3,3,0.0,1.920569,10.702813,1.939124e-10,0.00192045,0.01070215,False,0.009906,False
2020-10-07,RS01SLBS-MJ01A-12-VEL3DB101,2,True,2020-10-07T00:00:00Z,2020-10-07T23:59:59Z,86395,86395,0,1.0,0.999808788,1.000061761,-0.00160524,0,0,0,0,-0.0,1.717532,4.778912,-3.355803e-10,0.001717426,0.004778617,False,0.003132,False
2020-10-08,RS01SLBS-MJ01A-12-VEL3DB101,2,True,2020-10-08T00:00:00Z,2020-10-08T23:59:59Z,86394,86394,0,1.0,0.999804974,1.00006175,-0.003362497,0,0,0,0,-0.0,1.040878,3.769574,-4.074602e-10,0.001040813,0.003769341,False,0.002989,False
2020-10-09,RS01SLBS-MJ01A-12-VEL3DB101,2,True,2020-10-09T00:00:00Z,2020-10-09T23:59:59Z,86395,86395,0,1.0,0.999791145,1.000061757,-6.4031e-05,0,0,1,1,0.0,0.830382,2.809075,3.630155e-10,0.0008303308,0.002808902,False,0.003174,False
2020-10-10,RS01SLBS-MJ01A-12-VEL3DB101,2,True,2020-10-10T00:00:00Z,2020-10-10T23:59:59Z,86395,86395,0,1.0,0.999724865,1.000061778,-0.00174241,0,0,1,1,-0.0,1.431749,4.411959,-2.649734e-10,0.00143166,0.004411686,False,0.003338,False
2020-10-11,RS01SLBS-MJ01A-12-VEL3DB101,2,True,2020-10-11T00:00:00Z,2020-10-11T23:59:59Z,86394,86394,0,1.0,0.999795914,1.000061728,-0.000364893,0,0,1,1,-1e-06,0.707722,2.348219,-5.613699e-10,0.0007076782,0.002348074,False,0.002991,False
2020-10-12,RS01SLBS-MJ01A-12-VEL3DB101,2,True,2020-10-12T00:00:00Z,2020-10-12T23:59:59Z,86395,86395,0,1.0,0.999760151,1.000061724,-0.000285518,0,0,1,1,-0.0,1.119995,3.133187,-3.558879e-10,0.001119925,0.003132993,False,0.003077,False
2020-10-13,RS01SLBS-MJ01A-12-VEL3DB101,2,True,2020-10-13T00:00:00Z,2020-10-13T23:59:59Z,86395,86395,0,1.0,0.999772072,1.000061676,0.004116542,0,0,2,2,1e-06,4.079872,9.096194,1.054789e-09,0.004079621,0.009095633,False,0.016318,False
2020-10-14,RS01SLBS-MJ01A-12-VEL3DB101,2,True,2020-10-14T00:00:00Z,2020-10-14T23:59:59Z,86394,86394,0,1.0,0.999715328,1.000061778,0.01088404,0,0,1,1,0.0,1.217999,11.838319,1.667595e-10,0.001217924,0.01183759,False,0.01308,False
2020-10-15,RS01SLBS-MJ01A-12-VEL3DB101,2,True,2020-10-15T00:00:00Z,2020-10-15T23:59:59Z,86395,86395,0,1.0,0.999754906,1.000061744,-0.000908457,0,0,0,0,-0.0,2.140134,5.049244,-3.404689e-10,0.002140002,0.005048932,False,0.003171,False
2020-10-16,RS01SLBS-MJ01A-12-VEL3DB101,2,True,2020-10-16T00:00:00Z,2020-10-16T23:59:59Z,86395,86395,0,1.0,0.999770164,1.000061758,0.003639802,0,0,0,0,-0.0,2.843739,7.529621,-3.264465e-10,0.002843563,0.007529156,False,0.008042,False
2020-10-17,RS01SLBS-MJ01A-12-VEL3DB101,2,True,2020-10-17T00:00:00Z,2020-10-17T23:59:59Z,86394,86394,0,1.0,0.999761105,1.000061739,0.001384271,0,0,0,0,-0.0,1.38171,3.824701,-4.080221e-10,0.001381625,0.003824465,False,0.003164,False
2020-10-18,RS01SLBS-MJ01A-12-VEL3DB101,2,True,2020-10-18T00:00:00Z,2020-10-18T23:59:59Z,86395,86395,0,1.0,0.999746799,1.000061733,0.001805604,0,0,0,0,-0.0,1.635963,4.023507,-3.426308e-10,0.001635862,0.004023259,False,0.003146,False
2020-10-19,RS01SLBS-MJ01A-12-VEL3DB101,2,True,2020-10-19T00:00:00Z,2020-10-19T23:59:59Z,86395,86395,0,1.0,0.999775887,1.000061732,0.001113016,0,0,2,2,-0.0,0.856869,2.971169,-1.788686e-10,0.0008568164,0.002970985,False,0.003127,False
2020-10-20,RS01SLBS-MJ01A-12-VEL3DB101,2,True,2020-10-20T00:00:00Z,2020-10-20T23:59:59Z,86394,86394,0,1.0,0.999780655,1.000061743,-0.000882457,0,0,2,2,0.0,0.891735,4.940851,2.63654e-10,0.0008916801,0.004940546,False,0.00587,False
2020-10-21,RS01SLBS-MJ01A-12-VEL3DB101,2,True,2020-10-21T00:00:00Z,2020-10-21T23:59:59Z,86395,86395,0,1.0,0.999745846,1.000061758,0.000123301,0,0,2,2,-0.0,0.999138,2.773378,-2.599396e-10,0.0009990765,0.002773206,False,0.003133,False
2020-10-22,RS01SLBS-MJ01A-12-VEL3DB101,2,True,2020-10-22T00:00:00Z,2020-10-22T23:59:59Z,86395,86395,0,1.0,0.999779701,1.000061745,0.000278032,0,0,0,0,-0.0,1.020343,10.609016,-3.561802e-10,0.00102028,0.01060836,False,0.011267,False
2020-10-23,RS01SLBS-MJ01A-12-VEL3DB101,2,True,2020-10-23T00:00:00Z,2020-10-23T23:59:59Z,86394,86394,0,1.0,0.999754429,1.000061737,-0.000302231,0,0,0,0,-0.0,0.686782,11.145924,-4.297088e-10,0.0006867393,0.01114524,False,0.011953,False
2020-10-24,RS01SLBS-MJ01A-12-VEL3DB101,2,True,2020-10-24T00:00:00Z,2020-10-24T23:59:59Z,86395,86395,0,1.0,0.9997859,1.000061727,-1.6709e-05,0,0,1,1,-0.0,3.995628,10.654306,-5.883391e-11,0.003995381,0.01065365,False,0.016045,False
2020-10-25,RS01SLBS-MJ01A-12-VEL3DB101,2,True,2020-10-25T00:00:00Z,2020-10-25T23:59:59Z,86395,86395,0,1.0,0.999756813,1.000061842,-0.004992386,0,0,0,0,-0.0,3.539666,10.664497,-3.553709e-10,0.003539447,0.01066384,False,0.016022,False
2020-10-26,RS01SLBS-MJ01A-12-VEL3DB101,2,True,2020-10-26T00:00:00Z,2020-10-26T23:59:59Z,86394,86394,0,1.0,0.999732971,1.00006172,-0.001008289,0,0,1,1,1e-06,0.901099,10.641784,5.107257e-10,0.0009010437,0.01064113,False,0.010328,False
2020-10-27,RS01SLBS-MJ01A-12-VEL3DB101,2,True,2020-10-27T00:00:00Z,2020-10-27T23:59:59Z,86395,86395,0,1.0,0.99972868,1.00006175,-0.000254888,0,0,0,0,-0.0,0.738646,2.501,-3.40812e-10,0.0007386004,0.002500846,False,0.003321,False
2020-10-28,RS01SLBS-MJ01A-12-VEL3DB101,2,True,2020-10-28T00:00:00Z,2020-10-28T23:59:59Z,86395,86395,0,1.0,0.999705791,1.000061744,-0.002099176,0,0,1,1,1e-06,1.275454,3.989218,5.168301e-10,0.001275375,0.003988972,False,0.003147,False
2020-10-29,RS01SLBS-MJ01A-12-VEL3DB101,2,True,2020-10-29T00:00:00Z,2020-10-29T23:59:59Z,86394,86394,0,1.0,0.999716759,1.000061737,0.001573903,0,0,2,2,-0.0,0.754358,10.291128,-1.696225e-10,0.0007543112,0.01029049,False,0.010399,False
2020-10-30,RS01SLBS-MJ01A-12-VEL3DB101,2,True,2020-10-30T00:00:00Z,2020-10-30T23:59:59Z,86395,86395,0,1.0,0.999804974,1.000061758,0.000245075,0,0,2,2,-1e-06,0.871998,3.052549,-5.940194e-10,0.0008719442,0.00305236,False,0.003106,False
2020-10-31,RS01SLBS-MJ01A-12-VEL3DB101,2,True,2020-10-31T00:00:00Z,2020-10-31T23:59:59Z,86395,86395,0,1.0,0.999765873,1.000061766,0.000315316,0,0,0,0,-0.0,1.947256,6.20353,-3.568989e-10,0.001947136,0.006203147,False,0.003045,False
2020-11-01,RS01SLBS-MJ01A-12-VEL3DB101,2,True,2020-11-01T00:00:00Z,2020-11-01T00:11:32Z,692,692,0,1.0,0.999761105,1.000061796,-0.000161121,0,0,0,0,0.0,0.64698,1.348324,5.828498e-14,0.0006469399,0.00134824,False,0.001813,False
2020-11-02,RS01SLBS-MJ01A-12-VEL3DB101,2,False,,,0,0,,1.0,,,,,,,,,,,,,,,,False
2020-11-03,RS01SLBS-MJ01A-12-VEL3DB101,2,True,2020-11-03T01:19:48Z,2020-11-03T23:59:59Z,81425,81606,181,1.0,0.999834061,1.000065373,0.116372533,3,181,3,182,-0.0,96.486977,314.573128,-9.37233e-12,0.09648067,0.3145526,False,0.366589,True
2020-11-04,RS01SLBS-MJ01A-12-VEL3DB101,2,True,2020-11-04T00:00:00Z,2020-11-04T23:59:59Z,86395,86395,0,1.0,0.999773979,1.000061725,0.001045912,0,0,0,0,-0.0,0.719889,2.340515,-2.645283e-10,0.0007198449,0.002340371,False,0.003027,False
2020-11-05,RS01SLBS-MJ01A-12-VEL3DB101,2,True,2020-11-05T00:00:00Z,2020-11-05T23:59:59Z,86395,86395,0,1.0,0.999758244,1.000061735,0.001066285,0,0,1,1,-0.0,1.07505,5.364871,-1.014934e-11,0.001074984,0.00536454,False,0.003547,False
2020-11-06,RS01SLBS-MJ01A-12-VEL3DB101,2,True,2020-11-06T00:00:00Z,2020-11-06T23:59:59Z,86394,86394,0,1.0,0.999759197,1.000061728,0.000439764,0,0,0,0,-0.0,0.835788,2.623053,-4.580049e-10,0.0008357361,0.002622891,False,0.002951,False
2020-11-07,RS01SLBS-MJ01A-12-VEL3DB101,2,True,2020-11-07T00:00:00Z,2020-11-07T23:59:59Z,86395,86395,0,1.0,0.999754906,1.000061726,-0.001105603,0,0,0,0,-0.0,0.659875,1.914621,-3.241996e-10,0.0006598344,0.001914503,False,0.003179,False
2020-11-08,RS01SLBS-MJ01A-12-VEL3DB101,2,True,2020-11-08T00:00:00Z,2020-11-08T23:59:59Z,86395,86395,0,1.0,0.999758959,1.000061749,-0.000102857,0,0,1,1,0.0,0.988244,3.75456,8.067322e-11,0.0009881834,0.003754328,False,0.003134,False
2020-11-09,RS01SLBS-MJ01A-12-VEL3DB101,2,True,2020-11-09T00:00:00Z,2020-11-09T23:59:59Z,86394,86394,0,1.0,0.999794006,1.000061732,0.001050963,0,0,2,2,-0.0,1.048259,3.55864,-3.641476e-10,0.001048195,0.00355842,False,0.002992,False
2020-11-10,RS01SLBS-MJ01A-12-VEL3DB101,2,True,2020-11-10T00:00:00Z,2020-11-10T23:59:59Z,86395,86395,0,1.0,0.999762058,1.000061717,0.000916039,0,0,1,1,0.0,1.229365,3.354335,3.717544e-10,0.00122929,0.003354128,False,0.003017,False
2020-11-11,RS01SLBS-MJ01A-12-VEL3DB101,2,True,2020-11-11T00:00:00Z,2020-11-11T23:59:59Z,86395,86395,0,1.0,0.99975729,1.000061747,0.001481266,0,0,0,0,-0.0,0.744155,2.399049,-3.336468e-10,0.0007441092,0.002398901,False,0.002979,False
2020-11-12,RS01SLBS-MJ01A-12-VEL3DB101,2,True,2020-11-12T00:00:00Z,2020-11-12T23:59:59Z,86394,86394,0,1.0,0.999800205,1.000061737,-0.000100105,0,0,0,0,-0.0,0.980719,3.614834,-4.33306e-10,0.0009806581,0.003614611,False,0.003301,False
2020-11-13,RS01SLBS-MJ01A-12-VEL3DB101,2,True,2020-11-13T00:00:00Z,2020-11-13T23:59:59Z,86395,86395,0,1.0,0.999797583,1.000061754,-0.001404675,0,0,1,1,-0.0,2.647077,10.963294,-1.404633e-10,0.002646913,0.01096262,False,0.016296,False
2020-11-14,RS01SLBS-MJ01A-12-VEL3DB101,2,True,2020-11-14T00:00:00Z,2020-11-14T23:59:59Z,86395,86395,0,1.0,0.999769211,1.000061746,-5.7752e-05,0,0,0,0,-0.0,2.575471,11.663264,-3.160145e-10,0.002575312,0.01166254,False,0.014104,False
2020-11-15,RS01SLBS-MJ01A-12-VEL3DB101,2,True,2020-11-15T00:00:00Z,2020-11-15T23:59:59Z,86394,86394,0,1.0,0.999746799,1.00006173,-0.001345758,0,0,1,1,-1e-06,1.508875,13.245237,-5.888278e-10,0.001508782,0.01324442,False,0.012949,False
2020-11-16,RS01SLBS-MJ01A-12-VEL3DB101,2,True,2020-11-16T00:00:00Z,2020-11-16T23:59:59Z,86395,86395,0,1.0,0.999783039,1.00006174,0.000133149,0,0,1,1,1e-06,0.858769,4.592602,6.883917e-10,0.0008587157,0.004592318,False,0.003011,False
2020-11-17,RS01SLBS-MJ01A-12-VEL3DB101,2,True,2020-11-17T00:00:00Z,2020-11-17T23:59:59Z,86395,86395,0,1.0,0.999772072,1.000061671,0.002618058,0,0,0,0,-0.0,1.583645,9.554121,-3.018373e-10,0.001583548,0.009553532,False,0.011892,False
2020-11-18,RS01SLBS-MJ01A-12-VEL3DB101,2,True,2020-11-18T00:00:00Z,2020-11-18T23:59:59Z,86394,86394,0,1.0,0.999789238,1.000061767,0.003299688,0,0,2,2,1e-06,1.783101,5.570476,7.418404e-10,0.00178299,0.005570132,False,0.004632,False
2020-11-19,RS01SLBS-MJ01A-12-VEL3DB101,2,True,2020-11-19T00:00:00Z,2020-11-19T23:59:59Z,86395,86395,0,1.0,0.999794006,1.00006175,0.001574586,0,0,2,2,-0.0,0.994738,8.604213,-1.89935e-10,0.0009946764,0.008603682,False,0.008376,False
2020-11-20,RS01SLBS-MJ01A-12-VEL3DB101,2,True,2020-11-20T00:00:00Z,2020-11-20T23:59:59Z,86395,86395,0,1.0,0.999811172,1.000061752,-0.001787282,0,0,0,0,-0.0,1.147594,7.870767,-2.588093e-10,0.001147524,0.007870281,False,0.009992,False
2020-11-21,RS01SLBS-MJ01A-12-VEL3DB101,2,True,2020-11-21T00:00:00Z,2020-11-21T23:59:59Z,86394,86394,0,1.0,0.999769211,1.000061735,-0.002649162,0,0,0,0,-0.0,2.522633,12.17094,-4.227634e-10,0.002522478,0.01217019,False,0.017246,False
2020-11-22,RS01SLBS-MJ01A-12-VEL3DB101,2,True,2020-11-22T00:00:00Z,2020-11-22T23:59:59Z,86395,86395,0,1.0,0.99974966,1.000061741,-0.001140634,0,0,0,0,-0.0,1.049797,9.904133,-3.27308e-10,0.001049732,0.009903522,False,0.00861,False
2020-11-23,RS01SLBS-MJ01A-12-VEL3DB101,2,True,2020-11-23T00:00:00Z,2020-11-23T23:59:59Z,86395,86395,0,1.0,0.999752998,1.000061736,0.001407024,0,0,0,0,-0.0,1.537239,11.615809,-2.889299e-10,0.001537144,0.01161509,False,0.014647,False
2020-11-24,RS01SLBS-MJ01A-12-VEL3DB101,2,True,2020-11-24T00:00:00Z,2020-11-24T23:59:59Z,86394,86394,0,1.0,0.999814034,1.000061711,-0.000433547,0,0,0,0,-0.0,1.371858,11.160524,-4.450032e-10,0.001371774,0.01115984,False,0.011314,False
2020-11-25,RS01SLBS-MJ01A-12-VEL3DB101,2,True,2020-11-25T00:00:00Z,2020-11-25T23:59:59Z,86395,86395,0,1.0,0.999782085,1.000061713,-0.00103331,0,0,0,0,-0.0,1.298601,10.691674,-3.660286e-10,0.001298521,0.01069101,False,0.009524,False
2020-11-26,RS01SLBS-MJ01A-12-VEL3DB101,2,True,2020-11-26T00:00:00Z,2020-11-26T23:59:59Z,86395,86395,0,1.0,0.999843121,1.000061722,-4.066e-06,0,0,0,0,-0.0,2.063275,5.275563,-3.534993e-10,0.002063147,0.005275238,False,0.002885,False
2020-11-27,RS01SLBS-MJ01A-12-VEL3DB101,2,True,2020-11-27T00:00:00Z,2020-11-27T23:59:59Z,86394,86394,0,1.0,0.999782085,1.000061726,-5.257e-06,0,0,0,0,-0.0,3.444768,8.809838,-4.328304e-10,0.003444556,0.008809294,False,0.002905,False
2020-11-28,RS01SLBS-MJ01A-12-VEL3DB101,2,True,2020-11-28T00:00:00Z,2020-11-28T23:59:59Z,86395,86395,0,1.0,0.999845505,1.00006177,-0.000533237,0,0,0,0,-0.0,1.043178,2.966799,-2.841128e-10,0.001043114,0.002966616,False,0.002943,False
2020-11-29,RS01SLBS-MJ01A-12-VEL3DB101,2,True,2020-11-29T00:00:00Z,2020-11-29T23:59:59Z,86395,86395,0,1.0,0.999837875,1.000061735,-0.000210854,0,0,0,0,-0.0,0.924543,3.653081,-3.215608e-10,0.0009244859,0.003652856,False,0.002903,False
2020-11-30,RS01SLBS-MJ01A-12-VEL3DB101,2,True,2020-11-30T00:00:00Z,2020-11-30T23:59:59Z,86394,86394,0,1.0,0.999795914,1.000061732,-0.000826893,0,0,0,0,-0.0,1.459597,3.749983,-3.929017e-10,0.001459507,0.003749751,False,0.002893,False
2020-12-01,RS01SLBS-MJ01A-12-VEL3DB101,2,True,2020-12-01T00:00:00Z,2020-12-01T23:59:59Z,86395,86395,0,1.0,0.999809742,1.000061735,0.000274929,0,0,0,0,-0.0,1.078311,12.089829,-3.020902e-10,0.001078244,0.01208908,False,0.015377,False
2020-12-02,RS01SLBS-MJ01A-12-VEL3DB101,2,True,2020-12-02T00:00:00Z,2020-12-02T23:59:59Z,86395,86395,0,1.0,0.9997859,1.000061752,-0.001023735,0,0,0,0,-0.0,0.959297,10.766114,-3.329767e-10,0.0009592381,0.01076545,False,0.01184,False
2020-12-03,RS01SLBS-MJ01A-12-VEL3DB101,2,True,2020-12-03T00:00:00Z,2020-12-03T23:59:59Z,86394,86394,0,1.0,0.999800682,1.00006173,0.000396793,0,0,1,1,0.0,1.913033,5.620073,2.689913e-10,0.001912915,0.005619726,False,0.00294,False
2020-12-04,RS01SLBS-MJ01A-12-VEL3DB101,2,True,2020-12-04T00:00:00Z,2020-12-04T23:59:59Z,86395,86395,0,1.0,0.999811172,1.000061719,0.00044534,0,0,1,1,-0.0,0.918986,3.267401,-1.849232e-10,0.0009189297,0.0032672,False,0.002917,False
2020-12-05,RS01SLBS-MJ01A-12-VEL3DB101,2,True,2020-12-05T00:00:00Z,2020-12-05T23:59:59Z,86395,86395,0,1.0,0.99976778,1.000061732,0.000649234,0,0,1,1,-0.0,1.944242,7.575702,-4.620759e-10,0.001944122,0.007575234,False,0.005892,False
2020-12-06,RS01SLBS-MJ01A-12-VEL3DB101,2,True,2020-12-06T00:00:00Z,2020-12-06T23:59:59Z,86293,86394,101,1.0,0.999765873,1.0000617,0.000126888,2,101,2,102,1e-06,2.9179,7.223254,8.179168e-10,0.00291772,0.007222808,False,0.029027,True
2020-12-07,RS01SLBS-MJ01A-12-VEL3DB101,2,True,2020-12-07T00:00:00Z,2020-12-07T23:59:59Z,86395,86395,0,1.0,0.999743938,1.000061716,0.002788794,0,0,1,1,0.0,1.529982,4.975359,4.750233e-11,0.001529888,0.004975052,False,0.003087,False
2020-12-08,RS01SLBS-MJ01A-12-VEL3DB101,2,True,2020-12-08T00:00:00Z,2020-12-08T23:59:59Z,85904,86395,491,1.0,0.999752045,1.000061704,0.000416178,1,491,1,491,-0.0,1.091122,3.144187,-2.939418e-10,0.001091055,0.003143993,False,0.15233,True
2020-12-09,RS01SLBS-MJ01A-12-VEL3DB101,2,True,2020-12-09T00:00:00Z,2020-12-09T23:59:59Z,86394,86394,0,1.0,0.999726295,1.000061707,0.001367307,0,0,0,0,-0.0,1.2222,3.688926,-4.48167e-10,0.001222125,0.003688699,False,0.003226,False
2020-12-10,RS01SLBS-MJ01A-12-VEL3DB101,2,True,2020-12-10T00:00:00Z,2020-12-10T23:59:59Z,85949,86395,446,1.0,0.99973774,1.000061734,9.8859e-05,1,446,1,446,-0.0,1.00099,3.978174,-1.783118e-10,0.001000928,0.003977928,False,0.144667,True
2020-12-11,RS01SLBS-MJ01A-12-VEL3DB101,2,True,2020-12-11T00:00:00Z,2020-12-11T23:59:59Z,86395,86395,0,1.0,0.999750137,1.00006173,0.001057222,0,0,1,1,-0.0,0.84267,2.760481,-2.291754e-10,0.0008426175,0.002760311,False,0.002981,False
2020-12-12,RS01SLBS-MJ01A-12-VEL3DB101,2,True,2020-12-12T00:00:00Z,2020-12-12T23:59:59Z,85898,86394,496,1.0,0.99973917,1.000061733,0.000853938,2,496,2,497,1e-06,0.737646,2.306517,5.579425e-10,0.0007376002,0.002306374,False,0.161462,True
2020-12-13,RS01SLBS-MJ01A-12-VEL3DB101,2,True,2020-12-13T00:00:00Z,2020-12-13T23:59:59Z,86395,86395,0,1.0,0.999758244,1.000061746,-0.000908085,0,0,0,0,-0.0,1.677276,4.244879,-3.402133e-10,0.001677172,0.004244617,False,0.002959,False
2020-12-14,RS01SLBS-MJ01A-12-VEL3DB101,2,True,2020-12-14T00:00:00Z,2020-12-14T23:59:59Z,86294,86395,101,1.0,0.999757767,1.000061729,-0.00100928,1,101,1,101,-1e-06,1.709601,4.44539,-5.911152e-10,0.001709495,0.004445116,False,0.030267,True
2020-12-15,RS01SLBS-MJ01A-12-VEL3DB101,2,True,2020-12-15T00:00:00Z,2020-12-15T23:59:59Z,86394,86394,0,1.0,0.999753952,1.000061734,-0.001410285,0,0,0,0,-0.0,1.278032,3.783271,-3.936749e-10,0.001277953,0.003783037,False,0.003294,False
2020-12-16,RS01SLBS-MJ01A-12-VEL3DB101,2,True,2020-12-16T00:00:00Z,2020-12-16T23:59:59Z,86294,86395,101,1.0,0.999736309,1.000061751,-7.1921e-05,1,101,1,101,-0.0,1.491394,4.283756,-3.902803e-10,0.001491302,0.004283491,False,0.033199,True
2020-12-17,RS01SLBS-MJ01A-12-VEL3DB101,2,True,2020-12-17T00:00:00Z,2020-12-17T23:59:59Z,86294,86395,101,1.0,0.999713898,1.000061725,0.000375473,2,101,2,102,0.0,1.108511,6.47095,1.853875e-10,0.001108442,0.006470551,False,0.034553,True
2020-12-18,RS01SLBS-MJ01A-12-VEL3DB101,2,True,2020-12-18T00:00:00Z,2020-12-18T23:59:59Z,86192,86394,202,1.0,0.99972868,1.00006174,0.000601027,2,202,2,202,-0.0,0.832965,2.654433,-4.10358e-10,0.0008329133,0.002654269,False,0.033562,True
2020-12-19,RS01SLBS-MJ01A-12-VEL3DB101,2,True,2020-12-19T00:00:00Z,2020-12-19T23:59:59Z,86193,86395,202,1.0,0.999717236,1.00006174,-0.000849387,2,202,2,202,-0.0,0.920386,3.128541,-1.667184e-10,0.0009203296,0.003128348,False,0.034716,True
2020-12-20,RS01SLBS-MJ01A-12-VEL3DB101,2,True,2020-12-20T00:00:00Z,2020-12-20T23:59:59Z,85385,86395,1010,1.0,0.99972105,1.000061745,-0.003201269,10,1010,10,1010,-0.0,0.95589,3.5406,-4.531215e-10,0.0009558309,0.003540381,False,0.036284,True
2020-12-21,RS01SLBS-MJ01A-12-VEL3DB101,2,True,2020-12-21T00:00:00Z,2020-12-21T09:40:10Z,34101,34809,708,1.0,0.999729395,1.000061725,9.7881e-05,8,708,8,709,0.0,0.668001,1.927814,5.709481e-11,0.0006679596,0.001927695,False,0.035262,True
2020-12-22,RS01SLBS-MJ01A-12-VEL3DB101,2,False,,,0,0,,1.0,,,,,,,,,,,,,,,,False
2020-12-23,RS01SLBS-MJ01A-12-VEL3DB101,2,False,,,0,0,,1.0,,,,,,,,,,,,,,,,False
2020-12-24,RS01SLBS-MJ01A-12-VEL3DB101,2,False,,,0,0,,1.0,,,,,,,,,,,,,,,,False
2020-12-25,RS01SLBS-MJ01A-12-VEL3DB101,2,False,,,0,0,,1.0,,,,,,,,,,,,,,,,False
2020-12-26,RS01SLBS-MJ01A-12-VEL3DB101,2,False,,,0,0,,1.0,,,,,,,,,,,,,,,,False
2020-12-27,RS01SLBS-MJ01A-12-VEL3DB101,2,False,,,0,0,,1.0,,,,,,,,,,,,,,,,False
2020-12-28,RS01SLBS-MJ01A-12-VEL3DB101,2,False,,,0,0,,1.0,,,,,,,,,,,,,,,,False
2020-12-29,RS01SLBS-MJ01A-12-VEL3DB101,2,False,,,0,0,,1.0,,,,,,,,,,,,,,,,False
2020-12-30,RS01SLBS-MJ01A-12-VEL3DB101,2,False,,,0,0,,1.0,,,,,,,,,,,,,,,,False
2020-12-31,RS01SLBS-MJ01A-12-VEL3DB101,2,False,,,0,0,,1.0,,,,,,,,,,,,,,,,False
2021-01-01,RS01SLBS-MJ01A-12-VEL3DB101,2,False,,,0,0,,1.0,,,,,,,,,,,,,,,,False
2021-01-02,RS01SLBS-MJ01A-12-VEL3DB101,2,False,,,0,0,,1.0,,,,,,,,,,,,,,,,False
2021-01-03,RS01SLBS-MJ01A-12-VEL3DB101,2,False,,,0,0,,1.0,,,,,,,,,,,,,,,,False
2021-01-04,RS01SLBS-MJ01A-12-VEL3DB101,2,False,,,0,0,,1.0,,,,,,,,,,,,,,,,False
2021-01-05,RS01SLBS-MJ01A-12-VEL3DB101,2,False,,,0,0,,1.0,,,,,,,,,,,,,,,,False
2021-01-06,RS01SLBS-MJ01A-12-VEL3DB101,2,False,,,0,0,,1.0,,,,,,,,,,,,,,,,False
2021-01-07,RS01SLBS-MJ01A-12-VEL3DB101,2,False,,,0,0,,1.0,,,,,,,,,,,,,,,,False
2021-01-08,RS01SLBS-MJ01A-12-VEL3DB101,2,False,,,0,0,,1.0,,,,,,,,,,,,,,,,False
2021-01-09,RS01SLBS-MJ01A-12-VEL3DB101,2,False,,,0,0,,1.0,,,,,,,,,,,,,,,,False
2021-01-10,RS01SLBS-MJ01A-12-VEL3DB101,2,False,,,0,0,,1.0,,,,,,,,,,,,,,,,False
2021-01-11,RS01SLBS-MJ01A-12-VEL3DB101,2,False,,,0,0,,1.0,,,,,,,,,,,,,,,,False
2021-01-12,RS01SLBS-MJ01A-12-VEL3DB101,2,False,,,0,0,,1.0,,,,,,,,,,,,,,,,False
2021-01-13,RS01SLBS-MJ01A-12-VEL3DB101,2,False,,,0,0,,1.0,,,,,,,,,,,,,,,,False
2021-01-14,RS01SLBS-MJ01A-12-VEL3DB101,2,False,,,0,0,,1.0,,,,,,,,,,,,,,,,False
2021-01-15,RS01SLBS-MJ01A-12-VEL3DB101,2,False,,,0,0,,1.0,,,,,,,,,,,,,,,,False
2021-01-16,RS01SLBS-MJ01A-12-VEL3DB101,2,False,,,0,0,,1.0,,,,,,,,,,,,,,,,False
2021-01-17,RS01SLBS-MJ01A-12-VEL3DB101,2,False,,,0,0,,1.0,,,,,,,,,,,,,,,,False
2021-01-18,RS01SLBS-MJ01A-12-VEL3DB101,2,False,,,0,0,,1.0,,,,,,,,,,,,,,,,False
2021-01-19,RS01SLBS-MJ01A-12-VEL3DB101,2,False,,,0,0,,1.0,,,,,,,,,,,,,,,,False
2021-01-20,RS01SLBS-MJ01A-12-VEL3DB101,2,False,,,0,0,,1.0,,,,,,,,,,,,,,,,False
2021-01-21,RS01SLBS-MJ01A-12-VEL3DB101,2,False,,,0,0,,1.0,,,,,,,,,,,,,,,,False
2021-01-22,RS01SLBS-MJ01A-12-VEL3DB101,2,False,,,0,0,,1.0,,,,,,,,,,,,,,,,False
2021-01-23,RS01SLBS-MJ01A-12-VEL3DB101,2,False,,,0,0,,1.0,,,,,,,,,,,,,,,,False
2021-01-24,RS01SLBS-MJ01A-12-VEL3DB101,2,False,,,0,0,,1.0,,,,,,,,,,,,,,,,False
2021-01-25,RS01SLBS-MJ01A-12-VEL3DB101,2,False,,,0,0,,1.0,,,,,,,,,,,,,,,,False
2021-01-26,RS01SLBS-MJ01A-12-VEL3DB101,2,False,,,0,0,,1.0,,,,,,,,,,,,,,,,False
2021-01-27,RS01SLBS-MJ01A-12-VEL3DB101,2,False,,,0,0,,1.0,,,,,,,,,,,,,,,,False
2021-01-28,RS01SLBS-MJ01A-12-VEL3DB101,2,False,,,0,0,,1.0,,,,,,,,,,,,,,,,False
2021-01-29,RS01SLBS-MJ01A-12-VEL3DB101,2,False,,,0,0,,1.0,,,,,,,,,,,,,,,,False
2021-01-30,RS01SLBS-MJ01A-12-VEL3DB101,2,False,,,0,0,,1.0,,,,,,,,,,,,,,,,False
2021-01-31,RS01SLBS-MJ01A-12-VEL3DB101,2,False,,,0,0,,1.0,,,,,,,,,,,,,,,,False
2021-02-01,RS01SLBS-MJ01A-12-VEL3DB101,2,False,,,0,0,,1.0,,,,,,,,,,,,,,,,False
2021-02-02,RS01SLBS-MJ01A-12-VEL3DB101,2,False,,,0,0,,1.0,,,,,,,,,,,,,,,,False
2021-02-03,RS01SLBS-MJ01A-12-VEL3DB101,2,False,,,0,0,,1.0,,,,,,,,,,,,,,,,False
2021-02-04,RS01SLBS-MJ01A-12-VEL3DB101,2,False,,,0,0,,1.0,,,,,,,,,,,,,,,,False
2021-02-05,RS01SLBS-MJ01A-12-VEL3DB101,2,False,,,0,0,,1.0,,,,,,,,,,,,,,,,False
2021-02-06,RS01SLBS-MJ01A-12-VEL3DB101,2,False,,,0,0,,1.0,,,,,,,,,,,,,,,,False
2021-02-07,RS01SLBS-MJ01A-12-VEL3DB101,2,False,,,0,0,,1.0,,,,,,,,,,,,,,,,False
2021-02-08,RS01SLBS-MJ01A-12-VEL3DB101,2,False,,,0,0,,1.0,,,,,,,,,,,,,,,,False
2021-02-09,RS01SLBS-MJ01A-12-VEL3DB101,2,False,,,0,0,,1.0,,,,,,,,,,,,,,,,False
2021-02-10,RS01SLBS-MJ01A-12-VEL3DB101,2,False,,,0,0,,1.0,,,,,,,,,,,,,,,,False
2021-02-11,RS01SLBS-MJ01A-12-VEL3DB101,2,False,,,0,0,,1.0,,,,,,,,,,,,,,,,False
2021-02-12,RS01SLBS-MJ01A-12-VEL3DB101,2,False,,,0,0,,1.0,,,,,,,,,,,,,,,,False
2021-02-13,RS01SLBS-MJ01A-12-VEL3DB101,2,False,,,0,0,,1.0,,,,,,,,,,,,,,,,False
2021-02-14,RS01SLBS-MJ01A-12-VEL3DB101,2,False,,,0,0,,1.0,,,,,,,,,,,,,,,,False
2021-02-15,RS01SLBS-MJ01A-12-VEL3DB101,2,False,,,0,0,,1.0,,,,,,,,,,,,,,,,False
2021-02-16,RS01SLBS-MJ01A-12-VEL3DB101,2,False,,,0,0,,1.0,,,,,,,,,,,,,,,,False
2021-02-17,RS01SLBS-MJ01A-12-VEL3DB101,2,False,,,0,0,,1.0,,,,,,,,,,,,,,,,False
2021-02-18,RS01SLBS-MJ01A-12-VEL3DB101,2,False,,,0,0,,1.0,,,,,,,,,,,,,,,,False
2021-02-19,RS01SLBS-MJ01A-12-VEL3DB101,2,False,,,0,0,,1.0,,,,,,,,,,,,,,,,False
2021-02-20,RS01SLBS-MJ01A-12-VEL3DB101,2,False,,,0,0,,1.0,,,,,,,,,,,,,,,,False
2021-02-21,RS01SLBS-MJ01A-12-VEL3DB101,2,False,,,0,0,,1.0,,,,,,,,,,,,,,,,False
2021-02-22,RS01SLBS-MJ01A-12-VEL3DB101,2,False,,,0,0,,1.0,,,,,,,,,,,,,,,,False
2021-02-23,RS01SLBS-MJ01A-12-VEL3DB101,2,False,,,0,0,,1.0,,,,,,,,,,,,,,,,False
2021-02-24,RS01SLBS-MJ01A-12-VEL3DB101,2,False,,,0,0,,1.0,,,,,,,,,,,,,,,,False
2021-02-25,RS01SLBS-MJ01A-12-VEL3DB101,2,False,,,0,0,,1.0,,,,,,,,,,,,,,,,False
2021-02-26,RS01SLBS-MJ01A-12-VEL3DB101,2,False,,,0,0,,1.0,,,,,,,,,,,,,,,,False
2021-02-27,RS01SLBS-MJ01A-12-VEL3DB101,2,False,,,0,0,,1.0,,,,,,,,,,,,,,,,False
2021-02-28,RS01SLBS-MJ01A-12-VEL3DB101,2,False,,,0,0,,1.0,,,,,,,,,,,,,,,,False
2021-03-01,RS01SLBS-MJ01A-12-VEL3DB101,2,False,,,0,0,,1.0,,,,,,,,,,,,,,,,False
2021-03-02,RS01SLBS-MJ01A-12-VEL3DB101,2,False,,,0,0,,1.0,,,,,,,,,,,,,,,,False
2021-03-03,RS01SLBS-MJ01A-12-VEL3DB101,2,False,,,0,0,,1.0,,,,,,,,,,,,,,,,False
2021-03-04,RS01SLBS-MJ01A-12-VEL3DB101,2,False,,,0,0,,1.0,,,,,,,,,,,,,,,,False
2021-03-05,RS01SLBS-MJ01A-12-VEL3DB101,2,False,,,0,0,,1.0,,,,,,,,,,,,,,,,False
2021-03-06,RS01SLBS-MJ01A-12-VEL3DB101,2,False,,,0,0,,1.0,,,,,,,,,,,,,,,,False
2021-03-07,RS01SLBS-MJ01A-12-VEL3DB101,2,False,,,0,0,,1.0,,,,,,,,,,,,,,,,False
2021-03-08,RS01SLBS-MJ01A-12-VEL3DB101,2,False,,,0,0,,1.0,,,,,,,,,,,,,,,,False
2021-03-09,RS01SLBS-MJ01A-12-VEL3DB101,2,False,,,0,0,,1.0,,,,,,,,,,,,,,,,False
2021-03-10,RS01SLBS-MJ01A-12-VEL3DB101,2,False,,,0,0,,1.0,,,,,,,,,,,,,,,,False
2021-03-11,RS01SLBS-MJ01A-12-VEL3DB101,2,False,,,0,0,,1.0,,,,,,,,,,,,,,,,False
2021-03-12,RS01SLBS-MJ01A-12-VEL3DB101,2,False,,,0,0,,1.0,,,,,,,,,,,,,,,,False
2021-03-13,RS01SLBS-MJ01A-12-VEL3DB101,2,False,,,0,0,,1.0,,,,,,,,,,,,,,,,False
2021-03-14,RS01SLBS-MJ01A-12-VEL3DB101,2,False,,,0,0,,1.0,,,,,,,,,,,,,,,,False
2021-03-15,RS01SLBS-MJ01A-12-VEL3DB101,2,False,,,0,0,,1.0,,,,,,,,,,,,,,,,False
2021-03-16,RS01SLBS-MJ01A-12-VEL3DB101,2,False,,,0,0,,1.0,,,,,,,,,,,,,,,,False
2021-03-17,RS01SLBS-MJ01A-12-VEL3DB101,2,False,,,0,0,,1.0,,,,,,,,,,,,,,,,False
2021-03-18,RS01SLBS-MJ01A-12-VEL3DB101,2,False,,,0,0,,1.0,,,,,,,,,,,,,,,,False
2021-03-19,RS01SLBS-MJ01A-12-VEL3DB101,2,False,,,0,0,,1.0,,,,,,,,,,,,,,,,False
2021-03-20,RS01SLBS-MJ01A-12-VEL3DB101,2,False,,,0,0,,1.0,,,,,,,,,,,,,,,,False
2021-03-21,RS01SLBS-MJ01A-12-VEL3DB101,2,False,,,0,0,,1.0,,,,,,,,,,,,,,,,False
2021-03-22,RS01SLBS-MJ01A-12-VEL3DB101,2,False,,,0,0,,1.0,,,,,,,,,,,,,,,,False
2021-03-23,RS01SLBS-MJ01A-12-VEL3DB101,2,False,,,0,0,,1.0,,,,,,,,,,,,,,,,False
2021-03-24,RS01SLBS-MJ01A-12-VEL3DB101,2,False,,,0,0,,1.0,,,,,,,,,,,,,,,,False
2021-03-25,RS01SLBS-MJ01A-12-VEL3DB101,2,False,,,0,0,,1.0,,,,,,,,,,,,,,,,False
2021-03-26,RS01SLBS-MJ01A-12-VEL3DB101,2,False,,,0,0,,1.0,,,,,,,,,,,,,,,,False
2021-03-27,RS01SLBS-MJ01A-12-VEL3DB101,2,False,,,0,0,,1.0,,,,,,,,,,,,,,,,False
2021-03-28,RS01SLBS-MJ01A-12-VEL3DB101,2,False,,,0,0,,1.0,,,,,,,,,,,,,,,,False
2021-03-29,RS01SLBS-MJ01A-12-VEL3DB101,2,False,,,0,0,,1.0,,,,,,,,,,,,,,,,False
2021-03-30,RS01SLBS-MJ01A-12-VEL3DB101,2,False,,,0,0,,1.0,,,,,,,,,,,,,,,,False
2021-03-31,RS01SLBS-MJ01A-12-VEL3DB101,2,False,,,0,0,,1.0,,,,,,,,,,,,,,,,False
2021-04-01,RS01SLBS-MJ01A-12-VEL3DB101,2,False,,,0,0,,1.0,,,,,,,,,,,,,,,,False
2021-04-02,RS01SLBS-MJ01A-12-VEL3DB101,2,False,,,0,0,,1.0,,,,,,,,,,,,,,,,False
2021-04-03,RS01SLBS-MJ01A-12-VEL3DB101,2,False,,,0,0,,1.0,,,,,,,,,,,,,,,,False
2021-04-04,RS01SLBS-MJ01A-12-VEL3DB101,2,False,,,0,0,,1.0,,,,,,,,,,,,,,,,False
2021-04-05,RS01SLBS-MJ01A-12-VEL3DB101,2,False,,,0,0,,1.0,,,,,,,,,,,,,,,,False
2021-04-06,RS01SLBS-MJ01A-12-VEL3DB101,2,False,,,0,0,,1.0,,,,,,,,,,,,,,,,False
2021-04-07,RS01SLBS-MJ01A-12-VEL3DB101,2,False,,,0,0,,1.0,,,,,,,,,,,,,,,,False
2021-04-08,RS01SLBS-MJ01A-12-VEL3DB101,2,False,,,0,0,,1.0,,,,,,,,,,,,,,,,False
2021-04-09,RS01SLBS-MJ01A-12-VEL3DB101,2,False,,,0,0,,1.0,,,,,,,,,,,,,,,,False
2021-04-10,RS01SLBS-MJ01A-12-VEL3DB101,2,False,,,0,0,,1.0,,,,,,,,,,,,,,,,False
2021-04-11,RS01SLBS-MJ01A-12-VEL3DB101,2,False,,,0,0,,1.0,,,,,,,,,,,,,,,,False
2021-04-12,RS01SLBS-MJ01A-12-VEL3DB101,2,False,,,0,0,,1.0,,,,,,,,,,,,,,,,False
2021-04-13,RS01SLBS-MJ01A-12-VEL3DB101,2,False,,,0,0,,1.0,,,,,,,,,,,,,,,,False
2021-04-14,RS01SLBS-MJ01A-12-VEL3DB101,2,False,,,0,0,,1.0,,,,,,,,,,,,,,,,False
2021-04-15,RS01SLBS-MJ01A-12-VEL3DB101,2,False,,,0,0,,1.0,,,,,,,,,,,,,,,,False
2021-04-16,RS01SLBS-MJ01A-12-VEL3DB101,2,False,,,0,0,,1.0,,,,,,,,,,,,,,,,False
2021-04-17,RS01SLBS-MJ01A-12-VEL3DB101,2,False,,,0,0,,1.0,,,,,,,,,,,,,,,,False
2021-04-18,RS01SLBS-MJ01A-12-VEL3DB101,2,False,,,0,0,,1.0,,,,,,,,,,,,,,,,False
2021-04-19,RS01SLBS-MJ01A-12-VEL3DB101,2,False,,,0,0,,1.0,,,,,,,,,,,,,,,,False
2021-04-20,RS01SLBS-MJ01A-12-VEL3DB101,2,False,,,0,0,,1.0,,,,,,,,,,,,,,,,False
2021-04-21,RS01SLBS-MJ01A-12-VEL3DB101,2,False,,,0,0,,1.0,,,,,,,,,,,,,,,,False
2021-04-22,RS01SLBS-MJ01A-12-VEL3DB101,2,False,,,0,0,,1.0,,,,,,,,,,,,,,,,False
2021-04-23,RS01SLBS-MJ01A-12-VEL3DB101,2,False,,,0,0,,1.0,,,,,,,,,,,,,,,,False
2021-04-24,RS01SLBS-MJ01A-12-VEL3DB101,2,False,,,0,0,,1.0,,,,,,,,,,,,,,,,False
2021-04-25,RS01SLBS-MJ01A-12-VEL3DB101,2,False,,,0,0,,1.0,,,,,,,,,,,,,,,,False
2021-04-26,RS01SLBS-MJ01A-12-VEL3DB101,2,False,,,0,0,,1.0,,,,,,,,,,,,,,,,False
2021-04-27,RS01SLBS-MJ01A-12-VEL3DB101,2,False,,,0,0,,1.0,,,,,,,,,,,,,,,,False
2021-04-28,RS01SLBS-MJ01A-12-VEL3DB101,2,False,,,0,0,,1.0,,,,,,,,,,,,,,,,False
2021-04-29,RS01SLBS-MJ01A-12-VEL3DB101,2,False,,,0,0,,1.0,,,,,,,,,,,,,,,,False
2021-04-30,RS01SLBS-MJ01A-12-VEL3DB101,2,False,,,0,0,,1.0,,,,,,,,,,,,,,,,False
2021-05-01,RS01SLBS-MJ01A-12-VEL3DB101,2,False,,,0,0,,1.0,,,,,,,,,,,,,,,,False
2021-05-02,RS01SLBS-MJ01A-12-VEL3DB101,2,False,,,0,0,,1.0,,,,,,,,,,,,,,,,False
2021-05-03,RS01SLBS-MJ01A-12-VEL3DB101,2,False,,,0,0,,1.0,,,,,,,,,,,,,,,,False
2021-05-04,RS01SLBS-MJ01A-12-VEL3DB101,2,False,,,0,0,,1.0,,,,,,,,,,,,,,,,False
2021-05-05,RS01SLBS-MJ01A-12-VEL3DB101,2,False,,,0,0,,1.0,,,,,,,,,,,,,,,,False
2021-05-06,RS01SLBS-MJ01A-12-VEL3DB101,2,False,,,0,0,,1.0,,,,,,,,,,,,,,,,False
2021-05-07,RS01SLBS-MJ01A-12-VEL3DB101,2,False,,,0,0,,1.0,,,,,,,,,,,,,,,,False
2021-05-08,RS01SLBS-MJ01A-12-VEL3DB101,2,False,,,0,0,,1.0,,,,,,,,,,,,,,,,False
2021-05-09,RS01SLBS-MJ01A-12-VEL3DB101,2,False,,,0,0,,1.0,,,,,,,,,,,,,,,,False
2021-05-10,RS01SLBS-MJ01A-12-VEL3DB101,2,False,,,0,0,,1.0,,,,,,,,,,,,,,,,False
2021-05-11,RS01SLBS-MJ01A-12-VEL3DB101,2,False,,,0,0,,1.0,,,,,,,,,,,,,,,,False
2021-05-12,RS01SLBS-MJ01A-12-VEL3DB101,2,False,,,0,0,,1.0,,,,,,,,,,,,,,,,False
2021-05-13,RS01SLBS-MJ01A-12-VEL3DB101,2,False,,,0,0,,1.0,,,,,,,,,,,,,,,,False
2021-05-14,RS01SLBS-MJ01A-12-VEL3DB101,2,False,,,0,0,,1.0,,,,,,,,,,,,,,,,False
2021-05-15,RS01SLBS-MJ01A-12-VEL3DB101,2,False,,,0,0,,1.0,,,,,,,,,,,,,,,,False
2021-05-16,RS01SLBS-MJ01A-12-VEL3DB101,2,False,,,0,0,,1.0,,,,,,,,,,,,,,,,False
2021-05-17,RS01SLBS-MJ01A-12-VEL3DB101,2,False,,,0,0,,1.0,,,,,,,,,,,,,,,,False
2021-05-18,RS01SLBS-MJ01A-12-VEL3DB101,2,False,,,0,0,,1.0,,,,,,,,,,,,,,,,False
2021-05-19,RS01SLBS-MJ01A-12-VEL3DB101,2,False,,,0,0,,1.0,,,,,,,,,,,,,,,,False
2021-05-20,RS01SLBS-MJ01A-12-VEL3DB101,2,False,,,0,0,,1.0,,,,,,,,,,,,,,,,False
2021-05-21,RS01SLBS-MJ01A-12-VEL3DB101,2,False,,,0,0,,1.0,,,,,,,,,,,,,,,,False
2021-05-22,RS01SLBS-MJ01A-12-VEL3DB101,2,False,,,0,0,,1.0,,,,,,,,,,,,,,,,False
2021-05-23,RS01SLBS-MJ01A-12-VEL3DB101,2,False,,,0,0,,1.0,,,,,,,,,,,,,,,,False
2021-05-24,RS01SLBS-MJ01A-12-VEL3DB101,2,False,,,0,0,,1.0,,,,,,,,,,,,,,,,False
2021-05-25,RS01SLBS-MJ01A-12-VEL3DB101,2,False,,,0,0,,1.0,,,,,,,,,,,,,,,,False
2021-05-26,RS01SLBS-MJ01A-12-VEL3DB101,2,False,,,0,0,,1.0,,,,,,,,,,,,,,,,False
2021-05-27,RS01SLBS-MJ01A-12-VEL3DB101,2,False,,,0,0,,1.0,,,,,,,,,,,,,,,,False
2021-05-28,RS01SLBS-MJ01A-12-VEL3DB101,2,False,,,0,0,,1.0,,,,,,,,,,,,,,,,False
2021-05-29,RS01SLBS-MJ01A-12-VEL3DB101,2,False,,,0,0,,1.0,,,,,,,,,,,,,,,,False
2021-05-30,RS01SLBS-MJ01A-12-VEL3DB101,2,False,,,0,0,,1.0,,,,,,,,,,,,,,,,False
2021-05-31,RS01SLBS-MJ01A-12-VEL3DB101,2,False,,,0,0,,1.0,,,,,,,,,,,,,,,,False
2021-06-01,RS01SLBS-MJ01A-12-VEL3DB101,2,False,,,0,0,,1.0,,,,,,,,,,,,,,,,False
2021-06-02,RS01SLBS-MJ01A-12-VEL3DB101,2,False,,,0,0,,1.0,,,,,,,,,,,,,,,,False
2021-06-03,RS01SLBS-MJ01A-12-VEL3DB101,2,False,,,0,0,,1.0,,,,,,,,,,,,,,,,False
2021-06-04,RS01SLBS-MJ01A-12-VEL3DB101,2,False,,,0,0,,1.0,,,,,,,,,,,,,,,,False
2021-06-05,RS01SLBS-MJ01A-12-VEL3DB101,2,False,,,0,0,,1.0,,,,,,,,,,,,,,,,False
2021-06-06,RS01SLBS-MJ01A-12-VEL3DB101,2,False,,,0,0,,1.0,,,,,,,,,,,,,,,,False
2021-06-07,RS01SLBS-MJ01A-12-VEL3DB101,2,False,,,0,0,,1.0,,,,,,,,,,,,,,,,False
2021-06-08,RS01SLBS-MJ01A-12-VEL3DB101,2,False,,,0,0,,1.0,,,,,,,,,,,,,,,,False
2021-06-09,RS01SLBS-MJ01A-12-VEL3DB101,2,False,,,0,0,,1.0,,,,,,,,,,,,,,,,False
2021-06-10,RS01SLBS-MJ01A-12-VEL3DB101,2,False,,,0,0,,1.0,,,,,,,,,,,,,,,,False
2021-06-11,RS01SLBS-MJ01A-12-VEL3DB101,2,False,,,0,0,,1.0,,,,,,,,,,,,,,,,False
2021-06-12,RS01SLBS-MJ01A-12-VEL3DB101,2,False,,,0,0,,1.0,,,,,,,,,,,,,,,,False
2021-06-13,RS01SLBS-MJ01A-12-VEL3DB101,2,False,,,0,0,,1.0,,,,,,,,,,,,,,,,False
2021-06-14,RS01SLBS-MJ01A-12-VEL3DB101,2,False,,,0,0,,1.0,,,,,,,,,,,,,,,,False
2021-06-15,RS01SLBS-MJ01A-12-VEL3DB101,2,False,,,0,0,,1.0,,,,,,,,,,,,,,,,False
2021-06-16,RS01SLBS-MJ01A-12-VEL3DB101,2,False,,,0,0,,1.0,,,,,,,,,,,,,,,,False
2021-06-17,RS01SLBS-MJ01A-12-VEL3DB101,2,False,,,0,0,,1.0,,,,,,,,,,,,,,,,False
2021-06-18,RS01SLBS-MJ01A-12-VEL3DB101,2,False,,,0,0,,1.0,,,,,,,,,,,,,,,,False
2021-06-19,RS01SLBS-MJ01A-12-VEL3DB101,2,False,,,0,0,,1.0,,,,,,,,,,,,,,,,False
2021-06-20,RS01SLBS-MJ01A-12-VEL3DB101,2,False,,,0,0,,1.0,,,,,,,,,,,,,,,,False
2021-06-21,RS01SLBS-MJ01A-12-VEL3DB101,2,False,,,0,0,,1.0,,,,,,,,,,,,,,,,False
2021-06-22,RS01SLBS-MJ01A-12-VEL3DB101,2,False,,,0,0,,1.0,,,,,,,,,,,,,,,,False
2021-06-23,RS01SLBS-MJ01A-12-VEL3DB101,2,False,,,0,0,,1.0,,,,,,,,,,,,,,,,False
2021-06-24,RS01SLBS-MJ01A-12-VEL3DB101,2,False,,,0,0,,1.0,,,,,,,,,,,,,,,,False
2021-06-25,RS01SLBS-MJ01A-12-VEL3DB101,2,False,,,0,0,,1.0,,,,,,,,,,,,,,,,False
2021-06-26,RS01SLBS-MJ01A-12-VEL3DB101,2,False,,,0,0,,1.0,,,,,,,,,,,,,,,,False
2021-06-27,RS01SLBS-MJ01A-12-VEL3DB101,2,False,,,0,0,,1.0,,,,,,,,,,,,,,,,False
2021-06-28,RS01SLBS-MJ01A-12-VEL3DB101,2,False,,,0,0,,1.0,,,,,,,,,,,,,,,,False
2021-06-29,RS01SLBS-MJ01A-12-VEL3DB101,2,False,,,0,0,,1.0,,,,,,,,,,,,,,,,False
2021-06-30,RS01SLBS-MJ01A-12-VEL3DB101,2,False,,,0,0,,1.0,,,,,,,,,,,,,,,,False
2021-07-01,RS01SLBS-MJ01A-12-VEL3DB101,2,False,,,0,0,,1.0,,,,,,,,,,,,,,,,False
2021-07-02,RS01SLBS-MJ01A-12-VEL3DB101,2,False,,,0,0,,1.0,,,,,,,,,,,,,,,,False
2021-07-03,RS01SLBS-MJ01A-12-VEL3DB101,2,False,,,0,0,,1.0,,,,,,,,,,,,,,,,False
2021-07-04,RS01SLBS-MJ01A-12-VEL3DB101,2,False,,,0,0,,1.0,,,,,,,,,,,,,,,,False
2021-07-05,RS01SLBS-MJ01A-12-VEL3DB101,2,False,,,0,0,,1.0,,,,,,,,,,,,,,,,False
2021-07-06,RS01SLBS-MJ01A-12-VEL3DB101,2,False,,,0,0,,1.0,,,,,,,,,,,,,,,,False
2021-07-07,RS01SLBS-MJ01A-12-VEL3DB101,2,False,,,0,0,,1.0,,,,,,,,,,,,,,,,False
2021-07-08,RS01SLBS-MJ01A-12-VEL3DB101,2,False,,,0,0,,1.0,,,,,,,,,,,,,,,,False
2021-07-09,RS01SLBS-MJ01A-12-VEL3DB101,2,False,,,0,0,,1.0,,,,,,,,,,,,,,,,False
2021-07-10,RS01SLBS-MJ01A-12-VEL3DB101,2,False,,,0,0,,1.0,,,,,,,,,,,,,,,,False
2021-07-11,RS01SLBS-MJ01A-12-VEL3DB101,2,False,,,0,0,,1.0,,,,,,,,,,,,,,,,False
2021-07-12,RS01SLBS-MJ01A-12-VEL3DB101,2,False,,,0,0,,1.0,,,,,,,,,,,,,,,,False
2021-07-13,RS01SLBS-MJ01A-12-VEL3DB101,2,False,,,0,0,,1.0,,,,,,,,,,,,,,,,False
2021-07-14,RS01SLBS-MJ01A-12-VEL3DB101,2,False,,,0,0,,1.0,,,,,,,,,,,,,,,,False
2021-07-15,RS01SLBS-MJ01A-12-VEL3DB101,2,False,,,0,0,,1.0,,,,,,,,,,,,,,,,False
2021-07-16,RS01SLBS-MJ01A-12-VEL3DB101,2,False,,,0,0,,1.0,,,,,,,,,,,,,,,,False
2021-07-17,RS01SLBS-MJ01A-12-VEL3DB101,2,False,,,0,0,,1.0,,,,,,,,,,,,,,,,False
2021-07-18,RS01SLBS-MJ01A-12-VEL3DB101,2,False,,,0,0,,1.0,,,,,,,,,,,,,,,,False
2021-07-19,RS01SLBS-MJ01A-12-VEL3DB101,2,False,,,0,0,,1.0,,,,,,,,,,,,,,,,False
2021-07-20,RS01SLBS-MJ01A-12-VEL3DB101,2,False,,,0,0,,1.0,,,,,,,,,,,,,,,,False
2021-07-21,RS01SLBS-MJ01A-12-VEL3DB101,2,False,,,0,0,,1.0,,,,,,,,,,,,,,,,False
2021-07-22,RS01SLBS-MJ01A-12-VEL3DB101,2,False,,,0,0,,1.0,,,,,,,,,,,,,,,,False
2021-07-23,RS01SLBS-MJ01A-12-VEL3DB101,2,False,,,0,0,,1.0,,,,,,,,,,,,,,,,False
2021-07-24,RS01SLBS-MJ01A-12-VEL3DB101,2,False,,,0,0,,1.0,,,,,,,,,,,,,,,,False
2021-07-25,RS01SLBS-MJ01A-12-VEL3DB101,2,False,,,0,0,,1.0,,,,,,,,,,,,,,,,False
2021-07-26,RS01SLBS-MJ01A-12-VEL3DB101,2,False,,,0,0,,1.0,,,,,,,,,,,,,,,,False
2021-07-27,RS01SLBS-MJ01A-12-VEL3DB101,2,False,,,0,0,,1.0,,,,,,,,,,,,,,,,False
2021-07-28,RS01SLBS-MJ01A-12-VEL3DB101,2,False,,,0,0,,1.0,,,,,,,,,,,,,,,,False
2021-07-29,RS01SLBS-MJ01A-12-VEL3DB101,2,False,,,0,0,,1.0,,,,,,,,,,,,,,,,False
2021-07-30,RS01SLBS-MJ01A-12-VEL3DB101,2,False,,,0,0,,1.0,,,,,,,,,,,,,,,,False
2021-07-31,RS01SLBS-MJ01A-12-VEL3DB101,2,False,,,0,0,,1.0,,,,,,,,,,,,,,,,False
2021-08-01,RS01SLBS-MJ01A-12-VEL3DB101,2,False,,,0,0,,1.0,,,,,,,,,,,,,,,,False
2021-08-02,RS01SLBS-MJ01A-12-VEL3DB101,2,False,,,0,0,,1.0,,,,,,,,,,,,,,,,False
2021-08-03,RS01SLBS-MJ01A-12-VEL3DB101,2,False,,,0,0,,1.0,,,,,,,,,,,,,,,,False
2021-08-04,RS01SLBS-MJ01A-12-VEL3DB101,2,False,,,0,0,,1.0,,,,,,,,,,,,,,,,False
2021-08-05,RS01SLBS-MJ01A-12-VEL3DB101,2,False,,,0,0,,1.0,,,,,,,,,,,,,,,,False
2021-08-06,RS01SLBS-MJ01A-12-VEL3DB101,2,False,,,0,0,,1.0,,,,,,,,,,,,,,,,False
2021-08-07,RS01SLBS-MJ01A-12-VEL3DB101,2,False,,,0,0,,1.0,,,,,,,,,,,,,,,,False
2021-08-08,RS01SLBS-MJ01A-12-VEL3DB101,2,False,,,0,0,,1.0,,,,,,,,,,,,,,,,False
2021-08-09,RS01SLBS-MJ01A-12-VEL3DB101,2,False,,,0,0,,1.0,,,,,,,,,,,,,,,,False
2021-08-10,RS01SLBS-MJ01A-12-VEL3DB101,2,False,,,0,0,,1.0,,,,,,,,,,,,,,,,False
2021-08-11,RS01SLBS-MJ01A-12-VEL3DB101,2,False,,,0,0,,1.0,,,,,,,,,,,,,,,,False
2021-08-12,RS01SLBS-MJ01A-12-VEL3DB101,2,False,,,0,0,,1.0,,,,,,,,,,,,,,,,False
2021-08-13,RS01SLBS-MJ01A-12-VEL3DB101,2,False,,,0,0,,1.0,,,,,,,,,,,,,,,,False
2021-08-14,RS01SLBS-MJ01A-12-VEL3DB101,2,False,,,0,0,,1.0,,,,,,,,,,,,,,,,False
2021-08-15,RS01SLBS-MJ01A-12-VEL3DB101,2,False,,,0,0,,1.0,,,,,,,,,,,,,,,,False
2021-08-16,RS01SLBS-MJ01A-12-VEL3DB101,2,False,,,0,0,,1.0,,,,,,,,,,,,,,,,False
2021-08-17,RS01SLBS-MJ01A-12-VEL3DB101,2,False,,,0,0,,1.0,,,,,,,,,,,,,,,,False
2021-08-18,RS01SLBS-MJ01A-12-VEL3DB101,2,False,,,0,0,,1.0,,,,,,,,,,,,,,,,False
2021-08-19,RS01SLBS-MJ01A-12-VEL3DB101,2,False,,,0,0,,1.0,,,,,,,,,,,,,,,,False
2021-08-20,RS01SLBS-MJ01A-12-VEL3DB101,2,False,,,0,0,,1.0,,,,,,,,,,,,,,,,False
2021-08-21,RS01SLBS-MJ01A-12-VEL3DB101,2,False,,,0,0,,1.0,,,,,,,,,,,,,,,,False
2021-08-22,RS01SLBS-MJ01A-12-VEL3DB101,2,False,,,0,0,,1.0,,,,,,,,,,,,,,,,False
2021-08-23,RS01SLBS-MJ01A-12-VEL3DB101,2,False,,,0,0,,1.0,,,,,,,,,,,,,,,,False
2021-08-24,RS01SLBS-MJ01A-12-VEL3DB101,2,True,2021-08-24T20:21:40Z,2021-08-24T23:59:59Z,13062,13100,38,1.0,0.999741077,1.000061668,-0.000154647,1,38,1,38,-0.0,0.688803,1.957973,-2.162462e-11,0.0006887603,0.001957852,False,0.014034,True
2021-08-25,RS01SLBS-MJ01A-12-VEL3DB101,2,True,2021-08-25T00:00:00Z,2021-08-25T23:59:59Z,86394,86394,0,1.0,0.999766827,1.00006169,0.000426879,0,0,1,1,0.0,0.735195,10.446702,3.576451e-10,0.0007351494,0.01044606,False,0.011222,False
2021-08-26,RS01SLBS-MJ01A-12-VEL3DB101,2,True,2021-08-26T00:00:00Z,2021-08-26T23:59:59Z,86395,86395,0,1.0,0.999772072,1.000061661,-0.000752537,0,0,0,0,-0.0,2.113166,5.104531,-3.034966e-10,0.002113036,0.005104216,False,0.003187,False
2021-08-27,RS01SLBS-MJ01A-12-VEL3DB101,2,True,2021-08-27T00:00:00Z,2021-08-27T23:59:59Z,86395,86395,0,1.0,0.999772072,1.000061668,0.001907198,0,0,0,0,-0.0,1.112701,3.621,-3.125574e-10,0.001112632,0.003620777,False,0.003893,False
2021-08-28,RS01SLBS-MJ01A-12-VEL3DB101,2,True,2021-08-28T00:00:00Z,2021-08-28T23:59:59Z,86394,86394,0,1.0,0.999760151,1.000061729,-0.000596976,0,0,0,0,-0.0,1.1675,12.379695,-4.043023e-10,0.001167427,0.01237893,False,0.011518,False
2021-08-29,RS01SLBS-MJ01A-12-VEL3DB101,2,True,2021-08-29T00:00:00Z,2021-08-29T23:59:59Z,86395,86395,0,1.0,0.999788284,1.000061666,-0.002218049,0,0,1,1,0.0,1.992119,10.068859,4.071189e-10,0.001991996,0.01006824,False,0.011356,False
2021-08-30,RS01SLBS-MJ01A-12-VEL3DB101,2,True,2021-08-30T00:00:00Z,2021-08-30T23:59:59Z,86395,86395,0,1.0,0.99976635,1.000061696,-4.884e-05,0,0,1,1,0.0,0.816949,3.042935,3.823927e-10,0.0008168989,0.003042747,False,0.003111,False
2021-08-31,RS01SLBS-MJ01A-12-VEL3DB101,2,True,2021-08-31T00:00:00Z,2021-08-31T23:59:59Z,86394,86394,0,1.0,0.999756813,1.00006169,3.9335e-05,0,0,0,0,-0.0,1.395761,11.049604,-4.00161e-10,0.001395675,0.01104892,False,0.010854,False
2021-09-01,RS01SLBS-MJ01A-12-VEL3DB101,2,True,2021-09-01T00:00:00Z,2021-09-01T23:59:59Z,86395,86395,0,1.0,0.999798775,1.000061723,-0.002131418,0,0,2,2,0.0,2.754321,11.522876,3.817868e-10,0.002754151,0.01152216,False,0.013482,False
2021-09-02,RS01SLBS-MJ01A-12-VEL3DB101,2,True,2021-09-02T00:00:00Z,2021-09-02T23:59:59Z,86395,86395,0,1.0,0.999765873,1.00006175,-0.003663368,0,0,1,1,0.0,2.89021,10.756332,1.67347e-10,0.002890032,0.01075567,False,0.012656,False
2021-09-03,RS01SLBS-MJ01A-12-VEL3DB101,2,True,2021-09-03T00:00:00Z,2021-09-03T23:59:59Z,86394,86394,0,1.0,0.999747753,1.000061715,0.000842385,0,0,2,2,0.0,0.82958,7.741779,1.231519e-10,0.0008295289,0.007741301,False,0.007376,False
2021-09-04,RS01SLBS-MJ01A-12-VEL3DB101,2,True,2021-09-04T00:00:00Z,2021-09-04T23:59:59Z,86395,86395,0,1.0,0.999729156,1.000061688,-0.00166828,0,0,2,2,0.0,0.966414,4.121529,3.952495e-11,0.0009663544,0.004121274,False,0.00462,False
2021-09-05,RS01SLBS-MJ01A-12-VEL3DB101,2,True,2021-09-05T00:00:00Z,2021-09-05T23:59:59Z,86395,86395,0,1.0,0.999726295,1.000061677,0.000743726,0,0,0,0,-0.0,0.924774,10.844605,-3.159383e-10,0.0009247174,0.01084394,False,0.012551,False
2021-09-06,RS01SLBS-MJ01A-12-VEL3DB101,2,True,2021-09-06T00:00:00Z,2021-09-06T23:59:59Z,86394,86394,0,1.0,0.999742031,1.000061682,0.002130071,0,0,1,1,0.0,1.222468,10.942571,2.745784e-10,0.001222392,0.0109419,False,0.012503,False
2021-09-07,RS01SLBS-MJ01A-12-VEL3DB101,2,True,2021-09-07T00:00:00Z,2021-09-07T23:59:59Z,86395,86395,0,1.0,0.999725342,1.000061685,-0.000155006,0,0,0,0,-0.0,1.617373,11.817334,-3.034544e-10,0.001617274,0.01181661,False,0.011833,False
2021-09-08,RS01SLBS-MJ01A-12-VEL3DB101,2,True,2021-09-08T00:00:00Z,2021-09-08T23:59:59Z,86395,86395,0,1.0,0.999718189,1.000061697,-0.002532385,0,0,2,2,0.0,1.454905,12.095503,2.277263e-10,0.001454815,0.01209476,False,0.012846,False
2021-09-09,RS01SLBS-MJ01A-12-VEL3DB101,2,True,2021-09-09T00:00:00Z,2021-09-09T23:59:59Z,85702,86394,692,1.0,0.99973917,1.000061665,-0.001586642,3,692,3,693,1e-06,1.633825,11.226748,8.350122e-10,0.001633725,0.01122606,False,0.146269,True
2021-09-10,RS01SLBS-MJ01A-12-VEL3DB101,2,True,2021-09-10T00:00:00Z,2021-09-10T23:59:59Z,86395,86395,0,1.0,0.999741077,1.000061692,0.000504339,0,0,1,1,-1e-06,0.943042,10.117317,-5.947965e-10,0.0009429838,0.01011669,False,0.011207,False
2021-09-11,RS01SLBS-MJ01A-12-VEL3DB101,2,True,2021-09-11T00:00:00Z,2021-09-11T23:59:59Z,86395,86395,0,1.0,0.999770164,1.000061709,6.3687e-05,0,0,0,0,-0.0,1.237989,7.638541,-2.964927e-10,0.001237912,0.00763807,False,0.006152,False
2021-09-12,RS01SLBS-MJ01A-12-VEL3DB101,2,True,2021-09-12T00:00:00Z,2021-09-12T23:59:59Z,86394,86394,0,1.0,0.999755859,1.000061705,0.001346046,0,0,1,1,0.0,1.573811,9.764524,1.760699e-10,0.001573714,0.009763921,False,0.012575,False
2021-09-13,RS01SLBS-MJ01A-12-VEL3DB101,2,True,2021-09-13T00:00:00Z,2021-09-13T23:59:59Z,86395,86395,0,1.0,0.999756813,1.000061701,-0.002698832,0,0,0,0,-0.0,2.099442,11.371115,-2.871692e-10,0.002099313,0.01137041,False,0.012908,False
2021-09-14,RS01SLBS-MJ01A-12-VEL3DB101,2,True,2021-09-14T00:00:00Z,2021-09-14T23:59:59Z,86100,86395,295,1.0,0.999744892,1.000061711,-0.001512529,4,295,4,298,1e-06,0.854608,11.509588,6.372892e-10,0.000854555,0.01150888,False,0.095505,True
2021-09-15,RS01SLBS-MJ01A-12-VEL3DB101,2,True,2021-09-15T00:00:00Z,2021-09-15T23:59:59Z,86394,86394,0,1.0,0.999745846,1.000061691,9.5901e-05,0,0,1,1,-0.0,2.501229,14.231575,-8.809485e-11,0.002501074,0.0142307,False,0.014935,False
2021-09-16,RS01SLBS-MJ01A-12-VEL3DB101,2,True,2021-09-16T00:00:00Z,2021-09-16T23:59:59Z,86395,86395,0,1.0,0.999733925,1.000061712,-0.00045517,0,0,1,1,0.0,1.124037,12.062625,1.137423e-10,0.001123968,0.01206188,False,0.014341,False
2021-09-17,RS01SLBS-MJ01A-12-VEL3DB101,2,True,2021-09-17T00:00:00Z,2021-09-17T23:59:59Z,86395,86395,0,1.0,0.999731064,1.0000617,-0.000390709,0,0,0,0,-0.0,0.962145,11.965843,-3.229504e-10,0.0009620856,0.01196511,False,0.01183,False
2021-09-18,RS01SLBS-MJ01A-12-VEL3DB101,2,True,2021-09-18T00:00:00Z,2021-09-18T23:59:59Z,86394,86394,0,1.0,0.999761105,1.000061666,0.001440607,0,0,0,0,-0.0,2.261126,11.613102,-3.738667e-10,0.002260986,0.01161239,False,0.01305,False
2021-09-19,RS01SLBS-MJ01A-12-VEL3DB101,2,True,2021-09-19T00:00:00Z,2021-09-19T23:59:59Z,86395,86395,0,1.0,0.999751091,1.000061728,-0.002338378,0,0,0,0,-0.0,1.469889,12.205119,-3.452382e-10,0.001469798,0.01220437,False,0.012586,False
2021-09-20,RS01SLBS-MJ01A-12-VEL3DB101,2,True,2021-09-20T00:00:00Z,2021-09-20T23:59:59Z,86395,86395,0,1.0,0.999761581,1.000061702,-0.000274111,0,0,1,1,0.0,1.305962,9.195245,4.886585e-10,0.001305882,0.009194678,False,0.011946,False
2021-09-21,RS01SLBS-MJ01A-12-VEL3DB101,2,True,2021-09-21T00:00:00Z,2021-09-21T23:59:59Z,86394,86394,0,1.0,0.999760151,1.000061729,-0.002487804,0,0,0,0,-0.0,3.533286,14.211329,-3.98686e-10,0.003533068,0.01421045,False,0.013327,False
2021-09-22,RS01SLBS-MJ01A-12-VEL3DB101,2,True,2021-09-22T00:00:00Z,2021-09-22T23:59:59Z,86395,86395,0,1.0,0.999778271,1.000061681,0.000708225,0,0,1,1,1e-06,2.532205,12.169717,6.526033e-10,0.002532049,0.01216897,False,0.013089,False
2021-09-23,RS01SLBS-MJ01A-12-VEL3DB101,2,True,2021-09-23T00:00:00Z,2021-09-23T23:59:59Z,86243,86395,152,1.0,0.999744892,1.000061683,-0.000927485,3,152,3,152,1e-06,0.822824,2.762861,7.099483e-10,0.0008227728,0.00276269,False,0.042081,True
2021-09-24,RS01SLBS-MJ01A-12-VEL3DB101,2,True,2021-09-24T00:00:00Z,2021-09-24T23:59:59Z,86394,86394,0,1.0,0.999770164,1.000061654,0.002252709,0,0,2,2,0.0,1.82232,11.315353,4.905288e-11,0.001822208,0.01131466,False,0.012496,False
2021-09-25,RS01SLBS-MJ01A-12-VEL3DB101,2,True,2021-09-25T00:00:00Z,2021-09-25T23:59:59Z,86395,86395,0,1.0,0.999763966,1.000061732,-0.005082805,0,0,0,0,-0.0,2.51342,12.924956,-3.285669e-10,0.002513265,0.01292416,False,0.014454,False
2021-09-26,RS01SLBS-MJ01A-12-VEL3DB101,2,True,2021-09-26T00:00:00Z,2021-09-26T23:59:59Z,86395,86395,0,1.0,0.999752045,1.000061718,-0.001542911,0,0,0,0,-0.0,0.912536,2.967254,-3.263873e-10,0.0009124793,0.002967071,False,0.003195,False
2021-09-27,RS01SLBS-MJ01A-12-VEL3DB101,2,True,2021-09-27T00:00:00Z,2021-09-27T23:59:59Z,86394,86394,0,1.0,0.999759197,1.000061727,-0.000754323,0,0,1,1,0.0,2.012724,12.42409,1.679752e-10,0.0020126,0.01242332,False,0.013237,False
2021-09-28,RS01SLBS-MJ01A-12-VEL3DB101,2,True,2021-09-28T00:00:00Z,2021-09-28T23:59:59Z,86395,86395,0,1.0,0.999753952,1.000061646,-0.001989925,0,0,1,1,0.0,2.150066,12.965659,2.868914e-10,0.002149934,0.01296486,False,0.013191,False
2021-09-29,RS01SLBS-MJ01A-12-VEL3DB101,2,True,2021-09-29T00:00:00Z,2021-09-29T23:59:59Z,86395,86395,0,1.0,0.999763966,1.000061662,0.003389179,0,0,3,3,1e-06,1.373067,4.550645,6.128952e-10,0.001372983,0.004550364,False,0.003107,False
2021-09-30,RS01SLBS-MJ01A-12-VEL3DB101,2,True,2021-09-30T00:00:00Z,2021-09-30T23:59:59Z,86394,86394,0,1.0,0.99979496,1.000061691,0.000426032,0,0,1,1,-0.0,0.690665,10.61128,-3.264262e-10,0.0006906226,0.01061063,False,0.011941,False
2021-10-01,RS01SLBS-MJ01A-12-VEL3DB101,2,True,2021-10-01T00:00:00Z,2021-10-01T23:59:59Z,86395,86395,0,1.0,0.999763012,1.000061701,-6.533e-05,0,0,0,0,-0.0,0.695,2.388871,-3.050964e-10,0.0006949572,0.002388723,False,0.003228,False
2021-10-02,RS01SLBS-MJ01A-12-VEL3DB101,2,True,2021-10-02T00:00:00Z,2021-10-02T23:59:59Z,86395,86395,0,1.0,0.999752045,1.000061696,-0.00041242,0,0,0,0,-0.0,0.75951,2.399635,-3.491347e-10,0.0007594631,0.002399487,False,0.003257,False
2021-10-03,RS01SLBS-MJ01A-12-VEL3DB101,2,True,2021-10-03T00:00:00Z,2021-10-03T23:59:59Z,86394,86394,0,1.0,0.999754906,1.000061708,0.000498126,0,0,0,0,-0.0,1.490309,9.198365,-4.003624e-10,0.001490217,0.009197797,False,0.011569,False
2021-10-04,RS01SLBS-MJ01A-12-VEL3DB101,2,True,2021-10-04T00:00:00Z,2021-10-04T23:59:59Z,86395,86395,0,1.0,0.999770164,1.000061685,0.001526505,0,0,0,0,-0.0,2.863499,6.681101,-3.767692e-10,0.002863322,0.006680689,False,0.003308,False
2021-10-05,RS01SLBS-MJ01A-12-VEL3DB101,2,True,2021-10-05T00:00:00Z,2021-10-05T13:37:06Z,49024,49024,0,1.0,0.999772072,1.000061742,0.004898303,0,0,0,0,-0.0,2.44558,6.60789,-3.189098e-10,0.002445429,0.006607482,False,0.003258,False
2021-10-06,RS01SLBS-MJ01A-12-VEL3DB101,2,True,2021-10-06T20:16:46Z,2021-10-06T23:59:59Z,13350,13393,43,1.0,0.999773026,1.000062076,0.001621131,1,43,1,43,-0.0,2.537499,14.642388,-3.324339e-12,0.002537341,0.01464148,False,0.038189,True
2021-10-07,RS01SLBS-MJ01A-12-VEL3DB101,2,True,2021-10-07T00:00:00Z,2021-10-07T23:59:59Z,86395,86395,0,1.0,0.999733925,1.000061695,-5.4779e-05,0,0,2,2,-0.0,0.690998,2.5228,-8.82216e-11,0.0006909558,0.002522645,False,0.003238,False
2021-10-08,RS01SLBS-MJ01A-12-VEL3DB101,2,True,2021-10-08T00:00:00Z,2021-10-08T23:59:59Z,86395,86395,0,1.0,0.999718189,1.000061625,0.000305323,0,0,1,1,-1e-06,1.627099,4.29418,-6.541271e-10,0.001626999,0.004293916,False,0.003166,False
2021-10-09,RS01SLBS-MJ01A-12-VEL3DB101,2,True,2021-10-09T00:00:00Z,2021-10-09T23:59:59Z,86394,86394,0,1.0,0.99972868,1.000061645,0.001297774,0,0,2,2,-0.0,1.20187,10.382312,-1.401545e-10,0.001201796,0.01038167,False,0.011275,False
2021-10-10,RS01SLBS-MJ01A-12-VEL3DB101,2,True,2021-10-10T00:00:00Z,2021-10-10T23:59:59Z,86395,86395,0,1.0,0.99972105,1.000061653,0.000872521,0,0,0,0,-0.0,0.938717,3.028624,-3.476418e-10,0.0009386588,0.003028437,False,0.003034,False
2021-10-11,RS01SLBS-MJ01A-12-VEL3DB101,2,True,2021-10-11T00:00:00Z,2021-10-11T23:59:59Z,86395,86395,0,1.0,0.999717712,1.000061692,0.001413827,0,0,0,0,-0.0,1.1337,11.27836,-3.332061e-10,0.00113363,0.01127766,False,0.009688,False
2021-10-12,RS01SLBS-MJ01A-12-VEL3DB101,2,True,2021-10-12T00:00:00Z,2021-10-12T23:59:59Z,86394,86394,0,1.0,0.999744892,1.000061716,-0.001252609,0,0,0,0,-0.0,0.877587,10.41215,-4.014816e-10,0.0008775331,0.01041151,False,0.011968,False
2021-10-13,RS01SLBS-MJ01A-12-VEL3DB101,2,True,2021-10-13T00:00:00Z,2021-10-13T23:59:59Z,86395,86395,0,1.0,0.999760628,1.000061685,-0.000318239,0,0,0,0,-0.0,0.864062,2.737863,-3.295526e-10,0.0008640089,0.002737694,False,0.002982,False
2021-10-14,RS01SLBS-MJ01A-12-VEL3DB101,2,True,2021-10-14T00:00:00Z,2021-10-14T23:59:59Z,86395,86395,0,1.0,0.999770164,1.000061695,-0.000724298,0,0,0,0,-0.0,0.706778,2.3777,-3.551339e-10,0.0007067348,0.002377554,False,0.003122,False
2021-10-15,RS01SLBS-MJ01A-12-VEL3DB101,2,True,2021-10-15T00:00:00Z,2021-10-15T23:59:59Z,86394,86394,0,1.0,0.999765873,1.000061729,0.000375941,0,0,2,2,-0.0,1.078467,3.11387,-4.424082e-10,0.001078401,0.003113678,False,0.003139,False
2021-10-16,RS01SLBS-MJ01A-12-VEL3DB101,2,True,2021-10-16T00:00:00Z,2021-10-16T23:59:59Z,86395,86395,0,1.0,0.999760151,1.000061712,-0.001204274,0,0,0,0,-0.0,1.025339,3.096708,-3.294224e-10,0.001025276,0.003096517,False,0.003103,False
2021-10-17,RS01SLBS-MJ01A-12-VEL3DB101,2,True,2021-10-17T00:00:00Z,2021-10-17T23:59:59Z,86395,86395,0,1.0,0.999757767,1.000061688,0.000505261,0,0,0,0,-0.0,0.783402,4.129587,-3.397997e-10,0.0007833535,0.004129333,False,0.003011,False
2021-10-18,RS01SLBS-MJ01A-12-VEL3DB101,2,True,2021-10-18T00:00:00Z,2021-10-18T23:59:59Z,86394,86394,0,1.0,0.999743938,1.000061708,-0.002198796,0,0,0,0,-0.0,1.000514,10.375309,-3.951365e-10,0.001000452,0.01037467,False,0.011893,False
2021-10-19,RS01SLBS-MJ01A-12-VEL3DB101,2,True,2021-10-19T00:00:00Z,2021-10-19T23:59:59Z,86395,86395,0,1.0,0.999796867,1.000061683,-0.001219881,0,0,0,0,-0.0,0.709474,2.106278,-3.490633e-10,0.0007094307,0.002106148,False,0.003012,False
2021-10-20,RS01SLBS-MJ01A-12-VEL3DB101,2,True,2021-10-20T00:00:00Z,2021-10-20T23:59:59Z,86395,86395,0,1.0,0.999732971,1.000061701,0.000346274,0,0,0,0,-0.0,0.842304,2.806707,-3.126613e-10,0.0008422521,0.002806534,False,0.003258,False
2021-10-21,RS01SLBS-MJ01A-12-VEL3DB101,2,True,2021-10-21T00:00:00Z,2021-10-21T23:59:59Z,86394,86394,0,1.0,0.99974966,1.000061743,-0.0001942,0,0,0,0,-0.0,1.412351,4.52952,-4.255752e-10,0.001412264,0.00452924,False,0.002923,False
2021-10-22,RS01SLBS-MJ01A-12-VEL3DB101,2,True,2021-10-22T00:00:00Z,2021-10-22T23:59:59Z,86395,86395,0,1.0,0.999731064,1.000061745,-0.003567124,0,0,1,1,-0.0,1.692787,9.943621,-8.225373e-11,0.001692683,0.009943007,False,0.010496,False
2021-10-23,RS01SLBS-MJ01A-12-VEL3DB101,2,True,2021-10-23T00:00:00Z,2021-10-23T23:59:59Z,86395,86395,0,1.0,0.999723911,1.000061693,-0.000859597,0,0,0,0,-0.0,0.773468,2.991951,-3.541414e-10,0.0007734204,0.002991766,False,0.002955,False
2021-10-24,RS01SLBS-MJ01A-12-VEL3DB101,2,True,2021-10-24T00:00:00Z,2021-10-24T23:59:59Z,86394,86394,0,1.0,0.999714851,1.000061675,-0.000954634,0,0,0,0,-0.0,0.661963,2.228956,-4.371526e-10,0.0006619218,0.002228819,False,0.003199,False
2021-10-25,RS01SLBS-MJ01A-12-VEL3DB101,2,True,2021-10-25T00:00:00Z,2021-10-25T23:59:59Z,86395,86395,0,1.0,0.99973011,1.0000617,-0.000617816,0,0,0,0,-0.0,0.84268,7.345617,-3.456088e-10,0.0008426282,0.007345163,False,0.005549,False
2021-10-26,RS01SLBS-MJ01A-12-VEL3DB101,2,True,2021-10-26T00:00:00Z,2021-10-26T23:59:59Z,86395,86395,0,1.0,0.999722004,1.000061682,-1.312e-06,0,0,0,0,-0.0,0.750755,2.868368,-3.041366e-10,0.0007507091,0.002868191,False,0.003151,False
2021-10-27,RS01SLBS-MJ01A-12-VEL3DB101,2,True,2021-10-27T00:00:00Z,2021-10-27T23:59:59Z,86394,86394,0,1.0,0.999731064,1.000061724,-0.001751408,0,0,0,0,-0.0,0.707784,2.122543,-3.969063e-10,0.0007077402,0.002122412,False,0.003031,False
2021-10-28,RS01SLBS-MJ01A-12-VEL3DB101,2,True,2021-10-28T00:00:00Z,2021-10-28T23:59:59Z,86395,86395,0,1.0,0.999722004,1.000061669,0.000634511,0,0,0,0,-0.0,0.676276,2.058219,-3.486426e-10,0.0006762344,0.002058092,False,0.003051,False
2021-10-29,RS01SLBS-MJ01A-12-VEL3DB101,2,True,2021-10-29T00:00:00Z,2021-10-29T23:59:59Z,86395,86395,0,1.0,0.999720097,1.000061727,-0.000479053,0,0,0,0,-0.0,0.712704,10.604656,-3.123256e-10,0.0007126601,0.010604,False,0.012658,False
2021-10-30,RS01SLBS-MJ01A-12-VEL3DB101,2,True,2021-10-30T00:00:00Z,2021-10-30T23:59:59Z,86394,86394,0,1.0,0.999717236,1.000061772,-0.005598298,0,0,0,0,-0.0,3.016347,6.55649,-4.634401e-10,0.003016161,0.006556085,False,0.003117,False
2021-10-31,RS01SLBS-MJ01A-12-VEL3DB101,2,True,2021-10-31T00:00:00Z,2021-10-31T23:59:59Z,86395,86395,0,1.0,0.999733925,1.000061585,0.002477768,0,0,0,0,-0.0,1.307501,3.736809,-3.474951e-10,0.001307421,0.003736579,False,0.00303,False
2021-11-01,RS01SLBS-MJ01A-12-VEL3DB101,2,True,2021-11-01T00:00:00Z,2021-11-01T14:59:42Z,53980,53980,0,1.0,0.99974823,1.000061649,0.000415475,0,0,2,2,-0.0,1.10709,3.83276,-1.199143e-10,0.001107022,0.003832523,False,0.002997,False
2021-11-02,RS01SLBS-MJ01A-12-VEL3DB101,2,False,,,0,0,,1.0,,,,,,,,,,,,,,,,False
2021-11-03,RS01SLBS-MJ01A-12-VEL3DB101,2,False,,,0,0,,1.0,,,,,,,,,,,,,,,,False
2021-11-04,RS01SLBS-MJ01A-12-VEL3DB101,2,False,,,0,0,,1.0,,,,,,,,,,,,,,,,False
2021-11-05,RS01SLBS-MJ01A-12-VEL3DB101,2,False,,,0,0,,1.0,,,,,,,,,,,,,,,,False
2021-11-06,RS01SLBS-MJ01A-12-VEL3DB101,2,True,2021-11-06T00:15:06Z,2021-11-06T23:59:59Z,85489,85489,0,1.0,0.99974966,1.000061695,-0.010417656,0,0,2,2,-0.0,1.120402,12.082453,-4.537768e-10,0.001120333,0.01208171,False,0.015993,False
2021-11-07,RS01SLBS-MJ01A-12-VEL3DB101,2,True,2021-11-07T00:00:00Z,2021-11-07T23:59:59Z,86394,86394,0,1.0,0.999790192,1.000061711,-0.000334051,0,0,1,1,-0.0,0.861824,2.668012,-7.541921e-11,0.0008617711,0.002667847,False,0.003379,False
2021-11-08,RS01SLBS-MJ01A-12-VEL3DB101,2,True,2021-11-08T00:00:00Z,2021-11-08T23:59:59Z,86395,86395,0,1.0,0.999744415,1.000061691,-0.000113704,0,0,0,0,-0.0,1.015525,11.79954,-3.516902e-10,0.001015462,0.01179881,False,0.011527,False
2021-11-09,RS01SLBS-MJ01A-12-VEL3DB101,2,True,2021-11-09T00:00:00Z,2021-11-09T23:59:59Z,86395,86395,0,1.0,0.999732971,1.000061637,0.002419015,0,0,0,0,-0.0,1.883495,5.003115,-3.291143e-10,0.001883379,0.005002806,False,0.003407,False
2021-11-10,RS01SLBS-MJ01A-12-VEL3DB101,2,True,2021-11-10T00:00:00Z,2021-11-10T23:59:59Z,86395,86395,0,1.0,0.999765873,1.000061655,0.000974202,0,0,0,0,-0.0,2.903752,13.004044,-3.526531e-10,0.002903573,0.01300324,False,0.015813,False
2021-11-11,RS01SLBS-MJ01A-12-VEL3DB101,2,True,2021-11-11T00:00:00Z,2021-11-11T23:59:59Z,86394,86394,0,1.0,0.999715805,1.000061689,0.009683078,0,0,0,0,-0.0,2.446071,11.174277,-3.691065e-10,0.00244592,0.01117359,False,0.012975,False
2021-11-12,RS01SLBS-MJ01A-12-VEL3DB101,2,True,2021-11-12T00:00:00Z,2021-11-12T23:59:59Z,86395,86395,0,1.0,0.999701023,1.0000617,0.000549933,0,0,0,0,-0.0,0.760028,2.571483,-3.153926e-10,0.0007599806,0.002571324,False,0.003212,False
2021-11-13,RS01SLBS-MJ01A-12-VEL3DB101,2,True,2021-11-13T00:00:00Z,2021-11-13T23:59:59Z,86395,86395,0,1.0,0.99972105,1.000061673,0.00173702,0,0,0,0,-0.0,1.136648,10.263598,-3.028066e-10,0.001136578,0.01026297,False,0.008393,False
2021-11-14,RS01SLBS-MJ01A-12-VEL3DB101,2,True,2021-11-14T00:00:00Z,2021-11-14T23:59:59Z,86394,86394,0,1.0,0.999700069,1.000061702,1.174e-06,0,0,0,0,-0.0,1.29257,3.458794,-4.059387e-10,0.00129249,0.00345858,False,0.003188,False
2021-11-15,RS01SLBS-MJ01A-12-VEL3DB101,2,True,2021-11-15T00:00:00Z,2021-11-15T23:59:59Z,86395,86395,0,1.0,0.999722004,1.000061728,-0.004480346,0,0,2,2,0.0,2.218245,6.673653,3.889759e-10,0.002218108,0.006673241,False,0.003202,False
2021-11-16,RS01SLBS-MJ01A-12-VEL3DB101,2,True,2021-11-16T00:00:00Z,2021-11-16T23:59:59Z,86395,86395,0,1.0,0.999729633,1.000061652,0.000332589,0,0,2,2,-0.0,1.235603,3.734816,-1.632669e-10,0.001235526,0.003734586,False,0.003274,False
2021-11-17,RS01SLBS-MJ01A-12-VEL3DB101,2,True,2021-11-17T00:00:00Z,2021-11-17T23:59:59Z,86394,86394,0,1.0,0.999752045,1.000061739,0.001475895,0,0,1,1,0.0,2.65255,351.314573,4.234358e-10,0.002652386,0.3512929,False,0.352686,False
2021-11-18,RS01SLBS-MJ01A-12-VEL3DB101,2,True,2021-11-18T00:00:00Z,2021-11-18T23:59:59Z,86395,86395,0,1.0,0.999735832,1.000061729,-0.008064606,0,0,1,1,0.0,2.551364,9.050775,2.55564e-10,0.002551206,0.009050216,False,0.003289,False
2021-11-19,RS01SLBS-MJ01A-12-VEL3DB101,2,True,2021-11-19T00:00:00Z,2021-11-19T23:59:59Z,86395,86395,0,1.0,0.99970293,1.000061695,-0.000191015,0,0,0,0,-0.0,0.963476,3.617518,-3.263743e-10,0.0009634162,0.003617295,False,0.003189,False
2021-11-20,RS01SLBS-MJ01A-12-VEL3DB101,2,True,2021-11-20T00:00:00Z,2021-11-20T23:59:59Z,86394,86394,0,1.0,0.999715805,1.000061621,0.001619269,0,0,2,2,0.0,1.420259,3.692492,3.236538e-12,0.001420172,0.003692265,False,0.003358,False
2021-11-21,RS01SLBS-MJ01A-12-VEL3DB101,2,True,2021-11-21T00:00:00Z,2021-11-21T23:59:59Z,86395,86395,0,1.0,0.999715805,1.000061699,0.000178051,0,0,0,0,-0.0,1.49011,3.681461,-2.853306e-10,0.001490018,0.003681234,False,0.003221,False
2021-11-22,RS01SLBS-MJ01A-12-VEL3DB101,2,True,2021-11-22T00:00:00Z,2021-11-22T23:59:59Z,86395,86395,0,1.0,0.999724388,1.000061684,0.003124852,0,0,0,0,-0.0,1.289183,4.138146,-3.287606e-10,0.001289103,0.004137891,False,0.003251,False
2021-11-23,RS01SLBS-MJ01A-12-VEL3DB101,2,True,2021-11-23T00:00:00Z,2021-11-23T23:59:59Z,86394,86394,0,1.0,0.999717236,1.000061709,-0.001446221,0,0,0,0,-0.0,1.117767,3.655062,-4.762934e-10,0.001117698,0.003654836,False,0.003302,False
2021-11-24,RS01SLBS-MJ01A-12-VEL3DB101,2,True,2021-11-24T00:00:00Z,2021-11-24T23:59:59Z,86395,86395,0,1.0,0.99971962,1.00006164,0.002256178,0,0,1,1,0.0,0.91565,3.052822,1.370362e-10,0.0009155939,0.003052634,False,0.00325,False
2021-11-25,RS01SLBS-MJ01A-12-VEL3DB101,2,True,2021-11-25T00:00:00Z,2021-11-25T23:59:59Z,86395,86395,0,1.0,0.999717712,1.000061737,0.000867961,0,0,1,1,-0.0,1.316655,3.828333,-4.258998e-10,0.001316573,0.003828097,False,0.003236,False
2021-11-26,RS01SLBS-MJ01A-12-VEL3DB101,2,True,2021-11-26T00:00:00Z,2021-11-26T23:59:59Z,86394,86394,0,1.0,0.99972105,1.000061726,-0.001565715,0,0,1,1,1e-06,1.821046,10.954895,7.187839e-10,0.001820933,0.01095422,False,0.012641,False
2021-11-27,RS01SLBS-MJ01A-12-VEL3DB101,2,True,2021-11-27T00:00:00Z,2021-11-27T23:59:59Z,86395,86395,0,1.0,0.999722004,1.000061723,-0.001618007,0,0,0,0,-0.0,1.235524,3.603955,-3.734504e-10,0.001235448,0.003603732,False,0.003242,False
2021-11-28,RS01SLBS-MJ01A-12-VEL3DB101,2,True,2021-11-28T00:00:00Z,2021-11-28T23:59:59Z,86395,86395,0,1.0,0.999729156,1.000061714,-0.000731063,0,0,0,0,-0.0,0.908186,3.34431,-3.369961e-10,0.00090813,0.003344103,False,0.003276,False
2021-11-29,RS01SLBS-MJ01A-12-VEL3DB101,2,True,2021-11-29T00:00:00Z,2021-11-29T23:59:59Z,86394,86394,0,1.0,0.99973774,1.00006167,-0.001077817,0,0,3,3,-1e-06,1.243036,4.723768,-7.593466e-10,0.001242959,0.004723477,False,0.003083,False
2021-11-30,RS01SLBS-MJ01A-12-VEL3DB101,2,True,2021-11-30T00:00:00Z,2021-11-30T23:59:59Z,86395,86395,0,1.0,0.999719143,1.000061694,-0.001460579,0,0,0,0,-0.0,2.387975,5.230221,-3.503013e-10,0.002387828,0.005229899,False,0.003299,False
2021-12-01,RS01SLBS-MJ01A-12-VEL3DB101,2,True,2021-12-01T00:00:00Z,2021-12-01T23:59:59Z,86395,86395,0,1.0,0.999714613,1.000061736,-1.9525e-05,0,0,0,0,-0.0,1.834292,4.632218,-3.199423e-10,0.001834178,0.004631932,False,0.003282,False
2021-12-02,RS01SLBS-MJ01A-12-VEL3DB101,2,True,2021-12-02T00:00:00Z,2021-12-02T23:59:59Z,86394,86394,0,1.0,0.999723911,1.000061696,0.000578486,0,0,0,0,-0.0,1.033315,11.277008,-4.312167e-10,0.001033251,0.01127631,False,0.0113,False
2021-12-03,RS01SLBS-MJ01A-12-VEL3DB101,2,True,2021-12-03T00:00:00Z,2021-12-03T23:59:59Z,86395,86395,0,1.0,0.999733925,1.00006169,0.001154282,0,0,0,0,-0.0,0.856741,4.815701,-3.084732e-10,0.0008566877,0.004815404,False,0.004133,False
2021-12-04,RS01SLBS-MJ01A-12-VEL3DB101,2,True,2021-12-04T00:00:00Z,2021-12-04T23:59:59Z,86395,86395,0,1.0,0.999745846,1.000061689,0.002039703,0,0,0,0,-0.0,1.154139,3.422316,-3.032175e-10,0.001154068,0.003422105,False,0.003175,False
2021-12-05,RS01SLBS-MJ01A-12-VEL3DB101,2,True,2021-12-05T00:00:00Z,2021-12-05T23:59:59Z,86394,86394,0,1.0,0.999762058,1.000061682,0.000445922,0,0,4,4,0.0,0.928891,10.364999,2.013708e-10,0.0009288338,0.01036436,False,0.01143,False
2021-12-06,RS01SLBS-MJ01A-12-VEL3DB101,2,True,2021-12-06T00:00:00Z,2021-12-06T23:59:59Z,86395,86395,0,1.0,0.999749184,1.000061728,-0.00148394,0,0,1,1,0.0,1.283967,4.177369,2.203239e-10,0.001283888,0.004177111,False,0.003166,False
2021-12-07,RS01SLBS-MJ01A-12-VEL3DB101,2,True,2021-12-07T00:00:00Z,2021-12-07T23:59:59Z,86395,86395,0,1.0,0.999773026,1.000061675,0.001871609,0,0,1,1,-1e-06,2.286998,6.186765,-7.045389e-10,0.002286857,0.006186384,False,0.003304,False
2021-12-08,RS01SLBS-MJ01A-12-VEL3DB101,2,True,2021-12-08T00:00:00Z,2021-12-08T23:59:59Z,86394,86394,0,1.0,0.999735832,1.000061658,-0.002363038,0,0,0,0,-0.0,2.829517,7.569778,-4.186875e-10,0.002829343,0.007569312,False,0.003174,False
2021-12-09,RS01SLBS-MJ01A-12-VEL3DB101,2,True,2021-12-09T00:00:00Z,2021-12-09T23:59:59Z,86395,86395,0,1.0,0.999740124,1.000061658,0.001221859,0,0,1,1,-1e-06,1.747821,4.531065,-7.29575e-10,0.001747714,0.004530786,False,0.003199,False
2021-12-10,RS01SLBS-MJ01A-12-VEL3DB101,2,True,2021-12-10T00:00:00Z,2021-12-10T23:59:59Z,86395,86395,0,1.0,0.999718904,1.000061703,0.002952467,0,0,3,3,-1e-06,2.210924,5.386355,-5.248171e-10,0.002210788,0.005386023,False,0.003203,False
2021-12-11,RS01SLBS-MJ01A-12-VEL3DB101,2,True,2021-12-11T00:00:00Z,2021-12-11T23:59:59Z,86394,86394,0,1.0,0.999711037,1.000061701,-0.003185347,0,0,1,1,0.0,1.397987,4.878465,3.396764e-10,0.001397901,0.004878164,False,0.003363,False
2021-12-12,RS01SLBS-MJ01A-12-VEL3DB101,2,True,2021-12-12T00:00:00Z,2021-12-12T23:59:59Z,86395,86395,0,1.0,0.999720097,1.000061679,0.000235951,0,0,0,0,-0.0,2.528784,5.811527,-3.142019e-10,0.002528628,0.005811169,False,0.003331,False
2021-12-13,RS01SLBS-MJ01A-12-VEL3DB101,2,True,2021-12-13T00:00:00Z,2021-12-13T23:59:59Z,86395,86395,0,1.0,0.999733925,1.000061637,0.004327522,0,0,0,0,-0.0,2.301444,6.058496,-3.580373e-10,0.002301302,0.006058122,False,0.003286,False
2021-12-14,RS01SLBS-MJ01A-12-VEL3DB101,2,True,2021-12-14T00:00:00Z,2021-12-14T23:59:59Z,86394,86394,0,1.0,0.999720097,1.000061671,0.004075218,0,0,0,0,-0.0,1.539715,4.983996,-3.944037e-10,0.00153962,0.004983689,False,0.003219,False
2021-12-15,RS01SLBS-MJ01A-12-VEL3DB101,2,True,2021-12-15T00:00:00Z,2021-12-15T23:59:59Z,86395,86395,0,1.0,0.999734879,1.000061673,-0.000159183,0,0,0,0,-0.0,0.843305,3.050861,-3.132884e-10,0.0008432529,0.003050673,False,0.003591,False
2021-12-16,RS01SLBS-MJ01A-12-VEL3DB101,2,True,2021-12-16T00:00:00Z,2021-12-16T23:59:59Z,86395,86395,0,1.0,0.999727249,1.000061681,0.002830683,0,0,0,0,-0.0,2.488996,6.343291,-3.624204e-10,0.002488842,0.0063429,False,0.003156,False
2021-12-17,RS01SLBS-MJ01A-12-VEL3DB101,2,True,2021-12-17T00:00:00Z,2021-12-17T23:59:59Z,86394,86394,0,1.0,0.999728203,1.000061682,-0.001135307,0,0,1,1,0.0,0.893762,6.051121,1.990198e-10,0.0008937073,0.006050748,False,0.005634,False
2021-12-18,RS01SLBS-MJ01A-12-VEL3DB101,2,True,2021-12-18T00:00:00Z,2021-12-18T23:59:59Z,86395,86395,0,1.0,0.999726772,1.000061681,0.000877464,0,0,0,0,-0.0,0.888641,2.930867,-3.187389e-10,0.0008885866,0.002930686,False,0.003242,False
2021-12-19,RS01SLBS-MJ01A-12-VEL3DB101,2,True,2021-12-19T00:00:00Z,2021-12-19T23:59:59Z,86395,86395,0,1.0,0.999729156,1.000061644,0.000897767,0,0,0,0,-0.0,0.769621,2.884873,-3.013739e-10,0.0007695735,0.002884695,False,0.00326,False
2021-12-20,RS01SLBS-MJ01A-12-VEL3DB101,2,True,2021-12-20T00:00:00Z,2021-12-20T23:59:59Z,86133,86394,261,1.0,0.999729633,1.000061711,0.000572224,2,261,2,262,0.0,1.007273,2.943786,2.955965e-10,0.001007211,0.002943604,False,0.086031,True
2021-12-21,RS01SLBS-MJ01A-12-VEL3DB101,2,True,2021-12-21T00:00:00Z,2021-12-21T23:59:59Z,86395,86395,0,1.0,0.999709129,1.000061689,0.000396354,0,0,2,2,0.0,1.905411,11.481249,2.663512e-10,0.001905293,0.01148054,False,0.010033,False
2021-12-22,RS01SLBS-MJ01A-12-VEL3DB101,2,True,2021-12-22T00:00:00Z,2021-12-22T23:59:59Z,86395,86395,0,1.0,0.999711037,1.000061696,0.001225582,0,0,0,0,-0.0,1.268848,6.547114,-2.968457e-10,0.00126877,0.006546711,False,0.006784,False
2021-12-23,RS01SLBS-MJ01A-12-VEL3DB101,2,True,2021-12-23T00:00:00Z,2021-12-23T23:59:59Z,86394,86394,0,1.0,0.999729156,1.000061687,-0.000482099,0,0,0,0,-0.0,1.039296,3.003122,-4.350091e-10,0.001039232,0.003002937,False,0.003241,False
2021-12-24,RS01SLBS-MJ01A-12-VEL3DB101,2,True,2021-12-24T00:00:00Z,2021-12-24T23:59:59Z,86395,86395,0,1.0,0.999715328,1.000061683,-0.000450945,0,0,1,1,0.0,0.846257,2.509715,1.130913e-10,0.0008462046,0.002509561,False,0.003245,False
2021-12-25,RS01SLBS-MJ01A-12-VEL3DB101,2,True,2021-12-25T00:00:00Z,2021-12-25T23:59:59Z,86395,86395,0,1.0,0.999715328,1.000061704,-0.000247178,0,0,2,2,0.0,0.732779,2.859874,2.883107e-10,0.0007327336,0.002859697,False,0.00326,False
2021-12-26,RS01SLBS-MJ01A-12-VEL3DB101,2,True,2021-12-26T00:00:00Z,2021-12-26T23:59:59Z,86394,86394,0,1.0,0.999727249,1.000061711,-0.002160387,0,0,0,0,-0.0,1.276871,4.087804,-3.449219e-10,0.001276792,0.004087552,False,0.003236,False
2021-12-27,RS01SLBS-MJ01A-12-VEL3DB101,2,True,2021-12-27T00:00:00Z,2021-12-27T23:59:59Z,86395,86395,0,1.0,0.999743938,1.000061719,-0.000575048,0,0,0,0,-0.0,1.031627,3.29454,-3.14964e-10,0.001031563,0.003294337,False,0.003282,False
2021-12-28,RS01SLBS-MJ01A-12-VEL3DB101,2,True,2021-12-28T00:00:00Z,2021-12-28T23:59:59Z,86395,86395,0,1.0,0.999768257,1.000061709,-0.000224685,0,0,0,0,-0.0,1.483921,4.365196,-3.275995e-10,0.001483829,0.004364927,False,0.003062,False
2021-12-29,RS01SLBS-MJ01A-12-VEL3DB101,2,True,2021-12-29T00:00:00Z,2021-12-29T23:59:59Z,86394,86394,0,1.0,0.999765873,1.000061677,-0.00163783,0,0,1,1,-1e-06,1.122887,4.075977,-5.668131e-10,0.001122818,0.004075726,False,0.003177,False
2021-12-30,RS01SLBS-MJ01A-12-VEL3DB101,2,True,2021-12-30T00:00:00Z,2021-12-30T23:59:59Z,86395,86395,0,1.0,0.999768019,1.000061711,-0.000337851,0,0,0,0,-0.0,1.303802,3.681517,-3.137684e-10,0.001303722,0.003681289,False,0.00309,False
2021-12-31,RS01SLBS-MJ01A-12-VEL3DB101,2,True,2021-12-31T00:00:00Z,2021-12-31T23:59:59Z,86395,86395,0,1.0,0.999783993,1.000061701,1.8762e-05,0,0,0,0,-0.0,0.849391,2.668415,-3.425346e-10,0.0008493389,0.002668251,False,0.003199,False
2022-01-01,RS01SLBS-MJ01A-12-VEL3DB101,2,True,2022-01-01T00:00:00Z,2022-01-01T23:59:59Z,86394,86394,0,1.0,1.000457764,1.000061685,0.000785728,0,0,0,0,-0.0,0.989075,3.027125,-4.026639e-10,0.0009890144,0.003026939,False,0.003275,False
2022-01-02,RS01SLBS-MJ01A-12-VEL3DB101,2,True,2022-01-02T00:00:00Z,2022-01-02T23:59:59Z,86395,86395,0,1.0,0.999968529,1.00006169,-0.000610674,0,0,0,0,-0.0,1.172336,3.757221,-2.860718e-10,0.001172264,0.003756989,False,0.003023,False
2022-01-03,RS01SLBS-MJ01A-12-VEL3DB101,2,True,2022-01-03T00:00:00Z,2022-01-03T23:59:59Z,86155,86395,240,1.0,1.000477314,1.000061707,-0.000964662,1,240,1,240,1e-06,1.093652,3.315517,6.564342e-10,0.001093584,0.003315313,False,0.100285,True
2022-01-04,RS01SLBS-MJ01A-12-VEL3DB101,2,True,2022-01-04T00:00:00Z,2022-01-04T23:59:59Z,86394,86394,0,1.0,1.000114918,1.000061692,0.000421199,0,0,1,1,-0.0,1.301843,3.743617,-3.235428e-10,0.001301762,0.003743386,False,0.002774,False
2022-01-05,RS01SLBS-MJ01A-12-VEL3DB101,2,True,2022-01-05T00:00:00Z,2022-01-05T23:59:59Z,86395,86395,0,1.0,1.000141144,1.000061695,0.000515896,0,0,3,3,0.0,0.934387,3.204618,4.760568e-10,0.000934329,0.00320442,False,0.002859,False
2022-01-06,RS01SLBS-MJ01A-12-VEL3DB101,2,True,2022-01-06T00:00:00Z,2022-01-06T23:59:59Z,86395,86395,0,1.0,1.000455141,1.000061719,-0.001252065,0,0,0,0,-0.0,1.429066,3.948829,-3.006066e-10,0.001428978,0.003948585,False,0.003196,False
2022-01-07,RS01SLBS-MJ01A-12-VEL3DB101,2,True,2022-01-07T00:00:00Z,2022-01-07T23:59:59Z,86394,86394,0,1.0,1.000518322,1.000061746,-0.001542055,0,0,0,0,-0.0,1.039009,3.256764,-4.135488e-10,0.001038945,0.003256563,False,0.003275,False
2022-01-08,RS01SLBS-MJ01A-12-VEL3DB101,2,True,2022-01-08T00:00:00Z,2022-01-08T23:59:59Z,86395,86395,0,1.0,0.999947071,1.000061712,-0.003128124,0,0,0,0,-0.0,1.34114,4.34226,-2.930183e-10,0.001341058,0.004341992,False,0.002875,False
2022-01-09,RS01SLBS-MJ01A-12-VEL3DB101,2,True,2022-01-09T00:00:00Z,2022-01-09T23:59:59Z,86395,86395,0,1.0,1.000552654,1.000061719,-0.000443931,0,0,2,2,0.0,1.822117,5.269934,6.055739e-11,0.001822005,0.005269608,False,0.003472,False
2022-01-10,RS01SLBS-MJ01A-12-VEL3DB101,2,True,2022-01-10T00:00:00Z,2022-01-10T23:59:59Z,86394,86394,0,1.0,1.000540257,1.000061726,-0.001428518,0,0,1,1,0.0,1.038283,9.585613,2.831051e-10,0.001038219,0.009585021,False,0.011019,False
2022-01-11,RS01SLBS-MJ01A-12-VEL3DB101,2,True,2022-01-11T00:00:00Z,2022-01-11T23:59:59Z,86395,86395,0,1.0,1.000586987,1.000061696,-0.001002556,0,0,0,0,-0.0,1.456229,3.944882,-3.290658e-10,0.001456139,0.003944638,False,0.003353,False
2022-01-12,RS01SLBS-MJ01A-12-VEL3DB101,2,True,2022-01-12T00:00:00Z,2022-01-12T23:59:59Z,86395,86395,0,1.0,1.000504971,1.000061657,-0.001239306,0,0,0,0,-0.0,1.263315,4.06074,-2.895705e-10,0.001263237,0.004060489,False,0.003244,False
2022-01-13,RS01SLBS-MJ01A-12-VEL3DB101,2,True,2022-01-13T00:00:00Z,2022-01-13T23:59:59Z,86394,86394,0,1.0,1.000551701,1.000061672,-0.000113166,0,0,0,0,-0.0,1.170046,3.666563,-3.943497e-10,0.001169974,0.003666337,False,0.003265,False
2022-01-14,RS01SLBS-MJ01A-12-VEL3DB101,2,True,2022-01-14T00:00:00Z,2022-01-14T23:59:59Z,86395,86395,0,1.0,1.000102997,1.000061695,0.00109259,0,0,1,1,-0.0,0.718305,2.406364,-5.675743e-11,0.0007182608,0.002406215,False,0.002854,False
2022-01-15,RS01SLBS-MJ01A-12-VEL3DB101,2,True,2022-01-15T00:00:00Z,2022-01-15T23:59:59Z,86395,86395,0,1.0,1.000546932,1.000061723,-0.001381715,0,0,1,1,-0.0,1.049611,3.225619,-8.52312e-11,0.001049546,0.00322542,False,0.003193,False
2022-01-16,RS01SLBS-MJ01A-12-VEL3DB101,2,True,2022-01-16T00:00:00Z,2022-01-16T23:59:59Z,86394,86394,0,1.0,1.000535965,1.000061629,-0.000562328,0,0,2,2,-1e-06,3.565658,10.787413,-6.343303e-10,0.003565438,0.01078675,False,0.01713,False
2022-01-17,RS01SLBS-MJ01A-12-VEL3DB101,2,True,2022-01-17T00:00:00Z,2022-01-17T23:59:59Z,86395,86395,0,1.0,1.000386,1.000061697,0.005379058,0,0,2,2,1e-06,5.670457,11.386332,5.713279e-10,0.005670108,0.01138563,False,0.01567,False
2022-01-18,RS01SLBS-MJ01A-12-VEL3DB101,2,True,2022-01-18T00:00:00Z,2022-01-18T23:59:59Z,86395,86395,0,1.0,1.000598907,1.00006166,0.007789513,0,0,0,0,-0.0,5.008334,13.803773,-3.421541e-10,0.005008025,0.01380292,False,0.015786,False
2022-01-19,RS01SLBS-MJ01A-12-VEL3DB101,2,True,2022-01-19T00:00:00Z,2022-01-19T23:59:59Z,86394,86394,0,1.0,1.00060606,1.000061907,-0.004390622,0,0,0,0,-0.0,3.6126,16.721855,-3.977044e-10,0.003612377,0.01672082,False,0.014403,False
2022-01-20,RS01SLBS-MJ01A-12-VEL3DB101,2,True,2022-01-20T00:00:00Z,2022-01-20T23:59:59Z,86395,86395,0,1.0,1.000013828,1.000061612,0.000301967,0,0,2,2,1e-06,3.703365,13.011522,6.770381e-10,0.003703137,0.01301072,False,0.015084,False
2022-01-21,RS01SLBS-MJ01A-12-VEL3DB101,2,True,2022-01-21T00:00:00Z,2022-01-21T23:59:59Z,86395,86395,0,1.0,1.000146866,1.000061729,0.006911484,0,0,0,0,-0.0,2.694583,9.238026,-3.068821e-10,0.002694417,0.009237455,False,0.01698,False
2022-01-22,RS01SLBS-MJ01A-12-VEL3DB101,2,True,2022-01-22T00:00:00Z,2022-01-22T23:59:59Z,86394,86394,0,1.0,1.000604153,1.000061661,-0.001178315,0,0,1,1,-0.0,5.914385,12.113699,-1.263156e-10,0.005914021,0.01211295,False,0.016735,False
2022-01-23,RS01SLBS-MJ01A-12-VEL3DB101,2,True,2022-01-23T00:00:00Z,2022-01-23T23:59:59Z,86395,86395,0,1.0,1.000241041,1.000061633,-0.000277106,0,0,1,1,-0.0,3.646885,8.230364,-4.213164e-10,0.003646661,0.008229857,False,0.00295,False
2022-01-24,RS01SLBS-MJ01A-12-VEL3DB101,2,True,2022-01-24T00:00:00Z,2022-01-24T23:59:59Z,86395,86395,0,1.0,1.000058174,1.000061712,0.00125258,0,0,0,0,-0.0,2.411272,5.630501,-3.467034e-10,0.002411124,0.005630154,False,0.008268,False
2022-01-25,RS01SLBS-MJ01A-12-VEL3DB101,2,True,2022-01-25T00:00:00Z,2022-01-25T23:59:59Z,86394,86394,0,1.0,1.000487804,1.00006169,-6.1142e-05,0,0,3,3,1e-06,1.809867,4.873551,1.369168e-09,0.001809755,0.00487325,False,0.003226,False
2022-01-26,RS01SLBS-MJ01A-12-VEL3DB101,2,True,2022-01-26T00:00:00Z,2022-01-26T23:59:59Z,86395,86395,0,1.0,1.00054121,1.000061676,0.001480287,0,0,0,0,-0.0,0.75318,2.576206,-3.704377e-10,0.0007531334,0.002576048,False,0.003389,False
2022-01-27,RS01SLBS-MJ01A-12-VEL3DB101,2,True,2022-01-27T00:00:00Z,2022-01-27T23:59:59Z,86395,86395,0,1.0,1.00019002,1.000061702,-0.000438976,0,0,0,0,-0.0,0.901449,2.97831,-3.197417e-10,0.0009013938,0.002978126,False,0.00291,False
2022-01-28,RS01SLBS-MJ01A-12-VEL3DB101,2,True,2022-01-28T00:00:00Z,2022-01-28T23:59:59Z,86394,86394,0,1.0,0.999923229,1.000061701,0.001100666,0,0,0,0,-0.0,1.217764,4.593871,-4.239073e-10,0.001217689,0.004593588,False,0.002923,False
2022-01-29,RS01SLBS-MJ01A-12-VEL3DB101,2,True,2022-01-29T00:00:00Z,2022-01-29T23:59:59Z,86395,86395,0,1.0,0.999860287,1.000061745,-9.7589e-05,0,0,0,0,-0.0,1.199637,3.510033,-3.137246e-10,0.001199563,0.003509816,False,0.00295,False
2022-01-30,RS01SLBS-MJ01A-12-VEL3DB101,2,True,2022-01-30T00:00:00Z,2022-01-30T23:59:59Z,86395,86395,0,1.0,0.999974728,1.000061727,-0.001132092,0,0,0,0,-0.0,1.255601,3.469711,-3.1878e-10,0.001255523,0.003469497,False,0.002897,False
2022-01-31,RS01SLBS-MJ01A-12-VEL3DB101,2,True,2022-01-31T00:00:00Z,2022-01-31T23:59:59Z,86394,86394,0,1.0,0.999886036,1.000061662,0.000642699,0,0,1,1,1e-06,7.82966,17.857077,5.398984e-10,0.007829177,0.01785598,False,0.002998,False
2022-02-01,RS01SLBS-MJ01A-12-VEL3DB101,2,True,2022-02-01T00:00:00Z,2022-02-01T23:59:59Z,86395,86395,0,1.0,0.999894142,1.000061773,0.010236575,0,0,1,1,1e-06,3.086222,11.860189,7.499746e-10,0.003086032,0.01185946,False,0.002948,False
2022-02-02,RS01SLBS-MJ01A-12-VEL3DB101,2,True,2022-02-02T00:00:00Z,2022-02-02T23:59:59Z,86395,86395,0,1.0,0.999910831,1.000061688,0.002190187,0,0,0,0,-0.0,1.408707,3.823261,-3.070468e-10,0.00140862,0.003823025,False,0.002909,False
2022-02-03,RS01SLBS-MJ01A-12-VEL3DB101,2,True,2022-02-03T00:00:00Z,2022-02-03T23:59:59Z,86394,86394,0,1.0,0.999817848,1.00006167,-0.001037253,0,0,1,1,0.0,1.262895,4.11021,1.274183e-10,0.001262817,0.004109956,False,0.003024,False
2022-02-04,RS01SLBS-MJ01A-12-VEL3DB101,2,True,2022-02-04T00:00:00Z,2022-02-04T23:59:59Z,86395,86395,0,1.0,0.999897957,1.000061691,-0.002956795,0,0,0,0,-0.0,2.17553,5.224818,-3.824268e-10,0.002175396,0.005224495,False,0.002911,False
2022-02-05,RS01SLBS-MJ01A-12-VEL3DB101,2,True,2022-02-05T00:00:00Z,2022-02-05T23:59:59Z,86395,86395,0,1.0,1.000550747,1.000061684,0.001865337,0,0,0,0,-0.0,2.097079,7.076694,-2.713671e-10,0.00209695,0.007076257,False,0.003263,False
2022-02-06,RS01SLBS-MJ01A-12-VEL3DB101,2,True,2022-02-06T00:00:00Z,2022-02-06T23:59:59Z,86394,86394,0,1.0,1.000566006,1.000061688,0.006340806,0,0,0,0,-0.0,3.169702,8.378288,-4.014312e-10,0.003169507,0.008377771,False,0.003246,False
2022-02-07,RS01SLBS-MJ01A-12-VEL3DB101,2,True,2022-02-07T00:00:00Z,2022-02-07T23:59:59Z,86395,86395,0,1.0,1.00050211,1.000061694,-0.001042984,0,0,0,0,-0.0,1.858913,4.87973,-3.45562e-10,0.001858799,0.004879429,False,0.003177,False
2022-02-08,RS01SLBS-MJ01A-12-VEL3DB101,2,True,2022-02-08T00:00:00Z,2022-02-08T23:59:59Z,86395,86395,0,1.0,0.999866962,1.000061755,-0.000578681,0,0,1,1,-0.0,2.184993,5.550428,-7.509096e-11,0.002184858,0.005550085,False,0.002977,False
2022-02-09,RS01SLBS-MJ01A-12-VEL3DB101,2,True,2022-02-09T00:00:00Z,2022-02-09T23:59:59Z,86394,86394,0,1.0,1.000540733,1.000061678,-0.00054006,0,0,2,2,-0.0,0.862157,2.88595,-2.462615e-10,0.0008621037,0.002885772,False,0.003374,False
2022-02-10,RS01SLBS-MJ01A-12-VEL3DB101,2,True,2022-02-10T00:00:00Z,2022-02-10T23:59:59Z,86395,86395,0,1.0,1.000221014,1.00006168,-0.000355241,0,0,1,1,-0.0,0.696819,10.786686,-3.177291e-10,0.0006967763,0.01078602,False,0.012309,False
2022-02-11,RS01SLBS-MJ01A-12-VEL3DB101,2,True,2022-02-11T00:00:00Z,2022-02-11T23:59:59Z,86395,86395,0,1.0,1.000365973,1.000061652,0.000546311,0,0,0,0,-0.0,1.119968,3.215708,-3.24722e-10,0.001119899,0.003215509,False,0.003122,False
2022-02-12,RS01SLBS-MJ01A-12-VEL3DB101,2,True,2022-02-12T00:00:00Z,2022-02-12T23:59:59Z,86395,86395,0,1.0,1.000014782,1.000061706,-0.001237969,0,0,2,2,0.0,1.140492,3.566349,6.545144e-11,0.001140422,0.003566129,False,0.002762,False
2022-02-13,RS01SLBS-MJ01A-12-VEL3DB101,2,True,2022-02-13T00:00:00Z,2022-02-13T23:59:59Z,86394,86394,0,1.0,1.000501156,1.000061706,-0.000200444,0,0,0,0,-0.0,0.732822,2.67716,-4.554699e-10,0.0007327767,0.002676995,False,0.003277,False
2022-02-14,RS01SLBS-MJ01A-12-VEL3DB101,2,True,2022-02-14T00:00:00Z,2022-02-14T23:59:59Z,86395,86395,0,1.0,0.999992609,1.000061685,0.000271337,0,0,2,2,0.0,0.718386,11.088996,4.865478e-10,0.0007183413,0.01108831,False,0.010975,False
2022-02-15,RS01SLBS-MJ01A-12-VEL3DB101,2,True,2022-02-15T00:00:00Z,2022-02-15T23:59:59Z,86395,86395,0,1.0,1.000059605,1.000061691,0.000163451,0,0,0,0,-0.0,1.083461,4.592325,-3.586791e-10,0.001083394,0.004592041,False,0.004727,False
2022-02-16,RS01SLBS-MJ01A-12-VEL3DB101,2,True,2022-02-16T00:00:00Z,2022-02-16T23:59:59Z,86394,86394,0,1.0,1.000084877,1.000061689,0.00053635,0,0,0,0,-0.0,1.496347,4.723528,-3.829612e-10,0.001496255,0.004723237,False,0.002958,False
2022-02-17,RS01SLBS-MJ01A-12-VEL3DB101,2,True,2022-02-17T00:00:00Z,2022-02-17T23:59:59Z,86395,86395,0,1.0,0.99985075,1.000061699,3.5855e-05,0,0,0,0,-0.0,1.009693,5.345309,-3.332117e-10,0.001009631,0.005344979,False,0.004044,False
2022-02-18,RS01SLBS-MJ01A-12-VEL3DB101,2,True,2022-02-18T00:00:00Z,2022-02-18T23:59:59Z,86395,86395,0,1.0,0.999779224,1.000061702,-0.000905043,0,0,0,0,-0.0,0.846261,3.22983,-3.479037e-10,0.0008462087,0.003229631,False,0.003121,False
2022-02-19,RS01SLBS-MJ01A-12-VEL3DB101,2,True,2022-02-19T00:00:00Z,2022-02-19T23:59:59Z,86394,86394,0,1.0,1.000019073,1.000061688,0.00030879,0,0,1,1,0.0,0.879047,2.789358,2.970893e-10,0.0008789926,0.002789186,False,0.002765,False
2022-02-20,RS01SLBS-MJ01A-12-VEL3DB101,2,True,2022-02-20T00:00:00Z,2022-02-20T23:59:59Z,86395,86395,0,1.0,1.00057888,1.000061699,0.00033516,0,0,0,0,-0.0,0.831279,4.364898,-3.427076e-10,0.0008312274,0.004364628,False,0.003434,False
2022-02-21,RS01SLBS-MJ01A-12-VEL3DB101,2,True,2022-02-21T00:00:00Z,2022-02-21T23:59:59Z,86395,86395,0,1.0,1.000117779,1.00006169,-0.001331242,0,0,0,0,-0.0,0.778222,5.458756,-3.041851e-10,0.0007781735,0.005458419,False,0.0042,False
2022-02-22,RS01SLBS-MJ01A-12-VEL3DB101,2,True,2022-02-22T00:00:00Z,2022-02-22T23:59:59Z,86394,86394,0,1.0,1.000473022,1.000061692,0.000744944,0,0,0,0,-0.0,1.048176,3.86241,-3.900893e-10,0.001048111,0.003862172,False,0.003284,False
2022-02-23,RS01SLBS-MJ01A-12-VEL3DB101,2,True,2022-02-23T00:00:00Z,2022-02-23T23:59:59Z,86395,86395,0,1.0,0.999985218,1.000061695,-0.001713046,0,0,0,0,-0.0,1.021383,3.63424,-3.128612e-10,0.00102132,0.003634016,False,0.002852,False
2022-02-24,RS01SLBS-MJ01A-12-VEL3DB101,2,True,2022-02-24T00:00:00Z,2022-02-24T23:59:59Z,86395,86395,0,1.0,1.000543118,1.000061684,0.001066185,0,0,1,1,1e-06,1.056266,9.777646,5.716219e-10,0.001056201,0.009777043,False,0.009841,False
2022-02-25,RS01SLBS-MJ01A-12-VEL3DB101,2,True,2022-02-25T00:00:00Z,2022-02-25T23:59:59Z,86394,86394,0,1.0,0.999789238,1.000061705,-0.000495633,0,0,0,0,-0.0,0.776418,2.452047,-4.30812e-10,0.0007763705,0.002451896,False,0.003109,False
2022-02-26,RS01SLBS-MJ01A-12-VEL3DB101,2,True,2022-02-26T00:00:00Z,2022-02-26T23:59:59Z,86395,86395,0,1.0,0.999832153,1.000061679,0.000738308,0,0,0,0,-0.0,1.549001,4.303267,-3.372771e-10,0.001548906,0.004303002,False,0.0031,False
2022-02-27,RS01SLBS-MJ01A-12-VEL3DB101,2,True,2022-02-27T00:00:00Z,2022-02-27T23:59:59Z,86395,86395,0,1.0,1.000049114,1.000061692,0.000341764,0,0,1,1,0.0,0.919545,2.790724,1.114704e-11,0.0009194886,0.002790552,False,0.002793,False
2022-02-28,RS01SLBS-MJ01A-12-VEL3DB101,2,True,2022-02-28T00:00:00Z,2022-02-28T23:59:59Z,86394,86394,0,1.0,0.999811172,1.000061676,-0.000302515,0,0,0,0,-0.0,1.092451,3.559813,-3.690194e-10,0.001092384,0.003559593,False,0.003042,False
2022-03-01,RS01SLBS-MJ01A-12-VEL3DB101,2,True,2022-03-01T00:00:00Z,2022-03-01T23:59:59Z,85132,86395,1263,1.0,0.999889374,1.000061681,0.000224352,2,1263,2,1263,0.0,1.182616,5.766587,3.068752e-10,0.001182543,0.005766231,False,0.145389,True
2022-03-02,RS01SLBS-MJ01A-12-VEL3DB101,2,True,2022-03-02T00:00:00Z,2022-03-02T23:59:59Z,86395,86395,0,1.0,0.999817133,1.000061684,0.001211065,0,0,0,0,-0.0,1.070033,5.712583,-2.952698e-10,0.001069967,0.00571223,False,0.005009,False
2022-03-03,RS01SLBS-MJ01A-12-VEL3DB101,2,True,2022-03-03T00:00:00Z,2022-03-03T23:59:59Z,86394,86394,0,1.0,0.999964714,1.000061704,3.829e-06,0,0,1,1,-1e-06,0.988494,2.864995,-5.233118e-10,0.0009884331,0.002864818,False,0.00287,False
2022-03-04,RS01SLBS-MJ01A-12-VEL3DB101,2,True,2022-03-04T00:00:00Z,2022-03-04T23:59:59Z,86395,86395,0,1.0,0.999946117,1.000061679,7.6873e-05,0,0,1,1,1e-06,1.319474,4.869406,1.009632e-09,0.001319393,0.004869106,False,0.004459,False
2022-03-05,RS01SLBS-MJ01A-12-VEL3DB101,2,True,2022-03-05T00:00:00Z,2022-03-05T23:59:59Z,86395,86395,0,1.0,1.000373602,1.000061684,-0.000662439,0,0,1,1,1e-06,1.611596,4.590781,1.098293e-09,0.001611497,0.004590498,False,0.003173,False
2022-03-06,RS01SLBS-MJ01A-12-VEL3DB101,2,True,2022-03-06T00:00:00Z,2022-03-06T23:59:59Z,86394,86394,0,1.0,1.000521183,1.000061667,0.001221218,0,0,1,1,0.0,1.835748,11.520063,5.684937e-11,0.001835635,0.01151935,False,0.01279,False
2022-03-07,RS01SLBS-MJ01A-12-VEL3DB101,2,True,2022-03-07T00:00:00Z,2022-03-07T23:59:59Z,86395,86395,0,1.0,1.000576973,1.000061689,-0.001082612,0,0,1,1,-0.0,3.076231,11.771308,-1.790446e-10,0.003076041,0.01177058,False,0.014206,False
2022-03-08,RS01SLBS-MJ01A-12-VEL3DB101,2,True,2022-03-08T00:00:00Z,2022-03-08T23:59:59Z,86395,86395,0,1.0,0.99985218,1.000061704,-0.001493477,0,0,0,0,-0.0,1.312242,11.424233,-3.460057e-10,0.001312161,0.01142353,False,0.012734,False
2022-03-09,RS01SLBS-MJ01A-12-VEL3DB101,2,True,2022-03-09T00:00:00Z,2022-03-09T23:59:59Z,86394,86394,0,1.0,0.999927998,1.000061689,-0.001487566,0,0,0,0,-0.0,1.606122,12.003628,-3.755254e-10,0.001606023,0.01200289,False,0.01218,False
2022-03-10,RS01SLBS-MJ01A-12-VEL3DB101,2,True,2022-03-10T00:00:00Z,2022-03-10T23:59:59Z,86395,86395,0,1.0,1.000517845,1.000061694,0.000703948,0,0,0,0,-0.0,0.99285,10.682924,-2.759293e-10,0.0009927885,0.01068226,False,0.011258,False
2022-03-11,RS01SLBS-MJ01A-12-VEL3DB101,2,True,2022-03-11T00:00:00Z,2022-03-11T23:59:59Z,86395,86395,0,1.0,1.000439882,1.000061683,-0.003096428,0,0,3,3,-0.0,1.292927,5.54594,-2.862416e-10,0.001292848,0.005545598,False,0.004871,False
2022-03-12,RS01SLBS-MJ01A-12-VEL3DB101,2,True,2022-03-12T00:00:00Z,2022-03-12T23:59:59Z,86394,86394,0,1.0,1.000299931,1.000061695,-0.000156892,0,0,0,0,-0.0,0.806816,2.485352,-3.95086e-10,0.0008067666,0.002485198,False,0.003153,False
2022-03-13,RS01SLBS-MJ01A-12-VEL3DB101,2,True,2022-03-13T00:00:00Z,2022-03-13T23:59:59Z,86395,86395,0,1.0,1.00024271,1.000061676,0.001717745,0,0,1,1,-0.0,0.917821,3.070179,-6.293632e-11,0.0009177646,0.00306999,False,0.002979,False
2022-03-14,RS01SLBS-MJ01A-12-VEL3DB101,2,True,2022-03-14T00:00:00Z,2022-03-14T23:59:59Z,86395,86395,0,1.0,0.999940395,1.00006168,0.001159058,0,0,0,0,-0.0,1.066164,5.397752,-3.204918e-10,0.001066099,0.005397419,False,0.003438,False
2022-03-15,RS01SLBS-MJ01A-12-VEL3DB101,2,True,2022-03-15T00:00:00Z,2022-03-15T23:59:59Z,86394,86394,0,1.0,1.000108719,1.00006167,0.001658825,0,0,0,0,-0.0,1.037895,7.243639,-4.613069e-10,0.001037831,0.007243192,False,0.005324,False
2022-03-16,RS01SLBS-MJ01A-12-VEL3DB101,2,True,2022-03-16T00:00:00Z,2022-03-16T23:59:59Z,86395,86395,0,1.0,1.00020504,1.000061677,0.002510919,0,0,0,0,-0.0,0.861471,11.304371,-3.52784e-10,0.0008614184,0.01130367,False,0.012431,False
2022-03-17,RS01SLBS-MJ01A-12-VEL3DB101,2,True,2022-03-17T00:00:00Z,2022-03-17T23:59:59Z,86395,86395,0,1.0,1.000014544,1.000061685,0.000257143,0,0,1,1,0.0,0.903377,3.064594,1.278329e-10,0.0009033214,0.003064405,False,0.002861,False
2022-03-18,RS01SLBS-MJ01A-12-VEL3DB101,2,True,2022-03-18T00:00:00Z,2022-03-18T23:59:59Z,86394,86394,0,1.0,1.00054884,1.000061712,-0.000249363,0,0,2,2,-1e-06,1.799883,5.112161,-5.558076e-10,0.001799772,0.005111846,False,0.00598,False
2022-03-19,RS01SLBS-MJ01A-12-VEL3DB101,2,True,2022-03-19T00:00:00Z,2022-03-19T23:59:59Z,86395,86395,0,1.0,1.000472307,1.000061707,0.000569746,0,0,2,2,-1e-06,1.145091,3.958634,-5.13566e-10,0.00114502,0.00395839,False,0.003247,False
2022-03-20,RS01SLBS-MJ01A-12-VEL3DB101,2,True,2022-03-20T00:00:00Z,2022-03-20T23:59:59Z,86395,86395,0,1.0,0.99975729,1.00006171,-0.00039176,0,0,1,1,1e-06,1.237055,3.490995,6.094825e-10,0.001236979,0.00349078,False,0.003125,False
2022-03-21,RS01SLBS-MJ01A-12-VEL3DB101,2,True,2022-03-21T00:00:00Z,2022-03-21T23:59:59Z,86394,86394,0,1.0,0.999796867,1.000061752,-0.004083412,0,0,1,1,0.0,2.392449,10.147101,2.965945e-10,0.002392302,0.01014647,False,0.008003,False
2022-03-22,RS01SLBS-MJ01A-12-VEL3DB101,2,True,2022-03-22T00:00:00Z,2022-03-22T23:59:59Z,86395,86395,0,1.0,0.999766827,1.000061706,-0.003026107,0,0,0,0,-0.0,1.076996,4.265726,-3.271339e-10,0.00107693,0.004265463,False,0.003157,False
2022-03-23,RS01SLBS-MJ01A-12-VEL3DB101,2,True,2022-03-23T00:00:00Z,2022-03-23T23:59:59Z,86395,86395,0,1.0,0.999843121,1.000061722,-0.000176098,0,0,1,1,-0.0,1.220118,11.666299,-3.563035e-10,0.001220043,0.01166558,False,0.012375,False
2022-03-24,RS01SLBS-MJ01A-12-VEL3DB101,2,True,2022-03-24T00:00:00Z,2022-03-24T23:59:59Z,86394,86394,0,1.0,0.999869823,1.000061697,-0.003829137,0,0,0,0,-0.0,1.885595,5.374899,-4.044892e-10,0.001885479,0.005374568,False,0.002972,False
2022-03-25,RS01SLBS-MJ01A-12-VEL3DB101,2,True,2022-03-25T00:00:00Z,2022-03-25T23:59:59Z,86395,86395,0,1.0,0.999773979,1.000061699,0.000241886,0,0,2,2,0.0,0.764845,10.676634,1.216927e-10,0.000764798,0.01067597,False,0.011434,False
2022-03-26,RS01SLBS-MJ01A-12-VEL3DB101,2,True,2022-03-26T00:00:00Z,2022-03-26T23:59:59Z,86395,86395,0,1.0,0.999878168,1.000061706,-0.001914563,0,0,0,0,-0.0,0.825612,3.042069,-2.886474e-10,0.0008255611,0.003041881,False,0.003038,False
2022-03-27,RS01SLBS-MJ01A-12-VEL3DB101,2,True,2022-03-27T00:00:00Z,2022-03-27T23:59:59Z,86394,86394,0,1.0,0.999797344,1.000061692,-0.001778621,0,0,1,1,0.0,1.277428,3.755684,8.534922e-11,0.00127735,0.003755453,False,0.003201,False
2022-03-28,RS01SLBS-MJ01A-12-VEL3DB101,2,True,2022-03-28T00:00:00Z,2022-03-28T23:59:59Z,86395,86395,0,1.0,1.000528812,1.000061682,0.000329047,0,0,0,0,-0.0,0.811757,2.858112,-3.10273e-10,0.0008117072,0.002857936,False,0.003332,False
2022-03-29,RS01SLBS-MJ01A-12-VEL3DB101,2,True,2022-03-29T00:00:00Z,2022-03-29T23:59:59Z,86395,86395,0,1.0,0.999801874,1.000061704,-5.5543e-05,0,0,2,2,-0.0,1.043584,3.188712,-2.541756e-10,0.00104352,0.003188515,False,0.003015,False
2022-03-30,RS01SLBS-MJ01A-12-VEL3DB101,2,True,2022-03-30T00:00:00Z,2022-03-30T23:59:59Z,86394,86394,0,1.0,1.00005579,1.000061704,-0.000408107,0,0,1,1,0.0,1.113274,3.29729,1.019274e-10,0.001113205,0.003297087,False,0.002887,False
2022-03-31,RS01SLBS-MJ01A-12-VEL3DB101,2,True,2022-03-31T00:00:00Z,2022-03-31T23:59:59Z,86395,86395,0,1.0,1.000139236,1.000061696,0.000480949,0,0,0,0,-0.0,1.205739,11.122079,-3.778304e-10,0.001205665,0.01112139,False,0.01091,False
2022-04-01,RS01SLBS-MJ01A-12-VEL3DB101,2,True,2022-04-01T00:00:00Z,2022-04-01T23:59:59Z,86395,86395,0,1.0,1.00054121,1.000061706,-0.001460021,0,0,0,0,-0.0,1.308352,11.15385,-2.886262e-10,0.001308271,0.01115316,False,0.010424,False
2022-04-02,RS01SLBS-MJ01A-12-VEL3DB101,2,True,2022-04-02T00:00:00Z,2022-04-02T23:59:59Z,86394,86394,0,1.0,1.000470161,1.000061709,-0.001527612,0,0,1,1,0.0,0.781932,2.632914,4.106059e-10,0.0007818835,0.002632752,False,0.003245,False
2022-04-03,RS01SLBS-MJ01A-12-VEL3DB101,2,True,2022-04-03T00:00:00Z,2022-04-03T23:59:59Z,86395,86395,0,1.0,0.99992609,1.00006171,-0.000458447,0,0,0,0,-0.0,0.923972,2.893671,-3.104814e-10,0.0009239146,0.002893493,False,0.002985,False
2022-04-04,RS01SLBS-MJ01A-12-VEL3DB101,2,True,2022-04-04T00:00:00Z,2022-04-04T23:59:59Z,86395,86395,0,1.0,1.000371933,1.000061682,-0.000876858,0,0,2,2,-0.0,1.48628,4.364846,-2.245489e-10,0.001486188,0.004364577,False,0.003099,False
2022-04-05,RS01SLBS-MJ01A-12-VEL3DB101,2,True,2022-04-05T00:00:00Z,2022-04-05T23:59:59Z,86394,86394,0,1.0,1.000499249,1.000061663,-0.001827014,0,0,1,1,-0.0,1.442288,7.766065,-1.331202e-10,0.001442199,0.007765586,False,0.005429,False
2022-04-06,RS01SLBS-MJ01A-12-VEL3DB101,2,True,2022-04-06T00:00:00Z,2022-04-06T23:59:59Z,86395,86395,0,1.0,1.000162363,1.000061706,-0.000883167,0,0,0,0,-0.0,0.711623,2.188681,-2.661812e-10,0.0007115791,0.002188546,False,0.002928,False
2022-04-07,RS01SLBS-MJ01A-12-VEL3DB101,2,True,2022-04-07T00:00:00Z,2022-04-07T23:59:59Z,86395,86395,0,1.0,1.000429392,1.000061691,-0.002168331,0,0,0,0,-0.0,1.072685,3.763913,-3.37892e-10,0.001072619,0.003763681,False,0.003957,False
2022-04-08,RS01SLBS-MJ01A-12-VEL3DB101,2,True,2022-04-08T00:00:00Z,2022-04-08T23:59:59Z,86394,86394,0,1.0,1.000243187,1.000061698,0.000981949,0,0,2,2,-0.0,0.869161,2.874013,-3.17647e-10,0.000869107,0.002873835,False,0.003072,False
2022-04-09,RS01SLBS-MJ01A-12-VEL3DB101,2,True,2022-04-09T00:00:00Z,2022-04-09T23:59:59Z,86395,86395,0,1.0,1.000391483,1.000061691,-0.00072767,0,0,1,1,1e-06,0.746756,2.325475,6.14439e-10,0.0007467095,0.002325332,False,0.003174,False
2022-04-10,RS01SLBS-MJ01A-12-VEL3DB101,2,True,2022-04-10T00:00:00Z,2022-04-10T23:59:59Z,86395,86395,0,1.0,1.00055933,1.000061694,0.001342864,0,0,1,1,-0.0,0.666778,2.224565,-3.386829e-10,0.0006667371,0.002224428,False,0.003339,False
2022-04-11,RS01SLBS-MJ01A-12-VEL3DB101,2,True,2022-04-11T00:00:00Z,2022-04-11T23:59:59Z,86394,86394,0,1.0,0.999885082,1.000061675,0.001152281,0,0,0,0,-0.0,1.869741,4.918617,-4.336583e-10,0.001869626,0.004918314,False,0.003025,False
2022-04-12,RS01SLBS-MJ01A-12-VEL3DB101,2,True,2022-04-12T00:00:00Z,2022-04-12T23:59:59Z,86395,86395,0,1.0,0.999808073,1.00006169,0.00188785,0,0,0,0,-0.0,1.371802,6.414414,-3.140813e-10,0.001371717,0.006414019,False,0.00422,False
2022-04-13,RS01SLBS-MJ01A-12-VEL3DB101,2,True,2022-04-13T00:00:00Z,2022-04-13T23:59:59Z,86395,86395,0,1.0,1.00002861,1.000061709,-0.00085259,0,0,0,0,-0.0,0.854456,10.105464,-3.348959e-10,0.0008544036,0.01010484,False,0.010768,False
2022-04-14,RS01SLBS-MJ01A-12-VEL3DB101,2,True,2022-04-14T00:00:00Z,2022-04-14T23:59:59Z,86394,86394,0,1.0,1.000131607,1.000061623,-0.000129552,0,0,0,0,-0.0,4.113107,9.625606,-4.118428e-10,0.004112853,0.009625013,False,0.003103,False
2022-04-15,RS01SLBS-MJ01A-12-VEL3DB101,2,True,2022-04-15T00:00:00Z,2022-04-15T23:59:59Z,86395,86395,0,1.0,1.000042915,1.000061719,0.006083698,0,0,3,3,-1e-06,2.140843,12.062753,-5.580807e-10,0.002140711,0.01206201,False,0.01231,False
2022-04-16,RS01SLBS-MJ01A-12-VEL3DB101,2,True,2022-04-16T00:00:00Z,2022-04-16T23:59:59Z,86395,86395,0,1.0,1.000122786,1.000061693,0.000521379,0,0,2,2,-1e-06,0.685537,2.27905,-5.060324e-10,0.0006854948,0.00227891,False,0.003031,False
2022-04-17,RS01SLBS-MJ01A-12-VEL3DB101,2,True,2022-04-17T00:00:00Z,2022-04-17T23:59:59Z,86394,86394,0,1.0,1.000233173,1.000061688,-0.000356824,0,0,1,1,-0.0,0.857486,5.832126,-2.236335e-10,0.0008574327,0.005831766,False,0.006394,False
2022-04-18,RS01SLBS-MJ01A-12-VEL3DB101,2,True,2022-04-18T00:00:00Z,2022-04-18T23:59:59Z,86395,86395,0,1.0,1.000482082,1.000061685,0.001093774,0,0,0,0,-0.0,1.100288,3.762152,-3.583645e-10,0.00110022,0.00376192,False,0.003165,False
2022-04-19,RS01SLBS-MJ01A-12-VEL3DB101,2,True,2022-04-19T00:00:00Z,2022-04-19T23:59:59Z,86395,86395,0,1.0,0.999885082,1.000061703,-0.000480362,0,0,0,0,-0.0,1.124794,5.308972,-3.515025e-10,0.001124725,0.005308645,False,0.003925,False
2022-04-20,RS01SLBS-MJ01A-12-VEL3DB101,2,True,2022-04-20T00:00:00Z,2022-04-20T23:59:59Z,86394,86394,0,1.0,0.999999046,1.000061673,0.001192166,0,0,2,2,1e-06,1.655997,4.68291,5.939065e-10,0.001655895,0.004682621,False,0.002837,False
2022-04-21,RS01SLBS-MJ01A-12-VEL3DB101,2,True,2022-04-21T00:00:00Z,2022-04-21T23:59:59Z,86395,86395,0,1.0,0.999938965,1.000061701,-0.000920391,0,0,1,1,-0.0,1.039866,2.978369,-8.968879e-11,0.001039802,0.002978185,False,0.002944,False
2022-04-22,RS01SLBS-MJ01A-12-VEL3DB101,2,True,2022-04-22T00:00:00Z,2022-04-22T23:59:59Z,86109,86395,286,1.0,0.999924183,1.000061695,-0.000734378,1,286,1,286,-0.0,0.88151,3.168987,-8.700295e-11,0.0008814552,0.003168792,False,0.040031,True
2022-04-23,RS01SLBS-MJ01A-12-VEL3DB101,2,True,2022-04-23T00:00:00Z,2022-04-23T23:59:59Z,86394,86394,0,1.0,0.999934196,1.000061687,0.000430823,0,0,0,0,-0.0,1.305715,3.76035,-4.048987e-10,0.001305634,0.003760118,False,0.002876,False
2022-04-24,RS01SLBS-MJ01A-12-VEL3DB101,2,True,2022-04-24T00:00:00Z,2022-04-24T23:59:59Z,86395,86395,0,1.0,0.999928474,1.000061693,0.00250082,0,0,0,0,-0.0,1.387503,4.009005,-2.920055e-10,0.001387417,0.004008757,False,0.002938,False
2022-04-25,RS01SLBS-MJ01A-12-VEL3DB101,2,True,2022-04-25T00:00:00Z,2022-04-25T23:59:59Z,86395,86395,0,1.0,0.999901772,1.000061657,0.003957502,0,0,0,0,-0.0,3.05682,6.678016,-3.476551e-10,0.003056632,0.006677605,False,0.002985,False
2022-04-26,RS01SLBS-MJ01A-12-VEL3DB101,2,True,2022-04-26T00:00:00Z,2022-04-26T23:59:59Z,86394,86394,0,1.0,0.999979973,1.000061682,-0.000199339,0,0,1,1,-1e-06,0.732083,2.290908,-1.139216e-09,0.0007320378,0.002290767,False,0.002948,False
2022-04-27,RS01SLBS-MJ01A-12-VEL3DB101,2,True,2022-04-27T00:00:00Z,2022-04-27T23:59:59Z,86395,86395,0,1.0,0.999951124,1.000061704,-0.000611565,0,0,0,0,-0.0,1.570439,4.493662,-3.141501e-10,0.001570342,0.004493385,False,0.002901,False
2022-04-28,RS01SLBS-MJ01A-12-VEL3DB101,2,True,2022-04-28T00:00:00Z,2022-04-28T23:59:59Z,86395,86395,0,1.0,0.99990797,1.000061677,-0.002507489,0,0,1,1,-0.0,1.524023,3.940535,-3.058726e-10,0.001523929,0.003940292,False,0.00301,False
2022-04-29,RS01SLBS-MJ01A-12-VEL3DB101,2,True,2022-04-29T00:00:00Z,2022-04-29T23:59:59Z,86123,86394,271,1.0,0.99994278,1.000061697,-0.000786338,1,271,1,271,0.0,0.694404,2.303302,2.332466e-10,0.0006943612,0.00230316,False,0.032863,True
2022-04-30,RS01SLBS-MJ01A-12-VEL3DB101,2,True,2022-04-30T00:00:00Z,2022-04-30T23:59:59Z,86395,86395,0,1.0,0.999888897,1.000061689,0.000515279,0,0,0,0,-0.0,0.790296,2.513405,-2.997905e-10,0.0007902472,0.00251325,False,0.002888,False
2022-05-01,RS01SLBS-MJ01A-12-VEL3DB101,2,True,2022-05-01T00:00:00Z,2022-05-01T23:59:59Z,86395,86395,0,1.0,1.000417709,1.000061695,0.001070519,0,0,0,0,-0.0,0.722721,2.534932,-3.415317e-10,0.0007226769,0.002534776,False,0.003198,False
2022-05-02,RS01SLBS-MJ01A-12-VEL3DB101,2,True,2022-05-02T00:00:00Z,2022-05-02T23:59:59Z,86394,86394,0,1.0,0.999889851,1.000061692,0.000163113,0,0,0,0,-0.0,0.716191,2.235757,-3.659326e-10,0.0007161473,0.002235619,False,0.002964,False
2022-05-03,RS01SLBS-MJ01A-12-VEL3DB101,2,True,2022-05-03T00:00:00Z,2022-05-03T23:59:59Z,86395,86395,0,1.0,1.000382423,1.000061687,0.000568806,0,0,0,0,-0.0,0.85109,4.702583,-3.041775e-10,0.0008510374,0.004702293,False,0.004735,False
2022-05-04,RS01SLBS-MJ01A-12-VEL3DB101,2,True,2022-05-04T00:00:00Z,2022-05-04T23:59:59Z,86395,86395,0,1.0,0.999736547,1.000061709,0.00065349,0,0,1,1,-0.0,1.014069,5.335915,-1.258345e-10,0.001014006,0.005335586,False,0.004254,False
2022-05-05,RS01SLBS-MJ01A-12-VEL3DB101,2,True,2022-05-05T00:00:00Z,2022-05-05T23:59:59Z,86394,86394,0,1.0,0.999773979,1.000061704,-0.000577717,0,0,1,1,1e-06,1.550454,12.222959,7.44065e-10,0.001550359,0.0122222,False,0.010937,False
2022-05-06,RS01SLBS-MJ01A-12-VEL3DB101,2,True,2022-05-06T00:00:00Z,2022-05-06T23:59:59Z,86395,86395,0,1.0,0.999766827,1.000061715,-0.00019829,0,0,0,0,-0.0,0.956383,4.010262,-3.428906e-10,0.0009563242,0.004010015,False,0.003111,False
2022-05-07,RS01SLBS-MJ01A-12-VEL3DB101,2,True,2022-05-07T00:00:00Z,2022-05-07T23:59:59Z,86395,86395,0,1.0,1.000097275,1.000061687,-0.001284739,0,0,0,0,-0.0,1.500989,6.98473,-2.896868e-10,0.001500896,0.006984299,False,0.006396,False
2022-05-08,RS01SLBS-MJ01A-12-VEL3DB101,2,True,2022-05-08T00:00:00Z,2022-05-08T23:59:59Z,86394,86394,0,1.0,1.000061035,1.000061703,-0.001259684,0,0,1,1,0.0,1.568745,7.315401,3.052562e-10,0.001568649,0.00731495,False,0.007354,False
2022-05-09,RS01SLBS-MJ01A-12-VEL3DB101,2,True,2022-05-09T00:00:00Z,2022-05-09T23:59:59Z,86395,86395,0,1.0,1.000547886,1.000061684,-0.001512832,0,0,1,1,1e-06,0.861761,2.95323,5.77973e-10,0.0008617075,0.002953048,False,0.003288,False
2022-05-10,RS01SLBS-MJ01A-12-VEL3DB101,2,True,2022-05-10T00:00:00Z,2022-05-10T23:59:59Z,86395,86395,0,1.0,0.999871016,1.000061671,0.000537269,0,0,0,0,-0.0,3.247094,9.882638,-3.231221e-10,0.003246893,0.009882028,False,0.005713,False
2022-05-11,RS01SLBS-MJ01A-12-VEL3DB101,2,True,2022-05-11T00:00:00Z,2022-05-11T23:59:59Z,86394,86394,0,1.0,0.999837875,1.000061705,0.00566551,0,0,0,0,-0.0,2.443975,12.329373,-3.953787e-10,0.002443824,0.01232861,False,0.01106,False
2022-05-12,RS01SLBS-MJ01A-12-VEL3DB101,2,True,2022-05-12T00:00:00Z,2022-05-12T23:59:59Z,86395,86395,0,1.0,1.000029087,1.000061688,-0.002165672,0,0,1,1,0.0,1.078129,6.562296,4.369244e-10,0.001078063,0.006561892,False,0.006644,False
2022-05-13,RS01SLBS-MJ01A-12-VEL3DB101,2,True,2022-05-13T00:00:00Z,2022-05-13T23:59:59Z,86395,86395,0,1.0,0.999874115,1.000061681,-0.00149134,0,0,1,1,-0.0,1.020247,2.814869,-1.31146e-10,0.001020184,0.002814696,False,0.002997,False
2022-05-14,RS01SLBS-MJ01A-12-VEL3DB101,2,True,2022-05-14T00:00:00Z,2022-05-14T23:59:59Z,86395,86395,0,1.0,0.999993324,1.000061671,0.001573424,0,0,0,0,-0.0,0.831586,3.66616,-3.070723e-10,0.0008315348,0.003665934,False,0.002842,False
2022-05-15,RS01SLBS-MJ01A-12-VEL3DB101,2,True,2022-05-15T00:00:00Z,2022-05-15T23:59:59Z,86394,86394,0,1.0,1.000041962,1.00006169,0.000189059,0,0,0,0,-0.0,0.711662,2.313158,-4.012017e-10,0.0007116185,0.002313015,False,0.002813,False
2022-05-16,RS01SLBS-MJ01A-12-VEL3DB101,2,True,2022-05-16T00:00:00Z,2022-05-16T23:59:59Z,86395,86395,0,1.0,0.999713898,1.00006167,0.000462104,0,0,0,0,-0.0,0.887289,5.603321,-3.517118e-10,0.0008872344,0.005602975,False,0.005137,False
2022-05-17,RS01SLBS-MJ01A-12-VEL3DB101,2,True,2022-05-17T00:00:00Z,2022-05-17T23:59:59Z,86395,86395,0,1.0,0.999762058,1.000061685,0.000659537,0,0,1,1,-0.0,1.040161,8.138879,-1.544644e-10,0.001040097,0.008138377,False,0.006594,False
2022-05-18,RS01SLBS-MJ01A-12-VEL3DB101,2,True,2022-05-18T00:00:00Z,2022-05-18T23:59:59Z,86394,86394,0,1.0,0.999757767,1.00006169,0.000851325,0,0,0,0,-0.0,2.145734,12.695833,-3.668207e-10,0.002145601,0.01269505,False,0.012873,False
2022-05-19,RS01SLBS-MJ01A-12-VEL3DB101,2,True,2022-05-19T00:00:00Z,2022-05-19T23:59:59Z,86395,86395,0,1.0,0.999766827,1.000061702,-0.002310317,0,0,0,0,-0.0,1.024352,7.149764,-3.250907e-10,0.001024288,0.007149323,False,0.005849,False
2022-05-20,RS01SLBS-MJ01A-12-VEL3DB101,2,True,2022-05-20T00:00:00Z,2022-05-20T23:59:59Z,86395,86395,0,1.0,0.999766827,1.000061686,-0.000726343,0,0,0,0,-0.0,0.792953,5.036174,-2.824584e-10,0.0007929039,0.005035863,False,0.005066,False
2022-05-21,RS01SLBS-MJ01A-12-VEL3DB101,2,True,2022-05-21T00:00:00Z,2022-05-21T23:59:59Z,86394,86394,0,1.0,0.999763012,1.000061686,0.000809118,0,0,1,1,-0.0,0.903931,4.566509,-3.36246e-10,0.0009038751,0.004566227,False,0.003101,False
2022-05-22,RS01SLBS-MJ01A-12-VEL3DB101,2,True,2022-05-22T00:00:00Z,2022-05-22T23:59:59Z,86395,86395,0,1.0,0.99973774,1.000061722,0.000612968,0,0,1,1,0.0,2.552304,5.879255,1.204863e-10,0.002552147,0.005878892,False,0.003947,False
2022-05-23,RS01SLBS-MJ01A-12-VEL3DB101,2,True,2022-05-23T00:00:00Z,2022-05-23T23:59:59Z,86395,86395,0,1.0,0.999811172,1.000061692,-0.004161446,0,0,2,2,-0.0,1.290565,7.66177,-1.49187e-10,0.001290485,0.007661297,False,0.005884,False
2022-05-24,RS01SLBS-MJ01A-12-VEL3DB101,2,True,2022-05-24T00:00:00Z,2022-05-24T23:59:59Z,86394,86394,0,1.0,0.999871731,1.000061695,-1.3e-06,0,0,0,0,-0.0,1.082665,3.493917,-4.098768e-10,0.001082598,0.003493702,False,0.00299,False
2022-05-25,RS01SLBS-MJ01A-12-VEL3DB101,2,True,2022-05-25T00:00:00Z,2022-05-25T23:59:59Z,86395,86395,0,1.0,0.999741077,1.000061659,0.003514518,0,0,0,0,-0.0,1.779502,5.115603,-3.319817e-10,0.001779392,0.005115288,False,0.003228,False
2022-05-26,RS01SLBS-MJ01A-12-VEL3DB101,2,True,2022-05-26T00:00:00Z,2022-05-26T23:59:59Z,86395,86395,0,1.0,0.999824047,1.000061693,0.004480856,0,0,0,0,-0.0,1.367519,5.103866,-3.635067e-10,0.001367434,0.005103551,False,0.003199,False
2022-05-27,RS01SLBS-MJ01A-12-VEL3DB101,2,True,2022-05-27T00:00:00Z,2022-05-27T23:59:59Z,86394,86394,0,1.0,0.999928951,1.000061684,-0.001351327,0,0,0,0,-0.0,0.910049,10.955437,-4.033074e-10,0.0009099933,0.01095476,False,0.011153,False
2022-05-28,RS01SLBS-MJ01A-12-VEL3DB101,2,True,2022-05-28T00:00:00Z,2022-05-28T23:59:59Z,86395,86395,0,1.0,0.999980211,1.000061674,0.000927834,0,0,1,1,-0.0,0.718797,2.483975,-2.628087e-10,0.0007187524,0.002483822,False,0.002889,False
2022-05-29,RS01SLBS-MJ01A-12-VEL3DB101,2,True,2022-05-29T00:00:00Z,2022-05-29T23:59:59Z,86395,86395,0,1.0,0.99979496,1.000061687,0.000196412,0,0,1,1,0.0,1.751838,5.084314,9.054579e-11,0.00175173,0.005084,False,0.003081,False
2022-05-30,RS01SLBS-MJ01A-12-VEL3DB101,2,True,2022-05-30T00:00:00Z,2022-05-30T23:59:59Z,86394,86394,0,1.0,0.999867439,1.000061678,-0.001354705,0,0,0,0,-0.0,1.093137,4.701701,-4.325891e-10,0.00109307,0.004701411,False,0.004729,False
2022-05-31,RS01SLBS-MJ01A-12-VEL3DB101,2,True,2022-05-31T00:00:00Z,2022-05-31T23:59:59Z,86395,86395,0,1.0,1.000010967,1.00006169,-0.001057707,0,0,1,1,0.0,0.868386,5.986456,2.861966e-10,0.0008683329,0.005986086,False,0.005802,False
2022-06-01,RS01SLBS-MJ01A-12-VEL3DB101,2,True,2022-06-01T00:00:00Z,2022-06-01T23:59:59Z,86395,86395,0,1.0,0.999749184,1.000061696,0.001360238,0,0,0,0,-0.0,0.890205,2.907689,-3.697734e-10,0.0008901502,0.00290751,False,0.003055,False
2022-06-02,RS01SLBS-MJ01A-12-VEL3DB101,2,True,2022-06-02T00:00:00Z,2022-06-02T23:59:59Z,86394,86394,0,1.0,0.999772072,1.000061679,-0.000941692,0,0,1,1,-0.0,1.011704,3.01427,-1.56398e-10,0.001011641,0.003014084,False,0.003236,False
2022-06-03,RS01SLBS-MJ01A-12-VEL3DB101,2,True,2022-06-03T00:00:00Z,2022-06-03T23:59:59Z,86395,86395,0,1.0,0.999746799,1.000061668,0.00185501,0,0,0,0,-0.0,2.518503,5.519575,-3.287236e-10,0.002518347,0.005519235,False,0.003177,False
2022-06-04,RS01SLBS-MJ01A-12-VEL3DB101,2,True,2022-06-04T00:00:00Z,2022-06-04T23:59:59Z,86395,86395,0,1.0,0.999730587,1.000061702,-0.003042401,0,0,0,0,-0.0,1.76456,4.345221,-3.078043e-10,0.001764451,0.004344953,False,0.003151,False
2022-06-05,RS01SLBS-MJ01A-12-VEL3DB101,2,True,2022-06-05T00:00:00Z,2022-06-05T23:59:59Z,86394,86394,0,1.0,0.999770641,1.000061646,-0.000656965,0,0,2,2,-0.0,1.40221,6.111699,-3.937171e-10,0.001402124,0.006111323,False,0.004925,False
2022-06-06,RS01SLBS-MJ01A-12-VEL3DB101,2,True,2022-06-06T00:00:00Z,2022-06-06T23:59:59Z,86395,86395,0,1.0,0.999952316,1.000061668,-0.000456625,0,0,1,1,-1e-06,1.061647,3.191827,-8.972944e-10,0.001061581,0.00319163,False,0.002965,False
2022-06-07,RS01SLBS-MJ01A-12-VEL3DB101,2,True,2022-06-07T00:00:00Z,2022-06-07T23:59:59Z,86385,86395,10,1.0,0.999952316,1.000061668,-0.000312097,3,10,3,12,-0.0,1.081587,3.892963,-2.029858e-10,0.00108152,0.003892723,False,0.003006,True
2022-06-08,RS01SLBS-MJ01A-12-VEL3DB101,2,True,2022-06-08T00:00:00Z,2022-06-08T03:03:00Z,10980,10980,0,1.0,1.000515938,1.000061392,0.00110847,0,0,0,0,-0.0,0.699998,2.275464,-2.268296e-12,0.0006999553,0.002275325,False,0.003089,False
2022-06-09,RS01SLBS-MJ01A-12-VEL3DB101,2,False,,,0,0,,1.0,,,,,,,,,,,,,,,,False
2022-06-10,RS01SLBS-MJ01A-12-VEL3DB101,2,False,,,0,0,,1.0,,,,,,,,,,,,,,,,False
2022-06-11,RS01SLBS-MJ01A-12-VEL3DB101,2,False,,,0,0,,1.0,,,,,,,,,,,,,,,,False
2022-06-12,RS01SLBS-MJ01A-12-VEL3DB101,2,False,,,0,0,,1.0,,,,,,,,,,,,,,,,False
2022-06-13,RS01SLBS-MJ01A-12-VEL3DB101,2,False,,,0,0,,1.0,,,,,,,,,,,,,,,,False
2022-06-14,RS01SLBS-MJ01A-12-VEL3DB101,2,False,,,0,0,,1.0,,,,,,,,,,,,,,,,False
2022-06-15,RS01SLBS-MJ01A-12-VEL3DB101,2,False,,,0,0,,1.0,,,,,,,,,,,,,,,,False
2022-06-16,RS01SLBS-MJ01A-12-VEL3DB101,2,False,,,0,0,,1.0,,,,,,,,,,,,,,,,False
2022-06-17,RS01SLBS-MJ01A-12-VEL3DB101,2,True,2022-06-17T22:02:48Z,2022-06-17T23:59:59Z,7031,7031,0,1.0,0.999769449,1.000061679,-0.01133277,0,0,0,0,0.0,0.632785,11.33277,2.094904e-12,0.0006327459,0.01133207,False,0.01173,False
2022-06-18,RS01SLBS-MJ01A-12-VEL3DB101,2,True,2022-06-18T00:00:00Z,2022-06-18T23:59:59Z,86395,86395,0,1.0,0.999731064,1.000061693,0.000489607,0,0,0,0,-0.0,1.65254,4.978938,-3.085759e-10,0.001652438,0.004978631,False,0.003196,False
2022-06-19,RS01SLBS-MJ01A-12-VEL3DB101,2,True,2022-06-19T00:00:00Z,2022-06-19T23:59:59Z,86395,86395,0,1.0,0.99982214,1.000061668,-0.001723021,0,0,0,0,-0.0,2.420407,6.957287,-3.122785e-10,0.002420257,0.006956858,False,0.003018,False
2022-06-20,RS01SLBS-MJ01A-12-VEL3DB101,2,True,2022-06-20T00:00:00Z,2022-06-20T23:59:59Z,86394,86394,0,1.0,0.999839306,1.000061691,-0.003367131,0,0,1,1,0.0,1.841543,8.682311,1.936448e-10,0.00184143,0.008681775,False,0.008434,False
2022-06-21,RS01SLBS-MJ01A-12-VEL3DB101,2,True,2022-06-21T00:00:00Z,2022-06-21T23:59:59Z,86395,86395,0,1.0,0.99982214,1.000061647,-0.001039036,0,0,1,1,0.0,1.604455,4.238837,1.949394e-10,0.001604356,0.004238576,False,0.003129,False
2022-06-22,RS01SLBS-MJ01A-12-VEL3DB101,2,True,2022-06-22T00:00:00Z,2022-06-22T23:59:59Z,86395,86395,0,1.0,0.999909401,1.000061695,-0.002234844,0,0,1,1,0.0,1.615973,4.149052,1.055148e-10,0.001615873,0.004148796,False,0.002991,False
2022-06-23,RS01SLBS-MJ01A-12-VEL3DB101,2,True,2022-06-23T00:00:00Z,2022-06-23T23:59:59Z,86394,86394,0,1.0,0.999833107,1.000061572,0.000250051,0,0,0,0,-0.0,3.406347,8.723352,-4.641923e-10,0.003406138,0.008722815,False,0.003644,False
2022-06-24,RS01SLBS-MJ01A-12-VEL3DB101,2,True,2022-06-24T00:00:00Z,2022-06-24T23:59:59Z,86395,86395,0,1.0,0.999836922,1.000061694,0.002963968,0,0,1,1,0.0,1.950502,4.798407,1.346394e-10,0.001950382,0.004798111,False,0.003,False
2022-06-25,RS01SLBS-MJ01A-12-VEL3DB101,2,True,2022-06-25T00:00:00Z,2022-06-25T23:59:59Z,86395,86395,0,1.0,0.999918938,1.000061654,-0.000737888,0,0,2,2,-0.0,1.057616,4.863843,-3.170896e-10,0.00105755,0.004863543,False,0.002871,False
2022-06-26,RS01SLBS-MJ01A-12-VEL3DB101,2,True,2022-06-26T00:00:00Z,2022-06-26T23:59:59Z,86394,86394,0,1.0,0.999816895,1.00006161,-0.000165128,0,0,0,0,-0.0,1.772672,5.109576,-3.874496e-10,0.001772563,0.005109262,False,0.004344,False
2022-06-27,RS01SLBS-MJ01A-12-VEL3DB101,2,True,2022-06-27T00:00:00Z,2022-06-27T23:59:59Z,86395,86395,0,1.0,1.000455618,1.000061693,0.001966948,0,0,0,0,-0.0,1.904238,4.916579,-3.448653e-10,0.001904121,0.004916276,False,0.003136,False
2022-06-28,RS01SLBS-MJ01A-12-VEL3DB101,2,True,2022-06-28T00:00:00Z,2022-06-28T23:59:59Z,86395,86395,0,1.0,1.000487089,1.000061665,0.001008367,0,0,1,1,0.0,1.600348,4.613046,4.644969e-10,0.001600249,0.004612761,False,0.003232,False
2022-06-29,RS01SLBS-MJ01A-12-VEL3DB101,2,True,2022-06-29T00:00:00Z,2022-06-29T23:59:59Z,86395,86395,0,1.0,0.999835014,1.000061683,0.000600682,0,0,1,1,0.0,1.096492,3.332382,2.053431e-10,0.001096425,0.003332176,False,0.003006,False
2022-06-30,RS01SLBS-MJ01A-12-VEL3DB101,2,True,2022-06-30T00:00:00Z,2022-06-30T23:59:59Z,86394,86394,0,1.0,0.999771118,1.000061682,0.001996104,0,0,0,0,-0.0,0.948527,2.999298,-3.934628e-10,0.0009484685,0.002999113,False,0.003113,False
2022-07-01,RS01SLBS-MJ01A-12-VEL3DB101,2,True,2022-07-01T00:00:00Z,2022-07-01T23:59:59Z,86395,86395,0,1.0,0.999754906,1.000061666,-0.000142261,0,0,0,0,-0.0,1.065997,3.675932,-3.39398e-10,0.001065932,0.003675705,False,0.00312,False
2022-07-02,RS01SLBS-MJ01A-12-VEL3DB101,2,True,2022-07-02T00:00:00Z,2022-07-02T23:59:59Z,86395,86395,0,1.0,0.999733925,1.00006167,0.000788256,0,0,0,0,-0.0,0.669312,2.180991,-3.359177e-10,0.0006692706,0.002180856,False,0.003107,False
2022-07-03,RS01SLBS-MJ01A-12-VEL3DB101,2,True,2022-07-03T00:00:00Z,2022-07-03T23:59:59Z,86394,86394,0,1.0,0.999811172,1.000061676,0.000748417,0,0,2,2,-0.0,1.081333,3.572831,-1.435101e-11,0.001081266,0.003572611,False,0.003041,False
2022-07-04,RS01SLBS-MJ01A-12-VEL3DB101,2,True,2022-07-04T00:00:00Z,2022-07-04T23:59:59Z,86395,86395,0,1.0,0.999825001,1.000061678,0.001053375,0,0,0,0,-0.0,0.945822,7.05186,-3.368774e-10,0.0009457634,0.007051425,False,0.005682,False
2022-07-05,RS01SLBS-MJ01A-12-VEL3DB101,2,True,2022-07-05T00:00:00Z,2022-07-05T23:59:59Z,86395,86395,0,1.0,0.999824524,1.000061633,0.001074912,0,0,1,1,-0.0,1.456536,11.940526,-2.498066e-10,0.001456446,0.01193979,False,0.01108,False
2022-07-06,RS01SLBS-MJ01A-12-VEL3DB101,2,True,2022-07-06T00:00:00Z,2022-07-06T23:59:59Z,86394,86394,0,1.0,0.999950886,1.000061645,0.000546946,0,0,1,1,0.0,1.760612,5.259373,2.309011e-12,0.001760504,0.005259049,False,0.00287,False
2022-07-07,RS01SLBS-MJ01A-12-VEL3DB101,2,True,2022-07-07T00:00:00Z,2022-07-07T23:59:59Z,86395,86395,0,1.0,1.000483036,1.000061681,0.000824289,0,0,1,1,-1e-06,1.381488,3.805474,-1.020381e-09,0.001381403,0.00380524,False,0.003199,False
2022-07-08,RS01SLBS-MJ01A-12-VEL3DB101,2,True,2022-07-08T00:00:00Z,2022-07-08T23:59:59Z,86395,86395,0,1.0,1.00048399,1.000061639,-0.001635976,0,0,0,0,-0.0,1.66636,4.165637,-3.149938e-10,0.001666257,0.00416538,False,0.00321,False
2022-07-09,RS01SLBS-MJ01A-12-VEL3DB101,2,True,2022-07-09T00:00:00Z,2022-07-09T23:59:59Z,86394,86394,0,1.0,0.999898434,1.000061658,0.001063361,0,0,0,0,-0.0,0.752364,3.071089,-3.781992e-10,0.000752318,0.0030709,False,0.002997,False
2022-07-10,RS01SLBS-MJ01A-12-VEL3DB101,2,True,2022-07-10T00:00:00Z,2022-07-10T23:59:59Z,86395,86395,0,1.0,0.999861479,1.000061674,0.001497264,0,0,0,0,-0.0,0.756999,2.945466,-3.241675e-10,0.0007569526,0.002945284,False,0.002979,False
2022-07-11,RS01SLBS-MJ01A-12-VEL3DB101,2,True,2022-07-11T00:00:00Z,2022-07-11T23:59:59Z,86395,86395,0,1.0,0.999727726,1.000061644,-0.000182671,0,0,0,0,-0.0,1.404034,11.91772,-3.818656e-10,0.001403947,0.01191699,False,0.011975,False
2022-07-12,RS01SLBS-MJ01A-12-VEL3DB101,2,True,2022-07-12T00:00:00Z,2022-07-12T23:59:59Z,86394,86394,0,1.0,0.999711037,1.000061655,0.003004716,0,0,2,2,1e-06,1.92343,5.917563,5.421795e-10,0.001923312,0.005917198,False,0.005914,False
2022-07-13,RS01SLBS-MJ01A-12-VEL3DB101,2,True,2022-07-13T00:00:00Z,2022-07-13T23:59:59Z,86395,86395,0,1.0,0.999689102,1.000061689,0.000579984,0,0,0,0,-0.0,0.72961,2.627829,-3.472586e-10,0.0007295647,0.002627667,False,0.003223,False
2022-07-14,RS01SLBS-MJ01A-12-VEL3DB101,2,True,2022-07-14T00:00:00Z,2022-07-14T23:59:59Z,86395,86395,0,1.0,0.999709129,1.000061677,0.00048598,0,0,0,0,-0.0,1.338443,6.403122,-3.359367e-10,0.00133836,0.006402727,False,0.003836,False
2022-07-15,RS01SLBS-MJ01A-12-VEL3DB101,2,True,2022-07-15T00:00:00Z,2022-07-15T23:59:59Z,86394,86394,0,1.0,0.99971199,1.000061656,0.003940574,0,0,0,0,-0.0,2.370961,12.845815,-3.926058e-10,0.002370814,0.01284502,False,0.012826,False
2022-07-16,RS01SLBS-MJ01A-12-VEL3DB101,2,True,2022-07-16T00:00:00Z,2022-07-16T23:59:59Z,86395,86395,0,1.0,0.999724865,1.000061683,0.003617324,0,0,0,0,-0.0,4.376194,10.782429,-2.956256e-10,0.004375924,0.01078176,False,0.003133,False
2022-07-17,RS01SLBS-MJ01A-12-VEL3DB101,2,True,2022-07-17T00:00:00Z,2022-07-17T23:59:59Z,86395,86395,0,1.0,0.999722958,1.000061696,-0.002289175,0,0,1,1,-1e-06,1.720228,12.268617,-5.594565e-10,0.001720122,0.01226786,False,0.011465,False
2022-07-18,RS01SLBS-MJ01A-12-VEL3DB101,2,True,2022-07-18T00:00:00Z,2022-07-18T23:59:59Z,86394,86394,0,1.0,0.999706268,1.000061687,0.000815167,0,0,1,1,1e-06,1.227974,3.7854,5.935769e-10,0.001227898,0.003785167,False,0.003189,False
2022-07-19,RS01SLBS-MJ01A-12-VEL3DB101,2,True,2022-07-19T00:00:00Z,2022-07-19T23:59:59Z,86395,86395,0,1.0,0.999731064,1.000061657,-0.000284084,0,0,2,2,-0.0,0.808323,6.184107,-1.723845e-10,0.0008082734,0.006183726,False,0.006665,False
2022-07-20,RS01SLBS-MJ01A-12-VEL3DB101,2,True,2022-07-20T00:00:00Z,2022-07-20T23:59:59Z,86395,86395,0,1.0,0.99976778,1.000061661,-0.001133696,0,0,1,1,-0.0,0.90864,2.810732,-3.565729e-10,0.0009085841,0.002810559,False,0.003034,False
2022-07-21,RS01SLBS-MJ01A-12-VEL3DB101,2,True,2022-07-21T00:00:00Z,2022-07-21T23:59:59Z,86394,86394,0,1.0,0.999802113,1.000061654,0.000825672,0,0,0,0,-0.0,0.818791,2.774533,-3.787474e-10,0.0008187409,0.002774362,False,0.003072,False
2022-07-22,RS01SLBS-MJ01A-12-VEL3DB101,2,True,2022-07-22T00:00:00Z,2022-07-22T23:59:59Z,86395,86395,0,1.0,0.9999125,1.000061668,0.002151331,0,0,1,1,0.0,2.114212,5.445275,1.713576e-10,0.002114082,0.005444939,False,0.002974,False
2022-07-23,RS01SLBS-MJ01A-12-VEL3DB101,2,True,2022-07-23T00:00:00Z,2022-07-23T23:59:59Z,86395,86395,0,1.0,0.999816895,1.000061664,-0.001499205,0,0,0,0,-0.0,0.889371,3.729502,-3.22982e-10,0.000889316,0.003729272,False,0.003105,False
2022-07-24,RS01SLBS-MJ01A-12-VEL3DB101,2,True,2022-07-24T00:00:00Z,2022-07-24T23:59:59Z,86394,86394,0,1.0,0.999823093,1.000061664,-0.000378602,0,0,0,0,-0.0,0.864101,2.928141,-4.417164e-10,0.0008640479,0.002927961,False,0.002967,False
2022-07-25,RS01SLBS-MJ01A-12-VEL3DB101,2,True,2022-07-25T00:00:00Z,2022-07-25T23:59:59Z,86395,86395,0,1.0,0.99976635,1.000061643,0.003260394,0,0,0,0,-0.0,1.873917,4.80886,-3.261838e-10,0.001873801,0.004808564,False,0.003065,False
2022-07-26,RS01SLBS-MJ01A-12-VEL3DB101,2,True,2022-07-26T00:00:00Z,2022-07-26T23:59:59Z,86395,86395,0,1.0,0.999701023,1.000061651,0.001149815,0,0,0,0,-0.0,1.150129,9.529017,-3.855428e-10,0.001150058,0.00952843,False,0.011952,False
2022-07-27,RS01SLBS-MJ01A-12-VEL3DB101,2,True,2022-07-27T00:00:00Z,2022-07-27T23:59:59Z,86394,86394,0,1.0,0.999774933,1.000061636,0.005279545,0,0,0,0,-0.0,1.903163,6.131601,-4.564226e-10,0.001903045,0.006131223,False,0.004038,False
2022-07-28,RS01SLBS-MJ01A-12-VEL3DB101,2,True,2022-07-28T00:00:00Z,2022-07-28T23:59:59Z,86382,86395,13,1.0,0.999755859,1.00006163,0.002867454,1,13,1,13,0.0,1.258261,4.694956,4.246451e-10,0.001258184,0.004694667,False,0.004525,True
2022-07-29,RS01SLBS-MJ01A-12-VEL3DB101,2,True,2022-07-29T00:00:00Z,2022-07-29T23:59:59Z,86395,86395,0,1.0,0.999796152,1.000061664,0.002406862,0,0,1,1,-1e-06,1.167814,3.733295,-5.052564e-10,0.001167742,0.003733064,False,0.003071,False
2022-07-30,RS01SLBS-MJ01A-12-VEL3DB101,2,True,2022-07-30T00:00:00Z,2022-07-30T23:59:59Z,86394,86394,0,1.0,0.999870777,1.000061676,-0.001017286,0,0,0,0,-0.0,0.878598,3.056033,-3.808023e-10,0.0008785434,0.003055844,False,0.003004,False
2022-07-31,RS01SLBS-MJ01A-12-VEL3DB101,2,True,2022-07-31T00:00:00Z,2022-07-31T23:59:59Z,86395,86395,0,1.0,0.999904156,1.000061666,-0.000703464,0,0,1,1,-0.0,0.95705,5.464512,-1.859051e-10,0.0009569907,0.005464175,False,0.004615,False
2022-08-01,RS01SLBS-MJ01A-12-VEL3DB101,2,True,2022-08-01T00:00:00Z,2022-08-01T23:59:59Z,86395,86395,0,1.0,0.999809265,1.000061672,0.000606078,0,0,1,1,0.0,0.967191,12.207702,4.46438e-12,0.0009671316,0.01220695,False,0.012713,False
2022-08-02,RS01SLBS-MJ01A-12-VEL3DB101,2,True,2022-08-02T00:00:00Z,2022-08-02T23:59:59Z,84130,86395,2265,1.0,0.999763012,1.000058458,0.090340622,4,2265,4,2266,0.0,193.752481,825.122559,1.887271e-10,0.1937412,0.8250743,True,0.383261,True
2022-08-03,RS01SLBS-MJ01A-12-VEL3DB101,2,True,2022-08-03T00:00:00Z,2022-08-03T23:59:59Z,86395,86395,0,1.0,0.999749184,1.00006172,-0.001347029,0,0,1,1,0.0,1.543777,4.397063,1.174725e-10,0.001543681,0.004396792,False,0.003257,False
2022-08-04,RS01SLBS-MJ01A-12-VEL3DB101,2,True,2022-08-04T00:00:00Z,2022-08-04T23:59:59Z,86395,86395,0,1.0,0.999732971,1.000061653,0.000460928,0,0,1,1,-0.0,0.722142,2.489661,-5.053028e-12,0.0007220973,0.002489508,False,0.003167,False
2022-08-05,RS01SLBS-MJ01A-12-VEL3DB101,2,True,2022-08-05T00:00:00Z,2022-08-05T23:59:59Z,86293,86394,101,1.0,0.999765873,1.000061675,0.000225827,1,101,1,101,0.0,0.935927,3.179419,6.805762e-12,0.0009358692,0.003179223,False,0.030532,True
2022-08-06,RS01SLBS-MJ01A-12-VEL3DB101,2,True,2022-08-06T00:00:00Z,2022-08-06T23:59:59Z,86092,86395,303,1.0,0.999812126,1.00006166,0.000876264,3,303,3,303,0.0,1.119008,3.342716,1.789428e-10,0.001118939,0.00334251,False,0.026031,True
2022-08-07,RS01SLBS-MJ01A-12-VEL3DB101,2,True,2022-08-07T00:00:00Z,2022-08-07T23:59:59Z,85991,86395,404,1.0,0.999789238,1.000061661,0.002457596,5,404,5,405,-0.0,1.935907,5.431993,-4.443955e-10,0.001935787,0.005431659,False,0.028301,True
2022-08-08,RS01SLBS-MJ01A-12-VEL3DB101,2,True,2022-08-08T00:00:00Z,2022-08-08T23:59:59Z,85788,86394,606,1.0,0.999823093,1.000061651,-0.001663713,6,606,6,606,-1e-06,0.77279,2.638356,-5.337882e-10,0.0007727422,0.002638193,False,0.025446,True
2022-08-09,RS01SLBS-MJ01A-12-VEL3DB101,2,True,2022-08-09T00:00:00Z,2022-08-09T23:59:59Z,86395,86395,0,1.0,0.999783993,1.000061643,0.001051095,0,0,0,0,-0.0,1.220731,4.695287,-3.10955e-10,0.001220656,0.004694997,False,0.005187,False
2022-08-10,RS01SLBS-MJ01A-12-VEL3DB101,2,True,2022-08-10T00:00:00Z,2022-08-10T23:59:59Z,84333,86395,2062,1.0,0.999691963,1.000061654,0.003305338,9,2062,9,2062,0.0,1.994533,4.538916,3.476498e-10,0.001994411,0.004538636,False,0.464601,True
2022-08-11,RS01SLBS-MJ01A-12-VEL3DB101,2,True,2022-08-11T00:00:00Z,2022-08-11T23:59:59Z,85889,86394,505,1.0,0.999719143,1.000061653,0.001458978,5,505,5,505,-0.0,1.753759,4.46138,-4.957874e-10,0.001753651,0.004461105,False,0.035473,True
2022-08-12,RS01SLBS-MJ01A-12-VEL3DB101,2,True,2022-08-12T00:00:00Z,2022-08-12T23:59:59Z,84879,86395,1516,1.0,0.999732018,1.000061682,0.001395587,15,1516,15,1516,0.0,1.353335,4.190363,5.080005e-11,0.001353252,0.004190105,False,0.035542,True
2022-08-13,RS01SLBS-MJ01A-12-VEL3DB101,2,True,2022-08-13T00:00:00Z,2022-08-13T23:59:59Z,86395,86395,0,1.0,0.999742985,1.000061698,0.000925532,0,0,0,0,-0.0,1.214124,3.425108,-3.017203e-10,0.001214049,0.003424896,False,0.003111,False
2022-08-14,RS01SLBS-MJ01A-12-VEL3DB101,2,True,2022-08-14T00:00:00Z,2022-08-14T23:59:59Z,86394,86394,0,1.0,0.999749184,1.000061685,-0.00081095,0,0,0,0,-0.0,1.3768,3.990772,-3.970621e-10,0.001376715,0.003990526,False,0.003116,False
2022-08-15,RS01SLBS-MJ01A-12-VEL3DB101,2,True,2022-08-15T00:00:00Z,2022-08-15T23:59:59Z,86395,86395,0,1.0,0.999760628,1.000061674,0.001678034,0,0,0,0,-0.0,1.036705,3.165846,-3.347192e-10,0.001036641,0.003165651,False,0.003075,False
2022-08-16,RS01SLBS-MJ01A-12-VEL3DB101,2,True,2022-08-16T00:00:00Z,2022-08-16T23:59:59Z,86395,86395,0,1.0,0.999774933,1.000061649,-0.00080309,0,0,0,0,-0.0,0.715798,3.302749,-3.309159e-10,0.0007157536,0.003302546,False,0.004465,False
2022-08-17,RS01SLBS-MJ01A-12-VEL3DB101,2,True,2022-08-17T00:00:00Z,2022-08-17T23:59:59Z,86394,86394,0,1.0,0.999734879,1.000061606,0.004344452,0,0,1,1,-0.0,2.098881,5.429953,-1.937349e-11,0.002098751,0.005429618,False,0.003116,False
2022-08-18,RS01SLBS-MJ01A-12-VEL3DB101,2,True,2022-08-18T00:00:00Z,2022-08-18T23:59:59Z,86395,86395,0,1.0,0.999698639,1.000061662,0.001079754,0,0,0,0,-0.0,1.007016,3.351773,-3.239131e-10,0.001006954,0.003351566,False,0.003239,False
2022-08-19,RS01SLBS-MJ01A-12-VEL3DB101,2,True,2022-08-19T00:00:00Z,2022-08-19T23:59:59Z,86395,86395,0,1.0,0.999722958,1.000061696,0.001027797,0,0,1,1,0.0,1.099354,3.372426,3.101767e-11,0.001099287,0.003372218,False,0.003199,False
2022-08-20,RS01SLBS-MJ01A-12-VEL3DB101,2,True,2022-08-20T00:00:00Z,2022-08-20T23:59:59Z,86394,86394,0,1.0,0.999738693,1.000061673,0.002021215,0,0,0,0,-0.0,1.623546,4.425031,-4.433734e-10,0.001623446,0.004424758,False,0.003238,False
2022-08-21,RS01SLBS-MJ01A-12-VEL3DB101,2,True,2022-08-21T00:00:00Z,2022-08-21T23:59:59Z,86395,86395,0,1.0,0.999737263,1.000061695,0.001251461,0,0,0,0,-0.0,0.881838,4.48706,-3.42725e-10,0.0008817839,0.004486784,False,0.004137,False
2022-08-22,RS01SLBS-MJ01A-12-VEL3DB101,2,True,2022-08-22T00:00:00Z,2022-08-22T23:59:59Z,86395,86395,0,1.0,0.999727249,1.000061638,0.0019158,0,0,0,0,-0.0,1.50016,4.969609,-3.168537e-10,0.001500067,0.004969302,False,0.005682,False
2022-08-23,RS01SLBS-MJ01A-12-VEL3DB101,2,True,2022-08-23T00:00:00Z,2022-08-23T23:59:59Z,86394,86394,0,1.0,0.999789238,1.000061607,0.007101043,0,0,0,0,-0.0,3.398744,8.776522,-3.724942e-10,0.003398534,0.008775982,False,0.003008,False
2022-08-24,RS01SLBS-MJ01A-12-VEL3DB101,2,True,2022-08-24T00:00:00Z,2022-08-24T19:52:50Z,71567,71567,0,1.0,0.999757767,1.000061638,0.000803041,0,0,0,0,0.0,2.191066,5.828711,3.673766e-10,0.002190931,0.005828352,False,0.003121,False
2022-08-25,RS01SLBS-MJ01A-12-VEL3DB101,2,False,,,0,0,,1.0,,,,,,,,,,,,,,,,False
2022-08-26,RS01SLBS-MJ01A-12-VEL3DB101,2,False,,,0,0,,1.0,,,,,,,,,,,,,,,,False
2022-08-27,RS01SLBS-MJ01A-12-VEL3DB101,2,False,,,0,0,,1.0,,,,,,,,,,,,,,,,False
2022-08-28,RS01SLBS-MJ01A-12-VEL3DB101,2,False,,,0,0,,1.0,,,,,,,,,,,,,,,,False
2022-08-29,RS01SLBS-MJ01A-12-VEL3DB101,2,False,,,0,0,,1.0,,,,,,,,,,,,,,,,False
2022-08-30,RS01SLBS-MJ01A-12-VEL3DB101,2,False,,,0,0,,1.0,,,,,,,,,,,,,,,,False
2022-08-31,RS01SLBS-MJ01A-12-VEL3DB101,2,False,,,0,0,,1.0,,,,,,,,,,,,,,,,False
2022-09-01,RS01SLBS-MJ01A-12-VEL3DB101,2,False,,,0,0,,1.0,,,,,,,,,,,,,,,,False
2022-09-02,RS01SLBS-MJ01A-12-VEL3DB101,2,False,,,0,0,,1.0,,,,,,,,,,,,,,,,False
2022-09-03,RS01SLBS-MJ01A-12-VEL3DB101,2,False,,,0,0,,1.0,,,,,,,,,,,,,,,,False
2022-09-04,RS01SLBS-MJ01A-12-VEL3DB101,2,False,,,0,0,,1.0,,,,,,,,,,,,,,,,False
2022-09-05,RS01SLBS-MJ01A-12-VEL3DB101,2,False,,,0,0,,1.0,,,,,,,,,,,,,,,,False
2022-09-06,RS01SLBS-MJ01A-12-VEL3DB101,2,False,,,0,0,,1.0,,,,,,,,,,,,,,,,False
2022-09-07,RS01SLBS-MJ01A-12-VEL3DB101,2,False,,,0,0,,1.0,,,,,,,,,,,,,,,,False
2022-09-08,RS01SLBS-MJ01A-12-VEL3DB101,2,False,,,0,0,,1.0,,,,,,,,,,,,,,,,False
2022-09-09,RS01SLBS-MJ01A-12-VEL3DB101,2,False,,,0,0,,1.0,,,,,,,,,,,,,,,,False
2022-09-10,RS01SLBS-MJ01A-12-VEL3DB101,2,False,,,0,0,,1.0,,,,,,,,,,,,,,,,False
2022-09-11,RS01SLBS-MJ01A-12-VEL3DB101,2,False,,,0,0,,1.0,,,,,,,,,,,,,,,,False
2022-09-12,RS01SLBS-MJ01A-12-VEL3DB101,2,False,,,0,0,,1.0,,,,,,,,,,,,,,,,False
2022-09-13,RS01SLBS-MJ01A-12-VEL3DB101,2,True,2022-09-13T20:09:47Z,2022-09-13T23:59:59Z,13711,13812,101,1.0,0.999838829,1.000061578,-0.010854081,1,101,1,101,-0.0,0.632691,10.854081,-1.436163e-11,0.0006326523,0.01085341,False,0.022086,True
2022-09-14,RS01SLBS-MJ01A-12-VEL3DB101,2,True,2022-09-14T00:00:00Z,2022-09-14T23:59:59Z,86395,86395,0,1.0,0.999792099,1.000061684,-0.000210168,0,0,2,2,0.0,1.365292,5.734914,9.644403e-11,0.001365207,0.005734561,False,0.004856,False
2022-09-15,RS01SLBS-MJ01A-12-VEL3DB101,2,True,2022-09-15T00:00:00Z,2022-09-15T23:59:59Z,86394,86394,0,1.0,0.999734402,1.000061676,-0.000111866,0,0,1,1,0.0,1.438119,3.887368,4.424621e-10,0.00143803,0.003887128,False,0.003192,False
2022-09-16,RS01SLBS-MJ01A-12-VEL3DB101,2,True,2022-09-16T00:00:00Z,2022-09-16T23:59:59Z,86395,86395,0,1.0,0.999722958,1.000061693,0.001167325,0,0,1,1,-0.0,0.93653,3.002235,-2.801814e-10,0.0009364724,0.00300205,False,0.003223,False
2022-09-17,RS01SLBS-MJ01A-12-VEL3DB101,2,True,2022-09-17T00:00:00Z,2022-09-17T23:59:59Z,86395,86395,0,1.0,0.999741077,1.00006171,-4.7643e-05,0,0,0,0,-0.0,1.078336,3.453014,-3.158131e-10,0.001078269,0.003452801,False,0.003177,False
2022-09-18,RS01SLBS-MJ01A-12-VEL3DB101,2,True,2022-09-18T00:00:00Z,2022-09-18T23:59:59Z,86394,86394,0,1.0,0.999743938,1.000061684,-0.000158227,0,0,0,0,-0.0,0.945993,3.904074,-4.142992e-10,0.0009459342,0.003903834,False,0.003497,False
2022-09-19,RS01SLBS-MJ01A-12-VEL3DB101,2,True,2022-09-19T00:00:00Z,2022-09-19T23:59:59Z,86395,86395,0,1.0,0.999851227,1.00006169,0.000944656,0,0,2,2,-0.0,1.118945,3.905537,-1.961444e-10,0.001118876,0.003905297,False,0.003005,False
2022-09-20,RS01SLBS-MJ01A-12-VEL3DB101,2,True,2022-09-20T00:00:00Z,2022-09-20T23:59:59Z,86395,86395,0,1.0,0.999740124,1.000061666,-0.000251392,0,0,1,1,-0.0,1.259064,4.130457,-1.657002e-10,0.001258986,0.004130203,False,0.003143,False
2022-09-21,RS01SLBS-MJ01A-12-VEL3DB101,2,True,2022-09-21T00:00:00Z,2022-09-21T23:59:59Z,86394,86394,0,1.0,0.999732971,1.000061678,0.00318208,0,0,0,0,-0.0,1.319132,3.913605,-4.032976e-10,0.00131905,0.003913364,False,0.003233,False
2022-09-22,RS01SLBS-MJ01A-12-VEL3DB101,2,True,2022-09-22T00:00:00Z,2022-09-22T23:59:59Z,86395,86395,0,1.0,0.999752045,1.000061692,-0.000678068,0,0,0,0,-0.0,0.733737,2.448474,-3.17163e-10,0.000733692,0.002448323,False,0.003136,False
2022-09-23,RS01SLBS-MJ01A-12-VEL3DB101,2,True,2022-09-23T00:00:00Z,2022-09-23T23:59:59Z,86395,86395,0,1.0,0.999773026,1.00006168,0.001961057,0,0,0,0,-0.0,0.799156,2.500581,-3.23228e-10,0.0007991068,0.002500426,False,0.003113,False
2022-09-24,RS01SLBS-MJ01A-12-VEL3DB101,2,True,2022-09-24T00:00:00Z,2022-09-24T23:59:59Z,86394,86394,0,1.0,0.999767303,1.000061704,0.001350388,0,0,2,2,0.0,1.503368,5.128506,1.81776e-10,0.001503275,0.00512819,False,0.003182,False
2022-09-25,RS01SLBS-MJ01A-12-VEL3DB101,2,True,2022-09-25T00:00:00Z,2022-09-25T23:59:59Z,86395,86395,0,1.0,0.999764919,1.000061713,-0.00071532,0,0,2,2,1e-06,0.917457,2.77916,9.143718e-10,0.0009174004,0.002778989,False,0.003129,False
2022-09-26,RS01SLBS-MJ01A-12-VEL3DB101,2,True,2022-09-26T00:00:00Z,2022-09-26T23:59:59Z,86395,86395,0,1.0,0.999728918,1.000061713,-0.000838306,0,0,2,2,1e-06,0.895514,2.967265,7.664486e-10,0.0008954587,0.002967082,False,0.00317,False
2022-09-27,RS01SLBS-MJ01A-12-VEL3DB101,2,True,2022-09-27T00:00:00Z,2022-09-27T23:59:59Z,86394,86394,0,1.0,0.999769211,1.000061686,-0.001360747,0,0,1,1,-0.0,0.775651,2.686838,-2.191387e-11,0.0007756027,0.002686672,False,0.003106,False
2022-09-28,RS01SLBS-MJ01A-12-VEL3DB101,2,True,2022-09-28T00:00:00Z,2022-09-28T23:59:59Z,86395,86395,0,1.0,0.999753952,1.000061695,0.000931401,0,0,0,0,-0.0,1.177661,3.44436,-2.663993e-10,0.001177588,0.003444147,False,0.003152,False
2022-09-29,RS01SLBS-MJ01A-12-VEL3DB101,2,True,2022-09-29T00:00:00Z,2022-09-29T23:59:59Z,86395,86395,0,1.0,0.999762058,1.00006171,0.001334741,0,0,0,0,-0.0,1.986988,5.080526,-3.706969e-10,0.001986866,0.005080212,False,0.00309,False
2022-09-30,RS01SLBS-MJ01A-12-VEL3DB101,2,True,2022-09-30T00:00:00Z,2022-09-30T23:59:59Z,86394,86394,0,1.0,0.999756336,1.000061734,-0.000353233,0,0,0,0,-0.0,1.023468,5.592017,-4.260763e-10,0.001023405,0.005591671,False,0.004487,False
2022-10-01,RS01SLBS-MJ01A-12-VEL3DB101,2,True,2022-10-01T00:00:00Z,2022-10-01T23:59:59Z,86395,86395,0,1.0,0.999767065,1.000061699,-0.000605642,0,0,3,3,-0.0,0.772419,9.662326,-2.664325e-10,0.0007723711,0.00966173,False,0.008912,False
2022-10-02,RS01SLBS-MJ01A-12-VEL3DB101,2,True,2022-10-02T00:00:00Z,2022-10-02T23:59:59Z,86395,86395,0,1.0,0.999741077,1.000061708,0.001115167,0,0,0,0,-0.0,0.759299,2.307312,-3.76403e-10,0.0007592526,0.00230717,False,0.003139,False
2022-10-03,RS01SLBS-MJ01A-12-VEL3DB101,2,True,2022-10-03T00:00:00Z,2022-10-03T23:59:59Z,86394,86394,0,1.0,0.99977541,1.000061699,0.001421785,0,0,1,1,0.0,1.16371,4.623765,3.572993e-10,0.001163638,0.00462348,False,0.003248,False
2022-10-04,RS01SLBS-MJ01A-12-VEL3DB101,2,True,2022-10-04T00:00:00Z,2022-10-04T23:59:59Z,86395,86395,0,1.0,0.999780178,1.000061692,0.004316278,0,0,0,0,-0.0,1.214591,6.583989,-3.217617e-10,0.001214516,0.006583583,False,0.006622,False
2022-10-05,RS01SLBS-MJ01A-12-VEL3DB101,2,True,2022-10-05T00:00:00Z,2022-10-05T23:59:59Z,86395,86395,0,1.0,0.999732971,1.000061687,0.002153403,0,0,0,0,-0.0,0.850866,6.692637,-3.429903e-10,0.0008508133,0.006692225,False,0.004765,False
2022-10-06,RS01SLBS-MJ01A-12-VEL3DB101,2,True,2022-10-06T00:00:00Z,2022-10-06T23:59:59Z,86394,86394,0,1.0,0.999750137,1.000061714,2.06e-07,0,0,0,0,-0.0,0.930449,2.756067,-4.073797e-10,0.0009303913,0.002755897,False,0.003227,False
2022-10-07,RS01SLBS-MJ01A-12-VEL3DB101,2,True,2022-10-07T00:00:00Z,2022-10-07T23:59:59Z,86395,86395,0,1.0,0.999740601,1.000061684,0.002153402,0,0,0,0,-0.0,2.16467,7.086862,-3.261804e-10,0.002164537,0.007086425,False,0.006586,False
2022-10-08,RS01SLBS-MJ01A-12-VEL3DB101,2,True,2022-10-08T00:00:00Z,2022-10-08T23:59:59Z,86377,86395,18,1.0,0.999751091,1.000061702,-0.003151144,1,18,1,18,-0.0,1.843993,4.294075,-1.961655e-10,0.001843879,0.004293811,False,0.006121,True
2022-10-09,RS01SLBS-MJ01A-12-VEL3DB101,2,True,2022-10-09T00:00:00Z,2022-10-09T23:59:59Z,86394,86394,0,1.0,0.999740124,1.000061714,0.002552478,0,0,1,1,1e-06,1.740065,6.225731,6.578874e-10,0.001739957,0.006225347,False,0.006583,False
2022-10-10,RS01SLBS-MJ01A-12-VEL3DB101,2,True,2022-10-10T00:00:00Z,2022-10-10T23:59:59Z,86395,86395,0,1.0,0.999745846,1.00006171,0.000200286,0,0,1,1,1e-06,1.431342,353.005154,9.192494e-10,0.001431254,0.3529834,False,0.353819,False
2022-10-11,RS01SLBS-MJ01A-12-VEL3DB101,2,True,2022-10-11T00:00:00Z,2022-10-11T23:59:59Z,86395,86395,0,1.0,0.999707699,1.000061711,-0.001235673,0,0,0,0,-0.0,0.995343,5.703911,-3.269529e-10,0.000995282,0.00570356,False,0.007332,False
2022-10-12,RS01SLBS-MJ01A-12-VEL3DB101,2,True,2022-10-12T00:00:00Z,2022-10-12T23:59:58Z,86394,86394,0,1.0,0.999731064,1.000061696,0.001438204,0,0,0,0,-0.0,0.822528,2.985341,-4.167722e-10,0.0008224775,0.002985157,False,0.003092,False
2022-10-13,RS01SLBS-MJ01A-12-VEL3DB101,2,True,2022-10-13T00:00:00Z,2022-10-13T23:59:59Z,86395,86395,0,1.0,0.999735832,1.000061692,0.00145126,0,0,1,1,-0.0,1.572539,4.70569,-1.970633e-12,0.001572442,0.004705399,False,0.0031,False
2022-10-14,RS01SLBS-MJ01A-12-VEL3DB101,2,True,2022-10-14T00:00:00Z,2022-10-14T23:59:59Z,86395,86395,0,1.0,0.999724388,1.000061701,0.000211965,0,0,0,0,-0.0,1.288378,6.30953,-3.30157e-10,0.001288299,0.00630914,False,0.005669,False
2022-10-15,RS01SLBS-MJ01A-12-VEL3DB101,2,True,2022-10-15T00:00:00Z,2022-10-15T23:59:59Z,86395,86395,0,1.0,0.99973917,1.000061706,-0.001077058,0,0,0,0,-0.0,1.137836,6.365425,-3.691323e-10,0.001137766,0.006365032,False,0.006904,False
2022-10-16,RS01SLBS-MJ01A-12-VEL3DB101,2,True,2022-10-16T00:00:00Z,2022-10-16T23:59:59Z,86394,86394,0,1.0,0.999722004,1.000061723,-0.001305731,0,0,1,1,1e-06,1.078064,5.176446,7.45814e-10,0.001077998,0.005176126,False,0.005823,False
2022-10-17,RS01SLBS-MJ01A-12-VEL3DB101,2,True,2022-10-17T00:00:00Z,2022-10-17T23:59:59Z,86395,86395,0,1.0,0.999735355,1.0000617,-0.002067048,0,0,0,0,-0.0,1.047496,7.14377,-3.338456e-10,0.001047431,0.007143329,False,0.006553,False
2022-10-18,RS01SLBS-MJ01A-12-VEL3DB101,2,True,2022-10-18T00:00:00Z,2022-10-18T23:59:59Z,86395,86395,0,1.0,0.999751091,1.000061697,0.001321276,0,0,3,3,-0.0,3.227864,9.796826,-1.34199e-10,0.003227665,0.009796222,False,0.007034,False
2022-10-19,RS01SLBS-MJ01A-12-VEL3DB101,2,True,2022-10-19T00:00:00Z,2022-10-19T23:59:59Z,85913,86394,481,1.0,0.999717236,1.000061685,-0.005567131,2,481,2,482,0.0,1.963253,7.060361,2.983568e-10,0.001963132,0.007059925,False,0.166002,True
2022-10-20,RS01SLBS-MJ01A-12-VEL3DB101,2,True,2022-10-20T00:00:00Z,2022-10-20T23:59:59Z,86395,86395,0,1.0,0.999773026,1.000061808,-0.002376975,0,0,2,2,-0.0,3.087897,10.24285,-4.38816e-10,0.003087706,0.01024222,False,0.005786,False
2022-10-21,RS01SLBS-MJ01A-12-VEL3DB101,2,True,2022-10-21T00:00:00Z,2022-10-21T23:59:59Z,86395,86395,0,1.0,0.999747276,1.000061852,-0.007212509,0,0,0,0,-0.0,3.483141,7.349147,-3.397127e-10,0.003482926,0.007348692,False,0.003231,False
2022-10-22,RS01SLBS-MJ01A-12-VEL3DB101,2,True,2022-10-22T00:00:00Z,2022-10-22T23:59:59Z,86394,86394,0,1.0,0.99975872,1.00006171,-0.000939054,0,0,0,0,-0.0,1.270982,6.115437,-4.099637e-10,0.001270904,0.00611506,False,0.005111,False
2022-10-23,RS01SLBS-MJ01A-12-VEL3DB101,2,True,2022-10-23T00:00:00Z,2022-10-23T23:59:59Z,86395,86395,0,1.0,0.999765873,1.00006172,0.000655131,0,0,0,0,-0.0,0.844623,5.427748,-3.204322e-10,0.0008445713,0.005427413,False,0.005245,False
2022-10-24,RS01SLBS-MJ01A-12-VEL3DB101,2,True,2022-10-24T00:00:00Z,2022-10-24T23:59:59Z,86395,86395,0,1.0,0.999788284,1.000061693,0.000597981,0,0,0,0,-0.0,1.186707,3.308735,-3.351282e-10,0.001186634,0.003308531,False,0.00302,False
2022-10-25,RS01SLBS-MJ01A-12-VEL3DB101,2,True,2022-10-25T00:00:00Z,2022-10-25T23:59:59Z,86394,86394,0,1.0,0.999763012,1.000061702,0.001629658,0,0,0,0,-0.0,1.033537,7.042877,-4.105289e-10,0.001033473,0.007042443,False,0.006551,False
2022-10-26,RS01SLBS-MJ01A-12-VEL3DB101,2,True,2022-10-26T00:00:00Z,2022-10-26T23:59:59Z,86395,86395,0,1.0,0.999752998,1.000061701,-0.000354698,0,0,1,1,1e-06,0.690603,2.432335,5.544326e-10,0.0006905608,0.002432185,False,0.003177,False
2022-10-27,RS01SLBS-MJ01A-12-VEL3DB101,2,True,2022-10-27T00:00:00Z,2022-10-27T23:59:59Z,86395,86395,0,1.0,0.999770641,1.000061728,-0.001466233,0,0,1,1,0.0,1.169544,6.244056,1.684174e-10,0.001169471,0.006243671,False,0.005837,False
2022-10-28,RS01SLBS-MJ01A-12-VEL3DB101,2,True,2022-10-28T00:00:00Z,2022-10-28T23:59:59Z,86394,86394,0,1.0,0.999738216,1.000061738,-0.000653251,0,0,1,1,0.0,1.131685,6.437136,2.750436e-10,0.001131615,0.006436739,False,0.006324,False
2022-10-29,RS01SLBS-MJ01A-12-VEL3DB101,2,True,2022-10-29T00:00:00Z,2022-10-29T23:59:59Z,86395,86395,0,1.0,0.999751091,1.00006172,0.000854854,0,0,0,0,-0.0,2.154771,5.413646,-3.293948e-10,0.002154638,0.005413311,False,0.003227,False
2022-10-30,RS01SLBS-MJ01A-12-VEL3DB101,2,True,2022-10-30T00:00:00Z,2022-10-30T23:59:59Z,86395,86395,0,1.0,0.999768257,1.000061681,0.001291629,0,0,0,0,-0.0,0.877055,4.050937,-3.276101e-10,0.0008770012,0.004050687,False,0.003181,False
2022-10-31,RS01SLBS-MJ01A-12-VEL3DB101,2,True,2022-10-31T00:00:00Z,2022-10-31T23:59:59Z,86394,86394,0,1.0,0.999763966,1.000061704,0.002322533,0,0,0,0,-0.0,1.677986,7.590511,-4.26926e-10,0.001677883,0.007590043,False,0.00762,False
2022-11-01,RS01SLBS-MJ01A-12-VEL3DB101,2,True,2022-11-01T00:00:00Z,2022-11-01T23:59:59Z,86395,86395,0,1.0,0.99973917,1.000061734,0.001177017,0,0,1,1,-0.0,1.0407,10.15048,-2.507603e-10,0.001040636,0.01014985,False,0.011542,False
2022-11-02,RS01SLBS-MJ01A-12-VEL3DB101,2,True,2022-11-02T00:00:00Z,2022-11-02T23:59:59Z,86395,86395,0,1.0,0.999773979,1.00006174,-0.001799873,0,0,1,1,-1e-06,3.190922,12.205526,-6.678321e-10,0.003190725,0.01220477,False,0.013162,False
2022-11-03,RS01SLBS-MJ01A-12-VEL3DB101,2,True,2022-11-03T00:00:00Z,2022-11-03T23:59:59Z,85949,86394,445,1.0,0.99973774,1.000061707,-0.00078073,2,445,2,446,-0.0,1.676483,10.139459,-3.839755e-10,0.00167638,0.01013883,False,0.143318,True
2022-11-04,RS01SLBS-MJ01A-12-VEL3DB101,2,True,2022-11-04T00:00:00Z,2022-11-04T23:59:59Z,86395,86395,0,1.0,0.999714375,1.000061718,-0.000660515,0,0,2,2,1e-06,1.111422,5.90777,5.915757e-10,0.001111353,0.005907405,False,0.003408,False
2022-11-05,RS01SLBS-MJ01A-12-VEL3DB101,2,True,2022-11-05T00:00:00Z,2022-11-05T23:59:59Z,86395,86395,0,1.0,0.999765873,1.000061703,-0.002419963,0,0,1,1,0.0,0.781673,2.875597,4.848324e-10,0.0007816246,0.00287542,False,0.003192,False
2022-11-06,RS01SLBS-MJ01A-12-VEL3DB101,2,True,2022-11-06T00:00:00Z,2022-11-06T23:59:59Z,86394,86394,0,1.0,0.999725342,1.00006171,-0.001483114,0,0,0,0,-0.0,0.850063,2.676017,-4.689068e-10,0.0008500107,0.002675852,False,0.003306,False
2022-11-07,RS01SLBS-MJ01A-12-VEL3DB101,2,True,2022-11-07T00:00:00Z,2022-11-07T23:59:59Z,86395,86395,0,1.0,0.999717236,1.000061691,-0.0018847,0,0,0,0,-0.0,0.797755,2.919514,-2.729803e-10,0.0007977059,0.002919334,False,0.003148,False
2022-11-08,RS01SLBS-MJ01A-12-VEL3DB101,2,True,2022-11-08T00:00:00Z,2022-11-08T23:59:59Z,86395,86395,0,1.0,0.999722004,1.000061709,1.9095e-05,0,0,1,1,-0.0,0.691429,2.729967,-2.26213e-11,0.0006913865,0.002729798,False,0.003235,False
2022-11-09,RS01SLBS-MJ01A-12-VEL3DB101,2,True,2022-11-09T00:00:00Z,2022-11-09T23:59:59Z,86394,86394,0,1.0,0.999733925,1.000061712,-0.002185071,0,0,0,0,-0.0,0.797685,2.65707,-4.195845e-10,0.0007976353,0.002656906,False,0.003105,False
2022-11-10,RS01SLBS-MJ01A-12-VEL3DB101,2,True,2022-11-10T00:00:00Z,2022-11-10T23:59:59Z,86395,86395,0,1.0,0.999722004,1.000061697,0.000644752,0,0,0,0,-0.0,0.765671,5.060179,-2.83379e-10,0.000765624,0.005059867,False,0.005106,False
2022-11-11,RS01SLBS-MJ01A-12-VEL3DB101,2,True,2022-11-11T00:00:00Z,2022-11-11T23:59:59Z,86395,86395,0,1.0,0.999795914,1.000061692,0.00065953,0,0,1,1,0.0,0.805313,6.215508,3.154246e-10,0.0008052631,0.006215124,False,0.005033,False
2022-11-12,RS01SLBS-MJ01A-12-VEL3DB101,2,True,2022-11-12T00:00:00Z,2022-11-12T23:59:59Z,86394,86394,0,1.0,0.999732018,1.000061694,0.000757833,0,0,2,2,-0.0,1.186779,3.395906,-2.160782e-10,0.001186706,0.003395696,False,0.003173,False
2022-11-13,RS01SLBS-MJ01A-12-VEL3DB101,2,True,2022-11-13T00:00:00Z,2022-11-13T23:59:59Z,86395,86395,0,1.0,0.999736309,1.000061685,-0.00056816,0,0,1,1,-1e-06,0.644708,2.268175,-5.09376e-10,0.0006446677,0.002268035,False,0.003075,False
2022-11-14,RS01SLBS-MJ01A-12-VEL3DB101,2,True,2022-11-14T00:00:00Z,2022-11-14T23:59:59Z,86395,86395,0,1.0,0.999718666,1.000061692,-0.000974169,0,0,1,1,-0.0,0.792384,2.952844,-3.312938e-11,0.0007923348,0.002952662,False,0.003176,False
2022-11-15,RS01SLBS-MJ01A-12-VEL3DB101,2,True,2022-11-15T00:00:00Z,2022-11-15T23:59:59Z,86394,86394,0,1.0,0.999738693,1.000061696,0.001030984,0,0,0,0,-0.0,1.177849,4.128621,-3.961866e-10,0.001177776,0.004128366,False,0.003154,False
2022-11-16,RS01SLBS-MJ01A-12-VEL3DB101,2,True,2022-11-16T00:00:00Z,2022-11-16T23:59:59Z,86395,86395,0,1.0,0.999740124,1.000061724,0.001363652,0,0,0,0,-0.0,1.832694,5.334821,-2.931768e-10,0.001832581,0.005334492,False,0.003091,False
2022-11-17,RS01SLBS-MJ01A-12-VEL3DB101,2,True,2022-11-17T00:00:00Z,2022-11-17T23:59:59Z,86395,86395,0,1.0,0.999712944,1.000061714,0.00167859,0,0,0,0,-0.0,1.339773,3.723483,-3.320498e-10,0.001339691,0.003723253,False,0.003134,False
2022-11-18,RS01SLBS-MJ01A-12-VEL3DB101,2,True,2022-11-18T00:00:00Z,2022-11-18T23:59:59Z,86394,86394,0,1.0,0.999714851,1.00006172,-0.001783011,0,0,0,0,-0.0,0.831311,7.303466,-4.065792e-10,0.0008312595,0.007303015,False,0.006132,False
2022-11-19,RS01SLBS-MJ01A-12-VEL3DB101,2,True,2022-11-19T00:00:00Z,2022-11-19T23:59:59Z,86395,86395,0,1.0,0.999726772,1.000061685,-0.000208438,0,0,1,1,0.0,0.882795,2.679114,1.07314e-12,0.0008827404,0.002678949,False,0.003154,False
2022-11-20,RS01SLBS-MJ01A-12-VEL3DB101,2,True,2022-11-20T00:00:00Z,2022-11-20T23:59:59Z,86395,86395,0,1.0,0.999738216,1.000061698,0.000942555,0,0,0,0,-0.0,1.759802,4.900371,-3.61642e-10,0.001759693,0.004900069,False,0.003185,False
2022-11-21,RS01SLBS-MJ01A-12-VEL3DB101,2,True,2022-11-21T00:00:00Z,2022-11-21T23:59:59Z,86394,86394,0,1.0,0.999732971,1.000061718,-0.001990133,0,0,0,0,-0.0,0.835977,6.843256,-4.24449e-10,0.0008359258,0.006842834,False,0.005492,False
2022-11-22,RS01SLBS-MJ01A-12-VEL3DB101,2,True,2022-11-22T00:00:00Z,2022-11-22T23:59:59Z,86395,86395,0,1.0,0.99972105,1.000061688,0.001130748,0,0,2,2,0.0,0.754161,2.542787,2.306498e-10,0.0007541147,0.00254263,False,0.003138,False
2022-11-23,RS01SLBS-MJ01A-12-VEL3DB101,2,True,2022-11-23T00:00:00Z,2022-11-23T23:59:59Z,86395,86395,0,1.0,0.999712944,1.000061712,0.000415372,0,0,0,0,-0.0,0.695807,2.538834,-3.215713e-10,0.0006957636,0.002538677,False,0.003204,False
2022-11-24,RS01SLBS-MJ01A-12-VEL3DB101,2,True,2022-11-24T00:00:00Z,2022-11-24T23:59:59Z,86394,86394,0,1.0,0.999726772,1.000061709,0.001190911,0,0,2,2,0.0,0.833367,2.5954,1.660961e-10,0.0008333154,0.00259524,False,0.003136,False
2022-11-25,RS01SLBS-MJ01A-12-VEL3DB101,2,True,2022-11-25T00:00:00Z,2022-11-25T23:59:59Z,86395,86395,0,1.0,0.999742985,1.000061706,-0.000555241,0,0,0,0,-0.0,0.735189,2.385479,-3.259726e-10,0.0007351437,0.002385332,False,0.00313,False
2022-11-26,RS01SLBS-MJ01A-12-VEL3DB101,2,True,2022-11-26T00:00:00Z,2022-11-26T23:59:59Z,86395,86395,0,1.0,0.999742031,1.000061717,-6.7205e-05,0,0,2,2,-0.0,0.693607,2.107841,-4.186808e-10,0.0006935641,0.002107711,False,0.003171,False
2022-11-27,RS01SLBS-MJ01A-12-VEL3DB101,2,True,2022-11-27T00:00:00Z,2022-11-27T23:59:59Z,86394,86394,0,1.0,0.999753952,1.000061708,-0.000601155,0,0,1,1,-0.0,0.828026,2.794251,-1.291447e-11,0.0008279753,0.002794079,False,0.00431,False
2022-11-28,RS01SLBS-MJ01A-12-VEL3DB101,2,True,2022-11-28T00:00:00Z,2022-11-28T23:59:59Z,86395,86395,0,1.0,0.999738216,1.000061726,-0.000911486,0,0,1,1,0.0,1.04671,3.486044,3.672236e-10,0.001046645,0.003485828,False,0.003186,False
2022-11-29,RS01SLBS-MJ01A-12-VEL3DB101,2,True,2022-11-29T00:00:00Z,2022-11-29T20:37:59Z,74275,74275,0,1.0,0.999728203,1.000061733,-0.000987632,0,0,0,0,0.0,0.802895,2.775659,1.866974e-10,0.0008028456,0.002775487,False,0.003245,False
2022-11-30,RS01SLBS-MJ01A-12-VEL3DB101,2,False,,,0,0,,1.0,,,,,,,,,,,,,,,,False
2022-12-01,RS01SLBS-MJ01A-12-VEL3DB101,2,True,2022-12-01T23:04:27Z,2022-12-01T23:59:59Z,3155,3333,178,1.0,1.000482559,1.000061701,-0.244110933,1,178,1,178,0.0,6.044614,244.110933,2.907393e-12,0.006044241,0.2440959,False,0.296416,True
2022-12-02,RS01SLBS-MJ01A-12-VEL3DB101,2,True,2022-12-02T00:00:00Z,2022-12-02T23:59:59Z,86395,86395,0,1.0,0.999790668,1.000061719,0.000903825,0,0,0,0,-0.0,0.766218,4.194633,-3.446761e-10,0.0007661711,0.004194374,False,0.00393,False
2022-12-03,RS01SLBS-MJ01A-12-VEL3DB101,2,True,2022-12-03T00:00:00Z,2022-12-03T23:59:59Z,86395,86395,0,1.0,0.999761105,1.000061705,-0.002486065,0,0,0,0,-0.0,0.779632,2.568453,-3.437603e-10,0.0007795837,0.002568295,False,0.003392,False
2022-12-04,RS01SLBS-MJ01A-12-VEL3DB101,2,True,2022-12-04T00:00:00Z,2022-12-04T23:59:59Z,86394,86394,0,1.0,0.999758244,1.000061704,0.000635106,0,0,1,1,-0.0,0.722592,3.03201,-4.589066e-11,0.0007225474,0.003031823,False,0.003506,False
2022-12-05,RS01SLBS-MJ01A-12-VEL3DB101,2,True,2022-12-05T00:00:00Z,2022-12-05T23:59:59Z,86395,86395,0,1.0,0.999762058,1.000061705,0.000314972,0,0,1,1,0.0,0.893423,9.543308,3.534136e-10,0.0008933682,0.009542719,False,0.01168,False
2022-12-06,RS01SLBS-MJ01A-12-VEL3DB101,2,True,2022-12-06T00:00:00Z,2022-12-06T23:59:59Z,86395,86395,0,1.0,0.99973917,1.000061702,0.000670887,0,0,0,0,-0.0,0.988352,6.682061,-3.193432e-10,0.0009882909,0.006681649,False,0.005522,False
2022-12-07,RS01SLBS-MJ01A-12-VEL3DB101,2,True,2022-12-07T00:00:00Z,2022-12-07T23:59:59Z,86394,86394,0,1.0,0.999764919,1.000061695,0.001481966,0,0,0,0,-0.0,0.748729,3.971211,-3.910667e-10,0.000748683,0.003970966,False,0.003674,False
2022-12-08,RS01SLBS-MJ01A-12-VEL3DB101,2,True,2022-12-08T00:00:00Z,2022-12-08T23:59:59Z,86395,86395,0,1.0,0.999735832,1.00006172,-0.001595861,0,0,0,0,-0.0,1.009831,3.631178,-3.54561e-10,0.001009769,0.003630954,False,0.003583,False
2022-12-09,RS01SLBS-MJ01A-12-VEL3DB101,2,True,2022-12-09T00:00:00Z,2022-12-09T23:59:59Z,86395,86395,0,1.0,0.999745369,1.000061701,-0.000504957,0,0,0,0,-0.0,0.745303,2.29967,-3.211833e-10,0.0007452567,0.002299529,False,0.00349,False
2022-12-10,RS01SLBS-MJ01A-12-VEL3DB101,2,True,2022-12-10T00:00:00Z,2022-12-10T23:59:59Z,86394,86394,0,1.0,0.999731064,1.000061701,-0.001210699,0,0,2,2,1e-06,0.980564,7.71167,8.607629e-10,0.0009805035,0.007711194,False,0.008164,False
2022-12-11,RS01SLBS-MJ01A-12-VEL3DB101,2,True,2022-12-11T00:00:00Z,2022-12-11T23:59:59Z,86395,86395,0,1.0,0.999720097,1.000061691,0.000168108,0,0,1,1,0.0,0.808927,2.961676,4.563475e-10,0.0008088766,0.002961493,False,0.0035,False
2022-12-12,RS01SLBS-MJ01A-12-VEL3DB101,2,True,2022-12-12T00:00:00Z,2022-12-12T23:59:59Z,86395,86395,0,1.0,0.999723911,1.000061698,-0.000349817,0,0,2,2,0.0,0.917893,5.660851,4.452749e-10,0.0009178359,0.005660502,False,0.004604,False
2022-12-13,RS01SLBS-MJ01A-12-VEL3DB101,2,True,2022-12-13T00:00:00Z,2022-12-13T23:59:59Z,86394,86394,0,1.0,0.999741077,1.000061689,0.001264894,0,0,0,0,-0.0,0.894321,4.957784,-3.815802e-10,0.0008942655,0.004957478,False,0.005692,False
2022-12-14,RS01SLBS-MJ01A-12-VEL3DB101,2,True,2022-12-14T00:00:00Z,2022-12-14T23:59:59Z,86395,86395,0,1.0,0.999743938,1.000061708,0.000852135,0,0,0,0,-0.0,0.70976,2.893969,-3.194272e-10,0.0007097166,0.00289379,False,0.003483,False
2022-12-15,RS01SLBS-MJ01A-12-VEL3DB101,2,True,2022-12-15T00:00:00Z,2022-12-15T23:59:59Z,86395,86395,0,1.0,0.999735594,1.000061693,0.000282443,0,0,0,0,-0.0,1.30236,4.935599,-3.669935e-10,0.00130228,0.004935295,False,0.005625,False
2022-12-16,RS01SLBS-MJ01A-12-VEL3DB101,2,True,2022-12-16T00:00:00Z,2022-12-16T23:59:59Z,86394,86394,0,1.0,0.999735832,1.000061708,-0.000256597,0,0,0,0,-0.0,1.439204,9.788283,-4.082022e-10,0.001439116,0.009787679,False,0.009655,False
2022-12-17,RS01SLBS-MJ01A-12-VEL3DB101,2,True,2022-12-17T00:00:00Z,2022-12-17T23:59:59Z,86395,86395,0,1.0,0.999732971,1.00006172,0.001263048,0,0,0,0,-0.0,1.096547,3.906411,-3.753097e-10,0.001096479,0.00390617,False,0.003529,False
2022-12-18,RS01SLBS-MJ01A-12-VEL3DB101,2,True,2022-12-18T00:00:00Z,2022-12-18T23:59:59Z,86395,86395,0,1.0,0.999752045,1.000061716,-0.001198468,0,0,0,0,-0.0,0.89264,2.954506,-3.166358e-10,0.0008925854,0.002954323,False,0.003478,False
2022-12-19,RS01SLBS-MJ01A-12-VEL3DB101,2,True,2022-12-19T00:00:00Z,2022-12-19T23:59:59Z,86394,86394,0,1.0,0.99977684,1.00006171,-7.1186e-05,0,0,2,2,-0.0,1.094517,3.500536,-2.1608e-10,0.00109445,0.00350032,False,0.003417,False
2022-12-20,RS01SLBS-MJ01A-12-VEL3DB101,2,True,2022-12-20T00:00:00Z,2022-12-20T23:59:59Z,86395,86395,0,1.0,0.999765873,1.000061719,-0.000424996,0,0,0,0,-0.0,0.929247,2.919928,-3.918282e-10,0.0009291894,0.002919748,False,0.003535,False
2022-12-21,RS01SLBS-MJ01A-12-VEL3DB101,2,True,2022-12-21T00:00:00Z,2022-12-21T23:59:59Z,86395,86395,0,1.0,0.999784946,1.000061729,0.000317692,0,0,1,1,0.0,1.175176,4.439517,4.398563e-10,0.001175104,0.004439243,False,0.006317,False
2022-12-22,RS01SLBS-MJ01A-12-VEL3DB101,2,True,2022-12-22T00:00:00Z,2022-12-22T23:59:59Z,86394,86394,0,1.0,0.999768257,1.000061729,-0.001242315,0,0,0,0,-0.0,0.840628,5.316289,-4.219186e-10,0.0008405758,0.00531596,False,0.004408,False
2022-12-23,RS01SLBS-MJ01A-12-VEL3DB101,2,True,2022-12-23T00:00:00Z,2022-12-23T23:59:59Z,86395,86395,0,1.0,0.999771118,1.000061725,-0.001052779,0,0,0,0,-0.0,1.376084,6.37785,-3.73687e-10,0.001375999,0.006377456,False,0.004846,False
2022-12-24,RS01SLBS-MJ01A-12-VEL3DB101,2,True,2022-12-24T00:00:00Z,2022-12-24T23:59:59Z,86395,86395,0,1.0,0.999791145,1.000061717,-0.000548552,0,0,0,0,-0.0,1.169341,10.363094,-3.015737e-10,0.001169269,0.01036245,False,0.009022,False
2022-12-25,RS01SLBS-MJ01A-12-VEL3DB101,2,True,2022-12-25T00:00:00Z,2022-12-25T23:59:59Z,86394,86394,0,1.0,0.99975872,1.000061708,-0.002231687,0,0,0,0,-0.0,1.185568,8.670971,-3.730321e-10,0.001185495,0.008670436,False,0.007847,False
2022-12-26,RS01SLBS-MJ01A-12-VEL3DB101,2,True,2022-12-26T00:00:00Z,2022-12-26T23:59:59Z,86395,86395,0,1.0,0.999764919,1.000061716,-0.000294572,0,0,0,0,-0.0,1.135639,5.242477,-3.701801e-10,0.001135569,0.005242153,False,0.005549,False
2022-12-27,RS01SLBS-MJ01A-12-VEL3DB101,2,True,2022-12-27T00:00:00Z,2022-12-27T23:59:59Z,83510,86395,2885,1.0,0.999770164,1.000061722,-0.001330271,4,2885,4,2885,1e-06,1.435887,6.167555,8.490479e-10,0.001435799,0.006167174,False,0.230834,True
2022-12-28,RS01SLBS-MJ01A-12-VEL3DB101,2,True,2022-12-28T00:00:00Z,2022-12-28T23:59:59Z,86394,86394,0,1.0,0.999772072,1.000061747,-0.000145028,0,0,1,1,0.0,2.081616,5.662975,6.679394e-11,0.002081487,0.005662625,False,0.005206,False
2022-12-29,RS01SLBS-MJ01A-12-VEL3DB101,2,True,2022-12-29T00:00:00Z,2022-12-29T23:59:59Z,86395,86395,0,1.0,0.999760151,1.000061728,-0.001594074,0,0,0,0,-0.0,1.769132,13.099824,-3.071858e-10,0.001769023,0.01309902,False,0.010544,False
2022-12-30,RS01SLBS-MJ01A-12-VEL3DB101,2,True,2022-12-30T00:00:00Z,2022-12-30T23:59:59Z,86395,86395,0,1.0,0.999747276,1.00006172,-4.6645e-05,0,0,1,1,1e-06,1.114608,4.275311,5.235142e-10,0.001114539,0.004275047,False,0.003429,False
2022-12-31,RS01SLBS-MJ01A-12-VEL3DB101,2,True,2022-12-31T00:00:00Z,2022-12-31T23:59:59Z,86394,86394,0,1.0,0.999742985,1.00006174,-2.8295e-05,0,0,0,0,-0.0,1.751472,6.274539,-4.028202e-10,0.001751364,0.006274152,False,0.003493,False
2023-01-01,RS01SLBS-MJ01A-12-VEL3DB101,2,True,2023-01-01T00:00:00Z,2023-01-01T23:59:59Z,86395,86395,0,1.0,1.000557899,1.000061713,-0.000784593,0,0,2,2,-0.0,0.87716,5.331567,-2.136964e-10,0.0008771059,0.005331238,False,0.006332,False
2023-01-02,RS01SLBS-MJ01A-12-VEL3DB101,2,True,2023-01-02T00:00:00Z,2023-01-02T23:59:59Z,86395,86395,0,1.0,1.000518799,1.000061697,-0.000651326,0,0,0,0,-0.0,1.905918,7.885647,-3.928226e-10,0.001905801,0.007885161,False,0.006391,False
2023-01-03,RS01SLBS-MJ01A-12-VEL3DB101,2,True,2023-01-03T00:00:00Z,2023-01-03T23:59:59Z,86394,86394,0,1.0,1.000506878,1.000061684,0.000205231,0,0,2,2,-1e-06,1.420759,6.920002,-6.516481e-10,0.001420672,0.006919575,False,0.004428,False
2023-01-04,RS01SLBS-MJ01A-12-VEL3DB101,2,True,2023-01-04T00:00:00Z,2023-01-04T23:59:59Z,86395,86395,0,1.0,1.000516415,1.000061705,0.001436963,0,0,0,0,-0.0,1.098396,4.982627,-3.638786e-10,0.001098328,0.00498232,False,0.004021,False
2023-01-05,RS01SLBS-MJ01A-12-VEL3DB101,2,True,2023-01-05T00:00:00Z,2023-01-05T23:59:59Z,86395,86395,0,1.0,1.000494003,1.000061708,-0.001574221,0,0,1,1,-0.0,0.985696,3.87326,-1.27663e-10,0.000985635,0.003873021,False,0.003146,False
2023-01-06,RS01SLBS-MJ01A-12-VEL3DB101,2,True,2023-01-06T00:00:00Z,2023-01-06T23:59:59Z,86394,86394,0,1.0,1.000503063,1.000061628,0.001301854,0,0,0,0,-0.0,16.758801,209.128739,-4.059568e-10,0.01675777,0.2091159,False,0.210855,False
2023-01-07,RS01SLBS-MJ01A-12-VEL3DB101,2,True,2023-01-07T00:00:00Z,2023-01-07T23:59:59Z,86395,86395,0,1.0,1.000503063,1.000061687,-0.000432653,0,0,1,1,0.0,0.932071,6.565413,2.630628e-10,0.000932014,0.006565008,False,0.005477,False
2023-01-08,RS01SLBS-MJ01A-12-VEL3DB101,2,True,2023-01-08T00:00:00Z,2023-01-08T23:59:59Z,86395,86395,0,1.0,1.000538826,1.000061704,-0.000992785,0,0,0,0,-0.0,0.792882,4.81509,-3.198275e-10,0.0007928332,0.004814793,False,0.003727,False
2023-01-09,RS01SLBS-MJ01A-12-VEL3DB101,2,True,2023-01-09T00:00:00Z,2023-01-09T23:59:59Z,86394,86394,0,1.0,1.000339031,1.000061718,-0.001544982,0,0,3,3,0.0,1.096311,5.908057,2.683543e-10,0.001096243,0.005907692,False,0.004452,False
2023-01-10,RS01SLBS-MJ01A-12-VEL3DB101,2,True,2023-01-10T00:00:00Z,2023-01-10T23:59:59Z,86395,86395,0,1.0,1.000576019,1.000061723,-0.001474981,0,0,1,1,0.0,1.087137,4.46046,1.078445e-10,0.00108707,0.004460185,False,0.005283,False
2023-01-11,RS01SLBS-MJ01A-12-VEL3DB101,2,True,2023-01-11T00:00:00Z,2023-01-11T20:27:10Z,73627,73627,0,1.0,1.000596046,1.000061687,-0.000360433,0,0,0,0,0.0,0.843106,4.433978,1.40991e-10,0.0008430539,0.004433704,False,0.004055,False
2023-01-12,RS01SLBS-MJ01A-12-VEL3DB101,2,False,,,0,0,,1.0,,,,,,,,,,,,,,,,False
2023-01-13,RS01SLBS-MJ01A-12-VEL3DB101,2,True,2023-01-13T01:47:37Z,2023-01-13T23:59:59Z,79938,79938,0,1.0,1.000555992,1.000061693,-0.010828125,0,0,1,1,0.0,0.882442,10.828125,1.979777e-10,0.0008823871,0.01082746,False,0.012598,False
2023-01-14,RS01SLBS-MJ01A-12-VEL3DB101,2,True,2023-01-14T00:00:00Z,2023-01-14T23:59:59Z,86394,86394,0,1.0,1.000537395,1.000061695,-0.000307966,0,0,1,1,0.0,1.683924,11.129589,1.949136e-10,0.00168382,0.0111289,False,0.00821,False
2023-01-15,RS01SLBS-MJ01A-12-VEL3DB101,2,True,2023-01-15T00:00:00Z,2023-01-15T23:59:59Z,86395,86395,0,1.0,1.000555038,1.000061708,-0.000835382,0,0,0,0,-0.0,1.199219,6.501717,-2.691959e-10,0.001199145,0.006501315,False,0.00607,False
2023-01-16,RS01SLBS-MJ01A-12-VEL3DB101,2,True,2023-01-16T00:00:00Z,2023-01-16T23:59:59Z,86395,86395,0,1.0,1.000455856,1.000061696,0.001636114,0,0,1,1,0.0,1.321089,6.662038,4.349941e-10,0.001321008,0.006661627,False,0.005897,False
2023-01-17,RS01SLBS-MJ01A-12-VEL3DB101,2,True,2023-01-17T00:00:00Z,2023-01-17T23:59:59Z,86394,86394,0,1.0,1.000479221,1.000061719,0.000271807,0,0,0,0,-0.0,0.864936,3.246071,-4.375799e-10,0.0008648826,0.00324587,False,0.003199,False
2023-01-18,RS01SLBS-MJ01A-12-VEL3DB101,2,True,2023-01-18T00:00:00Z,2023-01-18T23:59:59Z,86395,86395,0,1.0,1.00018239,1.00006171,-0.003561304,0,0,0,0,-0.0,1.018729,4.036321,-3.583497e-10,0.001018666,0.004036072,False,0.002859,False
2023-01-19,RS01SLBS-MJ01A-12-VEL3DB101,2,True,2023-01-19T00:00:00Z,2023-01-19T23:59:59Z,86395,86395,0,1.0,0.999951839,1.000061726,-0.001468513,0,0,0,0,-0.0,0.848689,6.114103,-3.464327e-10,0.0008486362,0.006113725,False,0.006256,False
2023-01-20,RS01SLBS-MJ01A-12-VEL3DB101,2,True,2023-01-20T00:00:00Z,2023-01-20T23:59:59Z,86394,86394,0,1.0,1.0004673,1.000061721,-0.001028366,0,0,0,0,-0.0,0.927731,7.506935,-3.863992e-10,0.0009276734,0.007506472,False,0.006598,False
2023-01-21,RS01SLBS-MJ01A-12-VEL3DB101,2,True,2023-01-21T00:00:00Z,2023-01-21T23:59:59Z,86395,86395,0,1.0,0.999876976,1.000061693,-0.000422935,0,0,0,0,-0.0,1.288132,3.797706,-3.223049e-10,0.001288053,0.003797472,False,0.002914,False
2023-01-22,RS01SLBS-MJ01A-12-VEL3DB101,2,True,2023-01-22T00:00:00Z,2023-01-22T23:59:59Z,86395,86395,0,1.0,0.999909878,1.000061707,-0.000747882,0,0,2,2,-0.0,1.080691,7.394543,-2.995856e-10,0.001080624,0.007394087,False,0.007167,False
2023-01-23,RS01SLBS-MJ01A-12-VEL3DB101,2,True,2023-01-23T00:00:00Z,2023-01-23T23:59:59Z,86394,86394,0,1.0,0.999823093,1.000061702,-0.000255949,0,0,0,0,-0.0,1.148923,4.191193,-3.948898e-10,0.001148852,0.004190934,False,0.005711,False
2023-01-24,RS01SLBS-MJ01A-12-VEL3DB101,2,True,2023-01-24T00:00:00Z,2023-01-24T23:59:59Z,86395,86395,0,1.0,0.999966621,1.00006171,-0.000753053,0,0,0,0,-0.0,0.948074,6.272976,-3.336159e-10,0.0009480155,0.006272589,False,0.004466,False
2023-01-25,RS01SLBS-MJ01A-12-VEL3DB101,2,True,2023-01-25T00:00:00Z,2023-01-25T23:59:59Z,86395,86395,0,1.0,0.999805927,1.000061738,7.175e-06,0,0,2,2,-1e-06,1.054127,4.716137,-8.472367e-10,0.001054062,0.004715845,False,0.00331,False
2023-01-26,RS01SLBS-MJ01A-12-VEL3DB101,2,True,2023-01-26T00:00:00Z,2023-01-26T23:59:59Z,86394,86394,0,1.0,1.000072002,1.000061743,-0.001942223,0,0,2,2,0.0,1.449365,4.320157,1.357554e-10,0.001449275,0.00431989,False,0.002956,False
2023-01-27,RS01SLBS-MJ01A-12-VEL3DB101,2,True,2023-01-27T00:00:00Z,2023-01-27T23:59:59Z,86395,86395,0,1.0,1.000518084,1.000061691,-0.00183716,0,0,1,1,0.0,1.020162,4.657249,1.178619e-10,0.001020099,0.004656961,False,0.004302,False
2023-01-28,RS01SLBS-MJ01A-12-VEL3DB101,2,True,2023-01-28T00:00:00Z,2023-01-28T23:59:59Z,86395,86395,0,1.0,1.000535965,1.000061707,0.001555443,0,0,1,1,-0.0,1.725582,5.204856,-8.592511e-11,0.001725475,0.005204535,False,0.003357,False
2023-01-29,RS01SLBS-MJ01A-12-VEL3DB101,2,True,2023-01-29T00:00:00Z,2023-01-29T23:59:59Z,86394,86394,0,1.0,1.000522137,1.000061709,-0.000772942,0,0,2,2,-1e-06,0.902912,3.520291,-5.387752e-10,0.0009028561,0.003520074,False,0.003267,False
2023-01-30,RS01SLBS-MJ01A-12-VEL3DB101,2,True,2023-01-30T00:00:00Z,2023-01-30T23:59:59Z,86395,86395,0,1.0,1.00000596,1.000061727,-0.00252996,0,0,0,0,-0.0,1.146203,3.461168,-3.470845e-10,0.001146132,0.003460954,False,0.002842,False
2023-01-31,RS01SLBS-MJ01A-12-VEL3DB101,2,True,2023-01-31T00:00:00Z,2023-01-31T23:59:59Z,86395,86395,0,1.0,1.000586033,1.000061716,-0.000687884,0,0,0,0,-0.0,1.130124,6.861597,-4.082305e-10,0.001130054,0.006861173,False,0.006508,False
2023-02-01,RS01SLBS-MJ01A-12-VEL3DB101,2,True,2023-02-01T00:00:00Z,2023-02-01T23:59:59Z,86394,86394,0,1.0,0.99985218,1.000061734,-0.000606014,0,0,0,0,-0.0,0.851772,6.498763,-4.038434e-10,0.0008517199,0.006498362,False,0.005374,False
2023-02-02,RS01SLBS-MJ01A-12-VEL3DB101,2,True,2023-02-02T00:00:00Z,2023-02-02T23:59:59Z,86395,86395,0,1.0,1.000478745,1.000061709,-0.00071019,0,0,1,1,0.0,0.738793,2.531036,4.949727e-10,0.0007387477,0.002530879,False,0.003291,False
2023-02-03,RS01SLBS-MJ01A-12-VEL3DB101,2,True,2023-02-03T00:00:00Z,2023-02-03T23:59:59Z,86395,86395,0,1.0,1.000533104,1.000061706,0.001278506,0,0,1,1,0.0,0.860469,2.814658,3.134825e-10,0.0008604161,0.002814485,False,0.003226,False
2023-02-04,RS01SLBS-MJ01A-12-VEL3DB101,2,True,2023-02-04T00:00:00Z,2023-02-04T23:59:59Z,86394,86394,0,1.0,0.999838829,1.000061712,0.000197886,0,0,2,2,0.0,1.113711,3.917707,5.204533e-11,0.001113642,0.003917465,False,0.002923,False
2023-02-05,RS01SLBS-MJ01A-12-VEL3DB101,2,True,2023-02-05T00:00:00Z,2023-02-05T23:59:59Z,86395,86395,0,1.0,1.00054884,1.000061691,0.001731418,0,0,0,0,-0.0,0.797096,3.255035,-3.219054e-10,0.0007970467,0.003254834,False,0.003267,False
2023-02-06,RS01SLBS-MJ01A-12-VEL3DB101,2,True,2023-02-06T00:00:00Z,2023-02-06T23:59:59Z,86395,86395,0,1.0,1.000544071,1.000061695,-0.001067205,0,0,0,0,-0.0,0.918539,3.189638,-3.214209e-10,0.0009184823,0.003189441,False,0.003393,False
2023-02-07,RS01SLBS-MJ01A-12-VEL3DB101,2,True,2023-02-07T00:00:00Z,2023-02-07T23:59:59Z,86033,86394,361,1.0,1.000549793,1.000061681,0.000750455,1,361,1,361,0.0,0.979279,3.038953,1.09018e-10,0.000979219,0.003038765,False,0.174449,True
2023-02-08,RS01SLBS-MJ01A-12-VEL3DB101,2,True,2023-02-08T00:00:00Z,2023-02-08T23:59:59Z,86395,86395,0,1.0,1.000546932,1.000061708,-0.00156426,0,0,0,0,-0.0,0.800064,3.039554,-2.793475e-10,0.0008000146,0.003039367,False,0.003302,False
2023-02-09,RS01SLBS-MJ01A-12-VEL3DB101,2,True,2023-02-09T00:00:00Z,2023-02-09T23:59:59Z,86395,86395,0,1.0,1.000535011,1.000061683,0.001717187,0,0,0,0,-0.0,1.999042,5.961286,-3.610763e-10,0.001998919,0.005960919,False,0.003366,False
2023-02-10,RS01SLBS-MJ01A-12-VEL3DB101,2,True,2023-02-10T00:00:00Z,2023-02-10T23:59:59Z,86394,86394,0,1.0,1.000576973,1.000061721,0.000416902,0,0,0,0,-0.0,1.085176,3.530254,-4.492356e-10,0.001085109,0.003530036,False,0.003275,False
2023-02-11,RS01SLBS-MJ01A-12-VEL3DB101,2,True,2023-02-11T00:00:00Z,2023-02-11T23:59:59Z,86395,86395,0,1.0,1.000554085,1.000061737,-0.003013484,0,0,1,1,1e-06,1.626529,4.679576,6.684658e-10,0.001626428,0.004679287,False,0.003295,False
2023-02-12,RS01SLBS-MJ01A-12-VEL3DB101,2,True,2023-02-12T00:00:00Z,2023-02-12T23:59:59Z,86395,86395,0,1.0,1.000583172,1.000061709,0.001117299,0,0,1,1,0.0,0.881113,3.196326,4.019718e-10,0.000881059,0.003196129,False,0.003411,False
2023-02-13,RS01SLBS-MJ01A-12-VEL3DB101,2,True,2023-02-13T00:00:00Z,2023-02-13T23:59:59Z,86394,86394,0,1.0,1.000586987,1.000061688,-0.001416011,0,0,0,0,-0.0,1.056131,3.706541,-3.727722e-10,0.001056066,0.003706313,False,0.003285,False
2023-02-14,RS01SLBS-MJ01A-12-VEL3DB101,2,True,2023-02-14T00:00:00Z,2023-02-14T23:59:59Z,86395,86395,0,1.0,1.000545025,1.000061686,0.000425461,0,0,1,1,-0.0,0.756588,2.788303,-1.203816e-10,0.0007565412,0.002788131,False,0.003435,False
2023-02-15,RS01SLBS-MJ01A-12-VEL3DB101,2,True,2023-02-15T00:00:00Z,2023-02-15T23:59:59Z,86395,86395,0,1.0,1.000571728,1.000061696,-0.000322743,0,0,0,0,-0.0,0.942168,3.57509,-3.256488e-10,0.0009421098,0.003574869,False,0.003313,False
2023-02-16,RS01SLBS-MJ01A-12-VEL3DB101,2,True,2023-02-16T00:00:00Z,2023-02-16T23:59:59Z,86394,86394,0,1.0,0.999848843,1.000061687,-0.001093317,0,0,0,0,-0.0,2.208358,5.911759,-4.193707e-10,0.002208222,0.005911395,False,0.002933,False
2023-02-17,RS01SLBS-MJ01A-12-VEL3DB101,2,True,2023-02-17T00:00:00Z,2023-02-17T23:59:59Z,86395,86395,0,1.0,0.999873161,1.000061679,0.001974965,0,0,0,0,-0.0,1.443102,4.492568,-3.3587e-10,0.001443013,0.004492291,False,0.00286,False
2023-02-18,RS01SLBS-MJ01A-12-VEL3DB101,2,True,2023-02-18T00:00:00Z,2023-02-18T23:59:59Z,86395,86395,0,1.0,0.999888897,1.000061706,0.000832708,0,0,0,0,-0.0,1.358261,3.974593,-3.573838e-10,0.001358177,0.003974348,False,0.00283,False
2023-02-19,RS01SLBS-MJ01A-12-VEL3DB101,2,True,2023-02-19T00:00:00Z,2023-02-19T23:59:59Z,86394,86394,0,1.0,0.999860287,1.000061707,0.000283407,0,0,1,1,0.0,0.914585,3.626048,1.323814e-10,0.0009145288,0.003625825,False,0.002963,False
2023-02-20,RS01SLBS-MJ01A-12-VEL3DB101,2,True,2023-02-20T00:00:00Z,2023-02-20T23:59:59Z,86395,86395,0,1.0,0.999956131,1.000061703,-0.001253784,0,0,0,0,-0.0,1.361849,5.821838,-3.573579e-10,0.001361765,0.005821479,False,0.00501,False
2023-02-21,RS01SLBS-MJ01A-12-VEL3DB101,2,True,2023-02-21T00:00:00Z,2023-02-21T23:59:59Z,86395,86395,0,1.0,0.99991703,1.000061696,-0.000669181,0,0,2,2,-0.0,0.967452,5.407775,-3.804815e-10,0.0009673926,0.005407442,False,0.004558,False
2023-02-22,RS01SLBS-MJ01A-12-VEL3DB101,2,True,2023-02-22T00:00:00Z,2023-02-22T23:59:59Z,56695,86394,29699,1.0,0.999991417,1.000061701,-0.00114171,145,29699,145,29700,-0.0,0.94332,3.000181,-2.130071e-10,0.000943262,0.002999996,False,0.212866,True
2023-02-23,RS01SLBS-MJ01A-12-VEL3DB101,2,True,2023-02-23T00:00:00Z,2023-02-23T23:59:59Z,86395,86395,0,1.0,1.000064373,1.000061708,-0.000619818,0,0,1,1,-0.0,0.889121,3.266825,-3.440032e-10,0.0008890666,0.003266623,False,0.002816,False
2023-02-24,RS01SLBS-MJ01A-12-VEL3DB101,2,True,2023-02-24T00:00:00Z,2023-02-24T23:59:59Z,86395,86395,0,1.0,0.999856949,1.000061723,0.000298862,0,0,1,1,-0.0,0.780471,3.039846,-7.92426e-11,0.000780423,0.003039658,False,0.00286,False
2023-02-25,RS01SLBS-MJ01A-12-VEL3DB101,2,True,2023-02-25T00:00:00Z,2023-02-25T23:59:59Z,86394,86394,0,1.0,0.999872208,1.000061712,-0.000568229,0,0,0,0,-0.0,0.765018,2.637758,-4.257081e-10,0.0007649706,0.002637595,False,0.002852,False
2023-02-26,RS01SLBS-MJ01A-12-VEL3DB101,2,True,2023-02-26T00:00:00Z,2023-02-26T23:59:59Z,86395,86395,0,1.0,0.999882221,1.00006172,0.000278284,0,0,0,0,-0.0,0.993988,3.216527,-3.199445e-10,0.000993927,0.003216329,False,0.002813,False
2023-02-27,RS01SLBS-MJ01A-12-VEL3DB101,2,True,2023-02-27T00:00:00Z,2023-02-27T23:59:59Z,86395,86395,0,1.0,0.999824047,1.000061706,-0.000727932,0,0,0,0,-0.0,1.023079,3.879935,-3.117066e-10,0.001023016,0.003879695,False,0.002887,False
2023-02-28,RS01SLBS-MJ01A-12-VEL3DB101,2,True,2023-02-28T00:00:00Z,2023-02-28T23:59:59Z,86394,86394,0,1.0,1.000477314,1.000061711,0.001261898,0,0,2,2,-0.0,0.896803,3.410775,-3.945704e-10,0.0008967474,0.003410564,False,0.00325,False
2023-03-01,RS01SLBS-MJ01A-12-VEL3DB101,2,True,2023-03-01T00:00:00Z,2023-03-01T23:59:59Z,86395,86395,0,1.0,0.999905109,1.000061726,-0.001078411,0,0,4,4,-1e-06,0.769676,2.823611,-5.838062e-10,0.0007696286,0.002823437,False,0.002929,False
2023-03-02,RS01SLBS-MJ01A-12-VEL3DB101,2,True,2023-03-02T00:00:00Z,2023-03-02T23:59:59Z,86395,86395,0,1.0,1.000172138,1.000061701,-2.7152e-05,0,0,2,2,0.0,1.020896,3.025589,1.41305e-10,0.001020833,0.003025403,False,0.002915,False
2023-03-03,RS01SLBS-MJ01A-12-VEL3DB101,2,True,2023-03-03T00:00:00Z,2023-03-03T23:59:59Z,86394,86394,0,1.0,0.99982357,1.000061687,0.002299374,0,0,5,5,0.0,1.056749,3.739356,1.733655e-10,0.001056684,0.003739125,False,0.00288,False
2023-03-04,RS01SLBS-MJ01A-12-VEL3DB101,2,True,2023-03-04T00:00:00Z,2023-03-04T23:59:59Z,86395,86395,0,1.0,0.999893665,1.000061702,0.000770916,0,0,2,2,-0.0,0.698814,2.413709,-3.62921e-10,0.0006987706,0.00241356,False,0.002938,False
2023-03-05,RS01SLBS-MJ01A-12-VEL3DB101,2,True,2023-03-05T00:00:00Z,2023-03-05T23:59:59Z,86395,86395,0,1.0,1.000002384,1.000061711,0.000811251,0,0,1,1,-0.0,1.37221,3.943113,-3.367449e-10,0.001372126,0.00394287,False,0.003154,False
2023-03-06,RS01SLBS-MJ01A-12-VEL3DB101,2,True,2023-03-06T00:00:00Z,2023-03-06T23:59:59Z,86394,86394,0,1.0,1.000547886,1.00006171,-0.001006629,0,0,1,1,-1e-06,0.947089,3.464223,-1.096767e-09,0.0009470302,0.00346401,False,0.003215,False
2023-03-07,RS01SLBS-MJ01A-12-VEL3DB101,2,True,2023-03-07T00:00:00Z,2023-03-07T23:59:59Z,86395,86395,0,1.0,1.000479937,1.000061715,0.00026308,0,0,0,0,-0.0,0.988154,3.326879,-2.912271e-10,0.0009880933,0.003326673,False,0.003205,False
2023-03-08,RS01SLBS-MJ01A-12-VEL3DB101,2,True,2023-03-08T00:00:00Z,2023-03-08T23:59:59Z,86395,86395,0,1.0,1.000533104,1.000061728,-0.001507324,0,0,0,0,-0.0,0.82136,3.2482,-3.752203e-10,0.0008213097,0.003248,False,0.003385,False
2023-03-09,RS01SLBS-MJ01A-12-VEL3DB101,2,True,2023-03-09T00:00:00Z,2023-03-09T23:59:59Z,86394,86394,0,1.0,1.000445366,1.000061721,-0.000827836,0,0,2,2,-0.0,0.853979,3.306029,-4.281052e-10,0.0008539261,0.003305825,False,0.003092,False
2023-03-10,RS01SLBS-MJ01A-12-VEL3DB101,2,True,2023-03-10T00:00:00Z,2023-03-10T23:59:59Z,86395,86395,0,1.0,1.000554085,1.00006171,0.001432406,0,0,0,0,-0.0,0.959721,4.534807,-3.694741e-10,0.0009596617,0.004534527,False,0.003373,False
2023-03-11,RS01SLBS-MJ01A-12-VEL3DB101,2,True,2023-03-11T00:00:00Z,2023-03-11T23:59:59Z,86395,86395,0,1.0,0.999943972,1.000061718,0.00068113,0,0,1,1,-0.0,0.852868,3.076048,-3.06605e-10,0.0008528158,0.003075858,False,0.002762,False
2023-03-12,RS01SLBS-MJ01A-12-VEL3DB101,2,True,2023-03-12T00:00:00Z,2023-03-12T23:59:59Z,86394,86394,0,1.0,1.000526905,1.000061698,-0.000716184,0,0,1,1,0.0,1.062839,3.751156,4.843917e-10,0.001062773,0.003750924,False,0.00337,False
2023-03-13,RS01SLBS-MJ01A-12-VEL3DB101,2,True,2023-03-13T00:00:00Z,2023-03-13T23:59:59Z,86395,86395,0,1.0,0.999838829,1.000061697,-0.000118568,0,0,2,2,0.0,1.257189,4.515934,1.224039e-10,0.001257111,0.004515655,False,0.003065,False
2023-03-14,RS01SLBS-MJ01A-12-VEL3DB101,2,True,2023-03-14T00:00:00Z,2023-03-14T23:59:59Z,86395,86395,0,1.0,1.000288486,1.000061725,-0.000118337,0,0,3,3,0.0,1.432258,13.068848,1.407292e-10,0.00143217,0.01306804,False,0.01226,False
2023-03-15,RS01SLBS-MJ01A-12-VEL3DB101,2,True,2023-03-15T00:00:00Z,2023-03-15T23:59:58Z,86394,86394,0,1.0,0.999799728,1.000061699,-0.000857023,0,0,2,2,-0.0,1.334659,3.742952,-1.525497e-10,0.001334577,0.003742721,False,0.003018,False
2023-03-16,RS01SLBS-MJ01A-12-VEL3DB101,2,True,2023-03-16T00:00:00Z,2023-03-16T23:59:59Z,86395,86395,0,1.0,0.999868393,1.000061708,0.000218323,0,0,0,0,-0.0,0.815491,2.988321,-2.45569e-10,0.0008154407,0.002988137,False,0.002895,False
2023-03-17,RS01SLBS-MJ01A-12-VEL3DB101,2,True,2023-03-17T00:00:00Z,2023-03-17T23:59:59Z,86395,86395,0,1.0,0.999773026,1.000061752,-0.001408331,0,0,2,2,0.0,1.45784,4.629399,4.193161e-10,0.00145775,0.004629113,False,0.003603,False
2023-03-18,RS01SLBS-MJ01A-12-VEL3DB101,2,True,2023-03-18T00:00:00Z,2023-03-18T23:59:59Z,86395,86395,0,1.0,0.999876499,1.000061726,-0.000733177,0,0,0,0,-0.0,0.893142,10.303498,-3.515204e-10,0.0008930873,0.01030286,False,0.011049,False
2023-03-19,RS01SLBS-MJ01A-12-VEL3DB101,2,True,2023-03-19T00:00:00Z,2023-03-19T23:59:59Z,86394,86394,0,1.0,0.999846935,1.000061742,-0.00127588,0,0,1,1,-0.0,0.920505,2.9963,-2.974285e-11,0.0009204482,0.002996116,False,0.002964,False
2023-03-20,RS01SLBS-MJ01A-12-VEL3DB101,2,True,2023-03-20T00:00:00Z,2023-03-20T23:59:59Z,86395,86395,0,1.0,0.999788284,1.000061734,-0.0010467,0,0,0,0,-0.0,0.831222,2.624414,-3.154616e-10,0.0008311702,0.002624252,False,0.003135,False
2023-03-21,RS01SLBS-MJ01A-12-VEL3DB101,2,True,2023-03-21T00:00:00Z,2023-03-21T23:59:59Z,86395,86395,0,1.0,1.000000954,1.000061748,-0.001816823,0,0,1,1,0.0,1.453841,3.963047,1.7607e-10,0.001453752,0.003962803,False,0.002786,False
2023-03-22,RS01SLBS-MJ01A-12-VEL3DB101,2,True,2023-03-22T00:00:00Z,2023-03-22T23:59:59Z,86394,86394,0,1.0,0.999814987,1.000061707,-0.002368685,0,0,1,1,1e-06,1.816771,7.495377,6.281284e-10,0.001816659,0.007494915,False,0.003348,False
2023-03-23,RS01SLBS-MJ01A-12-VEL3DB101,2,True,2023-03-23T00:00:00Z,2023-03-23T23:59:59Z,86395,86395,0,1.0,0.999879837,1.000061712,0.000307782,0,0,1,1,0.0,0.89051,3.454554,2.712865e-10,0.0008904547,0.003454341,False,0.002962,False
2023-03-24,RS01SLBS-MJ01A-12-VEL3DB101,2,True,2023-03-24T00:00:00Z,2023-03-24T23:59:59Z,86395,86395,0,1.0,0.999939203,1.000061702,-0.000482219,0,0,0,0,-0.0,0.961425,3.337419,-3.270839e-10,0.0009613653,0.003337213,False,0.002867,False
2023-03-25,RS01SLBS-MJ01A-12-VEL3DB101,2,True,2023-03-25T00:00:00Z,2023-03-25T23:59:59Z,86394,86394,0,1.0,1.000567913,1.000061707,0.001605802,0,0,2,2,0.0,0.883041,3.246032,9.399702e-11,0.0008829866,0.003245831,False,0.003318,False
2023-03-26,RS01SLBS-MJ01A-12-VEL3DB101,2,True,2023-03-26T00:00:00Z,2023-03-26T23:59:59Z,86395,86395,0,1.0,1.000445604,1.000061731,-0.000936175,0,0,0,0,-0.0,0.876105,3.145727,-3.506013e-10,0.0008760514,0.003145533,False,0.003153,False
2023-03-27,RS01SLBS-MJ01A-12-VEL3DB101,2,True,2023-03-27T00:00:00Z,2023-03-27T23:59:59Z,86395,86395,0,1.0,1.000370979,1.000061727,-0.002052617,0,0,0,0,-0.0,0.903323,11.586204,-3.210482e-10,0.0009032668,0.01158549,False,0.012617,False
2023-03-28,RS01SLBS-MJ01A-12-VEL3DB101,2,True,2023-03-28T00:00:00Z,2023-03-28T23:59:59Z,86394,86394,0,1.0,0.999850273,1.000061696,0.000137312,0,0,0,0,-0.0,0.860675,2.777906,-4.056106e-10,0.0008606216,0.002777735,False,0.002924,False
2023-03-29,RS01SLBS-MJ01A-12-VEL3DB101,2,True,2023-03-29T00:00:00Z,2023-03-29T23:59:59Z,86395,86395,0,1.0,0.999916077,1.00006171,-0.000760855,0,0,0,0,-0.0,1.059961,4.922121,-3.051832e-10,0.001059896,0.004921817,False,0.003108,False
2023-03-30,RS01SLBS-MJ01A-12-VEL3DB101,2,True,2023-03-30T00:00:00Z,2023-03-30T23:59:59Z,86395,86395,0,1.0,1.000494003,1.000061683,0.000233939,0,0,0,0,-0.0,0.771155,3.092001,-3.355483e-10,0.0007711072,0.00309181,False,0.00324,False
2023-03-31,RS01SLBS-MJ01A-12-VEL3DB101,2,True,2023-03-31T00:00:00Z,2023-03-31T23:59:59Z,86394,86394,0,1.0,1.000442028,1.000061693,0.000718078,0,0,0,0,-0.0,0.691015,9.818775,-4.406395e-10,0.0006909722,0.009818169,False,0.011238,False
2023-04-01,RS01SLBS-MJ01A-12-VEL3DB101,2,True,2023-04-01T00:00:00Z,2023-04-01T23:59:59Z,86395,86395,0,1.0,0.999823093,1.00006172,-0.001310396,0,0,1,1,-0.0,0.697852,2.474955,-1.828581e-10,0.0006978093,0.002474802,False,0.003044,False
2023-04-02,RS01SLBS-MJ01A-12-VEL3DB101,2,True,2023-04-02T00:00:00Z,2023-04-02T23:59:59Z,86395,86395,0,1.0,1.000555992,1.000061713,-0.001240969,0,0,1,1,-0.0,1.543001,4.576105,-2.681564e-10,0.001542906,0.004575823,False,0.003367,False
2023-04-03,RS01SLBS-MJ01A-12-VEL3DB101,2,True,2023-04-03T00:00:00Z,2023-04-03T23:59:59Z,86394,86394,0,1.0,1.00052309,1.000061701,-0.001381188,0,0,0,0,-0.0,0.976948,3.485876,-3.875939e-10,0.0009768881,0.003485661,False,0.003268,False
2023-04-04,RS01SLBS-MJ01A-12-VEL3DB101,2,True,2023-04-04T00:00:00Z,2023-04-04T23:59:59Z,86395,86395,0,1.0,1.000557899,1.000061713,0.001234854,0,0,2,2,0.0,1.088001,3.310122,3.018954e-10,0.001087934,0.003309918,False,0.003254,False
2023-04-05,RS01SLBS-MJ01A-12-VEL3DB101,2,True,2023-04-05T00:00:00Z,2023-04-05T23:59:59Z,86395,86395,0,1.0,0.999848843,1.000061742,-0.00058443,0,0,1,1,0.0,0.98377,9.856024,2.787957e-10,0.0009837094,0.009855415,False,0.01053,False
2023-04-06,RS01SLBS-MJ01A-12-VEL3DB101,2,True,2023-04-06T00:00:00Z,2023-04-06T23:59:59Z,86394,86394,0,1.0,0.999806404,1.000061724,-0.000249582,0,0,1,1,0.0,1.08678,4.746401,1.021685e-10,0.001086713,0.004746108,False,0.004613,False
2023-04-07,RS01SLBS-MJ01A-12-VEL3DB101,2,True,2023-04-07T00:00:00Z,2023-04-07T23:59:59Z,86395,86395,0,1.0,0.999770164,1.000061713,0.001551531,0,0,1,1,0.0,1.115849,6.395644,1.072663e-10,0.00111578,0.006395249,False,0.006778,False
2023-04-08,RS01SLBS-MJ01A-12-VEL3DB101,2,True,2023-04-08T00:00:00Z,2023-04-08T23:59:59Z,86395,86395,0,1.0,0.999738455,1.000061729,0.001327323,0,0,1,1,-1e-06,0.862325,3.033051,-6.726711e-10,0.0008622722,0.003032864,False,0.003087,False
2023-04-09,RS01SLBS-MJ01A-12-VEL3DB101,2,True,2023-04-09T00:00:00Z,2023-04-09T23:59:59Z,86394,86394,0,1.0,0.99972868,1.000061695,0.001553744,0,0,0,0,-0.0,1.525111,3.843484,-3.642456e-10,0.001525017,0.003843247,False,0.003116,False
2023-04-10,RS01SLBS-MJ01A-12-VEL3DB101,2,True,2023-04-10T00:00:00Z,2023-04-10T23:59:59Z,86395,86395,0,1.0,0.999742031,1.000061685,0.0013583,0,0,1,1,-0.0,0.987863,11.841706,-3.840466e-10,0.0009878024,0.01184098,False,0.010392,False
2023-04-11,RS01SLBS-MJ01A-12-VEL3DB101,2,True,2023-04-11T00:00:00Z,2023-04-11T23:59:59Z,86395,86395,0,1.0,0.999752045,1.00006173,0.000128458,0,0,0,0,-0.0,0.973542,4.701258,-3.606567e-10,0.0009734818,0.004700968,False,0.005887,False
2023-04-12,RS01SLBS-MJ01A-12-VEL3DB101,2,True,2023-04-12T00:00:00Z,2023-04-12T23:59:59Z,86394,86394,0,1.0,0.999729156,1.000061697,0.001056579,0,0,0,0,-0.0,0.992043,4.007369,-3.87616e-10,0.0009919822,0.004007121,False,0.003041,False
2023-04-13,RS01SLBS-MJ01A-12-VEL3DB101,2,True,2023-04-13T00:00:00Z,2023-04-13T23:59:59Z,86395,86395,0,1.0,0.999743938,1.000061719,0.002218221,0,0,1,1,0.0,1.085297,3.652465,2.50776e-10,0.00108523,0.003652239,False,0.003043,False
2023-04-14,RS01SLBS-MJ01A-12-VEL3DB101,2,True,2023-04-14T00:00:00Z,2023-04-14T23:59:59Z,86395,86395,0,1.0,0.999760151,1.000061763,-0.001741266,0,0,1,1,0.0,2.383238,6.133504,8.322133e-11,0.002383091,0.006133125,False,0.003032,False
2023-04-15,RS01SLBS-MJ01A-12-VEL3DB101,2,True,2023-04-15T00:00:00Z,2023-04-15T23:59:59Z,86394,86394,0,1.0,0.999865055,1.000061712,0.000966401,0,0,0,0,-0.0,0.746891,2.596609,-4.402386e-10,0.0007468449,0.002596449,False,0.00297,False
2023-04-16,RS01SLBS-MJ01A-12-VEL3DB101,2,True,2023-04-16T00:00:00Z,2023-04-16T23:59:59Z,86395,86395,0,1.0,0.999743938,1.000061709,-0.000408556,0,0,0,0,-0.0,1.145286,8.317104,-3.671452e-10,0.001145216,0.008316591,False,0.007871,False
2023-04-17,RS01SLBS-MJ01A-12-VEL3DB101,2,True,2023-04-17T00:00:00Z,2023-04-17T23:59:59Z,86395,86395,0,1.0,0.99986124,1.00006171,-0.00034351,0,0,1,1,0.0,0.733833,2.728244,8.350007e-11,0.0007337878,0.002728076,False,0.002911,False
2023-04-18,RS01SLBS-MJ01A-12-VEL3DB101,2,True,2023-04-18T00:00:00Z,2023-04-18T23:59:59Z,86394,86394,0,1.0,0.999748707,1.000061725,-0.000277404,0,0,0,0,-0.0,1.603423,11.206935,-3.701324e-10,0.001603324,0.01120624,False,0.013427,False
2023-04-19,RS01SLBS-MJ01A-12-VEL3DB101,2,True,2023-04-19T00:00:00Z,2023-04-19T23:59:59Z,86395,86395,0,1.0,0.999823093,1.000061708,-0.000871889,0,0,0,0,-0.0,0.751331,3.837051,-2.91107e-10,0.0007512847,0.003836814,False,0.003456,False
2023-04-20,RS01SLBS-MJ01A-12-VEL3DB101,2,True,2023-04-20T00:00:00Z,2023-04-20T23:59:59Z,86395,86395,0,1.0,0.99976778,1.000061711,0.000372526,0,0,0,0,-0.0,0.741468,2.654544,-3.456927e-10,0.0007414219,0.00265438,False,0.002947,False
2023-04-21,RS01SLBS-MJ01A-12-VEL3DB101,2,True,2023-04-21T00:00:00Z,2023-04-21T23:59:59Z,86394,86394,0,1.0,0.999749184,1.00006171,0.000520074,0,0,0,0,-0.0,1.048496,3.867956,-3.992933e-10,0.001048432,0.003867717,False,0.002999,False
2023-04-22,RS01SLBS-MJ01A-12-VEL3DB101,2,True,2023-04-22T00:00:00Z,2023-04-22T23:59:59Z,86395,86395,0,1.0,0.999752045,1.000061704,-0.000583459,0,0,0,0,-0.0,0.907483,3.156102,-2.852202e-10,0.0009074269,0.003155907,False,0.003114,False
2023-04-23,RS01SLBS-MJ01A-12-VEL3DB101,2,True,2023-04-23T00:00:00Z,2023-04-23T23:59:59Z,86395,86395,0,1.0,0.999771118,1.000061713,0.001594078,0,0,1,1,-0.0,0.915465,3.118689,-1.717983e-10,0.0009154083,0.003118496,False,0.00295,False
2023-04-24,RS01SLBS-MJ01A-12-VEL3DB101,2,True,2023-04-24T00:00:00Z,2023-04-24T23:59:59Z,86394,86394,0,1.0,0.99977684,1.000061705,-0.000686847,0,0,0,0,-0.0,1.047215,3.167473,-4.239408e-10,0.00104715,0.003167277,False,0.003118,False
2023-04-25,RS01SLBS-MJ01A-12-VEL3DB101,2,True,2023-04-25T00:00:00Z,2023-04-25T23:59:59Z,86395,86395,0,1.0,0.999787331,1.000061721,-0.000901709,0,0,2,2,-0.0,0.802245,2.975284,-2.597462e-10,0.0008021953,0.0029751,False,0.003073,False
2023-04-26,RS01SLBS-MJ01A-12-VEL3DB101,2,True,2023-04-26T00:00:00Z,2023-04-26T23:59:59Z,86155,86395,240,1.0,0.999746799,1.000061724,0.000232377,1,240,1,240,0.0,1.003801,3.366019,8.425753e-11,0.001003739,0.003365812,False,0.075235,True
2023-04-27,RS01SLBS-MJ01A-12-VEL3DB101,2,True,2023-04-27T00:00:00Z,2023-04-27T23:59:59Z,86394,86394,0,1.0,0.999763966,1.000061755,-0.000747032,0,0,1,1,-0.0,1.018768,3.189808,-4.090313e-10,0.001018705,0.003189611,False,0.00314,False
2023-04-28,RS01SLBS-MJ01A-12-VEL3DB101,2,True,2023-04-28T00:00:00Z,2023-04-28T23:59:59Z,86395,86395,0,1.0,1.000445843,1.000061712,-0.003610617,0,0,0,0,-0.0,2.765707,7.679241,-3.18834e-10,0.002765537,0.007678768,False,0.003196,False
2023-04-29,RS01SLBS-MJ01A-12-VEL3DB101,2,True,2023-04-29T00:00:00Z,2023-04-29T23:59:59Z,86395,86395,0,1.0,0.999801159,1.000061674,0.001454131,0,0,2,2,1e-06,1.383223,4.575646,5.155382e-10,0.001383138,0.004575364,False,0.003002,False
2023-04-30,RS01SLBS-MJ01A-12-VEL3DB101,2,True,2023-04-30T00:00:00Z,2023-04-30T23:59:59Z,86394,86394,0,1.0,1.000557899,1.000061686,0.001338455,0,0,0,0,-0.0,0.771799,2.975477,-4.31847e-10,0.0007717514,0.002975294,False,0.003408,False
2023-05-01,RS01SLBS-MJ01A-12-VEL3DB101,2,True,2023-05-01T00:00:00Z,2023-05-01T23:59:59Z,86395,86395,0,1.0,1.000577927,1.000061682,0.000109483,0,0,0,0,-0.0,1.314863,3.807358,-3.004714e-10,0.001314782,0.003807124,False,0.003343,False
2023-05-02,RS01SLBS-MJ01A-12-VEL3DB101,2,True,2023-05-02T00:00:00Z,2023-05-02T23:59:59Z,86395,86395,0,1.0,1.000497818,1.000061684,0.001510084,0,0,1,1,-1e-06,1.984065,5.158418,-5.535576e-10,0.001983942,0.0051581,False,0.003168,False
2023-05-03,RS01SLBS-MJ01A-12-VEL3DB101,2,True,2023-05-03T00:00:00Z,2023-05-03T23:59:59Z,86394,86394,0,1.0,1.000544071,1.000061668,0.002907099,0,0,2,2,1e-06,2.168435,12.573789,9.271777e-10,0.002168302,0.01257301,False,0.013555,False
2023-05-04,RS01SLBS-MJ01A-12-VEL3DB101,2,True,2023-05-04T00:00:00Z,2023-05-04T23:59:59Z,86395,86395,0,1.0,0.999869347,1.000061693,0.002454051,0,0,0,0,-0.0,1.853978,12.348589,-3.958426e-10,0.001853864,0.01234783,False,0.01388,False
2023-05-05,RS01SLBS-MJ01A-12-VEL3DB101,2,True,2023-05-05T00:00:00Z,2023-05-05T23:59:59Z,86395,86395,0,1.0,1.000516891,1.000061703,0.000453443,0,0,1,1,0.0,1.711578,5.083222,3.978166e-10,0.001711472,0.005082908,False,0.003349,False
2023-05-06,RS01SLBS-MJ01A-12-VEL3DB101,2,True,2023-05-06T00:00:00Z,2023-05-06T23:59:59Z,86394,86394,0,1.0,0.99987936,1.000061709,-0.001895943,0,0,2,2,0.0,1.368332,4.356674,1.204072e-10,0.001368248,0.004356406,False,0.002879,False
2023-05-07,RS01SLBS-MJ01A-12-VEL3DB101,2,True,2023-05-07T00:00:00Z,2023-05-07T23:59:59Z,86395,86395,0,1.0,0.999821663,1.000061711,1.6941e-05,0,0,0,0,-0.0,1.52042,12.15301,-3.310088e-10,0.001520327,0.01215226,False,0.014051,False
2023-05-08,RS01SLBS-MJ01A-12-VEL3DB101,2,True,2023-05-08T00:00:00Z,2023-05-08T23:59:59Z,86395,86395,0,1.0,1.000445843,1.000061698,0.001633019,0,0,0,0,-0.0,1.478296,4.797291,-2.743365e-10,0.001478205,0.004796995,False,0.003279,False
2023-05-09,RS01SLBS-MJ01A-12-VEL3DB101,2,True,2023-05-09T00:00:00Z,2023-05-09T23:59:59Z,86394,86394,0,1.0,0.999783993,1.000061703,-6.4062e-05,0,0,0,0,-0.0,0.895937,4.785018,-4.257654e-10,0.0008958817,0.004784723,False,0.003181,False
2023-05-10,RS01SLBS-MJ01A-12-VEL3DB101,2,True,2023-05-10T00:00:00Z,2023-05-10T23:59:59Z,86395,86395,0,1.0,0.999836922,1.000061762,-0.002071647,0,0,2,2,1e-06,3.359481,9.914492,8.46951e-10,0.003359274,0.00991388,False,0.002901,False
2023-05-11,RS01SLBS-MJ01A-12-VEL3DB101,2,True,2023-05-11T00:00:00Z,2023-05-11T23:59:59Z,86395,86395,0,1.0,0.999810934,1.00006181,0.000829671,0,0,0,0,-0.0,5.565463,13.325403,-3.729756e-10,0.005565119,0.01332458,False,0.003773,False
2023-05-12,RS01SLBS-MJ01A-12-VEL3DB101,2,True,2023-05-12T00:00:00Z,2023-05-12T23:59:59Z,85727,86394,667,1.0,0.999835968,1.000061724,0.000930388,3,667,3,668,-0.0,2.840335,13.389814,-3.478369e-11,0.00284016,0.01338899,False,0.094352,True
2023-05-13,RS01SLBS-MJ01A-12-VEL3DB101,2,True,2023-05-13T00:00:00Z,2023-05-13T23:59:59Z,85894,86395,501,1.0,0.999787807,1.000061696,0.003810552,1,501,1,501,0.0,1.549242,7.088947,1.788003e-10,0.001549146,0.00708851,False,0.137153,True
2023-05-14,RS01SLBS-MJ01A-12-VEL3DB101,2,True,2023-05-14T00:00:00Z,2023-05-14T23:59:59Z,86395,86395,0,1.0,0.999847889,1.000061684,0.002524719,0,0,0,0,-0.0,1.719893,5.081936,-3.780904e-10,0.001719787,0.005081623,False,0.002995,False
2023-05-15,RS01SLBS-MJ01A-12-VEL3DB101,2,True,2023-05-15T00:00:00Z,2023-05-15T23:59:59Z,86394,86394,0,1.0,0.999983311,1.000061684,-0.00036044,0,0,1,1,-1e-06,1.432154,4.248576,-5.658836e-10,0.001432065,0.004248314,False,0.002804,False
2023-05-16,RS01SLBS-MJ01A-12-VEL3DB101,2,True,2023-05-16T00:00:00Z,2023-05-16T23:59:59Z,86395,86395,0,1.0,0.999763012,1.000061689,0.00065273,0,0,0,0,-0.0,1.402308,3.486362,-3.822476e-10,0.001402222,0.003486147,False,0.004446,False
2023-05-17,RS01SLBS-MJ01A-12-VEL3DB101,2,True,2023-05-17T00:00:00Z,2023-05-17T23:59:59Z,86395,86395,0,1.0,0.999844074,1.000061695,-0.00088081,0,0,1,1,0.0,0.879838,2.985319,3.78907e-10,0.000879784,0.002985135,False,0.003037,False
2023-05-18,RS01SLBS-MJ01A-12-VEL3DB101,2,True,2023-05-18T00:00:00Z,2023-05-18T23:59:59Z,86394,86394,0,1.0,0.999735832,1.0000617,0.000663724,0,0,0,0,-0.0,1.733659,4.849748,-4.11342e-10,0.001733552,0.004849449,False,0.003062,False
2023-05-19,RS01SLBS-MJ01A-12-VEL3DB101,2,True,2023-05-19T00:00:00Z,2023-05-19T23:59:59Z,86395,86395,0,1.0,0.999763012,1.000061664,0.002545966,0,0,1,1,1e-06,1.093478,4.004717,9.420849e-10,0.001093411,0.004004471,False,0.003063,False
2023-05-20,RS01SLBS-MJ01A-12-VEL3DB101,2,True,2023-05-20T00:00:00Z,2023-05-20T23:59:59Z,86395,86395,0,1.0,0.999760151,1.000061749,0.000320765,0,0,2,2,-0.0,1.513426,5.675616,-3.351614e-10,0.001513332,0.005675266,False,0.002952,False
2023-05-21,RS01SLBS-MJ01A-12-VEL3DB101,2,True,2023-05-21T00:00:00Z,2023-05-21T23:59:59Z,86394,86394,0,1.0,0.999898911,1.000061708,-0.000700663,0,0,3,3,1e-06,0.956982,3.070086,1.067897e-09,0.0009569234,0.003069897,False,0.002851,False
2023-05-22,RS01SLBS-MJ01A-12-VEL3DB101,2,True,2023-05-22T00:00:00Z,2023-05-22T23:59:59Z,86395,86395,0,1.0,0.999855518,1.000061684,9.0574e-05,0,0,0,0,-0.0,0.866751,2.579751,-3.24761e-10,0.0008666978,0.002579592,False,0.002895,False
2023-05-23,RS01SLBS-MJ01A-12-VEL3DB101,2,True,2023-05-23T00:00:00Z,2023-05-23T23:59:59Z,86395,86395,0,1.0,0.999816895,1.000061682,0.002324537,0,0,1,1,0.0,1.878851,4.745514,1.870345e-10,0.001878735,0.004745221,False,0.002992,False
2023-05-24,RS01SLBS-MJ01A-12-VEL3DB101,2,True,2023-05-24T00:00:00Z,2023-05-24T23:59:59Z,86394,86394,0,1.0,0.999841213,1.000061706,-0.000537586,0,0,0,0,-0.0,1.400794,4.528982,-4.813971e-10,0.001400707,0.004528703,False,0.002967,False
2023-05-25,RS01SLBS-MJ01A-12-VEL3DB101,2,True,2023-05-25T00:00:00Z,2023-05-25T23:59:59Z,86395,86395,0,1.0,0.999776363,1.000061693,0.000472638,0,0,2,2,-0.0,1.09145,9.721655,-3.005594e-10,0.001091383,0.009721055,False,0.01095,False
2023-05-26,RS01SLBS-MJ01A-12-VEL3DB101,2,True,2023-05-26T00:00:00Z,2023-05-26T23:59:59Z,86395,86395,0,1.0,1.000499487,1.000061687,0.00014154,0,0,0,0,-0.0,0.940497,3.195478,-4.000336e-10,0.0009404395,0.003195281,False,0.00329,False
2023-05-27,RS01SLBS-MJ01A-12-VEL3DB101,2,True,2023-05-27T00:00:00Z,2023-05-27T23:59:59Z,86394,86394,0,1.0,0.999895096,1.000061691,0.002716673,0,0,3,3,-1e-06,1.417948,3.893694,-8.384492e-10,0.00141786,0.003893454,False,0.003559,False
2023-05-28,RS01SLBS-MJ01A-12-VEL3DB101,2,True,2023-05-28T00:00:00Z,2023-05-28T23:59:59Z,86395,86395,0,1.0,1.000427961,1.000061722,0.001326288,0,0,0,0,-0.0,1.306742,4.724686,-3.503365e-10,0.001306661,0.004724394,False,0.003154,False
2023-05-29,RS01SLBS-MJ01A-12-VEL3DB101,2,True,2023-05-29T00:00:00Z,2023-05-29T23:59:59Z,86395,86395,0,1.0,0.999818802,1.000061725,-0.001068854,0,0,1,1,-1e-06,1.643019,4.332929,-7.6294e-10,0.001642918,0.004332662,False,0.005165,False
2023-05-30,RS01SLBS-MJ01A-12-VEL3DB101,2,True,2023-05-30T00:00:00Z,2023-05-30T23:59:59Z,86394,86394,0,1.0,0.999804974,1.00006171,-0.001382888,0,0,1,1,1e-06,1.594073,4.888909,5.289672e-10,0.001593974,0.004888608,False,0.004592,False
2023-05-31,RS01SLBS-MJ01A-12-VEL3DB101,2,True,2023-05-31T00:00:00Z,2023-05-31T23:59:59Z,86395,86395,0,1.0,1.000568867,1.000061718,-0.002775024,0,0,2,2,-1e-06,1.679323,4.869695,-6.032844e-10,0.001679219,0.004869394,False,0.003237,False
2023-06-01,RS01SLBS-MJ01A-12-VEL3DB101,2,True,2023-06-01T00:00:00Z,2023-06-01T23:59:59Z,86395,86395,0,1.0,0.999769211,1.000061737,0.000332919,0,0,0,0,-0.0,0.874116,2.981386,-3.064863e-10,0.0008740617,0.002981202,False,0.003046,False
2023-06-02,RS01SLBS-MJ01A-12-VEL3DB101,2,True,2023-06-02T00:00:00Z,2023-06-02T23:59:59Z,86394,86394,0,1.0,1.000391006,1.000061713,-0.001470615,0,0,0,0,-0.0,1.073957,3.117607,-4.171631e-10,0.001073891,0.003117415,False,0.003125,False
2023-06-03,RS01SLBS-MJ01A-12-VEL3DB101,2,True,2023-06-03T00:00:00Z,2023-06-03T23:59:59Z,86395,86395,0,1.0,0.999745846,1.000061718,0.000854581,0,0,0,0,-0.0,0.895966,3.2781,-3.276715e-10,0.0008959103,0.003277898,False,0.003082,False
2023-06-04,RS01SLBS-MJ01A-12-VEL3DB101,2,True,2023-06-04T00:00:00Z,2023-06-04T23:59:59Z,86395,86395,0,1.0,0.999847889,1.000061717,-0.001385619,0,0,0,0,-0.0,1.092322,3.23252,-3.404751e-10,0.001092255,0.00323232,False,0.002992,False
2023-06-05,RS01SLBS-MJ01A-12-VEL3DB101,2,True,2023-06-05T00:00:00Z,2023-06-05T23:59:59Z,86394,86394,0,1.0,0.999745846,1.000061704,0.001934462,0,0,0,0,-0.0,1.599807,6.634753,-3.943165e-10,0.001599709,0.006634343,False,0.006111,False
2023-06-06,RS01SLBS-MJ01A-12-VEL3DB101,2,True,2023-06-06T00:00:00Z,2023-06-06T23:59:59Z,86395,86395,0,1.0,0.999781132,1.000061694,0.000989283,0,0,0,0,-0.0,1.154736,3.605968,-3.22951e-10,0.001154665,0.003605746,False,0.002876,False
2023-06-07,RS01SLBS-MJ01A-12-VEL3DB101,2,True,2023-06-07T00:00:00Z,2023-06-07T23:59:59Z,86395,86395,0,1.0,0.999794006,1.000061719,0.000970903,0,0,2,2,0.0,1.525231,4.68812,1.63682e-10,0.001525137,0.004687831,False,0.002971,False
2023-06-08,RS01SLBS-MJ01A-12-VEL3DB101,2,True,2023-06-08T00:00:00Z,2023-06-08T23:59:59Z,86394,86394,0,1.0,0.999913216,1.000061689,0.000756228,0,0,0,0,-0.0,1.368329,9.105852,-4.2707e-10,0.001368244,0.00910529,False,0.00687,False
2023-06-09,RS01SLBS-MJ01A-12-VEL3DB101,2,True,2023-06-09T00:00:00Z,2023-06-09T23:59:59Z,85407,86395,988,1.0,1.000443935,1.000061697,0.000764906,4,988,4,990,-1e-06,1.341145,4.931638,-5.204165e-10,0.001341062,0.004931334,False,0.244718,True
2023-06-10,RS01SLBS-MJ01A-12-VEL3DB101,2,True,2023-06-10T00:00:00Z,2023-06-10T23:59:59Z,86395,86395,0,1.0,1.00047946,1.000061697,-0.002007625,0,0,0,0,-0.0,1.035356,3.5033,-3.240159e-10,0.001035292,0.003503083,False,0.003201,False
2023-06-11,RS01SLBS-MJ01A-12-VEL3DB101,2,True,2023-06-11T00:00:00Z,2023-06-11T23:59:59Z,86394,86394,0,1.0,0.999812603,1.000061677,0.003283679,0,0,0,0,-0.0,1.178698,4.635473,-3.896772e-10,0.001178626,0.004635187,False,0.003027,False
2023-06-12,RS01SLBS-MJ01A-12-VEL3DB101,2,True,2023-06-12T00:00:00Z,2023-06-12T23:59:59Z,86395,86395,0,1.0,1.0004282,1.000061675,0.004217424,0,0,0,0,-0.0,2.322942,6.048253,-3.174786e-10,0.002322799,0.00604788,False,0.003161,False
2023-06-13,RS01SLBS-MJ01A-12-VEL3DB101,2,True,2023-06-13T00:00:00Z,2023-06-13T23:59:59Z,86395,86395,0,1.0,1.000364304,1.00006169,0.004038354,0,0,0,0,-0.0,1.751243,4.98269,-3.125155e-10,0.001751135,0.004982383,False,0.003112,False
2023-06-14,RS01SLBS-MJ01A-12-VEL3DB101,2,True,2023-06-14T00:00:00Z,2023-06-14T23:59:59Z,86394,86394,0,1.0,0.999798775,1.000061667,0.005094552,0,0,2,2,-0.0,1.47207,5.260143,-3.142511e-10,0.001471979,0.005259819,False,0.005091,False
2023-06-15,RS01SLBS-MJ01A-12-VEL3DB101,2,True,2023-06-15T00:00:00Z,2023-06-15T23:59:59Z,86395,86395,0,1.0,0.999863148,1.000061677,0.000934309,0,0,2,2,-0.0,1.451594,4.630428,-1.738525e-10,0.001451504,0.004630142,False,0.003018,False
2023-06-16,RS01SLBS-MJ01A-12-VEL3DB101,2,True,2023-06-16T00:00:00Z,2023-06-16T23:59:59Z,86395,86395,0,1.0,0.999899864,1.00006169,0.002222359,0,0,1,1,-0.0,2.262647,6.432827,-6.956792e-11,0.002262507,0.00643243,False,0.002935,False
2023-06-17,RS01SLBS-MJ01A-12-VEL3DB101,2,True,2023-06-17T00:00:00Z,2023-06-17T23:59:59Z,86394,86394,0,1.0,0.999867916,1.0000617,0.001226692,0,0,0,0,-0.0,1.115402,3.384596,-4.386562e-10,0.001115333,0.003384387,False,0.002994,False
2023-06-18,RS01SLBS-MJ01A-12-VEL3DB101,2,True,2023-06-18T00:00:00Z,2023-06-18T06:26:11Z,23171,23171,0,1.0,0.999753475,1.000061751,0.000215387,0,0,0,0,-0.0,0.742781,2.485987,-2.969864e-11,0.0007427355,0.002485833,False,0.003054,False
2023-06-19,RS01SLBS-MJ01A-12-VEL3DB101,2,False,,,0,0,,1.0,,,,,,,,,,,,,,,,False
2023-06-20,RS01SLBS-MJ01A-12-VEL3DB101,2,True,2023-06-20T20:52:44Z,2023-06-20T23:59:59Z,11190,11235,45,1.0,1.000618935,1.000092269,-0.042343342,1,45,1,45,0.0,61.607122,142.018388,5.01321e-11,0.06160144,0.1420053,False,0.226044,True
2023-06-21,RS01SLBS-MJ01A-12-VEL3DB101,2,True,2023-06-21T00:00:00Z,2023-06-21T23:59:59Z,86395,86395,0,1.0,0.999818802,1.00006168,0.006045605,0,0,0,0,-0.0,3.234641,8.727325,-3.412437e-10,0.003234441,0.008726786,False,0.003089,False
2023-06-22,RS01SLBS-MJ01A-12-VEL3DB101,2,True,2023-06-22T00:00:00Z,2023-06-22T23:59:59Z,86395,86395,0,1.0,0.999835968,1.000061667,0.000895599,0,0,1,1,-0.0,1.520075,4.837696,-2.045075e-11,0.001519981,0.004837398,False,0.00293,False
2023-06-23,RS01SLBS-MJ01A-12-VEL3DB101,2,True,2023-06-23T00:00:00Z,2023-06-23T23:59:59Z,86394,86394,0,1.0,0.999856949,1.000061687,-0.000683995,0,0,0,0,-0.0,1.422824,3.996815,-3.851773e-10,0.001422736,0.003996568,False,0.00282,False
2023-06-24,RS01SLBS-MJ01A-12-VEL3DB101,2,True,2023-06-24T00:00:00Z,2023-06-24T23:59:59Z,86395,86395,0,1.0,1.00052166,1.000061699,0.000705886,0,0,1,1,0.0,0.741429,2.844004,1.211101e-10,0.0007413834,0.002843828,False,0.003245,False
2023-06-25,RS01SLBS-MJ01A-12-VEL3DB101,2,True,2023-06-25T00:00:00Z,2023-06-25T23:59:59Z,86395,86395,0,1.0,1.000581741,1.000061705,0.000938399,0,0,1,1,0.0,1.853022,13.75798,5.275339e-11,0.001852908,0.01375713,False,0.00896,False
2023-06-26,RS01SLBS-MJ01A-12-VEL3DB101,2,True,2023-06-26T00:00:00Z,2023-06-26T23:59:59Z,86394,86394,0,1.0,1.000580788,1.000061695,0.001169015,0,0,1,1,-0.0,1.084335,3.808456,-1.996475e-10,0.001084269,0.003808221,False,0.003323,False
2023-06-27,RS01SLBS-MJ01A-12-VEL3DB101,2,True,2023-06-27T00:00:00Z,2023-06-27T23:59:59Z,86395,86395,0,1.0,1.000578403,1.000061674,0.000288762,0,0,2,2,1e-06,1.122286,3.48074,7.503243e-10,0.001122217,0.003480526,False,0.00325,False
2023-06-28,RS01SLBS-MJ01A-12-VEL3DB101,2,True,2023-06-28T00:00:00Z,2023-06-28T23:59:59Z,86395,86395,0,1.0,1.000548363,1.000061674,0.001871842,0,0,1,1,0.0,1.492041,5.08849,6.595407e-11,0.001491949,0.005088176,False,0.003357,False
2023-06-29,RS01SLBS-MJ01A-12-VEL3DB101,2,True,2023-06-29T00:00:00Z,2023-06-29T23:59:59Z,86394,86394,0,1.0,1.000395775,1.000061666,0.001446525,0,0,1,1,-0.0,1.09664,8.346829,-3.616214e-10,0.001096572,0.008346314,False,0.005848,False
2023-06-30,RS01SLBS-MJ01A-12-VEL3DB101,2,True,2023-06-30T00:00:00Z,2023-06-30T23:59:59Z,86069,86395,326,1.0,1.000534058,1.000061675,0.002830781,2,326,2,327,1e-06,1.296473,7.073913,5.406577e-10,0.001296393,0.007073477,False,0.155555,True
2023-07-01,RS01SLBS-MJ01A-12-VEL3DB101,2,True,2023-07-01T00:00:00Z,2023-07-01T23:59:59Z,86395,86395,0,1.0,0.999851704,1.0000617,-0.002915413,0,0,0,0,-0.0,4.277935,12.532972,-3.225843e-10,0.004277671,0.0125322,False,0.01354,False
2023-07-02,RS01SLBS-MJ01A-12-VEL3DB101,2,True,2023-07-02T00:00:00Z,2023-07-02T23:59:59Z,86394,86394,0,1.0,0.999832153,1.000061686,-0.002442206,0,0,1,1,-0.0,1.269216,7.656219,-3.550458e-10,0.001269138,0.007655746,False,0.006259,False
2023-07-03,RS01SLBS-MJ01A-12-VEL3DB101,2,True,2023-07-03T00:00:00Z,2023-07-03T23:59:59Z,86395,86395,0,1.0,0.999808311,1.000061681,0.001187349,0,0,1,1,-1e-06,1.503939,4.232842,-7.436648e-10,0.001503846,0.004232581,False,0.002979,False
2023-07-04,RS01SLBS-MJ01A-12-VEL3DB101,2,True,2023-07-04T00:00:00Z,2023-07-04T23:59:59Z,86395,86395,0,1.0,0.999780655,1.0000617,0.00218865,0,0,0,0,-0.0,1.067835,4.144038,-3.219257e-10,0.001067769,0.004143783,False,0.00292,False
2023-07-05,RS01SLBS-MJ01A-12-VEL3DB101,2,True,2023-07-05T00:00:00Z,2023-07-05T23:59:59Z,86394,86394,0,1.0,0.999808788,1.000061719,-0.000177145,0,0,0,0,-0.0,0.974597,3.152105,-4.419539e-10,0.0009745372,0.00315191,False,0.002882,False
2023-07-06,RS01SLBS-MJ01A-12-VEL3DB101,2,True,2023-07-06T00:00:00Z,2023-07-06T23:59:59Z,86395,86395,0,1.0,0.999823809,1.000061681,0.001531315,0,0,0,0,-0.0,0.742494,2.679005,-3.759131e-10,0.0007424483,0.00267884,False,0.002968,False
2023-07-07,RS01SLBS-MJ01A-12-VEL3DB101,2,True,2023-07-07T00:00:00Z,2023-07-07T23:59:59Z,86395,86395,0,1.0,0.999796867,1.000061675,0.00082539,0,0,1,1,0.0,1.506358,4.293134,8.461184e-11,0.001506265,0.004292869,False,0.002882,False
2023-07-08,RS01SLBS-MJ01A-12-VEL3DB101,2,True,2023-07-08T00:00:00Z,2023-07-08T23:59:59Z,86394,86394,0,1.0,0.999891758,1.00006168,5.5783e-05,0,0,0,0,-0.0,0.734611,2.572931,-4.010041e-10,0.0007345654,0.002572772,False,0.002852,False
2023-07-09,RS01SLBS-MJ01A-12-VEL3DB101,2,True,2023-07-09T00:00:00Z,2023-07-09T23:59:59Z,86395,86395,0,1.0,1.000485897,1.0000617,0.001265309,0,0,1,1,0.0,0.972574,3.090602,8.36749e-11,0.0009725141,0.003090411,False,0.003247,False
2023-07-10,RS01SLBS-MJ01A-12-VEL3DB101,2,True,2023-07-10T00:00:00Z,2023-07-10T23:59:59Z,81121,86396,5275,1.0,0.999895096,1.000045028,0.314114944,6,5275,6,5277,1e-06,240.181432,609.155718,5.273904e-10,0.2401706,0.6091283,True,0.231049,True
2023-07-11,RS01SLBS-MJ01A-12-VEL3DB101,2,True,2023-07-11T00:00:00Z,2023-07-11T23:59:59Z,86394,86394,0,1.0,0.999862194,1.000061657,0.005326034,0,0,0,0,-0.0,2.27634,5.825131,-4.351041e-10,0.0022762,0.005824772,False,0.002924,False
2023-07-12,RS01SLBS-MJ01A-12-VEL3DB101,2,True,2023-07-12T00:00:00Z,2023-07-12T23:59:59Z,86395,86395,0,1.0,0.999897003,1.000061694,0.001279981,0,0,0,0,-0.0,1.406687,4.157129,-3.662462e-10,0.0014066,0.004156873,False,0.002922,False
2023-07-13,RS01SLBS-MJ01A-12-VEL3DB101,2,True,2023-07-13T00:00:00Z,2023-07-13T23:59:59Z,86395,86395,0,1.0,0.999751091,1.000061695,0.000699989,0,0,0,0,-0.0,1.31194,4.0055,-3.545372e-10,0.001311859,0.004005253,False,0.002963,False
2023-07-14,RS01SLBS-MJ01A-12-VEL3DB101,2,True,2023-07-14T00:00:00Z,2023-07-14T23:59:59Z,86394,86394,0,1.0,0.999794006,1.000061705,-0.001823631,0,0,0,0,-0.0,0.996006,3.392548,-4.21182e-10,0.0009959448,0.003392339,False,0.002891,False
2023-07-15,RS01SLBS-MJ01A-12-VEL3DB101,2,True,2023-07-15T00:00:00Z,2023-07-15T23:59:59Z,86395,86395,0,1.0,0.999773979,1.000061699,0.000834489,0,0,1,1,-0.0,0.756969,2.873895,-2.629152e-10,0.0007569228,0.002873718,False,0.002918,False
2023-07-16,RS01SLBS-MJ01A-12-VEL3DB101,2,True,2023-07-16T00:00:00Z,2023-07-16T23:59:59Z,86395,86395,0,1.0,0.999801397,1.000061703,-7.7037e-05,0,0,0,0,-0.0,0.769511,2.814976,-3.04503e-10,0.0007694639,0.002814802,False,0.002931,False
2023-07-17,RS01SLBS-MJ01A-12-VEL3DB101,2,True,2023-07-17T00:00:00Z,2023-07-17T23:59:59Z,86394,86394,0,1.0,0.999752045,1.000061717,-5.4516e-05,0,0,0,0,-0.0,1.734883,5.079183,-4.831801e-10,0.001734776,0.00507887,False,0.002933,False
2023-07-18,RS01SLBS-MJ01A-12-VEL3DB101,2,True,2023-07-18T00:00:00Z,2023-07-18T23:59:59Z,86395,86395,0,1.0,0.999746799,1.000061693,-0.000437322,0,0,1,1,-0.0,1.625564,4.574946,-1.335698e-10,0.001625464,0.004574664,False,0.003035,False
2023-07-19,RS01SLBS-MJ01A-12-VEL3DB101,2,True,2023-07-19T00:00:00Z,2023-07-19T23:59:59Z,86395,86395,0,1.0,0.999742985,1.000061713,0.000176033,0,0,0,0,-0.0,1.471927,4.408476,-2.996841e-10,0.001471836,0.004408204,False,0.003079,False
2023-07-20,RS01SLBS-MJ01A-12-VEL3DB101,2,True,2023-07-20T00:00:00Z,2023-07-20T23:59:59Z,85637,86394,757,1.0,0.999745369,1.000061682,0.000924473,3,757,3,759,0.0,0.968952,3.323985,3.923628e-10,0.0009688918,0.00332378,False,0.239677,True
2023-07-21,RS01SLBS-MJ01A-12-VEL3DB101,2,True,2023-07-21T00:00:00Z,2023-07-21T23:59:59Z,86395,86395,0,1.0,0.999764919,1.000061689,0.000507722,0,0,1,1,-0.0,0.863506,3.58458,-3.927589e-10,0.0008634525,0.003584359,False,0.003077,False
2023-07-22,RS01SLBS-MJ01A-12-VEL3DB101,2,True,2023-07-22T00:00:00Z,2023-07-22T13:42:15Z,49333,49333,0,1.0,0.999780178,1.0000616,0.001301325,0,0,0,0,0.0,3.076165,8.019907,1.146154e-10,0.003075976,0.008019413,False,0.002844,False
2023-07-23,RS01SLBS-MJ01A-12-VEL3DB101,2,False,,,0,0,,1.0,,,,,,,,,,,,,,,,False
2023-07-24,RS01SLBS-MJ01A-12-VEL3DB101,2,False,,,0,0,,1.0,,,,,,,,,,,,,,,,False
2023-07-25,RS01SLBS-MJ01A-12-VEL3DB101,2,False,,,0,0,,1.0,,,,,,,,,,,,,,,,False
2023-07-26,RS01SLBS-MJ01A-12-VEL3DB101,2,True,2023-07-26T17:40:32Z,2023-07-26T23:59:59Z,22767,22767,0,1.0,1.000522137,1.000061863,-0.0045276,0,0,0,0,-0.0,1.123606,8.722426,-4.726004e-11,0.001123536,0.008721886,False,0.012145,False
2023-07-27,RS01SLBS-MJ01A-12-VEL3DB101,2,True,2023-07-27T00:00:00Z,2023-07-27T23:59:59Z,86395,86395,0,1.0,1.000554085,1.000061663,0.000673897,0,0,0,0,-0.0,1.791449,4.853625,-3.402918e-10,0.001791338,0.004853326,False,0.004514,False
2023-07-28,RS01SLBS-MJ01A-12-VEL3DB101,2,True,2023-07-28T00:00:00Z,2023-07-28T23:59:59Z,86394,86394,0,1.0,1.000558853,1.000061667,0.001104789,0,0,0,0,-0.0,1.08677,4.215386,-4.163014e-10,0.001086703,0.004215126,False,0.003435,False
2023-07-29,RS01SLBS-MJ01A-12-VEL3DB101,2,True,2023-07-29T00:00:00Z,2023-07-29T23:59:59Z,86395,86395,0,1.0,1.000559807,1.00006168,6.2873e-05,0,0,1,1,-0.0,1.463551,10.350477,-4.122237e-10,0.001463461,0.01034984,False,0.011363,False
2023-07-30,RS01SLBS-MJ01A-12-VEL3DB101,2,True,2023-07-30T00:00:00Z,2023-07-30T23:59:59Z,86395,86395,0,1.0,1.000531197,1.000061697,8.6445e-05,0,0,1,1,0.0,1.125579,3.79076,3.592855e-10,0.00112551,0.003790526,False,0.003302,False
2023-07-31,RS01SLBS-MJ01A-12-VEL3DB101,2,True,2023-07-31T00:00:00Z,2023-07-31T23:59:59Z,86394,86394,0,1.0,1.000552654,1.000061698,0.003652978,0,0,0,0,-0.0,1.566016,4.48217,-3.957621e-10,0.00156592,0.004481893,False,0.003498,False
2023-08-01,RS01SLBS-MJ01A-12-VEL3DB101,2,True,2023-08-01T00:00:00Z,2023-08-01T23:59:59Z,85959,86395,436,1.0,1.000566959,1.000061687,0.000667682,1,436,1,436,0.0,0.687138,2.421682,3.065825e-12,0.0006870958,0.002421533,False,0.219897,True
2023-08-02,RS01SLBS-MJ01A-12-VEL3DB101,2,True,2023-08-02T00:00:00Z,2023-08-02T23:59:59Z,86395,86395,0,1.0,1.000540257,1.000061696,0.000539222,0,0,1,1,1e-06,1.144876,3.80644,6.912864e-10,0.001144806,0.003806206,False,0.003208,False
2023-08-03,RS01SLBS-MJ01A-12-VEL3DB101,2,True,2023-08-03T00:00:00Z,2023-08-03T23:59:59Z,86394,86394,0,1.0,1.000551224,1.000061688,0.000731922,0,0,0,0,-0.0,0.990483,4.085751,-4.354742e-10,0.0009904216,0.004085499,False,0.003387,False
2023-08-04,RS01SLBS-MJ01A-12-VEL3DB101,2,True,2023-08-04T00:00:00Z,2023-08-04T23:59:59Z,86395,86395,0,1.0,1.000555038,1.000061709,-3.6287e-05,0,0,0,0,-0.0,1.131162,4.072677,-3.223743e-10,0.001131092,0.004072426,False,0.004459,False
2023-08-05,RS01SLBS-MJ01A-12-VEL3DB101,2,True,2023-08-05T00:00:00Z,2023-08-05T23:59:59Z,86395,86395,0,1.0,1.000566006,1.000061701,0.000396712,0,0,0,0,-0.0,1.218632,3.734754,-2.824689e-10,0.001218557,0.003734524,False,0.003444,False
2023-08-06,RS01SLBS-MJ01A-12-VEL3DB101,2,True,2023-08-06T00:00:00Z,2023-08-06T23:59:59Z,86394,86394,0,1.0,1.000571251,1.000061705,-0.001549746,0,0,2,2,0.0,1.443251,4.733495,4.56025e-11,0.001443162,0.004733203,False,0.003365,False
2023-08-07,RS01SLBS-MJ01A-12-VEL3DB101,2,True,2023-08-07T00:00:00Z,2023-08-07T23:59:59Z,86395,86395,0,1.0,1.000573158,1.00006167,0.00052848,0,0,1,1,-0.0,1.335608,4.154027,-2.835298e-10,0.001335526,0.004153771,False,0.003443,False
2023-08-08,RS01SLBS-MJ01A-12-VEL3DB101,2,True,2023-08-08T00:00:00Z,2023-08-08T23:59:59Z,86395,86395,0,1.0,1.000538588,1.000061705,0.000895357,0,0,0,0,-0.0,0.790873,11.943939,-3.408675e-10,0.000790824,0.0119432,False,0.012935,False
2023-08-09,RS01SLBS-MJ01A-12-VEL3DB101,2,True,2023-08-09T00:00:00Z,2023-08-09T23:59:59Z,85319,86394,1075,1.0,1.000540257,1.000061704,-8.6712e-05,3,1075,3,1076,0.0,0.922537,3.015213,3.835453e-10,0.0009224798,0.003015027,False,0.356472,True
2023-08-10,RS01SLBS-MJ01A-12-VEL3DB101,2,True,2023-08-10T00:00:00Z,2023-08-10T23:59:59Z,86395,86395,0,1.0,1.000525951,1.000061713,-0.000478044,0,0,1,1,0.0,1.35151,4.371535,2.791259e-10,0.001351426,0.004371265,False,0.003358,False
2023-08-11,RS01SLBS-MJ01A-12-VEL3DB101,2,True,2023-08-11T00:00:00Z,2023-08-11T23:59:59Z,86395,86395,0,1.0,1.000507355,1.000061694,-0.001378262,0,0,1,1,0.0,1.122619,3.7313,3.949183e-10,0.001122549,0.003731069,False,0.003233,False
2023-08-12,RS01SLBS-MJ01A-12-VEL3DB101,2,True,2023-08-12T00:00:00Z,2023-08-12T23:59:59Z,86394,86394,0,1.0,0.999800682,1.00006171,0.00025917,0,0,0,0,-0.0,1.187501,3.849076,-3.989825e-10,0.001187428,0.003848839,False,0.003167,False
2023-08-13,RS01SLBS-MJ01A-12-VEL3DB101,2,True,2023-08-13T00:00:00Z,2023-08-13T23:59:59Z,86395,86395,0,1.0,0.999979496,1.000061697,0.002816043,0,0,0,0,-0.0,1.066312,3.904496,-2.96875e-10,0.001066247,0.003904255,False,0.002914,False
2023-08-14,RS01SLBS-MJ01A-12-VEL3DB101,2,True,2023-08-14T00:00:00Z,2023-08-14T23:59:59Z,86395,86395,0,1.0,1.000554085,1.000061691,0.001457472,0,0,1,1,1e-06,1.606308,5.20491,5.186067e-10,0.001606209,0.005204589,False,0.003543,False
2023-08-15,RS01SLBS-MJ01A-12-VEL3DB101,2,True,2023-08-15T00:00:00Z,2023-08-15T23:59:59Z,86394,86394,0,1.0,1.000546932,1.00006168,-0.002213333,0,0,0,0,-0.0,1.523395,5.423544,-4.210826e-10,0.001523301,0.005423209,False,0.006383,False
2023-08-16,RS01SLBS-MJ01A-12-VEL3DB101,2,True,2023-08-16T00:00:00Z,2023-08-16T23:59:59Z,86395,86395,0,1.0,1.000503063,1.000061666,0.001010299,0,0,2,2,-0.0,1.469399,4.056798,-1.404218e-10,0.001469309,0.004056548,False,0.003212,False
2023-08-17,RS01SLBS-MJ01A-12-VEL3DB101,2,True,2023-08-17T00:00:00Z,2023-08-17T23:59:59Z,86289,86395,106,1.0,1.000536919,1.000061674,0.001475659,3,106,3,108,1e-06,0.796499,4.682676,6.424633e-10,0.0007964498,0.004682387,False,0.051139,True
2023-08-18,RS01SLBS-MJ01A-12-VEL3DB101,2,True,2023-08-18T00:00:00Z,2023-08-18T23:59:59Z,86394,86394,0,1.0,1.000553131,1.000061695,0.000404435,0,0,0,0,-0.0,0.973256,4.416845,-4.815187e-10,0.000973196,0.004416573,False,0.006999,False
2023-08-19,RS01SLBS-MJ01A-12-VEL3DB101,2,True,2023-08-19T00:00:00Z,2023-08-19T23:59:59Z,86395,86395,0,1.0,1.000562191,1.000061696,-0.000404168,0,0,0,0,-0.0,0.770083,9.888434,-3.591091e-10,0.0007700357,0.009887824,False,0.010348,False
2023-08-20,RS01SLBS-MJ01A-12-VEL3DB101,2,True,2023-08-20T00:00:00Z,2023-08-20T23:59:59Z,86395,86395,0,1.0,1.000545025,1.000061708,0.000153618,0,0,0,0,-0.0,1.39721,8.72926,-3.133183e-10,0.001397123,0.008728721,False,0.009893,False
2023-08-21,RS01SLBS-MJ01A-12-VEL3DB101,2,True,2023-08-21T00:00:00Z,2023-08-21T23:59:59Z,86395,86395,0,1.0,1.000508785,1.000061697,0.001420735,0,0,1,1,0.0,1.737257,6.052795,4.018935e-10,0.001737149,0.006052422,False,0.003306,False
2023-08-22,RS01SLBS-MJ01A-12-VEL3DB101,2,True,2023-08-22T00:00:00Z,2023-08-22T23:59:59Z,86394,86394,0,1.0,1.000361919,1.000061713,-0.000270436,0,0,1,1,-0.0,1.047824,3.914154,-2.834913e-10,0.001047759,0.003913912,False,0.003731,False
2023-08-23,RS01SLBS-MJ01A-12-VEL3DB101,2,True,2023-08-23T00:00:00Z,2023-08-23T23:59:59Z,86395,86395,0,1.0,0.999897003,1.000061706,0.001822985,0,0,1,1,-1e-06,1.269409,12.031648,-5.103231e-10,0.001269331,0.01203091,False,0.012195,False
2023-08-24,RS01SLBS-MJ01A-12-VEL3DB101,2,True,2023-08-24T00:00:00Z,2023-08-24T23:59:59Z,86395,86395,0,1.0,1.000484943,1.000061671,-0.000270962,0,0,0,0,-0.0,1.192422,3.872269,-3.472033e-10,0.001192349,0.00387203,False,0.0033,False
2023-08-25,RS01SLBS-MJ01A-12-VEL3DB101,2,True,2023-08-25T00:00:00Z,2023-08-25T23:59:59Z,86394,86394,0,1.0,1.00048399,1.000061713,0.0021812,0,0,1,1,0.0,1.293009,4.609044,3.727752e-10,0.001292929,0.00460876,False,0.003432,False
2023-08-26,RS01SLBS-MJ01A-12-VEL3DB101,2,True,2023-08-26T00:00:00Z,2023-08-26T23:59:59Z,86395,86395,0,1.0,1.000510216,1.000061683,0.001007845,0,0,1,1,1e-06,1.353587,4.246783,5.368905e-10,0.001353504,0.004246521,False,0.003235,False
2023-08-27,RS01SLBS-MJ01A-12-VEL3DB101,2,True,2023-08-27T00:00:00Z,2023-08-27T23:59:59Z,86395,86395,0,1.0,1.000511169,1.000061705,0.001078158,0,0,1,1,0.0,1.003141,4.789423,7.1345e-11,0.001003079,0.004789127,False,0.004171,False
2023-08-28,RS01SLBS-MJ01A-12-VEL3DB101,2,True,2023-08-28T00:00:00Z,2023-08-28T23:59:59Z,86394,86394,0,1.0,1.00047493,1.000061704,-0.000238818,0,0,2,2,1e-06,0.902977,4.391035,5.104959e-10,0.000902921,0.004390765,False,0.003791,False
2023-08-29,RS01SLBS-MJ01A-12-VEL3DB101,2,True,2023-08-29T00:00:00Z,2023-08-29T23:59:59Z,86395,86395,0,1.0,1.000505209,1.000061685,-0.000379722,0,0,1,1,-0.0,0.971991,6.962204,-2.393499e-10,0.0009719309,0.006961775,False,0.006249,False
2023-08-30,RS01SLBS-MJ01A-12-VEL3DB101,2,True,2023-08-30T00:00:00Z,2023-08-30T23:59:59Z,86395,86395,0,1.0,1.000504971,1.000061689,-1.1533e-05,0,0,0,0,-0.0,2.863584,6.914247,-3.498871e-10,0.002863408,0.006913821,False,0.003248,False
2023-08-31,RS01SLBS-MJ01A-12-VEL3DB101,2,True,2023-08-31T00:00:00Z,2023-08-31T23:59:59Z,86394,86394,0,1.0,1.000553608,1.000061786,0.002009859,0,0,1,1,0.0,2.383361,6.929721,1.887187e-10,0.002383213,0.006929292,False,0.0046,False
2023-09-01,RS01SLBS-MJ01A-12-VEL3DB101,2,True,2023-09-01T00:00:00Z,2023-09-01T23:59:59Z,86395,86395,0,1.0,1.000549793,1.00006167,-0.005133859,0,0,0,0,-0.0,2.620057,6.340247,-3.161965e-10,0.002619896,0.006339856,False,0.003302,False
2023-09-02,RS01SLBS-MJ01A-12-VEL3DB101,2,True,2023-09-02T00:00:00Z,2023-09-02T23:59:59Z,86395,86395,0,1.0,0.999906063,1.000061682,0.00207386,0,0,2,2,-0.0,1.315978,4.015843,-3.502982e-10,0.001315897,0.004015595,False,0.003039,False
2023-09-03,RS01SLBS-MJ01A-12-VEL3DB101,2,True,2023-09-03T00:00:00Z,2023-09-03T23:59:59Z,86394,86394,0,1.0,1.000492096,1.000061709,0.002863195,0,0,0,0,-0.0,0.92458,3.576216,-4.017027e-10,0.0009245227,0.003575995,False,0.003277,False
2023-09-04,RS01SLBS-MJ01A-12-VEL3DB101,2,True,2023-09-04T00:00:00Z,2023-09-04T23:59:59Z,86395,86395,0,1.0,1.000384808,1.00006169,3.528e-05,0,0,0,0,-0.0,0.79824,2.954882,-3.400194e-10,0.0007981904,0.0029547,False,0.003027,False
2023-09-05,RS01SLBS-MJ01A-12-VEL3DB101,2,True,2023-09-05T00:00:00Z,2023-09-05T23:59:59Z,86395,86395,0,1.0,0.999927044,1.000061707,-0.000648364,0,0,0,0,-0.0,1.067191,3.168354,-3.277885e-10,0.001067125,0.003168159,False,0.002933,False
2023-09-06,RS01SLBS-MJ01A-12-VEL3DB101,2,True,2023-09-06T00:00:00Z,2023-09-06T23:59:59Z,86394,86394,0,1.0,1.000552177,1.000061692,-0.000129038,0,0,0,0,-0.0,1.138968,3.513266,-4.26754e-10,0.001138898,0.00351305,False,0.003416,False
2023-09-07,RS01SLBS-MJ01A-12-VEL3DB101,2,True,2023-09-07T00:00:00Z,2023-09-07T23:59:59Z,86395,86395,0,1.0,1.000545025,1.00006171,6.6484e-05,0,0,1,1,-0.0,1.316975,3.929035,-4.673138e-10,0.001316894,0.003928792,False,0.003393,False
2023-09-08,RS01SLBS-MJ01A-12-VEL3DB101,2,True,2023-09-08T00:00:00Z,2023-09-08T23:59:59Z,86395,86395,0,1.0,1.000505924,1.000061679,-0.000235153,0,0,0,0,-0.0,1.084121,3.637037,-3.276257e-10,0.001084055,0.003636813,False,0.003291,False
2023-09-09,RS01SLBS-MJ01A-12-VEL3DB101,2,True,2023-09-09T00:00:00Z,2023-09-09T23:59:59Z,86394,86394,0,1.0,1.00056982,1.000061685,0.000634116,0,0,2,2,1e-06,1.219235,7.791258,1.014661e-09,0.00121916,0.007790778,False,0.006501,False
2023-09-10,RS01SLBS-MJ01A-12-VEL3DB101,2,True,2023-09-10T00:00:00Z,2023-09-10T23:59:59Z,86395,86395,0,1.0,1.000562191,1.000061679,0.001383875,0,0,0,0,-0.0,1.086906,3.618941,-3.050623e-10,0.001086839,0.003618717,False,0.003323,False
2023-09-11,RS01SLBS-MJ01A-12-VEL3DB101,2,True,2023-09-11T00:00:00Z,2023-09-11T23:59:59Z,86395,86395,0,1.0,1.000566959,1.000061659,0.000364806,0,0,0,0,-0.0,1.239724,3.98239,-3.506266e-10,0.001239647,0.003982145,False,0.003305,False
2023-09-12,RS01SLBS-MJ01A-12-VEL3DB101,2,True,2023-09-12T00:00:00Z,2023-09-12T23:59:59Z,86394,86394,0,1.0,1.000565052,1.000061673,0.001895002,0,0,1,1,1e-06,1.150996,3.632821,5.220333e-10,0.001150925,0.003632597,False,0.003303,False
2023-09-13,RS01SLBS-MJ01A-12-VEL3DB101,2,True,2023-09-13T00:00:00Z,2023-09-13T23:59:59Z,85873,86395,522,1.0,1.000572205,1.000061697,0.002576186,2,522,2,523,-1e-06,1.265142,3.886715,-5.278191e-10,0.001265064,0.003886475,False,0.267142,True
2023-09-14,RS01SLBS-MJ01A-12-VEL3DB101,2,True,2023-09-14T00:00:00Z,2023-09-14T23:59:59Z,86395,86395,0,1.0,1.000566959,1.000061708,-0.001379033,0,0,1,1,-0.0,0.778947,2.955635,-1.94309e-10,0.0007788988,0.002955453,False,0.003265,False
2023-09-15,RS01SLBS-MJ01A-12-VEL3DB101,2,True,2023-09-15T00:00:00Z,2023-09-15T23:59:59Z,86394,86394,0,1.0,1.000444889,1.000061652,0.001551917,0,0,1,1,-0.0,0.947875,3.013236,-8.039882e-12,0.0009478169,0.003013051,False,0.003172,False
2023-09-16,RS01SLBS-MJ01A-12-VEL3DB101,2,True,2023-09-16T00:00:00Z,2023-09-16T23:59:59Z,86395,86395,0,1.0,1.000532627,1.000061693,0.003189951,0,0,1,1,1e-06,1.658234,4.439537,5.820312e-10,0.001658132,0.004439263,False,0.003307,False
2023-09-17,RS01SLBS-MJ01A-12-VEL3DB101,2,True,2023-09-17T00:00:00Z,2023-09-17T23:59:59Z,86395,86395,0,1.0,1.000489235,1.000061724,0.000285027,0,0,0,0,-0.0,1.999813,5.052209,-3.106878e-10,0.001999689,0.005051897,False,0.00334,False
2023-09-18,RS01SLBS-MJ01A-12-VEL3DB101,2,True,2023-09-18T00:00:00Z,2023-09-18T23:59:59Z,86192,86394,202,1.0,1.000574589,1.000061716,0.001341992,3,202,3,203,0.0,2.805841,8.781346,3.317992e-10,0.002805668,0.008780804,False,0.054145,True
2023-09-19,RS01SLBS-MJ01A-12-VEL3DB101,2,True,2023-09-19T00:00:00Z,2023-09-19T23:59:59Z,86395,86395,0,1.0,1.000440836,1.000061691,-0.000453023,0,0,1,1,-0.0,0.729964,2.578119,-1.657247e-10,0.0007299185,0.00257796,False,0.003137,False
2023-09-20,RS01SLBS-MJ01A-12-VEL3DB101,2,True,2023-09-20T00:00:00Z,2023-09-20T23:59:59Z,86395,86395,0,1.0,1.000542164,1.000061696,0.001965797,0,0,0,0,-0.0,0.925508,3.193099,-3.340249e-10,0.0009254505,0.003192902,False,0.003314,False
2023-09-21,RS01SLBS-MJ01A-12-VEL3DB101,2,True,2023-09-21T00:00:00Z,2023-09-21T23:59:59Z,86394,86394,0,1.0,1.00048399,1.000061703,3.5572e-05,0,0,0,0,-0.0,0.803246,2.707465,-3.643085e-10,0.0008031965,0.002707298,False,0.003182,False
2023-09-22,RS01SLBS-MJ01A-12-VEL3DB101,2,True,2023-09-22T00:00:00Z,2023-09-22T23:59:59Z,86395,86395,0,1.0,1.000504017,1.000061689,-0.000377371,0,0,0,0,-0.0,0.859878,2.623284,-3.768931e-10,0.0008598254,0.002623123,False,0.003286,False
2023-09-23,RS01SLBS-MJ01A-12-VEL3DB101,2,True,2023-09-23T00:00:00Z,2023-09-23T23:59:59Z,86395,86395,0,1.0,1.00054884,1.000061703,-0.001078126,0,0,0,0,-0.0,0.869595,3.335325,-3.271858e-10,0.0008695418,0.003335119,False,0.00339,False
2023-09-24,RS01SLBS-MJ01A-12-VEL3DB101,2,True,2023-09-24T00:00:00Z,2023-09-24T23:59:59Z,86394,86394,0,1.0,1.000499249,1.000061689,-0.000715246,0,0,2,2,0.0,0.872398,3.153544,4.860118e-10,0.0008723446,0.003153349,False,0.003485,False
2023-09-25,RS01SLBS-MJ01A-12-VEL3DB101,2,True,2023-09-25T00:00:00Z,2023-09-25T23:59:59Z,86395,86395,0,1.0,0.999870777,1.000061742,-0.000423766,0,0,0,0,-0.0,1.142036,3.222771,-3.315329e-10,0.001141966,0.003222572,False,0.00307,False
2023-09-26,RS01SLBS-MJ01A-12-VEL3DB101,2,True,2023-09-26T00:00:00Z,2023-09-26T23:59:59Z,83266,86396,3130,1.0,0.999830246,1.000046332,0.32959885,2,3130,2,3130,-1e-06,262.739672,542.976966,-6.234826e-10,0.2627275,0.5429518,True,0.423755,True
2023-09-27,RS01SLBS-MJ01A-12-VEL3DB101,2,True,2023-09-27T00:00:00Z,2023-09-27T23:59:59Z,85452,86394,942,1.0,1.000536919,1.000061691,-0.000380563,3,942,3,944,0.0,1.496807,10.88076,2.085263e-10,0.001496715,0.01088009,False,0.448434,True
2023-09-28,RS01SLBS-MJ01A-12-VEL3DB101,2,True,2023-09-28T00:00:00Z,2023-09-28T23:59:59Z,86395,86395,0,1.0,1.000559568,1.000061709,-0.000372368,0,0,0,0,-0.0,0.909463,3.837506,-3.115074e-10,0.0009094068,0.003837269,False,0.003277,False
2023-09-29,RS01SLBS-MJ01A-12-VEL3DB101,2,True,2023-09-29T00:00:00Z,2023-09-29T23:59:59Z,85754,86395,641,1.0,1.000535011,1.000061724,0.001024003,2,641,2,642,0.0,2.188245,7.484584,8.992378e-11,0.00218811,0.007484122,False,0.303547,True
2023-09-30,RS01SLBS-MJ01A-12-VEL3DB101,2,True,2023-09-30T00:00:00Z,2023-09-30T23:59:59Z,86394,86394,0,1.0,1.000575066,1.000061749,-0.002678244,0,0,1,1,-0.0,1.977778,9.242575,-1.969021e-10,0.001977656,0.009242004,False,0.007586,False
2023-10-01,RS01SLBS-MJ01A-12-VEL3DB101,2,True,2023-10-01T00:00:00Z,2023-10-01T23:59:59Z,86395,86395,0,1.0,1.000576973,1.00006171,-0.00057297,0,0,0,0,-0.0,1.01149,6.394382,-3.343495e-10,0.001011427,0.006393988,False,0.005396,False
2023-10-02,RS01SLBS-MJ01A-12-VEL3DB101,2,True,2023-10-02T00:00:00Z,2023-10-02T23:59:59Z,86395,86395,0,1.0,1.000546932,1.000061743,-0.002754973,0,0,1,1,-0.0,8.817561,109.977828,-4.681844e-10,0.008817016,0.109971,False,0.110201,False
2023-10-03,RS01SLBS-MJ01A-12-VEL3DB101,2,True,2023-10-03T00:00:00Z,2023-10-03T23:59:59Z,86394,86394,0,1.0,1.000561714,1.000061692,-0.000112351,0,0,0,0,-0.0,0.822794,3.587952,-4.55648e-10,0.0008227437,0.003587731,False,0.003758,False
2023-10-04,RS01SLBS-MJ01A-12-VEL3DB101,2,True,2023-10-04T00:00:00Z,2023-10-04T23:59:59Z,86395,86395,0,1.0,1.00051856,1.000061708,0.000270701,0,0,0,0,-0.0,1.411691,5.116145,-3.593433e-10,0.001411604,0.005115829,False,0.006276,False
2023-10-05,RS01SLBS-MJ01A-12-VEL3DB101,2,True,2023-10-05T00:00:00Z,2023-10-05T23:59:59Z,86395,86395,0,1.0,1.000494957,1.000061732,-0.002949534,0,0,2,2,-0.0,3.463515,10.946393,-4.266148e-10,0.003463301,0.01094572,False,0.004705,False
2023-10-06,RS01SLBS-MJ01A-12-VEL3DB101,2,True,2023-10-06T00:00:00Z,2023-10-06T23:59:59Z,86394,86394,0,1.0,1.00055933,1.00006169,-0.000766072,0,0,1,1,-1e-06,1.127946,5.621688,-1.023702e-09,0.001127877,0.005621341,False,0.005986,False
2023-10-07,RS01SLBS-MJ01A-12-VEL3DB101,2,True,2023-10-07T00:00:00Z,2023-10-07T23:59:59Z,86395,86395,0,1.0,1.000576019,1.00006172,6.193e-05,0,0,1,1,1e-06,3.62002,44.71036,6.65793e-10,0.003619797,0.0447076,False,0.045062,False
2023-10-08,RS01SLBS-MJ01A-12-VEL3DB101,2,True,2023-10-08T00:00:00Z,2023-10-08T23:59:59Z,86395,86395,0,1.0,1.000553131,1.000061699,0.000536305,0,0,1,1,0.0,1.118324,3.670883,2.862161e-10,0.001118255,0.003670656,False,0.003428,False
2023-10-09,RS01SLBS-MJ01A-12-VEL3DB101,2,True,2023-10-09T00:00:00Z,2023-10-09T23:59:59Z,86394,86394,0,1.0,1.000554085,1.000061695,0.00057379,0,0,0,0,-0.0,0.797898,2.950911,-3.764891e-10,0.0007978489,0.002950729,False,0.003366,False
2023-10-10,RS01SLBS-MJ01A-12-VEL3DB101,2,True,2023-10-10T00:00:00Z,2023-10-10T23:59:59Z,86395,86395,0,1.0,1.000486135,1.0000617,-0.000267595,0,0,0,0,-0.0,1.093869,6.458481,-3.771444e-10,0.001093802,0.006458083,False,0.006063,False
2023-10-11,RS01SLBS-MJ01A-12-VEL3DB101,2,True,2023-10-11T00:00:00Z,2023-10-11T23:59:59Z,86395,86395,0,1.0,1.00055933,1.000061684,0.000937932,0,0,2,2,-1e-06,1.330219,11.286728,-6.229791e-10,0.001330137,0.01128603,False,0.009959,False
2023-10-12,RS01SLBS-MJ01A-12-VEL3DB101,2,True,2023-10-12T00:00:00Z,2023-10-12T23:59:59Z,86394,86394,0,1.0,1.000551224,1.000061705,-0.000671768,0,0,0,0,-0.0,1.526392,5.031513,-4.017017e-10,0.001526298,0.005031203,False,0.005067,False
2023-10-13,RS01SLBS-MJ01A-12-VEL3DB101,2,True,2023-10-13T00:00:00Z,2023-10-13T23:59:59Z,86395,86395,0,1.0,1.000494003,1.000061738,-0.005565929,0,0,0,0,-0.0,11.730257,104.59736,-3.041992e-10,0.01172953,0.1045909,False,0.104382,False
2023-10-14,RS01SLBS-MJ01A-12-VEL3DB101,2,True,2023-10-14T00:00:00Z,2023-10-14T23:59:59Z,86395,86395,0,1.0,0.999919415,1.000061694,-0.001691632,0,0,0,0,-0.0,0.92381,3.965961,-3.149816e-10,0.0009237528,0.003965716,False,0.002947,False
2023-10-15,RS01SLBS-MJ01A-12-VEL3DB101,2,True,2023-10-15T00:00:00Z,2023-10-15T23:59:59Z,86394,86394,0,1.0,1.000497818,1.000061693,-0.000815792,0,0,1,1,0.0,0.967775,12.275021,4.296297e-11,0.0009677151,0.01227426,False,0.013211,False
2023-10-16,RS01SLBS-MJ01A-12-VEL3DB101,2,True,2023-10-16T00:00:00Z,2023-10-16T23:59:59Z,86395,86395,0,1.0,1.000585079,1.000061696,2.531e-06,0,0,1,1,0.0,1.097881,7.736081,2.127416e-10,0.001097814,0.007735603,False,0.005879,False
2023-10-17,RS01SLBS-MJ01A-12-VEL3DB101,2,True,2023-10-17T00:00:00Z,2023-10-17T23:59:59Z,86395,86395,0,1.0,1.000501871,1.000061753,-0.003237702,0,0,0,0,-0.0,6.60718,69.17034,-2.993134e-10,0.006606772,0.06916607,False,0.069364,False
2023-10-18,RS01SLBS-MJ01A-12-VEL3DB101,2,True,2023-10-18T00:00:00Z,2023-10-18T23:59:59Z,86394,86394,0,1.0,1.000529766,1.000061705,-0.002285439,0,0,0,0,-0.0,1.609581,12.444248,-4.462069e-10,0.001609482,0.01244348,False,0.011875,False
2023-10-19,RS01SLBS-MJ01A-12-VEL3DB101,2,True,2023-10-19T00:00:00Z,2023-10-19T23:59:59Z,86395,86395,0,1.0,1.000510216,1.00006168,-6.3334e-05,0,0,2,2,-1e-06,1.019233,5.009339,-6.087142e-10,0.00101917,0.00500903,False,0.005467,False
2023-10-20,RS01SLBS-MJ01A-12-VEL3DB101,2,True,2023-10-20T00:00:00Z,2023-10-20T23:59:59Z,86395,86395,0,1.0,1.000531673,1.000061682,0.002477753,0,0,0,0,-0.0,1.587155,8.603738,-2.665864e-10,0.001587057,0.008603207,False,0.007882,False
2023-10-21,RS01SLBS-MJ01A-12-VEL3DB101,2,True,2023-10-21T00:00:00Z,2023-10-21T23:59:59Z,86394,86394,0,1.0,1.000562191,1.000061701,0.001057358,0,0,1,1,1e-06,0.789189,3.07024,6.715699e-10,0.0007891402,0.003070051,False,0.003382,False
2023-10-22,RS01SLBS-MJ01A-12-VEL3DB101,2,True,2023-10-22T00:00:00Z,2023-10-22T23:59:59Z,86395,86395,0,1.0,1.000488281,1.0000617,0.000361745,0,0,0,0,-0.0,0.890198,6.747985,-3.355864e-10,0.000890143,0.006747569,False,0.005849,False
2023-10-23,RS01SLBS-MJ01A-12-VEL3DB101,2,True,2023-10-23T00:00:00Z,2023-10-23T23:59:59Z,86395,86395,0,1.0,1.000491858,1.000061675,0.000168799,0,0,0,0,-0.0,1.378805,6.368442,-3.935726e-10,0.00137872,0.006368049,False,0.005452,False
2023-10-24,RS01SLBS-MJ01A-12-VEL3DB101,2,True,2023-10-24T00:00:00Z,2023-10-24T23:59:59Z,86394,86394,0,1.0,1.000531673,1.000061712,0.001160656,0,0,1,1,0.0,1.47891,4.476755,1.999849e-10,0.001478818,0.004476478,False,0.003274,False
2023-10-25,RS01SLBS-MJ01A-12-VEL3DB101,2,True,2023-10-25T00:00:00Z,2023-10-25T23:59:59Z,86395,86395,0,1.0,1.000524998,1.000061729,-0.000383256,0,0,0,0,-0.0,0.994379,4.758196,-3.333139e-10,0.0009943173,0.004757902,False,0.00392,False
2023-10-26,RS01SLBS-MJ01A-12-VEL3DB101,2,True,2023-10-26T00:00:00Z,2023-10-26T23:59:59Z,86395,86395,0,1.0,1.00050211,1.000061701,0.001418604,0,0,1,1,0.0,7.364942,110.653218,5.715723e-11,0.007364488,0.1106464,False,0.109812,False
2023-10-27,RS01SLBS-MJ01A-12-VEL3DB101,2,True,2023-10-27T00:00:00Z,2023-10-27T23:59:59Z,86394,86394,0,1.0,1.000534058,1.000061774,-0.003153488,0,0,0,0,-0.0,8.498558,106.171089,-4.458422e-10,0.008498033,0.1061645,False,0.107929,False
2023-10-28,RS01SLBS-MJ01A-12-VEL3DB101,2,True,2023-10-28T00:00:00Z,2023-10-28T23:59:59Z,86395,86395,0,1.0,1.000574112,1.000061695,-0.000706131,0,0,1,1,0.0,7.561641,111.335544,1.422611e-10,0.007561175,0.1113287,False,0.111984,False
2023-10-29,RS01SLBS-MJ01A-12-VEL3DB101,2,True,2023-10-29T00:00:00Z,2023-10-29T23:59:59Z,86395,86395,0,1.0,1.000428915,1.000061683,0.001539806,0,0,1,1,-0.0,1.400999,11.714634,-3.618565e-10,0.001400912,0.01171391,False,0.013157,False
2023-10-30,RS01SLBS-MJ01A-12-VEL3DB101,2,True,2023-10-30T00:00:00Z,2023-10-30T23:59:59Z,86394,86394,0,1.0,0.999724388,1.00006156,-0.000842753,0,0,2,2,-0.0,3.643048,14.699577,-8.762503e-11,0.003642823,0.01469867,False,0.014313,False
2023-10-31,RS01SLBS-MJ01A-12-VEL3DB101,2,True,2023-10-31T00:00:00Z,2023-10-31T23:59:59Z,86395,86395,0,1.0,1.000263691,1.000061731,0.000496789,0,0,0,0,-0.0,3.574699,18.597551,-3.359577e-10,0.003574478,0.0185964,False,0.015378,False
2023-11-01,RS01SLBS-MJ01A-12-VEL3DB101,2,True,2023-11-01T00:00:00Z,2023-11-01T23:59:59Z,86395,86395,0,1.0,1.000520229,1.000061662,-0.010875974,0,0,1,1,0.0,4.107019,27.749257,5.235206e-11,0.004106766,0.02774755,False,0.015658,False
2023-11-02,RS01SLBS-MJ01A-12-VEL3DB101,2,True,2023-11-02T00:00:00Z,2023-11-02T23:59:59Z,86394,86394,0,1.0,1.000550747,1.000061688,0.001298076,0,0,0,0,-0.0,1.752431,12.102829,-3.978543e-10,0.001752323,0.01210208,False,0.012841,False
2023-11-03,RS01SLBS-MJ01A-12-VEL3DB101,2,True,2023-11-03T00:00:00Z,2023-11-03T23:59:59Z,86395,86395,0,1.0,1.000571728,1.000061685,0.000704167,0,0,0,0,-0.0,8.64169,108.034863,-3.495943e-10,0.008641157,0.1080282,False,0.108301,False
2023-11-04,RS01SLBS-MJ01A-12-VEL3DB101,2,True,2023-11-04T00:00:00Z,2023-11-04T23:59:59Z,86395,86395,0,1.0,1.000566959,1.000061676,-0.001158339,0,0,0,0,-0.0,1.070166,6.116662,-3.150437e-10,0.0010701,0.006116285,False,0.00619,False
2023-11-05,RS01SLBS-MJ01A-12-VEL3DB101,2,True,2023-11-05T00:00:00Z,2023-11-05T23:59:59Z,86394,86394,0,1.0,1.000557423,1.000061684,-0.000284706,0,0,0,0,-0.0,0.943091,5.79699,-4.789211e-10,0.0009430324,0.005796632,False,0.005612,False
2023-11-06,RS01SLBS-MJ01A-12-VEL3DB101,2,True,2023-11-06T00:00:00Z,2023-11-06T23:59:59Z,86395,86395,0,1.0,1.000582695,1.000061689,0.000628144,0,0,0,0,-0.0,1.031206,5.272093,-3.792002e-10,0.001031142,0.005271768,False,0.005603,False
2023-11-07,RS01SLBS-MJ01A-12-VEL3DB101,2,True,2023-11-07T00:00:00Z,2023-11-07T23:59:59Z,86395,86395,0,1.0,1.000546932,1.000061682,-0.001101494,0,0,2,2,1e-06,1.149478,13.397736,5.931495e-10,0.001149407,0.01339691,False,0.012833,False
2023-11-08,RS01SLBS-MJ01A-12-VEL3DB101,2,True,2023-11-08T00:00:00Z,2023-11-08T23:59:59Z,86394,86394,0,1.0,1.000379086,1.0000617,0.00068077,0,0,0,0,-0.0,1.387923,14.742401,-4.278862e-10,0.001387837,0.01474149,False,0.014076,False
2023-11-09,RS01SLBS-MJ01A-12-VEL3DB101,2,True,2023-11-09T00:00:00Z,2023-11-09T23:59:59Z,86395,86395,0,1.0,1.000578403,1.00006169,-0.001307736,0,0,0,0,-0.0,1.274562,6.995083,-2.817224e-10,0.001274483,0.006994652,False,0.003904,False
2023-11-10,RS01SLBS-MJ01A-12-VEL3DB101,2,True,2023-11-10T00:00:00Z,2023-11-10T23:59:59Z,86395,86395,0,1.0,1.000468254,1.000061712,0.001947656,0,0,1,1,-0.0,1.105228,5.045145,-3.687978e-10,0.00110516,0.005044834,False,0.003942,False
2023-11-11,RS01SLBS-MJ01A-12-VEL3DB101,2,True,2023-11-11T00:00:00Z,2023-11-11T23:59:59Z,86394,86394,0,1.0,1.000527859,1.000061691,-0.000895483,0,0,2,2,0.0,1.119657,11.281672,2.497803e-10,0.001119588,0.01128098,False,0.010211,False
2023-11-12,RS01SLBS-MJ01A-12-VEL3DB101,2,True,2023-11-12T00:00:00Z,2023-11-12T20:20:10Z,73207,73207,0,1.0,1.000365734,1.000061704,0.000711613,0,0,2,2,-1e-06,0.79296,5.628958,-5.430844e-10,0.000792911,0.00562861,False,0.005482,False
2023-11-13,RS01SLBS-MJ01A-12-VEL3DB101,2,True,2023-11-13T00:00:00Z,2023-11-13T23:59:59Z,83259,86393,3134,1.0,1.000555992,1.00008558,-0.588714781,1,3134,1,3134,1e-06,556.09607,980.899219,5.948751e-10,0.5560485,0.9808153,True,0.449577,True
2023-11-14,RS01SLBS-MJ01A-12-VEL3DB101,2,True,2023-11-14T00:00:00Z,2023-11-14T23:59:59Z,86394,86394,0,1.0,1.000519276,1.0000617,0.000673946,0,0,0,0,-0.0,0.712991,3.491052,-4.273417e-10,0.0007129471,0.003490837,False,0.00341,False
2023-11-15,RS01SLBS-MJ01A-12-VEL3DB101,2,True,2023-11-15T00:00:00Z,2023-11-15T23:59:59Z,86395,86395,0,1.0,1.000411034,1.000061688,-0.001356566,0,0,0,0,-0.0,1.188086,4.684343,-3.764968e-10,0.001188012,0.004684054,False,0.003641,False
2023-11-16,RS01SLBS-MJ01A-12-VEL3DB101,2,True,2023-11-16T00:00:00Z,2023-11-16T23:59:59Z,86395,86395,0,1.0,1.00054884,1.000061691,-0.000566199,0,0,1,1,0.0,0.988068,3.868912,1.654259e-12,0.0009880067,0.003868673,False,0.003293,False
2023-11-17,RS01SLBS-MJ01A-12-VEL3DB101,2,True,2023-11-17T00:00:00Z,2023-11-17T23:59:59Z,86394,86394,0,1.0,1.00041914,1.000061735,-0.000627577,0,0,1,1,0.0,1.043677,4.653093,3.194077e-10,0.001043613,0.004652806,False,0.003594,False
2023-11-18,RS01SLBS-MJ01A-12-VEL3DB101,2,True,2023-11-18T00:00:00Z,2023-11-18T23:59:59Z,86395,86395,0,1.0,1.000576019,1.000061765,-0.005844811,0,0,0,0,-0.0,12.426502,104.547192,-2.927483e-10,0.01242573,0.1045407,False,0.092748,False
2023-11-19,RS01SLBS-MJ01A-12-VEL3DB101,2,True,2023-11-19T00:00:00Z,2023-11-19T23:59:59Z,86395,86395,0,1.0,1.000526905,1.000061671,0.001532059,0,0,2,2,0.0,1.9001,19.544903,1.636805e-10,0.001899983,0.0195437,False,0.012797,False
2023-11-20,RS01SLBS-MJ01A-12-VEL3DB101,2,True,2023-11-20T00:00:00Z,2023-11-20T23:59:59Z,86394,86394,0,1.0,1.000577927,1.000061701,-0.001059496,0,0,0,0,-0.0,1.111557,7.261716,-3.865841e-10,0.001111488,0.007261268,False,0.006663,False
2023-11-21,RS01SLBS-MJ01A-12-VEL3DB101,2,True,2023-11-21T00:00:00Z,2023-11-21T23:59:59Z,86395,86395,0,1.0,1.000555992,1.000061687,-8.4724e-05,0,0,4,4,0.0,0.7914,3.326155,2.608527e-10,0.0007913509,0.00332595,False,0.003593,False
2023-11-22,RS01SLBS-MJ01A-12-VEL3DB101,2,True,2023-11-22T00:00:00Z,2023-11-22T23:59:59Z,86395,86395,0,1.0,1.000511169,1.000061689,0.002294119,0,0,2,2,0.0,1.203345,6.176041,4.461438e-11,0.001203271,0.00617566,False,0.005914,False
2023-11-23,RS01SLBS-MJ01A-12-VEL3DB101,2,True,2023-11-23T00:00:00Z,2023-11-23T23:59:59Z,86192,86394,202,1.0,1.000512123,1.000061707,0.000634825,3,202,3,203,-0.0,1.34653,4.035467,-4.891362e-11,0.001346447,0.004035218,False,0.04806,True
2023-11-24,RS01SLBS-MJ01A-12-VEL3DB101,2,True,2023-11-24T00:00:00Z,2023-11-24T23:59:59Z,86294,86395,101,1.0,1.000350952,1.000061707,0.000663688,2,101,2,102,-0.0,0.984065,3.304517,-5.962313e-11,0.0009840046,0.003304313,False,0.030817,True
2023-11-25,RS01SLBS-MJ01A-12-VEL3DB101,2,True,2023-11-25T00:00:00Z,2023-11-25T23:59:59Z,86395,86395,0,1.0,1.000435591,1.00006171,-0.001175421,0,0,1,1,0.0,2.070495,18.482615,1.009599e-10,0.002070367,0.01848147,False,0.016113,False
2023-11-26,RS01SLBS-MJ01A-12-VEL3DB101,2,True,2023-11-26T00:00:00Z,2023-11-26T14:42:45Z,52963,52963,0,1.0,1.000573158,1.000061634,-0.000640116,0,0,0,0,0.0,2.702439,6.499453,9.721331e-11,0.002702273,0.006499053,False,0.003319,False
2023-11-27,RS01SLBS-MJ01A-12-VEL3DB101,2,False,,,0,0,,1.0,,,,,,,,,,,,,,,,False
2023-11-28,RS01SLBS-MJ01A-12-VEL3DB101,2,False,,,0,0,,1.0,,,,,,,,,,,,,,,,False
2023-11-29,RS01SLBS-MJ01A-12-VEL3DB101,2,False,,,0,0,,1.0,,,,,,,,,,,,,,,,False
2023-11-30,RS01SLBS-MJ01A-12-VEL3DB101,2,False,,,0,0,,1.0,,,,,,,,,,,,,,,,False
2023-12-01,RS01SLBS-MJ01A-12-VEL3DB101,2,False,,,0,0,,1.0,,,,,,,,,,,,,,,,False
2023-12-02,RS01SLBS-MJ01A-12-VEL3DB101,2,False,,,0,0,,1.0,,,,,,,,,,,,,,,,False
2023-12-03,RS01SLBS-MJ01A-12-VEL3DB101,2,False,,,0,0,,1.0,,,,,,,,,,,,,,,,False
2023-12-04,RS01SLBS-MJ01A-12-VEL3DB101,2,False,,,0,0,,1.0,,,,,,,,,,,,,,,,False
2023-12-05,RS01SLBS-MJ01A-12-VEL3DB101,2,False,,,0,0,,1.0,,,,,,,,,,,,,,,,False
2023-12-06,RS01SLBS-MJ01A-12-VEL3DB101,2,False,,,0,0,,1.0,,,,,,,,,,,,,,,,False
2023-12-07,RS01SLBS-MJ01A-12-VEL3DB101,2,False,,,0,0,,1.0,,,,,,,,,,,,,,,,False
2023-12-08,RS01SLBS-MJ01A-12-VEL3DB101,2,False,,,0,0,,1.0,,,,,,,,,,,,,,,,False
2023-12-09,RS01SLBS-MJ01A-12-VEL3DB101,2,False,,,0,0,,1.0,,,,,,,,,,,,,,,,False
2023-12-10,RS01SLBS-MJ01A-12-VEL3DB101,2,False,,,0,0,,1.0,,,,,,,,,,,,,,,,False
2023-12-11,RS01SLBS-MJ01A-12-VEL3DB101,2,False,,,0,0,,1.0,,,,,,,,,,,,,,,,False
2023-12-12,RS01SLBS-MJ01A-12-VEL3DB101,2,False,,,0,0,,1.0,,,,,,,,,,,,,,,,False
2023-12-13,RS01SLBS-MJ01A-12-VEL3DB101,2,False,,,0,0,,1.0,,,,,,,,,,,,,,,,False
2023-12-14,RS01SLBS-MJ01A-12-VEL3DB101,2,False,,,0,0,,1.0,,,,,,,,,,,,,,,,False
2023-12-15,RS01SLBS-MJ01A-12-VEL3DB101,2,False,,,0,0,,1.0,,,,,,,,,,,,,,,,False
2023-12-16,RS01SLBS-MJ01A-12-VEL3DB101,2,False,,,0,0,,1.0,,,,,,,,,,,,,,,,False
2023-12-17,RS01SLBS-MJ01A-12-VEL3DB101,2,False,,,0,0,,1.0,,,,,,,,,,,,,,,,False
2023-12-18,RS01SLBS-MJ01A-12-VEL3DB101,2,False,,,0,0,,1.0,,,,,,,,,,,,,,,,False
2023-12-19,RS01SLBS-MJ01A-12-VEL3DB101,2,True,2023-12-19T17:05:40Z,2023-12-19T23:59:59Z,24858,24858,0,1.0,1.000543118,1.000061568,0.001184273,0,0,1,1,0.0,0.660839,2.715183,8.573718e-11,0.000660798,0.002715016,False,0.003229,False
2023-12-20,RS01SLBS-MJ01A-12-VEL3DB101,2,True,2023-12-20T00:00:00Z,2023-12-20T23:59:59Z,86395,86395,0,1.0,1.00054121,1.000061681,0.001457358,0,0,1,1,-0.0,1.331478,10.251186,-2.716618e-10,0.001331396,0.01025055,False,0.010235,False
2023-12-21,RS01SLBS-MJ01A-12-VEL3DB101,2,True,2023-12-21T00:00:00Z,2023-12-21T23:59:59Z,86395,86395,0,1.0,1.000552177,1.00006169,0.001512018,0,0,1,1,1e-06,0.793283,4.218889,6.389546e-10,0.0007932336,0.004218628,False,0.003553,False
2023-12-22,RS01SLBS-MJ01A-12-VEL3DB101,2,True,2023-12-22T00:00:00Z,2023-12-22T23:59:59Z,86394,86394,0,1.0,1.00055933,1.000061687,-0.000260873,0,0,1,1,1e-06,6.954792,110.330201,6.52297e-10,0.006954363,0.1103234,False,0.108729,False
2023-12-23,RS01SLBS-MJ01A-12-VEL3DB101,2,True,2023-12-23T00:00:00Z,2023-12-23T23:59:59Z,86395,86395,0,1.0,1.000529766,1.000061695,-0.001754086,0,0,1,1,0.0,0.918685,7.488131,2.622649e-10,0.0009186285,0.007487669,False,0.005211,False
2023-12-24,RS01SLBS-MJ01A-12-VEL3DB101,2,True,2023-12-24T00:00:00Z,2023-12-24T23:59:59Z,86395,86395,0,1.0,1.000510693,1.00006166,-0.000970642,0,0,0,0,-0.0,14.31799,105.083002,-2.778399e-10,0.01431711,0.1050765,False,0.105088,False
2023-12-25,RS01SLBS-MJ01A-12-VEL3DB101,2,True,2023-12-25T00:00:00Z,2023-12-25T23:59:59Z,86394,86394,0,1.0,1.000524044,1.000061714,-0.001629062,0,0,1,1,-0.0,1.039124,11.44981,-1.343358e-11,0.00103906,0.0114491,False,0.011588,False
2023-12-26,RS01SLBS-MJ01A-12-VEL3DB101,2,True,2023-12-26T00:00:00Z,2023-12-26T23:59:59Z,86395,86395,0,1.0,1.000555992,1.000061684,0.001619651,0,0,0,0,-0.0,0.982353,3.323834,-3.159067e-10,0.0009822924,0.003323629,False,0.004022,False
2023-12-27,RS01SLBS-MJ01A-12-VEL3DB101,2,True,2023-12-27T00:00:00Z,2023-12-27T23:59:59Z,86395,86395,0,1.0,1.000568867,1.000061691,-0.001752355,0,0,0,0,-0.0,0.830004,4.748317,-3.388494e-10,0.0008299531,0.004748024,False,0.004289,False
2023-12-28,RS01SLBS-MJ01A-12-VEL3DB101,2,True,2023-12-28T00:00:00Z,2023-12-28T23:59:59Z,86394,86394,0,1.0,1.000545979,1.000061686,0.001234919,0,0,1,1,-0.0,0.823756,5.123937,-2.716793e-10,0.0008237054,0.005123621,False,0.004069,False
2023-12-29,RS01SLBS-MJ01A-12-VEL3DB101,2,True,2023-12-29T00:00:00Z,2023-12-29T23:59:59Z,86395,86395,0,1.0,1.000494003,1.000061699,-0.00024292,0,0,2,2,-0.0,1.399045,14.538129,-3.056603e-10,0.001398958,0.01453723,False,0.013332,False
2023-12-30,RS01SLBS-MJ01A-12-VEL3DB101,2,True,2023-12-30T00:00:00Z,2023-12-30T23:59:59Z,86395,86395,0,1.0,1.00056076,1.000061693,-3.9603e-05,0,0,1,1,1e-06,0.98511,13.874446,8.774895e-10,0.0009850495,0.01387359,False,0.01142,False
2023-12-31,RS01SLBS-MJ01A-12-VEL3DB101,2,True,2023-12-31T00:00:00Z,2023-12-31T23:59:59Z,86394,86394,0,1.0,1.000552177,1.0000617,-6.4027e-05,0,0,0,0,-0.0,1.195301,9.927151,-4.644178e-10,0.001195227,0.009926538,False,0.011348,False
2024-01-01,RS01SLBS-MJ01A-12-VEL3DB101,2,True,2024-01-01T00:00:00Z,2024-01-01T23:59:59Z,86294,86395,101,1.0,1.000570774,1.000061701,-0.000398144,1,101,1,101,0.0,0.761354,5.239673,4.34044e-10,0.0007613068,0.00523935,False,0.051393,True
2024-01-02,RS01SLBS-MJ01A-12-VEL3DB101,2,True,2024-01-02T00:00:00Z,2024-01-02T23:59:59Z,86395,86395,0,1.0,1.000566006,1.000061692,-0.000239878,0,0,1,1,0.0,0.80253,4.885198,3.263101e-11,0.0008024809,0.004884897,False,0.004119,False
2024-01-03,RS01SLBS-MJ01A-12-VEL3DB101,2,True,2024-01-03T00:00:00Z,2024-01-03T23:59:59Z,86293,86394,101,1.0,1.000551224,1.000061702,0.000366696,2,101,2,102,0.0,0.753847,4.888905,9.477053e-11,0.0007538008,0.004888603,False,0.050829,True
2024-01-04,RS01SLBS-MJ01A-12-VEL3DB101,2,True,2024-01-04T00:00:00Z,2024-01-04T23:59:59Z,86395,86395,0,1.0,1.000563145,1.000061691,-0.001676656,0,0,0,0,-0.0,0.921314,10.510274,-3.351852e-10,0.0009212567,0.01050963,False,0.011475,False
2024-01-05,RS01SLBS-MJ01A-12-VEL3DB101,2,True,2024-01-05T00:00:00Z,2024-01-05T23:59:59Z,86092,86395,303,1.0,1.000552177,1.000061683,-7.2905e-05,4,303,4,304,0.0,0.819149,5.673236,3.456269e-10,0.0008190984,0.005672887,False,0.049931,True
2024-01-06,RS01SLBS-MJ01A-12-VEL3DB101,2,True,2024-01-06T00:00:00Z,2024-01-06T23:59:59Z,85990,86394,404,1.0,1.000556946,1.000061685,-0.000171653,7,404,7,407,-0.0,1.074812,8.832315,-4.832123e-10,0.001074746,0.00883177,False,0.052476,True
2024-01-07,RS01SLBS-MJ01A-12-VEL3DB101,2,True,2024-01-07T00:00:00Z,2024-01-07T23:59:59Z,85991,86395,404,1.0,1.000547409,1.00006169,-0.000160442,6,404,6,406,1e-06,0.804465,2.9715,7.041402e-10,0.0008044153,0.002971316,False,0.04943,True
2024-01-08,RS01SLBS-MJ01A-12-VEL3DB101,2,True,2024-01-08T00:00:00Z,2024-01-08T23:59:59Z,67062,86386,19324,1.0,1.000540257,1.000179519,-2.60359417,6,19324,6,19325,0.0,1956.29945,3717.726397,4.039998e-10,1.955948,3.717059,True,0.189345,True
2024-01-09,RS01SLBS-MJ01A-12-VEL3DB101,2,True,2024-01-09T00:00:00Z,2024-01-09T23:59:59Z,85265,86394,1129,1.0,1.000540257,1.000061704,-0.000510877,4,1129,4,1130,0.0,0.958039,6.625163,2.628695e-10,0.0009579804,0.006624754,False,0.444218,True
2024-01-10,RS01SLBS-MJ01A-12-VEL3DB101,2,True,2024-01-10T00:00:00Z,2024-01-10T23:59:59Z,85990,86395,405,1.0,1.000548363,1.000061696,-0.001429507,4,405,4,405,0.0,0.857366,6.143562,5.134167e-11,0.0008573135,0.006143183,False,0.050915,True
2024-01-11,RS01SLBS-MJ01A-12-VEL3DB101,2,True,2024-01-11T00:00:00Z,2024-01-11T23:59:59Z,64157,86399,22242,1.0,0.999896526,1.000002447,-0.059974358,6,22242,6,22242,-1e-06,788.634144,1620.318117,-1.127202e-09,0.7886322,1.620314,True,0.409797,True
2024-01-12,RS01SLBS-MJ01A-12-VEL3DB101,2,True,2024-01-12T00:00:00Z,2024-01-12T23:59:59Z,76176,86389,10213,1.0,1.000538826,1.000119909,-1.424870761,3,10213,3,10213,-0.0,1273.467377,2223.981593,-3.098618e-10,1.273315,2.223715,True,0.236843,True
2024-01-13,RS01SLBS-MJ01A-12-VEL3DB101,2,True,2024-01-13T00:00:00Z,2024-01-13T03:45:32Z,13533,13533,0,1.0,0.999779224,1.000061685,0.000691518,0,0,0,0,0.0,0.656203,2.271504,1.99852e-11,0.0006561625,0.002271364,False,0.003108,False
2024-01-14,RS01SLBS-MJ01A-12-VEL3DB101,2,False,,,0,0,,1.0,,,,,,,,,,,,,,,,False
2024-01-15,RS01SLBS-MJ01A-12-VEL3DB101,2,False,,,0,0,,1.0,,,,,,,,,,,,,,,,False
2024-01-16,RS01SLBS-MJ01A-12-VEL3DB101,2,False,,,0,0,,1.0,,,,,,,,,,,,,,,,False
2024-01-17,RS01SLBS-MJ01A-12-VEL3DB101,2,False,,,0,0,,1.0,,,,,,,,,,,,,,,,False
2024-01-18,RS01SLBS-MJ01A-12-VEL3DB101,2,False,,,0,0,,1.0,,,,,,,,,,,,,,,,False
2024-01-19,RS01SLBS-MJ01A-12-VEL3DB101,2,False,,,0,0,,1.0,,,,,,,,,,,,,,,,False
2024-01-20,RS01SLBS-MJ01A-12-VEL3DB101,2,False,,,0,0,,1.0,,,,,,,,,,,,,,,,False
2024-01-21,RS01SLBS-MJ01A-12-VEL3DB101,2,False,,,0,0,,1.0,,,,,,,,,,,,,,,,False
2024-01-22,RS01SLBS-MJ01A-12-VEL3DB101,2,False,,,0,0,,1.0,,,,,,,,,,,,,,,,False
2024-01-23,RS01SLBS-MJ01A-12-VEL3DB101,2,False,,,0,0,,1.0,,,,,,,,,,,,,,,,False
2024-01-24,RS01SLBS-MJ01A-12-VEL3DB101,2,False,,,0,0,,1.0,,,,,,,,,,,,,,,,False
2024-01-25,RS01SLBS-MJ01A-12-VEL3DB101,2,False,,,0,0,,1.0,,,,,,,,,,,,,,,,False
2024-01-26,RS01SLBS-MJ01A-12-VEL3DB101,2,False,,,0,0,,1.0,,,,,,,,,,,,,,,,False
2024-01-27,RS01SLBS-MJ01A-12-VEL3DB101,2,False,,,0,0,,1.0,,,,,,,,,,,,,,,,False
2024-01-28,RS01SLBS-MJ01A-12-VEL3DB101,2,False,,,0,0,,1.0,,,,,,,,,,,,,,,,False
2024-01-29,RS01SLBS-MJ01A-12-VEL3DB101,2,False,,,0,0,,1.0,,,,,,,,,,,,,,,,False
2024-01-30,RS01SLBS-MJ01A-12-VEL3DB101,2,False,,,0,0,,1.0,,,,,,,,,,,,,,,,False
2024-01-31,RS01SLBS-MJ01A-12-VEL3DB101,2,False,,,0,0,,1.0,,,,,,,,,,,,,,,,False
2024-02-01,RS01SLBS-MJ01A-12-VEL3DB101,2,False,,,0,0,,1.0,,,,,,,,,,,,,,,,False
2024-02-02,RS01SLBS-MJ01A-12-VEL3DB101,2,False,,,0,0,,1.0,,,,,,,,,,,,,,,,False
2024-02-03,RS01SLBS-MJ01A-12-VEL3DB101,2,False,,,0,0,,1.0,,,,,,,,,,,,,,,,False
2024-02-04,RS01SLBS-MJ01A-12-VEL3DB101,2,False,,,0,0,,1.0,,,,,,,,,,,,,,,,False
2024-02-05,RS01SLBS-MJ01A-12-VEL3DB101,2,False,,,0,0,,1.0,,,,,,,,,,,,,,,,False
2024-02-06,RS01SLBS-MJ01A-12-VEL3DB101,2,False,,,0,0,,1.0,,,,,,,,,,,,,,,,False
2024-02-07,RS01SLBS-MJ01A-12-VEL3DB101,2,False,,,0,0,,1.0,,,,,,,,,,,,,,,,False
2024-02-08,RS01SLBS-MJ01A-12-VEL3DB101,2,False,,,0,0,,1.0,,,,,,,,,,,,,,,,False
2024-02-09,RS01SLBS-MJ01A-12-VEL3DB101,2,False,,,0,0,,1.0,,,,,,,,,,,,,,,,False
2024-02-10,RS01SLBS-MJ01A-12-VEL3DB101,2,False,,,0,0,,1.0,,,,,,,,,,,,,,,,False
2024-02-11,RS01SLBS-MJ01A-12-VEL3DB101,2,False,,,0,0,,1.0,,,,,,,,,,,,,,,,False
2024-02-12,RS01SLBS-MJ01A-12-VEL3DB101,2,False,,,0,0,,1.0,,,,,,,,,,,,,,,,False
2024-02-13,RS01SLBS-MJ01A-12-VEL3DB101,2,False,,,0,0,,1.0,,,,,,,,,,,,,,,,False
2024-02-14,RS01SLBS-MJ01A-12-VEL3DB101,2,False,,,0,0,,1.0,,,,,,,,,,,,,,,,False
2024-02-15,RS01SLBS-MJ01A-12-VEL3DB101,2,False,,,0,0,,1.0,,,,,,,,,,,,,,,,False
2024-02-16,RS01SLBS-MJ01A-12-VEL3DB101,2,False,,,0,0,,1.0,,,,,,,,,,,,,,,,False
2024-02-17,RS01SLBS-MJ01A-12-VEL3DB101,2,False,,,0,0,,1.0,,,,,,,,,,,,,,,,False
2024-02-18,RS01SLBS-MJ01A-12-VEL3DB101,2,False,,,0,0,,1.0,,,,,,,,,,,,,,,,False
2024-02-19,RS01SLBS-MJ01A-12-VEL3DB101,2,False,,,0,0,,1.0,,,,,,,,,,,,,,,,False
2024-02-20,RS01SLBS-MJ01A-12-VEL3DB101,2,False,,,0,0,,1.0,,,,,,,,,,,,,,,,False
2024-02-21,RS01SLBS-MJ01A-12-VEL3DB101,2,False,,,0,0,,1.0,,,,,,,,,,,,,,,,False
2024-02-22,RS01SLBS-MJ01A-12-VEL3DB101,2,False,,,0,0,,1.0,,,,,,,,,,,,,,,,False
2024-02-23,RS01SLBS-MJ01A-12-VEL3DB101,2,False,,,0,0,,1.0,,,,,,,,,,,,,,,,False
2024-02-24,RS01SLBS-MJ01A-12-VEL3DB101,2,False,,,0,0,,1.0,,,,,,,,,,,,,,,,False
2024-02-25,RS01SLBS-MJ01A-12-VEL3DB101,2,False,,,0,0,,1.0,,,,,,,,,,,,,,,,False
2024-02-26,RS01SLBS-MJ01A-12-VEL3DB101,2,False,,,0,0,,1.0,,,,,,,,,,,,,,,,False
2024-02-27,RS01SLBS-MJ01A-12-VEL3DB101,2,False,,,0,0,,1.0,,,,,,,,,,,,,,,,False
2024-02-28,RS01SLBS-MJ01A-12-VEL3DB101,2,False,,,0,0,,1.0,,,,,,,,,,,,,,,,False
2024-02-29,RS01SLBS-MJ01A-12-VEL3DB101,2,False,,,0,0,,1.0,,,,,,,,,,,,,,,,False
2024-03-01,RS01SLBS-MJ01A-12-VEL3DB101,2,False,,,0,0,,1.0,,,,,,,,,,,,,,,,False
2024-03-02,RS01SLBS-MJ01A-12-VEL3DB101,2,False,,,0,0,,1.0,,,,,,,,,,,,,,,,False
2024-03-03,RS01SLBS-MJ01A-12-VEL3DB101,2,False,,,0,0,,1.0,,,,,,,,,,,,,,,,False
2024-03-04,RS01SLBS-MJ01A-12-VEL3DB101,2,False,,,0,0,,1.0,,,,,,,,,,,,,,,,False
2024-03-05,RS01SLBS-MJ01A-12-VEL3DB101,2,False,,,0,0,,1.0,,,,,,,,,,,,,,,,False
2024-03-06,RS01SLBS-MJ01A-12-VEL3DB101,2,False,,,0,0,,1.0,,,,,,,,,,,,,,,,False
2024-03-07,RS01SLBS-MJ01A-12-VEL3DB101,2,False,,,0,0,,1.0,,,,,,,,,,,,,,,,False
2024-03-08,RS01SLBS-MJ01A-12-VEL3DB101,2,False,,,0,0,,1.0,,,,,,,,,,,,,,,,False
2024-03-09,RS01SLBS-MJ01A-12-VEL3DB101,2,False,,,0,0,,1.0,,,,,,,,,,,,,,,,False
2024-03-10,RS01SLBS-MJ01A-12-VEL3DB101,2,False,,,0,0,,1.0,,,,,,,,,,,,,,,,False
2024-03-11,RS01SLBS-MJ01A-12-VEL3DB101,2,False,,,0,0,,1.0,,,,,,,,,,,,,,,,False
2024-03-12,RS01SLBS-MJ01A-12-VEL3DB101,2,False,,,0,0,,1.0,,,,,,,,,,,,,,,,False
2024-03-13,RS01SLBS-MJ01A-12-VEL3DB101,2,False,,,0,0,,1.0,,,,,,,,,,,,,,,,False
2024-03-14,RS01SLBS-MJ01A-12-VEL3DB101,2,False,,,0,0,,1.0,,,,,,,,,,,,,,,,False
2024-03-15,RS01SLBS-MJ01A-12-VEL3DB101,2,False,,,0,0,,1.0,,,,,,,,,,,,,,,,False
2024-03-16,RS01SLBS-MJ01A-12-VEL3DB101,2,False,,,0,0,,1.0,,,,,,,,,,,,,,,,False
2024-03-17,RS01SLBS-MJ01A-12-VEL3DB101,2,False,,,0,0,,1.0,,,,,,,,,,,,,,,,False
2024-03-18,RS01SLBS-MJ01A-12-VEL3DB101,2,False,,,0,0,,1.0,,,,,,,,,,,,,,,,False
2024-03-19,RS01SLBS-MJ01A-12-VEL3DB101,2,False,,,0,0,,1.0,,,,,,,,,,,,,,,,False
2024-03-20,RS01SLBS-MJ01A-12-VEL3DB101,2,False,,,0,0,,1.0,,,,,,,,,,,,,,,,False
2024-03-21,RS01SLBS-MJ01A-12-VEL3DB101,2,False,,,0,0,,1.0,,,,,,,,,,,,,,,,False
2024-03-22,RS01SLBS-MJ01A-12-VEL3DB101,2,False,,,0,0,,1.0,,,,,,,,,,,,,,,,False
2024-03-23,RS01SLBS-MJ01A-12-VEL3DB101,2,False,,,0,0,,1.0,,,,,,,,,,,,,,,,False
2024-03-24,RS01SLBS-MJ01A-12-VEL3DB101,2,False,,,0,0,,1.0,,,,,,,,,,,,,,,,False
2024-03-25,RS01SLBS-MJ01A-12-VEL3DB101,2,False,,,0,0,,1.0,,,,,,,,,,,,,,,,False
2024-03-26,RS01SLBS-MJ01A-12-VEL3DB101,2,False,,,0,0,,1.0,,,,,,,,,,,,,,,,False
2024-03-27,RS01SLBS-MJ01A-12-VEL3DB101,2,False,,,0,0,,1.0,,,,,,,,,,,,,,,,False
2024-03-28,RS01SLBS-MJ01A-12-VEL3DB101,2,False,,,0,0,,1.0,,,,,,,,,,,,,,,,False
2024-03-29,RS01SLBS-MJ01A-12-VEL3DB101,2,False,,,0,0,,1.0,,,,,,,,,,,,,,,,False
2024-03-30,RS01SLBS-MJ01A-12-VEL3DB101,2,False,,,0,0,,1.0,,,,,,,,,,,,,,,,False
2024-03-31,RS01SLBS-MJ01A-12-VEL3DB101,2,False,,,0,0,,1.0,,,,,,,,,,,,,,,,False
2024-04-01,RS01SLBS-MJ01A-12-VEL3DB101,2,False,,,0,0,,1.0,,,,,,,,,,,,,,,,False
2024-04-02,RS01SLBS-MJ01A-12-VEL3DB101,2,False,,,0,0,,1.0,,,,,,,,,,,,,,,,False
2024-04-03,RS01SLBS-MJ01A-12-VEL3DB101,2,False,,,0,0,,1.0,,,,,,,,,,,,,,,,False
2024-04-04,RS01SLBS-MJ01A-12-VEL3DB101,2,False,,,0,0,,1.0,,,,,,,,,,,,,,,,False
2024-04-05,RS01SLBS-MJ01A-12-VEL3DB101,2,False,,,0,0,,1.0,,,,,,,,,,,,,,,,False
2024-04-06,RS01SLBS-MJ01A-12-VEL3DB101,2,False,,,0,0,,1.0,,,,,,,,,,,,,,,,False
2024-04-07,RS01SLBS-MJ01A-12-VEL3DB101,2,False,,,0,0,,1.0,,,,,,,,,,,,,,,,False
2024-04-08,RS01SLBS-MJ01A-12-VEL3DB101,2,False,,,0,0,,1.0,,,,,,,,,,,,,,,,False
2024-04-09,RS01SLBS-MJ01A-12-VEL3DB101,2,False,,,0,0,,1.0,,,,,,,,,,,,,,,,False
2024-04-10,RS01SLBS-MJ01A-12-VEL3DB101,2,False,,,0,0,,1.0,,,,,,,,,,,,,,,,False
2024-04-11,RS01SLBS-MJ01A-12-VEL3DB101,2,False,,,0,0,,1.0,,,,,,,,,,,,,,,,False
2024-04-12,RS01SLBS-MJ01A-12-VEL3DB101,2,False,,,0,0,,1.0,,,,,,,,,,,,,,,,False
2024-04-13,RS01SLBS-MJ01A-12-VEL3DB101,2,False,,,0,0,,1.0,,,,,,,,,,,,,,,,False
2024-04-14,RS01SLBS-MJ01A-12-VEL3DB101,2,False,,,0,0,,1.0,,,,,,,,,,,,,,,,False
2024-04-15,RS01SLBS-MJ01A-12-VEL3DB101,2,False,,,0,0,,1.0,,,,,,,,,,,,,,,,False
2024-04-16,RS01SLBS-MJ01A-12-VEL3DB101,2,False,,,0,0,,1.0,,,,,,,,,,,,,,,,False
2024-04-17,RS01SLBS-MJ01A-12-VEL3DB101,2,False,,,0,0,,1.0,,,,,,,,,,,,,,,,False
2024-04-18,RS01SLBS-MJ01A-12-VEL3DB101,2,False,,,0,0,,1.0,,,,,,,,,,,,,,,,False
2024-04-19,RS01SLBS-MJ01A-12-VEL3DB101,2,False,,,0,0,,1.0,,,,,,,,,,,,,,,,False
2024-04-20,RS01SLBS-MJ01A-12-VEL3DB101,2,False,,,0,0,,1.0,,,,,,,,,,,,,,,,False
2024-04-21,RS01SLBS-MJ01A-12-VEL3DB101,2,False,,,0,0,,1.0,,,,,,,,,,,,,,,,False
2024-04-22,RS01SLBS-MJ01A-12-VEL3DB101,2,False,,,0,0,,1.0,,,,,,,,,,,,,,,,False
2024-04-23,RS01SLBS-MJ01A-12-VEL3DB101,2,False,,,0,0,,1.0,,,,,,,,,,,,,,,,False
2024-04-24,RS01SLBS-MJ01A-12-VEL3DB101,2,False,,,0,0,,1.0,,,,,,,,,,,,,,,,False
2024-04-25,RS01SLBS-MJ01A-12-VEL3DB101,2,False,,,0,0,,1.0,,,,,,,,,,,,,,,,False
2024-04-26,RS01SLBS-MJ01A-12-VEL3DB101,2,False,,,0,0,,1.0,,,,,,,,,,,,,,,,False
2024-04-27,RS01SLBS-MJ01A-12-VEL3DB101,2,False,,,0,0,,1.0,,,,,,,,,,,,,,,,False
2024-04-28,RS01SLBS-MJ01A-12-VEL3DB101,2,False,,,0,0,,1.0,,,,,,,,,,,,,,,,False
2024-04-29,RS01SLBS-MJ01A-12-VEL3DB101,2,False,,,0,0,,1.0,,,,,,,,,,,,,,,,False
2024-04-30,RS01SLBS-MJ01A-12-VEL3DB101,2,False,,,0,0,,1.0,,,,,,,,,,,,,,,,False
2024-05-01,RS01SLBS-MJ01A-12-VEL3DB101,2,False,,,0,0,,1.0,,,,,,,,,,,,,,,,False
2024-05-02,RS01SLBS-MJ01A-12-VEL3DB101,2,False,,,0,0,,1.0,,,,,,,,,,,,,,,,False
2024-05-03,RS01SLBS-MJ01A-12-VEL3DB101,2,False,,,0,0,,1.0,,,,,,,,,,,,,,,,False
2024-05-04,RS01SLBS-MJ01A-12-VEL3DB101,2,False,,,0,0,,1.0,,,,,,,,,,,,,,,,False
2024-05-05,RS01SLBS-MJ01A-12-VEL3DB101,2,False,,,0,0,,1.0,,,,,,,,,,,,,,,,False
2024-05-06,RS01SLBS-MJ01A-12-VEL3DB101,2,False,,,0,0,,1.0,,,,,,,,,,,,,,,,False
2024-05-07,RS01SLBS-MJ01A-12-VEL3DB101,2,False,,,0,0,,1.0,,,,,,,,,,,,,,,,False
2024-05-08,RS01SLBS-MJ01A-12-VEL3DB101,2,False,,,0,0,,1.0,,,,,,,,,,,,,,,,False
2024-05-09,RS01SLBS-MJ01A-12-VEL3DB101,2,False,,,0,0,,1.0,,,,,,,,,,,,,,,,False
2024-05-10,RS01SLBS-MJ01A-12-VEL3DB101,2,False,,,0,0,,1.0,,,,,,,,,,,,,,,,False
2024-05-11,RS01SLBS-MJ01A-12-VEL3DB101,2,False,,,0,0,,1.0,,,,,,,,,,,,,,,,False
2024-05-12,RS01SLBS-MJ01A-12-VEL3DB101,2,False,,,0,0,,1.0,,,,,,,,,,,,,,,,False
2024-05-13,RS01SLBS-MJ01A-12-VEL3DB101,2,False,,,0,0,,1.0,,,,,,,,,,,,,,,,False
2024-05-14,RS01SLBS-MJ01A-12-VEL3DB101,2,False,,,0,0,,1.0,,,,,,,,,,,,,,,,False
2024-05-15,RS01SLBS-MJ01A-12-VEL3DB101,2,False,,,0,0,,1.0,,,,,,,,,,,,,,,,False
2024-05-16,RS01SLBS-MJ01A-12-VEL3DB101,2,False,,,0,0,,1.0,,,,,,,,,,,,,,,,False
2024-05-17,RS01SLBS-MJ01A-12-VEL3DB101,2,False,,,0,0,,1.0,,,,,,,,,,,,,,,,False
2024-05-18,RS01SLBS-MJ01A-12-VEL3DB101,2,False,,,0,0,,1.0,,,,,,,,,,,,,,,,False
2024-05-19,RS01SLBS-MJ01A-12-VEL3DB101,2,False,,,0,0,,1.0,,,,,,,,,,,,,,,,False
2024-05-20,RS01SLBS-MJ01A-12-VEL3DB101,2,False,,,0,0,,1.0,,,,,,,,,,,,,,,,False
2024-05-21,RS01SLBS-MJ01A-12-VEL3DB101,2,False,,,0,0,,1.0,,,,,,,,,,,,,,,,False
2024-05-22,RS01SLBS-MJ01A-12-VEL3DB101,2,False,,,0,0,,1.0,,,,,,,,,,,,,,,,False
2024-05-23,RS01SLBS-MJ01A-12-VEL3DB101,2,False,,,0,0,,1.0,,,,,,,,,,,,,,,,False
2024-05-24,RS01SLBS-MJ01A-12-VEL3DB101,2,False,,,0,0,,1.0,,,,,,,,,,,,,,,,False
2024-05-25,RS01SLBS-MJ01A-12-VEL3DB101,2,False,,,0,0,,1.0,,,,,,,,,,,,,,,,False
2024-05-26,RS01SLBS-MJ01A-12-VEL3DB101,2,False,,,0,0,,1.0,,,,,,,,,,,,,,,,False
2024-05-27,RS01SLBS-MJ01A-12-VEL3DB101,2,False,,,0,0,,1.0,,,,,,,,,,,,,,,,False
2024-05-28,RS01SLBS-MJ01A-12-VEL3DB101,2,False,,,0,0,,1.0,,,,,,,,,,,,,,,,False
2024-05-29,RS01SLBS-MJ01A-12-VEL3DB101,2,False,,,0,0,,1.0,,,,,,,,,,,,,,,,False
2024-05-30,RS01SLBS-MJ01A-12-VEL3DB101,2,False,,,0,0,,1.0,,,,,,,,,,,,,,,,False
2024-05-31,RS01SLBS-MJ01A-12-VEL3DB101,2,False,,,0,0,,1.0,,,,,,,,,,,,,,,,False
2024-06-01,RS01SLBS-MJ01A-12-VEL3DB101,2,False,,,0,0,,1.0,,,,,,,,,,,,,,,,False
2024-06-02,RS01SLBS-MJ01A-12-VEL3DB101,2,False,,,0,0,,1.0,,,,,,,,,,,,,,,,False
2024-06-03,RS01SLBS-MJ01A-12-VEL3DB101,2,False,,,0,0,,1.0,,,,,,,,,,,,,,,,False
2024-06-04,RS01SLBS-MJ01A-12-VEL3DB101,2,False,,,0,0,,1.0,,,,,,,,,,,,,,,,False
2024-06-05,RS01SLBS-MJ01A-12-VEL3DB101,2,False,,,0,0,,1.0,,,,,,,,,,,,,,,,False
2024-06-06,RS01SLBS-MJ01A-12-VEL3DB101,2,False,,,0,0,,1.0,,,,,,,,,,,,,,,,False
2024-06-07,RS01SLBS-MJ01A-12-VEL3DB101,2,False,,,0,0,,1.0,,,,,,,,,,,,,,,,False
2024-06-08,RS01SLBS-MJ01A-12-VEL3DB101,2,False,,,0,0,,1.0,,,,,,,,,,,,,,,,False
2024-06-09,RS01SLBS-MJ01A-12-VEL3DB101,2,False,,,0,0,,1.0,,,,,,,,,,,,,,,,False
2024-06-10,RS01SLBS-MJ01A-12-VEL3DB101,2,False,,,0,0,,1.0,,,,,,,,,,,,,,,,False
2024-06-11,RS01SLBS-MJ01A-12-VEL3DB101,2,False,,,0,0,,1.0,,,,,,,,,,,,,,,,False
2024-06-12,RS01SLBS-MJ01A-12-VEL3DB101,2,False,,,0,0,,1.0,,,,,,,,,,,,,,,,False
2024-06-13,RS01SLBS-MJ01A-12-VEL3DB101,2,False,,,0,0,,1.0,,,,,,,,,,,,,,,,False
2024-06-14,RS01SLBS-MJ01A-12-VEL3DB101,2,False,,,0,0,,1.0,,,,,,,,,,,,,,,,False
2024-06-15,RS01SLBS-MJ01A-12-VEL3DB101,2,False,,,0,0,,1.0,,,,,,,,,,,,,,,,False
2024-06-16,RS01SLBS-MJ01A-12-VEL3DB101,2,False,,,0,0,,1.0,,,,,,,,,,,,,,,,False
2024-06-17,RS01SLBS-MJ01A-12-VEL3DB101,2,False,,,0,0,,1.0,,,,,,,,,,,,,,,,False
2024-06-18,RS01SLBS-MJ01A-12-VEL3DB101,2,False,,,0,0,,1.0,,,,,,,,,,,,,,,,False
2024-06-19,RS01SLBS-MJ01A-12-VEL3DB101,2,False,,,0,0,,1.0,,,,,,,,,,,,,,,,False
2024-06-20,RS01SLBS-MJ01A-12-VEL3DB101,2,False,,,0,0,,1.0,,,,,,,,,,,,,,,,False
2024-06-21,RS01SLBS-MJ01A-12-VEL3DB101,2,False,,,0,0,,1.0,,,,,,,,,,,,,,,,False
2024-06-22,RS01SLBS-MJ01A-12-VEL3DB101,2,False,,,0,0,,1.0,,,,,,,,,,,,,,,,False
2024-06-23,RS01SLBS-MJ01A-12-VEL3DB101,2,False,,,0,0,,1.0,,,,,,,,,,,,,,,,False
2024-06-24,RS01SLBS-MJ01A-12-VEL3DB101,2,False,,,0,0,,1.0,,,,,,,,,,,,,,,,False
2024-06-25,RS01SLBS-MJ01A-12-VEL3DB101,2,False,,,0,0,,1.0,,,,,,,,,,,,,,,,False
2024-06-26,RS01SLBS-MJ01A-12-VEL3DB101,2,False,,,0,0,,1.0,,,,,,,,,,,,,,,,False
2024-06-27,RS01SLBS-MJ01A-12-VEL3DB101,2,False,,,0,0,,1.0,,,,,,,,,,,,,,,,False
2024-06-28,RS01SLBS-MJ01A-12-VEL3DB101,2,False,,,0,0,,1.0,,,,,,,,,,,,,,,,False
2024-06-29,RS01SLBS-MJ01A-12-VEL3DB101,2,False,,,0,0,,1.0,,,,,,,,,,,,,,,,False
2024-06-30,RS01SLBS-MJ01A-12-VEL3DB101,2,False,,,0,0,,1.0,,,,,,,,,,,,,,,,False
2024-07-01,RS01SLBS-MJ01A-12-VEL3DB101,2,False,,,0,0,,1.0,,,,,,,,,,,,,,,,False
2024-07-02,RS01SLBS-MJ01A-12-VEL3DB101,2,False,,,0,0,,1.0,,,,,,,,,,,,,,,,False
2024-07-03,RS01SLBS-MJ01A-12-VEL3DB101,2,False,,,0,0,,1.0,,,,,,,,,,,,,,,,False
2024-07-04,RS01SLBS-MJ01A-12-VEL3DB101,2,False,,,0,0,,1.0,,,,,,,,,,,,,,,,False
2024-07-05,RS01SLBS-MJ01A-12-VEL3DB101,2,False,,,0,0,,1.0,,,,,,,,,,,,,,,,False
2024-07-06,RS01SLBS-MJ01A-12-VEL3DB101,2,False,,,0,0,,1.0,,,,,,,,,,,,,,,,False
2024-07-07,RS01SLBS-MJ01A-12-VEL3DB101,2,False,,,0,0,,1.0,,,,,,,,,,,,,,,,False
2024-07-08,RS01SLBS-MJ01A-12-VEL3DB101,2,False,,,0,0,,1.0,,,,,,,,,,,,,,,,False
2024-07-09,RS01SLBS-MJ01A-12-VEL3DB101,2,False,,,0,0,,1.0,,,,,,,,,,,,,,,,False
2024-07-10,RS01SLBS-MJ01A-12-VEL3DB101,2,False,,,0,0,,1.0,,,,,,,,,,,,,,,,False
2024-07-11,RS01SLBS-MJ01A-12-VEL3DB101,2,False,,,0,0,,1.0,,,,,,,,,,,,,,,,False
2024-07-12,RS01SLBS-MJ01A-12-VEL3DB101,2,False,,,0,0,,1.0,,,,,,,,,,,,,,,,False
2024-07-13,RS01SLBS-MJ01A-12-VEL3DB101,2,False,,,0,0,,1.0,,,,,,,,,,,,,,,,False
2024-07-14,RS01SLBS-MJ01A-12-VEL3DB101,2,False,,,0,0,,1.0,,,,,,,,,,,,,,,,False
2024-07-15,RS01SLBS-MJ01A-12-VEL3DB101,2,False,,,0,0,,1.0,,,,,,,,,,,,,,,,False
2024-07-16,RS01SLBS-MJ01A-12-VEL3DB101,2,False,,,0,0,,1.0,,,,,,,,,,,,,,,,False
2024-07-17,RS01SLBS-MJ01A-12-VEL3DB101,2,False,,,0,0,,1.0,,,,,,,,,,,,,,,,False
2024-07-18,RS01SLBS-MJ01A-12-VEL3DB101,2,False,,,0,0,,1.0,,,,,,,,,,,,,,,,False
2024-07-19,RS01SLBS-MJ01A-12-VEL3DB101,2,False,,,0,0,,1.0,,,,,,,,,,,,,,,,False
2024-07-20,RS01SLBS-MJ01A-12-VEL3DB101,2,False,,,0,0,,1.0,,,,,,,,,,,,,,,,False
2024-07-21,RS01SLBS-MJ01A-12-VEL3DB101,2,False,,,0,0,,1.0,,,,,,,,,,,,,,,,False
2024-07-22,RS01SLBS-MJ01A-12-VEL3DB101,2,False,,,0,0,,1.0,,,,,,,,,,,,,,,,False
2024-07-23,RS01SLBS-MJ01A-12-VEL3DB101,2,False,,,0,0,,1.0,,,,,,,,,,,,,,,,False
2024-07-24,RS01SLBS-MJ01A-12-VEL3DB101,2,False,,,0,0,,1.0,,,,,,,,,,,,,,,,False
2024-07-25,RS01SLBS-MJ01A-12-VEL3DB101,2,False,,,0,0,,1.0,,,,,,,,,,,,,,,,False
2024-07-26,RS01SLBS-MJ01A-12-VEL3DB101,2,False,,,0,0,,1.0,,,,,,,,,,,,,,,,False
2024-07-27,RS01SLBS-MJ01A-12-VEL3DB101,2,False,,,0,0,,1.0,,,,,,,,,,,,,,,,False
2024-07-28,RS01SLBS-MJ01A-12-VEL3DB101,2,False,,,0,0,,1.0,,,,,,,,,,,,,,,,False
2024-07-29,RS01SLBS-MJ01A-12-VEL3DB101,2,False,,,0,0,,1.0,,,,,,,,,,,,,,,,False
2024-07-30,RS01SLBS-MJ01A-12-VEL3DB101,2,False,,,0,0,,1.0,,,,,,,,,,,,,,,,False
2024-07-31,RS01SLBS-MJ01A-12-VEL3DB101,2,False,,,0,0,,1.0,,,,,,,,,,,,,,,,False
2024-08-01,RS01SLBS-MJ01A-12-VEL3DB101,2,False,,,0,0,,1.0,,,,,,,,,,,,,,,,False
2024-08-02,RS01SLBS-MJ01A-12-VEL3DB101,2,False,,,0,0,,1.0,,,,,,,,,,,,,,,,False
2024-08-03,RS01SLBS-MJ01A-12-VEL3DB101,2,False,,,0,0,,1.0,,,,,,,,,,,,,,,,False
2024-08-04,RS01SLBS-MJ01A-12-VEL3DB101,2,False,,,0,0,,1.0,,,,,,,,,,,,,,,,False
2024-08-05,RS01SLBS-MJ01A-12-VEL3DB101,2,False,,,0,0,,1.0,,,,,,,,,,,,,,,,False
2024-08-06,RS01SLBS-MJ01A-12-VEL3DB101,2,False,,,0,0,,1.0,,,,,,,,,,,,,,,,False
2024-08-07,RS01SLBS-MJ01A-12-VEL3DB101,2,False,,,0,0,,1.0,,,,,,,,,,,,,,,,False
2024-08-08,RS01SLBS-MJ01A-12-VEL3DB101,2,False,,,0,0,,1.0,,,,,,,,,,,,,,,,False
2024-08-09,RS01SLBS-MJ01A-12-VEL3DB101,2,False,,,0,0,,1.0,,,,,,,,,,,,,,,,False
2024-08-10,RS01SLBS-MJ01A-12-VEL3DB101,3,True,2024-08-10T04:08:58Z,2024-08-10T23:59:59Z,71205,71457,252,1.0,0.999722004,1.000062741,0.058835481,2,252,2,253,0.0,11.918381,411.537195,4.948235e-10,0.01191763,0.4115114,True,0.414152,True
2024-08-11,RS01SLBS-MJ01A-12-VEL3DB101,3,True,2024-08-11T00:00:00Z,2024-08-11T23:59:59Z,86395,86395,0,1.0,0.999724388,1.000062542,0.001237404,0,0,0,0,-0.0,1.056705,7.027502,-3.720062e-10,0.001056639,0.007027062,False,0.007016,False
2024-08-12,RS01SLBS-MJ01A-12-VEL3DB101,3,True,2024-08-12T00:00:00Z,2024-08-12T23:59:59Z,86395,86395,0,1.0,0.999745369,1.000062505,0.000572308,0,0,0,0,-0.0,0.924222,5.397291,-2.898175e-10,0.0009241638,0.005396953,False,0.004354,False
2024-08-13,RS01SLBS-MJ01A-12-VEL3DB101,3,True,2024-08-13T00:00:00Z,2024-08-13T23:59:59Z,85808,86394,586,1.0,0.999803066,1.000062496,0.001728039,4,586,4,589,0.0,0.954216,5.535948,2.834877e-10,0.0009541566,0.005535602,False,0.152226,True
2024-08-14,RS01SLBS-MJ01A-12-VEL3DB101,3,True,2024-08-14T00:00:00Z,2024-08-14T23:59:59Z,86395,86395,0,1.0,0.999788761,1.000062448,0.004797686,0,0,0,0,-0.0,2.190283,6.392637,-3.32476e-10,0.002190146,0.006392238,False,0.007228,False
2024-08-15,RS01SLBS-MJ01A-12-VEL3DB101,3,True,2024-08-15T00:00:00Z,2024-08-15T23:59:59Z,86394,86394,0,1.0,0.999811649,1.000062451,0.002516642,0,0,1,1,0.0,1.418173,6.042016,1.309559e-10,0.001418085,0.006041639,False,0.004364,False
2024-08-16,RS01SLBS-MJ01A-12-VEL3DB101,3,True,2024-08-16T00:00:00Z,2024-08-16T23:59:59Z,86395,86395,0,1.0,0.999796867,1.000062492,0.002309503,0,0,0,0,-0.0,1.996379,9.562799,-3.744687e-10,0.001996254,0.009562201,False,0.006307,False
2024-08-17,RS01SLBS-MJ01A-12-VEL3DB101,3,True,2024-08-17T00:00:00Z,2024-08-17T23:59:59Z,86395,86395,0,1.0,0.999772072,1.000062445,0.002829724,0,0,0,0,-0.0,2.424452,7.662139,-3.5865e-10,0.002424301,0.00766166,False,0.004068,False
2024-08-18,RS01SLBS-MJ01A-12-VEL3DB101,3,True,2024-08-18T00:00:00Z,2024-08-18T23:59:59Z,86394,86394,0,1.0,0.999769211,1.000062467,-0.000564724,0,0,1,1,-1e-06,0.907318,5.249931,-1.042972e-09,0.0009072614,0.005249603,False,0.005076,False
2024-08-19,RS01SLBS-MJ01A-12-VEL3DB101,3,True,2024-08-19T00:00:00Z,2024-08-19T23:59:59Z,86395,86395,0,1.0,0.999752998,1.000062454,0.002463366,0,0,0,0,-0.0,1.834464,5.5068,-3.074303e-10,0.00183435,0.005506456,False,0.006429,False
2024-08-20,RS01SLBS-MJ01A-12-VEL3DB101,3,True,2024-08-20T00:00:00Z,2024-08-20T23:59:59Z,86394,86394,0,1.0,0.99971199,1.000062422,0.004880525,0,0,0,0,-0.0,1.769797,5.955747,-4.313757e-10,0.001769687,0.005955376,False,0.004062,False
2024-08-21,RS01SLBS-MJ01A-12-VEL3DB101,3,True,2024-08-21T00:00:00Z,2024-08-21T23:59:59Z,86395,86395,0,1.0,0.999714851,1.000062523,-0.001037664,0,0,1,1,0.0,1.152284,6.688334,1.346831e-10,0.001152212,0.006687916,False,0.004752,False
2024-08-22,RS01SLBS-MJ01A-12-VEL3DB101,3,True,2024-08-22T00:00:00Z,2024-08-22T23:59:59Z,86395,86395,0,1.0,0.999708176,1.000062441,0.000773655,0,0,1,1,-0.0,0.841251,3.278748,-6.653751e-11,0.0008411985,0.003278544,False,0.004305,False
2024-08-23,RS01SLBS-MJ01A-12-VEL3DB101,3,True,2024-08-23T00:00:00Z,2024-08-23T23:59:59Z,86394,86394,0,1.0,0.99972868,1.000062492,-0.000354521,0,0,2,2,-0.0,1.573216,9.49696,-1.966622e-10,0.001573118,0.009496366,False,0.010333,False
2024-08-24,RS01SLBS-MJ01A-12-VEL3DB101,3,True,2024-08-24T00:00:00Z,2024-08-24T23:59:59Z,86395,86395,0,1.0,0.999714851,1.000062456,0.001517177,0,0,0,0,-0.0,1.221433,4.418276,-3.342582e-10,0.001221357,0.004418,False,0.004239,False
2024-08-25,RS01SLBS-MJ01A-12-VEL3DB101,3,True,2024-08-25T00:00:00Z,2024-08-25T23:59:59Z,86394,86394,0,1.0,0.999718666,1.000062432,0.001379213,0,0,0,0,-0.0,1.469187,9.766382,-4.192237e-10,0.001469096,0.009765772,False,0.01258,False
2024-08-26,RS01SLBS-MJ01A-12-VEL3DB101,3,True,2024-08-26T00:00:00Z,2024-08-26T23:59:59Z,86395,86395,0,1.0,0.999723911,1.000062434,0.00300329,0,0,1,1,-0.0,1.936162,6.906587,-4.669837e-10,0.001936041,0.006906156,False,0.004477,False
2024-08-27,RS01SLBS-MJ01A-12-VEL3DB101,3,True,2024-08-27T00:00:00Z,2024-08-27T23:59:59Z,85848,86395,547,1.0,0.999733925,1.000062472,0.001358477,1,547,1,547,1e-06,1.951245,6.609866,6.470249e-10,0.001951123,0.006609453,False,0.178995,True
2024-08-28,RS01SLBS-MJ01A-12-VEL3DB101,3,True,2024-08-28T00:00:00Z,2024-08-28T23:59:59Z,86394,86394,0,1.0,0.999734402,1.000062442,0.001230712,0,0,2,2,1e-06,1.011438,6.538339,6.119521e-10,0.001011375,0.006537931,False,0.006258,False
2024-08-29,RS01SLBS-MJ01A-12-VEL3DB101,3,True,2024-08-29T00:00:00Z,2024-08-29T23:59:59Z,86395,86395,0,1.0,0.999728203,1.000062354,0.000844132,0,0,0,0,-0.0,37.042122,464.924031,-3.29578e-10,0.03703981,0.464895,True,0.46831,False
2024-08-30,RS01SLBS-MJ01A-12-VEL3DB101,3,True,2024-08-30T00:00:00Z,2024-08-30T23:59:59Z,86394,86394,0,1.0,0.999741077,1.000062449,0.00645041,0,0,2,2,-1e-06,2.974046,348.113677,-7.189805e-10,0.00297386,0.3480919,False,0.351162,False
2024-08-31,RS01SLBS-MJ01A-12-VEL3DB101,3,True,2024-08-31T00:00:00Z,2024-08-31T23:59:59Z,86395,86395,0,1.0,0.999740124,1.000062448,-0.00064857,0,0,2,2,0.0,14.012487,111.580939,4.933606e-10,0.01401161,0.111574,False,0.122604,False
2024-09-01,RS01SLBS-MJ01A-12-VEL3DB101,3,True,2024-09-01T00:00:00Z,2024-09-01T23:59:59Z,86395,86395,0,1.0,0.999750137,1.000062471,0.000683449,0,0,1,1,0.0,1.166968,7.979528,7.700774e-11,0.001166895,0.007979029,False,0.007035,False
2024-09-02,RS01SLBS-MJ01A-12-VEL3DB101,3,True,2024-09-02T00:00:00Z,2024-09-02T23:59:59Z,86394,86394,0,1.0,0.999759674,1.000062459,0.000305689,0,0,0,0,-0.0,1.720594,13.309313,-4.12408e-10,0.001720486,0.01330848,False,0.014263,False
2024-09-03,RS01SLBS-MJ01A-12-VEL3DB101,3,True,2024-09-03T00:00:00Z,2024-09-03T23:59:59Z,86395,86395,0,1.0,0.999763966,1.000062433,0.000519985,0,0,1,1,1e-06,0.951351,5.441871,8.055621e-10,0.000951292,0.005441531,False,0.005451,False
2024-09-04,RS01SLBS-MJ01A-12-VEL3DB101,3,True,2024-09-04T00:00:00Z,2024-09-04T23:59:59Z,86394,86394,0,1.0,0.999768734,1.00006245,-0.000290118,0,0,0,0,-0.0,1.615123,5.023535,-3.831925e-10,0.001615022,0.005023221,False,0.005421,False
2024-09-05,RS01SLBS-MJ01A-12-VEL3DB101,3,True,2024-09-05T00:00:00Z,2024-09-05T23:59:59Z,86395,86395,0,1.0,0.999749184,1.000062467,0.001962677,0,0,0,0,-0.0,1.725107,11.431543,-3.125608e-10,0.001725,0.01143083,False,0.011538,False
2024-09-06,RS01SLBS-MJ01A-12-VEL3DB101,3,True,2024-09-06T00:00:00Z,2024-09-06T23:59:59Z,86395,86395,0,1.0,0.999739647,1.000062427,0.001119744,0,0,1,1,0.0,1.117617,164.855282,3.325183e-10,0.001117547,0.164845,False,0.164943,False
2024-09-07,RS01SLBS-MJ01A-12-VEL3DB101,3,True,2024-09-07T00:00:00Z,2024-09-07T23:59:59Z,86394,86394,0,1.0,0.999819756,1.000062307,0.004465096,0,0,1,2,0.0,27.355506,239.368577,1.560114e-10,0.0273538,0.2393537,False,0.342813,False
2024-09-08,RS01SLBS-MJ01A-12-VEL3DB101,3,True,2024-09-08T00:00:00Z,2024-09-08T23:59:59Z,86395,86396,1,1.0,0.999752045,1.000046262,0.069866021,2,1,2,2,0.0,253.137831,535.670236,1.578506e-10,0.2531261,0.5356455,True,0.499748,True
2024-09-09,RS01SLBS-MJ01A-12-VEL3DB101,3,True,2024-09-09T00:00:00Z,2024-09-09T23:59:59Z,86394,86394,0,1.0,0.999775887,1.000062429,0.001221718,0,0,0,0,-0.0,1.042332,5.367834,-3.985339e-10,0.001042267,0.005367499,False,0.004257,False
2024-09-10,RS01SLBS-MJ01A-12-VEL3DB101,3,True,2024-09-10T00:00:00Z,2024-09-10T23:59:59Z,86395,86395,0,1.0,0.999771118,1.000062412,0.000174867,0,0,0,0,-0.0,1.140072,3.920857,-3.539046e-10,0.00114,0.003920613,False,0.004217,False
2024-09-11,RS01SLBS-MJ01A-12-VEL3DB101,3,True,2024-09-11T00:00:00Z,2024-09-11T23:59:59Z,86395,86395,0,1.0,0.999784946,1.000062372,0.003970664,0,0,1,1,0.0,1.535912,5.770753,3.167474e-10,0.001535816,0.005770394,False,0.004199,False
2024-09-12,RS01SLBS-MJ01A-12-VEL3DB101,3,True,2024-09-12T00:00:00Z,2024-09-12T23:59:59Z,86394,86394,0,1.0,0.999755859,1.000062411,0.00137134,0,0,0,0,-0.0,0.955456,4.727621,-4.117584e-10,0.0009553967,0.004727326,False,0.004228,False
2024-09-13,RS01SLBS-MJ01A-12-VEL3DB101,3,True,2024-09-13T00:00:00Z,2024-09-13T23:59:59Z,86395,86395,0,1.0,0.999780893,1.000062416,0.000290859,0,0,0,0,-0.0,1.025779,4.686872,-3.401896e-10,0.001025715,0.00468658,False,0.004142,False
2024-09-14,RS01SLBS-MJ01A-12-VEL3DB101,3,True,2024-09-14T00:00:00Z,2024-09-14T23:59:59Z,86394,86394,0,1.0,0.999768257,1.00006243,-3.6504e-05,0,0,0,0,-0.0,0.86605,3.395664,-4.226846e-10,0.0008659955,0.003395452,False,0.004168,False
2024-09-15,RS01SLBS-MJ01A-12-VEL3DB101,3,True,2024-09-15T00:00:00Z,2024-09-15T23:59:59Z,86395,86395,0,1.0,0.999746323,1.000062418,0.001215094,0,0,0,0,-0.0,1.430366,9.108611,-3.245967e-10,0.001430276,0.009108042,False,0.010904,False
2024-09-16,RS01SLBS-MJ01A-12-VEL3DB101,3,True,2024-09-16T00:00:00Z,2024-09-16T23:59:59Z,86395,86395,0,1.0,0.999761105,1.000062429,3.9719e-05,0,0,1,1,0.0,1.361694,4.114935,2.861612e-10,0.001361609,0.004114678,False,0.004236,False
2024-09-17,RS01SLBS-MJ01A-12-VEL3DB101,3,True,2024-09-17T00:00:00Z,2024-09-17T23:59:59Z,86394,86394,0,1.0,0.999752045,1.00006242,0.001383103,0,0,1,1,1e-06,0.949148,3.909968,8.998573e-10,0.0009490893,0.003909724,False,0.004187,False
2024-09-18,RS01SLBS-MJ01A-12-VEL3DB101,3,True,2024-09-18T00:00:00Z,2024-09-18T01:52:15Z,6736,6736,0,1.0,0.999769211,1.000062521,0.00036133,0,0,0,0,-0.0,0.755496,2.570017,-3.33168e-12,0.0007554484,0.002569857,False,0.003907,False
2024-09-19,RS01SLBS-MJ01A-12-VEL3DB101,3,True,2024-09-19T00:07:46Z,2024-09-19T23:59:59Z,85928,85928,0,1.0,0.999734879,1.000062413,-0.009272164,0,0,0,0,-0.0,1.27084,11.542318,-2.236715e-10,0.001270761,0.0115416,False,0.014314,False
2024-09-20,RS01SLBS-MJ01A-12-VEL3DB101,3,True,2024-09-20T00:00:00Z,2024-09-20T23:59:59Z,86395,86395,0,1.0,0.999704838,1.000062412,0.002739276,0,0,1,1,-0.0,1.455103,5.452774,-3.885405e-10,0.001455012,0.005452434,False,0.004715,False
2024-09-21,RS01SLBS-MJ01A-12-VEL3DB101,3,True,2024-09-21T00:00:00Z,2024-09-21T23:59:59Z,86395,86395,0,1.0,0.999701023,1.000062427,-1.0497e-05,0,0,0,0,-0.0,1.056687,5.980618,-3.376716e-10,0.001056621,0.005980245,False,0.006637,False
2024-09-22,RS01SLBS-MJ01A-12-VEL3DB101,3,True,2024-09-22T00:00:00Z,2024-09-22T23:59:59Z,86394,86394,0,1.0,0.999705315,1.000062425,0.001212686,0,0,0,0,-0.0,1.035807,6.431399,-3.957097e-10,0.001035742,0.006430998,False,0.006811,False
2024-09-23,RS01SLBS-MJ01A-12-VEL3DB101,3,True,2024-09-23T00:00:00Z,2024-09-23T23:59:59Z,86395,86395,0,1.0,0.999711037,1.000062362,0.001321739,0,0,0,0,-0.0,2.3956,12.139539,-2.861504e-10,0.002395451,0.01213878,False,0.013824,False
2024-09-24,RS01SLBS-MJ01A-12-VEL3DB101,3,True,2024-09-24T00:00:00Z,2024-09-24T23:59:59Z,86394,86394,0,1.0,0.999717236,1.000062413,0.001710029,0,0,0,0,-0.0,1.470341,6.751778,-3.797334e-10,0.00147025,0.006751356,False,0.007273,False
2024-09-25,RS01SLBS-MJ01A-12-VEL3DB101,3,True,2024-09-25T00:00:00Z,2024-09-25T23:59:59Z,86395,86395,0,1.0,0.999709129,1.000062416,0.000803467,0,0,0,0,-0.0,2.267004,6.030902,-3.207965e-10,0.002266862,0.006030525,False,0.006107,False
2024-09-26,RS01SLBS-MJ01A-12-VEL3DB101,3,True,2024-09-26T00:00:00Z,2024-09-26T23:59:59Z,86395,86395,0,1.0,0.999723434,1.000062439,-0.001296691,0,0,0,0,-0.0,1.718655,10.898533,-3.06108e-10,0.001718548,0.01089785,False,0.012526,False
2024-09-27,RS01SLBS-MJ01A-12-VEL3DB101,3,True,2024-09-27T00:00:00Z,2024-09-27T23:59:59Z,86394,86394,0,1.0,0.99970293,1.000062397,0.000613035,0,0,0,0,-0.0,2.312873,7.284326,-4.285395e-10,0.002312729,0.007283871,False,0.005581,False
2024-09-28,RS01SLBS-MJ01A-12-VEL3DB101,3,True,2024-09-28T00:00:00Z,2024-09-28T23:59:59Z,86395,86395,0,1.0,0.999707699,1.000062433,-0.000286644,0,0,0,0,-0.0,1.290561,10.730988,-3.457619e-10,0.00129048,0.01073032,False,0.011324,False
2024-09-29,RS01SLBS-MJ01A-12-VEL3DB101,3,True,2024-09-29T00:00:00Z,2024-09-29T23:59:59Z,86394,86394,0,1.0,0.999719143,1.000062419,0.000563942,0,0,0,0,-0.0,0.928232,3.53027,-4.224898e-10,0.0009281743,0.003530049,False,0.004334,False
2024-09-30,RS01SLBS-MJ01A-12-VEL3DB101,3,True,2024-09-30T00:00:00Z,2024-09-30T23:59:59Z,86395,86395,0,1.0,0.999712944,1.000062279,0.005969445,0,0,1,3,0.0,22.761366,291.196067,1.354811e-10,0.02275995,0.2911779,False,0.301088,False
2024-10-01,RS01SLBS-MJ01A-12-VEL3DB101,3,True,2024-10-01T00:00:00Z,2024-10-01T23:59:59Z,86395,86394,0,1.0,0.99973011,1.000062961,0.948058601,0,0,0,0,-1e-06,77.224901,968.144938,-8.348642e-10,0.07722004,0.968084,True,0.427604,False
2024-10-02,RS01SLBS-MJ01A-12-VEL3DB101,3,True,2024-10-02T00:00:00Z,2024-10-02T23:59:59Z,86394,86394,0,1.0,0.999700069,1.00006244,0.006133402,0,0,2,2,-0.0,2.767915,14.78435,-1.425627e-10,0.002767742,0.01478343,False,0.011367,False
2024-10-03,RS01SLBS-MJ01A-12-VEL3DB101,3,True,2024-10-03T00:00:00Z,2024-10-03T23:59:59Z,84765,86395,1630,1.0,0.999707222,1.00006246,2.2447e-05,3,1630,3,1630,0.0,1.596744,5.619382,3.437695e-10,0.001596644,0.005619031,False,0.215903,True
2024-10-04,RS01SLBS-MJ01A-12-VEL3DB101,3,True,2024-10-04T00:00:00Z,2024-10-04T23:59:59Z,86395,86395,0,1.0,0.999713898,1.000062427,-0.000549577,0,0,0,0,-0.0,1.715333,5.560358,-3.736282e-10,0.001715225,0.005560011,False,0.004306,False
2024-10-05,RS01SLBS-MJ01A-12-VEL3DB101,3,True,2024-10-05T00:00:01Z,2024-10-05T23:59:59Z,86394,86394,0,1.0,0.999698162,1.000062407,-0.001127026,0,0,1,1,-0.0,0.933176,6.19766,-4.120547e-10,0.0009331174,0.006197273,False,0.005412,False
2024-10-06,RS01SLBS-MJ01A-12-VEL3DB101,3,True,2024-10-06T00:00:00Z,2024-10-06T23:59:59Z,85217,86395,1178,1.0,0.999704838,1.000062415,0.001265441,3,1178,3,1179,0.0,1.350885,5.91442,1.352776e-10,0.001350801,0.005914051,False,0.212993,True
2024-10-07,RS01SLBS-MJ01A-12-VEL3DB101,3,True,2024-10-07T00:00:00Z,2024-10-07T23:59:59Z,86394,86394,0,1.0,0.99971962,1.000062415,-9.8144e-05,0,0,0,0,-0.0,1.231725,5.673875,-3.59139e-10,0.001231648,0.005673521,False,0.005826,False
2024-10-08,RS01SLBS-MJ01A-12-VEL3DB101,3,True,2024-10-08T00:00:00Z,2024-10-08T23:59:59Z,86395,86395,0,1.0,0.999711037,1.000062397,0.000894224,0,0,1,1,-0.0,1.008836,4.49993,-1.115954e-10,0.001008774,0.004499649,False,0.00437,False
2024-10-09,RS01SLBS-MJ01A-12-VEL3DB101,3,True,2024-10-09T00:00:00Z,2024-10-09T23:59:59Z,86395,86395,0,1.0,0.999704838,1.000062415,0.001038336,0,0,0,0,-0.0,1.223765,5.89871,-3.527482e-10,0.001223689,0.005898342,False,0.004319,False
2024-10-10,RS01SLBS-MJ01A-12-VEL3DB101,3,True,2024-10-10T00:00:00Z,2024-10-10T23:59:59Z,86394,86394,0,1.0,0.999719143,1.000062408,0.001472169,0,0,0,0,-0.0,1.509772,12.1272,-3.720216e-10,0.001509678,0.01212644,False,0.010494,False
2024-10-11,RS01SLBS-MJ01A-12-VEL3DB101,3,True,2024-10-11T00:00:00Z,2024-10-11T23:59:59Z,86395,86395,0,1.0,0.999720097,1.000062412,5.1721e-05,0,0,0,0,-0.0,0.904648,10.364398,-3.403437e-10,0.0009045914,0.01036375,False,0.011919,False
2024-10-12,RS01SLBS-MJ01A-12-VEL3DB101,3,True,2024-10-12T00:00:00Z,2024-10-12T23:59:59Z,86394,86394,0,1.0,0.999723434,1.000062417,-1.7195e-05,0,0,1,1,0.0,1.157925,5.783971,4.420755e-10,0.001157853,0.00578361,False,0.006861,False
2024-10-13,RS01SLBS-MJ01A-12-VEL3DB101,3,True,2024-10-13T00:00:00Z,2024-10-13T23:59:59Z,86395,86395,0,1.0,0.999699116,1.000062403,0.000411858,0,0,0,0,-0.0,1.36275,8.292076,-3.467534e-10,0.001362665,0.008291559,False,0.009407,False
2024-10-14,RS01SLBS-MJ01A-12-VEL3DB101,3,True,2024-10-14T00:00:00Z,2024-10-14T23:59:59Z,86395,86395,0,1.0,0.999707937,1.00006242,0.001654741,0,0,1,1,0.0,1.014393,9.088533,1.329948e-10,0.001014329,0.009087966,False,0.011298,False
2024-10-15,RS01SLBS-MJ01A-12-VEL3DB101,3,True,2024-10-15T00:00:00Z,2024-10-15T23:59:59Z,86394,86394,0,1.0,0.999700069,1.000062407,-5.7689e-05,0,0,1,1,0.0,1.006792,6.491526,2.511079e-10,0.001006729,0.006491121,False,0.004448,False
2024-10-16,RS01SLBS-MJ01A-12-VEL3DB101,3,True,2024-10-16T00:00:00Z,2024-10-16T23:59:59Z,86395,86395,0,1.0,0.99970293,1.000062409,0.001762499,0,0,1,1,1e-06,1.056335,7.393129,5.058677e-10,0.001056269,0.007392667,False,0.007542,False
2024-10-17,RS01SLBS-MJ01A-12-VEL3DB101,3,True,2024-10-17T00:00:00Z,2024-10-17T23:59:59Z,86394,86394,0,1.0,0.999707222,1.000062419,-9.7433e-05,0,0,0,0,-0.0,1.229401,6.202406,-4.283931e-10,0.001229325,0.006202018,False,0.005448,False
2024-10-18,RS01SLBS-MJ01A-12-VEL3DB101,3,True,2024-10-18T00:00:00Z,2024-10-18T23:59:59Z,86395,86395,0,1.0,0.999718189,1.000062438,0.001452492,0,0,0,0,-0.0,0.950592,6.648776,-3.104689e-10,0.0009505327,0.006648361,False,0.005508,False
2024-10-19,RS01SLBS-MJ01A-12-VEL3DB101,3,True,2024-10-19T00:00:00Z,2024-10-19T23:59:59Z,86395,86395,0,1.0,0.99970293,1.000062427,-0.001390617,0,0,2,2,-0.0,1.26025,9.17934,-3.588009e-10,0.001260172,0.009178767,False,0.007083,False
2024-10-20,RS01SLBS-MJ01A-12-VEL3DB101,3,True,2024-10-20T00:00:00Z,2024-10-20T23:59:59Z,86394,86394,0,1.0,0.999709606,1.000062421,0.001137473,0,0,2,2,0.0,1.091636,7.425772,4.314175e-10,0.001091568,0.007425308,False,0.006094,False
2024-10-21,RS01SLBS-MJ01A-12-VEL3DB101,3,True,2024-10-21T00:00:00Z,2024-10-21T23:59:59Z,86395,86395,0,1.0,0.999698162,1.000062412,0.003782538,0,0,3,3,1e-06,1.041764,7.753595,7.649141e-10,0.001041699,0.007753111,False,0.007851,False
2024-10-22,RS01SLBS-MJ01A-12-VEL3DB101,3,True,2024-10-22T00:00:00Z,2024-10-22T23:59:59Z,86394,86394,0,1.0,0.999704838,1.000062399,0.001485749,0,0,1,1,0.0,1.167807,5.778633,7.009285e-12,0.001167734,0.005778272,False,0.006035,False
2024-10-23,RS01SLBS-MJ01A-12-VEL3DB101,3,True,2024-10-23T00:00:00Z,2024-10-23T23:59:59Z,86395,86395,0,1.0,0.999705791,1.000062419,0.000986574,0,0,0,0,-0.0,1.512984,7.445519,-3.458435e-10,0.00151289,0.007445054,False,0.004407,False
2024-10-24,RS01SLBS-MJ01A-12-VEL3DB101,3,True,2024-10-24T00:00:00Z,2024-10-24T23:59:59Z,86395,86395,0,1.0,0.999694347,1.00006241,-0.001036907,0,0,0,0,-0.0,1.176807,4.047005,-3.147768e-10,0.001176733,0.004046752,False,0.004838,False
2024-10-25,RS01SLBS-MJ01A-12-VEL3DB101,3,True,2024-10-25T00:00:00Z,2024-10-25T23:59:59Z,86394,86394,0,1.0,0.999693871,1.000062419,0.001079486,0,0,0,0,-0.0,1.56436,7.920893,-4.10603e-10,0.001564262,0.007920398,False,0.006795,False
2024-10-26,RS01SLBS-MJ01A-12-VEL3DB101,3,True,2024-10-26T00:00:00Z,2024-10-26T23:59:59Z,86395,86395,0,1.0,0.99970293,1.000062422,0.000392668,0,0,0,0,-0.0,1.468111,18.87344,-3.220192e-10,0.00146802,0.01887226,False,0.014455,False
2024-10-27,RS01SLBS-MJ01A-12-VEL3DB101,3,True,2024-10-27T00:00:00Z,2024-10-27T23:59:59Z,86394,86394,0,1.0,0.999710083,1.000062408,0.001141354,0,0,0,0,-0.0,1.013824,5.052148,-4.399244e-10,0.001013761,0.005051833,False,0.004402,False
2024-10-28,RS01SLBS-MJ01A-12-VEL3DB101,3,True,2024-10-28T00:00:00Z,2024-10-28T23:59:59Z,86395,86395,0,1.0,0.999704838,1.000062403,-0.000995626,0,0,0,0,-0.0,1.064762,10.090497,-3.381028e-10,0.001064695,0.01008987,False,0.01241,False
2024-10-29,RS01SLBS-MJ01A-12-VEL3DB101,3,True,2024-10-29T00:00:00Z,2024-10-29T23:59:59Z,86395,86395,0,1.0,0.999698162,1.000062408,0.001657918,0,0,1,1,-0.0,1.166982,6.475879,-3.361149e-10,0.001166909,0.006475475,False,0.004294,False
2024-10-30,RS01SLBS-MJ01A-12-VEL3DB101,3,True,2024-10-30T00:00:00Z,2024-10-30T23:59:59Z,86394,86394,0,1.0,0.999714851,1.000062388,0.002279531,0,0,1,1,-1e-06,1.013439,6.168131,-5.245809e-10,0.001013375,0.006167746,False,0.004402,False
2024-10-31,RS01SLBS-MJ01A-12-VEL3DB101,3,True,2024-10-31T00:00:00Z,2024-10-31T23:59:59Z,86395,86395,0,1.0,0.99971199,1.000062403,0.000319165,0,0,0,0,-0.0,1.738993,10.56913,-3.190023e-10,0.001738885,0.01056847,False,0.010331,False
2024-11-01,RS01SLBS-MJ01A-12-VEL3DB101,3,True,2024-11-01T00:00:00Z,2024-11-01T23:59:59Z,86395,86395,0,1.0,0.999708176,1.000062433,-0.001061771,0,0,0,0,-0.0,1.292941,9.035473,-2.898131e-10,0.00129286,0.009034909,False,0.006655,False
2024-11-02,RS01SLBS-MJ01A-12-VEL3DB101,3,True,2024-11-02T00:00:00Z,2024-11-02T23:59:59Z,86394,86394,0,1.0,0.999708176,1.000062416,-0.000537165,0,0,0,0,-0.0,1.527361,6.556661,-4.479687e-10,0.001527266,0.006556252,False,0.0057,False
2024-11-03,RS01SLBS-MJ01A-12-VEL3DB101,3,True,2024-11-03T00:00:00Z,2024-11-03T23:59:59Z,86395,86395,0,1.0,0.999727249,1.000062409,-0.000878247,0,0,0,0,-0.0,1.155037,9.122681,-3.426016e-10,0.001154965,0.009122112,False,0.005996,False
2024-11-04,RS01SLBS-MJ01A-12-VEL3DB101,3,True,2024-11-04T00:00:00Z,2024-11-04T23:59:59Z,86394,86394,0,1.0,0.999710083,1.000062414,-0.00113065,0,0,0,0,-0.0,1.086971,4.100485,-3.818067e-10,0.001086903,0.004100229,False,0.004486,False
2024-11-05,RS01SLBS-MJ01A-12-VEL3DB101,3,True,2024-11-05T00:00:00Z,2024-11-05T23:59:59Z,86395,86395,0,1.0,0.999718189,1.000062412,-0.003223613,0,0,0,0,-0.0,1.185967,9.604983,-4.119887e-10,0.001185893,0.009604383,False,0.010143,False
2024-11-06,RS01SLBS-MJ01A-12-VEL3DB101,3,True,2024-11-06T00:00:00Z,2024-11-06T23:59:59Z,86395,86395,0,1.0,0.999697208,1.000062401,-0.000331073,0,0,0,0,-0.0,0.997481,3.919224,-2.929759e-10,0.0009974187,0.003918979,False,0.004308,False
2024-11-07,RS01SLBS-MJ01A-12-VEL3DB101,3,True,2024-11-07T00:00:00Z,2024-11-07T23:59:59Z,86394,86394,0,1.0,0.999704838,1.000062404,0.001046047,0,0,1,1,-1e-06,0.988324,4.771555,-9.253373e-10,0.0009882625,0.004771257,False,0.00437,False
2024-11-08,RS01SLBS-MJ01A-12-VEL3DB101,3,True,2024-11-08T00:00:00Z,2024-11-08T23:59:59Z,86395,86395,0,1.0,0.999703884,1.000062416,0.001614621,0,0,1,1,1e-06,1.062244,4.586539,5.337488e-10,0.001062177,0.004586253,False,0.004389,False
2024-11-09,RS01SLBS-MJ01A-12-VEL3DB101,3,True,2024-11-09T00:00:00Z,2024-11-09T23:59:59Z,86394,86394,0,1.0,0.99971199,1.000062393,-0.000358897,0,0,1,1,-1e-06,1.159279,4.125646,-6.747549e-10,0.001159206,0.004125388,False,0.004319,False
2024-11-10,RS01SLBS-MJ01A-12-VEL3DB101,3,True,2024-11-10T00:00:00Z,2024-11-10T23:59:59Z,86395,86395,0,1.0,0.999710083,1.000062395,0.002855455,0,0,1,1,0.0,1.189935,4.22844,2.308821e-10,0.001189861,0.004228177,False,0.004354,False
2024-11-11,RS01SLBS-MJ01A-12-VEL3DB101,3,True,2024-11-11T00:00:00Z,2024-11-11T23:59:59Z,86395,86395,0,1.0,0.999710083,1.000062393,0.001763208,0,0,1,1,-1e-06,1.296837,4.677436,-5.821911e-10,0.001296756,0.004677144,False,0.004393,False
2024-11-12,RS01SLBS-MJ01A-12-VEL3DB101,3,True,2024-11-12T00:00:00Z,2024-11-12T23:59:59Z,86394,86394,0,1.0,0.999706745,1.000062408,0.001258594,0,0,0,0,-0.0,0.789478,2.967044,-4.163251e-10,0.0007894289,0.002966858,False,0.004321,False
2024-11-13,RS01SLBS-MJ01A-12-VEL3DB101,3,True,2024-11-13T00:00:00Z,2024-11-13T23:59:59Z,86395,86395,0,1.0,0.999702692,1.000062408,-0.000149689,0,0,0,0,-0.0,0.836879,3.442954,-2.97389e-10,0.0008368267,0.003442739,False,0.004449,False
2024-11-14,RS01SLBS-MJ01A-12-VEL3DB101,3,True,2024-11-14T00:00:00Z,2024-11-14T23:59:59Z,86394,86394,0,1.0,0.999703884,1.000062393,0.000791317,0,0,1,1,-1e-06,0.902378,11.195655,-5.445964e-10,0.0009023221,0.01119496,False,0.011169,False
2024-11-15,RS01SLBS-MJ01A-12-VEL3DB101,3,True,2024-11-15T00:00:00Z,2024-11-15T23:59:59Z,86395,86395,0,1.0,0.999714851,1.0000624,0.001009571,0,0,2,2,-0.0,1.216645,4.125349,-2.203581e-10,0.001216569,0.004125092,False,0.004363,False
2024-11-16,RS01SLBS-MJ01A-12-VEL3DB101,3,True,2024-11-16T00:00:00Z,2024-11-16T23:59:59Z,86395,86395,0,1.0,0.999710083,1.000062407,0.001767964,0,0,2,2,0.0,1.075196,3.860734,1.212176e-10,0.001075129,0.003860493,False,0.004385,False
2024-11-17,RS01SLBS-MJ01A-12-VEL3DB101,3,True,2024-11-17T00:00:00Z,2024-11-17T23:59:59Z,86394,86394,0,1.0,0.999703884,1.000062396,0.000431974,0,0,1,1,-0.0,0.952082,11.046151,-1.403319e-10,0.0009520223,0.01104546,False,0.01249,False
2024-11-18,RS01SLBS-MJ01A-12-VEL3DB101,3,True,2024-11-18T00:00:00Z,2024-11-18T23:59:59Z,86395,86395,0,1.0,0.999711037,1.000062406,0.000861962,0,0,2,2,-0.0,0.882353,3.687234,-1.6214e-10,0.0008822978,0.003687004,False,0.004503,False
2024-11-19,RS01SLBS-MJ01A-12-VEL3DB101,3,True,2024-11-19T00:00:00Z,2024-11-19T23:59:59Z,86394,86394,0,1.0,0.999704838,1.000062362,0.000148141,0,0,2,2,0.0,1.809307,5.057204,1.696743e-10,0.001809195,0.005056888,False,0.004419,False
2024-11-20,RS01SLBS-MJ01A-12-VEL3DB101,3,True,2024-11-20T00:00:00Z,2024-11-20T23:59:59Z,86395,86395,0,1.0,0.999718666,1.000062406,0.001002017,0,0,0,0,-0.0,0.944257,3.569509,-3.681919e-10,0.0009441983,0.003569286,False,0.004453,False
2024-11-21,RS01SLBS-MJ01A-12-VEL3DB101,3,True,2024-11-21T00:00:00Z,2024-11-21T23:59:59Z,86395,86395,0,1.0,0.999703884,1.000062402,1.159e-06,0,0,1,1,0.0,0.871107,3.279347,3.04345e-10,0.0008710527,0.003279142,False,0.004377,False
2024-11-22,RS01SLBS-MJ01A-12-VEL3DB101,3,True,2024-11-22T00:00:00Z,2024-11-22T23:59:59Z,86394,86394,0,1.0,0.999715328,1.00006241,-0.000892692,0,0,1,1,-0.0,1.072123,3.858711,-1.678766e-10,0.001072056,0.00385847,False,0.00426,False
2024-11-23,RS01SLBS-MJ01A-12-VEL3DB101,3,True,2024-11-23T00:00:00Z,2024-11-23T23:59:59Z,86395,86395,0,1.0,0.99970603,1.000062413,-0.001483468,0,0,0,0,-0.0,0.920186,3.503539,-3.466382e-10,0.000920129,0.00350332,False,0.004379,False
2024-11-24,RS01SLBS-MJ01A-12-VEL3DB101,3,True,2024-11-24T00:00:00Z,2024-11-24T23:59:59Z,86394,86394,0,1.0,0.999698162,1.00006239,0.001173584,0,0,0,0,-0.0,0.971908,3.572243,-3.985266e-10,0.0009718478,0.00357202,False,0.004415,False
2024-11-25,RS01SLBS-MJ01A-12-VEL3DB101,3,True,2024-11-25T00:00:00Z,2024-11-25T23:59:59Z,86395,86395,0,1.0,0.999705315,1.00006241,0.001449276,0,0,3,3,0.0,0.853439,3.560765,2.700826e-10,0.0008533853,0.003560543,False,0.004482,False
2024-11-26,RS01SLBS-MJ01A-12-VEL3DB101,3,True,2024-11-26T00:00:00Z,2024-11-26T23:59:59Z,86395,86395,0,1.0,0.999701977,1.0000624,-0.000182326,0,0,1,1,-0.0,1.003834,6.04618,-6.69296e-11,0.001003771,0.006045803,False,0.006035,False
2024-11-27,RS01SLBS-MJ01A-12-VEL3DB101,3,True,2024-11-27T00:00:00Z,2024-11-27T23:59:59Z,86394,86394,0,1.0,0.999705791,1.000062409,-0.0011129,0,0,0,0,-0.0,0.934618,3.585688,-4.520593e-10,0.0009345599,0.003585464,False,0.004439,False
2024-11-28,RS01SLBS-MJ01A-12-VEL3DB101,3,True,2024-11-28T00:00:00Z,2024-11-28T23:59:59Z,86395,86395,0,1.0,0.999728203,1.000062416,-0.002504375,0,0,0,0,-0.0,1.032579,4.469381,-3.471281e-10,0.001032515,0.004469102,False,0.004452,False
2024-11-29,RS01SLBS-MJ01A-12-VEL3DB101,3,True,2024-11-29T00:00:00Z,2024-11-29T23:59:59Z,86395,86395,0,1.0,0.999701977,1.000062395,-0.001196366,0,0,3,3,-1e-06,0.891548,3.68533,-5.126021e-10,0.0008914923,0.0036851,False,0.004382,False
2024-11-30,RS01SLBS-MJ01A-12-VEL3DB101,3,True,2024-11-30T00:00:00Z,2024-11-30T23:59:59Z,86394,86394,0,1.0,0.999701977,1.000062401,-0.000624293,0,0,0,0,-0.0,0.80999,3.240628,-4.447563e-10,0.000809939,0.003240426,False,0.004413,False
2024-12-01,RS01SLBS-MJ01A-12-VEL3DB101,3,True,2024-12-01T00:00:00Z,2024-12-01T23:59:59Z,86395,86395,0,1.0,0.999707222,1.000062402,-0.001749,0,0,1,1,-0.0,0.854549,3.426021,-2.826024e-10,0.0008544957,0.003425807,False,0.00432,False
2024-12-02,RS01SLBS-MJ01A-12-VEL3DB101,3,True,2024-12-02T00:00:00Z,2024-12-02T23:59:59Z,86394,86394,0,1.0,0.999706268,1.000062405,5.9272e-05,0,0,0,0,-0.0,1.120461,4.038802,-3.807525e-10,0.001120391,0.00403855,False,0.00442,False
2024-12-03,RS01SLBS-MJ01A-12-VEL3DB101,3,True,2024-12-03T00:00:00Z,2024-12-03T23:59:59Z,86395,86395,0,1.0,0.999710083,1.000062422,0.000371778,0,0,0,0,-0.0,1.219942,4.419501,-3.300248e-10,0.001219866,0.004419225,False,0.004412,False
2024-12-04,RS01SLBS-MJ01A-12-VEL3DB101,3,True,2024-12-04T00:00:00Z,2024-12-04T23:59:59Z,86395,86395,0,1.0,0.999706984,1.000062396,0.001424369,0,0,2,2,1e-06,0.938599,3.794582,7.000889e-10,0.0009385399,0.003794346,False,0.00443,False
2024-12-05,RS01SLBS-MJ01A-12-VEL3DB101,3,True,2024-12-05T00:00:00Z,2024-12-05T23:59:59Z,86394,86394,0,1.0,0.999701977,1.000062399,0.00064547,0,0,1,1,0.0,1.055587,4.975152,4.708585e-10,0.001055521,0.004974842,False,0.004414,False
2024-12-06,RS01SLBS-MJ01A-12-VEL3DB101,3,True,2024-12-06T00:00:00Z,2024-12-06T23:59:59Z,86395,86395,0,1.0,0.999710083,1.000062403,0.001156927,0,0,0,0,-0.0,1.131707,4.120491,-3.297587e-10,0.001131636,0.004120234,False,0.004384,False
2024-12-07,RS01SLBS-MJ01A-12-VEL3DB101,3,True,2024-12-07T00:00:00Z,2024-12-07T23:59:59Z,86394,86394,0,1.0,0.999713898,1.000062402,0.001434569,0,0,1,1,1e-06,1.070267,6.724544,5.677498e-10,0.001070201,0.006724125,False,0.005059,False
2024-12-08,RS01SLBS-MJ01A-12-VEL3DB101,3,True,2024-12-08T00:00:00Z,2024-12-08T23:59:59Z,86395,86395,0,1.0,0.999709129,1.000062415,0.000300499,0,0,1,1,0.0,1.211984,4.018347,4.301081e-10,0.001211908,0.004018096,False,0.004359,False
2024-12-09,RS01SLBS-MJ01A-12-VEL3DB101,3,True,2024-12-09T00:00:00Z,2024-12-09T23:59:59Z,86395,86395,0,1.0,0.999705791,1.00006242,-0.000936826,0,0,1,1,-0.0,1.006788,3.987413,-1.532082e-10,0.001006725,0.003987165,False,0.004506,False
2024-12-10,RS01SLBS-MJ01A-12-VEL3DB101,3,True,2024-12-10T00:00:00Z,2024-12-10T23:59:59Z,86394,86394,0,1.0,0.999710083,1.000062396,0.00175198,0,0,0,0,-0.0,0.883385,3.342026,-4.045599e-10,0.0008833296,0.003341818,False,0.004334,False
2024-12-11,RS01SLBS-MJ01A-12-VEL3DB101,3,True,2024-12-11T00:00:00Z,2024-12-11T14:35:26Z,52524,52524,0,1.0,0.999711037,1.000062391,-0.000840179,0,0,1,1,-0.0,0.811894,3.255347,-6.261852e-11,0.0008118429,0.003255144,False,0.004354,False
2024-12-12,RS01SLBS-MJ01A-12-VEL3DB101,3,True,2024-12-12T02:42:57Z,2024-12-12T23:59:59Z,76456,76619,163,1.0,0.999781132,1.000058363,0.076368746,4,163,4,165,-0.0,108.987072,373.9177,-2.893739e-10,0.1089807,0.3738959,False,0.485924,True
2024-12-13,RS01SLBS-MJ01A-12-VEL3DB101,3,True,2024-12-13T00:00:00Z,2024-12-13T23:59:59Z,86395,86395,0,1.0,0.99979496,1.000062386,-0.001261366,0,0,2,2,0.0,0.892044,3.32334,2.029558e-10,0.0008919879,0.003323133,False,0.004234,False
2024-12-14,RS01SLBS-MJ01A-12-VEL3DB101,3,True,2024-12-14T00:00:00Z,2024-12-14T23:59:59Z,54224,86403,32179,1.0,0.999805927,0.999986546,1.647366827,1,32179,1,32179,0.0,1482.450913,3986.169648,2.483697e-10,1.482471,3.986223,True,0.353312,True
2024-12-15,RS01SLBS-MJ01A-12-VEL3DB101,3,True,2024-12-15T00:00:00Z,2024-12-15T23:59:59Z,86394,86394,0,1.0,0.999709129,1.000062369,0.001335619,0,0,2,2,-0.0,1.792231,7.744294,-1.546177e-10,0.00179212,0.007743811,False,0.006216,False
2024-12-16,RS01SLBS-MJ01A-12-VEL3DB101,3,True,2024-12-16T00:00:00Z,2024-12-16T23:59:59Z,86395,86395,0,1.0,0.999733925,1.000062396,-0.002339185,0,0,0,0,-0.0,1.291145,8.245537,-3.838921e-10,0.001291064,0.008245023,False,0.00696,False
2024-12-17,RS01SLBS-MJ01A-12-VEL3DB101,3,True,2024-12-17T00:00:00Z,2024-12-17T23:59:59Z,86395,86395,0,1.0,0.999695539,1.000062359,0.001645101,0,0,0,0,-0.0,1.451247,7.28207,-3.351328e-10,0.001451157,0.007281616,False,0.00617,False
2024-12-18,RS01SLBS-MJ01A-12-VEL3DB101,3,True,2024-12-18T00:00:00Z,2024-12-18T23:59:59Z,86394,86394,0,1.0,0.999699116,1.00006243,-0.001905626,0,0,0,0,-0.0,1.266962,5.195879,-4.077807e-10,0.001266883,0.005195554,False,0.004921,False
2024-12-19,RS01SLBS-MJ01A-12-VEL3DB101,3,True,2024-12-19T00:00:00Z,2024-12-19T23:59:59Z,86395,86395,0,1.0,0.999699116,1.000062397,-0.000946851,0,0,2,2,0.0,1.049595,5.640898,1.943198e-10,0.00104953,0.005640546,False,0.004401,False
2024-12-20,RS01SLBS-MJ01A-12-VEL3DB101,3,True,2024-12-20T00:00:00Z,2024-12-20T23:59:59Z,86394,86394,0,1.0,0.999700069,1.000062383,0.001160203,0,0,1,1,-0.0,1.027209,8.26837,-1.391875e-10,0.001027145,0.008267855,False,0.008046,False
2024-12-21,RS01SLBS-MJ01A-12-VEL3DB101,3,True,2024-12-21T00:00:00Z,2024-12-21T23:59:59Z,86395,86395,0,1.0,0.999703407,1.000062405,-0.001841431,0,0,0,0,-0.0,0.852573,3.436337,-2.934474e-10,0.0008525202,0.003436122,False,0.004361,False
2024-12-22,RS01SLBS-MJ01A-12-VEL3DB101,3,True,2024-12-22T00:00:00Z,2024-12-22T23:59:59Z,86395,86395,0,1.0,0.999701977,1.000062405,-0.001553874,0,0,0,0,-0.0,1.146029,3.843989,-3.009474e-10,0.001145958,0.003843749,False,0.004434,False
2024-12-23,RS01SLBS-MJ01A-12-VEL3DB101,3,True,2024-12-23T00:00:00Z,2024-12-23T23:59:59Z,86394,86394,0,1.0,0.999706268,1.000062392,-0.001814793,0,0,1,1,1e-06,1.066165,3.618468,6.193249e-10,0.001066098,0.003618242,False,0.004405,False
2024-12-24,RS01SLBS-MJ01A-12-VEL3DB101,3,True,2024-12-24T00:00:00Z,2024-12-24T23:59:59Z,86395,86395,0,1.0,0.999707222,1.000062384,0.003666003,0,0,0,0,-0.0,1.813289,5.547382,-3.361846e-10,0.001813176,0.005547036,False,0.004303,False
2024-12-25,RS01SLBS-MJ01A-12-VEL3DB101,3,True,2024-12-25T00:00:00Z,2024-12-25T23:59:59Z,86394,86394,0,1.0,0.999695301,1.000062397,-0.001685644,0,0,2,2,-0.0,0.902271,3.609536,-7.408929e-11,0.0009022144,0.003609311,False,0.004349,False
2024-12-26,RS01SLBS-MJ01A-12-VEL3DB101,3,True,2024-12-26T00:00:00Z,2024-12-26T23:59:59Z,86395,86395,0,1.0,0.999713898,1.000062408,-0.000415262,0,0,0,0,-0.0,0.842097,3.536088,-3.021418e-10,0.0008420444,0.003535867,False,0.004297,False
2024-12-27,RS01SLBS-MJ01A-12-VEL3DB101,3,True,2024-12-27T00:00:00Z,2024-12-27T23:59:59Z,86395,86395,0,1.0,0.999694824,1.000062408,-0.000574641,0,0,0,0,-0.0,1.502719,4.89983,-3.187443e-10,0.001502626,0.004899524,False,0.004367,False
2024-12-28,RS01SLBS-MJ01A-12-VEL3DB101,3,True,2024-12-28T00:00:00Z,2024-12-28T23:59:59Z,86394,86394,0,1.0,0.999709129,1.000062384,0.000163905,0,0,0,0,-0.0,0.998725,5.493725,-4.261146e-10,0.0009986626,0.005493382,False,0.004698,False
2024-12-29,RS01SLBS-MJ01A-12-VEL3DB101,3,True,2024-12-29T00:00:00Z,2024-12-29T23:59:59Z,86395,86395,0,1.0,0.999694347,1.000062388,0.000173853,0,0,0,0,-0.0,0.808919,3.356579,-3.0356e-10,0.0008088689,0.00335637,False,0.00448,False
2024-12-30,RS01SLBS-MJ01A-12-VEL3DB101,3,True,2024-12-30T00:00:00Z,2024-12-30T23:59:59Z,86395,86395,0,1.0,0.999694824,1.000062405,0.001975694,0,0,0,0,-0.0,0.90837,3.219034,-3.18721e-10,0.0009083135,0.003218833,False,0.004421,False
2024-12-31,RS01SLBS-MJ01A-12-VEL3DB101,3,True,2024-12-31T00:00:00Z,2024-12-31T23:59:59Z,86394,86394,0,1.0,0.999701977,1.000062391,0.001065554,0,0,0,0,-0.0,1.028638,3.799899,-4.20957e-10,0.001028574,0.003799662,False,0.004391,False
2025-01-01,RS01SLBS-MJ01A-12-VEL3DB101,3,True,2025-01-01T00:00:00Z,2025-01-01T23:59:59Z,86395,86395,0,1.0,0.999752045,1.000062154,0.007491812,0,0,1,1,-1e-06,5.682771,15.722051,-5.140018e-10,0.005682417,0.01572107,False,0.014546,False
2025-01-02,RS01SLBS-MJ01A-12-VEL3DB101,3,True,2025-01-02T00:00:00Z,2025-01-02T23:59:59Z,86394,86394,0,1.0,0.999706745,1.000062385,0.000702725,0,0,0,0,-0.0,0.871489,3.459531,-4.22223e-10,0.0008714351,0.003459315,False,0.004483,False
2025-01-03,RS01SLBS-MJ01A-12-VEL3DB101,3,True,2025-01-03T00:00:00Z,2025-01-03T23:59:59Z,86395,86395,0,1.0,0.999700069,1.000062412,0.000723293,0,0,1,1,-1e-06,1.075207,4.059198,-8.138221e-10,0.001075139,0.004058945,False,0.004721,False
2025-01-04,RS01SLBS-MJ01A-12-VEL3DB101,3,True,2025-01-04T00:00:00Z,2025-01-04T23:59:59Z,86395,86395,0,1.0,0.999709129,1.000062391,-0.000718877,0,0,1,1,-0.0,0.893121,3.726201,-2.809103e-11,0.0008930653,0.003725968,False,0.004464,False
2025-01-05,RS01SLBS-MJ01A-12-VEL3DB101,3,True,2025-01-05T00:00:00Z,2025-01-05T23:59:59Z,86394,86394,0,1.0,0.999704838,1.000062393,-0.000477719,0,0,2,2,-0.0,1.020983,4.082391,-4.778234e-10,0.001020919,0.004082136,False,0.004308,False
2025-01-06,RS01SLBS-MJ01A-12-VEL3DB101,3,True,2025-01-06T00:00:00Z,2025-01-06T23:59:59Z,86395,86395,0,1.0,0.999705791,1.000062396,0.001192035,0,0,1,1,0.0,1.141279,4.238842,4.308102e-10,0.001141208,0.004238578,False,0.004353,False
2025-01-07,RS01SLBS-MJ01A-12-VEL3DB101,3,True,2025-01-07T00:00:00Z,2025-01-07T23:59:59Z,86394,86394,0,1.0,0.999697208,1.000062406,0.000577794,0,0,0,0,-0.0,1.016662,4.329202,-4.263024e-10,0.001016598,0.004328931,False,0.004441,False
2025-01-08,RS01SLBS-MJ01A-12-VEL3DB101,3,True,2025-01-08T00:00:00Z,2025-01-08T23:59:59Z,85451,86395,944,1.0,0.99972105,1.000062397,-0.002862743,1,944,1,944,0.0,1.990731,6.421943,1.388486e-10,0.001990607,0.006421542,False,0.323014,True
2025-01-09,RS01SLBS-MJ01A-12-VEL3DB101,3,True,2025-01-09T00:00:00Z,2025-01-09T23:59:59Z,86395,86395,0,1.0,0.99972558,1.000062408,-0.000332308,0,0,1,1,-0.0,0.899399,3.62953,-2.557707e-10,0.0008993432,0.003629303,False,0.004323,False
2025-01-10,RS01SLBS-MJ01A-12-VEL3DB101,3,True,2025-01-10T00:00:00Z,2025-01-10T23:59:59Z,86394,86394,0,1.0,0.999713421,1.000062383,-0.000226198,0,0,0,0,-0.0,1.016553,3.969111,-4.09346e-10,0.00101649,0.003968863,False,0.004346,False
2025-01-11,RS01SLBS-MJ01A-12-VEL3DB101,3,True,2025-01-11T00:00:00Z,2025-01-11T23:59:59Z,86395,86395,0,1.0,0.99970293,1.000062395,0.000405465,0,0,0,0,-0.0,0.8136,3.281366,-3.122493e-10,0.0008135496,0.003281161,False,0.00442,False
2025-01-12,RS01SLBS-MJ01A-12-VEL3DB101,3,True,2025-01-12T00:00:00Z,2025-01-12T23:59:59Z,86394,86394,0,1.0,0.999706745,1.000062398,0.000847588,0,0,1,1,0.0,0.865539,5.209344,6.218147e-11,0.0008654849,0.005209019,False,0.004353,False
2025-01-13,RS01SLBS-MJ01A-12-VEL3DB101,3,True,2025-01-13T00:00:00Z,2025-01-13T23:59:59Z,86395,86395,0,1.0,0.999707222,1.000062404,-0.000354526,0,0,0,0,-0.0,0.902949,3.352181,-3.056098e-10,0.0009028931,0.003351971,False,0.004396,False
2025-01-14,RS01SLBS-MJ01A-12-VEL3DB101,3,True,2025-01-14T00:00:00Z,2025-01-14T23:59:59Z,86395,86395,0,1.0,0.999705315,1.000062399,-0.000745207,0,0,0,0,-0.0,1.377049,7.892232,-3.243615e-10,0.001376963,0.00789174,False,0.005535,False
2025-01-15,RS01SLBS-MJ01A-12-VEL3DB101,3,True,2025-01-15T00:00:00Z,2025-01-15T23:59:59Z,86394,86394,0,1.0,0.999706268,1.000062414,-0.003485202,0,0,0,0,-0.0,1.56297,6.57152,-3.751415e-10,0.001562873,0.00657111,False,0.004369,False
2025-01-16,RS01SLBS-MJ01A-12-VEL3DB101,3,True,2025-01-16T00:00:00Z,2025-01-16T23:59:59Z,86395,86395,0,1.0,0.999701023,1.00006241,0.002049968,0,0,0,0,-0.0,1.075036,6.601008,-2.932963e-10,0.001074969,0.006600596,False,0.005777,False
2025-01-17,RS01SLBS-MJ01A-12-VEL3DB101,3,True,2025-01-17T00:00:00Z,2025-01-17T23:59:59Z,86395,86395,0,1.0,0.999701977,1.00006241,-0.002023581,0,0,0,0,-0.0,0.96367,3.725987,-3.451576e-10,0.0009636097,0.003725754,False,0.004425,False
2025-01-18,RS01SLBS-MJ01A-12-VEL3DB101,3,True,2025-01-18T00:00:00Z,2025-01-18T23:59:59Z,86394,86394,0,1.0,0.999693871,1.000062418,-0.000476944,0,0,1,1,0.0,0.921535,3.591316,5.27205e-12,0.0009214774,0.003591092,False,0.004362,False
2025-01-19,RS01SLBS-MJ01A-12-VEL3DB101,3,True,2025-01-19T00:00:00Z,2025-01-19T23:59:59Z,86395,86395,0,1.0,0.999700069,1.00006242,-0.003650788,0,0,0,0,-0.0,1.160893,5.516162,-3.329548e-10,0.001160821,0.005515818,False,0.004377,False
2025-01-20,RS01SLBS-MJ01A-12-VEL3DB101,3,True,2025-01-20T00:00:00Z,2025-01-20T23:59:59Z,86394,86394,0,1.0,0.999708652,1.000062394,-0.000448557,0,0,2,2,-0.0,1.193797,4.448206,-2.761578e-10,0.001193722,0.004447929,False,0.004324,False
2025-01-21,RS01SLBS-MJ01A-12-VEL3DB101,3,True,2025-01-21T00:00:00Z,2025-01-21T23:59:59Z,86395,86395,0,1.0,0.999703884,1.000062428,-0.001800987,0,0,0,0,-0.0,2.036908,6.254489,-3.293394e-10,0.00203678,0.006254099,False,0.004489,False
2025-01-22,RS01SLBS-MJ01A-12-VEL3DB101,3,True,2025-01-22T00:00:00Z,2025-01-22T23:59:59Z,86395,86395,0,1.0,0.999715328,1.000062383,-0.001986164,0,0,0,0,-0.0,2.069105,5.888216,-3.120953e-10,0.002068976,0.005887849,False,0.004486,False
2025-01-23,RS01SLBS-MJ01A-12-VEL3DB101,3,True,2025-01-23T00:00:00Z,2025-01-23T23:59:59Z,86394,86394,0,1.0,0.999708652,1.000062439,-0.005211932,0,0,0,0,-0.0,1.664923,6.484113,-4.464063e-10,0.001664819,0.006483708,False,0.004344,False
2025-01-24,RS01SLBS-MJ01A-12-VEL3DB101,3,True,2025-01-24T00:00:00Z,2025-01-24T23:59:59Z,85089,86395,1306,1.0,0.999704838,1.000062387,-0.001907649,4,1306,4,1307,0.0,1.120297,10.466065,1.02393e-10,0.001120227,0.01046541,False,0.281665,True
2025-01-25,RS01SLBS-MJ01A-12-VEL3DB101,3,True,2025-01-25T00:00:00Z,2025-01-25T23:59:59Z,84112,86394,2282,1.0,0.999705791,1.000062401,-0.000802641,35,2282,35,2284,0.0,2.300591,120.467852,1.191256e-10,0.002300448,0.1204603,False,0.128613,True
2025-01-26,RS01SLBS-MJ01A-12-VEL3DB101,3,True,2025-01-26T00:00:00Z,2025-01-26T23:59:59Z,86395,86395,0,1.0,0.999692917,1.000062387,0.00023622,0,0,1,1,0.0,1.081575,3.769646,4.997123e-10,0.001081508,0.003769411,False,0.004508,False
2025-01-27,RS01SLBS-MJ01A-12-VEL3DB101,3,True,2025-01-27T00:00:00Z,2025-01-27T23:59:59Z,86395,86395,0,1.0,0.999695778,1.000062404,-0.000998411,0,0,0,0,-0.0,0.892272,4.357939,-3.500064e-10,0.0008922162,0.004357667,False,0.004381,False
2025-01-28,RS01SLBS-MJ01A-12-VEL3DB101,3,True,2025-01-28T00:00:00Z,2025-01-28T23:59:59Z,86394,86394,0,1.0,0.999706745,1.000062407,-0.001857032,0,0,1,1,0.0,1.325211,5.547407,1.963533e-10,0.001325128,0.00554706,False,0.005978,False
2025-01-29,RS01SLBS-MJ01A-12-VEL3DB101,3,True,2025-01-29T00:00:00Z,2025-01-29T20:24:32Z,73469,73469,0,1.0,0.999722958,1.000062398,-0.002459606,0,0,0,0,-0.0,1.804977,7.760933,-8.894672e-11,0.001804864,0.007760449,False,0.004887,False
2025-01-30,RS01SLBS-MJ01A-12-VEL3DB101,3,True,2025-01-30T02:59:54Z,2025-01-30T23:59:59Z,75500,75601,101,1.0,0.99970293,1.000062532,0.000209334,2,101,2,102,-0.0,0.736868,2.732015,-6.845561e-11,0.0007368222,0.002731844,False,0.036211,True
2025-01-31,RS01SLBS-MJ01A-12-VEL3DB101,3,True,2025-01-31T00:00:00Z,2025-01-31T23:59:59Z,30711,86415,55704,1.0,0.999711037,0.999801463,-0.654499848,2,55704,2,55705,0.0,1901.613174,3635.899895,1.084663e-10,1.901991,3.636622,True,0.420511,True
2025-02-01,RS01SLBS-MJ01A-12-VEL3DB101,3,True,2025-02-01T00:00:00Z,2025-02-01T23:59:59Z,86395,86395,0,1.0,0.999712944,1.00006252,0.000528527,0,0,0,0,-0.0,0.738507,2.774812,-3.347327e-10,0.0007384607,0.002774638,False,0.004485,False
2025-02-02,RS01SLBS-MJ01A-12-VEL3DB101,3,True,2025-02-02T00:00:00Z,2025-02-02T23:59:59Z,86394,86394,0,1.0,0.999706268,1.000062517,-0.000220886,0,0,0,0,-0.0,0.734583,2.772968,-3.762952e-10,0.0007345366,0.002772795,False,0.004467,False
2025-02-03,RS01SLBS-MJ01A-12-VEL3DB101,3,True,2025-02-03T00:00:00Z,2025-02-03T23:59:59Z,86395,86395,0,1.0,0.999704838,1.000062512,-0.000826221,0,0,0,0,-0.0,0.730068,2.846024,-3.616918e-10,0.0007300221,0.002845846,False,0.004389,False
2025-02-04,RS01SLBS-MJ01A-12-VEL3DB101,3,True,2025-02-04T00:00:00Z,2025-02-04T23:59:59Z,86394,86394,0,1.0,0.999697208,1.00006251,-0.000125019,0,0,0,0,-0.0,0.731376,10.285455,-3.909057e-10,0.0007313301,0.01028481,False,0.010247,False
2025-02-05,RS01SLBS-MJ01A-12-VEL3DB101,3,True,2025-02-05T00:00:00Z,2025-02-05T23:59:59Z,86395,86395,0,1.0,0.999708176,1.000062514,0.000682253,0,0,0,0,-0.0,0.728476,2.910846,-3.431123e-10,0.0007284309,0.002910664,False,0.004353,False
2025-02-06,RS01SLBS-MJ01A-12-VEL3DB101,3,True,2025-02-06T00:00:00Z,2025-02-06T23:59:59Z,86395,86395,0,1.0,0.999711037,1.000062514,0.000516379,0,0,0,0,-0.0,0.729526,2.79097,-3.28522e-10,0.00072948,0.002790795,False,0.00435,False
2025-02-07,RS01SLBS-MJ01A-12-VEL3DB101,3,True,2025-02-07T00:00:00Z,2025-02-07T23:59:59Z,86394,86394,0,1.0,0.99971199,1.000062511,-9.576e-05,0,0,2,2,-0.0,0.734746,2.744523,-1.821329e-10,0.0007346996,0.002744352,False,0.004321,False
2025-02-08,RS01SLBS-MJ01A-12-VEL3DB101,3,True,2025-02-08T00:00:00Z,2025-02-08T23:59:59Z,86395,86395,0,1.0,0.999689102,1.000062504,-2.5717e-05,0,0,3,3,0.0,0.731973,2.903252,3.023197e-10,0.0007319277,0.00290307,False,0.004338,False
2025-02-09,RS01SLBS-MJ01A-12-VEL3DB101,3,True,2025-02-09T00:00:00Z,2025-02-09T23:59:59Z,86394,86394,0,1.0,0.999707222,1.000062506,-0.001783622,0,0,0,0,-0.0,0.731259,2.806999,-3.991603e-10,0.0007312135,0.002806824,False,0.004325,False
2025-02-10,RS01SLBS-MJ01A-12-VEL3DB101,3,True,2025-02-10T00:00:00Z,2025-02-10T23:59:59Z,86395,86395,0,1.0,0.999693394,1.000062499,-0.000152956,0,0,3,3,0.0,0.732618,2.671155,3.325943e-11,0.0007325724,0.002670988,False,0.004346,False
2025-02-11,RS01SLBS-MJ01A-12-VEL3DB101,3,True,2025-02-11T00:00:00Z,2025-02-11T23:59:59Z,86395,86395,0,1.0,0.999704123,1.0000625,-0.000204539,0,0,1,1,0.0,0.737398,2.721347,1.674054e-11,0.0007373518,0.002721177,False,0.004365,False
2025-02-12,RS01SLBS-MJ01A-12-VEL3DB101,3,True,2025-02-12T00:00:00Z,2025-02-12T23:59:59Z,86394,86394,0,1.0,0.999706268,1.000062496,0.000159947,0,0,1,1,0.0,0.744147,2.691433,2.670391e-10,0.0007441,0.002691265,False,0.004325,False
2025-02-13,RS01SLBS-MJ01A-12-VEL3DB101,3,True,2025-02-13T00:00:00Z,2025-02-13T23:59:59Z,86395,86395,0,1.0,0.999699116,1.000062497,0.000676191,0,0,0,0,-0.0,0.74017,2.744955,-2.73206e-10,0.0007401239,0.002744783,False,0.004397,False
2025-02-14,RS01SLBS-MJ01A-12-VEL3DB101,3,True,2025-02-14T00:00:00Z,2025-02-14T23:59:59Z,86394,86394,0,1.0,0.999696255,1.000062501,0.000411431,0,0,0,0,-0.0,0.739675,2.627596,-4.064875e-10,0.0007396292,0.002627432,False,0.004372,False
2025-02-15,RS01SLBS-MJ01A-12-VEL3DB101,3,True,2025-02-15T00:00:00Z,2025-02-15T23:59:59Z,86395,86395,0,1.0,0.999698877,1.000062501,-0.000279262,0,0,1,1,0.0,0.747286,2.754201,4.083532e-10,0.0007472396,0.002754029,False,0.004392,False
2025-02-16,RS01SLBS-MJ01A-12-VEL3DB101,3,True,2025-02-16T00:00:00Z,2025-02-16T23:59:59Z,86395,86395,0,1.0,0.999708652,1.000062492,-0.000716902,0,0,0,0,-0.0,0.744012,2.949397,-3.590455e-10,0.0007439656,0.002949212,False,0.004511,False
2025-02-17,RS01SLBS-MJ01A-12-VEL3DB101,3,True,2025-02-17T00:00:00Z,2025-02-17T23:59:59Z,86394,86394,0,1.0,0.999698639,1.000062495,0.000810834,0,0,1,1,-0.0,0.74399,2.759139,-3.146945e-10,0.0007439435,0.002758967,False,0.004409,False
2025-02-18,RS01SLBS-MJ01A-12-VEL3DB101,3,True,2025-02-18T00:00:00Z,2025-02-18T23:59:59Z,86395,86395,0,1.0,0.99970293,1.000062484,0.000297605,0,0,0,0,-0.0,0.734013,2.798526,-3.269113e-10,0.0007339672,0.002798351,False,0.004358,False
2025-02-19,RS01SLBS-MJ01A-12-VEL3DB101,3,True,2025-02-19T00:00:00Z,2025-02-19T23:59:59Z,86394,86394,0,1.0,0.999711037,1.000062489,0.001138501,0,0,1,1,0.0,0.759086,2.863186,1.982892e-10,0.0007590387,0.002863007,False,0.004306,False
2025-02-20,RS01SLBS-MJ01A-12-VEL3DB101,3,True,2025-02-20T00:00:00Z,2025-02-20T23:59:59Z,86395,86395,0,1.0,0.999701977,1.00006248,-0.000227032,0,0,1,1,0.0,0.733323,2.653397,1.899759e-10,0.0007332771,0.002653231,False,0.004412,False
2025-02-21,RS01SLBS-MJ01A-12-VEL3DB101,3,True,2025-02-21T00:00:00Z,2025-02-21T23:59:59Z,86395,86395,0,1.0,0.999704361,1.000062488,0.001310681,0,0,1,1,1e-06,0.734247,2.84064,6.538774e-10,0.0007342016,0.002840462,False,0.004375,False
2025-02-22,RS01SLBS-MJ01A-12-VEL3DB101,3,True,2025-02-22T00:00:00Z,2025-02-22T23:59:59Z,86394,86394,0,1.0,0.999705315,1.000062485,0.000160315,0,0,2,2,-1e-06,0.74886,2.696968,-5.846431e-10,0.0007488131,0.002696799,False,0.004368,False
2025-02-23,RS01SLBS-MJ01A-12-VEL3DB101,3,True,2025-02-23T00:00:00Z,2025-02-23T23:59:59Z,86395,86395,0,1.0,0.999701977,1.000062479,-0.000457631,0,0,1,1,0.0,0.738452,2.872782,4.019904e-10,0.000738406,0.002872603,False,0.004303,False
2025-02-24,RS01SLBS-MJ01A-12-VEL3DB101,3,True,2025-02-24T00:00:00Z,2025-02-24T23:59:59Z,86394,86394,0,1.0,0.999698639,1.000062477,-0.000114582,0,0,0,0,-0.0,0.735156,2.71203,-3.96661e-10,0.0007351102,0.002711861,False,0.004292,False
2025-02-25,RS01SLBS-MJ01A-12-VEL3DB101,3,True,2025-02-25T00:00:00Z,2025-02-25T23:59:59Z,86395,86395,0,1.0,0.99972868,1.000062483,-0.000140717,0,0,1,1,0.0,0.774968,2.744069,1.39966e-10,0.0007749191,0.002743898,False,0.004482,False
2025-02-26,RS01SLBS-MJ01A-12-VEL3DB101,3,True,2025-02-26T00:00:00Z,2025-02-26T23:59:59Z,86395,86395,0,1.0,0.999735832,1.000062474,-0.00076045,0,0,2,2,-0.0,0.778255,2.672434,-7.958788e-11,0.0007782064,0.002672267,False,0.004274,False
2025-02-27,RS01SLBS-MJ01A-12-VEL3DB101,3,True,2025-02-27T00:00:00Z,2025-02-27T23:59:59Z,86394,86394,0,1.0,0.999725342,1.000062473,-0.001147648,0,0,0,0,-0.0,0.773566,2.863738,-4.157528e-10,0.0007735178,0.002863559,False,0.004286,False
2025-02-28,RS01SLBS-MJ01A-12-VEL3DB101,3,True,2025-02-28T00:00:00Z,2025-02-28T23:59:59Z,86395,86395,0,1.0,0.999722958,1.000062471,-0.002184535,0,0,1,1,0.0,0.768677,2.791352,2.770059e-10,0.0007686295,0.002791177,False,0.004318,False
2025-03-01,RS01SLBS-MJ01A-12-VEL3DB101,3,True,2025-03-01T00:00:00Z,2025-03-01T23:59:59Z,86394,86394,0,1.0,0.999714851,1.000062469,-0.000470939,0,0,0,0,-0.0,0.762746,2.685038,-4.063725e-10,0.0007626988,0.002684871,False,0.004397,False
2025-03-02,RS01SLBS-MJ01A-12-VEL3DB101,3,True,2025-03-02T00:00:00Z,2025-03-02T23:59:59Z,86395,86395,0,1.0,0.999710083,1.000062472,-0.001096749,0,0,1,1,-0.0,0.754422,2.728463,-2.287102e-10,0.0007543745,0.002728293,False,0.004383,False
2025-03-03,RS01SLBS-MJ01A-12-VEL3DB101,3,True,2025-03-03T00:00:00Z,2025-03-03T23:59:59Z,86395,86395,0,1.0,0.999700069,1.000062467,0.000391623,0,0,0,0,-0.0,0.748708,2.752956,-3.761673e-10,0.0007486614,0.002752784,False,0.004362,False
2025-03-04,RS01SLBS-MJ01A-12-VEL3DB101,3,True,2025-03-04T00:00:00Z,2025-03-04T23:59:59Z,86394,86394,0,1.0,0.999707222,1.000062468,-3.3949e-05,0,0,0,0,-0.0,0.749248,2.740521,-4.371104e-10,0.0007492008,0.00274035,False,0.004283,False
2025-03-05,RS01SLBS-MJ01A-12-VEL3DB101,3,True,2025-03-05T00:00:00Z,2025-03-05T23:59:59Z,86395,86395,0,1.0,0.999704838,1.000062466,-0.000289956,0,0,0,0,-0.0,0.753533,2.747101,-3.322172e-10,0.0007534856,0.002746929,False,0.004381,False
2025-03-06,RS01SLBS-MJ01A-12-VEL3DB101,3,True,2025-03-06T00:00:00Z,2025-03-06T23:59:59Z,86394,86394,0,1.0,0.999699116,1.000062459,-0.000736288,0,0,0,0,-0.0,0.746821,2.645814,-4.15743e-10,0.0007467746,0.002645649,False,0.004281,False
2025-03-07,RS01SLBS-MJ01A-12-VEL3DB101,3,True,2025-03-07T00:00:00Z,2025-03-07T23:59:59Z,86395,86395,0,1.0,0.999702692,1.00006246,0.000342604,0,0,0,0,-0.0,0.745661,2.696379,-3.751228e-10,0.0007456146,0.00269621,False,0.00438,False
2025-03-08,RS01SLBS-MJ01A-12-VEL3DB101,3,True,2025-03-08T00:00:00Z,2025-03-08T23:59:59Z,86395,86395,0,1.0,0.999698639,1.000062461,-0.002355074,0,0,1,1,-0.0,0.7461,2.677694,-2.567159e-12,0.0007460534,0.002677526,False,0.0044,False
2025-03-09,RS01SLBS-MJ01A-12-VEL3DB101,3,True,2025-03-09T00:00:00Z,2025-03-09T23:59:59Z,86394,86394,0,1.0,0.999701023,1.000062456,-7.0157e-05,0,0,0,0,-0.0,0.746063,2.613258,-4.49542e-10,0.000746016,0.002613095,False,0.004408,False
2025-03-10,RS01SLBS-MJ01A-12-VEL3DB101,3,True,2025-03-10T00:00:00Z,2025-03-10T23:59:59Z,86395,86395,0,1.0,0.999706268,1.000062461,-8.534e-06,0,0,0,0,-0.0,0.752934,2.791317,-3.41233e-10,0.0007528873,0.002791143,False,0.004396,False
2025-03-11,RS01SLBS-MJ01A-12-VEL3DB101,3,True,2025-03-11T00:00:00Z,2025-03-11T23:59:59Z,86394,86394,0,1.0,0.999706268,1.000062461,0.000651217,0,0,0,0,-0.0,0.747986,2.7736,-3.964275e-10,0.0007479393,0.002773427,False,0.004419,False
2025-03-12,RS01SLBS-MJ01A-12-VEL3DB101,3,True,2025-03-12T00:00:00Z,2025-03-12T23:59:59Z,86395,86395,0,1.0,0.999706745,1.000062456,-0.000275643,0,0,1,1,-0.0,0.748498,2.730466,-2.569234e-10,0.0007484511,0.002730296,False,0.004353,False
2025-03-13,RS01SLBS-MJ01A-12-VEL3DB101,3,True,2025-03-13T00:00:00Z,2025-03-13T23:59:59Z,86390,86395,5,1.0,0.999699116,1.000062459,-0.000326313,1,5,1,5,1e-06,0.747182,2.709023,6.450291e-10,0.0007471354,0.002708854,False,0.004392,True
2025-03-14,RS01SLBS-MJ01A-12-VEL3DB101,3,True,2025-03-14T00:00:00Z,2025-03-14T23:59:59Z,86394,86394,0,1.0,0.999709129,1.000062454,0.000646781,0,0,0,0,-0.0,0.744636,3.019127,-4.474221e-10,0.0007445896,0.003018938,False,0.004392,False
2025-03-15,RS01SLBS-MJ01A-12-VEL3DB101,3,True,2025-03-15T00:00:00Z,2025-03-15T23:59:59Z,86395,86395,0,1.0,0.999701977,1.000062456,-0.000118433,0,0,1,1,1e-06,0.743836,2.756804,6.065128e-10,0.00074379,0.002756632,False,0.004427,False
2025-03-16,RS01SLBS-MJ01A-12-VEL3DB101,3,True,2025-03-16T00:00:00Z,2025-03-16T23:59:59Z,86395,86395,0,1.0,0.999701977,1.000062449,0.000663687,0,0,0,0,-0.0,0.740332,2.78394,-3.678188e-10,0.000740286,0.002783767,False,0.004347,False
2025-03-17,RS01SLBS-MJ01A-12-VEL3DB101,3,True,2025-03-17T00:00:00Z,2025-03-17T23:59:59Z,86394,86394,0,1.0,0.999706745,1.00006245,0.000848421,0,0,1,1,0.0,0.738897,2.772328,2.538755e-10,0.0007388512,0.002772155,False,0.00445,False
2025-03-18,RS01SLBS-MJ01A-12-VEL3DB101,3,True,2025-03-18T00:00:00Z,2025-03-18T23:59:59Z,86395,86395,0,1.0,0.999716282,1.000062461,0.000144452,0,0,0,0,-0.0,0.745322,2.736842,-3.390788e-10,0.0007452751,0.002736671,False,0.004428,False
2025-03-19,RS01SLBS-MJ01A-12-VEL3DB101,3,True,2025-03-19T00:00:00Z,2025-03-19T23:59:59Z,86394,86394,0,1.0,0.99971199,1.000062452,0.000541242,0,0,1,1,0.0,0.749357,2.864338,1.008046e-10,0.0007493107,0.002864159,False,0.004368,False
2025-03-20,RS01SLBS-MJ01A-12-VEL3DB101,3,True,2025-03-20T00:00:00Z,2025-03-20T23:59:59Z,86395,86395,0,1.0,0.999697685,1.000062448,-0.000848989,0,0,0,0,-0.0,0.741525,2.742821,-2.466858e-10,0.0007414789,0.00274265,False,0.004381,False
2025-03-21,RS01SLBS-MJ01A-12-VEL3DB101,3,True,2025-03-21T00:00:00Z,2025-03-21T23:59:59Z,85794,86395,601,1.0,0.999697685,1.000062446,-0.000355497,2,601,2,602,0.0,0.743889,2.803818,1.469512e-10,0.0007438425,0.002803643,False,0.219329,True
2025-03-22,RS01SLBS-MJ01A-12-VEL3DB101,3,True,2025-03-22T00:00:00Z,2025-03-22T23:59:59Z,86394,86394,0,1.0,0.999704361,1.000062448,-0.000816816,0,0,2,2,1e-06,0.751851,2.696952,5.454406e-10,0.000751804,0.002696783,False,0.004421,False
2025-03-23,RS01SLBS-MJ01A-12-VEL3DB101,3,True,2025-03-23T00:00:00Z,2025-03-23T23:59:59Z,86395,86395,0,1.0,0.999708176,1.000062448,-0.000579837,0,0,0,0,-0.0,0.747066,2.709253,-3.410664e-10,0.0007470198,0.002709084,False,0.004299,False
2025-03-24,RS01SLBS-MJ01A-12-VEL3DB101,3,True,2025-03-24T00:00:00Z,2025-03-24T23:59:59Z,86394,86394,0,1.0,0.999701977,1.000062442,-0.000170085,0,0,0,0,-0.0,0.751954,2.809407,-4.480109e-10,0.0007519075,0.002809232,False,0.004395,False
2025-03-25,RS01SLBS-MJ01A-12-VEL3DB101,3,True,2025-03-25T00:00:00Z,2025-03-25T23:59:59Z,86395,86395,0,1.0,0.999703407,1.000062447,-0.000385698,0,0,0,0,-0.0,0.747908,2.806193,-2.95512e-10,0.0007478617,0.002806018,False,0.00442,False
2025-03-26,RS01SLBS-MJ01A-12-VEL3DB101,3,True,2025-03-26T00:00:00Z,2025-03-26T23:59:59Z,85804,86395,591,1.0,0.99970293,1.00006244,-0.000133428,2,591,2,592,-0.0,0.751474,2.734825,-1.531481e-10,0.0007514273,0.002734655,False,0.209609,True
2025-03-27,RS01SLBS-MJ01A-12-VEL3DB101,3,True,2025-03-27T00:00:00Z,2025-03-27T23:59:59Z,86394,86394,0,1.0,0.999699116,1.000062448,4.6593e-05,0,0,1,1,1e-06,0.74626,2.854527,7.749716e-10,0.0007462138,0.002854348,False,0.004427,False
2025-03-28,RS01SLBS-MJ01A-12-VEL3DB101,3,True,2025-03-28T00:00:00Z,2025-03-28T23:59:59Z,86395,86395,0,1.0,0.999701023,1.000062437,-0.000508738,0,0,0,0,-0.0,0.743526,2.704656,-3.657518e-10,0.0007434799,0.002704487,False,0.004388,False
2025-03-29,RS01SLBS-MJ01A-12-VEL3DB101,3,True,2025-03-29T00:00:00Z,2025-03-29T23:59:59Z,86394,86394,0,1.0,0.999701977,1.000062435,-0.001218138,0,0,0,0,-0.0,0.74404,2.716276,-4.11948e-10,0.0007439934,0.002716107,False,0.004337,False
2025-03-30,RS01SLBS-MJ01A-12-VEL3DB101,3,True,2025-03-30T00:00:00Z,2025-03-30T23:59:59Z,86395,86395,0,1.0,0.999706268,1.000062431,0.000263799,0,0,0,0,-0.0,0.743562,2.677844,-2.804866e-10,0.0007435151,0.002677677,False,0.004495,False
2025-03-31,RS01SLBS-MJ01A-12-VEL3DB101,3,True,2025-03-31T00:00:00Z,2025-03-31T23:59:59Z,86395,86395,0,1.0,0.999703884,1.000062432,-0.000275703,0,0,1,1,1e-06,0.743637,2.803713,5.808808e-10,0.0007435909,0.002803538,False,0.004379,False
2025-04-01,RS01SLBS-MJ01A-12-VEL3DB101,3,True,2025-04-01T00:00:00Z,2025-04-01T23:59:59Z,63003,86402,23399,1.0,0.999701977,0.999966029,2.149723868,3,23399,3,23400,-0.0,1684.772037,2990.753638,-3.589754e-10,1.684829,2.990855,True,0.287916,True
2025-04-02,RS01SLBS-MJ01A-12-VEL3DB101,3,True,2025-04-02T00:00:00Z,2025-04-02T23:59:59Z,86395,86395,0,1.0,0.999708176,1.000062436,0.001462233,0,0,0,0,-0.0,0.747657,2.629627,-3.146669e-10,0.0007476107,0.002629463,False,0.00439,False
2025-04-03,RS01SLBS-MJ01A-12-VEL3DB101,3,True,2025-04-03T00:00:00Z,2025-04-03T23:59:59Z,86394,86394,0,1.0,0.999705791,1.000062431,0.000969646,0,0,0,0,-0.0,0.742211,2.645393,-3.939359e-10,0.0007421652,0.002645228,False,0.004287,False
2025-04-04,RS01SLBS-MJ01A-12-VEL3DB101,3,True,2025-04-04T00:00:00Z,2025-04-04T23:59:59Z,86395,86395,0,1.0,0.999705791,1.000062429,0.001276437,0,0,0,0,-0.0,0.739723,2.652755,-3.438643e-10,0.0007396772,0.002652589,False,0.004387,False
2025-04-05,RS01SLBS-MJ01A-12-VEL3DB101,3,True,2025-04-05T00:00:00Z,2025-04-05T23:59:59Z,86395,86395,0,1.0,0.99970293,1.00006243,0.000272292,0,0,0,0,-0.0,0.750039,2.810836,-3.518763e-10,0.0007499926,0.00281066,False,0.004376,False
2025-04-06,RS01SLBS-MJ01A-12-VEL3DB101,3,True,2025-04-06T00:00:00Z,2025-04-06T23:59:59Z,86394,86394,0,1.0,0.999700069,1.000062434,-4.8411e-05,0,0,0,0,-0.0,0.75357,2.704998,-4.439253e-10,0.000753523,0.002704829,False,0.00435,False
2025-04-07,RS01SLBS-MJ01A-12-VEL3DB101,3,True,2025-04-07T00:00:00Z,2025-04-07T23:59:59Z,86395,86395,0,1.0,0.999705315,1.000062426,0.001316654,0,0,0,0,-0.0,0.748176,2.697812,-3.535524e-10,0.0007481293,0.002697644,False,0.004355,False
2025-04-08,RS01SLBS-MJ01A-12-VEL3DB101,3,True,2025-04-08T00:00:00Z,2025-04-08T23:59:59Z,86394,86394,0,1.0,0.999701023,1.000062428,-0.001093282,0,0,1,1,-0.0,0.747689,2.650469,-3.83292e-10,0.0007476424,0.002650303,False,0.004412,False
2025-04-09,RS01SLBS-MJ01A-12-VEL3DB101,3,True,2025-04-09T00:00:00Z,2025-04-09T23:59:59Z,86395,86395,0,1.0,0.999692917,1.000062432,-0.001291256,0,0,0,0,-0.0,0.749886,2.742436,-2.995919e-10,0.0007498395,0.002742265,False,0.004437,False
2025-04-10,RS01SLBS-MJ01A-12-VEL3DB101,3,True,2025-04-10T00:00:00Z,2025-04-10T23:59:59Z,86395,86395,0,1.0,0.99971199,1.000062435,0.001093286,0,0,0,0,-0.0,0.755782,2.918516,-3.462327e-10,0.000755735,0.002918333,False,0.004519,False
2025-04-11,RS01SLBS-MJ01A-12-VEL3DB101,3,True,2025-04-11T00:00:00Z,2025-04-11T23:59:59Z,86394,86394,0,1.0,0.999700069,1.000062424,0.000179385,0,0,0,0,-0.0,0.744227,2.621817,-4.16129e-10,0.0007441804,0.002621653,False,0.004273,False
2025-04-12,RS01SLBS-MJ01A-12-VEL3DB101,3,True,2025-04-12T00:00:00Z,2025-04-12T23:59:59Z,86395,86395,0,1.0,0.999706745,1.000062423,-0.000198905,0,0,1,1,0.0,0.759212,2.792417,6.036695e-11,0.0007591647,0.002792243,False,0.004462,False
2025-04-13,RS01SLBS-MJ01A-12-VEL3DB101,3,True,2025-04-13T00:00:00Z,2025-04-13T23:59:59Z,86394,86394,0,1.0,0.999704838,1.000062423,-0.000114858,0,0,2,2,-0.0,0.754923,2.725138,-3.620017e-11,0.000754876,0.002724968,False,0.00435,False
2025-04-14,RS01SLBS-MJ01A-12-VEL3DB101,3,True,2025-04-14T00:00:00Z,2025-04-14T23:59:59Z,86395,86395,0,1.0,0.99971199,1.00006242,-0.000313153,0,0,1,1,-1e-06,0.750952,2.669888,-7.127214e-10,0.0007509054,0.002669721,False,0.004318,False
2025-04-15,RS01SLBS-MJ01A-12-VEL3DB101,3,True,2025-04-15T00:00:00Z,2025-04-15T23:59:59Z,86395,86395,0,1.0,0.999707699,1.00006242,0.001314663,0,0,0,0,-0.0,0.749383,2.746183,-3.042535e-10,0.0007493365,0.002746011,False,0.004388,False
2025-04-16,RS01SLBS-MJ01A-12-VEL3DB101,3,True,2025-04-16T00:00:00Z,2025-04-16T23:59:59Z,86394,86394,0,1.0,0.999712944,1.000062428,0.001579339,0,0,0,0,-0.0,0.764424,2.758128,-3.943405e-10,0.0007643758,0.002757955,False,0.004379,False
2025-04-17,RS01SLBS-MJ01A-12-VEL3DB101,3,True,2025-04-17T00:00:00Z,2025-04-17T23:59:59Z,86395,86395,0,1.0,0.999707699,1.000062424,1.0443e-05,0,0,0,0,-0.0,0.757839,3.001213,-3.610861e-10,0.0007577913,0.003001026,False,0.00439,False
2025-04-18,RS01SLBS-MJ01A-12-VEL3DB101,3,True,2025-04-18T00:00:00Z,2025-04-18T23:59:59Z,86395,86395,0,1.0,0.999714375,1.000062416,0.00094825,0,0,0,0,-0.0,0.753078,2.634685,-3.401564e-10,0.0007530311,0.00263452,False,0.00441,False
2025-04-19,RS01SLBS-MJ01A-12-VEL3DB101,3,True,2025-04-19T00:00:00Z,2025-04-19T23:59:59Z,86394,86394,0,1.0,0.999718189,1.000062416,0.000209114,0,0,1,1,1e-06,0.751157,2.603131,1.090594e-09,0.00075111,0.002602968,False,0.004429,False
2025-04-20,RS01SLBS-MJ01A-12-VEL3DB101,3,True,2025-04-20T00:00:00Z,2025-04-20T23:59:59Z,86395,86395,0,1.0,0.999715328,1.000062426,0.00068351,0,0,0,0,-0.0,0.761436,2.788042,-3.028398e-10,0.0007613881,0.002787868,False,0.004388,False
2025-04-21,RS01SLBS-MJ01A-12-VEL3DB101,3,True,2025-04-21T00:00:00Z,2025-04-21T23:59:59Z,86394,86394,0,1.0,0.999717712,1.000062422,0.000435175,0,0,0,0,-0.0,0.767356,2.735008,-4.577023e-10,0.0007673081,0.002734837,False,0.004492,False
2025-04-22,RS01SLBS-MJ01A-12-VEL3DB101,3,True,2025-04-22T00:00:00Z,2025-04-22T23:59:59Z,86395,86395,0,1.0,0.999709606,1.000062416,0.001010094,0,0,0,0,-0.0,0.751853,2.906528,-3.584167e-10,0.0007518056,0.002906347,False,0.00439,False
2025-04-23,RS01SLBS-MJ01A-12-VEL3DB101,3,True,2025-04-23T00:00:00Z,2025-04-23T23:59:59Z,86395,86395,0,1.0,0.999716282,1.000062408,-0.000419185,0,0,0,0,-0.0,0.757198,2.654639,-2.999851e-10,0.0007571506,0.002654473,False,0.004356,False
2025-04-24,RS01SLBS-MJ01A-12-VEL3DB101,3,True,2025-04-24T00:00:00Z,2025-04-24T23:59:59Z,86394,86394,0,1.0,0.99971199,1.00006241,-1.3763e-05,0,0,0,0,-0.0,0.758572,2.740173,-4.055589e-10,0.0007585249,0.002740002,False,0.004321,False
2025-04-25,RS01SLBS-MJ01A-12-VEL3DB101,3,True,2025-04-25T00:00:00Z,2025-04-25T23:59:59Z,86395,86395,0,1.0,0.999735832,1.000062408,0.000870856,0,0,0,0,-0.0,0.769616,2.796533,-3.393474e-10,0.0007695679,0.002796358,False,0.004437,False
2025-04-26,RS01SLBS-MJ01A-12-VEL3DB101,3,True,2025-04-26T00:00:00Z,2025-04-26T23:59:59Z,86394,86394,0,1.0,0.999726772,1.000062402,0.00036608,0,0,1,1,0.0,0.75578,2.631929,5.674689e-11,0.0007557329,0.002631765,False,0.004359,False
2025-04-27,RS01SLBS-MJ01A-12-VEL3DB101,3,True,2025-04-27T00:00:00Z,2025-04-27T23:59:59Z,86395,86395,0,1.0,0.999712944,1.000062405,-0.000704556,0,0,0,0,-0.0,0.754842,2.629222,-2.62792e-10,0.0007547951,0.002629058,False,0.004308,False
2025-04-28,RS01SLBS-MJ01A-12-VEL3DB101,3,True,2025-04-28T00:00:00Z,2025-04-28T23:59:59Z,86395,86395,0,1.0,0.99972105,1.000062403,-1.5376e-05,0,0,1,1,-0.0,0.749705,2.794078,-2.039436e-10,0.0007496587,0.002793903,False,0.004444,False
2025-04-29,RS01SLBS-MJ01A-12-VEL3DB101,3,True,2025-04-29T00:00:00Z,2025-04-29T23:59:59Z,86394,86394,0,1.0,0.999717236,1.000062404,-0.001448348,0,0,0,0,-0.0,0.754299,2.696995,-3.901219e-10,0.0007542524,0.002696826,False,0.004542,False
2025-04-30,RS01SLBS-MJ01A-12-VEL3DB101,3,True,2025-04-30T00:00:00Z,2025-04-30T23:59:59Z,86395,86395,0,1.0,0.999717712,1.000062397,-0.001097055,0,0,0,0,-0.0,0.758456,2.688758,-3.095043e-10,0.0007584087,0.00268859,False,0.004422,False
2025-05-01,RS01SLBS-MJ01A-12-VEL3DB101,3,True,2025-05-01T00:00:00Z,2025-05-01T23:59:59Z,86394,86394,0,1.0,0.999701023,1.000062399,-0.000196325,0,0,0,0,-0.0,0.74914,2.691939,-3.865918e-10,0.0007490932,0.002691771,False,0.004382,False
2025-05-02,RS01SLBS-MJ01A-12-VEL3DB101,3,True,2025-05-02T00:00:00Z,2025-05-02T23:59:59Z,86395,86395,0,1.0,0.999707222,1.000062393,0.000761552,0,0,0,0,-0.0,0.760076,2.775145,-3.18864e-10,0.0007600284,0.002774972,False,0.004482,False
2025-05-03,RS01SLBS-MJ01A-12-VEL3DB101,3,True,2025-05-03T00:00:00Z,2025-05-03T23:59:59Z,86395,86395,0,1.0,0.999704838,1.000062398,-0.000570718,0,0,1,1,0.0,0.75138,2.661423,1.676594e-11,0.0007513335,0.002661257,False,0.0043,False
2025-05-04,RS01SLBS-MJ01A-12-VEL3DB101,3,True,2025-05-04T00:00:00Z,2025-05-04T23:59:59Z,86394,86394,0,1.0,0.999706745,1.000062391,-0.00020179,0,0,0,0,-0.0,0.753036,2.721244,-4.235764e-10,0.0007529892,0.002721075,False,0.004379,False
2025-05-05,RS01SLBS-MJ01A-12-VEL3DB101,3,True,2025-05-05T00:00:00Z,2025-05-05T23:59:59Z,86395,86395,0,1.0,0.999707222,1.00006239,0.000192751,0,0,2,2,0.0,0.751273,2.606,4.157634e-10,0.0007512264,0.002605837,False,0.00443,False
2025-05-06,RS01SLBS-MJ01A-12-VEL3DB101,3,True,2025-05-06T00:00:00Z,2025-05-06T23:59:59Z,86394,86394,0,1.0,0.999704838,1.000062389,1.1816e-05,0,0,0,0,-0.0,0.753697,2.853227,-4.242641e-10,0.0007536502,0.002853049,False,0.004361,False
2025-05-07,RS01SLBS-MJ01A-12-VEL3DB101,3,True,2025-05-07T00:00:00Z,2025-05-07T23:59:59Z,86395,86395,0,1.0,0.999705791,1.000062393,-0.000639012,0,0,1,1,0.0,0.763363,2.791694,2.40102e-10,0.0007633151,0.00279152,False,0.004384,False
2025-05-08,RS01SLBS-MJ01A-12-VEL3DB101,3,True,2025-05-08T00:00:00Z,2025-05-08T23:59:59Z,86395,86395,0,1.0,0.999700069,1.000062395,0.000409251,0,0,0,0,-0.0,0.749327,2.945183,-3.143357e-10,0.0007492804,0.002944999,False,0.004397,False
2025-05-09,RS01SLBS-MJ01A-12-VEL3DB101,3,True,2025-05-09T00:00:00Z,2025-05-09T23:59:59Z,86394,86394,0,1.0,0.999704838,1.000062395,-0.00171322,0,0,0,0,-0.0,0.758895,2.720215,-4.268022e-10,0.000758848,0.002720046,False,0.004434,False
2025-05-10,RS01SLBS-MJ01A-12-VEL3DB101,3,True,2025-05-10T00:00:00Z,2025-05-10T23:59:59Z,86395,86395,0,1.0,0.999707699,1.000062391,0.000814061,0,0,0,0,-0.0,0.749841,2.823438,-3.289801e-10,0.0007497944,0.002823262,False,0.004465,False
2025-05-11,RS01SLBS-MJ01A-12-VEL3DB101,3,True,2025-05-11T00:00:00Z,2025-05-11T23:59:59Z,86395,86395,0,1.0,0.999705791,1.000062385,-0.000199688,0,0,0,0,-0.0,0.752503,2.842775,-3.154331e-10,0.0007524564,0.002842597,False,0.004442,False
2025-05-12,RS01SLBS-MJ01A-12-VEL3DB101,3,True,2025-05-12T00:00:00Z,2025-05-12T23:59:59Z,86394,86394,0,1.0,0.999696255,1.000062389,0.000382172,0,0,1,1,-0.0,0.750169,2.753074,-8.972927e-11,0.0007501225,0.002752903,False,0.004395,False
2025-05-13,RS01SLBS-MJ01A-12-VEL3DB101,3,True,2025-05-13T00:00:00Z,2025-05-13T15:38:10Z,56288,56288,0,1.0,0.999694347,1.000062391,-0.000935915,0,0,0,0,-0.0,0.747621,2.640862,-1.465626e-10,0.0007475739,0.002640697,False,0.004377,False
2025-05-14,RS01SLBS-MJ01A-12-VEL3DB101,3,False,,,0,0,,1.0,,,,,,,,,,,,,,,,False
2025-05-15,RS01SLBS-MJ01A-12-VEL3DB101,3,True,2025-05-15T21:17:05Z,2025-05-15T23:59:59Z,9775,9775,0,1.0,0.999967337,1.000050132,-0.00441402,0,0,0,0,0.0,2.013075,10.573994,8.353537e-12,0.002012974,0.01057346,False,0.011054,False
2025-05-16,RS01SLBS-MJ01A-12-VEL3DB101,3,True,2025-05-16T00:00:00Z,2025-05-16T23:59:59Z,86395,86395,0,1.0,0.999984741,1.000049675,0.000309248,0,0,2,2,-0.0,6.386779,32.893289,-1.073105e-10,0.006386462,0.03289166,False,0.030342,False
2025-05-17,RS01SLBS-MJ01A-12-VEL3DB101,3,True,2025-05-17T00:00:00Z,2025-05-17T23:59:59Z,86396,86396,0,1.0,0.999980927,1.000049629,0.013247473,0,0,1,1,0.0,5.189255,27.506067,1.658769e-11,0.005188997,0.0275047,False,0.024952,False
2025-05-18,RS01SLBS-MJ01A-12-VEL3DB101,3,True,2025-05-18T00:00:00Z,2025-05-18T23:59:59Z,86396,86396,0,1.0,0.999986649,1.00004965,-0.001159045,0,0,0,0,-0.0,5.557066,29.069465,-2.096018e-10,0.00555679,0.02906802,False,0.029661,False
2025-05-19,RS01SLBS-MJ01A-12-VEL3DB101,3,True,2025-05-19T00:00:00Z,2025-05-19T23:59:59Z,86396,86396,0,1.0,0.999970913,1.000049358,0.006941603,0,0,1,1,0.0,3.934988,11.745856,4.151205e-10,0.003934794,0.01174528,False,0.008116,False
2025-05-20,RS01SLBS-MJ01A-12-VEL3DB101,3,True,2025-05-20T00:00:00Z,2025-05-20T23:59:59Z,86395,86395,0,1.0,0.999939919,1.000049244,-0.006178552,0,0,2,2,-1e-06,5.180845,29.678186,-6.42665e-10,0.00518059,0.02967672,False,0.024569,False
2025-05-21,RS01SLBS-MJ01A-12-VEL3DB101,3,True,2025-05-21T00:00:00Z,2025-05-21T23:59:59Z,86396,86396,0,1.0,0.999947548,1.000049249,0.003845522,0,0,0,0,-0.0,9.244181,40.931862,-2.302395e-11,0.009243726,0.04092985,False,0.043441,False
2025-05-22,RS01SLBS-MJ01A-12-VEL3DB101,3,True,2025-05-22T00:00:00Z,2025-05-22T23:59:59Z,86396,86396,0,1.0,0.999941826,1.000049318,-0.005974773,0,0,0,0,-0.0,5.804148,29.808091,-1.427407e-10,0.005803862,0.02980662,False,0.02838,False
2025-05-23,RS01SLBS-MJ01A-12-VEL3DB101,3,True,2025-05-23T00:00:00Z,2025-05-23T23:59:59Z,86396,86396,0,1.0,0.99993515,1.000049149,-0.000572412,0,0,0,0,-0.0,4.966968,30.974927,-1.491973e-10,0.004966724,0.0309734,False,0.027963,False
2025-05-24,RS01SLBS-MJ01A-12-VEL3DB101,3,True,2025-05-24T00:00:00Z,2025-05-24T23:59:59Z,86395,86395,0,1.0,0.999953747,1.000049377,0.003150682,0,0,3,3,-0.0,7.26087,37.966349,-3.370488e-11,0.007260512,0.03796447,False,0.032103,False
2025-05-25,RS01SLBS-MJ01A-12-VEL3DB101,3,True,2025-05-25T00:00:00Z,2025-05-25T23:59:59Z,86396,86396,0,1.0,0.999949932,1.000049308,-0.000943344,0,0,2,2,0.0,4.606901,31.473665,1.571347e-10,0.004606674,0.03147211,False,0.028081,False
2025-05-26,RS01SLBS-MJ01A-12-VEL3DB101,3,True,2025-05-26T00:00:00Z,2025-05-26T23:59:59Z,86396,86396,0,1.0,0.999977112,1.000049631,-0.010133361,0,0,0,0,-0.0,6.700119,29.700626,-1.121519e-10,0.006699787,0.02969915,False,0.029253,False
2025-05-27,RS01SLBS-MJ01A-12-VEL3DB101,3,True,2025-05-27T00:00:00Z,2025-05-27T23:59:59Z,86396,86396,0,1.0,0.999969006,1.000049588,-0.0038187,0,0,0,0,-0.0,8.963759,28.2948,-1.174275e-10,0.008963314,0.0282934,False,0.031033,False
2025-05-28,RS01SLBS-MJ01A-12-VEL3DB101,3,True,2025-05-28T00:00:00Z,2025-05-28T23:59:59Z,86395,86395,0,1.0,0.999959946,1.000049426,0.008194697,0,0,1,1,0.0,6.803718,35.261303,1.358303e-10,0.006803382,0.03525956,False,0.022899,False
2025-05-29,RS01SLBS-MJ01A-12-VEL3DB101,3,True,2025-05-29T00:00:00Z,2025-05-29T23:59:59Z,86396,86396,0,1.0,0.999975204,1.000049599,-0.003872685,0,0,0,0,-0.0,6.596012,52.993146,-1.09886e-10,0.006595685,0.05299052,False,0.04708,False
2025-05-30,RS01SLBS-MJ01A-12-VEL3DB101,3,True,2025-05-30T00:00:00Z,2025-05-30T23:59:59Z,86396,86396,0,1.0,0.999958038,1.000049404,-0.004014437,0,0,0,0,-0.0,5.607216,14.584912,-1.294864e-10,0.005606939,0.01458419,False,0.008257,False
2025-05-31,RS01SLBS-MJ01A-12-VEL3DB101,3,True,2025-05-31T00:00:00Z,2025-05-31T23:59:59Z,86395,86395,0,1.0,0.999954224,1.000049345,0.003852702,0,0,0,0,-0.0,7.709774,34.798779,-3.35486e-10,0.007709394,0.03479706,False,0.02912,False
2025-06-01,RS01SLBS-MJ01A-12-VEL3DB101,3,True,2025-06-01T00:00:00Z,2025-06-01T23:59:59Z,86396,86396,0,1.0,0.999948978,1.000049181,0.004519615,0,0,1,1,-0.0,4.916417,25.390237,-2.030253e-10,0.004916175,0.02538899,False,0.02814,False
2025-06-02,RS01SLBS-MJ01A-12-VEL3DB101,3,True,2025-06-02T00:00:00Z,2025-06-02T23:59:59Z,86396,86396,0,1.0,0.999981403,1.00004962,-0.000793372,0,0,0,0,-0.0,5.259611,28.752277,-1.258201e-10,0.00525935,0.02875085,False,0.030252,False
2025-06-03,RS01SLBS-MJ01A-12-VEL3DB101,3,True,2025-06-03T00:00:00Z,2025-06-03T23:59:59Z,86396,86396,0,1.0,0.999979973,1.000049623,0.004822921,0,0,0,0,-0.0,5.501404,29.6238,-1.317254e-10,0.005501131,0.02962233,False,0.027931,False
2025-06-04,RS01SLBS-MJ01A-12-VEL3DB101,3,True,2025-06-04T00:00:00Z,2025-06-04T23:59:59Z,86395,86395,0,1.0,0.999964714,1.000049381,-0.001140321,0,0,1,1,0.0,6.309463,30.220194,4.159958e-10,0.006309152,0.0302187,False,0.026194,False
2025-06-05,RS01SLBS-MJ01A-12-VEL3DB101,3,True,2025-06-05T00:00:00Z,2025-06-05T23:59:59Z,86396,86396,0,1.0,0.999951839,1.000049307,0.003171538,0,0,0,0,-0.0,3.661141,12.587787,-1.62684e-10,0.00366096,0.01258717,False,0.011819,False
2025-06-06,RS01SLBS-MJ01A-12-VEL3DB101,3,True,2025-06-06T00:00:00Z,2025-06-06T23:59:59Z,86396,86396,0,1.0,0.99994278,1.000049255,-0.000458614,0,0,1,1,0.0,5.153098,28.130986,1.260906e-10,0.005152844,0.0281296,False,0.030631,False
2025-06-07,RS01SLBS-MJ01A-12-VEL3DB101,3,True,2025-06-07T00:00:00Z,2025-06-07T23:59:59Z,86396,86396,0,1.0,0.999929905,1.000049254,0.00424473,0,0,0,0,-0.0,5.77193,42.688986,-1.928478e-10,0.005771646,0.04268688,False,0.047002,False
2025-06-08,RS01SLBS-MJ01A-12-VEL3DB101,3,True,2025-06-08T00:00:00Z,2025-06-08T23:59:59Z,86395,86395,0,1.0,0.99995327,1.000049461,-0.001122555,0,0,1,1,0.0,6.924726,34.993436,2.163815e-10,0.006924384,0.03499171,False,0.030148,False
2025-06-09,RS01SLBS-MJ01A-12-VEL3DB101,3,True,2025-06-09T00:00:00Z,2025-06-09T23:59:59Z,86396,86396,0,1.0,0.999967098,1.000049437,0.000164033,0,0,3,3,-0.0,6.18243,38.627708,-5.628854e-12,0.006182124,0.0386258,False,0.030533,False
2025-06-10,RS01SLBS-MJ01A-12-VEL3DB101,3,True,2025-06-10T00:00:00Z,2025-06-10T23:59:59Z,86396,86396,0,1.0,0.999959946,1.000049352,0.001238892,0,0,1,1,-0.0,4.981974,32.271042,-4.520835e-10,0.004981728,0.03226945,False,0.028645,False
2025-06-11,RS01SLBS-MJ01A-12-VEL3DB101,3,True,2025-06-11T00:00:00Z,2025-06-11T23:59:59Z,86396,86396,0,1.0,0.999948978,1.000049357,0.006466095,0,0,2,2,-0.0,4.127077,12.562894,-3.932714e-11,0.004126873,0.01256227,False,0.0092,False
2025-06-12,RS01SLBS-MJ01A-12-VEL3DB101,3,True,2025-06-12T00:00:00Z,2025-06-12T23:59:59Z,86395,86395,0,1.0,0.999983788,1.00004956,-0.002552181,0,0,0,0,-0.0,5.710466,27.373639,-3.227323e-10,0.005710183,0.02737228,False,0.026242,False
2025-06-13,RS01SLBS-MJ01A-12-VEL3DB101,3,True,2025-06-13T00:00:00Z,2025-06-13T23:59:59Z,86396,86396,0,1.0,0.999960899,1.000049445,0.003266487,0,0,1,1,-0.0,3.398473,10.343397,-1.16385e-10,0.003398305,0.01034289,False,0.009257,False
2025-06-14,RS01SLBS-MJ01A-12-VEL3DB101,3,True,2025-06-14T00:00:00Z,2025-06-14T23:59:59Z,86396,86396,0,1.0,0.999977112,1.000049616,-0.005023602,0,0,0,0,-0.0,3.483987,13.113012,-1.559946e-10,0.003483814,0.01311236,False,0.008571,False
2025-06-15,RS01SLBS-MJ01A-12-VEL3DB101,3,True,2025-06-15T00:00:00Z,2025-06-15T23:59:59Z,86395,86395,0,1.0,0.999959946,1.000049386,-0.010716716,0,0,1,1,-0.0,4.790642,27.028192,-4.151589e-10,0.004790405,0.02702686,False,0.029928,False
2025-06-16,RS01SLBS-MJ01A-12-VEL3DB101,3,True,2025-06-16T00:00:00Z,2025-06-16T23:59:59Z,86396,86396,0,1.0,0.999965191,1.000049433,-0.00570898,0,0,0,0,-0.0,4.343508,12.922698,-1.336893e-10,0.004343293,0.01292206,False,0.008301,False
2025-06-17,RS01SLBS-MJ01A-12-VEL3DB101,3,True,2025-06-17T00:00:00Z,2025-06-17T23:59:59Z,86396,86396,0,1.0,0.999970913,1.000049595,0.005885591,0,0,0,0,-0.0,3.701003,13.457924,-1.460137e-10,0.003700819,0.01345726,False,0.012163,False
2025-06-18,RS01SLBS-MJ01A-12-VEL3DB101,3,True,2025-06-18T00:00:00Z,2025-06-18T23:59:59Z,86396,86396,0,1.0,0.999946117,1.000049438,-0.00276821,0,0,0,0,-0.0,4.621108,31.994182,-1.487833e-10,0.00462088,0.0319926,False,0.029641,False
2025-06-19,RS01SLBS-MJ01A-12-VEL3DB101,3,True,2025-06-19T00:00:00Z,2025-06-19T23:59:59Z,86395,86395,0,1.0,0.999971867,1.000049518,-0.010863384,0,0,0,0,-0.0,5.924009,31.617838,-3.105575e-10,0.005923716,0.03161627,False,0.027434,False
2025-06-20,RS01SLBS-MJ01A-12-VEL3DB101,3,True,2025-06-20T00:00:00Z,2025-06-20T23:59:59Z,86396,86396,0,1.0,0.999960899,1.000049477,0.003529137,0,0,0,0,-0.0,5.248868,31.343991,-1.636348e-10,0.005248608,0.03134244,False,0.028356,False
2025-06-21,RS01SLBS-MJ01A-12-VEL3DB101,3,True,2025-06-21T00:00:00Z,2025-06-21T23:59:59Z,86396,86396,0,1.0,0.999958038,1.000049511,-0.000965134,0,0,1,1,-0.0,3.830454,28.365903,-2.935714e-10,0.003830264,0.0283645,False,0.027948,False
2025-06-22,RS01SLBS-MJ01A-12-VEL3DB101,3,True,2025-06-22T00:00:00Z,2025-06-22T23:59:59Z,86396,86396,0,1.0,0.999941826,1.000049413,-0.002150004,0,0,0,0,-0.0,5.584592,36.528723,-1.237322e-10,0.005584316,0.03652692,False,0.035887,False
2025-06-23,RS01SLBS-MJ01A-12-VEL3DB101,3,True,2025-06-23T00:00:00Z,2025-06-23T23:59:59Z,86395,86395,0,1.0,0.99996376,1.00004946,0.000322821,0,0,1,1,-0.0,8.121978,49.173793,-3.883276e-10,0.008121577,0.04917136,False,0.046281,False
2025-06-24,RS01SLBS-MJ01A-12-VEL3DB101,3,True,2025-06-24T00:00:00Z,2025-06-24T23:59:59Z,86396,86396,0,1.0,0.99998045,1.000049562,-0.0001824,0,0,2,2,-1e-06,7.756335,34.078639,-1.009034e-09,0.00775595,0.03407695,False,0.03127,False
2025-06-25,RS01SLBS-MJ01A-12-VEL3DB101,3,True,2025-06-25T00:00:00Z,2025-06-25T23:59:59Z,86396,86396,0,1.0,0.999969006,1.000049507,-0.002315977,0,0,0,0,-0.0,7.905665,89.019676,-8.590756e-11,0.007905274,0.08901527,False,0.082972,False
2025-06-26,RS01SLBS-MJ01A-12-VEL3DB101,3,True,2025-06-26T00:00:00Z,2025-06-26T23:59:59Z,86395,86395,0,1.0,0.999977112,1.000049581,-0.010814213,0,0,0,0,-0.0,6.467973,27.130079,-3.378294e-10,0.006467652,0.02712873,False,0.030153,False
2025-06-27,RS01SLBS-MJ01A-12-VEL3DB101,3,True,2025-06-27T00:00:00Z,2025-06-27T23:59:59Z,86396,86396,0,1.0,0.999979019,1.000049568,-0.011165823,0,0,0,0,-0.0,6.679102,44.812274,-1.090123e-10,0.006678771,0.04481005,False,0.044658,False
2025-06-28,RS01SLBS-MJ01A-12-VEL3DB101,3,True,2025-06-28T00:00:00Z,2025-06-28T23:59:59Z,86396,86396,0,1.0,0.999977589,1.000049595,-0.010136507,0,0,1,1,0.0,6.723722,21.809655,1.348691e-10,0.006723389,0.02180857,False,0.02969,False
2025-06-29,RS01SLBS-MJ01A-12-VEL3DB101,3,True,2025-06-29T00:00:00Z,2025-06-29T23:59:59Z,86396,86396,0,1.0,0.999980927,1.000049581,-0.00534144,0,0,1,1,1e-06,6.605895,28.513309,7.27062e-10,0.006605568,0.0285119,False,0.029693,False
2025-06-30,RS01SLBS-MJ01A-12-VEL3DB101,3,True,2025-06-30T00:00:00Z,2025-06-30T23:59:59Z,86395,86395,0,1.0,0.999948978,1.000049499,-0.012045375,0,0,0,0,-0.0,10.043451,45.568741,-2.898787e-10,0.01004295,0.04556649,False,0.046227,False
2025-07-01,RS01SLBS-MJ01A-12-VEL3DB101,3,True,2025-07-01T00:00:00Z,2025-07-01T23:59:59Z,86396,86396,0,1.0,0.999968052,1.000049431,0.006979243,0,0,1,1,0.0,5.805166,34.819157,1.63766e-11,0.005804879,0.03481744,False,0.02996,False
2025-07-02,RS01SLBS-MJ01A-12-VEL3DB101,3,True,2025-07-02T00:00:00Z,2025-07-02T23:59:59Z,86396,86396,0,1.0,0.999967098,1.000049496,-0.010705582,0,0,2,2,0.0,6.501593,34.106493,4.137203e-10,0.006501271,0.03410481,False,0.030706,False
2025-07-03,RS01SLBS-MJ01A-12-VEL3DB101,3,True,2025-07-03T00:00:00Z,2025-07-03T23:59:59Z,86396,86396,0,1.0,0.99994278,1.000049255,-0.003584615,0,0,1,1,0.0,5.471548,33.702988,3.33909e-10,0.005471279,0.03370133,False,0.031211,False
2025-07-04,RS01SLBS-MJ01A-12-VEL3DB101,3,True,2025-07-04T00:00:00Z,2025-07-04T23:59:59Z,86395,86395,0,1.0,0.99992609,1.000049117,-0.000669409,0,0,0,0,-0.0,4.813729,29.293442,-3.620758e-10,0.004813492,0.029292,False,0.029963,False
2025-07-05,RS01SLBS-MJ01A-12-VEL3DB101,3,True,2025-07-05T00:00:00Z,2025-07-05T23:59:59Z,86396,86396,0,1.0,0.99994278,1.000049261,0.000243174,0,0,0,0,-0.0,5.492759,37.004148,-1.274649e-10,0.005492489,0.03700233,False,0.028965,False
2025-07-06,RS01SLBS-MJ01A-12-VEL3DB101,3,True,2025-07-06T00:00:00Z,2025-07-06T23:59:59Z,86396,86396,0,1.0,0.99994421,1.000049232,0.002768637,0,0,1,1,0.0,5.591472,34.570021,3.414309e-10,0.005591197,0.03456832,False,0.026517,False
2025-07-07,RS01SLBS-MJ01A-12-VEL3DB101,3,True,2025-07-07T00:00:00Z,2025-07-07T23:59:59Z,86396,86396,0,1.0,0.999932766,1.000049131,0.002555386,0,0,1,1,-0.0,6.050064,26.538097,-1.128645e-10,0.006049767,0.02653679,False,0.029866,False
2025-07-08,RS01SLBS-MJ01A-12-VEL3DB101,3,True,2025-07-08T00:00:00Z,2025-07-08T23:59:59Z,86395,86395,0,1.0,0.999995232,1.000049557,0.003428973,0,0,0,0,-0.0,6.99323,30.694803,-3.402436e-10,0.006992883,0.03069328,False,0.029868,False
2025-07-09,RS01SLBS-MJ01A-12-VEL3DB101,3,True,2025-07-09T00:00:00Z,2025-07-09T23:59:59Z,86396,86396,0,1.0,0.999975681,1.000049495,0.003690508,0,0,0,0,-0.0,4.911341,30.632692,-1.162693e-10,0.004911098,0.03063118,False,0.030213,False
2025-07-10,RS01SLBS-MJ01A-12-VEL3DB101,3,True,2025-07-10T00:00:00Z,2025-07-10T23:59:59Z,86396,86396,0,1.0,0.999958992,1.000049534,-0.004062061,0,0,0,0,-0.0,4.524375,13.033914,-1.580227e-10,0.004524151,0.01303327,False,0.008318,False
2025-07-11,RS01SLBS-MJ01A-12-VEL3DB101,3,True,2025-07-11T00:00:00Z,2025-07-11T23:59:59Z,86395,86395,0,1.0,0.999948025,1.000049463,-0.004292014,0,0,1,1,0.0,3.799453,11.798111,1.276138e-10,0.003799266,0.01179753,False,0.012093,False
2025-07-12,RS01SLBS-MJ01A-12-VEL3DB101,3,True,2025-07-12T00:00:00Z,2025-07-12T23:59:59Z,86396,86396,0,1.0,0.999974728,1.000049566,-0.000366341,0,0,1,1,1e-06,6.087205,15.80435,6.679984e-10,0.006086903,0.01580357,False,0.008994,False
2025-07-13,RS01SLBS-MJ01A-12-VEL3DB101,3,True,2025-07-13T00:00:00Z,2025-07-13T23:59:59Z,86396,86396,0,1.0,0.999986172,1.000049588,0.017593295,0,0,1,1,0.0,5.404537,19.397275,2.235855e-10,0.005404269,0.01939631,False,0.012838,False
2025-07-14,RS01SLBS-MJ01A-12-VEL3DB101,3,True,2025-07-14T00:00:00Z,2025-07-14T23:59:59Z,86396,86396,0,1.0,0.999986172,1.00004955,-0.002633128,0,0,0,0,-0.0,7.922174,88.938201,-1.49409e-10,0.007921781,0.08893379,False,0.08782,False
2025-07-15,RS01SLBS-MJ01A-12-VEL3DB101,3,True,2025-07-15T00:00:00Z,2025-07-15T23:59:59Z,86395,86395,0,1.0,0.999974251,1.000049525,-0.004698313,0,0,2,2,0.0,6.675234,44.462444,4.250165e-10,0.006674903,0.04446024,False,0.045977,False
2025-07-16,RS01SLBS-MJ01A-12-VEL3DB101,3,True,2025-07-16T00:00:00Z,2025-07-16T23:59:59Z,86396,86396,0,1.0,0.999958038,1.000049342,0.004720622,0,0,0,0,-0.0,4.626444,30.342509,-1.550415e-10,0.004626216,0.03034101,False,0.028967,False
2025-07-17,RS01SLBS-MJ01A-12-VEL3DB101,3,True,2025-07-17T00:00:00Z,2025-07-17T23:59:59Z,86396,86396,0,1.0,0.999955177,1.000049245,0.004920858,0,0,0,0,-0.0,4.424913,26.462411,-1.631033e-10,0.004424695,0.02646111,False,0.027769,False
2025-07-18,RS01SLBS-MJ01A-12-VEL3DB101,3,True,2025-07-18T00:00:00Z,2025-07-18T23:59:59Z,86396,86396,0,1.0,0.999921799,1.000049031,0.004100166,0,0,1,1,1e-06,8.347916,88.647312,7.565951e-10,0.008347507,0.08864297,False,0.09025,False
2025-07-19,RS01SLBS-MJ01A-12-VEL3DB101,3,True,2025-07-19T00:00:00Z,2025-07-19T23:59:59Z,86395,86395,0,1.0,0.999969959,1.000049452,0.008569244,0,0,1,1,-0.0,6.953292,28.858817,-1.929922e-10,0.006952948,0.02885739,False,0.029012,False
2025-07-20,RS01SLBS-MJ01A-12-VEL3DB101,3,True,2025-07-20T00:00:00Z,2025-07-20T23:59:59Z,86396,86396,0,1.0,0.999965191,1.000049463,0.003619165,0,0,0,0,-0.0,6.306526,32.96793,-1.550303e-10,0.006306214,0.0329663,False,0.027473,False
2025-07-21,RS01SLBS-MJ01A-12-VEL3DB101,3,True,2025-07-21T00:00:00Z,2025-07-21T23:59:59Z,86396,86396,0,1.0,0.999979019,1.000049445,0.007014637,0,0,0,0,-0.0,7.297248,32.06772,-1.848286e-10,0.007296887,0.03206613,False,0.028693,False
2025-07-22,RS01SLBS-MJ01A-12-VEL3DB101,3,True,2025-07-22T00:00:00Z,2025-07-22T23:59:59Z,86395,86395,0,1.0,0.999970913,1.000049529,-0.000648242,0,0,0,0,-0.0,4.77071,24.118225,-3.32501e-10,0.004770474,0.02411703,False,0.029199,False
2025-07-23,RS01SLBS-MJ01A-12-VEL3DB101,3,True,2025-07-23T00:00:00Z,2025-07-23T23:59:59Z,86396,86396,0,1.0,0.999987602,1.000049677,0.004596018,0,0,2,2,-0.0,6.032238,21.195678,-3.880565e-10,0.006031939,0.02119463,False,0.008563,False
2025-07-24,RS01SLBS-MJ01A-12-VEL3DB101,3,True,2025-07-24T00:00:00Z,2025-07-24T23:59:59Z,86396,86396,0,1.0,0.999983788,1.000049701,0.007625465,0,0,0,0,-0.0,5.911941,37.258737,-1.268293e-10,0.005911647,0.03725688,False,0.032319,False
2025-07-25,RS01SLBS-MJ01A-12-VEL3DB101,3,True,2025-07-25T00:00:00Z,2025-07-25T23:59:59Z,86396,86396,0,1.0,1.000004292,1.00004987,-0.001244791,0,0,0,0,-0.0,7.445459,47.170634,-9.265225e-11,0.007445088,0.04716828,False,0.044671,False
2025-07-26,RS01SLBS-MJ01A-12-VEL3DB101,3,True,2025-07-26T00:00:00Z,2025-07-26T23:59:59Z,86395,86395,0,1.0,0.999976158,1.000049641,-0.002289741,0,0,1,1,0.0,5.055383,29.526112,3.773746e-10,0.005055132,0.02952465,False,0.028889,False
2025-07-27,RS01SLBS-MJ01A-12-VEL3DB101,3,True,2025-07-27T00:00:00Z,2025-07-27T23:59:59Z,86396,86396,0,1.0,0.999976158,1.000049657,-0.004174989,0,0,1,1,-1e-06,4.53027,30.788307,-6.451317e-10,0.004530045,0.03078678,False,0.029592,False
2025-07-28,RS01SLBS-MJ01A-12-VEL3DB101,3,True,2025-07-28T00:00:00Z,2025-07-28T23:59:59Z,86396,86396,0,1.0,0.999958038,1.000049444,-0.005626233,0,0,1,1,0.0,6.322719,34.872995,1.7387e-10,0.006322406,0.03487127,False,0.030816,False
2025-07-29,RS01SLBS-MJ01A-12-VEL3DB101,3,True,2025-07-29T00:00:00Z,2025-07-29T23:59:59Z,86395,86395,0,1.0,0.999945164,1.000049185,-0.001246745,0,0,1,1,-0.0,7.36716,45.432573,-4.837098e-10,0.007366798,0.04543034,False,0.045673,False
2025-07-30,RS01SLBS-MJ01A-12-VEL3DB101,3,True,2025-07-30T00:00:00Z,2025-07-30T23:59:59Z,86396,86396,0,1.0,0.999936104,1.000049126,-0.002702329,0,0,0,0,-0.0,4.185686,28.041958,-1.41506e-10,0.004185481,0.02804058,False,0.026443,False
2025-07-31,RS01SLBS-MJ01A-12-VEL3DB101,3,True,2025-07-31T00:00:00Z,2025-07-31T23:59:59Z,86396,86396,0,1.0,0.999943256,1.000049113,-0.000190375,0,0,0,0,-0.0,6.111282,25.171037,-1.321998e-10,0.006110982,0.0251698,False,0.028718,False
2025-08-01,RS01SLBS-MJ01A-12-VEL3DB101,3,True,2025-08-01T00:00:00Z,2025-08-01T23:59:59Z,86396,86396,0,1.0,0.999967098,1.00004928,0.005086883,0,0,2,2,0.0,5.4519,30.446841,2.788496e-10,0.005451632,0.03044534,False,0.028294,False
2025-08-02,RS01SLBS-MJ01A-12-VEL3DB101,3,True,2025-08-02T00:00:00Z,2025-08-02T23:59:59Z,86395,86395,0,1.0,0.999958992,1.000049241,0.006244007,0,0,0,0,-0.0,4.665475,25.616921,-3.553147e-10,0.004665245,0.02561566,False,0.025233,False
2025-08-03,RS01SLBS-MJ01A-12-VEL3DB101,3,True,2025-08-03T00:00:00Z,2025-08-03T23:59:59Z,86396,86396,0,1.0,0.999958992,1.000049305,0.010335173,0,0,1,1,-0.0,5.589567,28.29931,-2.510379e-11,0.005589291,0.02829791,False,0.02926,False
2025-08-04,RS01SLBS-MJ01A-12-VEL3DB101,3,True,2025-08-04T00:00:00Z,2025-08-04T23:59:59Z,86396,86396,0,1.0,0.99998188,1.000049557,0.009378995,0,0,0,0,-0.0,6.1952,36.228042,-1.413219e-10,0.006194893,0.03622625,False,0.028943,False
2025-08-05,RS01SLBS-MJ01A-12-VEL3DB101,3,True,2025-08-05T00:00:00Z,2025-08-05T23:59:59Z,86396,86396,0,1.0,0.999970913,1.000049507,0.012802902,0,0,1,1,-0.0,4.31494,30.390914,-2.433934e-10,0.004314727,0.03038941,False,0.027534,False
2025-08-06,RS01SLBS-MJ01A-12-VEL3DB101,3,True,2025-08-06T00:00:00Z,2025-08-06T23:59:59Z,86395,86395,0,1.0,0.99996376,1.000049492,0.013088606,0,0,0,0,-0.0,5.578245,32.999408,-2.959619e-10,0.005577969,0.03299777,False,0.028833,False
2025-08-07,RS01SLBS-MJ01A-12-VEL3DB101,3,True,2025-08-07T00:00:00Z,2025-08-07T23:59:59Z,86396,86396,0,1.0,0.999969959,1.000049687,-0.000643633,0,0,0,0,-0.0,7.05387,31.401655,-8.845322e-11,0.00705352,0.03140009,False,0.030914,False
2025-08-08,RS01SLBS-MJ01A-12-VEL3DB101,3,True,2025-08-08T00:00:00Z,2025-08-08T23:59:59Z,86396,86396,0,1.0,0.999976158,1.000049706,-0.003541263,0,0,1,1,-0.0,6.9899,31.159562,-6.453731e-11,0.006989553,0.03115801,False,0.029601,False
2025-08-09,RS01SLBS-MJ01A-12-VEL3DB101,3,True,2025-08-09T00:00:00Z,2025-08-09T23:59:59Z,86395,86395,0,1.0,0.999984264,1.000049778,0.001022952,0,0,0,0,-0.0,6.067444,32.849698,-3.199687e-10,0.006067142,0.03284806,False,0.029082,False
2025-08-10,RS01SLBS-MJ01A-12-VEL3DB101,3,True,2025-08-10T00:00:00Z,2025-08-10T23:59:59Z,86396,86396,0,1.0,0.999985218,1.00004985,-0.011578057,0,0,0,0,-0.0,6.590024,47.319512,-1.048171e-10,0.006589695,0.04731715,False,0.045987,False
2025-08-11,RS01SLBS-MJ01A-12-VEL3DB101,3,True,2025-08-11T00:00:00Z,2025-08-11T23:59:59Z,86396,86396,0,1.0,0.999970913,1.000049536,0.002835228,0,0,2,2,1e-06,4.633196,30.69847,7.982697e-10,0.004632967,0.03069695,False,0.028485,False
2025-08-12,RS01SLBS-MJ01A-12-VEL3DB101,3,True,2025-08-12T00:00:00Z,2025-08-12T23:59:59Z,86396,86396,0,1.0,0.999982834,1.000049758,-0.001923841,0,0,2,2,0.0,5.409331,34.946937,6.57541e-11,0.005409062,0.0349452,False,0.030512,False
2025-08-13,RS01SLBS-MJ01A-12-VEL3DB101,3,True,2025-08-13T00:00:00Z,2025-08-13T23:59:59Z,86395,86395,0,1.0,0.999967098,1.000049631,0.001591918,0,0,1,1,-1e-06,6.279455,31.134012,-7.647035e-10,0.006279143,0.03113247,False,0.031186,False
2025-08-14,RS01SLBS-MJ01A-12-VEL3DB101,3,True,2025-08-14T00:00:00Z,2025-08-14T23:59:59Z,86396,86396,0,1.0,0.999958038,1.000049515,-0.001939825,0,0,1,1,-1e-06,6.881756,30.829031,-7.003576e-10,0.006881415,0.0308275,False,0.03062,False
2025-08-15,RS01SLBS-MJ01A-12-VEL3DB101,3,True,2025-08-15T00:00:00Z,2025-08-15T23:59:59Z,86396,86396,0,1.0,0.9999547,1.000049409,0.006460848,0,0,0,0,-0.0,5.609175,32.361549,-1.711154e-10,0.005608898,0.03235995,False,0.024898,False
2025-08-16,RS01SLBS-MJ01A-12-VEL3DB101,3,True,2025-08-16T00:00:00Z,2025-08-16T23:59:59Z,86395,86395,0,1.0,0.999952316,1.000049122,0.005891368,0,0,0,0,-0.0,7.881806,18.441138,-3.269691e-10,0.007881419,0.01844023,False,0.011819,False
2025-08-17,RS01SLBS-MJ01A-12-VEL3DB101,3,True,2025-08-17T00:00:00Z,2025-08-17T23:59:59Z,86396,86396,0,1.0,0.999967098,1.000049449,0.003073238,0,0,0,0,-0.0,5.347571,32.90168,-1.027335e-10,0.005347306,0.03290005,False,0.029174,False
2025-08-18,RS01SLBS-MJ01A-12-VEL3DB101,3,True,2025-08-18T00:00:00Z,2025-08-18T23:59:59Z,86396,86396,0,1.0,0.999987602,1.000049695,0.00358641,0,0,2,2,0.0,7.084637,30.546756,3.022107e-10,0.007084284,0.03054524,False,0.025105,False
2025-08-19,RS01SLBS-MJ01A-12-VEL3DB101,3,True,2025-08-19T00:00:00Z,2025-08-19T23:59:59Z,86396,86396,0,1.0,0.999977112,1.00004957,0.003429445,0,0,0,0,-0.0,6.77003,41.997639,-9.377291e-11,0.006769694,0.04199556,False,0.028781,False
2025-08-20,RS01SLBS-MJ01A-12-VEL3DB101,3,True,2025-08-20T00:00:00Z,2025-08-20T23:59:59Z,86395,86395,0,1.0,1.000003815,1.000049933,0.011810594,0,0,0,0,-0.0,5.848824,15.659833,-3.391729e-10,0.005848532,0.01565905,False,0.011458,False
2025-08-21,RS01SLBS-MJ01A-12-VEL3DB101,3,True,2025-08-21T00:00:00Z,2025-08-21T23:59:59Z,86396,86396,0,1.0,0.999988079,1.000049708,-0.00638763,0,0,0,0,-0.0,5.77847,19.937062,-1.019818e-10,0.005778183,0.01993607,False,0.008033,False
2025-08-22,RS01SLBS-MJ01A-12-VEL3DB101,3,True,2025-08-22T00:00:00Z,2025-08-22T23:59:59Z,86396,86396,0,1.0,0.999958992,1.000049608,-0.000911801,0,0,0,0,-0.0,8.496974,54.815587,-9.710209e-11,0.008496552,0.05481287,False,0.05274,False
2025-08-23,RS01SLBS-MJ01A-12-VEL3DB101,3,True,2025-08-23T00:00:00Z,2025-08-23T23:59:59Z,86395,86395,0,1.0,1.0,1.000049944,-0.00749059,0,0,1,1,0.0,4.872986,27.021832,2.106798e-10,0.004872743,0.02702048,False,0.029339,False
2025-08-24,RS01SLBS-MJ01A-12-VEL3DB101,3,True,2025-08-24T00:00:00Z,2025-08-24T23:59:59Z,86396,86396,0,1.0,0.999994278,1.000049774,-0.011394719,0,0,0,0,-0.0,5.528879,30.208414,-9.212633e-11,0.005528604,0.03020691,False,0.028427,False
2025-08-25,RS01SLBS-MJ01A-12-VEL3DB101,3,True,2025-08-25T00:00:00Z,2025-08-25T23:59:59Z,86396,86396,0,1.0,0.999994278,1.000049844,0.006690051,0,0,0,0,-0.0,3.867907,29.016168,-1.064369e-10,0.003867714,0.02901472,False,0.027455,False
2025-08-26,RS01SLBS-MJ01A-12-VEL3DB101,3,True,2025-08-26T00:00:00Z,2025-08-26T23:59:59Z,86396,86396,0,1.0,0.999948025,1.000049463,-0.004154057,0,0,0,0,-0.0,4.962207,32.256892,-1.418008e-10,0.004961961,0.0322553,False,0.028141,False
2025-08-27,RS01SLBS-MJ01A-12-VEL3DB101,3,True,2025-08-27T00:00:00Z,2025-08-27T23:59:59Z,86395,86395,0,1.0,0.999968052,1.000049509,0.002662962,0,0,1,1,-0.0,11.05381,85.350299,-1.312145e-10,0.01105326,0.08534607,False,0.090251,False
2025-08-28,RS01SLBS-MJ01A-12-VEL3DB101,3,True,2025-08-28T00:00:00Z,2025-08-28T23:59:59Z,86396,86396,0,1.0,0.999960899,1.000049444,-0.006365106,0,0,1,1,0.0,5.589319,32.107939,4.880587e-10,0.005589042,0.03210635,False,0.029091,False
2025-08-29,RS01SLBS-MJ01A-12-VEL3DB101,3,True,2025-08-29T00:00:00Z,2025-08-29T23:59:59Z,86396,86396,0,1.0,0.999965191,1.000049485,-0.005542176,0,0,0,0,-0.0,3.988437,27.594513,-1.231384e-10,0.00398824,0.02759315,False,0.028973,False
2025-08-30,RS01SLBS-MJ01A-12-VEL3DB101,3,True,2025-08-30T00:00:00Z,2025-08-30T23:59:59Z,86395,86395,0,1.0,0.999966145,1.000049484,-0.00150798,0,0,0,0,-0.0,7.130601,32.794066,-3.479424e-10,0.007130248,0.03279244,False,0.032328,False
2025-08-31,RS01SLBS-MJ01A-12-VEL3DB101,3,True,2025-08-31T00:00:00Z,2025-08-31T23:59:59Z,86396,86396,0,1.0,0.999961853,1.000049459,0.00275716,0,0,0,0,-0.0,4.91192,21.55118,-1.226322e-10,0.004911678,0.02155011,False,0.013633,False
2025-09-01,RS01SLBS-MJ01A-12-VEL3DB101,3,True,2025-09-01T00:00:00Z,2025-09-01T23:59:59Z,86396,86396,0,1.0,0.999969006,1.000049425,0.011192848,0,0,0,0,-0.0,5.209191,44.16213,-1.302594e-10,0.005208933,0.04415995,False,0.046393,False
2025-09-02,RS01SLBS-MJ01A-12-VEL3DB101,3,True,2025-09-02T00:00:00Z,2025-09-02T23:59:59Z,86396,86396,0,1.0,0.99997282,1.00004966,0.009570144,0,0,1,1,0.0,4.691889,12.513024,1.940279e-10,0.004691656,0.0125124,False,0.012796,False
2025-09-03,RS01SLBS-MJ01A-12-VEL3DB101,3,True,2025-09-03T00:00:00Z,2025-09-03T23:59:59Z,86395,86395,0,1.0,0.999971867,1.00004973,0.000281249,0,0,0,0,-0.0,4.707805,22.828435,-3.165132e-10,0.004707571,0.0228273,False,0.026321,False
2025-09-04,RS01SLBS-MJ01A-12-VEL3DB101,3,True,2025-09-04T00:00:00Z,2025-09-04T23:59:59Z,86396,86396,0,1.0,0.999991417,1.000049929,-9.5388e-05,0,0,1,1,0.0,6.16297,36.952251,2.515572e-10,0.006162662,0.03695041,False,0.034085,False
2025-09-05,RS01SLBS-MJ01A-12-VEL3DB101,3,True,2025-09-05T00:00:00Z,2025-09-05T23:59:59Z,86396,86396,0,1.0,0.999998093,1.000049957,-0.007532486,0,0,0,0,-0.0,6.935633,16.546476,-1.251661e-10,0.006935286,0.01654565,False,0.008439,False
2025-09-06,RS01SLBS-MJ01A-12-VEL3DB101,3,True,2025-09-06T00:00:00Z,2025-09-06T23:59:59Z,86395,86395,0,1.0,1.00001812,1.000050099,-0.013464537,0,0,1,1,-0.0,8.536457,25.449668,-1.157877e-10,0.008536029,0.02544839,False,0.030343,False
2025-09-07,RS01SLBS-MJ01A-12-VEL3DB101,3,True,2025-09-07T00:00:00Z,2025-09-07T23:59:59Z,86396,86396,0,1.0,1.000023842,1.000050134,-0.00640682,0,0,1,1,-0.0,6.113436,17.582254,-2.838839e-10,0.00611313,0.01758137,False,0.008065,False
2025-09-08,RS01SLBS-MJ01A-12-VEL3DB101,3,True,2025-09-08T00:00:00Z,2025-09-08T23:59:59Z,86396,86396,0,1.0,1.000005245,1.000049851,0.003826708,0,0,1,1,-0.0,5.419794,28.12595,-1.426697e-10,0.005419523,0.02812455,False,0.029839,False
2025-09-09,RS01SLBS-MJ01A-12-VEL3DB101,3,True,2025-09-09T00:00:00Z,2025-09-09T23:59:59Z,86395,86395,0,1.0,1.000012875,1.000049763,0.004057602,0,0,0,0,-0.0,7.167126,50.01603,-2.989392e-10,0.007166769,0.05001354,False,0.045288,False
2025-09-10,RS01SLBS-MJ01A-12-VEL3DB101,3,True,2025-09-10T00:00:00Z,2025-09-10T23:59:59Z,86396,86396,0,1.0,1.000002861,1.000049725,0.004763278,0,0,2,2,0.0,5.769027,32.824772,4.469134e-11,0.00576874,0.03282314,False,0.0273,False
2025-09-11,RS01SLBS-MJ01A-12-VEL3DB101,3,True,2025-09-11T00:00:00Z,2025-09-11T23:59:59Z,86396,86396,0,1.0,1.000023365,1.000050258,-0.001018718,0,0,1,1,-1e-06,4.219977,34.147591,-7.817969e-10,0.004219765,0.03414587,False,0.028817,False
2025-09-12,RS01SLBS-MJ01A-12-VEL3DB101,3,True,2025-09-12T00:00:00Z,2025-09-12T23:59:59Z,86395,86395,0,1.0,0.999991894,1.000049746,0.018878204,0,0,0,0,-0.0,6.471118,27.002497,-2.997681e-10,0.006470796,0.02700115,False,0.028811,False
2025-09-13,RS01SLBS-MJ01A-12-VEL3DB101,3,True,2025-09-13T00:00:00Z,2025-09-13T23:59:59Z,86396,86396,0,1.0,0.999977112,1.000049701,-0.000275836,0,0,3,3,-1e-06,5.891342,34.217561,-8.027567e-10,0.005891049,0.03421586,False,0.029131,False
2025-09-14,RS01SLBS-MJ01A-12-VEL3DB101,3,True,2025-09-14T00:00:00Z,2025-09-14T23:59:59Z,86396,86396,0,1.0,0.99998045,1.00004945,0.004717287,0,0,1,1,-0.0,6.484733,15.128937,-3.649037e-10,0.006484413,0.01512819,False,0.011218,False
2025-09-15,RS01SLBS-MJ01A-12-VEL3DB101,3,True,2025-09-15T00:00:00Z,2025-09-15T23:59:59Z,86396,86396,0,1.0,0.99996376,1.000049579,0.007038958,0,0,1,1,-0.0,7.169183,45.635653,-3.941706e-11,0.007168828,0.04563339,False,0.039056,False
2025-09-16,RS01SLBS-MJ01A-12-VEL3DB101,3,True,2025-09-16T00:00:00Z,2025-09-16T23:59:59Z,86395,86395,0,1.0,1.000017643,1.000050083,0.006512079,0,0,0,0,-0.0,4.132491,14.108502,-3.482268e-10,0.004132284,0.01410779,False,0.012669,False
2025-09-17,RS01SLBS-MJ01A-12-VEL3DB101,3,True,2025-09-17T00:00:00Z,2025-09-17T23:59:59Z,86396,86396,0,1.0,1.000021935,1.000050225,0.003349498,0,0,2,2,-0.0,5.028669,30.491317,-3.619349e-10,0.005028417,0.03048979,False,0.030619,False
2025-09-18,RS01SLBS-MJ01A-12-VEL3DB101,3,True,2025-09-18T00:00:00Z,2025-09-18T23:59:59Z,86396,86396,0,1.0,1.00000906,1.000050095,0.003746731,0,0,0,0,-0.0,5.136502,29.830095,-1.310547e-10,0.005136245,0.0298286,False,0.029986,False
2025-09-19,RS01SLBS-MJ01A-12-VEL3DB101,3,True,2025-09-19T00:00:00Z,2025-09-19T23:59:59Z,86395,86395,0,1.0,1.000017643,1.000050173,0.001932262,0,0,3,3,-1e-06,4.723054,27.868291,-5.27012e-10,0.004722817,0.02786689,False,0.022875,False
2025-09-20,RS01SLBS-MJ01A-12-VEL3DB101,3,True,2025-09-20T00:00:00Z,2025-09-20T23:59:59Z,86396,86396,0,1.0,0.999995708,1.000049998,-0.005094846,0,0,0,0,-0.0,4.492455,29.108559,-1.122485e-10,0.004492231,0.0291071,False,0.029553,False
2025-09-21,RS01SLBS-MJ01A-12-VEL3DB101,3,True,2025-09-21T00:00:00Z,2025-09-21T23:59:59Z,86396,86396,0,1.0,0.999985218,1.000049847,-0.002270519,0,0,1,1,0.0,4.081312,26.100844,9.044013e-11,0.004081109,0.02609954,False,0.031017,False
2025-09-22,RS01SLBS-MJ01A-12-VEL3DB101,3,True,2025-09-22T00:00:00Z,2025-09-22T23:59:59Z,86395,86395,0,1.0,0.999961853,1.00004967,-0.002659699,0,0,1,1,-1e-06,9.550448,85.15084,-7.036662e-10,0.009549973,0.08514661,False,0.090055,False
2025-09-23,RS01SLBS-MJ01A-12-VEL3DB101,3,True,2025-09-23T00:00:00Z,2025-09-23T23:59:59Z,86396,86396,0,1.0,1.000003815,1.000049983,0.004757408,0,0,0,0,-0.0,4.803279,31.121606,-1.402291e-10,0.004803039,0.03112005,False,0.028646,False
2025-09-24,RS01SLBS-MJ01A-12-VEL3DB101,3,True,2025-09-24T00:00:00Z,2025-09-24T23:59:59Z,86396,86396,0,1.0,1.00002718,1.000050204,0.011550142,0,0,0,0,-0.0,5.922984,23.794375,-1.852164e-10,0.005922687,0.02379318,False,0.030856,False
2025-09-25,RS01SLBS-MJ01A-12-VEL3DB101,3,True,2025-09-25T00:00:00Z,2025-09-25T23:59:59Z,86395,86395,0,1.0,0.999998093,1.000049709,0.008470983,0,0,1,1,1e-06,10.035234,83.384252,7.822344e-10,0.01003474,0.08338011,False,0.080596,False
2025-09-26,RS01SLBS-MJ01A-12-VEL3DB101,3,True,2025-09-26T00:00:00Z,2025-09-26T23:59:59Z,86396,86396,0,1.0,0.999978065,1.000049683,-5.4905e-05,0,0,0,0,-0.0,4.434105,30.231183,-1.724639e-10,0.004433885,0.03022968,False,0.029154,False
2025-09-27,RS01SLBS-MJ01A-12-VEL3DB101,3,True,2025-09-27T00:00:00Z,2025-09-27T23:59:59Z,86396,86396,0,1.0,0.999973297,1.000049626,-0.002360089,0,0,0,0,-0.0,6.625963,16.356531,-9.210944e-11,0.006625634,0.01635572,False,0.009201,False
2025-09-28,RS01SLBS-MJ01A-12-VEL3DB101,3,True,2025-09-28T00:00:00Z,2025-09-28T23:59:59Z,86395,86395,0,1.0,1.000005722,1.000049912,-0.000530564,0,0,0,0,-0.0,6.173754,24.967964,-3.766414e-10,0.006173446,0.02496672,False,0.02708,False
2025-09-29,RS01SLBS-MJ01A-12-VEL3DB101,3,True,2025-09-29T00:00:00Z,2025-09-29T23:59:59Z,86396,86396,0,1.0,0.999985218,1.000049909,0.001630423,0,0,1,1,-0.0,8.413162,89.317241,-8.939956e-11,0.008412742,0.08931278,False,0.088693,False
2025-09-30,RS01SLBS-MJ01A-12-VEL3DB101,3,True,2025-09-30T00:00:00Z,2025-09-30T23:59:59Z,86396,86396,0,1.0,0.999973774,1.000049794,-0.004493365,0,0,0,0,-0.0,3.792969,11.510226,-1.333082e-10,0.00379278,0.01150965,False,0.013477,False
2025-10-01,RS01SLBS-MJ01A-12-VEL3DB101,3,True,2025-10-01T00:00:00Z,2025-10-01T23:59:59Z,86396,86396,0,1.0,0.999994278,1.000050052,-0.005607046,0,0,1,1,0.0,10.871565,21.11796,3.400298e-10,0.01087102,0.0211169,False,0.008942,False
2025-10-02,RS01SLBS-MJ01A-12-VEL3DB101,3,True,2025-10-02T00:00:00Z,2025-10-02T23:59:59Z,86395,86395,0,1.0,0.99998188,1.000049884,-0.002337773,0,0,0,0,-0.0,7.249812,45.596026,-3.650445e-10,0.007249451,0.04559375,False,0.045091,False
2025-10-03,RS01SLBS-MJ01A-12-VEL3DB101,3,True,2025-10-03T00:00:00Z,2025-10-03T23:59:59Z,86396,86396,0,1.0,0.99997282,1.000049661,-0.004227972,0,0,0,0,-0.0,6.348306,33.799268,-1.191208e-10,0.00634799,0.03379759,False,0.032764,False
2025-10-04,RS01SLBS-MJ01A-12-VEL3DB101,3,True,2025-10-04T00:00:00Z,2025-10-04T23:59:59Z,86396,86396,0,1.0,1.00001812,1.000050127,-0.003216602,0,0,0,0,-0.0,5.518704,25.442669,-7.531787e-11,0.005518428,0.02544139,False,0.025417,False
2025-10-05,RS01SLBS-MJ01A-12-VEL3DB101,3,True,2025-10-05T00:00:00Z,2025-10-05T23:59:59Z,86395,86395,0,1.0,1.000000954,1.000049982,0.00363104,0,0,0,0,-0.0,6.641157,30.387131,-3.195469e-10,0.006640825,0.03038561,False,0.027681,False
2025-10-06,RS01SLBS-MJ01A-12-VEL3DB101,3,True,2025-10-06T00:00:00Z,2025-10-06T23:59:59Z,86396,86396,0,1.0,0.999998093,1.000050006,0.001465838,0,0,0,0,-0.0,5.107019,33.300657,-1.111155e-10,0.005106764,0.03329899,False,0.026654,False
2025-10-07,RS01SLBS-MJ01A-12-VEL3DB101,3,True,2025-10-07T00:00:00Z,2025-10-07T23:59:59Z,86396,86396,0,1.0,1.000014782,1.000050241,0.003055362,0,0,0,0,-0.0,5.524905,29.515914,-1.094353e-10,0.005524627,0.02951443,False,0.030086,False
2025-10-08,RS01SLBS-MJ01A-12-VEL3DB101,3,True,2025-10-08T00:00:00Z,2025-10-08T23:59:59Z,86395,86395,0,1.0,1.000026703,1.000050235,0.00179103,0,0,1,1,-1e-06,6.5371,35.266741,-1.090966e-09,0.006536772,0.03526497,False,0.033244,False
2025-10-09,RS01SLBS-MJ01A-12-VEL3DB101,3,True,2025-10-09T00:00:00Z,2025-10-09T23:59:59Z,86396,86396,0,1.0,1.000030994,1.000050131,0.019092501,0,0,0,0,-0.0,6.89502,31.16696,-1.277354e-10,0.006894674,0.0311654,False,0.029151,False
2025-10-10,RS01SLBS-MJ01A-12-VEL3DB101,3,True,2025-10-10T00:00:00Z,2025-10-10T23:59:59Z,86396,86396,0,1.0,1.000003815,1.000049813,0.01434051,0,0,0,0,-0.0,8.743439,45.025263,-1.256276e-10,0.008743004,0.04502302,False,0.045688,False
2025-10-11,RS01SLBS-MJ01A-12-VEL3DB101,3,True,2025-10-11T00:00:00Z,2025-10-11T23:59:59Z,86395,86395,0,1.0,1.000021935,1.000050043,0.01795593,0,0,0,0,-0.0,9.069356,35.027141,-3.363658e-10,0.009068902,0.03502539,False,0.0298,False
2025-10-12,RS01SLBS-MJ01A-12-VEL3DB101,3,True,2025-10-12T00:00:00Z,2025-10-12T23:59:59Z,86396,86396,0,1.0,1.000007153,1.000050148,0.005118669,0,0,1,1,0.0,7.71374,32.266788,5.116709e-12,0.007713353,0.03226517,False,0.02939,False
2025-10-13,RS01SLBS-MJ01A-12-VEL3DB101,3,True,2025-10-13T00:00:00Z,2025-10-13T23:59:59Z,86396,86396,0,1.0,1.000017643,1.000050266,0.004363085,0,0,1,1,-1e-06,5.873135,33.46167,-7.642815e-10,0.00587284,0.03345999,False,0.033342,False
2025-10-14,RS01SLBS-MJ01A-12-VEL3DB101,3,True,2025-10-14T00:00:00Z,2025-10-14T23:59:59Z,86395,86395,0,1.0,0.999989986,1.000049788,0.00979707,0,0,1,1,-0.0,5.900173,31.837396,-1.082778e-10,0.00589988,0.03183581,False,0.029332,False
2025-10-15,RS01SLBS-MJ01A-12-VEL3DB101,3,True,2025-10-15T00:00:00Z,2025-10-15T23:59:59Z,86396,86396,0,1.0,0.999979973,1.000049751,0.002884912,0,0,2,2,-1e-06,6.886108,30.736381,-6.301671e-10,0.006885765,0.03073485,False,0.028961,False
2025-10-16,RS01SLBS-MJ01A-12-VEL3DB101,3,True,2025-10-16T00:00:00Z,2025-10-16T23:59:59Z,86396,86396,0,1.0,1.000010014,1.000050122,0.006783124,0,0,0,0,-0.0,4.748495,27.004917,-1.202912e-10,0.004748257,0.02700356,False,0.027969,False
2025-10-17,RS01SLBS-MJ01A-12-VEL3DB101,3,True,2025-10-17T00:00:00Z,2025-10-17T23:59:59Z,86395,86395,0,1.0,1.000026226,1.000050246,-0.006947675,0,0,0,0,-0.0,5.388544,26.67683,-3.402665e-10,0.005388273,0.02667549,False,0.030306,False
2025-10-18,RS01SLBS-MJ01A-12-VEL3DB101,3,True,2025-10-18T00:00:00Z,2025-10-18T23:59:59Z,86396,86396,0,1.0,1.00000906,1.000050114,-0.001693148,0,0,0,0,-0.0,7.066825,32.478374,-1.294533e-10,0.007066471,0.03247675,False,0.030536,False
2025-10-19,RS01SLBS-MJ01A-12-VEL3DB101,3,True,2025-10-19T00:00:00Z,2025-10-19T23:59:59Z,86396,86396,0,1.0,1.000023842,1.000050081,0.007645365,0,0,1,1,-0.0,5.217349,25.559253,-4.109586e-10,0.005217088,0.02555797,False,0.028316,False
2025-10-20,RS01SLBS-MJ01A-12-VEL3DB101,3,True,2025-10-20T00:00:00Z,2025-10-20T23:59:59Z,86395,86395,0,1.0,1.000011921,1.000049903,0.0078289,0,0,1,1,-0.0,7.87156,34.049273,-1.815711e-10,0.007871167,0.03404757,False,0.028656,False
2025-10-21,RS01SLBS-MJ01A-12-VEL3DB101,3,True,2025-10-21T00:00:00Z,2025-10-21T23:59:59Z,86396,86396,0,1.0,1.000013828,1.000050082,-0.007304601,0,0,0,0,-0.0,5.843682,27.584255,-9.130623e-11,0.005843389,0.02758287,False,0.032576,False
2025-10-22,RS01SLBS-MJ01A-12-VEL3DB101,3,True,2025-10-22T00:00:00Z,2025-10-22T23:59:59Z,86396,86396,0,1.0,1.000020981,1.00005007,0.010623283,0,0,1,1,0.0,9.694462,90.263139,1.747197e-10,0.009693977,0.09025862,False,0.090303,False
2025-10-23,RS01SLBS-MJ01A-12-VEL3DB101,3,True,2025-10-23T00:00:00Z,2025-10-23T23:59:59Z,86395,86395,0,1.0,0.999999046,1.000049594,0.017411327,0,0,1,1,0.0,7.639377,27.907664,1.455237e-10,0.007638998,0.02790628,False,0.029175,False
2025-10-24,RS01SLBS-MJ01A-12-VEL3DB101,3,True,2025-10-24T00:00:00Z,2025-10-24T23:59:59Z,86396,86396,0,1.0,0.999996662,1.000049931,0.006348656,0,0,0,0,-0.0,5.056425,13.184018,-9.950396e-11,0.005056172,0.01318336,False,0.013201,False
2025-10-25,RS01SLBS-MJ01A-12-VEL3DB101,3,True,2025-10-25T00:00:00Z,2025-10-25T23:59:59Z,86396,86396,0,1.0,1.000002861,1.000050058,-0.007423231,0,0,0,0,-0.0,6.602077,45.074808,-9.708688e-11,0.006601746,0.04507255,False,0.043818,False
2025-10-26,RS01SLBS-MJ01A-12-VEL3DB101,3,True,2025-10-26T00:00:00Z,2025-10-26T23:59:59Z,86395,86395,0,1.0,1.000010014,1.000050091,-0.00261885,0,0,1,1,1e-06,7.838576,35.387654,5.790982e-10,0.007838183,0.03538588,False,0.029992,False
2025-10-27,RS01SLBS-MJ01A-12-VEL3DB101,3,True,2025-10-27T00:00:00Z,2025-10-27T23:59:59Z,86396,86396,0,1.0,1.000007629,1.000050067,-0.00179499,0,0,1,1,-0.0,7.536418,32.165382,-1.436589e-10,0.007536041,0.03216377,False,0.031194,False
2025-10-28,RS01SLBS-MJ01A-12-VEL3DB101,3,True,2025-10-28T00:00:00Z,2025-10-28T23:59:59Z,86396,86396,0,1.0,1.000045776,1.000050495,-0.019266737,0,0,0,0,-0.0,9.954754,23.559403,-1.143485e-10,0.009954251,0.02355821,False,0.027665,False
2025-10-29,RS01SLBS-MJ01A-12-VEL3DB101,3,True,2025-10-29T00:00:00Z,2025-10-29T23:59:59Z,86395,86395,0,1.0,1.000021935,1.000050178,-0.005154449,0,0,0,0,-0.0,5.979981,32.741518,-2.953397e-10,0.005979681,0.03273987,False,0.029461,False
2025-10-30,RS01SLBS-MJ01A-12-VEL3DB101,3,True,2025-10-30T00:00:00Z,2025-10-30T23:59:59Z,86365,86396,31,1.0,1.000016689,1.000050042,0.000516053,3,31,3,33,0.0,8.676538,34.174539,2.010578e-10,0.008676103,0.03417283,False,0.029565,True
2025-10-31,RS01SLBS-MJ01A-12-VEL3DB101,3,True,2025-10-31T00:00:00Z,2025-10-31T23:59:59Z,85785,86396,611,1.0,0.999898911,1.000049946,0.002509393,1,611,1,611,0.0,5.300322,24.4635,2.469162e-10,0.005300057,0.02446228,False,0.091696,True
2025-11-01,RS01SLBS-MJ01A-12-VEL3DB101,3,True,2025-11-01T00:00:00Z,2025-11-01T23:59:59Z,86395,86395,0,1.0,0.999894619,1.000050086,-0.004611719,0,0,2,2,-0.0,5.165897,27.971133,-6.101384e-11,0.005165639,0.02796973,False,0.027609,False
2025-11-02,RS01SLBS-MJ01A-12-VEL3DB101,3,True,2025-11-02T00:00:00Z,2025-11-02T23:59:59Z,86396,86396,0,1.0,0.999902248,1.000049987,0.003516628,0,0,0,0,-0.0,4.5764,13.463619,-1.695517e-10,0.004576171,0.01346295,False,0.013268,False
2025-11-03,RS01SLBS-MJ01A-12-VEL3DB101,3,True,2025-11-03T00:00:00Z,2025-11-03T23:59:59Z,86295,86396,101,1.0,0.999882221,1.000049899,0.002289814,1,101,1,101,1e-06,3.884576,25.855372,5.023118e-10,0.003884382,0.02585408,False,0.031228,True
2025-11-04,RS01SLBS-MJ01A-12-VEL3DB101,3,True,2025-11-04T00:00:00Z,2025-11-04T23:59:59Z,85943,86395,452,1.0,0.999908924,1.000049858,-0.000320283,3,452,3,452,1e-06,8.202709,84.917108,7.686157e-10,0.0082023,0.08491287,False,0.0839,True
2025-11-05,RS01SLBS-MJ01A-12-VEL3DB101,3,True,2025-11-05T00:00:00Z,2025-11-05T23:59:59Z,86396,86396,0,1.0,0.999925137,1.000049967,0.002330223,0,0,0,0,-0.0,5.974274,14.635864,-1.40917e-10,0.005973975,0.01463513,False,0.009487,False
2025-11-06,RS01SLBS-MJ01A-12-VEL3DB101,3,True,2025-11-06T00:00:00Z,2025-11-06T23:59:59Z,86396,86396,0,1.0,0.999904156,1.000049934,0.00574712,0,0,1,1,-1e-06,4.410973,27.318166,-6.05907e-10,0.004410753,0.0273168,False,0.027095,False
2025-11-07,RS01SLBS-MJ01A-12-VEL3DB101,3,True,2025-11-07T00:00:00Z,2025-11-07T23:59:59Z,86396,86396,0,1.0,0.999914646,1.000050002,0.010688165,0,0,0,0,-0.0,4.742734,16.736641,-1.120503e-10,0.004742497,0.0167358,False,0.008234,False
2025-11-08,RS01SLBS-MJ01A-12-VEL3DB101,3,True,2025-11-08T00:00:00Z,2025-11-08T23:59:59Z,86395,86395,0,1.0,0.999910831,1.000049916,0.003257093,0,0,0,0,-0.0,4.114052,12.554557,-2.87997e-10,0.004113847,0.01255393,False,0.008466,False
2025-11-09,RS01SLBS-MJ01A-12-VEL3DB101,3,True,2025-11-09T00:00:00Z,2025-11-09T23:59:59Z,86396,86396,0,1.0,0.999915123,1.000049824,0.00726715,0,0,0,0,-0.0,9.225015,85.717086,-1.356574e-10,0.009224555,0.08571282,False,0.083379,False
2025-11-10,RS01SLBS-MJ01A-12-VEL3DB101,3,True,2025-11-10T00:00:00Z,2025-11-10T23:59:59Z,86396,86396,0,1.0,0.999909878,1.000049845,0.005687768,0,0,0,0,-0.0,3.424406,28.305508,-1.927967e-10,0.003424235,0.0283041,False,0.029927,False
2025-11-11,RS01SLBS-MJ01A-12-VEL3DB101,3,True,2025-11-11T00:00:00Z,2025-11-11T23:59:59Z,86395,86395,0,1.0,0.999922276,1.000049878,-0.001700395,0,0,1,1,0.0,4.18121,27.740277,1.87747e-10,0.004181002,0.02773889,False,0.026898,False
2025-11-12,RS01SLBS-MJ01A-12-VEL3DB101,3,True,2025-11-12T00:00:00Z,2025-11-12T23:59:59Z,86396,86396,0,1.0,0.99990797,1.000049884,-0.002271472,0,0,0,0,-0.0,3.538019,26.426993,-8.521423e-11,0.003537843,0.02642567,False,0.028462,False
2025-11-13,RS01SLBS-MJ01A-12-VEL3DB101,3,True,2025-11-13T00:00:00Z,2025-11-13T23:59:59Z,86396,86396,0,1.0,0.999907017,1.00004987,-0.003541081,0,0,0,0,-0.0,7.805301,86.711851,-1.033e-10,0.007804912,0.08670753,False,0.090195,False
2025-11-14,RS01SLBS-MJ01A-12-VEL3DB101,3,True,2025-11-14T00:00:00Z,2025-11-14T23:59:59Z,86395,86395,0,1.0,0.999907017,1.000050028,-0.004315799,0,0,0,0,-0.0,5.296681,32.682549,-3.311845e-10,0.005296416,0.03268091,False,0.028387,False
2025-11-15,RS01SLBS-MJ01A-12-VEL3DB101,3,True,2025-11-15T00:00:00Z,2025-11-15T23:59:59Z,86396,86396,0,1.0,0.999915123,1.000049939,-0.000686878,0,0,1,1,-0.0,4.666868,30.515642,-8.67143e-11,0.004666635,0.03051412,False,0.02972,False
2025-11-16,RS01SLBS-MJ01A-12-VEL3DB101,3,True,2025-11-16T00:00:00Z,2025-11-16T23:59:59Z,86396,86396,0,1.0,0.999913216,1.000049763,0.005033592,0,0,1,1,1e-06,4.293916,30.418923,5.671688e-10,0.004293703,0.03041741,False,0.028009,False
2025-11-17,RS01SLBS-MJ01A-12-VEL3DB101,3,True,2025-11-17T00:00:00Z,2025-11-17T23:59:59Z,86395,86395,0,1.0,0.999889851,1.000049834,0.003073719,0,0,1,1,0.0,4.037621,25.356178,1.084159e-10,0.00403742,0.02535491,False,0.025067,False
2025-11-18,RS01SLBS-MJ01A-12-VEL3DB101,3,True,2025-11-18T00:00:00Z,2025-11-18T23:59:59Z,86396,86396,0,1.0,0.999906063,1.000049858,0.000547487,0,0,0,0,-0.0,4.875182,14.687082,-1.377433e-10,0.004874939,0.01468635,False,0.007975,False
2025-11-19,RS01SLBS-MJ01A-12-VEL3DB101,3,True,2025-11-19T00:00:00Z,2025-11-19T23:59:59Z,86396,86396,0,1.0,0.999920845,1.00004992,-0.00171963,0,0,1,1,-0.0,4.097009,11.150096,-3.521334e-11,0.004096805,0.01114954,False,0.012337,False
2025-11-20,RS01SLBS-MJ01A-12-VEL3DB101,3,True,2025-11-20T00:00:00Z,2025-11-20T23:59:59Z,86395,86395,0,1.0,0.999912739,1.00005,-0.003039022,0,0,0,0,-0.0,4.765193,30.415325,-2.893835e-10,0.004764955,0.0304138,False,0.031237,False
2025-11-21,RS01SLBS-MJ01A-12-VEL3DB101,3,True,2025-11-21T00:00:00Z,2025-11-21T23:59:59Z,86396,86396,0,1.0,0.999914169,1.000050012,-0.002273344,0,0,0,0,-0.0,3.656099,11.438241,-1.445105e-10,0.003655916,0.01143767,False,0.011598,False
2025-11-22,RS01SLBS-MJ01A-12-VEL3DB101,3,True,2025-11-22T00:00:00Z,2025-11-22T23:59:59Z,86396,86396,0,1.0,0.999908924,1.000050017,-0.004038999,0,0,0,0,-0.0,3.718357,12.420022,-1.364564e-10,0.003718171,0.0124194,False,0.011172,False
2025-11-23,RS01SLBS-MJ01A-12-VEL3DB101,3,True,2025-11-23T00:00:00Z,2025-11-23T23:59:59Z,86395,86395,0,1.0,0.999904156,1.000050018,-0.004112381,0,0,0,0,-0.0,3.117072,10.131642,-3.487549e-10,0.003116916,0.01013114,False,0.00921,False
2025-11-24,RS01SLBS-MJ01A-12-VEL3DB101,3,True,2025-11-24T00:00:00Z,2025-11-24T23:59:59Z,86396,86396,0,1.0,0.999907017,1.000049911,-0.001094063,0,0,0,0,-0.0,5.962713,29.500126,-1.466426e-10,0.005962416,0.02949865,False,0.030981,False
2025-11-25,RS01SLBS-MJ01A-12-VEL3DB101,3,True,2025-11-25T00:00:00Z,2025-11-25T23:59:59Z,86396,86396,0,1.0,0.999898911,1.000050039,0.002908981,0,0,1,1,0.0,3.163247,10.589221,4.252849e-10,0.003163089,0.01058869,False,0.009259,False
2025-11-26,RS01SLBS-MJ01A-12-VEL3DB101,3,True,2025-11-26T00:00:00Z,2025-11-26T23:59:59Z,86396,86396,0,1.0,0.999905109,1.000049817,0.007912637,0,0,0,0,-0.0,4.839463,29.102764,-7.856767e-11,0.004839221,0.02910131,False,0.03008,False
2025-11-27,RS01SLBS-MJ01A-12-VEL3DB101,3,True,2025-11-27T00:00:00Z,2025-11-27T23:59:59Z,86395,86395,0,1.0,0.999907017,1.000050004,-0.000646286,0,0,2,2,0.0,3.208575,8.82503,1.038536e-10,0.003208415,0.008824589,False,0.008078,False
2025-11-28,RS01SLBS-MJ01A-12-VEL3DB101,3,True,2025-11-28T00:00:00Z,2025-11-28T23:59:59Z,86396,86396,0,1.0,0.999902725,1.000049979,0.00253981,0,0,0,0,-0.0,4.829959,38.761266,-1.295772e-10,0.004829717,0.03875933,False,0.045078,False
2025-11-29,RS01SLBS-MJ01A-12-VEL3DB101,3,True,2025-11-29T00:00:00Z,2025-11-29T23:59:59Z,86396,86396,0,1.0,0.999914169,1.000049966,-7.7195e-05,0,0,0,0,-0.0,3.498866,9.094749,-1.406925e-10,0.003498692,0.009094295,False,0.008336,False
2025-11-30,RS01SLBS-MJ01A-12-VEL3DB101,3,True,2025-11-30T00:00:00Z,2025-11-30T23:59:59Z,86395,86395,0,1.0,0.999897957,1.000049941,-0.00060109,0,0,0,0,-0.0,4.293698,29.292217,-3.417857e-10,0.004293483,0.02929075,False,0.028655,False
2025-12-01,RS01SLBS-MJ01A-12-VEL3DB101,3,True,2025-12-01T00:00:00Z,2025-12-01T23:59:59Z,86396,86396,0,1.0,0.99991703,1.000050048,-0.001438689,0,0,1,1,-1e-06,4.486901,28.375225,-5.586374e-10,0.004486676,0.02837381,False,0.030247,False
2025-12-02,RS01SLBS-MJ01A-12-VEL3DB101,3,True,2025-12-02T00:00:00Z,2025-12-02T23:59:59Z,86396,86396,0,1.0,0.999909878,1.000049981,-0.00168816,0,0,1,1,1e-06,3.417158,10.472365,5.101822e-10,0.003416987,0.01047184,False,0.00829,False
2025-12-03,RS01SLBS-MJ01A-12-VEL3DB101,3,True,2025-12-03T00:00:00Z,2025-12-03T23:59:59Z,86395,86395,0,1.0,0.999930859,1.000049961,0.007893726,0,0,0,0,-0.0,4.196252,27.36387,-3.46296e-10,0.004196042,0.0273625,False,0.027481,False
2025-12-04,RS01SLBS-MJ01A-12-VEL3DB101,3,True,2025-12-04T00:00:00Z,2025-12-04T23:59:59Z,86396,86396,0,1.0,0.999908924,1.00005001,-0.000512702,0,0,0,0,-0.0,4.75968,30.995933,-9.768538e-11,0.004759442,0.03099438,False,0.02846,False
2025-12-05,RS01SLBS-MJ01A-12-VEL3DB101,3,True,2025-12-05T00:00:00Z,2025-12-05T23:59:59Z,86396,86396,0,1.0,0.999928951,1.000049975,-0.003810807,0,0,0,0,-0.0,5.488803,29.623575,-1.218738e-10,0.005488529,0.0296221,False,0.034334,False
2025-12-06,RS01SLBS-MJ01A-12-VEL3DB101,3,True,2025-12-06T00:00:00Z,2025-12-06T23:59:59Z,86395,86395,0,1.0,0.99990797,1.000050077,0.003918858,0,0,0,0,-0.0,4.868091,14.770549,-3.742588e-10,0.004867847,0.01476981,False,0.008557,False
2025-12-07,RS01SLBS-MJ01A-12-VEL3DB101,3,True,2025-12-07T00:00:00Z,2025-12-07T23:59:59Z,86396,86396,0,1.0,0.99992609,1.000050058,0.000180397,0,0,0,0,-0.0,5.154913,35.459522,-1.123499e-10,0.005154655,0.03545775,False,0.02904,False
2025-12-08,RS01SLBS-MJ01A-12-VEL3DB101,3,True,2025-12-08T00:00:00Z,2025-12-08T23:59:59Z,86396,86396,0,1.0,0.999908924,1.00005017,0.006586703,0,0,0,0,-0.0,5.417898,29.666037,-1.394412e-10,0.005417626,0.02966455,False,0.028842,False
2025-12-09,RS01SLBS-MJ01A-12-VEL3DB101,3,True,2025-12-09T00:00:00Z,2025-12-09T23:59:59Z,86395,86395,0,1.0,0.999913216,1.000049993,-0.005099433,0,0,1,1,-0.0,6.510027,31.515012,-4.348421e-10,0.006509702,0.03151344,False,0.029149,False
2025-12-10,RS01SLBS-MJ01A-12-VEL3DB101,3,True,2025-12-10T00:00:00Z,2025-12-10T23:59:59Z,86396,86396,0,1.0,0.99992466,1.000050026,0.00211354,0,0,0,0,-0.0,5.799067,44.405132,-5.970954e-11,0.005798777,0.04440291,False,0.044853,False
2025-12-11,RS01SLBS-MJ01A-12-VEL3DB101,3,True,2025-12-11T00:00:00Z,2025-12-11T23:59:59Z,86396,86396,0,1.0,0.999923706,1.000049901,0.002563858,0,0,1,1,-0.0,4.987201,22.588766,-2.193849e-10,0.004986952,0.02258764,False,0.02987,False
2025-12-12,RS01SLBS-MJ01A-12-VEL3DB101,3,True,2025-12-12T00:00:00Z,2025-12-12T23:59:59Z,86395,86395,0,1.0,0.999920845,1.000049953,0.013103109,0,0,0,0,-0.0,7.031193,34.860589,-3.665203e-10,0.007030842,0.03485885,False,0.030012,False
2025-12-13,RS01SLBS-MJ01A-12-VEL3DB101,3,True,2025-12-13T00:00:00Z,2025-12-13T23:59:59Z,86396,86396,0,1.0,0.999918938,1.000050084,-0.001341986,0,0,0,0,-0.0,3.153352,10.161998,-1.944579e-10,0.003153194,0.01016149,False,0.010543,False
2025-12-14,RS01SLBS-MJ01A-12-VEL3DB101,3,True,2025-12-14T00:00:00Z,2025-12-14T23:59:59Z,86396,86396,0,1.0,0.99990797,1.000049708,0.009584986,0,0,0,0,-0.0,4.656128,32.238382,-1.840974e-10,0.004655896,0.03223678,False,0.030634,False
2025-12-15,RS01SLBS-MJ01A-12-VEL3DB101,3,True,2025-12-15T00:00:00Z,2025-12-15T23:59:59Z,86395,86395,0,1.0,0.999908924,1.000049636,-6.1377e-05,0,0,1,1,0.0,5.739332,30.154856,1.734651e-10,0.005739047,0.03015336,False,0.028872,False
2025-12-16,RS01SLBS-MJ01A-12-VEL3DB101,3,True,2025-12-16T00:00:00Z,2025-12-16T23:59:59Z,86396,86396,0,1.0,0.99991703,1.000049599,0.004518207,0,0,0,0,-0.0,9.236687,91.393032,-9.356838e-11,0.009236229,0.0913885,False,0.088668,False
2025-12-17,RS01SLBS-MJ01A-12-VEL3DB101,3,True,2025-12-17T00:00:00Z,2025-12-17T23:59:59Z,86396,86396,0,1.0,0.999915123,1.000049684,0.005262546,0,0,0,0,-0.0,4.110208,12.761718,-1.036857e-10,0.004110004,0.01276108,False,0.008726,False
2025-12-18,RS01SLBS-MJ01A-12-VEL3DB101,3,True,2025-12-18T00:00:00Z,2025-12-18T23:59:59Z,86396,86396,0,1.0,0.99993515,1.00004969,-0.001670168,0,0,0,0,-0.0,4.682382,24.985608,-1.486446e-10,0.004682149,0.02498437,False,0.027845,False
2025-12-19,RS01SLBS-MJ01A-12-VEL3DB101,3,True,2025-12-19T00:00:00Z,2025-12-19T23:59:59Z,86395,86395,0,1.0,0.999901772,1.000049639,0.007896388,0,0,0,0,-0.0,4.683783,24.688498,-3.094163e-10,0.00468355,0.02468727,False,0.02464,False
2025-12-20,RS01SLBS-MJ01A-12-VEL3DB101,3,True,2025-12-20T00:00:00Z,2025-12-20T23:59:59Z,86396,86396,0,1.0,0.999925613,1.000049622,0.00542841,0,0,0,0,-0.0,5.798449,30.298492,-1.624815e-10,0.005798162,0.03029699,False,0.030173,False
2025-12-21,RS01SLBS-MJ01A-12-VEL3DB101,3,True,2025-12-21T00:00:00Z,2025-12-21T23:59:59Z,86396,86396,0,1.0,0.999920845,1.000049615,-0.000220265,0,0,2,2,-0.0,5.96422,47.258491,-1.805804e-10,0.005963924,0.04725615,False,0.04644,False
2025-12-22,RS01SLBS-MJ01A-12-VEL3DB101,3,True,2025-12-22T00:00:00Z,2025-12-22T23:59:59Z,86395,86395,0,1.0,0.999919891,1.0000497,-0.002562521,0,0,0,0,-0.0,4.875408,42.514724,-3.590165e-10,0.004875166,0.04251261,False,0.044714,False
2025-12-23,RS01SLBS-MJ01A-12-VEL3DB101,3,True,2025-12-23T00:00:00Z,2025-12-23T23:59:59Z,86396,86396,0,1.0,0.999923229,1.00004964,0.006079521,0,0,0,0,-0.0,5.447962,27.611848,-1.243183e-10,0.005447691,0.02761048,False,0.028536,False
2025-12-24,RS01SLBS-MJ01A-12-VEL3DB101,3,True,2025-12-24T00:00:00Z,2025-12-24T23:59:59Z,86396,86396,0,1.0,0.999922276,1.000049621,0.005118096,0,0,0,0,-0.0,5.200793,27.92631,-1.735227e-10,0.005200535,0.02792492,False,0.028887,False
2025-12-25,RS01SLBS-MJ01A-12-VEL3DB101,3,True,2025-12-25T00:00:00Z,2025-12-25T23:59:59Z,86396,86396,0,1.0,0.999909878,1.000049618,0.000730062,0,0,0,0,-0.0,3.770678,11.158509,-1.116687e-10,0.003770491,0.01115796,False,0.011565,False
2025-12-26,RS01SLBS-MJ01A-12-VEL3DB101,3,True,2025-12-26T00:00:00Z,2025-12-26T23:59:59Z,86395,86395,0,1.0,0.99992609,1.000049459,0.001702555,0,0,0,0,-0.0,3.949471,10.991196,-3.132876e-10,0.003949275,0.01099065,False,0.00778,False
2025-12-27,RS01SLBS-MJ01A-12-VEL3DB101,3,True,2025-12-27T00:00:00Z,2025-12-27T23:59:59Z,86396,86396,0,1.0,0.99992609,1.000049577,0.000211112,0,0,0,0,-0.0,6.723685,24.787331,-1.145661e-10,0.006723352,0.0247861,False,0.029964,False
2025-12-28,RS01SLBS-MJ01A-12-VEL3DB101,3,True,2025-12-28T00:00:00Z,2025-12-28T23:59:59Z,86396,86396,0,1.0,0.999927044,1.000049522,-0.004512313,0,0,0,0,-0.0,3.891447,27.020941,-1.03219e-10,0.003891254,0.0270196,False,0.026328,False
2025-12-29,RS01SLBS-MJ01A-12-VEL3DB101,3,True,2025-12-29T00:00:00Z,2025-12-29T23:59:59Z,86395,86395,0,1.0,0.999903202,1.000049466,0.002507646,0,0,2,2,-0.0,5.643058,32.32323,-1.010979e-10,0.005642779,0.03232163,False,0.030721,False
2025-12-30,RS01SLBS-MJ01A-12-VEL3DB101,3,True,2025-12-30T00:00:00Z,2025-12-30T23:59:59Z,86396,86396,0,1.0,0.999924183,1.000049423,0.003844915,0,0,0,0,-0.0,4.678031,29.746851,-1.359337e-10,0.0046778,0.02974538,False,0.030126,False
2025-12-31,RS01SLBS-MJ01A-12-VEL3DB101,3,True,2025-12-31T00:00:00Z,2025-12-31T23:59:59Z,86396,86396,0,1.0,0.999920845,1.000049657,-0.005155161,0,0,0,0,-0.0,5.161855,31.387038,-1.198087e-10,0.005161599,0.03138548,False,0.030053,False
2026-01-01,RS01SLBS-MJ01A-12-VEL3DB101,3,True,2026-01-01T00:00:00Z,2026-01-01T23:59:59Z,86396,86396,0,1.0,0.999834538,1.000050167,0.005787627,0,0,0,0,-0.0,6.376396,30.528951,-1.284151e-10,0.006376076,0.03052742,False,0.02857,False
2026-01-02,RS01SLBS-MJ01A-12-VEL3DB101,3,True,2026-01-02T00:00:00Z,2026-01-02T23:59:59Z,86395,86395,0,1.0,0.999816895,1.000050093,-0.001652577,0,0,4,4,0.0,7.831858,21.19514,2.014356e-11,0.007831466,0.02119408,False,0.011541,False
2026-01-03,RS01SLBS-MJ01A-12-VEL3DB101,3,True,2026-01-03T00:00:00Z,2026-01-03T23:59:59Z,86396,86396,0,1.0,0.999824047,1.000050037,-0.003852791,0,0,0,0,-0.0,4.340777,15.809137,-1.388217e-10,0.00434056,0.01580835,False,0.008107,False
2026-01-04,RS01SLBS-MJ01A-12-VEL3DB101,3,True,2026-01-04T00:00:00Z,2026-01-04T23:59:59Z,86243,86396,153,1.0,0.999832153,1.000050027,0.001061513,1,153,1,153,-1e-06,6.838913,43.315951,-6.305961e-10,0.006838571,0.04331378,False,0.034729,True
2026-01-05,RS01SLBS-MJ01A-12-VEL3DB101,3,True,2026-01-05T00:00:00Z,2026-01-05T23:59:59Z,86395,86395,0,1.0,0.999818802,1.000050152,-0.00908599,0,0,1,1,1e-06,4.857487,23.867071,7.387237e-10,0.004857244,0.02386587,False,0.029954,False
2026-01-06,RS01SLBS-MJ01A-12-VEL3DB101,3,True,2026-01-06T00:00:00Z,2026-01-06T23:59:59Z,86396,86396,0,1.0,0.999827862,1.00005048,-0.013798647,0,0,0,0,-0.0,4.889618,28.055437,-1.160145e-10,0.004889371,0.02805402,False,0.027857,False
2026-01-07,RS01SLBS-MJ01A-12-VEL3DB101,3,True,2026-01-07T00:00:00Z,2026-01-07T23:59:59Z,86396,86396,0,1.0,0.999824047,1.000050208,-0.000278326,0,0,0,0,-0.0,5.641329,31.899756,-1.30626e-10,0.005641045,0.03189815,False,0.028875,False
2026-01-08,RS01SLBS-MJ01A-12-VEL3DB101,3,True,2026-01-08T00:00:00Z,2026-01-08T23:59:59Z,86395,86395,0,1.0,0.999810219,1.000050069,0.002458047,0,0,1,1,0.0,5.041852,30.373979,2.978037e-10,0.005041599,0.03037246,False,0.026114,False
2026-01-09,RS01SLBS-MJ01A-12-VEL3DB101,3,True,2026-01-09T00:00:00Z,2026-01-09T23:59:59Z,86396,86396,0,1.0,0.999825001,1.00005035,0.004192175,0,0,2,2,0.0,5.020631,29.183923,2.818827e-10,0.005020378,0.02918245,False,0.030955,False
2026-01-10,RS01SLBS-MJ01A-12-VEL3DB101,3,True,2026-01-10T00:00:00Z,2026-01-10T23:59:59Z,86396,86396,0,1.0,0.999814987,1.000049885,0.007518147,0,0,1,1,0.0,4.444436,26.636544,2.96276e-10,0.004444214,0.02663522,False,0.030044,False
2026-01-11,RS01SLBS-MJ01A-12-VEL3DB101,3,True,2026-01-11T00:00:00Z,2026-01-11T23:59:59Z,86395,86395,0,1.0,0.99981308,1.000050118,0.00203395,0,0,0,0,-0.0,6.263275,46.477189,-3.374502e-10,0.006262961,0.04647486,False,0.04606,False
2026-01-12,RS01SLBS-MJ01A-12-VEL3DB101,3,True,2026-01-12T00:00:00Z,2026-01-12T23:59:59Z,86396,86396,0,1.0,0.999839783,1.000050434,0.00580693,0,0,0,0,-0.0,4.761484,16.702741,-1.386336e-10,0.004761243,0.0167019,False,0.00858,False
2026-01-13,RS01SLBS-MJ01A-12-VEL3DB101,3,True,2026-01-13T00:00:00Z,2026-01-13T23:59:59Z,86396,86396,0,1.0,0.99981308,1.000050198,0.008132629,0,0,2,2,1e-06,7.216598,43.492654,6.828346e-10,0.007216236,0.04349047,False,0.04543,False
2026-01-14,RS01SLBS-MJ01A-12-VEL3DB101,3,True,2026-01-14T00:00:00Z,2026-01-14T23:59:59Z,86395,86395,0,1.0,0.999818802,1.000050362,0.006767884,0,0,0,0,-0.0,9.554037,86.513793,-3.116277e-10,0.009553556,0.08650944,False,0.091808,False
2026-01-15,RS01SLBS-MJ01A-12-VEL3DB101,3,True,2026-01-15T00:00:00Z,2026-01-15T23:59:59Z,86396,86396,0,1.0,0.999812126,1.000050405,-0.012118343,0,0,1,1,-0.0,5.1053,16.719607,-3.894601e-10,0.005105043,0.01671876,False,0.00877,False
2026-01-16,RS01SLBS-MJ01A-12-VEL3DB101,3,True,2026-01-16T00:00:00Z,2026-01-16T23:59:59Z,86396,86396,0,1.0,0.999810696,1.000050214,-0.004646209,0,0,3,3,1e-06,5.624037,31.12934,5.600292e-10,0.005623755,0.03112778,False,0.030241,False
2026-01-17,RS01SLBS-MJ01A-12-VEL3DB101,3,True,2026-01-17T00:00:00Z,2026-01-17T23:59:59Z,86395,86395,0,1.0,0.999817848,1.000050313,-0.00462546,0,0,1,1,-1e-06,7.713484,36.561756,-1.165201e-09,0.007713096,0.03655992,False,0.028414,False
2026-01-18,RS01SLBS-MJ01A-12-VEL3DB101,3,True,2026-01-18T00:00:00Z,2026-01-18T23:59:59Z,86396,86396,0,1.0,0.999814987,1.000050292,0.007524824,0,0,1,1,-1e-06,5.378148,14.643633,-5.064734e-10,0.005377877,0.0146429,False,0.012784,False
2026-01-19,RS01SLBS-MJ01A-12-VEL3DB101,3,True,2026-01-19T00:00:00Z,2026-01-19T23:59:59Z,86396,86396,0,1.0,0.999818802,1.000050404,-0.010844102,0,0,0,0,-0.0,7.058058,22.06806,-4.013878e-11,0.007057702,0.02206695,False,0.02846,False
2026-01-20,RS01SLBS-MJ01A-12-VEL3DB101,3,True,2026-01-20T00:00:00Z,2026-01-20T23:59:59Z,86395,86395,0,1.0,0.999820709,1.000050169,0.002957907,0,0,1,1,0.0,4.489664,14.708391,2.676612e-10,0.004489438,0.01470765,False,0.00841,False
2026-01-21,RS01SLBS-MJ01A-12-VEL3DB101,3,True,2026-01-21T00:00:00Z,2026-01-21T23:59:59Z,86396,86396,0,1.0,0.999811172,1.00005015,-0.004337715,0,0,1,1,-0.0,4.616775,22.855055,-3.886485e-10,0.004616544,0.02285391,False,0.028708,False
2026-01-22,RS01SLBS-MJ01A-12-VEL3DB101,3,True,2026-01-22T00:00:00Z,2026-01-22T23:59:59Z,86395,86395,0,1.0,0.999818325,1.000050313,-0.006179686,0,0,0,0,-0.0,5.28927,28.150451,-4.109256e-10,0.005289004,0.02814904,False,0.028731,False
2026-01-23,RS01SLBS-MJ01A-12-VEL3DB101,3,True,2026-01-23T00:00:00Z,2026-01-23T23:59:59Z,86396,86396,0,1.0,0.999814034,1.000050435,-0.00436739,0,0,0,0,-0.0,7.0375,32.614776,-1.510854e-10,0.007037145,0.03261313,False,0.036744,False
2026-01-24,RS01SLBS-MJ01A-12-VEL3DB101,3,True,2026-01-24T00:00:00Z,2026-01-24T23:59:59Z,86396,86396,0,1.0,0.999815941,1.000050412,-0.001979719,0,0,1,1,1e-06,8.763306,88.6719,7.687619e-10,0.008762864,0.08866743,False,0.088347,False
2026-01-25,RS01SLBS-MJ01A-12-VEL3DB101,3,True,2026-01-25T00:00:00Z,2026-01-25T23:59:59Z,86395,86395,0,1.0,0.999807835,1.000050035,0.005979516,0,0,1,1,-0.0,3.521933,10.31377,-3.004661e-10,0.003521757,0.01031325,False,0.008131,False
2026-01-26,RS01SLBS-MJ01A-12-VEL3DB101,3,True,2026-01-26T00:00:00Z,2026-01-26T23:59:59Z,86396,86396,0,1.0,0.999811172,1.000050181,0.005939267,0,0,0,0,-0.0,5.602404,17.869175,-1.415428e-10,0.005602122,0.01786828,False,0.008732,False
2026-01-27,RS01SLBS-MJ01A-12-VEL3DB101,3,True,2026-01-27T00:00:00Z,2026-01-27T23:59:59Z,86396,86396,0,1.0,0.999818325,1.000050349,0.012864764,0,0,2,2,0.0,5.742483,15.369851,4.363405e-10,0.005742194,0.01536908,False,0.009293,False
2026-01-28,RS01SLBS-MJ01A-12-VEL3DB101,3,True,2026-01-28T00:00:00Z,2026-01-28T23:59:59Z,86259,86395,136,1.0,0.99981308,1.000050295,0.006153479,3,136,3,138,-0.0,5.597337,25.541392,-1.813599e-10,0.005597056,0.02554011,False,0.032374,True
2026-01-29,RS01SLBS-MJ01A-12-VEL3DB101,3,True,2026-01-29T00:00:00Z,2026-01-29T23:59:59Z,86396,86396,0,1.0,0.999818802,1.000050185,0.005076264,0,0,1,1,0.0,6.936148,22.086588,2.545864e-12,0.0069358,0.02208548,False,0.028042,False
2026-01-30,RS01SLBS-MJ01A-12-VEL3DB101,3,True,2026-01-30T00:00:00Z,2026-01-30T23:59:59Z,86396,86396,0,1.0,0.999814987,1.000050078,0.002044543,0,0,2,2,0.0,7.005491,31.477908,4.47672e-10,0.00700514,0.03147633,False,0.029779,False
2026-01-31,RS01SLBS-MJ01A-12-VEL3DB101,3,True,2026-01-31T00:00:00Z,2026-01-31T23:59:59Z,86395,86395,0,1.0,0.99981308,1.00005015,0.007349474,0,0,0,0,-0.0,8.754065,90.680141,-2.772039e-10,0.008753626,0.09067559,False,0.091777,False
2026-02-01,RS01SLBS-MJ01A-12-VEL3DB101,3,True,2026-02-01T00:00:00Z,2026-02-01T23:59:59Z,86396,86396,0,1.0,0.999816895,1.00005025,0.015224319,0,0,0,0,-0.0,6.76612,41.079527,-1.495037e-10,0.00676578,0.04107746,False,0.030303,False
2026-02-02,RS01SLBS-MJ01A-12-VEL3DB101,3,True,2026-02-02T00:00:00Z,2026-02-02T23:59:59Z,86396,86396,0,1.0,0.999818325,1.000050338,0.005826426,0,0,0,0,-0.0,4.929611,29.698357,-1.54771e-10,0.004929363,0.02969686,False,0.028195,False
2026-02-03,RS01SLBS-MJ01A-12-VEL3DB101,3,True,2026-02-03T00:00:00Z,2026-02-03T23:59:59Z,86395,86395,0,1.0,0.999812126,1.000050257,0.001012918,0,0,1,1,-0.0,4.176782,14.106957,-4.285658e-10,0.004176572,0.01410625,False,0.009405,False
2026-02-04,RS01SLBS-MJ01A-12-VEL3DB101,3,True,2026-02-04T00:00:00Z,2026-02-04T23:59:59Z,86396,86396,0,1.0,0.999810696,1.000050144,-9.2329e-05,0,0,0,0,-0.0,9.188103,76.775711,-1.347315e-10,0.009187643,0.07677186,False,0.089713,False
2026-02-05,RS01SLBS-MJ01A-12-VEL3DB101,3,True,2026-02-05T00:00:00Z,2026-02-05T23:59:59Z,86396,86396,0,1.0,0.999814987,1.000050169,-0.001572981,0,0,0,0,-0.0,4.919204,23.885743,-1.44765e-10,0.004918957,0.02388454,False,0.028398,False
2026-02-06,RS01SLBS-MJ01A-12-VEL3DB101,3,True,2026-02-06T00:00:00Z,2026-02-06T23:59:59Z,86395,86395,0,1.0,0.999818802,1.00005054,-0.000419375,0,0,0,0,-0.0,5.043571,31.779796,-3.409547e-10,0.005043316,0.03177819,False,0.026983,False
2026-02-07,RS01SLBS-MJ01A-12-VEL3DB101,3,True,2026-02-07T00:00:00Z,2026-02-07T23:59:59Z,86396,86396,0,1.0,0.999811172,1.000050026,0.002310661,0,0,0,0,-0.0,4.653005,30.211882,-1.096472e-10,0.004652772,0.03021037,False,0.035115,False
2026-02-08,RS01SLBS-MJ01A-12-VEL3DB101,3,True,2026-02-08T00:00:00Z,2026-02-08T23:59:59Z,86396,86396,0,1.0,0.99981308,1.000050007,-0.002570838,0,0,1,1,0.0,4.443251,12.496309,8.37034e-11,0.004443029,0.01249568,False,0.008492,False
2026-02-09,RS01SLBS-MJ01A-12-VEL3DB101,3,True,2026-02-09T00:00:00Z,2026-02-09T23:59:59Z,86395,86395,0,1.0,0.999827862,1.000050472,0.004345457,0,0,0,0,-0.0,6.09923,33.205142,-3.208008e-10,0.006098922,0.03320347,False,0.029009,False
2026-02-10,RS01SLBS-MJ01A-12-VEL3DB101,3,True,2026-02-10T00:00:00Z,2026-02-10T23:59:59Z,86396,86396,0,1.0,0.999814034,1.000049999,0.003622107,0,0,0,0,-0.0,6.076934,15.727106,-9.882497e-11,0.006076631,0.01572632,False,0.007935,False
2026-02-11,RS01SLBS-MJ01A-12-VEL3DB101,3,True,2026-02-11T00:00:00Z,2026-02-11T23:59:59Z,86396,86396,0,1.0,0.999812126,1.00005022,0.005237004,0,0,2,2,1e-06,8.23548,52.667811,7.596142e-10,0.008235067,0.05266517,False,0.046185,False
2026-02-12,RS01SLBS-MJ01A-12-VEL3DB101,3,True,2026-02-12T00:00:00Z,2026-02-12T23:59:59Z,86395,86395,0,1.0,0.999814034,1.00005032,0.011014043,0,0,0,0,-0.0,5.376342,32.741037,-3.740652e-10,0.005376072,0.03273939,False,0.029224,False
2026-02-13,RS01SLBS-MJ01A-12-VEL3DB101,3,True,2026-02-13T00:00:00Z,2026-02-13T23:59:59Z,86396,86396,0,1.0,0.999820709,1.000050429,0.003353091,0,0,0,0,-0.0,6.315062,45.522577,-1.516196e-10,0.006314744,0.04552028,False,0.044811,False
2026-02-14,RS01SLBS-MJ01A-12-VEL3DB101,3,True,2026-02-14T00:00:00Z,2026-02-14T23:59:59Z,86396,86396,0,1.0,0.999817371,1.000050101,0.002978108,0,0,2,2,-0.0,3.92986,12.221526,-3.936009e-10,0.003929663,0.01222091,False,0.008734,False
2026-02-15,RS01SLBS-MJ01A-12-VEL3DB101,3,True,2026-02-15T00:00:00Z,2026-02-15T23:59:59Z,86395,86395,0,1.0,0.999814034,1.000050128,-0.000651078,0,0,0,0,-0.0,4.37245,26.23406,-3.385856e-10,0.004372231,0.02623275,False,0.030024,False
2026-02-16,RS01SLBS-MJ01A-12-VEL3DB101,3,True,2026-02-16T00:00:00Z,2026-02-16T23:59:59Z,86396,86396,0,1.0,0.999818802,1.000050152,0.002644548,0,0,0,0,-0.0,5.272681,12.986419,-1.811238e-10,0.005272416,0.01298577,False,0.008887,False
2026-02-17,RS01SLBS-MJ01A-12-VEL3DB101,3,True,2026-02-17T00:00:00Z,2026-02-17T23:59:59Z,86396,86396,0,1.0,0.999815941,1.000050015,-0.005001244,0,0,0,0,-0.0,5.35669,28.576612,-1.570209e-10,0.005356422,0.02857518,False,0.0295,False
2026-02-18,RS01SLBS-MJ01A-12-VEL3DB101,3,True,2026-02-18T00:00:00Z,2026-02-18T23:59:59Z,86395,86395,0,1.0,0.999814034,1.000050236,-0.003940417,0,0,0,0,-0.0,6.013049,26.963339,-3.536412e-10,0.006012747,0.02696198,False,0.02978,False
2026-02-19,RS01SLBS-MJ01A-12-VEL3DB101,3,True,2026-02-19T00:00:00Z,2026-02-19T23:59:59Z,86396,86396,0,1.0,0.99981308,1.000050058,-0.005408654,0,0,1,1,-0.0,3.365546,10.801756,-1.514901e-10,0.003365377,0.01080122,False,0.008492,False
2026-02-20,RS01SLBS-MJ01A-12-VEL3DB101,3,True,2026-02-20T00:00:00Z,2026-02-20T23:59:59Z,86396,86396,0,1.0,0.999815941,1.000050052,-0.001662155,0,0,0,0,-0.0,4.324936,13.151552,-1.243948e-10,0.004324719,0.01315089,False,0.008871,False
2026-02-21,RS01SLBS-MJ01A-12-VEL3DB101,3,True,2026-02-21T00:00:00Z,2026-02-21T23:59:59Z,86395,86395,0,1.0,0.99981308,1.000050063,0.0059632,0,0,1,1,0.0,6.560497,54.797948,3.906304e-10,0.006560169,0.0547952,False,0.052581,False
2026-02-22,RS01SLBS-MJ01A-12-VEL3DB101,3,True,2026-02-22T00:00:00Z,2026-02-22T23:59:59Z,86396,86396,0,1.0,0.99981308,1.000049923,0.002206211,0,0,1,1,1e-06,4.567367,29.300864,7.71666e-10,0.004567139,0.0292994,False,0.023348,False
2026-02-23,RS01SLBS-MJ01A-12-VEL3DB101,3,True,2026-02-23T00:00:00Z,2026-02-23T23:59:59Z,86396,86396,0,1.0,0.999818802,1.000049991,0.006013154,0,0,0,0,-0.0,6.639331,36.215608,-1.365558e-10,0.006639,0.0362138,False,0.030554,False
2026-02-24,RS01SLBS-MJ01A-12-VEL3DB101,3,True,2026-02-24T00:00:00Z,2026-02-24T23:59:59Z,86395,86395,0,1.0,0.999817848,1.000049988,0.011517402,0,0,2,2,0.0,4.904831,19.386974,3.175e-12,0.004904586,0.01938601,False,0.008247,False
2026-02-25,RS01SLBS-MJ01A-12-VEL3DB101,3,True,2026-02-25T00:00:00Z,2026-02-25T23:59:59Z,86396,86396,0,1.0,0.999820232,1.000049925,0.003240862,0,0,1,1,0.0,5.281561,21.999091,1.051424e-10,0.005281298,0.02199799,False,0.026384,False
2026-02-26,RS01SLBS-MJ01A-12-VEL3DB101,3,True,2026-02-26T00:00:00Z,2026-02-26T23:59:59Z,86396,86396,0,1.0,0.999812126,1.000050005,-0.0017083,0,0,6,6,-0.0,5.560935,30.724785,-2.899181e-10,0.005560657,0.03072325,False,0.026425,False
2026-02-27,RS01SLBS-MJ01A-12-VEL3DB101,3,True,2026-02-27T00:00:00Z,2026-02-27T23:59:59Z,85789,86395,606,1.0,0.99982214,1.000050075,0.003209261,2,606,2,607,-1e-06,6.030776,16.854393,-7.401387e-10,0.006030474,0.01685355,False,0.138518,True
2026-02-28,RS01SLBS-MJ01A-12-VEL3DB101,3,True,2026-02-28T00:00:00Z,2026-02-28T23:59:59Z,86396,86396,0,1.0,0.999814034,1.000050032,0.005772391,0,0,0,0,-0.0,8.41731,87.198622,-1.562534e-10,0.008416889,0.08719426,False,0.084827,False
2026-03-01,RS01SLBS-MJ01A-12-VEL3DB101,3,True,2026-03-01T00:00:00Z,2026-03-01T23:59:59Z,86396,86396,0,1.0,0.999820709,1.00005008,0.007594086,0,0,0,0,-0.0,6.356622,30.255728,-1.531532e-10,0.006356303,0.03025421,False,0.028996,False
2026-03-02,RS01SLBS-MJ01A-12-VEL3DB101,3,True,2026-03-02T00:00:00Z,2026-03-02T23:59:59Z,86395,86395,0,1.0,0.999820232,1.000049971,-0.00101963,0,0,0,0,-0.0,5.262185,30.4202,-3.220518e-10,0.005261922,0.03041868,False,0.028585,False
2026-03-03,RS01SLBS-MJ01A-12-VEL3DB101,3,True,2026-03-03T00:00:00Z,2026-03-03T23:59:59Z,86396,86396,0,1.0,0.999816895,1.000050089,-0.000353434,0,0,0,0,-0.0,4.514303,27.145955,-1.507272e-10,0.004514077,0.0271446,False,0.02965,False
2026-03-04,RS01SLBS-MJ01A-12-VEL3DB101,3,True,2026-03-04T00:00:00Z,2026-03-04T23:59:59Z,86396,86396,0,1.0,0.999814987,1.000050315,-0.008874374,0,0,1,1,-0.0,4.421081,31.982506,-7.575905e-11,0.004420859,0.0319809,False,0.026895,False
2026-03-05,RS01SLBS-MJ01A-12-VEL3DB101,3,True,2026-03-05T00:00:00Z,2026-03-05T23:59:59Z,86395,86395,0,1.0,0.999818325,1.000050248,-0.001605202,0,0,0,0,-0.0,4.946699,29.374743,-3.382478e-10,0.004946451,0.02937327,False,0.029956,False
2026-03-06,RS01SLBS-MJ01A-12-VEL3DB101,3,True,2026-03-06T00:00:00Z,2026-03-06T23:59:59Z,86396,86396,0,1.0,0.999817848,1.000050091,-0.001439127,0,0,1,1,-0.0,4.385506,30.346615,-1.034387e-10,0.004385287,0.0303451,False,0.029358,False
2026-03-07,RS01SLBS-MJ01A-12-VEL3DB101,3,True,2026-03-07T00:00:00Z,2026-03-07T23:59:59Z,86396,86396,0,1.0,0.999817848,1.000050433,0.003673537,0,0,0,0,-0.0,7.769574,88.013225,-1.227786e-10,0.007769182,0.08800879,False,0.084165,False
2026-03-08,RS01SLBS-MJ01A-12-VEL3DB101,3,True,2026-03-08T00:00:00Z,2026-03-08T23:59:59Z,86395,86395,0,1.0,0.999815941,1.000049979,0.006844476,0,0,0,0,-0.0,4.380177,14.471938,-3.553322e-10,0.004379958,0.01447122,False,0.00895,False
2026-03-09,RS01SLBS-MJ01A-12-VEL3DB101,3,True,2026-03-09T00:00:00Z,2026-03-09T23:59:59Z,86396,86396,0,1.0,0.999826908,1.000050164,0.011229575,0,0,0,0,-0.0,9.154801,87.47524,-6.906218e-11,0.009154342,0.08747085,False,0.091215,False
2026-03-10,RS01SLBS-MJ01A-12-VEL3DB101,3,True,2026-03-10T00:00:00Z,2026-03-10T23:59:59Z,86396,86396,0,1.0,0.999820232,1.000050001,0.012175156,0,0,1,1,-0.0,6.793145,32.347336,-2.383904e-10,0.006792806,0.03234572,False,0.029462,False
2026-03-11,RS01SLBS-MJ01A-12-VEL3DB101,3,True,2026-03-11T00:00:00Z,2026-03-11T23:59:59Z,86395,86395,0,1.0,0.99982214,1.000049969,-0.001744534,0,0,0,0,-0.0,4.545378,31.806837,-3.457273e-10,0.004545151,0.03180525,False,0.031149,False
2026-03-12,RS01SLBS-MJ01A-12-VEL3DB101,3,True,2026-03-12T00:00:00Z,2026-03-12T23:59:59Z,86396,86396,0,1.0,0.999822617,1.000050022,0.000955035,0,0,0,0,-0.0,4.107504,29.396084,-1.560414e-10,0.004107299,0.02939461,False,0.02697,False
2026-03-13,RS01SLBS-MJ01A-12-VEL3DB101,3,True,2026-03-13T00:00:00Z,2026-03-13T23:59:59Z,86396,86396,0,1.0,0.999822617,1.000050044,0.002387329,0,0,1,1,0.0,3.466014,10.77316,2.320564e-10,0.00346584,0.01077262,False,0.008565,False
2026-03-14,RS01SLBS-MJ01A-12-VEL3DB101,3,True,2026-03-14T00:00:00Z,2026-03-14T23:59:59Z,86395,86395,0,1.0,0.999825001,1.000050027,0.000803678,0,0,0,0,-0.0,9.201802,86.067674,-3.13675e-10,0.009201342,0.08606337,False,0.091081,False
2026-03-15,RS01SLBS-MJ01A-12-VEL3DB101,3,True,2026-03-15T00:00:00Z,2026-03-15T23:59:59Z,86396,86396,0,1.0,0.999821186,1.000050369,-0.002914246,0,0,0,0,-0.0,5.942947,28.876702,-1.680895e-10,0.005942648,0.02887525,False,0.026065,False
2026-03-16,RS01SLBS-MJ01A-12-VEL3DB101,3,True,2026-03-16T00:00:00Z,2026-03-16T23:59:59Z,86396,86396,0,1.0,0.999824047,1.00005013,-0.00925175,0,0,0,0,-0.0,4.910211,28.003335,-1.539891e-10,0.004909965,0.02800193,False,0.024885,False
2026-03-17,RS01SLBS-MJ01A-12-VEL3DB101,3,True,2026-03-17T00:00:00Z,2026-03-17T23:59:59Z,85894,86395,501,1.0,0.999823093,1.000050207,-0.003560467,4,501,4,504,1e-06,4.374085,33.106079,8.879259e-10,0.004373865,0.03310442,False,0.114528,True
2026-03-18,RS01SLBS-MJ01A-12-VEL3DB101,3,True,2026-03-18T00:00:00Z,2026-03-18T23:59:59Z,86396,86396,0,1.0,0.999818802,1.000050256,-0.008076797,0,0,0,0,-0.0,3.727947,27.914905,-1.831979e-10,0.003727759,0.0279135,False,0.024942,False
2026-03-19,RS01SLBS-MJ01A-12-VEL3DB101,3,True,2026-03-19T00:00:00Z,2026-03-19T23:59:59Z,86396,86396,0,1.0,0.999815941,1.000050387,-0.004760007,0,0,2,2,-0.0,9.022068,85.325021,-2.84442e-10,0.009021614,0.08532072,False,0.089579,False
2026-03-20,RS01SLBS-MJ01A-12-VEL3DB101,3,True,2026-03-20T00:00:00Z,2026-03-20T23:59:59Z,86395,86395,0,1.0,0.999820709,1.000050193,-0.004341731,0,0,0,0,-0.0,7.329932,28.941797,-3.131316e-10,0.007329564,0.02894034,False,0.031129,False
2026-03-21,RS01SLBS-MJ01A-12-VEL3DB101,3,True,2026-03-21T00:00:00Z,2026-03-21T23:59:59Z,86396,86396,0,1.0,0.999820232,1.000049993,0.001010266,0,0,0,0,-0.0,6.361575,41.019755,-1.536245e-10,0.006361257,0.0410177,False,0.0446,False
2026-03-22,RS01SLBS-MJ01A-12-VEL3DB101,3,True,2026-03-22T00:00:00Z,2026-03-22T23:59:59Z,86396,86396,0,1.0,0.999821186,1.000050064,-0.000612652,0,0,0,0,-0.0,5.614204,30.183615,-1.198002e-10,0.005613923,0.0301821,False,0.030183,False
2026-03-23,RS01SLBS-MJ01A-12-VEL3DB101,3,True,2026-03-23T00:00:00Z,2026-03-23T23:59:59Z,86395,86395,0,1.0,0.999819279,1.000050084,0.011944455,0,0,0,0,-0.0,5.151268,29.479873,-3.868713e-10,0.00515101,0.0294784,False,0.030181,False
2026-03-24,RS01SLBS-MJ01A-12-VEL3DB101,3,True,2026-03-24T00:00:00Z,2026-03-24T23:59:59Z,86396,86396,0,1.0,0.999820232,1.000049915,0.001185088,0,0,0,0,-0.0,6.162462,35.639788,-9.361524e-11,0.006162155,0.03563801,False,0.029627,False
2026-03-25,RS01SLBS-MJ01A-12-VEL3DB101,3,True,2026-03-25T00:00:00Z,2026-03-25T23:59:59Z,86396,86396,0,1.0,0.999816895,1.000050065,-0.000825384,0,0,1,1,-0.0,3.775885,11.255071,-3.747067e-10,0.003775696,0.01125451,False,0.007889,False
2026-03-26,RS01SLBS-MJ01A-12-VEL3DB101,3,True,2026-03-26T00:00:00Z,2026-03-26T23:59:59Z,86395,86395,0,1.0,0.999819279,1.000050067,0.002658762,0,0,0,0,-0.0,4.084981,11.907356,-3.116632e-10,0.004084777,0.01190676,False,0.012864,False
2026-03-27,RS01SLBS-MJ01A-12-VEL3DB101,3,True,2026-03-27T00:00:00Z,2026-03-27T23:59:59Z,86396,86396,0,1.0,0.999813557,1.00005022,0.003934613,0,0,0,0,-0.0,5.764856,44.048667,-1.803756e-10,0.005764567,0.04404645,False,0.046279,False
2026-03-28,RS01SLBS-MJ01A-12-VEL3DB101,3,True,2026-03-28T00:00:00Z,2026-03-28T23:59:59Z,86396,86396,0,1.0,0.999820232,1.000050229,0.005765869,0,0,2,2,-0.0,5.527229,31.077397,-4.09877e-10,0.005526951,0.03107584,False,0.028837,False
2026-03-29,RS01SLBS-MJ01A-12-VEL3DB101,3,True,2026-03-29T00:00:00Z,2026-03-29T23:59:59Z,86395,86395,0,1.0,0.999823093,1.000050592,-0.000415321,0,0,0,0,-0.0,4.158545,29.815848,-3.156486e-10,0.004158334,0.02981434,False,0.029752,False
2026-03-30,RS01SLBS-MJ01A-12-VEL3DB101,3,True,2026-03-30T00:00:00Z,2026-03-30T23:59:59Z,86396,86396,0,1.0,0.999820709,1.000050419,-0.006791749,0,0,1,1,1e-06,8.831018,82.629155,7.964527e-10,0.008830573,0.08262499,False,0.087481,False
2026-03-31,RS01SLBS-MJ01A-12-VEL3DB101,3,True,2026-03-31T00:00:00Z,2026-03-31T23:59:59Z,86396,86396,0,1.0,0.999819279,1.00005042,-0.002183709,0,0,0,0,-0.0,5.937433,34.085099,-1.411991e-10,0.005937134,0.03408338,False,0.031249,False
2026-04-01,RS01SLBS-MJ01A-12-VEL3DB101,3,True,2026-04-01T00:00:00Z,2026-04-01T23:59:59Z,86395,86395,0,1.0,0.999823093,1.00005011,-0.003204659,0,0,1,1,0.0,3.41123,10.630145,2.028805e-10,0.003411059,0.01062961,False,0.008617,False
2026-04-02,RS01SLBS-MJ01A-12-VEL3DB101,3,True,2026-04-02T00:00:00Z,2026-04-02T23:59:59Z,86396,86396,0,1.0,0.999825001,1.000050025,-0.003560179,0,0,0,0,-0.0,4.625493,27.681322,-1.183411e-10,0.004625261,0.02767994,False,0.028983,False
2026-04-03,RS01SLBS-MJ01A-12-VEL3DB101,3,True,2026-04-03T00:00:00Z,2026-04-03T23:59:59Z,86396,86396,0,1.0,0.999820232,1.000050273,-0.002554561,0,0,0,0,-0.0,3.527234,11.201688,-1.58573e-10,0.003527057,0.01120112,False,0.0081,False
2026-04-04,RS01SLBS-MJ01A-12-VEL3DB101,3,True,2026-04-04T00:00:00Z,2026-04-04T23:59:59Z,86395,86395,0,1.0,0.999825954,1.000049899,-0.003540724,0,0,0,0,-0.0,5.428276,22.116548,-3.316208e-10,0.005428005,0.02211544,False,0.026319,False
2026-04-05,RS01SLBS-MJ01A-12-VEL3DB101,3,True,2026-04-05T00:00:00Z,2026-04-05T23:59:59Z,86396,86396,0,1.0,0.999821663,1.00005032,0.027754954,0,0,0,0,-0.0,5.344918,29.859863,-1.529819e-10,0.005344649,0.02985836,False,0.029387,False
2026-04-06,RS01SLBS-MJ01A-12-VEL3DB101,3,True,2026-04-06T00:00:00Z,2026-04-06T23:59:59Z,86396,86396,0,1.0,0.999825001,1.000049962,0.000602822,0,0,0,0,-0.0,6.087493,15.913494,-2.018079e-10,0.006087189,0.0159127,False,0.009346,False
2026-04-07,RS01SLBS-MJ01A-12-VEL3DB101,3,True,2026-04-07T00:00:00Z,2026-04-07T23:59:59Z,86395,86395,0,1.0,0.999836922,1.000050364,0.000243929,0,0,0,0,-0.0,5.047216,30.095626,-3.840217e-10,0.005046962,0.03009411,False,0.029692,False
2026-04-08,RS01SLBS-MJ01A-12-VEL3DB101,3,True,2026-04-08T00:00:00Z,2026-04-08T23:59:59Z,86396,86396,0,1.0,0.999822617,1.000050005,0.004924546,0,0,1,1,-0.0,5.612894,33.178498,-7.90032e-11,0.005612613,0.03317684,False,0.029485,False
2026-04-09,RS01SLBS-MJ01A-12-VEL3DB101,3,True,2026-04-09T00:00:00Z,2026-04-09T23:59:59Z,86396,86396,0,1.0,0.99982214,1.000050154,0.011089526,0,0,2,2,-0.0,5.209278,17.589598,-3.038518e-10,0.005209017,0.01758872,False,0.008424,False
2026-04-10,RS01SLBS-MJ01A-12-VEL3DB101,3,True,2026-04-10T00:00:00Z,2026-04-10T23:59:59Z,86395,86395,0,1.0,0.999820232,1.000050136,0.001696223,0,0,0,0,-0.0,4.386955,28.825036,-3.797106e-10,0.004386735,0.02882359,False,0.02895,False
2026-04-11,RS01SLBS-MJ01A-12-VEL3DB101,3,True,2026-04-11T00:00:00Z,2026-04-11T23:59:59Z,86396,86396,0,1.0,0.999811172,1.000050286,0.003893086,0,0,1,1,-1e-06,4.841646,27.469471,-6.5613e-10,0.004841402,0.02746809,False,0.028764,False
2026-04-12,RS01SLBS-MJ01A-12-VEL3DB101,3,True,2026-04-12T00:00:00Z,2026-04-12T23:59:59Z,86396,86396,0,1.0,0.999817848,1.000050227,-0.001275361,0,0,0,0,-0.0,9.042464,90.706256,-1.093794e-10,0.00904201,0.0907017,False,0.085487,False
2026-04-13,RS01SLBS-MJ01A-12-VEL3DB101,3,True,2026-04-13T00:00:00Z,2026-04-13T23:59:59Z,86395,86395,0,1.0,0.999829769,1.000050099,0.000160627,0,0,3,3,0.0,4.79897,15.593418,2.70674e-10,0.00479873,0.01559264,False,0.012262,False
2026-04-14,RS01SLBS-MJ01A-12-VEL3DB101,3,True,2026-04-14T00:00:00Z,2026-04-14T23:59:59Z,86396,86396,0,1.0,0.999818325,1.000050355,-0.000587448,0,0,0,0,-0.0,3.928978,15.029193,-1.770036e-10,0.00392878,0.01502844,False,0.008594,False
2026-04-15,RS01SLBS-MJ01A-12-VEL3DB101,3,True,2026-04-15T00:00:00Z,2026-04-15T23:59:59Z,86396,86396,0,1.0,0.999832153,1.000050219,-0.007286887,0,0,0,0,-0.0,4.079884,31.117519,-1.443034e-10,0.004079679,0.03111596,False,0.02699,False
2026-04-16,RS01SLBS-MJ01A-12-VEL3DB101,3,True,2026-04-16T00:00:00Z,2026-04-16T23:59:59Z,86395,86395,0,1.0,0.999826908,1.000049999,-0.002153949,0,0,0,0,-0.0,5.266011,30.19318,-3.239368e-10,0.005265748,0.03019167,False,0.029751,False
2026-04-17,RS01SLBS-MJ01A-12-VEL3DB101,3,True,2026-04-17T00:00:00Z,2026-04-17T23:59:59Z,86396,86396,0,1.0,0.999820232,1.000050078,0.006559568,0,0,1,1,-0.0,7.829018,87.675153,-3.563918e-10,0.007828626,0.08767076,False,0.089011,False
2026-04-18,RS01SLBS-MJ01A-12-VEL3DB101,3,True,2026-04-18T00:00:00Z,2026-04-18T23:59:59Z,86396,86396,0,1.0,0.999825954,1.000049855,-0.000812198,0,0,0,0,-0.0,5.55165,32.337191,-1.265652e-10,0.005551373,0.03233558,False,0.028668,False
2026-04-19,RS01SLBS-MJ01A-12-VEL3DB101,3,True,2026-04-19T00:00:00Z,2026-04-19T23:59:59Z,86395,86395,0,1.0,0.999828815,1.000049941,0.009316159,0,0,0,0,-0.0,5.999343,48.549598,-3.180594e-10,0.005999043,0.04854717,False,0.046361,False
2026-04-20,RS01SLBS-MJ01A-12-VEL3DB101,3,True,2026-04-20T00:00:00Z,2026-04-20T23:59:59Z,86396,86396,0,1.0,0.999825001,1.000049993,0.0007598,0,0,1,1,-1e-06,3.640554,26.173813,-7.244136e-10,0.003640372,0.0261725,False,0.029162,False
2026-04-21,RS01SLBS-MJ01A-12-VEL3DB101,3,True,2026-04-21T00:00:00Z,2026-04-21T23:59:59Z,86396,86396,0,1.0,0.999830246,1.000050082,0.004499401,0,0,0,0,-0.0,5.005821,25.723625,-1.506719e-10,0.00500557,0.02572234,False,0.028825,False
2026-04-22,RS01SLBS-MJ01A-12-VEL3DB101,3,True,2026-04-22T00:00:00Z,2026-04-22T23:59:59Z,85789,86395,606,1.0,0.9998312,1.00004999,0.002159207,2,606,2,607,-0.0,4.104805,25.404664,-2.394963e-10,0.0041046,0.02540339,False,0.139175,True
2026-04-23,RS01SLBS-MJ01A-12-VEL3DB101,3,True,2026-04-23T00:00:00Z,2026-04-23T23:59:59Z,86396,86396,0,1.0,0.999837875,1.000050411,0.002447489,0,0,2,2,-0.0,9.587781,42.6253,-3.311446e-10,0.009587298,0.04262315,False,0.029672,False
2026-04-24,RS01SLBS-MJ01A-12-VEL3DB101,3,True,2026-04-24T00:00:00Z,2026-04-24T23:59:59Z,86396,86396,0,1.0,0.999827862,1.000050294,0.007136509,0,0,1,1,0.0,10.183672,89.323764,8.522849e-11,0.01018316,0.08931927,False,0.090359,False
2026-04-25,RS01SLBS-MJ01A-12-VEL3DB101,3,True,2026-04-25T00:00:00Z,2026-04-25T23:59:59Z,86395,86395,0,1.0,0.999825954,1.000050239,-0.003042351,0,0,1,1,0.0,5.007058,30.357218,8.782858e-12,0.005006806,0.03035569,False,0.028817,False
2026-04-26,RS01SLBS-MJ01A-12-VEL3DB101,3,True,2026-04-26T00:00:00Z,2026-04-26T23:59:59Z,86396,86396,0,1.0,0.999819756,1.000050318,-0.010439898,0,0,1,1,-1e-06,4.376651,28.901984,-7.628557e-10,0.004376431,0.02890053,False,0.029356,False
2026-04-27,RS01SLBS-MJ01A-12-VEL3DB101,3,True,2026-04-27T00:00:00Z,2026-04-27T23:59:59Z,86396,86396,0,1.0,0.999823093,1.000050177,-0.008903923,0,0,1,1,-0.0,4.141225,30.046811,-1.593288e-10,0.004141017,0.0300453,False,0.029966,False
2026-04-28,RS01SLBS-MJ01A-12-VEL3DB101,3,True,2026-04-28T00:00:00Z,2026-04-28T23:59:59Z,86395,86395,0,1.0,0.999821663,1.000050118,-0.006320186,0,0,1,1,0.0,4.537334,32.921942,3.27311e-10,0.004537107,0.03292029,False,0.029495,False
2026-04-29,RS01SLBS-MJ01A-12-VEL3DB101,3,True,2026-04-29T00:00:00Z,2026-04-29T23:59:59Z,86396,86396,0,1.0,0.999819756,1.000050014,-0.000970368,0,0,0,0,-0.0,4.487731,27.025901,-9.631662e-11,0.004487507,0.02702455,False,0.028886,False
2026-04-30,RS01SLBS-MJ01A-12-VEL3DB101,3,True,2026-04-30T00:00:00Z,2026-04-30T23:59:59Z,86396,86396,0,1.0,0.999815941,1.000050181,-0.001744322,0,0,1,1,-0.0,2.931637,10.019918,-8.582716e-12,0.002931489,0.01001941,False,0.008541,False
2026-05-01,RS01SLBS-MJ01A-12-VEL3DB101,3,True,2026-05-01T00:00:00Z,2026-05-01T23:59:59Z,86395,86395,0,1.0,0.999833107,1.000049798,0.005312394,0,0,0,0,-0.0,10.22291,96.429938,-3.514133e-10,0.0102224,0.09642514,False,0.084192,False
2026-05-02,RS01SLBS-MJ01A-12-VEL3DB101,3,True,2026-05-02T00:00:00Z,2026-05-02T23:59:59Z,86396,86396,0,1.0,0.999824047,1.000050038,0.005927649,0,0,0,0,-0.0,4.571591,33.05729,-9.957742e-11,0.004571362,0.03305564,False,0.028149,False
2026-05-03,RS01SLBS-MJ01A-12-VEL3DB101,3,True,2026-05-03T00:00:00Z,2026-05-03T23:59:59Z,86396,86396,0,1.0,0.999825954,1.000049962,0.001425019,0,0,1,1,0.0,5.835549,33.897381,1.134361e-11,0.005835258,0.03389569,False,0.030449,False
2026-05-04,RS01SLBS-MJ01A-12-VEL3DB101,3,True,2026-05-04T00:00:00Z,2026-05-04T23:59:59Z,86395,86395,0,1.0,0.999829769,1.000049971,-0.005247631,0,0,0,0,-0.0,5.368483,34.072452,-3.019892e-10,0.005368215,0.03407075,False,0.02938,False
2026-05-05,RS01SLBS-MJ01A-12-VEL3DB101,3,True,2026-05-05T00:00:00Z,2026-05-05T23:59:59Z,86396,86396,0,1.0,0.999835968,1.000049789,0.003833042,0,0,1,1,-0.0,5.844926,51.180309,-1.370578e-12,0.005844635,0.05117776,False,0.045456,False
2026-05-06,RS01SLBS-MJ01A-12-VEL3DB101,3,True,2026-05-06T00:00:00Z,2026-05-06T23:59:59Z,86396,86396,0,1.0,0.999825954,1.000050008,-0.002899254,0,0,0,0,-0.0,5.684119,33.032274,-6.728206e-11,0.005683835,0.03303062,False,0.035232,False
2026-05-07,RS01SLBS-MJ01A-12-VEL3DB101,3,True,2026-05-07T00:00:00Z,2026-05-07T23:59:59Z,86395,86395,0,1.0,0.999833107,1.00005,-0.007850743,0,0,0,0,-0.0,6.606323,32.27834,-3.183069e-10,0.006605993,0.03227673,False,0.036206,False
2026-05-08,RS01SLBS-MJ01A-12-VEL3DB101,3,True,2026-05-08T00:00:00Z,2026-05-08T23:59:59Z,86396,86396,0,1.0,0.999823093,1.000049975,-0.004917434,0,0,0,0,-0.0,8.204358,86.694317,-1.453786e-10,0.008203948,0.08668998,False,0.089855,False
2026-05-09,RS01SLBS-MJ01A-12-VEL3DB101,3,True,2026-05-09T00:00:00Z,2026-05-09T23:59:59Z,86396,86396,0,1.0,0.999833107,1.000050054,0.011344795,0,0,0,0,-0.0,6.133415,25.432946,-1.573433e-10,0.006133108,0.02543167,False,0.029651,False
2026-05-10,RS01SLBS-MJ01A-12-VEL3DB101,3,True,2026-05-10T00:00:00Z,2026-05-10T23:59:59Z,86396,86396,0,1.0,0.999821186,1.000050195,-0.011172652,0,0,1,1,-0.0,7.129226,35.63273,-4.308481e-10,0.007128868,0.03563094,False,0.03041,False
2026-05-11,RS01SLBS-MJ01A-12-VEL3DB101,3,True,2026-05-11T00:00:00Z,2026-05-11T23:59:59Z,86395,86395,0,1.0,0.999826908,1.00005017,-0.006692195,0,0,2,2,0.0,5.220847,35.633895,5.753755e-12,0.005220585,0.03563211,False,0.028605,False
2026-05-12,RS01SLBS-MJ01A-12-VEL3DB101,3,True,2026-05-12T00:00:00Z,2026-05-12T23:59:59Z,86396,86396,0,1.0,0.999823093,1.000050114,-0.004006611,0,0,0,0,-0.0,4.508739,30.520059,-1.857993e-10,0.004508513,0.03051853,False,0.026242,False
2026-05-13,RS01SLBS-MJ01A-12-VEL3DB101,3,True,2026-05-13T00:00:00Z,2026-05-13T23:59:59Z,86396,86396,0,1.0,0.999830246,1.000049986,-0.00507168,0,0,0,0,-0.0,3.739224,12.673416,-1.28719e-10,0.003739037,0.01267278,False,0.010289,False
2026-05-14,RS01SLBS-MJ01A-12-VEL3DB101,3,True,2026-05-14T00:00:00Z,2026-05-14T23:59:59Z,86395,86395,0,1.0,0.999826908,1.000050134,-0.001171535,0,0,0,0,-0.0,4.166874,11.654042,-3.407999e-10,0.004166665,0.01165346,False,0.008315,False
2026-05-15,RS01SLBS-MJ01A-12-VEL3DB101,3,True,2026-05-15T00:00:00Z,2026-05-15T23:59:59Z,86396,86396,0,1.0,0.999835968,1.000049917,0.001233848,0,0,1,1,-0.0,6.239547,30.965612,-1.074007e-10,0.006239235,0.03096407,False,0.028464,False
2026-05-16,RS01SLBS-MJ01A-12-VEL3DB101,3,True,2026-05-16T00:00:00Z,2026-05-16T23:59:59Z,86396,86396,0,1.0,0.999835014,1.000049984,0.005865216,0,0,1,1,0.0,4.165767,11.845289,2.373624e-10,0.004165559,0.0118447,False,0.012532,False
2026-05-17,RS01SLBS-MJ01A-12-VEL3DB101,3,True,2026-05-17T00:00:00Z,2026-05-17T23:59:59Z,86395,86395,0,1.0,0.999843121,1.000050005,0.004999763,0,0,1,1,0.0,4.3847,20.08697,8.429144e-12,0.004384481,0.02008597,False,0.016413,False
2026-05-18,RS01SLBS-MJ01A-12-VEL3DB101,3,True,2026-05-18T00:00:00Z,2026-05-18T23:59:59Z,86396,86396,0,1.0,0.999834061,1.000049969,0.012353266,0,0,0,0,-0.0,5.797488,35.8797,-1.709121e-10,0.005797199,0.03587791,False,0.030111,False
2026-05-19,RS01SLBS-MJ01A-12-VEL3DB101,3,True,2026-05-19T00:00:00Z,2026-05-19T23:59:59Z,86396,86396,0,1.0,0.999843121,1.000050011,0.003702211,0,0,1,1,1e-06,5.762131,19.074125,7.028328e-10,0.005761843,0.01907317,False,0.016905,False
2026-05-20,RS01SLBS-MJ01A-12-VEL3DB101,3,True,2026-05-20T00:00:00Z,2026-05-20T23:59:59Z,86395,86395,0,1.0,0.999846935,1.00005008,-0.001487102,0,0,0,0,-0.0,8.057848,34.613475,-3.653931e-10,0.008057444,0.03461174,False,0.0299,False
2026-05-21,RS01SLBS-MJ01A-12-VEL3DB101,3,True,2026-05-21T00:00:00Z,2026-05-21T23:59:59Z,86396,86396,0,1.0,0.999835968,1.000049907,0.002052929,0,0,0,0,-0.0,4.430449,31.726357,-1.606988e-10,0.004430227,0.03172477,False,0.026066,False
2026-05-22,RS01SLBS-MJ01A-12-VEL3DB101,3,True,2026-05-22T00:00:00Z,2026-05-22T23:59:59Z,86396,86396,0,1.0,0.999833107,1.000049945,0.008951877,0,0,1,1,0.0,7.03548,40.265715,2.453621e-10,0.007035129,0.0402637,False,0.031543,False
2026-05-23,RS01SLBS-MJ01A-12-VEL3DB101,3,True,2026-05-23T00:00:00Z,2026-05-23T23:59:59Z,86395,86395,0,1.0,0.999837875,1.000050157,0.008930936,0,0,0,0,-0.0,7.357918,37.360308,-3.572274e-10,0.007357549,0.03735843,False,0.028925,False
2026-05-24,RS01SLBS-MJ01A-12-VEL3DB101,3,True,2026-05-24T00:00:00Z,2026-05-24T23:59:59Z,86396,86396,0,1.0,0.999836922,1.000049871,-0.000666417,0,0,1,1,-0.0,4.322553,12.931514,-7.20753e-11,0.004322337,0.01293087,False,0.008947,False
2026-05-25,RS01SLBS-MJ01A-12-VEL3DB101,3,True,2026-05-25T00:00:00Z,2026-05-25T23:59:59Z,86396,86396,0,1.0,0.999835968,1.000049851,0.003580801,0,0,0,0,-0.0,4.190714,28.784826,-1.483749e-10,0.004190505,0.02878339,False,0.028486,False
2026-05-26,RS01SLBS-MJ01A-12-VEL3DB101,3,True,2026-05-26T00:00:00Z,2026-05-26T23:59:59Z,86395,86395,0,1.0,0.999835968,1.00005001,0.002612717,0,0,0,0,-0.0,5.175481,49.296209,-3.525106e-10,0.005175222,0.04929374,False,0.04492,False
2026-05-27,RS01SLBS-MJ01A-12-VEL3DB101,3,True,2026-05-27T00:00:00Z,2026-05-27T23:59:59Z,86396,86396,0,1.0,0.999825954,1.000050015,-0.000182696,0,0,0,0,-0.0,3.840951,30.135969,-1.029958e-10,0.003840759,0.03013446,False,0.029773,False
2026-05-28,RS01SLBS-MJ01A-12-VEL3DB101,3,True,2026-05-28T00:00:00Z,2026-05-28T23:59:59Z,86396,86396,0,1.0,0.999834061,1.000049893,0.004376702,0,0,0,0,-0.0,5.234836,27.616592,-1.88604e-10,0.005234575,0.02761521,False,0.030155,False
2026-05-29,RS01SLBS-MJ01A-12-VEL3DB101,3,True,2026-05-29T00:00:00Z,2026-05-29T23:59:59Z,86395,86395,0,1.0,0.999835014,1.000049806,0.007145598,0,0,1,1,-2e-06,5.189609,39.510402,-1.504563e-09,0.005189351,0.03950843,False,0.032592,False
2026-05-30,RS01SLBS-MJ01A-12-VEL3DB101,3,True,2026-05-30T00:00:00Z,2026-05-30T23:59:59Z,86396,86396,0,1.0,0.999836922,1.000049899,0.001170185,0,0,0,0,-0.0,3.212995,13.301909,-1.866112e-10,0.003212835,0.01330125,False,0.010118,False
2026-05-31,RS01SLBS-MJ01A-12-VEL3DB101,3,True,2026-05-31T00:00:00Z,2026-05-31T23:59:59Z,86396,86396,0,1.0,0.999838352,1.000049809,0.014697512,0,0,0,0,-0.0,4.808709,27.589687,-1.130203e-10,0.004808469,0.02758831,False,0.024189,False
2026-06-01,RS01SLBS-MJ01A-12-VEL3DB101,3,True,2026-06-01T00:00:00Z,2026-06-01T23:59:59Z,86395,86395,0,1.0,0.999844074,1.000049886,0.005224271,0,0,0,0,-0.0,5.156996,33.639196,-3.169061e-10,0.005156739,0.03363752,False,0.03026,False
2026-06-02,RS01SLBS-MJ01A-12-VEL3DB101,3,True,2026-06-02T00:00:00Z,2026-06-02T23:59:59Z,86396,86396,0,1.0,0.999837875,1.000049827,0.004697312,0,0,0,0,-0.0,6.565631,31.608935,-1.336401e-10,0.006565304,0.03160736,False,0.030763,False
2026-06-03,RS01SLBS-MJ01A-12-VEL3DB101,3,True,2026-06-03T00:00:00Z,2026-06-03T23:59:59Z,86396,86396,0,1.0,0.999834061,1.000050088,-0.00459507,0,0,0,0,-0.0,7.530175,31.022006,-1.195132e-10,0.007529798,0.03102045,False,0.029823,False
2026-06-04,RS01SLBS-MJ01A-12-VEL3DB101,3,True,2026-06-04T00:00:00Z,2026-06-04T23:59:59Z,86395,86395,0,1.0,0.999829769,1.000049987,-0.001632705,0,0,1,1,1e-06,5.129238,29.307429,6.383006e-10,0.005128981,0.02930596,False,0.030291,False
2026-06-05,RS01SLBS-MJ01A-12-VEL3DB101,3,True,2026-06-05T00:00:00Z,2026-06-05T23:59:59Z,86396,86396,0,1.0,0.999834061,1.000050196,0.004712175,0,0,0,0,-0.0,6.107947,28.844283,-1.280326e-10,0.006107641,0.02884284,False,0.029763,False
2026-06-06,RS01SLBS-MJ01A-12-VEL3DB101,3,True,2026-06-06T00:00:00Z,2026-06-06T23:59:59Z,86396,86396,0,1.0,0.999828815,1.000050057,0.001165099,0,0,0,0,-0.0,3.986473,28.545203,-1.179394e-10,0.003986273,0.02854377,False,0.029731,False
2026-06-07,RS01SLBS-MJ01A-12-VEL3DB101,3,True,2026-06-07T00:00:00Z,2026-06-07T23:59:59Z,86395,86395,0,1.0,0.999839783,1.000050126,0.00807442,0,0,1,1,0.0,5.902108,32.690157,4.410189e-11,0.005901812,0.03268852,False,0.030458,False
2026-06-08,RS01SLBS-MJ01A-12-VEL3DB101,3,True,2026-06-08T00:00:00Z,2026-06-08T23:59:59Z,86396,86396,0,1.0,0.999833107,1.000050228,-0.01035774,0,0,1,1,-0.0,4.505049,12.340857,-3.415964e-10,0.004504823,0.01234024,False,0.00843,False
2026-06-09,RS01SLBS-MJ01A-12-VEL3DB101,3,True,2026-06-09T00:00:00Z,2026-06-09T23:59:59Z,86396,86396,0,1.0,0.999834061,1.000050173,-0.008685839,0,0,0,0,-0.0,5.952229,41.7686,-1.20246e-10,0.00595193,0.0417665,False,0.044775,False
2026-06-10,RS01SLBS-MJ01A-12-VEL3DB101,3,True,2026-06-10T00:00:00Z,2026-06-10T23:59:59Z,86395,86395,0,1.0,0.999836922,1.000050062,-0.001114998,0,0,1,1,0.0,8.022445,86.659324,6.125813e-11,0.008022043,0.08665499,False,0.090197,False
2026-06-11,RS01SLBS-MJ01A-12-VEL3DB101,3,True,2026-06-11T00:00:00Z,2026-06-11T23:59:59Z,86396,86396,0,1.0,0.999838829,1.000049879,0.001578231,0,0,0,0,-0.0,5.535238,30.518989,-1.086149e-10,0.005534962,0.03051747,False,0.029052,False
2026-06-12,RS01SLBS-MJ01A-12-VEL3DB101,3,True,2026-06-12T00:00:00Z,2026-06-12T23:59:59Z,86396,86396,0,1.0,0.99984026,1.000049859,0.000148704,0,0,0,0,-0.0,5.969241,39.670769,-1.984994e-10,0.005968943,0.03966879,False,0.044182,False
2026-06-13,RS01SLBS-MJ01A-12-VEL3DB101,3,True,2026-06-13T00:00:00Z,2026-06-13T23:59:59Z,86396,86396,0,1.0,0.999845982,1.000049735,0.002115218,0,0,0,0,-0.0,3.757986,25.62745,-1.112052e-10,0.003757799,0.02562618,False,0.026528,False
2026-06-14,RS01SLBS-MJ01A-12-VEL3DB101,3,True,2026-06-14T00:00:00Z,2026-06-14T23:59:59Z,86395,86395,0,1.0,0.999839306,1.000049747,-0.004735937,0,0,0,0,-0.0,4.497099,27.536004,-3.504882e-10,0.004496876,0.02753463,False,0.029447,False
2026-06-15,RS01SLBS-MJ01A-12-VEL3DB101,3,True,2026-06-15T00:00:00Z,2026-06-15T23:59:59Z,86396,86396,0,1.0,0.999855042,1.000049695,-0.004155561,0,0,0,0,-0.0,5.837304,31.081413,-7.287266e-11,0.005837014,0.03107987,False,0.029767,False
2026-06-16,RS01SLBS-MJ01A-12-VEL3DB101,3,True,2026-06-16T00:00:00Z,2026-06-16T23:59:59Z,86396,86396,0,1.0,0.999844074,1.000049903,0.001220228,0,0,1,1,-1e-06,4.321813,31.594291,-5.741246e-10,0.004321597,0.03159271,False,0.028522,False
2026-06-17,RS01SLBS-MJ01A-12-VEL3DB101,3,True,2026-06-17T00:00:00Z,2026-06-17T23:59:59Z,86395,86395,0,1.0,0.999846935,1.000049782,0.005704276,0,0,2,2,1e-06,8.303427,87.54294,6.870752e-10,0.008303014,0.08753858,False,0.081307,False
2026-06-18,RS01SLBS-MJ01A-12-VEL3DB101,3,True,2026-06-18T00:00:00Z,2026-06-18T23:59:59Z,86396,86396,0,1.0,0.999842167,1.000049929,0.005142993,0,0,1,1,-0.0,3.821054,14.716587,-1.60966e-10,0.003820864,0.01471585,False,0.007738,False
2026-06-19,RS01SLBS-MJ01A-12-VEL3DB101,3,True,2026-06-19T00:00:00Z,2026-06-19T23:59:59Z,86396,86396,0,1.0,0.999848843,1.000049702,0.01041642,0,0,4,4,-0.0,5.839133,29.207091,-2.275016e-10,0.005838843,0.02920564,False,0.029312,False
2026-06-20,RS01SLBS-MJ01A-12-VEL3DB101,3,True,2026-06-20T00:00:00Z,2026-06-20T23:59:59Z,86395,86395,0,1.0,0.999843121,1.000050137,0.002395822,0,0,0,0,-0.0,3.892218,31.402456,-3.588812e-10,0.003892023,0.03140088,False,0.030176,False
2026-06-21,RS01SLBS-MJ01A-12-VEL3DB101,3,True,2026-06-21T00:00:00Z,2026-06-21T23:59:59Z,86396,86396,0,1.0,0.999840736,1.000049941,0.000298203,0,0,0,0,-0.0,3.930149,28.951992,-1.437384e-10,0.003929953,0.02895055,False,0.028459,False
2026-06-22,RS01SLBS-MJ01A-12-VEL3DB101,3,True,2026-06-22T00:00:00Z,2026-06-22T23:59:59Z,86396,86396,0,1.0,0.999844074,1.000049909,-0.000195415,0,0,0,0,-0.0,4.200627,13.668637,-1.083823e-10,0.004200417,0.01366795,False,0.010966,False
2026-06-23,RS01SLBS-MJ01A-12-VEL3DB101,3,True,2026-06-23T00:00:00Z,2026-06-23T23:59:59Z,86395,86395,0,1.0,0.999841213,1.000049871,0.008509304,0,0,0,0,-0.0,5.019384,33.87135,-3.19219e-10,0.005019134,0.03386966,False,0.030375,False
2026-06-24,RS01SLBS-MJ01A-12-VEL3DB101,3,True,2026-06-24T00:00:00Z,2026-06-24T23:59:59Z,86396,86396,0,1.0,0.999836922,1.000049933,-0.008479144,0,0,0,0,-0.0,5.199345,28.817554,-1.04735e-10,0.005199086,0.02881611,False,0.030286,False
2026-06-25,RS01SLBS-MJ01A-12-VEL3DB101,3,True,2026-06-25T00:00:00Z,2026-06-25T23:59:59Z,86396,86396,0,1.0,0.999844074,1.000049803,-0.004580781,0,0,1,1,0.0,5.418366,31.419926,1.031321e-10,0.005418097,0.03141836,False,0.029153,False
2026-06-26,RS01SLBS-MJ01A-12-VEL3DB101,3,True,2026-06-26T00:00:00Z,2026-06-26T23:59:59Z,86395,86395,0,1.0,0.999845028,1.000049821,-0.000484709,0,0,2,2,0.0,4.13546,28.694669,1.240515e-10,0.004135254,0.02869324,False,0.028844,False
2026-06-27,RS01SLBS-MJ01A-12-VEL3DB101,3,True,2026-06-27T00:00:00Z,2026-06-27T23:59:59Z,86396,86396,0,1.0,0.999844074,1.000049795,0.00291366,0,0,1,1,-0.0,3.929443,27.3944,-2.818695e-10,0.003929247,0.02739304,False,0.025122,False
2026-06-28,RS01SLBS-MJ01A-12-VEL3DB101,3,True,2026-06-28T00:00:00Z,2026-06-28T23:59:59Z,86396,86396,0,1.0,0.999841213,1.00004991,-0.002578395,0,0,0,0,-0.0,4.06894,27.045558,-1.384252e-10,0.004068737,0.02704421,False,0.029441,False
2026-06-29,RS01SLBS-MJ01A-12-VEL3DB101,3,True,2026-06-29T00:00:00Z,2026-06-29T23:59:59Z,86396,86396,0,1.0,0.999839783,1.000049866,0.000367067,0,0,0,0,-0.0,10.009885,87.425688,-1.63681e-10,0.01000939,0.08742133,False,0.090023,False
2026-06-30,RS01SLBS-MJ01A-12-VEL3DB101,3,True,2026-06-30T00:00:00Z,2026-06-30T23:59:59Z,86395,86395,0,1.0,0.999843121,1.000049848,0.003519139,0,0,1,1,-1e-06,5.376455,47.907448,-7.69929e-10,0.005376187,0.04790506,False,0.046952,False
2026-07-01,RS01SLBS-MJ01A-12-VEL3DB101,3,True,2026-07-01T00:00:00Z,2026-07-01T23:59:59Z,86396,86396,0,1.0,0.999847412,1.000049816,-0.001069765,0,0,1,1,-0.0,3.561082,11.135291,-1.539932e-10,0.003560905,0.01113474,False,0.009004,False
2026-07-02,RS01SLBS-MJ01A-12-VEL3DB101,3,True,2026-07-02T00:00:00Z,2026-07-02T23:59:59Z,86396,86396,0,1.0,0.999848843,1.000049879,0.00256562,0,0,1,1,0.0,3.447386,11.369291,3.729317e-10,0.003447214,0.01136872,False,0.010947,False
2026-07-03,RS01SLBS-MJ01A-12-VEL3DB101,3,True,2026-07-03T00:00:00Z,2026-07-03T23:59:59Z,86395,86395,0,1.0,0.999845028,1.000049945,0.011977854,0,0,1,1,1e-06,4.859254,35.298079,6.941676e-10,0.004859012,0.03529632,False,0.029085,False
2026-07-04,RS01SLBS-MJ01A-12-VEL3DB101,3,True,2026-07-04T00:00:00Z,2026-07-04T23:59:59Z,86396,86396,0,1.0,0.999847889,1.000049911,-0.000397701,0,0,1,1,-1e-06,4.667792,29.872772,-1.116777e-09,0.004667559,0.02987128,False,0.028848,False
2026-07-05,RS01SLBS-MJ01A-12-VEL3DB101,3,True,2026-07-05T00:00:00Z,2026-07-05T23:59:59Z,86396,86396,0,1.0,0.999846935,1.000049989,0.007795706,0,0,1,1,-0.0,5.159283,26.421744,-1.950453e-10,0.005159025,0.02642042,False,0.030198,False
2026-07-06,RS01SLBS-MJ01A-12-VEL3DB101,3,True,2026-07-06T00:00:00Z,2026-07-06T23:59:59Z,86395,86395,0,1.0,0.999835968,1.00004994,0.000136442,0,0,0,0,-0.0,5.042314,13.272581,-3.184953e-10,0.005042062,0.01327192,False,0.01122,False
2026-07-07,RS01SLBS-MJ01A-12-VEL3DB101,3,True,2026-07-07T00:00:00Z,2026-07-07T23:59:59Z,86396,86396,0,1.0,0.999832153,1.000049929,0.001508905,0,0,0,0,-0.0,4.388526,28.326,-1.722966e-10,0.004388307,0.02832459,False,0.029767,False
2026-07-08,RS01SLBS-MJ01A-12-VEL3DB101,3,True,2026-07-08T00:00:00Z,2026-07-08T23:59:59Z,86396,86396,0,1.0,0.999845982,1.000049973,0.001810759,0,0,0,0,-0.0,3.780341,12.277965,-1.158783e-10,0.003780152,0.01227735,False,0.013478,False
2026-07-09,RS01SLBS-MJ01A-12-VEL3DB101,3,True,2026-07-09T00:00:00Z,2026-07-09T23:59:59Z,86395,86395,0,1.0,0.999835014,1.000050095,-0.009020516,0,0,1,1,-0.0,5.306578,42.134391,-3.691229e-10,0.005306312,0.04213228,False,0.044573,False
2026-07-10,RS01SLBS-MJ01A-12-VEL3DB101,3,True,2026-07-10T00:00:00Z,2026-07-10T23:59:59Z,86396,86396,0,1.0,0.999845982,1.000049901,0.008100969,0,0,0,0,-0.0,3.89527,13.183707,-1.483476e-10,0.003895076,0.01318305,False,0.012421,False
2026-07-11,RS01SLBS-MJ01A-12-VEL3DB101,3,True,2026-07-11T00:00:00Z,2026-07-11T23:59:59Z,86396,86396,0,1.0,0.999856949,1.000049814,-0.00580807,0,0,0,0,-0.0,3.506828,9.836915,-9.152588e-11,0.003506653,0.009836425,False,0.009144,False
2026-07-12,RS01SLBS-MJ01A-12-VEL3DB101,3,True,2026-07-12T00:00:00Z,2026-07-12T23:59:59Z,86395,86395,0,1.0,0.999851227,1.000049789,-8.8713e-05,0,0,1,1,0.0,4.483236,28.508823,2.564002e-10,0.004483013,0.0285074,False,0.030496,False
2026-07-13,RS01SLBS-MJ01A-12-VEL3DB101,3,True,2026-07-13T00:00:00Z,2026-07-13T23:59:59Z,86396,86396,0,1.0,0.999855995,1.000049765,0.003859592,0,0,1,1,0.0,5.115842,29.34744,4.285934e-10,0.005115588,0.02934598,False,0.028686,False
2026-07-14,RS01SLBS-MJ01A-12-VEL3DB101,3,True,2026-07-14T00:00:00Z,2026-07-14T23:59:59Z,86396,86396,0,1.0,0.999855042,1.000049773,-0.002406279,0,0,1,1,1e-06,3.323047,13.818284,6.077121e-10,0.003322882,0.0138176,False,0.008037,False
2026-07-15,RS01SLBS-MJ01A-12-VEL3DB101,3,True,2026-07-15T00:00:00Z,2026-07-15T23:59:59Z,86396,86396,0,1.0,0.999847889,1.000049868,-0.003227652,0,0,0,0,-0.0,5.374732,27.981194,-1.908788e-10,0.005374464,0.0279798,False,0.031375,False
2026-07-16,RS01SLBS-MJ01A-12-VEL3DB101,3,True,2026-07-16T00:00:00Z,2026-07-16T23:59:59Z,86395,86395,0,1.0,0.999847889,1.000049672,0.001658275,0,0,0,0,-0.0,6.936114,49.187508,-3.340189e-10,0.006935769,0.04918507,False,0.049644,False
2026-07-17,RS01SLBS-MJ01A-12-VEL3DB101,3,True,2026-07-17T00:00:00Z,2026-07-17T23:59:59Z,86396,86396,0,1.0,0.999846935,1.000049868,0.006897952,0,0,1,1,-1e-06,4.179811,30.068871,-7.394104e-10,0.004179602,0.03006737,False,0.029803,False
2026-07-18,RS01SLBS-MJ01A-12-VEL3DB101,3,True,2026-07-18T00:00:00Z,2026-07-18T23:59:59Z,86396,86396,0,1.0,0.999843597,1.000049718,0.010668101,0,0,0,0,-0.0,5.794145,27.612321,-1.283131e-10,0.005793857,0.02761095,False,0.028507,False
2026-07-19,RS01SLBS-MJ01A-12-VEL3DB101,3,True,2026-07-19T00:00:00Z,2026-07-19T23:59:59Z,86395,86395,0,1.0,0.999834061,1.000049892,0.008950378,0,0,0,0,-0.0,5.687122,45.63231,-3.178963e-10,0.005686839,0.04563003,False,0.046739,False
2026-07-20,RS01SLBS-MJ01A-12-VEL3DB101,3,True,2026-07-20T00:00:00Z,2026-07-20T23:59:59Z,86396,86396,0,1.0,0.999848843,1.000049805,-1.919e-06,0,0,1,1,0.0,5.11808,30.626803,2.678937e-10,0.005117825,0.03062528,False,0.029613,False
2026-07-21,RS01SLBS-MJ01A-12-VEL3DB101,3,True,2026-07-21T00:00:00Z,2026-07-21T23:59:59Z,86396,86396,0,1.0,0.999838829,1.000050278,-0.010732493,0,0,0,0,-0.0,4.65756,27.640673,-1.217776e-10,0.004657326,0.02763928,False,0.028285,False
2026-07-22,RS01SLBS-MJ01A-12-VEL3DB101,3,True,2026-07-22T00:00:00Z,2026-07-22T23:59:59Z,86395,86395,0,1.0,0.999848843,1.000050072,-0.00685335,0,0,1,1,1e-06,10.94666,90.787829,5.175409e-10,0.01094611,0.09078328,False,0.092118,False
2026-07-23,RS01SLBS-MJ01A-12-VEL3DB101,3,True,2026-07-23T00:00:00Z,2026-07-23T23:59:59Z,86396,86396,0,1.0,0.999845028,1.000050003,-0.002030449,0,0,1,1,-0.0,3.838,26.709667,-2.682167e-10,0.003837808,0.02670833,False,0.02976,False
2026-07-24,RS01SLBS-MJ01A-12-VEL3DB101,3,True,2026-07-24T00:00:00Z,2026-07-24T23:59:59Z,86396,86396,0,1.0,0.999845028,1.000049822,-0.001185195,0,0,2,2,1e-06,6.842467,44.625145,6.68077e-10,0.006842126,0.04462292,False,0.045035,False
2026-07-25,RS01SLBS-MJ01A-12-VEL3DB101,3,True,2026-07-25T00:00:00Z,2026-07-25T23:59:59Z,86395,86395,0,1.0,0.999845982,1.000049775,0.008365226,0,0,0,0,-0.0,5.624975,31.026513,-3.527638e-10,0.005624695,0.03102497,False,0.030137,False
2026-07-26,RS01SLBS-MJ01A-12-VEL3DB101,3,True,2026-07-26T00:00:00Z,2026-07-26T23:59:59Z,86396,86396,0,1.0,0.99985075,1.000049848,0.006415248,0,0,0,0,-0.0,4.52259,28.995276,-1.158537e-10,0.004522365,0.02899383,False,0.029296,False
2026-07-27,RS01SLBS-MJ01A-12-VEL3DB101,3,True,2026-07-27T00:00:00Z,2026-07-27T23:59:59Z,86396,86396,0,1.0,0.999856949,1.000049851,-0.005864749,0,0,0,0,-0.0,4.060653,32.214295,-1.255941e-10,0.00406045,0.03221269,False,0.030509,False
2026-07-28,RS01SLBS-MJ01A-12-VEL3DB101,3,True,2026-07-28T00:00:00Z,2026-07-28T23:59:59Z,86396,86396,0,1.0,0.999857903,1.000049777,-0.002460958,0,0,2,2,0.0,5.444789,31.227237,2.025431e-10,0.005444518,0.03122568,False,0.030053,False
2026-07-29,RS01SLBS-MJ01A-12-VEL3DB101,3,True,2026-07-29T00:00:00Z,2026-07-29T23:59:59Z,86395,86395,0,1.0,0.999860764,1.000049867,0.003141844,0,0,2,2,0.0,4.079162,31.798436,9.202271e-11,0.004078958,0.03179685,False,0.029419,False
2026-07-30,RS01SLBS-MJ01A-12-VEL3DB101,3,True,2026-07-30T00:00:00Z,2026-07-30T23:59:59Z,86396,86396,0,1.0,0.999864101,1.000049776,0.006344268,0,0,0,0,-0.0,3.926521,28.618785,-1.619294e-10,0.003926326,0.02861736,False,0.029415,False
2026-07-31,RS01SLBS-MJ01A-12-VEL3DB101,3,True,2026-07-31T00:00:00Z,2026-07-31T23:59:59Z,86396,86396,0,1.0,0.999853134,1.000049883,0.008862596,0,0,1,1,0.0,4.248042,18.608776,1.324602e-10,0.004247831,0.01860785,False,0.013847,False
2026-08-01,RS01SLBS-MJ01A-12-VEL3DB101,3,True,2026-08-01T00:00:00Z,2026-08-01T23:59:59Z,86395,86395,0,1.0,0.999857903,1.000049824,-0.005028066,0,0,0,0,-0.0,3.591137,27.948186,-2.855639e-10,0.003590958,0.02794679,False,0.028837,False
2026-08-02,RS01SLBS-MJ01A-12-VEL3DB101,3,True,2026-08-02T00:00:00Z,2026-08-02T23:59:59Z,86396,86396,0,1.0,0.999863625,1.000049747,0.0067646,0,0,0,0,-0.0,4.37165,30.308395,-1.486966e-10,0.004371433,0.03030689,False,0.029059,False
2026-08-03,RS01SLBS-MJ01A-12-VEL3DB101,3,True,2026-08-03T00:00:00Z,2026-08-03T23:59:59Z,86396,86396,0,1.0,0.99986887,1.000049823,0.000158801,0,0,1,1,0.0,5.58122,45.508904,1.946163e-10,0.005580942,0.04550664,False,0.046436,False
2026-08-04,RS01SLBS-MJ01A-12-VEL3DB101,3,True,2026-08-04T00:00:00Z,2026-08-04T23:59:59Z,86395,86395,0,1.0,0.999868393,1.0000498,0.006667575,0,0,1,1,0.0,3.721998,28.309976,1.748699e-10,0.003721813,0.02830857,False,0.030403,False
2026-08-05,RS01SLBS-MJ01A-12-VEL3DB101,3,True,2026-08-05T00:00:00Z,2026-08-05T23:59:59Z,86396,86396,0,1.0,0.999871731,1.000049898,0.002398488,0,0,0,0,-0.0,3.02551,9.51647,-1.514488e-10,0.003025359,0.009515995,False,0.009012,False
2026-08-06,RS01SLBS-MJ01A-12-VEL3DB101,3,True,2026-08-06T00:00:00Z,2026-08-06T23:59:59Z,86396,86396,0,1.0,0.999869823,1.000049957,-0.003640256,0,0,0,0,-0.0,5.583359,38.720076,-1.285426e-10,0.005583081,0.03871814,False,0.042193,False
2026-08-07,RS01SLBS-MJ01A-12-VEL3DB101,3,True,2026-08-07T00:00:00Z,2026-08-07T23:59:59Z,86395,86395,0,1.0,0.999865294,1.00004996,-0.001760355,0,0,0,0,-0.0,4.870383,22.246,-3.219719e-10,0.004870139,0.02224489,False,0.026539,False
2026-08-08,RS01SLBS-MJ01A-12-VEL3DB101,3,True,2026-08-08T00:00:00Z,2026-08-08T23:59:59Z,86396,86396,0,1.0,0.999869823,1.000049936,-0.004062154,0,0,0,0,-0.0,8.796342,87.887158,-1.678224e-10,0.008795903,0.08788277,False,0.090075,False
2026-08-09,RS01SLBS-MJ01A-12-VEL3DB101,3,True,2026-08-09T00:00:00Z,2026-08-09T23:59:59Z,86396,86396,0,1.0,0.999876976,1.000049979,-0.004909286,0,0,0,0,-0.0,5.129764,29.03155,-9.08226e-11,0.005129507,0.0290301,False,0.027059,False
2026-08-10,RS01SLBS-MJ01A-12-VEL3DB101,3,True,2026-08-10T00:00:00Z,2026-08-10T23:59:59Z,86395,86395,0,1.0,0.999885082,1.00004996,-0.001152918,0,0,2,2,0.0,3.632925,28.670806,3.486004e-10,0.003632744,0.02866937,False,0.030083,False
2026-08-11,RS01SLBS-MJ01A-12-VEL3DB101,3,True,2026-08-11T00:00:00Z,2026-08-11T23:59:59Z,86396,86396,0,1.0,0.999884129,1.000049978,0.006172449,0,0,1,1,0.0,3.675793,29.59324,1.901864e-11,0.003675609,0.02959176,False,0.030989,False
2026-08-12,RS01SLBS-MJ01A-12-VEL3DB101,3,True,2026-08-12T00:00:00Z,2026-08-12T23:59:59Z,86396,86396,0,1.0,0.999899864,1.000050157,0.009391326,0,0,1,1,0.0,4.711198,15.37393,1.030766e-10,0.004710962,0.01537316,False,0.00966,False
2026-08-13,RS01SLBS-MJ01A-12-VEL3DB101,3,True,2026-08-13T00:00:00Z,2026-08-13T23:59:59Z,86395,86395,0,1.0,0.999893188,1.000050095,-0.003449977,0,0,0,0,-0.0,4.756787,28.271916,-3.273261e-10,0.004756549,0.0282705,False,0.027665,False
2026-08-14,RS01SLBS-MJ01A-12-VEL3DB101,3,True,2026-08-14T00:00:00Z,2026-08-14T23:59:59Z,86396,86396,0,1.0,0.999893188,1.00005007,-0.002496905,0,0,3,3,-0.0,3.91429,24.952433,-2.483942e-10,0.003914094,0.02495118,False,0.028149,False
2026-08-15,RS01SLBS-MJ01A-12-VEL3DB101,3,True,2026-08-15T00:00:00Z,2026-08-15T23:59:59Z,86396,86396,0,1.0,0.999880791,1.000050232,0.010095061,0,0,0,0,-0.0,9.440234,34.886659,-1.406617e-10,0.009439759,0.03488491,False,0.045695,False
2026-08-16,RS01SLBS-MJ01A-12-VEL3DB101,3,True,2026-08-16T00:00:00Z,2026-08-16T23:59:59Z,86395,86395,0,1.0,0.999880314,1.000050147,-0.01334311,0,0,0,0,-0.0,4.03823,17.055955,-3.48685e-10,0.004038027,0.0170551,False,0.009372,False
2026-08-17,RS01SLBS-MJ01A-12-VEL3DB101,3,True,2026-08-17T00:00:00Z,2026-08-17T23:59:59Z,86396,86396,0,1.0,0.999876022,1.000050161,0.005211572,0,0,0,0,-0.0,4.259884,28.800337,-1.202463e-10,0.00425967,0.02879889,False,0.028868,False
2026-08-18,RS01SLBS-MJ01A-12-VEL3DB101,3,True,2026-08-18T00:00:00Z,2026-08-18T23:59:59Z,86396,86396,0,1.0,0.999873638,1.000050331,0.002114097,0,0,0,0,-0.0,4.003086,11.739936,-8.61523e-11,0.004002885,0.01173934,False,0.00819,False
2026-08-19,RS01SLBS-MJ01A-12-VEL3DB101,3,True,2026-08-19T00:00:00Z,2026-08-19T23:59:59Z,86395,86395,0,1.0,0.999891281,1.000050418,-0.000843554,0,0,1,1,0.0,4.360776,17.084278,1.619959e-10,0.004360557,0.01708342,False,0.008314,False
2026-08-20,RS01SLBS-MJ01A-12-VEL3DB101,3,True,2026-08-20T00:00:00Z,2026-08-20T23:59:59Z,86396,86396,0,1.0,0.999878407,1.000050582,0.012431611,0,0,2,2,0.0,4.129554,15.425483,3.616894e-10,0.004129345,0.0154247,False,0.009427,False
2026-08-21,RS01SLBS-MJ01A-12-VEL3DB101,3,True,2026-08-21T00:00:00Z,2026-08-21T23:59:59Z,86396,86396,0,1.0,0.999875069,1.000050619,-0.003015901,0,0,2,2,-0.0,3.749545,25.329766,-3.092782e-10,0.003749355,0.02532848,False,0.026208,False
2026-08-22,RS01SLBS-MJ01A-12-VEL3DB101,3,True,2026-08-22T00:00:00Z,2026-08-22T23:59:59Z,86395,86395,0,1.0,0.999876976,1.000050804,-0.000906015,0,0,1,1,1e-06,4.396032,29.525864,9.203082e-10,0.004395808,0.02952436,False,0.029489,False
2026-08-23,RS01SLBS-MJ01A-12-VEL3DB101,3,True,2026-08-23T00:00:00Z,2026-08-23T23:59:59Z,86396,86396,0,1.0,0.99987793,1.000050845,0.009633809,0,0,0,0,-0.0,4.827907,16.932184,-1.350671e-10,0.004827661,0.01693132,False,0.012799,False
2026-08-24,RS01SLBS-MJ01A-12-VEL3DB101,3,True,2026-08-24T00:00:00Z,2026-08-24T23:59:59Z,86396,86396,0,1.0,0.999884129,1.000050879,0.010907871,0,0,0,0,-0.0,4.499945,29.028954,-1.42168e-10,0.004499716,0.02902748,False,0.030353,False
2026-08-25,RS01SLBS-MJ01A-12-VEL3DB101,3,True,2026-08-25T00:00:00Z,2026-08-25T23:59:59Z,86395,86395,0,1.0,0.999882698,1.000050836,0.001464795,0,0,0,0,-0.0,3.46295,30.026332,-3.187416e-10,0.003462774,0.03002481,False,0.02991,False
2026-08-26,RS01SLBS-MJ01A-12-VEL3DB101,3,True,2026-08-26T00:00:00Z,2026-08-26T23:59:59Z,86396,86396,0,1.0,0.999880791,1.000050889,0.002146419,0,0,0,0,-0.0,4.181187,26.847534,-1.209368e-10,0.004180974,0.02684617,False,0.025717,False
2026-08-27,RS01SLBS-MJ01A-12-VEL3DB101,3,True,2026-08-27T00:00:00Z,2026-08-27T23:59:59Z,86395,86395,0,1.0,0.99988699,1.000050943,0.004746774,0,0,0,0,-0.0,5.482343,32.331054,-2.704264e-10,0.005482063,0.03232941,False,0.030129,False
2026-08-28,RS01SLBS-MJ01A-12-VEL3DB101,3,True,2026-08-28T00:00:00Z,2026-08-28T23:59:59Z,86396,86396,0,1.0,0.999874115,1.00005097,-0.001782542,0,0,0,0,-0.0,4.306749,30.91716,-1.364684e-10,0.004306529,0.03091558,False,0.030282,False
2026-08-29,RS01SLBS-MJ01A-12-VEL3DB101,3,True,2026-08-29T00:00:00Z,2026-08-29T23:59:59Z,86396,86396,0,1.0,0.999876022,1.000050982,-0.002448547,0,0,0,0,-0.0,3.852763,17.932133,-1.405019e-10,0.003852567,0.01793122,False,0.013368,False
2026-08-30,RS01SLBS-MJ01A-12-VEL3DB101,3,True,2026-08-30T00:00:00Z,2026-08-30T23:59:59Z,86395,86395,0,1.0,0.999890327,1.000051006,-0.003511092,0,0,0,0,-0.0,6.471181,43.124215,-3.214427e-10,0.006470851,0.04312202,False,0.047736,False
2026-08-31,RS01SLBS-MJ01A-12-VEL3DB101,3,True,2026-08-31T00:00:00Z,2026-08-31T23:59:59Z,86396,86396,0,1.0,0.999891758,1.00005103,-0.001001573,0,0,1,1,0.0,10.208861,88.67053,1.681467e-10,0.01020834,0.08866601,False,0.092022,False
2026-09-01,RS01SLBS-MJ01A-12-VEL3DB101,3,True,2026-09-01T00:00:00Z,2026-09-01T23:59:59Z,86395,86395,0,1.0,0.999895096,1.000051038,0.003421474,0,0,0,0,-0.0,4.573559,31.991736,-3.492297e-10,0.004573326,0.0319901,False,0.028622,False
2026-09-02,RS01SLBS-MJ01A-12-VEL3DB101,3,True,2026-09-02T00:00:00Z,2026-09-02T23:59:59Z,86396,86396,0,1.0,0.999888897,1.000050966,0.008636372,0,0,1,1,-0.0,4.956949,29.543563,-7.455666e-11,0.004956697,0.02954206,False,0.029703,False
2026-09-03,RS01SLBS-MJ01A-12-VEL3DB101,3,True,2026-09-03T00:00:00Z,2026-09-03T23:59:59Z,86395,86395,0,1.0,0.999898911,1.000050923,0.000434096,0,0,0,0,-0.0,3.899357,29.896184,-3.481107e-10,0.003899159,0.02989466,False,0.029924,False
2026-09-04,RS01SLBS-MJ01A-12-VEL3DB101,3,True,2026-09-04T00:00:00Z,2026-09-04T23:59:59Z,86396,86396,0,1.0,0.999903202,1.000051179,-0.003189734,0,0,0,0,-0.0,2.820419,9.15239,-1.845207e-10,0.002820274,0.009151922,False,0.008693,False
2026-09-05,RS01SLBS-MJ01A-12-VEL3DB101,3,True,2026-09-05T00:00:00Z,2026-09-05T23:59:59Z,86396,86396,0,1.0,0.999901295,1.000051223,-0.000383442,0,0,0,0,-0.0,4.084807,13.912828,-1.164293e-10,0.004084597,0.01391211,False,0.008708,False
2026-09-06,RS01SLBS-MJ01A-12-VEL3DB101,3,True,2026-09-06T00:00:00Z,2026-09-06T23:59:59Z,86395,86395,0,1.0,0.999895096,1.000050962,0.013928558,0,0,2,2,-0.0,4.788203,18.617004,-1.114339e-10,0.004787959,0.01861606,False,0.014574,False
2026-09-07,RS01SLBS-MJ01A-12-VEL3DB101,3,True,2026-09-07T00:00:00Z,2026-09-07T23:59:59Z,86396,86396,0,1.0,0.999892235,1.000051037,0.004561832,0,0,0,0,-0.0,3.882771,14.293848,-1.728588e-10,0.003882573,0.01429312,False,0.009455,False
2026-09-08,RS01SLBS-MJ01A-12-VEL3DB101,3,True,2026-09-08T00:00:00Z,2026-09-08T23:59:59Z,86395,86395,0,1.0,0.99988699,1.000050744,0.004641567,0,0,1,1,0.0,4.495267,32.08684,3.421261e-10,0.004495039,0.03208521,False,0.030336,False
2026-09-09,RS01SLBS-MJ01A-12-VEL3DB101,3,True,2026-09-09T00:00:00Z,2026-09-09T23:59:59Z,86396,86396,0,1.0,0.999887943,1.000050679,-0.000970379,0,0,1,1,1e-06,4.766098,33.404818,6.31864e-10,0.004765856,0.03340313,False,0.030436,False
2026-09-10,RS01SLBS-MJ01A-12-VEL3DB101,3,True,2026-09-10T00:00:00Z,2026-09-10T23:59:59Z,86396,86396,0,1.0,0.999892712,1.00005079,0.005184333,0,0,0,0,-0.0,4.185914,31.177075,-1.474947e-10,0.004185702,0.03117549,False,0.02653,False
2026-09-11,RS01SLBS-MJ01A-12-VEL3DB101,3,True,2026-09-11T00:00:00Z,2026-09-11T23:59:59Z,86395,86395,0,1.0,0.999891281,1.000050603,0.001839031,0,0,1,1,-0.0,5.814174,31.689553,-4.697607e-10,0.005813879,0.03168795,False,0.029148,False
2026-09-12,RS01SLBS-MJ01A-12-VEL3DB101,3,True,2026-09-12T00:00:00Z,2026-09-12T23:59:59Z,86396,86396,0,1.0,0.99989748,1.000050452,0.005133797,0,0,1,1,-0.0,4.954609,31.523241,-2.27014e-10,0.004954359,0.03152165,False,0.028907,False
2026-09-13,RS01SLBS-MJ01A-12-VEL3DB101,3,True,2026-09-13T00:00:00Z,2026-09-13T23:59:59Z,86396,86396,0,1.0,0.999888897,1.000050658,0.001894508,0,0,2,2,-0.0,3.633248,12.090747,-1.231309e-10,0.003633064,0.01209013,False,0.013003,False
2026-09-14,RS01SLBS-MJ01A-12-VEL3DB101,3,True,2026-09-14T00:00:00Z,2026-09-14T23:59:59Z,86395,86395,0,1.0,0.999891281,1.000050379,0.003798261,0,0,1,1,0.0,8.226153,87.088643,4.188521e-10,0.008225739,0.08708426,False,0.088134,False
2026-09-15,RS01SLBS-MJ01A-12-VEL3DB101,3,True,2026-09-15T00:00:00Z,2026-09-15T23:59:59Z,86396,86396,0,1.0,0.999895096,1.00005044,0.001874766,0,0,1,1,1e-06,4.172151,28.550258,5.130282e-10,0.004171941,0.02854882,False,0.029733,False
2026-09-16,RS01SLBS-MJ01A-12-VEL3DB101,3,True,2026-09-16T00:00:00Z,2026-09-16T23:59:59Z,86395,86395,0,1.0,0.999895096,1.000050295,0.003838745,0,0,1,1,0.0,4.169827,12.095086,3.170134e-10,0.004169618,0.01209448,False,0.008792,False
2026-09-17,RS01SLBS-MJ01A-12-VEL3DB101,3,True,2026-09-17T00:00:00Z,2026-09-17T23:59:59Z,86396,86396,0,1.0,0.999893188,1.000050312,0.002746506,0,0,1,1,0.0,4.213836,11.969529,2.241048e-10,0.004213624,0.01196893,False,0.008353,False
2026-09-18,RS01SLBS-MJ01A-12-VEL3DB101,3,True,2026-09-18T00:00:00Z,2026-09-18T23:59:59Z,86396,86396,0,1.0,0.99988699,1.000050385,-0.003549462,0,0,1,1,-0.0,4.414579,29.080222,-4.188705e-11,0.004414357,0.02907876,False,0.030266,False
2026-09-19,RS01SLBS-MJ01A-12-VEL3DB101,3,True,2026-09-19T00:00:00Z,2026-09-19T23:59:59Z,86395,86395,0,1.0,0.999902248,1.000050371,-0.002086829,0,0,0,0,-0.0,6.128992,53.875799,-3.150321e-10,0.006128683,0.05387309,False,0.053306,False
2026-09-20,RS01SLBS-MJ01A-12-VEL3DB101,3,True,2026-09-20T00:00:00Z,2026-09-20T23:59:59Z,86396,86396,0,1.0,0.999908447,1.000050539,-0.002656578,0,0,0,0,-0.0,3.92095,27.572723,-1.580655e-10,0.003920752,0.02757133,False,0.029936,False
2026-09-21,RS01SLBS-MJ01A-12-VEL3DB101,3,True,2026-09-21T00:00:00Z,2026-09-21T23:59:59Z,86396,86396,0,1.0,0.999898911,1.000050387,-0.000955326,0,0,0,0,-0.0,4.872067,25.76442,-1.068165e-10,0.004871821,0.02576312,False,0.024177,False
2026-09-22,RS01SLBS-MJ01A-12-VEL3DB101,3,True,2026-09-22T00:00:00Z,2026-09-22T23:59:59Z,86395,86395,0,1.0,0.999897957,1.000050193,-0.002147748,0,0,2,2,1e-06,4.716376,28.374284,1.328013e-09,0.004716139,0.02837286,False,0.029889,False
2026-09-23,RS01SLBS-MJ01A-12-VEL3DB101,3,True,2026-09-23T00:00:00Z,2026-09-23T23:59:59Z,86396,86396,0,1.0,0.999900341,1.000050212,-0.003680465,0,0,0,0,-0.0,3.897229,28.853345,-1.760429e-10,0.003897033,0.0288519,False,0.028344,False
2026-09-24,RS01SLBS-MJ01A-12-VEL3DB101,3,True,2026-09-24T00:00:00Z,2026-09-24T23:59:59Z,86396,86396,0,1.0,0.999895573,1.000050086,0.005686327,0,0,0,0,-0.0,3.694418,28.853806,-1.160979e-10,0.003694233,0.02885236,False,0.024165,False
2026-09-25,RS01SLBS-MJ01A-12-VEL3DB101,3,True,2026-09-25T00:00:00Z,2026-09-25T23:59:59Z,86395,86395,0,1.0,0.999898911,1.000050144,-0.00093577,0,0,0,0,-0.0,4.11332,25.103955,-3.099312e-10,0.004113114,0.0251027,False,0.022545,False
2026-09-26,RS01SLBS-MJ01A-12-VEL3DB101,3,True,2026-09-26T00:00:00Z,2026-09-26T23:59:59Z,86396,86396,0,1.0,0.999892235,1.000050209,0.003360395,0,0,1,1,0.0,4.510934,32.969538,4.009786e-10,0.004510708,0.03296788,False,0.030973,False
2026-09-27,RS01SLBS-MJ01A-12-VEL3DB101,3,True,2026-09-27T00:00:00Z,2026-09-27T23:59:59Z,86396,86396,0,1.0,0.999898434,1.000050147,0.005424454,0,0,1,1,1e-06,6.585207,33.193741,6.660686e-10,0.006584877,0.03319208,False,0.029029,False
2026-09-28,RS01SLBS-MJ01A-12-VEL3DB101,3,True,2026-09-28T00:00:00Z,2026-09-28T23:59:59Z,86395,86395,0,1.0,0.999901295,1.000050144,0.00199075,0,0,2,2,-0.0,4.528102,31.206954,-4.476965e-10,0.004527875,0.03120539,False,0.027605,False
2026-09-29,RS01SLBS-MJ01A-12-VEL3DB101,3,True,2026-09-29T00:00:00Z,2026-09-29T23:59:59Z,86396,86396,0,1.0,0.999898911,1.000050242,0.001014234,0,0,0,0,-0.0,3.632118,29.729185,-1.001618e-10,0.003631935,0.02972769,False,0.029367,False
2026-09-30,RS01SLBS-MJ01A-12-VEL3DB101,3,True,2026-09-30T00:00:00Z,2026-09-30T23:59:59Z,86396,86396,0,1.0,0.999894619,1.000050213,0.005360371,0,0,0,0,-0.0,4.079877,29.736888,-1.064042e-10,0.004079673,0.02973539,False,0.025944,False
