date,station,deployment,has_data,data_start,data_end,n_points,n_ideal,true_missing,sp_nominal,dt_FG,dt_true,t_i0_offset_s,n_gaps,gap_total_missing,n_gaps_raw,gap_total_missing_raw,jitter_mean_ms,jitter_std_ms,jitter_maxabs_ms,frac_mean,frac_std,frac_maxabs,jitter_unstable,max_abs_epsilon,figure_generated
2014-09-09,RS01SUM1-LJ01B-12-VEL3DB104,1,False,,,0,0,,1.0,,,,,,,,,,,,,,,,False
2014-09-10,RS01SUM1-LJ01B-12-VEL3DB104,1,False,,,0,0,,1.0,,,,,,,,,,,,,,,,False
2014-09-11,RS01SUM1-LJ01B-12-VEL3DB104,1,False,,,0,0,,1.0,,,,,,,,,,,,,,,,False
2014-09-12,RS01SUM1-LJ01B-12-VEL3DB104,1,False,,,0,0,,1.0,,,,,,,,,,,,,,,,False
2014-09-13,RS01SUM1-LJ01B-12-VEL3DB104,1,False,,,0,0,,1.0,,,,,,,,,,,,,,,,False
2014-09-14,RS01SUM1-LJ01B-12-VEL3DB104,1,False,,,0,0,,1.0,,,,,,,,,,,,,,,,False
2014-09-15,RS01SUM1-LJ01B-12-VEL3DB104,1,False,,,0,0,,1.0,,,,,,,,,,,,,,,,False
2014-09-16,RS01SUM1-LJ01B-12-VEL3DB104,1,False,,,0,0,,1.0,,,,,,,,,,,,,,,,False
2014-09-17,RS01SUM1-LJ01B-12-VEL3DB104,1,False,,,0,0,,1.0,,,,,,,,,,,,,,,,False
2014-09-18,RS01SUM1-LJ01B-12-VEL3DB104,1,True,2014-09-18T21:52:52Z,2014-09-19T00:00:00Z,7629,7629,0,1.0,1.0,1.0,0.0,0,0,0,0,-0.0,0.0,0.0,-6.594225e-12,3.629321e-12,1.273293e-11,False,0.0,False
2014-09-19,RS01SUM1-LJ01B-12-VEL3DB104,1,True,2014-09-19T00:00:00Z,2014-09-20T00:00:00Z,86401,86401,0,1.0,1.0,1.0,-0.0,0,0,0,0,1e-06,0.0,2e-06,8.497393e-10,4.854626e-10,1.688022e-09,False,0.0,False
2014-09-20,RS01SUM1-LJ01B-12-VEL3DB104,1,True,2014-09-20T00:00:00Z,2014-09-21T00:00:00Z,86401,86401,0,1.0,1.0,1.0,-0.0,0,0,0,0,1e-06,0.0,2e-06,8.497393e-10,4.854626e-10,1.688022e-09,False,0.0,False
2014-09-21,RS01SUM1-LJ01B-12-VEL3DB104,1,True,2014-09-21T00:00:00Z,2014-09-22T00:00:00Z,86401,86401,0,1.0,1.0,1.0,-0.0,0,0,0,0,1e-06,0.0,2e-06,8.497393e-10,4.854626e-10,1.688022e-09,False,0.0,False
2014-09-22,RS01SUM1-LJ01B-12-VEL3DB104,1,True,2014-09-22T00:00:00Z,2014-09-23T00:00:00Z,86401,86401,0,1.0,1.0,1.0,-0.0,0,0,0,0,1e-06,0.0,2e-06,8.497393e-10,4.854626e-10,1.688022e-09,False,0.0,False
2014-09-23,RS01SUM1-LJ01B-12-VEL3DB104,1,True,2014-09-23T00:00:00Z,2014-09-24T00:00:00Z,86401,86401,0,1.0,1.0,1.0,-0.0,0,0,0,0,1e-06,0.0,2e-06,8.497393e-10,4.854626e-10,1.688022e-09,False,0.0,False
2014-09-24,RS01SUM1-LJ01B-12-VEL3DB104,1,True,2014-09-24T00:00:00Z,2014-09-25T00:00:00Z,86401,86401,0,1.0,1.0,1.0,-0.0,0,0,0,0,1e-06,0.0,2e-06,8.497393e-10,4.854626e-10,1.688022e-09,False,0.0,False
2014-09-25,RS01SUM1-LJ01B-12-VEL3DB104,1,True,2014-09-25T00:00:00Z,2014-09-26T00:00:00Z,86401,86401,0,1.0,1.0,1.0,-0.0,0,0,0,0,1e-06,0.0,2e-06,8.497393e-10,4.854626e-10,1.688022e-09,False,0.0,False
2014-09-26,RS01SUM1-LJ01B-12-VEL3DB104,1,True,2014-09-26T00:00:00Z,2014-09-27T00:00:00Z,86401,86401,0,1.0,1.0,1.0,-0.0,0,0,0,0,1e-06,0.0,2e-06,8.497393e-10,4.854626e-10,1.688022e-09,False,0.0,False
2014-09-27,RS01SUM1-LJ01B-12-VEL3DB104,1,True,2014-09-27T00:00:00Z,2014-09-28T00:00:00Z,83761,86401,2640,1.0,1.0,1.0,-0.0,1,2640,1,2640,0.0,0.0,0.0,2.331108e-10,1.29792e-10,4.511094e-10,False,0.0,True
2014-09-28,RS01SUM1-LJ01B-12-VEL3DB104,1,True,2014-09-28T00:00:00Z,2014-09-29T00:00:00Z,86401,86401,0,1.0,1.0,1.0,-0.0,0,0,0,0,1e-06,0.0,2e-06,8.497393e-10,4.854626e-10,1.688022e-09,False,0.0,False
2014-09-29,RS01SUM1-LJ01B-12-VEL3DB104,1,True,2014-09-29T00:00:00Z,2014-09-30T00:00:00Z,86401,86401,0,1.0,1.0,1.0,-0.0,0,0,0,0,1e-06,0.0,2e-06,8.497393e-10,4.854626e-10,1.688022e-09,False,0.0,False
2014-09-30,RS01SUM1-LJ01B-12-VEL3DB104,1,True,2014-09-30T00:00:00Z,2014-10-01T00:00:00Z,86401,86401,0,1.0,1.0,1.0,-0.0,0,0,0,0,1e-06,0.0,2e-06,8.497393e-10,4.854626e-10,1.688022e-09,False,0.0,False
2014-10-01,RS01SUM1-LJ01B-12-VEL3DB104,1,True,2014-10-01T00:00:00Z,2014-10-02T00:00:00Z,86401,86401,0,1.0,1.0,1.0,-0.0,0,0,0,0,1e-06,0.0,2e-06,8.497393e-10,4.854626e-10,1.688022e-09,False,0.0,False
2014-10-02,RS01SUM1-LJ01B-12-VEL3DB104,1,True,2014-10-02T00:00:00Z,2014-10-03T00:00:00Z,86401,86401,0,1.0,1.0,1.0,-0.0,0,0,0,0,1e-06,0.0,2e-06,8.497393e-10,4.854626e-10,1.688022e-09,False,0.0,False
2014-10-03,RS01SUM1-LJ01B-12-VEL3DB104,1,True,2014-10-03T00:00:00Z,2014-10-04T00:00:00Z,86401,86401,0,1.0,1.0,1.0,-0.0,0,0,0,0,1e-06,0.0,2e-06,8.497393e-10,4.854626e-10,1.688022e-09,False,0.0,False
2014-10-04,RS01SUM1-LJ01B-12-VEL3DB104,1,True,2014-10-04T00:00:00Z,2014-10-05T00:00:00Z,86401,86401,0,1.0,1.0,1.0,-0.0,0,0,0,0,1e-06,0.0,2e-06,8.497393e-10,4.854626e-10,1.688022e-09,False,0.0,False
2014-10-05,RS01SUM1-LJ01B-12-VEL3DB104,1,True,2014-10-05T00:00:00Z,2014-10-06T00:00:00Z,86401,86401,0,1.0,1.0,1.0,-0.0,0,0,0,0,1e-06,0.0,2e-06,8.497393e-10,4.854626e-10,1.688022e-09,False,0.0,False
2014-10-06,RS01SUM1-LJ01B-12-VEL3DB104,1,True,2014-10-06T00:00:00Z,2014-10-07T00:00:00Z,86401,86401,0,1.0,1.0,1.0,-0.0,0,0,0,0,1e-06,0.0,2e-06,8.497393e-10,4.854626e-10,1.688022e-09,False,0.0,False
2014-10-07,RS01SUM1-LJ01B-12-VEL3DB104,1,True,2014-10-07T00:00:00Z,2014-10-08T00:00:00Z,86401,86401,0,1.0,1.0,1.0,-0.0,0,0,0,0,1e-06,0.0,2e-06,8.497393e-10,4.854626e-10,1.688022e-09,False,0.0,False
2014-10-08,RS01SUM1-LJ01B-12-VEL3DB104,1,True,2014-10-08T00:00:00Z,2014-10-09T00:00:00Z,86401,86401,0,1.0,1.0,1.0,-0.0,0,0,0,0,1e-06,0.0,2e-06,8.497393e-10,4.854626e-10,1.688022e-09,False,0.0,False
2014-10-09,RS01SUM1-LJ01B-12-VEL3DB104,1,True,2014-10-09T00:00:00Z,2014-10-10T00:00:00Z,86401,86401,0,1.0,1.0,1.0,-0.0,0,0,0,0,1e-06,0.0,2e-06,8.497393e-10,4.854626e-10,1.688022e-09,False,0.0,False
2014-10-10,RS01SUM1-LJ01B-12-VEL3DB104,1,True,2014-10-10T00:00:00Z,2014-10-11T00:00:00Z,86401,86401,0,1.0,1.0,1.0,-0.0,0,0,0,0,1e-06,0.0,2e-06,8.497393e-10,4.854626e-10,1.688022e-09,False,0.0,False
2014-10-11,RS01SUM1-LJ01B-12-VEL3DB104,1,True,2014-10-11T00:00:00Z,2014-10-12T00:00:00Z,86401,86401,0,1.0,1.0,1.0,-0.0,0,0,0,0,1e-06,0.0,2e-06,8.497393e-10,4.854626e-10,1.688022e-09,False,0.0,False
2014-10-12,RS01SUM1-LJ01B-12-VEL3DB104,1,True,2014-10-12T00:00:00Z,2014-10-13T00:00:00Z,86401,86401,0,1.0,1.0,1.0,-0.0,0,0,0,0,1e-06,0.0,2e-06,8.497393e-10,4.854626e-10,1.688022e-09,False,0.0,False
2014-10-13,RS01SUM1-LJ01B-12-VEL3DB104,1,True,2014-10-13T00:00:00Z,2014-10-14T00:00:00Z,86401,86401,0,1.0,1.0,1.0,-0.0,0,0,0,0,1e-06,0.0,2e-06,8.497393e-10,4.854626e-10,1.688022e-09,False,0.0,False
2014-10-14,RS01SUM1-LJ01B-12-VEL3DB104,1,True,2014-10-14T00:00:00Z,2014-10-15T00:00:00Z,86401,86401,0,1.0,1.0,1.0,-0.0,0,0,0,0,1e-06,0.0,2e-06,8.497393e-10,4.854626e-10,1.688022e-09,False,0.0,False
2014-10-15,RS01SUM1-LJ01B-12-VEL3DB104,1,True,2014-10-15T00:00:00Z,2014-10-16T00:00:00Z,86401,86401,0,1.0,1.0,1.0,-0.0,0,0,0,0,1e-06,0.0,2e-06,8.497393e-10,4.854626e-10,1.688022e-09,False,0.0,False
2014-10-16,RS01SUM1-LJ01B-12-VEL3DB104,1,True,2014-10-16T00:00:00Z,2014-10-17T00:00:00Z,86401,86401,0,1.0,1.0,1.0,-0.0,0,0,0,0,1e-06,0.0,2e-06,8.497393e-10,4.854626e-10,1.688022e-09,False,0.0,False
2014-10-17,RS01SUM1-LJ01B-12-VEL3DB104,1,True,2014-10-17T00:00:00Z,2014-10-18T00:00:00Z,86401,86401,0,1.0,1.0,1.0,-0.0,0,0,0,0,1e-06,0.0,2e-06,8.497393e-10,4.854626e-10,1.688022e-09,False,0.0,False
2014-10-18,RS01SUM1-LJ01B-12-VEL3DB104,1,True,2014-10-18T00:00:00Z,2014-10-19T00:00:00Z,86401,86401,0,1.0,1.0,1.0,-0.0,0,0,0,0,1e-06,0.0,2e-06,8.497393e-10,4.854626e-10,1.688022e-09,False,0.0,False
2014-10-19,RS01SUM1-LJ01B-12-VEL3DB104,1,True,2014-10-19T00:00:00Z,2014-10-20T00:00:00Z,86401,86401,0,1.0,1.0,1.0,-0.0,0,0,0,0,1e-06,0.0,2e-06,8.497393e-10,4.854626e-10,1.688022e-09,False,0.0,False
2014-10-20,RS01SUM1-LJ01B-12-VEL3DB104,1,True,2014-10-20T00:00:00Z,2014-10-21T00:00:00Z,86401,86401,0,1.0,1.0,1.0,-0.0,0,0,0,0,1e-06,0.0,2e-06,8.497393e-10,4.854626e-10,1.688022e-09,False,0.0,False
2014-10-21,RS01SUM1-LJ01B-12-VEL3DB104,1,True,2014-10-21T00:00:00Z,2014-10-22T00:00:00Z,86401,86401,0,1.0,1.0,1.0,-0.0,0,0,0,0,1e-06,0.0,2e-06,8.497393e-10,4.854626e-10,1.688022e-09,False,0.0,False
2014-10-22,RS01SUM1-LJ01B-12-VEL3DB104,1,True,2014-10-22T00:00:00Z,2014-10-23T00:00:00Z,86401,86401,0,1.0,1.0,1.0,-0.0,0,0,0,0,1e-06,0.0,2e-06,8.497393e-10,4.854626e-10,1.688022e-09,False,0.0,False
2014-10-23,RS01SUM1-LJ01B-12-VEL3DB104,1,True,2014-10-23T00:00:00Z,2014-10-24T00:00:00Z,86401,86401,0,1.0,1.0,1.0,-0.0,0,0,0,0,1e-06,0.0,2e-06,8.497393e-10,4.854626e-10,1.688022e-09,False,0.0,False
2014-10-24,RS01SUM1-LJ01B-12-VEL3DB104,1,True,2014-10-24T00:00:00Z,2014-10-25T00:00:00Z,86401,86401,0,1.0,1.0,1.0,-0.0,0,0,0,0,1e-06,0.0,2e-06,8.497393e-10,4.854626e-10,1.688022e-09,False,0.0,False
2014-10-25,RS01SUM1-LJ01B-12-VEL3DB104,1,True,2014-10-25T00:00:00Z,2014-10-26T00:00:00Z,86401,86401,0,1.0,1.0,1.0,-0.0,0,0,0,0,1e-06,0.0,2e-06,8.497393e-10,4.854626e-10,1.688022e-09,False,0.0,False
2014-10-26,RS01SUM1-LJ01B-12-VEL3DB104,1,True,2014-10-26T00:00:00Z,2014-10-27T00:00:00Z,86401,86401,0,1.0,1.0,1.0,-0.0,0,0,0,0,1e-06,0.0,2e-06,8.497393e-10,4.854626e-10,1.688022e-09,False,0.0,False
2014-10-27,RS01SUM1-LJ01B-12-VEL3DB104,1,True,2014-10-27T00:00:00Z,2014-10-28T00:00:00Z,86401,86401,0,1.0,1.0,1.0,-0.0,0,0,0,0,1e-06,0.0,2e-06,8.497393e-10,4.854626e-10,1.688022e-09,False,0.0,False
2014-10-28,RS01SUM1-LJ01B-12-VEL3DB104,1,True,2014-10-28T00:00:00Z,2014-10-29T00:00:00Z,86401,86401,0,1.0,1.0,1.0,-0.0,0,0,0,0,1e-06,0.0,2e-06,8.497393e-10,4.854626e-10,1.688022e-09,False,0.0,False
2014-10-29,RS01SUM1-LJ01B-12-VEL3DB104,1,True,2014-10-29T00:00:00Z,2014-10-30T00:00:00Z,86401,86401,0,1.0,1.0,1.0,-0.0,0,0,0,0,1e-06,0.0,2e-06,8.497393e-10,4.854626e-10,1.688022e-09,False,0.0,False
2014-10-30,RS01SUM1-LJ01B-12-VEL3DB104,1,True,2014-10-30T00:00:00Z,2014-10-31T00:00:00Z,42013,86401,44388,1.0,1.0,1.0,0.0,1,44388,1,44388,-0.0,0.0,0.0,-5.090857e-11,3.391308e-11,1.018634e-10,False,0.0,True
2014-10-31,RS01SUM1-LJ01B-12-VEL3DB104,1,True,2014-10-31T00:00:00Z,2014-11-01T00:00:00Z,86401,86401,0,1.0,1.0,1.0,-0.0,0,0,0,0,1e-06,0.0,2e-06,8.497393e-10,4.854626e-10,1.688022e-09,False,0.0,False
2014-11-01,RS01SUM1-LJ01B-12-VEL3DB104,1,True,2014-11-01T00:00:00Z,2014-11-02T00:00:00Z,86401,86401,0,1.0,1.0,1.0,-0.0,0,0,0,0,1e-06,0.0,2e-06,8.497393e-10,4.854626e-10,1.688022e-09,False,0.0,False
2014-11-02,RS01SUM1-LJ01B-12-VEL3DB104,1,True,2014-11-02T00:00:00Z,2014-11-03T00:00:00Z,86401,86401,0,1.0,1.0,1.0,-0.0,0,0,0,0,1e-06,0.0,2e-06,8.497393e-10,4.854626e-10,1.688022e-09,False,0.0,False
2014-11-03,RS01SUM1-LJ01B-12-VEL3DB104,1,True,2014-11-03T00:00:00Z,2014-11-04T00:00:00Z,86401,86401,0,1.0,1.0,1.0,-0.0,0,0,0,0,1e-06,0.0,2e-06,8.497393e-10,4.854626e-10,1.688022e-09,False,0.0,False
2014-11-04,RS01SUM1-LJ01B-12-VEL3DB104,1,True,2014-11-04T00:00:00Z,2014-11-04T16:02:57Z,57778,57778,0,1.0,1.0,1.0,-0.0,0,0,0,0,-0.0,0.0,0.0,-4.473811e-11,2.614199e-11,8.731149e-11,False,0.0,False
2014-11-05,RS01SUM1-LJ01B-12-VEL3DB104,1,True,2014-11-05T18:51:44Z,2014-11-06T00:00:00Z,18497,18497,0,1.0,1.0,1.0,-0.0,0,0,0,0,-0.0,0.0,0.0,-1.845303e-11,1.072233e-11,3.637979e-11,False,0.0,False
2014-11-06,RS01SUM1-LJ01B-12-VEL3DB104,1,True,2014-11-06T00:00:00Z,2014-11-07T00:00:00Z,86401,86401,0,1.0,1.0,1.0,-0.0,0,0,0,0,1e-06,0.0,2e-06,8.497393e-10,4.854626e-10,1.688022e-09,False,0.0,False
2014-11-07,RS01SUM1-LJ01B-12-VEL3DB104,1,True,2014-11-07T00:00:00Z,2014-11-08T00:00:00Z,86401,86401,0,1.0,1.0,1.0,-0.0,0,0,0,0,1e-06,0.0,2e-06,8.497393e-10,4.854626e-10,1.688022e-09,False,0.0,False
2014-11-08,RS01SUM1-LJ01B-12-VEL3DB104,1,True,2014-11-08T00:00:00Z,2014-11-09T00:00:00Z,86401,86401,0,1.0,1.0,1.0,-0.0,0,0,0,0,1e-06,0.0,2e-06,8.497393e-10,4.854626e-10,1.688022e-09,False,0.0,False
2014-11-09,RS01SUM1-LJ01B-12-VEL3DB104,1,True,2014-11-09T00:00:00Z,2014-11-10T00:00:00Z,86401,86401,0,1.0,1.0,1.0,-0.0,0,0,0,0,1e-06,0.0,2e-06,8.497393e-10,4.854626e-10,1.688022e-09,False,0.0,False
2014-11-10,RS01SUM1-LJ01B-12-VEL3DB104,1,True,2014-11-10T00:00:00Z,2014-11-11T00:00:00Z,86401,86401,0,1.0,1.0,1.0,-0.0,0,0,0,0,1e-06,0.0,2e-06,8.497393e-10,4.854626e-10,1.688022e-09,False,0.0,False
2014-11-11,RS01SUM1-LJ01B-12-VEL3DB104,1,True,2014-11-11T00:00:00Z,2014-11-12T00:00:00Z,86401,86401,0,1.0,1.0,1.0,-0.0,0,0,0,0,1e-06,0.0,2e-06,8.497393e-10,4.854626e-10,1.688022e-09,False,0.0,False
2014-11-12,RS01SUM1-LJ01B-12-VEL3DB104,1,True,2014-11-12T00:00:00Z,2014-11-13T00:00:00Z,86401,86401,0,1.0,1.0,1.0,-0.0,0,0,0,0,1e-06,0.0,2e-06,8.497393e-10,4.854626e-10,1.688022e-09,False,0.0,False
2014-11-13,RS01SUM1-LJ01B-12-VEL3DB104,1,True,2014-11-13T00:00:00Z,2014-11-14T00:00:00Z,86401,86401,0,1.0,1.0,1.0,-0.0,0,0,0,0,1e-06,0.0,2e-06,8.497393e-10,4.854626e-10,1.688022e-09,False,0.0,False
2014-11-14,RS01SUM1-LJ01B-12-VEL3DB104,1,True,2014-11-14T00:00:00Z,2014-11-14T18:32:42Z,66763,66763,0,1.0,1.0,1.0,0.0,0,0,0,0,0.0,0.0,0.0,5.544794e-11,3.277434e-11,1.164153e-10,False,0.0,False
2014-11-15,RS01SUM1-LJ01B-12-VEL3DB104,1,False,,,0,0,,1.0,,,,,,,,,,,,,,,,False
2014-11-16,RS01SUM1-LJ01B-12-VEL3DB104,1,False,,,0,0,,1.0,,,,,,,,,,,,,,,,False
2014-11-17,RS01SUM1-LJ01B-12-VEL3DB104,1,True,2014-11-17T17:58:09Z,2014-11-18T00:00:00Z,21712,21712,0,1.0,1.0,1.0,-0.0,0,0,0,0,0.0,0.0,0.0,6.259171e-11,3.518287e-11,1.236913e-10,False,0.0,False
2014-11-18,RS01SUM1-LJ01B-12-VEL3DB104,1,True,2014-11-18T00:00:00Z,2014-11-19T00:00:00Z,86401,86401,0,1.0,1.0,1.0,-0.0,0,0,0,0,1e-06,0.0,2e-06,8.497393e-10,4.854626e-10,1.688022e-09,False,0.0,False
2014-11-19,RS01SUM1-LJ01B-12-VEL3DB104,1,True,2014-11-19T00:00:00Z,2014-11-20T00:00:00Z,86401,86401,0,1.0,1.0,1.0,-0.0,0,0,0,0,1e-06,0.0,2e-06,8.497393e-10,4.854626e-10,1.688022e-09,False,0.0,False
2014-11-20,RS01SUM1-LJ01B-12-VEL3DB104,1,True,2014-11-20T00:00:00Z,2014-11-21T00:00:00Z,86401,86401,0,1.0,1.0,1.0,-0.0,0,0,0,0,1e-06,0.0,2e-06,8.497393e-10,4.854626e-10,1.688022e-09,False,0.0,False
2014-11-21,RS01SUM1-LJ01B-12-VEL3DB104,1,True,2014-11-21T00:00:00Z,2014-11-22T00:00:00Z,86401,86401,0,1.0,1.0,1.0,-0.0,0,0,0,0,1e-06,0.0,2e-06,8.497393e-10,4.854626e-10,1.688022e-09,False,0.0,False
2014-11-22,RS01SUM1-LJ01B-12-VEL3DB104,1,True,2014-11-22T00:00:00Z,2014-11-23T00:00:00Z,86401,86401,0,1.0,1.0,1.0,-0.0,0,0,0,0,1e-06,0.0,2e-06,8.497393e-10,4.854626e-10,1.688022e-09,False,0.0,False
2014-11-23,RS01SUM1-LJ01B-12-VEL3DB104,1,True,2014-11-23T00:00:00Z,2014-11-24T00:00:00Z,86401,86401,0,1.0,1.0,1.0,-0.0,0,0,0,0,1e-06,0.0,2e-06,8.497393e-10,4.854626e-10,1.688022e-09,False,0.0,False
2014-11-24,RS01SUM1-LJ01B-12-VEL3DB104,1,True,2014-11-24T00:00:00Z,2014-11-25T00:00:00Z,86401,86401,0,1.0,1.0,1.0,-0.0,0,0,0,0,1e-06,0.0,2e-06,8.497393e-10,4.854626e-10,1.688022e-09,False,0.0,False
2014-11-25,RS01SUM1-LJ01B-12-VEL3DB104,1,True,2014-11-25T00:00:00Z,2014-11-26T00:00:00Z,86401,86401,0,1.0,1.0,1.0,-0.0,0,0,0,0,1e-06,0.0,2e-06,8.497393e-10,4.854626e-10,1.688022e-09,False,0.0,False
2014-11-26,RS01SUM1-LJ01B-12-VEL3DB104,1,True,2014-11-26T00:00:00Z,2014-11-27T00:00:00Z,86401,86401,0,1.0,1.0,1.0,-0.0,0,0,0,0,1e-06,0.0,2e-06,8.497393e-10,4.854626e-10,1.688022e-09,False,0.0,False
2014-11-27,RS01SUM1-LJ01B-12-VEL3DB104,1,True,2014-11-27T00:00:00Z,2014-11-28T00:00:00Z,86401,86401,0,1.0,1.0,1.0,-0.0,0,0,0,0,1e-06,0.0,2e-06,8.497393e-10,4.854626e-10,1.688022e-09,False,0.0,False
2014-11-28,RS01SUM1-LJ01B-12-VEL3DB104,1,True,2014-11-28T00:00:00Z,2014-11-29T00:00:00Z,86401,86401,0,1.0,1.0,1.0,-0.0,0,0,0,0,1e-06,0.0,2e-06,8.497393e-10,4.854626e-10,1.688022e-09,False,0.0,False
2014-11-29,RS01SUM1-LJ01B-12-VEL3DB104,1,True,2014-11-29T00:00:00Z,2014-11-30T00:00:00Z,86401,86401,0,1.0,1.0,1.0,-0.0,0,0,0,0,1e-06,0.0,2e-06,8.497393e-10,4.854626e-10,1.688022e-09,False,0.0,False
2014-11-30,RS01SUM1-LJ01B-12-VEL3DB104,1,True,2014-11-30T00:00:00Z,2014-12-01T00:00:00Z,86401,86401,0,1.0,1.0,1.0,-0.0,0,0,0,0,1e-06,0.0,2e-06,8.497393e-10,4.854626e-10,1.688022e-09,False,0.0,False
2014-12-01,RS01SUM1-LJ01B-12-VEL3DB104,1,True,2014-12-01T00:00:00Z,2014-12-02T00:00:00Z,86401,86401,0,1.0,1.0,1.0,-0.0,0,0,0,0,1e-06,0.0,2e-06,8.497393e-10,4.854626e-10,1.688022e-09,False,0.0,False
2014-12-02,RS01SUM1-LJ01B-12-VEL3DB104,1,True,2014-12-02T00:00:00Z,2014-12-03T00:00:00Z,86401,86401,0,1.0,1.0,1.0,-0.0,0,0,0,0,1e-06,0.0,2e-06,8.497393e-10,4.854626e-10,1.688022e-09,False,0.0,False
2014-12-03,RS01SUM1-LJ01B-12-VEL3DB104,1,True,2014-12-03T00:00:00Z,2014-12-04T00:00:00Z,86401,86401,0,1.0,1.0,1.0,-0.0,0,0,0,0,1e-06,0.0,2e-06,8.497393e-10,4.854626e-10,1.688022e-09,False,0.0,False
2014-12-04,RS01SUM1-LJ01B-12-VEL3DB104,1,True,2014-12-04T00:00:00Z,2014-12-05T00:00:00Z,86401,86401,0,1.0,1.0,1.0,-0.0,0,0,0,0,1e-06,0.0,2e-06,8.497393e-10,4.854626e-10,1.688022e-09,False,0.0,False
2014-12-05,RS01SUM1-LJ01B-12-VEL3DB104,1,True,2014-12-05T00:00:00Z,2014-12-06T00:00:00Z,86401,86401,0,1.0,1.0,1.0,-0.0,0,0,0,0,1e-06,0.0,2e-06,8.497393e-10,4.854626e-10,1.688022e-09,False,0.0,False
2014-12-06,RS01SUM1-LJ01B-12-VEL3DB104,1,True,2014-12-06T00:00:00Z,2014-12-07T00:00:00Z,86401,86401,0,1.0,1.0,1.0,-0.0,0,0,0,0,1e-06,0.0,2e-06,8.497393e-10,4.854626e-10,1.688022e-09,False,0.0,False
2014-12-07,RS01SUM1-LJ01B-12-VEL3DB104,1,True,2014-12-07T00:00:00Z,2014-12-07T20:54:33Z,75274,75274,0,1.0,1.0,1.0,-0.0,0,0,0,0,0.0,0.0,0.0,1.220441e-10,6.739752e-11,2.328306e-10,False,0.0,False
2014-12-08,RS01SUM1-LJ01B-12-VEL3DB104,1,False,,,0,0,,1.0,,,,,,,,,,,,,,,,False
2014-12-09,RS01SUM1-LJ01B-12-VEL3DB104,1,False,,,0,0,,1.0,,,,,,,,,,,,,,,,False
2014-12-10,RS01SUM1-LJ01B-12-VEL3DB104,1,False,,,0,0,,1.0,,,,,,,,,,,,,,,,False
2014-12-11,RS01SUM1-LJ01B-12-VEL3DB104,1,True,2014-12-11T23:45:26Z,2014-12-12T00:00:00Z,875,875,0,1.0,1.0,1.0,0.0,0,0,0,0,-0.0,0.0,0.0,-9.845603e-13,5.078914e-13,1.818989e-12,False,0.0,False
2014-12-12,RS01SUM1-LJ01B-12-VEL3DB104,1,True,2014-12-12T00:00:00Z,2014-12-13T00:00:00Z,86401,86401,0,1.0,1.0,1.0,-0.0,0,0,0,0,1e-06,0.0,2e-06,8.497393e-10,4.854626e-10,1.688022e-09,False,0.0,False
2014-12-13,RS01SUM1-LJ01B-12-VEL3DB104,1,True,2014-12-13T00:00:00Z,2014-12-14T00:00:00Z,86401,86401,0,1.0,1.0,1.0,-0.0,0,0,0,0,1e-06,0.0,2e-06,8.497393e-10,4.854626e-10,1.688022e-09,False,0.0,False
2014-12-14,RS01SUM1-LJ01B-12-VEL3DB104,1,True,2014-12-14T00:00:00Z,2014-12-15T00:00:00Z,86401,86401,0,1.0,1.0,1.0,-0.0,0,0,0,0,1e-06,0.0,2e-06,8.497393e-10,4.854626e-10,1.688022e-09,False,0.0,False
2014-12-15,RS01SUM1-LJ01B-12-VEL3DB104,1,True,2014-12-15T00:00:00Z,2014-12-16T00:00:00Z,86401,86401,0,1.0,1.0,1.0,-0.0,0,0,0,0,1e-06,0.0,2e-06,8.497393e-10,4.854626e-10,1.688022e-09,False,0.0,False
2014-12-16,RS01SUM1-LJ01B-12-VEL3DB104,1,True,2014-12-16T00:00:00Z,2014-12-17T00:00:00Z,86401,86401,0,1.0,1.0,1.0,-0.0,0,0,0,0,1e-06,0.0,2e-06,8.497393e-10,4.854626e-10,1.688022e-09,False,0.0,False
2014-12-17,RS01SUM1-LJ01B-12-VEL3DB104,1,True,2014-12-17T00:00:00Z,2014-12-18T00:00:00Z,86401,86401,0,1.0,1.0,1.0,-0.0,0,0,0,0,1e-06,0.0,2e-06,8.497393e-10,4.854626e-10,1.688022e-09,False,0.0,False
2014-12-18,RS01SUM1-LJ01B-12-VEL3DB104,1,True,2014-12-18T00:00:00Z,2014-12-19T00:00:00Z,86401,86401,0,1.0,1.0,1.0,-0.0,0,0,0,0,1e-06,0.0,2e-06,8.497393e-10,4.854626e-10,1.688022e-09,False,0.0,False
2014-12-19,RS01SUM1-LJ01B-12-VEL3DB104,1,True,2014-12-19T00:00:00Z,2014-12-20T00:00:00Z,86401,86401,0,1.0,1.0,1.0,-0.0,0,0,0,0,1e-06,0.0,2e-06,8.497393e-10,4.854626e-10,1.688022e-09,False,0.0,False
2014-12-20,RS01SUM1-LJ01B-12-VEL3DB104,1,True,2014-12-20T00:00:00Z,2014-12-21T00:00:00Z,86401,86401,0,1.0,1.0,1.0,-0.0,0,0,0,0,1e-06,0.0,2e-06,8.497393e-10,4.854626e-10,1.688022e-09,False,0.0,False
2014-12-21,RS01SUM1-LJ01B-12-VEL3DB104,1,True,2014-12-21T00:00:00Z,2014-12-22T00:00:00Z,86401,86401,0,1.0,1.0,1.0,-0.0,0,0,0,0,1e-06,0.0,2e-06,8.497393e-10,4.854626e-10,1.688022e-09,False,0.0,False
2014-12-22,RS01SUM1-LJ01B-12-VEL3DB104,1,True,2014-12-22T00:00:00Z,2014-12-23T00:00:00Z,86401,86401,0,1.0,1.0,1.0,-0.0,0,0,0,0,1e-06,0.0,2e-06,8.497393e-10,4.854626e-10,1.688022e-09,False,0.0,False
2014-12-23,RS01SUM1-LJ01B-12-VEL3DB104,1,True,2014-12-23T00:00:00Z,2014-12-24T00:00:00Z,86401,86401,0,1.0,1.0,1.0,-0.0,0,0,0,0,1e-06,0.0,2e-06,8.497393e-10,4.854626e-10,1.688022e-09,False,0.0,False
2014-12-24,RS01SUM1-LJ01B-12-VEL3DB104,1,True,2014-12-24T00:00:00Z,2014-12-25T00:00:00Z,86401,86401,0,1.0,1.0,1.0,-0.0,0,0,0,0,1e-06,0.0,2e-06,8.497393e-10,4.854626e-10,1.688022e-09,False,0.0,False
2014-12-25,RS01SUM1-LJ01B-12-VEL3DB104,1,True,2014-12-25T00:00:00Z,2014-12-26T00:00:00Z,86401,86401,0,1.0,1.0,1.0,-0.0,0,0,0,0,1e-06,0.0,2e-06,8.497393e-10,4.854626e-10,1.688022e-09,False,0.0,False
2014-12-26,RS01SUM1-LJ01B-12-VEL3DB104,1,True,2014-12-26T00:00:00Z,2014-12-27T00:00:00Z,86401,86401,0,1.0,1.0,1.0,-0.0,0,0,0,0,1e-06,0.0,2e-06,8.497393e-10,4.854626e-10,1.688022e-09,False,0.0,False
2014-12-27,RS01SUM1-LJ01B-12-VEL3DB104,1,True,2014-12-27T00:00:00Z,2014-12-28T00:00:00Z,86401,86401,0,1.0,1.0,1.0,-0.0,0,0,0,0,1e-06,0.0,2e-06,8.497393e-10,4.854626e-10,1.688022e-09,False,0.0,False
2014-12-28,RS01SUM1-LJ01B-12-VEL3DB104,1,True,2014-12-28T00:00:00Z,2014-12-29T00:00:00Z,86401,86401,0,1.0,1.0,1.0,-0.0,0,0,0,0,1e-06,0.0,2e-06,8.497393e-10,4.854626e-10,1.688022e-09,False,0.0,False
2014-12-29,RS01SUM1-LJ01B-12-VEL3DB104,1,True,2014-12-29T00:00:00Z,2014-12-30T00:00:00Z,86401,86401,0,1.0,1.0,1.0,-0.0,0,0,0,0,1e-06,0.0,2e-06,8.497393e-10,4.854626e-10,1.688022e-09,False,0.0,False
2014-12-30,RS01SUM1-LJ01B-12-VEL3DB104,1,True,2014-12-30T00:00:00Z,2014-12-31T00:00:00Z,86401,86401,0,1.0,1.0,1.0,-0.0,0,0,0,0,1e-06,0.0,2e-06,8.497393e-10,4.854626e-10,1.688022e-09,False,0.0,False
2014-12-31,RS01SUM1-LJ01B-12-VEL3DB104,1,True,2014-12-31T00:00:00Z,2015-01-01T00:00:00Z,86401,86401,0,1.0,1.0,1.0,-0.0,0,0,0,0,1e-06,0.0,2e-06,8.497393e-10,4.854626e-10,1.688022e-09,False,0.0,False
2015-01-01,RS01SUM1-LJ01B-12-VEL3DB104,1,True,2015-01-01T00:00:00Z,2015-01-02T00:00:00Z,86401,86401,0,1.0,1.0,1.0,-0.0,0,0,0,0,1e-06,0.0,2e-06,8.497393e-10,4.854626e-10,1.688022e-09,False,0.0,False
2015-01-02,RS01SUM1-LJ01B-12-VEL3DB104,1,True,2015-01-02T00:00:00Z,2015-01-03T00:00:00Z,86401,86401,0,1.0,1.0,1.0,-0.0,0,0,0,0,1e-06,0.0,2e-06,8.497393e-10,4.854626e-10,1.688022e-09,False,0.0,False
2015-01-03,RS01SUM1-LJ01B-12-VEL3DB104,1,True,2015-01-03T00:00:00Z,2015-01-04T00:00:00Z,86401,86401,0,1.0,1.0,1.0,-0.0,0,0,0,0,1e-06,0.0,2e-06,8.497393e-10,4.854626e-10,1.688022e-09,False,0.0,False
2015-01-04,RS01SUM1-LJ01B-12-VEL3DB104,1,True,2015-01-04T00:00:00Z,2015-01-05T00:00:00Z,86401,86401,0,1.0,1.0,1.0,-0.0,0,0,0,0,1e-06,0.0,2e-06,8.497393e-10,4.854626e-10,1.688022e-09,False,0.0,False
2015-01-05,RS01SUM1-LJ01B-12-VEL3DB104,1,True,2015-01-05T00:00:00Z,2015-01-06T00:00:00Z,86401,86401,0,1.0,1.0,1.0,-0.0,0,0,0,0,1e-06,0.0,2e-06,8.497393e-10,4.854626e-10,1.688022e-09,False,0.0,False
2015-01-06,RS01SUM1-LJ01B-12-VEL3DB104,1,True,2015-01-06T00:00:00Z,2015-01-07T00:00:00Z,86401,86401,0,1.0,1.0,1.0,-0.0,0,0,0,0,1e-06,0.0,2e-06,8.497393e-10,4.854626e-10,1.688022e-09,False,0.0,False
2015-01-07,RS01SUM1-LJ01B-12-VEL3DB104,1,True,2015-01-07T00:00:00Z,2015-01-08T00:00:00Z,84381,86401,2020,1.0,1.0,1.0,-0.0,1,2020,1,2020,-0.0,0.0,1e-06,-3.479103e-10,2.011964e-10,6.8394e-10,False,0.0,True
2015-01-08,RS01SUM1-LJ01B-12-VEL3DB104,1,True,2015-01-08T00:00:00Z,2015-01-09T00:00:00Z,86401,86401,0,1.0,1.0,1.0,-0.0,0,0,0,0,1e-06,0.0,2e-06,8.497393e-10,4.854626e-10,1.688022e-09,False,0.0,False
2015-01-09,RS01SUM1-LJ01B-12-VEL3DB104,1,True,2015-01-09T00:00:00Z,2015-01-10T00:00:00Z,86401,86401,0,1.0,1.0,1.0,-0.0,0,0,0,0,1e-06,0.0,2e-06,8.497393e-10,4.854626e-10,1.688022e-09,False,0.0,False
2015-01-10,RS01SUM1-LJ01B-12-VEL3DB104,1,True,2015-01-10T00:00:00Z,2015-01-11T00:00:00Z,86401,86401,0,1.0,1.0,1.0,-0.0,0,0,0,0,1e-06,0.0,2e-06,8.497393e-10,4.854626e-10,1.688022e-09,False,0.0,False
2015-01-11,RS01SUM1-LJ01B-12-VEL3DB104,1,True,2015-01-11T00:00:00Z,2015-01-12T00:00:00Z,86401,86401,0,1.0,1.0,1.0,-0.0,0,0,0,0,1e-06,0.0,2e-06,8.497393e-10,4.854626e-10,1.688022e-09,False,0.0,False
2015-01-12,RS01SUM1-LJ01B-12-VEL3DB104,1,True,2015-01-12T00:00:00Z,2015-01-13T00:00:00Z,86401,86401,0,1.0,1.0,1.0,-0.0,0,0,0,0,1e-06,0.0,2e-06,8.497393e-10,4.854626e-10,1.688022e-09,False,0.0,False
2015-01-13,RS01SUM1-LJ01B-12-VEL3DB104,1,True,2015-01-13T00:00:00Z,2015-01-14T00:00:00Z,86401,86401,0,1.0,1.0,1.0,-0.0,0,0,0,0,1e-06,0.0,2e-06,8.497393e-10,4.854626e-10,1.688022e-09,False,0.0,False
2015-01-14,RS01SUM1-LJ01B-12-VEL3DB104,1,True,2015-01-14T00:00:00Z,2015-01-15T00:00:00Z,86401,86401,0,1.0,1.0,1.0,-0.0,0,0,0,0,1e-06,0.0,2e-06,8.497393e-10,4.854626e-10,1.688022e-09,False,0.0,False
2015-01-15,RS01SUM1-LJ01B-12-VEL3DB104,1,True,2015-01-15T00:00:00Z,2015-01-16T00:00:00Z,86401,86401,0,1.0,1.0,1.0,-0.0,0,0,0,0,1e-06,0.0,2e-06,8.497393e-10,4.854626e-10,1.688022e-09,False,0.0,False
2015-01-16,RS01SUM1-LJ01B-12-VEL3DB104,1,True,2015-01-16T00:00:00Z,2015-01-17T00:00:00Z,86401,86401,0,1.0,1.0,1.0,-0.0,0,0,0,0,1e-06,0.0,2e-06,8.497393e-10,4.854626e-10,1.688022e-09,False,0.0,False
2015-01-17,RS01SUM1-LJ01B-12-VEL3DB104,1,True,2015-01-17T00:00:00Z,2015-01-18T00:00:00Z,86401,86401,0,1.0,1.0,1.0,-0.0,0,0,0,0,1e-06,0.0,2e-06,8.497393e-10,4.854626e-10,1.688022e-09,False,0.0,False
2015-01-18,RS01SUM1-LJ01B-12-VEL3DB104,1,True,2015-01-18T00:00:00Z,2015-01-19T00:00:00Z,86401,86401,0,1.0,1.0,1.0,-0.0,0,0,0,0,1e-06,0.0,2e-06,8.497393e-10,4.854626e-10,1.688022e-09,False,0.0,False
2015-01-19,RS01SUM1-LJ01B-12-VEL3DB104,1,True,2015-01-19T00:00:00Z,2015-01-20T00:00:00Z,86401,86401,0,1.0,1.0,1.0,-0.0,0,0,0,0,1e-06,0.0,2e-06,8.497393e-10,4.854626e-10,1.688022e-09,False,0.0,False
2015-01-20,RS01SUM1-LJ01B-12-VEL3DB104,1,True,2015-01-20T00:00:00Z,2015-01-21T00:00:00Z,86401,86401,0,1.0,1.0,1.0,-0.0,0,0,0,0,1e-06,0.0,2e-06,8.497393e-10,4.854626e-10,1.688022e-09,False,0.0,False
2015-01-21,RS01SUM1-LJ01B-12-VEL3DB104,1,True,2015-01-21T00:00:00Z,2015-01-22T00:00:00Z,86401,86401,0,1.0,1.0,1.0,-0.0,0,0,0,0,1e-06,0.0,2e-06,8.497393e-10,4.854626e-10,1.688022e-09,False,0.0,False
2015-01-22,RS01SUM1-LJ01B-12-VEL3DB104,1,True,2015-01-22T00:00:00Z,2015-01-23T00:00:00Z,86401,86401,0,1.0,1.0,1.0,-0.0,0,0,0,0,1e-06,0.0,2e-06,8.497393e-10,4.854626e-10,1.688022e-09,False,0.0,False
2015-01-23,RS01SUM1-LJ01B-12-VEL3DB104,1,True,2015-01-23T00:00:00Z,2015-01-24T00:00:00Z,86401,86401,0,1.0,1.0,1.0,-0.0,0,0,0,0,1e-06,0.0,2e-06,8.497393e-10,4.854626e-10,1.688022e-09,False,0.0,False
2015-01-24,RS01SUM1-LJ01B-12-VEL3DB104,1,True,2015-01-24T00:00:00Z,2015-01-25T00:00:00Z,86401,86401,0,1.0,1.0,1.0,-0.0,0,0,0,0,1e-06,0.0,2e-06,8.497393e-10,4.854626e-10,1.688022e-09,False,0.0,False
2015-01-25,RS01SUM1-LJ01B-12-VEL3DB104,1,True,2015-01-25T00:00:00Z,2015-01-26T00:00:00Z,86401,86401,0,1.0,1.0,1.0,-0.0,0,0,0,0,1e-06,0.0,2e-06,8.497393e-10,4.854626e-10,1.688022e-09,False,0.0,False
2015-01-26,RS01SUM1-LJ01B-12-VEL3DB104,1,True,2015-01-26T00:00:00Z,2015-01-27T00:00:00Z,86401,86401,0,1.0,1.0,1.0,-0.0,0,0,0,0,1e-06,0.0,2e-06,8.497393e-10,4.854626e-10,1.688022e-09,False,0.0,False
2015-01-27,RS01SUM1-LJ01B-12-VEL3DB104,1,True,2015-01-27T00:00:00Z,2015-01-28T00:00:00Z,86401,86401,0,1.0,1.0,1.0,-0.0,0,0,0,0,1e-06,0.0,2e-06,8.497393e-10,4.854626e-10,1.688022e-09,False,0.0,False
2015-01-28,RS01SUM1-LJ01B-12-VEL3DB104,1,True,2015-01-28T00:00:00Z,2015-01-29T00:00:00Z,86401,86401,0,1.0,1.0,1.0,-0.0,0,0,0,0,1e-06,0.0,2e-06,8.497393e-10,4.854626e-10,1.688022e-09,False,0.0,False
2015-01-29,RS01SUM1-LJ01B-12-VEL3DB104,1,True,2015-01-29T00:00:00Z,2015-01-30T00:00:00Z,86401,86401,0,1.0,1.0,1.0,-0.0,0,0,0,0,1e-06,0.0,2e-06,8.497393e-10,4.854626e-10,1.688022e-09,False,0.0,False
2015-01-30,RS01SUM1-LJ01B-12-VEL3DB104,1,True,2015-01-30T00:00:00Z,2015-01-31T00:00:00Z,86028,86401,373,1.0,1.0,1.0,0.0,1,373,1,373,-0.0,0.0,0.0,-2.009079e-10,1.15427e-10,4.074536e-10,False,0.0,True
2015-01-31,RS01SUM1-LJ01B-12-VEL3DB104,1,True,2015-01-31T00:00:00Z,2015-01-31T23:58:14Z,82487,86295,3808,1.0,1.0,1.0,-0.0,12,3808,12,3808,0.0,0.0,0.0,5.640969e-11,3.045304e-11,1.164153e-10,False,0.0,True
2015-02-01,RS01SUM1-LJ01B-12-VEL3DB104,1,True,2015-02-01T18:50:37Z,2015-02-01T20:34:42Z,6246,6246,0,1.0,1.0,1.0,-0.0,0,0,0,0,0.0,0.0,0.0,5.817704e-12,3.180693e-12,1.091394e-11,False,0.0,False
2015-02-02,RS01SUM1-LJ01B-12-VEL3DB104,1,False,,,0,0,,1.0,,,,,,,,,,,,,,,,False
2015-02-03,RS01SUM1-LJ01B-12-VEL3DB104,1,True,2015-02-03T09:55:23Z,2015-02-04T00:00:00Z,50678,50678,0,1.0,1.0,1.0,-0.0,0,0,0,0,0.0,0.0,0.0,1.512324e-10,8.587288e-11,2.983143e-10,False,0.0,False
2015-02-04,RS01SUM1-LJ01B-12-VEL3DB104,1,True,2015-02-04T00:00:00Z,2015-02-04T23:07:40Z,83261,83261,0,1.0,1.0,1.0,0.0,0,0,0,0,-1e-06,0.0,1e-06,-5.922737e-10,3.373243e-10,1.178705e-09,False,0.0,False
2015-02-05,RS01SUM1-LJ01B-12-VEL3DB104,1,True,2015-02-05T01:55:54Z,2015-02-06T00:00:00Z,79447,79447,0,1.0,1.0,1.0,-0.0,0,0,0,0,0.0,0.0,1e-06,4.776957e-10,2.735619e-10,9.458745e-10,False,0.0,False
2015-02-06,RS01SUM1-LJ01B-12-VEL3DB104,1,True,2015-02-06T00:00:00Z,2015-02-07T00:00:00Z,86401,86401,0,1.0,1.0,1.0,-0.0,0,0,0,0,1e-06,0.0,2e-06,8.497393e-10,4.854626e-10,1.688022e-09,False,0.0,False
2015-02-07,RS01SUM1-LJ01B-12-VEL3DB104,1,True,2015-02-07T00:00:00Z,2015-02-08T00:00:00Z,86401,86401,0,1.0,1.0,1.0,-0.0,0,0,0,0,1e-06,0.0,2e-06,8.497393e-10,4.854626e-10,1.688022e-09,False,0.0,False
2015-02-08,RS01SUM1-LJ01B-12-VEL3DB104,1,True,2015-02-08T00:00:00Z,2015-02-09T00:00:00Z,86401,86401,0,1.0,1.0,1.0,-0.0,0,0,0,0,1e-06,0.0,2e-06,8.497393e-10,4.854626e-10,1.688022e-09,False,0.0,False
2015-02-09,RS01SUM1-LJ01B-12-VEL3DB104,1,True,2015-02-09T00:00:00Z,2015-02-10T00:00:00Z,86401,86401,0,1.0,1.0,1.0,-0.0,0,0,0,0,1e-06,0.0,2e-06,8.497393e-10,4.854626e-10,1.688022e-09,False,0.0,False
2015-02-10,RS01SUM1-LJ01B-12-VEL3DB104,1,True,2015-02-10T00:00:00Z,2015-02-11T00:00:00Z,86401,86401,0,1.0,1.0,1.0,-0.0,0,0,0,0,1e-06,0.0,2e-06,8.497393e-10,4.854626e-10,1.688022e-09,False,0.0,False
2015-02-11,RS01SUM1-LJ01B-12-VEL3DB104,1,True,2015-02-11T00:00:00Z,2015-02-12T00:00:00Z,86401,86401,0,1.0,1.0,1.0,-0.0,0,0,0,0,1e-06,0.0,2e-06,8.497393e-10,4.854626e-10,1.688022e-09,False,0.0,False
2015-02-12,RS01SUM1-LJ01B-12-VEL3DB104,1,True,2015-02-12T00:00:00Z,2015-02-13T00:00:00Z,86401,86401,0,1.0,1.0,1.0,-0.0,0,0,0,0,1e-06,0.0,2e-06,8.497393e-10,4.854626e-10,1.688022e-09,False,0.0,False
2015-02-13,RS01SUM1-LJ01B-12-VEL3DB104,1,True,2015-02-13T00:00:00Z,2015-02-14T00:00:00Z,86401,86401,0,1.0,1.0,1.0,-0.0,0,0,0,0,1e-06,0.0,2e-06,8.497393e-10,4.854626e-10,1.688022e-09,False,0.0,False
2015-02-14,RS01SUM1-LJ01B-12-VEL3DB104,1,True,2015-02-14T00:00:00Z,2015-02-15T00:00:00Z,86401,86401,0,1.0,1.0,1.0,-0.0,0,0,0,0,1e-06,0.0,2e-06,8.497393e-10,4.854626e-10,1.688022e-09,False,0.0,False
2015-02-15,RS01SUM1-LJ01B-12-VEL3DB104,1,True,2015-02-15T00:00:00Z,2015-02-16T00:00:00Z,86401,86401,0,1.0,1.0,1.0,-0.0,0,0,0,0,1e-06,0.0,2e-06,8.497393e-10,4.854626e-10,1.688022e-09,False,0.0,False
2015-02-16,RS01SUM1-LJ01B-12-VEL3DB104,1,True,2015-02-16T00:00:00Z,2015-02-17T00:00:00Z,86401,86401,0,1.0,1.0,1.0,-0.0,0,0,0,0,1e-06,0.0,2e-06,8.497393e-10,4.854626e-10,1.688022e-09,False,0.0,False
2015-02-17,RS01SUM1-LJ01B-12-VEL3DB104,1,True,2015-02-17T00:00:00Z,2015-02-18T00:00:00Z,86401,86401,0,1.0,1.0,1.0,-0.0,0,0,0,0,1e-06,0.0,2e-06,8.497393e-10,4.854626e-10,1.688022e-09,False,0.0,False
2015-02-18,RS01SUM1-LJ01B-12-VEL3DB104,1,True,2015-02-18T00:00:00Z,2015-02-19T00:00:00Z,86401,86401,0,1.0,1.0,1.0,-0.0,0,0,0,0,1e-06,0.0,2e-06,8.497393e-10,4.854626e-10,1.688022e-09,False,0.0,False
2015-02-19,RS01SUM1-LJ01B-12-VEL3DB104,1,True,2015-02-19T00:00:00Z,2015-02-20T00:00:00Z,86401,86401,0,1.0,1.0,1.0,-0.0,0,0,0,0,1e-06,0.0,2e-06,8.497393e-10,4.854626e-10,1.688022e-09,False,0.0,False
2015-02-20,RS01SUM1-LJ01B-12-VEL3DB104,1,True,2015-02-20T00:00:00Z,2015-02-21T00:00:00Z,86079,86401,322,1.0,1.0,1.0,-0.0,1,322,1,322,1e-06,0.0,1e-06,5.214938e-10,2.933743e-10,1.033186e-09,False,0.0,True
2015-02-21,RS01SUM1-LJ01B-12-VEL3DB104,1,True,2015-02-21T00:00:00Z,2015-02-22T00:00:00Z,86401,86401,0,1.0,1.0,1.0,-0.0,0,0,0,0,1e-06,0.0,2e-06,8.497393e-10,4.854626e-10,1.688022e-09,False,0.0,False
2015-02-22,RS01SUM1-LJ01B-12-VEL3DB104,1,True,2015-02-22T00:00:00Z,2015-02-23T00:00:00Z,86401,86401,0,1.0,1.0,1.0,-0.0,0,0,0,0,1e-06,0.0,2e-06,8.497393e-10,4.854626e-10,1.688022e-09,False,0.0,False
2015-02-23,RS01SUM1-LJ01B-12-VEL3DB104,1,True,2015-02-23T00:00:00Z,2015-02-24T00:00:00Z,86401,86401,0,1.0,1.0,1.0,-0.0,0,0,0,0,1e-06,0.0,2e-06,8.497393e-10,4.854626e-10,1.688022e-09,False,0.0,False
2015-02-24,RS01SUM1-LJ01B-12-VEL3DB104,1,True,2015-02-24T00:00:00Z,2015-02-25T00:00:00Z,86401,86401,0,1.0,1.0,1.0,-0.0,0,0,0,0,1e-06,0.0,2e-06,8.497393e-10,4.854626e-10,1.688022e-09,False,0.0,False
2015-02-25,RS01SUM1-LJ01B-12-VEL3DB104,1,True,2015-02-25T00:00:00Z,2015-02-26T00:00:00Z,86401,86401,0,1.0,1.0,1.0,-0.0,0,0,0,0,1e-06,0.0,2e-06,8.497393e-10,4.854626e-10,1.688022e-09,False,0.0,False
2015-02-26,RS01SUM1-LJ01B-12-VEL3DB104,1,True,2015-02-26T00:00:00Z,2015-02-27T00:00:00Z,86401,86401,0,1.0,1.0,1.0,-0.0,0,0,0,0,1e-06,0.0,2e-06,8.497393e-10,4.854626e-10,1.688022e-09,False,0.0,False
2015-02-27,RS01SUM1-LJ01B-12-VEL3DB104,1,True,2015-02-27T00:00:00Z,2015-02-28T00:00:00Z,86401,86401,0,1.0,1.0,1.0,-0.0,0,0,0,0,1e-06,0.0,2e-06,8.497393e-10,4.854626e-10,1.688022e-09,False,0.0,False
2015-02-28,RS01SUM1-LJ01B-12-VEL3DB104,1,True,2015-02-28T00:00:00Z,2015-03-01T00:00:00Z,86401,86401,0,1.0,1.0,1.0,-0.0,0,0,0,0,1e-06,0.0,2e-06,8.497393e-10,4.854626e-10,1.688022e-09,False,0.0,False
2015-03-01,RS01SUM1-LJ01B-12-VEL3DB104,1,True,2015-03-01T00:00:00Z,2015-03-02T00:00:00Z,86401,86401,0,1.0,1.0,1.0,-0.0,0,0,0,0,1e-06,0.0,2e-06,8.497393e-10,4.854626e-10,1.688022e-09,False,0.0,False
2015-03-02,RS01SUM1-LJ01B-12-VEL3DB104,1,True,2015-03-02T00:00:00Z,2015-03-03T00:00:00Z,86401,86401,0,1.0,1.0,1.0,-0.0,0,0,0,0,1e-06,0.0,2e-06,8.497393e-10,4.854626e-10,1.688022e-09,False,0.0,False
2015-03-03,RS01SUM1-LJ01B-12-VEL3DB104,1,True,2015-03-03T00:00:00Z,2015-03-04T00:00:00Z,86401,86401,0,1.0,1.0,1.0,-0.0,0,0,0,0,1e-06,0.0,2e-06,8.497393e-10,4.854626e-10,1.688022e-09,False,0.0,False
2015-03-04,RS01SUM1-LJ01B-12-VEL3DB104,1,True,2015-03-04T00:00:00Z,2015-03-05T00:00:00Z,86401,86401,0,1.0,1.0,1.0,-0.0,0,0,0,0,1e-06,0.0,2e-06,8.497393e-10,4.854626e-10,1.688022e-09,False,0.0,False
2015-03-05,RS01SUM1-LJ01B-12-VEL3DB104,1,True,2015-03-05T00:00:00Z,2015-03-06T00:00:00Z,86401,86401,0,1.0,1.0,1.0,-0.0,0,0,0,0,1e-06,0.0,2e-06,8.497393e-10,4.854626e-10,1.688022e-09,False,0.0,False
2015-03-06,RS01SUM1-LJ01B-12-VEL3DB104,1,True,2015-03-06T00:00:00Z,2015-03-07T00:00:00Z,86401,86401,0,1.0,1.0,1.0,-0.0,0,0,0,0,1e-06,0.0,2e-06,8.497393e-10,4.854626e-10,1.688022e-09,False,0.0,False
2015-03-07,RS01SUM1-LJ01B-12-VEL3DB104,1,True,2015-03-07T00:00:00Z,2015-03-07T22:56:49Z,82610,82610,0,1.0,1.0,1.0,-0.0,0,0,0,0,0.0,0.0,0.0,2.293802e-10,1.289185e-10,4.511094e-10,False,0.0,False
2015-03-08,RS01SUM1-LJ01B-12-VEL3DB104,1,False,,,0,0,,1.0,,,,,,,,,,,,,,,,False
2015-03-09,RS01SUM1-LJ01B-12-VEL3DB104,1,True,2015-03-09T07:35:41Z,2015-03-10T00:00:00Z,58730,59060,330,1.0,1.0,1.0,-0.0,1,330,1,330,0.0,0.0,1e-06,2.839358e-10,1.616861e-10,5.675247e-10,False,0.0,True
2015-03-10,RS01SUM1-LJ01B-12-VEL3DB104,1,True,2015-03-10T00:00:00Z,2015-03-11T00:00:00Z,86401,86401,0,1.0,1.0,1.0,-0.0,0,0,0,0,1e-06,0.0,2e-06,8.497393e-10,4.854626e-10,1.688022e-09,False,0.0,False
2015-03-11,RS01SUM1-LJ01B-12-VEL3DB104,1,True,2015-03-11T00:00:00Z,2015-03-12T00:00:00Z,86401,86401,0,1.0,1.0,1.0,-0.0,0,0,0,0,1e-06,0.0,2e-06,8.497393e-10,4.854626e-10,1.688022e-09,False,0.0,False
2015-03-12,RS01SUM1-LJ01B-12-VEL3DB104,1,True,2015-03-12T00:00:00Z,2015-03-13T00:00:00Z,86401,86401,0,1.0,1.0,1.0,-0.0,0,0,0,0,1e-06,0.0,2e-06,8.497393e-10,4.854626e-10,1.688022e-09,False,0.0,False
2015-03-13,RS01SUM1-LJ01B-12-VEL3DB104,1,True,2015-03-13T00:00:00Z,2015-03-14T00:00:00Z,86270,86401,131,1.0,1.0,1.0,-0.0,1,131,1,131,0.0,0.0,0.0,2.389357e-10,1.350933e-10,4.802132e-10,False,0.0,True
2015-03-14,RS01SUM1-LJ01B-12-VEL3DB104,1,True,2015-03-14T00:00:00Z,2015-03-15T00:00:00Z,86401,86401,0,1.0,1.0,1.0,-0.0,0,0,0,0,1e-06,0.0,2e-06,8.497393e-10,4.854626e-10,1.688022e-09,False,0.0,False
2015-03-15,RS01SUM1-LJ01B-12-VEL3DB104,1,True,2015-03-15T00:00:00Z,2015-03-16T00:00:00Z,86401,86401,0,1.0,1.0,1.0,-0.0,0,0,0,0,1e-06,0.0,2e-06,8.497393e-10,4.854626e-10,1.688022e-09,False,0.0,False
2015-03-16,RS01SUM1-LJ01B-12-VEL3DB104,1,True,2015-03-16T00:00:00Z,2015-03-17T00:00:00Z,86401,86401,0,1.0,1.0,1.0,-0.0,0,0,0,0,1e-06,0.0,2e-06,8.497393e-10,4.854626e-10,1.688022e-09,False,0.0,False
2015-03-17,RS01SUM1-LJ01B-12-VEL3DB104,1,True,2015-03-17T00:00:00Z,2015-03-18T00:00:00Z,86401,86401,0,1.0,1.0,1.0,-0.0,0,0,0,0,1e-06,0.0,2e-06,8.497393e-10,4.854626e-10,1.688022e-09,False,0.0,False
2015-03-18,RS01SUM1-LJ01B-12-VEL3DB104,1,True,2015-03-18T00:00:00Z,2015-03-19T00:00:00Z,86401,86401,0,1.0,1.0,1.0,-0.0,0,0,0,0,1e-06,0.0,2e-06,8.497393e-10,4.854626e-10,1.688022e-09,False,0.0,False
2015-03-19,RS01SUM1-LJ01B-12-VEL3DB104,1,True,2015-03-19T00:00:00Z,2015-03-20T00:00:00Z,86401,86401,0,1.0,1.0,1.0,-0.0,0,0,0,0,1e-06,0.0,2e-06,8.497393e-10,4.854626e-10,1.688022e-09,False,0.0,False
2015-03-20,RS01SUM1-LJ01B-12-VEL3DB104,1,True,2015-03-20T00:00:00Z,2015-03-21T00:00:00Z,86401,86401,0,1.0,1.0,1.0,-0.0,0,0,0,0,1e-06,0.0,2e-06,8.497393e-10,4.854626e-10,1.688022e-09,False,0.0,False
2015-03-21,RS01SUM1-LJ01B-12-VEL3DB104,1,True,2015-03-21T00:00:00Z,2015-03-21T14:06:40Z,50801,50801,0,1.0,1.0,1.0,-0.0,0,0,0,0,0.0,0.0,1e-06,3.176088e-10,1.788997e-10,6.257324e-10,False,0.0,False
2015-03-22,RS01SUM1-LJ01B-12-VEL3DB104,1,True,2015-03-22T02:13:52Z,2015-03-23T00:00:00Z,78369,78369,0,1.0,1.0,1.0,-0.0,0,0,0,0,0.0,0.0,1e-06,3.230579e-10,1.848566e-10,6.402843e-10,False,0.0,False
2015-03-23,RS01SUM1-LJ01B-12-VEL3DB104,1,True,2015-03-23T00:00:00Z,2015-03-24T00:00:00Z,86401,86401,0,1.0,1.0,1.0,-0.0,0,0,0,0,1e-06,0.0,2e-06,8.497393e-10,4.854626e-10,1.688022e-09,False,0.0,False
2015-03-24,RS01SUM1-LJ01B-12-VEL3DB104,1,True,2015-03-24T00:00:00Z,2015-03-25T00:00:00Z,86401,86401,0,1.0,1.0,1.0,-0.0,0,0,0,0,1e-06,0.0,2e-06,8.497393e-10,4.854626e-10,1.688022e-09,False,0.0,False
2015-03-25,RS01SUM1-LJ01B-12-VEL3DB104,1,True,2015-03-25T00:00:00Z,2015-03-26T00:00:00Z,86401,86401,0,1.0,1.0,1.0,-0.0,0,0,0,0,1e-06,0.0,2e-06,8.497393e-10,4.854626e-10,1.688022e-09,False,0.0,False
2015-03-26,RS01SUM1-LJ01B-12-VEL3DB104,1,True,2015-03-26T00:00:00Z,2015-03-27T00:00:00Z,86401,86401,0,1.0,1.0,1.0,-0.0,0,0,0,0,1e-06,0.0,2e-06,8.497393e-10,4.854626e-10,1.688022e-09,False,0.0,False
2015-03-27,RS01SUM1-LJ01B-12-VEL3DB104,1,True,2015-03-27T00:00:00Z,2015-03-28T00:00:00Z,86401,86401,0,1.0,1.0,1.0,-0.0,0,0,0,0,1e-06,0.0,2e-06,8.497393e-10,4.854626e-10,1.688022e-09,False,0.0,False
2015-03-28,RS01SUM1-LJ01B-12-VEL3DB104,1,True,2015-03-28T00:00:00Z,2015-03-29T00:00:00Z,86401,86401,0,1.0,1.0,1.0,-0.0,0,0,0,0,1e-06,0.0,2e-06,8.497393e-10,4.854626e-10,1.688022e-09,False,0.0,False
2015-03-29,RS01SUM1-LJ01B-12-VEL3DB104,1,True,2015-03-29T00:00:00Z,2015-03-30T00:00:00Z,86401,86401,0,1.0,1.0,1.0,-0.0,0,0,0,0,1e-06,0.0,2e-06,8.497393e-10,4.854626e-10,1.688022e-09,False,0.0,False
2015-03-30,RS01SUM1-LJ01B-12-VEL3DB104,1,True,2015-03-30T00:00:00Z,2015-03-31T00:00:00Z,86401,86401,0,1.0,1.0,1.0,-0.0,0,0,0,0,1e-06,0.0,2e-06,8.497393e-10,4.854626e-10,1.688022e-09,False,0.0,False
2015-03-31,RS01SUM1-LJ01B-12-VEL3DB104,1,True,2015-03-31T00:00:00Z,2015-04-01T00:00:00Z,86401,86401,0,1.0,1.0,1.0,-0.0,0,0,0,0,1e-06,0.0,2e-06,8.497393e-10,4.854626e-10,1.688022e-09,False,0.0,False
2015-04-01,RS01SUM1-LJ01B-12-VEL3DB104,1,True,2015-04-01T00:00:00Z,2015-04-02T00:00:00Z,86401,86401,0,1.0,1.0,1.0,-0.0,0,0,0,0,1e-06,0.0,2e-06,8.497393e-10,4.854626e-10,1.688022e-09,False,0.0,False
2015-04-02,RS01SUM1-LJ01B-12-VEL3DB104,1,True,2015-04-02T00:00:00Z,2015-04-03T00:00:00Z,86401,86401,0,1.0,1.0,1.0,-0.0,0,0,0,0,1e-06,0.0,2e-06,8.497393e-10,4.854626e-10,1.688022e-09,False,0.0,False
2015-04-03,RS01SUM1-LJ01B-12-VEL3DB104,1,True,2015-04-03T00:00:00Z,2015-04-04T00:00:00Z,86401,86401,0,1.0,1.0,1.0,-0.0,0,0,0,0,1e-06,0.0,2e-06,8.497393e-10,4.854626e-10,1.688022e-09,False,0.0,False
2015-04-04,RS01SUM1-LJ01B-12-VEL3DB104,1,True,2015-04-04T00:00:00Z,2015-04-05T00:00:00Z,86401,86401,0,1.0,1.0,1.0,-0.0,0,0,0,0,1e-06,0.0,2e-06,8.497393e-10,4.854626e-10,1.688022e-09,False,0.0,False
2015-04-05,RS01SUM1-LJ01B-12-VEL3DB104,1,True,2015-04-05T00:00:00Z,2015-04-06T00:00:00Z,86401,86401,0,1.0,1.0,1.0,-0.0,0,0,0,0,1e-06,0.0,2e-06,8.497393e-10,4.854626e-10,1.688022e-09,False,0.0,False
2015-04-06,RS01SUM1-LJ01B-12-VEL3DB104,1,True,2015-04-06T00:00:00Z,2015-04-07T00:00:00Z,86401,86401,0,1.0,1.0,1.0,-0.0,0,0,0,0,1e-06,0.0,2e-06,8.497393e-10,4.854626e-10,1.688022e-09,False,0.0,False
2015-04-07,RS01SUM1-LJ01B-12-VEL3DB104,1,True,2015-04-07T00:00:00Z,2015-04-08T00:00:00Z,86401,86401,0,1.0,1.0,1.0,-0.0,0,0,0,0,1e-06,0.0,2e-06,8.497393e-10,4.854626e-10,1.688022e-09,False,0.0,False
2015-04-08,RS01SUM1-LJ01B-12-VEL3DB104,1,True,2015-04-08T00:00:00Z,2015-04-09T00:00:00Z,86401,86401,0,1.0,1.0,1.0,-0.0,0,0,0,0,1e-06,0.0,2e-06,8.497393e-10,4.854626e-10,1.688022e-09,False,0.0,False
2015-04-09,RS01SUM1-LJ01B-12-VEL3DB104,1,True,2015-04-09T00:00:00Z,2015-04-10T00:00:00Z,86401,86401,0,1.0,1.0,1.0,-0.0,0,0,0,0,1e-06,0.0,2e-06,8.497393e-10,4.854626e-10,1.688022e-09,False,0.0,False
2015-04-10,RS01SUM1-LJ01B-12-VEL3DB104,1,True,2015-04-10T00:00:00Z,2015-04-11T00:00:00Z,86401,86401,0,1.0,1.0,1.0,-0.0,0,0,0,0,1e-06,0.0,2e-06,8.497393e-10,4.854626e-10,1.688022e-09,False,0.0,False
2015-04-11,RS01SUM1-LJ01B-12-VEL3DB104,1,True,2015-04-11T00:00:00Z,2015-04-12T00:00:00Z,86401,86401,0,1.0,1.0,1.0,-0.0,0,0,0,0,1e-06,0.0,2e-06,8.497393e-10,4.854626e-10,1.688022e-09,False,0.0,False
2015-04-12,RS01SUM1-LJ01B-12-VEL3DB104,1,True,2015-04-12T00:00:00Z,2015-04-13T00:00:00Z,86401,86401,0,1.0,1.0,1.0,-0.0,0,0,0,0,1e-06,0.0,2e-06,8.497393e-10,4.854626e-10,1.688022e-09,False,0.0,False
2015-04-13,RS01SUM1-LJ01B-12-VEL3DB104,1,True,2015-04-13T00:00:00Z,2015-04-14T00:00:00Z,86401,86401,0,1.0,1.0,1.0,-0.0,0,0,0,0,1e-06,0.0,2e-06,8.497393e-10,4.854626e-10,1.688022e-09,False,0.0,False
2015-04-14,RS01SUM1-LJ01B-12-VEL3DB104,1,True,2015-04-14T00:00:00Z,2015-04-15T00:00:00Z,86401,86401,0,1.0,1.0,1.0,-0.0,0,0,0,0,1e-06,0.0,2e-06,8.497393e-10,4.854626e-10,1.688022e-09,False,0.0,False
2015-04-15,RS01SUM1-LJ01B-12-VEL3DB104,1,True,2015-04-15T00:00:00Z,2015-04-16T00:00:00Z,86401,86401,0,1.0,1.0,1.0,-0.0,0,0,0,0,1e-06,0.0,2e-06,8.497393e-10,4.854626e-10,1.688022e-09,False,0.0,False
2015-04-16,RS01SUM1-LJ01B-12-VEL3DB104,1,True,2015-04-16T00:00:00Z,2015-04-17T00:00:00Z,86401,86401,0,1.0,1.0,1.0,-0.0,0,0,0,0,1e-06,0.0,2e-06,8.497393e-10,4.854626e-10,1.688022e-09,False,0.0,False
2015-04-17,RS01SUM1-LJ01B-12-VEL3DB104,1,True,2015-04-17T00:00:00Z,2015-04-18T00:00:00Z,86401,86401,0,1.0,1.0,1.0,-0.0,0,0,0,0,1e-06,0.0,2e-06,8.497393e-10,4.854626e-10,1.688022e-09,False,0.0,False
2015-04-18,RS01SUM1-LJ01B-12-VEL3DB104,1,True,2015-04-18T00:00:00Z,2015-04-19T00:00:00Z,86401,86401,0,1.0,1.0,1.0,-0.0,0,0,0,0,1e-06,0.0,2e-06,8.497393e-10,4.854626e-10,1.688022e-09,False,0.0,False
2015-04-19,RS01SUM1-LJ01B-12-VEL3DB104,1,True,2015-04-19T00:00:00Z,2015-04-20T00:00:00Z,86401,86401,0,1.0,1.0,1.0,-0.0,0,0,0,0,1e-06,0.0,2e-06,8.497393e-10,4.854626e-10,1.688022e-09,False,0.0,False
2015-04-20,RS01SUM1-LJ01B-12-VEL3DB104,1,True,2015-04-20T00:00:00Z,2015-04-21T00:00:00Z,86401,86401,0,1.0,1.0,1.0,-0.0,0,0,0,0,1e-06,0.0,2e-06,8.497393e-10,4.854626e-10,1.688022e-09,False,0.0,False
2015-04-21,RS01SUM1-LJ01B-12-VEL3DB104,1,True,2015-04-21T00:00:00Z,2015-04-22T00:00:00Z,86401,86401,0,1.0,1.0,1.0,-0.0,0,0,0,0,1e-06,0.0,2e-06,8.497393e-10,4.854626e-10,1.688022e-09,False,0.0,False
2015-04-22,RS01SUM1-LJ01B-12-VEL3DB104,1,True,2015-04-22T00:00:00Z,2015-04-23T00:00:00Z,86401,86401,0,1.0,1.0,1.0,-0.0,0,0,0,0,1e-06,0.0,2e-06,8.497393e-10,4.854626e-10,1.688022e-09,False,0.0,False
2015-04-23,RS01SUM1-LJ01B-12-VEL3DB104,1,True,2015-04-23T00:00:00Z,2015-04-24T00:00:00Z,86401,86401,0,1.0,1.0,1.0,-0.0,0,0,0,0,1e-06,0.0,2e-06,8.497393e-10,4.854626e-10,1.688022e-09,False,0.0,False
2015-04-24,RS01SUM1-LJ01B-12-VEL3DB104,1,True,2015-04-24T00:00:00Z,2015-04-25T00:00:00Z,86401,86401,0,1.0,1.0,1.0,-0.0,0,0,0,0,1e-06,0.0,2e-06,8.497393e-10,4.854626e-10,1.688022e-09,False,0.0,False
2015-04-25,RS01SUM1-LJ01B-12-VEL3DB104,1,True,2015-04-25T00:00:00Z,2015-04-26T00:00:00Z,86401,86401,0,1.0,1.0,1.0,-0.0,0,0,0,0,1e-06,0.0,2e-06,8.497393e-10,4.854626e-10,1.688022e-09,False,0.0,False
2015-04-26,RS01SUM1-LJ01B-12-VEL3DB104,1,True,2015-04-26T00:00:00Z,2015-04-27T00:00:00Z,86401,86401,0,1.0,1.0,1.0,-0.0,0,0,0,0,1e-06,0.0,2e-06,8.497393e-10,4.854626e-10,1.688022e-09,False,0.0,False
2015-04-27,RS01SUM1-LJ01B-12-VEL3DB104,1,True,2015-04-27T00:00:00Z,2015-04-28T00:00:00Z,86401,86401,0,1.0,1.0,1.0,-0.0,0,0,0,0,1e-06,0.0,2e-06,8.497393e-10,4.854626e-10,1.688022e-09,False,0.0,False
2015-04-28,RS01SUM1-LJ01B-12-VEL3DB104,1,True,2015-04-28T00:00:00Z,2015-04-29T00:00:00Z,86401,86401,0,1.0,1.0,1.0,-0.0,0,0,0,0,1e-06,0.0,2e-06,8.497393e-10,4.854626e-10,1.688022e-09,False,0.0,False
2015-04-29,RS01SUM1-LJ01B-12-VEL3DB104,1,True,2015-04-29T00:00:00Z,2015-04-30T00:00:00Z,86401,86401,0,1.0,1.0,1.0,-0.0,0,0,0,0,1e-06,0.0,2e-06,8.497393e-10,4.854626e-10,1.688022e-09,False,0.0,False
2015-04-30,RS01SUM1-LJ01B-12-VEL3DB104,1,True,2015-04-30T00:00:00Z,2015-05-01T00:00:00Z,86401,86401,0,1.0,1.0,1.0,-0.0,0,0,0,0,1e-06,0.0,2e-06,8.497393e-10,4.854626e-10,1.688022e-09,False,0.0,False
2015-05-01,RS01SUM1-LJ01B-12-VEL3DB104,1,True,2015-05-01T00:00:00Z,2015-05-02T00:00:00Z,86401,86401,0,1.0,1.0,1.0,-0.0,0,0,0,0,1e-06,0.0,2e-06,8.497393e-10,4.854626e-10,1.688022e-09,False,0.0,False
2015-05-02,RS01SUM1-LJ01B-12-VEL3DB104,1,True,2015-05-02T00:00:00Z,2015-05-03T00:00:00Z,86401,86401,0,1.0,1.0,1.0,-0.0,0,0,0,0,1e-06,0.0,2e-06,8.497393e-10,4.854626e-10,1.688022e-09,False,0.0,False
2015-05-03,RS01SUM1-LJ01B-12-VEL3DB104,1,True,2015-05-03T00:00:00Z,2015-05-04T00:00:00Z,86401,86401,0,1.0,1.0,1.0,-0.0,0,0,0,0,1e-06,0.0,2e-06,8.497393e-10,4.854626e-10,1.688022e-09,False,0.0,False
2015-05-04,RS01SUM1-LJ01B-12-VEL3DB104,1,True,2015-05-04T00:00:00Z,2015-05-05T00:00:00Z,86401,86401,0,1.0,1.0,1.0,-0.0,0,0,0,0,1e-06,0.0,2e-06,8.497393e-10,4.854626e-10,1.688022e-09,False,0.0,False
2015-05-05,RS01SUM1-LJ01B-12-VEL3DB104,1,True,2015-05-05T00:00:00Z,2015-05-06T00:00:00Z,86401,86401,0,1.0,1.0,1.0,-0.0,0,0,0,0,1e-06,0.0,2e-06,8.497393e-10,4.854626e-10,1.688022e-09,False,0.0,False
2015-05-06,RS01SUM1-LJ01B-12-VEL3DB104,1,True,2015-05-06T00:00:00Z,2015-05-07T00:00:00Z,86401,86401,0,1.0,1.0,1.0,-0.0,0,0,0,0,1e-06,0.0,2e-06,8.497393e-10,4.854626e-10,1.688022e-09,False,0.0,False
2015-05-07,RS01SUM1-LJ01B-12-VEL3DB104,1,True,2015-05-07T00:00:00Z,2015-05-08T00:00:00Z,86401,86401,0,1.0,1.0,1.0,-0.0,0,0,0,0,1e-06,0.0,2e-06,8.497393e-10,4.854626e-10,1.688022e-09,False,0.0,False
2015-05-08,RS01SUM1-LJ01B-12-VEL3DB104,1,True,2015-05-08T00:00:00Z,2015-05-09T00:00:00Z,86401,86401,0,1.0,1.0,1.0,-0.0,0,0,0,0,1e-06,0.0,2e-06,8.497393e-10,4.854626e-10,1.688022e-09,False,0.0,False
2015-05-09,RS01SUM1-LJ01B-12-VEL3DB104,1,True,2015-05-09T00:00:00Z,2015-05-10T00:00:00Z,86401,86401,0,1.0,1.0,1.0,-0.0,0,0,0,0,1e-06,0.0,2e-06,8.497393e-10,4.854626e-10,1.688022e-09,False,0.0,False
2015-05-10,RS01SUM1-LJ01B-12-VEL3DB104,1,True,2015-05-10T00:00:00Z,2015-05-11T00:00:00Z,86401,86401,0,1.0,1.0,1.0,-0.0,0,0,0,0,1e-06,0.0,2e-06,8.497393e-10,4.854626e-10,1.688022e-09,False,0.0,False
2015-05-11,RS01SUM1-LJ01B-12-VEL3DB104,1,True,2015-05-11T00:00:00Z,2015-05-12T00:00:00Z,86401,86401,0,1.0,1.0,1.0,-0.0,0,0,0,0,1e-06,0.0,2e-06,8.497393e-10,4.854626e-10,1.688022e-09,False,0.0,False
2015-05-12,RS01SUM1-LJ01B-12-VEL3DB104,1,True,2015-05-12T00:00:00Z,2015-05-13T00:00:00Z,86401,86401,0,1.0,1.0,1.0,-0.0,0,0,0,0,1e-06,0.0,2e-06,8.497393e-10,4.854626e-10,1.688022e-09,False,0.0,False
2015-05-13,RS01SUM1-LJ01B-12-VEL3DB104,1,True,2015-05-13T00:00:00Z,2015-05-14T00:00:00Z,86401,86401,0,1.0,1.0,1.0,-0.0,0,0,0,0,1e-06,0.0,2e-06,8.497393e-10,4.854626e-10,1.688022e-09,False,0.0,False
2015-05-14,RS01SUM1-LJ01B-12-VEL3DB104,1,True,2015-05-14T00:00:00Z,2015-05-15T00:00:00Z,86401,86401,0,1.0,1.0,1.0,-0.0,0,0,0,0,1e-06,0.0,2e-06,8.497393e-10,4.854626e-10,1.688022e-09,False,0.0,False
2015-05-15,RS01SUM1-LJ01B-12-VEL3DB104,1,True,2015-05-15T00:00:00Z,2015-05-16T00:00:00Z,86401,86401,0,1.0,1.0,1.0,-0.0,0,0,0,0,1e-06,0.0,2e-06,8.497393e-10,4.854626e-10,1.688022e-09,False,0.0,False
2015-05-16,RS01SUM1-LJ01B-12-VEL3DB104,1,True,2015-05-16T00:00:00Z,2015-05-17T00:00:00Z,86401,86401,0,1.0,1.0,1.0,-0.0,0,0,0,0,1e-06,0.0,2e-06,8.497393e-10,4.854626e-10,1.688022e-09,False,0.0,False
2015-05-17,RS01SUM1-LJ01B-12-VEL3DB104,1,True,2015-05-17T00:00:00Z,2015-05-18T00:00:00Z,86401,86401,0,1.0,1.0,1.0,-0.0,0,0,0,0,1e-06,0.0,2e-06,8.497393e-10,4.854626e-10,1.688022e-09,False,0.0,False
2015-05-18,RS01SUM1-LJ01B-12-VEL3DB104,1,True,2015-05-18T00:00:00Z,2015-05-19T00:00:00Z,86401,86401,0,1.0,1.0,1.0,-0.0,0,0,0,0,1e-06,0.0,2e-06,8.497393e-10,4.854626e-10,1.688022e-09,False,0.0,False
2015-05-19,RS01SUM1-LJ01B-12-VEL3DB104,1,True,2015-05-19T00:00:00Z,2015-05-20T00:00:00Z,80154,86401,6247,1.0,1.0,1.0,-0.0,1,6247,1,6247,0.0,0.0,0.0,1.614798e-10,8.874404e-11,3.346941e-10,False,0.0,True
2015-05-20,RS01SUM1-LJ01B-12-VEL3DB104,1,True,2015-05-20T00:00:00Z,2015-05-21T00:00:00Z,86401,86401,0,1.0,1.0,1.0,-0.0,0,0,0,0,1e-06,0.0,2e-06,8.497393e-10,4.854626e-10,1.688022e-09,False,0.0,False
2015-05-21,RS01SUM1-LJ01B-12-VEL3DB104,1,True,2015-05-21T00:00:00Z,2015-05-22T00:00:00Z,86401,86401,0,1.0,1.0,1.0,-0.0,0,0,0,0,1e-06,0.0,2e-06,8.497393e-10,4.854626e-10,1.688022e-09,False,0.0,False
2015-05-22,RS01SUM1-LJ01B-12-VEL3DB104,1,True,2015-05-22T00:00:00Z,2015-05-23T00:00:00Z,86401,86401,0,1.0,1.0,1.0,-0.0,0,0,0,0,1e-06,0.0,2e-06,8.497393e-10,4.854626e-10,1.688022e-09,False,0.0,False
2015-05-23,RS01SUM1-LJ01B-12-VEL3DB104,1,True,2015-05-23T00:00:00Z,2015-05-24T00:00:00Z,86401,86401,0,1.0,1.0,1.0,-0.0,0,0,0,0,1e-06,0.0,2e-06,8.497393e-10,4.854626e-10,1.688022e-09,False,0.0,False
2015-05-24,RS01SUM1-LJ01B-12-VEL3DB104,1,True,2015-05-24T00:00:00Z,2015-05-25T00:00:00Z,86401,86401,0,1.0,1.0,1.0,-0.0,0,0,0,0,1e-06,0.0,2e-06,8.497393e-10,4.854626e-10,1.688022e-09,False,0.0,False
2015-05-25,RS01SUM1-LJ01B-12-VEL3DB104,1,True,2015-05-25T00:00:00Z,2015-05-26T00:00:00Z,86401,86401,0,1.0,1.0,1.0,-0.0,0,0,0,0,1e-06,0.0,2e-06,8.497393e-10,4.854626e-10,1.688022e-09,False,0.0,False
2015-05-26,RS01SUM1-LJ01B-12-VEL3DB104,1,True,2015-05-26T00:00:00Z,2015-05-27T00:00:00Z,86401,86401,0,1.0,1.0,1.0,-0.0,0,0,0,0,1e-06,0.0,2e-06,8.497393e-10,4.854626e-10,1.688022e-09,False,0.0,False
2015-05-27,RS01SUM1-LJ01B-12-VEL3DB104,1,True,2015-05-27T00:00:00Z,2015-05-28T00:00:00Z,86401,86401,0,1.0,1.0,1.0,-0.0,0,0,0,0,1e-06,0.0,2e-06,8.497393e-10,4.854626e-10,1.688022e-09,False,0.0,False
2015-05-28,RS01SUM1-LJ01B-12-VEL3DB104,1,True,2015-05-28T00:00:00Z,2015-05-29T00:00:00Z,86401,86401,0,1.0,1.0,1.0,-0.0,0,0,0,0,1e-06,0.0,2e-06,8.497393e-10,4.854626e-10,1.688022e-09,False,0.0,False
2015-05-29,RS01SUM1-LJ01B-12-VEL3DB104,1,True,2015-05-29T00:00:00Z,2015-05-30T00:00:00Z,86401,86401,0,1.0,1.0,1.0,-0.0,0,0,0,0,1e-06,0.0,2e-06,8.497393e-10,4.854626e-10,1.688022e-09,False,0.0,False
2015-05-30,RS01SUM1-LJ01B-12-VEL3DB104,1,True,2015-05-30T00:00:00Z,2015-05-31T00:00:00Z,86401,86401,0,1.0,1.0,1.0,-0.0,0,0,0,0,1e-06,0.0,2e-06,8.497393e-10,4.854626e-10,1.688022e-09,False,0.0,False
2015-05-31,RS01SUM1-LJ01B-12-VEL3DB104,1,True,2015-05-31T00:00:00Z,2015-06-01T00:00:00Z,86401,86401,0,1.0,1.0,1.0,-0.0,0,0,0,0,1e-06,0.0,2e-06,8.497393e-10,4.854626e-10,1.688022e-09,False,0.0,False
2015-06-01,RS01SUM1-LJ01B-12-VEL3DB104,1,True,2015-06-01T00:00:00Z,2015-06-02T00:00:00Z,86401,86401,0,1.0,1.0,1.0,-0.0,0,0,0,0,1e-06,0.0,2e-06,8.497393e-10,4.854626e-10,1.688022e-09,False,0.0,False
2015-06-02,RS01SUM1-LJ01B-12-VEL3DB104,1,True,2015-06-02T00:00:00Z,2015-06-03T00:00:00Z,86401,86401,0,1.0,1.0,1.0,-0.0,0,0,0,0,1e-06,0.0,2e-06,8.497393e-10,4.854626e-10,1.688022e-09,False,0.0,False
2015-06-03,RS01SUM1-LJ01B-12-VEL3DB104,1,True,2015-06-03T00:00:00Z,2015-06-04T00:00:00Z,86401,86401,0,1.0,1.0,1.0,-0.0,0,0,0,0,1e-06,0.0,2e-06,8.497393e-10,4.854626e-10,1.688022e-09,False,0.0,False
2015-06-04,RS01SUM1-LJ01B-12-VEL3DB104,1,True,2015-06-04T00:00:00Z,2015-06-05T00:00:00Z,86401,86401,0,1.0,1.0,1.0,-0.0,0,0,0,0,1e-06,0.0,2e-06,8.497393e-10,4.854626e-10,1.688022e-09,False,0.0,False
2015-06-05,RS01SUM1-LJ01B-12-VEL3DB104,1,True,2015-06-05T00:00:00Z,2015-06-06T00:00:00Z,86401,86401,0,1.0,1.0,1.0,-0.0,0,0,0,0,1e-06,0.0,2e-06,8.497393e-10,4.854626e-10,1.688022e-09,False,0.0,False
2015-06-06,RS01SUM1-LJ01B-12-VEL3DB104,1,True,2015-06-06T00:00:00Z,2015-06-07T00:00:00Z,86401,86401,0,1.0,1.0,1.0,-0.0,0,0,0,0,1e-06,0.0,2e-06,8.497393e-10,4.854626e-10,1.688022e-09,False,0.0,False
2015-06-07,RS01SUM1-LJ01B-12-VEL3DB104,1,True,2015-06-07T00:00:00Z,2015-06-08T00:00:00Z,86401,86401,0,1.0,1.0,1.0,-0.0,0,0,0,0,1e-06,0.0,2e-06,8.497393e-10,4.854626e-10,1.688022e-09,False,0.0,False
2015-06-08,RS01SUM1-LJ01B-12-VEL3DB104,1,True,2015-06-08T00:00:00Z,2015-06-09T00:00:00Z,86401,86401,0,1.0,1.0,1.0,-0.0,0,0,0,0,1e-06,0.0,2e-06,8.497393e-10,4.854626e-10,1.688022e-09,False,0.0,False
2015-06-09,RS01SUM1-LJ01B-12-VEL3DB104,1,True,2015-06-09T00:00:00Z,2015-06-10T00:00:00Z,86401,86401,0,1.0,1.0,1.0,-0.0,0,0,0,0,1e-06,0.0,2e-06,8.497393e-10,4.854626e-10,1.688022e-09,False,0.0,False
2015-06-10,RS01SUM1-LJ01B-12-VEL3DB104,1,True,2015-06-10T00:00:00Z,2015-06-11T00:00:00Z,86401,86401,0,1.0,1.0,1.0,-0.0,0,0,0,0,1e-06,0.0,2e-06,8.497393e-10,4.854626e-10,1.688022e-09,False,0.0,False
2015-06-11,RS01SUM1-LJ01B-12-VEL3DB104,1,True,2015-06-11T00:00:00Z,2015-06-12T00:00:00Z,86401,86401,0,1.0,1.0,1.0,-0.0,0,0,0,0,1e-06,0.0,2e-06,8.497393e-10,4.854626e-10,1.688022e-09,False,0.0,False
2015-06-12,RS01SUM1-LJ01B-12-VEL3DB104,1,True,2015-06-12T00:00:00Z,2015-06-13T00:00:00Z,86401,86401,0,1.0,1.0,1.0,-0.0,0,0,0,0,1e-06,0.0,2e-06,8.497393e-10,4.854626e-10,1.688022e-09,False,0.0,False
2015-06-13,RS01SUM1-LJ01B-12-VEL3DB104,1,True,2015-06-13T00:00:00Z,2015-06-14T00:00:00Z,86401,86401,0,1.0,1.0,1.0,-0.0,0,0,0,0,1e-06,0.0,2e-06,8.497393e-10,4.854626e-10,1.688022e-09,False,0.0,False
2015-06-14,RS01SUM1-LJ01B-12-VEL3DB104,1,True,2015-06-14T00:00:00Z,2015-06-15T00:00:00Z,86401,86401,0,1.0,1.0,1.0,-0.0,0,0,0,0,1e-06,0.0,2e-06,8.497393e-10,4.854626e-10,1.688022e-09,False,0.0,False
2015-06-15,RS01SUM1-LJ01B-12-VEL3DB104,1,True,2015-06-15T00:00:00Z,2015-06-16T00:00:00Z,38605,86401,47796,1.0,1.0,1.0,0.0,2,47796,2,47796,-0.0,0.0,1e-06,-4.462679e-10,2.450587e-10,6.984919e-10,False,0.0,True
2015-06-16,RS01SUM1-LJ01B-12-VEL3DB104,1,True,2015-06-16T00:00:00Z,2015-06-17T00:00:00Z,86401,86401,0,1.0,1.0,1.0,-0.0,0,0,0,0,1e-06,0.0,2e-06,8.497393e-10,4.854626e-10,1.688022e-09,False,0.0,False
2015-06-17,RS01SUM1-LJ01B-12-VEL3DB104,1,True,2015-06-17T00:00:00Z,2015-06-18T00:00:00Z,86401,86401,0,1.0,1.0,1.0,-0.0,0,0,0,0,1e-06,0.0,2e-06,8.497393e-10,4.854626e-10,1.688022e-09,False,0.0,False
2015-06-18,RS01SUM1-LJ01B-12-VEL3DB104,1,True,2015-06-18T00:00:00Z,2015-06-19T00:00:00Z,86401,86401,0,1.0,1.0,1.0,-0.0,0,0,0,0,1e-06,0.0,2e-06,8.497393e-10,4.854626e-10,1.688022e-09,False,0.0,False
2015-06-19,RS01SUM1-LJ01B-12-VEL3DB104,1,True,2015-06-19T00:00:00Z,2015-06-20T00:00:00Z,86401,86401,0,1.0,1.0,1.0,-0.0,0,0,0,0,1e-06,0.0,2e-06,8.497393e-10,4.854626e-10,1.688022e-09,False,0.0,False
2015-06-20,RS01SUM1-LJ01B-12-VEL3DB104,1,True,2015-06-20T00:00:00Z,2015-06-21T00:00:00Z,86401,86401,0,1.0,1.0,1.0,-0.0,0,0,0,0,1e-06,0.0,2e-06,8.497393e-10,4.854626e-10,1.688022e-09,False,0.0,False
2015-06-21,RS01SUM1-LJ01B-12-VEL3DB104,1,True,2015-06-21T00:00:00Z,2015-06-22T00:00:00Z,86401,86401,0,1.0,1.0,1.0,-0.0,0,0,0,0,1e-06,0.0,2e-06,8.497393e-10,4.854626e-10,1.688022e-09,False,0.0,False
2015-06-22,RS01SUM1-LJ01B-12-VEL3DB104,1,True,2015-06-22T00:00:00Z,2015-06-23T00:00:00Z,86401,86401,0,1.0,1.0,1.0,-0.0,0,0,0,0,1e-06,0.0,2e-06,8.497393e-10,4.854626e-10,1.688022e-09,False,0.0,False
2015-06-23,RS01SUM1-LJ01B-12-VEL3DB104,1,True,2015-06-23T00:00:00Z,2015-06-24T00:00:00Z,86401,86401,0,1.0,1.0,1.0,-0.0,0,0,0,0,1e-06,0.0,2e-06,8.497393e-10,4.854626e-10,1.688022e-09,False,0.0,False
2015-06-24,RS01SUM1-LJ01B-12-VEL3DB104,1,True,2015-06-24T00:00:00Z,2015-06-25T00:00:00Z,86401,86401,0,1.0,1.0,1.0,-0.0,0,0,0,0,1e-06,0.0,2e-06,8.497393e-10,4.854626e-10,1.688022e-09,False,0.0,False
2015-06-25,RS01SUM1-LJ01B-12-VEL3DB104,1,True,2015-06-25T00:00:00Z,2015-06-26T00:00:00Z,86401,86401,0,1.0,1.0,1.0,-0.0,0,0,0,0,1e-06,0.0,2e-06,8.497393e-10,4.854626e-10,1.688022e-09,False,0.0,False
2015-06-26,RS01SUM1-LJ01B-12-VEL3DB104,1,True,2015-06-26T00:00:00Z,2015-06-27T00:00:00Z,86401,86401,0,1.0,1.0,1.0,-0.0,0,0,0,0,1e-06,0.0,2e-06,8.497393e-10,4.854626e-10,1.688022e-09,False,0.0,False
2015-06-27,RS01SUM1-LJ01B-12-VEL3DB104,1,True,2015-06-27T00:00:00Z,2015-06-28T00:00:00Z,86401,86401,0,1.0,1.0,1.0,-0.0,0,0,0,0,1e-06,0.0,2e-06,8.497393e-10,4.854626e-10,1.688022e-09,False,0.0,False
2015-06-28,RS01SUM1-LJ01B-12-VEL3DB104,1,True,2015-06-28T00:00:00Z,2015-06-29T00:00:00Z,86401,86401,0,1.0,1.0,1.0,-0.0,0,0,0,0,1e-06,0.0,2e-06,8.497393e-10,4.854626e-10,1.688022e-09,False,0.0,False
2015-06-29,RS01SUM1-LJ01B-12-VEL3DB104,1,True,2015-06-29T00:00:00Z,2015-06-30T00:00:00Z,86401,86401,0,1.0,1.0,1.0,-0.0,0,0,0,0,1e-06,0.0,2e-06,8.497393e-10,4.854626e-10,1.688022e-09,False,0.0,False
2015-06-30,RS01SUM1-LJ01B-12-VEL3DB104,1,True,2015-06-30T00:00:00Z,2015-07-01T00:00:00Z,84675,86401,1726,1.0,1.0,1.0,0.0,1,1726,1,1726,-1e-06,0.0,1e-06,-6.982703e-10,3.973384e-10,1.382432e-09,False,0.0,True
2015-07-01,RS01SUM1-LJ01B-12-VEL3DB104,1,True,2015-07-01T00:00:00Z,2015-07-02T00:00:00Z,86401,86401,0,1.0,1.0,1.0,-0.0,0,0,0,0,1e-06,0.0,2e-06,8.497393e-10,4.854626e-10,1.688022e-09,False,0.0,False
2015-07-02,RS01SUM1-LJ01B-12-VEL3DB104,1,True,2015-07-02T00:00:00Z,2015-07-03T00:00:00Z,86401,86401,0,1.0,1.0,1.0,-0.0,0,0,0,0,1e-06,0.0,2e-06,8.497393e-10,4.854626e-10,1.688022e-09,False,0.0,False
2015-07-03,RS01SUM1-LJ01B-12-VEL3DB104,1,True,2015-07-03T00:00:00Z,2015-07-04T00:00:00Z,86270,86401,131,1.0,1.0,1.0,-0.0,1,131,1,131,1e-06,1e-06,2e-06,8.77199e-10,5.022147e-10,1.74623e-09,False,0.0,True
2015-07-04,RS01SUM1-LJ01B-12-VEL3DB104,1,True,2015-07-04T00:00:00Z,2015-07-05T00:00:00Z,86401,86401,0,1.0,1.0,1.0,-0.0,0,0,0,0,1e-06,0.0,2e-06,8.497393e-10,4.854626e-10,1.688022e-09,False,0.0,False
2015-07-05,RS01SUM1-LJ01B-12-VEL3DB104,1,True,2015-07-05T00:00:00Z,2015-07-06T00:00:00Z,86401,86401,0,1.0,1.0,1.0,-0.0,0,0,0,0,1e-06,0.0,2e-06,8.497393e-10,4.854626e-10,1.688022e-09,False,0.0,False
2015-07-06,RS01SUM1-LJ01B-12-VEL3DB104,1,True,2015-07-06T00:00:00Z,2015-07-07T00:00:00Z,86401,86401,0,1.0,1.0,1.0,-0.0,0,0,0,0,1e-06,0.0,2e-06,8.497393e-10,4.854626e-10,1.688022e-09,False,0.0,False
2015-07-07,RS01SUM1-LJ01B-12-VEL3DB104,1,True,2015-07-07T00:00:00Z,2015-07-08T00:00:00Z,86401,86401,0,1.0,1.0,1.0,-0.0,0,0,0,0,1e-06,0.0,2e-06,8.497393e-10,4.854626e-10,1.688022e-09,False,0.0,False
2015-07-08,RS01SUM1-LJ01B-12-VEL3DB104,1,True,2015-07-08T00:00:00Z,2015-07-09T00:00:00Z,86401,86401,0,1.0,1.0,1.0,-0.0,0,0,0,0,1e-06,0.0,2e-06,8.497393e-10,4.854626e-10,1.688022e-09,False,0.0,False
2015-07-09,RS01SUM1-LJ01B-12-VEL3DB104,1,True,2015-07-09T00:00:00Z,2015-07-10T00:00:00Z,86401,86401,0,1.0,1.0,1.0,-0.0,0,0,0,0,1e-06,0.0,2e-06,8.497393e-10,4.854626e-10,1.688022e-09,False,0.0,False
2015-07-10,RS01SUM1-LJ01B-12-VEL3DB104,1,True,2015-07-10T00:00:00Z,2015-07-11T00:00:00Z,85956,86401,445,1.0,1.0,1.0,-0.0,1,445,1,445,1e-06,0.0,2e-06,8.360377e-10,4.785542e-10,1.658918e-09,False,0.0,True
2015-07-11,RS01SUM1-LJ01B-12-VEL3DB104,1,True,2015-07-11T00:00:00Z,2015-07-12T00:00:00Z,86401,86401,0,1.0,1.0,1.0,-0.0,0,0,0,0,1e-06,0.0,2e-06,8.497393e-10,4.854626e-10,1.688022e-09,False,0.0,False
2015-07-12,RS01SUM1-LJ01B-12-VEL3DB104,1,True,2015-07-12T00:00:00Z,2015-07-13T00:00:00Z,86401,86401,0,1.0,1.0,1.0,-0.0,0,0,0,0,1e-06,0.0,2e-06,8.497393e-10,4.854626e-10,1.688022e-09,False,0.0,False
2015-07-13,RS01SUM1-LJ01B-12-VEL3DB104,1,True,2015-07-13T00:00:00Z,2015-07-14T00:00:00Z,86401,86401,0,1.0,1.0,1.0,-0.0,0,0,0,0,1e-06,0.0,2e-06,8.497393e-10,4.854626e-10,1.688022e-09,False,0.0,False
2015-07-14,RS01SUM1-LJ01B-12-VEL3DB104,1,True,2015-07-14T00:00:00Z,2015-07-15T00:00:00Z,86401,86401,0,1.0,1.0,1.0,-0.0,0,0,0,0,1e-06,0.0,2e-06,8.497393e-10,4.854626e-10,1.688022e-09,False,0.0,False
2015-07-15,RS01SUM1-LJ01B-12-VEL3DB104,1,True,2015-07-15T00:00:00Z,2015-07-16T00:00:00Z,50319,86401,36082,1.0,1.0,1.0,0.0,1,36082,1,36082,0.0,0.0,0.0,3.234654e-11,2.543341e-11,1.018634e-10,False,0.0,True
2015-07-16,RS01SUM1-LJ01B-12-VEL3DB104,1,True,2015-07-16T00:00:00Z,2015-07-17T00:00:00Z,85962,86401,439,1.0,1.0,1.0,-0.0,1,439,1,439,-0.0,0.0,0.0,-2.087847e-10,1.228867e-10,4.220055e-10,False,0.0,True
2015-07-17,RS01SUM1-LJ01B-12-VEL3DB104,1,True,2015-07-17T00:00:00Z,2015-07-18T00:00:00Z,86401,86401,0,1.0,1.0,1.0,-0.0,0,0,0,0,1e-06,0.0,2e-06,8.497393e-10,4.854626e-10,1.688022e-09,False,0.0,False
2015-07-18,RS01SUM1-LJ01B-12-VEL3DB104,1,True,2015-07-18T00:00:00Z,2015-07-19T00:00:00Z,86401,86401,0,1.0,1.0,1.0,-0.0,0,0,0,0,1e-06,0.0,2e-06,8.497393e-10,4.854626e-10,1.688022e-09,False,0.0,False
2015-07-19,RS01SUM1-LJ01B-12-VEL3DB104,1,True,2015-07-19T00:00:00Z,2015-07-20T00:00:00Z,86401,86401,0,1.0,1.0,1.0,-0.0,0,0,0,0,1e-06,0.0,2e-06,8.497393e-10,4.854626e-10,1.688022e-09,False,0.0,False
2015-07-20,RS01SUM1-LJ01B-12-VEL3DB104,1,True,2015-07-20T00:00:00Z,2015-07-21T00:00:00Z,86401,86401,0,1.0,1.0,1.0,-0.0,0,0,0,0,1e-06,0.0,2e-06,8.497393e-10,4.854626e-10,1.688022e-09,False,0.0,False
2015-07-21,RS01SUM1-LJ01B-12-VEL3DB104,1,True,2015-07-21T00:00:00Z,2015-07-22T00:00:00Z,86401,86401,0,1.0,1.0,1.0,-0.0,0,0,0,0,1e-06,0.0,2e-06,8.497393e-10,4.854626e-10,1.688022e-09,False,0.0,False
2015-07-22,RS01SUM1-LJ01B-12-VEL3DB104,1,True,2015-07-22T00:00:00Z,2015-07-23T00:00:00Z,86401,86401,0,1.0,1.0,1.0,-0.0,0,0,0,0,1e-06,0.0,2e-06,8.497393e-10,4.854626e-10,1.688022e-09,False,0.0,False
2015-07-23,RS01SUM1-LJ01B-12-VEL3DB104,1,True,2015-07-23T00:00:00Z,2015-07-24T00:00:00Z,86401,86401,0,1.0,1.0,1.0,-0.0,0,0,0,0,1e-06,0.0,2e-06,8.497393e-10,4.854626e-10,1.688022e-09,False,0.0,False
2015-07-24,RS01SUM1-LJ01B-12-VEL3DB104,1,True,2015-07-24T00:00:00Z,2015-07-25T00:00:00Z,86401,86401,0,1.0,1.0,1.0,-0.0,0,0,0,0,1e-06,0.0,2e-06,8.497393e-10,4.854626e-10,1.688022e-09,False,0.0,False
2015-07-25,RS01SUM1-LJ01B-12-VEL3DB104,1,True,2015-07-25T00:00:00Z,2015-07-26T00:00:00Z,86401,86401,0,1.0,1.0,1.0,-0.0,0,0,0,0,1e-06,0.0,2e-06,8.497393e-10,4.854626e-10,1.688022e-09,False,0.0,False
2015-07-26,RS01SUM1-LJ01B-12-VEL3DB104,1,True,2015-07-26T00:00:00Z,2015-07-27T00:00:00Z,86401,86401,0,1.0,1.0,1.0,-0.0,0,0,0,0,1e-06,0.0,2e-06,8.497393e-10,4.854626e-10,1.688022e-09,False,0.0,False
2015-07-27,RS01SUM1-LJ01B-12-VEL3DB104,1,True,2015-07-27T00:00:00Z,2015-07-28T00:00:00Z,86401,86401,0,1.0,1.0,1.0,-0.0,0,0,0,0,1e-06,0.0,2e-06,8.497393e-10,4.854626e-10,1.688022e-09,False,0.0,False
2015-07-28,RS01SUM1-LJ01B-12-VEL3DB104,1,True,2015-07-28T00:00:00Z,2015-07-29T00:00:00Z,86401,86401,0,1.0,1.0,1.0,-0.0,0,0,0,0,1e-06,0.0,2e-06,8.497393e-10,4.854626e-10,1.688022e-09,False,0.0,False
2015-07-29,RS01SUM1-LJ01B-12-VEL3DB104,1,True,2015-07-29T00:00:00Z,2015-07-30T00:00:00Z,86401,86401,0,1.0,1.0,1.0,-0.0,0,0,0,0,1e-06,0.0,2e-06,8.497393e-10,4.854626e-10,1.688022e-09,False,0.0,False
2015-07-30,RS01SUM1-LJ01B-12-VEL3DB104,1,True,2015-07-30T00:00:00Z,2015-07-31T00:00:00Z,86401,86401,0,1.0,1.0,1.0,-0.0,0,0,0,0,1e-06,0.0,2e-06,8.497393e-10,4.854626e-10,1.688022e-09,False,0.0,False
2015-07-31,RS01SUM1-LJ01B-12-VEL3DB104,1,True,2015-07-31T00:00:00Z,2015-08-01T00:00:00Z,86401,86401,0,1.0,1.0,1.0,-0.0,0,0,0,0,1e-06,0.0,2e-06,8.497393e-10,4.854626e-10,1.688022e-09,False,0.0,False
2015-08-01,RS01SUM1-LJ01B-12-VEL3DB104,1,True,2015-08-01T00:00:00Z,2015-08-02T00:00:00Z,86401,86401,0,1.0,1.0,1.0,-0.0,0,0,0,0,1e-06,0.0,2e-06,8.497393e-10,4.854626e-10,1.688022e-09,False,0.0,False
2015-08-02,RS01SUM1-LJ01B-12-VEL3DB104,1,True,2015-08-02T00:00:00Z,2015-08-03T00:00:00Z,86401,86401,0,1.0,1.0,1.0,-0.0,0,0,0,0,1e-06,0.0,2e-06,8.497393e-10,4.854626e-10,1.688022e-09,False,0.0,False
2015-08-03,RS01SUM1-LJ01B-12-VEL3DB104,1,True,2015-08-03T00:00:00Z,2015-08-04T00:00:00Z,86401,86401,0,1.0,1.0,1.0,-0.0,0,0,0,0,1e-06,0.0,2e-06,8.497393e-10,4.854626e-10,1.688022e-09,False,0.0,False
2015-08-04,RS01SUM1-LJ01B-12-VEL3DB104,1,True,2015-08-04T00:00:00Z,2015-08-05T00:00:00Z,86401,86401,0,1.0,1.0,1.0,-0.0,0,0,0,0,1e-06,0.0,2e-06,8.497393e-10,4.854626e-10,1.688022e-09,False,0.0,False
2015-08-05,RS01SUM1-LJ01B-12-VEL3DB104,1,True,2015-08-05T00:00:00Z,2015-08-06T00:00:00Z,86401,86401,0,1.0,1.0,1.0,-0.0,0,0,0,0,1e-06,0.0,2e-06,8.497393e-10,4.854626e-10,1.688022e-09,False,0.0,False
2015-08-06,RS01SUM1-LJ01B-12-VEL3DB104,1,True,2015-08-06T00:00:00Z,2015-08-07T00:00:00Z,86401,86401,0,1.0,1.0,1.0,-0.0,0,0,0,0,1e-06,0.0,2e-06,8.497393e-10,4.854626e-10,1.688022e-09,False,0.0,False
2015-08-07,RS01SUM1-LJ01B-12-VEL3DB104,1,True,2015-08-07T00:00:00Z,2015-08-08T00:00:00Z,86401,86401,0,1.0,1.0,1.0,-0.0,0,0,0,0,1e-06,0.0,2e-06,8.497393e-10,4.854626e-10,1.688022e-09,False,0.0,False
2015-08-08,RS01SUM1-LJ01B-12-VEL3DB104,1,True,2015-08-08T00:00:00Z,2015-08-09T00:00:00Z,86401,86401,0,1.0,1.0,1.0,-0.0,0,0,0,0,1e-06,0.0,2e-06,8.497393e-10,4.854626e-10,1.688022e-09,False,0.0,False
2015-08-09,RS01SUM1-LJ01B-12-VEL3DB104,1,True,2015-08-09T00:00:00Z,2015-08-10T00:00:00Z,86401,86401,0,1.0,1.0,1.0,-0.0,0,0,0,0,1e-06,0.0,2e-06,8.497393e-10,4.854626e-10,1.688022e-09,False,0.0,False
2015-08-10,RS01SUM1-LJ01B-12-VEL3DB104,1,True,2015-08-10T00:00:00Z,2015-08-11T00:00:00Z,86401,86401,0,1.0,1.0,1.0,-0.0,0,0,0,0,1e-06,0.0,2e-06,8.497393e-10,4.854626e-10,1.688022e-09,False,0.0,False
2015-08-11,RS01SUM1-LJ01B-12-VEL3DB104,1,True,2015-08-11T00:00:00Z,2015-08-12T00:00:00Z,83885,86401,2516,1.0,1.0,1.0,0.0,2425,2516,2425,2516,0.0,0.0,0.0,5.660559e-11,3.842116e-11,1.309672e-10,False,0.0,True
2015-08-12,RS01SUM1-LJ01B-12-VEL3DB104,1,True,2015-08-12T00:00:00Z,2015-08-12T20:36:13Z,71291,74174,2883,1.0,1.0,1.0,0.0,2778,2883,2778,2883,-1e-06,0.0,1e-06,-6.165657e-10,3.460728e-10,1.222361e-09,False,0.0,True
2015-08-13,RS01SUM1-LJ01B-12-VEL3DB104,1,True,2015-08-13T00:00:00Z,2015-08-13T23:59:59Z,86396,86396,0,1.0,0.999884129,1.000045816,0.000217795,0,0,0,0,-0.0,2.81427,9.834987,-1.21269e-10,0.002814141,0.009834536,False,0.008585,False
2015-08-14,RS01SUM1-LJ01B-12-VEL3DB104,1,True,2015-08-14T00:00:00Z,2015-08-14T23:59:59Z,86396,86396,0,1.0,0.999869823,1.000045812,0.001815593,0,0,1,1,-0.0,1.812124,6.660211,-1.24435e-11,0.001812041,0.006659905,False,0.006764,False
2015-08-15,RS01SUM1-LJ01B-12-VEL3DB104,1,True,2015-08-15T00:00:00Z,2015-08-15T14:05:22Z,50721,50721,0,1.0,0.999894142,1.000045722,0.001643674,0,0,0,0,0.0,1.388874,5.021136,1.924362e-10,0.001388811,0.005020906,False,0.004541,False
2015-08-16,RS01SUM1-LJ01B-12-VEL3DB104,1,True,2015-08-16T02:30:47Z,2015-08-16T23:59:59Z,77349,77349,0,1.0,1.00001812,1.000045835,-0.000807081,0,0,0,0,0.0,4.601924,15.182394,2.828546e-10,0.004601713,0.0151817,False,0.015636,False
2015-08-17,RS01SUM1-LJ01B-12-VEL3DB104,1,True,2015-08-17T00:00:00Z,2015-08-17T23:59:59Z,86396,86396,0,1.0,0.999884129,1.000045823,0.005572491,0,0,1,1,-0.0,3.992196,16.948815,-1.44254e-10,0.003992013,0.01694804,False,0.015222,False
2015-08-18,RS01SUM1-LJ01B-12-VEL3DB104,1,True,2015-08-18T00:00:00Z,2015-08-18T23:59:59Z,86396,86396,0,1.0,0.999958992,1.000045851,0.00269724,0,0,0,0,-0.0,3.504388,15.796794,-1.253554e-10,0.003504228,0.01579607,False,0.014368,False
2015-08-19,RS01SUM1-LJ01B-12-VEL3DB104,1,True,2015-08-19T00:00:00Z,2015-08-19T23:59:59Z,86396,86396,0,1.0,0.999895096,1.000045925,-0.00445221,0,0,1,1,0.0,3.862859,14.726801,7.703518e-11,0.003862682,0.01472612,False,0.014562,False
2015-08-20,RS01SUM1-LJ01B-12-VEL3DB104,1,True,2015-08-20T00:00:00Z,2015-08-20T23:59:59Z,86396,86396,0,1.0,0.999929905,1.000045872,-0.001533838,0,0,0,0,-0.0,3.728056,16.822767,-1.557675e-10,0.003727885,0.016822,False,0.015086,False
2015-08-21,RS01SUM1-LJ01B-12-VEL3DB104,1,True,2015-08-21T00:00:00Z,2015-08-21T23:59:59Z,81901,86396,4495,1.0,1.000032902,1.000045826,0.000223101,2,4495,2,4496,-0.0,3.168945,14.264507,-8.513358e-11,0.003168799,0.01426385,False,0.059878,True
2015-08-22,RS01SUM1-LJ01B-12-VEL3DB104,1,True,2015-08-22T00:00:00Z,2015-08-22T23:59:59Z,86396,86396,0,1.0,0.999920368,1.000045909,-0.001877795,0,0,0,0,-0.0,4.448749,14.198328,-1.2048e-10,0.004448544,0.01419768,False,0.013932,False
2015-08-23,RS01SUM1-LJ01B-12-VEL3DB104,1,True,2015-08-23T00:00:00Z,2015-08-23T23:59:59Z,86396,86396,0,1.0,0.999929905,1.000045938,-0.002584469,0,0,0,0,-0.0,3.041157,14.82532,-1.223875e-10,0.003041017,0.01482464,False,0.014849,False
2015-08-24,RS01SUM1-LJ01B-12-VEL3DB104,1,True,2015-08-24T00:00:00Z,2015-08-24T23:59:59Z,86396,86396,0,1.0,0.999919891,1.000045858,-0.002802672,0,0,0,0,-0.0,2.086171,6.478069,-1.499535e-10,0.002086076,0.006477772,False,0.007075,False
2015-08-25,RS01SUM1-LJ01B-12-VEL3DB104,1,True,2015-08-25T00:00:00Z,2015-08-25T23:59:59Z,86396,86396,0,1.0,0.999893188,1.000045902,-0.005503208,0,0,0,0,-0.0,3.204775,15.535356,-1.057272e-10,0.003204628,0.01553464,False,0.014362,False
2015-08-26,RS01SUM1-LJ01B-12-VEL3DB104,1,True,2015-08-26T00:00:00Z,2015-08-26T23:59:59Z,86396,86396,0,1.0,0.999969959,1.000045908,-0.003227151,0,0,2,2,-1e-06,4.856323,13.491243,-6.437298e-10,0.0048561,0.01349062,False,0.014918,False
2015-08-27,RS01SUM1-LJ01B-12-VEL3DB104,1,True,2015-08-27T00:00:00Z,2015-08-27T23:59:59Z,86396,86396,0,1.0,0.999976158,1.000045989,0.001320315,0,0,0,0,-0.0,4.022701,16.002113,-1.361033e-10,0.004022516,0.01600138,False,0.014767,False
2015-08-28,RS01SUM1-LJ01B-12-VEL3DB104,1,True,2015-08-28T00:00:00Z,2015-08-28T23:59:59Z,86396,86396,0,1.0,0.999928951,1.000046086,0.00020657,0,0,0,0,-0.0,3.589465,17.775241,-1.504179e-10,0.003589299,0.01777442,False,0.014475,False
2015-08-29,RS01SUM1-LJ01B-12-VEL3DB104,1,True,2015-08-29T00:00:00Z,2015-08-29T23:59:59Z,85033,86396,1363,1.0,0.999950886,1.000046046,-0.001331094,2,1363,2,1364,0.0,2.120062,10.704649,4.192264e-10,0.002119964,0.01070416,False,0.129477,True
2015-08-30,RS01SUM1-LJ01B-12-VEL3DB104,1,True,2015-08-30T00:00:00Z,2015-08-30T23:59:59Z,86397,86397,0,1.0,0.999945641,1.000045941,-0.000142147,0,0,0,0,-0.0,1.967065,13.978238,-1.937296e-10,0.001966975,0.0139776,False,0.013524,False
2015-08-31,RS01SUM1-LJ01B-12-VEL3DB104,1,True,2015-08-31T00:00:00Z,2015-08-31T23:59:59Z,86396,86396,0,1.0,0.999919891,1.000045848,0.001573595,0,0,0,0,-0.0,2.350152,13.262679,-1.808119e-10,0.002350044,0.01326207,False,0.011904,False
2015-09-01,RS01SUM1-LJ01B-12-VEL3DB104,1,True,2015-09-01T00:00:00Z,2015-09-01T23:59:59Z,86396,86396,0,1.0,0.999907017,1.000045865,0.001066916,0,0,2,2,0.0,1.888183,6.585897,1.932048e-10,0.001888096,0.006585595,False,0.007794,False
2015-09-02,RS01SUM1-LJ01B-12-VEL3DB104,1,True,2015-09-02T00:00:00Z,2015-09-02T23:59:59Z,86396,86396,0,1.0,0.999917984,1.00004584,0.005260682,0,0,0,0,-0.0,3.262891,11.112543,-1.312738e-10,0.003262741,0.01111203,False,0.009459,False
2015-09-03,RS01SUM1-LJ01B-12-VEL3DB104,1,True,2015-09-03T00:00:00Z,2015-09-03T23:59:59Z,86396,86396,0,1.0,0.999919891,1.000045922,0.001746869,0,0,0,0,-0.0,1.866948,8.036943,-1.046305e-10,0.001866862,0.008036573,False,0.006844,False
2015-09-04,RS01SUM1-LJ01B-12-VEL3DB104,1,True,2015-09-04T00:00:00Z,2015-09-04T23:59:59Z,86396,86396,0,1.0,0.999913692,1.000045964,-0.002223386,0,0,0,0,-0.0,2.054645,8.872581,-1.991063e-10,0.002054551,0.008872173,False,0.007366,False
2015-09-05,RS01SUM1-LJ01B-12-VEL3DB104,1,True,2015-09-05T00:00:00Z,2015-09-05T23:59:59Z,86396,86396,0,1.0,0.9998703,1.000045884,0.001389045,0,0,0,0,-0.0,1.704172,7.871151,-1.232258e-10,0.001704094,0.00787079,False,0.00764,False
2015-09-06,RS01SUM1-LJ01B-12-VEL3DB104,1,True,2015-09-06T00:00:00Z,2015-09-06T23:59:59Z,86396,86396,0,1.0,0.999875069,1.000045883,-6.933e-06,0,0,2,2,-0.0,2.003932,8.309255,-6.413843e-11,0.00200384,0.008308874,False,0.00688,False
2015-09-07,RS01SUM1-LJ01B-12-VEL3DB104,1,True,2015-09-07T00:00:00Z,2015-09-07T23:59:59Z,86396,86396,0,1.0,0.99991703,1.000045888,0.000308435,0,0,1,1,0.0,1.580133,6.557557,5.380828e-11,0.00158006,0.006557256,False,0.007131,False
2015-09-08,RS01SUM1-LJ01B-12-VEL3DB104,1,True,2015-09-08T00:00:00Z,2015-09-08T23:59:59Z,86396,86396,0,1.0,0.999912739,1.000045918,0.000258509,0,0,0,0,-0.0,1.407286,6.2019,-2.019178e-10,0.001407221,0.006201615,False,0.004863,False
2015-09-09,RS01SUM1-LJ01B-12-VEL3DB104,1,True,2015-09-09T00:00:00Z,2015-09-09T23:59:59Z,84482,86396,1914,1.0,0.999919891,1.000045918,-0.000276308,34,1914,34,1933,1e-06,5.288631,505.298034,8.276327e-10,0.005288388,0.5052748,True,0.49887,True
2015-09-10,RS01SUM1-LJ01B-12-VEL3DB104,1,True,2015-09-10T00:00:00Z,2015-09-10T23:59:59Z,86396,86396,0,1.0,0.999923229,1.000045883,0.001187208,0,0,0,0,-0.0,1.741456,5.454444,-1.098174e-10,0.001741376,0.005454193,False,0.005703,False
2015-09-11,RS01SUM1-LJ01B-12-VEL3DB104,1,True,2015-09-11T00:00:00Z,2015-09-11T23:59:59Z,86396,86396,0,1.0,0.99996376,1.000045963,0.001505479,0,0,1,1,-0.0,1.992229,8.480442,-3.111651e-10,0.001992137,0.008480052,False,0.007358,False
2015-09-12,RS01SUM1-LJ01B-12-VEL3DB104,1,True,2015-09-12T00:00:00Z,2015-09-12T23:59:59Z,86396,86396,0,1.0,0.999943733,1.000046052,-0.001099803,0,0,3,3,-0.0,2.159451,11.340738,-1.282561e-10,0.002159352,0.01134022,False,0.007549,False
2015-09-13,RS01SUM1-LJ01B-12-VEL3DB104,1,True,2015-09-13T00:00:00Z,2015-09-13T23:59:59Z,86396,86396,0,1.0,0.999989033,1.000046052,0.005976919,0,0,0,0,-0.0,2.682431,10.065637,-1.622958e-10,0.002682307,0.01006517,False,0.00725,False
2015-09-14,RS01SUM1-LJ01B-12-VEL3DB104,1,True,2015-09-14T00:00:00Z,2015-09-14T23:59:59Z,86396,86396,0,1.0,0.999965191,1.000046059,-0.001160037,0,0,1,1,-0.0,1.816236,11.207435,-2.960155e-10,0.001816153,0.01120692,False,0.009944,False
2015-09-15,RS01SUM1-LJ01B-12-VEL3DB104,1,True,2015-09-15T00:00:00Z,2015-09-15T23:59:59Z,86396,86396,0,1.0,0.999969006,1.00004603,0.000712418,0,0,0,0,-0.0,1.457326,7.737141,-1.114535e-10,0.001457259,0.007736785,False,0.006621,False
2015-09-16,RS01SUM1-LJ01B-12-VEL3DB104,1,True,2015-09-16T00:00:00Z,2015-09-16T23:59:59Z,86396,86396,0,1.0,0.999987125,1.00004598,0.003812753,0,0,0,0,-0.0,1.670735,6.829464,-1.743211e-10,0.001670658,0.00682915,False,0.006157,False
2015-09-17,RS01SUM1-LJ01B-12-VEL3DB104,1,True,2015-09-17T00:00:00Z,2015-09-17T23:59:59Z,86396,86396,0,1.0,0.999937057,1.000045889,0.001363891,0,0,0,0,-0.0,2.020494,11.66712,-1.335922e-10,0.002020402,0.01166658,False,0.011261,False
2015-09-18,RS01SUM1-LJ01B-12-VEL3DB104,1,True,2015-09-18T00:00:00Z,2015-09-18T23:59:59Z,86396,86396,0,1.0,0.999939919,1.000045917,0.001043543,0,0,0,0,-0.0,1.99652,6.389478,-7.938519e-11,0.001996428,0.006389185,False,0.006171,False
2015-09-19,RS01SUM1-LJ01B-12-VEL3DB104,1,True,2015-09-19T00:00:00Z,2015-09-19T23:59:59Z,86396,86396,0,1.0,0.999932766,1.000045909,-0.000160235,0,0,0,0,-0.0,1.997832,10.4303,-1.178134e-10,0.00199774,0.01042982,False,0.0069,False
2015-09-20,RS01SUM1-LJ01B-12-VEL3DB104,1,True,2015-09-20T00:00:00Z,2015-09-20T23:59:59Z,86396,86396,0,1.0,0.999940395,1.000045894,-0.00428563,0,0,1,1,-0.0,2.53062,8.852784,-1.892035e-10,0.002530504,0.008852377,False,0.007819,False
2015-09-21,RS01SUM1-LJ01B-12-VEL3DB104,1,True,2015-09-21T00:00:00Z,2015-09-21T23:59:59Z,86396,86396,0,1.0,0.999932766,1.0000459,-0.002026299,0,0,1,1,-0.0,2.023728,8.175986,-2.136596e-10,0.002023636,0.00817561,False,0.007055,False
2015-09-22,RS01SUM1-LJ01B-12-VEL3DB104,1,True,2015-09-22T00:00:00Z,2015-09-22T23:59:59Z,86396,86396,0,1.0,0.999886036,1.000045935,-0.003105072,0,0,0,0,-0.0,2.341788,7.408552,-1.282925e-10,0.00234168,0.007408211,False,0.007054,False
2015-09-23,RS01SUM1-LJ01B-12-VEL3DB104,1,True,2015-09-23T00:00:00Z,2015-09-23T23:59:59Z,86396,86396,0,1.0,0.999923229,1.000045885,-0.00066308,0,0,0,0,-0.0,1.441982,5.960437,-1.012058e-10,0.001441916,0.005960163,False,0.005639,False
2015-09-24,RS01SUM1-LJ01B-12-VEL3DB104,1,True,2015-09-24T00:00:00Z,2015-09-24T23:59:59Z,86396,86396,0,1.0,0.999929905,1.000045859,0.000347002,0,0,1,1,-0.0,1.743862,6.236398,-1.376909e-10,0.001743782,0.006236112,False,0.00574,False
2015-09-25,RS01SUM1-LJ01B-12-VEL3DB104,1,True,2015-09-25T00:00:00Z,2015-09-25T23:59:59Z,86396,86396,0,1.0,0.99992609,1.000045817,-0.001160138,0,0,3,3,-0.0,3.077848,11.586785,-2.019647e-11,0.003077707,0.01158625,False,0.00859,False
2015-09-26,RS01SUM1-LJ01B-12-VEL3DB104,1,True,2015-09-26T00:00:00Z,2015-09-26T23:59:59Z,86396,86396,0,1.0,0.999930859,1.000045914,0.004707415,0,0,1,1,0.0,4.787777,12.801695,1.447051e-10,0.004787557,0.01280111,False,0.008229,False
2015-09-27,RS01SUM1-LJ01B-12-VEL3DB104,1,True,2015-09-27T00:00:00Z,2015-09-27T23:59:59Z,86396,86396,0,1.0,0.999945164,1.000045886,0.000192179,0,0,3,3,0.0,1.665151,12.977027,3.696889e-10,0.001665075,0.01297643,False,0.012882,False
2015-09-28,RS01SUM1-LJ01B-12-VEL3DB104,1,True,2015-09-28T00:00:00Z,2015-09-28T23:59:59Z,86396,86396,0,1.0,0.999898911,1.000045813,-0.000742657,0,0,3,3,0.0,2.662675,8.780806,3.99328e-10,0.002662553,0.008780404,False,0.005326,False
2015-09-29,RS01SUM1-LJ01B-12-VEL3DB104,1,True,2015-09-29T00:00:00Z,2015-09-29T23:59:59Z,86396,86396,0,1.0,0.999941826,1.000045913,0.000110747,0,0,1,1,-1e-06,2.163126,7.068493,-5.018583e-10,0.002163027,0.007068169,False,0.006627,False
2015-09-30,RS01SUM1-LJ01B-12-VEL3DB104,1,True,2015-09-30T00:00:00Z,2015-09-30T23:59:59Z,86397,86397,0,1.0,0.999927998,1.000045798,-0.002359575,0,0,0,0,-0.0,1.448683,5.060491,-1.869134e-10,0.001448617,0.005060259,False,0.00518,False
2015-10-01,RS01SUM1-LJ01B-12-VEL3DB104,1,True,2015-10-01T00:00:00Z,2015-10-01T23:59:59Z,86396,86396,0,1.0,0.999914169,1.000045813,0.001292803,0,0,3,3,-0.0,2.278328,7.899753,-3.484813e-10,0.002278224,0.007899392,False,0.005899,False
2015-10-02,RS01SUM1-LJ01B-12-VEL3DB104,1,True,2015-10-02T00:00:00Z,2015-10-02T23:59:59Z,86396,86396,0,1.0,0.999887943,1.000045853,-0.005009087,0,0,3,3,-0.0,2.200657,8.436656,-4.087175e-10,0.002200556,0.008436269,False,0.00728,False
2015-10-03,RS01SUM1-LJ01B-12-VEL3DB104,1,True,2015-10-03T00:00:00Z,2015-10-03T23:59:59Z,86396,86396,0,1.0,0.999882221,1.00004588,-0.001601925,0,0,1,1,0.0,3.221805,11.383487,4.443231e-10,0.003221657,0.01138297,False,0.007365,False
2015-10-04,RS01SUM1-LJ01B-12-VEL3DB104,1,True,2015-10-04T00:00:00Z,2015-10-04T23:59:59Z,86396,86396,0,1.0,0.999882221,1.000045829,0.006700363,0,0,0,0,-0.0,3.558955,14.235663,-1.53041e-10,0.003558792,0.01423501,False,0.009381,False
2015-10-05,RS01SUM1-LJ01B-12-VEL3DB104,1,True,2015-10-05T00:00:00Z,2015-10-05T23:59:59Z,86396,86396,0,1.0,0.999868393,1.000045798,0.002465804,0,0,1,1,-0.0,2.171891,6.084275,-3.375612e-10,0.002171792,0.006083997,False,0.008665,False
2015-10-06,RS01SUM1-LJ01B-12-VEL3DB104,1,True,2015-10-06T00:00:00Z,2015-10-06T23:59:59Z,86396,86396,0,1.0,0.999888897,1.000045783,-0.003080347,0,0,0,0,-0.0,1.840396,10.622118,-1.547945e-10,0.001840312,0.01062163,False,0.008085,False
2015-10-07,RS01SUM1-LJ01B-12-VEL3DB104,1,True,2015-10-07T00:00:00Z,2015-10-07T23:59:59Z,86396,86396,0,1.0,0.999890327,1.000045802,7.9096e-05,0,0,0,0,-0.0,1.750515,6.368799,-1.169419e-10,0.001750435,0.006368507,False,0.007385,False
2015-10-08,RS01SUM1-LJ01B-12-VEL3DB104,1,True,2015-10-08T00:00:00Z,2015-10-08T23:59:59Z,86396,86396,0,1.0,0.999895096,1.00004566,0.003170325,0,0,0,0,-0.0,1.891384,7.598071,-9.377417e-11,0.001891298,0.007597724,False,0.006229,False
2015-10-09,RS01SUM1-LJ01B-12-VEL3DB104,1,True,2015-10-09T00:00:00Z,2015-10-09T23:59:59Z,86396,86396,0,1.0,0.999897957,1.000045827,0.006604515,0,0,2,2,1e-06,3.022327,9.549153,7.622032e-10,0.003022189,0.009548715,False,0.005103,False
2015-10-10,RS01SUM1-LJ01B-12-VEL3DB104,1,True,2015-10-10T00:00:00Z,2015-10-10T23:59:59Z,86396,86396,0,1.0,0.999891281,1.000045776,0.00101427,0,0,2,2,1e-06,1.744614,7.26644,7.471704e-10,0.001744534,0.007266107,False,0.006998,False
2015-10-11,RS01SUM1-LJ01B-12-VEL3DB104,1,True,2015-10-11T00:00:00Z,2015-10-11T23:59:59Z,86396,86396,0,1.0,0.999916077,1.000045795,0.003185426,0,0,1,1,0.0,2.017628,8.492886,2.496161e-10,0.002017536,0.008492497,False,0.007287,False
2015-10-12,RS01SUM1-LJ01B-12-VEL3DB104,1,True,2015-10-12T00:00:00Z,2015-10-12T23:59:59Z,86396,86396,0,1.0,0.999916077,1.00004584,-0.001383442,0,0,0,0,-0.0,1.672148,7.982944,-1.330262e-10,0.001672071,0.007982578,False,0.007858,False
2015-10-13,RS01SUM1-LJ01B-12-VEL3DB104,1,True,2015-10-13T00:00:00Z,2015-10-13T23:59:59Z,86396,86396,0,1.0,0.999889851,1.000045822,0.00129402,0,0,0,0,-0.0,1.770543,5.809932,-2.037223e-10,0.001770462,0.005809666,False,0.005578,False
2015-10-14,RS01SUM1-LJ01B-12-VEL3DB104,1,True,2015-10-14T00:00:00Z,2015-10-14T23:59:59Z,86396,86396,0,1.0,0.999899864,1.000045773,0.00464956,0,0,1,1,0.0,2.178095,14.517475,3.869901e-12,0.002177996,0.01451681,False,0.014671,False
2015-10-15,RS01SUM1-LJ01B-12-VEL3DB104,1,True,2015-10-15T00:00:00Z,2015-10-15T23:59:59Z,86396,86396,0,1.0,0.999907017,1.000045875,0.002042909,0,0,0,0,-0.0,2.280416,18.372689,-1.265192e-10,0.002280311,0.01837185,False,0.015729,False
2015-10-16,RS01SUM1-LJ01B-12-VEL3DB104,1,True,2015-10-16T00:00:00Z,2015-10-16T23:59:59Z,86396,86396,0,1.0,0.99988699,1.000045805,0.00178319,0,0,0,0,-0.0,2.307317,7.120939,-1.802666e-10,0.002307212,0.007120613,False,0.006937,False
2015-10-17,RS01SUM1-LJ01B-12-VEL3DB104,1,True,2015-10-17T00:00:00Z,2015-10-17T23:59:59Z,86395,86396,1,1.0,0.99988699,1.000045803,0.000699833,3,1,3,3,1e-06,2.132423,9.234984,7.713895e-10,0.002132325,0.009234561,False,0.006995,True
2015-10-18,RS01SUM1-LJ01B-12-VEL3DB104,1,True,2015-10-18T00:00:00Z,2015-10-18T23:59:59Z,86396,86396,0,1.0,0.999901772,1.00004581,0.003903979,0,0,0,0,-0.0,1.798633,12.264571,-1.131009e-10,0.001798551,0.01226401,False,0.012893,False
2015-10-19,RS01SUM1-LJ01B-12-VEL3DB104,1,True,2015-10-19T00:00:00Z,2015-10-19T23:59:59Z,85460,86396,936,1.0,0.999902725,1.000045792,-0.000478575,1,936,1,936,-0.0,2.101224,8.837548,-3.260192e-10,0.002101128,0.008837143,False,0.136319,True
2015-10-20,RS01SUM1-LJ01B-12-VEL3DB104,1,True,2015-10-20T00:00:00Z,2015-10-20T23:59:59Z,86396,86396,0,1.0,0.999894142,1.000045765,0.00030028,0,0,1,1,-0.0,2.109106,9.540808,-3.068827e-10,0.00210901,0.009540371,False,0.006136,False
2015-10-21,RS01SUM1-LJ01B-12-VEL3DB104,1,True,2015-10-21T00:00:00Z,2015-10-21T23:59:59Z,86396,86396,0,1.0,0.999905109,1.000045834,0.001817183,0,0,0,0,-0.0,2.20269,10.360431,-9.093351e-11,0.002202589,0.01035996,False,0.011767,False
2015-10-22,RS01SUM1-LJ01B-12-VEL3DB104,1,True,2015-10-22T00:00:00Z,2015-10-22T23:59:59Z,86396,86396,0,1.0,0.999878883,1.000045797,-0.002681171,0,0,0,0,-0.0,1.917463,7.086013,-8.722619e-11,0.001917375,0.007085689,False,0.007957,False
2015-10-23,RS01SUM1-LJ01B-12-VEL3DB104,1,True,2015-10-23T00:00:00Z,2015-10-23T23:59:59Z,86102,86397,295,1.0,0.99988842,1.000045811,0.004772143,178,295,178,295,-1e-06,2.683663,7.832567,-6.947223e-10,0.00268354,0.007832209,False,0.007943,True
2015-10-24,RS01SUM1-LJ01B-12-VEL3DB104,1,True,2015-10-24T00:00:00Z,2015-10-24T23:59:59Z,86396,86396,0,1.0,0.999901772,1.000045787,0.006262156,0,0,1,1,0.0,4.669472,15.162915,2.788947e-10,0.004669258,0.01516222,False,0.015098,False
2015-10-25,RS01SUM1-LJ01B-12-VEL3DB104,1,True,2015-10-25T00:00:00Z,2015-10-25T23:59:59Z,86396,86396,0,1.0,0.999908924,1.000045821,0.000637201,0,0,0,0,-0.0,1.807878,6.463588,-1.920537e-10,0.001807795,0.006463292,False,0.004636,False
2015-10-26,RS01SUM1-LJ01B-12-VEL3DB104,1,True,2015-10-26T00:00:00Z,2015-10-26T23:59:59Z,86396,86396,0,1.0,0.999941349,1.000045826,0.001136445,0,0,0,0,-0.0,1.745504,7.207156,-9.347253e-11,0.001745424,0.007206826,False,0.00671,False
2015-10-27,RS01SUM1-LJ01B-12-VEL3DB104,1,True,2015-10-27T00:00:00Z,2015-10-27T23:59:59Z,86396,86396,0,1.0,0.999907017,1.00004586,-0.003175902,0,0,0,0,-0.0,1.676092,6.784797,-8.914435e-11,0.001676016,0.006784486,False,0.007141,False
2015-10-28,RS01SUM1-LJ01B-12-VEL3DB104,1,True,2015-10-28T00:00:00Z,2015-10-28T23:59:59Z,82831,86397,3566,1.0,0.999889851,1.000038671,0.190551742,2,3566,2,3567,-0.0,255.416515,638.179153,-4.874139e-10,0.2554066,0.6381545,True,0.44208,True
2015-10-29,RS01SUM1-LJ01B-12-VEL3DB104,1,True,2015-10-29T00:00:00Z,2015-10-29T23:59:59Z,86293,86396,103,1.0,0.999903202,1.000045844,0.000890011,1,103,1,103,-1e-06,1.893571,12.591404,-5.367201e-10,0.001893485,0.01259083,False,0.016831,True
2015-10-30,RS01SUM1-LJ01B-12-VEL3DB104,1,True,2015-10-30T00:00:00Z,2015-10-30T23:59:59Z,86396,86396,0,1.0,0.999874592,1.000045838,0.002377093,0,0,0,0,-0.0,2.568531,10.540068,-1.143813e-10,0.002568414,0.01053958,False,0.006782,False
2015-10-31,RS01SUM1-LJ01B-12-VEL3DB104,1,True,2015-10-31T00:00:00Z,2015-10-31T23:59:59Z,86396,86396,0,1.0,0.999893188,1.000045882,0.001250907,0,0,0,0,-0.0,2.452042,10.706659,-1.771828e-10,0.002451929,0.01070617,False,0.007166,False
2015-11-01,RS01SUM1-LJ01B-12-VEL3DB104,1,True,2015-11-01T00:00:00Z,2015-11-01T23:59:59Z,86396,86396,0,1.0,0.999886036,1.000045788,0.002813851,0,0,3,3,1e-06,2.297769,7.6942,5.900699e-10,0.002297664,0.007693848,False,0.006983,False
2015-11-02,RS01SUM1-LJ01B-12-VEL3DB104,1,True,2015-11-02T00:00:00Z,2015-11-02T23:59:59Z,86396,86396,0,1.0,0.999910355,1.000045768,0.005554198,0,0,0,0,-0.0,1.610316,8.355768,-1.018011e-10,0.001610242,0.008355385,False,0.006664,False
2015-11-03,RS01SUM1-LJ01B-12-VEL3DB104,1,True,2015-11-03T00:00:00Z,2015-11-03T23:59:59Z,86396,86396,0,1.0,0.999912739,1.000045845,-0.001169283,0,0,1,1,0.0,1.537932,7.038999,1.172462e-10,0.001537862,0.007038676,False,0.005287,False
2015-11-04,RS01SUM1-LJ01B-12-VEL3DB104,1,True,2015-11-04T00:00:00Z,2015-11-04T23:59:59Z,86396,86396,0,1.0,0.999881744,1.000045833,-0.002969689,0,0,0,0,-0.0,1.733145,7.925933,-1.172109e-10,0.001733066,0.00792557,False,0.006434,False
2015-11-05,RS01SUM1-LJ01B-12-VEL3DB104,1,True,2015-11-05T00:00:00Z,2015-11-05T23:59:59Z,86391,86396,5,1.0,0.999929905,1.000045805,-0.000466208,1,5,1,5,-0.0,3.869397,16.950356,-2.197437e-10,0.00386922,0.01694958,False,0.014039,True
2015-11-06,RS01SUM1-LJ01B-12-VEL3DB104,1,True,2015-11-06T00:00:00Z,2015-11-06T23:59:59Z,86396,86396,0,1.0,0.999888897,1.000045914,-0.000157212,0,0,0,0,-0.0,1.747476,8.494292,-1.320654e-10,0.001747396,0.008493902,False,0.007539,False
2015-11-07,RS01SUM1-LJ01B-12-VEL3DB104,1,True,2015-11-07T00:00:00Z,2015-11-07T23:59:59Z,54726,86401,31675,1.0,0.999891281,0.999967761,1.136487946,3,31675,3,31676,-0.0,682.434824,1444.440479,-2.023533e-10,0.6824568,1.444487,True,0.206916,True
2015-11-08,RS01SUM1-LJ01B-12-VEL3DB104,1,True,2015-11-08T00:00:00Z,2015-11-08T23:59:59Z,86396,86396,0,1.0,0.999888897,1.000045842,-0.003945232,0,0,0,0,-0.0,1.91199,8.374992,-1.302797e-10,0.001911902,0.008374608,False,0.007396,False
2015-11-09,RS01SUM1-LJ01B-12-VEL3DB104,1,True,2015-11-09T00:00:00Z,2015-11-09T23:59:59Z,86294,86396,102,1.0,0.999856949,1.000045787,0.001844304,1,102,1,102,1e-06,1.266562,7.49544,5.611995e-10,0.001266504,0.007495097,False,0.018203,True
2015-11-10,RS01SUM1-LJ01B-12-VEL3DB104,1,True,2015-11-10T00:00:00Z,2015-11-10T23:59:59Z,86396,86396,0,1.0,0.999872208,1.000045818,0.000307447,0,0,0,0,-0.0,1.492747,7.403706,-1.443506e-10,0.001492678,0.007403366,False,0.007458,False
2015-11-11,RS01SUM1-LJ01B-12-VEL3DB104,1,True,2015-11-11T00:00:00Z,2015-11-11T23:59:59Z,86396,86396,0,1.0,0.999873161,1.000045826,0.004056938,0,0,0,0,-0.0,2.066709,6.990957,-1.349839e-10,0.002066615,0.006990637,False,0.009597,False
2015-11-12,RS01SUM1-LJ01B-12-VEL3DB104,1,True,2015-11-12T00:00:00Z,2015-11-12T23:59:59Z,86396,86396,0,1.0,0.999890804,1.000045854,-0.004487077,0,0,1,1,0.0,2.875887,8.851717,3.115405e-10,0.002875755,0.008851311,False,0.00808,False
2015-11-13,RS01SUM1-LJ01B-12-VEL3DB104,1,True,2015-11-13T00:00:00Z,2015-11-13T23:59:59Z,86396,86396,0,1.0,0.99985981,1.000045864,-0.001805354,0,0,1,1,-1e-06,1.626149,7.048049,-9.066869e-10,0.001626075,0.007047726,False,0.007897,False
2015-11-14,RS01SUM1-LJ01B-12-VEL3DB104,1,True,2015-11-14T00:00:00Z,2015-11-14T23:59:59Z,86396,86396,0,1.0,0.999880791,1.000045918,-0.000687241,0,0,1,1,1e-06,1.469662,8.911324,5.307063e-10,0.001469594,0.008910915,False,0.007793,False
2015-11-15,RS01SUM1-LJ01B-12-VEL3DB104,1,True,2015-11-15T00:00:00Z,2015-11-15T23:59:59Z,86396,86396,0,1.0,0.999867916,1.00004593,-0.002619907,0,0,1,1,0.0,2.119803,6.693613,5.273844e-11,0.002119706,0.006693306,False,0.005017,False
2015-11-16,RS01SUM1-LJ01B-12-VEL3DB104,1,True,2015-11-16T00:00:00Z,2015-11-16T23:59:59Z,86396,86396,0,1.0,0.99988699,1.000045917,-0.000130403,0,0,0,0,-0.0,1.791333,8.759239,-1.369008e-10,0.001791251,0.008758837,False,0.007751,False
2015-11-17,RS01SUM1-LJ01B-12-VEL3DB104,1,True,2015-11-17T00:00:00Z,2015-11-17T23:59:59Z,86396,86396,0,1.0,0.999866009,1.000045955,0.004555755,0,0,0,0,-0.0,1.671177,7.568279,-1.428417e-10,0.001671101,0.007567931,False,0.007699,False
2015-11-18,RS01SUM1-LJ01B-12-VEL3DB104,1,True,2015-11-18T00:00:00Z,2015-11-18T23:59:58Z,86079,86396,317,1.0,0.999881744,1.000045895,0.004441745,3,317,3,318,0.0,1.800994,6.781894,4.424047e-10,0.001800911,0.006781583,False,0.051164,True
2015-11-19,RS01SUM1-LJ01B-12-VEL3DB104,1,True,2015-11-19T00:00:00Z,2015-11-19T23:59:59Z,86397,86397,0,1.0,0.99990797,1.000045897,0.002461962,0,0,0,0,-0.0,3.374289,8.855349,-1.820166e-10,0.003374134,0.008854942,False,0.007083,False
2015-11-20,RS01SUM1-LJ01B-12-VEL3DB104,1,True,2015-11-20T00:00:00Z,2015-11-20T23:59:59Z,86396,86396,0,1.0,0.999895573,1.000045962,0.002909207,0,0,0,0,-0.0,1.515188,6.962619,-1.070542e-10,0.001515118,0.006962299,False,0.006746,False
2015-11-21,RS01SUM1-LJ01B-12-VEL3DB104,1,True,2015-11-21T00:00:00Z,2015-11-21T23:59:59Z,86396,86396,0,1.0,0.99988699,1.000045954,-0.000633197,0,0,1,1,-1e-06,1.400493,5.949,-8.717503e-10,0.001400429,0.005948727,False,0.005251,False
2015-11-22,RS01SUM1-LJ01B-12-VEL3DB104,1,True,2015-11-22T00:00:00Z,2015-11-22T23:59:59Z,86396,86396,0,1.0,0.999904156,1.000046002,-0.00176679,0,0,0,0,-0.0,1.63225,6.383891,-1.271294e-10,0.001632174,0.006383598,False,0.006893,False
2015-11-23,RS01SUM1-LJ01B-12-VEL3DB104,1,True,2015-11-23T00:00:00Z,2015-11-23T23:59:59Z,86396,86396,0,1.0,0.999904156,1.000046004,0.000106553,0,0,0,0,-0.0,1.544413,10.080554,-9.918616e-11,0.001544342,0.01008009,False,0.00755,False
2015-11-24,RS01SUM1-LJ01B-12-VEL3DB104,1,True,2015-11-24T00:00:00Z,2015-11-24T23:59:59Z,86396,86396,0,1.0,0.999903679,1.000046044,-0.001670617,0,0,0,0,-0.0,1.907692,8.378964,-1.157094e-10,0.001907604,0.008378579,False,0.006289,False
2015-11-25,RS01SUM1-LJ01B-12-VEL3DB104,1,True,2015-11-25T00:00:00Z,2015-11-25T23:59:59Z,86182,86396,214,1.0,0.999888897,1.000045978,-0.001012658,3,214,3,215,0.0,1.61835,7.699674,2.398715e-11,0.001618276,0.00769932,False,0.032749,True
2015-11-26,RS01SUM1-LJ01B-12-VEL3DB104,1,True,2015-11-26T00:00:00Z,2015-11-26T23:59:59Z,86396,86396,0,1.0,0.999898911,1.000045981,0.000186688,0,0,0,0,-0.0,1.743219,11.842676,-1.454868e-10,0.001743139,0.01184213,False,0.011904,False
2015-11-27,RS01SUM1-LJ01B-12-VEL3DB104,1,True,2015-11-27T00:00:00Z,2015-11-27T23:59:59Z,86396,86396,0,1.0,0.999904633,1.000046,0.002093716,0,0,0,0,-0.0,1.531147,6.484364,-1.169879e-10,0.001531076,0.006484065,False,0.005938,False
2015-11-28,RS01SUM1-LJ01B-12-VEL3DB104,1,True,2015-11-28T00:00:00Z,2015-11-28T23:59:59Z,86396,86396,0,1.0,0.999904633,1.000045973,-0.001354345,0,0,0,0,-0.0,1.989123,8.80207,-1.189154e-10,0.001989031,0.008801665,False,0.007658,False
2015-11-29,RS01SUM1-LJ01B-12-VEL3DB104,1,True,2015-11-29T00:00:00Z,2015-11-29T23:59:59Z,74089,86398,12309,1.0,0.999863386,1.000016299,0.640329347,1,12309,1,12309,-0.0,465.457711,942.11351,-3.480022e-10,0.4654501,0.9420982,True,0.249071,True
2015-11-30,RS01SUM1-LJ01B-12-VEL3DB104,1,True,2015-11-30T00:00:00Z,2015-11-30T23:59:59Z,86396,86396,0,1.0,0.999884129,1.000045945,-0.002055104,0,0,2,2,-0.0,1.734025,7.906863,-4.282964e-10,0.001733945,0.007906499,False,0.006243,False
2015-12-01,RS01SUM1-LJ01B-12-VEL3DB104,1,True,2015-12-01T00:00:00Z,2015-12-01T23:59:59Z,86396,86396,0,1.0,0.999891281,1.000045898,-0.001558694,0,0,0,0,-0.0,3.036566,9.533495,-1.404195e-10,0.003036426,0.009533057,False,0.006301,False
2015-12-02,RS01SUM1-LJ01B-12-VEL3DB104,1,True,2015-12-02T00:00:00Z,2015-12-02T23:59:59Z,86294,86396,102,1.0,0.999931335,1.000045901,-0.002340247,4,102,4,104,0.0,2.403576,13.188414,3.152629e-10,0.002403466,0.01318781,False,0.012509,True
2015-12-03,RS01SUM1-LJ01B-12-VEL3DB104,1,True,2015-12-03T00:00:00Z,2015-12-03T23:59:59Z,86304,86396,92,1.0,0.99994278,1.000045885,0.003006781,2,92,2,93,-1e-06,2.507069,15.533567,-6.341715e-10,0.002506954,0.01553285,False,0.017556,True
2015-12-04,RS01SUM1-LJ01B-12-VEL3DB104,1,True,2015-12-04T00:00:00Z,2015-12-04T23:59:59Z,86396,86396,0,1.0,0.999928951,1.000045908,-0.001278592,0,0,1,1,0.0,1.642327,6.519692,6.2403e-11,0.001642252,0.006519393,False,0.006257,False
2015-12-05,RS01SUM1-LJ01B-12-VEL3DB104,1,True,2015-12-05T00:00:00Z,2015-12-05T23:59:59Z,86396,86396,0,1.0,0.99993515,1.000045953,-0.001325049,0,0,0,0,-0.0,1.74159,7.402805,-1.652922e-10,0.00174151,0.007402465,False,0.006658,False
2015-12-06,RS01SUM1-LJ01B-12-VEL3DB104,1,True,2015-12-06T00:00:00Z,2015-12-06T23:59:59Z,86396,86396,0,1.0,0.999938965,1.000045894,-0.00287988,0,0,1,1,0.0,1.686195,6.081036,3.283953e-10,0.001686117,0.006080757,False,0.005008,False
2015-12-07,RS01SUM1-LJ01B-12-VEL3DB104,1,True,2015-12-07T00:00:00Z,2015-12-07T23:59:59Z,86396,86396,0,1.0,0.999886036,1.000045873,-0.002989119,0,0,2,2,1e-06,1.498866,8.751783,5.388755e-10,0.001498797,0.008751382,False,0.008267,False
2015-12-08,RS01SUM1-LJ01B-12-VEL3DB104,1,True,2015-12-08T00:00:00Z,2015-12-08T23:59:59Z,86396,86396,0,1.0,0.999917984,1.000045933,-0.002577716,0,0,2,2,0.0,2.106758,7.740494,9.063201e-11,0.002106661,0.007740139,False,0.006636,False
2015-12-09,RS01SUM1-LJ01B-12-VEL3DB104,1,True,2015-12-09T00:00:00Z,2015-12-09T23:59:59Z,86396,86396,0,1.0,0.999921799,1.000045925,0.001128573,0,0,2,2,-1e-06,2.092851,8.915318,-8.114057e-10,0.002092755,0.008914908,False,0.005063,False
2015-12-10,RS01SUM1-LJ01B-12-VEL3DB104,1,True,2015-12-10T00:00:00Z,2015-12-10T23:59:59Z,86396,86396,0,1.0,0.999927998,1.000045933,-0.002001134,0,0,0,0,-0.0,1.749889,8.707622,-9.962854e-11,0.001749809,0.008707222,False,0.005495,False
2015-12-11,RS01SUM1-LJ01B-12-VEL3DB104,1,True,2015-12-11T00:00:00Z,2015-12-11T23:59:59Z,86396,86396,0,1.0,0.99991703,1.000045977,-0.001429792,0,0,0,0,-0.0,1.630991,7.585122,-1.484545e-10,0.001630916,0.007584773,False,0.006044,False
2015-12-12,RS01SUM1-LJ01B-12-VEL3DB104,1,True,2015-12-12T00:00:00Z,2015-12-12T23:59:59Z,86396,86396,0,1.0,0.999936104,1.000045944,0.000290706,0,0,0,0,-0.0,1.564099,11.285768,-1.097086e-10,0.001564027,0.01128525,False,0.012578,False
2015-12-13,RS01SUM1-LJ01B-12-VEL3DB104,1,True,2015-12-13T00:00:00Z,2015-12-13T23:59:59Z,86396,86396,0,1.0,0.99992609,1.000045934,-0.002137227,0,0,0,0,-0.0,2.929374,14.060111,-1.154538e-10,0.00292924,0.01405947,False,0.014232,False
2015-12-14,RS01SUM1-LJ01B-12-VEL3DB104,1,True,2015-12-14T00:00:00Z,2015-12-14T23:59:59Z,86396,86396,0,1.0,0.999937057,1.000045879,-0.000643553,0,0,1,1,0.0,2.616967,11.737216,9.944899e-11,0.002616847,0.01173668,False,0.014061,False
2015-12-15,RS01SUM1-LJ01B-12-VEL3DB104,1,True,2015-12-15T00:00:00Z,2015-12-15T23:59:59Z,86396,86396,0,1.0,0.999909878,1.00004587,0.002982207,0,0,0,0,-0.0,2.176681,7.896243,-1.429551e-10,0.002176581,0.007895881,False,0.006423,False
2015-12-16,RS01SUM1-LJ01B-12-VEL3DB104,1,True,2015-12-16T00:00:00Z,2015-12-16T23:59:59Z,86396,86396,0,1.0,0.999917984,1.000045844,-0.002503835,0,0,0,0,-0.0,1.559409,7.130588,-1.392611e-10,0.001559338,0.007130261,False,0.006104,False
2015-12-17,RS01SUM1-LJ01B-12-VEL3DB104,1,True,2015-12-17T00:00:00Z,2015-12-17T23:59:59Z,86396,86396,0,1.0,0.999885082,1.000045836,0.000403988,0,0,1,1,1e-06,2.016767,6.541115,6.982688e-10,0.002016674,0.006540815,False,0.004876,False
2015-12-18,RS01SUM1-LJ01B-12-VEL3DB104,1,True,2015-12-18T00:00:00Z,2015-12-18T23:59:59Z,86396,86396,0,1.0,0.999897003,1.000045901,0.00739377,0,0,0,0,-0.0,2.250604,9.027032,-1.681318e-10,0.002250501,0.009026618,False,0.012913,False
2015-12-19,RS01SUM1-LJ01B-12-VEL3DB104,1,True,2015-12-19T00:00:00Z,2015-12-19T23:59:59Z,86396,86396,0,1.0,0.999895096,1.000045926,-0.003673715,0,0,0,0,-0.0,1.564935,8.203258,-1.613243e-10,0.001564863,0.008202881,False,0.007648,False
2015-12-20,RS01SUM1-LJ01B-12-VEL3DB104,1,True,2015-12-20T00:00:00Z,2015-12-20T23:59:59Z,86397,86397,0,1.0,0.999931335,1.000045848,-0.000123983,0,0,0,0,-0.0,1.441946,11.448785,-1.694133e-10,0.00144188,0.01144826,False,0.013064,False
2015-12-21,RS01SUM1-LJ01B-12-VEL3DB104,1,True,2015-12-21T00:00:00Z,2015-12-21T23:59:59Z,86396,86396,0,1.0,0.99994278,1.000045802,0.002309834,0,0,0,0,-0.0,1.70084,6.744297,-1.132392e-10,0.001700762,0.006743989,False,0.007305,False
2015-12-22,RS01SUM1-LJ01B-12-VEL3DB104,1,True,2015-12-22T00:00:00Z,2015-12-22T23:59:59Z,86396,86396,0,1.0,0.999927998,1.000045859,-0.001548326,0,0,1,1,0.0,1.651686,6.989241,1.428302e-10,0.00165161,0.00698892,False,0.006926,False
2015-12-23,RS01SUM1-LJ01B-12-VEL3DB104,1,True,2015-12-23T00:00:00Z,2015-12-23T23:59:59Z,86396,86396,0,1.0,0.999947071,1.000045854,-0.002041611,0,0,0,0,-0.0,1.864687,8.591917,-1.652215e-10,0.001864601,0.008591523,False,0.011141,False
2015-12-24,RS01SUM1-LJ01B-12-VEL3DB104,1,True,2015-12-24T00:00:00Z,2015-12-24T23:59:59Z,86396,86396,0,1.0,0.999916077,1.000045907,0.001414284,0,0,1,1,-0.0,1.835651,6.709072,-2.595712e-10,0.001835567,0.006708764,False,0.007062,False
2015-12-25,RS01SUM1-LJ01B-12-VEL3DB104,1,True,2015-12-25T00:00:00Z,2015-12-25T23:59:59Z,86396,86396,0,1.0,0.999967098,1.000045911,-0.002655845,0,0,1,1,-1e-06,1.84456,8.086921,-8.58338e-10,0.001844476,0.00808655,False,0.005958,False
2015-12-26,RS01SUM1-LJ01B-12-VEL3DB104,1,True,2015-12-26T00:00:00Z,2015-12-26T23:59:59Z,86396,86396,0,1.0,0.999920368,1.000045865,-0.000689814,0,0,0,0,-0.0,2.829371,9.81458,-1.18874e-10,0.002829241,0.00981413,False,0.007183,False
2015-12-27,RS01SUM1-LJ01B-12-VEL3DB104,1,True,2015-12-27T00:00:00Z,2015-12-27T23:59:59Z,86396,86396,0,1.0,0.99994421,1.00004587,0.004098195,0,0,1,1,1e-06,1.576372,7.927687,6.856814e-10,0.0015763,0.007927323,False,0.007555,False
2015-12-28,RS01SUM1-LJ01B-12-VEL3DB104,1,True,2015-12-28T00:00:00Z,2015-12-28T23:59:59Z,86396,86396,0,1.0,0.999899864,1.000045798,0.002778793,0,0,1,1,-0.0,2.887768,9.639673,-7.559106e-12,0.002887636,0.009639231,False,0.009264,False
2015-12-29,RS01SUM1-LJ01B-12-VEL3DB104,1,True,2015-12-29T00:00:00Z,2015-12-29T23:59:59Z,86396,86396,0,1.0,0.99988699,1.000045887,0.004933413,0,0,1,1,0.0,2.826327,8.864968,8.498412e-11,0.002826197,0.008864561,False,0.008264,False
2015-12-30,RS01SUM1-LJ01B-12-VEL3DB104,1,True,2015-12-30T00:00:00Z,2015-12-30T23:59:59Z,86396,86396,0,1.0,0.999938011,1.000045878,-0.002514505,0,0,1,1,-1e-06,2.013543,6.552108,-6.297743e-10,0.00201345,0.006551807,False,0.007909,False
2015-12-31,RS01SUM1-LJ01B-12-VEL3DB104,1,True,2015-12-31T00:00:00Z,2015-12-31T23:59:59Z,86396,86396,0,1.0,0.999928951,1.000045827,0.002526586,0,0,1,1,1e-06,2.2324,9.314062,5.818697e-10,0.002232298,0.009313636,False,0.00592,False
2016-01-01,RS01SUM1-LJ01B-12-VEL3DB104,1,True,2016-01-01T00:00:00Z,2016-01-01T23:59:59Z,86396,86396,0,1.0,0.999922752,1.00004582,0.00065804,0,0,0,0,-0.0,1.690309,7.166289,-9.212428e-11,0.001690231,0.007165961,False,0.006493,False
2016-01-02,RS01SUM1-LJ01B-12-VEL3DB104,1,True,2016-01-02T00:00:00Z,2016-01-02T23:59:59Z,86396,86396,0,1.0,0.999968052,1.000045894,0.002892629,0,0,0,0,-0.0,2.866095,10.956485,-1.58266e-10,0.002865963,0.01095598,False,0.007116,False
2016-01-03,RS01SUM1-LJ01B-12-VEL3DB104,1,True,2016-01-03T00:00:00Z,2016-01-03T23:59:59Z,86396,86396,0,1.0,0.999941826,1.000045869,0.001863015,0,0,1,1,1e-06,1.554843,6.490606,7.728577e-10,0.001554772,0.006490308,False,0.005908,False
2016-01-04,RS01SUM1-LJ01B-12-VEL3DB104,1,True,2016-01-04T00:00:00Z,2016-01-04T23:59:59Z,86396,86396,0,1.0,0.999960899,1.000045888,-0.001306046,0,0,0,0,-0.0,1.614576,7.020483,-9.951838e-11,0.001614502,0.007020161,False,0.007022,False
2016-01-05,RS01SUM1-LJ01B-12-VEL3DB104,1,True,2016-01-05T00:00:00Z,2016-01-05T23:59:59Z,86396,86396,0,1.0,0.999951839,1.000045879,-0.001842671,0,0,0,0,-0.0,1.828897,6.721677,-1.655543e-10,0.001828813,0.006721368,False,0.006902,False
2016-01-06,RS01SUM1-LJ01B-12-VEL3DB104,1,True,2016-01-06T00:00:00Z,2016-01-06T23:59:59Z,86396,86396,0,1.0,1.000086784,1.000045784,-0.003419255,0,0,0,0,-0.0,1.651827,7.533635,-1.203098e-10,0.001651752,0.00753329,False,0.006757,False
2016-01-07,RS01SUM1-LJ01B-12-VEL3DB104,1,True,2016-01-07T00:00:00Z,2016-01-07T23:59:59Z,85962,86396,434,1.0,1.000071049,1.000045771,8.893e-06,6,434,6,437,-1e-06,2.516859,318.95704,-5.603667e-10,0.002516744,0.3189424,False,0.321289,True
2016-01-08,RS01SUM1-LJ01B-12-VEL3DB104,1,True,2016-01-08T00:00:00Z,2016-01-08T23:59:59Z,86396,86396,0,1.0,1.000104904,1.000045807,-8.6888e-05,0,0,0,0,-0.0,1.637899,6.955863,-1.062643e-10,0.001637824,0.006955544,False,0.007276,False
2016-01-09,RS01SUM1-LJ01B-12-VEL3DB104,1,True,2016-01-09T00:00:00Z,2016-01-09T23:59:59Z,86396,86396,0,1.0,1.000164986,1.000045798,-0.000251546,0,0,0,0,-0.0,1.4985,7.712625,-9.543876e-11,0.001498431,0.007712271,False,0.005593,False
2016-01-10,RS01SUM1-LJ01B-12-VEL3DB104,1,True,2016-01-10T00:00:00Z,2016-01-10T23:59:59Z,86396,86396,0,1.0,1.000090122,1.000045781,0.002694444,0,0,0,0,-0.0,1.728002,9.087839,-1.260399e-10,0.001727923,0.009087423,False,0.006719,False
2016-01-11,RS01SUM1-LJ01B-12-VEL3DB104,1,True,2016-01-11T00:00:00Z,2016-01-11T23:59:59Z,86396,86396,0,1.0,1.000052929,1.00004576,0.002251067,0,0,0,0,-0.0,2.753341,17.769006,-1.142121e-10,0.002753215,0.01776819,False,0.013546,False
2016-01-12,RS01SUM1-LJ01B-12-VEL3DB104,1,True,2016-01-12T00:00:00Z,2016-01-12T23:59:59Z,86396,86396,0,1.0,0.999968052,1.000045826,0.005174995,0,0,0,0,-0.0,2.530543,9.425031,-1.160743e-10,0.002530427,0.009424599,False,0.005178,False
2016-01-13,RS01SUM1-LJ01B-12-VEL3DB104,1,True,2016-01-13T00:00:00Z,2016-01-13T23:59:59Z,86396,86396,0,1.0,0.999932289,1.000045845,0.000800343,0,0,0,0,-0.0,2.137422,7.382512,-1.302557e-10,0.002137324,0.007382174,False,0.005065,False
2016-01-14,RS01SUM1-LJ01B-12-VEL3DB104,1,True,2016-01-14T00:00:00Z,2016-01-14T23:59:59Z,86397,86397,0,1.0,0.999986172,1.000045816,-0.000453485,0,0,1,1,0.0,1.822315,13.690397,4.464558e-10,0.001822231,0.01368977,False,0.013112,False
2016-01-15,RS01SUM1-LJ01B-12-VEL3DB104,1,True,2016-01-15T00:00:00Z,2016-01-15T23:59:59Z,86396,86396,0,1.0,0.999961853,1.000045808,3.1922e-05,0,0,1,1,0.0,1.564867,7.464332,1.389154e-11,0.001564795,0.00746399,False,0.007815,False
2016-01-16,RS01SUM1-LJ01B-12-VEL3DB104,1,True,2016-01-16T00:00:00Z,2016-01-16T23:59:59Z,86396,86396,0,1.0,0.999930859,1.000045815,0.003594706,0,0,0,0,-0.0,2.032531,7.396778,-1.283472e-10,0.002032438,0.007396439,False,0.005772,False
2016-01-17,RS01SUM1-LJ01B-12-VEL3DB104,1,True,2016-01-17T00:00:00Z,2016-01-17T23:59:59Z,86396,86396,0,1.0,0.999933243,1.000045799,0.00330686,0,0,2,2,0.0,2.808229,7.755873,4.947434e-10,0.0028081,0.007755518,False,0.00857,False
2016-01-18,RS01SUM1-LJ01B-12-VEL3DB104,1,True,2016-01-18T00:00:00Z,2016-01-18T23:59:59Z,86396,86396,0,1.0,0.999956131,1.000045821,0.003193364,0,0,0,0,-0.0,2.596102,13.502049,-1.4019e-10,0.002595983,0.01350143,False,0.012593,False
2016-01-19,RS01SUM1-LJ01B-12-VEL3DB104,1,True,2016-01-19T00:00:00Z,2016-01-19T23:59:59Z,86396,86396,0,1.0,0.999943733,1.000045832,-0.000633367,0,0,0,0,-0.0,1.819895,6.241379,-1.857019e-10,0.001819812,0.006241093,False,0.005685,False
2016-01-20,RS01SUM1-LJ01B-12-VEL3DB104,1,True,2016-01-20T00:00:00Z,2016-01-20T23:59:59Z,86390,86396,6,1.0,0.999962807,1.000045774,-0.003322526,2,6,2,6,0.0,3.162313,13.359552,2.821019e-10,0.003162168,0.01335894,False,0.013889,True
2016-01-21,RS01SUM1-LJ01B-12-VEL3DB104,1,True,2016-01-21T00:00:00Z,2016-01-21T23:59:59Z,86396,86396,0,1.0,0.999993801,1.000045798,-0.002655143,0,0,0,0,-0.0,2.699091,13.886872,-1.198738e-10,0.002698968,0.01388624,False,0.013949,False
2016-01-22,RS01SUM1-LJ01B-12-VEL3DB104,1,True,2016-01-22T00:00:00Z,2016-01-22T23:59:59Z,86396,86396,0,1.0,0.999995232,1.000045877,-0.001747296,0,0,1,1,0.0,3.150367,10.378642,6.596193e-11,0.003150222,0.01037817,False,0.00823,False
2016-01-23,RS01SUM1-LJ01B-12-VEL3DB104,1,True,2016-01-23T00:00:00Z,2016-01-23T23:59:59Z,86396,86396,0,1.0,1.000017166,1.000045904,-0.001885038,0,0,0,0,-0.0,1.802341,6.495137,-1.694728e-10,0.001802258,0.006494839,False,0.004546,False
2016-01-24,RS01SUM1-LJ01B-12-VEL3DB104,1,True,2016-01-24T00:00:00Z,2016-01-24T23:59:59Z,86396,86396,0,1.0,0.999962807,1.000045768,0.000720664,0,0,0,0,-0.0,1.524385,11.33606,-1.374375e-10,0.001524315,0.01133554,False,0.013041,False
2016-01-25,RS01SUM1-LJ01B-12-VEL3DB104,1,True,2016-01-25T00:00:00Z,2016-01-25T23:59:59Z,86396,86396,0,1.0,0.999976158,1.000045922,-0.001341081,0,0,0,0,-0.0,2.037491,11.308125,-1.165064e-10,0.002037398,0.01130761,False,0.013357,False
2016-01-26,RS01SUM1-LJ01B-12-VEL3DB104,1,True,2016-01-26T00:00:00Z,2016-01-26T23:59:59Z,86396,86396,0,1.0,0.999951839,1.000045839,0.002069698,0,0,1,1,1e-06,2.032677,6.612636,8.780647e-10,0.002032584,0.006612333,False,0.005006,False
2016-01-27,RS01SUM1-LJ01B-12-VEL3DB104,1,True,2016-01-27T00:00:00Z,2016-01-27T23:59:59Z,86396,86396,0,1.0,0.999972343,1.000045849,-0.000128679,0,0,1,1,1e-06,1.710265,7.447478,5.889227e-10,0.001710186,0.007447136,False,0.007704,False
2016-01-28,RS01SUM1-LJ01B-12-VEL3DB104,1,True,2016-01-28T00:00:00Z,2016-01-28T23:59:59Z,86396,86396,0,1.0,0.999927998,1.000045859,0.00012089,0,0,0,0,-0.0,1.639899,6.993252,-2.028026e-10,0.001639824,0.006992931,False,0.007317,False
2016-01-29,RS01SUM1-LJ01B-12-VEL3DB104,1,True,2016-01-29T00:00:00Z,2016-01-29T23:59:59Z,86396,86396,0,1.0,0.999920845,1.000045985,-0.000128817,0,0,1,1,0.0,2.144934,10.932998,1.436844e-10,0.002144835,0.0109325,False,0.005351,False
2016-01-30,RS01SUM1-LJ01B-12-VEL3DB104,1,True,2016-01-30T00:00:00Z,2016-01-30T20:08:01Z,72479,72479,0,1.0,1.00011301,1.000046001,0.001578924,0,0,0,0,0.0,1.947908,7.201902,2.82408e-11,0.001947819,0.00720157,False,0.007041,False
2016-01-31,RS01SUM1-LJ01B-12-VEL3DB104,1,True,2016-01-31T02:32:56Z,2016-01-31T23:59:59Z,77220,77220,0,1.0,0.999937057,1.000045938,0.000591804,0,0,0,0,-0.0,1.812691,8.578288,-3.853277e-10,0.001812608,0.008577894,False,0.007249,False
2016-02-01,RS01SUM1-LJ01B-12-VEL3DB104,1,True,2016-02-01T00:00:00Z,2016-02-01T23:59:59Z,86370,86396,26,1.0,0.999936581,1.00004596,-0.000160406,2,26,2,27,-1e-06,1.439781,6.670614,-6.833232e-10,0.001439714,0.006670307,False,0.007426,True
2016-02-02,RS01SUM1-LJ01B-12-VEL3DB104,1,True,2016-02-02T00:00:00Z,2016-02-02T23:59:59Z,86396,86396,0,1.0,1.000061989,1.000045996,-0.005291419,0,0,1,1,0.0,2.613273,11.115792,1.34441e-10,0.002613153,0.01111528,False,0.00956,False
2016-02-03,RS01SUM1-LJ01B-12-VEL3DB104,1,True,2016-02-03T00:00:00Z,2016-02-03T23:59:59Z,86396,86396,0,1.0,1.000010967,1.000046021,-0.004924627,0,0,1,1,-0.0,3.031181,9.954744,-2.285999e-10,0.003031041,0.009954286,False,0.007779,False
2016-02-04,RS01SUM1-LJ01B-12-VEL3DB104,1,True,2016-02-04T00:00:00Z,2016-02-04T23:59:59Z,86396,86396,0,1.0,1.00019598,1.000045977,-0.004496856,0,0,0,0,-0.0,4.053327,14.151842,-1.384959e-10,0.00405314,0.01415119,False,0.014356,False
2016-02-05,RS01SUM1-LJ01B-12-VEL3DB104,1,True,2016-02-05T00:00:00Z,2016-02-05T23:59:59Z,86396,86396,0,1.0,0.999940872,1.000045961,-0.00191627,0,0,0,0,-0.0,2.928916,16.609265,-1.32157e-10,0.002928782,0.0166085,False,0.016772,False
2016-02-06,RS01SUM1-LJ01B-12-VEL3DB104,1,True,2016-02-06T00:00:00Z,2016-02-06T23:59:59Z,86396,86396,0,1.0,1.000057697,1.000046002,0.012508718,0,0,3,3,-0.0,4.228922,17.149631,-4.74886e-10,0.004228727,0.01714884,False,0.014445,False
2016-02-07,RS01SUM1-LJ01B-12-VEL3DB104,1,True,2016-02-07T00:00:00Z,2016-02-07T23:59:59Z,86396,86396,0,1.0,0.999963284,1.000045998,0.009325869,0,0,1,1,-1e-06,2.853896,12.504972,-8.086261e-10,0.002853765,0.0125044,False,0.014099,False
2016-02-08,RS01SUM1-LJ01B-12-VEL3DB104,1,True,2016-02-08T00:00:00Z,2016-02-08T23:59:59Z,86396,86396,0,1.0,0.999968052,1.000045997,-0.001413971,0,0,1,1,0.0,1.7907,7.948828,1.199069e-10,0.001790618,0.007948463,False,0.00748,False
2016-02-09,RS01SUM1-LJ01B-12-VEL3DB104,1,True,2016-02-09T00:00:00Z,2016-02-09T23:59:59Z,86396,86396,0,1.0,0.999985218,1.000045982,-0.000380672,0,0,0,0,-0.0,1.571316,7.095743,-9.498993e-11,0.001571244,0.007095417,False,0.006747,False
2016-02-10,RS01SUM1-LJ01B-12-VEL3DB104,1,True,2016-02-10T00:00:00Z,2016-02-10T23:59:59Z,86396,86396,0,1.0,0.999977589,1.000045977,0.002182223,0,0,1,1,0.0,1.667333,13.020798,1.988688e-10,0.001667256,0.0130202,False,0.012666,False
2016-02-11,RS01SUM1-LJ01B-12-VEL3DB104,1,True,2016-02-11T00:00:00Z,2016-02-11T23:59:59Z,86396,86396,0,1.0,1.000023365,1.000045951,-0.000512899,0,0,1,1,1e-06,4.179892,13.463704,7.928645e-10,0.0041797,0.01346309,False,0.01473,False
2016-02-12,RS01SUM1-LJ01B-12-VEL3DB104,1,True,2016-02-12T00:00:00Z,2016-02-12T23:59:59Z,86397,86397,0,1.0,1.000003099,1.000045879,0.000347981,0,0,1,1,-0.0,1.723774,7.646976,-1.658245e-11,0.001723695,0.007646625,False,0.007471,False
2016-02-13,RS01SUM1-LJ01B-12-VEL3DB104,1,True,2016-02-13T00:00:00Z,2016-02-13T23:59:59Z,86396,86396,0,1.0,0.999947071,1.000045918,-0.000103005,0,0,0,0,-0.0,1.776249,7.585236,-1.481181e-10,0.001776168,0.007584888,False,0.006454,False
2016-02-14,RS01SUM1-LJ01B-12-VEL3DB104,1,True,2016-02-14T00:00:00Z,2016-02-14T23:59:59Z,86396,86396,0,1.0,0.999969959,1.000045888,-0.000570915,0,0,0,0,-0.0,2.068902,9.638142,-1.573097e-10,0.002068807,0.0096377,False,0.011262,False
2016-02-15,RS01SUM1-LJ01B-12-VEL3DB104,1,True,2016-02-15T00:00:00Z,2016-02-15T23:59:59Z,86376,86396,20,1.0,1.000152111,1.000045911,-0.001385214,2,20,2,21,-0.0,2.175806,13.345474,-2.850532e-10,0.002175706,0.01334486,False,0.013132,True
2016-02-16,RS01SUM1-LJ01B-12-VEL3DB104,1,True,2016-02-16T00:00:00Z,2016-02-16T23:59:59Z,86396,86396,0,1.0,0.999984741,1.000045966,-0.000673267,0,0,1,1,0.0,1.641803,7.327596,3.991679e-10,0.001641727,0.007327259,False,0.006669,False
2016-02-17,RS01SUM1-LJ01B-12-VEL3DB104,1,True,2016-02-17T00:00:00Z,2016-02-17T23:59:59Z,86396,86396,0,1.0,1.000021935,1.000045929,0.001737562,0,0,1,1,-1e-06,1.804391,9.784242,-5.141167e-10,0.001804308,0.009783793,False,0.010674,False
2016-02-18,RS01SUM1-LJ01B-12-VEL3DB104,1,True,2016-02-18T00:00:00Z,2016-02-18T23:59:59Z,86396,86396,0,1.0,0.999992847,1.000045925,-0.00347728,0,0,0,0,-0.0,1.771657,8.37678,-1.264827e-10,0.001771576,0.008376395,False,0.007569,False
2016-02-19,RS01SUM1-LJ01B-12-VEL3DB104,1,True,2016-02-19T00:00:00Z,2016-02-19T23:59:59Z,86396,86396,0,1.0,0.999969006,1.000045897,0.001470898,0,0,1,1,-1e-06,1.855989,8.654582,-6.118907e-10,0.001855904,0.008654184,False,0.007406,False
2016-02-20,RS01SUM1-LJ01B-12-VEL3DB104,1,True,2016-02-20T00:00:00Z,2016-02-20T23:59:59Z,86396,86396,0,1.0,0.999950886,1.00004593,0.001179566,0,0,0,0,-0.0,1.862157,10.357723,-1.346149e-10,0.001862072,0.01035725,False,0.012358,False
2016-02-21,RS01SUM1-LJ01B-12-VEL3DB104,1,True,2016-02-21T00:00:00Z,2016-02-21T23:59:59Z,86396,86396,0,1.0,0.999897957,1.000045969,-0.001173218,0,0,3,3,0.0,1.998648,8.930991,1.995131e-10,0.001998556,0.00893058,False,0.007497,False
2016-02-22,RS01SUM1-LJ01B-12-VEL3DB104,1,True,2016-02-22T00:00:00Z,2016-02-22T23:59:59Z,86396,86396,0,1.0,0.999945641,1.000045916,-0.000125128,0,0,0,0,-0.0,1.997985,7.716763,-1.35892e-10,0.001997893,0.007716409,False,0.006107,False
2016-02-23,RS01SUM1-LJ01B-12-VEL3DB104,1,True,2016-02-23T00:00:00Z,2016-02-23T23:59:59Z,86396,86396,0,1.0,0.999971867,1.00004596,-0.001440301,0,0,0,0,-0.0,2.621642,6.993299,-1.588436e-10,0.002621521,0.006992978,False,0.007456,False
2016-02-24,RS01SUM1-LJ01B-12-VEL3DB104,1,True,2016-02-24T00:00:00Z,2016-02-24T23:59:59Z,86396,86396,0,1.0,1.000014782,1.00004597,0.001795586,0,0,1,1,-0.0,2.056793,8.373022,-1.739504e-10,0.002056699,0.008372637,False,0.007585,False
2016-02-25,RS01SUM1-LJ01B-12-VEL3DB104,1,True,2016-02-25T00:00:00Z,2016-02-25T23:59:59Z,86396,86396,0,1.0,0.999946117,1.000046023,-0.000360006,0,0,0,0,-0.0,1.806538,7.396282,-1.537635e-10,0.001806455,0.007395942,False,0.005118,False
2016-02-26,RS01SUM1-LJ01B-12-VEL3DB104,1,True,2016-02-26T00:00:00Z,2016-02-26T23:59:59Z,86396,86396,0,1.0,0.999957561,1.000046024,0.001090485,0,0,1,1,0.0,2.051898,8.13322,5.167024e-11,0.002051803,0.008132845,False,0.006763,False
2016-02-27,RS01SUM1-LJ01B-12-VEL3DB104,1,True,2016-02-27T00:00:00Z,2016-02-27T23:59:59Z,86396,86396,0,1.0,0.999986649,1.000046036,0.000429478,0,0,1,1,-0.0,2.70678,10.597378,-4.94476e-10,0.002706655,0.01059689,False,0.007014,False
2016-02-28,RS01SUM1-LJ01B-12-VEL3DB104,1,True,2016-02-28T00:00:00Z,2016-02-28T23:59:59Z,86396,86396,0,1.0,0.999943256,1.000045992,0.003287721,0,0,0,0,-0.0,2.197391,8.339334,-8.479102e-11,0.00219729,0.008338951,False,0.006929,False
2016-02-29,RS01SUM1-LJ01B-12-VEL3DB104,1,True,2016-02-29T00:00:00Z,2016-02-29T23:59:59Z,86396,86396,0,1.0,1.000168324,1.000045919,-0.00112451,0,0,0,0,-0.0,3.119343,14.206625,-1.522822e-10,0.003119199,0.01420597,False,0.01322,False
2016-03-01,RS01SUM1-LJ01B-12-VEL3DB104,1,True,2016-03-01T00:00:00Z,2016-03-01T23:59:59Z,86293,86396,103,1.0,1.000132084,1.000046016,0.000295361,2,103,2,104,-1e-06,4.603621,15.715461,-1.052522e-09,0.004603409,0.01571474,False,0.014571,True
2016-03-02,RS01SUM1-LJ01B-12-VEL3DB104,1,True,2016-03-02T00:00:00Z,2016-03-02T23:59:59Z,86396,86396,0,1.0,1.000116825,1.000046051,0.000238542,0,0,0,0,-0.0,3.646178,15.70571,-1.445906e-10,0.00364601,0.01570499,False,0.014559,False
2016-03-03,RS01SUM1-LJ01B-12-VEL3DB104,1,True,2016-03-03T00:00:00Z,2016-03-03T23:59:59Z,86314,86396,82,1.0,1.000020981,1.000046038,-0.001469416,3,82,3,85,1e-06,2.870036,453.140637,7.489355e-10,0.002869904,0.4531198,True,0.452874,True
2016-03-04,RS01SUM1-LJ01B-12-VEL3DB104,1,True,2016-03-04T00:00:00Z,2016-03-04T23:59:59Z,86396,86396,0,1.0,1.000051022,1.000046048,-0.003572273,0,0,0,0,-0.0,1.729197,6.76332,-1.390435e-10,0.001729118,0.006763008,False,0.008512,False
2016-03-05,RS01SUM1-LJ01B-12-VEL3DB104,1,True,2016-03-05T00:00:00Z,2016-03-05T23:59:59Z,86396,86396,0,1.0,1.00009203,1.000046054,0.001081887,0,0,0,0,-0.0,2.278712,7.694697,-8.815396e-11,0.002278607,0.007694343,False,0.008153,False
2016-03-06,RS01SUM1-LJ01B-12-VEL3DB104,1,True,2016-03-06T00:00:00Z,2016-03-06T23:59:59Z,86396,86396,0,1.0,1.000003815,1.000046045,-0.001005998,0,0,1,1,-0.0,1.637092,6.470588,-2.72042e-10,0.001637016,0.00647029,False,0.00498,False
2016-03-07,RS01SUM1-LJ01B-12-VEL3DB104,1,True,2016-03-07T00:00:00Z,2016-03-07T23:59:59Z,86396,86396,0,1.0,1.000034332,1.000046105,-0.001498762,0,0,3,3,0.0,1.559142,6.905408,3.604515e-10,0.00155907,0.00690509,False,0.004916,False
2016-03-08,RS01SUM1-LJ01B-12-VEL3DB104,1,True,2016-03-08T00:00:00Z,2016-03-08T23:59:59Z,86396,86396,0,1.0,0.999919891,1.000046055,-0.003357092,0,0,0,0,-0.0,2.313042,8.679045,-1.681706e-10,0.002312935,0.008678645,False,0.005646,False
2016-03-09,RS01SUM1-LJ01B-12-VEL3DB104,1,True,2016-03-09T00:00:00Z,2016-03-09T23:59:59Z,86396,86396,0,1.0,1.000069141,1.000046038,0.000378918,0,0,1,1,-1e-06,1.523629,7.578183,-8.036e-10,0.001523559,0.007577834,False,0.006346,False
2016-03-10,RS01SUM1-LJ01B-12-VEL3DB104,1,True,2016-03-10T00:00:00Z,2016-03-10T23:06:40Z,83197,83197,0,1.0,0.999944448,1.000046052,-3.0878e-05,0,0,0,0,0.0,1.600976,6.616047,6.789852e-11,0.001600902,0.006615742,False,0.006669,False
2016-03-11,RS01SUM1-LJ01B-12-VEL3DB104,1,True,2016-03-11T07:34:34Z,2016-03-11T23:59:59Z,59123,59123,0,1.0,0.999987364,1.00004612,-0.001914767,0,0,1,1,0.0,1.477455,5.842741,1.272653e-10,0.001477387,0.005842471,False,0.00509,False
2016-03-12,RS01SUM1-LJ01B-12-VEL3DB104,1,True,2016-03-12T00:00:00Z,2016-03-12T23:59:59Z,86396,86396,0,1.0,1.000031948,1.000046104,-0.001521205,0,0,0,0,-0.0,2.540099,8.833118,-1.338319e-10,0.002539982,0.008832711,False,0.007444,False
2016-03-13,RS01SUM1-LJ01B-12-VEL3DB104,1,True,2016-03-13T00:00:00Z,2016-03-13T23:59:59Z,86396,86396,0,1.0,0.999986172,1.000046073,-0.0008165,0,0,0,0,-0.0,3.095357,14.880216,-1.047721e-10,0.003095214,0.01487953,False,0.01453,False
2016-03-14,RS01SUM1-LJ01B-12-VEL3DB104,1,True,2016-03-14T00:00:00Z,2016-03-14T23:59:59Z,86396,86396,0,1.0,0.999983788,1.000045982,0.000914988,0,0,0,0,-0.0,2.651227,13.492817,-8.85651e-11,0.002651105,0.0134922,False,0.014704,False
2016-03-15,RS01SUM1-LJ01B-12-VEL3DB104,1,True,2016-03-15T00:00:00Z,2016-03-15T23:59:59Z,86396,86396,0,1.0,1.000145912,1.000045946,-0.003759325,0,0,0,0,-0.0,1.850406,9.998773,-1.486428e-10,0.001850321,0.009998314,False,0.011076,False
2016-03-16,RS01SUM1-LJ01B-12-VEL3DB104,1,True,2016-03-16T00:00:00Z,2016-03-16T23:59:59Z,85859,86396,537,1.0,1.000005245,1.000045962,-0.00011269,1,537,1,537,0.0,1.81033,14.106628,4.799917e-10,0.001810247,0.01410598,False,0.01848,True
2016-03-17,RS01SUM1-LJ01B-12-VEL3DB104,1,True,2016-03-17T00:00:00Z,2016-03-17T23:59:59Z,86298,86396,98,1.0,1.000100136,1.000045952,0.000565515,1,98,1,98,-1e-06,1.510256,12.812242,-6.353672e-10,0.001510187,0.01281165,False,0.01203,True
2016-03-18,RS01SUM1-LJ01B-12-VEL3DB104,1,True,2016-03-18T00:00:00Z,2016-03-18T23:59:59Z,86396,86396,0,1.0,0.999952793,1.00004605,0.005875017,0,0,0,0,-0.0,2.296253,14.936963,-1.36947e-10,0.002296147,0.01493628,False,0.013515,False
2016-03-19,RS01SUM1-LJ01B-12-VEL3DB104,1,True,2016-03-19T00:00:00Z,2016-03-19T23:59:59Z,86397,86397,0,1.0,1.000006199,1.000046014,-0.001897848,0,0,0,0,-0.0,2.155803,14.773111,-1.487231e-10,0.002155704,0.01477243,False,0.012789,False
2016-03-20,RS01SUM1-LJ01B-12-VEL3DB104,1,True,2016-03-20T00:00:00Z,2016-03-20T23:59:59Z,86396,86396,0,1.0,0.999979973,1.00004601,0.00136832,0,0,0,0,-0.0,1.458288,6.37522,-1.118765e-10,0.001458221,0.006374927,False,0.005109,False
2016-03-21,RS01SUM1-LJ01B-12-VEL3DB104,1,True,2016-03-21T00:00:00Z,2016-03-21T23:59:59Z,86396,86396,0,1.0,0.999967098,1.000046018,0.001775561,0,0,0,0,-0.0,1.387878,5.920946,-1.4082e-10,0.001387814,0.005920674,False,0.004628,False
2016-03-22,RS01SUM1-LJ01B-12-VEL3DB104,1,True,2016-03-22T00:00:00Z,2016-03-22T23:59:59Z,86396,86396,0,1.0,0.999987125,1.000046058,9.225e-05,0,0,3,3,0.0,2.377625,12.9642,4.09075e-10,0.002377515,0.0129636,False,0.014342,False
2016-03-23,RS01SUM1-LJ01B-12-VEL3DB104,1,True,2016-03-23T00:00:00Z,2016-03-23T23:59:59Z,86396,86396,0,1.0,0.999957085,1.000045951,0.001636452,0,0,1,1,-0.0,1.880195,10.570085,-1.507816e-10,0.001880108,0.0105696,False,0.0092,False
2016-03-24,RS01SUM1-LJ01B-12-VEL3DB104,1,True,2016-03-24T00:00:00Z,2016-03-24T23:59:59Z,86396,86396,0,1.0,0.999979973,1.000046079,-0.000118233,0,0,0,0,-0.0,1.706859,8.133407,-1.770025e-10,0.00170678,0.008133032,False,0.007773,False
2016-03-25,RS01SUM1-LJ01B-12-VEL3DB104,1,True,2016-03-25T00:00:00Z,2016-03-25T23:59:59Z,86396,86396,0,1.0,0.999927044,1.000046017,-0.000880869,0,0,1,1,-0.0,1.928079,14.036931,-4.887495e-10,0.00192799,0.01403628,False,0.012832,False
2016-03-26,RS01SUM1-LJ01B-12-VEL3DB104,1,True,2016-03-26T00:00:00Z,2016-03-26T23:59:59Z,86396,86396,0,1.0,0.999919891,1.000046049,0.000811254,0,0,1,1,-0.0,2.553278,13.97288,-7.069807e-11,0.00255316,0.01397224,False,0.012588,False
2016-03-27,RS01SUM1-LJ01B-12-VEL3DB104,1,True,2016-03-27T00:00:00Z,2016-03-27T23:59:59Z,86396,86396,0,1.0,1.000026226,1.000045995,-0.002170224,0,0,1,1,-1e-06,2.070361,8.325649,-5.525064e-10,0.002070266,0.008325266,False,0.007599,False
2016-03-28,RS01SUM1-LJ01B-12-VEL3DB104,1,True,2016-03-28T00:00:00Z,2016-03-28T23:59:59Z,86396,86396,0,1.0,0.999916077,1.000046076,-0.000574749,0,0,1,1,-0.0,2.742838,11.371195,-1.236709e-10,0.002742712,0.01137067,False,0.008708,False
2016-03-29,RS01SUM1-LJ01B-12-VEL3DB104,1,True,2016-03-29T00:00:00Z,2016-03-29T23:59:59Z,86396,86396,0,1.0,0.999993801,1.000046031,0.005239661,0,0,0,0,-0.0,1.777958,6.892214,-1.172952e-10,0.001777876,0.006891897,False,0.006701,False
2016-03-30,RS01SUM1-LJ01B-12-VEL3DB104,1,True,2016-03-30T00:00:00Z,2016-03-30T23:59:59Z,86396,86396,0,1.0,0.999934673,1.000046054,0.000307515,0,0,1,1,0.0,1.908478,6.62573,2.586149e-10,0.00190839,0.006625425,False,0.005787,False
2016-03-31,RS01SUM1-LJ01B-12-VEL3DB104,1,True,2016-03-31T00:00:00Z,2016-03-31T23:59:59Z,86370,86396,26,1.0,1.000006199,1.000046016,-0.000948915,1,26,1,26,1e-06,2.193847,8.111665,8.256742e-10,0.002193746,0.008111291,False,0.00706,True
2016-04-01,RS01SUM1-LJ01B-12-VEL3DB104,1,True,2016-04-01T00:00:00Z,2016-04-01T23:59:59Z,86294,86396,102,1.0,0.999969006,1.000046053,-0.002471201,3,102,3,104,-0.0,1.892579,8.115114,-4.494868e-10,0.001892492,0.00811474,False,0.011845,True
2016-04-02,RS01SUM1-LJ01B-12-VEL3DB104,1,True,2016-04-02T00:00:00Z,2016-04-02T23:59:59Z,86294,86396,102,1.0,1.000039101,1.000046023,0.000211264,1,102,1,102,-0.0,1.411751,6.50344,-1.714438e-10,0.001411686,0.006503141,False,0.006723,True
2016-04-03,RS01SUM1-LJ01B-12-VEL3DB104,1,True,2016-04-03T00:00:00Z,2016-04-03T23:59:59Z,86396,86396,0,1.0,1.000109196,1.000046028,0.000102534,0,0,1,1,-1e-06,2.613475,8.478425,-1.040092e-09,0.002613355,0.008478035,False,0.007303,False
2016-04-04,RS01SUM1-LJ01B-12-VEL3DB104,1,True,2016-04-04T00:00:00Z,2016-04-04T23:59:59Z,86396,86396,0,1.0,1.000116825,1.00004594,0.003135563,0,0,0,0,-0.0,3.401611,18.119323,-1.464225e-10,0.003401455,0.01811849,False,0.016291,False
2016-04-05,RS01SUM1-LJ01B-12-VEL3DB104,1,True,2016-04-05T00:00:00Z,2016-04-05T23:59:59Z,86396,86396,0,1.0,1.00004673,1.000046059,-0.002037177,0,0,0,0,-0.0,3.163285,16.312269,-1.11974e-10,0.003163139,0.01631152,False,0.013697,False
2016-04-06,RS01SUM1-LJ01B-12-VEL3DB104,1,True,2016-04-06T00:00:00Z,2016-04-06T23:59:59Z,86396,86396,0,1.0,0.999963284,1.000046063,-0.000120259,0,0,1,1,0.0,2.041625,8.030669,2.997583e-10,0.002041531,0.0080303,False,0.006855,False
2016-04-07,RS01SUM1-LJ01B-12-VEL3DB104,1,True,2016-04-07T00:00:00Z,2016-04-07T23:59:59Z,86396,86396,0,1.0,1.000189781,1.000046024,0.002790733,0,0,0,0,-0.0,2.311526,17.715156,-1.654747e-10,0.00231142,0.01771434,False,0.019618,False
2016-04-08,RS01SUM1-LJ01B-12-VEL3DB104,1,True,2016-04-08T00:00:00Z,2016-04-08T23:59:59Z,85955,86396,441,1.0,0.999966145,1.000046095,-0.001807639,3,441,3,441,0.0,2.364502,8.823642,1.730909e-10,0.002364393,0.008823235,False,0.02052,True
2016-04-09,RS01SUM1-LJ01B-12-VEL3DB104,1,True,2016-04-09T00:00:00Z,2016-04-09T23:59:59Z,86396,86396,0,1.0,0.999989986,1.000046063,0.000631053,0,0,2,2,-0.0,1.820487,11.215816,-3.88373e-10,0.001820403,0.0112153,False,0.009188,False
2016-04-10,RS01SUM1-LJ01B-12-VEL3DB104,1,True,2016-04-10T00:00:00Z,2016-04-10T23:59:59Z,86396,86396,0,1.0,1.000195026,1.000046074,-0.00323159,0,0,1,1,-0.0,2.305796,8.602157,-4.602039e-10,0.00230569,0.008601761,False,0.008315,False
2016-04-11,RS01SUM1-LJ01B-12-VEL3DB104,1,True,2016-04-11T00:00:00Z,2016-04-11T23:59:59Z,86396,86396,0,1.0,1.000233173,1.000046118,-0.000254101,0,0,1,1,0.0,1.398777,6.752498,6.3819e-12,0.001398713,0.006752187,False,0.006532,False
2016-04-12,RS01SUM1-LJ01B-12-VEL3DB104,1,True,2016-04-12T00:00:00Z,2016-04-12T23:59:59Z,86396,86396,0,1.0,1.000236034,1.000046108,-0.00280444,0,0,1,1,0.0,1.762266,8.800441,6.399646e-11,0.001762184,0.008800035,False,0.006241,False
2016-04-13,RS01SUM1-LJ01B-12-VEL3DB104,1,True,2016-04-13T00:00:00Z,2016-04-13T23:59:59Z,86396,86396,0,1.0,1.000030041,1.000046153,0.001327156,0,0,0,0,-0.0,1.931135,7.529419,-1.366651e-10,0.001931046,0.007529071,False,0.006791,False
2016-04-14,RS01SUM1-LJ01B-12-VEL3DB104,1,True,2016-04-14T00:00:00Z,2016-04-14T23:59:59Z,86179,86396,217,1.0,0.999963284,1.000046088,-0.000662881,2,217,2,217,-1e-06,2.951863,10.157544,-7.069392e-10,0.002951727,0.01015708,False,0.01557,True
2016-04-15,RS01SUM1-LJ01B-12-VEL3DB104,1,True,2016-04-15T00:00:00Z,2016-04-15T23:59:59Z,86396,86396,0,1.0,0.999968052,1.000046078,0.009127303,0,0,0,0,-0.0,3.132437,10.248125,-1.682832e-10,0.003132293,0.01024765,False,0.00615,False
2016-04-16,RS01SUM1-LJ01B-12-VEL3DB104,1,True,2016-04-16T00:00:00Z,2016-04-16T23:59:59Z,86396,86396,0,1.0,1.000016689,1.000046091,0.001410139,0,0,0,0,-0.0,2.212986,8.802659,-2.386587e-10,0.002212884,0.008802253,False,0.013337,False
2016-04-17,RS01SUM1-LJ01B-12-VEL3DB104,1,True,2016-04-17T00:00:00Z,2016-04-17T23:59:59Z,86396,86396,0,1.0,1.000051975,1.000046032,-0.000865816,0,0,1,1,-0.0,1.891239,7.279134,-2.144653e-10,0.001891152,0.007278798,False,0.006384,False
2016-04-18,RS01SUM1-LJ01B-12-VEL3DB104,1,True,2016-04-18T00:00:00Z,2016-04-18T23:59:59Z,86396,86396,0,1.0,0.99995327,1.000046129,-0.001615498,0,0,1,1,1e-06,2.317312,10.992478,5.872961e-10,0.002317205,0.01099197,False,0.009621,False
2016-04-19,RS01SUM1-LJ01B-12-VEL3DB104,1,True,2016-04-19T00:00:00Z,2016-04-19T23:59:59Z,86396,86396,0,1.0,1.000056744,1.000046139,2.817e-06,0,0,0,0,-0.0,1.498739,13.588172,-8.975348e-11,0.00149867,0.01358755,False,0.012909,False
2016-04-20,RS01SUM1-LJ01B-12-VEL3DB104,1,True,2016-04-20T00:00:00Z,2016-04-20T23:59:59Z,86387,86396,9,1.0,1.000062943,1.000046172,-0.002346889,1,9,1,9,1e-06,2.249584,9.710114,5.287066e-10,0.00224948,0.009709665,False,0.007536,True
2016-04-21,RS01SUM1-LJ01B-12-VEL3DB104,1,True,2016-04-21T00:00:00Z,2016-04-21T22:50:27Z,82224,82224,0,1.0,1.000051022,1.000046167,0.00175873,0,0,0,0,-0.0,1.723572,6.498999,-8.961396e-11,0.001723492,0.006498699,False,0.006075,False
2016-04-22,RS01SUM1-LJ01B-12-VEL3DB104,1,True,2016-04-22T14:44:53Z,2016-04-22T23:59:59Z,33305,33305,0,1.0,1.000267982,1.000046196,0.00273464,0,0,0,0,0.0,1.61802,7.625775,5.234222e-11,0.001617945,0.007625422,False,0.00538,False
2016-04-23,RS01SUM1-LJ01B-12-VEL3DB104,1,True,2016-04-23T00:00:00Z,2016-04-23T23:59:59Z,86396,86396,0,1.0,0.99996376,1.000046115,-0.000196799,0,0,2,2,-0.0,1.689948,10.685554,-1.370373e-11,0.001689871,0.01068506,False,0.011274,False
2016-04-24,RS01SUM1-LJ01B-12-VEL3DB104,1,True,2016-04-24T00:00:00Z,2016-04-24T23:59:59Z,86396,86396,0,1.0,0.999909878,1.000046101,0.000836762,0,0,1,1,-0.0,1.365982,9.791966,-7.457315e-11,0.001365919,0.009791515,False,0.011413,False
2016-04-25,RS01SUM1-LJ01B-12-VEL3DB104,1,True,2016-04-25T00:00:00Z,2016-04-25T23:59:59Z,86386,86396,10,1.0,0.999941826,1.000046122,0.002019431,1,10,1,10,-0.0,1.69663,8.016041,-3.43988e-10,0.001696552,0.008015672,False,0.008219,True
2016-04-26,RS01SUM1-LJ01B-12-VEL3DB104,1,True,2016-04-26T00:00:00Z,2016-04-26T23:59:59Z,86396,86396,0,1.0,0.999939919,1.000046141,-0.000271097,0,0,2,2,-0.0,2.03917,7.256875,-1.411088e-10,0.002039076,0.00725654,False,0.006936,False
2016-04-27,RS01SUM1-LJ01B-12-VEL3DB104,1,True,2016-04-27T00:00:00Z,2016-04-27T23:59:59Z,86396,86396,0,1.0,1.000028133,1.000046131,-0.001593541,0,0,0,0,-0.0,1.695811,10.134629,-6.077983e-11,0.001695733,0.01013416,False,0.009198,False
2016-04-28,RS01SUM1-LJ01B-12-VEL3DB104,1,True,2016-04-28T00:00:00Z,2016-04-28T23:59:59Z,86396,86396,0,1.0,0.999923229,1.000046157,-0.000164371,0,0,0,0,-0.0,1.653122,7.384215,-1.186521e-10,0.001653046,0.007383874,False,0.007012,False
2016-04-29,RS01SUM1-LJ01B-12-VEL3DB104,1,True,2016-04-29T00:00:00Z,2016-04-29T23:59:59Z,86396,86396,0,1.0,0.999892235,1.000046193,-0.002786368,0,0,1,1,0.0,2.084237,11.363538,4.704657e-10,0.002084141,0.01136301,False,0.012356,False
2016-04-30,RS01SUM1-LJ01B-12-VEL3DB104,1,True,2016-04-30T00:00:00Z,2016-04-30T23:59:59Z,86396,86396,0,1.0,0.999899864,1.00004617,-0.004781487,0,0,1,1,-1e-06,1.657109,11.039642,-5.265026e-10,0.001657033,0.01103913,False,0.01272,False
2016-05-01,RS01SUM1-LJ01B-12-VEL3DB104,1,True,2016-05-01T00:00:00Z,2016-05-01T23:59:59Z,86396,86396,0,1.0,0.999930859,1.000046165,0.000430421,0,0,1,1,-1e-06,1.445365,7.095429,-6.0339e-10,0.001445298,0.007095101,False,0.005304,False
2016-05-02,RS01SUM1-LJ01B-12-VEL3DB104,1,True,2016-05-02T00:00:00Z,2016-05-02T23:59:59Z,86396,86396,0,1.0,0.999885082,1.000046171,-0.00077408,0,0,0,0,-0.0,2.135583,6.988963,-2.033694e-10,0.002135485,0.00698864,False,0.005868,False
2016-05-03,RS01SUM1-LJ01B-12-VEL3DB104,1,True,2016-05-03T00:00:00Z,2016-05-03T23:59:59Z,86396,86396,0,1.0,0.999927044,1.00004613,-0.000836584,0,0,0,0,-0.0,2.833111,8.52703,-8.432198e-11,0.00283298,0.008526637,False,0.00713,False
2016-05-04,RS01SUM1-LJ01B-12-VEL3DB104,1,True,2016-05-04T00:00:00Z,2016-05-04T23:59:59Z,86396,86396,0,1.0,0.999913692,1.000046181,0.002389733,0,0,1,1,1e-06,1.720262,11.50528,7.78497e-10,0.001720182,0.01150475,False,0.012729,False
2016-05-05,RS01SUM1-LJ01B-12-VEL3DB104,1,True,2016-05-05T00:00:00Z,2016-05-05T23:59:59Z,85637,86396,759,1.0,0.999968052,1.000046184,0.000790408,2,759,2,760,-0.0,1.599,12.579338,-1.204691e-11,0.001598926,0.01257876,False,0.059854,True
2016-05-06,RS01SUM1-LJ01B-12-VEL3DB104,1,True,2016-05-06T00:00:00Z,2016-05-06T23:59:59Z,83320,86396,3076,1.0,1.000035763,1.000046122,0.001742098,7,3076,7,3076,-0.0,1.852167,7.633628,-5.382039e-12,0.001852082,0.007633276,False,0.021005,True
2016-05-07,RS01SUM1-LJ01B-12-VEL3DB104,1,True,2016-05-07T00:00:00Z,2016-05-07T23:59:59Z,53494,86396,32902,1.0,0.999989033,1.000046106,4.9319e-05,80,32902,80,32902,-0.0,1.736173,14.279781,-1.682899e-10,0.001736093,0.01427912,False,0.118966,True
2016-05-08,RS01SUM1-LJ01B-12-VEL3DB104,1,True,2016-05-08T00:00:00Z,2016-05-08T23:59:59Z,86396,86396,0,1.0,1.00007391,1.000046135,-0.00214543,0,0,0,0,-0.0,4.727921,17.626007,-1.252065e-10,0.004727702,0.01762519,False,0.014665,False
2016-05-09,RS01SUM1-LJ01B-12-VEL3DB104,1,True,2016-05-09T00:00:00Z,2016-05-09T23:59:59Z,86381,86396,15,1.0,0.999927044,1.000046099,-0.000208892,2,15,2,15,1e-06,1.457115,7.370538,1.062615e-09,0.001457048,0.007370199,False,0.005803,True
2016-05-10,RS01SUM1-LJ01B-12-VEL3DB104,1,True,2016-05-10T00:00:00Z,2016-05-10T23:59:59Z,86396,86396,0,1.0,0.999899864,1.000046108,0.001309349,0,0,3,3,0.0,1.424437,6.828048,4.147492e-10,0.001424371,0.006827733,False,0.006686,False
2016-05-11,RS01SUM1-LJ01B-12-VEL3DB104,1,True,2016-05-11T00:00:00Z,2016-05-11T23:59:59Z,86019,86396,377,1.0,1.000000954,1.000046097,-0.000598181,10,377,10,378,-0.0,4.065171,14.930902,-3.339265e-10,0.004064984,0.01493021,False,0.016429,True
2016-05-12,RS01SUM1-LJ01B-12-VEL3DB104,1,True,2016-05-12T00:00:00Z,2016-05-12T23:59:59Z,86110,86396,286,1.0,1.000052929,1.00004604,-0.001248696,5,286,5,287,-0.0,4.687305,15.408411,-3.023481e-10,0.004687089,0.0154077,False,0.014458,True
2016-05-13,RS01SUM1-LJ01B-12-VEL3DB104,1,True,2016-05-13T00:00:00Z,2016-05-13T23:59:59Z,86302,86397,95,1.0,1.0,1.000045993,0.00746807,9,95,9,96,0.0,4.458294,15.056364,4.920008e-10,0.004458089,0.01505567,False,0.014166,True
2016-05-14,RS01SUM1-LJ01B-12-VEL3DB104,1,True,2016-05-14T00:00:00Z,2016-05-14T23:59:59Z,86316,86396,80,1.0,0.999992371,1.000046097,-0.004356665,4,80,4,81,0.0,5.020467,17.477066,2.196624e-10,0.005020235,0.01747626,False,0.014352,True
2016-05-15,RS01SUM1-LJ01B-12-VEL3DB104,1,True,2016-05-15T00:00:00Z,2016-05-15T23:59:59Z,86386,86396,10,1.0,0.99992609,1.000046027,-0.00119035,3,10,3,11,0.0,1.730271,13.682323,1.501213e-10,0.001730191,0.01368169,False,0.014688,True
2016-05-16,RS01SUM1-LJ01B-12-VEL3DB104,1,True,2016-05-16T00:00:00Z,2016-05-16T23:59:59Z,86285,86396,111,1.0,1.000041008,1.000046141,-0.002174742,6,111,6,113,0.0,4.750227,12.755352,8.25311e-11,0.004750008,0.01275476,False,0.014418,True
2016-05-17,RS01SUM1-LJ01B-12-VEL3DB104,1,True,2016-05-17T00:00:00Z,2016-05-17T23:59:59Z,81447,86397,4950,1.0,0.999941826,1.00003017,0.328173045,4,4950,4,4950,0.0,248.103835,519.200814,1.581048e-10,0.2480963,0.5191851,True,0.485975,True
2016-05-18,RS01SUM1-LJ01B-12-VEL3DB104,1,True,2016-05-18T00:00:00Z,2016-05-18T23:59:59Z,85799,86396,597,1.0,0.999928951,1.000046094,0.001199838,2,597,2,598,0.0,2.038414,6.685053,1.173538e-10,0.00203832,0.006684745,False,0.069651,True
2016-05-19,RS01SUM1-LJ01B-12-VEL3DB104,1,True,2016-05-19T00:00:00Z,2016-05-19T23:59:59Z,84260,86396,2136,1.0,0.999912739,1.000046114,-0.0015418,3,2136,3,2136,-0.0,1.814813,8.044557,-2.053366e-11,0.00181473,0.008044186,False,0.282577,True
2016-05-20,RS01SUM1-LJ01B-12-VEL3DB104,1,True,2016-05-20T00:00:00Z,2016-05-20T23:59:59Z,85954,86396,442,1.0,0.999934196,1.000046116,-3.1843e-05,20,442,20,447,-0.0,1.989512,112.615642,-2.430391e-10,0.00198942,0.1126104,False,0.113973,True
2016-05-21,RS01SUM1-LJ01B-12-VEL3DB104,1,True,2016-05-21T00:00:00Z,2016-05-21T23:59:59Z,86246,86396,150,1.0,0.99987793,1.000046105,-0.00119796,11,150,11,152,0.0,1.932127,122.128943,3.954956e-10,0.001932037,0.1221233,False,0.11886,True
2016-05-22,RS01SUM1-LJ01B-12-VEL3DB104,1,True,2016-05-22T00:00:00Z,2016-05-22T23:59:59Z,86376,86396,20,1.0,1.000116825,1.000046228,-0.007349083,4,20,4,20,-1e-06,3.969856,10.92234,-8.344634e-10,0.003969672,0.01092184,False,0.014112,True
2016-05-23,RS01SUM1-LJ01B-12-VEL3DB104,1,True,2016-05-23T00:00:00Z,2016-05-23T23:59:59Z,86376,86396,20,1.0,0.999902248,1.000046126,-0.001191981,6,20,6,22,0.0,1.713047,11.67664,1.384705e-10,0.001712968,0.0116761,False,0.013554,True
2016-05-24,RS01SUM1-LJ01B-12-VEL3DB104,1,True,2016-05-24T00:00:00Z,2016-05-24T23:59:59Z,86396,86396,0,1.0,0.999932766,1.000046081,0.000873287,0,0,0,0,-0.0,1.643413,9.361586,-1.247266e-10,0.001643337,0.009361155,False,0.010142,False
2016-05-25,RS01SUM1-LJ01B-12-VEL3DB104,1,True,2016-05-25T00:00:00Z,2016-05-25T23:59:59Z,86391,86396,5,1.0,1.000072956,1.000046098,-0.002213544,1,5,1,5,0.0,2.215584,11.73242,8.898615e-11,0.002215482,0.01173188,False,0.01045,True
2016-05-26,RS01SUM1-LJ01B-12-VEL3DB104,1,True,2016-05-26T00:00:00Z,2016-05-26T23:59:59Z,86391,86396,5,1.0,0.999915123,1.000046099,-0.001669539,1,5,1,5,-1e-06,2.131853,12.44315,-6.20027e-10,0.002131755,0.01244258,False,0.013936,True
2016-05-27,RS01SUM1-LJ01B-12-VEL3DB104,1,True,2016-05-27T00:00:00Z,2016-05-27T23:59:59Z,86365,86396,31,1.0,0.999905586,1.00004616,-0.004171895,4,31,4,31,-0.0,2.054447,8.162688,-1.537344e-10,0.002054352,0.008162311,False,0.009411,True
2016-05-28,RS01SUM1-LJ01B-12-VEL3DB104,1,True,2016-05-28T00:00:00Z,2016-05-28T23:59:59Z,86396,86396,0,1.0,0.999932289,1.000046042,-1.244e-06,0,0,1,1,1e-06,2.381234,8.226224,5.296775e-10,0.002381124,0.008225845,False,0.005239,False
2016-05-29,RS01SUM1-LJ01B-12-VEL3DB104,1,True,2016-05-29T00:00:00Z,2016-05-29T23:59:59Z,86396,86396,0,1.0,0.999909878,1.000046027,-0.001980699,0,0,0,0,-0.0,1.681505,15.972405,-1.277596e-10,0.001681428,0.01597167,False,0.012807,False
2016-05-30,RS01SUM1-LJ01B-12-VEL3DB104,1,True,2016-05-30T00:00:00Z,2016-05-30T23:59:59Z,86396,86396,0,1.0,0.99990797,1.000046114,-0.000169031,0,0,0,0,-0.0,1.705718,11.518221,-1.451079e-10,0.00170564,0.01151769,False,0.012838,False
2016-05-31,RS01SUM1-LJ01B-12-VEL3DB104,1,True,2016-05-31T00:00:00Z,2016-05-31T23:59:59Z,86391,86396,5,1.0,0.999911785,1.000046103,-0.002715087,1,5,1,5,-1e-06,1.63203,7.364139,-5.203304e-10,0.001631955,0.0073638,False,0.006133,True
2016-06-01,RS01SUM1-LJ01B-12-VEL3DB104,1,True,2016-06-01T00:00:00Z,2016-06-01T23:59:59Z,86396,86396,0,1.0,0.999890327,1.000046045,7.5941e-05,0,0,1,1,0.0,3.444801,17.395962,8.287689e-11,0.003444642,0.01739516,False,0.012052,False
2016-06-02,RS01SUM1-LJ01B-12-VEL3DB104,1,True,2016-06-02T00:00:00Z,2016-06-02T23:59:59Z,86351,86396,45,1.0,0.999897003,1.000046027,0.003176119,2,45,2,46,0.0,3.202687,15.763709,1.295599e-10,0.003202539,0.01576298,False,0.013962,True
2016-06-03,RS01SUM1-LJ01B-12-VEL3DB104,1,True,2016-06-03T00:00:00Z,2016-06-03T23:59:59Z,86386,86396,10,1.0,0.999901295,1.000045978,0.005869192,2,10,2,10,0.0,1.539206,7.461345,4.242219e-10,0.001539136,0.007461002,False,0.006288,True
2016-06-04,RS01SUM1-LJ01B-12-VEL3DB104,1,True,2016-06-04T00:00:00Z,2016-06-04T23:59:59Z,86386,86396,10,1.0,0.999934673,1.000046035,0.00417099,4,10,4,12,-0.0,1.618673,12.74129,-3.342455e-10,0.001618598,0.0127407,False,0.014826,True
2016-06-05,RS01SUM1-LJ01B-12-VEL3DB104,1,True,2016-06-05T00:00:00Z,2016-06-05T23:59:59Z,85909,86396,487,1.0,1.000081062,1.000045963,0.001332788,6,487,6,487,-1e-06,4.795907,14.403163,-6.525671e-10,0.004795687,0.0144025,False,0.015461,True
2016-06-06,RS01SUM1-LJ01B-12-VEL3DB104,1,True,2016-06-06T00:00:00Z,2016-06-06T23:59:59Z,86386,86396,10,1.0,0.999937057,1.000046115,0.008425149,2,10,2,10,-0.0,3.768939,15.203946,-2.202498e-10,0.003768766,0.01520324,False,0.015157,True
2016-06-07,RS01SUM1-LJ01B-12-VEL3DB104,1,True,2016-06-07T00:00:00Z,2016-06-07T23:59:59Z,86376,86396,20,1.0,0.999922752,1.000046073,0.003579725,1,20,1,20,-0.0,1.681916,9.144248,-4.238426e-11,0.001681839,0.009143827,False,0.008612,True
2016-06-08,RS01SUM1-LJ01B-12-VEL3DB104,1,True,2016-06-08T00:00:00Z,2016-06-08T23:59:59Z,86311,86396,85,1.0,0.999903202,1.000046078,-0.001777232,6,85,6,85,-0.0,1.719651,7.644284,-5.819326e-11,0.001719572,0.007643932,False,0.007878,True
2016-06-09,RS01SUM1-LJ01B-12-VEL3DB104,1,True,2016-06-09T00:00:00Z,2016-06-09T23:59:59Z,86396,86396,0,1.0,0.999891281,1.000046063,0.001086469,0,0,0,0,-0.0,1.842756,8.287531,-1.380357e-10,0.001842671,0.00828715,False,0.005851,False
2016-06-10,RS01SUM1-LJ01B-12-VEL3DB104,1,True,2016-06-10T00:00:00Z,2016-06-10T23:59:59Z,86386,86396,10,1.0,0.999874115,1.000046027,0.000623016,2,10,2,10,-1e-06,1.24331,6.083599,-6.863018e-10,0.001243253,0.006083319,False,0.004092,True
2016-06-11,RS01SUM1-LJ01B-12-VEL3DB104,1,True,2016-06-11T00:00:00Z,2016-06-11T23:59:59Z,86376,86396,20,1.0,0.999906063,1.000046049,0.001585335,2,20,2,20,-0.0,1.789034,6.914895,-1.770412e-11,0.001788952,0.006914577,False,0.008056,True
2016-06-12,RS01SUM1-LJ01B-12-VEL3DB104,1,True,2016-06-12T00:00:00Z,2016-06-12T23:59:59Z,86386,86396,10,1.0,0.999989986,1.00004603,0.000932759,2,10,2,10,-0.0,3.068377,12.107733,-8.985831e-11,0.003068236,0.01210718,False,0.013346,True
2016-06-13,RS01SUM1-LJ01B-12-VEL3DB104,1,True,2016-06-13T00:00:00Z,2016-06-13T23:59:59Z,86385,86396,11,1.0,0.999938011,1.000046103,-0.003515667,2,11,2,11,0.0,2.551116,11.914672,1.755039e-10,0.002550999,0.01191412,False,0.01241,True
2016-06-14,RS01SUM1-LJ01B-12-VEL3DB104,1,True,2016-06-14T00:00:00Z,2016-06-14T23:59:59Z,86396,86396,0,1.0,0.999927044,1.000046082,-0.004444737,0,0,0,0,-0.0,2.610009,11.405389,-1.137711e-10,0.002609889,0.01140486,False,0.012191,False
2016-06-15,RS01SUM1-LJ01B-12-VEL3DB104,1,True,2016-06-15T00:00:00Z,2016-06-15T23:59:59Z,86300,86396,96,1.0,0.999940872,1.000046096,-0.004140112,3,96,3,97,-0.0,2.536658,8.430393,-2.228778e-10,0.002536541,0.008430005,False,0.010176,True
2016-06-16,RS01SUM1-LJ01B-12-VEL3DB104,1,True,2016-06-16T00:00:00Z,2016-06-16T23:59:59Z,86391,86396,5,1.0,1.000001907,1.000046089,-0.002613425,2,5,2,6,1e-06,2.503777,7.369329,8.083007e-10,0.002503662,0.007368989,False,0.007273,True
2016-06-17,RS01SUM1-LJ01B-12-VEL3DB104,1,True,2016-06-17T00:00:00Z,2016-06-17T23:59:59Z,86391,86396,5,1.0,1.000183105,1.000046011,0.000527722,2,5,2,6,0.0,2.349568,9.469002,4.482993e-10,0.00234946,0.009468566,False,0.00673,True
2016-06-18,RS01SUM1-LJ01B-12-VEL3DB104,1,True,2016-06-18T00:00:00Z,2016-06-18T23:59:59Z,86391,86396,5,1.0,0.999969006,1.000046031,0.002112942,2,5,2,6,0.0,1.6536,9.748498,4.578954e-10,0.001653524,0.009748049,False,0.011415,True
2016-06-19,RS01SUM1-LJ01B-12-VEL3DB104,1,True,2016-06-19T00:00:00Z,2016-06-19T23:59:59Z,86396,86396,0,1.0,0.999994755,1.000046057,-0.001620171,0,0,1,1,-0.0,1.470257,5.848732,-2.597629e-10,0.001470189,0.005848462,False,0.006064,False
2016-06-20,RS01SUM1-LJ01B-12-VEL3DB104,1,True,2016-06-20T00:00:00Z,2016-06-20T23:59:59Z,86396,86396,0,1.0,0.999915123,1.000046016,0.00160994,0,0,0,0,-0.0,1.306945,9.923263,-1.765088e-10,0.001306885,0.009922806,False,0.011856,False
2016-06-21,RS01SUM1-LJ01B-12-VEL3DB104,1,True,2016-06-21T00:00:00Z,2016-06-21T23:59:59Z,86137,86396,259,1.0,0.99987793,1.000045481,0.012111851,4,259,4,260,0.0,12.021151,27.652444,3.890799e-10,0.0120206,0.02765119,False,0.01376,True
2016-06-22,RS01SUM1-LJ01B-12-VEL3DB104,1,True,2016-06-22T00:00:00Z,2016-06-22T23:59:59Z,86317,86396,79,1.0,0.999865055,1.000046041,0.003935904,6,79,6,79,1e-06,1.496109,5.352655,6.331499e-10,0.00149604,0.005352408,False,0.005472,True
2016-06-23,RS01SUM1-LJ01B-12-VEL3DB104,1,True,2016-06-23T00:00:00Z,2016-06-23T23:59:59Z,86386,86396,10,1.0,0.999912262,1.00004605,-5.8593e-05,1,10,1,10,0.0,2.633218,15.342052,4.27332e-10,0.002633097,0.01534135,False,0.013629,True
2016-06-24,RS01SUM1-LJ01B-12-VEL3DB104,1,True,2016-06-24T00:00:00Z,2016-06-24T23:59:59Z,86391,86396,5,1.0,0.999887943,1.000046033,-0.001798856,2,5,2,6,0.0,1.819478,14.572494,4.2496e-10,0.001819394,0.01457182,False,0.013837,True
2016-06-25,RS01SUM1-LJ01B-12-VEL3DB104,1,True,2016-06-25T00:00:00Z,2016-06-25T23:59:59Z,86396,86396,0,1.0,0.999892712,1.000046044,0.001155245,0,0,1,1,0.0,1.487203,10.061192,3.492299e-10,0.001487134,0.01006073,False,0.009256,False
2016-06-26,RS01SUM1-LJ01B-12-VEL3DB104,1,True,2016-06-26T00:00:00Z,2016-06-26T23:59:59Z,86396,86396,0,1.0,0.999890327,1.000045983,-0.00118955,0,0,0,0,-0.0,1.648526,9.530067,-9.653754e-11,0.00164845,0.009529629,False,0.0099,False
2016-06-27,RS01SUM1-LJ01B-12-VEL3DB104,1,True,2016-06-27T00:00:00Z,2016-06-27T23:59:59Z,86391,86396,5,1.0,0.999895096,1.000046033,-0.001591223,2,5,2,6,-0.0,2.057856,7.099799,-1.769819e-10,0.002057761,0.007099473,False,0.005324,True
2016-06-28,RS01SUM1-LJ01B-12-VEL3DB104,1,True,2016-06-28T00:00:00Z,2016-06-28T23:59:59Z,86392,86397,5,1.0,1.000035763,1.000045965,0.000162157,2,5,2,6,1e-06,2.167817,9.482081,5.042679e-10,0.002167717,0.009481645,False,0.006847,True
2016-06-29,RS01SUM1-LJ01B-12-VEL3DB104,1,True,2016-06-29T00:00:00Z,2016-06-29T23:59:59Z,86396,86396,0,1.0,0.999952793,1.000045957,0.001145876,0,0,1,1,1e-06,1.875692,8.348082,9.551486e-10,0.001875606,0.008347698,False,0.006594,False
2016-06-30,RS01SUM1-LJ01B-12-VEL3DB104,1,True,2016-06-30T00:00:00Z,2016-06-30T23:59:59Z,86271,86396,125,1.0,0.999912262,1.000045933,-0.000638182,4,125,4,126,0.0,2.437314,9.895222,3.300426e-10,0.002437202,0.009894767,False,0.011896,True
2016-07-01,RS01SUM1-LJ01B-12-VEL3DB104,1,True,2016-07-01T00:00:00Z,2016-07-01T23:59:59Z,86396,86396,0,1.0,0.999890327,1.000045981,0.001445463,0,0,0,0,-0.0,1.422617,9.344096,-1.659097e-10,0.001422552,0.009343666,False,0.009421,False
2016-07-02,RS01SUM1-LJ01B-12-VEL3DB104,1,True,2016-07-02T00:00:00Z,2016-07-02T23:59:59Z,86396,86396,0,1.0,0.999910831,1.000046049,5.2322e-05,0,0,0,0,-0.0,1.679937,8.518421,-1.451353e-10,0.001679859,0.008518029,False,0.007983,False
2016-07-03,RS01SUM1-LJ01B-12-VEL3DB104,1,True,2016-07-03T00:00:00Z,2016-07-03T23:59:59Z,86396,86396,0,1.0,0.999917984,1.000046013,-0.00110426,0,0,0,0,-0.0,1.65488,9.686901,-1.715042e-10,0.001654804,0.009686455,False,0.009728,False
2016-07-04,RS01SUM1-LJ01B-12-VEL3DB104,1,True,2016-07-04T00:00:00Z,2016-07-04T23:59:59Z,86396,86396,0,1.0,0.999948978,1.000046083,-0.000974154,0,0,0,0,-0.0,3.293085,14.340245,-1.796793e-10,0.003292933,0.01433958,False,0.013526,False
2016-07-05,RS01SUM1-LJ01B-12-VEL3DB104,1,True,2016-07-05T00:00:00Z,2016-07-05T23:59:59Z,86396,86396,0,1.0,0.999941349,1.000046032,0.0008688,0,0,1,1,-0.0,2.992488,13.624845,-3.321271e-10,0.00299235,0.01362422,False,0.013683,False
2016-07-06,RS01SUM1-LJ01B-12-VEL3DB104,1,True,2016-07-06T00:00:00Z,2016-07-06T23:59:59Z,86391,86396,5,1.0,0.999948025,1.000046015,-0.001467431,2,5,2,6,0.0,1.79087,7.728942,9.675554e-11,0.001790788,0.007728586,False,0.006934,True
2016-07-07,RS01SUM1-LJ01B-12-VEL3DB104,1,True,2016-07-07T00:00:00Z,2016-07-07T23:59:59Z,85678,86396,718,1.0,0.999952793,1.000046024,-0.001777767,4,718,4,719,0.0,2.121259,8.918996,4.014667e-10,0.002121161,0.008918585,False,0.064864,True
2016-07-08,RS01SUM1-LJ01B-12-VEL3DB104,1,True,2016-07-08T00:00:00Z,2016-07-08T23:59:59Z,86391,86396,5,1.0,0.999906063,1.000046017,-0.005042852,1,5,1,5,-0.0,2.650944,14.209356,-4.743103e-11,0.002650822,0.0142087,False,0.012994,True
2016-07-09,RS01SUM1-LJ01B-12-VEL3DB104,1,True,2016-07-09T00:00:00Z,2016-07-09T23:59:59Z,86396,86396,0,1.0,0.999918461,1.000045897,-0.000355878,0,0,0,0,-0.0,2.831749,9.701897,-1.266105e-10,0.002831619,0.009701452,False,0.007655,False
2016-07-10,RS01SUM1-LJ01B-12-VEL3DB104,1,True,2016-07-10T00:00:00Z,2016-07-10T23:59:59Z,86396,86396,0,1.0,0.999885082,1.000045797,0.003129183,0,0,0,0,-0.0,1.531959,9.842718,-1.091369e-10,0.001531889,0.009842267,False,0.011436,False
2016-07-11,RS01SUM1-LJ01B-12-VEL3DB104,1,True,2016-07-11T00:00:00Z,2016-07-11T23:59:59Z,86145,86396,251,1.0,0.999897003,1.000045833,0.00034592,4,251,4,251,-1e-06,1.601623,7.259839,-5.704865e-10,0.001601549,0.007259506,False,0.015335,True
2016-07-12,RS01SUM1-LJ01B-12-VEL3DB104,1,True,2016-07-12T00:00:00Z,2016-07-12T23:59:59Z,86377,86396,19,1.0,0.99995327,1.00004596,-0.001742788,8,19,8,19,0.0,2.285298,7.314416,4.02546e-10,0.002285193,0.00731408,False,0.005354,True
2016-07-13,RS01SUM1-LJ01B-12-VEL3DB104,1,True,2016-07-13T00:00:00Z,2016-07-13T23:59:59Z,80878,86397,5519,1.0,0.999925137,1.000038613,-0.562494141,3,5519,3,5519,0.0,250.312331,622.89485,1.089974e-10,0.2503027,0.6228708,True,0.33611,True
2016-07-14,RS01SUM1-LJ01B-12-VEL3DB104,1,True,2016-07-14T00:00:00Z,2016-07-14T23:59:59Z,86227,86396,169,1.0,0.999934196,1.000044616,0.034331967,4,169,4,169,-1e-06,71.005645,253.957545,-5.673383e-10,0.07100248,0.2539462,False,0.30481,True
2016-07-15,RS01SUM1-LJ01B-12-VEL3DB104,1,True,2016-07-15T00:00:00Z,2016-07-15T23:59:59Z,86224,86396,172,1.0,0.999913692,1.00004857,-0.068734126,1,172,1,172,-0.0,78.154366,162.892168,-9.029296e-11,0.07815057,0.1628843,False,0.306164,True
2016-07-16,RS01SUM1-LJ01B-12-VEL3DB104,1,True,2016-07-16T00:00:00Z,2016-07-16T23:59:59Z,86396,86396,0,1.0,0.999867916,1.00004599,-0.000955269,0,0,1,1,0.0,2.235346,8.861165,5.938277e-11,0.002235243,0.008860758,False,0.010818,False
2016-07-17,RS01SUM1-LJ01B-12-VEL3DB104,1,True,2016-07-17T00:00:00Z,2016-07-17T23:59:59Z,86396,86396,0,1.0,0.999931335,1.000045982,2.4297e-05,0,0,0,0,-0.0,3.904367,16.380124,-1.840109e-10,0.003904188,0.01637937,False,0.013662,False
2016-07-18,RS01SUM1-LJ01B-12-VEL3DB104,1,True,2016-07-18T00:00:00Z,2016-07-18T23:59:59Z,80397,86397,6000,1.0,0.999936104,1.000037337,0.215727752,8,6000,8,6000,-0.0,247.229709,638.800859,-4.546416e-10,0.2472205,0.638777,True,0.499105,True
2016-07-19,RS01SUM1-LJ01B-12-VEL3DB104,1,True,2016-07-19T00:00:00Z,2016-07-19T23:59:59Z,84439,86395,1956,1.0,0.99992466,1.000054902,-0.267154898,28,1956,28,1956,1e-06,211.538657,874.142904,7.198267e-10,0.211527,0.8740949,True,0.499605,True
2016-07-20,RS01SUM1-LJ01B-12-VEL3DB104,1,True,2016-07-20T00:00:00Z,2016-07-20T23:59:59Z,66329,86400,20071,1.0,0.99986577,1.000008759,-1.179397227,98,20071,98,20072,-0.0,439.512291,1269.861815,-2.286791e-10,0.4395084,1.269851,True,0.475682,True
2016-07-21,RS01SUM1-LJ01B-12-VEL3DB104,1,True,2016-07-21T00:00:00Z,2016-07-21T23:59:59Z,86397,86397,0,1.0,0.99988699,1.00004605,-0.003382104,0,0,1,1,0.0,3.926676,13.447591,4.007196e-10,0.003926495,0.01344697,False,0.012618,False
2016-07-22,RS01SUM1-LJ01B-12-VEL3DB104,1,True,2016-07-22T00:00:00Z,2016-07-22T23:59:59Z,86396,86396,0,1.0,0.999873161,1.000045928,-0.000273965,0,0,0,0,-0.0,3.150029,14.523736,-1.175226e-10,0.003149885,0.01452307,False,0.014856,False
2016-07-23,RS01SUM1-LJ01B-12-VEL3DB104,0,False,,,0,0,,,,,,,,,,,,,,,,,,False
2016-07-24,RS01SUM1-LJ01B-12-VEL3DB104,2,False,,,0,0,,1.0,,,,,,,,,,,,,,,,False
2016-07-25,RS01SUM1-LJ01B-12-VEL3DB104,2,True,2016-07-25T18:25:56Z,2016-07-25T23:59:59Z,20042,20042,0,1.0,0.999650002,1.000059993,0.00610741,0,0,0,0,0.0,20.670721,75.268475,3.368877e-11,0.02066948,0.07526396,False,0.081495,False
2016-07-26,RS01SUM1-LJ01B-12-VEL3DB104,2,True,2016-07-26T00:00:00Z,2016-07-26T23:59:59Z,86389,86395,6,1.0,0.999651909,1.000060055,0.006610578,2,6,2,7,0.0,20.622516,75.329676,3.667642e-10,0.02062128,0.07532515,False,0.0818,True
2016-07-27,RS01SUM1-LJ01B-12-VEL3DB104,2,True,2016-07-27T00:00:00Z,2016-07-27T23:59:59Z,86294,86395,101,1.0,0.999652863,1.000059992,0.00876512,3,101,3,101,1e-06,20.646663,76.610031,5.220255e-10,0.02064542,0.07660544,False,0.105654,True
2016-07-28,RS01SUM1-LJ01B-12-VEL3DB104,2,True,2016-07-28T00:00:00Z,2016-07-28T23:59:59Z,86395,86395,0,1.0,0.999657631,1.000059987,0.008357429,0,0,1,1,-1e-06,20.643956,75.249611,-5.703067e-10,0.02064272,0.0752451,False,0.081676,False
2016-07-29,RS01SUM1-LJ01B-12-VEL3DB104,2,True,2016-07-29T00:00:00Z,2016-07-29T23:59:59Z,86395,86395,0,1.0,0.999685287,1.000060011,0.008958934,0,0,0,0,-0.0,20.645854,75.552987,-3.457784e-10,0.02064461,0.07554845,False,0.082101,False
2016-07-30,RS01SUM1-LJ01B-12-VEL3DB104,2,True,2016-07-30T00:00:00Z,2016-07-30T23:59:59Z,86394,86394,0,1.0,0.99968338,1.00005997,0.006869131,0,0,2,2,1e-06,20.609839,75.497889,5.379157e-10,0.0206086,0.07549336,False,0.08182,False
2016-07-31,RS01SUM1-LJ01B-12-VEL3DB104,2,True,2016-07-31T00:00:00Z,2016-07-31T23:59:59Z,86395,86395,0,1.0,0.999690056,1.000059962,0.011738956,0,0,0,0,-0.0,20.760954,78.46443,-3.21715e-10,0.02075971,0.07845973,False,0.081473,False
2016-08-01,RS01SUM1-LJ01B-12-VEL3DB104,2,True,2016-08-01T00:00:00Z,2016-08-01T23:59:59Z,86395,86395,0,1.0,0.999660969,1.000059963,-0.05822838,0,0,2,2,-0.0,20.664304,76.351116,-4.368269e-11,0.02066306,0.07634654,False,0.081731,False
2016-08-02,RS01SUM1-LJ01B-12-VEL3DB104,2,True,2016-08-02T00:00:00Z,2016-08-02T23:59:59Z,86395,86395,0,1.0,0.99965477,1.000059929,0.009806768,0,0,0,0,-0.0,20.664191,76.178,-2.980302e-10,0.02066295,0.07617344,False,0.081264,False
2016-08-03,RS01SUM1-LJ01B-12-VEL3DB104,2,True,2016-08-03T00:00:00Z,2016-08-03T23:59:59Z,86395,86395,0,1.0,0.999653816,1.000060039,-0.057725989,0,0,0,0,-0.0,20.706995,77.164341,-3.187888e-10,0.02070575,0.07715971,False,0.081505,False
2016-08-04,RS01SUM1-LJ01B-12-VEL3DB104,2,True,2016-08-04T00:00:00Z,2016-08-04T23:59:59Z,86395,86395,0,1.0,0.999655247,1.000059931,0.008339752,0,0,1,1,0.0,20.638591,76.059226,4.597612e-10,0.02063735,0.07605467,False,0.082884,False
2016-08-05,RS01SUM1-LJ01B-12-VEL3DB104,2,True,2016-08-05T00:00:01Z,2016-08-05T23:59:59Z,86293,86394,101,1.0,0.99965477,1.000060009,-0.05875561,3,101,3,103,-1e-06,20.670302,77.778554,-6.688004e-10,0.02066906,0.07777389,False,0.082011,True
2016-08-06,RS01SUM1-LJ01B-12-VEL3DB104,2,True,2016-08-06T00:00:00Z,2016-08-06T23:59:59Z,86395,86395,0,1.0,0.999653339,1.000059956,0.008162912,0,0,0,0,-0.0,20.855064,78.094364,-3.318848e-10,0.02085381,0.07808968,False,0.081789,False
2016-08-07,RS01SUM1-LJ01B-12-VEL3DB104,2,True,2016-08-07T00:00:00Z,2016-08-07T23:59:59Z,86395,86395,0,1.0,0.999667168,1.00006005,0.005139451,0,0,1,1,-1e-06,20.673117,77.00848,-6.754008e-10,0.02067188,0.07700386,False,0.081728,False
2016-08-08,RS01SUM1-LJ01B-12-VEL3DB104,2,True,2016-08-08T00:00:00Z,2016-08-08T23:59:59Z,86355,86395,40,1.0,0.99966526,1.000059937,0.004729733,1,40,1,40,-0.0,20.594526,75.034198,-3.222191e-10,0.02059329,0.0750297,False,0.081675,True
2016-08-09,RS01SUM1-LJ01B-12-VEL3DB104,2,True,2016-08-09T00:00:00Z,2016-08-09T23:59:59Z,86395,86395,0,1.0,0.999660015,1.000059955,0.004945762,0,0,0,0,-0.0,20.647418,75.89425,-3.075454e-10,0.02064618,0.0758897,False,0.081705,False
2016-08-10,RS01SUM1-LJ01B-12-VEL3DB104,2,True,2016-08-10T00:00:00Z,2016-08-10T23:59:59Z,86364,86394,30,1.0,0.999670029,1.000059936,0.008904604,3,30,3,32,0.0,20.696398,76.512505,2.663267e-10,0.02069516,0.07650792,False,0.081557,True
2016-08-11,RS01SUM1-LJ01B-12-VEL3DB104,2,True,2016-08-11T00:00:00Z,2016-08-11T23:59:59Z,86395,86395,0,1.0,0.999663353,1.000059943,0.010472178,0,0,0,0,-0.0,20.697887,76.162174,-2.826229e-10,0.02069665,0.07615761,False,0.081534,False
2016-08-12,RS01SUM1-LJ01B-12-VEL3DB104,2,True,2016-08-12T00:00:00Z,2016-08-12T10:13:56Z,36835,36835,0,1.0,0.99968195,1.000059819,0.005292687,0,0,2,2,-0.0,20.627954,75.520793,-4.119636e-11,0.02062672,0.07551628,False,0.08117,False
2016-08-13,RS01SUM1-LJ01B-12-VEL3DB104,2,True,2016-08-13T00:23:40Z,2016-08-13T23:59:59Z,84975,84975,0,1.0,0.999604225,1.000059923,-0.000829612,0,0,2,2,-0.0,1.588697,5.804706,-2.274652e-10,0.001588601,0.005804358,False,0.006091,False
2016-08-14,RS01SUM1-LJ01B-12-VEL3DB104,2,True,2016-08-14T00:00:00Z,2016-08-14T23:59:59Z,86395,86395,0,1.0,0.999604225,1.000059928,-0.003137858,0,0,1,1,1e-06,1.851717,6.988542,7.38017e-10,0.001851606,0.006988123,False,0.006314,False
2016-08-15,RS01SUM1-LJ01B-12-VEL3DB104,2,True,2016-08-15T00:00:00Z,2016-08-15T23:59:59Z,86395,86395,0,1.0,0.999649048,1.000060024,-0.004484762,0,0,0,0,-0.0,2.41523,9.696792,-3.396123e-10,0.002415085,0.00969621,False,0.007652,False
2016-08-16,RS01SUM1-LJ01B-12-VEL3DB104,2,True,2016-08-16T00:00:00Z,2016-08-16T23:59:59Z,86395,86395,0,1.0,0.999660015,1.000060068,0.002384798,0,0,0,0,-0.0,2.236159,6.862847,-3.239807e-10,0.002236024,0.006862435,False,0.006308,False
2016-08-17,RS01SUM1-LJ01B-12-VEL3DB104,2,True,2016-08-17T00:00:00Z,2016-08-17T23:59:59Z,86394,86394,0,1.0,0.999650002,1.000060039,0.002122652,0,0,0,0,-0.0,1.474261,6.8373,-4.389142e-10,0.001474172,0.00683689,False,0.009117,False
2016-08-18,RS01SUM1-LJ01B-12-VEL3DB104,2,True,2016-08-18T00:00:00Z,2016-08-18T23:59:59Z,86395,86395,0,1.0,0.999599934,1.00005992,0.000383264,0,0,0,0,-0.0,1.454286,6.121027,-3.773224e-10,0.001454199,0.00612066,False,0.006874,False
2016-08-19,RS01SUM1-LJ01B-12-VEL3DB104,2,True,2016-08-19T00:00:00Z,2016-08-19T23:59:59Z,86395,86395,0,1.0,0.999618053,1.000059914,0.002184963,0,0,0,0,-0.0,2.652086,8.331112,-3.175991e-10,0.002651928,0.008330613,False,0.00509,False
2016-08-20,RS01SUM1-LJ01B-12-VEL3DB104,2,True,2016-08-20T00:00:00Z,2016-08-20T23:59:59Z,86395,86395,0,1.0,0.999607086,1.000059948,-0.002568549,0,0,0,0,-0.0,1.863215,8.912063,-3.378228e-10,0.001863103,0.008911529,False,0.007066,False
2016-08-21,RS01SUM1-LJ01B-12-VEL3DB104,2,True,2016-08-21T00:00:00Z,2016-08-21T23:59:59Z,86395,86395,0,1.0,0.999625206,1.000059926,0.000259589,0,0,0,0,-0.0,1.243579,7.143419,-2.915054e-10,0.001243504,0.007142991,False,0.006169,False
2016-08-22,RS01SUM1-LJ01B-12-VEL3DB104,2,True,2016-08-22T00:00:00Z,2016-08-22T23:59:59Z,86395,86395,0,1.0,0.999605179,1.000059898,0.002547154,0,0,0,0,-0.0,1.540223,7.536299,-3.412855e-10,0.001540131,0.007535847,False,0.006156,False
2016-08-23,RS01SUM1-LJ01B-12-VEL3DB104,2,True,2016-08-23T00:00:00Z,2016-08-23T23:59:59Z,86374,86394,20,1.0,0.999606133,1.0000599,-0.000100218,5,20,5,21,0.0,2.041888,10.257477,1.480395e-10,0.002041766,0.01025686,False,0.012518,True
2016-08-24,RS01SUM1-LJ01B-12-VEL3DB104,2,True,2016-08-24T00:00:00Z,2016-08-24T23:59:59Z,86395,86395,0,1.0,0.999627113,1.000059978,7.9649e-05,0,0,0,0,-0.0,1.593935,7.111622,-3.662274e-10,0.001593839,0.007111196,False,0.005295,False
2016-08-25,RS01SUM1-LJ01B-12-VEL3DB104,2,True,2016-08-25T00:00:00Z,2016-08-25T23:59:59Z,86395,86395,0,1.0,0.99962616,1.000059943,-0.001430632,0,0,0,0,-0.0,1.639741,6.958031,-3.538372e-10,0.001639643,0.006957614,False,0.0077,False
2016-08-26,RS01SUM1-LJ01B-12-VEL3DB104,2,True,2016-08-26T00:00:00Z,2016-08-26T23:59:59Z,86395,86395,0,1.0,0.999614239,1.000059984,-0.001747624,0,0,0,0,-0.0,1.401629,5.806524,-3.105614e-10,0.001401545,0.005806176,False,0.005783,False
2016-08-27,RS01SUM1-LJ01B-12-VEL3DB104,2,True,2016-08-27T00:00:00Z,2016-08-27T23:59:59Z,86395,86395,0,1.0,0.99960804,1.000059939,-0.001661845,0,0,0,0,-0.0,2.114135,9.246736,-3.012151e-10,0.002114008,0.009246182,False,0.008827,False
2016-08-28,RS01SUM1-LJ01B-12-VEL3DB104,2,True,2016-08-28T00:00:00Z,2016-08-28T23:59:59Z,86394,86394,0,1.0,0.999611855,1.00005992,-0.002927034,0,0,2,2,0.0,2.613491,12.460611,2.379964e-10,0.002613335,0.01245986,False,0.009416,False
2016-08-29,RS01SUM1-LJ01B-12-VEL3DB104,2,True,2016-08-29T00:00:00Z,2016-08-29T23:59:59Z,86395,86395,0,1.0,0.99962759,1.000059981,-0.00034047,0,0,0,0,-0.0,1.983809,18.746764,-2.862764e-10,0.001983691,0.01874564,False,0.019173,False
2016-08-30,RS01SUM1-LJ01B-12-VEL3DB104,2,True,2016-08-30T00:00:00Z,2016-08-30T23:59:59Z,86395,86395,0,1.0,0.999627113,1.000059982,-0.001207738,0,0,1,1,-1e-06,1.370443,7.013616,-9.176076e-10,0.001370361,0.007013195,False,0.005869,False
2016-08-31,RS01SUM1-LJ01B-12-VEL3DB104,2,True,2016-08-31T00:00:00Z,2016-08-31T23:59:59Z,86395,86395,0,1.0,0.999631882,1.00005997,-0.001022887,0,0,1,1,1e-06,1.530564,7.991626,6.901045e-10,0.001530472,0.007991146,False,0.008141,False
2016-09-01,RS01SUM1-LJ01B-12-VEL3DB104,2,True,2016-09-01T00:00:00Z,2016-09-01T23:59:59Z,86390,86395,5,1.0,0.999645233,1.000059982,0.003258698,2,5,2,6,-1e-06,1.799361,5.732176,-7.093877e-10,0.001799253,0.005731832,False,0.00494,True
2016-09-02,RS01SUM1-LJ01B-12-VEL3DB104,2,True,2016-09-02T00:00:00Z,2016-09-02T23:59:59Z,86395,86395,0,1.0,0.999637127,1.000059956,-0.004685434,0,0,0,0,-0.0,2.034403,7.872442,-2.548521e-10,0.002034281,0.00787197,False,0.00631,False
2016-09-03,RS01SUM1-LJ01B-12-VEL3DB104,2,True,2016-09-03T00:00:00Z,2016-09-03T23:59:59Z,86394,86394,0,1.0,0.999651909,1.000059944,-0.001747451,0,0,0,0,-0.0,1.970822,6.869247,-3.954788e-10,0.001970704,0.006868836,False,0.007371,False
2016-09-04,RS01SUM1-LJ01B-12-VEL3DB104,2,True,2016-09-04T00:00:00Z,2016-09-04T23:59:59Z,86395,86395,0,1.0,0.999659061,1.000060021,-0.000500113,0,0,1,1,0.0,2.415211,8.95903,4.588011e-10,0.002415066,0.008958492,False,0.006858,False
2016-09-05,RS01SUM1-LJ01B-12-VEL3DB104,2,True,2016-09-05T00:00:00Z,2016-09-05T23:59:59Z,86395,86395,0,1.0,0.999646187,1.00006,-0.006701634,0,0,1,1,0.0,4.496402,12.730383,6.769439e-11,0.004496133,0.01272962,False,0.006326,False
2016-09-06,RS01SUM1-LJ01B-12-VEL3DB104,2,True,2016-09-06T00:00:00Z,2016-09-06T23:59:59Z,80442,86397,5955,1.0,0.999647141,1.00004701,0.348294084,1,5955,1,5955,0.0,480.895134,1321.434426,4.618036e-10,0.4808725,1.321372,True,0.456926,True
2016-09-07,RS01SUM1-LJ01B-12-VEL3DB104,2,True,2016-09-07T00:00:00Z,2016-09-07T23:59:59Z,86395,86395,0,1.0,0.999623299,1.000059952,0.001780778,0,0,0,0,-0.0,2.126383,8.097524,-3.037121e-10,0.002126256,0.008097039,False,0.008056,False
2016-09-08,RS01SUM1-LJ01B-12-VEL3DB104,2,True,2016-09-08T00:00:00Z,2016-09-08T23:59:59Z,86394,86394,0,1.0,0.999615192,1.000059859,0.001664611,0,0,0,0,-0.0,2.340728,9.43162,-3.787343e-10,0.002340588,0.009431056,False,0.009501,False
2016-09-09,RS01SUM1-LJ01B-12-VEL3DB104,2,True,2016-09-09T00:00:00Z,2016-09-09T23:59:59Z,86395,86395,0,1.0,0.999634743,1.000059959,-0.001504139,0,0,0,0,-0.0,2.109481,8.341832,-3.264068e-10,0.002109354,0.008341332,False,0.008322,False
2016-09-10,RS01SUM1-LJ01B-12-VEL3DB104,2,True,2016-09-10T00:00:00Z,2016-09-10T23:59:59Z,86395,86395,0,1.0,0.99963522,1.00005998,0.001142176,0,0,1,1,1e-06,1.900216,8.413084,5.412659e-10,0.001900102,0.00841258,False,0.008032,False
2016-09-11,RS01SUM1-LJ01B-12-VEL3DB104,2,True,2016-09-11T00:00:00Z,2016-09-11T23:59:59Z,86395,86395,0,1.0,0.999609947,1.000059926,-0.003031279,0,0,0,0,-0.0,3.359407,10.166772,-3.009218e-10,0.003359206,0.01016616,False,0.008314,False
2016-09-12,RS01SUM1-LJ01B-12-VEL3DB104,2,True,2016-09-12T00:00:00Z,2016-09-12T23:59:59Z,86395,86395,0,1.0,0.999632835,1.000059955,-0.000992746,0,0,0,0,-0.0,5.561739,15.357917,-3.297298e-10,0.005561406,0.015357,False,0.007688,False
2016-09-13,RS01SUM1-LJ01B-12-VEL3DB104,2,True,2016-09-13T00:00:00Z,2016-09-13T23:59:59Z,86395,86395,0,1.0,0.999627113,1.000060002,0.005007195,0,0,0,0,-0.0,2.632568,8.059688,-3.445181e-10,0.00263241,0.008059205,False,0.008269,False
2016-09-14,RS01SUM1-LJ01B-12-VEL3DB104,2,True,2016-09-14T00:00:00Z,2016-09-14T23:59:59Z,86394,86394,0,1.0,0.999630928,1.000059888,0.0035656,0,0,0,0,-0.0,1.353306,4.81861,-4.011693e-10,0.001353225,0.004818322,False,0.004275,False
2016-09-15,RS01SUM1-LJ01B-12-VEL3DB104,2,True,2016-09-15T00:00:00Z,2016-09-15T23:59:59Z,86395,86395,0,1.0,0.999629021,1.000059927,-0.002183604,0,0,1,1,0.0,2.474505,8.244076,1.913643e-11,0.002474357,0.008243582,False,0.009577,False
2016-09-16,RS01SUM1-LJ01B-12-VEL3DB104,2,True,2016-09-16T00:00:00Z,2016-09-16T23:59:59Z,86395,86395,0,1.0,0.999635696,1.000059905,-0.00339939,0,0,1,1,-0.0,2.302191,8.614915,-7.767696e-11,0.002302053,0.008614399,False,0.007674,False
2016-09-17,RS01SUM1-LJ01B-12-VEL3DB104,2,True,2016-09-17T00:00:00Z,2016-09-17T23:59:59Z,86395,86395,0,1.0,0.999640942,1.000059879,0.002352864,0,0,2,2,0.0,1.613479,6.970053,4.860163e-10,0.001613383,0.006969636,False,0.00793,False
2016-09-18,RS01SUM1-LJ01B-12-VEL3DB104,2,True,2016-09-18T00:00:00Z,2016-09-18T23:59:59Z,86395,86395,0,1.0,0.999650002,1.000059925,-0.000342233,0,0,0,0,-0.0,1.530706,8.36114,-3.038272e-10,0.001530615,0.008360639,False,0.004925,False
2016-09-19,RS01SUM1-LJ01B-12-VEL3DB104,2,True,2016-09-19T00:00:00Z,2016-09-19T23:59:59Z,86395,86395,0,1.0,0.999635696,1.000059922,-0.000336265,0,0,0,0,-0.0,1.591224,7.365424,-3.1432e-10,0.001591129,0.007364982,False,0.006916,False
2016-09-20,RS01SUM1-LJ01B-12-VEL3DB104,2,True,2016-09-20T00:00:00Z,2016-09-20T23:59:59Z,86394,86394,0,1.0,0.999639988,1.000059963,-0.004233171,0,0,1,1,0.0,2.203839,9.032626,3.334325e-10,0.002203707,0.009032084,False,0.00698,False
2016-09-21,RS01SUM1-LJ01B-12-VEL3DB104,2,True,2016-09-21T00:00:00Z,2016-09-21T23:59:59Z,86395,86395,0,1.0,0.999645233,1.000059936,-0.000427802,0,0,0,0,-0.0,1.676914,7.522084,-3.008378e-10,0.001676813,0.007521633,False,0.00751,False
2016-09-22,RS01SUM1-LJ01B-12-VEL3DB104,2,True,2016-09-22T00:00:00Z,2016-09-22T23:59:59Z,86395,86395,0,1.0,0.99963665,1.000059931,-6.4921e-05,0,0,0,0,-0.0,1.695,7.358521,-3.379561e-10,0.001694899,0.00735808,False,0.0057,False
2016-09-23,RS01SUM1-LJ01B-12-VEL3DB104,2,True,2016-09-23T00:00:00Z,2016-09-23T23:59:59Z,86395,86395,0,1.0,0.999635696,1.000059881,0.000554615,0,0,2,2,-1e-06,1.80627,9.389129,-1.260226e-09,0.001806162,0.009388567,False,0.00871,False
2016-09-24,RS01SUM1-LJ01B-12-VEL3DB104,2,True,2016-09-24T00:00:00Z,2016-09-24T23:59:59Z,86395,86395,0,1.0,0.999642849,1.000059878,-0.00301013,0,0,2,2,0.0,1.945837,7.658625,4.686492e-10,0.00194572,0.007658167,False,0.006481,False
2016-09-25,RS01SUM1-LJ01B-12-VEL3DB104,2,True,2016-09-25T00:00:00Z,2016-09-25T23:59:59Z,86395,86395,0,1.0,0.999639988,1.000059871,-0.001604803,0,0,0,0,-0.0,2.028284,8.226266,-3.578209e-10,0.002028163,0.008225773,False,0.006054,False
2016-09-26,RS01SUM1-LJ01B-12-VEL3DB104,2,True,2016-09-26T00:00:00Z,2016-09-26T23:59:59Z,86394,86394,0,1.0,0.999637127,1.00005996,0.001450578,0,0,0,0,-0.0,1.77941,6.674573,-4.181821e-10,0.001779304,0.006674173,False,0.007356,False
2016-09-27,RS01SUM1-LJ01B-12-VEL3DB104,2,True,2016-09-27T00:00:00Z,2016-09-27T23:59:59Z,86395,86395,0,1.0,0.999631882,1.000059908,-0.002088875,0,0,0,0,-0.0,1.370056,5.622214,-3.297918e-10,0.001369974,0.005621878,False,0.005767,False
2016-09-28,RS01SUM1-LJ01B-12-VEL3DB104,2,True,2016-09-28T00:00:00Z,2016-09-28T23:59:59Z,86395,86395,0,1.0,0.999635696,1.000059923,-0.00277874,0,0,0,0,-0.0,1.673394,6.771797,-3.087914e-10,0.001673294,0.006771391,False,0.005827,False
2016-09-29,RS01SUM1-LJ01B-12-VEL3DB104,2,True,2016-09-29T00:00:00Z,2016-09-29T23:59:59Z,86395,86395,0,1.0,0.999634266,1.000059907,-0.003223115,0,0,0,0,-0.0,1.423393,5.249072,-3.818957e-10,0.001423308,0.005248757,False,0.005958,False
2016-09-30,RS01SUM1-LJ01B-12-VEL3DB104,2,True,2016-09-30T00:00:00Z,2016-09-30T23:59:59Z,86395,86395,0,1.0,0.999626637,1.000059918,0.0008534,0,0,2,2,-0.0,1.56334,7.88985,-4.750768e-10,0.001563246,0.007889377,False,0.006569,False
2016-10-01,RS01SUM1-LJ01B-12-VEL3DB104,2,True,2016-10-01T00:00:00Z,2016-10-01T23:59:59Z,86394,86394,0,1.0,0.999647141,1.000059897,0.001211704,0,0,0,0,-0.0,1.760667,7.449548,-3.949447e-10,0.001760562,0.007449102,False,0.006053,False
2016-10-02,RS01SUM1-LJ01B-12-VEL3DB104,2,True,2016-10-02T00:00:00Z,2016-10-02T23:59:59Z,86395,86395,0,1.0,0.99963522,1.000059914,0.000747134,0,0,1,1,-0.0,1.379824,4.822088,-3.665094e-10,0.001379742,0.004821799,False,0.005138,False
2016-10-03,RS01SUM1-LJ01B-12-VEL3DB104,2,True,2016-10-03T00:00:00Z,2016-10-03T23:59:59Z,86395,86395,0,1.0,0.999624252,1.000059925,-0.003217063,0,0,0,0,-0.0,1.790449,6.857938,-3.679798e-10,0.001790342,0.006857527,False,0.006978,False
2016-10-04,RS01SUM1-LJ01B-12-VEL3DB104,2,True,2016-10-04T00:00:00Z,2016-10-04T23:59:59Z,86395,86395,0,1.0,0.999633312,1.000059947,-0.001715097,0,0,1,1,0.0,1.854628,7.463237,2.631304e-10,0.001854517,0.00746279,False,0.007287,False
2016-10-05,RS01SUM1-LJ01B-12-VEL3DB104,2,True,2016-10-05T00:00:00Z,2016-10-05T23:59:59Z,86395,86395,0,1.0,0.999641895,1.000059921,-0.000775612,0,0,0,0,-0.0,2.048,8.3888,-3.739544e-10,0.002047877,0.008388297,False,0.007666,False
2016-10-06,RS01SUM1-LJ01B-12-VEL3DB104,2,True,2016-10-06T00:00:00Z,2016-10-06T23:59:59Z,86395,86395,0,1.0,0.99963522,1.000059918,8.3227e-05,0,0,2,2,0.0,1.523333,6.546873,1.069094e-10,0.001523242,0.006546481,False,0.006858,False
2016-10-07,RS01SUM1-LJ01B-12-VEL3DB104,2,True,2016-10-07T00:00:00Z,2016-10-07T23:59:59Z,86394,86394,0,1.0,0.999633789,1.000059969,0.002260578,0,0,0,0,-0.0,1.773522,5.641708,-4.889594e-10,0.001773415,0.00564137,False,0.005789,False
2016-10-08,RS01SUM1-LJ01B-12-VEL3DB104,2,True,2016-10-08T00:00:00Z,2016-10-08T23:59:59Z,86395,86395,0,1.0,0.999634266,1.000059949,-0.000207006,0,0,0,0,-0.0,2.714968,10.440543,-3.021979e-10,0.002714805,0.01043992,False,0.012633,False
2016-10-09,RS01SUM1-LJ01B-12-VEL3DB104,2,True,2016-10-09T00:00:00Z,2016-10-09T23:59:59Z,86395,86395,0,1.0,0.999657631,1.000060019,0.000104687,0,0,0,0,-0.0,1.561152,7.60666,-3.405553e-10,0.001561058,0.007606203,False,0.007814,False
2016-10-10,RS01SUM1-LJ01B-12-VEL3DB104,2,True,2016-10-10T00:00:00Z,2016-10-10T23:59:59Z,86371,86395,24,1.0,0.999684334,1.000056289,0.092531576,2,24,2,25,0.0,88.931422,191.433746,4.407442e-10,0.08892642,0.191423,False,0.172704,True
2016-10-11,RS01SUM1-LJ01B-12-VEL3DB104,2,True,2016-10-11T00:00:00Z,2016-10-11T23:59:59Z,86396,86396,0,1.0,0.999875069,1.000047897,-0.004894461,0,0,0,0,-0.0,3.475486,10.378522,-1.096873e-10,0.003475319,0.01037803,False,0.004958,False
2016-10-12,RS01SUM1-LJ01B-12-VEL3DB104,2,True,2016-10-12T00:00:00Z,2016-10-12T23:59:59Z,86396,86396,0,1.0,0.999865055,1.00004762,-0.007961328,0,0,0,0,-0.0,4.712002,10.785382,-1.295031e-10,0.004711778,0.01078487,False,0.00586,False
2016-10-13,RS01SUM1-LJ01B-12-VEL3DB104,2,True,2016-10-13T00:00:00Z,2016-10-13T23:59:59Z,85894,86396,502,1.0,0.999872208,1.000047936,-0.006619864,1,502,1,502,0.0,4.913348,13.166742,2.099914e-10,0.004913112,0.01316611,False,0.088384,True
2016-10-14,RS01SUM1-LJ01B-12-VEL3DB104,2,True,2016-10-14T00:00:00Z,2016-10-14T23:59:59Z,86396,86396,0,1.0,0.999864101,1.00004747,-0.002246277,0,0,1,1,0.0,3.313049,9.394507,4.966725e-11,0.003312892,0.009394061,False,0.006,False
2016-10-15,RS01SUM1-LJ01B-12-VEL3DB104,2,True,2016-10-15T00:00:00Z,2016-10-15T23:59:59Z,86396,86396,0,1.0,0.9998703,1.000047485,7.0368e-05,0,0,2,2,0.0,2.490037,8.741982,1.613703e-10,0.002489919,0.008741567,False,0.007534,False
2016-10-16,RS01SUM1-LJ01B-12-VEL3DB104,2,True,2016-10-16T00:00:00Z,2016-10-16T23:59:59Z,86396,86396,0,1.0,0.999866009,1.000047553,-0.000598942,0,0,2,2,0.0,4.107543,10.718462,1.651157e-10,0.004107347,0.01071795,False,0.009683,False
2016-10-17,RS01SUM1-LJ01B-12-VEL3DB104,2,True,2016-10-17T00:00:00Z,2016-10-17T23:59:59Z,86395,86395,0,1.0,0.999878883,1.000048008,-0.003651366,0,0,1,1,-0.0,6.90128,15.617125,-9.985039e-11,0.006900948,0.01561638,False,0.007227,False
2016-10-18,RS01SUM1-LJ01B-12-VEL3DB104,2,True,2016-10-18T00:00:00Z,2016-10-18T23:59:59Z,86396,86396,0,1.0,0.999882221,1.000048088,0.001570043,0,0,2,2,0.0,3.027267,7.874478,7.813402e-11,0.003027121,0.007874099,False,0.007701,False
2016-10-19,RS01SUM1-LJ01B-12-VEL3DB104,2,True,2016-10-19T00:00:00Z,2016-10-19T23:59:59Z,86396,86396,0,1.0,0.999880791,1.000048108,0.003163637,0,0,0,0,-0.0,4.220967,11.472477,-1.290964e-10,0.004220764,0.01147192,False,0.007703,False
2016-10-20,RS01SUM1-LJ01B-12-VEL3DB104,2,True,2016-10-20T00:00:00Z,2016-10-20T23:59:59Z,86396,86396,0,1.0,0.999881268,1.000048069,0.000327319,0,0,0,0,-0.0,3.338607,8.277,-9.879028e-11,0.003338447,0.008276603,False,0.006453,False
2016-10-21,RS01SUM1-LJ01B-12-VEL3DB104,2,True,2016-10-21T00:00:00Z,2016-10-21T23:59:59Z,86396,86396,0,1.0,0.999879837,1.000048334,-0.001394213,0,0,0,0,-0.0,3.246021,8.412604,-1.584046e-10,0.003245864,0.008412198,False,0.005969,False
2016-10-22,RS01SUM1-LJ01B-12-VEL3DB104,2,True,2016-10-22T00:00:00Z,2016-10-22T23:59:59Z,86396,86396,0,1.0,0.999874115,1.000048273,0.000367937,0,0,1,1,1e-06,5.823673,15.37652,6.75919e-10,0.005823392,0.01537578,False,0.005041,False
2016-10-23,RS01SUM1-LJ01B-12-VEL3DB104,2,True,2016-10-23T00:00:00Z,2016-10-23T23:59:59Z,86395,86395,0,1.0,0.999872208,1.000047975,-0.001599202,0,0,4,4,-0.0,6.032828,17.915179,-3.285759e-10,0.006032538,0.01791432,False,0.014762,False
2016-10-24,RS01SUM1-LJ01B-12-VEL3DB104,2,True,2016-10-24T00:00:00Z,2016-10-24T23:59:59Z,86396,86396,0,1.0,0.999870777,1.00004813,-0.005420829,0,0,1,1,0.0,4.95508,12.956591,4.705048e-10,0.004954842,0.01295597,False,0.005354,False
2016-10-25,RS01SUM1-LJ01B-12-VEL3DB104,2,True,2016-10-25T00:00:00Z,2016-10-25T23:59:59Z,86396,86396,0,1.0,0.999866009,1.000047848,-0.007530996,0,0,0,0,-0.0,3.400575,9.530374,-1.472838e-10,0.003400412,0.009529918,False,0.004927,False
2016-10-26,RS01SUM1-LJ01B-12-VEL3DB104,2,True,2016-10-26T00:00:00Z,2016-10-26T23:59:59Z,84581,86396,1815,1.0,0.99985981,1.000047807,-0.007837007,3,1815,3,1816,0.0,4.12434,10.088182,3.687635e-10,0.004124142,0.0100877,False,0.188357,True
2016-10-27,RS01SUM1-LJ01B-12-VEL3DB104,2,True,2016-10-27T00:00:00Z,2016-10-27T23:59:59Z,86396,86396,0,1.0,0.999867916,1.000047784,-0.005892048,0,0,0,0,-0.0,4.546373,11.499061,-1.228936e-10,0.004546156,0.01149851,False,0.005939,False
2016-10-28,RS01SUM1-LJ01B-12-VEL3DB104,2,True,2016-10-28T00:00:00Z,2016-10-28T23:59:59Z,86396,86396,0,1.0,0.999866962,1.000048146,-0.007815828,0,0,0,0,-0.0,3.962596,13.83594,-1.09991e-10,0.003962405,0.01383527,False,0.00782,False
2016-10-29,RS01SUM1-LJ01B-12-VEL3DB104,2,True,2016-10-29T00:00:00Z,2016-10-29T23:59:59Z,86396,86396,0,1.0,0.9998703,1.000048107,-0.001571321,0,0,0,0,-0.0,3.770191,10.177257,-1.203021e-10,0.00377001,0.01017677,False,0.008831,False
2016-10-30,RS01SUM1-LJ01B-12-VEL3DB104,2,True,2016-10-30T00:00:00Z,2016-10-30T23:59:59Z,86395,86395,0,1.0,0.999867439,1.000048001,0.001669199,0,0,1,1,0.0,3.292712,8.671812,4.409085e-10,0.003292554,0.008671395,False,0.005072,False
2016-10-31,RS01SUM1-LJ01B-12-VEL3DB104,2,True,2016-10-31T00:00:00Z,2016-10-31T23:59:59Z,86396,86396,0,1.0,0.999860764,1.000047801,0.004193044,0,0,0,0,-0.0,4.517831,14.289435,-1.121003e-10,0.004517615,0.01428875,False,0.006995,False
2016-11-01,RS01SUM1-LJ01B-12-VEL3DB104,2,True,2016-11-01T00:00:00Z,2016-11-01T23:59:59Z,86396,86396,0,1.0,0.999883175,1.000048219,0.001866786,0,0,1,1,1e-06,2.931359,10.675333,8.374426e-10,0.002931217,0.01067482,False,0.004868,False
2016-11-02,RS01SUM1-LJ01B-12-VEL3DB104,2,True,2016-11-02T00:00:00Z,2016-11-02T23:59:59Z,86396,86396,0,1.0,0.999869823,1.00004791,0.007409525,0,0,1,1,-0.0,3.454408,13.045435,-1.273249e-10,0.003454242,0.01304481,False,0.009075,False
2016-11-03,RS01SUM1-LJ01B-12-VEL3DB104,2,True,2016-11-03T00:00:00Z,2016-11-03T23:59:59Z,86396,86396,0,1.0,0.999860764,1.000047694,0.002620811,0,0,0,0,-0.0,3.727481,9.798876,-1.042897e-10,0.003727303,0.009798408,False,0.005836,False
2016-11-04,RS01SUM1-LJ01B-12-VEL3DB104,2,True,2016-11-04T00:00:00Z,2016-11-04T23:59:59Z,86396,86396,0,1.0,0.999866009,1.000047976,-0.011489003,0,0,1,1,0.0,6.16404,17.119521,3.452919e-10,0.006163745,0.0171187,False,0.007993,False
2016-11-05,RS01SUM1-LJ01B-12-VEL3DB104,2,True,2016-11-05T00:00:00Z,2016-11-05T23:59:59Z,86396,86396,0,1.0,0.999862671,1.000047358,0.003888122,0,0,2,2,-0.0,3.112237,9.88969,-1.508142e-10,0.003112089,0.009889222,False,0.008206,False
2016-11-06,RS01SUM1-LJ01B-12-VEL3DB104,2,True,2016-11-06T00:00:00Z,2016-11-06T23:59:59Z,86396,86396,0,1.0,0.999875069,1.000047406,0.011340425,0,0,0,0,-0.0,3.504085,11.946606,-9.481615e-11,0.003503919,0.01194604,False,0.006738,False
2016-11-07,RS01SUM1-LJ01B-12-VEL3DB104,2,True,2016-11-07T00:00:00Z,2016-11-07T23:59:59Z,86395,86395,0,1.0,0.999884605,1.000047717,0.007731314,0,0,0,0,-0.0,8.003189,15.946072,-3.342743e-10,0.008002807,0.01594531,False,0.008183,False
2016-11-08,RS01SUM1-LJ01B-12-VEL3DB104,2,True,2016-11-08T00:00:00Z,2016-11-08T23:59:59Z,86396,86396,0,1.0,0.999876976,1.000047612,-0.002824127,0,0,0,0,-0.0,2.170605,8.024434,-1.116825e-10,0.002170502,0.008024052,False,0.006151,False
2016-11-09,RS01SUM1-LJ01B-12-VEL3DB104,2,True,2016-11-09T00:00:00Z,2016-11-09T23:59:59Z,86396,86396,0,1.0,0.999864101,1.000047315,-0.000545368,0,0,0,0,-0.0,2.505617,7.793915,-1.211553e-10,0.002505498,0.007793546,False,0.006085,False
2016-11-10,RS01SUM1-LJ01B-12-VEL3DB104,2,True,2016-11-10T00:00:00Z,2016-11-10T23:59:59Z,86396,86396,0,1.0,0.999889374,1.000047871,-0.000481154,0,0,1,1,-1e-06,3.940689,10.228654,-8.448977e-10,0.0039405,0.01022816,False,0.005453,False
2016-11-11,RS01SUM1-LJ01B-12-VEL3DB104,2,True,2016-11-11T00:00:00Z,2016-11-11T23:59:59Z,86396,86396,0,1.0,0.999886036,1.000047772,-0.005637667,0,0,0,0,-0.0,3.951924,9.755434,-1.196031e-10,0.003951736,0.009754968,False,0.006821,False
2016-11-12,RS01SUM1-LJ01B-12-VEL3DB104,2,True,2016-11-12T00:00:00Z,2016-11-12T23:59:59Z,86396,86396,0,1.0,0.999869823,1.000047295,-0.006111218,0,0,0,0,-0.0,3.449661,12.791951,-1.017572e-10,0.003449498,0.01279135,False,0.007802,False
2016-11-13,RS01SUM1-LJ01B-12-VEL3DB104,2,True,2016-11-13T00:00:00Z,2016-11-13T23:59:59Z,86396,86396,0,1.0,0.999882221,1.000047842,-0.008303067,0,0,0,0,-0.0,4.464306,11.57901,-9.743723e-11,0.004464093,0.01157846,False,0.006532,False
2016-11-14,RS01SUM1-LJ01B-12-VEL3DB104,2,True,2016-11-14T00:00:00Z,2016-11-14T23:59:59Z,86396,86396,0,1.0,0.999879837,1.000047849,-0.000536732,0,0,0,0,-0.0,4.073615,10.112352,-1.46417e-10,0.00407342,0.01011187,False,0.005048,False
2016-11-15,RS01SUM1-LJ01B-12-VEL3DB104,2,True,2016-11-15T00:00:00Z,2016-11-15T23:59:59Z,86395,86395,0,1.0,0.999866962,1.0000477,-0.006130597,0,0,0,0,-0.0,4.018165,14.142232,-3.03092e-10,0.004017974,0.01414156,False,0.006058,False
2016-11-16,RS01SUM1-LJ01B-12-VEL3DB104,2,True,2016-11-16T00:00:00Z,2016-11-16T23:59:59Z,86396,86396,0,1.0,0.999865055,1.000047689,-0.004565431,0,0,1,1,0.0,4.602357,11.515503,6.24912e-12,0.004602138,0.01151495,False,0.004825,False
2016-11-17,RS01SUM1-LJ01B-12-VEL3DB104,2,True,2016-11-17T00:00:00Z,2016-11-17T23:59:59Z,86336,86396,60,1.0,0.999884129,1.000047771,0.010936669,2,60,2,60,-0.0,2.993487,11.303029,-1.61119e-10,0.002993344,0.01130249,False,0.008846,True
2016-11-18,RS01SUM1-LJ01B-12-VEL3DB104,2,True,2016-11-18T00:00:00Z,2016-11-18T23:59:59Z,86045,86396,351,1.0,0.999866962,1.000047701,0.00184431,18,351,18,351,0.0,3.533326,13.547136,1.370992e-10,0.003533157,0.01354649,False,0.010598,True
2016-11-19,RS01SUM1-LJ01B-12-VEL3DB104,2,True,2016-11-19T00:00:00Z,2016-11-19T23:59:59Z,86396,86396,0,1.0,0.999869347,1.000047535,0.006217521,0,0,1,1,-1e-06,2.991193,10.254688,-5.570613e-10,0.00299105,0.0102542,False,0.00797,False
2016-11-20,RS01SUM1-LJ01B-12-VEL3DB104,2,True,2016-11-20T00:00:00Z,2016-11-20T23:59:59Z,86396,86396,0,1.0,0.999893188,1.000047195,0.000937097,0,0,1,1,0.0,2.696829,8.397146,7.972278e-11,0.002696702,0.00839675,False,0.004606,False
2016-11-21,RS01SUM1-LJ01B-12-VEL3DB104,2,True,2016-11-21T00:00:00Z,2016-11-21T23:59:59Z,86396,86396,0,1.0,0.999878883,1.000047329,-0.002321021,0,0,0,0,-0.0,2.194975,8.972833,-1.744928e-10,0.002194871,0.008972408,False,0.005583,False
2016-11-22,RS01SUM1-LJ01B-12-VEL3DB104,2,True,2016-11-22T00:00:00Z,2016-11-22T23:59:59Z,86396,86396,0,1.0,0.999864101,1.000047185,-0.003723051,0,0,2,2,-0.0,2.122213,7.03516,-2.339537e-10,0.002122113,0.007034829,False,0.006757,False
2016-11-23,RS01SUM1-LJ01B-12-VEL3DB104,2,True,2016-11-23T00:00:00Z,2016-11-23T23:59:59Z,86396,86396,0,1.0,0.999869823,1.000047292,-0.001113216,0,0,2,2,0.0,3.848645,11.812938,4.119164e-10,0.003848463,0.01181238,False,0.006326,False
2016-11-24,RS01SUM1-LJ01B-12-VEL3DB104,2,True,2016-11-24T00:00:00Z,2016-11-24T23:59:59Z,86396,86396,0,1.0,0.999858856,1.000047393,-0.001775994,0,0,0,0,-0.0,2.920303,8.540512,-1.592678e-10,0.002920164,0.008540107,False,0.007117,False
2016-11-25,RS01SUM1-LJ01B-12-VEL3DB104,2,True,2016-11-25T00:00:00Z,2016-11-25T23:59:59Z,86395,86395,0,1.0,0.999865055,1.000047525,-0.005534876,0,0,1,1,0.0,3.519986,12.609086,1.869359e-10,0.003519819,0.01260849,False,0.009599,False
2016-11-26,RS01SUM1-LJ01B-12-VEL3DB104,2,True,2016-11-26T00:00:00Z,2016-11-26T23:59:59Z,86396,86396,0,1.0,0.999861717,1.000047575,0.002498938,0,0,0,0,-0.0,2.596581,9.312097,-1.682086e-10,0.002596458,0.009311654,False,0.00664,False
2016-11-27,RS01SUM1-LJ01B-12-VEL3DB104,2,True,2016-11-27T00:00:00Z,2016-11-27T23:59:59Z,86396,86396,0,1.0,0.999865055,1.000047533,-0.008425034,0,0,2,2,-0.0,3.038509,9.040354,-4.2307e-10,0.003038365,0.009039925,False,0.004971,False
2016-11-28,RS01SUM1-LJ01B-12-VEL3DB104,2,True,2016-11-28T00:00:00Z,2016-11-28T23:59:59Z,86396,86396,0,1.0,0.999873638,1.000047656,0.000485136,0,0,2,2,-0.0,3.680752,11.408931,-9.726826e-11,0.003680577,0.01140839,False,0.007368,False
2016-11-29,RS01SUM1-LJ01B-12-VEL3DB104,2,True,2016-11-29T00:00:00Z,2016-11-29T23:59:59Z,86396,86396,0,1.0,0.99987793,1.000047778,0.006080128,0,0,0,0,-0.0,5.07641,13.273741,-1.102536e-10,0.005076168,0.01327311,False,0.006575,False
2016-11-30,RS01SUM1-LJ01B-12-VEL3DB104,2,True,2016-11-30T00:00:00Z,2016-11-30T23:59:59Z,86396,86396,0,1.0,0.999880314,1.000048107,0.003105394,0,0,1,1,-0.0,4.389939,10.804656,-2.244299e-10,0.004389728,0.01080414,False,0.0069,False
2016-12-01,RS01SUM1-LJ01B-12-VEL3DB104,2,True,2016-12-01T00:00:00Z,2016-12-01T23:59:59Z,85527,86396,869,1.0,0.999885559,1.000047809,0.006240335,2,869,2,870,1e-06,2.987094,9.596718,6.153205e-10,0.002986952,0.00959626,False,0.137409,True
2016-12-02,RS01SUM1-LJ01B-12-VEL3DB104,2,True,2016-12-02T00:00:00Z,2016-12-02T23:59:59Z,86396,86396,0,1.0,0.999878883,1.00004783,0.005872152,0,0,1,1,-0.0,3.111106,11.554624,-2.240495e-10,0.003110957,0.01155407,False,0.008594,False
2016-12-03,RS01SUM1-LJ01B-12-VEL3DB104,2,True,2016-12-03T00:00:00Z,2016-12-03T23:59:59Z,86395,86395,0,1.0,0.999873161,1.000047586,0.009067421,0,0,0,0,-0.0,3.757552,10.789578,-2.990182e-10,0.003757373,0.01078906,False,0.005903,False
2016-12-04,RS01SUM1-LJ01B-12-VEL3DB104,2,True,2016-12-04T00:00:00Z,2016-12-04T23:59:59Z,86396,86396,0,1.0,0.999884129,1.000047586,-0.003122688,0,0,1,1,-0.0,2.806552,8.52928,-4.971984e-10,0.002806419,0.008528874,False,0.005478,False
2016-12-05,RS01SUM1-LJ01B-12-VEL3DB104,2,True,2016-12-05T00:00:00Z,2016-12-05T23:59:59Z,86396,86396,0,1.0,0.999887943,1.000047782,0.00172082,0,0,0,0,-0.0,2.6709,8.730527,-1.644196e-10,0.002670773,0.00873011,False,0.006807,False
2016-12-06,RS01SUM1-LJ01B-12-VEL3DB104,2,True,2016-12-06T00:00:00Z,2016-12-06T23:59:59Z,86396,86396,0,1.0,0.999887943,1.000047715,0.006674895,0,0,0,0,-0.0,3.214443,9.244351,-1.65225e-10,0.00321429,0.00924391,False,0.00488,False
2016-12-07,RS01SUM1-LJ01B-12-VEL3DB104,2,True,2016-12-07T00:00:00Z,2016-12-07T23:59:59Z,85517,86396,879,1.0,0.999876022,1.000047881,-0.005764891,2,879,2,880,-0.0,3.169691,9.01723,-4.370494e-10,0.003169539,0.009016798,False,0.151672,True
2016-12-08,RS01SUM1-LJ01B-12-VEL3DB104,2,True,2016-12-08T00:00:00Z,2016-12-08T23:59:59Z,86396,86396,0,1.0,0.999873638,1.000047555,0.001042544,0,0,1,1,0.0,3.233433,10.947672,1.078992e-10,0.00323328,0.01094715,False,0.005993,False
2016-12-09,RS01SUM1-LJ01B-12-VEL3DB104,2,True,2016-12-09T00:00:00Z,2016-12-09T23:59:59Z,86396,86396,0,1.0,0.999873638,1.000047707,0.006261741,0,0,0,0,-0.0,7.13074,14.4088,-1.442936e-10,0.0071304,0.01440811,False,0.006666,False
2016-12-10,RS01SUM1-LJ01B-12-VEL3DB104,2,True,2016-12-10T00:00:00Z,2016-12-10T23:59:59Z,86396,86396,0,1.0,0.999885082,1.000047645,-0.002624292,0,0,0,0,-0.0,3.121015,8.250089,-1.078671e-10,0.003120866,0.008249696,False,0.005643,False
2016-12-11,RS01SUM1-LJ01B-12-VEL3DB104,2,True,2016-12-11T00:00:00Z,2016-12-11T23:59:59Z,85858,86395,537,1.0,0.999885082,1.000047743,-0.005548735,2,537,2,538,0.0,3.078371,7.987375,6.680537e-11,0.003078224,0.007986994,False,0.085153,True
2016-12-12,RS01SUM1-LJ01B-12-VEL3DB104,2,True,2016-12-12T00:00:00Z,2016-12-12T23:59:59Z,86396,86396,0,1.0,0.99986887,1.0000476,-0.007459341,0,0,0,0,-0.0,3.768847,11.33153,-1.021926e-10,0.003768667,0.01133099,False,0.009859,False
2016-12-13,RS01SUM1-LJ01B-12-VEL3DB104,2,True,2016-12-13T00:00:00Z,2016-12-13T23:59:59Z,86396,86396,0,1.0,0.999883175,1.000048003,-0.003565922,0,0,1,1,1e-06,5.798735,16.529438,5.771853e-10,0.005798457,0.01652864,False,0.006234,False
2016-12-14,RS01SUM1-LJ01B-12-VEL3DB104,2,True,2016-12-14T00:00:00Z,2016-12-14T23:59:59Z,86396,86396,0,1.0,0.999891758,1.000047843,0.004696106,0,0,0,0,-0.0,4.011679,11.687448,-1.532812e-10,0.004011487,0.01168689,False,0.006248,False
2016-12-15,RS01SUM1-LJ01B-12-VEL3DB104,2,True,2016-12-15T00:00:00Z,2016-12-15T23:59:59Z,86396,86396,0,1.0,0.99988699,1.000047977,-0.000377306,0,0,2,2,0.0,5.370388,13.763073,3.815925e-11,0.00537013,0.01376241,False,0.009357,False
2016-12-16,RS01SUM1-LJ01B-12-VEL3DB104,2,True,2016-12-16T00:00:00Z,2016-12-16T23:59:59Z,86396,86396,0,1.0,0.999891758,1.000047947,0.003308058,0,0,1,1,1e-06,3.207287,10.775825,6.170264e-10,0.003207133,0.01077531,False,0.006981,False
2016-12-17,RS01SUM1-LJ01B-12-VEL3DB104,2,True,2016-12-17T00:00:00Z,2016-12-17T23:59:59Z,86379,86396,17,1.0,0.999888897,1.000047953,0.010530658,2,17,2,18,-1e-06,4.030996,12.888178,-9.056278e-10,0.004030803,0.01288756,False,0.005798,True
2016-12-18,RS01SUM1-LJ01B-12-VEL3DB104,2,True,2016-12-18T00:00:00Z,2016-12-18T23:59:59Z,86396,86396,0,1.0,0.999890327,1.000048054,0.002882806,0,0,0,0,-0.0,3.547651,9.604237,-1.731536e-10,0.00354748,0.009603776,False,0.00625,False
2016-12-19,RS01SUM1-LJ01B-12-VEL3DB104,2,True,2016-12-19T00:00:00Z,2016-12-19T23:59:59Z,86395,86395,0,1.0,0.999888897,1.000048079,0.005162412,0,0,0,0,-0.0,5.125846,11.67289,-3.076427e-10,0.005125599,0.01167233,False,0.005365,False
2016-12-20,RS01SUM1-LJ01B-12-VEL3DB104,2,True,2016-12-20T00:00:00Z,2016-12-20T23:59:59Z,86396,86396,0,1.0,0.999881268,1.000047985,0.000403513,0,0,0,0,-0.0,4.368241,10.26637,-1.309128e-10,0.004368031,0.01026588,False,0.008602,False
2016-12-21,RS01SUM1-LJ01B-12-VEL3DB104,2,True,2016-12-21T00:00:00Z,2016-12-21T23:59:59Z,86396,86396,0,1.0,0.999885082,1.000048085,-0.002432743,0,0,1,1,-0.0,3.283426,10.529084,-3.255399e-10,0.003283268,0.01052858,False,0.007802,False
2016-12-22,RS01SUM1-LJ01B-12-VEL3DB104,2,True,2016-12-22T00:00:00Z,2016-12-22T23:59:59Z,86396,86396,0,1.0,0.999884129,1.00004809,-0.000541331,0,0,1,1,-0.0,4.600799,11.650696,-2.435924e-10,0.004600578,0.01165014,False,0.007731,False
2016-12-23,RS01SUM1-LJ01B-12-VEL3DB104,2,True,2016-12-23T00:00:00Z,2016-12-23T23:59:59Z,86396,86396,0,1.0,0.999875069,1.000047875,-0.004024067,0,0,0,0,-0.0,3.892483,9.858455,-1.845025e-10,0.003892296,0.009857983,False,0.0065,False
2016-12-24,RS01SUM1-LJ01B-12-VEL3DB104,2,True,2016-12-24T00:00:00Z,2016-12-24T23:59:59Z,86396,86396,0,1.0,0.999880791,1.000048011,0.000423516,0,0,1,1,1e-06,3.948491,11.935333,5.676604e-10,0.003948302,0.01193476,False,0.007761,False
2016-12-25,RS01SUM1-LJ01B-12-VEL3DB104,2,True,2016-12-25T00:00:00Z,2016-12-25T23:59:59Z,86395,86395,0,1.0,0.999878883,1.000047795,-0.001328256,0,0,0,0,-0.0,2.420349,8.247206,-3.481762e-10,0.002420234,0.008246811,False,0.006004,False
2016-12-26,RS01SUM1-LJ01B-12-VEL3DB104,2,True,2016-12-26T00:00:00Z,2016-12-26T23:59:59Z,86396,86396,0,1.0,0.999881744,1.000047695,0.003038676,0,0,1,1,0.0,3.767388,11.557597,7.018495e-11,0.003767209,0.01155705,False,0.008774,False
2016-12-27,RS01SUM1-LJ01B-12-VEL3DB104,2,True,2016-12-27T00:00:00Z,2016-12-27T23:59:59Z,86396,86396,0,1.0,0.999886036,1.000047737,-0.006843279,0,0,0,0,-0.0,3.51702,10.479944,-1.534131e-10,0.003516853,0.01047944,False,0.006408,False
2016-12-28,RS01SUM1-LJ01B-12-VEL3DB104,2,True,2016-12-28T00:00:00Z,2016-12-28T23:59:59Z,86396,86396,0,1.0,0.999882221,1.000047645,-0.002008988,0,0,0,0,-0.0,2.564596,8.609255,-1.243988e-10,0.002564474,0.008608845,False,0.005635,False
2016-12-29,RS01SUM1-LJ01B-12-VEL3DB104,2,True,2016-12-29T00:00:00Z,2016-12-29T23:59:59Z,86396,86396,0,1.0,0.999874115,1.000047792,-0.007809011,0,0,0,0,-0.0,5.599625,12.440626,-1.519652e-10,0.005599358,0.01244003,False,0.004759,False
2016-12-30,RS01SUM1-LJ01B-12-VEL3DB104,2,True,2016-12-30T00:00:00Z,2016-12-30T23:59:59Z,86396,86396,0,1.0,0.999876976,1.000047689,-0.003332074,0,0,0,0,-0.0,3.267768,9.175123,-1.068722e-10,0.003267612,0.009174685,False,0.006904,False
2016-12-31,RS01SUM1-LJ01B-12-VEL3DB104,2,True,2016-12-31T00:00:00Z,2016-12-31T23:59:59Z,86396,86396,0,1.0,0.999882698,1.000047654,0.009738364,0,0,1,1,-0.0,4.774456,13.983133,-8.854822e-11,0.004774228,0.01398247,False,0.007094,False
2017-01-01,RS01SUM1-LJ01B-12-VEL3DB104,2,True,2017-01-01T00:00:00Z,2017-01-01T23:59:59Z,86397,86396,0,1.0,0.99971199,1.00004689,-0.013209845,0,0,0,0,0.0,14.699885,101.062311,2.142666e-13,0.0146992,0.1010576,False,0.114545,False
2017-01-02,RS01SUM1-LJ01B-12-VEL3DB104,2,True,2017-01-02T00:00:00Z,2017-01-02T23:59:59Z,86396,86396,0,1.0,0.999713898,1.000046755,0.001996981,0,0,1,1,-0.0,2.527969,11.377971,-2.135472e-10,0.002527851,0.01137744,False,0.007827,False
2017-01-03,RS01SUM1-LJ01B-12-VEL3DB104,2,True,2017-01-03T00:00:00Z,2017-01-03T23:59:59Z,86396,86396,0,1.0,0.999701977,1.000046685,0.00094959,0,0,0,0,-0.0,1.922099,7.343732,-1.192551e-10,0.00192201,0.007343389,False,0.008585,False
2017-01-04,RS01SUM1-LJ01B-12-VEL3DB104,2,True,2017-01-04T00:00:00Z,2017-01-04T23:59:59Z,86396,86396,0,1.0,0.999722958,1.000046709,-0.001764474,0,0,3,3,0.0,2.972184,9.728085,3.371217e-10,0.002972045,0.009727631,False,0.005803,False
2017-01-05,RS01SUM1-LJ01B-12-VEL3DB104,2,True,2017-01-05T00:00:00Z,2017-01-05T23:59:59Z,86396,86396,0,1.0,0.999725819,1.000046684,-0.005588297,0,0,0,0,-0.0,2.34271,6.942177,-1.428454e-10,0.002342601,0.006941853,False,0.00554,False
2017-01-06,RS01SUM1-LJ01B-12-VEL3DB104,2,True,2017-01-06T00:00:00Z,2017-01-06T23:59:59Z,86396,86396,0,1.0,0.999729156,1.000046627,0.000858319,0,0,1,1,0.0,3.105257,9.734504,7.425178e-11,0.003105112,0.00973405,False,0.008693,False
2017-01-07,RS01SUM1-LJ01B-12-VEL3DB104,2,True,2017-01-07T00:00:00Z,2017-01-07T23:59:59Z,86396,86396,0,1.0,0.999709129,1.000046647,0.001023826,0,0,1,1,0.0,3.404983,9.796259,4.099067e-10,0.003404824,0.009795802,False,0.007155,False
2017-01-08,RS01SUM1-LJ01B-12-VEL3DB104,2,True,2017-01-08T00:00:00Z,2017-01-08T23:59:59Z,86345,86396,51,1.0,0.999724865,1.000046579,-0.006036942,1,51,1,53,1e-06,3.599591,497.680723,5.857959e-10,0.003599424,0.4976575,True,0.48172,True
2017-01-09,RS01SUM1-LJ01B-12-VEL3DB104,2,True,2017-01-09T00:00:00Z,2017-01-09T18:30:53Z,66650,66650,0,1.0,0.999733925,1.000046618,-0.001689387,0,0,1,1,0.0,2.445099,8.772936,1.1688e-10,0.002444985,0.008772527,False,0.00622,False
2017-01-10,RS01SUM1-LJ01B-12-VEL3DB104,2,False,,,0,0,,1.0,,,,,,,,,,,,,,,,False
2017-01-11,RS01SUM1-LJ01B-12-VEL3DB104,2,False,,,0,0,,1.0,,,,,,,,,,,,,,,,False
2017-01-12,RS01SUM1-LJ01B-12-VEL3DB104,2,True,2017-01-12T00:27:03Z,2017-01-12T23:59:59Z,84772,84772,0,1.0,1.000538826,1.000059745,-7.384e-06,0,0,0,0,-0.0,1.453635,6.590357,-8.68183e-11,0.001453548,0.006589963,False,0.005833,False
2017-01-13,RS01SUM1-LJ01B-12-VEL3DB104,2,True,2017-01-13T00:00:00Z,2017-01-13T23:59:59Z,86395,86395,0,1.0,1.000571251,1.00005981,-0.000402236,0,0,2,2,-0.0,1.904174,6.56428,-2.224845e-10,0.00190406,0.006563887,False,0.005522,False
2017-01-14,RS01SUM1-LJ01B-12-VEL3DB104,2,True,2017-01-14T00:00:00Z,2017-01-14T23:59:59Z,86395,86395,0,1.0,1.000504017,1.000059839,-0.002095573,0,0,0,0,-0.0,1.995383,8.240792,-2.824755e-10,0.001995263,0.008240299,False,0.00814,False
2017-01-15,RS01SUM1-LJ01B-12-VEL3DB104,2,True,2017-01-15T00:00:00Z,2017-01-15T23:59:59Z,86394,86394,0,1.0,0.999797821,1.000059806,0.001934363,0,0,0,0,-0.0,2.244646,9.373037,-3.886823e-10,0.002244512,0.009372477,False,0.006637,False
2017-01-16,RS01SUM1-LJ01B-12-VEL3DB104,2,True,2017-01-16T00:00:00Z,2017-01-16T23:59:59Z,86395,86395,0,1.0,0.999793053,1.000059784,0.001299942,0,0,0,0,-0.0,1.698906,7.511622,-3.667683e-10,0.001698805,0.007511173,False,0.008004,False
2017-01-17,RS01SUM1-LJ01B-12-VEL3DB104,2,True,2017-01-17T00:00:00Z,2017-01-17T23:59:59Z,86395,86395,0,1.0,0.999783039,1.000059727,0.000822683,0,0,0,0,-0.0,1.502122,6.155395,-3.060242e-10,0.001502032,0.006155027,False,0.006298,False
2017-01-18,RS01SUM1-LJ01B-12-VEL3DB104,2,True,2017-01-18T00:00:00Z,2017-01-18T23:59:59Z,86395,86395,0,1.0,0.999814987,1.000059796,0.000380412,0,0,1,1,0.0,1.417878,5.051984,3.563578e-10,0.001417793,0.005051681,False,0.005216,False
2017-01-19,RS01SUM1-LJ01B-12-VEL3DB104,2,True,2017-01-19T00:00:00Z,2017-01-19T23:59:59Z,84838,86395,1557,1.0,0.99982214,1.00005975,0.000334179,1,1557,1,1557,-1e-06,1.617717,7.849757,-5.381603e-10,0.00161762,0.007849288,False,0.371649,True
2017-01-20,RS01SUM1-LJ01B-12-VEL3DB104,2,True,2017-01-20T00:00:00Z,2017-01-20T23:59:59Z,86395,86395,0,1.0,1.000565052,1.000059804,-0.000691751,0,0,1,1,-0.0,1.237735,6.366425,-4.536515e-10,0.001237661,0.006366044,False,0.006602,False
2017-01-21,RS01SUM1-LJ01B-12-VEL3DB104,2,True,2017-01-21T00:00:00Z,2017-01-21T23:59:59Z,86394,86394,0,1.0,1.000430107,1.000059799,0.000441361,0,0,0,0,-0.0,1.346287,5.10747,-4.765252e-10,0.001346206,0.005107164,False,0.00508,False
2017-01-22,RS01SUM1-LJ01B-12-VEL3DB104,2,True,2017-01-22T00:00:00Z,2017-01-22T23:59:59Z,86395,86395,0,1.0,1.000509739,1.000059813,-0.001349578,0,0,1,1,-0.0,2.070226,9.853373,-1.914045e-10,0.002070102,0.009852784,False,0.007087,False
2017-01-23,RS01SUM1-LJ01B-12-VEL3DB104,2,True,2017-01-23T00:00:00Z,2017-01-23T23:59:59Z,86395,86395,0,1.0,1.000552177,1.000059786,0.000181306,0,0,0,0,-0.0,1.464755,7.254779,-3.484726e-10,0.001464667,0.007254345,False,0.004662,False
2017-01-24,RS01SUM1-LJ01B-12-VEL3DB104,2,True,2017-01-24T00:00:00Z,2017-01-24T23:59:59Z,86395,86395,0,1.0,1.000553131,1.000059808,-0.001914327,0,0,0,0,-0.0,1.812046,7.3802,-3.182811e-10,0.001811938,0.007379758,False,0.008191,False
2017-01-25,RS01SUM1-LJ01B-12-VEL3DB104,2,True,2017-01-25T00:00:00Z,2017-01-25T23:59:59Z,86395,86395,0,1.0,1.000462055,1.000059784,0.000733741,0,0,1,1,1e-06,1.804939,7.4528,9.946922e-10,0.001804831,0.007452354,False,0.006904,False
2017-01-26,RS01SUM1-LJ01B-12-VEL3DB104,2,True,2017-01-26T00:00:00Z,2017-01-26T23:59:59Z,86395,86395,0,1.0,1.000510693,1.000059796,1.023e-05,0,0,1,1,-0.0,1.45002,7.571089,-2.609286e-10,0.001449933,0.007570636,False,0.007578,False
2017-01-27,RS01SUM1-LJ01B-12-VEL3DB104,2,True,2017-01-27T00:00:00Z,2017-01-27T23:59:59Z,86394,86394,0,1.0,1.00048399,1.000059778,-0.002063526,0,0,1,1,0.0,1.943911,8.215025,3.274636e-10,0.001943794,0.008214534,False,0.007291,False
2017-01-28,RS01SUM1-LJ01B-12-VEL3DB104,2,True,2017-01-28T00:00:00Z,2017-01-28T23:59:59Z,86395,86395,0,1.0,1.000460625,1.000059774,-0.000876742,0,0,0,0,-0.0,1.804788,9.421953,-3.502588e-10,0.00180468,0.00942139,False,0.00806,False
2017-01-29,RS01SUM1-LJ01B-12-VEL3DB104,2,True,2017-01-29T00:00:00Z,2017-01-29T23:59:59Z,86395,86395,0,1.0,1.000555515,1.000059798,0.003694857,0,0,0,0,-0.0,2.039041,9.437008,-3.192264e-10,0.002038919,0.009436444,False,0.005292,False
2017-01-30,RS01SUM1-LJ01B-12-VEL3DB104,2,True,2017-01-30T00:00:00Z,2017-01-30T23:59:59Z,85932,86395,463,1.0,1.000554085,1.000059869,-0.002830775,3,463,3,463,-0.0,2.006466,7.032562,-3.872884e-10,0.002006346,0.007032141,False,0.147872,True
2017-01-31,RS01SUM1-LJ01B-12-VEL3DB104,2,True,2017-01-31T00:00:00Z,2017-01-31T23:59:59Z,73719,86398,12679,1.0,0.999837875,1.000032828,0.684403617,8,12679,8,12679,1e-06,721.956764,1600.406229,5.258266e-10,0.7219331,1.600354,True,0.369911,True
2017-02-01,RS01SUM1-LJ01B-12-VEL3DB104,2,True,2017-02-01T00:00:00Z,2017-02-01T23:59:59Z,86395,86395,0,1.0,1.000580549,1.000059788,0.003870581,0,0,2,2,-0.0,2.782798,10.600699,-1.29716e-11,0.002782631,0.01060006,False,0.007822,False
2017-02-02,RS01SUM1-LJ01B-12-VEL3DB104,2,True,2017-02-02T00:00:00Z,2017-02-02T23:59:59Z,86394,86394,0,1.0,0.999805927,1.000059754,0.002715774,0,0,0,0,-0.0,2.042746,8.833195,-4.12167e-10,0.002042624,0.008832667,False,0.010219,False
2017-02-03,RS01SUM1-LJ01B-12-VEL3DB104,2,True,2017-02-03T00:00:00Z,2017-02-03T23:59:59Z,86395,86395,0,1.0,1.000484467,1.0000598,-0.001583989,0,0,1,1,0.0,1.907525,6.436997,3.907286e-10,0.001907411,0.006436613,False,0.006193,False
2017-02-04,RS01SUM1-LJ01B-12-VEL3DB104,2,True,2017-02-04T00:00:00Z,2017-02-04T23:59:59Z,86395,86395,0,1.0,0.9997859,1.000059758,0.000855366,0,0,0,0,-0.0,1.670602,7.160624,-3.372126e-10,0.001670502,0.007160197,False,0.006497,False
2017-02-05,RS01SUM1-LJ01B-12-VEL3DB104,2,True,2017-02-05T00:00:00Z,2017-02-05T23:59:59Z,86395,86395,0,1.0,0.999765873,1.000059724,-0.001622291,0,0,0,0,-0.0,1.972964,7.821814,-3.363534e-10,0.001972846,0.007821347,False,0.008157,False
2017-02-06,RS01SUM1-LJ01B-12-VEL3DB104,2,True,2017-02-06T00:00:00Z,2017-02-06T23:59:59Z,86395,86395,0,1.0,0.999846935,1.00005982,-0.004741827,0,0,0,0,-0.0,1.994738,7.173749,-3.060108e-10,0.001994618,0.00717332,False,0.005897,False
2017-02-07,RS01SUM1-LJ01B-12-VEL3DB104,2,True,2017-02-07T00:00:00Z,2017-02-07T23:59:59Z,85607,86395,788,1.0,0.999838829,1.000059773,-0.001593194,1,788,1,788,0.0,1.902295,10.159986,4.34933e-10,0.001902181,0.01015938,False,0.174752,True
2017-02-08,RS01SUM1-LJ01B-12-VEL3DB104,2,True,2017-02-08T00:00:00Z,2017-02-08T23:59:59Z,86394,86394,0,1.0,0.99985075,1.000059792,-0.000188574,0,0,1,1,0.0,3.589528,9.584302,3.467489e-10,0.003589313,0.009583729,False,0.006883,False
2017-02-09,RS01SUM1-LJ01B-12-VEL3DB104,2,True,2017-02-09T00:00:00Z,2017-02-09T23:59:59Z,86395,86395,0,1.0,0.999779701,1.000059721,-0.000486786,0,0,4,4,0.0,1.656719,7.723314,2.849443e-10,0.00165662,0.007722852,False,0.006998,False
2017-02-10,RS01SUM1-LJ01B-12-VEL3DB104,2,True,2017-02-10T00:00:00Z,2017-02-10T23:59:59Z,86395,86395,0,1.0,0.999826908,1.000059779,-0.000469057,0,0,0,0,-0.0,2.04492,8.703345,-3.037325e-10,0.002044798,0.008702824,False,0.007643,False
2017-02-11,RS01SUM1-LJ01B-12-VEL3DB104,2,True,2017-02-11T00:00:00Z,2017-02-11T23:59:59Z,86395,86395,0,1.0,1.000181913,1.000059762,-0.001387864,0,0,0,0,-0.0,2.578822,7.758146,-3.377679e-10,0.002578668,0.007757682,False,0.005617,False
2017-02-12,RS01SUM1-LJ01B-12-VEL3DB104,2,True,2017-02-12T00:00:00Z,2017-02-12T23:59:59Z,86395,86395,0,1.0,0.999784946,1.000059808,0.004246936,0,0,1,1,-0.0,2.944885,8.737642,-2.692686e-10,0.002944709,0.00873712,False,0.006956,False
2017-02-13,RS01SUM1-LJ01B-12-VEL3DB104,2,True,2017-02-13T00:00:00Z,2017-02-13T23:59:59Z,86395,86395,0,1.0,0.999796391,1.000059865,-0.003580434,0,0,1,1,0.0,1.679707,6.698336,1.82596e-10,0.001679606,0.006697935,False,0.007942,False
2017-02-14,RS01SUM1-LJ01B-12-VEL3DB104,2,True,2017-02-14T00:00:00Z,2017-02-14T23:59:59Z,86394,86394,0,1.0,0.999783993,1.000059841,0.000986611,0,0,0,0,-0.0,1.875478,9.506468,-4.090636e-10,0.001875366,0.009505899,False,0.007607,False
2017-02-15,RS01SUM1-LJ01B-12-VEL3DB104,2,True,2017-02-15T00:00:00Z,2017-02-15T14:43:06Z,52984,52984,0,1.0,0.999780178,1.000059692,0.001451577,0,0,0,0,0.0,1.597167,5.130108,6.980388e-11,0.001597071,0.005129802,False,0.004739,False
2017-02-16,RS01SUM1-LJ01B-12-VEL3DB104,2,True,2017-02-16T22:31:57Z,2017-02-16T23:59:59Z,5283,5283,0,1.0,0.999796391,1.000044785,-0.009073927,0,0,0,0,0.0,0.921453,9.073927,3.410416e-13,0.000921412,0.009073521,False,0.011763,False
2017-02-17,RS01SUM1-LJ01B-12-VEL3DB104,2,True,2017-02-17T00:00:00Z,2017-02-17T23:59:59Z,86396,86396,0,1.0,0.999817848,1.000044744,-0.003524323,0,0,1,1,-0.0,4.735473,14.181431,-3.840292e-10,0.004735261,0.0141808,False,0.004644,False
2017-02-18,RS01SUM1-LJ01B-12-VEL3DB104,2,True,2017-02-18T00:00:00Z,2017-02-18T23:59:59Z,86396,86396,0,1.0,0.999829769,1.000044544,0.00420278,0,0,0,0,-0.0,4.416894,12.628241,-9.492918e-11,0.004416697,0.01262768,False,0.006447,False
2017-02-19,RS01SUM1-LJ01B-12-VEL3DB104,2,True,2017-02-19T00:00:00Z,2017-02-19T23:59:59Z,86396,86396,0,1.0,0.999825001,1.000044524,-0.006613545,0,0,1,1,-0.0,5.321848,350.658483,-1.910495e-10,0.005321611,0.3506429,False,0.350857,False
2017-02-20,RS01SUM1-LJ01B-12-VEL3DB104,2,True,2017-02-20T00:00:00Z,2017-02-20T23:59:59Z,86396,86396,0,1.0,0.999832153,1.000044466,0.010278655,0,0,1,1,0.0,3.313845,13.269005,3.2537e-10,0.003313698,0.01326842,False,0.005397,False
2017-02-21,RS01SUM1-LJ01B-12-VEL3DB104,2,True,2017-02-21T00:00:00Z,2017-02-21T23:59:59Z,86396,86396,0,1.0,0.99983263,1.000044957,0.002636168,0,0,1,1,1e-06,3.792331,9.295788,5.191525e-10,0.003792161,0.009295371,False,0.008447,False
2017-02-22,RS01SUM1-LJ01B-12-VEL3DB104,2,True,2017-02-22T00:00:00Z,2017-02-22T23:59:59Z,86397,86397,0,1.0,0.999831676,1.000045245,0.000888394,0,0,0,0,-0.0,5.193786,17.557775,-1.743475e-10,0.005193551,0.01755698,False,0.010385,False
2017-02-23,RS01SUM1-LJ01B-12-VEL3DB104,2,True,2017-02-23T00:00:00Z,2017-02-23T23:59:59Z,86396,86396,0,1.0,0.999836922,1.000045686,0.004841263,0,0,0,0,-0.0,4.305411,9.698573,-1.225643e-10,0.004305214,0.00969813,False,0.006237,False
2017-02-24,RS01SUM1-LJ01B-12-VEL3DB104,2,True,2017-02-24T00:00:00Z,2017-02-24T23:59:59Z,86396,86396,0,1.0,0.999814987,1.00004484,0.004418492,0,0,1,1,-1e-06,4.103035,11.210634,-6.215962e-10,0.004102851,0.01121013,False,0.006333,False
2017-02-25,RS01SUM1-LJ01B-12-VEL3DB104,2,True,2017-02-25T00:00:00Z,2017-02-25T23:59:59Z,86396,86396,0,1.0,0.999826908,1.000044834,-0.007091898,0,0,0,0,-0.0,3.949393,9.393528,-1.660504e-10,0.003949215,0.009393107,False,0.006661,False
2017-02-26,RS01SUM1-LJ01B-12-VEL3DB104,2,True,2017-02-26T00:00:00Z,2017-02-26T23:59:59Z,86396,86396,0,1.0,0.999820709,1.000044655,-0.00188976,0,0,2,2,0.0,6.59074,17.36958,4.567503e-10,0.006590446,0.0173688,False,0.006362,False
2017-02-27,RS01SUM1-LJ01B-12-VEL3DB104,2,True,2017-02-27T00:00:00Z,2017-02-27T23:59:59Z,86396,86396,0,1.0,0.999832153,1.000044585,-0.006592776,0,0,0,0,-0.0,6.370163,14.782405,-7.580642e-11,0.006369879,0.01478175,False,0.005946,False
2017-02-28,RS01SUM1-LJ01B-12-VEL3DB104,2,True,2017-02-28T00:00:00Z,2017-02-28T23:59:59Z,86396,86396,0,1.0,0.999826908,1.000044713,-0.011320536,0,0,0,0,-0.0,5.125898,13.210335,-1.371035e-10,0.005125669,0.01320974,False,0.005319,False
2017-03-01,RS01SUM1-LJ01B-12-VEL3DB104,2,True,2017-03-01T00:00:00Z,2017-03-01T23:59:59Z,86396,86396,0,1.0,0.999835968,1.000044698,-0.003911644,0,0,1,1,0.0,4.768365,12.514407,5.097191e-11,0.004768152,0.01251385,False,0.005938,False
2017-03-02,RS01SUM1-LJ01B-12-VEL3DB104,2,True,2017-03-02T00:00:00Z,2017-03-02T23:59:59Z,86397,86397,0,1.0,0.999824047,1.000044272,-0.002148465,0,0,2,2,-1e-06,4.841395,12.398111,-6.835174e-10,0.004841181,0.01239756,False,0.006793,False
2017-03-03,RS01SUM1-LJ01B-12-VEL3DB104,2,True,2017-03-03T00:00:00Z,2017-03-03T23:59:59Z,86396,86396,0,1.0,0.999809742,1.000043883,0.002853271,0,0,1,1,1e-06,2.172383,6.231322,6.728426e-10,0.002172287,0.006231049,False,0.006381,False
2017-03-04,RS01SUM1-LJ01B-12-VEL3DB104,2,True,2017-03-04T00:00:00Z,2017-03-04T17:47:43Z,64061,64061,0,1.0,0.99981308,1.000043799,-0.00296663,0,0,0,0,0.0,2.455262,6.253459,2.186901e-10,0.002455154,0.006253185,False,0.006711,False
2017-03-05,RS01SUM1-LJ01B-12-VEL3DB104,2,False,,,0,0,,1.0,,,,,,,,,,,,,,,,False
2017-03-06,RS01SUM1-LJ01B-12-VEL3DB104,2,True,2017-03-06T04:53:30Z,2017-03-06T23:59:59Z,68787,68787,0,1.0,0.999812126,1.000044661,0.001069762,0,0,0,0,-0.0,3.517616,35.901514,-1.906032e-10,0.003517459,0.03589991,False,0.029357,False
2017-03-07,RS01SUM1-LJ01B-12-VEL3DB104,2,True,2017-03-07T00:00:00Z,2017-03-07T23:59:59Z,86396,86396,0,1.0,0.999811172,1.000044766,-0.003427747,0,0,1,1,0.0,1.998709,8.080621,1.026238e-10,0.00199862,0.008080259,False,0.006116,False
2017-03-08,RS01SUM1-LJ01B-12-VEL3DB104,2,True,2017-03-08T00:00:00Z,2017-03-08T23:59:59Z,86396,86396,0,1.0,0.999817371,1.000044709,0.000904545,0,0,0,0,-0.0,2.993554,9.238803,-1.692895e-10,0.00299342,0.00923839,False,0.007224,False
2017-03-09,RS01SUM1-LJ01B-12-VEL3DB104,2,True,2017-03-09T00:00:00Z,2017-03-09T23:59:59Z,86397,86397,0,1.0,0.999808788,1.000044574,-0.001285306,0,0,0,0,-0.0,2.55087,7.768525,-1.269188e-10,0.002550756,0.007768179,False,0.005016,False
2017-03-10,RS01SUM1-LJ01B-12-VEL3DB104,2,True,2017-03-10T00:00:00Z,2017-03-10T23:59:59Z,86396,86396,0,1.0,0.999814034,1.00004447,0.001887654,0,0,1,1,0.0,3.256634,12.920482,3.967943e-10,0.003256489,0.01291991,False,0.006536,False
2017-03-11,RS01SUM1-LJ01B-12-VEL3DB104,2,True,2017-03-11T00:00:00Z,2017-03-11T23:59:59Z,86396,86396,0,1.0,0.999815941,1.000044484,0.001070969,0,0,0,0,-0.0,2.468431,9.104859,-1.560518e-10,0.002468321,0.009104454,False,0.007098,False
2017-03-12,RS01SUM1-LJ01B-12-VEL3DB104,2,True,2017-03-12T00:00:00Z,2017-03-12T23:59:59Z,86396,86396,0,1.0,0.999827862,1.000044565,-0.000777439,0,0,0,0,-0.0,1.977798,6.998263,-7.905205e-11,0.00197771,0.006997951,False,0.005572,False
2017-03-13,RS01SUM1-LJ01B-12-VEL3DB104,2,True,2017-03-13T00:00:00Z,2017-03-13T23:59:59Z,86396,86396,0,1.0,0.99982357,1.000044466,0.004131326,0,0,1,1,-0.0,2.183654,7.050018,-2.779789e-10,0.002183557,0.007049705,False,0.006809,False
2017-03-14,RS01SUM1-LJ01B-12-VEL3DB104,2,True,2017-03-14T00:00:00Z,2017-03-14T23:59:59Z,86396,86396,0,1.0,0.999823093,1.000044551,0.001253843,0,0,0,0,-0.0,1.987027,8.190388,-1.471957e-10,0.001986938,0.008190023,False,0.006627,False
2017-03-15,RS01SUM1-LJ01B-12-VEL3DB104,2,True,2017-03-15T00:00:00Z,2017-03-15T23:59:59Z,86397,86397,0,1.0,0.999825001,1.000044487,-0.003459887,0,0,0,0,-0.0,1.970399,8.014758,-2.005661e-10,0.001970312,0.008014402,False,0.006868,False
2017-03-16,RS01SUM1-LJ01B-12-VEL3DB104,2,True,2017-03-16T00:00:00Z,2017-03-16T23:59:59Z,86396,86396,0,1.0,0.999819279,1.000044462,-0.007035858,0,0,2,2,0.0,2.955842,11.766997,3.161749e-10,0.002955711,0.01176647,False,0.005336,False
2017-03-17,RS01SUM1-LJ01B-12-VEL3DB104,2,True,2017-03-17T00:00:00Z,2017-03-17T23:59:59Z,86396,86396,0,1.0,0.999818802,1.000044478,-0.001057942,0,0,1,1,-1e-06,1.853813,7.952495,-7.973528e-10,0.001853731,0.007952141,False,0.006547,False
2017-03-18,RS01SUM1-LJ01B-12-VEL3DB104,2,True,2017-03-18T00:00:00Z,2017-03-18T23:59:59Z,86331,86396,65,1.0,0.999811172,1.00004443,0.006449399,3,65,3,67,-1e-06,3.295963,9.782325,-5.533213e-10,0.003295817,0.00978189,False,0.016621,True
2017-03-19,RS01SUM1-LJ01B-12-VEL3DB104,2,True,2017-03-19T00:00:00Z,2017-03-19T23:59:59Z,86396,86396,0,1.0,0.999825001,1.000044527,0.000383039,0,0,0,0,-0.0,3.831914,9.183358,-1.604333e-10,0.003831743,0.00918295,False,0.006808,False
2017-03-20,RS01SUM1-LJ01B-12-VEL3DB104,2,True,2017-03-20T00:00:00Z,2017-03-20T23:59:59Z,86396,86396,0,1.0,0.999820232,1.00004435,0.00406851,0,0,0,0,-0.0,1.905447,7.957515,-8.924251e-11,0.001905363,0.007957162,False,0.007542,False
2017-03-21,RS01SUM1-LJ01B-12-VEL3DB104,2,True,2017-03-21T00:00:00Z,2017-03-21T23:59:59Z,86397,86397,0,1.0,0.99983263,1.000044443,0.000590533,0,0,1,1,-0.0,1.95728,7.925185,-1.750799e-10,0.001957193,0.007924833,False,0.004502,False
2017-03-22,RS01SUM1-LJ01B-12-VEL3DB104,2,True,2017-03-22T00:00:00Z,2017-03-22T23:59:59Z,86396,86396,0,1.0,0.999833107,1.000044517,0.001947445,0,0,0,0,-0.0,1.575123,7.530897,-1.66035e-10,0.001575053,0.007530562,False,0.008471,False
2017-03-23,RS01SUM1-LJ01B-12-VEL3DB104,2,True,2017-03-23T00:00:00Z,2017-03-23T23:59:59Z,86396,86396,0,1.0,0.999821663,1.000044633,-0.001204248,0,0,1,1,1e-06,1.738997,7.021965,9.364468e-10,0.00173892,0.007021652,False,0.005716,False
2017-03-24,RS01SUM1-LJ01B-12-VEL3DB104,2,True,2017-03-24T00:00:00Z,2017-03-24T23:59:59Z,86396,86396,0,1.0,0.999837399,1.00004473,-0.003495669,0,0,0,0,-0.0,2.856566,9.289757,-1.27971e-10,0.002856439,0.009289341,False,0.00596,False
2017-03-25,RS01SUM1-LJ01B-12-VEL3DB104,2,True,2017-03-25T00:00:00Z,2017-03-25T23:59:59Z,86396,86396,0,1.0,0.999842167,1.000044825,-0.001281081,0,0,2,2,0.0,5.525815,16.222344,4.618353e-11,0.005525567,0.01622162,False,0.008379,False
2017-03-26,RS01SUM1-LJ01B-12-VEL3DB104,2,True,2017-03-26T00:00:00Z,2017-03-26T23:59:59Z,86396,86396,0,1.0,0.999826431,1.000044529,0.000223393,0,0,0,0,-0.0,2.594026,9.713416,-1.120894e-10,0.002593911,0.009712983,False,0.007746,False
2017-03-27,RS01SUM1-LJ01B-12-VEL3DB104,2,True,2017-03-27T00:00:00Z,2017-03-27T23:59:59Z,86396,86396,0,1.0,0.99983263,1.000044597,-0.005049835,0,0,0,0,-0.0,3.470323,9.814375,-1.627891e-10,0.003470168,0.009813937,False,0.006017,False
2017-03-28,RS01SUM1-LJ01B-12-VEL3DB104,2,True,2017-03-28T00:00:00Z,2017-03-28T23:59:59Z,86397,86397,0,1.0,0.999823093,1.000044479,-0.000712424,0,0,0,0,-0.0,2.533339,9.028768,-1.474102e-10,0.002533227,0.009028366,False,0.005889,False
2017-03-29,RS01SUM1-LJ01B-12-VEL3DB104,2,True,2017-03-29T00:00:00Z,2017-03-29T23:59:59Z,86379,86396,17,1.0,0.999814034,1.000044329,-0.005751052,1,17,1,17,-0.0,3.149362,9.230927,-4.678718e-10,0.003149223,0.009230518,False,0.00459,True
2017-03-30,RS01SUM1-LJ01B-12-VEL3DB104,2,True,2017-03-30T00:00:00Z,2017-03-30T23:59:59Z,86396,86396,0,1.0,0.999830246,1.00004461,-0.001508736,0,0,1,1,0.0,2.412712,9.239036,1.654501e-10,0.002412604,0.009238624,False,0.005742,False
2017-03-31,RS01SUM1-LJ01B-12-VEL3DB104,2,True,2017-03-31T00:00:00Z,2017-03-31T23:59:59Z,86396,86396,0,1.0,0.999824047,1.000044387,-0.0022497,0,0,1,1,-0.0,2.74262,8.273843,-3.37521e-10,0.002742499,0.008273476,False,0.006416,False
2017-04-01,RS01SUM1-LJ01B-12-VEL3DB104,2,True,2017-04-01T00:00:00Z,2017-04-01T23:59:59Z,86396,86396,0,1.0,0.999834061,1.000044556,-0.004331977,0,0,0,0,-0.0,3.485211,9.960631,-1.511204e-10,0.003485055,0.009960187,False,0.007474,False
2017-04-02,RS01SUM1-LJ01B-12-VEL3DB104,2,True,2017-04-02T00:00:00Z,2017-04-02T23:59:59Z,86396,86396,0,1.0,0.9998312,1.000044476,-0.000779081,0,0,1,1,-0.0,1.664537,6.376193,-2.812071e-10,0.001664463,0.00637591,False,0.00505,False
2017-04-03,RS01SUM1-LJ01B-12-VEL3DB104,2,True,2017-04-03T00:00:00Z,2017-04-03T23:59:59Z,86397,86397,0,1.0,0.999821663,1.000044541,-0.002793046,0,0,0,0,-0.0,2.351053,7.973775,-1.581623e-10,0.002350948,0.00797342,False,0.007152,False
2017-04-04,RS01SUM1-LJ01B-12-VEL3DB104,2,True,2017-04-04T00:00:00Z,2017-04-04T23:59:59Z,86396,86396,0,1.0,0.999809742,1.000044437,-0.003301835,0,0,4,4,-0.0,1.85088,8.449073,-3.14118e-10,0.001850798,0.008448697,False,0.007233,False
2017-04-05,RS01SUM1-LJ01B-12-VEL3DB104,2,True,2017-04-05T00:00:00Z,2017-04-05T23:59:59Z,86396,86396,0,1.0,0.999814034,1.000044638,-0.001133748,0,0,1,1,-0.0,2.376568,10.552516,-3.906713e-10,0.002376462,0.01055205,False,0.007214,False
2017-04-06,RS01SUM1-LJ01B-12-VEL3DB104,2,True,2017-04-06T00:00:00Z,2017-04-06T23:59:59Z,86396,86396,0,1.0,0.999811172,1.000044666,-0.000951533,0,0,0,0,-0.0,2.373659,8.304114,-1.261989e-10,0.002373553,0.008303743,False,0.005657,False
2017-04-07,RS01SUM1-LJ01B-12-VEL3DB104,2,True,2017-04-07T00:00:00Z,2017-04-07T23:59:59Z,86396,86396,0,1.0,0.99981308,1.000044735,-0.001908306,0,0,0,0,-0.0,2.132518,9.083321,-8.673801e-11,0.002132422,0.009082914,False,0.010659,False
2017-04-08,RS01SUM1-LJ01B-12-VEL3DB104,2,True,2017-04-08T00:00:00Z,2017-04-08T23:59:59Z,86396,86396,0,1.0,0.999814987,1.00004446,0.002537398,0,0,0,0,-0.0,1.915345,7.377876,-7.61052e-11,0.00191526,0.007377547,False,0.006502,False
2017-04-09,RS01SUM1-LJ01B-12-VEL3DB104,2,True,2017-04-09T00:00:00Z,2017-04-09T23:59:59Z,86396,86396,0,1.0,0.999815941,1.000044397,-0.00425438,0,0,0,0,-0.0,2.754843,9.612126,-1.339234e-10,0.00275472,0.009611699,False,0.00712,False
2017-04-10,RS01SUM1-LJ01B-12-VEL3DB104,2,True,2017-04-10T00:00:00Z,2017-04-10T23:59:59Z,86397,86397,0,1.0,0.999814987,1.000044426,0.003615884,0,0,0,0,-0.0,2.528034,8.228079,-1.712359e-10,0.002527922,0.008227713,False,0.005422,False
2017-04-11,RS01SUM1-LJ01B-12-VEL3DB104,2,True,2017-04-11T00:00:00Z,2017-04-11T23:59:59Z,86396,86396,0,1.0,0.999827862,1.000044302,0.003063494,0,0,0,0,-0.0,2.8938,8.859517,-1.255414e-10,0.002893672,0.008859124,False,0.005301,False
2017-04-12,RS01SUM1-LJ01B-12-VEL3DB104,2,True,2017-04-12T00:00:00Z,2017-04-12T23:59:59Z,86396,86396,0,1.0,0.999835014,1.000044571,-0.005283684,0,0,0,0,-0.0,3.497003,9.545534,-9.555542e-11,0.003496847,0.009545108,False,0.005446,False
2017-04-13,RS01SUM1-LJ01B-12-VEL3DB104,2,True,2017-04-13T00:00:00Z,2017-04-13T23:59:59Z,86396,86396,0,1.0,0.999838829,1.000044597,-0.001823539,0,0,1,1,0.0,1.80153,7.052114,1.752315e-10,0.00180145,0.0070518,False,0.006959,False
2017-04-14,RS01SUM1-LJ01B-12-VEL3DB104,2,True,2017-04-14T00:00:00Z,2017-04-14T23:59:59Z,86396,86396,0,1.0,0.999843597,1.000044577,0.005059115,0,0,0,0,-0.0,4.09913,9.717096,-2.288124e-10,0.004098947,0.009716663,False,0.008028,False
2017-04-15,RS01SUM1-LJ01B-12-VEL3DB104,2,True,2017-04-15T00:00:00Z,2017-04-15T23:59:59Z,86396,86396,0,1.0,0.999830246,1.000044605,0.001392297,0,0,0,0,-0.0,4.098046,9.417222,-1.259392e-10,0.004097863,0.009416802,False,0.004781,False
2017-04-16,RS01SUM1-LJ01B-12-VEL3DB104,2,True,2017-04-16T00:00:00Z,2017-04-16T23:59:59Z,86396,86396,0,1.0,0.999825954,1.000044406,0.00234726,0,0,0,0,-0.0,1.554197,7.453849,-1.356141e-10,0.001554128,0.007453518,False,0.006991,False
2017-04-17,RS01SUM1-LJ01B-12-VEL3DB104,2,True,2017-04-17T00:00:00Z,2017-04-17T23:59:59Z,86397,86397,0,1.0,0.999835014,1.00004457,8.1896e-05,0,0,0,0,-0.0,2.757185,10.880173,-1.625392e-10,0.002757062,0.01087969,False,0.007542,False
2017-04-18,RS01SUM1-LJ01B-12-VEL3DB104,2,True,2017-04-18T00:00:00Z,2017-04-18T23:59:59Z,86396,86396,0,1.0,0.999833107,1.000044463,-0.006819953,0,0,2,2,0.0,2.459986,8.819568,2.735658e-10,0.002459877,0.008819176,False,0.006431,False
2017-04-19,RS01SUM1-LJ01B-12-VEL3DB104,2,True,2017-04-19T00:00:00Z,2017-04-19T23:59:59Z,86396,86396,0,1.0,0.999826908,1.000044617,0.000206982,0,0,1,1,1e-06,2.335733,9.186241,5.535236e-10,0.002335628,0.009185831,False,0.00913,False
2017-04-20,RS01SUM1-LJ01B-12-VEL3DB104,2,True,2017-04-20T00:00:00Z,2017-04-20T23:59:59Z,86396,86396,0,1.0,0.999830246,1.000044346,-0.001631534,0,0,1,1,0.0,2.14752,9.230851,1.78685e-10,0.002147424,0.009230442,False,0.006171,False
2017-04-21,RS01SUM1-LJ01B-12-VEL3DB104,2,True,2017-04-21T00:00:00Z,2017-04-21T23:59:59Z,86396,86396,0,1.0,0.999834061,1.000044709,-0.006776186,0,0,1,1,-0.0,3.22715,8.600994,-3.149263e-10,0.003227006,0.00860061,False,0.007428,False
2017-04-22,RS01SUM1-LJ01B-12-VEL3DB104,2,True,2017-04-22T00:00:00Z,2017-04-22T23:59:59Z,86396,86396,0,1.0,0.999819756,1.000044493,-0.003603887,0,0,1,1,0.0,3.027191,8.389996,2.525568e-10,0.003027056,0.008389622,False,0.004886,False
2017-04-23,RS01SUM1-LJ01B-12-VEL3DB104,2,True,2017-04-23T00:00:00Z,2017-04-23T23:59:59Z,86397,86397,0,1.0,0.999812126,1.000044434,0.000301953,0,0,0,0,-0.0,3.394299,11.158487,-1.138682e-10,0.003394148,0.01115799,False,0.006997,False
2017-04-24,RS01SUM1-LJ01B-12-VEL3DB104,2,True,2017-04-24T00:00:00Z,2017-04-24T23:59:59Z,86396,86396,0,1.0,0.999814034,1.000044448,-0.001681317,0,0,1,1,1e-06,2.020319,8.540575,9.602792e-10,0.002020229,0.008540196,False,0.00897,False
2017-04-25,RS01SUM1-LJ01B-12-VEL3DB104,2,True,2017-04-25T00:00:00Z,2017-04-25T23:59:59Z,86396,86396,0,1.0,0.999819279,1.00004452,-0.00161184,0,0,0,0,-0.0,2.566231,10.913478,-1.816555e-10,0.002566116,0.01091299,False,0.0072,False
2017-04-26,RS01SUM1-LJ01B-12-VEL3DB104,2,True,2017-04-26T00:00:00Z,2017-04-26T23:59:59Z,86396,86396,0,1.0,0.999815941,1.000044467,0.00245218,0,0,0,0,-0.0,2.622006,8.907741,-1.186189e-10,0.002621889,0.008907345,False,0.006743,False
2017-04-27,RS01SUM1-LJ01B-12-VEL3DB104,2,True,2017-04-27T00:00:00Z,2017-04-27T23:59:59Z,86396,86396,0,1.0,0.999822617,1.000044521,-0.001229482,0,0,1,1,0.0,1.266391,5.394844,2.690926e-10,0.001266334,0.005394604,False,0.00434,False
2017-04-28,RS01SUM1-LJ01B-12-VEL3DB104,2,True,2017-04-28T00:00:00Z,2017-04-28T23:59:59Z,86396,86396,0,1.0,0.999821663,1.000044461,0.001222978,0,0,0,0,-0.0,2.189401,9.596963,-1.053757e-10,0.002189304,0.009596536,False,0.007856,False
2017-04-29,RS01SUM1-LJ01B-12-VEL3DB104,2,True,2017-04-29T00:00:00Z,2017-04-29T23:59:59Z,86397,86397,0,1.0,0.999828815,1.000044459,0.000541263,0,0,0,0,-0.0,2.982161,8.746859,-2.046069e-10,0.002982028,0.00874647,False,0.006753,False
2017-04-30,RS01SUM1-LJ01B-12-VEL3DB104,2,True,2017-04-30T00:00:00Z,2017-04-30T23:59:59Z,86396,86396,0,1.0,0.999813557,1.000044613,-0.002507357,0,0,0,0,-0.0,2.903976,8.250918,-1.484184e-10,0.002903847,0.00825055,False,0.005418,False
2017-05-01,RS01SUM1-LJ01B-12-VEL3DB104,2,True,2017-05-01T00:00:00Z,2017-05-01T23:59:59Z,86396,86396,0,1.0,0.999833107,1.000044582,-0.004279093,0,0,2,2,-0.0,3.515034,9.734385,-2.685785e-10,0.003514877,0.009733951,False,0.007621,False
2017-05-02,RS01SUM1-LJ01B-12-VEL3DB104,2,True,2017-05-02T00:00:00Z,2017-05-02T23:59:59Z,86396,86396,0,1.0,0.999836922,1.00004451,-0.003820419,0,0,0,0,-0.0,1.977939,7.443939,-1.397218e-10,0.001977851,0.007443608,False,0.0067,False
2017-05-03,RS01SUM1-LJ01B-12-VEL3DB104,2,True,2017-05-03T00:00:00Z,2017-05-03T23:59:59Z,86396,86396,0,1.0,0.999834061,1.000044476,-0.000377929,0,0,1,1,-1e-06,2.531435,9.352709,-5.94847e-10,0.002531323,0.009352294,False,0.007292,False
2017-05-04,RS01SUM1-LJ01B-12-VEL3DB104,2,True,2017-05-04T00:00:00Z,2017-05-04T23:59:59Z,86396,86396,0,1.0,0.999832153,1.000044484,0.003355252,0,0,0,0,-0.0,2.177599,8.988147,-1.43143e-10,0.002177502,0.008987747,False,0.00872,False
2017-05-05,RS01SUM1-LJ01B-12-VEL3DB104,2,True,2017-05-05T00:00:00Z,2017-05-05T23:59:59Z,86396,86396,0,1.0,0.999838829,1.000044528,0.006208105,0,0,0,0,-0.0,2.739722,10.328799,-1.628255e-10,0.0027396,0.01032834,False,0.008745,False
2017-05-06,RS01SUM1-LJ01B-12-VEL3DB104,2,True,2017-05-06T00:00:00Z,2017-05-06T23:59:59Z,86397,86397,0,1.0,0.999826908,1.000044624,-0.003117447,0,0,0,0,-0.0,2.227041,8.038396,-1.609633e-10,0.002226942,0.008038037,False,0.005591,False
2017-05-07,RS01SUM1-LJ01B-12-VEL3DB104,2,True,2017-05-07T00:00:00Z,2017-05-07T23:59:59Z,86396,86396,0,1.0,0.999827862,1.000044484,0.005067312,0,0,0,0,-0.0,3.972815,10.50642,-1.67312e-10,0.003972638,0.01050595,False,0.008291,False
2017-05-08,RS01SUM1-LJ01B-12-VEL3DB104,2,True,2017-05-08T00:00:00Z,2017-05-08T23:59:59Z,86396,86396,0,1.0,0.999821186,1.000044397,-0.003966645,0,0,1,1,1e-06,3.435138,10.362715,5.272544e-10,0.003434985,0.01036225,False,0.007518,False
2017-05-09,RS01SUM1-LJ01B-12-VEL3DB104,2,True,2017-05-09T00:00:00Z,2017-05-09T23:59:59Z,86396,86396,0,1.0,0.999824047,1.000044539,-0.003816723,0,0,1,1,-0.0,2.472528,8.552164,-4.314912e-10,0.002472418,0.008551783,False,0.006861,False
2017-05-10,RS01SUM1-LJ01B-12-VEL3DB104,2,True,2017-05-10T00:00:00Z,2017-05-10T23:59:59Z,86396,86396,0,1.0,0.99983263,1.000044645,-0.006679277,0,0,0,0,-0.0,2.913666,13.421848,-1.141714e-10,0.002913536,0.01342125,False,0.009579,False
2017-05-11,RS01SUM1-LJ01B-12-VEL3DB104,2,True,2017-05-11T00:00:00Z,2017-05-11T23:59:59Z,86396,86396,0,1.0,0.999839783,1.000044471,0.003986051,0,0,1,1,0.0,2.300163,8.782731,2.527361e-10,0.002300061,0.008782341,False,0.007062,False
2017-05-12,RS01SUM1-LJ01B-12-VEL3DB104,2,True,2017-05-12T00:00:00Z,2017-05-12T23:59:59Z,86397,86397,0,1.0,0.999825954,1.000044431,-0.000694227,0,0,1,1,-0.0,1.690258,9.774337,-2.158542e-10,0.001690183,0.009773903,False,0.005302,False
2017-05-13,RS01SUM1-LJ01B-12-VEL3DB104,2,True,2017-05-13T00:00:00Z,2017-05-13T23:59:59Z,86396,86396,0,1.0,0.999835014,1.000044639,0.00276293,0,0,0,0,-0.0,2.845895,8.809106,-1.144298e-10,0.002845768,0.008808713,False,0.005934,False
2017-05-14,RS01SUM1-LJ01B-12-VEL3DB104,2,True,2017-05-14T00:00:00Z,2017-05-14T23:59:59Z,86396,86396,0,1.0,0.99982214,1.000044356,0.000150973,0,0,0,0,-0.0,2.187171,7.891891,-1.135919e-10,0.002187074,0.007891541,False,0.007318,False
2017-05-15,RS01SUM1-LJ01B-12-VEL3DB104,2,True,2017-05-15T00:00:00Z,2017-05-15T23:59:59Z,86396,86396,0,1.0,0.999843121,1.000044455,-0.000900277,0,0,1,1,0.0,2.689543,9.539207,1.997507e-10,0.002689424,0.009538783,False,0.007521,False
2017-05-16,RS01SUM1-LJ01B-12-VEL3DB104,2,True,2017-05-16T00:00:00Z,2017-05-16T23:59:59Z,86396,86396,0,1.0,0.999836922,1.000044485,-0.002149845,0,0,0,0,-0.0,2.504795,9.874016,-7.308387e-11,0.002504683,0.009873577,False,0.007752,False
2017-05-17,RS01SUM1-LJ01B-12-VEL3DB104,2,True,2017-05-17T00:00:00Z,2017-05-17T23:59:59Z,86396,86396,0,1.0,0.99984026,1.000044387,-0.003651581,0,0,0,0,-0.0,1.972308,8.213237,-1.528498e-10,0.001972221,0.008212872,False,0.007227,False
2017-05-18,RS01SUM1-LJ01B-12-VEL3DB104,2,True,2017-05-18T00:00:00Z,2017-05-18T23:59:59Z,86396,86396,0,1.0,0.999849319,1.000044502,0.001275102,0,0,1,1,-0.0,2.361259,9.026143,-2.603261e-11,0.002361154,0.009025742,False,0.006787,False
2017-05-19,RS01SUM1-LJ01B-12-VEL3DB104,2,True,2017-05-19T00:00:00Z,2017-05-19T23:59:59Z,86301,86397,96,1.0,0.999852657,1.000044543,0.002977957,6,96,6,96,0.0,1.699726,10.241295,1.304402e-10,0.00169965,0.01024084,False,0.006476,True
2017-05-20,RS01SUM1-LJ01B-12-VEL3DB104,2,True,2017-05-20T00:00:00Z,2017-05-20T23:59:59Z,86060,86396,336,1.0,0.999844074,1.000044464,0.003869145,19,336,19,339,-0.0,3.381959,124.84821,-1.601543e-10,0.003381808,0.1248427,False,0.121133,True
2017-05-21,RS01SUM1-LJ01B-12-VEL3DB104,2,True,2017-05-21T00:00:00Z,2017-05-21T23:59:59Z,86396,86396,0,1.0,0.9998703,1.000045094,-0.010363285,0,0,0,0,-0.0,6.358379,15.654885,-8.356321e-11,0.006358093,0.01565418,False,0.007652,False
2017-05-22,RS01SUM1-LJ01B-12-VEL3DB104,2,True,2017-05-22T00:00:00Z,2017-05-22T23:59:59Z,86396,86396,0,1.0,0.99988699,1.000045637,-0.001471058,0,0,0,0,-0.0,3.675625,12.291449,-1.226141e-10,0.003675457,0.01229089,False,0.007046,False
2017-05-23,RS01SUM1-LJ01B-12-VEL3DB104,2,True,2017-05-23T00:00:00Z,2017-05-23T23:59:59Z,86396,86396,0,1.0,0.999895096,1.000045817,0.000469417,0,0,1,1,-0.0,4.772679,14.078664,-2.500979e-10,0.004772461,0.01407802,False,0.007375,False
2017-05-24,RS01SUM1-LJ01B-12-VEL3DB104,2,True,2017-05-24T00:00:00Z,2017-05-24T23:59:59Z,86396,86396,0,1.0,0.999888897,1.000046144,0.003662618,0,0,0,0,-0.0,3.335881,12.097813,-1.841534e-10,0.003335727,0.01209725,False,0.007241,False
2017-05-25,RS01SUM1-LJ01B-12-VEL3DB104,2,True,2017-05-25T00:00:00Z,2017-05-25T23:59:59Z,86396,86396,0,1.0,0.999881744,1.000045537,0.004123491,0,0,0,0,-0.0,6.633434,15.788012,-1.737534e-10,0.006633132,0.01578729,False,0.007167,False
2017-05-26,RS01SUM1-LJ01B-12-VEL3DB104,2,True,2017-05-26T00:00:00Z,2017-05-26T23:59:59Z,85416,86396,980,1.0,0.999866009,1.000044963,0.000640575,1,980,1,980,0.0,4.137095,10.057199,4.416586e-10,0.004136909,0.01005675,False,0.174091,True
2017-05-27,RS01SUM1-LJ01B-12-VEL3DB104,2,True,2017-05-27T00:00:00Z,2017-05-27T23:59:59Z,86396,86396,0,1.0,0.99986124,1.000044824,0.00481855,0,0,1,1,-0.0,4.459206,14.187009,-3.993546e-10,0.004459006,0.01418637,False,0.008694,False
2017-05-28,RS01SUM1-LJ01B-12-VEL3DB104,2,True,2017-05-28T00:00:00Z,2017-05-28T23:59:59Z,86396,86396,0,1.0,0.999841213,1.000044524,-0.002255665,0,0,0,0,-0.0,2.332047,9.456617,-1.585807e-10,0.002331943,0.009456196,False,0.007354,False
2017-05-29,RS01SUM1-LJ01B-12-VEL3DB104,2,True,2017-05-29T00:00:00Z,2017-05-29T23:59:59Z,86397,86397,0,1.0,0.999853134,1.000044504,0.003724203,0,0,0,0,-0.0,2.92433,9.56271,-1.440905e-10,0.0029242,0.009562284,False,0.005726,False
2017-05-30,RS01SUM1-LJ01B-12-VEL3DB104,2,True,2017-05-30T00:00:00Z,2017-05-30T23:59:59Z,86396,86396,0,1.0,0.999843597,1.000044613,0.001494676,0,0,1,1,1e-06,3.377162,9.529162,6.212709e-10,0.003377012,0.009528736,False,0.007777,False
2017-05-31,RS01SUM1-LJ01B-12-VEL3DB104,2,True,2017-05-31T00:00:00Z,2017-05-31T23:59:59Z,86396,86396,0,1.0,0.999846935,1.000044466,-0.001564001,0,0,0,0,-0.0,2.51952,9.644923,-1.303067e-10,0.002519408,0.009644494,False,0.005931,False
2017-06-01,RS01SUM1-LJ01B-12-VEL3DB104,2,True,2017-06-01T00:00:00Z,2017-06-01T23:59:59Z,86396,86396,0,1.0,0.999836922,1.000044435,0.002901333,0,0,3,3,0.0,1.715381,7.066532,3.888641e-11,0.001715305,0.007066218,False,0.004346,False
2017-06-02,RS01SUM1-LJ01B-12-VEL3DB104,2,True,2017-06-02T00:00:00Z,2017-06-02T23:59:59Z,86396,86396,0,1.0,0.999845982,1.000044528,-0.00191463,0,0,2,2,0.0,3.296354,9.659082,4.829947e-10,0.003296207,0.009658652,False,0.007748,False
2017-06-03,RS01SUM1-LJ01B-12-VEL3DB104,2,True,2017-06-03T00:00:00Z,2017-06-03T23:59:59Z,86396,86396,0,1.0,0.99985981,1.000044873,-0.005203533,0,0,0,0,-0.0,2.952569,10.75478,-1.604855e-10,0.002952437,0.0107543,False,0.007557,False
2017-06-04,RS01SUM1-LJ01B-12-VEL3DB104,2,True,2017-06-04T00:00:00Z,2017-06-04T23:59:59Z,86396,86396,0,1.0,0.999864101,1.000044724,0.000732852,0,0,0,0,-0.0,2.7847,9.97038,-1.431875e-10,0.002784575,0.009969934,False,0.008244,False
2017-06-05,RS01SUM1-LJ01B-12-VEL3DB104,2,True,2017-06-05T00:00:00Z,2017-06-05T23:59:59Z,86397,86397,0,1.0,0.999883652,1.000045379,0.003859907,0,0,0,0,-0.0,4.010563,13.358909,-1.633639e-10,0.004010381,0.0133583,False,0.0068,False
2017-06-06,RS01SUM1-LJ01B-12-VEL3DB104,2,True,2017-06-06T00:00:00Z,2017-06-06T23:59:59Z,86396,86396,0,1.0,0.999883175,1.000045193,-0.002375075,0,0,2,2,-0.0,4.427769,10.850704,-4.239686e-10,0.004427569,0.01085021,False,0.005701,False
2017-06-07,RS01SUM1-LJ01B-12-VEL3DB104,2,True,2017-06-07T00:00:00Z,2017-06-07T23:59:59Z,86353,86396,43,1.0,0.999863148,1.000044686,0.000442607,3,43,3,43,1e-06,2.640704,7.800217,6.842533e-10,0.002640586,0.007799869,False,0.00648,True
2017-06-08,RS01SUM1-LJ01B-12-VEL3DB104,2,True,2017-06-08T00:00:00Z,2017-06-08T23:59:59Z,86396,86396,0,1.0,0.999854565,1.000044492,-0.000635632,0,0,0,0,-0.0,1.764798,9.097773,-1.572166e-10,0.00176472,0.009097368,False,0.007187,False
2017-06-09,RS01SUM1-LJ01B-12-VEL3DB104,2,True,2017-06-09T00:00:00Z,2017-06-09T23:59:59Z,86396,86396,0,1.0,0.999847889,1.000044579,-0.002937696,0,0,0,0,-0.0,2.030454,9.191416,-2.157076e-10,0.002030363,0.009191007,False,0.006331,False
2017-06-10,RS01SUM1-LJ01B-12-VEL3DB104,2,True,2017-06-10T00:00:00Z,2017-06-10T23:59:59Z,86396,86396,0,1.0,0.999847889,1.000044571,0.005062739,0,0,0,0,-0.0,3.459375,11.157128,-1.243796e-10,0.003459221,0.01115663,False,0.007569,False
2017-06-11,RS01SUM1-LJ01B-12-VEL3DB104,2,True,2017-06-11T00:00:00Z,2017-06-11T23:59:59Z,86396,86396,0,1.0,0.999848366,1.000044491,0.000572123,0,0,0,0,-0.0,2.494829,10.207408,-9.893688e-11,0.002494718,0.01020695,False,0.007931,False
2017-06-12,RS01SUM1-LJ01B-12-VEL3DB104,2,True,2017-06-12T00:00:00Z,2017-06-12T23:59:59Z,86397,86397,0,1.0,0.999862194,1.00004461,0.00150001,0,0,0,0,-0.0,1.877213,8.889836,-1.018064e-10,0.001877129,0.00888944,False,0.006149,False
2017-06-13,RS01SUM1-LJ01B-12-VEL3DB104,2,True,2017-06-13T00:00:00Z,2017-06-13T23:59:59Z,86396,86396,0,1.0,0.999866009,1.000044682,-0.008345351,0,0,1,1,0.0,3.030626,10.288594,3.19788e-10,0.003030491,0.01028813,False,0.005962,False
2017-06-14,RS01SUM1-LJ01B-12-VEL3DB104,2,True,2017-06-14T00:00:00Z,2017-06-14T23:59:59Z,86396,86396,0,1.0,0.999865055,1.000044538,0.001911532,0,0,1,1,-0.0,2.030522,8.267446,-2.973361e-10,0.002030432,0.008267078,False,0.006689,False
2017-06-15,RS01SUM1-LJ01B-12-VEL3DB104,2,True,2017-06-15T00:00:00Z,2017-06-15T23:59:59Z,86396,86396,0,1.0,0.999860764,1.000044581,-6.8315e-05,0,0,2,2,0.0,2.351345,15.335585,4.905403e-10,0.002351241,0.0153349,False,0.012917,False
2017-06-16,RS01SUM1-LJ01B-12-VEL3DB104,2,True,2017-06-16T00:00:00Z,2017-06-16T23:59:59Z,86396,86396,0,1.0,0.99985981,1.000044617,0.00316659,0,0,0,0,-0.0,2.463844,9.47457,-1.03458e-10,0.002463734,0.009474147,False,0.006751,False
2017-06-17,RS01SUM1-LJ01B-12-VEL3DB104,2,True,2017-06-17T00:00:00Z,2017-06-17T23:59:59Z,86396,86396,0,1.0,0.999844074,1.000044541,0.000304188,0,0,2,2,0.0,3.479414,11.007341,4.759423e-10,0.003479259,0.01100685,False,0.006621,False
2017-06-18,RS01SUM1-LJ01B-12-VEL3DB104,2,True,2017-06-18T00:00:00Z,2017-06-18T23:59:59Z,86396,86396,0,1.0,0.999856949,1.000044717,-0.002164389,0,0,1,1,-1e-06,1.551107,7.881071,-6.237563e-10,0.001551037,0.007880719,False,0.00684,False
2017-06-19,RS01SUM1-LJ01B-12-VEL3DB104,2,True,2017-06-19T00:00:00Z,2017-06-19T23:59:59Z,86397,86397,0,1.0,0.999843121,1.000044642,-0.001917694,0,0,2,2,0.0,2.429474,6.969193,4.212101e-10,0.002429366,0.006968882,False,0.004637,False
2017-06-20,RS01SUM1-LJ01B-12-VEL3DB104,2,True,2017-06-20T00:00:00Z,2017-06-20T23:59:59Z,86396,86396,0,1.0,0.999855042,1.000044489,0.001550073,0,0,1,1,0.0,2.246986,11.77437,7.380293e-11,0.002246886,0.01177385,False,0.009871,False
2017-06-21,RS01SUM1-LJ01B-12-VEL3DB104,2,True,2017-06-21T00:00:00Z,2017-06-21T23:59:59Z,86396,86396,0,1.0,0.999842644,1.000044543,-0.001414806,0,0,0,0,-0.0,3.16308,10.646385,-1.123302e-10,0.003162939,0.01064591,False,0.008447,False
2017-06-22,RS01SUM1-LJ01B-12-VEL3DB104,2,True,2017-06-22T00:00:00Z,2017-06-22T23:59:59Z,86396,86396,0,1.0,0.999836922,1.000044753,0.002693129,0,0,0,0,-0.0,2.690184,14.161715,-1.281558e-10,0.002690064,0.01416108,False,0.009055,False
2017-06-23,RS01SUM1-LJ01B-12-VEL3DB104,2,True,2017-06-23T00:00:00Z,2017-06-23T23:59:59Z,86396,86396,0,1.0,0.999843121,1.000044507,0.001550183,0,0,0,0,-0.0,1.701246,8.037932,-9.032613e-11,0.00170117,0.008037574,False,0.007144,False
2017-06-24,RS01SUM1-LJ01B-12-VEL3DB104,2,True,2017-06-24T00:00:00Z,2017-06-24T23:59:59Z,86396,86396,0,1.0,0.999838829,1.000044485,-0.0026104,0,0,0,0,-0.0,1.790402,6.743696,-1.507887e-10,0.001790323,0.006743396,False,0.007731,False
2017-06-25,RS01SUM1-LJ01B-12-VEL3DB104,2,True,2017-06-25T00:00:00Z,2017-06-25T23:59:59Z,86396,86396,0,1.0,0.999839306,1.000044583,-0.002660162,0,0,0,0,-0.0,2.685152,9.271255,-1.440475e-10,0.002685032,0.009270842,False,0.007369,False
2017-06-26,RS01SUM1-LJ01B-12-VEL3DB104,2,True,2017-06-26T00:00:00Z,2017-06-26T23:59:59Z,86397,86397,0,1.0,0.999860287,1.000044583,0.000614816,0,0,0,0,-0.0,2.203848,7.708961,-1.737844e-10,0.00220375,0.007708617,False,0.00509,False
2017-06-27,RS01SUM1-LJ01B-12-VEL3DB104,2,True,2017-06-27T00:00:00Z,2017-06-27T23:59:59Z,86396,86396,0,1.0,0.999876976,1.000044602,0.000167661,0,0,2,2,-0.0,2.494468,10.517551,-4.695156e-10,0.002494357,0.01051708,False,0.005279,False
2017-06-28,RS01SUM1-LJ01B-12-VEL3DB104,2,True,2017-06-28T00:00:00Z,2017-06-28T23:59:59Z,86396,86396,0,1.0,0.999890327,1.000044666,-0.000835552,0,0,1,1,0.0,1.666073,18.385557,1.291591e-10,0.001665999,0.01838474,False,0.017996,False
2017-06-29,RS01SUM1-LJ01B-12-VEL3DB104,2,True,2017-06-29T00:00:00Z,2017-06-29T23:59:59Z,86396,86396,0,1.0,0.999897957,1.00004505,-0.003413508,0,0,0,0,-0.0,3.004088,8.595613,-1.322207e-10,0.003003952,0.008595226,False,0.007863,False
2017-06-30,RS01SUM1-LJ01B-12-VEL3DB104,2,True,2017-06-30T00:00:00Z,2017-06-30T23:59:59Z,86396,86396,0,1.0,0.999898434,1.000045097,-0.002423209,0,0,0,0,-0.0,3.863154,10.472484,-1.183541e-10,0.00386298,0.01047201,False,0.005333,False
2017-07-01,RS01SUM1-LJ01B-12-VEL3DB104,2,True,2017-07-01T00:00:00Z,2017-07-01T23:59:59Z,86396,86396,0,1.0,0.99990797,1.000045174,-0.006398927,0,0,1,1,1e-06,3.604648,11.373662,7.195405e-10,0.003604486,0.01137315,False,0.006063,False
2017-07-02,RS01SUM1-LJ01B-12-VEL3DB104,2,True,2017-07-02T00:00:00Z,2017-07-02T23:59:59Z,86396,86396,0,1.0,0.999907017,1.000044994,0.000566329,0,0,1,1,0.0,2.703418,8.227357,2.818563e-10,0.002703296,0.008226987,False,0.005372,False
2017-07-03,RS01SUM1-LJ01B-12-VEL3DB104,2,True,2017-07-03T00:00:00Z,2017-07-03T23:59:59Z,86396,86396,0,1.0,0.999894619,1.000044583,0.003221051,0,0,1,1,-0.0,2.965496,11.322569,-1.200338e-10,0.002965364,0.01132206,False,0.010215,False
2017-07-04,RS01SUM1-LJ01B-12-VEL3DB104,2,True,2017-07-04T00:00:00Z,2017-07-04T23:59:59Z,86397,86397,0,1.0,0.999909878,1.000044705,-0.004935578,0,0,0,0,-0.0,3.333054,12.238608,-1.705328e-10,0.003332905,0.01223806,False,0.006639,False
2017-07-05,RS01SUM1-LJ01B-12-VEL3DB104,2,True,2017-07-05T00:00:00Z,2017-07-05T23:59:59Z,86396,86396,0,1.0,0.999902725,1.000044663,0.006634717,0,0,2,2,1e-06,3.772155,10.145382,7.815415e-10,0.003771987,0.01014493,False,0.006006,False
2017-07-06,RS01SUM1-LJ01B-12-VEL3DB104,2,True,2017-07-06T00:00:00Z,2017-07-06T23:59:59Z,86396,86396,0,1.0,0.999908924,1.000044911,6.9245e-05,0,0,1,1,-0.0,1.908433,9.175173,-1.992057e-11,0.001908348,0.009174761,False,0.008163,False
2017-07-07,RS01SUM1-LJ01B-12-VEL3DB104,2,True,2017-07-07T00:00:00Z,2017-07-07T23:59:59Z,86312,86396,84,1.0,0.999911308,1.000044912,0.003071392,3,84,3,87,-0.0,4.937653,369.357266,-3.66916e-11,0.004937431,0.3693407,False,0.368408,True
2017-07-08,RS01SUM1-LJ01B-12-VEL3DB104,2,True,2017-07-08T00:00:00Z,2017-07-08T23:59:59Z,86396,86396,0,1.0,0.999911785,1.000044804,0.002574682,0,0,0,0,-0.0,2.390256,9.611985,-1.864619e-10,0.002390149,0.009611555,False,0.006388,False
2017-07-09,RS01SUM1-LJ01B-12-VEL3DB104,2,True,2017-07-09T00:00:00Z,2017-07-09T23:59:59Z,86396,86396,0,1.0,0.999908924,1.000044711,0.002704374,0,0,0,0,-0.0,3.816986,12.895962,-1.437672e-10,0.003816816,0.01289539,False,0.005856,False
2017-07-10,RS01SUM1-LJ01B-12-VEL3DB104,2,True,2017-07-10T00:00:00Z,2017-07-10T23:59:59Z,86396,86396,0,1.0,0.999909878,1.000044972,-0.001744737,0,0,0,0,-0.0,3.751892,11.981436,-1.757838e-10,0.003751723,0.0119809,False,0.007358,False
2017-07-11,RS01SUM1-LJ01B-12-VEL3DB104,2,True,2017-07-11T00:00:00Z,2017-07-11T23:59:59Z,86397,86397,0,1.0,0.999910355,1.000044794,0.003885852,0,0,1,1,-1e-06,3.940128,9.536125,-8.37587e-10,0.003939952,0.009535698,False,0.007144,False
2017-07-12,RS01SUM1-LJ01B-12-VEL3DB104,2,True,2017-07-12T00:00:00Z,2017-07-12T23:59:59Z,86396,86396,0,1.0,0.999897957,1.000044796,0.003367602,0,0,0,0,-0.0,2.493325,7.828849,-1.033159e-10,0.002493213,0.007828498,False,0.005229,False
2017-07-13,RS01SUM1-LJ01B-12-VEL3DB104,2,True,2017-07-13T00:00:00Z,2017-07-13T23:59:59Z,86396,86396,0,1.0,0.999891758,1.000044764,-0.004112355,0,0,0,0,-0.0,2.632711,9.80553,-1.090798e-10,0.002632593,0.009805091,False,0.005205,False
2017-07-14,RS01SUM1-LJ01B-12-VEL3DB104,2,True,2017-07-14T00:00:00Z,2017-07-14T23:59:59Z,86396,86396,0,1.0,0.999895096,1.000044787,-0.005519448,0,0,0,0,-0.0,2.240959,8.037482,-1.336298e-10,0.002240858,0.008037122,False,0.007368,False
2017-07-15,RS01SUM1-LJ01B-12-VEL3DB104,2,True,2017-07-15T00:00:00Z,2017-07-15T23:59:59Z,86396,86396,0,1.0,0.999899864,1.000044599,-0.000586602,0,0,1,1,-1e-06,1.885955,8.495063,-7.947351e-10,0.001885871,0.008494684,False,0.007397,False
2017-07-16,RS01SUM1-LJ01B-12-VEL3DB104,2,True,2017-07-16T00:00:00Z,2017-07-16T23:59:59Z,86396,86396,0,1.0,0.999904633,1.000044783,-0.001269369,0,0,0,0,-0.0,4.113412,11.77936,-1.366649e-10,0.004113228,0.01177883,False,0.008818,False
2017-07-17,RS01SUM1-LJ01B-12-VEL3DB104,2,True,2017-07-17T00:00:00Z,2017-07-17T23:59:59Z,86396,86396,0,1.0,0.999897003,1.000044875,0.00831989,0,0,1,1,-1e-06,4.333551,11.800451,-6.257607e-10,0.004333357,0.01179992,False,0.008691,False
2017-07-18,RS01SUM1-LJ01B-12-VEL3DB104,2,True,2017-07-18T00:00:00Z,2017-07-18T23:59:59Z,86281,86396,115,1.0,0.999892712,1.000044819,-0.001344913,3,115,3,118,-0.0,4.062674,362.429926,-7.467258e-11,0.004062492,0.3624137,False,0.382926,True
2017-07-19,RS01SUM1-LJ01B-12-VEL3DB104,2,True,2017-07-19T00:00:00Z,2017-07-19T23:59:59Z,86397,86397,0,1.0,0.999897003,1.000044742,-0.001377053,0,0,0,0,-0.0,2.519588,10.698233,-1.445695e-10,0.002519475,0.01069775,False,0.006193,False
2017-07-20,RS01SUM1-LJ01B-12-VEL3DB104,2,True,2017-07-20T00:00:00Z,2017-07-20T23:59:59Z,86396,86396,0,1.0,0.999907017,1.000044826,0.004192431,0,0,0,0,-0.0,3.620827,11.969984,-1.347596e-10,0.003620664,0.01196945,False,0.007461,False
2017-07-21,RS01SUM1-LJ01B-12-VEL3DB104,2,True,2017-07-21T00:00:00Z,2017-07-21T23:59:59Z,86396,86396,0,1.0,0.999896049,1.00004468,0.001993417,0,0,1,1,0.0,3.248496,10.119533,1.535761e-10,0.003248351,0.01011908,False,0.005643,False
2017-07-22,RS01SUM1-LJ01B-12-VEL3DB104,2,True,2017-07-22T00:00:00Z,2017-07-22T23:59:59Z,86396,86396,0,1.0,0.999897957,1.000044723,0.003853099,0,0,1,1,-1e-06,4.122175,10.669319,-7.329342e-10,0.004121991,0.01066884,False,0.006271,False
2017-07-23,RS01SUM1-LJ01B-12-VEL3DB104,2,True,2017-07-23T00:00:00Z,2017-07-23T23:59:59Z,86396,86396,0,1.0,0.999898911,1.000044552,7.5018e-05,0,0,1,1,0.0,1.708209,7.46984,6.619203e-11,0.001708133,0.007469508,False,0.004845,False
2017-07-24,RS01SUM1-LJ01B-12-VEL3DB104,2,True,2017-07-24T00:00:00Z,2017-07-24T23:59:59Z,86396,86396,0,1.0,0.99988699,1.0000446,-0.001148805,0,0,1,1,0.0,2.025437,8.90512,3.247666e-10,0.002025346,0.008904723,False,0.007132,False
2017-07-25,RS01SUM1-LJ01B-12-VEL3DB104,2,True,2017-07-25T00:00:00Z,2017-07-25T23:59:59Z,86396,86396,0,1.0,0.999887943,1.0000446,-0.004364447,0,0,0,0,-0.0,2.445919,8.805004,-1.473993e-10,0.00244581,0.008804612,False,0.006464,False
2017-07-26,RS01SUM1-LJ01B-12-VEL3DB104,2,True,2017-07-26T00:00:00Z,2017-07-26T23:59:59Z,86397,86397,0,1.0,0.9998703,1.000044661,-0.0020645,0,0,0,0,-0.0,2.560378,8.392912,-1.42785e-10,0.002560264,0.008392537,False,0.008063,False
2017-07-27,RS01SUM1-LJ01B-12-VEL3DB104,2,True,2017-07-27T00:00:00Z,2017-07-27T23:59:59Z,86396,86396,0,1.0,0.999882698,1.000044625,0.001401062,0,0,1,1,0.0,1.73955,7.181479,4.428187e-10,0.001739472,0.007181159,False,0.006862,False
2017-07-28,RS01SUM1-LJ01B-12-VEL3DB104,2,True,2017-07-28T00:00:00Z,2017-07-28T23:59:59Z,86208,86396,188,1.0,0.999892235,1.000044622,-0.002379808,6,188,6,188,-0.0,2.250774,9.688064,-9.49109e-11,0.002250673,0.009687632,False,0.016737,True
2017-07-29,RS01SUM1-LJ01B-12-VEL3DB104,2,True,2017-07-29T00:00:00Z,2017-07-29T23:59:59Z,86295,86396,101,1.0,0.999892235,1.000044386,-0.002232392,2,101,2,102,-1e-06,2.162625,8.242837,-5.755211e-10,0.002162529,0.008242471,False,0.013837,True
2017-07-30,RS01SUM1-LJ01B-12-VEL3DB104,2,True,2017-07-30T00:00:00Z,2017-07-30T23:59:59Z,86396,86396,0,1.0,0.999893188,1.000044529,-0.000700234,0,0,0,0,-0.0,2.265361,9.622716,-8.098051e-11,0.002265261,0.009622287,False,0.007709,False
2017-07-31,RS01SUM1-LJ01B-12-VEL3DB104,2,True,2017-07-31T00:00:00Z,2017-07-31T23:59:59Z,86396,86396,0,1.0,0.999881268,1.000044563,0.003119741,0,0,1,1,0.0,2.818806,11.050994,3.989084e-10,0.00281868,0.0110505,False,0.00573,False
2017-08-01,RS01SUM1-LJ01B-12-VEL3DB104,2,True,2017-08-01T00:00:00Z,2017-08-01T23:59:59Z,86396,86396,0,1.0,0.999893665,1.000044577,-0.002471697,0,0,2,2,0.0,3.143207,13.07298,3.605935e-10,0.003143067,0.0130724,False,0.008997,False
2017-08-02,RS01SUM1-LJ01B-12-VEL3DB104,2,True,2017-08-02T00:00:00Z,2017-08-02T23:59:59Z,86397,86397,0,1.0,0.999895096,1.000044461,0.001681199,0,0,0,0,-0.0,2.006266,7.103241,-1.285358e-10,0.002006177,0.007102925,False,0.006662,False
2017-08-03,RS01SUM1-LJ01B-12-VEL3DB104,2,True,2017-08-03T00:00:00Z,2017-08-03T23:59:59Z,86396,86396,0,1.0,0.999907017,1.000044709,0.005503321,0,0,3,3,0.0,3.763187,10.429697,6.482555e-11,0.003763018,0.01042923,False,0.008185,False
2017-08-04,RS01SUM1-LJ01B-12-VEL3DB104,2,True,2017-08-04T00:00:00Z,2017-08-04T23:59:59Z,86396,86396,0,1.0,0.999909878,1.000044662,-0.002831323,0,0,1,1,0.0,1.899979,7.515029,4.904679e-11,0.001899894,0.007514693,False,0.007358,False
2017-08-05,RS01SUM1-LJ01B-12-VEL3DB104,2,True,2017-08-05T00:00:00Z,2017-08-05T23:59:59Z,86396,86396,0,1.0,0.999907017,1.000044768,-0.006958267,0,0,0,0,-0.0,2.364052,8.245012,-1.870925e-10,0.002363946,0.008244643,False,0.005901,False
2017-08-06,RS01SUM1-LJ01B-12-VEL3DB104,2,True,2017-08-06T00:00:00Z,2017-08-06T23:59:59Z,86396,86396,0,1.0,0.999900341,1.000044655,-0.005548865,0,0,1,1,0.0,3.139364,9.620434,2.296591e-10,0.003139224,0.009620004,False,0.00803,False
2017-08-07,RS01SUM1-LJ01B-12-VEL3DB104,2,True,2017-08-07T00:00:00Z,2017-08-07T23:59:59Z,86396,86396,0,1.0,0.999904156,1.000044666,0.003586067,0,0,1,1,-0.0,2.352185,8.178278,-3.950962e-11,0.00235208,0.008177913,False,0.00842,False
2017-08-08,RS01SUM1-LJ01B-12-VEL3DB104,2,True,2017-08-08T00:00:00Z,2017-08-08T23:59:59Z,86397,86397,0,1.0,0.99988842,1.000044641,-0.000261623,0,0,1,1,-1e-06,4.087268,11.456697,-7.025925e-10,0.004087086,0.01145619,False,0.00755,False
2017-08-09,RS01SUM1-LJ01B-12-VEL3DB104,2,True,2017-08-09T00:00:00Z,2017-08-09T23:59:59Z,86237,86396,159,1.0,0.999888897,1.000044677,0.001222769,2,159,2,161,0.0,1.875214,34.607403,2.966792e-10,0.00187513,0.03460586,False,0.032598,True
2017-08-10,RS01SUM1-LJ01B-12-VEL3DB104,2,True,2017-08-10T00:00:00Z,2017-08-10T23:09:08Z,83345,83345,0,1.0,0.999885082,1.000044557,0.000422766,0,0,1,1,-0.0,3.143675,9.151143,-1.410196e-10,0.003143535,0.009150735,False,0.007277,False
2017-08-11,RS01SUM1-LJ01B-12-VEL3DB104,2,True,2017-08-11T23:18:11Z,2017-08-11T23:59:59Z,2328,2509,181,1.0,0.999858856,0.999900917,-0.032640169,1,181,1,181,0.0,52.984518,104.006529,9.682892e-13,0.05298977,0.1040168,False,0.162269,True
2017-08-12,RS01SUM1-LJ01B-12-VEL3DB104,3,True,2017-08-12T00:00:00Z,2017-08-12T23:59:59Z,86400,86400,0,1.0,0.999889851,1.000000135,0.007018614,0,0,0,0,-1e-06,2.079218,11.402433,-5.251333e-10,0.002079217,0.01140243,False,0.013224,False
2017-08-13,RS01SUM1-LJ01B-12-VEL3DB104,3,True,2017-08-13T00:00:00Z,2017-08-13T23:59:59Z,86400,86400,0,1.0,0.999890804,0.999999864,-0.002364779,0,0,0,0,-0.0,2.156518,11.235226,-4.382736e-10,0.002156518,0.01123523,False,0.011924,False
2017-08-14,RS01SUM1-LJ01B-12-VEL3DB104,3,True,2017-08-14T00:00:00Z,2017-08-14T23:59:59Z,86317,86400,83,1.0,0.99987793,0.99999973,1.6967e-05,2,83,2,83,0.0,1.772443,9.925482,2.578842e-10,0.001772443,0.009925485,False,0.011866,True
2017-08-15,RS01SUM1-LJ01B-12-VEL3DB104,3,True,2017-08-15T00:00:00Z,2017-08-15T23:59:59Z,86400,86400,0,1.0,0.999879837,0.9999996,0.001161696,0,0,0,0,-0.0,2.095108,11.872647,-4.668988e-10,0.002095109,0.01187265,False,0.011549,False
2017-08-16,RS01SUM1-LJ01B-12-VEL3DB104,3,True,2017-08-16T00:00:00Z,2017-08-16T23:59:59Z,86382,86400,18,1.0,0.999886036,0.999999513,-0.001157938,1,18,1,18,-0.0,2.074225,13.819943,-1.995528e-11,0.002074226,0.01381995,False,0.012089,True
2017-08-17,RS01SUM1-LJ01B-12-VEL3DB104,3,True,2017-08-17T00:00:00Z,2017-08-17T23:59:59Z,86400,86400,0,1.0,0.999883652,0.99999953,-0.000872185,0,0,0,0,-0.0,1.942024,10.460223,-4.97644e-10,0.001942025,0.01046023,False,0.011593,False
2017-08-18,RS01SUM1-LJ01B-12-VEL3DB104,3,True,2017-08-18T00:00:00Z,2017-08-18T23:59:59Z,86400,86400,0,1.0,0.999873161,0.999999543,0.001092993,0,0,0,0,-0.0,1.787902,10.046563,-4.85163e-10,0.001787903,0.01004657,False,0.011663,False
2017-08-19,RS01SUM1-LJ01B-12-VEL3DB104,3,True,2017-08-19T00:00:00Z,2017-08-19T23:59:59Z,86401,86401,0,1.0,0.999874353,0.999999484,0.00114045,0,0,5,5,0.0,2.230319,11.779776,1.513159e-12,0.002230321,0.01177978,False,0.0117,False
2017-08-20,RS01SUM1-LJ01B-12-VEL3DB104,3,True,2017-08-20T00:00:00Z,2017-08-20T23:59:59Z,86400,86400,0,1.0,0.999874592,0.999999533,-0.002169363,0,0,0,0,-1e-06,2.01092,15.447012,-5.376297e-10,0.002010921,0.01544702,False,0.011724,False
2017-08-21,RS01SUM1-LJ01B-12-VEL3DB104,3,True,2017-08-21T00:00:00Z,2017-08-21T23:59:59Z,86400,86400,0,1.0,0.99986887,0.999999531,-0.001930556,0,0,0,0,-1e-06,2.189333,11.940149,-5.238682e-10,0.002189334,0.01194015,False,0.013023,False
2017-08-22,RS01SUM1-LJ01B-12-VEL3DB104,3,True,2017-08-22T00:00:00Z,2017-08-22T23:59:59Z,86400,86400,0,1.0,0.99988842,0.999999501,-0.001746181,0,0,0,0,-1e-06,2.146102,13.398781,-5.365976e-10,0.002146103,0.01339879,False,0.012334,False
2017-08-23,RS01SUM1-LJ01B-12-VEL3DB104,3,True,2017-08-23T00:00:00Z,2017-08-23T23:59:59Z,86400,86400,0,1.0,0.999876976,0.999999465,0.001327505,0,0,0,0,-0.0,1.927317,11.606342,-4.601134e-10,0.001927318,0.01160635,False,0.012961,False
2017-08-24,RS01SUM1-LJ01B-12-VEL3DB104,3,True,2017-08-24T00:00:00Z,2017-08-24T23:59:59Z,86400,86400,0,1.0,0.999864101,0.999999457,0.003108345,0,0,0,0,-0.0,2.089395,10.792435,-4.885263e-10,0.002089396,0.01079244,False,0.013226,False
2017-08-25,RS01SUM1-LJ01B-12-VEL3DB104,3,True,2017-08-25T00:00:00Z,2017-08-25T23:59:59Z,85682,86400,718,1.0,0.999874115,0.999999557,-0.002737124,1,718,1,718,1e-06,2.956774,12.3753,6.741319e-10,0.002956775,0.01237531,False,0.088656,True
2017-08-26,RS01SUM1-LJ01B-12-VEL3DB104,3,True,2017-08-26T00:00:00Z,2017-08-26T23:59:59Z,86400,86400,0,1.0,0.999880314,0.999999513,0.001663987,0,0,0,0,-1e-06,2.429476,12.471151,-5.086363e-10,0.002429478,0.01247116,False,0.012964,False
2017-08-27,RS01SUM1-LJ01B-12-VEL3DB104,3,True,2017-08-27T00:00:00Z,2017-08-27T23:59:59Z,86400,86400,0,1.0,0.999875069,0.999999466,-0.00327448,0,0,0,0,-0.0,2.485045,11.486192,-4.817272e-10,0.002485046,0.0114862,False,0.012852,False
2017-08-28,RS01SUM1-LJ01B-12-VEL3DB104,3,True,2017-08-28T00:00:00Z,2017-08-28T23:59:59Z,86400,86400,0,1.0,0.999898911,0.999999439,-0.002936338,0,0,0,0,-0.0,2.865151,11.893233,-4.572872e-10,0.002865152,0.01189324,False,0.013028,False
2017-08-29,RS01SUM1-LJ01B-12-VEL3DB104,3,True,2017-08-29T00:00:00Z,2017-08-29T23:59:59Z,86400,86400,0,1.0,0.99993372,0.999999366,0.000781919,0,0,0,0,-0.0,2.423857,11.784418,-4.943072e-10,0.002423858,0.01178443,False,0.013212,False
2017-08-30,RS01SUM1-LJ01B-12-VEL3DB104,3,True,2017-08-30T00:00:00Z,2017-08-30T23:59:59Z,86400,86400,0,1.0,0.999940395,0.999999336,0.00091546,0,0,0,0,-1e-06,2.665399,14.08777,-5.010797e-10,0.002665401,0.01408778,False,0.01294,False
2017-08-31,RS01SUM1-LJ01B-12-VEL3DB104,3,True,2017-08-31T00:00:00Z,2017-08-31T23:59:59Z,86400,86400,0,1.0,0.999951363,0.999999313,0.001512391,0,0,0,0,-1e-06,4.132443,19.447508,-5.291923e-10,0.004132445,0.01944752,False,0.016784,False
2017-09-01,RS01SUM1-LJ01B-12-VEL3DB104,3,True,2017-09-01T00:00:00Z,2017-09-01T23:59:59Z,86400,86400,0,1.0,0.999976635,0.999999354,0.003295137,0,0,0,0,-0.0,2.990706,12.795426,-4.616113e-10,0.002990708,0.01279543,False,0.012873,False
2017-09-02,RS01SUM1-LJ01B-12-VEL3DB104,3,True,2017-09-02T00:00:00Z,2017-09-02T23:59:59Z,86400,86400,0,1.0,0.99998188,0.999999396,-0.002077879,0,0,0,0,-0.0,2.121575,11.001195,-4.791924e-10,0.002121576,0.0110012,False,0.0132,False
2017-09-03,RS01SUM1-LJ01B-12-VEL3DB104,3,True,2017-09-03T00:00:00Z,2017-09-03T23:59:59Z,86400,86400,0,1.0,0.999979973,0.999999329,0.002036851,0,0,0,0,-0.0,2.371099,11.93064,-4.99426e-10,0.0023711,0.01193065,False,0.012982,False
2017-09-04,RS01SUM1-LJ01B-12-VEL3DB104,3,True,2017-09-04T00:00:00Z,2017-09-04T23:59:59Z,86400,86400,0,1.0,1.000007153,0.999999321,-0.004101585,0,0,0,0,-0.0,2.76805,11.53195,-4.955344e-10,0.002768052,0.01153196,False,0.01283,False
2017-09-05,RS01SUM1-LJ01B-12-VEL3DB104,3,True,2017-09-05T00:00:00Z,2017-09-05T23:59:59Z,86400,86400,0,1.0,0.999977589,0.999999292,-0.001071257,0,0,0,0,-0.0,2.114607,9.88316,-4.571296e-10,0.002114608,0.009883167,False,0.013043,False
2017-09-06,RS01SUM1-LJ01B-12-VEL3DB104,3,True,2017-09-06T00:00:00Z,2017-09-06T23:59:59Z,86400,86400,0,1.0,0.99996376,0.999999258,-0.002507937,0,0,0,0,-0.0,2.306465,11.777846,-4.746166e-10,0.002306467,0.01177785,False,0.013221,False
2017-09-07,RS01SUM1-LJ01B-12-VEL3DB104,3,True,2017-09-07T00:00:00Z,2017-09-07T23:59:59Z,86401,86401,0,1.0,0.999953747,0.999999205,-0.001884672,0,0,6,6,0.0,3.072373,12.85155,2.391027e-10,0.003072375,0.01285156,False,0.012798,False
2017-09-08,RS01SUM1-LJ01B-12-VEL3DB104,3,True,2017-09-08T00:00:00Z,2017-09-08T23:59:59Z,86400,86400,0,1.0,0.999949455,0.999999242,-0.00132399,0,0,0,0,-1e-06,3.238253,12.611381,-5.151132e-10,0.003238255,0.01261139,False,0.012576,False
2017-09-09,RS01SUM1-LJ01B-12-VEL3DB104,3,True,2017-09-09T00:00:00Z,2017-09-09T23:59:59Z,86400,86400,0,1.0,0.999975681,0.99999922,-0.003412204,0,0,0,0,-0.0,2.274745,9.981459,-4.637119e-10,0.002274747,0.009981467,False,0.013131,False
2017-09-10,RS01SUM1-LJ01B-12-VEL3DB104,3,True,2017-09-10T00:00:00Z,2017-09-10T23:59:59Z,86400,86400,0,1.0,0.999984741,0.999999262,-0.001068778,0,0,0,0,-0.0,2.293816,10.423234,-4.985676e-10,0.002293818,0.01042324,False,0.012242,False
2017-09-11,RS01SUM1-LJ01B-12-VEL3DB104,3,True,2017-09-11T00:00:00Z,2017-09-11T23:59:59Z,86400,86400,0,1.0,1.000004292,0.999999266,-0.001315305,0,0,0,0,-1e-06,2.86069,11.875774,-5.066827e-10,0.002860692,0.01187578,False,0.012798,False
2017-09-12,RS01SUM1-LJ01B-12-VEL3DB104,3,True,2017-09-12T00:00:00Z,2017-09-12T23:59:59Z,86400,86400,0,1.0,0.999955177,0.999999204,0.004013118,0,0,0,0,-1e-06,2.121364,10.580563,-5.217912e-10,0.002121366,0.01058057,False,0.012883,False
2017-09-13,RS01SUM1-LJ01B-12-VEL3DB104,3,True,2017-09-13T00:00:00Z,2017-09-13T23:59:59Z,85727,86400,673,1.0,0.999958038,0.999999164,-0.004893952,35,673,35,677,-0.0,2.697357,151.697038,-4.727035e-10,0.002697359,0.1516972,False,0.149265,True
2017-09-14,RS01SUM1-LJ01B-12-VEL3DB104,3,True,2017-09-14T00:00:00Z,2017-09-14T23:59:59Z,86386,86400,14,1.0,0.999988079,0.9999992,-0.002242739,1,14,1,14,-0.0,2.486816,12.580745,-1.497125e-10,0.002486818,0.01258075,False,0.012932,True
2017-09-15,RS01SUM1-LJ01B-12-VEL3DB104,3,True,2017-09-15T00:00:00Z,2017-09-15T23:59:59Z,86400,86400,0,1.0,0.999982834,0.999999178,0.003333446,0,0,0,0,-0.0,2.0838,11.208349,-4.489481e-10,0.002083802,0.01120836,False,0.013221,False
2017-09-16,RS01SUM1-LJ01B-12-VEL3DB104,3,True,2017-09-16T00:00:00Z,2017-09-16T23:59:59Z,86400,86400,0,1.0,0.999962807,0.999999043,0.002152662,0,0,0,0,-1e-06,1.992594,11.281016,-5.009173e-10,0.001992596,0.01128103,False,0.012997,False
2017-09-17,RS01SUM1-LJ01B-12-VEL3DB104,3,True,2017-09-17T00:00:00Z,2017-09-17T23:59:59Z,86400,86400,0,1.0,0.999961853,0.999999117,-0.000434144,0,0,0,0,-0.0,3.922384,14.426637,-4.699184e-10,0.003922387,0.01442665,False,0.013102,False
2017-09-18,RS01SUM1-LJ01B-12-VEL3DB104,3,True,2017-09-18T00:00:00Z,2017-09-18T23:59:59Z,86400,86400,0,1.0,0.999974728,0.999999015,-0.008744233,0,0,0,0,-0.0,4.609878,16.998533,-4.862974e-10,0.004609883,0.01699855,False,0.01275,False
2017-09-19,RS01SUM1-LJ01B-12-VEL3DB104,3,True,2017-09-19T00:00:00Z,2017-09-19T23:59:59Z,86400,86400,0,1.0,0.999966145,0.99999902,0.000811807,0,0,0,0,-0.0,2.229781,11.913988,-4.464669e-10,0.002229784,0.011914,False,0.012961,False
2017-09-20,RS01SUM1-LJ01B-12-VEL3DB104,3,True,2017-09-20T00:00:00Z,2017-09-20T23:59:59Z,86400,86400,0,1.0,0.999974251,0.999999092,-0.003012369,0,0,0,0,-1e-06,3.025597,14.302434,-5.009359e-10,0.0030256,0.01430245,False,0.013898,False
2017-09-21,RS01SUM1-LJ01B-12-VEL3DB104,3,True,2017-09-21T00:00:00Z,2017-09-21T23:59:59Z,86401,86401,0,1.0,1.000003815,0.999999156,-0.000270731,0,0,8,8,0.0,2.682852,12.924579,1.001815e-10,0.002682854,0.01292459,False,0.012386,False
2017-09-22,RS01SUM1-LJ01B-12-VEL3DB104,3,True,2017-09-22T00:00:00Z,2017-09-22T23:59:59Z,86400,86400,0,1.0,1.000007629,0.999999204,0.001583823,0,0,0,0,-0.0,2.177933,11.192737,-4.744267e-10,0.002177935,0.01119275,False,0.012325,False
2017-09-23,RS01SUM1-LJ01B-12-VEL3DB104,3,True,2017-09-23T00:00:00Z,2017-09-23T23:59:59Z,86400,86400,0,1.0,1.0,0.999999188,0.002128567,0,0,0,0,-0.0,3.089825,13.161218,-4.872398e-10,0.003089827,0.01316123,False,0.014512,False
2017-09-24,RS01SUM1-LJ01B-12-VEL3DB104,3,True,2017-09-24T00:00:00Z,2017-09-24T23:59:59Z,86400,86400,0,1.0,1.000014782,0.99999916,0.004369935,0,0,0,0,-0.0,2.562492,12.418391,-4.947827e-10,0.002562494,0.0124184,False,0.013414,False
2017-09-25,RS01SUM1-LJ01B-12-VEL3DB104,3,True,2017-09-25T00:00:00Z,2017-09-25T23:59:59Z,86400,86400,0,1.0,1.000004768,0.999999137,0.006691086,0,0,0,0,-1e-06,3.846992,17.018964,-5.02953e-10,0.003846996,0.01701898,False,0.0131,False
2017-09-26,RS01SUM1-LJ01B-12-VEL3DB104,3,True,2017-09-26T00:00:00Z,2017-09-26T23:59:59Z,86400,86400,0,1.0,1.000008106,0.999999143,0.001429162,0,0,0,0,-0.0,2.791469,13.654994,-4.781341e-10,0.002791472,0.01365501,False,0.012786,False
2017-09-27,RS01SUM1-LJ01B-12-VEL3DB104,3,True,2017-09-27T00:00:00Z,2017-09-27T23:59:59Z,86400,86400,0,1.0,1.000007629,0.99999928,-0.002424887,0,0,0,0,-0.0,2.215357,11.717016,-4.733841e-10,0.002215359,0.01171702,False,0.014435,False
2017-09-28,RS01SUM1-LJ01B-12-VEL3DB104,3,True,2017-09-28T00:00:00Z,2017-09-28T23:59:59Z,86400,86400,0,1.0,1.000061035,0.999999291,-0.000843228,0,0,0,0,-0.0,2.506839,12.310239,-4.678678e-10,0.002506841,0.01231025,False,0.012834,False
2017-09-29,RS01SUM1-LJ01B-12-VEL3DB104,3,True,2017-09-29T00:00:00Z,2017-09-29T23:59:59Z,86400,86400,0,1.0,1.000047207,0.999999258,0.002360765,0,0,0,0,-0.0,2.592831,12.629832,-4.773018e-10,0.002592833,0.01262984,False,0.013213,False
2017-09-30,RS01SUM1-LJ01B-12-VEL3DB104,3,True,2017-09-30T00:00:00Z,2017-09-30T23:59:59Z,86400,86400,0,1.0,1.000068188,0.999999296,0.000794871,0,0,0,0,-1e-06,2.31457,12.568708,-5.311823e-10,0.002314572,0.01256872,False,0.013158,False
2017-10-01,RS01SUM1-LJ01B-12-VEL3DB104,3,True,2017-10-01T00:00:00Z,2017-10-01T23:59:59Z,86400,86400,0,1.0,1.000055313,0.999999205,0.001674707,0,0,0,0,-0.0,3.62038,16.727347,-4.921266e-10,0.003620383,0.01672736,False,0.01308,False
2017-10-02,RS01SUM1-LJ01B-12-VEL3DB104,3,True,2017-10-02T00:00:00Z,2017-10-02T23:59:59Z,86400,86400,0,1.0,1.000047684,0.999999118,0.000333987,0,0,0,0,-0.0,2.714733,12.100353,-4.72317e-10,0.002714736,0.01210036,False,0.012489,False
2017-10-03,RS01SUM1-LJ01B-12-VEL3DB104,3,True,2017-10-03T00:00:00Z,2017-10-03T23:59:59Z,86400,86400,0,1.0,1.000038147,0.999999227,0.006662034,0,0,0,0,-0.0,2.153724,10.83136,-4.86548e-10,0.002153726,0.01083137,False,0.014964,False
2017-10-04,RS01SUM1-LJ01B-12-VEL3DB104,3,True,2017-10-04T00:00:00Z,2017-10-04T23:59:59Z,86400,86400,0,1.0,1.000051022,0.999999248,-0.002667331,0,0,0,0,-0.0,1.947409,9.841132,-4.819366e-10,0.00194741,0.00984114,False,0.012958,False
2017-10-05,RS01SUM1-LJ01B-12-VEL3DB104,3,True,2017-10-05T00:00:00Z,2017-10-05T23:59:59Z,86400,86400,0,1.0,1.000058174,0.999999295,-0.001602651,0,0,0,0,-0.0,2.207305,11.667352,-4.95078e-10,0.002207306,0.01166736,False,0.013667,False
2017-10-06,RS01SUM1-LJ01B-12-VEL3DB104,3,True,2017-10-06T00:00:00Z,2017-10-06T23:59:59Z,86401,86401,0,1.0,1.000056505,0.999999273,0.000638315,0,0,7,7,1e-06,2.147956,11.109288,7.033113e-10,0.002147958,0.0111093,False,0.012505,False
2017-10-07,RS01SUM1-LJ01B-12-VEL3DB104,3,True,2017-10-07T00:00:00Z,2017-10-07T23:59:59Z,86400,86400,0,1.0,1.000032902,0.999999359,0.002516351,0,0,0,0,-0.0,2.17596,11.711965,-4.812939e-10,0.002175962,0.01171197,False,0.013078,False
2017-10-08,RS01SUM1-LJ01B-12-VEL3DB104,3,True,2017-10-08T00:00:00Z,2017-10-08T23:59:59Z,86400,86400,0,1.0,1.000075817,0.99999932,0.000158018,0,0,0,0,-0.0,2.123217,11.463091,-4.952985e-10,0.002123218,0.0114631,False,0.012296,False
2017-10-09,RS01SUM1-LJ01B-12-VEL3DB104,3,True,2017-10-09T00:00:00Z,2017-10-09T23:59:59Z,86400,86400,0,1.0,1.000037193,0.999999341,0.000659724,0,0,0,0,-0.0,2.54079,14.146372,-4.883973e-10,0.002540791,0.01414638,False,0.012276,False
2017-10-10,RS01SUM1-LJ01B-12-VEL3DB104,3,True,2017-10-10T00:00:00Z,2017-10-10T23:59:59Z,86400,86400,0,1.0,1.00000906,0.999999364,-0.001216101,0,0,0,0,-0.0,2.070997,12.427209,-4.625724e-10,0.002070999,0.01242722,False,0.014611,False
2017-10-11,RS01SUM1-LJ01B-12-VEL3DB104,3,True,2017-10-11T00:00:00Z,2017-10-11T23:59:59Z,86400,86400,0,1.0,1.000035763,0.999999386,-0.004294832,0,0,0,0,-0.0,2.34988,12.93125,-4.811886e-10,0.002349882,0.01293126,False,0.014305,False
2017-10-12,RS01SUM1-LJ01B-12-VEL3DB104,3,True,2017-10-12T00:00:00Z,2017-10-12T23:59:59Z,86400,86400,0,1.0,1.000032425,0.999999268,-0.000346011,0,0,0,0,-1e-06,2.209906,11.59663,-5.093553e-10,0.002209907,0.01159664,False,0.013206,False
2017-10-13,RS01SUM1-LJ01B-12-VEL3DB104,3,True,2017-10-13T00:00:00Z,2017-10-13T23:59:59Z,86400,86400,0,1.0,1.000019073,0.999999185,0.001790155,0,0,0,0,-0.0,2.421753,11.391991,-4.662315e-10,0.002421755,0.011392,False,0.012859,False
2017-10-14,RS01SUM1-LJ01B-12-VEL3DB104,3,True,2017-10-14T00:00:00Z,2017-10-14T23:59:59Z,86400,86400,0,1.0,1.000010967,0.999999138,-0.00034954,0,0,0,0,-1e-06,2.166358,11.220259,-5.025131e-10,0.002166359,0.01122027,False,0.012936,False
2017-10-15,RS01SUM1-LJ01B-12-VEL3DB104,3,True,2017-10-15T00:00:00Z,2017-10-15T23:59:59Z,86400,86400,0,1.0,1.000004768,0.999999184,-0.000281644,0,0,0,0,-0.0,2.570793,12.15757,-4.493911e-10,0.002570795,0.01215758,False,0.015057,False
2017-10-16,RS01SUM1-LJ01B-12-VEL3DB104,3,True,2017-10-16T00:00:00Z,2017-10-16T23:59:59Z,86400,86400,0,1.0,1.0000453,0.999999273,-0.003627341,0,0,0,0,-0.0,2.858855,13.4977,-4.606724e-10,0.002858857,0.01349771,False,0.012894,False
2017-10-17,RS01SUM1-LJ01B-12-VEL3DB104,3,True,2017-10-17T00:00:00Z,2017-10-17T23:59:59Z,86400,86400,0,1.0,1.000008583,0.999999268,0.00531192,0,0,0,0,-0.0,2.39028,13.232178,-4.822228e-10,0.002390282,0.01323219,False,0.012838,False
2017-10-18,RS01SUM1-LJ01B-12-VEL3DB104,3,True,2017-10-18T00:00:00Z,2017-10-18T23:59:59Z,86400,86400,0,1.0,1.000031948,0.999999221,-0.000730592,0,0,0,0,-0.0,2.12719,17.394865,-4.966946e-10,0.002127192,0.01739488,False,0.015067,False
2017-10-19,RS01SUM1-LJ01B-12-VEL3DB104,3,True,2017-10-19T00:00:00Z,2017-10-19T23:59:59Z,86400,86400,0,1.0,1.00002718,0.99999909,0.004500141,0,0,0,0,-1e-06,2.257884,15.666639,-5.167413e-10,0.002257886,0.01566665,False,0.015514,False
2017-10-20,RS01SUM1-LJ01B-12-VEL3DB104,3,True,2017-10-20T00:00:00Z,2017-10-20T23:59:59Z,86383,86400,17,1.0,0.999996662,0.999999177,0.000348872,1,17,1,17,1e-06,2.123051,11.579235,6.759774e-10,0.002123053,0.01157924,False,0.012398,True
2017-10-21,RS01SUM1-LJ01B-12-VEL3DB104,3,True,2017-10-21T00:00:00Z,2017-10-21T23:59:59Z,86400,86400,0,1.0,1.00000906,0.999999258,0.000842979,0,0,0,0,-0.0,2.026465,11.392787,-4.427417e-10,0.002026467,0.0113928,False,0.012533,False
2017-10-22,RS01SUM1-LJ01B-12-VEL3DB104,3,True,2017-10-22T00:00:00Z,2017-10-22T23:59:59Z,86401,86401,0,1.0,1.000027418,0.99999926,0.001151779,0,0,13,13,0.0,2.090007,11.956199,2.776563e-10,0.002090008,0.01195621,False,0.012989,False
2017-10-23,RS01SUM1-LJ01B-12-VEL3DB104,3,True,2017-10-23T00:00:00Z,2017-10-23T23:59:59Z,86400,86400,0,1.0,1.000006676,0.999999207,0.000185503,0,0,0,0,-0.0,2.374564,12.526811,-4.882875e-10,0.002374566,0.01252682,False,0.012827,False
2017-10-24,RS01SUM1-LJ01B-12-VEL3DB104,3,True,2017-10-24T00:00:00Z,2017-10-24T23:59:59Z,86400,86400,0,1.0,1.000013828,0.999999288,0.002540857,0,0,0,0,-1e-06,2.274466,11.94486,-5.041037e-10,0.002274468,0.01194487,False,0.012737,False
2017-10-25,RS01SUM1-LJ01B-12-VEL3DB104,3,True,2017-10-25T00:00:00Z,2017-10-25T23:59:59Z,86400,86400,0,1.0,1.000035763,0.99999918,0.003273146,0,0,1,1,-0.0,3.854367,468.260702,-6.465531e-11,0.003854371,0.4682611,True,0.476149,False
2017-10-26,RS01SUM1-LJ01B-12-VEL3DB104,3,True,2017-10-26T00:00:00Z,2017-10-26T23:59:59Z,86400,86400,0,1.0,1.000041962,0.999999209,-0.005695036,0,0,0,0,-0.0,2.547574,13.388094,-4.922812e-10,0.002547576,0.0133881,False,0.013131,False
2017-10-27,RS01SUM1-LJ01B-12-VEL3DB104,3,True,2017-10-27T00:00:00Z,2017-10-27T23:59:59Z,86400,86400,0,1.0,1.000040054,0.999999381,-0.003010729,0,0,0,0,-0.0,2.829454,13.524534,-4.795176e-10,0.002829456,0.01352454,False,0.012982,False
2017-10-28,RS01SUM1-LJ01B-12-VEL3DB104,3,True,2017-10-28T00:00:00Z,2017-10-28T23:59:59Z,86400,86400,0,1.0,1.000010014,0.999999274,-0.002628091,0,0,0,0,-1e-06,2.15175,12.330929,-5.002747e-10,0.002151751,0.01233094,False,0.012742,False
2017-10-29,RS01SUM1-LJ01B-12-VEL3DB104,3,True,2017-10-29T00:00:00Z,2017-10-29T23:59:59Z,86400,86400,0,1.0,1.00000906,0.999999222,0.001807466,0,0,0,0,-1e-06,2.080669,11.672355,-5.012828e-10,0.002080671,0.01167236,False,0.014045,False
2017-10-30,RS01SUM1-LJ01B-12-VEL3DB104,3,True,2017-10-30T00:00:00Z,2017-10-30T23:59:59Z,86400,86400,0,1.0,1.000010014,0.999999242,4.656e-06,0,0,0,0,-1e-06,2.201656,13.733131,-5.141179e-10,0.002201658,0.01373314,False,0.012933,False
2017-10-31,RS01SUM1-LJ01B-12-VEL3DB104,3,True,2017-10-31T00:00:00Z,2017-10-31T23:59:59Z,86400,86400,0,1.0,1.000010967,0.999999254,8.1401e-05,0,0,0,0,-0.0,2.099769,12.709859,-4.963389e-10,0.002099771,0.01270987,False,0.012956,False
2017-11-01,RS01SUM1-LJ01B-12-VEL3DB104,3,True,2017-11-01T00:00:00Z,2017-11-01T23:59:59Z,86400,86400,0,1.0,1.000000954,0.999999297,-0.000832127,0,0,0,0,-0.0,2.508806,13.776234,-4.752163e-10,0.002508807,0.01377624,False,0.01286,False
2017-11-02,RS01SUM1-LJ01B-12-VEL3DB104,3,True,2017-11-02T00:00:00Z,2017-11-02T23:59:59Z,86400,86400,0,1.0,1.000016689,0.999999275,-0.002029791,0,0,0,0,-0.0,2.050648,12.869054,-4.725041e-10,0.00205065,0.01286906,False,0.014328,False
2017-11-03,RS01SUM1-LJ01B-12-VEL3DB104,3,True,2017-11-03T00:00:00Z,2017-11-03T23:59:59Z,86400,86400,0,1.0,0.999970913,0.9999992,-0.002375801,0,0,0,0,-0.0,2.1685,11.831387,-4.374542e-10,0.002168501,0.0118314,False,0.012808,False
2017-11-04,RS01SUM1-LJ01B-12-VEL3DB104,3,True,2017-11-04T00:00:00Z,2017-11-04T23:59:59Z,86400,86400,0,1.0,1.000010014,0.999999291,-0.003906382,0,0,0,0,-0.0,2.61341,12.613891,-4.850541e-10,0.002613412,0.0126139,False,0.012959,False
2017-11-05,RS01SUM1-LJ01B-12-VEL3DB104,3,True,2017-11-05T00:00:00Z,2017-11-05T23:59:59Z,86400,86400,0,1.0,1.000000954,0.999999207,0.000780512,0,0,0,0,-0.0,1.946883,11.894447,-4.750541e-10,0.001946885,0.01189446,False,0.013052,False
2017-11-06,RS01SUM1-LJ01B-12-VEL3DB104,3,True,2017-11-06T00:00:00Z,2017-11-06T23:59:59Z,86401,86401,0,1.0,1.000007153,0.999999209,-0.000172321,0,0,4,4,-1e-06,2.179846,13.307132,-7.951541e-10,0.002179848,0.01330714,False,0.014477,False
2017-11-07,RS01SUM1-LJ01B-12-VEL3DB104,3,True,2017-11-07T00:00:00Z,2017-11-07T23:59:59Z,86400,86400,0,1.0,1.000004768,0.999999223,0.00553414,0,0,0,0,-0.0,2.206548,11.523335,-4.89113e-10,0.00220655,0.01152334,False,0.012248,False
2017-11-08,RS01SUM1-LJ01B-12-VEL3DB104,3,True,2017-11-08T00:00:00Z,2017-11-08T23:59:59Z,86400,86400,0,1.0,0.999985695,0.999999232,0.004072301,0,0,0,0,-0.0,2.451414,12.826604,-4.838855e-10,0.002451416,0.01282661,False,0.015083,False
2017-11-09,RS01SUM1-LJ01B-12-VEL3DB104,3,True,2017-11-09T00:00:00Z,2017-11-09T23:59:59Z,86400,86400,0,1.0,0.999984741,0.999999259,-0.003823337,0,0,0,0,-1e-06,2.897048,13.508374,-5.088664e-10,0.00289705,0.01350838,False,0.015166,False
2017-11-10,RS01SUM1-LJ01B-12-VEL3DB104,3,True,2017-11-10T00:00:00Z,2017-11-10T23:59:59Z,86400,86400,0,1.0,0.999938011,0.99999911,-0.002862055,0,0,0,0,-1e-06,3.663725,14.474376,-5.373871e-10,0.003663728,0.01447439,False,0.012837,False
2017-11-11,RS01SUM1-LJ01B-12-VEL3DB104,3,True,2017-11-11T00:00:00Z,2017-11-11T23:59:59Z,86400,86400,0,1.0,0.999837875,0.999999132,0.005552965,0,0,0,0,-0.0,3.04226,13.188192,-4.643928e-10,0.003042263,0.0131882,False,0.015533,False
2017-11-12,RS01SUM1-LJ01B-12-VEL3DB104,3,True,2017-11-12T00:00:00Z,2017-11-12T23:59:59Z,86400,86400,0,1.0,0.999975204,0.99999917,0.001319974,0,0,0,0,-0.0,2.195489,12.987419,-4.799342e-10,0.002195491,0.01298743,False,0.0136,False
2017-11-13,RS01SUM1-LJ01B-12-VEL3DB104,3,True,2017-11-13T00:00:00Z,2017-11-13T23:02:37Z,82958,82958,0,1.0,0.999989033,0.999999196,-0.001133266,0,0,0,0,0.0,2.329612,12.272433,3.689795e-10,0.002329614,0.01227244,False,0.012162,False
2017-11-14,RS01SUM1-LJ01B-12-VEL3DB104,3,True,2017-11-14T23:50:13Z,2017-11-14T23:59:59Z,587,587,0,1.0,0.999963999,0.999996614,-0.0108011,0,0,0,0,-0.0,1.644673,10.8011,-2.117247e-13,0.001644678,0.01080114,False,0.011996,False
2017-11-15,RS01SUM1-LJ01B-12-VEL3DB104,3,True,2017-11-15T00:00:00Z,2017-11-15T23:59:59Z,86400,86400,0,1.0,0.999964714,0.999999128,-0.00021795,0,0,0,0,-0.0,1.893444,13.126727,-4.355241e-10,0.001893445,0.01312674,False,0.012796,False
2017-11-16,RS01SUM1-LJ01B-12-VEL3DB104,3,True,2017-11-16T00:00:00Z,2017-11-16T23:59:59Z,86400,86400,0,1.0,0.999983788,0.999999131,-0.000656298,0,0,0,0,-1e-06,2.242945,13.108187,-5.191926e-10,0.002242947,0.0131082,False,0.013983,False
2017-11-17,RS01SUM1-LJ01B-12-VEL3DB104,3,True,2017-11-17T00:00:00Z,2017-11-17T23:59:59Z,86400,86400,0,1.0,0.999960899,0.999999106,0.000763002,0,0,0,0,-0.0,1.944474,13.786675,-4.533133e-10,0.001944476,0.01378669,False,0.012496,False
2017-11-18,RS01SUM1-LJ01B-12-VEL3DB104,3,True,2017-11-18T00:00:00Z,2017-11-18T23:59:59Z,86400,86400,0,1.0,0.999970913,0.999999215,-0.001208573,0,0,0,0,-1e-06,2.171038,12.317519,-5.193599e-10,0.00217104,0.01231753,False,0.014197,False
2017-11-19,RS01SUM1-LJ01B-12-VEL3DB104,3,True,2017-11-19T00:00:00Z,2017-11-19T23:59:59Z,86400,86400,0,1.0,0.999938011,0.999999152,0.001000119,0,0,0,0,-0.0,2.233148,15.469437,-4.702005e-10,0.00223315,0.01546945,False,0.01295,False
2017-11-20,RS01SUM1-LJ01B-12-VEL3DB104,3,True,2017-11-20T00:00:00Z,2017-11-20T23:59:59Z,86400,86400,0,1.0,0.999979019,0.999999103,-0.002025859,0,0,0,0,-0.0,2.369344,13.731572,-4.764745e-10,0.002369347,0.01373158,False,0.015107,False
2017-11-21,RS01SUM1-LJ01B-12-VEL3DB104,3,True,2017-11-21T00:00:00Z,2017-11-21T23:59:59Z,86400,86400,0,1.0,0.999952793,0.999999134,0.003551219,0,0,0,0,-0.0,2.338582,14.192626,-4.512466e-10,0.002338584,0.01419264,False,0.015604,False
2017-11-22,RS01SUM1-LJ01B-12-VEL3DB104,3,True,2017-11-22T00:00:00Z,2017-11-22T23:59:59Z,86400,86400,0,1.0,0.99994278,0.999999176,-0.001608891,0,0,0,0,-0.0,2.38513,14.366085,-4.656854e-10,0.002385132,0.0143661,False,0.014354,False
2017-11-23,RS01SUM1-LJ01B-12-VEL3DB104,3,True,2017-11-23T00:00:00Z,2017-11-23T23:59:59Z,86400,86400,0,1.0,0.99994278,0.999999168,0.005242811,0,0,0,0,-0.0,2.453469,11.858342,-4.133694e-10,0.002453471,0.01185835,False,0.013796,False
2017-11-24,RS01SUM1-LJ01B-12-VEL3DB104,3,True,2017-11-24T00:00:00Z,2017-11-24T23:59:59Z,86400,86400,0,1.0,0.999956131,0.999999139,-0.004070149,0,0,0,0,-1e-06,2.038518,14.254508,-5.11801e-10,0.00203852,0.01425452,False,0.011628,False
2017-11-25,RS01SUM1-LJ01B-12-VEL3DB104,3,True,2017-11-25T00:00:00Z,2017-11-25T23:59:59Z,86400,86400,0,1.0,0.999947071,0.999999136,-0.000866741,0,0,0,0,-0.0,2.95148,14.829545,-4.38337e-10,0.002951482,0.01482956,False,0.016076,False
2017-11-26,RS01SUM1-LJ01B-12-VEL3DB104,3,True,2017-11-26T00:00:00Z,2017-11-26T23:59:59Z,86400,86400,0,1.0,0.999968052,0.999999193,-0.001010161,0,0,0,0,-1e-06,4.23705,15.451687,-5.293649e-10,0.004237054,0.0154517,False,0.012556,False
2017-11-27,RS01SUM1-LJ01B-12-VEL3DB104,3,True,2017-11-27T00:00:00Z,2017-11-27T23:59:59Z,86401,86401,0,1.0,0.999958992,0.999999114,0.001417782,0,0,6,6,-0.0,2.389527,12.215778,-4.417057e-10,0.002389529,0.01221579,False,0.012959,False
2017-11-28,RS01SUM1-LJ01B-12-VEL3DB104,3,True,2017-11-28T00:00:00Z,2017-11-28T23:59:59Z,86400,86400,0,1.0,0.99993515,0.999999165,-0.000382135,0,0,0,0,-0.0,2.912756,14.053826,-4.96706e-10,0.002912759,0.01405384,False,0.014361,False
2017-11-29,RS01SUM1-LJ01B-12-VEL3DB104,3,True,2017-11-29T00:00:00Z,2017-11-29T23:59:59Z,86400,86400,0,1.0,0.999931335,0.99999915,-0.002994162,0,0,0,0,-0.0,3.477884,15.131999,-4.600792e-10,0.003477887,0.01513201,False,0.01295,False
2017-11-30,RS01SUM1-LJ01B-12-VEL3DB104,3,True,2017-11-30T00:00:00Z,2017-11-30T23:59:59Z,86400,86400,0,1.0,0.999955177,0.999999175,0.002346481,0,0,0,0,-0.0,2.129218,13.831722,-4.844596e-10,0.00212922,0.01383173,False,0.013788,False
2017-12-01,RS01SUM1-LJ01B-12-VEL3DB104,3,True,2017-12-01T00:00:00Z,2017-12-01T23:59:59Z,85651,86400,749,1.0,0.999960184,0.999999185,-0.000396798,1,749,1,749,0.0,2.1348,11.882083,1.242282e-10,0.002134802,0.01188209,False,0.026402,True
2017-12-02,RS01SUM1-LJ01B-12-VEL3DB104,3,True,2017-12-02T00:00:00Z,2017-12-02T23:59:59Z,86400,86400,0,1.0,0.99996376,0.999999195,0.001686258,0,0,0,0,-1e-06,2.175213,14.499389,-5.003609e-10,0.002175214,0.0144994,False,0.013055,False
2017-12-03,RS01SUM1-LJ01B-12-VEL3DB104,3,True,2017-12-03T00:00:00Z,2017-12-03T23:59:59Z,86400,86400,0,1.0,0.999946117,0.999999216,0.001765829,0,0,0,0,-0.0,2.170663,14.289692,-4.927685e-10,0.002170665,0.0142897,False,0.014366,False
2017-12-04,RS01SUM1-LJ01B-12-VEL3DB104,3,True,2017-12-04T00:00:00Z,2017-12-04T23:59:59Z,86400,86400,0,1.0,0.999948025,0.999999208,-0.000786713,0,0,0,0,-1e-06,2.104798,12.714856,-5.251742e-10,0.0021048,0.01271487,False,0.013906,False
2017-12-05,RS01SUM1-LJ01B-12-VEL3DB104,3,True,2017-12-05T00:00:00Z,2017-12-05T23:59:59Z,86400,86400,0,1.0,0.99994278,0.999999157,0.002469246,0,0,0,0,-0.0,2.910698,14.973037,-4.580637e-10,0.0029107,0.01497305,False,0.012408,False
2017-12-06,RS01SUM1-LJ01B-12-VEL3DB104,3,True,2017-12-06T00:00:00Z,2017-12-06T23:59:59Z,86400,86400,0,1.0,0.999938965,0.999999214,0.00414091,0,0,0,0,-0.0,2.309862,12.504939,-4.594483e-10,0.002309864,0.01250495,False,0.014446,False
2017-12-07,RS01SUM1-LJ01B-12-VEL3DB104,3,True,2017-12-07T00:00:00Z,2017-12-07T23:59:59Z,86400,86400,0,1.0,0.999940872,0.999999259,-0.003836267,0,0,0,0,-0.0,2.681155,13.531268,-4.717843e-10,0.002681156,0.01353128,False,0.015846,False
2017-12-08,RS01SUM1-LJ01B-12-VEL3DB104,3,True,2017-12-08T00:00:00Z,2017-12-08T23:59:59Z,86400,86400,0,1.0,0.999931812,0.999999223,0.000983389,0,0,0,0,-1e-06,1.930866,13.085825,-5.077354e-10,0.001930867,0.01308584,False,0.015313,False
2017-12-09,RS01SUM1-LJ01B-12-VEL3DB104,3,False,,,0,0,,1.0,,,,,,,,,,,,,,,,False
2017-12-10,RS01SUM1-LJ01B-12-VEL3DB104,3,False,,,0,0,,1.0,,,,,,,,,,,,,,,,False
2017-12-11,RS01SUM1-LJ01B-12-VEL3DB104,3,True,2017-12-11T00:00:00Z,2017-12-11T23:59:59Z,86401,86401,0,1.0,0.999933243,0.999999173,0.000426092,0,0,7,7,-0.0,2.52954,14.841644,-6.33946e-11,0.002529542,0.01484166,False,0.014604,False
2017-12-12,RS01SUM1-LJ01B-12-VEL3DB104,3,True,2017-12-12T00:00:00Z,2017-12-12T23:59:59Z,86400,86400,0,1.0,0.999932766,0.999999185,0.002134665,0,0,0,0,-0.0,2.356825,14.408633,-4.840248e-10,0.002356827,0.01440864,False,0.014375,False
2017-12-13,RS01SUM1-LJ01B-12-VEL3DB104,3,True,2017-12-13T00:00:00Z,2017-12-13T23:59:59Z,86157,86400,243,1.0,0.999958992,0.999999102,0.002416994,11,243,11,243,-1e-06,2.597209,14.432111,-5.6853e-10,0.002597211,0.01443212,False,0.013764,True
2017-12-14,RS01SUM1-LJ01B-12-VEL3DB104,3,True,2017-12-14T00:00:00Z,2017-12-14T23:59:59Z,86369,86400,31,1.0,0.999934196,0.99999915,0.001412907,2,31,2,31,1e-06,1.975205,14.223245,6.989519e-10,0.001975207,0.01422326,False,0.014604,True
2017-12-15,RS01SUM1-LJ01B-12-VEL3DB104,3,True,2017-12-15T00:00:00Z,2017-12-15T23:59:59Z,86400,86400,0,1.0,0.999948978,0.999999252,-0.005193839,0,0,0,0,-0.0,2.868328,15.389029,-4.342367e-10,0.00286833,0.01538904,False,0.013076,False
2017-12-16,RS01SUM1-LJ01B-12-VEL3DB104,3,True,2017-12-16T00:00:00Z,2017-12-16T23:59:59Z,86400,86400,0,1.0,0.999933243,0.999999268,-0.001031314,0,0,0,0,-0.0,2.484902,12.462368,-4.880626e-10,0.002484904,0.01246238,False,0.012365,False
2017-12-17,RS01SUM1-LJ01B-12-VEL3DB104,3,True,2017-12-17T00:00:00Z,2017-12-17T23:59:59Z,86400,86400,0,1.0,0.999960899,0.999999221,-0.002357611,0,0,0,0,-0.0,2.451654,13.406504,-4.517798e-10,0.002451656,0.01340651,False,0.015515,False
2017-12-18,RS01SUM1-LJ01B-12-VEL3DB104,3,True,2017-12-18T00:00:00Z,2017-12-18T23:59:59Z,86400,86400,0,1.0,0.999945164,0.999999158,0.001191131,0,0,0,0,-1e-06,2.043046,12.054833,-5.00844e-10,0.002043048,0.01205484,False,0.015916,False
2017-12-19,RS01SUM1-LJ01B-12-VEL3DB104,3,True,2017-12-19T00:00:00Z,2017-12-19T23:59:59Z,86400,86400,0,1.0,0.999959946,0.999999218,0.002023517,0,0,0,0,-1e-06,3.58619,16.954101,-5.14298e-10,0.003586193,0.01695411,False,0.013962,False
2017-12-20,RS01SUM1-LJ01B-12-VEL3DB104,3,True,2017-12-20T00:00:00Z,2017-12-20T23:59:59Z,86400,86400,0,1.0,0.999948978,0.999999062,0.004013212,0,0,0,0,-0.0,2.473196,15.593159,-4.570786e-10,0.002473199,0.01559317,False,0.012537,False
2017-12-21,RS01SUM1-LJ01B-12-VEL3DB104,3,True,2017-12-21T00:00:00Z,2017-12-21T23:59:59Z,86400,86400,0,1.0,0.999947071,0.999999073,-1.3995e-05,0,0,0,0,-1e-06,2.037416,12.856359,-5.239265e-10,0.002037418,0.01285637,False,0.014318,False
2017-12-22,RS01SUM1-LJ01B-12-VEL3DB104,3,True,2017-12-22T00:00:00Z,2017-12-22T23:59:59Z,86400,86400,0,1.0,0.999951363,0.99999905,0.000632344,0,0,0,0,-1e-06,2.249658,14.285502,-5.031055e-10,0.002249661,0.01428552,False,0.01258,False
2017-12-23,RS01SUM1-LJ01B-12-VEL3DB104,3,True,2017-12-23T00:00:00Z,2017-12-23T23:59:59Z,86400,86400,0,1.0,0.999938011,0.999999126,0.000194079,0,0,0,0,-1e-06,2.141138,13.71114,-5.208337e-10,0.00214114,0.01371115,False,0.012781,False
2017-12-24,RS01SUM1-LJ01B-12-VEL3DB104,3,True,2017-12-24T00:00:00Z,2017-12-24T23:59:59Z,86400,86400,0,1.0,0.999954224,0.999999111,0.001461144,0,0,0,0,-0.0,2.098545,13.124296,-4.476804e-10,0.002098547,0.01312431,False,0.015752,False
2017-12-25,RS01SUM1-LJ01B-12-VEL3DB104,3,True,2017-12-25T00:00:00Z,2017-12-25T23:59:59Z,86401,86401,0,1.0,0.999954224,0.999999108,-0.001449338,0,0,5,5,0.0,2.472302,14.427155,4.624013e-10,0.002472304,0.01442717,False,0.014361,False
2017-12-26,RS01SUM1-LJ01B-12-VEL3DB104,3,True,2017-12-26T00:00:00Z,2017-12-26T23:59:59Z,86400,86400,0,1.0,0.999934196,0.999999136,0.002369965,0,0,0,0,-0.0,1.973747,11.349964,-4.542021e-10,0.001973749,0.01134997,False,0.014094,False
2017-12-27,RS01SUM1-LJ01B-12-VEL3DB104,3,True,2017-12-27T00:00:00Z,2017-12-27T23:59:59Z,86400,86400,0,1.0,0.9999547,0.999999125,0.001473732,0,0,0,0,-0.0,2.246547,13.654666,-4.26456e-10,0.002246549,0.01365468,False,0.01262,False
2017-12-28,RS01SUM1-LJ01B-12-VEL3DB104,3,True,2017-12-28T00:00:00Z,2017-12-28T23:59:59Z,86400,86400,0,1.0,0.999928951,0.999999233,0.003549678,0,0,0,0,-0.0,2.944678,13.64254,-4.595939e-10,0.00294468,0.01364255,False,0.012869,False
2017-12-29,RS01SUM1-LJ01B-12-VEL3DB104,3,True,2017-12-29T00:00:00Z,2017-12-29T23:59:59Z,86400,86400,0,1.0,0.999913692,0.999999279,-0.000817364,0,0,0,0,-0.0,2.021504,10.976897,-4.265059e-10,0.002021506,0.01097691,False,0.014166,False
2017-12-30,RS01SUM1-LJ01B-12-VEL3DB104,3,True,2017-12-30T00:00:00Z,2017-12-30T23:59:59Z,86400,86400,0,1.0,0.999932289,0.999999273,-0.000301577,0,0,0,0,-0.0,2.10024,11.31228,-4.993187e-10,0.002100242,0.01131229,False,0.012493,False
2017-12-31,RS01SUM1-LJ01B-12-VEL3DB104,3,True,2017-12-31T00:00:00Z,2017-12-31T23:59:59Z,86400,86400,0,1.0,0.999911308,0.999999277,0.005689619,0,0,0,0,-0.0,2.376782,14.543413,-4.901909e-10,0.002376784,0.01454342,False,0.012704,False
2018-01-01,RS01SUM1-LJ01B-12-VEL3DB104,3,True,2018-01-01T00:00:00Z,2018-01-01T23:59:59Z,86400,86400,0,1.0,1.00014782,0.999999262,-0.002443466,0,0,0,0,-0.0,2.06719,12.905608,-4.802599e-10,0.002067192,0.01290562,False,0.014446,False
2018-01-02,RS01SUM1-LJ01B-12-VEL3DB104,3,True,2018-01-02T00:00:00Z,2018-01-02T23:59:59Z,86400,86400,0,1.0,1.000146866,0.999999263,0.001484205,0,0,0,0,-0.0,2.173399,11.77479,-4.744658e-10,0.0021734,0.0117748,False,0.012419,False
2018-01-03,RS01SUM1-LJ01B-12-VEL3DB104,3,True,2018-01-03T00:00:00Z,2018-01-03T23:59:59Z,86400,86400,0,1.0,1.000148773,0.999999196,-0.001084425,0,0,0,0,-0.0,2.418042,12.215155,-4.863239e-10,0.002418044,0.01221516,False,0.015072,False
2018-01-04,RS01SUM1-LJ01B-12-VEL3DB104,3,True,2018-01-04T00:00:00Z,2018-01-04T23:59:59Z,86400,86400,0,1.0,1.000146389,0.999999146,0.005085154,0,0,0,0,-1e-06,2.206028,12.609242,-5.032216e-10,0.00220603,0.01260925,False,0.013233,False
2018-01-05,RS01SUM1-LJ01B-12-VEL3DB104,3,True,2018-01-05T00:00:00Z,2018-01-05T23:59:59Z,86400,86400,0,1.0,1.000161171,0.999999103,0.003290292,0,0,0,0,-0.0,2.133592,12.348175,-4.655e-10,0.002133594,0.01234819,False,0.012655,False
2018-01-06,RS01SUM1-LJ01B-12-VEL3DB104,3,True,2018-01-06T00:00:00Z,2018-01-06T23:59:59Z,86400,86400,0,1.0,1.000150204,0.99999906,0.000676644,0,0,0,0,-0.0,2.33279,15.820519,-4.884331e-10,0.002332792,0.01582053,False,0.013714,False
2018-01-07,RS01SUM1-LJ01B-12-VEL3DB104,3,True,2018-01-07T00:00:00Z,2018-01-07T23:59:59Z,86400,86400,0,1.0,1.000144005,0.999999063,0.001058419,0,0,0,0,-0.0,2.100022,11.490125,-4.898597e-10,0.002100024,0.01149014,False,0.013417,False
2018-01-08,RS01SUM1-LJ01B-12-VEL3DB104,3,True,2018-01-08T00:00:00Z,2018-01-08T23:59:59Z,86401,86401,0,1.0,1.00013876,0.999999033,-0.000183315,0,0,7,7,-0.0,2.402092,12.285227,-1.757069e-10,0.002402094,0.01228524,False,0.012552,False
2018-01-09,RS01SUM1-LJ01B-12-VEL3DB104,3,True,2018-01-09T00:00:00Z,2018-01-09T23:59:59Z,86400,86400,0,1.0,1.000145912,0.999999016,-0.001802871,0,0,0,0,-0.0,2.160946,12.791821,-4.263008e-10,0.002160948,0.01279183,False,0.014811,False
2018-01-10,RS01SUM1-LJ01B-12-VEL3DB104,3,True,2018-01-10T00:00:00Z,2018-01-10T23:59:59Z,86400,86400,0,1.0,1.000133991,0.999999029,-0.001926505,0,0,0,0,-0.0,2.084609,12.384581,-4.782788e-10,0.002084611,0.01238459,False,0.012838,False
2018-01-11,RS01SUM1-LJ01B-12-VEL3DB104,3,True,2018-01-11T00:00:00Z,2018-01-11T23:59:59Z,86400,86400,0,1.0,1.00014925,0.999998969,-0.000122023,0,0,0,0,-0.0,2.418047,13.587785,-4.765387e-10,0.00241805,0.0135878,False,0.015628,False
2018-01-12,RS01SUM1-LJ01B-12-VEL3DB104,3,True,2018-01-12T00:00:00Z,2018-01-12T23:59:59Z,86400,86400,0,1.0,1.00014019,0.999999031,-0.000108158,0,0,0,0,-0.0,2.022636,11.430708,-4.618489e-10,0.002022638,0.01143072,False,0.014038,False
2018-01-13,RS01SUM1-LJ01B-12-VEL3DB104,3,True,2018-01-13T00:00:00Z,2018-01-13T23:59:59Z,86400,86400,0,1.0,1.000139236,0.999998983,0.000443952,0,0,0,0,-1e-06,2.402539,15.099716,-5.147304e-10,0.002402541,0.01509973,False,0.013024,False
2018-01-14,RS01SUM1-LJ01B-12-VEL3DB104,3,True,2018-01-14T00:00:00Z,2018-01-14T23:59:59Z,86400,86400,0,1.0,1.000133991,0.999999043,-0.000647103,0,0,0,0,-1e-06,2.350789,13.824921,-5.027364e-10,0.002350791,0.01382493,False,0.012501,False
2018-01-15,RS01SUM1-LJ01B-12-VEL3DB104,3,True,2018-01-15T00:00:00Z,2018-01-15T23:59:59Z,86400,86400,0,1.0,1.000135899,0.999998951,0.007244296,0,0,0,0,-0.0,3.56321,13.906138,-4.926124e-10,0.003563214,0.01390615,False,0.013077,False
2018-01-16,RS01SUM1-LJ01B-12-VEL3DB104,3,True,2018-01-16T00:00:00Z,2018-01-16T23:59:59Z,86400,86400,0,1.0,1.000141144,0.999998982,-0.001301209,0,0,0,0,-0.0,2.148809,13.024322,-4.402757e-10,0.002148812,0.01302434,False,0.015588,False
2018-01-17,RS01SUM1-LJ01B-12-VEL3DB104,3,True,2018-01-17T00:00:00Z,2018-01-17T23:59:59Z,86400,86400,0,1.0,1.000137806,0.999998984,0.002288245,0,0,0,0,-0.0,2.199328,13.956384,-4.728266e-10,0.00219933,0.0139564,False,0.015976,False
2018-01-18,RS01SUM1-LJ01B-12-VEL3DB104,3,True,2018-01-18T00:00:00Z,2018-01-18T23:59:59Z,86400,86400,0,1.0,1.000133991,0.999999041,0.001319666,0,0,0,0,-0.0,2.115814,14.369141,-4.763965e-10,0.002115816,0.01436915,False,0.012206,False
2018-01-19,RS01SUM1-LJ01B-12-VEL3DB104,3,True,2018-01-19T00:00:00Z,2018-01-19T23:59:59Z,20740,86392,65652,1.0,1.000125885,1.00010704,-0.387922226,1,65652,1,65652,-0.0,350.704513,717.374118,-1.899461e-10,0.350667,0.7172973,True,0.052928,True
2018-01-20,RS01SUM1-LJ01B-12-VEL3DB104,3,True,2018-01-20T00:00:00Z,2018-01-20T23:59:59Z,86400,86400,0,1.0,1.000102997,0.999998941,0.003158831,0,0,0,0,-0.0,2.359519,13.731229,-4.481126e-10,0.002359521,0.01373124,False,0.014193,False
2018-01-21,RS01SUM1-LJ01B-12-VEL3DB104,3,True,2018-01-21T00:00:00Z,2018-01-21T23:59:59Z,86400,86400,0,1.0,1.000121117,0.999998964,-0.000235037,0,0,0,0,-0.0,2.169518,12.4202,-4.914883e-10,0.00216952,0.01242021,False,0.013509,False
2018-01-22,RS01SUM1-LJ01B-12-VEL3DB104,3,True,2018-01-22T00:00:00Z,2018-01-22T23:59:59Z,86400,86400,0,1.0,1.000092983,0.999998979,-0.001395076,0,0,0,0,-0.0,2.121725,12.787709,-4.670788e-10,0.002121727,0.01278772,False,0.013016,False
2018-01-23,RS01SUM1-LJ01B-12-VEL3DB104,3,True,2018-01-23T00:00:00Z,2018-01-23T23:59:59Z,86401,86401,0,1.0,1.000110149,0.999999058,-0.002263029,0,0,6,6,1e-06,2.227477,12.651635,6.446732e-10,0.002227479,0.01265165,False,0.016767,False
2018-01-24,RS01SUM1-LJ01B-12-VEL3DB104,3,True,2018-01-24T00:00:00Z,2018-01-24T23:59:59Z,86400,86400,0,1.0,1.000100136,0.999999067,-0.000311894,0,0,0,0,-0.0,2.180615,13.878592,-4.657715e-10,0.002180617,0.0138786,False,0.016124,False
2018-01-25,RS01SUM1-LJ01B-12-VEL3DB104,3,True,2018-01-25T00:00:00Z,2018-01-25T23:59:59Z,86400,86400,0,1.0,1.000095844,0.999998954,0.003772254,0,0,0,0,-0.0,2.51011,15.226316,-4.53085e-10,0.002510113,0.01522633,False,0.015679,False
2018-01-26,RS01SUM1-LJ01B-12-VEL3DB104,3,True,2018-01-26T00:00:00Z,2018-01-26T23:59:59Z,86400,86400,0,1.0,1.000099659,0.999998949,0.005946004,0,0,0,0,-1e-06,2.450361,13.606582,-5.207449e-10,0.002450364,0.0136066,False,0.015245,False
2018-01-27,RS01SUM1-LJ01B-12-VEL3DB104,3,True,2018-01-27T00:00:00Z,2018-01-27T23:59:59Z,86400,86400,0,1.0,1.000110149,0.999998999,-0.001940657,0,0,0,0,-0.0,2.333555,15.459929,-4.493223e-10,0.002333557,0.01545994,False,0.015281,False
2018-01-28,RS01SUM1-LJ01B-12-VEL3DB104,3,True,2018-01-28T00:00:00Z,2018-01-28T23:59:59Z,86400,86400,0,1.0,1.000109673,0.999999003,0.000522413,0,0,0,0,-0.0,2.248489,13.597073,-4.47545e-10,0.002248491,0.01359709,False,0.014313,False
2018-01-29,RS01SUM1-LJ01B-12-VEL3DB104,3,True,2018-01-29T00:00:00Z,2018-01-29T23:59:59Z,86400,86400,0,1.0,1.000110149,0.999999014,-0.00129415,0,0,0,0,-0.0,2.303653,14.587891,-4.89102e-10,0.002303655,0.01458791,False,0.016216,False
2018-01-30,RS01SUM1-LJ01B-12-VEL3DB104,3,True,2018-01-30T00:00:00Z,2018-01-30T23:59:59Z,86400,86400,0,1.0,1.000123978,0.999999082,-0.005794281,0,0,0,0,-0.0,2.72108,17.902547,-4.9713e-10,0.002721082,0.01790256,False,0.01688,False
2018-01-31,RS01SUM1-LJ01B-12-VEL3DB104,3,True,2018-01-31T00:00:00Z,2018-01-31T23:59:59Z,86400,86400,0,1.0,1.000118256,0.999998999,0.00386743,0,0,0,0,-0.0,2.467652,13.720505,-4.64678e-10,0.002467655,0.01372052,False,0.017523,False
2018-02-01,RS01SUM1-LJ01B-12-VEL3DB104,3,True,2018-02-01T00:00:00Z,2018-02-01T23:59:59Z,86400,86400,0,1.0,1.000089169,0.999999028,-0.002595389,0,0,0,0,-0.0,2.51657,16.793008,-4.768537e-10,0.002516572,0.01679302,False,0.01592,False
2018-02-02,RS01SUM1-LJ01B-12-VEL3DB104,3,True,2018-02-02T00:00:00Z,2018-02-02T23:59:59Z,86400,86400,0,1.0,1.000135899,0.999999177,0.005052878,0,0,0,0,-1e-06,2.468619,13.90619,-5.21674e-10,0.002468621,0.0139062,False,0.016004,False
2018-02-03,RS01SUM1-LJ01B-12-VEL3DB104,3,True,2018-02-03T00:00:00Z,2018-02-03T23:59:59Z,86400,86400,0,1.0,1.000137329,0.999999178,-0.005648171,0,0,0,0,-1e-06,4.227547,18.141868,-5.004868e-10,0.004227551,0.01814188,False,0.014968,False
2018-02-04,RS01SUM1-LJ01B-12-VEL3DB104,3,True,2018-02-04T00:00:00Z,2018-02-04T23:59:59Z,86401,86401,0,1.0,1.000144958,0.999999114,-0.00129325,0,0,5,5,0.0,2.743137,16.719575,1.623458e-10,0.00274314,0.01671959,False,0.015652,False
2018-02-05,RS01SUM1-LJ01B-12-VEL3DB104,3,True,2018-02-05T00:00:00Z,2018-02-05T23:59:59Z,86400,86400,0,1.0,1.000134945,0.999999105,0.000877417,0,0,0,0,-0.0,2.380609,13.956717,-4.436024e-10,0.002380611,0.01395673,False,0.016138,False
2018-02-06,RS01SUM1-LJ01B-12-VEL3DB104,3,True,2018-02-06T00:00:00Z,2018-02-06T23:59:59Z,86400,86400,0,1.0,1.000114918,0.99999909,0.001280885,0,0,0,0,-0.0,2.272558,14.91016,-4.905082e-10,0.00227256,0.01491017,False,0.016539,False
2018-02-07,RS01SUM1-LJ01B-12-VEL3DB104,3,True,2018-02-07T00:00:00Z,2018-02-07T23:59:59Z,86400,86400,0,1.0,1.00012207,0.99999905,0.001857904,0,0,0,0,-1e-06,2.4028,13.49845,-5.102302e-10,0.002402802,0.01349846,False,0.017065,False
2018-02-08,RS01SUM1-LJ01B-12-VEL3DB104,3,True,2018-02-08T00:00:00Z,2018-02-08T23:59:59Z,86400,86400,0,1.0,1.000113964,0.99999916,0.004120947,0,0,0,0,-0.0,2.312136,15.200371,-4.812121e-10,0.002312138,0.01520038,False,0.015944,False
2018-02-09,RS01SUM1-LJ01B-12-VEL3DB104,3,True,2018-02-09T00:00:00Z,2018-02-09T23:59:59Z,86400,86400,0,1.0,1.000104904,0.999999143,0.002065976,0,0,0,0,-0.0,2.536195,15.449876,-4.882896e-10,0.002536198,0.01544989,False,0.016783,False
2018-02-10,RS01SUM1-LJ01B-12-VEL3DB104,3,True,2018-02-10T00:00:00Z,2018-02-10T23:59:59Z,86400,86400,0,1.0,1.000108719,0.999999142,-0.004210936,0,0,0,0,-0.0,2.496371,16.758881,-4.545904e-10,0.002496373,0.0167589,False,0.016171,False
2018-02-11,RS01SUM1-LJ01B-12-VEL3DB104,3,True,2018-02-11T00:00:00Z,2018-02-11T23:59:59Z,86400,86400,0,1.0,1.000091076,0.999999133,-0.000165498,0,0,0,0,-0.0,2.663068,13.975335,-4.938514e-10,0.00266307,0.01397535,False,0.015689,False
2018-02-12,RS01SUM1-LJ01B-12-VEL3DB104,3,True,2018-02-12T00:00:00Z,2018-02-12T23:59:59Z,86400,86400,0,1.0,1.000116825,0.999999151,-0.002770175,0,0,0,0,-0.0,2.644164,14.378379,-4.902021e-10,0.002644166,0.01437839,False,0.015438,False
2018-02-13,RS01SUM1-LJ01B-12-VEL3DB104,3,True,2018-02-13T00:00:00Z,2018-02-13T23:59:59Z,86400,86400,0,1.0,1.000113964,0.999999192,-0.004031078,0,0,0,0,-0.0,2.976505,14.844281,-4.853323e-10,0.002976508,0.01484429,False,0.015798,False
2018-02-14,RS01SUM1-LJ01B-12-VEL3DB104,3,True,2018-02-14T00:00:00Z,2018-02-14T23:59:59Z,86400,86400,0,1.0,1.000113964,0.999999165,0.000259014,0,0,0,0,-0.0,2.640269,15.379042,-4.797114e-10,0.002640272,0.01537905,False,0.015039,False
2018-02-15,RS01SUM1-LJ01B-12-VEL3DB104,3,True,2018-02-15T00:00:00Z,2018-02-15T23:59:59Z,86400,86400,0,1.0,1.000118256,0.999999235,-4.5337e-05,0,0,0,0,-0.0,3.596067,16.154826,-4.558916e-10,0.00359607,0.01615484,False,0.015576,False
2018-02-16,RS01SUM1-LJ01B-12-VEL3DB104,3,True,2018-02-16T00:00:00Z,2018-02-16T23:59:59Z,86400,86400,0,1.0,1.000117779,0.999999247,0.001470417,0,0,0,0,-1e-06,2.755516,14.082251,-5.014845e-10,0.002755518,0.01408226,False,0.015572,False
2018-02-17,RS01SUM1-LJ01B-12-VEL3DB104,3,True,2018-02-17T00:00:00Z,2018-02-17T23:59:59Z,86401,86401,0,1.0,1.00011301,0.999999215,-0.00056147,0,0,7,7,-0.0,2.68693,15.153965,-9.840354e-11,0.002686932,0.01515398,False,0.014061,False
2018-02-18,RS01SUM1-LJ01B-12-VEL3DB104,3,True,2018-02-18T00:00:00Z,2018-02-18T23:59:59Z,86400,86400,0,1.0,1.000121117,0.999999179,0.001697298,0,0,0,0,-0.0,2.572375,13.639726,-4.686901e-10,0.002572377,0.01363974,False,0.015401,False
2018-02-19,RS01SUM1-LJ01B-12-VEL3DB104,3,True,2018-02-19T00:00:00Z,2018-02-19T23:59:59Z,86400,86400,0,1.0,1.000107765,0.999999168,-0.001147735,0,0,0,0,-0.0,2.492164,13.732846,-4.99342e-10,0.002492166,0.01373286,False,0.016739,False
2018-02-20,RS01SUM1-LJ01B-12-VEL3DB104,3,True,2018-02-20T00:00:00Z,2018-02-20T23:59:59Z,77108,86399,9291,1.0,1.000094891,1.000010997,0.272316295,1,9291,1,9291,-0.0,258.021044,460.084976,-4.408736e-10,0.2580182,0.4600799,True,0.115604,True
2018-02-21,RS01SUM1-LJ01B-12-VEL3DB104,3,True,2018-02-21T00:00:00Z,2018-02-21T23:59:59Z,86400,86400,0,1.0,1.000095844,0.999999186,-0.007500794,0,0,0,0,-0.0,3.405143,19.14136,-4.381144e-10,0.003405146,0.01914138,False,0.015251,False
2018-02-22,RS01SUM1-LJ01B-12-VEL3DB104,3,True,2018-02-22T00:00:00Z,2018-02-22T23:59:59Z,85274,86400,1126,1.0,1.000087738,0.999999062,-0.000994299,2,1126,2,1126,-0.0,2.530871,15.465582,-3.090273e-11,0.002530874,0.0154656,False,0.068553,True
2018-02-23,RS01SUM1-LJ01B-12-VEL3DB104,3,True,2018-02-23T00:00:00Z,2018-02-23T23:59:59Z,86400,86400,0,1.0,1.000109673,0.999999126,-0.001005152,0,0,0,0,-1e-06,2.362582,15.209687,-5.086067e-10,0.002362584,0.0152097,False,0.014807,False
2018-02-24,RS01SUM1-LJ01B-12-VEL3DB104,3,True,2018-02-24T00:00:00Z,2018-02-24T23:59:59Z,86400,86400,0,1.0,1.000107288,0.999999089,0.005572636,0,0,0,0,-0.0,2.827699,15.432317,-4.917574e-10,0.002827702,0.01543233,False,0.015766,False
2018-02-25,RS01SUM1-LJ01B-12-VEL3DB104,3,True,2018-02-25T00:00:00Z,2018-02-25T23:59:59Z,86400,86400,0,1.0,1.000121117,0.99999911,-0.00028007,0,0,0,0,-1e-06,2.522067,18.345676,-5.030874e-10,0.002522069,0.01834569,False,0.017278,False
2018-02-26,RS01SUM1-LJ01B-12-VEL3DB104,3,True,2018-02-26T00:00:00Z,2018-02-26T23:59:59Z,86400,86400,0,1.0,1.000111103,0.999999097,-0.001741279,0,0,0,0,-1e-06,2.313297,14.759735,-5.083276e-10,0.002313299,0.01475975,False,0.016022,False
2018-02-27,RS01SUM1-LJ01B-12-VEL3DB104,3,True,2018-02-27T00:00:00Z,2018-02-27T23:59:59Z,86400,86400,0,1.0,1.000111103,0.99999906,0.000612558,0,0,0,0,-0.0,2.504951,14.673248,-4.687154e-10,0.002504953,0.01467326,False,0.016042,False
2018-02-28,RS01SUM1-LJ01B-12-VEL3DB104,3,True,2018-02-28T00:00:00Z,2018-02-28T23:59:59Z,86400,86400,0,1.0,1.000109196,0.999999047,0.004524543,0,0,0,0,-0.0,2.338225,12.868506,-4.925754e-10,0.002338227,0.01286852,False,0.015959,False
2018-03-01,RS01SUM1-LJ01B-12-VEL3DB104,3,True,2018-03-01T00:00:00Z,2018-03-01T23:59:59Z,86400,86400,0,1.0,1.000118732,0.999999107,-0.000943216,0,0,0,0,-1e-06,2.473783,14.739412,-5.121907e-10,0.002473785,0.01473943,False,0.016233,False
2018-03-02,RS01SUM1-LJ01B-12-VEL3DB104,3,True,2018-03-02T00:00:00Z,2018-03-02T23:59:59Z,86401,86401,0,1.0,1.000110149,0.999999136,-0.000552321,0,0,6,6,-0.0,2.598108,15.815041,-2.579683e-11,0.00259811,0.01581505,False,0.015342,False
2018-03-03,RS01SUM1-LJ01B-12-VEL3DB104,3,True,2018-03-03T00:00:00Z,2018-03-03T23:59:59Z,86400,86400,0,1.0,1.000115871,0.999999086,-0.000710644,0,0,0,0,-1e-06,2.574254,16.127867,-5.092762e-10,0.002574257,0.01612788,False,0.016155,False
2018-03-04,RS01SUM1-LJ01B-12-VEL3DB104,3,True,2018-03-04T00:00:00Z,2018-03-04T23:59:59Z,86400,86400,0,1.0,1.000089169,0.99999912,-0.005342543,0,0,0,0,-0.0,2.8817,16.487659,-4.40479e-10,0.002881703,0.01648767,False,0.01629,False
2018-03-05,RS01SUM1-LJ01B-12-VEL3DB104,3,True,2018-03-05T00:00:00Z,2018-03-05T23:59:59Z,86400,86400,0,1.0,1.000109196,0.999999102,3.6411e-05,0,0,0,0,-0.0,2.410135,14.123635,-4.563843e-10,0.002410137,0.01412365,False,0.016307,False
2018-03-06,RS01SUM1-LJ01B-12-VEL3DB104,3,True,2018-03-06T00:00:00Z,2018-03-06T23:59:59Z,86400,86400,0,1.0,1.000098705,0.999999088,-0.001399367,0,0,0,0,-0.0,2.710952,16.265135,-4.657636e-10,0.002710955,0.01626515,False,0.016651,False
2018-03-07,RS01SUM1-LJ01B-12-VEL3DB104,3,True,2018-03-07T00:00:00Z,2018-03-07T23:59:59Z,85946,86400,454,1.0,1.000102997,0.999999103,-0.002262464,3,454,3,454,-1e-06,2.535092,13.633417,-7.964706e-10,0.002535095,0.01363343,False,0.017483,True
2018-03-08,RS01SUM1-LJ01B-12-VEL3DB104,3,True,2018-03-08T00:00:00Z,2018-03-08T23:59:59Z,86400,86400,0,1.0,1.00007534,0.999999054,-0.002425171,0,0,0,0,-0.0,2.615457,13.795351,-4.318982e-10,0.002615459,0.01379536,False,0.015995,False
2018-03-09,RS01SUM1-LJ01B-12-VEL3DB104,3,True,2018-03-09T00:00:00Z,2018-03-09T23:59:59Z,86400,86400,0,1.0,1.000084877,0.999999001,0.001854361,0,0,0,0,-0.0,2.339365,14.635352,-4.883038e-10,0.002339367,0.01463537,False,0.01546,False
2018-03-10,RS01SUM1-LJ01B-12-VEL3DB104,3,True,2018-03-10T00:00:00Z,2018-03-10T20:11:01Z,72662,72662,0,1.0,1.000075817,0.999999016,0.00019064,0,0,0,0,1e-06,2.770498,16.803918,5.404548e-10,0.002770501,0.01680393,False,0.015977,False
2018-03-11,RS01SUM1-LJ01B-12-VEL3DB104,3,False,,,0,0,,1.0,,,,,,,,,,,,,,,,False
2018-03-12,RS01SUM1-LJ01B-12-VEL3DB104,3,True,2018-03-12T16:24:20Z,2018-03-12T23:59:59Z,24005,27340,3335,1.0,0.999899864,1.000000165,-0.03459903,1,3335,1,3335,-0.0,2.519029,34.59903,-5.707913e-11,0.002519029,0.03459902,False,0.323392,True
2018-03-13,RS01SUM1-LJ01B-12-VEL3DB104,3,True,2018-03-13T00:00:00Z,2018-03-13T23:59:59Z,86400,86400,0,1.0,0.999927044,1.000000241,5.2909e-05,0,0,0,0,-1e-06,2.319223,13.724121,-5.032793e-10,0.002319223,0.01372412,False,0.015745,False
2018-03-14,RS01SUM1-LJ01B-12-VEL3DB104,3,True,2018-03-14T00:00:00Z,2018-03-14T23:59:59Z,86399,86399,0,1.0,0.999909878,1.000000401,0.000176219,0,0,22,22,-0.0,2.516193,15.528018,-4.332106e-10,0.002516192,0.01552801,False,0.01459,False
2018-03-15,RS01SUM1-LJ01B-12-VEL3DB104,3,True,2018-03-15T00:00:00Z,2018-03-15T23:59:59Z,86400,86400,0,1.0,0.999931812,1.000000385,-0.000344821,0,0,0,0,-0.0,2.837632,15.897164,-4.327161e-10,0.002837631,0.01589716,False,0.017269,False
2018-03-16,RS01SUM1-LJ01B-12-VEL3DB104,3,True,2018-03-16T00:00:00Z,2018-03-16T23:59:59Z,86400,86400,0,1.0,0.999957085,1.000000458,-0.003343191,0,0,0,0,-0.0,2.896402,23.420308,-4.825839e-10,0.002896401,0.0234203,False,0.015012,False
2018-03-17,RS01SUM1-LJ01B-12-VEL3DB104,3,True,2018-03-17T00:00:00Z,2018-03-17T23:59:59Z,86400,86400,0,1.0,0.999974728,1.000000396,-0.005253771,0,0,0,0,-0.0,2.462258,13.541169,-4.752425e-10,0.002462257,0.01354116,False,0.016856,False
2018-03-18,RS01SUM1-LJ01B-12-VEL3DB104,3,True,2018-03-18T00:00:00Z,2018-03-18T23:59:59Z,86400,86400,0,1.0,0.999958992,1.000000347,-0.004309127,0,0,0,0,-1e-06,2.487667,15.505848,-5.002989e-10,0.002487666,0.01550584,False,0.014918,False
2018-03-19,RS01SUM1-LJ01B-12-VEL3DB104,3,True,2018-03-19T00:00:00Z,2018-03-19T23:59:59Z,86400,86400,0,1.0,0.999966145,1.000000296,-0.000910597,0,0,0,0,-1e-06,2.269575,14.152733,-5.123731e-10,0.002269575,0.01415273,False,0.015926,False
2018-03-20,RS01SUM1-LJ01B-12-VEL3DB104,3,True,2018-03-20T00:00:00Z,2018-03-20T23:59:59Z,86400,86400,0,1.0,0.999855995,1.000000434,-0.000900779,0,0,0,0,-1e-06,3.599833,17.667406,-5.220086e-10,0.003599831,0.0176674,False,0.016658,False
2018-03-21,RS01SUM1-LJ01B-12-VEL3DB104,3,True,2018-03-21T00:00:00Z,2018-03-21T23:59:59Z,86400,86400,0,1.0,0.99990797,1.00000029,0.003285469,0,0,0,0,-1e-06,2.6503,16.173559,-5.051941e-10,0.002650299,0.01617355,False,0.015616,False
2018-03-22,RS01SUM1-LJ01B-12-VEL3DB104,3,True,2018-03-22T00:00:00Z,2018-03-22T23:59:59Z,86400,86400,0,1.0,0.999968052,1.000000386,-0.00494796,0,0,0,0,-0.0,2.628373,13.80678,-4.921639e-10,0.002628372,0.01380677,False,0.015479,False
2018-03-23,RS01SUM1-LJ01B-12-VEL3DB104,3,True,2018-03-23T00:00:00Z,2018-03-23T23:59:59Z,86400,86400,0,1.0,0.999974728,1.00000028,-0.002691105,0,0,0,0,-0.0,2.240936,13.814305,-4.827896e-10,0.002240935,0.0138143,False,0.015248,False
2018-03-24,RS01SUM1-LJ01B-12-VEL3DB104,3,True,2018-03-24T00:00:00Z,2018-03-24T23:59:59Z,86400,86400,0,1.0,0.999969006,1.00000031,0.002759185,0,0,0,0,-0.0,3.099601,18.327467,-4.184183e-10,0.0030996,0.01832746,False,0.018206,False
2018-03-25,RS01SUM1-LJ01B-12-VEL3DB104,3,True,2018-03-25T00:00:00Z,2018-03-25T23:59:59Z,86400,86400,0,1.0,0.999991894,1.000000343,0.005685867,0,0,0,0,-0.0,4.625758,16.987049,-4.491466e-10,0.004625757,0.01698704,False,0.017079,False
2018-03-26,RS01SUM1-LJ01B-12-VEL3DB104,3,True,2018-03-26T00:00:00Z,2018-03-26T23:59:59Z,86400,86400,0,1.0,0.999958038,1.00000031,0.005627524,0,0,0,0,-0.0,3.017303,14.003432,-4.620183e-10,0.003017302,0.01400343,False,0.017257,False
2018-03-27,RS01SUM1-LJ01B-12-VEL3DB104,3,True,2018-03-27T00:00:00Z,2018-03-27T23:59:59Z,86400,86400,0,1.0,0.999992371,1.000000273,0.001266216,0,0,0,0,-0.0,3.177193,14.811406,-4.233448e-10,0.003177192,0.0148114,False,0.015984,False
2018-03-28,RS01SUM1-LJ01B-12-VEL3DB104,3,True,2018-03-28T00:00:00Z,2018-03-28T23:59:59Z,86400,86400,0,1.0,0.999994278,1.00000026,-0.000582972,0,0,0,0,-0.0,2.386781,14.723199,-4.453161e-10,0.002386781,0.0147232,False,0.015932,False
2018-03-29,RS01SUM1-LJ01B-12-VEL3DB104,3,True,2018-03-29T00:00:00Z,2018-03-29T23:59:59Z,86400,86400,0,1.0,0.999880791,1.000000409,-0.004633979,0,0,0,0,-0.0,3.188445,20.362033,-4.765525e-10,0.003188444,0.02036202,False,0.016074,False
2018-03-30,RS01SUM1-LJ01B-12-VEL3DB104,3,True,2018-03-30T00:00:00Z,2018-03-30T23:59:59Z,86400,86400,0,1.0,0.999985218,1.000000319,-0.003058962,0,0,0,0,-0.0,2.636754,14.434815,-4.988949e-10,0.002636754,0.01443481,False,0.017116,False
2018-03-31,RS01SUM1-LJ01B-12-VEL3DB104,3,True,2018-03-31T00:00:00Z,2018-03-31T23:59:59Z,86400,86400,0,1.0,1.0,1.000000364,-0.0013294,0,0,0,0,-0.0,2.607821,16.751021,-4.649436e-10,0.002607821,0.01675102,False,0.016841,False
2018-04-01,RS01SUM1-LJ01B-12-VEL3DB104,3,True,2018-04-01T00:00:00Z,2018-04-01T23:59:59Z,86400,86400,0,1.0,0.999969959,1.000000367,0.004862874,0,0,0,0,-0.0,3.268467,16.216247,-4.977485e-10,0.003268466,0.01621624,False,0.015703,False
2018-04-02,RS01SUM1-LJ01B-12-VEL3DB104,3,True,2018-04-02T00:00:00Z,2018-04-02T23:59:59Z,86400,86400,0,1.0,0.999964714,1.000000292,0.00090191,0,0,0,0,-0.0,2.579792,14.787901,-4.875012e-10,0.002579791,0.0147879,False,0.01552,False
2018-04-03,RS01SUM1-LJ01B-12-VEL3DB104,3,True,2018-04-03T00:00:00Z,2018-04-03T23:59:59Z,86400,86400,0,1.0,0.999935627,1.000000335,0.00707266,0,0,0,0,-0.0,2.234659,13.251126,-4.777857e-10,0.002234658,0.01325112,False,0.015764,False
2018-04-04,RS01SUM1-LJ01B-12-VEL3DB104,3,True,2018-04-04T00:00:00Z,2018-04-04T23:59:59Z,86400,86400,0,1.0,0.999911785,1.000000343,-0.001061906,0,0,0,0,-1e-06,2.334407,14.456028,-5.184001e-10,0.002334406,0.01445602,False,0.01714,False
2018-04-05,RS01SUM1-LJ01B-12-VEL3DB104,3,True,2018-04-05T00:00:00Z,2018-04-05T23:59:59Z,86400,86400,0,1.0,0.999979019,1.000000407,-0.000890068,0,0,0,0,-0.0,2.703834,17.282745,-4.949136e-10,0.002703833,0.01728274,False,0.016348,False
2018-04-06,RS01SUM1-LJ01B-12-VEL3DB104,3,True,2018-04-06T00:00:00Z,2018-04-06T23:59:59Z,86400,86400,0,1.0,0.999958038,1.000000262,0.002699097,0,0,0,0,-1e-06,4.359567,17.163666,-5.191031e-10,0.004359566,0.01716366,False,0.016339,False
2018-04-07,RS01SUM1-LJ01B-12-VEL3DB104,3,True,2018-04-07T00:00:00Z,2018-04-07T23:59:59Z,86400,86400,0,1.0,0.999953747,1.000000282,0.002823107,0,0,0,0,-0.0,2.961071,15.344732,-4.459937e-10,0.00296107,0.01534473,False,0.017258,False
2018-04-08,RS01SUM1-LJ01B-12-VEL3DB104,3,True,2018-04-08T00:00:00Z,2018-04-08T23:59:59Z,86400,86400,0,1.0,0.999982357,1.000000356,-0.001549491,0,0,0,0,-0.0,3.465642,21.910828,-4.658557e-10,0.003465641,0.02191082,False,0.016219,False
2018-04-09,RS01SUM1-LJ01B-12-VEL3DB104,3,True,2018-04-09T00:00:00Z,2018-04-09T23:59:59Z,86400,86400,0,1.0,0.999974728,1.000000278,0.000180523,0,0,0,0,-0.0,2.44798,14.801014,-4.42636e-10,0.002447979,0.01480101,False,0.016158,False
2018-04-10,RS01SUM1-LJ01B-12-VEL3DB104,3,True,2018-04-10T00:00:00Z,2018-04-10T23:59:59Z,86400,86400,0,1.0,0.999970913,1.000000316,-0.002771561,0,0,0,0,-1e-06,2.402423,13.507304,-5.092238e-10,0.002402422,0.0135073,False,0.017167,False
2018-04-11,RS01SUM1-LJ01B-12-VEL3DB104,3,True,2018-04-11T00:00:00Z,2018-04-11T23:59:59Z,86400,86400,0,1.0,0.999958038,1.000000312,-0.001567806,0,0,0,0,-1e-06,2.500004,15.387526,-5.322017e-10,0.002500004,0.01538752,False,0.017358,False
2018-04-12,RS01SUM1-LJ01B-12-VEL3DB104,3,True,2018-04-12T00:00:00Z,2018-04-12T23:59:59Z,86400,86400,0,1.0,0.999938965,1.000000284,0.005799476,0,0,0,0,-0.0,2.542839,14.792934,-4.024309e-10,0.002542838,0.01479293,False,0.016052,False
2018-04-13,RS01SUM1-LJ01B-12-VEL3DB104,3,True,2018-04-13T00:00:00Z,2018-04-13T23:59:59Z,86400,86400,0,1.0,1.0,1.000000431,-0.000512694,0,0,0,0,-0.0,2.832333,16.154299,-4.952885e-10,0.002832332,0.01615429,False,0.015494,False
2018-04-14,RS01SUM1-LJ01B-12-VEL3DB104,3,True,2018-04-14T00:00:00Z,2018-04-14T23:59:59Z,86400,86400,0,1.0,0.999979019,1.000000303,-0.001029044,0,0,0,0,-1e-06,2.48979,13.975962,-5.309327e-10,0.002489789,0.01397596,False,0.016017,False
2018-04-15,RS01SUM1-LJ01B-12-VEL3DB104,3,True,2018-04-15T00:00:00Z,2018-04-15T23:59:59Z,86400,86400,0,1.0,0.999968052,1.000000294,0.000863185,0,0,0,0,-0.0,2.423055,13.69251,-4.332997e-10,0.002423054,0.01369251,False,0.016471,False
2018-04-16,RS01SUM1-LJ01B-12-VEL3DB104,3,True,2018-04-16T00:00:00Z,2018-04-16T23:59:59Z,86400,86400,0,1.0,0.999946594,1.000000301,0.002205754,0,0,0,0,-0.0,2.228768,13.082407,-4.890227e-10,0.002228768,0.0130824,False,0.015825,False
2018-04-17,RS01SUM1-LJ01B-12-VEL3DB104,3,True,2018-04-17T00:00:00Z,2018-04-17T23:59:59Z,86400,86400,0,1.0,0.999949932,1.000000306,0.003782789,0,0,0,0,-0.0,2.278983,16.13228,-4.8114e-10,0.002278982,0.01613227,False,0.016161,False
2018-04-18,RS01SUM1-LJ01B-12-VEL3DB104,3,True,2018-04-18T00:00:00Z,2018-04-18T23:59:59Z,86399,86399,0,1.0,0.999976873,1.000000298,0.004766402,0,0,19,19,-0.0,2.892545,17.18794,-3.615562e-11,0.002892544,0.01718794,False,0.015736,False
2018-04-19,RS01SUM1-LJ01B-12-VEL3DB104,3,True,2018-04-19T00:00:00Z,2018-04-19T23:59:59Z,86264,86400,136,1.0,0.999985695,1.000000331,0.0003312,7,136,7,136,-0.0,2.485306,14.9481,-1.028942e-10,0.002485305,0.01494809,False,0.017248,True
2018-04-20,RS01SUM1-LJ01B-12-VEL3DB104,3,True,2018-04-20T00:00:00Z,2018-04-20T23:59:59Z,86400,86400,0,1.0,0.999989986,1.000000324,0.007505681,0,0,0,0,-0.0,2.811073,16.506211,-4.711338e-10,0.002811073,0.01650621,False,0.016772,False
2018-04-21,RS01SUM1-LJ01B-12-VEL3DB104,3,True,2018-04-21T00:00:00Z,2018-04-21T23:59:59Z,86400,86400,0,1.0,0.999968052,1.000000352,-0.002532497,0,0,0,0,-0.0,3.063376,27.732141,-4.349262e-10,0.003063375,0.02773213,False,0.018446,False
2018-04-22,RS01SUM1-LJ01B-12-VEL3DB104,3,True,2018-04-22T00:00:00Z,2018-04-22T23:59:59Z,86400,86400,0,1.0,1.000002861,1.000000373,0.000377981,0,0,0,0,-0.0,3.625533,16.764874,-4.814516e-10,0.003625532,0.01676487,False,0.016008,False
2018-04-23,RS01SUM1-LJ01B-12-VEL3DB104,3,True,2018-04-23T00:00:00Z,2018-04-23T23:59:59Z,86400,86400,0,1.0,1.000008583,1.000000361,0.005586546,0,0,0,0,-1e-06,2.530404,15.249605,-5.044287e-10,0.002530403,0.0152496,False,0.017163,False
2018-04-24,RS01SUM1-LJ01B-12-VEL3DB104,3,True,2018-04-24T00:00:00Z,2018-04-24T23:59:59Z,86400,86400,0,1.0,0.999971867,1.000000317,0.001803505,0,0,0,0,-1e-06,2.616348,13.92117,-5.013879e-10,0.002616348,0.01392117,False,0.015575,False
2018-04-25,RS01SUM1-LJ01B-12-VEL3DB104,3,True,2018-04-25T00:00:00Z,2018-04-25T23:59:59Z,86400,86400,0,1.0,1.000013828,1.000000314,-0.002098074,0,0,0,0,-0.0,2.45811,13.445479,-4.801663e-10,0.00245811,0.01344547,False,0.016874,False
2018-04-26,RS01SUM1-LJ01B-12-VEL3DB104,3,True,2018-04-26T00:00:00Z,2018-04-26T23:59:59Z,86286,86400,114,1.0,1.000021935,1.000000344,-0.000982059,6,114,6,114,0.0,3.100161,19.455677,1.845682e-10,0.003100159,0.01945567,False,0.016239,True
2018-04-27,RS01SUM1-LJ01B-12-VEL3DB104,3,True,2018-04-27T00:00:00Z,2018-04-27T23:59:59Z,86400,86400,0,1.0,0.99999094,1.000000343,-0.003598986,0,0,0,0,-1e-06,2.477154,15.438603,-5.199208e-10,0.002477154,0.0154386,False,0.016775,False
2018-04-28,RS01SUM1-LJ01B-12-VEL3DB104,3,True,2018-04-28T00:00:00Z,2018-04-28T23:59:59Z,86400,86400,0,1.0,0.999952793,1.000000347,0.00578413,0,0,0,0,-0.0,3.149928,14.924752,-4.537641e-10,0.003149927,0.01492475,False,0.016771,False
2018-04-29,RS01SUM1-LJ01B-12-VEL3DB104,3,True,2018-04-29T00:00:00Z,2018-04-29T23:59:59Z,86400,86400,0,1.0,0.999910831,1.000000468,-0.001644236,0,0,0,0,-0.0,3.939094,19.760318,-4.810133e-10,0.003939092,0.01976031,False,0.015329,False
2018-04-30,RS01SUM1-LJ01B-12-VEL3DB104,3,True,2018-04-30T00:00:00Z,2018-04-30T23:59:59Z,86400,86400,0,1.0,1.000014782,1.000000358,0.00025368,0,0,0,0,-1e-06,2.333708,15.316849,-5.029892e-10,0.002333707,0.01531684,False,0.016799,False
2018-05-01,RS01SUM1-LJ01B-12-VEL3DB104,3,True,2018-05-01T00:00:00Z,2018-05-01T23:59:59Z,86400,86400,0,1.0,0.99996233,1.000000363,0.008367007,0,0,0,0,-0.0,2.803745,17.187281,-4.960866e-10,0.002803744,0.01718727,False,0.01578,False
2018-05-02,RS01SUM1-LJ01B-12-VEL3DB104,3,True,2018-05-02T00:00:00Z,2018-05-02T23:59:59Z,86400,86400,0,1.0,1.000005722,1.000000293,0.003028916,0,0,0,0,-0.0,2.913037,16.094017,-4.264045e-10,0.002913036,0.01609401,False,0.016723,False
2018-05-03,RS01SUM1-LJ01B-12-VEL3DB104,3,True,2018-05-03T00:00:00Z,2018-05-03T23:59:59Z,86400,86400,0,1.0,0.999958038,1.000000432,0.006734923,0,0,0,0,-0.0,3.340527,16.456071,-4.666808e-10,0.003340525,0.01645606,False,0.015646,False
2018-05-04,RS01SUM1-LJ01B-12-VEL3DB104,3,True,2018-05-04T00:00:00Z,2018-05-04T23:59:59Z,86400,86400,0,1.0,1.000011921,1.00000043,-0.001328194,0,0,0,0,-0.0,2.910992,16.558951,-4.478343e-10,0.002910991,0.01655894,False,0.015594,False
2018-05-05,RS01SUM1-LJ01B-12-VEL3DB104,3,True,2018-05-05T00:00:00Z,2018-05-05T23:59:59Z,86400,86400,0,1.0,1.000008106,1.00000045,0.000671519,0,0,0,0,-1e-06,3.696896,18.695394,-5.477387e-10,0.003696895,0.01869539,False,0.016457,False
2018-05-06,RS01SUM1-LJ01B-12-VEL3DB104,3,True,2018-05-06T00:00:00Z,2018-05-06T23:59:59Z,86400,86400,0,1.0,0.999925137,1.000000327,-0.001170076,0,0,0,0,-1e-06,2.668608,16.840865,-5.235573e-10,0.002668608,0.01684086,False,0.015681,False
2018-05-07,RS01SUM1-LJ01B-12-VEL3DB104,3,True,2018-05-07T00:00:00Z,2018-05-07T23:59:59Z,86400,86400,0,1.0,0.999950886,1.000000274,0.000303208,0,0,0,0,-0.0,2.420262,13.646707,-4.479e-10,0.002420262,0.0136467,False,0.015721,False
2018-05-08,RS01SUM1-LJ01B-12-VEL3DB104,3,True,2018-05-08T00:00:00Z,2018-05-08T23:59:59Z,86400,86400,0,1.0,0.999970913,1.000000334,0.007284238,0,0,0,0,-0.0,3.070726,17.156026,-4.923841e-10,0.003070725,0.01715602,False,0.015795,False
2018-05-09,RS01SUM1-LJ01B-12-VEL3DB104,3,True,2018-05-09T00:00:00Z,2018-05-09T23:59:59Z,86400,86400,0,1.0,0.999927044,1.000000316,0.004447043,0,0,0,0,-0.0,2.718071,16.65717,-4.831593e-10,0.00271807,0.01665716,False,0.015457,False
2018-05-10,RS01SUM1-LJ01B-12-VEL3DB104,3,True,2018-05-10T00:00:00Z,2018-05-10T23:59:59Z,86400,86400,0,1.0,0.999918938,1.000000253,-0.0006775,0,0,0,0,-0.0,2.700086,17.724526,-4.662257e-10,0.002700085,0.01772452,False,0.016457,False
2018-05-11,RS01SUM1-LJ01B-12-VEL3DB104,3,True,2018-05-11T00:00:00Z,2018-05-11T23:59:59Z,86383,86400,17,1.0,0.999929667,1.000000346,-0.000410104,1,17,1,17,0.0,4.681876,18.001927,4.211241e-11,0.004681874,0.01800192,False,0.016528,True
2018-05-12,RS01SUM1-LJ01B-12-VEL3DB104,3,True,2018-05-12T00:00:00Z,2018-05-12T23:59:59Z,86400,86400,0,1.0,0.999951839,1.000000225,0.003159128,0,0,0,0,-1e-06,2.34854,15.816613,-5.216765e-10,0.002348539,0.01581661,False,0.016819,False
2018-05-13,RS01SUM1-LJ01B-12-VEL3DB104,3,True,2018-05-13T00:00:00Z,2018-05-13T23:59:59Z,86400,86400,0,1.0,0.999942303,1.000000354,-0.001251115,0,0,0,0,-0.0,2.492501,15.868598,-4.844475e-10,0.0024925,0.01586859,False,0.014238,False
2018-05-14,RS01SUM1-LJ01B-12-VEL3DB104,3,True,2018-05-14T00:00:00Z,2018-05-14T23:59:59Z,86400,86400,0,1.0,0.999959946,1.00000039,-0.00097277,0,0,0,0,-1e-06,3.198066,14.5627,-5.047545e-10,0.003198064,0.01456269,False,0.015273,False
2018-05-15,RS01SUM1-LJ01B-12-VEL3DB104,3,True,2018-05-15T00:00:00Z,2018-05-15T23:59:59Z,86400,86400,0,1.0,0.999921799,1.000000261,0.000913497,0,0,0,0,-1e-06,3.309303,15.671216,-5.035361e-10,0.003309302,0.01567121,False,0.016942,False
2018-05-16,RS01SUM1-LJ01B-12-VEL3DB104,3,True,2018-05-16T00:00:00Z,2018-05-16T23:59:59Z,86400,86400,0,1.0,0.999932289,1.000000331,0.004183565,0,0,0,0,-0.0,2.766275,16.067837,-4.682099e-10,0.002766274,0.01606783,False,0.015242,False
2018-05-17,RS01SUM1-LJ01B-12-VEL3DB104,3,True,2018-05-17T00:00:00Z,2018-05-17T23:59:59Z,86400,86400,0,1.0,0.999918938,1.000000369,-0.003902421,0,0,0,0,-0.0,4.072784,16.361757,-4.589187e-10,0.004072782,0.01636175,False,0.015781,False
2018-05-18,RS01SUM1-LJ01B-12-VEL3DB104,3,True,2018-05-18T00:00:00Z,2018-05-18T23:59:59Z,86271,86400,129,1.0,0.999913454,1.000000556,-0.004411179,2,129,2,129,-0.0,4.757362,22.555688,-1.25058e-10,0.004757359,0.02255568,False,0.015802,True
2018-05-19,RS01SUM1-LJ01B-12-VEL3DB104,3,True,2018-05-19T00:00:00Z,2018-05-19T23:59:59Z,86400,86400,0,1.0,0.999900818,1.000000306,-0.005825579,0,0,0,0,-0.0,2.912875,16.515952,-4.526685e-10,0.002912874,0.01651595,False,0.015609,False
2018-05-20,RS01SUM1-LJ01B-12-VEL3DB104,3,True,2018-05-20T00:00:00Z,2018-05-20T23:59:59Z,86400,86400,0,1.0,0.999912739,1.000000249,-0.001770527,0,0,0,0,-0.0,2.71774,16.103211,-4.6547e-10,0.00271774,0.01610321,False,0.017357,False
2018-05-21,RS01SUM1-LJ01B-12-VEL3DB104,3,True,2018-05-21T00:00:00Z,2018-05-21T23:59:59Z,86400,86400,0,1.0,0.999906063,1.000000282,0.005219364,0,0,0,0,-1e-06,2.223832,14.203735,-5.096652e-10,0.002223831,0.01420373,False,0.015991,False
2018-05-22,RS01SUM1-LJ01B-12-VEL3DB104,3,True,2018-05-22T00:00:00Z,2018-05-22T23:59:59Z,86399,86399,0,1.0,0.999906063,1.00000025,-0.001583204,0,0,34,34,-0.0,2.500867,15.013118,-4.405218e-10,0.002500867,0.01501311,False,0.017064,False
2018-05-23,RS01SUM1-LJ01B-12-VEL3DB104,3,True,2018-05-23T00:00:00Z,2018-05-23T23:59:59Z,86400,86400,0,1.0,0.999952316,1.000000219,0.001333212,0,0,0,0,-0.0,3.548254,19.014966,-4.727475e-10,0.003548254,0.01901496,False,0.016641,False
2018-05-24,RS01SUM1-LJ01B-12-VEL3DB104,3,True,2018-05-24T00:00:00Z,2018-05-24T23:59:59Z,86400,86400,0,1.0,0.999909401,1.000000379,0.005381552,0,0,0,0,-0.0,2.690527,16.06911,-4.830142e-10,0.002690526,0.0160691,False,0.015779,False
2018-05-25,RS01SUM1-LJ01B-12-VEL3DB104,3,True,2018-05-25T00:00:00Z,2018-05-25T23:59:59Z,86400,86400,0,1.0,0.999921799,1.000000291,0.000776388,0,0,0,0,-1e-06,2.987227,17.203419,-5.157822e-10,0.002987226,0.01720341,False,0.014651,False
2018-05-26,RS01SUM1-LJ01B-12-VEL3DB104,3,True,2018-05-26T00:00:00Z,2018-05-26T23:59:59Z,86400,86400,0,1.0,0.999916077,1.000000261,-0.004711389,0,0,0,0,-1e-06,3.567609,20.475161,-5.022885e-10,0.003567608,0.02047516,False,0.01585,False
2018-05-27,RS01SUM1-LJ01B-12-VEL3DB104,3,True,2018-05-27T00:00:00Z,2018-05-27T23:59:59Z,86400,86400,0,1.0,0.999950886,1.000000347,-0.004589326,0,0,0,0,-0.0,3.543975,18.584143,-4.865284e-10,0.003543974,0.01858414,False,0.01597,False
2018-05-28,RS01SUM1-LJ01B-12-VEL3DB104,3,True,2018-05-28T00:00:00Z,2018-05-28T23:59:59Z,86400,86400,0,1.0,0.999931812,1.000000241,-0.001085515,0,0,0,0,-0.0,2.743518,20.50142,-4.785037e-10,0.002743517,0.02050142,False,0.016955,False
2018-05-29,RS01SUM1-LJ01B-12-VEL3DB104,3,True,2018-05-29T00:00:00Z,2018-05-29T23:59:59Z,86400,86400,0,1.0,0.999938011,1.000000326,0.003566917,0,0,0,0,-0.0,2.759959,15.139549,-4.253153e-10,0.002759958,0.01513954,False,0.016957,False
2018-05-30,RS01SUM1-LJ01B-12-VEL3DB104,3,True,2018-05-30T00:00:00Z,2018-05-30T23:59:59Z,86400,86400,0,1.0,0.99992609,1.000000311,-0.00255138,0,0,0,0,-1e-06,2.311799,14.786911,-5.027469e-10,0.002311798,0.01478691,False,0.016965,False
2018-05-31,RS01SUM1-LJ01B-12-VEL3DB104,3,True,2018-05-31T00:00:00Z,2018-05-31T23:59:59Z,86400,86400,0,1.0,0.999946594,1.000000334,-0.001267833,0,0,0,0,-1e-06,2.931786,15.555445,-5.080038e-10,0.002931785,0.01555544,False,0.015553,False
2018-06-01,RS01SUM1-LJ01B-12-VEL3DB104,3,True,2018-06-01T00:00:00Z,2018-06-01T23:59:59Z,86400,86400,0,1.0,0.999934196,1.00000038,-0.000104893,0,0,0,0,-0.0,2.703446,17.280176,-4.846271e-10,0.002703445,0.01728017,False,0.015724,False
2018-06-02,RS01SUM1-LJ01B-12-VEL3DB104,3,True,2018-06-02T00:00:00Z,2018-06-02T23:59:59Z,86400,86400,0,1.0,0.999891281,1.000000397,0.000358395,0,0,0,0,-0.0,2.448872,14.536616,-4.404669e-10,0.002448871,0.01453661,False,0.016011,False
2018-06-03,RS01SUM1-LJ01B-12-VEL3DB104,3,True,2018-06-03T00:00:00Z,2018-06-03T23:59:59Z,86400,86400,0,1.0,0.999894142,1.000000341,0.002911959,0,0,0,0,-1e-06,2.259413,16.290964,-5.126511e-10,0.002259412,0.01629096,False,0.015247,False
2018-06-04,RS01SUM1-LJ01B-12-VEL3DB104,3,True,2018-06-04T00:00:00Z,2018-06-04T23:59:59Z,86400,86400,0,1.0,0.999918938,1.000000283,0.005279568,0,0,0,0,-0.0,2.796235,16.582675,-4.748218e-10,0.002796234,0.01658267,False,0.015453,False
2018-06-05,RS01SUM1-LJ01B-12-VEL3DB104,3,True,2018-06-05T00:00:00Z,2018-06-05T23:59:59Z,86299,86400,101,1.0,0.999978065,1.000000381,0.00447661,1,101,1,101,0.0,3.931214,17.917234,4.198689e-10,0.003931212,0.01791723,False,0.016236,True
2018-06-06,RS01SUM1-LJ01B-12-VEL3DB104,3,True,2018-06-06T00:00:00Z,2018-06-06T23:59:59Z,86400,86400,0,1.0,0.999970913,1.000000348,-0.004319375,0,0,0,0,-0.0,2.546411,15.636299,-4.705002e-10,0.00254641,0.01563629,False,0.014783,False
2018-06-07,RS01SUM1-LJ01B-12-VEL3DB104,3,True,2018-06-07T00:00:00Z,2018-06-07T23:59:59Z,86400,86400,0,1.0,0.999922752,1.000000293,6.9875e-05,0,0,0,0,-1e-06,2.257113,13.317293,-5.235307e-10,0.002257112,0.01331729,False,0.015005,False
2018-06-08,RS01SUM1-LJ01B-12-VEL3DB104,3,True,2018-06-08T00:00:00Z,2018-06-08T23:59:59Z,82327,86400,4073,1.0,1.000016928,1.000004352,-0.101313435,1,4073,1,4073,1e-06,99.15462,188.458318,7.531502e-10,0.09915419,0.1884575,False,0.305639,True
2018-06-09,RS01SUM1-LJ01B-12-VEL3DB104,3,True,2018-06-09T00:00:00Z,2018-06-09T23:59:59Z,86400,86400,0,1.0,1.000218868,0.999998983,-0.001641919,0,0,0,0,-1e-06,1.959543,12.842763,-5.112787e-10,0.001959545,0.01284278,False,0.016452,False
2018-06-10,RS01SUM1-LJ01B-12-VEL3DB104,3,True,2018-06-10T00:00:00Z,2018-06-10T23:59:59Z,86400,86400,0,1.0,1.000219345,0.999999002,0.001758422,0,0,0,0,-1e-06,2.066297,14.965423,-5.362649e-10,0.002066299,0.01496544,False,0.016205,False
2018-06-11,RS01SUM1-LJ01B-12-VEL3DB104,3,True,2018-06-11T00:00:00Z,2018-06-11T23:59:59Z,86400,86400,0,1.0,1.000205994,0.999998955,0.002373581,0,0,0,0,-1e-06,2.651682,16.102517,-5.473126e-10,0.002651685,0.01610253,False,0.01657,False
2018-06-12,RS01SUM1-LJ01B-12-VEL3DB104,3,True,2018-06-12T00:00:00Z,2018-06-12T23:59:59Z,86400,86400,0,1.0,1.00022316,0.999998983,0.002392388,0,0,0,0,-1e-06,2.365884,15.41944,-5.088629e-10,0.002365886,0.01541946,False,0.016354,False
2018-06-13,RS01SUM1-LJ01B-12-VEL3DB104,3,True,2018-06-13T00:00:00Z,2018-06-13T23:59:59Z,86400,86400,0,1.0,1.000224113,0.999999041,0.000653829,0,0,0,0,-1e-06,1.995806,14.496859,-5.316802e-10,0.001995808,0.01449687,False,0.014732,False
2018-06-14,RS01SUM1-LJ01B-12-VEL3DB104,3,True,2018-06-14T00:00:00Z,2018-06-14T23:59:59Z,86400,86400,0,1.0,1.000216007,0.999999118,-0.000811982,0,0,0,0,-0.0,2.835454,19.29539,-4.654296e-10,0.002835457,0.01929541,False,0.014754,False
2018-06-15,RS01SUM1-LJ01B-12-VEL3DB104,3,True,2018-06-15T00:00:00Z,2018-06-15T23:59:59Z,86400,86400,0,1.0,1.000231266,0.999999085,-0.000229651,0,0,0,0,-0.0,2.283938,14.559614,-4.653664e-10,0.00228394,0.01455963,False,0.015403,False
2018-06-16,RS01SUM1-LJ01B-12-VEL3DB104,3,True,2018-06-16T00:00:00Z,2018-06-16T23:59:59Z,86295,86400,105,1.0,1.00022316,0.999999115,9.6139e-05,1,105,1,105,0.0,2.390398,16.179365,1.607202e-10,0.002390401,0.01617938,False,0.024576,True
2018-06-17,RS01SUM1-LJ01B-12-VEL3DB104,3,True,2018-06-17T00:00:00Z,2018-06-17T23:59:59Z,86400,86400,0,1.0,1.000222683,0.99999915,-0.001121615,0,0,0,0,-0.0,2.037929,15.2549,-4.9098e-10,0.002037931,0.01525491,False,0.01615,False
2018-06-18,RS01SUM1-LJ01B-12-VEL3DB104,3,True,2018-06-18T00:00:00Z,2018-06-18T23:59:59Z,86400,86400,0,1.0,1.000221729,0.999999161,-0.004781926,0,0,0,0,-0.0,3.790882,16.840276,-4.422718e-10,0.003790885,0.01684029,False,0.01429,False
2018-06-19,RS01SUM1-LJ01B-12-VEL3DB104,3,True,2018-06-19T00:00:00Z,2018-06-19T23:59:59Z,86401,86401,0,1.0,1.000235081,0.999999127,0.003718738,0,0,8,8,-0.0,3.341379,15.820129,-1.339332e-10,0.003341382,0.01582014,False,0.015397,False
2018-06-20,RS01SUM1-LJ01B-12-VEL3DB104,3,True,2018-06-20T00:00:00Z,2018-06-20T23:59:59Z,86400,86400,0,1.0,1.000203133,0.999999065,-0.000859834,0,0,0,0,-0.0,2.389091,16.632667,-4.878422e-10,0.002389094,0.01663268,False,0.016216,False
2018-06-21,RS01SUM1-LJ01B-12-VEL3DB104,3,True,2018-06-21T00:00:00Z,2018-06-21T23:59:59Z,86400,86400,0,1.0,1.000216961,0.999999047,0.001551498,0,0,0,0,-0.0,2.513382,16.322372,-4.883726e-10,0.002513385,0.01632239,False,0.013542,False
2018-06-22,RS01SUM1-LJ01B-12-VEL3DB104,3,True,2018-06-22T00:00:00Z,2018-06-22T23:59:59Z,86400,86400,0,1.0,1.000221729,0.999999032,0.0010529,0,0,0,0,-0.0,2.204002,16.263303,-4.940496e-10,0.002204004,0.01626332,False,0.014527,False
2018-06-23,RS01SUM1-LJ01B-12-VEL3DB104,3,True,2018-06-23T00:00:00Z,2018-06-23T23:59:59Z,86299,86400,101,1.0,1.000210047,0.999999038,-0.002771727,1,101,1,101,1e-06,2.195207,14.904634,5.941055e-10,0.002195209,0.01490465,False,0.02225,True
2018-06-24,RS01SUM1-LJ01B-12-VEL3DB104,3,True,2018-06-24T00:00:00Z,2018-06-24T23:59:59Z,86400,86400,0,1.0,1.000217438,0.999999,-0.000187575,0,0,0,0,-0.0,2.200764,14.551398,-4.956165e-10,0.002200767,0.01455141,False,0.016582,False
2018-06-25,RS01SUM1-LJ01B-12-VEL3DB104,3,True,2018-06-25T00:00:00Z,2018-06-25T18:50:54Z,67855,67855,0,1.0,1.000206947,0.999999014,0.002734918,0,0,0,0,0.0,2.228275,18.109203,3.733017e-11,0.002228278,0.01810922,False,0.016234,False
2018-06-26,RS01SUM1-LJ01B-12-VEL3DB104,3,False,,,0,0,,1.0,,,,,,,,,,,,,,,,False
2018-06-27,RS01SUM1-LJ01B-12-VEL3DB104,4,False,,,0,0,,1.0,,,,,,,,,,,,,,,,False
2018-06-28,RS01SUM1-LJ01B-12-VEL3DB104,4,True,2018-06-28T22:46:27Z,2018-06-28T23:59:59Z,4413,4413,0,1.0,0.99981308,0.999992504,-0.01013783,0,0,0,0,-0.0,0.998827,10.13783,-4.756184e-12,0.0009988346,0.01013791,False,0.011569,False
2018-06-29,RS01SUM1-LJ01B-12-VEL3DB104,4,True,2018-06-29T00:00:00Z,2018-06-29T23:59:59Z,86400,86400,0,1.0,0.999839306,0.999992705,-0.001925497,0,0,0,0,-1e-06,1.641067,10.110951,-5.234724e-10,0.001641079,0.01011102,False,0.011799,False
2018-06-30,RS01SUM1-LJ01B-12-VEL3DB104,4,True,2018-06-30T00:00:00Z,2018-06-30T23:59:59Z,86401,86401,0,1.0,0.999834061,0.999992711,-0.002423904,0,0,2,2,1e-06,1.745194,6.265915,5.435847e-10,0.001745207,0.006265961,False,0.007575,False
2018-07-01,RS01SUM1-LJ01B-12-VEL3DB104,4,True,2018-07-01T00:00:00Z,2018-07-01T23:59:59Z,86401,86401,0,1.0,0.999830961,0.9999927,-0.002812954,0,0,0,0,1e-06,1.966825,6.897373,9.155436e-10,0.001966839,0.006897423,False,0.00583,False
2018-07-02,RS01SUM1-LJ01B-12-VEL3DB104,4,True,2018-07-02T00:00:00Z,2018-07-02T23:59:59Z,86400,86400,0,1.0,0.999865055,0.999992671,0.002316471,0,0,0,0,-0.0,1.763058,7.572676,-4.616939e-10,0.00176307,0.007572731,False,0.005804,False
2018-07-03,RS01SUM1-LJ01B-12-VEL3DB104,4,True,2018-07-03T00:00:00Z,2018-07-03T23:59:59Z,86401,86401,0,1.0,0.999896049,0.999992686,-0.001298041,0,0,2,2,0.0,1.960613,7.558607,4.760934e-10,0.001960627,0.007558662,False,0.005416,False
2018-07-04,RS01SUM1-LJ01B-12-VEL3DB104,4,True,2018-07-04T00:00:00Z,2018-07-04T23:59:59Z,86400,86400,0,1.0,0.999866962,0.999992671,0.003057016,0,0,0,0,-1e-06,2.397693,11.339502,-5.036361e-10,0.002397711,0.01133959,False,0.010435,False
2018-07-05,RS01SUM1-LJ01B-12-VEL3DB104,4,True,2018-07-05T00:00:00Z,2018-07-05T23:59:59Z,86246,86401,155,1.0,0.999894142,0.999992633,0.000362815,7,155,7,158,-1e-06,1.475335,77.956972,-9.294286e-10,0.001475346,0.07795755,False,0.084737,True
2018-07-06,RS01SUM1-LJ01B-12-VEL3DB104,4,True,2018-07-06T00:00:00Z,2018-07-06T23:59:59Z,86316,86401,85,1.0,0.999941349,0.999992643,-0.000211321,5,85,5,87,-0.0,1.409768,6.727481,-2.065113e-10,0.001409778,0.00672753,False,0.006745,True
2018-07-07,RS01SUM1-LJ01B-12-VEL3DB104,4,True,2018-07-07T00:00:00Z,2018-07-07T23:59:59Z,86400,86400,0,1.0,1.000051975,0.999992587,0.003533593,0,0,0,0,-0.0,1.737507,5.636832,-4.949113e-10,0.001737519,0.005636873,False,0.005135,False
2018-07-08,RS01SUM1-LJ01B-12-VEL3DB104,4,True,2018-07-08T00:00:00Z,2018-07-08T23:59:59Z,86401,86401,0,1.0,1.000065804,0.999992495,0.001379867,0,0,2,2,0.0,1.7226,6.378628,7.616719e-11,0.001722613,0.006378676,False,0.007509,False
2018-07-09,RS01SUM1-LJ01B-12-VEL3DB104,4,True,2018-07-09T00:00:00Z,2018-07-09T23:59:59Z,86401,86401,0,1.0,1.000025749,0.999992526,0.001187901,0,0,1,1,0.0,1.819829,8.177422,1.077379e-10,0.001819843,0.008177483,False,0.008634,False
2018-07-10,RS01SUM1-LJ01B-12-VEL3DB104,4,True,2018-07-10T00:00:00Z,2018-07-10T23:59:59Z,86400,86400,0,1.0,1.000041962,0.999992502,-0.000396166,0,0,0,0,-0.0,1.384965,7.381799,-4.451795e-10,0.001384976,0.007381854,False,0.006899,False
2018-07-11,RS01SUM1-LJ01B-12-VEL3DB104,4,True,2018-07-11T00:00:00Z,2018-07-11T23:59:59Z,86401,86401,0,1.0,0.999931335,0.999992459,0.000919762,0,0,0,0,1e-06,1.619068,6.724441,8.749173e-10,0.00161908,0.006724491,False,0.006963,False
2018-07-12,RS01SUM1-LJ01B-12-VEL3DB104,4,True,2018-07-12T00:00:00Z,2018-07-12T23:59:59Z,86401,86401,0,1.0,0.99996376,0.999992539,-0.000745192,0,0,1,1,0.0,1.760765,7.555024,2.501193e-10,0.001760778,0.00755508,False,0.006633,False
2018-07-13,RS01SUM1-LJ01B-12-VEL3DB104,4,True,2018-07-13T00:00:00Z,2018-07-13T23:59:59Z,86400,86400,0,1.0,0.999887943,0.999992538,0.00153376,0,0,0,0,-0.0,1.825349,7.773956,-4.779962e-10,0.001825362,0.007774014,False,0.006843,False
2018-07-14,RS01SUM1-LJ01B-12-VEL3DB104,4,True,2018-07-14T00:00:00Z,2018-07-14T23:59:59Z,86401,86401,0,1.0,1.000095367,0.999992514,0.000272697,0,0,1,1,1e-06,2.366713,7.616065,6.849301e-10,0.002366731,0.007616122,False,0.00767,False
2018-07-15,RS01SUM1-LJ01B-12-VEL3DB104,4,True,2018-07-15T00:00:00Z,2018-07-15T23:59:59Z,86401,86401,0,1.0,1.00014782,0.999992563,-0.000763677,0,0,0,0,1e-06,1.982409,8.88103,8.433572e-10,0.001982424,0.008881096,False,0.007118,False
2018-07-16,RS01SUM1-LJ01B-12-VEL3DB104,4,True,2018-07-16T00:00:00Z,2018-07-16T23:59:59Z,86400,86400,0,1.0,1.000032902,0.999992804,-0.000109548,0,0,0,0,-0.0,1.834211,6.265531,-4.390244e-10,0.001834224,0.006265576,False,0.005274,False
2018-07-17,RS01SUM1-LJ01B-12-VEL3DB104,4,True,2018-07-17T00:00:00Z,2018-07-17T23:59:59Z,85643,86401,758,1.0,0.999799728,0.999992598,-0.00139876,1,758,1,758,-0.0,2.056347,6.192752,-4.991098e-10,0.002056362,0.006192798,False,0.146634,True
2018-07-18,RS01SUM1-LJ01B-12-VEL3DB104,4,True,2018-07-18T00:00:00Z,2018-07-18T23:59:59Z,86400,86400,0,1.0,0.999883652,0.999992598,-0.002396852,0,0,0,0,-0.0,1.686124,5.571058,-4.997711e-10,0.001686137,0.005571099,False,0.004919,False
2018-07-19,RS01SUM1-LJ01B-12-VEL3DB104,4,True,2018-07-19T00:00:00Z,2018-07-19T23:59:59Z,86401,86401,0,1.0,0.999846935,0.999992601,-0.00426054,0,0,2,2,-1e-06,1.861662,8.641733,-7.354188e-10,0.001861676,0.008641797,False,0.008265,False
2018-07-20,RS01SUM1-LJ01B-12-VEL3DB104,4,True,2018-07-20T00:00:00Z,2018-07-20T23:59:59Z,86401,86401,0,1.0,0.999814987,0.999992612,-0.000587832,0,0,2,2,1e-06,1.61137,7.097549,5.355146e-10,0.001611382,0.007097601,False,0.007295,False
2018-07-21,RS01SUM1-LJ01B-12-VEL3DB104,4,True,2018-07-21T00:00:00Z,2018-07-21T23:59:59Z,86400,86400,0,1.0,0.999910355,0.999992588,0.002347388,0,0,0,0,-0.0,2.108891,10.564561,-4.986349e-10,0.002108907,0.01056464,False,0.011399,False
2018-07-22,RS01SUM1-LJ01B-12-VEL3DB104,4,True,2018-07-22T00:00:00Z,2018-07-22T23:59:59Z,86401,86401,0,1.0,0.999924183,0.999992636,-0.00068041,0,0,1,1,0.0,1.754171,6.66219,1.999395e-10,0.001754184,0.00666224,False,0.006341,False
2018-07-23,RS01SUM1-LJ01B-12-VEL3DB104,4,True,2018-07-23T00:00:00Z,2018-07-23T23:59:59Z,86401,86401,0,1.0,0.999961853,0.999992575,-0.002199198,0,0,1,1,0.0,1.724097,8.509289,3.331282e-10,0.001724109,0.008509352,False,0.006679,False
2018-07-24,RS01SUM1-LJ01B-12-VEL3DB104,4,True,2018-07-24T00:00:00Z,2018-07-24T23:59:59Z,86400,86400,0,1.0,1.00005722,0.999992573,0.001821542,0,0,0,0,-0.0,1.643024,7.078056,-4.960352e-10,0.001643036,0.007078108,False,0.006964,False
2018-07-25,RS01SUM1-LJ01B-12-VEL3DB104,4,True,2018-07-25T00:00:00Z,2018-07-25T23:59:59Z,86401,86401,0,1.0,0.999968052,0.999992559,0.003096303,0,0,1,1,0.0,1.664394,17.564588,2.919776e-10,0.001664407,0.01756472,False,0.01199,False
2018-07-26,RS01SUM1-LJ01B-12-VEL3DB104,4,True,2018-07-26T00:00:00Z,2018-07-26T23:59:59Z,86401,86401,0,1.0,0.999888897,0.99999261,-0.003703753,0,0,2,2,-0.0,2.411342,11.798299,-3.953651e-11,0.00241136,0.01179839,False,0.01288,False
2018-07-27,RS01SUM1-LJ01B-12-VEL3DB104,4,True,2018-07-27T00:00:00Z,2018-07-27T23:59:59Z,86400,86400,0,1.0,0.999938965,0.999992602,0.002124486,0,0,0,0,-0.0,2.015313,9.741411,-4.484013e-10,0.002015328,0.009741483,False,0.0077,False
2018-07-28,RS01SUM1-LJ01B-12-VEL3DB104,4,True,2018-07-28T00:00:00Z,2018-07-28T23:59:59Z,86401,86401,0,1.0,0.999866009,0.999992624,0.003189439,0,0,2,2,-0.0,1.658268,12.091876,-2.346392e-10,0.001658281,0.01209197,False,0.010519,False
2018-07-29,RS01SUM1-LJ01B-12-VEL3DB104,4,True,2018-07-29T00:00:00Z,2018-07-29T23:59:59Z,86401,86401,0,1.0,0.999809265,0.999992555,-0.001380814,0,0,0,0,1e-06,2.574177,7.234574,8.989533e-10,0.002574196,0.007234627,False,0.00567,False
2018-07-30,RS01SUM1-LJ01B-12-VEL3DB104,4,True,2018-07-30T00:00:00Z,2018-07-30T23:59:59Z,86400,86400,0,1.0,0.999828339,0.999992601,0.005832308,0,0,0,0,-1e-06,3.002546,11.746514,-5.070275e-10,0.003002569,0.0117466,False,0.011944,False
2018-07-31,RS01SUM1-LJ01B-12-VEL3DB104,4,True,2018-07-31T00:00:00Z,2018-07-31T23:59:59Z,86401,86401,0,1.0,0.99984026,0.999992601,0.001429383,0,0,2,2,0.0,2.828456,10.380434,4.249431e-11,0.002828477,0.01038051,False,0.005605,False
2018-08-01,RS01SUM1-LJ01B-12-VEL3DB104,4,True,2018-08-01T00:00:00Z,2018-08-01T23:59:59Z,86400,86400,0,1.0,0.999925137,0.999992593,0.000614481,0,0,0,0,-0.0,2.277889,6.380455,-4.642873e-10,0.002277906,0.006380502,False,0.00698,False
2018-08-02,RS01SUM1-LJ01B-12-VEL3DB104,4,True,2018-08-02T00:00:00Z,2018-08-02T23:59:59Z,86401,86401,0,1.0,0.999943733,0.999992572,-0.001390281,0,0,0,0,1e-06,2.071623,9.357166,8.818545e-10,0.002071638,0.009357235,False,0.006036,False
2018-08-03,RS01SUM1-LJ01B-12-VEL3DB104,4,True,2018-08-03T00:00:00Z,2018-08-03T23:59:59Z,86401,86401,0,1.0,0.999947071,0.999992556,-0.002754119,0,0,3,3,1e-06,1.891591,14.085981,6.718604e-10,0.001891605,0.01408609,False,0.009872,False
2018-08-04,RS01SUM1-LJ01B-12-VEL3DB104,4,True,2018-08-04T00:00:00Z,2018-08-04T23:59:59Z,86400,86400,0,1.0,0.999922276,0.999992563,-0.001624736,0,0,0,0,-0.0,1.519918,8.316289,-4.815554e-10,0.001519929,0.008316351,False,0.007528,False
2018-08-05,RS01SUM1-LJ01B-12-VEL3DB104,4,True,2018-08-05T00:00:00Z,2018-08-05T23:59:59Z,86401,86401,0,1.0,0.999934196,0.999992551,0.004349711,0,0,0,0,1e-06,2.543078,9.794648,8.518503e-10,0.002543097,0.009794721,False,0.006092,False
2018-08-06,RS01SUM1-LJ01B-12-VEL3DB104,4,True,2018-08-06T00:00:00Z,2018-08-06T23:59:59Z,86401,86401,0,1.0,0.999928474,0.999992592,-0.003152454,0,0,1,1,-1e-06,2.118291,7.25857,-6.887873e-10,0.002118307,0.007258624,False,0.00638,False
2018-08-07,RS01SUM1-LJ01B-12-VEL3DB104,4,True,2018-08-07T00:00:00Z,2018-08-07T23:59:59Z,86400,86400,0,1.0,0.999911308,0.999992633,-0.004667604,0,0,0,0,-1e-06,2.383741,12.054213,-5.283664e-10,0.002383758,0.0120543,False,0.013314,False
2018-08-08,RS01SUM1-LJ01B-12-VEL3DB104,4,True,2018-08-08T00:00:00Z,2018-08-08T23:59:59Z,86401,86401,0,1.0,0.999858856,0.999992638,-2.2946e-05,0,0,4,4,0.0,2.178017,14.374049,3.107913e-10,0.002178033,0.01437415,False,0.010614,False
2018-08-09,RS01SUM1-LJ01B-12-VEL3DB104,4,True,2018-08-09T00:00:00Z,2018-08-09T23:59:59Z,86401,86401,0,1.0,0.999897957,0.999992575,0.004831927,0,0,1,1,0.0,2.039453,8.987207,3.833054e-10,0.002039468,0.008987273,False,0.007089,False
2018-08-10,RS01SUM1-LJ01B-12-VEL3DB104,4,True,2018-08-10T00:00:00Z,2018-08-10T21:27:31Z,77252,77252,0,1.0,0.999937057,0.999992638,0.00168364,0,0,0,0,0.0,1.57164,5.549158,1.258237e-10,0.001571652,0.005549199,False,0.005241,False
2018-08-11,RS01SUM1-LJ01B-12-VEL3DB104,4,True,2018-08-11T01:37:58Z,2018-08-11T23:59:59Z,80522,80522,0,1.0,0.999857903,0.999992634,0.000177912,0,0,0,0,0.0,2.040718,25.453603,6.541908e-11,0.002040733,0.02545379,False,0.024941,False
2018-08-12,RS01SUM1-LJ01B-12-VEL3DB104,4,True,2018-08-12T00:00:00Z,2018-08-12T23:59:59Z,86401,86401,0,1.0,0.999907017,0.999992638,-0.000247402,0,0,1,1,1e-06,2.197928,6.799806,6.551309e-10,0.002197944,0.006799856,False,0.007951,False
2018-08-13,RS01SUM1-LJ01B-12-VEL3DB104,4,True,2018-08-13T00:00:00Z,2018-08-13T23:59:59Z,86400,86400,0,1.0,0.999910831,0.999992667,-0.00089761,0,0,0,0,-0.0,2.183067,8.138913,-4.339007e-10,0.002183083,0.008138973,False,0.007256,False
2018-08-14,RS01SUM1-LJ01B-12-VEL3DB104,4,True,2018-08-14T00:00:00Z,2018-08-14T23:59:59Z,86401,86401,0,1.0,0.999958992,0.999992656,0.002724824,0,0,1,1,-0.0,2.096894,8.322172,-4.392896e-10,0.002096909,0.008322234,False,0.006707,False
2018-08-15,RS01SUM1-LJ01B-12-VEL3DB104,4,True,2018-08-15T00:00:00Z,2018-08-15T23:59:59Z,86401,86401,0,1.0,0.999985218,0.999992729,0.001170026,0,0,1,1,0.0,2.83991,10.084976,4.108325e-10,0.002839931,0.01008505,False,0.007191,False
2018-08-16,RS01SUM1-LJ01B-12-VEL3DB104,4,True,2018-08-16T00:00:00Z,2018-08-16T23:59:59Z,86400,86400,0,1.0,1.000020027,0.999992722,-0.001603597,0,0,0,0,-1e-06,1.536691,7.316288,-5.071277e-10,0.001536702,0.007316341,False,0.005874,False
2018-08-17,RS01SUM1-LJ01B-12-VEL3DB104,4,True,2018-08-17T00:00:00Z,2018-08-17T23:59:59Z,86401,86401,0,1.0,0.999905109,0.999992689,-0.002555738,0,0,3,3,-0.0,2.66642,9.117588,-3.766739e-10,0.00266644,0.009117655,False,0.009616,False
2018-08-18,RS01SUM1-LJ01B-12-VEL3DB104,4,True,2018-08-18T00:00:00Z,2018-08-18T23:59:59Z,86401,86401,0,1.0,0.999947071,0.999992675,-0.000981132,0,0,0,0,1e-06,1.564112,6.816192,8.400257e-10,0.001564124,0.006816242,False,0.007634,False
2018-08-19,RS01SUM1-LJ01B-12-VEL3DB104,4,True,2018-08-19T00:00:00Z,2018-08-19T23:59:59Z,86400,86400,0,1.0,0.999960899,0.999992679,-0.000157414,0,0,0,0,-0.0,2.231843,9.828818,-4.398686e-10,0.002231859,0.009828889,False,0.008477,False
2018-08-20,RS01SUM1-LJ01B-12-VEL3DB104,4,True,2018-08-20T00:00:00Z,2018-08-20T23:59:59Z,86401,86401,0,1.0,0.999835014,0.999992639,0.000359582,0,0,0,0,1e-06,1.712253,6.20882,8.711822e-10,0.001712265,0.006208865,False,0.00645,False
2018-08-21,RS01SUM1-LJ01B-12-VEL3DB104,4,True,2018-08-21T00:00:00Z,2018-08-21T23:59:59Z,86401,86401,0,1.0,0.999837875,0.999992707,-0.000282755,0,0,3,3,0.0,1.966245,6.358819,1.12219e-10,0.00196626,0.006358865,False,0.006616,False
2018-08-22,RS01SUM1-LJ01B-12-VEL3DB104,4,True,2018-08-22T00:00:00Z,2018-08-22T17:42:00Z,63721,63721,0,1.0,0.999827385,0.999992635,-0.000106865,0,0,0,0,-0.0,1.416491,5.258786,-2.394182e-10,0.001416501,0.005258825,False,0.006384,False
2018-08-23,RS01SUM1-LJ01B-12-VEL3DB104,4,False,,,0,0,,1.0,,,,,,,,,,,,,,,,False
2018-08-24,RS01SUM1-LJ01B-12-VEL3DB104,4,True,2018-08-24T20:49:24Z,2018-08-24T23:59:59Z,11436,11436,0,1.0,0.999849796,0.999993314,0.007756562,0,0,0,0,0.0,3.35425,27.268864,4.398471e-12,0.003354273,0.02726905,False,0.027518,False
2018-08-25,RS01SUM1-LJ01B-12-VEL3DB104,4,True,2018-08-25T00:00:00Z,2018-08-25T23:59:59Z,86401,86401,0,1.0,0.999876976,0.999992627,0.00078712,0,0,2,2,0.0,2.335011,9.102701,1.605854e-10,0.002335028,0.009102768,False,0.006919,False
2018-08-26,RS01SUM1-LJ01B-12-VEL3DB104,4,True,2018-08-26T00:00:00Z,2018-08-26T23:59:59Z,86400,86400,0,1.0,0.999870777,0.999992649,-0.000828506,0,0,0,0,-0.0,1.879789,7.069654,-4.251626e-10,0.001879803,0.007069706,False,0.006935,False
2018-08-27,RS01SUM1-LJ01B-12-VEL3DB104,4,True,2018-08-27T00:00:00Z,2018-08-27T23:59:59Z,86401,86401,0,1.0,0.999850273,0.999992627,-0.000794797,0,0,2,2,0.0,2.106885,7.478981,2.04971e-10,0.0021069,0.007479036,False,0.007213,False
2018-08-28,RS01SUM1-LJ01B-12-VEL3DB104,4,True,2018-08-28T00:00:00Z,2018-08-28T15:26:43Z,55604,55604,0,1.0,0.99985218,0.999992663,-0.001575785,0,0,0,0,-0.0,2.031697,7.5001,-1.208155e-10,0.002031712,0.007500155,False,0.00753,False
2018-08-29,RS01SUM1-LJ01B-12-VEL3DB104,4,False,,,0,0,,1.0,,,,,,,,,,,,,,,,False
2018-08-30,RS01SUM1-LJ01B-12-VEL3DB104,4,True,2018-08-30T22:33:39Z,2018-08-30T23:59:59Z,5066,5181,115,1.0,1.000099182,1.000008073,0.13493408,1,115,1,115,-0.0,43.405864,150.242142,-1.070694e-11,0.04340551,0.1502409,False,0.19048,True
2018-08-31,RS01SUM1-LJ01B-12-VEL3DB104,4,True,2018-08-31T00:00:00Z,2018-08-31T23:59:59Z,86400,86400,0,1.0,0.999871731,0.999992615,0.001156779,0,0,0,0,-0.0,2.179431,8.395035,-4.578493e-10,0.002179447,0.008395097,False,0.007879,False
2018-09-01,RS01SUM1-LJ01B-12-VEL3DB104,4,True,2018-09-01T00:00:00Z,2018-09-01T23:59:59Z,86401,86401,0,1.0,0.999857187,0.999992663,-0.001575834,0,0,2,2,-0.0,2.837233,7.857765,-3.293782e-10,0.002837254,0.007857822,False,0.005752,False
2018-09-02,RS01SUM1-LJ01B-12-VEL3DB104,4,True,2018-09-02T00:00:00Z,2018-09-02T23:59:59Z,86401,86401,0,1.0,0.999848843,0.999992816,-0.004164229,0,0,1,1,-0.0,1.561188,6.477192,-3.341183e-10,0.001561199,0.006477238,False,0.005389,False
2018-09-03,RS01SUM1-LJ01B-12-VEL3DB104,4,True,2018-09-03T00:00:00Z,2018-09-03T23:59:59Z,86400,86400,0,1.0,0.999864578,0.999992684,-0.002050215,0,0,0,0,-0.0,2.126702,9.141998,-4.581594e-10,0.002126718,0.009142065,False,0.008624,False
2018-09-04,RS01SUM1-LJ01B-12-VEL3DB104,4,True,2018-09-04T00:00:00Z,2018-09-04T23:59:59Z,86401,86401,0,1.0,0.999872208,0.999992689,0.00029182,0,0,0,0,1e-06,1.629412,6.426909,8.733045e-10,0.001629423,0.006426956,False,0.007099,False
2018-09-05,RS01SUM1-LJ01B-12-VEL3DB104,4,True,2018-09-05T00:00:00Z,2018-09-05T14:25:31Z,51596,51932,336,1.0,0.99998188,0.99999276,-5.0892e-05,1,336,1,336,-0.0,1.381724,6.636608,-2.291806e-10,0.001381734,0.006636656,False,0.006284,True
2018-09-06,RS01SUM1-LJ01B-12-VEL3DB104,4,False,,,0,0,,1.0,,,,,,,,,,,,,,,,False
2018-09-07,RS01SUM1-LJ01B-12-VEL3DB104,4,True,2018-09-07T03:05:31Z,2018-09-07T23:59:59Z,75270,75270,0,1.0,1.000062943,0.999992649,0.004200766,0,0,3,3,-0.0,1.83787,7.431302,-1.857305e-10,0.001837883,0.007431356,False,0.006666,False
2018-09-08,RS01SUM1-LJ01B-12-VEL3DB104,4,True,2018-09-08T00:00:00Z,2018-09-08T23:59:59Z,86400,86400,0,1.0,1.000100136,0.999992701,0.002220038,0,0,0,0,-0.0,2.26608,6.557544,-4.647369e-10,0.002266097,0.006557592,False,0.00662,False
2018-09-09,RS01SUM1-LJ01B-12-VEL3DB104,4,True,2018-09-09T00:00:00Z,2018-09-09T23:59:59Z,86401,86401,0,1.0,1.00003624,0.999992746,0.000602761,0,0,0,0,1e-06,2.16255,6.382055,8.761571e-10,0.002162566,0.006382102,False,0.007135,False
2018-09-10,RS01SUM1-LJ01B-12-VEL3DB104,4,True,2018-09-10T00:00:00Z,2018-09-10T23:59:59Z,86401,86401,0,1.0,0.999960899,0.999992633,0.003989644,0,0,0,0,1e-06,2.554413,7.241325,9.22326e-10,0.002554432,0.007241379,False,0.007157,False
2018-09-11,RS01SUM1-LJ01B-12-VEL3DB104,4,True,2018-09-11T00:00:00Z,2018-09-11T23:59:59Z,86400,86400,0,1.0,0.99999094,0.99999268,0.000442888,0,0,0,0,-0.0,3.891038,10.341296,-4.579891e-10,0.003891066,0.01034137,False,0.005318,False
2018-09-12,RS01SUM1-LJ01B-12-VEL3DB104,4,True,2018-09-12T00:00:00Z,2018-09-12T23:59:59Z,86401,86401,0,1.0,0.999958992,0.999992774,-0.001270429,0,0,1,1,-0.0,1.96183,7.767899,-3.007461e-10,0.001961844,0.007767955,False,0.007387,False
2018-09-13,RS01SUM1-LJ01B-12-VEL3DB104,4,False,,,0,0,,1.0,,,,,,,,,,,,,,,,False
2018-09-14,RS01SUM1-LJ01B-12-VEL3DB104,4,True,2018-09-14T20:05:57Z,2018-09-14T23:59:59Z,13932,14043,111,1.0,0.999829292,0.999997666,0.112635731,2,111,2,112,-0.0,43.271286,149.258675,-2.473718e-11,0.04327139,0.149259,False,0.206605,True
2018-09-15,RS01SUM1-LJ01B-12-VEL3DB104,4,True,2018-09-15T00:00:00Z,2018-09-15T23:59:59Z,86400,86400,0,1.0,0.9998312,0.999992864,0.012325688,0,0,0,0,-0.0,6.781582,16.049836,-4.857108e-10,0.006781631,0.01604995,False,0.006293,False
2018-09-16,RS01SUM1-LJ01B-12-VEL3DB104,4,True,2018-09-16T00:00:00Z,2018-09-16T23:59:59Z,86401,86401,0,1.0,0.999858379,0.99999272,-0.007341689,0,0,1,1,-0.0,3.863381,10.596081,-1.266144e-10,0.003863409,0.01059616,False,0.008219,False
2018-09-17,RS01SUM1-LJ01B-12-VEL3DB104,4,True,2018-09-17T00:00:00Z,2018-09-17T23:59:59Z,86400,86400,0,1.0,0.999901772,0.999992779,-0.000113267,0,0,0,0,-1e-06,2.828313,11.72196,-5.032242e-10,0.002828333,0.01172204,False,0.012235,False
2018-09-18,RS01SUM1-LJ01B-12-VEL3DB104,4,True,2018-09-18T00:00:00Z,2018-09-18T23:59:59Z,86401,86401,0,1.0,0.999897003,0.999992712,0.002959941,0,0,2,2,-0.0,2.65794,7.413985,-2.980732e-10,0.002657959,0.007414039,False,0.00715,False
2018-09-19,RS01SUM1-LJ01B-12-VEL3DB104,4,True,2018-09-19T00:00:00Z,2018-09-19T23:53:57Z,85500,86039,539,1.0,1.00003624,0.999992741,-0.004572028,6,539,6,540,-0.0,2.315885,7.651802,-4.979737e-10,0.002315902,0.007651858,False,0.006862,True
2018-09-20,RS01SUM1-LJ01B-12-VEL3DB104,4,True,2018-09-20T00:00:00Z,2018-09-20T23:53:39Z,85500,86020,520,1.0,0.999958992,0.999992715,0.002332786,4,520,4,520,0.0,1.939089,7.12597,2.113055e-10,0.001939103,0.007126022,False,0.006336,True
2018-09-21,RS01SUM1-LJ01B-12-VEL3DB104,4,True,2018-09-21T00:00:00Z,2018-09-21T23:59:59Z,86401,86401,0,1.0,0.99987793,0.999992703,-0.001540738,0,0,1,1,-1e-06,1.865436,7.550363,-5.053093e-10,0.00186545,0.007550418,False,0.008004,False
2018-09-22,RS01SUM1-LJ01B-12-VEL3DB104,4,True,2018-09-22T00:00:00Z,2018-09-22T23:59:59Z,86401,86401,0,1.0,0.999904156,0.999992775,-0.002995155,0,0,1,1,-0.0,2.159765,8.13527,-9.171973e-11,0.002159781,0.008135329,False,0.00637,False
2018-09-23,RS01SUM1-LJ01B-12-VEL3DB104,4,True,2018-09-23T00:00:00Z,2018-09-23T23:56:07Z,85500,86168,668,1.0,0.999881268,0.999992785,-0.001448492,6,668,6,668,-0.0,3.054681,7.770632,-3.943707e-10,0.003054703,0.007770688,False,0.01613,True
2018-09-24,RS01SUM1-LJ01B-12-VEL3DB104,4,True,2018-09-24T00:00:00Z,2018-09-24T23:54:20Z,82500,86062,3562,1.0,0.9998703,0.999992784,1.1632e-05,4,3562,4,3563,1e-06,2.394137,13.283964,5.711754e-10,0.002394154,0.01328406,False,0.382088,True
2018-09-25,RS01SUM1-LJ01B-12-VEL3DB104,4,True,2018-09-25T00:00:00Z,2018-09-25T23:59:59Z,86400,86400,0,1.0,0.999925137,0.9999927,0.000967365,0,0,0,0,-0.0,2.707921,7.527565,-4.914384e-10,0.002707941,0.00752762,False,0.006424,False
2018-09-26,RS01SUM1-LJ01B-12-VEL3DB104,4,True,2018-09-26T00:00:00Z,2018-09-26T23:59:59Z,86401,86401,0,1.0,0.99988699,0.999992663,0.001788176,0,0,1,1,-1e-06,1.931359,5.906887,-5.795182e-10,0.001931374,0.00590693,False,0.007624,False
2018-09-27,RS01SUM1-LJ01B-12-VEL3DB104,4,True,2018-09-27T00:00:00Z,2018-09-27T23:59:59Z,86401,86401,0,1.0,0.999872208,0.999992594,0.00378607,0,0,2,2,-0.0,2.13621,9.170277,-3.595664e-10,0.002136226,0.009170345,False,0.00642,False
2018-09-28,RS01SUM1-LJ01B-12-VEL3DB104,4,True,2018-09-28T00:00:00Z,2018-09-28T02:38:19Z,9500,9500,0,1.0,0.999911785,0.999992385,0.000517735,0,0,0,0,-0.0,0.959598,3.528514,-2.196369e-11,0.0009596055,0.003528541,False,0.004567,False
2018-09-29,RS01SUM1-LJ01B-12-VEL3DB104,4,False,,,0,0,,1.0,,,,,,,,,,,,,,,,False
2018-09-30,RS01SUM1-LJ01B-12-VEL3DB104,4,False,,,0,0,,1.0,,,,,,,,,,,,,,,,False
2018-10-01,RS01SUM1-LJ01B-12-VEL3DB104,4,False,,,0,0,,1.0,,,,,,,,,,,,,,,,False
2018-10-02,RS01SUM1-LJ01B-12-VEL3DB104,4,True,2018-10-02T17:41:49Z,2018-10-02T23:52:08Z,21000,22220,1220,1.0,0.999808788,0.999975734,-0.188378626,1,1220,1,1220,0.0,118.957037,231.545006,5.942318e-11,0.1189599,0.2315506,False,0.206401,True
2018-10-03,RS01SUM1-LJ01B-12-VEL3DB104,4,True,2018-10-03T00:00:00Z,2018-10-03T23:56:09Z,85500,86171,671,1.0,0.999893665,0.999992749,-0.003749168,7,671,7,673,-0.0,1.736858,7.767406,-3.077184e-10,0.00173687,0.007767462,False,0.014188,True
2018-10-04,RS01SUM1-LJ01B-12-VEL3DB104,4,True,2018-10-04T00:00:00Z,2018-10-04T23:59:59Z,86401,86401,0,1.0,0.999948025,0.999992769,-0.002552344,0,0,0,0,1e-06,1.537196,10.078091,8.885386e-10,0.001537207,0.01007816,False,0.012217,False
2018-10-05,RS01SUM1-LJ01B-12-VEL3DB104,4,True,2018-10-05T00:00:00Z,2018-10-05T23:59:59Z,86400,86400,0,1.0,0.999919891,0.999992773,-0.001897827,0,0,0,0,-0.0,2.270922,8.341423,-4.997149e-10,0.002270938,0.008341484,False,0.007585,False
2018-10-06,RS01SUM1-LJ01B-12-VEL3DB104,4,True,2018-10-06T00:00:00Z,2018-10-06T23:59:59Z,86401,86401,0,1.0,0.999978065,0.999992762,0.000886678,0,0,2,2,0.0,1.927766,13.394758,2.455366e-10,0.00192778,0.01339485,False,0.011243,False
2018-10-07,RS01SUM1-LJ01B-12-VEL3DB104,4,True,2018-10-07T00:00:00Z,2018-10-07T23:59:59Z,86401,86401,0,1.0,0.999811172,0.999992678,-0.001124365,0,0,0,0,1e-06,2.274656,8.267836,8.700921e-10,0.002274673,0.008267897,False,0.006191,False
2018-10-08,RS01SUM1-LJ01B-12-VEL3DB104,4,True,2018-10-08T00:00:00Z,2018-10-08T23:59:59Z,86400,86400,0,1.0,0.999960899,0.999992733,0.000323042,0,0,0,0,-0.0,2.50948,9.233174,-4.674384e-10,0.002509498,0.009233241,False,0.006589,False
2018-10-09,RS01SUM1-LJ01B-12-VEL3DB104,4,True,2018-10-09T00:00:00Z,2018-10-09T23:59:59Z,86401,86401,0,1.0,0.999956131,0.999992763,-0.00224632,0,0,2,2,0.0,2.013398,8.155736,1.613169e-10,0.002013413,0.008155795,False,0.006556,False
2018-10-10,RS01SUM1-LJ01B-12-VEL3DB104,4,True,2018-10-10T00:00:00Z,2018-10-10T23:59:59Z,86400,86400,0,1.0,0.999940872,0.999992762,-0.002357507,0,0,0,0,-1e-06,3.144308,10.655867,-5.155831e-10,0.003144331,0.01065594,False,0.005864,False
2018-10-11,RS01SUM1-LJ01B-12-VEL3DB104,4,True,2018-10-11T00:00:00Z,2018-10-11T23:59:59Z,86401,86401,0,1.0,0.999798775,0.999992702,0.009155363,0,0,1,1,-0.0,2.263997,10.329126,-1.626551e-10,0.002264014,0.0103292,False,0.009852,False
2018-10-12,RS01SUM1-LJ01B-12-VEL3DB104,4,True,2018-10-12T00:00:00Z,2018-10-12T23:59:59Z,86401,86401,0,1.0,0.999884129,0.999992759,-0.001709098,0,0,1,1,0.0,2.295681,8.739047,4.745738e-10,0.002295698,0.00873911,False,0.007399,False
2018-10-13,RS01SUM1-LJ01B-12-VEL3DB104,4,True,2018-10-13T00:00:00Z,2018-10-13T23:59:59Z,86400,86400,0,1.0,0.999773979,0.999992724,0.00016942,0,0,0,0,-0.0,1.497454,7.488509,-4.393282e-10,0.001497465,0.007488564,False,0.007923,False
2018-10-14,RS01SUM1-LJ01B-12-VEL3DB104,4,True,2018-10-14T00:00:00Z,2018-10-14T23:59:59Z,86401,86401,0,1.0,0.999762058,0.999992647,0.000310467,0,0,1,1,0.0,1.28095,6.205795,2.956924e-10,0.001280959,0.00620584,False,0.00539,False
2018-10-15,RS01SUM1-LJ01B-12-VEL3DB104,4,True,2018-10-15T00:00:00Z,2018-10-15T23:59:59Z,86401,86401,0,1.0,0.9997859,0.999992672,-0.000470773,0,0,0,0,1e-06,1.823725,8.028325,8.775818e-10,0.001823738,0.008028383,False,0.008011,False
2018-10-16,RS01SUM1-LJ01B-12-VEL3DB104,4,True,2018-10-16T00:00:00Z,2018-10-16T23:59:59Z,86041,86400,359,1.0,0.999784946,0.999992705,0.001245591,1,359,1,359,0.0,2.267572,8.718164,1.633749e-10,0.002267588,0.008718227,False,0.074804,True
2018-10-17,RS01SUM1-LJ01B-12-VEL3DB104,4,True,2018-10-17T00:00:00Z,2018-10-17T23:59:59Z,86401,86401,0,1.0,0.999808788,0.999992677,0.003797696,0,0,1,1,1e-06,1.47222,11.660287,6.105234e-10,0.001472231,0.01166037,False,0.011586,False
2018-10-18,RS01SUM1-LJ01B-12-VEL3DB104,4,True,2018-10-18T00:00:00Z,2018-10-18T08:42:16Z,30397,31337,940,1.0,0.999797821,0.999992641,-0.000508688,1,940,1,940,-0.0,1.311272,6.02553,-6.977202e-11,0.001311282,0.006025574,False,0.182399,True
2018-10-19,RS01SUM1-LJ01B-12-VEL3DB104,4,True,2018-10-19T20:14:04Z,2018-10-19T23:59:59Z,13556,13556,0,1.0,0.999934196,0.999992854,-0.001078071,0,0,0,0,0.0,1.327718,4.204207,4.554963e-11,0.001327727,0.004204237,False,0.004698,False
2018-10-20,RS01SUM1-LJ01B-12-VEL3DB104,4,True,2018-10-20T00:00:00Z,2018-10-20T23:59:59Z,86401,86401,0,1.0,0.999845028,0.999992672,0.00187854,0,0,1,1,-0.0,3.67734,9.668607,-1.251925e-10,0.003677367,0.009668678,False,0.011989,False
2018-10-21,RS01SUM1-LJ01B-12-VEL3DB104,4,True,2018-10-21T00:00:00Z,2018-10-21T23:59:59Z,86400,86400,0,1.0,0.999869823,0.999992578,0.000360761,0,0,0,0,-0.0,4.919656,15.116346,-4.950454e-10,0.004919692,0.01511646,False,0.007076,False
2018-10-22,RS01SUM1-LJ01B-12-VEL3DB104,4,True,2018-10-22T00:00:00Z,2018-10-22T23:59:59Z,86401,86401,0,1.0,0.99986887,0.999992692,-0.001739434,0,0,0,0,1e-06,1.513826,7.620295,9.180173e-10,0.001513837,0.007620351,False,0.006895,False
2018-10-23,RS01SUM1-LJ01B-12-VEL3DB104,4,True,2018-10-23T00:00:00Z,2018-10-23T23:59:59Z,86401,86401,0,1.0,0.999883175,0.999992693,-4.8963e-05,0,0,1,1,1e-06,1.486827,8.884534,1.11238e-09,0.001486838,0.008884599,False,0.007477,False
2018-10-24,RS01SUM1-LJ01B-12-VEL3DB104,4,True,2018-10-24T00:00:00Z,2018-10-24T23:59:59Z,86400,86400,0,1.0,0.999866009,0.999992678,-0.003036783,0,0,0,0,-0.0,2.505501,11.395295,-4.82701e-10,0.002505519,0.01139538,False,0.01161,False
2018-10-25,RS01SUM1-LJ01B-12-VEL3DB104,4,True,2018-10-25T00:00:00Z,2018-10-25T23:59:59Z,86401,86401,0,1.0,0.999885082,0.999992677,-0.00089518,0,0,1,1,0.0,2.640488,16.86029,2.618351e-10,0.002640507,0.01686041,False,0.013266,False
2018-10-26,RS01SUM1-LJ01B-12-VEL3DB104,4,True,2018-10-26T00:00:00Z,2018-10-26T23:59:59Z,86401,86401,0,1.0,0.999812126,0.999992636,0.003557942,0,0,0,0,1e-06,1.597607,16.001149,8.398715e-10,0.001597619,0.01600127,False,0.011204,False
2018-10-27,RS01SUM1-LJ01B-12-VEL3DB104,4,True,2018-10-27T00:00:00Z,2018-10-27T23:59:59Z,86400,86400,0,1.0,0.999913692,0.99999265,-0.00034203,0,0,0,0,-0.0,1.932048,7.973038,-4.337765e-10,0.001932062,0.007973096,False,0.006825,False
2018-10-28,RS01SUM1-LJ01B-12-VEL3DB104,4,True,2018-10-28T00:00:00Z,2018-10-28T23:59:59Z,86401,86401,0,1.0,0.999897003,0.999992658,0.000581137,0,0,2,2,1e-06,1.560381,6.096678,7.395932e-10,0.001560393,0.006096723,False,0.006217,False
2018-10-29,RS01SUM1-LJ01B-12-VEL3DB104,4,True,2018-10-29T00:00:00Z,2018-10-29T23:59:59Z,86400,86400,0,1.0,0.99994278,0.999992673,0.005826693,0,0,0,0,-0.0,1.941557,8.689098,-4.762943e-10,0.001941571,0.008689162,False,0.005899,False
2018-10-30,RS01SUM1-LJ01B-12-VEL3DB104,4,True,2018-10-30T00:00:00Z,2018-10-30T23:59:59Z,86401,86401,0,1.0,0.999900341,0.999992669,-0.000330024,0,0,1,1,1e-06,1.84437,9.676788,1.121985e-09,0.001844384,0.009676859,False,0.007608,False
2018-10-31,RS01SUM1-LJ01B-12-VEL3DB104,4,True,2018-10-31T00:00:00Z,2018-10-31T23:59:59Z,86274,86401,127,1.0,0.999955177,0.999992698,0.001781837,2,127,2,128,0.0,1.825125,8.820669,1.263871e-10,0.001825139,0.008820733,False,0.009264,True
2018-11-01,RS01SUM1-LJ01B-12-VEL3DB104,4,True,2018-11-01T00:00:00Z,2018-11-01T23:59:59Z,86400,86400,0,1.0,0.999878407,0.999992681,0.000223794,0,0,0,0,-1e-06,1.848653,9.109579,-5.042904e-10,0.001848666,0.009109646,False,0.007205,False
2018-11-02,RS01SUM1-LJ01B-12-VEL3DB104,4,True,2018-11-02T00:00:00Z,2018-11-02T23:59:59Z,86401,86401,0,1.0,0.999885082,0.999992684,0.003286688,0,0,0,0,1e-06,3.993653,15.794063,8.823452e-10,0.003993682,0.01579418,False,0.012548,False
2018-11-03,RS01SUM1-LJ01B-12-VEL3DB104,4,True,2018-11-03T00:00:00Z,2018-11-03T23:59:59Z,86401,86401,0,1.0,0.999961853,0.999992639,0.005549708,0,0,1,1,1e-06,5.58111,14.44463,5.689946e-10,0.005581151,0.01444474,False,0.007055,False
2018-11-04,RS01SUM1-LJ01B-12-VEL3DB104,4,True,2018-11-04T00:00:00Z,2018-11-04T23:59:59Z,86400,86400,0,1.0,0.999979973,0.999992786,-0.001573729,0,0,0,0,-1e-06,1.534686,5.597275,-5.166608e-10,0.001534697,0.005597316,False,0.004872,False
2018-11-05,RS01SUM1-LJ01B-12-VEL3DB104,4,True,2018-11-05T00:00:00Z,2018-11-05T23:59:59Z,86401,86401,0,1.0,0.999913216,0.999992725,-0.003206889,0,0,1,1,0.0,1.853109,7.286791,2.540499e-10,0.001853123,0.007286844,False,0.007147,False
2018-11-06,RS01SUM1-LJ01B-12-VEL3DB104,4,True,2018-11-06T00:00:00Z,2018-11-06T23:59:59Z,86401,86401,0,1.0,0.999925137,0.999992767,-0.00288034,0,0,2,2,-0.0,1.932955,9.513419,-3.734185e-10,0.001932969,0.009513488,False,0.010353,False
2018-11-07,RS01SUM1-LJ01B-12-VEL3DB104,4,True,2018-11-07T00:00:00Z,2018-11-07T23:59:59Z,86400,86400,0,1.0,0.999920845,0.999992782,0.001518843,0,0,0,0,-1e-06,2.361023,10.305906,-5.19494e-10,0.00236104,0.01030598,False,0.006451,False
2018-11-08,RS01SUM1-LJ01B-12-VEL3DB104,4,True,2018-11-08T00:00:00Z,2018-11-08T23:59:59Z,85847,86401,554,1.0,0.999948025,0.999992793,-0.000410627,2,554,2,555,-0.0,1.436313,6.784859,-1.942983e-10,0.001436323,0.006784908,False,0.027828,True
2018-11-09,RS01SUM1-LJ01B-12-VEL3DB104,4,True,2018-11-09T00:00:00Z,2018-11-09T23:59:59Z,86400,86400,0,1.0,0.999875069,0.999992746,-0.000304091,0,0,0,0,-1e-06,1.404902,11.659396,-5.107659e-10,0.001404913,0.01165948,False,0.013427,False
2018-11-10,RS01SUM1-LJ01B-12-VEL3DB104,4,True,2018-11-10T00:00:00Z,2018-11-10T23:59:59Z,86401,86401,0,1.0,0.999937057,0.999992699,0.001135722,0,0,0,0,1e-06,1.724159,7.518795,8.574943e-10,0.001724171,0.00751885,False,0.007644,False
2018-11-11,RS01SUM1-LJ01B-12-VEL3DB104,4,True,2018-11-11T00:00:00Z,2018-11-11T23:59:59Z,86401,86401,0,1.0,0.99985075,0.999992727,0.000825959,0,0,1,1,1e-06,1.786619,7.42171,6.859537e-10,0.001786632,0.007421764,False,0.008018,False
2018-11-12,RS01SUM1-LJ01B-12-VEL3DB104,4,True,2018-11-12T00:00:00Z,2018-11-12T23:59:59Z,86400,86400,0,1.0,0.999940872,0.999992723,-0.002460677,0,0,0,0,-0.0,2.106543,8.944669,-4.727141e-10,0.002106558,0.008944734,False,0.009094,False
2018-11-13,RS01SUM1-LJ01B-12-VEL3DB104,4,True,2018-11-13T00:00:00Z,2018-11-13T23:59:59Z,86401,86401,0,1.0,0.999833107,0.99999266,0.000634115,0,0,0,0,1e-06,1.713821,6.786084,8.386984e-10,0.001713833,0.006786133,False,0.005622,False
2018-11-14,RS01SUM1-LJ01B-12-VEL3DB104,4,True,2018-11-14T00:00:00Z,2018-11-14T23:59:59Z,86401,86401,0,1.0,0.999896049,0.999992632,-0.001363223,0,0,1,1,0.0,2.398527,7.986184,2.17697e-10,0.002398545,0.007986243,False,0.006531,False
2018-11-15,RS01SUM1-LJ01B-12-VEL3DB104,4,True,2018-11-15T00:00:00Z,2018-11-15T23:59:59Z,86400,86400,0,1.0,0.999858856,0.999992695,0.004716869,0,0,0,0,-0.0,2.066379,9.121206,-4.908364e-10,0.002066394,0.009121272,False,0.006767,False
2018-11-16,RS01SUM1-LJ01B-12-VEL3DB104,4,True,2018-11-16T00:00:00Z,2018-11-16T23:59:59Z,86401,86401,0,1.0,0.999862194,0.99999263,-0.001654136,0,0,0,0,1e-06,1.766326,6.432555,8.41916e-10,0.001766339,0.006432603,False,0.006207,False
2018-11-17,RS01SUM1-LJ01B-12-VEL3DB104,4,True,2018-11-17T00:00:00Z,2018-11-17T23:59:59Z,86400,86400,0,1.0,0.999791622,0.999992679,-0.0047437,0,0,0,0,-0.0,2.858967,8.234667,-4.690604e-10,0.002858988,0.008234727,False,0.006936,False
2018-11-18,RS01SUM1-LJ01B-12-VEL3DB104,4,True,2018-11-18T00:00:00Z,2018-11-18T23:59:59Z,86401,86401,0,1.0,0.999828815,0.999992647,-0.004180232,0,0,1,1,0.0,1.777168,9.242562,3.171985e-10,0.001777181,0.00924263,False,0.005701,False
2018-11-19,RS01SUM1-LJ01B-12-VEL3DB104,4,True,2018-11-19T00:00:00Z,2018-11-19T23:59:59Z,86401,86401,0,1.0,0.999823093,0.999992678,-0.003662081,0,0,0,0,1e-06,2.508687,18.082134,8.212543e-10,0.002508706,0.01808227,False,0.013654,False
2018-11-20,RS01SUM1-LJ01B-12-VEL3DB104,4,True,2018-11-20T00:00:00Z,2018-11-20T23:59:59Z,82536,86401,3865,1.0,0.999826908,0.999975394,0.222691556,1,3865,1,3865,0.0,233.528878,477.181252,1.68324e-10,0.2335346,0.477193,True,0.358019,True
2018-11-21,RS01SUM1-LJ01B-12-VEL3DB104,4,True,2018-11-21T00:00:00Z,2018-11-21T23:59:59Z,86401,86401,0,1.0,0.999842644,0.99999269,-0.001149748,0,0,0,0,1e-06,1.546339,6.58169,8.576872e-10,0.00154635,0.006581738,False,0.007903,False
2018-11-22,RS01SUM1-LJ01B-12-VEL3DB104,4,True,2018-11-22T00:00:00Z,2018-11-22T23:59:59Z,86401,86401,0,1.0,0.999881744,0.999992689,-0.004317731,0,0,1,1,1e-06,1.945762,6.784336,6.583605e-10,0.001945777,0.006784386,False,0.006711,False
2018-11-23,RS01SUM1-LJ01B-12-VEL3DB104,4,True,2018-11-23T00:00:00Z,2018-11-23T23:59:59Z,86400,86400,0,1.0,0.999942303,0.999992634,-0.00015771,0,0,0,0,-0.0,1.979559,14.720094,-4.613082e-10,0.001979574,0.0147202,False,0.012834,False
2018-11-24,RS01SUM1-LJ01B-12-VEL3DB104,4,True,2018-11-24T00:00:00Z,2018-11-24T23:59:59Z,86401,86401,0,1.0,0.999921799,0.999992739,-8.142e-05,0,0,1,1,-0.0,3.411284,18.636413,-1.709458e-10,0.003411309,0.01863655,False,0.013214,False
2018-11-25,RS01SUM1-LJ01B-12-VEL3DB104,4,True,2018-11-25T00:00:00Z,2018-11-25T23:59:59Z,86401,86401,0,1.0,0.999832153,0.999992698,-0.002167345,0,0,1,1,0.0,2.898488,11.144706,4.534247e-10,0.002898509,0.01114479,False,0.011877,False
2018-11-26,RS01SUM1-LJ01B-12-VEL3DB104,4,True,2018-11-26T00:00:00Z,2018-11-26T23:59:59Z,86400,86400,0,1.0,0.999906063,0.999992664,0.001292331,0,0,0,0,-0.0,1.568169,5.826022,-4.966076e-10,0.001568181,0.005826065,False,0.004883,False
2018-11-27,RS01SUM1-LJ01B-12-VEL3DB104,4,True,2018-11-27T00:00:00Z,2018-11-27T23:59:59Z,86401,86401,0,1.0,0.99996376,0.999992667,-2.2204e-05,0,0,0,0,1e-06,2.428657,7.332379,9.048324e-10,0.002428674,0.007332433,False,0.007248,False
2018-11-28,RS01SUM1-LJ01B-12-VEL3DB104,4,True,2018-11-28T00:00:00Z,2018-11-28T23:59:59Z,86400,86400,0,1.0,0.999946117,0.999992676,0.000483061,0,0,0,0,-0.0,2.46637,7.955052,-4.754694e-10,0.002466388,0.00795511,False,0.006943,False
2018-11-29,RS01SUM1-LJ01B-12-VEL3DB104,4,True,2018-11-29T00:00:00Z,2018-11-29T23:59:59Z,86401,86401,0,1.0,0.999835968,0.999992661,-0.001072139,0,0,2,2,1e-06,1.411089,8.140216,6.349584e-10,0.001411099,0.008140276,False,0.007945,False
2018-11-30,RS01SUM1-LJ01B-12-VEL3DB104,4,True,2018-11-30T00:00:00Z,2018-11-30T23:59:59Z,86401,86401,0,1.0,0.99993372,0.999992706,-0.001640757,0,0,1,1,0.0,1.79328,7.564388,1.362479e-11,0.001793293,0.007564443,False,0.006549,False
2018-12-01,RS01SUM1-LJ01B-12-VEL3DB104,4,True,2018-12-01T00:00:00Z,2018-12-01T23:59:59Z,86400,86400,0,1.0,0.999934196,0.999992721,-0.002683193,0,0,0,0,-0.0,2.103443,11.920687,-4.933896e-10,0.002103458,0.01192077,False,0.008622,False
2018-12-02,RS01SUM1-LJ01B-12-VEL3DB104,4,True,2018-12-02T00:00:00Z,2018-12-02T23:59:59Z,86401,86401,0,1.0,0.999910831,0.999992628,-0.001145479,0,0,0,0,1e-06,2.367939,12.351959,8.910722e-10,0.002367957,0.01235205,False,0.012731,False
2018-12-03,RS01SUM1-LJ01B-12-VEL3DB104,4,True,2018-12-03T00:00:00Z,2018-12-03T23:59:59Z,86401,86401,0,1.0,0.999994755,0.999992784,-0.004180267,0,0,1,1,1e-06,2.260858,7.788329,8.874849e-10,0.002260874,0.007788385,False,0.013182,False
2018-12-04,RS01SUM1-LJ01B-12-VEL3DB104,4,True,2018-12-04T00:00:00Z,2018-12-04T23:59:59Z,86400,86400,0,1.0,0.999926567,0.99999281,-0.00290155,0,0,0,0,-0.0,7.234213,15.535766,-4.775278e-10,0.007234265,0.01553588,False,0.006173,False
2018-12-05,RS01SUM1-LJ01B-12-VEL3DB104,4,True,2018-12-05T00:00:00Z,2018-12-05T23:59:59Z,86401,86401,0,1.0,0.999863148,0.999992714,0.002769596,0,0,3,3,-0.0,3.020165,9.627245,-4.624435e-10,0.003020187,0.009627316,False,0.006157,False
2018-12-06,RS01SUM1-LJ01B-12-VEL3DB104,4,True,2018-12-06T00:00:00Z,2018-12-06T23:59:59Z,86400,86400,0,1.0,1.000008106,0.999992696,-0.00158319,0,0,0,0,-0.0,1.907725,7.32787,-4.524017e-10,0.001907739,0.007327924,False,0.00765,False
2018-12-07,RS01SUM1-LJ01B-12-VEL3DB104,4,True,2018-12-07T00:00:00Z,2018-12-07T23:59:59Z,85302,86401,1099,1.0,0.999965668,0.999992672,-0.001241734,2,1099,2,1100,-0.0,3.362013,15.595488,-2.849709e-10,0.003362038,0.0155956,False,0.028509,True
2018-12-08,RS01SUM1-LJ01B-12-VEL3DB104,4,True,2018-12-08T00:00:00Z,2018-12-08T23:59:59Z,86401,86401,0,1.0,1.000025272,0.999992741,-0.005861459,0,0,4,4,-0.0,3.756081,17.051651,-1.750931e-10,0.003756109,0.01705177,False,0.01504,False
2018-12-09,RS01SUM1-LJ01B-12-VEL3DB104,4,True,2018-12-09T00:00:00Z,2018-12-09T23:59:59Z,86400,86400,0,1.0,0.999988079,0.999992677,-1.3994e-05,0,0,0,0,-0.0,2.641182,8.772622,-4.571213e-10,0.002641201,0.008772686,False,0.004676,False
2018-12-10,RS01SUM1-LJ01B-12-VEL3DB104,4,True,2018-12-10T00:00:00Z,2018-12-10T23:59:59Z,86401,86401,0,1.0,0.999968052,0.999992701,0.000444538,0,0,2,2,0.0,1.735857,11.544361,2.506528e-10,0.00173587,0.01154445,False,0.010236,False
2018-12-11,RS01SUM1-LJ01B-12-VEL3DB104,4,True,2018-12-11T00:00:00Z,2018-12-11T23:59:59Z,86401,86401,0,1.0,1.000004768,0.999992711,-0.000809284,0,0,2,2,-1e-06,1.347223,5.157603,-5.850716e-10,0.001347232,0.00515764,False,0.005263,False
2018-12-12,RS01SUM1-LJ01B-12-VEL3DB104,4,True,2018-12-12T00:00:00Z,2018-12-12T23:59:59Z,86400,86400,0,1.0,0.999871254,0.99999272,-0.002289293,0,0,0,0,-0.0,2.570866,7.844086,-4.80316e-10,0.002570884,0.007844143,False,0.005497,False
2018-12-13,RS01SUM1-LJ01B-12-VEL3DB104,4,True,2018-12-13T00:00:00Z,2018-12-13T23:59:59Z,86401,86401,0,1.0,0.999908924,0.999992712,-0.00583448,0,0,2,2,0.0,2.386213,7.338002,4.527747e-10,0.00238623,0.007338055,False,0.005605,False
2018-12-14,RS01SUM1-LJ01B-12-VEL3DB104,4,True,2018-12-14T00:00:00Z,2018-12-14T23:59:59Z,86401,86401,0,1.0,0.999798775,0.99999262,-2.299e-05,0,0,0,0,1e-06,2.263906,8.775739,8.693749e-10,0.002263923,0.008775803,False,0.007315,False
2018-12-15,RS01SUM1-LJ01B-12-VEL3DB104,4,True,2018-12-15T00:00:00Z,2018-12-15T23:59:59Z,86400,86400,0,1.0,0.999919891,0.999992667,-0.001229334,0,0,0,0,-1e-06,2.510161,8.315399,-5.020623e-10,0.002510179,0.00831546,False,0.006801,False
2018-12-16,RS01SUM1-LJ01B-12-VEL3DB104,4,True,2018-12-16T00:00:00Z,2018-12-16T23:59:59Z,86401,86401,0,1.0,0.999887943,0.999992706,-0.002073577,0,0,0,0,1e-06,3.209781,8.705531,8.853239e-10,0.003209805,0.008705594,False,0.007099,False
2018-12-17,RS01SUM1-LJ01B-12-VEL3DB104,4,True,2018-12-17T00:00:00Z,2018-12-17T23:59:59Z,86400,86400,0,1.0,0.999967098,0.999992659,-0.007321116,0,0,0,0,-1e-06,4.968729,14.197909,-5.421037e-10,0.004968765,0.01419801,False,0.01016,False
2018-12-18,RS01SUM1-LJ01B-12-VEL3DB104,4,True,2018-12-18T00:00:00Z,2018-12-18T23:59:59Z,86401,86401,0,1.0,0.999958992,0.999992601,0.004031473,0,0,1,1,-0.0,1.873572,8.668426,-3.061527e-10,0.001873586,0.00866849,False,0.007975,False
2018-12-19,RS01SUM1-LJ01B-12-VEL3DB104,4,True,2018-12-19T00:00:00Z,2018-12-19T23:59:59Z,86401,86401,0,1.0,1.000003815,0.999992636,-0.001943687,0,0,2,2,-0.0,2.362897,9.013689,-2.971403e-10,0.002362915,0.009013755,False,0.012083,False
2018-12-20,RS01SUM1-LJ01B-12-VEL3DB104,4,True,2018-12-20T00:00:00Z,2018-12-20T23:59:59Z,86400,86400,0,1.0,0.999973774,0.999992558,-0.001513754,0,0,0,0,-0.0,1.551373,8.436195,-4.740569e-10,0.001551385,0.008436258,False,0.010129,False
2018-12-21,RS01SUM1-LJ01B-12-VEL3DB104,4,True,2018-12-21T00:00:00Z,2018-12-21T23:59:59Z,86401,86401,0,1.0,1.000061989,0.999992571,-0.000880936,0,0,1,1,-1e-06,2.233798,14.534327,-7.454593e-10,0.002233815,0.01453444,False,0.012131,False
2018-12-22,RS01SUM1-LJ01B-12-VEL3DB104,4,True,2018-12-22T00:00:00Z,2018-12-22T23:59:59Z,86401,86401,0,1.0,0.999920368,0.999992588,0.000910601,0,0,1,1,-0.0,2.344224,9.214013,-1.635879e-10,0.002344242,0.009214081,False,0.013474,False
2018-12-23,RS01SUM1-LJ01B-12-VEL3DB104,4,True,2018-12-23T00:00:00Z,2018-12-23T23:59:59Z,86400,86400,0,1.0,1.000047684,0.999992646,-0.002937262,0,0,0,0,-0.0,3.188282,12.756783,-4.679836e-10,0.003188305,0.01275688,False,0.012126,False
2018-12-24,RS01SUM1-LJ01B-12-VEL3DB104,4,True,2018-12-24T00:00:00Z,2018-12-24T23:59:59Z,86401,86401,0,1.0,0.999961138,0.999992591,-0.005453968,0,0,1,1,-0.0,2.800576,10.676141,-1.832866e-10,0.002800597,0.01067622,False,0.011129,False
2018-12-25,RS01SUM1-LJ01B-12-VEL3DB104,4,True,2018-12-25T00:00:00Z,2018-12-25T23:59:59Z,86401,86401,0,1.0,0.999969006,0.999992647,-0.002475298,0,0,0,0,1e-06,2.461144,7.959077,8.257035e-10,0.002461162,0.007959136,False,0.007268,False
2018-12-26,RS01SUM1-LJ01B-12-VEL3DB104,4,True,2018-12-26T00:00:00Z,2018-12-26T23:59:59Z,86400,86400,0,1.0,0.999885082,0.999992527,-0.002434105,0,0,0,0,-1e-06,2.199045,7.294363,-5.008539e-10,0.002199061,0.007294418,False,0.00686,False
2018-12-27,RS01SUM1-LJ01B-12-VEL3DB104,4,True,2018-12-27T00:00:00Z,2018-12-27T23:59:59Z,86401,86401,0,1.0,0.999942064,0.999992614,-0.006655888,0,0,2,2,-0.0,3.538403,10.835333,-1.091442e-10,0.00353843,0.01083541,False,0.005482,False
2018-12-28,RS01SUM1-LJ01B-12-VEL3DB104,4,True,2018-12-28T00:00:00Z,2018-12-28T23:59:59Z,86400,86400,0,1.0,0.99995327,0.999992604,-0.000795137,0,0,0,0,-0.0,1.359291,6.934151,-4.384959e-10,0.001359301,0.006934203,False,0.004892,False
2018-12-29,RS01SUM1-LJ01B-12-VEL3DB104,4,True,2018-12-29T00:00:00Z,2018-12-29T23:59:59Z,86401,86401,0,1.0,0.999901772,0.999992607,-0.001354535,0,0,1,1,0.0,2.430551,10.122878,4.858328e-10,0.002430569,0.01012295,False,0.008081,False
2018-12-30,RS01SUM1-LJ01B-12-VEL3DB104,4,True,2018-12-30T00:00:00Z,2018-12-30T23:59:59Z,86401,86401,0,1.0,0.999878883,0.999992588,-0.001042381,0,0,1,1,0.0,2.555164,8.101171,2.637835e-10,0.002555183,0.008101231,False,0.007967,False
2018-12-31,RS01SUM1-LJ01B-12-VEL3DB104,4,True,2018-12-31T00:00:00Z,2018-12-31T23:59:59Z,86400,86400,0,1.0,0.999907017,0.999992619,0.005920096,0,0,0,0,-1e-06,2.90368,18.447649,-5.143618e-10,0.002903701,0.01844778,False,0.016263,False
2019-01-01,RS01SUM1-LJ01B-12-VEL3DB104,4,True,2019-01-01T00:00:00Z,2019-01-01T23:59:59Z,86401,86401,0,1.0,0.999845982,0.999992632,-0.002140108,0,0,0,0,1e-06,1.579597,13.606983,8.916273e-10,0.001579609,0.01360708,False,0.012899,False
2019-01-02,RS01SUM1-LJ01B-12-VEL3DB104,4,True,2019-01-02T00:00:00Z,2019-01-02T23:59:59Z,86401,86401,0,1.0,0.999860764,0.999992647,-0.003950423,0,0,2,2,0.0,1.363847,6.718479,1.409603e-10,0.001363857,0.006718529,False,0.004987,False
2019-01-03,RS01SUM1-LJ01B-12-VEL3DB104,4,True,2019-01-03T00:00:00Z,2019-01-03T23:59:59Z,86400,86400,0,1.0,0.999853134,0.999992658,-0.002415548,0,0,0,0,-0.0,1.785893,11.203602,-4.994952e-10,0.001785906,0.01120368,False,0.011418,False
2019-01-04,RS01SUM1-LJ01B-12-VEL3DB104,4,True,2019-01-04T00:00:00Z,2019-01-04T23:59:59Z,86401,86401,0,1.0,0.999825954,0.999992615,0.002899316,0,0,0,0,1e-06,1.508621,9.119503,8.943985e-10,0.001508632,0.00911957,False,0.009711,False
2019-01-05,RS01SUM1-LJ01B-12-VEL3DB104,4,True,2019-01-05T00:00:00Z,2019-01-05T23:59:59Z,86401,86401,0,1.0,0.99993372,0.99999266,-0.003596233,0,0,3,3,1e-06,1.786296,9.539389,6.252235e-10,0.001786309,0.009539459,False,0.011999,False
2019-01-06,RS01SUM1-LJ01B-12-VEL3DB104,4,True,2019-01-06T00:00:00Z,2019-01-06T23:59:59Z,86400,86400,0,1.0,0.999952793,0.999992625,6.62e-07,0,0,0,0,-1e-06,1.650677,6.28147,-5.084971e-10,0.001650689,0.006281516,False,0.00737,False
2019-01-07,RS01SUM1-LJ01B-12-VEL3DB104,4,True,2019-01-07T00:00:00Z,2019-01-07T23:59:59Z,86401,86401,0,1.0,0.999927044,0.999992521,-0.001645908,0,0,2,2,0.0,2.095853,7.791219,2.396821e-11,0.002095868,0.007791277,False,0.007394,False
2019-01-08,RS01SUM1-LJ01B-12-VEL3DB104,4,True,2019-01-08T00:00:00Z,2019-01-08T23:59:59Z,86401,86401,0,1.0,1.000003338,0.999992631,0.000368332,0,0,0,0,1e-06,1.961643,8.593634,8.590691e-10,0.001961658,0.008593698,False,0.006806,False
2019-01-09,RS01SUM1-LJ01B-12-VEL3DB104,4,True,2019-01-09T00:00:00Z,2019-01-09T23:59:59Z,86400,86400,0,1.0,0.999922276,0.999992561,0.002540188,0,0,0,0,-0.0,1.979223,8.586917,-4.696362e-10,0.001979237,0.008586981,False,0.011742,False
2019-01-10,RS01SUM1-LJ01B-12-VEL3DB104,4,True,2019-01-10T00:00:00Z,2019-01-10T23:59:59Z,86401,86401,0,1.0,0.999907017,0.999992511,0.000726303,0,0,1,1,0.0,2.183052,8.900963,3.474117e-10,0.002183068,0.00890103,False,0.005648,False
2019-01-11,RS01SUM1-LJ01B-12-VEL3DB104,4,True,2019-01-11T00:00:00Z,2019-01-11T23:59:59Z,86400,86400,0,1.0,0.999872684,0.999992482,0.003414973,0,0,0,0,-0.0,1.967328,8.756427,-4.928705e-10,0.001967342,0.008756493,False,0.006949,False
2019-01-12,RS01SUM1-LJ01B-12-VEL3DB104,4,True,2019-01-12T00:00:00Z,2019-01-12T23:59:59Z,86401,86401,0,1.0,0.999962807,0.999992493,0.001351766,0,0,0,0,1e-06,1.922813,12.368876,8.626573e-10,0.001922828,0.01236897,False,0.011903,False
2019-01-13,RS01SUM1-LJ01B-12-VEL3DB104,4,True,2019-01-13T00:00:00Z,2019-01-13T23:59:59Z,86401,86401,0,1.0,0.999915123,0.999992473,-0.001245243,0,0,1,1,-0.0,2.307458,9.602549,-2.045925e-11,0.002307475,0.009602621,False,0.006842,False
2019-01-14,RS01SUM1-LJ01B-12-VEL3DB104,4,True,2019-01-14T00:00:00Z,2019-01-14T23:59:59Z,86400,86400,0,1.0,0.999870777,0.999992452,-0.00157594,0,0,0,0,-0.0,1.544821,10.494428,-4.697152e-10,0.001544833,0.01049451,False,0.010376,False
2019-01-15,RS01SUM1-LJ01B-12-VEL3DB104,4,True,2019-01-15T00:00:00Z,2019-01-15T23:59:59Z,86401,86401,0,1.0,0.999873161,0.999992539,0.003930992,0,0,5,5,0.0,1.750661,5.492651,3.334384e-10,0.001750674,0.005492692,False,0.005382,False
2019-01-16,RS01SUM1-LJ01B-12-VEL3DB104,4,True,2019-01-16T00:00:00Z,2019-01-16T23:59:59Z,86401,86401,0,1.0,0.99991703,0.999992569,-0.00428103,0,0,2,2,-0.0,2.371441,9.827457,-1.069778e-10,0.002371459,0.00982753,False,0.005946,False
2019-01-17,RS01SUM1-LJ01B-12-VEL3DB104,4,True,2019-01-17T00:00:00Z,2019-01-17T23:59:59Z,86400,86400,0,1.0,0.999883175,0.999992496,0.001918476,0,0,0,0,-0.0,2.534155,8.396192,-4.79676e-10,0.002534174,0.008396255,False,0.010344,False
2019-01-18,RS01SUM1-LJ01B-12-VEL3DB104,4,True,2019-01-18T00:00:00Z,2019-01-18T23:59:59Z,86401,86401,0,1.0,0.999951363,0.999992548,-0.002138253,0,0,1,1,-0.0,2.142396,7.10018,-2.354628e-11,0.002142412,0.007100233,False,0.005197,False
2019-01-19,RS01SUM1-LJ01B-12-VEL3DB104,4,True,2019-01-19T00:00:00Z,2019-01-19T23:59:59Z,86401,86401,0,1.0,0.999939919,0.999992615,-0.003912156,0,0,2,2,-0.0,1.939109,6.565206,-3.804103e-10,0.001939123,0.006565255,False,0.006939,False
2019-01-20,RS01SUM1-LJ01B-12-VEL3DB104,4,True,2019-01-20T00:00:00Z,2019-01-20T23:59:59Z,86400,86400,0,1.0,0.999871731,0.999992537,0.000456289,0,0,0,0,-0.0,1.783782,5.840075,-4.78526e-10,0.001783795,0.005840118,False,0.007229,False
2019-01-21,RS01SUM1-LJ01B-12-VEL3DB104,4,True,2019-01-21T00:00:00Z,2019-01-21T23:59:59Z,86401,86401,0,1.0,0.999907017,0.999992548,0.002260268,0,0,2,2,0.0,2.945574,10.937204,1.413944e-10,0.002945596,0.01093729,False,0.011421,False
2019-01-22,RS01SUM1-LJ01B-12-VEL3DB104,4,True,2019-01-22T00:00:00Z,2019-01-22T23:59:59Z,86401,86401,0,1.0,0.999911785,0.999992568,0.002804274,0,0,0,0,1e-06,1.579318,8.904649,8.90798e-10,0.00157933,0.008904715,False,0.006152,False
2019-01-23,RS01SUM1-LJ01B-12-VEL3DB104,4,True,2019-01-23T00:00:00Z,2019-01-23T23:59:59Z,86400,86400,0,1.0,0.999917984,0.99999258,0.000205822,0,0,0,0,-0.0,1.871017,8.11117,-4.492179e-10,0.00187103,0.00811123,False,0.007249,False
2019-01-24,RS01SUM1-LJ01B-12-VEL3DB104,4,True,2019-01-24T00:00:00Z,2019-01-24T23:59:59Z,86401,86401,0,1.0,0.999994755,0.999992641,-0.002151594,0,0,0,0,1e-06,1.840379,7.770699,9.077053e-10,0.001840392,0.007770757,False,0.006294,False
2019-01-25,RS01SUM1-LJ01B-12-VEL3DB104,4,True,2019-01-25T00:00:00Z,2019-01-25T23:59:59Z,86109,86400,291,1.0,0.999926567,0.999992648,6.657e-06,1,291,1,291,-1e-06,1.849412,8.977337,-8.179247e-10,0.001849426,0.008977403,False,0.018376,True
2019-01-26,RS01SUM1-LJ01B-12-VEL3DB104,4,True,2019-01-26T00:00:00Z,2019-01-26T23:59:59Z,86401,86401,0,1.0,0.999876022,0.999992654,0.000407933,0,0,1,1,-0.0,2.04229,8.11749,-4.398272e-10,0.002042305,0.00811755,False,0.007236,False
2019-01-27,RS01SUM1-LJ01B-12-VEL3DB104,4,True,2019-01-27T00:00:00Z,2019-01-27T23:59:59Z,86401,86401,0,1.0,0.999863625,0.999992637,0.003635397,0,0,0,0,1e-06,2.93215,11.25551,8.495346e-10,0.002932172,0.01125559,False,0.007855,False
2019-01-28,RS01SUM1-LJ01B-12-VEL3DB104,4,True,2019-01-28T00:00:00Z,2019-01-28T23:59:59Z,86400,86400,0,1.0,0.99991703,0.999992604,0.002222489,0,0,0,0,-0.0,3.366794,10.91164,-4.985557e-10,0.003366819,0.01091172,False,0.006979,False
2019-01-29,RS01SUM1-LJ01B-12-VEL3DB104,4,True,2019-01-29T00:00:00Z,2019-01-29T23:59:59Z,86401,86401,0,1.0,0.999885082,0.999992622,-0.00077545,0,0,2,2,0.0,2.780728,11.387915,2.515652e-10,0.002780748,0.011388,False,0.008779,False
2019-01-30,RS01SUM1-LJ01B-12-VEL3DB104,4,True,2019-01-30T00:00:00Z,2019-01-30T23:59:59Z,86254,86401,147,1.0,0.999907017,0.999992562,-0.000455222,2,147,2,148,0.0,1.630071,14.708803,2.246214e-10,0.001630083,0.01470891,False,0.012729,True
2019-01-31,RS01SUM1-LJ01B-12-VEL3DB104,4,True,2019-01-31T00:00:00Z,2019-01-31T23:59:59Z,86400,86400,0,1.0,0.999920845,0.999992671,-0.003399419,0,0,0,0,-0.0,2.637539,10.121021,-4.839251e-10,0.002637558,0.0101211,False,0.012505,False
2019-02-01,RS01SUM1-LJ01B-12-VEL3DB104,4,True,2019-02-01T00:00:00Z,2019-02-01T23:59:59Z,86401,86401,0,1.0,0.999876976,0.999992604,-0.001845407,0,0,0,0,1e-06,3.997003,9.391886,8.611149e-10,0.003997033,0.009391955,False,0.006873,False
2019-02-02,RS01SUM1-LJ01B-12-VEL3DB104,4,True,2019-02-02T00:00:00Z,2019-02-02T23:59:59Z,86401,86401,0,1.0,0.999979973,0.99999262,0.000571755,0,0,0,0,1e-06,1.922124,6.772305,9.030733e-10,0.001922138,0.006772355,False,0.007199,False
2019-02-03,RS01SUM1-LJ01B-12-VEL3DB104,4,True,2019-02-03T00:00:00Z,2019-02-03T23:59:59Z,86400,86400,0,1.0,0.999906063,0.999992638,0.000435728,0,0,0,0,-0.0,1.914171,6.912571,-4.997753e-10,0.001914185,0.006912622,False,0.00831,False
2019-02-04,RS01SUM1-LJ01B-12-VEL3DB104,4,True,2019-02-04T00:00:00Z,2019-02-04T23:59:59Z,86401,86401,0,1.0,0.999944687,0.999992612,-0.001244266,0,0,2,2,0.0,1.848473,6.906215,7.846475e-12,0.001848487,0.006906266,False,0.006897,False
2019-02-05,RS01SUM1-LJ01B-12-VEL3DB104,4,True,2019-02-05T00:00:00Z,2019-02-05T23:59:59Z,86400,86400,0,1.0,0.999973297,0.999992518,-0.000694206,0,0,0,0,-0.0,1.799211,6.95487,-4.805171e-10,0.001799225,0.006954922,False,0.00454,False
2019-02-06,RS01SUM1-LJ01B-12-VEL3DB104,4,True,2019-02-06T00:00:00Z,2019-02-06T23:59:59Z,86401,86401,0,1.0,0.999980927,0.999992611,-0.000383815,0,0,0,0,1e-06,1.657087,8.171077,8.558764e-10,0.001657099,0.008171137,False,0.006801,False
2019-02-07,RS01SUM1-LJ01B-12-VEL3DB104,4,True,2019-02-07T00:00:00Z,2019-02-07T23:59:59Z,86401,86401,0,1.0,0.999897003,0.999992594,-0.002423522,0,0,2,2,1e-06,1.917053,7.012815,6.027918e-10,0.001917067,0.007012867,False,0.007033,False
2019-02-08,RS01SUM1-LJ01B-12-VEL3DB104,4,True,2019-02-08T00:00:00Z,2019-02-08T23:59:59Z,86400,86400,0,1.0,0.99993372,0.999992606,-0.000140135,0,0,0,0,-1e-06,1.644236,9.079489,-5.210649e-10,0.001644248,0.009079556,False,0.007945,False
2019-02-09,RS01SUM1-LJ01B-12-VEL3DB104,4,True,2019-02-09T00:00:00Z,2019-02-09T23:59:59Z,86401,86401,0,1.0,0.999890804,0.999992586,0.002664015,0,0,2,2,0.0,2.159909,7.280135,3.180844e-10,0.002159925,0.007280189,False,0.006175,False
2019-02-10,RS01SUM1-LJ01B-12-VEL3DB104,4,True,2019-02-10T00:00:00Z,2019-02-10T23:59:59Z,86401,86401,0,1.0,0.999876976,0.999992641,-0.000569349,0,0,1,1,0.0,1.73772,8.823757,2.019995e-10,0.001737733,0.008823822,False,0.008099,False
2019-02-11,RS01SUM1-LJ01B-12-VEL3DB104,4,True,2019-02-11T00:00:00Z,2019-02-11T23:59:59Z,86400,86400,0,1.0,0.999878883,0.999992625,0.000763883,0,0,0,0,-1e-06,1.791603,7.202001,-5.257238e-10,0.001791616,0.007202054,False,0.006566,False
2019-02-12,RS01SUM1-LJ01B-12-VEL3DB104,4,True,2019-02-12T00:00:00Z,2019-02-12T23:59:59Z,86401,86401,0,1.0,0.999883175,0.999992687,-0.005443114,0,0,2,2,-0.0,3.638749,11.381148,-2.727358e-10,0.003638776,0.01138123,False,0.006707,False
2019-02-13,RS01SUM1-LJ01B-12-VEL3DB104,4,True,2019-02-13T00:00:00Z,2019-02-13T23:59:59Z,86401,86401,0,1.0,0.999912739,0.999992662,-0.002373355,0,0,0,0,1e-06,2.140714,9.579566,8.799388e-10,0.002140729,0.009579637,False,0.011531,False
2019-02-14,RS01SUM1-LJ01B-12-VEL3DB104,4,True,2019-02-14T00:00:00Z,2019-02-14T23:59:59Z,86400,86400,0,1.0,0.999886036,0.999992631,-0.001008458,0,0,0,0,-0.0,1.5013,5.229623,-4.913532e-10,0.001501311,0.005229662,False,0.006888,False
2019-02-15,RS01SUM1-LJ01B-12-VEL3DB104,4,True,2019-02-15T00:00:00Z,2019-02-15T23:59:59Z,86401,86401,0,1.0,0.999898911,0.999992683,0.001159861,0,0,2,2,-0.0,1.892606,9.34636,-5.871353e-11,0.00189262,0.009346428,False,0.010548,False
2019-02-16,RS01SUM1-LJ01B-12-VEL3DB104,4,True,2019-02-16T00:00:00Z,2019-02-16T23:59:59Z,86400,86400,0,1.0,0.999947071,0.999992652,-0.005149203,0,0,0,0,-0.0,1.956406,11.510784,-4.518303e-10,0.001956421,0.01151087,False,0.011595,False
2019-02-17,RS01SUM1-LJ01B-12-VEL3DB104,4,True,2019-02-17T00:00:00Z,2019-02-17T23:59:59Z,86401,86401,0,1.0,0.999914169,0.999992631,-0.00228789,0,0,0,0,1e-06,2.217082,6.232041,8.425505e-10,0.002217099,0.006232086,False,0.007161,False
2019-02-18,RS01SUM1-LJ01B-12-VEL3DB104,4,True,2019-02-18T00:00:00Z,2019-02-18T23:59:59Z,86401,86401,0,1.0,0.999883652,0.99999264,-0.002345639,0,0,1,1,-0.0,1.775694,6.035913,-2.360582e-10,0.001775707,0.006035957,False,0.004751,False
2019-02-19,RS01SUM1-LJ01B-12-VEL3DB104,4,True,2019-02-19T00:00:00Z,2019-02-19T23:59:59Z,86400,86400,0,1.0,0.999911785,0.999992633,-0.000423569,0,0,0,0,-0.0,2.019495,8.35828,-4.5784e-10,0.00201951,0.008358342,False,0.00728,False
2019-02-20,RS01SUM1-LJ01B-12-VEL3DB104,4,True,2019-02-20T00:00:00Z,2019-02-20T23:59:59Z,86401,86401,0,1.0,0.999905109,0.999992703,-0.001719821,0,0,0,0,1e-06,2.063384,6.739905,8.702235e-10,0.002063399,0.006739955,False,0.00773,False
2019-02-21,RS01SUM1-LJ01B-12-VEL3DB104,4,True,2019-02-21T00:00:00Z,2019-02-21T23:59:59Z,86401,86401,0,1.0,0.999894142,0.999992762,0.001798164,0,0,1,1,0.0,2.21754,8.6131,2.246064e-11,0.002217556,0.008613162,False,0.007812,False
2019-02-22,RS01SUM1-LJ01B-12-VEL3DB104,4,True,2019-02-22T00:00:00Z,2019-02-22T23:59:59Z,86400,86400,0,1.0,0.99992609,0.999992799,0.00164365,0,0,0,0,-1e-06,2.083265,8.32999,-5.002168e-10,0.00208328,0.00833005,False,0.008372,False
2019-02-23,RS01SUM1-LJ01B-12-VEL3DB104,4,True,2019-02-23T00:00:00Z,2019-02-23T23:59:59Z,86401,86401,0,1.0,0.999840736,0.999992771,0.000986238,0,0,0,0,1e-06,2.839916,7.833267,9.090699e-10,0.002839937,0.007833324,False,0.004749,False
2019-02-24,RS01SUM1-LJ01B-12-VEL3DB104,4,True,2019-02-24T00:00:00Z,2019-02-24T23:59:59Z,86401,86401,0,1.0,0.999893665,0.999992763,-0.000744572,0,0,0,0,1e-06,3.644862,22.9297,8.854276e-10,0.003644889,0.02292987,False,0.018387,False
2019-02-25,RS01SUM1-LJ01B-12-VEL3DB104,4,True,2019-02-25T00:00:00Z,2019-02-25T23:59:59Z,86400,86400,0,1.0,0.999810219,0.99999283,-0.00434123,0,0,0,0,-1e-06,3.10695,12.817775,-5.115162e-10,0.003106973,0.01281787,False,0.011948,False
2019-02-26,RS01SUM1-LJ01B-12-VEL3DB104,4,True,2019-02-26T00:00:00Z,2019-02-26T23:59:59Z,86401,86401,0,1.0,0.999883652,0.999992743,0.007151713,0,0,1,1,0.0,2.199479,9.07375,1.902458e-10,0.002199495,0.009073816,False,0.011009,False
2019-02-27,RS01SUM1-LJ01B-12-VEL3DB104,4,True,2019-02-27T00:00:00Z,2019-02-27T23:59:59Z,86400,86400,0,1.0,0.99984169,0.999992672,-0.000105033,0,0,0,0,-0.0,1.288772,5.691237,-4.580108e-10,0.001288782,0.005691279,False,0.004593,False
2019-02-28,RS01SUM1-LJ01B-12-VEL3DB104,4,True,2019-02-28T00:00:00Z,2019-02-28T23:59:59Z,86401,86401,0,1.0,0.999855042,0.999992701,-0.000328403,0,0,2,2,0.0,1.674946,6.284526,2.837831e-11,0.001674958,0.006284572,False,0.006226,False
2019-03-01,RS01SUM1-LJ01B-12-VEL3DB104,4,True,2019-03-01T00:00:00Z,2019-03-01T23:59:59Z,86401,86401,0,1.0,0.999885082,0.999992727,0.002119998,0,0,0,0,1e-06,1.573268,8.021107,8.982586e-10,0.001573279,0.008021166,False,0.011331,False
2019-03-02,RS01SUM1-LJ01B-12-VEL3DB104,4,True,2019-03-02T00:00:00Z,2019-03-02T23:59:59Z,86400,86400,0,1.0,0.99986124,0.999992634,-0.002163962,0,0,0,0,-1e-06,1.699764,14.443108,-5.367033e-10,0.001699777,0.01444321,False,0.01172,False
2019-03-03,RS01SUM1-LJ01B-12-VEL3DB104,4,True,2019-03-03T00:00:00Z,2019-03-03T23:59:59Z,86401,86401,0,1.0,0.999883652,0.999992662,0.001369303,0,0,2,2,-0.0,1.564643,9.340565,-3.715858e-10,0.001564655,0.009340633,False,0.009135,False
2019-03-04,RS01SUM1-LJ01B-12-VEL3DB104,4,True,2019-03-04T00:00:00Z,2019-03-04T23:59:59Z,86401,86401,0,1.0,0.999860764,0.999992698,0.000493394,0,0,1,1,0.0,2.005293,7.161221,4.284312e-10,0.002005308,0.007161273,False,0.00562,False
2019-03-05,RS01SUM1-LJ01B-12-VEL3DB104,4,True,2019-03-05T00:00:00Z,2019-03-05T23:59:59Z,86400,86400,0,1.0,0.999858379,0.999992633,-0.000573743,0,0,0,0,-1e-06,1.763509,11.859926,-5.189495e-10,0.001763522,0.01186001,False,0.011631,False
2019-03-06,RS01SUM1-LJ01B-12-VEL3DB104,4,True,2019-03-06T00:00:00Z,2019-03-06T23:59:59Z,86401,86401,0,1.0,0.999845028,0.999992694,0.004072095,0,0,1,1,0.0,2.150197,6.75634,1.121359e-10,0.002150213,0.006756389,False,0.006783,False
2019-03-07,RS01SUM1-LJ01B-12-VEL3DB104,4,True,2019-03-07T00:00:00Z,2019-03-07T23:59:59Z,86400,86400,0,1.0,0.9998703,0.999992691,0.000494334,0,0,0,0,-0.0,1.54752,7.541714,-4.650804e-10,0.001547531,0.007541769,False,0.007187,False
2019-03-08,RS01SUM1-LJ01B-12-VEL3DB104,4,True,2019-03-08T00:00:00Z,2019-03-08T23:59:59Z,86401,86401,0,1.0,0.999858379,0.99999265,0.001447867,0,0,1,1,-1e-06,2.741043,7.156975,-1.301572e-09,0.002741063,0.007157028,False,0.005833,False
2019-03-09,RS01SUM1-LJ01B-12-VEL3DB104,4,True,2019-03-09T00:00:00Z,2019-03-09T23:59:59Z,86401,86401,0,1.0,0.999875069,0.999992754,0.004272478,0,0,0,0,1e-06,5.231554,13.352894,8.719577e-10,0.005231592,0.01335299,False,0.006216,False
2019-03-10,RS01SUM1-LJ01B-12-VEL3DB104,4,True,2019-03-10T00:00:00Z,2019-03-10T23:59:59Z,86400,86400,0,1.0,0.999897003,0.999992723,-0.002551811,0,0,0,0,-0.0,1.668546,8.17723,-4.6307e-10,0.001668558,0.008177289,False,0.006365,False
2019-03-11,RS01SUM1-LJ01B-12-VEL3DB104,4,True,2019-03-11T00:00:00Z,2019-03-11T23:59:59Z,86401,86401,0,1.0,0.999888897,0.999992768,0.002687408,0,0,0,0,1e-06,1.735983,6.778802,8.652689e-10,0.001735996,0.006778851,False,0.005874,False
2019-03-12,RS01SUM1-LJ01B-12-VEL3DB104,4,True,2019-03-12T00:00:00Z,2019-03-12T23:59:59Z,86401,86401,0,1.0,0.9998703,0.999992792,-0.002537988,0,0,1,1,-1e-06,1.871053,7.629549,-5.397826e-10,0.001871066,0.007629604,False,0.006642,False
2019-03-13,RS01SUM1-LJ01B-12-VEL3DB104,4,True,2019-03-13T00:00:00Z,2019-03-13T23:59:59Z,86400,86400,0,1.0,0.999907017,0.999992709,-0.001551831,0,0,0,0,-1e-06,3.084272,11.104212,-5.437723e-10,0.003084294,0.01110429,False,0.013093,False
2019-03-14,RS01SUM1-LJ01B-12-VEL3DB104,4,True,2019-03-14T00:00:00Z,2019-03-14T23:59:59Z,86401,86401,0,1.0,0.999881268,0.999992778,-0.002824851,0,0,3,3,0.0,1.980056,13.86756,3.377016e-10,0.00198007,0.01386766,False,0.013735,False
2019-03-15,RS01SUM1-LJ01B-12-VEL3DB104,4,True,2019-03-15T00:00:00Z,2019-03-15T23:59:59Z,82976,86401,3425,1.0,0.999861717,0.999992749,-0.000617427,1,3425,1,3425,0.0,2.475839,9.258184,1.62781e-10,0.002475857,0.009258251,False,0.446947,True
2019-03-16,RS01SUM1-LJ01B-12-VEL3DB104,4,True,2019-03-16T00:00:00Z,2019-03-16T23:59:59Z,86400,86400,0,1.0,0.999901772,0.999992779,-0.003170279,0,0,0,0,-0.0,1.738139,7.655982,-4.390773e-10,0.001738152,0.007656038,False,0.007018,False
2019-03-17,RS01SUM1-LJ01B-12-VEL3DB104,4,True,2019-03-17T00:00:00Z,2019-03-17T23:59:59Z,86401,86401,0,1.0,0.999840736,0.999992755,0.001868623,0,0,1,1,-0.0,1.572407,6.56059,-2.819124e-11,0.001572419,0.006560637,False,0.00539,False
2019-03-18,RS01SUM1-LJ01B-12-VEL3DB104,4,True,2019-03-18T00:00:00Z,2019-03-18T23:59:59Z,86400,86400,0,1.0,0.999839306,0.999992781,-0.001475534,0,0,0,0,-0.0,1.637538,6.908018,-4.495604e-10,0.00163755,0.006908068,False,0.005882,False
2019-03-19,RS01SUM1-LJ01B-12-VEL3DB104,4,True,2019-03-19T00:00:00Z,2019-03-19T23:59:59Z,86401,86401,0,1.0,0.999951839,0.999992869,-0.00241673,0,0,1,1,0.0,2.295862,9.953589,3.692907e-10,0.002295879,0.00995366,False,0.012685,False
2019-03-20,RS01SUM1-LJ01B-12-VEL3DB104,4,True,2019-03-20T00:00:00Z,2019-03-20T23:59:59Z,86401,86401,0,1.0,0.999869823,0.999992792,-0.002113223,0,0,1,1,-1e-06,3.804908,10.359636,-7.850218e-10,0.003804935,0.01035971,False,0.009287,False
2019-03-21,RS01SUM1-LJ01B-12-VEL3DB104,4,True,2019-03-21T00:00:00Z,2019-03-21T23:59:59Z,86400,86400,0,1.0,1.000000954,0.999992793,0.002949765,0,0,0,0,-0.0,2.721181,8.145507,-4.986399e-10,0.002721201,0.008145566,False,0.006314,False
2019-03-22,RS01SUM1-LJ01B-12-VEL3DB104,4,True,2019-03-22T00:00:00Z,2019-03-22T23:59:59Z,86401,86401,0,1.0,0.999938965,0.999992778,0.003679027,0,0,1,1,0.0,2.080549,8.408617,4.879651e-11,0.002080564,0.008408678,False,0.0094,False
2019-03-23,RS01SUM1-LJ01B-12-VEL3DB104,4,True,2019-03-23T00:00:00Z,2019-03-23T23:59:59Z,86400,86400,0,1.0,1.000079155,0.999992817,-0.000835268,0,0,0,0,-0.0,2.758368,14.294555,-4.919626e-10,0.002758388,0.01429466,False,0.013999,False
2019-03-24,RS01SUM1-LJ01B-12-VEL3DB104,4,True,2019-03-24T00:00:00Z,2019-03-24T23:59:59Z,86401,86401,0,1.0,1.000087738,0.999992868,0.002999744,0,0,1,1,1e-06,1.938426,6.380606,5.96333e-10,0.001938439,0.006380652,False,0.006453,False
2019-03-25,RS01SUM1-LJ01B-12-VEL3DB104,4,True,2019-03-25T00:00:00Z,2019-03-25T23:59:59Z,86401,86401,0,1.0,0.999988079,0.99999282,0.002577334,0,0,1,1,-0.0,1.603379,6.120445,-3.579487e-10,0.00160339,0.006120489,False,0.005861,False
2019-03-26,RS01SUM1-LJ01B-12-VEL3DB104,4,True,2019-03-26T00:00:00Z,2019-03-26T23:59:59Z,86400,86400,0,1.0,1.000024796,0.999992824,-8.683e-05,0,0,0,0,-0.0,1.695849,8.36466,-4.90922e-10,0.001695861,0.00836472,False,0.007059,False
2019-03-27,RS01SUM1-LJ01B-12-VEL3DB104,4,True,2019-03-27T00:00:00Z,2019-03-27T23:59:59Z,86401,86401,0,1.0,0.999918938,0.999992764,0.003339004,0,0,2,2,-0.0,2.391839,9.575482,-3.657245e-10,0.002391856,0.009575551,False,0.007919,False
2019-03-28,RS01SUM1-LJ01B-12-VEL3DB104,4,True,2019-03-28T00:00:00Z,2019-03-28T23:59:59Z,86401,86401,0,1.0,0.999964714,0.999992714,-0.002351582,0,0,1,1,-0.0,2.457159,12.528237,-3.087697e-11,0.002457177,0.01252833,False,0.010478,False
2019-03-29,RS01SUM1-LJ01B-12-VEL3DB104,4,True,2019-03-29T00:00:00Z,2019-03-29T23:59:59Z,86400,86400,0,1.0,0.999899864,0.999992658,-0.000788366,0,0,0,0,-0.0,3.095548,12.196367,-4.769789e-10,0.00309557,0.01219646,False,0.013276,False
2019-03-30,RS01SUM1-LJ01B-12-VEL3DB104,4,True,2019-03-30T00:00:00Z,2019-03-30T23:59:59Z,86401,86401,0,1.0,0.999925137,0.999992657,-0.001293297,0,0,1,1,-0.0,2.857219,9.319353,-6.509048e-11,0.00285724,0.009319421,False,0.007838,False
2019-03-31,RS01SUM1-LJ01B-12-VEL3DB104,4,True,2019-03-31T00:00:00Z,2019-03-31T23:59:59Z,86400,86400,0,1.0,0.999931812,0.999992644,-0.000856778,0,0,0,0,-0.0,1.656591,8.769756,-4.983176e-10,0.001656603,0.008769821,False,0.009818,False
2019-04-01,RS01SUM1-LJ01B-12-VEL3DB104,4,True,2019-04-01T00:00:00Z,2019-04-01T23:59:59Z,86401,86401,0,1.0,0.999899864,0.999992685,-0.00160762,0,0,0,0,1e-06,2.458154,8.40648,8.728393e-10,0.002458172,0.008406541,False,0.007629,False
2019-04-02,RS01SUM1-LJ01B-12-VEL3DB104,4,True,2019-04-02T00:00:00Z,2019-04-02T23:59:59Z,86401,86401,0,1.0,0.999957085,0.999992735,-0.003907869,0,0,0,0,1e-06,3.903219,11.162354,8.562384e-10,0.003903247,0.01116244,False,0.010482,False
2019-04-03,RS01SUM1-LJ01B-12-VEL3DB104,4,True,2019-04-03T00:00:00Z,2019-04-03T23:59:59Z,86400,86400,0,1.0,0.999971867,0.999992664,0.001703567,0,0,0,0,-1e-06,1.815495,5.893553,-5.008941e-10,0.001815508,0.005893596,False,0.007534,False
2019-04-04,RS01SUM1-LJ01B-12-VEL3DB104,4,True,2019-04-04T00:00:00Z,2019-04-04T23:18:51Z,83832,83933,101,1.0,0.999979973,0.999992925,-0.000718428,1,101,1,101,0.0,6.521154,32.847821,3.679343e-10,0.0065212,0.03284805,False,0.025163,True
2019-04-05,RS01SUM1-LJ01B-12-VEL3DB104,4,True,2019-04-05T01:33:37Z,2019-04-05T23:59:59Z,80784,80784,0,1.0,1.000012875,0.999992544,0.004762855,0,0,0,0,0.0,3.627425,13.42801,2.536667e-10,0.003627452,0.01342811,False,0.011646,False
2019-04-06,RS01SUM1-LJ01B-12-VEL3DB104,4,True,2019-04-06T00:00:00Z,2019-04-06T23:59:59Z,86400,86400,0,1.0,0.99992609,0.999992756,0.003741884,0,0,0,0,-0.0,2.861023,7.070542,-4.993017e-10,0.002861044,0.007070594,False,0.002861,False
2019-04-07,RS01SUM1-LJ01B-12-VEL3DB104,4,True,2019-04-07T00:00:00Z,2019-04-07T23:59:59Z,86401,86401,0,1.0,1.00012207,0.999992786,0.001845022,0,0,1,1,1e-06,1.400304,3.818104,6.104752e-10,0.001400314,0.003818132,False,0.002888,False
2019-04-08,RS01SUM1-LJ01B-12-VEL3DB104,4,True,2019-04-08T00:00:00Z,2019-04-08T23:59:59Z,86401,86401,0,1.0,0.999955654,0.999992706,-0.000851244,0,0,1,1,-0.0,0.886006,3.859635,-2.22891e-10,0.0008860124,0.003859663,False,0.003683,False
2019-04-09,RS01SUM1-LJ01B-12-VEL3DB104,4,True,2019-04-09T00:00:00Z,2019-04-09T23:59:59Z,86400,86400,0,1.0,0.999986649,0.999992736,-0.000198042,0,0,0,0,-1e-06,1.576917,10.866311,-5.360853e-10,0.001576929,0.01086639,False,0.009806,False
2019-04-10,RS01SUM1-LJ01B-12-VEL3DB104,4,True,2019-04-10T00:00:00Z,2019-04-10T23:59:59Z,86401,86401,0,1.0,0.999900818,0.999992715,0.001925495,0,0,0,0,1e-06,0.82491,3.56198,8.767196e-10,0.0008249164,0.003562006,False,0.003117,False
2019-04-11,RS01SUM1-LJ01B-12-VEL3DB104,4,True,2019-04-11T00:00:00Z,2019-04-11T23:59:59Z,86400,86400,0,1.0,0.999891281,0.999992727,-0.001284572,0,0,0,0,-0.0,1.323639,3.431083,-4.845588e-10,0.001323649,0.003431108,False,0.003241,False
2019-04-12,RS01SUM1-LJ01B-12-VEL3DB104,4,True,2019-04-12T00:00:00Z,2019-04-12T23:59:59Z,86401,86401,0,1.0,0.999909878,0.999992793,-0.000306548,0,0,1,1,0.0,0.754058,3.976514,4.82168e-10,0.0007540637,0.003976543,False,0.003095,False
2019-04-13,RS01SUM1-LJ01B-12-VEL3DB104,4,True,2019-04-13T00:00:00Z,2019-04-13T23:59:59Z,86401,86401,0,1.0,0.999922276,0.999992838,-0.001594799,0,0,1,1,-0.0,1.016743,3.563426,-3.392642e-10,0.001016751,0.003563451,False,0.002945,False
2019-04-14,RS01SUM1-LJ01B-12-VEL3DB104,4,True,2019-04-14T00:00:00Z,2019-04-14T23:59:59Z,86400,86400,0,1.0,0.999949932,0.999992911,8.777e-06,0,0,0,0,-0.0,0.740902,3.095007,-4.518596e-10,0.0007409076,0.003095029,False,0.003002,False
2019-04-15,RS01SUM1-LJ01B-12-VEL3DB104,4,True,2019-04-15T00:00:00Z,2019-04-15T23:59:59Z,86401,86401,0,1.0,0.999939919,0.999992851,-0.001105869,0,0,3,3,1e-06,0.919491,10.476069,1.052027e-09,0.0009194978,0.01047614,False,0.010053,False
2019-04-16,RS01SUM1-LJ01B-12-VEL3DB104,4,True,2019-04-16T00:00:00Z,2019-04-16T23:59:59Z,86400,86400,0,1.0,1.000062943,0.999992882,-0.001859801,0,0,0,0,-0.0,1.039789,9.693131,-4.930972e-10,0.001039796,0.0096932,False,0.009948,False
2019-04-17,RS01SUM1-LJ01B-12-VEL3DB104,4,True,2019-04-17T00:00:00Z,2019-04-17T23:59:59Z,86401,86401,0,1.0,1.000003815,0.999992855,-0.000183622,0,0,0,0,1e-06,0.882772,11.676992,8.669802e-10,0.0008827783,0.01167708,False,0.010448,False
2019-04-18,RS01SUM1-LJ01B-12-VEL3DB104,4,True,2019-04-18T00:00:00Z,2019-04-18T23:59:59Z,86401,86401,0,1.0,0.999948978,0.999992808,0.000933486,0,0,0,0,1e-06,1.485162,12.205259,8.88911e-10,0.001485172,0.01220535,False,0.012046,False
2019-04-19,RS01SUM1-LJ01B-12-VEL3DB104,4,True,2019-04-19T00:00:00Z,2019-04-19T23:59:59Z,86199,86400,201,1.0,1.000006676,0.999992875,-0.000340391,1,201,1,201,0.0,1.041706,5.238152,1.165553e-11,0.001041713,0.005238189,False,0.003148,True
2019-04-20,RS01SUM1-LJ01B-12-VEL3DB104,4,True,2019-04-20T00:00:00Z,2019-04-20T23:59:59Z,86401,86401,0,1.0,0.999945164,0.999992817,-0.001956345,0,0,0,0,1e-06,1.245661,3.822424,9.030929e-10,0.00124567,0.003822452,False,0.002958,False
2019-04-21,RS01SUM1-LJ01B-12-VEL3DB104,4,True,2019-04-21T00:00:00Z,2019-04-21T23:59:59Z,86401,86401,0,1.0,1.000020981,0.99999285,0.004821248,0,0,0,0,1e-06,4.323893,12.156048,8.832776e-10,0.004323924,0.01215614,False,0.014054,False
2019-04-22,RS01SUM1-LJ01B-12-VEL3DB104,4,True,2019-04-22T00:00:00Z,2019-04-22T23:59:59Z,86320,86400,80,1.0,0.999913692,0.999992897,-0.002910075,2,80,2,80,0.0,1.600287,11.63705,1.113979e-10,0.001600299,0.01163713,False,0.012827,True
2019-04-23,RS01SUM1-LJ01B-12-VEL3DB104,4,True,2019-04-23T00:00:00Z,2019-04-23T23:59:59Z,86401,86401,0,1.0,0.999948978,0.999992882,-0.000308511,0,0,0,0,1e-06,0.796623,3.420718,8.665063e-10,0.0007966289,0.003420743,False,0.003045,False
2019-04-24,RS01SUM1-LJ01B-12-VEL3DB104,4,True,2019-04-24T00:00:00Z,2019-04-24T23:59:59Z,86400,86400,0,1.0,0.999886036,0.999992873,0.002634277,0,0,0,0,-0.0,1.179111,3.754249,-4.570095e-10,0.00117912,0.003754276,False,0.003043,False
2019-04-25,RS01SUM1-LJ01B-12-VEL3DB104,4,True,2019-04-25T00:00:00Z,2019-04-25T23:59:59Z,86401,86401,0,1.0,0.999885082,0.999992883,0.0025154,0,0,1,1,0.0,1.185558,3.962705,3.7365e-10,0.001185567,0.003962733,False,0.003145,False
2019-04-26,RS01SUM1-LJ01B-12-VEL3DB104,4,True,2019-04-26T00:00:00Z,2019-04-26T23:59:59Z,86045,86401,356,1.0,0.999900341,0.999992824,0.002485232,1,356,1,356,0.0,1.443752,4.407725,2.472879e-10,0.001443762,0.004407757,False,0.033047,True
2019-04-27,RS01SUM1-LJ01B-12-VEL3DB104,4,True,2019-04-27T00:00:00Z,2019-04-27T23:59:59Z,86400,86400,0,1.0,0.999927044,0.999992907,0.000717819,0,0,0,0,-0.0,1.229093,13.172659,-4.874132e-10,0.001229102,0.01317275,False,0.01154,False
2019-04-28,RS01SUM1-LJ01B-12-VEL3DB104,4,True,2019-04-28T00:00:00Z,2019-04-28T23:59:59Z,86401,86401,0,1.0,0.999924183,0.999992854,-0.000104974,0,0,0,0,1e-06,0.6677,2.296703,8.884752e-10,0.0006677051,0.00229672,False,0.003149,False
2019-04-29,RS01SUM1-LJ01B-12-VEL3DB104,4,True,2019-04-29T00:00:00Z,2019-04-29T23:59:59Z,86401,86401,0,1.0,0.999897003,0.999992873,0.000320911,0,0,0,0,1e-06,2.435921,7.075015,8.990502e-10,0.002435939,0.007075066,False,0.002948,False
2019-04-30,RS01SUM1-LJ01B-12-VEL3DB104,4,True,2019-04-30T00:00:00Z,2019-04-30T23:59:59Z,86400,86400,0,1.0,0.999891281,0.999992881,0.000676333,0,0,0,0,-0.0,2.703805,7.833957,-4.647698e-10,0.002703824,0.007834013,False,0.003289,False
2019-05-01,RS01SUM1-LJ01B-12-VEL3DB104,4,True,2019-05-01T00:00:00Z,2019-05-01T23:59:59Z,86401,86401,0,1.0,0.999968052,0.999992813,0.002152916,0,0,0,0,1e-06,1.014202,11.284514,8.682468e-10,0.00101421,0.0112846,False,0.011409,False
2019-05-02,RS01SUM1-LJ01B-12-VEL3DB104,4,True,2019-05-02T00:00:00Z,2019-05-02T23:59:59Z,86400,86400,0,1.0,0.999894142,0.999992747,0.002771968,0,0,0,0,-0.0,2.552081,7.895344,-4.981687e-10,0.0025521,0.007895401,False,0.003191,False
2019-05-03,RS01SUM1-LJ01B-12-VEL3DB104,4,True,2019-05-03T00:00:00Z,2019-05-03T23:59:59Z,86401,86401,0,1.0,0.99998188,0.999992738,0.004105105,0,0,1,1,-0.0,1.821773,13.655781,-9.421768e-11,0.001821786,0.01365588,False,0.010625,False
2019-05-04,RS01SUM1-LJ01B-12-VEL3DB104,4,True,2019-05-04T00:00:00Z,2019-05-04T23:59:59Z,86401,86401,0,1.0,0.999948025,0.999992745,0.000115813,0,0,1,1,0.0,1.134224,3.326811,1.158559e-10,0.001134232,0.003326836,False,0.003234,False
2019-05-05,RS01SUM1-LJ01B-12-VEL3DB104,4,True,2019-05-05T00:00:00Z,2019-05-05T23:59:59Z,86400,86400,0,1.0,0.999959946,0.999992734,0.001953629,0,0,0,0,-1e-06,0.963524,3.140002,-5.063192e-10,0.0009635314,0.003140025,False,0.003043,False
2019-05-06,RS01SUM1-LJ01B-12-VEL3DB104,4,True,2019-05-06T00:00:00Z,2019-05-06T23:59:59Z,86401,86401,0,1.0,0.999927998,0.999992697,0.000764577,0,0,0,0,1e-06,0.735096,2.691262,8.757233e-10,0.0007351013,0.002691281,False,0.003177,False
2019-05-07,RS01SUM1-LJ01B-12-VEL3DB104,4,True,2019-05-07T00:00:00Z,2019-05-07T23:59:59Z,86400,86400,0,1.0,0.999908924,0.999992696,0.000936579,0,0,0,0,-0.0,0.711765,2.430677,-4.502801e-10,0.0007117704,0.002430695,False,0.003146,False
2019-05-08,RS01SUM1-LJ01B-12-VEL3DB104,4,True,2019-05-08T00:00:00Z,2019-05-08T23:59:59Z,86401,86401,0,1.0,0.999897957,0.999992699,0.001006134,0,0,0,0,1e-06,0.664422,2.557221,9.177937e-10,0.0006644268,0.00255724,False,0.002981,False
2019-05-09,RS01SUM1-LJ01B-12-VEL3DB104,4,True,2019-05-09T00:00:00Z,2019-05-09T23:59:59Z,86401,86401,0,1.0,0.999874115,0.999992652,0.000337736,0,0,1,1,-0.0,0.977882,3.859555,-8.01388e-11,0.0009778889,0.003859583,False,0.003225,False
2019-05-10,RS01SUM1-LJ01B-12-VEL3DB104,4,True,2019-05-10T00:00:00Z,2019-05-10T23:59:59Z,86400,86400,0,1.0,0.999911785,0.999992629,0.001141829,0,0,0,0,-0.0,1.282128,12.483305,-4.547408e-10,0.001282137,0.0124834,False,0.011848,False
2019-05-11,RS01SUM1-LJ01B-12-VEL3DB104,4,True,2019-05-11T00:00:00Z,2019-05-11T23:59:59Z,86401,86401,0,1.0,1.000011921,0.999992714,-0.000913265,0,0,1,1,-0.0,0.787023,3.101021,-4.462298e-10,0.0007870286,0.003101043,False,0.003071,False
2019-05-12,RS01SUM1-LJ01B-12-VEL3DB104,4,True,2019-05-12T00:00:00Z,2019-05-12T23:59:59Z,86401,86401,0,1.0,0.999979973,0.999992747,-0.000803347,0,0,1,1,0.0,0.6945,3.34508,2.079598e-10,0.0006945046,0.003345104,False,0.003755,False
2019-05-13,RS01SUM1-LJ01B-12-VEL3DB104,4,True,2019-05-13T00:00:00Z,2019-05-13T23:59:59Z,86400,86400,0,1.0,0.999938965,0.999992606,0.000148534,0,0,0,0,-0.0,1.374413,11.469043,-4.680637e-10,0.001374424,0.01146913,False,0.01164,False
2019-05-14,RS01SUM1-LJ01B-12-VEL3DB104,4,True,2019-05-14T00:00:00Z,2019-05-14T23:59:59Z,86401,86401,0,1.0,0.999987125,0.999992619,0.003869777,0,0,0,0,1e-06,1.641415,5.264067,8.422637e-10,0.001641427,0.005264106,False,0.005907,False
2019-05-15,RS01SUM1-LJ01B-12-VEL3DB104,4,True,2019-05-15T00:00:00Z,2019-05-15T23:59:59Z,86401,86401,0,1.0,0.999958038,0.999992542,0.003536072,0,0,3,3,-0.0,2.106576,5.891979,-1.301495e-10,0.002106592,0.005892023,False,0.004498,False
2019-05-16,RS01SUM1-LJ01B-12-VEL3DB104,4,True,2019-05-16T00:00:00Z,2019-05-16T23:59:59Z,86400,86400,0,1.0,1.000058174,0.999992656,-0.000984665,0,0,0,0,-0.0,1.047571,5.08603,-4.459373e-10,0.001047579,0.005086068,False,0.006263,False
2019-05-17,RS01SUM1-LJ01B-12-VEL3DB104,4,True,2019-05-17T00:00:00Z,2019-05-17T23:59:59Z,86401,86401,0,1.0,0.999983788,0.999992681,0.00030415,0,0,0,0,1e-06,1.179962,7.761703,9.124305e-10,0.001179971,0.00776176,False,0.006646,False
2019-05-18,RS01SUM1-LJ01B-12-VEL3DB104,4,True,2019-05-18T00:00:00Z,2019-05-18T23:59:59Z,86400,86400,0,1.0,1.000096798,0.99999275,-0.001025859,0,0,0,0,-1e-06,0.876498,5.108281,-5.285004e-10,0.0008765043,0.005108318,False,0.006741,False
2019-05-19,RS01SUM1-LJ01B-12-VEL3DB104,4,True,2019-05-19T00:00:00Z,2019-05-19T23:59:59Z,86401,86401,0,1.0,0.999948025,0.999992725,0.00152549,0,0,1,1,-1e-06,0.99978,3.652216,-5.390376e-10,0.0009997875,0.003652243,False,0.003919,False
2019-05-20,RS01SUM1-LJ01B-12-VEL3DB104,4,True,2019-05-20T00:00:00Z,2019-05-20T23:59:59Z,86401,86401,0,1.0,0.999945641,0.999992711,-0.001324115,0,0,0,0,1e-06,1.079828,11.739145,9.030464e-10,0.001079836,0.01173923,False,0.011883,False
2019-05-21,RS01SUM1-LJ01B-12-VEL3DB104,4,True,2019-05-21T00:00:00Z,2019-05-21T23:59:59Z,86400,86400,0,1.0,0.999866009,0.999992699,0.002781289,0,0,0,0,-1e-06,0.829655,13.078592,-5.054043e-10,0.0008296615,0.01307869,False,0.010394,False
2019-05-22,RS01SUM1-LJ01B-12-VEL3DB104,4,True,2019-05-22T00:00:00Z,2019-05-22T23:59:59Z,86025,86401,376,1.0,0.999900818,0.999992691,0.001205226,2,376,2,377,-0.0,0.964842,11.139708,-1.571147e-10,0.0009648494,0.01113979,False,0.034356,True
2019-05-23,RS01SUM1-LJ01B-12-VEL3DB104,4,True,2019-05-23T00:00:00Z,2019-05-23T23:59:59Z,86401,86401,0,1.0,0.999876022,0.999992728,0.00103294,0,0,2,2,-0.0,1.020674,10.614758,-4.507479e-10,0.001020681,0.01061483,False,0.010377,False
2019-05-24,RS01SUM1-LJ01B-12-VEL3DB104,4,True,2019-05-24T00:00:00Z,2019-05-24T23:59:59Z,84685,86400,1715,1.0,0.999895096,0.999992688,-0.000590077,1,1715,1,1715,-0.0,0.872629,12.317944,-2.035587e-10,0.0008726349,0.01231803,False,0.16708,True
2019-05-25,RS01SUM1-LJ01B-12-VEL3DB104,4,True,2019-05-25T00:00:00Z,2019-05-25T23:59:59Z,86401,86401,0,1.0,0.999871969,0.999992753,0.000215266,0,0,2,2,-0.0,1.360586,4.005249,-1.46967e-10,0.001360596,0.004005278,False,0.003187,False
2019-05-26,RS01SUM1-LJ01B-12-VEL3DB104,4,True,2019-05-26T00:00:00Z,2019-05-26T23:59:59Z,86400,86400,0,1.0,0.999873638,0.999992805,0.001502669,0,0,0,0,-1e-06,1.116856,3.46267,-5.01325e-10,0.001116864,0.003462695,False,0.002997,False
2019-05-27,RS01SUM1-LJ01B-12-VEL3DB104,4,True,2019-05-27T00:00:00Z,2019-05-27T23:59:59Z,86401,86401,0,1.0,0.999873161,0.999992818,-0.002415901,0,0,0,0,1e-06,1.226682,3.717442,8.75148e-10,0.001226691,0.003717469,False,0.003226,False
2019-05-28,RS01SUM1-LJ01B-12-VEL3DB104,4,True,2019-05-28T00:00:00Z,2019-05-28T23:59:59Z,86401,86401,0,1.0,0.999892712,0.999992754,-0.000679272,0,0,0,0,1e-06,0.853766,11.982409,8.928687e-10,0.0008537719,0.0119825,False,0.013716,False
2019-05-29,RS01SUM1-LJ01B-12-VEL3DB104,4,True,2019-05-29T00:00:00Z,2019-05-29T23:59:59Z,86400,86400,0,1.0,0.999883175,0.999992776,0.001090209,0,0,0,0,-0.0,0.804943,11.255658,-4.519134e-10,0.0008049492,0.01125574,False,0.013337,False
2019-05-30,RS01SUM1-LJ01B-12-VEL3DB104,4,True,2019-05-30T00:00:00Z,2019-05-30T23:59:59Z,86401,86401,0,1.0,0.999915123,0.999992749,0.001148998,0,0,0,0,1e-06,0.764363,3.039123,8.715428e-10,0.0007643687,0.003039145,False,0.003077,False
2019-05-31,RS01SUM1-LJ01B-12-VEL3DB104,4,True,2019-05-31T00:00:00Z,2019-05-31T23:59:59Z,86401,86401,0,1.0,0.999882221,0.999992742,0.000446218,0,0,1,1,1e-06,0.649036,3.827122,5.01514e-10,0.0006490408,0.00382715,False,0.003198,False
2019-06-01,RS01SUM1-LJ01B-12-VEL3DB104,4,True,2019-06-01T00:00:00Z,2019-06-01T23:59:59Z,86400,86400,0,1.0,0.999893665,0.999992766,5.7172e-05,0,0,0,0,-0.0,1.102264,3.463223,-4.776998e-10,0.001102272,0.003463248,False,0.003252,False
2019-06-02,RS01SUM1-LJ01B-12-VEL3DB104,4,True,2019-06-02T00:00:00Z,2019-06-02T23:59:59Z,86401,86401,0,1.0,0.999844074,0.999992768,0.000134995,0,0,1,1,-0.0,1.017269,10.743277,-1.003735e-10,0.001017276,0.01074335,False,0.011879,False
2019-06-03,RS01SUM1-LJ01B-12-VEL3DB104,4,True,2019-06-03T00:00:00Z,2019-06-03T23:59:59Z,86400,86400,0,1.0,0.999871254,0.999992749,0.002076526,0,0,0,0,-0.0,1.398458,4.279585,-4.908254e-10,0.001398468,0.004279616,False,0.003071,False
2019-06-04,RS01SUM1-LJ01B-12-VEL3DB104,4,True,2019-06-04T00:00:00Z,2019-06-04T23:59:59Z,86401,86401,0,1.0,0.999871731,0.999992796,0.000742486,0,0,0,0,1e-06,1.250101,4.46378,8.84808e-10,0.00125011,0.004463812,False,0.00318,False
2019-06-05,RS01SUM1-LJ01B-12-VEL3DB104,4,True,2019-06-05T00:00:00Z,2019-06-05T23:59:59Z,86401,86401,0,1.0,0.999911785,0.999992828,-0.002445683,0,0,1,1,-0.0,1.160001,3.755713,-2.925688e-10,0.001160009,0.00375574,False,0.003195,False
2019-06-06,RS01SUM1-LJ01B-12-VEL3DB104,4,True,2019-06-06T00:00:00Z,2019-06-06T23:59:59Z,86400,86400,0,1.0,0.999889851,0.99999282,-0.00340975,0,0,0,0,-0.0,2.978353,7.381487,-4.401868e-10,0.002978375,0.00738154,False,0.003117,False
2019-06-07,RS01SUM1-LJ01B-12-VEL3DB104,4,True,2019-06-07T00:00:00Z,2019-06-07T23:59:59Z,86401,86401,0,1.0,0.999936581,0.999992788,-0.004296797,0,0,0,0,1e-06,2.66125,13.388613,8.309473e-10,0.002661269,0.01338871,False,0.013296,False
2019-06-08,RS01SUM1-LJ01B-12-VEL3DB104,4,True,2019-06-08T00:00:00Z,2019-06-08T23:59:59Z,86401,86401,0,1.0,0.999956131,0.99999276,-0.00381236,0,0,1,1,0.0,1.426972,13.706331,4.245892e-10,0.001426982,0.01370643,False,0.012508,False
2019-06-09,RS01SUM1-LJ01B-12-VEL3DB104,4,True,2019-06-09T00:00:00Z,2019-06-09T23:59:59Z,86400,86400,0,1.0,0.999943256,0.999992807,0.000721666,0,0,0,0,-0.0,2.206789,12.12924,-4.805883e-10,0.002206805,0.01212933,False,0.013361,False
2019-06-10,RS01SUM1-LJ01B-12-VEL3DB104,4,True,2019-06-10T00:00:00Z,2019-06-10T23:59:59Z,86401,86401,0,1.0,0.99992609,0.999992945,-0.005408186,0,0,1,1,-0.0,2.355136,6.460433,-4.804365e-10,0.002355153,0.006460479,False,0.002975,False
2019-06-11,RS01SUM1-LJ01B-12-VEL3DB104,4,True,2019-06-11T00:00:00Z,2019-06-11T23:59:59Z,86400,86400,0,1.0,0.999897957,0.999992771,2.25e-07,0,0,0,0,-0.0,1.372549,11.373412,-4.521582e-10,0.001372558,0.01137349,False,0.014773,False
2019-06-12,RS01SUM1-LJ01B-12-VEL3DB104,4,True,2019-06-12T00:00:00Z,2019-06-12T23:59:59Z,86298,86401,103,1.0,0.999915123,0.99999282,-0.000898811,1,103,1,103,-0.0,1.10259,3.63383,-4.180779e-10,0.001102597,0.003633856,False,0.007132,True
2019-06-13,RS01SUM1-LJ01B-12-VEL3DB104,4,True,2019-06-13T00:00:00Z,2019-06-13T23:59:59Z,86300,86401,101,1.0,0.999864101,0.999992732,-0.000444337,1,101,1,101,0.0,0.893324,3.049105,2.608606e-10,0.000893331,0.003049127,False,0.012007,True
2019-06-14,RS01SUM1-LJ01B-12-VEL3DB104,4,True,2019-06-14T00:00:00Z,2019-06-14T23:59:59Z,86400,86400,0,1.0,0.999907017,0.999992655,-0.000246082,0,0,0,0,-0.0,0.84597,3.538103,-4.536284e-10,0.000845976,0.003538129,False,0.002976,False
2019-06-15,RS01SUM1-LJ01B-12-VEL3DB104,4,True,2019-06-15T00:00:00Z,2019-06-15T23:59:59Z,86401,86401,0,1.0,0.999898911,0.999992636,0.000515603,0,0,0,0,1e-06,1.226112,5.244018,8.92852e-10,0.001226121,0.005244056,False,0.004766,False
2019-06-16,RS01SUM1-LJ01B-12-VEL3DB104,4,True,2019-06-16T00:00:00Z,2019-06-16T23:59:59Z,86401,86401,0,1.0,0.99996376,0.999992687,-0.002301425,0,0,0,0,1e-06,1.545516,13.508853,8.670947e-10,0.001545527,0.01350895,False,0.013202,False
2019-06-17,RS01SUM1-LJ01B-12-VEL3DB104,4,True,2019-06-17T00:00:00Z,2019-06-17T23:59:59Z,86400,86400,0,1.0,0.999915123,0.999992637,0.001257853,0,0,0,0,-0.0,0.931526,3.063185,-4.865115e-10,0.0009315325,0.003063207,False,0.003473,False
2019-06-18,RS01SUM1-LJ01B-12-VEL3DB104,4,True,2019-06-18T00:00:00Z,2019-06-18T23:59:59Z,86401,86401,0,1.0,0.999896049,0.999992626,0.001255991,0,0,0,0,1e-06,0.988347,3.109333,9.038647e-10,0.0009883542,0.003109356,False,0.003108,False
2019-06-19,RS01SUM1-LJ01B-12-VEL3DB104,4,True,2019-06-19T00:00:00Z,2019-06-19T23:59:59Z,86401,86401,0,1.0,0.999904156,0.999992651,0.002952785,0,0,0,0,1e-06,0.971826,3.625207,9.3233e-10,0.0009718335,0.003625234,False,0.003,False
2019-06-20,RS01SUM1-LJ01B-12-VEL3DB104,4,True,2019-06-20T00:00:00Z,2019-06-20T23:59:59Z,86400,86400,0,1.0,0.999902248,0.99999261,0.002359442,0,0,0,0,-1e-06,0.975607,13.797568,-5.097914e-10,0.0009756146,0.01379767,False,0.013493,False
2019-06-21,RS01SUM1-LJ01B-12-VEL3DB104,4,True,2019-06-21T00:00:00Z,2019-06-21T23:59:59Z,86401,86401,0,1.0,0.999891281,0.999992663,0.000586939,0,0,1,1,0.0,1.195307,4.287837,5.886026e-11,0.001195316,0.004287868,False,0.00335,False
2019-06-22,RS01SUM1-LJ01B-12-VEL3DB104,4,True,2019-06-22T00:00:00Z,2019-06-22T23:59:59Z,86400,86400,0,1.0,0.999897957,0.999992652,0.001153262,0,0,0,0,-0.0,1.245024,3.822439,-4.42835e-10,0.001245033,0.003822467,False,0.002927,False
2019-06-23,RS01SUM1-LJ01B-12-VEL3DB104,4,True,2019-06-23T00:00:00Z,2019-06-23T23:59:59Z,86401,86401,0,1.0,0.999970913,0.999992619,-5.4913e-05,0,0,0,0,1e-06,1.25324,3.725444,8.481766e-10,0.001253249,0.003725472,False,0.003284,False
2019-06-24,RS01SUM1-LJ01B-12-VEL3DB104,4,True,2019-06-24T00:00:00Z,2019-06-24T23:59:59Z,86296,86401,105,1.0,1.000036716,0.999992671,-0.000491505,2,105,2,106,0.0,0.955083,3.206375,3.334035e-10,0.0009550898,0.003206399,False,0.004833,True
2019-06-25,RS01SUM1-LJ01B-12-VEL3DB104,4,True,2019-06-25T00:00:00Z,2019-06-25T23:59:59Z,29829,86406,56577,1.0,0.999890327,0.999920711,-0.804567959,1,56577,1,56577,-1e-06,603.852309,1480.142029,-6.046758e-10,0.6039002,1.480259,True,0.479993,True
2019-06-26,RS01SUM1-LJ01B-12-VEL3DB104,5,True,2019-06-26T00:00:00Z,2019-06-26T23:59:59Z,86328,86401,73,1.0,1.000021935,0.999989637,-0.163600308,1,73,1,73,0.0,97.328149,206.171138,3.828139e-11,0.09732916,0.2061733,False,0.337465,True
2019-06-27,RS01SUM1-LJ01B-12-VEL3DB104,5,True,2019-06-27T00:00:00Z,2019-06-27T23:59:59Z,86401,86401,0,1.0,1.000041962,0.999992683,-0.00168506,0,0,2,2,-1e-06,1.013704,3.572506,-6.188108e-10,0.001013711,0.003572532,False,0.003094,False
2019-06-28,RS01SUM1-LJ01B-12-VEL3DB104,5,True,2019-06-28T00:00:00Z,2019-06-28T23:59:59Z,86401,86401,0,1.0,1.000027657,0.999992676,-0.002617763,0,0,1,1,0.0,1.239492,3.811145,3.65693e-10,0.001239501,0.003811173,False,0.002972,False
2019-06-29,RS01SUM1-LJ01B-12-VEL3DB104,5,True,2019-06-29T00:00:00Z,2019-06-29T23:59:59Z,86400,86400,0,1.0,1.000026703,0.999992599,0.002477209,0,0,0,0,-1e-06,2.403351,6.015626,-5.248766e-10,0.002403369,0.006015671,False,0.002946,False
2019-06-30,RS01SUM1-LJ01B-12-VEL3DB104,5,True,2019-06-30T00:00:00Z,2019-06-30T23:59:59Z,86401,86401,0,1.0,0.999986172,0.999992583,0.00240482,0,0,2,2,-0.0,0.888184,3.358471,-1.842032e-10,0.0008881905,0.003358496,False,0.003,False
2019-07-01,RS01SUM1-LJ01B-12-VEL3DB104,5,True,2019-07-01T00:00:00Z,2019-07-01T23:59:59Z,86401,86401,0,1.0,0.999942303,0.999992597,-2.8766e-05,0,0,0,0,1e-06,0.854859,10.957325,9.211108e-10,0.0008548649,0.01095741,False,0.01051,False
2019-07-02,RS01SUM1-LJ01B-12-VEL3DB104,5,True,2019-07-02T00:00:00Z,2019-07-02T23:59:59Z,86400,86400,0,1.0,0.999946117,0.999992584,0.000743085,0,0,0,0,-0.0,1.665319,4.158336,-4.849673e-10,0.001665331,0.004158367,False,0.003014,False
2019-07-03,RS01SUM1-LJ01B-12-VEL3DB104,5,True,2019-07-03T00:00:00Z,2019-07-03T23:59:59Z,86391,86401,10,1.0,0.999931812,0.999992599,0.002200069,4,10,4,13,0.0,1.593456,11.091287,7.905526e-11,0.001593468,0.01109137,False,0.011584,True
2019-07-04,RS01SUM1-LJ01B-12-VEL3DB104,5,True,2019-07-04T00:00:00Z,2019-07-04T23:59:59Z,86400,86400,0,1.0,0.999943256,0.999992659,0.002676173,0,0,0,0,-0.0,1.665722,4.997362,-4.795974e-10,0.001665734,0.004997399,False,0.003361,False
2019-07-05,RS01SUM1-LJ01B-12-VEL3DB104,5,True,2019-07-05T00:00:00Z,2019-07-05T23:59:59Z,86401,86401,0,1.0,0.999948025,0.999992704,0.001942772,0,0,2,2,-0.0,1.43459,4.748362,-5.150255e-11,0.001434601,0.004748396,False,0.003095,False
2019-07-06,RS01SUM1-LJ01B-12-VEL3DB104,5,True,2019-07-06T00:00:00Z,2019-07-06T23:59:59Z,86401,86401,0,1.0,0.9999547,0.999992754,0.001847054,0,0,1,1,0.0,0.991765,5.933927,1.627522e-10,0.0009917725,0.00593397,False,0.0041,False
2019-07-07,RS01SUM1-LJ01B-12-VEL3DB104,5,True,2019-07-07T00:00:00Z,2019-07-07T23:59:59Z,86400,86400,0,1.0,0.999975204,0.999992751,0.001302909,0,0,0,0,-0.0,1.429099,9.995289,-4.94675e-10,0.00142911,0.009995361,False,0.012511,False
2019-07-08,RS01SUM1-LJ01B-12-VEL3DB104,5,True,2019-07-08T00:00:00Z,2019-07-08T23:59:59Z,86401,86401,0,1.0,0.999977589,0.999992764,-0.000401056,0,0,4,4,-0.0,0.864675,3.11429,-3.447571e-10,0.0008646814,0.003114313,False,0.003322,False
2019-07-09,RS01SUM1-LJ01B-12-VEL3DB104,5,True,2019-07-09T00:00:00Z,2019-07-09T23:59:59Z,86401,86401,0,1.0,0.99997282,0.999992765,-0.001110352,0,0,0,0,1e-06,0.871944,3.477083,8.627016e-10,0.0008719503,0.003477109,False,0.002885,False
2019-07-10,RS01SUM1-LJ01B-12-VEL3DB104,5,True,2019-07-10T00:00:00Z,2019-07-10T23:59:59Z,86400,86400,0,1.0,0.999996185,0.999992789,-0.000549274,0,0,0,0,-0.0,0.878026,3.169191,-4.669739e-10,0.0008780323,0.003169214,False,0.003011,False
2019-07-11,RS01SUM1-LJ01B-12-VEL3DB104,5,True,2019-07-11T00:00:00Z,2019-07-11T23:59:59Z,86401,86401,0,1.0,0.999991894,0.999992743,0.000187592,0,0,0,0,1e-06,0.772432,3.052866,8.867198e-10,0.0007724374,0.003052888,False,0.003274,False
2019-07-12,RS01SUM1-LJ01B-12-VEL3DB104,5,True,2019-07-12T00:00:00Z,2019-07-12T23:59:59Z,86400,86400,0,1.0,0.999958038,0.999992724,0.000569803,0,0,0,0,-0.0,0.80399,2.747059,-4.939824e-10,0.0008039958,0.002747079,False,0.003171,False
2019-07-13,RS01SUM1-LJ01B-12-VEL3DB104,5,True,2019-07-13T00:00:00Z,2019-07-13T23:59:59Z,86401,86401,0,1.0,0.999952316,0.999992686,0.000969643,0,0,0,0,1e-06,0.816329,3.150189,8.59605e-10,0.0008163345,0.003150212,False,0.002993,False
2019-07-14,RS01SUM1-LJ01B-12-VEL3DB104,5,True,2019-07-14T00:00:00Z,2019-07-14T23:59:59Z,86401,86401,0,1.0,0.999988079,0.999992692,-0.001390241,0,0,0,0,1e-06,1.259253,10.350059,8.747093e-10,0.001259262,0.01035014,False,0.011834,False
2019-07-15,RS01SUM1-LJ01B-12-VEL3DB104,5,True,2019-07-15T00:00:00Z,2019-07-15T23:59:59Z,86400,86400,0,1.0,0.999964714,0.999992687,0.000498407,0,0,0,0,-0.0,0.920622,3.770253,-4.737607e-10,0.000920629,0.00377028,False,0.003025,False
2019-07-16,RS01SUM1-LJ01B-12-VEL3DB104,5,True,2019-07-16T00:00:00Z,2019-07-16T23:59:59Z,86401,86401,0,1.0,0.999993801,0.999992684,-0.000885585,0,0,1,1,-0.0,1.074046,4.053598,-2.28366e-10,0.001074054,0.004053627,False,0.002931,False
2019-07-17,RS01SUM1-LJ01B-12-VEL3DB104,5,True,2019-07-17T00:00:00Z,2019-07-17T23:59:59Z,86401,86401,0,1.0,0.999985218,0.999992692,0.000368811,0,0,1,1,-0.0,1.031446,4.68915,-3.066712e-13,0.001031454,0.004689184,False,0.003062,False
2019-07-18,RS01SUM1-LJ01B-12-VEL3DB104,5,True,2019-07-18T00:00:00Z,2019-07-18T23:59:59Z,86400,86400,0,1.0,0.999966145,0.999992719,0.001156643,0,0,0,0,-1e-06,0.901788,3.115517,-5.127857e-10,0.0009017947,0.003115539,False,0.003001,False
2019-07-19,RS01SUM1-LJ01B-12-VEL3DB104,5,True,2019-07-19T00:00:00Z,2019-07-19T23:59:59Z,86401,86401,0,1.0,1.00000596,0.999992672,0.000793714,0,0,2,2,-0.0,0.754493,10.883539,-1.215032e-10,0.0007544984,0.01088362,False,0.010565,False
2019-07-20,RS01SUM1-LJ01B-12-VEL3DB104,5,True,2019-07-20T00:00:00Z,2019-07-20T23:59:59Z,86401,86401,0,1.0,1.000074863,0.999992702,0.001706787,0,0,1,1,-0.0,2.409388,13.125503,-2.354731e-10,0.002409406,0.0131256,False,0.012743,False
2019-07-21,RS01SUM1-LJ01B-12-VEL3DB104,5,True,2019-07-21T00:00:00Z,2019-07-21T23:59:59Z,86400,86400,0,1.0,1.000042915,0.999992781,0.000452487,0,0,0,0,-0.0,3.509658,13.156019,-4.918064e-10,0.003509683,0.01315611,False,0.013534,False
2019-07-22,RS01SUM1-LJ01B-12-VEL3DB104,5,True,2019-07-22T00:00:00Z,2019-07-22T23:59:59Z,86401,86401,0,1.0,1.0,0.999992736,0.001214245,0,0,2,2,0.0,0.971123,4.010474,4.626073e-10,0.0009711302,0.004010503,False,0.003064,False
2019-07-23,RS01SUM1-LJ01B-12-VEL3DB104,5,True,2019-07-23T00:00:00Z,2019-07-23T23:59:59Z,86400,86400,0,1.0,0.999979019,0.999992683,-0.001362495,0,0,0,0,-0.0,1.136043,3.391859,-4.776547e-10,0.001136051,0.003391884,False,0.003049,False
2019-07-24,RS01SUM1-LJ01B-12-VEL3DB104,5,True,2019-07-24T00:00:00Z,2019-07-24T23:59:59Z,86401,86401,0,1.0,0.999989033,0.999992707,-0.001685017,0,0,0,0,1e-06,1.417104,3.743341,8.695358e-10,0.001417114,0.003743368,False,0.002937,False
2019-07-25,RS01SUM1-LJ01B-12-VEL3DB104,5,True,2019-07-25T00:00:00Z,2019-07-25T23:59:59Z,70760,86401,15641,1.0,0.999961853,0.999992684,-0.001575904,1,15641,1,15641,-1e-06,0.781121,4.250677,-5.363713e-10,0.0007811272,0.004250708,False,0.482856,True
2019-07-26,RS01SUM1-LJ01B-12-VEL3DB104,5,True,2019-07-26T00:00:00Z,2019-07-26T11:17:12Z,40633,40633,0,1.0,1.000005245,0.999992714,0.00080479,0,0,0,0,-0.0,0.890207,3.072826,-2.127245e-11,0.0008902135,0.003072849,False,0.003073,False
2019-07-27,RS01SUM1-LJ01B-12-VEL3DB104,5,False,,,0,0,,1.0,,,,,,,,,,,,,,,,False
2019-07-28,RS01SUM1-LJ01B-12-VEL3DB104,5,False,,,0,0,,1.0,,,,,,,,,,,,,,,,False
2019-07-29,RS01SUM1-LJ01B-12-VEL3DB104,5,True,2019-07-29T16:03:48Z,2019-07-29T17:02:07Z,1000,3499,2499,1.0,1.000216007,1.000320809,-0.077783852,1,2499,1,2499,0.0,48.155606,86.805932,4.794623e-12,0.04814016,0.08677809,False,0.430874,True
2019-07-30,RS01SUM1-LJ01B-12-VEL3DB104,5,True,2019-07-30T03:52:08Z,2019-07-30T23:59:59Z,44973,72472,27499,1.0,1.000039101,0.999995514,0.849444794,2,27499,2,27499,0.0,97.136625,850.933391,2.463496e-10,0.09713706,0.8509372,True,0.254039,True
2019-07-31,RS01SUM1-LJ01B-12-VEL3DB104,5,True,2019-07-31T00:00:00Z,2019-07-31T23:59:59Z,86400,86400,0,1.0,1.00009203,0.99999272,0.001187099,0,0,0,0,-0.0,1.270714,3.741759,-4.697214e-10,0.001270724,0.003741786,False,0.003142,False
2019-08-01,RS01SUM1-LJ01B-12-VEL3DB104,5,True,2019-08-01T00:00:00Z,2019-08-01T23:59:59Z,86401,86401,0,1.0,1.00006628,0.999992682,0.001607846,0,0,2,2,-0.0,1.052098,3.743717,-4.489923e-11,0.001052106,0.003743744,False,0.003044,False
2019-08-02,RS01SUM1-LJ01B-12-VEL3DB104,5,True,2019-08-02T00:00:00Z,2019-08-02T23:59:59Z,86401,86401,0,1.0,1.000053883,0.999992669,0.000982897,0,0,2,2,-0.0,1.101821,3.641734,-3.303575e-10,0.001101829,0.003641761,False,0.003203,False
2019-08-03,RS01SUM1-LJ01B-12-VEL3DB104,5,True,2019-08-03T00:00:00Z,2019-08-03T23:59:59Z,86400,86400,0,1.0,0.999986172,0.99999264,-0.000630203,0,0,0,0,-0.0,2.972117,11.436794,-4.537687e-10,0.002972139,0.01143688,False,0.013489,False
2019-08-04,RS01SUM1-LJ01B-12-VEL3DB104,5,True,2019-08-04T00:00:00Z,2019-08-04T23:59:59Z,86401,86401,0,1.0,1.000039577,0.999992696,0.011021004,0,0,2,2,0.0,3.128949,11.673051,9.791877e-11,0.003128972,0.01167314,False,0.013529,False
2019-08-05,RS01SUM1-LJ01B-12-VEL3DB104,5,True,2019-08-05T00:00:00Z,2019-08-05T23:59:59Z,86401,86401,0,1.0,1.000059128,0.999992695,0.001195861,0,0,3,3,0.0,1.53362,10.649342,7.332519e-11,0.001533631,0.01064942,False,0.013536,False
2019-08-06,RS01SUM1-LJ01B-12-VEL3DB104,5,True,2019-08-06T00:00:00Z,2019-08-06T23:59:59Z,79681,86400,6719,1.0,1.000000954,0.999992712,0.001779577,1,6719,1,6719,-0.0,2.218937,12.18786,-2.277572e-10,0.002218953,0.01218795,False,0.059969,True
2019-08-07,RS01SUM1-LJ01B-12-VEL3DB104,5,True,2019-08-07T00:00:00Z,2019-08-07T23:59:59Z,86401,86401,0,1.0,0.999966145,0.999992645,-0.00061296,0,0,0,0,1e-06,3.236936,13.624528,9.309174e-10,0.00323696,0.01362463,False,0.015437,False
2019-08-08,RS01SUM1-LJ01B-12-VEL3DB104,5,True,2019-08-08T00:00:00Z,2019-08-08T23:59:59Z,86108,86401,293,1.0,0.999950886,0.99999267,2.6419e-05,4,293,4,296,0.0,2.882273,11.305977,4.027625e-10,0.002882295,0.01130606,False,0.013481,True
2019-08-09,RS01SUM1-LJ01B-12-VEL3DB104,5,True,2019-08-09T00:00:00Z,2019-08-09T23:59:59Z,86400,86400,0,1.0,0.999966145,0.999992646,-0.000727699,0,0,0,0,-0.0,2.473729,12.125559,-4.506175e-10,0.002473748,0.01212565,False,0.013399,False
2019-08-10,RS01SUM1-LJ01B-12-VEL3DB104,5,True,2019-08-10T00:00:00Z,2019-08-10T23:59:59Z,86401,86401,0,1.0,0.999939919,0.99999266,-0.004934347,0,0,3,3,0.0,3.99971,12.097631,9.116652e-11,0.003999739,0.01209772,False,0.013774,False
2019-08-11,RS01SUM1-LJ01B-12-VEL3DB104,5,True,2019-08-11T00:00:00Z,2019-08-11T23:59:59Z,86400,86400,0,1.0,0.999968052,0.999992557,-0.001695048,0,0,0,0,-0.0,1.006969,7.400407,-4.79698e-10,0.001006976,0.007400462,False,0.007176,False
2019-08-12,RS01SUM1-LJ01B-12-VEL3DB104,5,True,2019-08-12T00:00:00Z,2019-08-12T23:59:59Z,86401,86401,0,1.0,0.999982834,0.999992542,6.4399e-05,0,0,2,2,0.0,2.173861,12.182103,1.783872e-10,0.002173877,0.01218219,False,0.01354,False
2019-08-13,RS01SUM1-LJ01B-12-VEL3DB104,5,True,2019-08-13T00:00:00Z,2019-08-13T23:59:59Z,86401,86401,0,1.0,0.999967098,0.999992576,-0.001686902,0,0,2,2,1e-06,4.34532,12.204106,5.197369e-10,0.004345353,0.0122042,False,0.014718,False
2019-08-14,RS01SUM1-LJ01B-12-VEL3DB104,5,True,2019-08-14T00:00:00Z,2019-08-14T23:59:59Z,86400,86400,0,1.0,1.000020981,0.999992589,0.010131531,0,0,0,0,-0.0,3.807041,11.9506,-4.523171e-10,0.003807069,0.01195069,False,0.013469,False
2019-08-15,RS01SUM1-LJ01B-12-VEL3DB104,5,True,2019-08-15T00:00:00Z,2019-08-15T23:59:59Z,86401,86401,0,1.0,0.999986172,0.999992609,0.000439071,0,0,0,0,1e-06,3.224192,12.168593,8.843772e-10,0.003224216,0.01216868,False,0.013522,False
2019-08-16,RS01SUM1-LJ01B-12-VEL3DB104,5,True,2019-08-16T00:00:00Z,2019-08-16T23:59:59Z,86401,86401,0,1.0,0.999999046,0.999992696,0.001232438,0,0,2,2,-0.0,1.219627,9.513296,-1.584261e-10,0.001219636,0.009513365,False,0.009803,False
2019-08-17,RS01SUM1-LJ01B-12-VEL3DB104,5,True,2019-08-17T00:00:00Z,2019-08-17T23:59:59Z,86400,86400,0,1.0,0.999995708,0.999992653,0.002259003,0,0,0,0,-0.0,1.11885,3.594658,-4.295404e-10,0.001118858,0.003594684,False,0.003052,False
2019-08-18,RS01SUM1-LJ01B-12-VEL3DB104,5,True,2019-08-18T00:00:00Z,2019-08-18T23:59:59Z,86401,86401,0,1.0,0.999965191,0.999992649,0.001276348,0,0,0,0,1e-06,1.04531,3.775186,9.236659e-10,0.001045317,0.003775214,False,0.00302,False
2019-08-19,RS01SUM1-LJ01B-12-VEL3DB104,5,True,2019-08-19T00:00:00Z,2019-08-19T23:59:59Z,86401,86401,0,1.0,0.999946117,0.999992676,-0.000466795,0,0,3,3,0.0,0.847107,3.559059,1.317706e-10,0.000847113,0.003559085,False,0.003068,False
2019-08-20,RS01SUM1-LJ01B-12-VEL3DB104,5,True,2019-08-20T00:00:00Z,2019-08-20T23:59:59Z,86400,86400,0,1.0,0.999943733,0.999992618,-4.9855e-05,0,0,0,0,-1e-06,0.760559,2.707335,-5.068746e-10,0.0007605648,0.002707355,False,0.003298,False
2019-08-21,RS01SUM1-LJ01B-12-VEL3DB104,5,True,2019-08-21T00:00:00Z,2019-08-21T23:59:59Z,86401,86401,0,1.0,0.999959946,0.999992683,0.000837182,0,0,0,0,1e-06,1.334202,10.165215,8.322698e-10,0.001334212,0.01016529,False,0.010411,False
2019-08-22,RS01SUM1-LJ01B-12-VEL3DB104,5,True,2019-08-22T00:00:00Z,2019-08-22T23:59:59Z,86400,86400,0,1.0,0.999970913,0.999992633,0.000792388,0,0,0,0,-1e-06,1.769156,5.084577,-5.179494e-10,0.00176917,0.005084615,False,0.002891,False
2019-08-23,RS01SUM1-LJ01B-12-VEL3DB104,5,True,2019-08-23T00:00:00Z,2019-08-23T23:59:59Z,86401,86401,0,1.0,0.999987602,0.99999271,-0.003606507,0,0,0,0,1e-06,1.823782,4.740315,8.91852e-10,0.001823796,0.004740349,False,0.002993,False
2019-08-24,RS01SUM1-LJ01B-12-VEL3DB104,5,True,2019-08-24T00:00:00Z,2019-08-24T23:59:59Z,86401,86401,0,1.0,0.999970913,0.999992736,-0.001461729,0,0,1,1,0.0,1.669531,12.169498,4.749025e-10,0.001669543,0.01216959,False,0.013339,False
2019-08-25,RS01SUM1-LJ01B-12-VEL3DB104,5,True,2019-08-25T00:00:00Z,2019-08-25T23:59:59Z,86400,86400,0,1.0,0.999947071,0.999992768,0.000516664,0,0,0,0,-0.0,0.862101,11.25198,-4.796449e-10,0.0008621071,0.01125206,False,0.01182,False
2019-08-26,RS01SUM1-LJ01B-12-VEL3DB104,5,True,2019-08-26T00:00:00Z,2019-08-26T23:59:59Z,86401,86401,0,1.0,0.999949932,0.999992801,-0.001407761,0,0,0,0,1e-06,0.934671,11.04456,8.872671e-10,0.0009346782,0.01104464,False,0.011369,False
2019-08-27,RS01SUM1-LJ01B-12-VEL3DB104,5,True,2019-08-27T00:00:00Z,2019-08-27T23:59:59Z,86401,86401,0,1.0,1.000010014,0.999992835,0.001384085,0,0,1,1,1e-06,1.577949,4.68276,5.501403e-10,0.00157796,0.004682794,False,0.003007,False
2019-08-28,RS01SUM1-LJ01B-12-VEL3DB104,5,True,2019-08-28T00:00:00Z,2019-08-28T23:59:59Z,86400,86400,0,1.0,0.999993801,0.999992843,-0.001234902,0,0,0,0,-0.0,0.87684,4.958567,-4.730131e-10,0.0008768458,0.004958603,False,0.003227,False
2019-08-29,RS01SUM1-LJ01B-12-VEL3DB104,5,True,2019-08-29T00:00:00Z,2019-08-29T23:59:59Z,86401,86401,0,1.0,1.000034809,0.999992886,-0.001708475,0,0,2,2,-0.0,1.791103,5.109213,-2.063289e-10,0.001791116,0.00510925,False,0.004987,False
2019-08-30,RS01SUM1-LJ01B-12-VEL3DB104,5,True,2019-08-30T00:00:00Z,2019-08-30T23:59:59Z,86400,86400,0,1.0,0.999965668,0.999992772,-0.001889382,0,0,0,0,-0.0,2.156286,5.953949,-4.761358e-10,0.002156301,0.005953992,False,0.003865,False
2019-08-31,RS01SUM1-LJ01B-12-VEL3DB104,5,True,2019-08-31T00:00:00Z,2019-08-31T23:59:59Z,86401,86401,0,1.0,0.999969482,0.999992851,-0.001333576,0,0,6,6,0.0,1.229357,4.009122,2.509831e-10,0.001229365,0.004009151,False,0.003022,False
2019-09-01,RS01SUM1-LJ01B-12-VEL3DB104,5,True,2019-09-01T00:00:00Z,2019-09-01T23:59:59Z,86401,86401,0,1.0,1.0,0.999992819,-0.002492811,0,0,1,1,1e-06,0.946876,3.200623,6.85714e-10,0.0009468825,0.003200646,False,0.003023,False
2019-09-02,RS01SUM1-LJ01B-12-VEL3DB104,5,True,2019-09-02T00:00:00Z,2019-09-02T23:59:59Z,86400,86400,0,1.0,0.999960899,0.999992832,0.001999202,0,0,0,0,-0.0,0.938039,3.184794,-4.847467e-10,0.0009380458,0.003184817,False,0.003045,False
2019-09-03,RS01SUM1-LJ01B-12-VEL3DB104,5,True,2019-09-03T00:00:00Z,2019-09-03T23:59:59Z,86401,86401,0,1.0,0.999961376,0.9999928,0.001818447,0,0,1,1,-1e-06,1.546181,4.366552,-5.783363e-10,0.001546192,0.004366583,False,0.002813,False
2019-09-04,RS01SUM1-LJ01B-12-VEL3DB104,5,True,2019-09-04T00:00:00Z,2019-09-04T23:59:59Z,86401,86401,0,1.0,0.999932289,0.999992774,-0.000213607,0,0,1,1,-1e-06,0.990845,3.207974,-5.370489e-10,0.0009908518,0.003207997,False,0.002964,False
2019-09-05,RS01SUM1-LJ01B-12-VEL3DB104,5,True,2019-09-05T00:00:00Z,2019-09-05T23:59:59Z,76497,86400,9903,1.0,0.999963284,0.999992803,0.000632184,1,9903,1,9903,1e-06,1.35733,12.656323,5.895814e-10,0.00135734,0.01265641,False,0.289798,True
2019-09-06,RS01SUM1-LJ01B-12-VEL3DB104,5,True,2019-09-06T00:00:00Z,2019-09-06T23:59:59Z,86401,86401,0,1.0,0.99990797,0.999992775,-0.001393175,0,0,1,1,0.0,1.734731,11.872372,2.842899e-10,0.001734743,0.01187246,False,0.01028,False
2019-09-07,RS01SUM1-LJ01B-12-VEL3DB104,5,True,2019-09-07T00:00:00Z,2019-09-07T23:59:59Z,86400,86400,0,1.0,0.999951839,0.999992727,0.001491203,0,0,0,0,-0.0,1.553589,10.936904,-4.820676e-10,0.0015536,0.01093698,False,0.01186,False
2019-09-08,RS01SUM1-LJ01B-12-VEL3DB104,5,True,2019-09-08T00:00:00Z,2019-09-08T23:59:59Z,86401,86401,0,1.0,0.999968052,0.999992745,-0.00206135,0,0,1,1,0.0,0.931616,3.572059,3.11047e-10,0.000931623,0.003572084,False,0.002822,False
2019-09-09,RS01SUM1-LJ01B-12-VEL3DB104,5,True,2019-09-09T00:00:00Z,2019-09-09T23:59:59Z,86401,86401,0,1.0,0.999972343,0.99999275,-0.000627762,0,0,2,2,-0.0,0.972988,3.639382,-4.489026e-10,0.000972995,0.003639408,False,0.003121,False
2019-09-10,RS01SUM1-LJ01B-12-VEL3DB104,5,True,2019-09-10T00:00:00Z,2019-09-10T23:59:59Z,85816,86400,584,1.0,1.000047684,0.999992735,-0.000787886,4,584,4,584,-0.0,1.297199,3.712315,-3.644751e-10,0.001297209,0.003712341,False,0.008548,True
2019-09-11,RS01SUM1-LJ01B-12-VEL3DB104,5,True,2019-09-11T00:00:00Z,2019-09-11T23:59:59Z,86401,86401,0,1.0,1.000040054,0.999992774,0.003096842,0,0,0,0,1e-06,0.933006,3.329831,9.152739e-10,0.0009330131,0.003329855,False,0.003058,False
2019-09-12,RS01SUM1-LJ01B-12-VEL3DB104,5,True,2019-09-12T00:00:00Z,2019-09-12T23:59:59Z,86401,86401,0,1.0,1.000006676,0.999992775,0.002094873,0,0,1,1,0.0,1.136192,11.662107,4.662913e-10,0.001136201,0.01166219,False,0.012072,False
2019-09-13,RS01SUM1-LJ01B-12-VEL3DB104,5,True,2019-09-13T00:00:00Z,2019-09-13T23:59:59Z,32167,86401,54234,1.0,0.999982834,0.999987298,0.068265569,1,54234,1,54234,-0.0,42.499427,84.934563,-6.578067e-12,0.04249997,0.08493564,False,0.114163,True
2019-09-14,RS01SUM1-LJ01B-12-VEL3DB104,5,True,2019-09-14T00:00:00Z,2019-09-14T23:59:59Z,86400,86400,0,1.0,0.999883175,0.99999265,-0.000222812,0,0,0,0,-0.0,1.20727,3.62158,-4.965374e-10,0.001207279,0.003621606,False,0.003415,False
2019-09-15,RS01SUM1-LJ01B-12-VEL3DB104,5,True,2019-09-15T00:00:00Z,2019-09-15T23:59:59Z,86401,86401,0,1.0,0.999952793,0.999992724,0.001162995,0,0,1,1,0.0,0.929575,10.402805,2.03098e-10,0.0009295817,0.01040288,False,0.011945,False
2019-09-16,RS01SUM1-LJ01B-12-VEL3DB104,5,True,2019-09-16T00:00:00Z,2019-09-16T23:59:59Z,86400,86400,0,1.0,1.000003338,0.999992703,0.000348947,0,0,0,0,-1e-06,0.869674,2.699828,-5.034166e-10,0.0008696802,0.002699848,False,0.00318,False
2019-09-17,RS01SUM1-LJ01B-12-VEL3DB104,5,True,2019-09-17T00:00:00Z,2019-09-17T23:59:59Z,86401,86401,0,1.0,0.999920845,0.999992753,-0.001838735,0,0,0,0,1e-06,1.855291,4.741422,9.18236e-10,0.001855304,0.004741457,False,0.003211,False
2019-09-18,RS01SUM1-LJ01B-12-VEL3DB104,5,True,2019-09-18T00:00:00Z,2019-09-18T23:59:59Z,86401,86401,0,1.0,1.000018597,0.999992766,-0.006228043,0,0,1,1,-1e-06,6.201842,11.637669,-9.670029e-10,0.006201887,0.01163775,False,0.003108,False
2019-09-19,RS01SUM1-LJ01B-12-VEL3DB104,5,True,2019-09-19T00:00:00Z,2019-09-19T23:59:59Z,85461,86400,939,1.0,0.999946117,0.999992752,0.000686616,1,939,1,939,-0.0,6.832912,13.562772,-2.728218e-10,0.006832961,0.01356287,False,0.044442,True
2019-09-20,RS01SUM1-LJ01B-12-VEL3DB104,5,True,2019-09-20T00:00:00Z,2019-09-20T23:59:59Z,86401,86401,0,1.0,1.000047207,0.999992591,-0.000800027,0,0,1,1,-1e-06,3.744967,11.133678,-6.270069e-10,0.003744995,0.01113376,False,0.003023,False
2019-09-21,RS01SUM1-LJ01B-12-VEL3DB104,5,True,2019-09-21T00:00:00Z,2019-09-21T23:59:59Z,86401,86401,0,1.0,0.999959946,0.999992661,0.003707883,0,0,0,0,1e-06,1.449101,5.843061,8.891174e-10,0.001449112,0.005843104,False,0.003174,False
2019-09-22,RS01SUM1-LJ01B-12-VEL3DB104,5,True,2019-09-22T00:00:00Z,2019-09-22T23:59:59Z,86400,86400,0,1.0,0.999948978,0.999992643,0.000335055,0,0,0,0,-0.0,0.751282,3.002457,-4.653606e-10,0.0007512873,0.003002479,False,0.003105,False
2019-09-23,RS01SUM1-LJ01B-12-VEL3DB104,5,True,2019-09-23T00:00:00Z,2019-09-23T23:59:59Z,86401,86401,0,1.0,0.999938965,0.999992679,0.001922613,0,0,0,0,1e-06,1.366744,10.504878,8.611312e-10,0.001366754,0.01050495,False,0.012206,False
2019-09-24,RS01SUM1-LJ01B-12-VEL3DB104,5,True,2019-09-24T00:00:00Z,2019-09-24T23:59:59Z,86401,86401,0,1.0,0.999968052,0.99999264,-0.000864538,0,0,1,1,-0.0,1.148739,3.976732,-1.744793e-10,0.001148748,0.003976761,False,0.003531,False
2019-09-25,RS01SUM1-LJ01B-12-VEL3DB104,5,True,2019-09-25T00:00:00Z,2019-09-25T23:59:59Z,86400,86400,0,1.0,0.99998188,0.999992639,-0.000326786,0,0,0,0,-0.0,1.034816,3.818961,-4.937719e-10,0.001034824,0.003818989,False,0.003314,False
2019-09-26,RS01SUM1-LJ01B-12-VEL3DB104,5,True,2019-09-26T00:00:00Z,2019-09-26T23:59:59Z,86401,86401,0,1.0,1.000033855,0.999992694,-0.000370796,0,0,1,1,0.0,1.056719,3.888888,2.670279e-10,0.001056727,0.003888916,False,0.003055,False
2019-09-27,RS01SUM1-LJ01B-12-VEL3DB104,5,True,2019-09-27T00:00:00Z,2019-09-27T23:59:59Z,86400,86400,0,1.0,1.00003624,0.999992655,-0.000996092,0,0,0,0,-1e-06,2.50116,7.712428,-5.091059e-10,0.002501178,0.007712484,False,0.003898,False
2019-09-28,RS01SUM1-LJ01B-12-VEL3DB104,5,True,2019-09-28T00:00:00Z,2019-09-28T23:59:59Z,86401,86401,0,1.0,1.000003815,0.999992626,-0.002540723,0,0,5,5,-0.0,1.949973,5.466765,-1.281475e-10,0.001949987,0.005466805,False,0.003092,False
2019-09-29,RS01SUM1-LJ01B-12-VEL3DB104,5,True,2019-09-29T00:00:00Z,2019-09-29T23:59:59Z,86401,86401,0,1.0,1.000169277,0.99999268,0.000686168,0,0,3,3,-0.0,0.854985,2.877644,-1.612393e-10,0.0008549916,0.002877665,False,0.003373,False
2019-09-30,RS01SUM1-LJ01B-12-VEL3DB104,5,True,2019-09-30T00:00:00Z,2019-09-30T23:59:59Z,86400,86400,0,1.0,1.000018597,0.999992682,0.000938811,0,0,0,0,-0.0,0.8056,3.186658,-4.82692e-10,0.0008056061,0.003186681,False,0.003064,False
2019-10-01,RS01SUM1-LJ01B-12-VEL3DB104,5,True,2019-10-01T00:00:00Z,2019-10-01T23:59:59Z,86401,86401,0,1.0,1.000007153,0.999992605,0.002627836,0,0,0,0,1e-06,1.882358,12.805577,8.945544e-10,0.001882372,0.01280567,False,0.013381,False
2019-10-02,RS01SUM1-LJ01B-12-VEL3DB104,5,True,2019-10-02T00:00:00Z,2019-10-02T23:59:59Z,86401,86401,0,1.0,0.999945164,0.999992688,0.003038749,0,0,1,1,0.0,3.474584,7.489361,8.2733e-11,0.00347461,0.007489416,False,0.003196,False
2019-10-03,RS01SUM1-LJ01B-12-VEL3DB104,5,True,2019-10-03T00:00:00Z,2019-10-03T23:59:59Z,86400,86400,0,1.0,0.999925137,0.999992782,-0.004477615,0,0,0,0,-0.0,1.921291,6.021768,-4.925848e-10,0.001921305,0.006021812,False,0.003145,False
2019-10-04,RS01SUM1-LJ01B-12-VEL3DB104,5,True,2019-10-04T00:00:00Z,2019-10-04T23:59:59Z,86401,86401,0,1.0,0.999913216,0.999992768,-0.000942781,0,0,0,0,1e-06,1.373342,4.173092,8.429468e-10,0.001373352,0.004173122,False,0.00325,False
2019-10-05,RS01SUM1-LJ01B-12-VEL3DB104,5,True,2019-10-05T00:00:00Z,2019-10-05T23:59:59Z,86400,86400,0,1.0,0.999895096,0.999992773,0.000507656,0,0,0,0,-0.0,1.440638,4.507544,-4.748181e-10,0.001440648,0.004507577,False,0.003193,False
2019-10-06,RS01SUM1-LJ01B-12-VEL3DB104,5,True,2019-10-06T00:00:00Z,2019-10-06T23:59:59Z,86401,86401,0,1.0,0.999864101,0.999992766,-0.001437264,0,0,0,0,1e-06,1.954714,13.293326,8.282182e-10,0.001954728,0.01329342,False,0.013385,False
2019-10-07,RS01SUM1-LJ01B-12-VEL3DB104,5,True,2019-10-07T00:00:00Z,2019-10-07T23:59:59Z,86401,86401,0,1.0,0.999885082,0.99999275,-0.002258292,0,0,4,4,1e-06,1.307597,11.615452,6.596121e-10,0.001307607,0.01161554,False,0.011972,False
2019-10-08,RS01SUM1-LJ01B-12-VEL3DB104,5,True,2019-10-08T00:00:00Z,2019-10-08T23:59:59Z,86400,86400,0,1.0,0.999892712,0.999992786,-0.001626825,0,0,0,0,-1e-06,1.352999,5.609194,-5.289989e-10,0.001353009,0.005609235,False,0.003208,False
2019-10-09,RS01SUM1-LJ01B-12-VEL3DB104,5,True,2019-10-09T00:00:00Z,2019-10-09T23:59:59Z,86401,86401,0,1.0,0.999889851,0.999992726,-0.001661031,0,0,0,0,1e-06,1.715161,5.062846,9.026335e-10,0.001715173,0.005062883,False,0.003095,False
2019-10-10,RS01SUM1-LJ01B-12-VEL3DB104,5,True,2019-10-10T00:00:00Z,2019-10-10T23:59:59Z,86401,86401,0,1.0,0.999948025,0.999992708,0.002191681,0,0,1,1,-0.0,1.085898,3.605264,-4.398038e-10,0.001085906,0.00360529,False,0.004198,False
2019-10-11,RS01SUM1-LJ01B-12-VEL3DB104,5,True,2019-10-11T00:00:00Z,2019-10-11T23:59:59Z,56158,86400,30242,1.0,0.999999046,0.999992681,-0.001970653,2,30242,2,30242,0.0,1.64655,6.284297,3.706273e-10,0.001646562,0.006284343,False,0.193434,True
2019-10-12,RS01SUM1-LJ01B-12-VEL3DB104,5,True,2019-10-12T00:00:00Z,2019-10-12T23:59:59Z,86401,86401,0,1.0,0.999938965,0.999992747,0.002182455,0,0,1,1,-0.0,1.571841,7.668273,-2.086661e-10,0.001571852,0.007668329,False,0.006225,False
2019-10-13,RS01SUM1-LJ01B-12-VEL3DB104,5,True,2019-10-13T00:00:00Z,2019-10-13T23:59:59Z,86400,86400,0,1.0,0.999971867,0.999992706,-0.002354,0,0,0,0,-0.0,2.087094,5.021221,-4.566236e-10,0.002087109,0.005021258,False,0.004056,False
2019-10-14,RS01SUM1-LJ01B-12-VEL3DB104,5,True,2019-10-14T00:00:00Z,2019-10-14T23:59:59Z,86401,86401,0,1.0,0.999938011,0.999992819,-0.000171258,0,0,1,1,0.0,2.408566,7.122091,3.595497e-10,0.002408584,0.007122142,False,0.007315,False
2019-10-15,RS01SUM1-LJ01B-12-VEL3DB104,5,True,2019-10-15T00:00:00Z,2019-10-15T23:59:59Z,85559,86401,842,1.0,0.999890804,0.999992765,-0.002202767,1,842,1,842,0.0,1.901696,5.218767,2.559446e-10,0.00190171,0.005218804,False,0.08776,True
2019-10-16,RS01SUM1-LJ01B-12-VEL3DB104,5,True,2019-10-16T00:00:00Z,2019-10-16T23:59:59Z,86400,86400,0,1.0,0.999960899,0.999992873,0.001534272,0,0,0,0,-0.0,1.742875,5.400284,-4.90525e-10,0.001742887,0.005400323,False,0.005958,False
2019-10-17,RS01SUM1-LJ01B-12-VEL3DB104,5,True,2019-10-17T00:00:00Z,2019-10-17T23:59:59Z,86401,86401,0,1.0,0.999951839,0.999992777,-0.000904072,0,0,1,1,-0.0,1.507795,4.256429,-2.621775e-10,0.001507806,0.004256459,False,0.003265,False
2019-10-18,RS01SUM1-LJ01B-12-VEL3DB104,5,True,2019-10-18T00:00:00Z,2019-10-18T23:59:59Z,86401,86401,0,1.0,0.999934196,0.99999277,-0.00085537,0,0,2,2,-0.0,1.269422,3.941586,-1.088138e-10,0.001269431,0.003941615,False,0.003238,False
2019-10-19,RS01SUM1-LJ01B-12-VEL3DB104,5,True,2019-10-19T00:00:00Z,2019-10-19T23:59:59Z,86400,86400,0,1.0,0.999958992,0.999992852,-0.001171332,0,0,0,0,-1e-06,0.85491,3.947263,-5.167868e-10,0.0008549158,0.003947291,False,0.003589,False
2019-10-20,RS01SUM1-LJ01B-12-VEL3DB104,5,True,2019-10-20T00:00:00Z,2019-10-20T23:59:59Z,86401,86401,0,1.0,0.999941826,0.999992792,-0.001016285,0,0,1,1,0.0,1.385117,7.945236,3.359713e-10,0.001385127,0.007945293,False,0.00517,False
2019-10-21,RS01SUM1-LJ01B-12-VEL3DB104,5,True,2019-10-21T00:00:00Z,2019-10-21T23:59:59Z,86400,86400,0,1.0,0.99990797,0.99999283,-0.000801463,0,0,0,0,-0.0,0.949137,6.526736,-4.905988e-10,0.000949144,0.006526783,False,0.005147,False
2019-10-22,RS01SUM1-LJ01B-12-VEL3DB104,5,True,2019-10-22T00:00:00Z,2019-10-22T23:59:59Z,86401,86401,0,1.0,0.999901772,0.999992843,0.001139259,0,0,1,1,-0.0,0.977824,5.345507,-2.102436e-10,0.000977831,0.005345545,False,0.00629,False
2019-10-23,RS01SUM1-LJ01B-12-VEL3DB104,5,True,2019-10-23T00:00:00Z,2019-10-23T23:59:59Z,29892,86404,56512,1.0,0.999937057,0.999956191,-0.298395206,1,56512,1,56512,0.0,296.805325,534.861716,3.776956e-10,0.2968183,0.5348851,True,0.155352,True
2019-10-24,RS01SUM1-LJ01B-12-VEL3DB104,5,True,2019-10-24T00:00:00Z,2019-10-24T23:59:59Z,86289,86400,111,1.0,0.999902725,0.999992813,-0.00116547,1,111,1,111,-1e-06,1.853065,5.402166,-5.142579e-10,0.001853079,0.005402204,False,0.010364,True
2019-10-25,RS01SUM1-LJ01B-12-VEL3DB104,5,True,2019-10-25T00:00:00Z,2019-10-25T23:59:59Z,86401,86401,0,1.0,0.999925137,0.999992898,0.001586709,0,0,1,1,-1e-06,1.140886,4.195348,-6.090883e-10,0.001140894,0.004195378,False,0.006638,False
2019-10-26,RS01SUM1-LJ01B-12-VEL3DB104,5,True,2019-10-26T00:00:00Z,2019-10-26T23:59:59Z,86401,86401,0,1.0,0.999907017,0.999992838,5.1781e-05,0,0,3,3,0.0,0.934781,4.157238,1.099941e-10,0.0009347876,0.004157267,False,0.003194,False
2019-10-27,RS01SUM1-LJ01B-12-VEL3DB104,5,True,2019-10-27T00:00:00Z,2019-10-27T16:23:15Z,58996,58996,0,1.0,0.999955654,0.999992881,0.000236654,0,0,0,0,-0.0,1.629941,5.119721,-1.920472e-10,0.001629953,0.005119757,False,0.003182,False
2019-10-28,RS01SUM1-LJ01B-12-VEL3DB104,5,True,2019-10-28T16:30:40Z,2019-10-28T23:59:59Z,26960,26960,0,1.0,0.999886036,0.999992606,0.001721056,0,0,0,0,-0.0,1.350404,5.69054,-2.48702e-11,0.001350414,0.005690582,False,0.005483,False
2019-10-29,RS01SUM1-LJ01B-12-VEL3DB104,5,True,2019-10-29T00:00:00Z,2019-10-29T23:59:59Z,86400,86400,0,1.0,0.999987125,0.999992921,-0.000340749,0,0,0,0,-0.0,1.685399,4.987447,-4.771518e-10,0.001685411,0.004987483,False,0.003023,False
2019-10-30,RS01SUM1-LJ01B-12-VEL3DB104,5,True,2019-10-30T00:00:00Z,2019-10-30T23:59:59Z,86401,86401,0,1.0,0.999923706,0.999992848,-0.000496196,0,0,0,0,1e-06,1.021898,6.610199,8.873695e-10,0.001021906,0.006610246,False,0.006334,False
2019-10-31,RS01SUM1-LJ01B-12-VEL3DB104,5,True,2019-10-31T00:00:00Z,2019-10-31T23:59:59Z,86401,86401,0,1.0,0.999947071,0.99999287,-0.000668783,0,0,0,0,1e-06,1.245642,10.935166,8.957036e-10,0.00124565,0.01093524,False,0.011925,False
2019-11-01,RS01SUM1-LJ01B-12-VEL3DB104,5,True,2019-11-01T00:00:00Z,2019-11-01T23:59:59Z,86400,86400,0,1.0,0.999938011,0.999992832,0.002557855,0,0,0,0,-0.0,1.415801,7.768777,-4.961473e-10,0.001415812,0.007768832,False,0.006004,False
2019-11-02,RS01SUM1-LJ01B-12-VEL3DB104,5,True,2019-11-02T00:00:00Z,2019-11-02T23:59:59Z,86401,86401,0,1.0,0.999960899,0.999992848,0.000282497,0,0,2,2,-0.0,1.666369,10.474402,-4.243375e-10,0.001666381,0.01047448,False,0.010342,False
2019-11-03,RS01SUM1-LJ01B-12-VEL3DB104,5,True,2019-11-03T00:00:00Z,2019-11-03T23:59:59Z,86400,86400,0,1.0,0.999922276,0.999992813,0.000968372,0,0,0,0,-1e-06,2.479549,8.545686,-5.189121e-10,0.002479567,0.008545747,False,0.010449,False
2019-11-04,RS01SUM1-LJ01B-12-VEL3DB104,5,True,2019-11-04T00:00:00Z,2019-11-04T23:59:59Z,86401,86401,0,1.0,0.999925137,0.999992702,-0.000423723,0,0,2,2,0.0,1.348464,4.251038,2.656103e-10,0.001348473,0.004251069,False,0.003285,False
2019-11-05,RS01SUM1-LJ01B-12-VEL3DB104,5,True,2019-11-05T00:00:00Z,2019-11-05T23:59:59Z,86401,86401,0,1.0,0.999949932,0.999992756,0.001129504,0,0,2,2,-0.0,1.097997,4.773275,-4.459749e-10,0.001098005,0.00477331,False,0.003209,False
2019-11-06,RS01SUM1-LJ01B-12-VEL3DB104,5,True,2019-11-06T00:00:00Z,2019-11-06T23:59:59Z,86400,86400,0,1.0,0.999950886,0.999992763,-0.000164073,0,0,0,0,-1e-06,0.907055,10.275389,-5.075721e-10,0.0009070615,0.01027546,False,0.009986,False
2019-11-07,RS01SUM1-LJ01B-12-VEL3DB104,5,True,2019-11-07T00:00:00Z,2019-11-07T23:59:59Z,86401,86401,0,1.0,0.999944687,0.99999278,-0.001789391,0,0,1,1,1e-06,1.305055,6.592268,8.009674e-10,0.001305065,0.006592315,False,0.003958,False
2019-11-08,RS01SUM1-LJ01B-12-VEL3DB104,5,True,2019-11-08T00:00:00Z,2019-11-08T23:59:59Z,86401,86401,0,1.0,0.999975204,0.999992731,0.001773763,0,0,1,1,-0.0,2.474858,7.290787,-1.604095e-11,0.002474876,0.00729084,False,0.005705,False
2019-11-09,RS01SUM1-LJ01B-12-VEL3DB104,5,True,2019-11-09T00:00:00Z,2019-11-09T23:59:59Z,86400,86400,0,1.0,0.999947071,0.999992771,-0.000259586,0,0,0,0,-1e-06,0.878969,4.11724,-5.111501e-10,0.0008789754,0.004117269,False,0.004637,False
2019-11-10,RS01SUM1-LJ01B-12-VEL3DB104,5,True,2019-11-10T00:00:00Z,2019-11-10T23:59:59Z,86401,86401,0,1.0,0.999953747,0.999992727,-0.000639363,0,0,2,2,0.0,1.142426,6.280887,1.426119e-10,0.001142434,0.006280933,False,0.003865,False
2019-11-11,RS01SUM1-LJ01B-12-VEL3DB104,5,True,2019-11-11T00:00:00Z,2019-11-11T23:59:59Z,86401,86401,0,1.0,0.999960899,0.999992776,0.002527294,0,0,2,2,0.0,1.525123,6.056968,5.948937e-13,0.001525134,0.006057012,False,0.005005,False
2019-11-12,RS01SUM1-LJ01B-12-VEL3DB104,5,True,2019-11-12T00:00:00Z,2019-11-12T23:59:59Z,86400,86400,0,1.0,0.999936581,0.999992837,-0.001317673,0,0,0,0,-1e-06,1.001243,3.534257,-5.054246e-10,0.00100125,0.003534283,False,0.003119,False
2019-11-13,RS01SUM1-LJ01B-12-VEL3DB104,5,True,2019-11-13T00:00:00Z,2019-11-13T23:59:59Z,86401,86401,0,1.0,0.999947071,0.999992822,-0.000164258,0,0,2,2,0.0,0.959413,4.407198,2.58861e-10,0.0009594198,0.004407229,False,0.003111,False
2019-11-14,RS01SUM1-LJ01B-12-VEL3DB104,5,True,2019-11-14T00:00:00Z,2019-11-14T23:59:59Z,86400,86400,0,1.0,0.999951839,0.999992864,-0.001003858,0,0,0,0,-0.0,1.812475,4.853747,-4.830589e-10,0.001812488,0.004853782,False,0.003561,False
2019-11-15,RS01SUM1-LJ01B-12-VEL3DB104,5,True,2019-11-15T00:00:00Z,2019-11-15T23:59:59Z,86401,86401,0,1.0,0.99990797,0.999992851,-0.001362366,0,0,1,1,-0.0,1.164023,3.913662,-2.732423e-10,0.001164031,0.00391369,False,0.003164,False
2019-11-16,RS01SUM1-LJ01B-12-VEL3DB104,5,True,2019-11-16T00:00:00Z,2019-11-16T23:59:59Z,86401,86401,0,1.0,0.999858379,0.999992819,-0.00010446,0,0,1,1,-0.0,1.057125,10.596226,-4.518875e-10,0.001057133,0.0105963,False,0.012632,False
2019-11-17,RS01SUM1-LJ01B-12-VEL3DB104,5,True,2019-11-17T00:00:00Z,2019-11-17T23:59:59Z,86400,86400,0,1.0,0.999873638,0.999992732,-5.6578e-05,0,0,0,0,-1e-06,1.475523,4.81051,-5.140706e-10,0.001475534,0.004810545,False,0.003461,False
2019-11-18,RS01SUM1-LJ01B-12-VEL3DB104,5,True,2019-11-18T00:00:00Z,2019-11-18T23:59:59Z,86401,86401,0,1.0,0.999911308,0.999992682,0.003156481,0,0,2,2,1e-06,1.876031,5.472236,8.242941e-10,0.001876045,0.005472276,False,0.003196,False
2019-11-19,RS01SUM1-LJ01B-12-VEL3DB104,5,True,2019-11-19T00:00:00Z,2019-11-19T23:59:59Z,86400,86400,0,1.0,0.99991703,0.999992732,0.00261229,0,0,0,0,-0.0,2.046369,9.416793,-4.497639e-10,0.002046384,0.009416861,False,0.011991,False
2019-11-20,RS01SUM1-LJ01B-12-VEL3DB104,5,True,2019-11-20T00:00:00Z,2019-11-20T23:59:59Z,86401,86401,0,1.0,0.999940872,0.999992793,-0.00174754,0,0,1,1,-0.0,4.025907,10.785425,-1.470673e-10,0.004025936,0.0107855,False,0.003134,False
2019-11-21,RS01SUM1-LJ01B-12-VEL3DB104,5,True,2019-11-21T00:00:00Z,2019-11-21T23:59:59Z,86401,86401,0,1.0,0.999933243,0.999992765,-0.001460292,0,0,1,1,-0.0,1.155868,4.190871,-1.91872e-10,0.001155877,0.004190902,False,0.003149,False
2019-11-22,RS01SUM1-LJ01B-12-VEL3DB104,5,True,2019-11-22T00:00:00Z,2019-11-22T23:59:59Z,86400,86400,0,1.0,0.999904156,0.999992817,-0.003211536,0,0,0,0,-0.0,1.181576,4.291379,-4.770449e-10,0.001181585,0.00429141,False,0.00308,False
2019-11-23,RS01SUM1-LJ01B-12-VEL3DB104,5,True,2019-11-23T00:00:00Z,2019-11-23T23:59:59Z,86401,86401,0,1.0,0.999904156,0.999992713,0.001052185,0,0,2,2,-0.0,2.487969,10.268928,-4.204062e-10,0.002487987,0.010269,False,0.007136,False
2019-11-24,RS01SUM1-LJ01B-12-VEL3DB104,5,True,2019-11-24T00:00:00Z,2019-11-24T23:59:59Z,86401,86401,0,1.0,0.999983788,0.99999281,-0.001932816,0,0,1,1,-0.0,0.916542,3.09613,-1.550391e-10,0.0009165487,0.003096152,False,0.003058,False
2019-11-25,RS01SUM1-LJ01B-12-VEL3DB104,5,True,2019-11-25T00:00:00Z,2019-11-25T23:59:59Z,86400,86400,0,1.0,0.999937057,0.999992767,-0.003666202,0,0,0,0,-0.0,1.320427,9.756811,-4.351723e-10,0.001320437,0.009756881,False,0.009552,False
2019-11-26,RS01SUM1-LJ01B-12-VEL3DB104,5,True,2019-11-26T00:00:00Z,2019-11-26T23:59:59Z,86401,86401,0,1.0,0.999983788,0.999992792,-0.00130598,0,0,1,1,1e-06,1.546066,4.4065,5.511624e-10,0.001546077,0.004406532,False,0.00323,False
2019-11-27,RS01SUM1-LJ01B-12-VEL3DB104,5,True,2019-11-27T00:00:00Z,2019-11-27T23:59:59Z,86400,86400,0,1.0,0.999948025,0.999992733,-0.000702989,0,0,0,0,-1e-06,1.252166,4.169746,-5.258625e-10,0.001252176,0.004169776,False,0.003207,False
2019-11-28,RS01SUM1-LJ01B-12-VEL3DB104,5,True,2019-11-28T00:00:00Z,2019-11-28T23:59:59Z,86401,86401,0,1.0,0.999956131,0.999992899,-0.003698252,0,0,0,0,1e-06,2.772078,6.590316,8.923508e-10,0.002772097,0.006590363,False,0.0039,False
2019-11-29,RS01SUM1-LJ01B-12-VEL3DB104,5,True,2019-11-29T00:00:00Z,2019-11-29T23:59:59Z,86401,86401,0,1.0,0.999961376,0.999992645,0.00412773,0,0,1,1,-1e-06,1.55669,4.821562,-8.864103e-10,0.001556701,0.004821598,False,0.00325,False
2019-11-30,RS01SUM1-LJ01B-12-VEL3DB104,5,True,2019-11-30T00:00:00Z,2019-11-30T23:59:59Z,86400,86400,0,1.0,0.999903202,0.999992855,0.00071332,0,0,0,0,-1e-06,1.862901,12.348197,-5.222232e-10,0.001862915,0.01234828,False,0.011785,False
2019-12-01,RS01SUM1-LJ01B-12-VEL3DB104,5,True,2019-12-01T00:00:00Z,2019-12-01T23:59:59Z,86401,86401,0,1.0,0.999939919,0.999992825,-0.000683642,0,0,1,1,-0.0,0.94072,4.308142,-3.368937e-10,0.0009407268,0.004308173,False,0.003094,False
2019-12-02,RS01SUM1-LJ01B-12-VEL3DB104,5,True,2019-12-02T00:00:00Z,2019-12-02T23:59:59Z,86401,86401,0,1.0,0.999924183,0.999992654,0.00099692,0,0,0,0,1e-06,1.118136,4.444081,8.651598e-10,0.001118144,0.004444113,False,0.004052,False
2019-12-03,RS01SUM1-LJ01B-12-VEL3DB104,5,True,2019-12-03T00:00:00Z,2019-12-03T23:59:59Z,86400,86400,0,1.0,0.999991894,0.999992681,0.000258888,0,0,0,0,-1e-06,0.995848,3.189322,-5.341304e-10,0.0009958551,0.003189345,False,0.003247,False
2019-12-04,RS01SUM1-LJ01B-12-VEL3DB104,5,True,2019-12-04T00:00:00Z,2019-12-04T23:59:59Z,86401,86401,0,1.0,0.999949932,0.999992681,-0.000246827,0,0,1,1,-0.0,1.05927,6.730428,-1.461376e-10,0.001059277,0.006730477,False,0.003516,False
2019-12-05,RS01SUM1-LJ01B-12-VEL3DB104,5,True,2019-12-05T00:00:00Z,2019-12-05T23:59:59Z,86401,86401,0,1.0,0.999998808,0.999992559,-0.000998177,0,0,0,0,1e-06,1.055449,3.61535,9.073921e-10,0.001055457,0.003615377,False,0.003283,False
2019-12-06,RS01SUM1-LJ01B-12-VEL3DB104,5,True,2019-12-06T00:00:00Z,2019-12-06T23:59:59Z,86400,86400,0,1.0,0.999979973,0.999992559,-0.000351578,0,0,0,0,-1e-06,1.148491,5.008817,-5.142271e-10,0.0011485,0.005008854,False,0.003577,False
2019-12-07,RS01SUM1-LJ01B-12-VEL3DB104,5,True,2019-12-07T00:00:00Z,2019-12-07T23:59:59Z,86401,86401,0,1.0,0.999999046,0.999992591,-0.001186729,0,0,0,0,1e-06,1.145586,5.355645,8.947335e-10,0.001145595,0.005355684,False,0.005494,False
2019-12-08,RS01SUM1-LJ01B-12-VEL3DB104,5,True,2019-12-08T00:00:00Z,2019-12-08T23:59:59Z,85523,86400,877,1.0,0.999946117,0.999992527,-0.000682192,1,877,1,877,-0.0,0.970068,12.243942,-2.597868e-10,0.000970075,0.01224403,False,0.040708,True
2019-12-09,RS01SUM1-LJ01B-12-VEL3DB104,5,True,2019-12-09T00:00:00Z,2019-12-09T23:59:59Z,86401,86401,0,1.0,0.999922276,0.999992517,-0.002237406,0,0,0,0,1e-06,1.222945,11.485488,8.642294e-10,0.001222954,0.01148557,False,0.011597,False
2019-12-10,RS01SUM1-LJ01B-12-VEL3DB104,5,True,2019-12-10T00:00:00Z,2019-12-10T23:59:59Z,84437,86401,1964,1.0,0.999935627,0.999992416,-0.002774655,3,1964,3,1965,0.0,1.548722,5.240678,2.889623e-10,0.001548734,0.005240717,False,0.056573,True
2019-12-11,RS01SUM1-LJ01B-12-VEL3DB104,5,True,2019-12-11T00:00:00Z,2019-12-11T23:59:59Z,86400,86400,0,1.0,0.999941349,0.999992477,-0.001040362,0,0,0,0,-0.0,1.530896,13.572901,-4.455931e-10,0.001530908,0.013573,False,0.013799,False
2019-12-12,RS01SUM1-LJ01B-12-VEL3DB104,5,True,2019-12-12T00:00:00Z,2019-12-12T23:59:59Z,84833,86401,1568,1.0,0.999934196,0.999992531,-0.001310162,4,1568,4,1570,0.0,1.135981,4.031951,4.984133e-10,0.00113599,0.004031981,False,0.050342,True
2019-12-13,RS01SUM1-LJ01B-12-VEL3DB104,5,True,2019-12-13T00:00:00Z,2019-12-13T23:59:59Z,86401,86401,0,1.0,0.999983788,0.999992583,-0.000161511,0,0,3,3,-1e-06,0.726438,2.630624,-5.039611e-10,0.0007264439,0.002630643,False,0.003264,False
2019-12-14,RS01SUM1-LJ01B-12-VEL3DB104,5,True,2019-12-14T00:00:00Z,2019-12-14T23:59:59Z,86400,86400,0,1.0,0.999929905,0.999992583,-0.000548873,0,0,0,0,-0.0,1.81645,9.625731,-4.899208e-10,0.001816464,0.009625802,False,0.011463,False
2019-12-15,RS01SUM1-LJ01B-12-VEL3DB104,5,True,2019-12-15T00:00:00Z,2019-12-15T23:59:59Z,86401,86401,0,1.0,0.999946117,0.999992623,0.001921254,0,0,3,3,-0.0,1.639024,10.890536,-5.970853e-11,0.001639036,0.01089062,False,0.011633,False
2019-12-16,RS01SUM1-LJ01B-12-VEL3DB104,5,True,2019-12-16T00:00:00Z,2019-12-16T23:59:59Z,86401,86401,0,1.0,0.999931335,0.999992602,0.001987953,0,0,1,1,-1e-06,1.507326,12.114144,-5.471225e-10,0.001507338,0.01211423,False,0.010382,False
2019-12-17,RS01SUM1-LJ01B-12-VEL3DB104,5,True,2019-12-17T00:00:00Z,2019-12-17T23:59:59Z,86400,86400,0,1.0,0.999929428,0.999992684,-0.002278059,0,0,0,0,-0.0,1.567631,5.359662,-4.893861e-10,0.001567642,0.005359701,False,0.003275,False
2019-12-18,RS01SUM1-LJ01B-12-VEL3DB104,5,True,2019-12-18T00:00:00Z,2019-12-18T23:59:59Z,86401,86401,0,1.0,0.999927998,0.999992664,-0.000232558,0,0,1,1,-1e-06,2.331533,6.971568,-5.838315e-10,0.002331551,0.00697162,False,0.003201,False
2019-12-19,RS01SUM1-LJ01B-12-VEL3DB104,5,True,2019-12-19T00:00:00Z,2019-12-19T23:59:59Z,86401,86401,0,1.0,0.999911785,0.999992641,0.00068473,0,0,1,1,-1e-06,0.717632,2.82123,-5.795915e-10,0.0007176377,0.002821251,False,0.00338,False
2019-12-20,RS01SUM1-LJ01B-12-VEL3DB104,5,True,2019-12-20T00:00:00Z,2019-12-20T23:59:59Z,86400,86400,0,1.0,0.999932289,0.999992641,-0.000370796,0,0,0,0,-0.0,0.655261,2.726987,-4.122463e-10,0.0006552661,0.002727007,False,0.00325,False
2019-12-21,RS01SUM1-LJ01B-12-VEL3DB104,5,True,2019-12-21T00:00:00Z,2019-12-21T23:59:59Z,86401,86401,0,1.0,0.999931812,0.999992622,-0.000948048,0,0,0,0,1e-06,1.003487,11.992026,8.514069e-10,0.001003494,0.01199211,False,0.013651,False
2019-12-22,RS01SUM1-LJ01B-12-VEL3DB104,5,True,2019-12-22T00:00:00Z,2019-12-22T23:59:59Z,86400,86400,0,1.0,0.999927044,0.99999273,-0.002049565,0,0,0,0,-0.0,1.143352,12.189605,-4.802909e-10,0.001143361,0.01218969,False,0.01312,False
2019-12-23,RS01SUM1-LJ01B-12-VEL3DB104,5,True,2019-12-23T00:00:00Z,2019-12-23T23:59:59Z,86401,86401,0,1.0,0.999957085,0.999992702,-0.000958923,0,0,2,2,-0.0,0.794917,11.354943,-2.121062e-10,0.0007949223,0.01135503,False,0.011565,False
2019-12-24,RS01SUM1-LJ01B-12-VEL3DB104,5,True,2019-12-24T00:00:00Z,2019-12-24T23:59:59Z,86401,86401,0,1.0,0.99990797,0.999992746,0.000255089,0,0,0,0,1e-06,0.80535,3.511919,8.9429e-10,0.000805356,0.003511945,False,0.003455,False
2019-12-25,RS01SUM1-LJ01B-12-VEL3DB104,5,True,2019-12-25T00:00:00Z,2019-12-25T23:59:59Z,86400,86400,0,1.0,0.999915123,0.999992775,0.00202608,0,0,0,0,-1e-06,1.090664,11.763286,-5.259141e-10,0.001090672,0.01176337,False,0.012868,False
2019-12-26,RS01SUM1-LJ01B-12-VEL3DB104,5,True,2019-12-26T00:00:00Z,2019-12-26T23:59:59Z,86401,86401,0,1.0,0.999891758,0.99999277,0.002334443,0,0,2,2,-0.0,0.864625,3.458915,-3.008693e-10,0.0008646312,0.00345894,False,0.003287,False
2019-12-27,RS01SUM1-LJ01B-12-VEL3DB104,5,True,2019-12-27T00:00:00Z,2019-12-27T23:59:59Z,86401,86401,0,1.0,0.999949932,0.999992733,-3.1705e-05,0,0,1,1,0.0,0.903462,3.46535,4.855034e-10,0.000903469,0.003465375,False,0.00305,False
2019-12-28,RS01SUM1-LJ01B-12-VEL3DB104,5,True,2019-12-28T00:00:00Z,2019-12-28T23:59:59Z,86400,86400,0,1.0,0.999932289,0.999992679,0.00054766,0,0,0,0,-0.0,1.32808,3.91961,-4.473074e-10,0.00132809,0.003919639,False,0.002946,False
2019-12-29,RS01SUM1-LJ01B-12-VEL3DB104,5,True,2019-12-29T00:00:00Z,2019-12-29T23:59:59Z,86401,86401,0,1.0,0.999950886,0.999992632,-8.1219e-05,0,0,0,0,1e-06,0.6965,2.664828,8.577014e-10,0.0006965047,0.002664848,False,0.003331,False
2019-12-30,RS01SUM1-LJ01B-12-VEL3DB104,5,True,2019-12-30T00:00:00Z,2019-12-30T23:59:59Z,86400,86400,0,1.0,0.999960899,0.999992601,-0.000123116,0,0,0,0,-1e-06,0.881819,2.76687,-5.097396e-10,0.0008818253,0.002766891,False,0.003261,False
2019-12-31,RS01SUM1-LJ01B-12-VEL3DB104,5,True,2019-12-31T00:00:00Z,2019-12-31T23:59:59Z,86401,86401,0,1.0,0.999953747,0.999992613,0.000710886,0,0,0,0,1e-06,1.183363,3.956492,9.106806e-10,0.001183372,0.003956521,False,0.003441,False
2020-01-01,RS01SUM1-LJ01B-12-VEL3DB104,5,True,2020-01-01T00:00:00Z,2020-01-01T23:59:59Z,86401,86401,0,1.0,1.000019073,0.999992667,-0.002956434,0,0,1,1,-0.0,3.987169,8.694161,-1.321577e-10,0.003987198,0.008694225,False,0.00333,False
2020-01-02,RS01SUM1-LJ01B-12-VEL3DB104,5,True,2020-01-02T00:00:00Z,2020-01-02T23:59:59Z,86400,86400,0,1.0,0.999988079,0.999992803,-0.001890702,0,0,0,0,-0.0,1.740746,5.247175,-4.901116e-10,0.001740759,0.005247213,False,0.003838,False
2020-01-03,RS01SUM1-LJ01B-12-VEL3DB104,5,True,2020-01-03T00:00:00Z,2020-01-03T23:59:59Z,86401,86401,0,1.0,0.999980927,0.999992604,-0.005139042,0,0,0,0,1e-06,3.192868,7.458525,8.543339e-10,0.003192892,0.00745858,False,0.003143,False
2020-01-04,RS01SUM1-LJ01B-12-VEL3DB104,5,True,2020-01-04T00:00:00Z,2020-01-04T23:59:59Z,86401,86401,0,1.0,0.999982834,0.999992507,-0.000698827,0,0,0,0,1e-06,0.90584,2.968703,8.669944e-10,0.0009058469,0.002968726,False,0.00322,False
2020-01-05,RS01SUM1-LJ01B-12-VEL3DB104,5,True,2020-01-05T00:00:00Z,2020-01-05T23:59:59Z,86400,86400,0,1.0,1.000005245,0.999992718,-0.001488079,0,0,0,0,-0.0,0.815365,4.400053,-4.780913e-10,0.0008153706,0.004400085,False,0.003575,False
2020-01-06,RS01SUM1-LJ01B-12-VEL3DB104,5,True,2020-01-06T00:00:00Z,2020-01-06T23:59:59Z,86401,86401,0,1.0,0.999974251,0.999992644,-0.00136833,0,0,1,1,1e-06,0.965416,10.051414,6.160157e-10,0.0009654226,0.01005149,False,0.010493,False
2020-01-07,RS01SUM1-LJ01B-12-VEL3DB104,5,True,2020-01-07T00:00:00Z,2020-01-07T23:59:59Z,86401,86401,0,1.0,1.000013828,0.999992659,0.000409346,0,0,0,0,1e-06,1.340746,4.366993,8.664899e-10,0.001340756,0.004367026,False,0.003107,False
2020-01-08,RS01SUM1-LJ01B-12-VEL3DB104,5,True,2020-01-08T00:00:00Z,2020-01-08T23:59:59Z,86400,86400,0,1.0,0.999938011,0.999992642,0.001063623,0,0,0,0,-0.0,1.786518,7.869996,-4.626314e-10,0.001786531,0.007870054,False,0.011391,False
2020-01-09,RS01SUM1-LJ01B-12-VEL3DB104,5,True,2020-01-09T00:00:00Z,2020-01-09T23:59:59Z,86401,86401,0,1.0,0.999991894,0.999992693,-0.001243108,0,0,1,1,-0.0,1.016242,4.101106,-3.371541e-11,0.001016249,0.004101136,False,0.003233,False
2020-01-10,RS01SUM1-LJ01B-12-VEL3DB104,5,True,2020-01-10T00:00:00Z,2020-01-10T23:59:59Z,85664,86400,736,1.0,0.999918938,0.999992641,0.001470909,1,736,1,736,-0.0,0.669578,2.531026,-3.233338e-10,0.0006695827,0.002531044,False,0.054064,True
2020-01-11,RS01SUM1-LJ01B-12-VEL3DB104,5,True,2020-01-11T00:00:00Z,2020-01-11T23:59:59Z,86401,86401,0,1.0,0.999955177,0.999992699,-0.002132717,0,0,1,1,-0.0,1.125993,3.448004,-1.611987e-10,0.001126001,0.003448029,False,0.002871,False
2020-01-12,RS01SUM1-LJ01B-12-VEL3DB104,5,True,2020-01-12T00:00:00Z,2020-01-12T23:59:59Z,86401,86401,0,1.0,0.999956608,0.999992698,0.000705966,0,0,0,0,1e-06,1.612633,4.649142,8.610179e-10,0.001612645,0.004649176,False,0.003469,False
2020-01-13,RS01SUM1-LJ01B-12-VEL3DB104,5,True,2020-01-13T00:00:00Z,2020-01-13T23:59:59Z,86400,86400,0,1.0,0.999927998,0.999992773,-0.003101188,0,0,0,0,-1e-06,1.346924,4.488897,-5.024822e-10,0.001346934,0.00448893,False,0.003335,False
2020-01-14,RS01SUM1-LJ01B-12-VEL3DB104,5,True,2020-01-14T00:00:00Z,2020-01-14T23:59:59Z,86401,86401,0,1.0,0.999969006,0.999992741,-0.002674399,0,0,3,3,1e-06,1.384798,4.41227,9.301573e-10,0.001384808,0.004412302,False,0.003032,False
2020-01-15,RS01SUM1-LJ01B-12-VEL3DB104,5,True,2020-01-15T00:00:00Z,2020-01-15T23:59:59Z,84452,86401,1949,1.0,0.999907017,0.999992814,0.000685471,2,1949,2,1949,0.0,2.639426,7.540285,1.801103e-10,0.002639445,0.007540339,False,0.084864,True
2020-01-16,RS01SUM1-LJ01B-12-VEL3DB104,5,True,2020-01-16T00:00:00Z,2020-01-16T23:59:59Z,86400,86400,0,1.0,0.999936104,0.999992723,0.003365221,0,0,0,0,-0.0,0.998253,3.910047,-4.710545e-10,0.0009982603,0.003910075,False,0.003093,False
2020-01-17,RS01SUM1-LJ01B-12-VEL3DB104,5,True,2020-01-17T00:00:00Z,2020-01-17T23:59:59Z,86401,86401,0,1.0,0.999983311,0.999992691,0.000446684,0,0,2,2,1e-06,0.955298,3.605784,1.15939e-09,0.0009553054,0.003605811,False,0.003013,False
2020-01-18,RS01SUM1-LJ01B-12-VEL3DB104,5,True,2020-01-18T00:00:00Z,2020-01-18T23:59:59Z,86401,86401,0,1.0,0.999980927,0.999992763,-0.002247686,0,0,0,0,1e-06,0.871383,3.772815,8.670113e-10,0.0008713894,0.003772842,False,0.00295,False
2020-01-19,RS01SUM1-LJ01B-12-VEL3DB104,5,True,2020-01-19T00:00:00Z,2020-01-19T23:59:59Z,86400,86400,0,1.0,0.999959946,0.999992728,-0.00037118,0,0,0,0,-0.0,0.742508,2.845973,-4.889195e-10,0.0007425136,0.002845994,False,0.003243,False
2020-01-20,RS01SUM1-LJ01B-12-VEL3DB104,5,True,2020-01-20T00:00:00Z,2020-01-20T23:59:59Z,86401,86401,0,1.0,0.999978065,0.999992805,-0.000722015,0,0,0,0,1e-06,0.881573,3.235963,8.738945e-10,0.0008815791,0.003235986,False,0.003139,False
2020-01-21,RS01SUM1-LJ01B-12-VEL3DB104,5,True,2020-01-21T00:00:00Z,2020-01-21T23:59:59Z,86400,86400,0,1.0,0.999953747,0.999992741,-0.001920754,0,0,0,0,-0.0,0.786489,2.86574,-4.690923e-10,0.0007864951,0.002865761,False,0.003099,False
2020-01-22,RS01SUM1-LJ01B-12-VEL3DB104,5,True,2020-01-22T00:00:00Z,2020-01-22T23:59:59Z,86401,86401,0,1.0,0.999911308,0.999992759,0.000645219,0,0,1,1,0.0,0.734832,11.865334,2.571195e-10,0.0007348372,0.01186542,False,0.011844,False
2020-01-23,RS01SUM1-LJ01B-12-VEL3DB104,5,True,2020-01-23T00:00:00Z,2020-01-23T23:59:59Z,86401,86401,0,1.0,0.999873161,0.999992761,0.000183253,0,0,0,0,1e-06,0.682868,3.160358,8.210373e-10,0.0006828725,0.003160381,False,0.003345,False
2020-01-24,RS01SUM1-LJ01B-12-VEL3DB104,5,True,2020-01-24T00:00:00Z,2020-01-24T23:59:59Z,86400,86400,0,1.0,0.999946594,0.999992762,-0.00027671,0,0,0,0,-0.0,1.359951,12.816488,-4.392802e-10,0.00135996,0.01281658,False,0.012005,False
2020-01-25,RS01SUM1-LJ01B-12-VEL3DB104,5,True,2020-01-25T00:00:00Z,2020-01-25T23:59:59Z,86401,86401,0,1.0,0.999914885,0.999992807,-0.0020186,0,0,2,2,-0.0,1.164338,3.415798,-3.299475e-10,0.001164346,0.003415822,False,0.003248,False
2020-01-26,RS01SUM1-LJ01B-12-VEL3DB104,5,True,2020-01-26T00:00:00Z,2020-01-26T23:59:59Z,86401,86401,0,1.0,0.999944687,0.999992849,0.000396513,0,0,1,1,1e-06,0.876244,3.255913,5.800605e-10,0.00087625,0.003255936,False,0.00337,False
2020-01-27,RS01SUM1-LJ01B-12-VEL3DB104,5,True,2020-01-27T00:00:00Z,2020-01-27T23:59:59Z,86400,86400,0,1.0,0.999927998,0.999992776,-0.000384264,0,0,0,0,-1e-06,0.743669,3.142735,-5.216696e-10,0.0007436748,0.003142758,False,0.003246,False
2020-01-28,RS01SUM1-LJ01B-12-VEL3DB104,5,True,2020-01-28T00:00:00Z,2020-01-28T23:59:59Z,85754,86401,647,1.0,0.999928951,0.999992826,0.001433981,1,647,1,647,0.0,0.78761,11.076722,3.291688e-10,0.0007876158,0.0110768,False,0.04103,True
2020-01-29,RS01SUM1-LJ01B-12-VEL3DB104,5,True,2020-01-29T00:00:00Z,2020-01-29T23:59:59Z,86400,86400,0,1.0,0.999958038,0.999992749,0.000763486,0,0,0,0,-0.0,0.791506,2.796588,-4.349453e-10,0.0007915115,0.002796609,False,0.003167,False
2020-01-30,RS01SUM1-LJ01B-12-VEL3DB104,5,True,2020-01-30T00:00:00Z,2020-01-30T23:59:59Z,86401,86401,0,1.0,0.999881268,0.999992809,0.001244958,0,0,0,0,1e-06,1.14069,3.922125,8.790554e-10,0.001140699,0.003922153,False,0.003208,False
2020-01-31,RS01SUM1-LJ01B-12-VEL3DB104,5,True,2020-01-31T00:00:00Z,2020-01-31T23:59:59Z,86401,86401,0,1.0,0.999909878,0.999992812,5.9221e-05,0,0,0,0,1e-06,0.797712,8.967611,8.928795e-10,0.0007977177,0.008967675,False,0.009937,False
2020-02-01,RS01SUM1-LJ01B-12-VEL3DB104,5,True,2020-02-01T00:00:00Z,2020-02-01T23:59:59Z,86400,86400,0,1.0,0.99990654,0.999992827,-0.001828041,0,0,0,0,-1e-06,0.879328,3.364477,-5.461277e-10,0.0008793341,0.003364502,False,0.00321,False
2020-02-02,RS01SUM1-LJ01B-12-VEL3DB104,5,True,2020-02-02T00:00:00Z,2020-02-02T23:59:59Z,86401,86401,0,1.0,0.999912739,0.999992789,-0.001732204,0,0,2,2,0.0,0.865067,3.571148,7.197294e-11,0.0008650729,0.003571173,False,0.003169,False
2020-02-03,RS01SUM1-LJ01B-12-VEL3DB104,5,True,2020-02-03T00:00:00Z,2020-02-03T23:59:59Z,86400,86400,0,1.0,0.99992609,0.999992861,-0.001274392,0,0,0,0,-1e-06,0.850982,3.279187,-5.196665e-10,0.0008509877,0.00327921,False,0.003176,False
2020-02-04,RS01SUM1-LJ01B-12-VEL3DB104,5,True,2020-02-04T00:00:00Z,2020-02-04T23:59:59Z,86401,86401,0,1.0,0.999891758,0.999992811,-0.002234243,0,0,1,1,0.0,2.334288,6.65003,4.733703e-10,0.002334305,0.006650078,False,0.003144,False
2020-02-05,RS01SUM1-LJ01B-12-VEL3DB104,5,True,2020-02-05T00:00:00Z,2020-02-05T23:59:59Z,86401,86401,0,1.0,0.999912262,0.999992771,0.000904224,0,0,2,2,-0.0,0.971337,9.654026,-1.750971e-10,0.0009713435,0.009654096,False,0.010033,False
2020-02-06,RS01SUM1-LJ01B-12-VEL3DB104,5,True,2020-02-06T00:00:00Z,2020-02-06T23:59:59Z,86400,86400,0,1.0,0.999931335,0.99999283,0.002233391,0,0,0,0,-0.0,0.856014,11.099187,-4.787035e-10,0.0008560205,0.01109927,False,0.011829,False
2020-02-07,RS01SUM1-LJ01B-12-VEL3DB104,5,True,2020-02-07T00:00:00Z,2020-02-07T23:59:59Z,86401,86401,0,1.0,0.999941826,0.999992858,-0.001956647,0,0,1,1,0.0,1.009111,3.502634,1.398928e-10,0.001009119,0.003502659,False,0.002932,False
2020-02-08,RS01SUM1-LJ01B-12-VEL3DB104,5,True,2020-02-08T00:00:00Z,2020-02-08T23:59:59Z,86401,86401,0,1.0,0.999930859,0.999992846,-0.002544608,0,0,4,4,1e-06,1.292842,4.965898,6.861097e-10,0.001292851,0.004965934,False,0.003232,False
2020-02-09,RS01SUM1-LJ01B-12-VEL3DB104,5,True,2020-02-09T00:00:00Z,2020-02-09T23:59:59Z,86400,86400,0,1.0,0.99997139,0.999992793,-0.003477514,0,0,0,0,-0.0,1.252462,4.553868,-4.720778e-10,0.001252471,0.004553901,False,0.003207,False
2020-02-10,RS01SUM1-LJ01B-12-VEL3DB104,5,True,2020-02-10T00:00:00Z,2020-02-10T23:59:59Z,86401,86401,0,1.0,0.999938011,0.999992788,0.000589202,0,0,2,2,-0.0,0.757498,2.967507,-2.076834e-10,0.0007575033,0.002967529,False,0.00305,False
2020-02-11,RS01SUM1-LJ01B-12-VEL3DB104,5,True,2020-02-11T00:00:00Z,2020-02-11T23:59:59Z,86400,86400,0,1.0,0.99997282,0.999992856,-0.001175602,0,0,0,0,-0.0,1.49434,10.840425,-4.957407e-10,0.001494351,0.0108405,False,0.012026,False
2020-02-12,RS01SUM1-LJ01B-12-VEL3DB104,5,True,2020-02-12T00:00:00Z,2020-02-12T23:59:59Z,86401,86401,0,1.0,0.999925613,0.999992845,-1.9153e-05,0,0,1,1,-0.0,0.710916,9.956405,-3.170347e-10,0.0007109207,0.009956476,False,0.010403,False
2020-02-13,RS01SUM1-LJ01B-12-VEL3DB104,5,True,2020-02-13T00:00:00Z,2020-02-13T23:59:59Z,86401,86401,0,1.0,0.999898911,0.999992775,0.002832172,0,0,2,2,0.0,1.831496,5.926062,1.635732e-12,0.001831509,0.005926105,False,0.003204,False
2020-02-14,RS01SUM1-LJ01B-12-VEL3DB104,5,True,2020-02-14T00:00:00Z,2020-02-14T23:59:59Z,86400,86400,0,1.0,0.999957085,0.999992685,0.006129035,0,0,0,0,-0.0,2.91318,9.1134,-4.865399e-10,0.002913201,0.009113467,False,0.003015,False
2020-02-15,RS01SUM1-LJ01B-12-VEL3DB104,5,True,2020-02-15T00:00:00Z,2020-02-15T23:59:59Z,86401,86401,0,1.0,0.999967098,0.999992716,-0.000243252,0,0,0,0,1e-06,0.892282,10.586618,8.85899e-10,0.0008922886,0.01058669,False,0.011477,False
2020-02-16,RS01SUM1-LJ01B-12-VEL3DB104,5,True,2020-02-16T00:00:00Z,2020-02-16T23:59:59Z,86401,86401,0,1.0,0.999941826,0.999992683,0.000309103,0,0,1,1,0.0,0.974501,3.282959,2.431758e-10,0.0009745085,0.003282983,False,0.003442,False
2020-02-17,RS01SUM1-LJ01B-12-VEL3DB104,5,True,2020-02-17T00:00:00Z,2020-02-17T23:59:59Z,86400,86400,0,1.0,1.0,0.999992594,0.001448397,0,0,0,0,-0.0,1.76091,10.561467,-4.243732e-10,0.001760923,0.01056155,False,0.010335,False
2020-02-18,RS01SUM1-LJ01B-12-VEL3DB104,5,True,2020-02-18T00:00:00Z,2020-02-18T23:59:59Z,86401,86401,0,1.0,0.999977112,0.999992601,0.002604626,0,0,2,2,0.0,1.012924,3.891354,1.21714e-11,0.001012931,0.003891383,False,0.003216,False
2020-02-19,RS01SUM1-LJ01B-12-VEL3DB104,5,True,2020-02-19T00:00:00Z,2020-02-19T23:59:59Z,86401,86401,0,1.0,0.999983788,0.999992613,-0.002260855,0,0,0,0,1e-06,1.111406,4.080715,8.933125e-10,0.001111414,0.004080745,False,0.003216,False
2020-02-20,RS01SUM1-LJ01B-12-VEL3DB104,5,True,2020-02-20T00:00:00Z,2020-02-20T23:59:59Z,85668,86400,732,1.0,0.999979019,0.999992592,-0.000216501,2,732,2,732,-0.0,0.743043,3.289239,-2.736446e-10,0.0007430483,0.003289264,False,0.010735,True
2020-02-21,RS01SUM1-LJ01B-12-VEL3DB104,5,True,2020-02-21T00:00:00Z,2020-02-21T23:59:59Z,86401,86401,0,1.0,0.999992847,0.999992609,0.0002428,0,0,1,1,0.0,1.563112,6.051354,7.376947e-11,0.001563124,0.006051399,False,0.00319,False
2020-02-22,RS01SUM1-LJ01B-12-VEL3DB104,5,True,2020-02-22T00:00:00Z,2020-02-22T23:59:59Z,86400,86400,0,1.0,0.999968052,0.999992572,-0.000491932,0,0,0,0,-0.0,1.619582,9.124876,-4.520235e-10,0.001619594,0.009124944,False,0.009925,False
2020-02-23,RS01SUM1-LJ01B-12-VEL3DB104,5,True,2020-02-23T00:00:00Z,2020-02-23T23:59:59Z,86401,86401,0,1.0,0.999939919,0.999992533,0.000361482,0,0,1,1,-0.0,0.661138,3.781252,-4.470133e-10,0.0006611432,0.003781281,False,0.003323,False
2020-02-24,RS01SUM1-LJ01B-12-VEL3DB104,5,True,2020-02-24T00:00:00Z,2020-02-24T23:59:59Z,86401,86401,0,1.0,0.999964714,0.999992576,-0.001159031,0,0,0,0,1e-06,0.944704,12.213466,8.654798e-10,0.0009447107,0.01221356,False,0.012687,False
2020-02-25,RS01SUM1-LJ01B-12-VEL3DB104,5,True,2020-02-25T00:00:00Z,2020-02-25T23:59:59Z,86400,86400,0,1.0,0.999957085,0.999992571,-0.000183816,0,0,0,0,-0.0,0.617522,11.261141,-4.894582e-10,0.0006175269,0.01126122,False,0.011795,False
2020-02-26,RS01SUM1-LJ01B-12-VEL3DB104,5,True,2020-02-26T00:00:00Z,2020-02-26T23:59:59Z,86401,86401,0,1.0,0.999959946,0.999992672,-0.001022731,0,0,2,2,-1e-06,1.117739,10.673825,-5.640017e-10,0.001117748,0.0106739,False,0.012612,False
2020-02-27,RS01SUM1-LJ01B-12-VEL3DB104,5,True,2020-02-27T00:00:00Z,2020-02-27T23:59:59Z,86401,86401,0,1.0,0.999927044,0.999992633,0.000877115,0,0,0,0,1e-06,0.850048,9.148814,8.55902e-10,0.0008500544,0.009148882,False,0.010318,False
2020-02-28,RS01SUM1-LJ01B-12-VEL3DB104,5,True,2020-02-28T00:00:00Z,2020-02-28T23:59:59Z,86400,86400,0,1.0,0.999957085,0.999992656,-0.000168755,0,0,0,0,-1e-06,0.86466,3.314207,-5.085308e-10,0.000864666,0.003314231,False,0.003124,False
2020-02-29,RS01SUM1-LJ01B-12-VEL3DB104,5,True,2020-02-29T00:00:00Z,2020-02-29T23:59:59Z,85930,86401,471,1.0,0.999960899,0.999992604,0.000431413,1,471,1,471,-0.0,0.85694,11.28586,-2.357969e-10,0.000856946,0.01128594,False,0.015408,True
2020-03-01,RS01SUM1-LJ01B-12-VEL3DB104,5,True,2020-03-01T00:00:00Z,2020-03-01T23:59:59Z,86401,86401,0,1.0,0.999957561,0.999992617,-0.000199566,0,0,2,2,-0.0,2.317985,11.691115,-4.061219e-10,0.002318002,0.0116912,False,0.013241,False
2020-03-02,RS01SUM1-LJ01B-12-VEL3DB104,5,True,2020-03-02T00:00:00Z,2020-03-02T23:59:59Z,86400,86400,0,1.0,0.999967098,0.999992706,-0.000597997,0,0,0,0,-0.0,2.436314,11.133249,-4.613063e-10,0.002436332,0.01113333,False,0.012148,False
2020-03-03,RS01SUM1-LJ01B-12-VEL3DB104,5,True,2020-03-03T00:00:00Z,2020-03-03T23:59:59Z,86401,86401,0,1.0,0.99996376,0.999992633,1.3227e-05,0,0,1,1,-0.0,0.625875,2.579649,-2.324871e-10,0.0006258798,0.002579668,False,0.003124,False
2020-03-04,RS01SUM1-LJ01B-12-VEL3DB104,5,True,2020-03-04T00:00:00Z,2020-03-04T23:59:59Z,86400,86400,0,1.0,0.999956131,0.99999268,0.003301108,0,0,0,0,-0.0,1.370242,4.527173,-4.240404e-10,0.001370252,0.004527207,False,0.003209,False
2020-03-05,RS01SUM1-LJ01B-12-VEL3DB104,5,True,2020-03-05T00:00:00Z,2020-03-05T23:59:59Z,86401,86401,0,1.0,0.999946117,0.999992702,-0.000368798,0,0,0,0,1e-06,0.665612,3.133681,8.79303e-10,0.0006656169,0.003133704,False,0.002952,False
2020-03-06,RS01SUM1-LJ01B-12-VEL3DB104,5,True,2020-03-06T00:00:00Z,2020-03-06T23:59:59Z,86401,86401,0,1.0,0.999938965,0.999992715,-0.00102157,0,0,0,0,1e-06,0.844508,3.193956,8.794108e-10,0.0008445142,0.003193979,False,0.003259,False
2020-03-07,RS01SUM1-LJ01B-12-VEL3DB104,5,True,2020-03-07T00:00:00Z,2020-03-07T23:59:59Z,86400,86400,0,1.0,0.999968052,0.999992685,-0.00184837,0,0,0,0,-0.0,0.967891,3.572274,-4.516431e-10,0.0009678979,0.0035723,False,0.003176,False
2020-03-08,RS01SUM1-LJ01B-12-VEL3DB104,5,True,2020-03-08T00:00:00Z,2020-03-08T23:59:59Z,86401,86401,0,1.0,0.99999094,0.999992692,-0.003817852,0,0,2,2,-0.0,1.276851,4.36143,-3.230529e-10,0.001276861,0.004361462,False,0.003324,False
2020-03-09,RS01SUM1-LJ01B-12-VEL3DB104,5,True,2020-03-09T00:00:00Z,2020-03-09T23:59:59Z,86401,86401,0,1.0,1.000010967,0.999992653,-0.002012934,0,0,1,1,1e-06,1.641223,9.883137,5.099591e-10,0.001641235,0.00988321,False,0.010482,False
2020-03-10,RS01SUM1-LJ01B-12-VEL3DB104,5,True,2020-03-10T00:00:00Z,2020-03-10T23:59:59Z,86400,86400,0,1.0,0.999992847,0.999992672,-0.001705377,0,0,0,0,-0.0,1.403908,4.420595,-4.754779e-10,0.001403919,0.004420627,False,0.003165,False
2020-03-11,RS01SUM1-LJ01B-12-VEL3DB104,5,True,2020-03-11T00:00:00Z,2020-03-11T23:59:59Z,86401,86401,0,1.0,1.000016212,0.99999275,-0.002072765,0,0,0,0,1e-06,2.029572,5.095559,9.19367e-10,0.002029587,0.005095596,False,0.003294,False
2020-03-12,RS01SUM1-LJ01B-12-VEL3DB104,5,True,2020-03-12T00:00:00Z,2020-03-12T23:59:59Z,86401,86401,0,1.0,0.999998093,0.999992627,-0.00041844,0,0,1,1,1e-06,1.887298,11.215017,1.038989e-09,0.001887312,0.0112151,False,0.011966,False
2020-03-13,RS01SUM1-LJ01B-12-VEL3DB104,5,True,2020-03-13T00:00:00Z,2020-03-13T23:59:59Z,86400,86400,0,1.0,1.000001907,0.999992673,-0.000496702,0,0,0,0,-0.0,0.9205,11.822024,-4.726413e-10,0.0009205072,0.01182211,False,0.011849,False
2020-03-14,RS01SUM1-LJ01B-12-VEL3DB104,5,True,2020-03-14T00:00:00Z,2020-03-14T23:59:59Z,85639,86401,762,1.0,0.999974728,0.999992738,0.001053899,2,762,2,763,0.0,0.827253,12.466602,3.800226e-10,0.0008272587,0.01246669,False,0.014656,True
2020-03-15,RS01SUM1-LJ01B-12-VEL3DB104,5,True,2020-03-15T00:00:00Z,2020-03-15T23:59:59Z,86400,86400,0,1.0,0.9999547,0.999992785,-0.000218742,0,0,0,0,-1e-06,1.1766,4.145283,-5.14979e-10,0.001176609,0.004145313,False,0.003012,False
2020-03-16,RS01SUM1-LJ01B-12-VEL3DB104,5,True,2020-03-16T00:00:00Z,2020-03-16T23:59:59Z,86401,86401,0,1.0,0.999970913,0.99999267,0.000379806,0,0,0,0,1e-06,2.473937,8.934184,9.098555e-10,0.002473955,0.008934249,False,0.003298,False
2020-03-17,RS01SUM1-LJ01B-12-VEL3DB104,5,True,2020-03-17T00:00:00Z,2020-03-17T23:59:59Z,86401,86401,0,1.0,0.999969959,0.99999244,0.003819884,0,0,1,1,0.0,6.809993,18.648273,1.510523e-11,0.006810044,0.01864841,False,0.012687,False
2020-03-18,RS01SUM1-LJ01B-12-VEL3DB104,5,True,2020-03-18T00:00:00Z,2020-03-18T23:59:59Z,86400,86400,0,1.0,0.999969959,0.99999267,0.002181931,0,0,0,0,-0.0,1.690017,10.752665,-4.592295e-10,0.001690029,0.01075274,False,0.011814,False
2020-03-19,RS01SUM1-LJ01B-12-VEL3DB104,5,True,2020-03-19T00:00:00Z,2020-03-19T23:59:59Z,86401,86401,0,1.0,0.999995708,0.999992618,-0.00255053,0,0,0,0,1e-06,1.523529,4.529733,8.597641e-10,0.00152354,0.004529767,False,0.003337,False
2020-03-20,RS01SUM1-LJ01B-12-VEL3DB104,5,True,2020-03-20T00:00:00Z,2020-03-20T23:59:59Z,86401,86401,0,1.0,0.999949932,0.999992557,0.002597837,0,0,0,0,1e-06,1.206064,4.045747,8.986461e-10,0.001206073,0.004045777,False,0.003335,False
2020-03-21,RS01SUM1-LJ01B-12-VEL3DB104,5,True,2020-03-21T00:00:00Z,2020-03-21T23:59:59Z,86400,86400,0,1.0,0.999975204,0.999992531,0.000352291,0,0,0,0,-0.0,0.735405,10.234984,-4.523209e-10,0.0007354106,0.01023506,False,0.010366,False
2020-03-22,RS01SUM1-LJ01B-12-VEL3DB104,5,True,2020-03-22T00:00:00Z,2020-03-22T23:59:59Z,86401,86401,0,1.0,0.99997139,0.999992544,0.001241146,0,0,2,2,0.0,1.926605,5.280278,1.094855e-10,0.00192662,0.005280317,False,0.003283,False
2020-03-23,RS01SUM1-LJ01B-12-VEL3DB104,5,True,2020-03-23T00:00:00Z,2020-03-23T23:59:59Z,86400,86400,0,1.0,1.0,0.999992602,-0.001418527,0,0,0,0,-1e-06,1.019138,11.594161,-5.157875e-10,0.001019146,0.01159425,False,0.011244,False
2020-03-24,RS01SUM1-LJ01B-12-VEL3DB104,5,True,2020-03-24T00:00:00Z,2020-03-24T23:59:59Z,86401,86401,0,1.0,0.999969006,0.99999256,0.001256976,0,0,0,0,1e-06,0.908747,11.411787,8.932335e-10,0.0009087536,0.01141187,False,0.011835,False
2020-03-25,RS01SUM1-LJ01B-12-VEL3DB104,5,True,2020-03-25T00:00:00Z,2020-03-25T23:59:59Z,86401,86401,0,1.0,0.999978065,0.999992594,-0.000356519,0,0,2,2,0.0,0.889333,2.954729,1.756376e-10,0.0008893392,0.00295475,False,0.003522,False
2020-03-26,RS01SUM1-LJ01B-12-VEL3DB104,5,True,2020-03-26T00:00:00Z,2020-03-26T23:59:59Z,86400,86400,0,1.0,0.999965191,0.999992597,0.000140295,0,0,0,0,-0.0,1.032776,10.971547,-4.243179e-10,0.001032784,0.01097163,False,0.011568,False
2020-03-27,RS01SUM1-LJ01B-12-VEL3DB104,5,True,2020-03-27T00:00:00Z,2020-03-27T23:59:59Z,86401,86401,0,1.0,0.999999046,0.999992617,-0.001089051,0,0,0,0,1e-06,1.560203,10.042101,8.970595e-10,0.001560214,0.01004218,False,0.01211,False
2020-03-28,RS01SUM1-LJ01B-12-VEL3DB104,5,True,2020-03-28T00:00:00Z,2020-03-28T23:59:59Z,85448,86401,953,1.0,0.999980927,0.999992671,-0.001107401,4,953,4,955,-0.0,1.342046,9.275521,-2.57489e-10,0.001342056,0.009275589,False,0.010447,True
2020-03-29,RS01SUM1-LJ01B-12-VEL3DB104,5,True,2020-03-29T00:00:00Z,2020-03-29T23:59:59Z,86400,86400,0,1.0,0.999971867,0.999992803,-0.004771656,0,0,0,0,-0.0,2.184095,6.009138,-4.264236e-10,0.002184111,0.006009181,False,0.003376,False
2020-03-30,RS01SUM1-LJ01B-12-VEL3DB104,5,True,2020-03-30T00:00:00Z,2020-03-30T23:59:59Z,86401,86401,0,1.0,0.999991894,0.999992711,-0.005073028,0,0,0,0,1e-06,4.032857,17.665332,8.319226e-10,0.004032887,0.01766546,False,0.011834,False
2020-03-31,RS01SUM1-LJ01B-12-VEL3DB104,5,True,2020-03-31T00:00:00Z,2020-03-31T23:59:59Z,86401,86401,0,1.0,0.999989986,0.999992734,0.001977563,0,0,1,1,0.0,0.953873,4.079885,1.184218e-10,0.00095388,0.004079915,False,0.003376,False
2020-04-01,RS01SUM1-LJ01B-12-VEL3DB104,5,True,2020-04-01T00:00:00Z,2020-04-01T23:59:59Z,86400,86400,0,1.0,0.999953747,0.99999264,-0.000702306,0,0,0,0,-0.0,0.970069,3.34304,-4.724702e-10,0.0009700758,0.003343065,False,0.003292,False
2020-04-02,RS01SUM1-LJ01B-12-VEL3DB104,5,True,2020-04-02T00:00:00Z,2020-04-02T23:59:59Z,86401,86401,0,1.0,0.999957085,0.999992733,0.003064591,0,0,0,0,1e-06,2.009317,12.844105,8.918077e-10,0.002009332,0.0128442,False,0.011261,False
2020-04-03,RS01SUM1-LJ01B-12-VEL3DB104,5,True,2020-04-03T00:00:00Z,2020-04-03T23:59:59Z,86400,86400,0,1.0,0.999935627,0.999992846,0.000922823,0,0,0,0,-0.0,0.709229,2.879492,-4.810634e-10,0.0007092344,0.002879513,False,0.003056,False
2020-04-04,RS01SUM1-LJ01B-12-VEL3DB104,5,True,2020-04-04T00:00:00Z,2020-04-04T23:59:59Z,86401,86401,0,1.0,0.999957085,0.99999282,-0.000888143,0,0,0,0,1e-06,1.19237,4.196331,8.547528e-10,0.001192378,0.004196361,False,0.003616,False
2020-04-05,RS01SUM1-LJ01B-12-VEL3DB104,5,True,2020-04-05T00:00:00Z,2020-04-05T23:59:59Z,86401,86401,0,1.0,0.999941826,0.999992873,-0.008659797,0,0,0,0,1e-06,4.161354,10.620452,8.828912e-10,0.004161384,0.01062053,False,0.003257,False
2020-04-06,RS01SUM1-LJ01B-12-VEL3DB104,5,True,2020-04-06T00:00:00Z,2020-04-06T23:59:59Z,86400,86400,0,1.0,0.999948978,0.999992786,-0.006103776,0,0,0,0,-1e-06,2.833298,7.253304,-5.005728e-10,0.002833319,0.007253357,False,0.003189,False
2020-04-07,RS01SUM1-LJ01B-12-VEL3DB104,5,True,2020-04-07T00:00:00Z,2020-04-07T23:59:59Z,86401,86401,0,1.0,0.999922276,0.999992861,-0.000105285,0,0,3,3,0.0,0.794071,11.254413,3.540047e-10,0.0007940769,0.01125449,False,0.011899,False
2020-04-08,RS01SUM1-LJ01B-12-VEL3DB104,5,True,2020-04-08T00:00:00Z,2020-04-08T23:59:59Z,86401,86401,0,1.0,0.999906063,0.999992916,0.002088803,0,0,3,3,-0.0,0.930277,3.63476,-3.467213e-10,0.0009302841,0.003634786,False,0.003167,False
2020-04-09,RS01SUM1-LJ01B-12-VEL3DB104,5,True,2020-04-09T00:00:00Z,2020-04-09T23:59:59Z,86400,86400,0,1.0,0.999936104,0.999992921,0.000701159,0,0,0,0,-0.0,0.753689,3.253273,-4.669152e-10,0.0007536948,0.003253296,False,0.003159,False
2020-04-10,RS01SUM1-LJ01B-12-VEL3DB104,5,True,2020-04-10T00:00:00Z,2020-04-10T23:59:59Z,86401,86401,0,1.0,0.999938965,0.999992882,-8.5028e-05,0,0,0,0,1e-06,0.834973,3.162597,9.011112e-10,0.0008349784,0.003162619,False,0.003338,False
2020-04-11,RS01SUM1-LJ01B-12-VEL3DB104,5,True,2020-04-11T00:00:00Z,2020-04-11T23:59:59Z,86400,86400,0,1.0,0.999911785,0.999992855,-0.000193678,0,0,0,0,-0.0,0.970764,3.759532,-4.677069e-10,0.000970771,0.003759559,False,0.003194,False
2020-04-12,RS01SUM1-LJ01B-12-VEL3DB104,5,True,2020-04-12T00:00:00Z,2020-04-12T23:59:59Z,86401,86401,0,1.0,0.999983788,0.999992921,0.001578215,0,0,0,0,1e-06,1.162159,9.543556,9.106685e-10,0.001162167,0.009543623,False,0.010569,False
2020-04-13,RS01SUM1-LJ01B-12-VEL3DB104,5,True,2020-04-13T00:00:00Z,2020-04-13T23:59:59Z,86401,86401,0,1.0,0.999964714,0.999992921,-0.001415849,0,0,0,0,1e-06,0.824484,3.104206,8.495121e-10,0.0008244899,0.003104228,False,0.003068,False
2020-04-14,RS01SUM1-LJ01B-12-VEL3DB104,5,True,2020-04-14T00:00:00Z,2020-04-14T23:59:59Z,86400,86400,0,1.0,0.999965191,0.999992952,-0.001284018,0,0,0,0,-0.0,0.806185,2.893667,-4.467491e-10,0.0008061911,0.002893688,False,0.003185,False
2020-04-15,RS01SUM1-LJ01B-12-VEL3DB104,5,True,2020-04-15T00:00:00Z,2020-04-15T23:59:59Z,86401,86401,0,1.0,0.999937057,0.999992943,-0.003396713,0,0,1,1,0.0,2.23595,5.752196,1.49382e-10,0.002235966,0.005752237,False,0.003025,False
2020-04-16,RS01SUM1-LJ01B-12-VEL3DB104,5,True,2020-04-16T00:00:00Z,2020-04-16T23:59:59Z,86400,86400,0,1.0,0.999969959,0.999992938,-0.002937924,0,0,0,0,-0.0,1.350644,4.104022,-4.897609e-10,0.001350654,0.004104051,False,0.003079,False
2020-04-17,RS01SUM1-LJ01B-12-VEL3DB104,5,True,2020-04-17T00:00:00Z,2020-04-17T23:59:59Z,86401,86401,0,1.0,0.99998188,0.999992908,-0.00032017,0,0,0,0,1e-06,0.918898,3.414551,8.818403e-10,0.0009189041,0.003414576,False,0.002869,False
2020-04-18,RS01SUM1-LJ01B-12-VEL3DB104,5,True,2020-04-18T00:00:00Z,2020-04-18T23:59:59Z,86401,86401,0,1.0,0.999950886,0.999992928,0.000242567,0,0,2,2,0.0,0.713473,2.828126,2.262272e-10,0.000713478,0.002828146,False,0.003306,False
2020-04-19,RS01SUM1-LJ01B-12-VEL3DB104,5,True,2020-04-19T00:00:00Z,2020-04-19T23:59:59Z,86400,86400,0,1.0,0.999925137,0.999992893,-0.000937644,0,0,0,0,-0.0,1.162104,12.604232,-4.226981e-10,0.001162112,0.01260432,False,0.012877,False
2020-04-20,RS01SUM1-LJ01B-12-VEL3DB104,5,True,2020-04-20T00:00:00Z,2020-04-20T23:59:59Z,86401,86401,0,1.0,0.999910831,0.999992835,0.000721498,0,0,1,1,-0.0,0.865537,3.234713,-1.050207e-10,0.0008655431,0.003234736,False,0.003249,False
2020-04-21,RS01SUM1-LJ01B-12-VEL3DB104,5,True,2020-04-21T00:00:00Z,2020-04-21T23:59:59Z,86401,86401,0,1.0,0.999927044,0.999992827,-0.001091755,0,0,0,0,1e-06,1.087539,6.476233,9.059931e-10,0.001087547,0.00647628,False,0.004547,False
2020-04-22,RS01SUM1-LJ01B-12-VEL3DB104,5,True,2020-04-22T00:00:00Z,2020-04-22T23:59:59Z,86400,86400,0,1.0,0.999939919,0.999992738,0.001191097,0,0,0,0,-0.0,0.802348,3.189146,-4.949021e-10,0.0008023538,0.003189169,False,0.003027,False
2020-04-23,RS01SUM1-LJ01B-12-VEL3DB104,5,True,2020-04-23T00:00:00Z,2020-04-23T23:59:59Z,86401,86401,0,1.0,0.999942303,0.999992685,0.002710547,0,0,0,0,1e-06,0.952402,11.925935,8.904055e-10,0.0009524087,0.01192602,False,0.011945,False
2020-04-24,RS01SUM1-LJ01B-12-VEL3DB104,5,True,2020-04-24T00:00:00Z,2020-04-24T23:59:59Z,86400,86400,0,1.0,0.99997139,0.999992701,0.001201229,0,0,0,0,-1e-06,1.090434,3.447358,-5.004795e-10,0.001090442,0.003447383,False,0.003133,False
2020-04-25,RS01SUM1-LJ01B-12-VEL3DB104,5,True,2020-04-25T00:00:00Z,2020-04-25T23:59:59Z,86401,86401,0,1.0,0.999959707,0.99999281,0.001325596,0,0,3,3,-0.0,2.009168,11.859766,-2.999894e-10,0.002009182,0.01185985,False,0.012524,False
2020-04-26,RS01SUM1-LJ01B-12-VEL3DB104,5,True,2020-04-26T00:00:00Z,2020-04-26T23:59:59Z,86396,86401,5,1.0,1.0,0.999992927,-0.003346028,3,5,3,7,0.0,1.523526,4.891175,3.616243e-10,0.001523536,0.004891209,False,0.003005,True
2020-04-27,RS01SUM1-LJ01B-12-VEL3DB104,5,True,2020-04-27T00:00:00Z,2020-04-27T23:59:59Z,86400,86400,0,1.0,0.999965668,0.999992831,-0.000323057,0,0,0,0,-0.0,1.230506,11.793763,-4.396286e-10,0.001230515,0.01179385,False,0.011755,False
2020-04-28,RS01SUM1-LJ01B-12-VEL3DB104,5,True,2020-04-28T00:00:00Z,2020-04-28T23:59:59Z,86401,86401,0,1.0,0.999958992,0.999992889,0.00213983,0,0,1,1,0.0,0.972683,9.893999,1.967837e-10,0.0009726897,0.00989407,False,0.009915,False
2020-04-29,RS01SUM1-LJ01B-12-VEL3DB104,5,True,2020-04-29T00:00:00Z,2020-04-29T23:59:59Z,86400,86400,0,1.0,0.999958992,0.999992969,-0.001176209,0,0,0,0,-1e-06,1.006865,3.363659,-5.44149e-10,0.001006872,0.003363682,False,0.003055,False
2020-04-30,RS01SUM1-LJ01B-12-VEL3DB104,5,True,2020-04-30T00:00:00Z,2020-04-30T23:59:59Z,86401,86401,0,1.0,0.999938965,0.999992981,-0.004880125,0,0,1,1,-0.0,4.24531,12.752829,-1.716027e-10,0.00424534,0.01275292,False,0.011771,False
2020-05-01,RS01SUM1-LJ01B-12-VEL3DB104,5,True,2020-05-01T00:00:00Z,2020-05-01T23:59:59Z,86401,86401,0,1.0,0.99997282,0.999992962,-0.007364811,0,0,2,2,-1e-06,4.093844,9.6567,-6.740996e-10,0.004093873,0.009656768,False,0.003031,False
2020-05-02,RS01SUM1-LJ01B-12-VEL3DB104,5,True,2020-05-02T00:00:00Z,2020-05-02T23:59:59Z,86400,86400,0,1.0,0.999970913,0.999993159,0.001196647,0,0,0,0,-0.0,8.06442,18.466832,-4.749222e-10,0.008064475,0.01846696,False,0.011443,False
2020-05-03,RS01SUM1-LJ01B-12-VEL3DB104,5,True,2020-05-03T00:00:00Z,2020-05-03T23:59:59Z,86401,86401,0,1.0,0.999960899,0.999993048,-0.007605756,0,0,4,4,0.0,2.5079,10.925666,2.325163e-10,0.002507918,0.01092574,False,0.012498,False
2020-05-04,RS01SUM1-LJ01B-12-VEL3DB104,5,True,2020-05-04T00:00:00Z,2020-05-04T23:59:59Z,83323,86401,3078,1.0,0.999955177,0.999992936,-0.002343608,30,3078,30,3080,0.0,1.490795,11.40072,4.295461e-10,0.001490806,0.0114008,False,0.034124,True
2020-05-05,RS01SUM1-LJ01B-12-VEL3DB104,5,True,2020-05-05T00:00:00Z,2020-05-05T23:59:59Z,84747,86400,1653,1.0,0.999980927,0.999992955,-0.003674848,11,1653,11,1653,-0.0,3.213322,8.445749,-1.732081e-11,0.003213345,0.008445809,False,0.010421,True
2020-05-06,RS01SUM1-LJ01B-12-VEL3DB104,5,True,2020-05-06T00:00:00Z,2020-05-06T23:59:59Z,86306,86401,95,1.0,0.999920845,0.999992949,-0.002232233,11,95,11,96,0.0,3.751099,10.163607,1.072664e-10,0.003751126,0.01016368,False,0.013383,True
2020-05-07,RS01SUM1-LJ01B-12-VEL3DB104,5,True,2020-05-07T00:00:00Z,2020-05-07T23:59:59Z,86400,86400,0,1.0,0.999962807,0.999992954,-0.001754352,0,0,0,0,-0.0,1.362657,4.272403,-4.815988e-10,0.001362667,0.004272433,False,0.003127,False
2020-05-08,RS01SUM1-LJ01B-12-VEL3DB104,5,True,2020-05-08T00:00:00Z,2020-05-08T23:59:59Z,86401,86401,0,1.0,0.999958992,0.999992951,-0.000343632,0,0,0,0,1e-06,0.998266,10.498113,9.330058e-10,0.0009982727,0.01049819,False,0.010377,False
2020-05-09,RS01SUM1-LJ01B-12-VEL3DB104,5,True,2020-05-09T00:00:00Z,2020-05-09T05:15:48Z,18949,18949,0,1.0,0.999920845,0.999992917,-0.000437914,0,0,0,0,0.0,0.581995,2.062704,2.201733e-11,0.0005819988,0.002062719,False,0.003159,False
2020-05-10,RS01SUM1-LJ01B-12-VEL3DB104,5,False,,,0,0,,1.0,,,,,,,,,,,,,,,,False
2020-05-11,RS01SUM1-LJ01B-12-VEL3DB104,5,False,,,0,0,,1.0,,,,,,,,,,,,,,,,False
2020-05-12,RS01SUM1-LJ01B-12-VEL3DB104,5,False,,,0,0,,1.0,,,,,,,,,,,,,,,,False
2020-05-13,RS01SUM1-LJ01B-12-VEL3DB104,5,False,,,0,0,,1.0,,,,,,,,,,,,,,,,False
2020-05-14,RS01SUM1-LJ01B-12-VEL3DB104,5,False,,,0,0,,1.0,,,,,,,,,,,,,,,,False
2020-05-15,RS01SUM1-LJ01B-12-VEL3DB104,5,False,,,0,0,,1.0,,,,,,,,,,,,,,,,False
2020-05-16,RS01SUM1-LJ01B-12-VEL3DB104,5,False,,,0,0,,1.0,,,,,,,,,,,,,,,,False
2020-05-17,RS01SUM1-LJ01B-12-VEL3DB104,5,False,,,0,0,,1.0,,,,,,,,,,,,,,,,False
2020-05-18,RS01SUM1-LJ01B-12-VEL3DB104,5,False,,,0,0,,1.0,,,,,,,,,,,,,,,,False
2020-05-19,RS01SUM1-LJ01B-12-VEL3DB104,5,False,,,0,0,,1.0,,,,,,,,,,,,,,,,False
2020-05-20,RS01SUM1-LJ01B-12-VEL3DB104,5,False,,,0,0,,1.0,,,,,,,,,,,,,,,,False
2020-05-21,RS01SUM1-LJ01B-12-VEL3DB104,5,False,,,0,0,,1.0,,,,,,,,,,,,,,,,False
2020-05-22,RS01SUM1-LJ01B-12-VEL3DB104,5,False,,,0,0,,1.0,,,,,,,,,,,,,,,,False
2020-05-23,RS01SUM1-LJ01B-12-VEL3DB104,5,False,,,0,0,,1.0,,,,,,,,,,,,,,,,False
2020-05-24,RS01SUM1-LJ01B-12-VEL3DB104,5,False,,,0,0,,1.0,,,,,,,,,,,,,,,,False
2020-05-25,RS01SUM1-LJ01B-12-VEL3DB104,5,False,,,0,0,,1.0,,,,,,,,,,,,,,,,False
2020-05-26,RS01SUM1-LJ01B-12-VEL3DB104,5,False,,,0,0,,1.0,,,,,,,,,,,,,,,,False
2020-05-27,RS01SUM1-LJ01B-12-VEL3DB104,5,False,,,0,0,,1.0,,,,,,,,,,,,,,,,False
2020-05-28,RS01SUM1-LJ01B-12-VEL3DB104,5,False,,,0,0,,1.0,,,,,,,,,,,,,,,,False
2020-05-29,RS01SUM1-LJ01B-12-VEL3DB104,5,False,,,0,0,,1.0,,,,,,,,,,,,,,,,False
2020-05-30,RS01SUM1-LJ01B-12-VEL3DB104,5,False,,,0,0,,1.0,,,,,,,,,,,,,,,,False
2020-05-31,RS01SUM1-LJ01B-12-VEL3DB104,5,False,,,0,0,,1.0,,,,,,,,,,,,,,,,False
2020-06-01,RS01SUM1-LJ01B-12-VEL3DB104,5,True,2020-06-01T19:29:31Z,2020-06-01T23:59:59Z,16229,16229,0,1.0,0.99994421,0.999992511,-0.029677273,0,0,0,0,0.0,3.833981,29.966257,5.840444e-11,0.00383401,0.02996648,False,0.035101,False
2020-06-02,RS01SUM1-LJ01B-12-VEL3DB104,5,True,2020-06-02T00:00:00Z,2020-06-02T23:59:59Z,86401,86401,0,1.0,0.999959946,0.999992851,-0.002256367,0,0,0,0,1e-06,2.219983,11.330911,8.467758e-10,0.002219999,0.01133099,False,0.011258,False
2020-06-03,RS01SUM1-LJ01B-12-VEL3DB104,5,True,2020-06-03T00:00:00Z,2020-06-03T23:59:59Z,86400,86400,0,1.0,1.00000906,0.999992844,0.000542844,0,0,0,0,-1e-06,1.257106,4.206385,-5.169614e-10,0.001257115,0.004206415,False,0.003168,False
2020-06-04,RS01SUM1-LJ01B-12-VEL3DB104,5,True,2020-06-04T00:00:00Z,2020-06-04T23:59:59Z,86401,86401,0,1.0,0.999994755,0.999992852,-0.00220549,0,0,0,0,1e-06,1.43007,12.743801,8.805891e-10,0.00143008,0.01274389,False,0.013656,False
2020-06-05,RS01SUM1-LJ01B-12-VEL3DB104,5,True,2020-06-05T00:00:00Z,2020-06-05T23:59:59Z,86400,86400,0,1.0,1.00002718,0.999992842,0.001613252,0,0,0,0,-0.0,2.070171,12.987792,-4.461121e-10,0.002070186,0.01298788,False,0.013439,False
2020-06-06,RS01SUM1-LJ01B-12-VEL3DB104,5,True,2020-06-06T00:00:00Z,2020-06-06T23:59:59Z,86401,86401,0,1.0,0.999938965,0.999992844,0.002535256,0,0,2,2,0.0,2.350056,13.742321,1.177144e-10,0.002350073,0.01374242,False,0.016371,False
2020-06-07,RS01SUM1-LJ01B-12-VEL3DB104,5,True,2020-06-07T00:00:00Z,2020-06-07T23:59:59Z,86401,86401,0,1.0,1.000042915,0.999992883,-0.002254039,0,0,1,1,-0.0,1.082435,12.376828,-1.243622e-10,0.001082443,0.01237692,False,0.013342,False
2020-06-08,RS01SUM1-LJ01B-12-VEL3DB104,5,True,2020-06-08T00:00:00Z,2020-06-08T23:59:59Z,85869,86400,531,1.0,1.000024319,0.999992839,0.000952729,1,531,1,531,-0.0,0.998952,11.505596,-9.590105e-11,0.0009989588,0.01150568,False,0.017632,True
2020-06-09,RS01SUM1-LJ01B-12-VEL3DB104,5,True,2020-06-09T00:00:00Z,2020-06-09T23:59:59Z,86401,86401,0,1.0,1.000000954,0.999992866,-0.001652239,0,0,1,1,-0.0,1.154958,11.671254,-4.421543e-10,0.001154966,0.01167134,False,0.010166,False
2020-06-10,RS01SUM1-LJ01B-12-VEL3DB104,5,True,2020-06-10T00:00:00Z,2020-06-10T23:59:59Z,86400,86400,0,1.0,0.999997139,0.999992881,0.00042674,0,0,0,0,-0.0,2.341026,12.952413,-4.883218e-10,0.002341043,0.01295251,False,0.014969,False
2020-06-11,RS01SUM1-LJ01B-12-VEL3DB104,5,True,2020-06-11T00:00:00Z,2020-06-11T23:59:59Z,86401,86401,0,1.0,1.000015259,0.999992907,-0.002834173,0,0,2,2,-1e-06,0.912175,11.432805,-5.337512e-10,0.000912181,0.01143289,False,0.013777,False
2020-06-12,RS01SUM1-LJ01B-12-VEL3DB104,5,True,2020-06-12T00:00:00Z,2020-06-12T23:59:59Z,86401,86401,0,1.0,1.000016212,0.999992829,0.001634427,0,0,1,1,-0.0,2.24193,11.46603,-1.537534e-11,0.002241946,0.01146611,False,0.013429,False
2020-06-13,RS01SUM1-LJ01B-12-VEL3DB104,5,True,2020-06-13T00:00:00Z,2020-06-13T23:59:59Z,86400,86400,0,1.0,0.99998188,0.999992923,0.004185433,0,0,0,0,-0.0,3.220396,13.417804,-4.688118e-10,0.003220419,0.0134179,False,0.014001,False
2020-06-14,RS01SUM1-LJ01B-12-VEL3DB104,5,True,2020-06-14T00:00:00Z,2020-06-14T23:59:59Z,86401,86401,0,1.0,1.0,0.999992924,-0.000736382,0,0,2,2,0.0,1.086556,4.088457,3.194789e-10,0.001086564,0.004088486,False,0.003127,False
2020-06-15,RS01SUM1-LJ01B-12-VEL3DB104,5,True,2020-06-15T00:00:00Z,2020-06-15T23:59:59Z,86401,86401,0,1.0,0.999994516,0.999992925,-0.001640366,0,0,0,0,1e-06,1.03812,3.241059,8.466422e-10,0.001038127,0.003241082,False,0.003063,False
2020-06-16,RS01SUM1-LJ01B-12-VEL3DB104,5,True,2020-06-16T00:00:00Z,2020-06-16T23:59:59Z,86400,86400,0,1.0,0.999973297,0.999992854,-0.000977237,0,0,0,0,-0.0,2.252798,6.82722,-4.870033e-10,0.002252814,0.006827269,False,0.005578,False
2020-06-17,RS01SUM1-LJ01B-12-VEL3DB104,5,True,2020-06-17T00:00:00Z,2020-06-17T23:59:59Z,86401,86401,0,1.0,1.000007153,0.999992883,-0.003297584,0,0,1,1,0.0,1.354596,10.177147,1.89417e-10,0.001354606,0.01017722,False,0.012503,False
2020-06-18,RS01SUM1-LJ01B-12-VEL3DB104,5,True,2020-06-18T00:00:00Z,2020-06-18T23:59:59Z,86400,86400,0,1.0,0.999948978,0.999992845,-0.000380244,0,0,0,0,-0.0,1.216696,11.912905,-4.939307e-10,0.001216704,0.01191299,False,0.012504,False
2020-06-19,RS01SUM1-LJ01B-12-VEL3DB104,5,True,2020-06-19T00:00:00Z,2020-06-19T23:59:59Z,86401,86401,0,1.0,0.999952316,0.999992871,-0.000115665,0,0,1,1,1e-06,0.878996,4.128563,5.924519e-10,0.000879002,0.004128593,False,0.004091,False
2020-06-20,RS01SUM1-LJ01B-12-VEL3DB104,5,True,2020-06-20T00:00:00Z,2020-06-20T23:59:59Z,86401,86401,0,1.0,0.999971867,0.999992809,0.001423323,0,0,0,0,1e-06,0.854112,3.480373,8.660209e-10,0.0008541183,0.003480398,False,0.002865,False
2020-06-21,RS01SUM1-LJ01B-12-VEL3DB104,5,True,2020-06-21T00:00:00Z,2020-06-21T23:59:59Z,86400,86400,0,1.0,0.999977112,0.999992894,0.001529209,0,0,0,0,-0.0,0.832804,11.644824,-4.952856e-10,0.0008328098,0.01164491,False,0.012487,False
2020-06-22,RS01SUM1-LJ01B-12-VEL3DB104,5,True,2020-06-22T00:00:00Z,2020-06-22T23:59:59Z,86401,86401,0,1.0,0.999984264,0.999992875,-0.000659006,0,0,0,0,1e-06,1.017121,3.6541,9.210806e-10,0.001017129,0.003654126,False,0.002988,False
2020-06-23,RS01SUM1-LJ01B-12-VEL3DB104,5,True,2020-06-23T00:00:00Z,2020-06-23T23:59:59Z,86400,86400,0,1.0,0.999986172,0.999992895,-0.001428772,0,0,0,0,-1e-06,1.466031,9.657337,-5.165836e-10,0.001466041,0.009657406,False,0.010431,False
2020-06-24,RS01SUM1-LJ01B-12-VEL3DB104,5,True,2020-06-24T00:00:00Z,2020-06-24T23:59:59Z,86401,86401,0,1.0,0.999966145,0.999992887,-0.001417435,0,0,1,1,0.0,0.877661,2.73866,3.260601e-10,0.0008776676,0.002738679,False,0.003028,False
2020-06-25,RS01SUM1-LJ01B-12-VEL3DB104,5,True,2020-06-25T00:00:00Z,2020-06-25T23:59:59Z,86401,86401,0,1.0,0.999953747,0.999992866,0.000384266,0,0,1,1,-0.0,1.108164,3.240503,-3.415969e-10,0.001108172,0.003240526,False,0.002962,False
2020-06-26,RS01SUM1-LJ01B-12-VEL3DB104,5,True,2020-06-26T00:00:00Z,2020-06-26T23:59:59Z,86400,86400,0,1.0,1.000014782,0.999992866,0.00149281,0,0,0,0,-0.0,1.006821,11.942049,-4.809683e-10,0.001006828,0.01194213,False,0.012022,False
2020-06-27,RS01SUM1-LJ01B-12-VEL3DB104,5,True,2020-06-27T00:00:00Z,2020-06-27T23:59:59Z,86401,86401,0,1.0,0.999975681,0.999992871,0.001146134,0,0,0,0,1e-06,1.095842,3.908642,9.09191e-10,0.00109585,0.00390867,False,0.002929,False
2020-06-28,RS01SUM1-LJ01B-12-VEL3DB104,5,True,2020-06-28T00:00:00Z,2020-06-28T23:59:59Z,86401,86401,0,1.0,0.999980927,0.999992908,5.275e-06,0,0,0,0,1e-06,1.390712,12.141841,8.695049e-10,0.001390722,0.01214193,False,0.012801,False
2020-06-29,RS01SUM1-LJ01B-12-VEL3DB104,5,True,2020-06-29T00:00:00Z,2020-06-29T23:59:59Z,86400,86400,0,1.0,1.000002861,0.99999287,-0.001683216,0,0,0,0,-0.0,1.586929,12.696109,-4.840109e-10,0.001586941,0.0126962,False,0.013478,False
2020-06-30,RS01SUM1-LJ01B-12-VEL3DB104,5,True,2020-06-30T00:00:00Z,2020-06-30T23:59:59Z,86401,86401,0,1.0,0.999994755,0.999992897,-0.001752107,0,0,0,0,1e-06,1.251238,12.214188,9.047636e-10,0.001251247,0.01221427,False,0.01334,False
2020-07-01,RS01SUM1-LJ01B-12-VEL3DB104,5,True,2020-07-01T00:00:00Z,2020-07-01T23:59:59Z,86400,86400,0,1.0,1.0,0.999992834,0.000302667,0,0,0,0,-0.0,2.17415,12.522039,-4.813812e-10,0.002174165,0.01252213,False,0.011523,False
2020-07-02,RS01SUM1-LJ01B-12-VEL3DB104,5,True,2020-07-02T00:00:00Z,2020-07-02T23:59:59Z,86401,86401,0,1.0,0.999973297,0.999992803,-0.000692809,0,0,0,0,1e-06,0.822383,2.887416,9.336039e-10,0.0008223886,0.002887437,False,0.002836,False
2020-07-03,RS01SUM1-LJ01B-12-VEL3DB104,5,True,2020-07-03T00:00:00Z,2020-07-03T23:59:59Z,86401,86401,0,1.0,0.999952316,0.999992781,0.00188072,0,0,1,1,0.0,3.310098,10.205872,4.203287e-10,0.003310122,0.01020595,False,0.004949,False
2020-07-04,RS01SUM1-LJ01B-12-VEL3DB104,5,True,2020-07-04T00:00:00Z,2020-07-04T23:59:59Z,86400,86400,0,1.0,0.99994421,0.999992812,-0.000777212,0,0,0,0,-0.0,1.441342,8.999494,-4.666072e-10,0.001441353,0.008999559,False,0.011922,False
2020-07-05,RS01SUM1-LJ01B-12-VEL3DB104,5,True,2020-07-05T00:00:00Z,2020-07-05T23:59:59Z,86401,86401,0,1.0,0.999961853,0.999992803,0.000590716,0,0,1,1,0.0,0.750651,11.419335,4.109309e-11,0.0007506565,0.01141942,False,0.011864,False
2020-07-06,RS01SUM1-LJ01B-12-VEL3DB104,5,True,2020-07-06T00:00:00Z,2020-07-06T23:59:59Z,86401,86401,0,1.0,1.000020981,0.999992828,2.1224e-05,0,0,0,0,1e-06,0.742317,3.344087,8.549603e-10,0.0007423227,0.003344111,False,0.002929,False
2020-07-07,RS01SUM1-LJ01B-12-VEL3DB104,5,True,2020-07-07T00:00:00Z,2020-07-07T23:59:59Z,86400,86400,0,1.0,0.999978065,0.999992739,-0.00042884,0,0,0,0,-0.0,0.952695,13.053842,-4.594215e-10,0.0009527018,0.01305394,False,0.012523,False
2020-07-08,RS01SUM1-LJ01B-12-VEL3DB104,5,True,2020-07-08T00:00:00Z,2020-07-08T23:59:59Z,86401,86401,0,1.0,0.999994755,0.999992794,0.001628036,0,0,1,1,-0.0,0.909276,3.961284,-4.558517e-10,0.0009092826,0.003961313,False,0.003733,False
2020-07-09,RS01SUM1-LJ01B-12-VEL3DB104,5,True,2020-07-09T00:00:00Z,2020-07-09T23:59:59Z,86400,86400,0,1.0,1.000019073,0.9999928,0.000889445,0,0,0,0,-0.0,1.496291,4.969522,-4.671658e-10,0.001496301,0.004969558,False,0.003095,False
2020-07-10,RS01SUM1-LJ01B-12-VEL3DB104,5,True,2020-07-10T00:00:00Z,2020-07-10T23:59:59Z,86401,86401,0,1.0,1.000042915,0.999992903,-0.001926723,0,0,1,1,-0.0,1.750369,10.574938,-2.637036e-10,0.001750381,0.01057501,False,0.011449,False
2020-07-11,RS01SUM1-LJ01B-12-VEL3DB104,5,True,2020-07-11T00:00:00Z,2020-07-11T23:59:59Z,86401,86401,0,1.0,1.000004292,0.999992695,0.00070096,0,0,2,2,0.0,2.440962,5.769732,4.958837e-10,0.00244098,0.005769774,False,0.003086,False
2020-07-12,RS01SUM1-LJ01B-12-VEL3DB104,5,True,2020-07-12T00:00:00Z,2020-07-12T23:59:59Z,86400,86400,0,1.0,1.00001812,0.999992736,-0.000120097,0,0,0,0,-0.0,0.99473,9.952368,-4.589748e-10,0.0009947377,0.00995244,False,0.011471,False
2020-07-13,RS01SUM1-LJ01B-12-VEL3DB104,5,True,2020-07-13T00:00:00Z,2020-07-13T23:59:59Z,86401,86401,0,1.0,1.000005245,0.999992814,-0.000134381,0,0,0,0,1e-06,2.265645,10.41112,8.794355e-10,0.002265661,0.0104112,False,0.011329,False
2020-07-14,RS01SUM1-LJ01B-12-VEL3DB104,5,True,2020-07-14T00:00:00Z,2020-07-14T23:59:59Z,86400,86400,0,1.0,1.000040054,0.999992796,0.002989266,0,0,0,0,-0.0,3.032007,7.585122,-4.84715e-10,0.003032029,0.007585177,False,0.004694,False
2020-07-15,RS01SUM1-LJ01B-12-VEL3DB104,5,True,2020-07-15T00:00:00Z,2020-07-15T23:59:59Z,86401,86401,0,1.0,1.000011921,0.999992797,-0.002272776,0,0,1,1,-0.0,1.238167,3.875124,-1.083929e-10,0.001238176,0.003875152,False,0.003499,False
2020-07-16,RS01SUM1-LJ01B-12-VEL3DB104,5,True,2020-07-16T00:00:00Z,2020-07-16T23:59:59Z,86401,86401,0,1.0,1.000006676,0.999992712,-0.000698129,0,0,2,2,-0.0,0.907924,2.86956,-1.35422e-10,0.0009079307,0.002869581,False,0.002947,False
2020-07-17,RS01SUM1-LJ01B-12-VEL3DB104,5,True,2020-07-17T00:00:00Z,2020-07-17T23:59:59Z,86400,86400,0,1.0,1.00000906,0.999992681,-0.00036345,0,0,0,0,-0.0,0.869831,11.133127,-4.936449e-10,0.0008698372,0.01113321,False,0.01152,False
2020-07-18,RS01SUM1-LJ01B-12-VEL3DB104,5,True,2020-07-18T00:00:00Z,2020-07-18T23:59:59Z,86401,86401,0,1.0,1.00002718,0.999992678,-0.000646578,0,0,1,1,-1e-06,1.035782,12.325478,-6.876766e-10,0.001035789,0.01232557,False,0.01327,False
2020-07-19,RS01SUM1-LJ01B-12-VEL3DB104,5,True,2020-07-19T00:00:00Z,2020-07-19T23:59:59Z,86401,86401,0,1.0,1.000051022,0.999992659,0.000204625,0,0,0,0,1e-06,0.969327,5.213703,8.694909e-10,0.0009693342,0.005213742,False,0.005578,False
2020-07-20,RS01SUM1-LJ01B-12-VEL3DB104,5,True,2020-07-20T00:00:00Z,2020-07-20T23:59:59Z,86400,86400,0,1.0,1.000030994,0.999992641,-0.000239314,0,0,0,0,-0.0,0.964987,3.724515,-4.859378e-10,0.0009649945,0.003724543,False,0.003342,False
2020-07-21,RS01SUM1-LJ01B-12-VEL3DB104,5,True,2020-07-21T00:00:00Z,2020-07-21T23:59:59Z,86401,86401,0,1.0,1.000021935,0.999992658,-0.000323269,0,0,0,0,1e-06,0.804926,11.801484,9.075207e-10,0.000804932,0.01180157,False,0.011833,False
2020-07-22,RS01SUM1-LJ01B-12-VEL3DB104,5,True,2020-07-22T00:00:00Z,2020-07-22T23:59:59Z,86401,86401,0,1.0,1.000013351,0.99999266,-1.7993e-05,0,0,0,0,1e-06,2.02576,11.36912,8.745584e-10,0.002025775,0.0113692,False,0.011693,False
2020-07-23,RS01SUM1-LJ01B-12-VEL3DB104,5,True,2020-07-23T00:00:00Z,2020-07-23T23:59:59Z,86400,86400,0,1.0,1.000021935,0.999992668,0.00057754,0,0,0,0,-0.0,1.061927,6.716684,-4.53875e-10,0.001061935,0.006716734,False,0.004569,False
2020-07-24,RS01SUM1-LJ01B-12-VEL3DB104,5,True,2020-07-24T00:00:00Z,2020-07-24T23:59:59Z,86401,86401,0,1.0,1.000030041,0.999992685,-0.000131974,0,0,0,0,1e-06,2.117615,13.759265,9.329697e-10,0.00211763,0.01375937,False,0.012548,False
2020-07-25,RS01SUM1-LJ01B-12-VEL3DB104,5,True,2020-07-25T00:00:00Z,2020-07-25T23:59:59Z,86400,86400,0,1.0,1.000071049,0.999992672,0.003760901,0,0,0,0,-0.0,1.239902,13.822515,-4.847974e-10,0.001239911,0.01382262,False,0.012506,False
2020-07-26,RS01SUM1-LJ01B-12-VEL3DB104,5,True,2020-07-26T00:00:00Z,2020-07-26T23:59:59Z,86401,86401,0,1.0,1.000012875,0.999992729,0.000868881,0,0,1,1,-0.0,0.88866,3.36715,-4.117672e-10,0.0008886663,0.003367174,False,0.002994,False
2020-07-27,RS01SUM1-LJ01B-12-VEL3DB104,5,True,2020-07-27T00:00:00Z,2020-07-27T23:59:59Z,86401,86401,0,1.0,1.000010967,0.999992717,0.001203611,0,0,0,0,1e-06,1.208106,12.579486,9.611066e-10,0.001208115,0.01257958,False,0.012724,False
2020-07-28,RS01SUM1-LJ01B-12-VEL3DB104,5,True,2020-07-28T00:00:00Z,2020-07-28T23:59:59Z,86400,86400,0,1.0,1.000047684,0.999992697,-0.001383812,0,0,0,0,-0.0,1.116878,11.678148,-4.949913e-10,0.001116887,0.01167823,False,0.011796,False
2020-07-29,RS01SUM1-LJ01B-12-VEL3DB104,5,True,2020-07-29T00:00:00Z,2020-07-29T23:59:59Z,86401,86401,0,1.0,1.000046253,0.999992678,-0.000929801,0,0,1,1,0.0,1.613142,4.4164,1.06529e-10,0.001613154,0.004416432,False,0.003075,False
2020-07-30,RS01SUM1-LJ01B-12-VEL3DB104,5,True,2020-07-30T00:00:00Z,2020-07-30T23:59:59Z,86401,86401,0,1.0,1.000033379,0.999992696,-0.003098725,0,0,2,2,0.0,1.009902,8.689954,1.658809e-10,0.001009909,0.008690018,False,0.010366,False
2020-07-31,RS01SUM1-LJ01B-12-VEL3DB104,5,True,2020-07-31T00:00:00Z,2020-07-31T23:59:59Z,86400,86400,0,1.0,1.000021935,0.999992806,-0.000910779,0,0,0,0,-0.0,1.072678,10.733604,-4.74132e-10,0.001072686,0.01073368,False,0.0118,False
2020-08-01,RS01SUM1-LJ01B-12-VEL3DB104,5,True,2020-08-01T00:00:00Z,2020-08-01T23:59:59Z,86401,86401,0,1.0,1.000029087,0.999992661,0.003346202,0,0,0,0,1e-06,2.34669,6.718987,8.568798e-10,0.002346708,0.006719036,False,0.00324,False
2020-08-02,RS01SUM1-LJ01B-12-VEL3DB104,5,True,2020-08-02T00:00:00Z,2020-08-02T23:59:59Z,86400,86400,0,1.0,0.999998093,0.999992717,0.000212382,0,0,0,0,-0.0,1.107522,3.906889,-4.928185e-10,0.00110753,0.003906918,False,0.003136,False
2020-08-03,RS01SUM1-LJ01B-12-VEL3DB104,5,True,2020-08-03T00:00:00Z,2020-08-03T23:59:59Z,86401,86401,0,1.0,0.99999547,0.999992661,0.001826242,0,0,1,1,0.0,1.448942,6.250833,1.436622e-10,0.001448953,0.006250879,False,0.003622,False
2020-08-04,RS01SUM1-LJ01B-12-VEL3DB104,5,True,2020-08-04T00:00:00Z,2020-08-04T23:59:59Z,86401,86401,0,1.0,0.999986172,0.999992777,0.000119622,0,0,0,0,1e-06,1.243151,7.029811,9.049556e-10,0.00124316,0.007029862,False,0.006327,False
2020-08-05,RS01SUM1-LJ01B-12-VEL3DB104,5,True,2020-08-05T00:00:00Z,2020-08-05T23:59:59Z,86400,86400,0,1.0,0.999995708,0.999992677,-0.00090325,0,0,0,0,-0.0,1.469106,9.58972,-4.842811e-10,0.001469117,0.009589791,False,0.011666,False
2020-08-06,RS01SUM1-LJ01B-12-VEL3DB104,5,True,2020-08-06T00:00:00Z,2020-08-06T23:59:59Z,86401,86401,0,1.0,1.000007629,0.999992724,0.001313425,0,0,0,0,1e-06,1.74879,10.870007,9.136237e-10,0.001748803,0.01087009,False,0.01146,False
2020-08-07,RS01SUM1-LJ01B-12-VEL3DB104,5,True,2020-08-07T00:00:00Z,2020-08-07T23:59:59Z,86401,86401,0,1.0,0.999981403,0.999992721,0.002220447,0,0,1,1,0.0,1.312621,13.216496,3.010782e-10,0.00131263,0.01321659,False,0.011753,False
2020-08-08,RS01SUM1-LJ01B-12-VEL3DB104,5,True,2020-08-08T00:00:00Z,2020-08-08T23:59:59Z,86400,86400,0,1.0,1.000022411,0.999992738,0.000893019,0,0,0,0,-0.0,0.936464,11.909994,-4.675796e-10,0.0009364712,0.01191008,False,0.010831,False
2020-08-09,RS01SUM1-LJ01B-12-VEL3DB104,5,True,2020-08-09T00:00:00Z,2020-08-09T23:59:59Z,86401,86401,0,1.0,0.999992847,0.999992725,0.002242403,0,0,1,1,-0.0,1.802624,11.710981,-3.29001e-10,0.001802637,0.01171107,False,0.013621,False
2020-08-10,RS01SUM1-LJ01B-12-VEL3DB104,5,True,2020-08-10T00:00:00Z,2020-08-10T23:59:59Z,86401,86401,0,1.0,0.999989986,0.999992834,-0.001758824,0,0,1,1,-0.0,1.056475,10.935494,-4.821568e-10,0.001056482,0.01093557,False,0.012501,False
2020-08-11,RS01SUM1-LJ01B-12-VEL3DB104,5,True,2020-08-11T00:00:00Z,2020-08-11T23:59:59Z,85929,86400,471,1.0,0.999988079,0.999992852,-0.001527661,1,471,1,471,0.0,1.13661,11.690531,4.677691e-10,0.001136618,0.01169062,False,0.012602,True
2020-08-12,RS01SUM1-LJ01B-12-VEL3DB104,5,True,2020-08-12T00:00:00Z,2020-08-12T23:59:59Z,86401,86401,0,1.0,1.000004768,0.999992817,-0.000509397,0,0,0,0,1e-06,1.074998,9.20609,8.672313e-10,0.001075006,0.009206156,False,0.009961,False
2020-08-13,RS01SUM1-LJ01B-12-VEL3DB104,5,True,2020-08-13T00:00:00Z,2020-08-13T23:59:59Z,86400,86400,0,1.0,1.000005245,0.999992732,-0.000824533,0,0,0,0,-0.0,1.554332,5.156259,-4.841242e-10,0.001554344,0.005156296,False,0.003354,False
2020-08-14,RS01SUM1-LJ01B-12-VEL3DB104,5,True,2020-08-14T00:00:00Z,2020-08-14T23:59:59Z,86401,86401,0,1.0,0.999988079,0.999992712,-0.002146568,0,0,0,0,1e-06,1.459989,4.467863,9.42478e-10,0.00146,0.004467896,False,0.003025,False
2020-08-15,RS01SUM1-LJ01B-12-VEL3DB104,5,True,2020-08-15T00:00:00Z,2020-08-15T23:59:59Z,86401,86401,0,1.0,0.999989033,0.999992701,-0.00233644,0,0,0,0,1e-06,2.209919,8.371974,8.788572e-10,0.002209935,0.008372035,False,0.005183,False
2020-08-16,RS01SUM1-LJ01B-12-VEL3DB104,5,True,2020-08-16T00:00:00Z,2020-08-16T23:59:59Z,86400,86400,0,1.0,0.999960899,0.999992713,0.003064959,0,0,0,0,-1e-06,2.417009,13.194006,-5.054971e-10,0.002417027,0.0131941,False,0.010304,False
2020-08-17,RS01SUM1-LJ01B-12-VEL3DB104,5,True,2020-08-17T00:00:00Z,2020-08-17T23:59:59Z,86401,86401,0,1.0,1.000004768,0.999992704,0.00242004,0,0,5,5,0.0,1.915455,4.882631,1.78288e-10,0.001915469,0.004882667,False,0.003177,False
2020-08-18,RS01SUM1-LJ01B-12-VEL3DB104,5,True,2020-08-18T00:00:00Z,2020-08-18T01:23:19Z,5000,5000,0,1.0,0.999930859,0.999992808,-0.000424955,0,0,0,0,0.0,0.575273,1.642967,1.02977e-11,0.000575277,0.001642979,False,0.002068,False
2020-08-19,RS01SUM1-LJ01B-12-VEL3DB104,5,False,,,0,0,,1.0,,,,,,,,,,,,,,,,False
2020-08-20,RS01SUM1-LJ01B-12-VEL3DB104,5,False,,,0,0,,1.0,,,,,,,,,,,,,,,,False
2020-08-21,RS01SUM1-LJ01B-12-VEL3DB104,5,False,,,0,0,,1.0,,,,,,,,,,,,,,,,False
2020-08-22,RS01SUM1-LJ01B-12-VEL3DB104,5,False,,,0,0,,1.0,,,,,,,,,,,,,,,,False
2020-08-23,RS01SUM1-LJ01B-12-VEL3DB104,5,False,,,0,0,,1.0,,,,,,,,,,,,,,,,False
2020-08-24,RS01SUM1-LJ01B-12-VEL3DB104,5,False,,,0,0,,1.0,,,,,,,,,,,,,,,,False
2020-08-25,RS01SUM1-LJ01B-12-VEL3DB104,5,False,,,0,0,,1.0,,,,,,,,,,,,,,,,False
2020-08-26,RS01SUM1-LJ01B-12-VEL3DB104,5,False,,,0,0,,1.0,,,,,,,,,,,,,,,,False
2020-08-27,RS01SUM1-LJ01B-12-VEL3DB104,5,False,,,0,0,,1.0,,,,,,,,,,,,,,,,False
2020-08-28,RS01SUM1-LJ01B-12-VEL3DB104,5,False,,,0,0,,1.0,,,,,,,,,,,,,,,,False
2020-08-29,RS01SUM1-LJ01B-12-VEL3DB104,5,False,,,0,0,,1.0,,,,,,,,,,,,,,,,False
2020-08-30,RS01SUM1-LJ01B-12-VEL3DB104,5,False,,,0,0,,1.0,,,,,,,,,,,,,,,,False
2020-08-31,RS01SUM1-LJ01B-12-VEL3DB104,5,False,,,0,0,,1.0,,,,,,,,,,,,,,,,False
2020-09-01,RS01SUM1-LJ01B-12-VEL3DB104,5,False,,,0,0,,1.0,,,,,,,,,,,,,,,,False
2020-09-02,RS01SUM1-LJ01B-12-VEL3DB104,5,False,,,0,0,,1.0,,,,,,,,,,,,,,,,False
2020-09-03,RS01SUM1-LJ01B-12-VEL3DB104,5,False,,,0,0,,1.0,,,,,,,,,,,,,,,,False
2020-09-04,RS01SUM1-LJ01B-12-VEL3DB104,5,False,,,0,0,,1.0,,,,,,,,,,,,,,,,False
2020-09-05,RS01SUM1-LJ01B-12-VEL3DB104,5,False,,,0,0,,1.0,,,,,,,,,,,,,,,,False
2020-09-06,RS01SUM1-LJ01B-12-VEL3DB104,5,False,,,0,0,,1.0,,,,,,,,,,,,,,,,False
2020-09-07,RS01SUM1-LJ01B-12-VEL3DB104,5,False,,,0,0,,1.0,,,,,,,,,,,,,,,,False
2020-09-08,RS01SUM1-LJ01B-12-VEL3DB104,5,False,,,0,0,,1.0,,,,,,,,,,,,,,,,False
2020-09-09,RS01SUM1-LJ01B-12-VEL3DB104,5,False,,,0,0,,1.0,,,,,,,,,,,,,,,,False
2020-09-10,RS01SUM1-LJ01B-12-VEL3DB104,5,False,,,0,0,,1.0,,,,,,,,,,,,,,,,False
2020-09-11,RS01SUM1-LJ01B-12-VEL3DB104,5,False,,,0,0,,1.0,,,,,,,,,,,,,,,,False
2020-09-12,RS01SUM1-LJ01B-12-VEL3DB104,5,False,,,0,0,,1.0,,,,,,,,,,,,,,,,False
2020-09-13,RS01SUM1-LJ01B-12-VEL3DB104,5,False,,,0,0,,1.0,,,,,,,,,,,,,,,,False
2020-09-14,RS01SUM1-LJ01B-12-VEL3DB104,5,False,,,0,0,,1.0,,,,,,,,,,,,,,,,False
2020-09-15,RS01SUM1-LJ01B-12-VEL3DB104,5,False,,,0,0,,1.0,,,,,,,,,,,,,,,,False
2020-09-16,RS01SUM1-LJ01B-12-VEL3DB104,5,False,,,0,0,,1.0,,,,,,,,,,,,,,,,False
2020-09-17,RS01SUM1-LJ01B-12-VEL3DB104,5,False,,,0,0,,1.0,,,,,,,,,,,,,,,,False
2020-09-18,RS01SUM1-LJ01B-12-VEL3DB104,5,False,,,0,0,,1.0,,,,,,,,,,,,,,,,False
2020-09-19,RS01SUM1-LJ01B-12-VEL3DB104,5,False,,,0,0,,1.0,,,,,,,,,,,,,,,,False
2020-09-20,RS01SUM1-LJ01B-12-VEL3DB104,5,False,,,0,0,,1.0,,,,,,,,,,,,,,,,False
2020-09-21,RS01SUM1-LJ01B-12-VEL3DB104,5,False,,,0,0,,1.0,,,,,,,,,,,,,,,,False
2020-09-22,RS01SUM1-LJ01B-12-VEL3DB104,5,False,,,0,0,,1.0,,,,,,,,,,,,,,,,False
2020-09-23,RS01SUM1-LJ01B-12-VEL3DB104,5,False,,,0,0,,1.0,,,,,,,,,,,,,,,,False
2020-09-24,RS01SUM1-LJ01B-12-VEL3DB104,5,False,,,0,0,,1.0,,,,,,,,,,,,,,,,False
2020-09-25,RS01SUM1-LJ01B-12-VEL3DB104,5,False,,,0,0,,1.0,,,,,,,,,,,,,,,,False
2020-09-26,RS01SUM1-LJ01B-12-VEL3DB104,5,False,,,0,0,,1.0,,,,,,,,,,,,,,,,False
2020-09-27,RS01SUM1-LJ01B-12-VEL3DB104,5,False,,,0,0,,1.0,,,,,,,,,,,,,,,,False
2020-09-28,RS01SUM1-LJ01B-12-VEL3DB104,5,False,,,0,0,,1.0,,,,,,,,,,,,,,,,False
2020-09-29,RS01SUM1-LJ01B-12-VEL3DB104,5,False,,,0,0,,1.0,,,,,,,,,,,,,,,,False
2020-09-30,RS01SUM1-LJ01B-12-VEL3DB104,5,False,,,0,0,,1.0,,,,,,,,,,,,,,,,False
2020-10-01,RS01SUM1-LJ01B-12-VEL3DB104,5,False,,,0,0,,1.0,,,,,,,,,,,,,,,,False
2020-10-02,RS01SUM1-LJ01B-12-VEL3DB104,5,False,,,0,0,,1.0,,,,,,,,,,,,,,,,False
2020-10-03,RS01SUM1-LJ01B-12-VEL3DB104,5,False,,,0,0,,1.0,,,,,,,,,,,,,,,,False
2020-10-04,RS01SUM1-LJ01B-12-VEL3DB104,5,False,,,0,0,,1.0,,,,,,,,,,,,,,,,False
2020-10-05,RS01SUM1-LJ01B-12-VEL3DB104,5,False,,,0,0,,1.0,,,,,,,,,,,,,,,,False
2020-10-06,RS01SUM1-LJ01B-12-VEL3DB104,5,False,,,0,0,,1.0,,,,,,,,,,,,,,,,False
2020-10-07,RS01SUM1-LJ01B-12-VEL3DB104,5,False,,,0,0,,1.0,,,,,,,,,,,,,,,,False
2020-10-08,RS01SUM1-LJ01B-12-VEL3DB104,5,False,,,0,0,,1.0,,,,,,,,,,,,,,,,False
2020-10-09,RS01SUM1-LJ01B-12-VEL3DB104,5,False,,,0,0,,1.0,,,,,,,,,,,,,,,,False
2020-10-10,RS01SUM1-LJ01B-12-VEL3DB104,5,False,,,0,0,,1.0,,,,,,,,,,,,,,,,False
2020-10-11,RS01SUM1-LJ01B-12-VEL3DB104,5,False,,,0,0,,1.0,,,,,,,,,,,,,,,,False
2020-10-12,RS01SUM1-LJ01B-12-VEL3DB104,5,False,,,0,0,,1.0,,,,,,,,,,,,,,,,False
2020-10-13,RS01SUM1-LJ01B-12-VEL3DB104,5,False,,,0,0,,1.0,,,,,,,,,,,,,,,,False
2020-10-14,RS01SUM1-LJ01B-12-VEL3DB104,5,False,,,0,0,,1.0,,,,,,,,,,,,,,,,False
2020-10-15,RS01SUM1-LJ01B-12-VEL3DB104,5,False,,,0,0,,1.0,,,,,,,,,,,,,,,,False
2020-10-16,RS01SUM1-LJ01B-12-VEL3DB104,5,False,,,0,0,,1.0,,,,,,,,,,,,,,,,False
2020-10-17,RS01SUM1-LJ01B-12-VEL3DB104,5,False,,,0,0,,1.0,,,,,,,,,,,,,,,,False
2020-10-18,RS01SUM1-LJ01B-12-VEL3DB104,5,False,,,0,0,,1.0,,,,,,,,,,,,,,,,False
2020-10-19,RS01SUM1-LJ01B-12-VEL3DB104,5,False,,,0,0,,1.0,,,,,,,,,,,,,,,,False
2020-10-20,RS01SUM1-LJ01B-12-VEL3DB104,5,False,,,0,0,,1.0,,,,,,,,,,,,,,,,False
2020-10-21,RS01SUM1-LJ01B-12-VEL3DB104,5,False,,,0,0,,1.0,,,,,,,,,,,,,,,,False
2020-10-22,RS01SUM1-LJ01B-12-VEL3DB104,5,False,,,0,0,,1.0,,,,,,,,,,,,,,,,False
2020-10-23,RS01SUM1-LJ01B-12-VEL3DB104,5,False,,,0,0,,1.0,,,,,,,,,,,,,,,,False
2020-10-24,RS01SUM1-LJ01B-12-VEL3DB104,5,False,,,0,0,,1.0,,,,,,,,,,,,,,,,False
2020-10-25,RS01SUM1-LJ01B-12-VEL3DB104,5,False,,,0,0,,1.0,,,,,,,,,,,,,,,,False
2020-10-26,RS01SUM1-LJ01B-12-VEL3DB104,5,False,,,0,0,,1.0,,,,,,,,,,,,,,,,False
2020-10-27,RS01SUM1-LJ01B-12-VEL3DB104,5,False,,,0,0,,1.0,,,,,,,,,,,,,,,,False
2020-10-28,RS01SUM1-LJ01B-12-VEL3DB104,5,False,,,0,0,,1.0,,,,,,,,,,,,,,,,False
2020-10-29,RS01SUM1-LJ01B-12-VEL3DB104,5,False,,,0,0,,1.0,,,,,,,,,,,,,,,,False
2020-10-30,RS01SUM1-LJ01B-12-VEL3DB104,5,False,,,0,0,,1.0,,,,,,,,,,,,,,,,False
2020-10-31,RS01SUM1-LJ01B-12-VEL3DB104,5,False,,,0,0,,1.0,,,,,,,,,,,,,,,,False
2020-11-01,RS01SUM1-LJ01B-12-VEL3DB104,5,False,,,0,0,,1.0,,,,,,,,,,,,,,,,False
2020-11-02,RS01SUM1-LJ01B-12-VEL3DB104,5,False,,,0,0,,1.0,,,,,,,,,,,,,,,,False
2020-11-03,RS01SUM1-LJ01B-12-VEL3DB104,5,False,,,0,0,,1.0,,,,,,,,,,,,,,,,False
2020-11-04,RS01SUM1-LJ01B-12-VEL3DB104,5,False,,,0,0,,1.0,,,,,,,,,,,,,,,,False
2020-11-05,RS01SUM1-LJ01B-12-VEL3DB104,5,False,,,0,0,,1.0,,,,,,,,,,,,,,,,False
2020-11-06,RS01SUM1-LJ01B-12-VEL3DB104,5,False,,,0,0,,1.0,,,,,,,,,,,,,,,,False
2020-11-07,RS01SUM1-LJ01B-12-VEL3DB104,5,False,,,0,0,,1.0,,,,,,,,,,,,,,,,False
2020-11-08,RS01SUM1-LJ01B-12-VEL3DB104,5,False,,,0,0,,1.0,,,,,,,,,,,,,,,,False
2020-11-09,RS01SUM1-LJ01B-12-VEL3DB104,5,False,,,0,0,,1.0,,,,,,,,,,,,,,,,False
2020-11-10,RS01SUM1-LJ01B-12-VEL3DB104,5,False,,,0,0,,1.0,,,,,,,,,,,,,,,,False
2020-11-11,RS01SUM1-LJ01B-12-VEL3DB104,5,False,,,0,0,,1.0,,,,,,,,,,,,,,,,False
2020-11-12,RS01SUM1-LJ01B-12-VEL3DB104,5,False,,,0,0,,1.0,,,,,,,,,,,,,,,,False
2020-11-13,RS01SUM1-LJ01B-12-VEL3DB104,5,False,,,0,0,,1.0,,,,,,,,,,,,,,,,False
2020-11-14,RS01SUM1-LJ01B-12-VEL3DB104,5,False,,,0,0,,1.0,,,,,,,,,,,,,,,,False
2020-11-15,RS01SUM1-LJ01B-12-VEL3DB104,5,False,,,0,0,,1.0,,,,,,,,,,,,,,,,False
2020-11-16,RS01SUM1-LJ01B-12-VEL3DB104,5,False,,,0,0,,1.0,,,,,,,,,,,,,,,,False
2020-11-17,RS01SUM1-LJ01B-12-VEL3DB104,5,False,,,0,0,,1.0,,,,,,,,,,,,,,,,False
2020-11-18,RS01SUM1-LJ01B-12-VEL3DB104,5,False,,,0,0,,1.0,,,,,,,,,,,,,,,,False
2020-11-19,RS01SUM1-LJ01B-12-VEL3DB104,5,False,,,0,0,,1.0,,,,,,,,,,,,,,,,False
2020-11-20,RS01SUM1-LJ01B-12-VEL3DB104,5,False,,,0,0,,1.0,,,,,,,,,,,,,,,,False
2020-11-21,RS01SUM1-LJ01B-12-VEL3DB104,5,False,,,0,0,,1.0,,,,,,,,,,,,,,,,False
2020-11-22,RS01SUM1-LJ01B-12-VEL3DB104,5,False,,,0,0,,1.0,,,,,,,,,,,,,,,,False
2020-11-23,RS01SUM1-LJ01B-12-VEL3DB104,5,False,,,0,0,,1.0,,,,,,,,,,,,,,,,False
2020-11-24,RS01SUM1-LJ01B-12-VEL3DB104,5,False,,,0,0,,1.0,,,,,,,,,,,,,,,,False
2020-11-25,RS01SUM1-LJ01B-12-VEL3DB104,5,False,,,0,0,,1.0,,,,,,,,,,,,,,,,False
2020-11-26,RS01SUM1-LJ01B-12-VEL3DB104,5,False,,,0,0,,1.0,,,,,,,,,,,,,,,,False
2020-11-27,RS01SUM1-LJ01B-12-VEL3DB104,5,False,,,0,0,,1.0,,,,,,,,,,,,,,,,False
2020-11-28,RS01SUM1-LJ01B-12-VEL3DB104,5,False,,,0,0,,1.0,,,,,,,,,,,,,,,,False
2020-11-29,RS01SUM1-LJ01B-12-VEL3DB104,5,False,,,0,0,,1.0,,,,,,,,,,,,,,,,False
2020-11-30,RS01SUM1-LJ01B-12-VEL3DB104,5,False,,,0,0,,1.0,,,,,,,,,,,,,,,,False
2020-12-01,RS01SUM1-LJ01B-12-VEL3DB104,5,False,,,0,0,,1.0,,,,,,,,,,,,,,,,False
2020-12-02,RS01SUM1-LJ01B-12-VEL3DB104,5,False,,,0,0,,1.0,,,,,,,,,,,,,,,,False
2020-12-03,RS01SUM1-LJ01B-12-VEL3DB104,5,False,,,0,0,,1.0,,,,,,,,,,,,,,,,False
2020-12-04,RS01SUM1-LJ01B-12-VEL3DB104,5,False,,,0,0,,1.0,,,,,,,,,,,,,,,,False
2020-12-05,RS01SUM1-LJ01B-12-VEL3DB104,5,False,,,0,0,,1.0,,,,,,,,,,,,,,,,False
2020-12-06,RS01SUM1-LJ01B-12-VEL3DB104,5,False,,,0,0,,1.0,,,,,,,,,,,,,,,,False
2020-12-07,RS01SUM1-LJ01B-12-VEL3DB104,5,False,,,0,0,,1.0,,,,,,,,,,,,,,,,False
2020-12-08,RS01SUM1-LJ01B-12-VEL3DB104,5,False,,,0,0,,1.0,,,,,,,,,,,,,,,,False
2020-12-09,RS01SUM1-LJ01B-12-VEL3DB104,5,False,,,0,0,,1.0,,,,,,,,,,,,,,,,False
2020-12-10,RS01SUM1-LJ01B-12-VEL3DB104,5,False,,,0,0,,1.0,,,,,,,,,,,,,,,,False
2020-12-11,RS01SUM1-LJ01B-12-VEL3DB104,5,False,,,0,0,,1.0,,,,,,,,,,,,,,,,False
2020-12-12,RS01SUM1-LJ01B-12-VEL3DB104,5,False,,,0,0,,1.0,,,,,,,,,,,,,,,,False
2020-12-13,RS01SUM1-LJ01B-12-VEL3DB104,5,False,,,0,0,,1.0,,,,,,,,,,,,,,,,False
2020-12-14,RS01SUM1-LJ01B-12-VEL3DB104,5,False,,,0,0,,1.0,,,,,,,,,,,,,,,,False
2020-12-15,RS01SUM1-LJ01B-12-VEL3DB104,5,False,,,0,0,,1.0,,,,,,,,,,,,,,,,False
2020-12-16,RS01SUM1-LJ01B-12-VEL3DB104,5,False,,,0,0,,1.0,,,,,,,,,,,,,,,,False
2020-12-17,RS01SUM1-LJ01B-12-VEL3DB104,5,False,,,0,0,,1.0,,,,,,,,,,,,,,,,False
2020-12-18,RS01SUM1-LJ01B-12-VEL3DB104,5,False,,,0,0,,1.0,,,,,,,,,,,,,,,,False
2020-12-19,RS01SUM1-LJ01B-12-VEL3DB104,5,False,,,0,0,,1.0,,,,,,,,,,,,,,,,False
2020-12-20,RS01SUM1-LJ01B-12-VEL3DB104,5,False,,,0,0,,1.0,,,,,,,,,,,,,,,,False
2020-12-21,RS01SUM1-LJ01B-12-VEL3DB104,5,False,,,0,0,,1.0,,,,,,,,,,,,,,,,False
2020-12-22,RS01SUM1-LJ01B-12-VEL3DB104,5,False,,,0,0,,1.0,,,,,,,,,,,,,,,,False
2020-12-23,RS01SUM1-LJ01B-12-VEL3DB104,5,False,,,0,0,,1.0,,,,,,,,,,,,,,,,False
2020-12-24,RS01SUM1-LJ01B-12-VEL3DB104,5,False,,,0,0,,1.0,,,,,,,,,,,,,,,,False
2020-12-25,RS01SUM1-LJ01B-12-VEL3DB104,5,False,,,0,0,,1.0,,,,,,,,,,,,,,,,False
2020-12-26,RS01SUM1-LJ01B-12-VEL3DB104,5,False,,,0,0,,1.0,,,,,,,,,,,,,,,,False
2020-12-27,RS01SUM1-LJ01B-12-VEL3DB104,5,False,,,0,0,,1.0,,,,,,,,,,,,,,,,False
2020-12-28,RS01SUM1-LJ01B-12-VEL3DB104,5,False,,,0,0,,1.0,,,,,,,,,,,,,,,,False
2020-12-29,RS01SUM1-LJ01B-12-VEL3DB104,5,False,,,0,0,,1.0,,,,,,,,,,,,,,,,False
2020-12-30,RS01SUM1-LJ01B-12-VEL3DB104,5,False,,,0,0,,1.0,,,,,,,,,,,,,,,,False
2020-12-31,RS01SUM1-LJ01B-12-VEL3DB104,5,False,,,0,0,,1.0,,,,,,,,,,,,,,,,False
2021-01-01,RS01SUM1-LJ01B-12-VEL3DB104,5,False,,,0,0,,1.0,,,,,,,,,,,,,,,,False
2021-01-02,RS01SUM1-LJ01B-12-VEL3DB104,5,False,,,0,0,,1.0,,,,,,,,,,,,,,,,False
2021-01-03,RS01SUM1-LJ01B-12-VEL3DB104,5,False,,,0,0,,1.0,,,,,,,,,,,,,,,,False
2021-01-04,RS01SUM1-LJ01B-12-VEL3DB104,5,False,,,0,0,,1.0,,,,,,,,,,,,,,,,False
2021-01-05,RS01SUM1-LJ01B-12-VEL3DB104,5,False,,,0,0,,1.0,,,,,,,,,,,,,,,,False
2021-01-06,RS01SUM1-LJ01B-12-VEL3DB104,5,False,,,0,0,,1.0,,,,,,,,,,,,,,,,False
2021-01-07,RS01SUM1-LJ01B-12-VEL3DB104,5,False,,,0,0,,1.0,,,,,,,,,,,,,,,,False
2021-01-08,RS01SUM1-LJ01B-12-VEL3DB104,5,False,,,0,0,,1.0,,,,,,,,,,,,,,,,False
2021-01-09,RS01SUM1-LJ01B-12-VEL3DB104,5,False,,,0,0,,1.0,,,,,,,,,,,,,,,,False
2021-01-10,RS01SUM1-LJ01B-12-VEL3DB104,5,False,,,0,0,,1.0,,,,,,,,,,,,,,,,False
2021-01-11,RS01SUM1-LJ01B-12-VEL3DB104,5,False,,,0,0,,1.0,,,,,,,,,,,,,,,,False
2021-01-12,RS01SUM1-LJ01B-12-VEL3DB104,5,False,,,0,0,,1.0,,,,,,,,,,,,,,,,False
2021-01-13,RS01SUM1-LJ01B-12-VEL3DB104,5,False,,,0,0,,1.0,,,,,,,,,,,,,,,,False
2021-01-14,RS01SUM1-LJ01B-12-VEL3DB104,5,False,,,0,0,,1.0,,,,,,,,,,,,,,,,False
2021-01-15,RS01SUM1-LJ01B-12-VEL3DB104,5,False,,,0,0,,1.0,,,,,,,,,,,,,,,,False
2021-01-16,RS01SUM1-LJ01B-12-VEL3DB104,5,False,,,0,0,,1.0,,,,,,,,,,,,,,,,False
2021-01-17,RS01SUM1-LJ01B-12-VEL3DB104,5,False,,,0,0,,1.0,,,,,,,,,,,,,,,,False
2021-01-18,RS01SUM1-LJ01B-12-VEL3DB104,5,False,,,0,0,,1.0,,,,,,,,,,,,,,,,False
2021-01-19,RS01SUM1-LJ01B-12-VEL3DB104,5,False,,,0,0,,1.0,,,,,,,,,,,,,,,,False
2021-01-20,RS01SUM1-LJ01B-12-VEL3DB104,5,False,,,0,0,,1.0,,,,,,,,,,,,,,,,False
2021-01-21,RS01SUM1-LJ01B-12-VEL3DB104,5,False,,,0,0,,1.0,,,,,,,,,,,,,,,,False
2021-01-22,RS01SUM1-LJ01B-12-VEL3DB104,5,False,,,0,0,,1.0,,,,,,,,,,,,,,,,False
2021-01-23,RS01SUM1-LJ01B-12-VEL3DB104,5,False,,,0,0,,1.0,,,,,,,,,,,,,,,,False
2021-01-24,RS01SUM1-LJ01B-12-VEL3DB104,5,False,,,0,0,,1.0,,,,,,,,,,,,,,,,False
2021-01-25,RS01SUM1-LJ01B-12-VEL3DB104,5,False,,,0,0,,1.0,,,,,,,,,,,,,,,,False
2021-01-26,RS01SUM1-LJ01B-12-VEL3DB104,5,False,,,0,0,,1.0,,,,,,,,,,,,,,,,False
2021-01-27,RS01SUM1-LJ01B-12-VEL3DB104,5,False,,,0,0,,1.0,,,,,,,,,,,,,,,,False
2021-01-28,RS01SUM1-LJ01B-12-VEL3DB104,5,False,,,0,0,,1.0,,,,,,,,,,,,,,,,False
2021-01-29,RS01SUM1-LJ01B-12-VEL3DB104,5,False,,,0,0,,1.0,,,,,,,,,,,,,,,,False
2021-01-30,RS01SUM1-LJ01B-12-VEL3DB104,5,False,,,0,0,,1.0,,,,,,,,,,,,,,,,False
2021-01-31,RS01SUM1-LJ01B-12-VEL3DB104,5,False,,,0,0,,1.0,,,,,,,,,,,,,,,,False
2021-02-01,RS01SUM1-LJ01B-12-VEL3DB104,5,False,,,0,0,,1.0,,,,,,,,,,,,,,,,False
2021-02-02,RS01SUM1-LJ01B-12-VEL3DB104,5,False,,,0,0,,1.0,,,,,,,,,,,,,,,,False
2021-02-03,RS01SUM1-LJ01B-12-VEL3DB104,5,False,,,0,0,,1.0,,,,,,,,,,,,,,,,False
2021-02-04,RS01SUM1-LJ01B-12-VEL3DB104,5,False,,,0,0,,1.0,,,,,,,,,,,,,,,,False
2021-02-05,RS01SUM1-LJ01B-12-VEL3DB104,5,False,,,0,0,,1.0,,,,,,,,,,,,,,,,False
2021-02-06,RS01SUM1-LJ01B-12-VEL3DB104,5,False,,,0,0,,1.0,,,,,,,,,,,,,,,,False
2021-02-07,RS01SUM1-LJ01B-12-VEL3DB104,5,False,,,0,0,,1.0,,,,,,,,,,,,,,,,False
2021-02-08,RS01SUM1-LJ01B-12-VEL3DB104,5,False,,,0,0,,1.0,,,,,,,,,,,,,,,,False
2021-02-09,RS01SUM1-LJ01B-12-VEL3DB104,5,False,,,0,0,,1.0,,,,,,,,,,,,,,,,False
2021-02-10,RS01SUM1-LJ01B-12-VEL3DB104,5,False,,,0,0,,1.0,,,,,,,,,,,,,,,,False
2021-02-11,RS01SUM1-LJ01B-12-VEL3DB104,5,False,,,0,0,,1.0,,,,,,,,,,,,,,,,False
2021-02-12,RS01SUM1-LJ01B-12-VEL3DB104,5,False,,,0,0,,1.0,,,,,,,,,,,,,,,,False
2021-02-13,RS01SUM1-LJ01B-12-VEL3DB104,5,False,,,0,0,,1.0,,,,,,,,,,,,,,,,False
2021-02-14,RS01SUM1-LJ01B-12-VEL3DB104,5,False,,,0,0,,1.0,,,,,,,,,,,,,,,,False
2021-02-15,RS01SUM1-LJ01B-12-VEL3DB104,5,False,,,0,0,,1.0,,,,,,,,,,,,,,,,False
2021-02-16,RS01SUM1-LJ01B-12-VEL3DB104,5,False,,,0,0,,1.0,,,,,,,,,,,,,,,,False
2021-02-17,RS01SUM1-LJ01B-12-VEL3DB104,5,False,,,0,0,,1.0,,,,,,,,,,,,,,,,False
2021-02-18,RS01SUM1-LJ01B-12-VEL3DB104,5,False,,,0,0,,1.0,,,,,,,,,,,,,,,,False
2021-02-19,RS01SUM1-LJ01B-12-VEL3DB104,5,False,,,0,0,,1.0,,,,,,,,,,,,,,,,False
2021-02-20,RS01SUM1-LJ01B-12-VEL3DB104,5,False,,,0,0,,1.0,,,,,,,,,,,,,,,,False
2021-02-21,RS01SUM1-LJ01B-12-VEL3DB104,5,False,,,0,0,,1.0,,,,,,,,,,,,,,,,False
2021-02-22,RS01SUM1-LJ01B-12-VEL3DB104,5,False,,,0,0,,1.0,,,,,,,,,,,,,,,,False
2021-02-23,RS01SUM1-LJ01B-12-VEL3DB104,5,False,,,0,0,,1.0,,,,,,,,,,,,,,,,False
2021-02-24,RS01SUM1-LJ01B-12-VEL3DB104,5,False,,,0,0,,1.0,,,,,,,,,,,,,,,,False
2021-02-25,RS01SUM1-LJ01B-12-VEL3DB104,5,False,,,0,0,,1.0,,,,,,,,,,,,,,,,False
2021-02-26,RS01SUM1-LJ01B-12-VEL3DB104,5,False,,,0,0,,1.0,,,,,,,,,,,,,,,,False
2021-02-27,RS01SUM1-LJ01B-12-VEL3DB104,5,False,,,0,0,,1.0,,,,,,,,,,,,,,,,False
2021-02-28,RS01SUM1-LJ01B-12-VEL3DB104,5,False,,,0,0,,1.0,,,,,,,,,,,,,,,,False
2021-03-01,RS01SUM1-LJ01B-12-VEL3DB104,5,False,,,0,0,,1.0,,,,,,,,,,,,,,,,False
2021-03-02,RS01SUM1-LJ01B-12-VEL3DB104,5,False,,,0,0,,1.0,,,,,,,,,,,,,,,,False
2021-03-03,RS01SUM1-LJ01B-12-VEL3DB104,5,False,,,0,0,,1.0,,,,,,,,,,,,,,,,False
2021-03-04,RS01SUM1-LJ01B-12-VEL3DB104,5,False,,,0,0,,1.0,,,,,,,,,,,,,,,,False
2021-03-05,RS01SUM1-LJ01B-12-VEL3DB104,5,False,,,0,0,,1.0,,,,,,,,,,,,,,,,False
2021-03-06,RS01SUM1-LJ01B-12-VEL3DB104,5,False,,,0,0,,1.0,,,,,,,,,,,,,,,,False
2021-03-07,RS01SUM1-LJ01B-12-VEL3DB104,5,False,,,0,0,,1.0,,,,,,,,,,,,,,,,False
2021-03-08,RS01SUM1-LJ01B-12-VEL3DB104,5,False,,,0,0,,1.0,,,,,,,,,,,,,,,,False
2021-03-09,RS01SUM1-LJ01B-12-VEL3DB104,5,False,,,0,0,,1.0,,,,,,,,,,,,,,,,False
2021-03-10,RS01SUM1-LJ01B-12-VEL3DB104,5,False,,,0,0,,1.0,,,,,,,,,,,,,,,,False
2021-03-11,RS01SUM1-LJ01B-12-VEL3DB104,5,False,,,0,0,,1.0,,,,,,,,,,,,,,,,False
2021-03-12,RS01SUM1-LJ01B-12-VEL3DB104,5,False,,,0,0,,1.0,,,,,,,,,,,,,,,,False
2021-03-13,RS01SUM1-LJ01B-12-VEL3DB104,5,False,,,0,0,,1.0,,,,,,,,,,,,,,,,False
2021-03-14,RS01SUM1-LJ01B-12-VEL3DB104,5,False,,,0,0,,1.0,,,,,,,,,,,,,,,,False
2021-03-15,RS01SUM1-LJ01B-12-VEL3DB104,5,False,,,0,0,,1.0,,,,,,,,,,,,,,,,False
2021-03-16,RS01SUM1-LJ01B-12-VEL3DB104,5,False,,,0,0,,1.0,,,,,,,,,,,,,,,,False
2021-03-17,RS01SUM1-LJ01B-12-VEL3DB104,5,False,,,0,0,,1.0,,,,,,,,,,,,,,,,False
2021-03-18,RS01SUM1-LJ01B-12-VEL3DB104,5,False,,,0,0,,1.0,,,,,,,,,,,,,,,,False
2021-03-19,RS01SUM1-LJ01B-12-VEL3DB104,5,False,,,0,0,,1.0,,,,,,,,,,,,,,,,False
2021-03-20,RS01SUM1-LJ01B-12-VEL3DB104,5,False,,,0,0,,1.0,,,,,,,,,,,,,,,,False
2021-03-21,RS01SUM1-LJ01B-12-VEL3DB104,5,False,,,0,0,,1.0,,,,,,,,,,,,,,,,False
2021-03-22,RS01SUM1-LJ01B-12-VEL3DB104,5,False,,,0,0,,1.0,,,,,,,,,,,,,,,,False
2021-03-23,RS01SUM1-LJ01B-12-VEL3DB104,5,False,,,0,0,,1.0,,,,,,,,,,,,,,,,False
2021-03-24,RS01SUM1-LJ01B-12-VEL3DB104,5,False,,,0,0,,1.0,,,,,,,,,,,,,,,,False
2021-03-25,RS01SUM1-LJ01B-12-VEL3DB104,5,False,,,0,0,,1.0,,,,,,,,,,,,,,,,False
2021-03-26,RS01SUM1-LJ01B-12-VEL3DB104,5,False,,,0,0,,1.0,,,,,,,,,,,,,,,,False
2021-03-27,RS01SUM1-LJ01B-12-VEL3DB104,5,False,,,0,0,,1.0,,,,,,,,,,,,,,,,False
2021-03-28,RS01SUM1-LJ01B-12-VEL3DB104,5,False,,,0,0,,1.0,,,,,,,,,,,,,,,,False
2021-03-29,RS01SUM1-LJ01B-12-VEL3DB104,5,False,,,0,0,,1.0,,,,,,,,,,,,,,,,False
2021-03-30,RS01SUM1-LJ01B-12-VEL3DB104,5,False,,,0,0,,1.0,,,,,,,,,,,,,,,,False
2021-03-31,RS01SUM1-LJ01B-12-VEL3DB104,5,False,,,0,0,,1.0,,,,,,,,,,,,,,,,False
2021-04-01,RS01SUM1-LJ01B-12-VEL3DB104,5,False,,,0,0,,1.0,,,,,,,,,,,,,,,,False
2021-04-02,RS01SUM1-LJ01B-12-VEL3DB104,5,False,,,0,0,,1.0,,,,,,,,,,,,,,,,False
2021-04-03,RS01SUM1-LJ01B-12-VEL3DB104,5,False,,,0,0,,1.0,,,,,,,,,,,,,,,,False
2021-04-04,RS01SUM1-LJ01B-12-VEL3DB104,5,False,,,0,0,,1.0,,,,,,,,,,,,,,,,False
2021-04-05,RS01SUM1-LJ01B-12-VEL3DB104,5,False,,,0,0,,1.0,,,,,,,,,,,,,,,,False
2021-04-06,RS01SUM1-LJ01B-12-VEL3DB104,5,False,,,0,0,,1.0,,,,,,,,,,,,,,,,False
2021-04-07,RS01SUM1-LJ01B-12-VEL3DB104,5,False,,,0,0,,1.0,,,,,,,,,,,,,,,,False
2021-04-08,RS01SUM1-LJ01B-12-VEL3DB104,5,False,,,0,0,,1.0,,,,,,,,,,,,,,,,False
2021-04-09,RS01SUM1-LJ01B-12-VEL3DB104,5,False,,,0,0,,1.0,,,,,,,,,,,,,,,,False
2021-04-10,RS01SUM1-LJ01B-12-VEL3DB104,5,False,,,0,0,,1.0,,,,,,,,,,,,,,,,False
2021-04-11,RS01SUM1-LJ01B-12-VEL3DB104,5,False,,,0,0,,1.0,,,,,,,,,,,,,,,,False
2021-04-12,RS01SUM1-LJ01B-12-VEL3DB104,5,False,,,0,0,,1.0,,,,,,,,,,,,,,,,False
2021-04-13,RS01SUM1-LJ01B-12-VEL3DB104,5,False,,,0,0,,1.0,,,,,,,,,,,,,,,,False
2021-04-14,RS01SUM1-LJ01B-12-VEL3DB104,5,False,,,0,0,,1.0,,,,,,,,,,,,,,,,False
2021-04-15,RS01SUM1-LJ01B-12-VEL3DB104,5,False,,,0,0,,1.0,,,,,,,,,,,,,,,,False
2021-04-16,RS01SUM1-LJ01B-12-VEL3DB104,5,False,,,0,0,,1.0,,,,,,,,,,,,,,,,False
2021-04-17,RS01SUM1-LJ01B-12-VEL3DB104,5,False,,,0,0,,1.0,,,,,,,,,,,,,,,,False
2021-04-18,RS01SUM1-LJ01B-12-VEL3DB104,5,False,,,0,0,,1.0,,,,,,,,,,,,,,,,False
2021-04-19,RS01SUM1-LJ01B-12-VEL3DB104,5,False,,,0,0,,1.0,,,,,,,,,,,,,,,,False
2021-04-20,RS01SUM1-LJ01B-12-VEL3DB104,5,False,,,0,0,,1.0,,,,,,,,,,,,,,,,False
2021-04-21,RS01SUM1-LJ01B-12-VEL3DB104,5,False,,,0,0,,1.0,,,,,,,,,,,,,,,,False
2021-04-22,RS01SUM1-LJ01B-12-VEL3DB104,5,False,,,0,0,,1.0,,,,,,,,,,,,,,,,False
2021-04-23,RS01SUM1-LJ01B-12-VEL3DB104,5,False,,,0,0,,1.0,,,,,,,,,,,,,,,,False
2021-04-24,RS01SUM1-LJ01B-12-VEL3DB104,5,False,,,0,0,,1.0,,,,,,,,,,,,,,,,False
2021-04-25,RS01SUM1-LJ01B-12-VEL3DB104,5,False,,,0,0,,1.0,,,,,,,,,,,,,,,,False
2021-04-26,RS01SUM1-LJ01B-12-VEL3DB104,5,False,,,0,0,,1.0,,,,,,,,,,,,,,,,False
2021-04-27,RS01SUM1-LJ01B-12-VEL3DB104,5,False,,,0,0,,1.0,,,,,,,,,,,,,,,,False
2021-04-28,RS01SUM1-LJ01B-12-VEL3DB104,5,False,,,0,0,,1.0,,,,,,,,,,,,,,,,False
2021-04-29,RS01SUM1-LJ01B-12-VEL3DB104,5,False,,,0,0,,1.0,,,,,,,,,,,,,,,,False
2021-04-30,RS01SUM1-LJ01B-12-VEL3DB104,5,False,,,0,0,,1.0,,,,,,,,,,,,,,,,False
2021-05-01,RS01SUM1-LJ01B-12-VEL3DB104,5,False,,,0,0,,1.0,,,,,,,,,,,,,,,,False
2021-05-02,RS01SUM1-LJ01B-12-VEL3DB104,5,False,,,0,0,,1.0,,,,,,,,,,,,,,,,False
2021-05-03,RS01SUM1-LJ01B-12-VEL3DB104,5,False,,,0,0,,1.0,,,,,,,,,,,,,,,,False
2021-05-04,RS01SUM1-LJ01B-12-VEL3DB104,5,False,,,0,0,,1.0,,,,,,,,,,,,,,,,False
2021-05-05,RS01SUM1-LJ01B-12-VEL3DB104,5,False,,,0,0,,1.0,,,,,,,,,,,,,,,,False
2021-05-06,RS01SUM1-LJ01B-12-VEL3DB104,5,False,,,0,0,,1.0,,,,,,,,,,,,,,,,False
2021-05-07,RS01SUM1-LJ01B-12-VEL3DB104,5,False,,,0,0,,1.0,,,,,,,,,,,,,,,,False
2021-05-08,RS01SUM1-LJ01B-12-VEL3DB104,5,False,,,0,0,,1.0,,,,,,,,,,,,,,,,False
2021-05-09,RS01SUM1-LJ01B-12-VEL3DB104,5,False,,,0,0,,1.0,,,,,,,,,,,,,,,,False
2021-05-10,RS01SUM1-LJ01B-12-VEL3DB104,5,False,,,0,0,,1.0,,,,,,,,,,,,,,,,False
2021-05-11,RS01SUM1-LJ01B-12-VEL3DB104,5,False,,,0,0,,1.0,,,,,,,,,,,,,,,,False
2021-05-12,RS01SUM1-LJ01B-12-VEL3DB104,5,False,,,0,0,,1.0,,,,,,,,,,,,,,,,False
2021-05-13,RS01SUM1-LJ01B-12-VEL3DB104,5,False,,,0,0,,1.0,,,,,,,,,,,,,,,,False
2021-05-14,RS01SUM1-LJ01B-12-VEL3DB104,5,False,,,0,0,,1.0,,,,,,,,,,,,,,,,False
2021-05-15,RS01SUM1-LJ01B-12-VEL3DB104,5,False,,,0,0,,1.0,,,,,,,,,,,,,,,,False
2021-05-16,RS01SUM1-LJ01B-12-VEL3DB104,5,False,,,0,0,,1.0,,,,,,,,,,,,,,,,False
2021-05-17,RS01SUM1-LJ01B-12-VEL3DB104,5,False,,,0,0,,1.0,,,,,,,,,,,,,,,,False
2021-05-18,RS01SUM1-LJ01B-12-VEL3DB104,5,False,,,0,0,,1.0,,,,,,,,,,,,,,,,False
2021-05-19,RS01SUM1-LJ01B-12-VEL3DB104,5,False,,,0,0,,1.0,,,,,,,,,,,,,,,,False
2021-05-20,RS01SUM1-LJ01B-12-VEL3DB104,5,False,,,0,0,,1.0,,,,,,,,,,,,,,,,False
2021-05-21,RS01SUM1-LJ01B-12-VEL3DB104,5,False,,,0,0,,1.0,,,,,,,,,,,,,,,,False
2021-05-22,RS01SUM1-LJ01B-12-VEL3DB104,5,False,,,0,0,,1.0,,,,,,,,,,,,,,,,False
2021-05-23,RS01SUM1-LJ01B-12-VEL3DB104,5,False,,,0,0,,1.0,,,,,,,,,,,,,,,,False
2021-05-24,RS01SUM1-LJ01B-12-VEL3DB104,5,False,,,0,0,,1.0,,,,,,,,,,,,,,,,False
2021-05-25,RS01SUM1-LJ01B-12-VEL3DB104,5,False,,,0,0,,1.0,,,,,,,,,,,,,,,,False
2021-05-26,RS01SUM1-LJ01B-12-VEL3DB104,5,False,,,0,0,,1.0,,,,,,,,,,,,,,,,False
2021-05-27,RS01SUM1-LJ01B-12-VEL3DB104,5,False,,,0,0,,1.0,,,,,,,,,,,,,,,,False
2021-05-28,RS01SUM1-LJ01B-12-VEL3DB104,5,False,,,0,0,,1.0,,,,,,,,,,,,,,,,False
2021-05-29,RS01SUM1-LJ01B-12-VEL3DB104,5,False,,,0,0,,1.0,,,,,,,,,,,,,,,,False
2021-05-30,RS01SUM1-LJ01B-12-VEL3DB104,5,False,,,0,0,,1.0,,,,,,,,,,,,,,,,False
2021-05-31,RS01SUM1-LJ01B-12-VEL3DB104,5,False,,,0,0,,1.0,,,,,,,,,,,,,,,,False
2021-06-01,RS01SUM1-LJ01B-12-VEL3DB104,5,False,,,0,0,,1.0,,,,,,,,,,,,,,,,False
2021-06-02,RS01SUM1-LJ01B-12-VEL3DB104,5,False,,,0,0,,1.0,,,,,,,,,,,,,,,,False
2021-06-03,RS01SUM1-LJ01B-12-VEL3DB104,5,False,,,0,0,,1.0,,,,,,,,,,,,,,,,False
2021-06-04,RS01SUM1-LJ01B-12-VEL3DB104,5,False,,,0,0,,1.0,,,,,,,,,,,,,,,,False
2021-06-05,RS01SUM1-LJ01B-12-VEL3DB104,5,False,,,0,0,,1.0,,,,,,,,,,,,,,,,False
2021-06-06,RS01SUM1-LJ01B-12-VEL3DB104,5,False,,,0,0,,1.0,,,,,,,,,,,,,,,,False
2021-06-07,RS01SUM1-LJ01B-12-VEL3DB104,5,False,,,0,0,,1.0,,,,,,,,,,,,,,,,False
2021-06-08,RS01SUM1-LJ01B-12-VEL3DB104,5,False,,,0,0,,1.0,,,,,,,,,,,,,,,,False
2021-06-09,RS01SUM1-LJ01B-12-VEL3DB104,5,False,,,0,0,,1.0,,,,,,,,,,,,,,,,False
2021-06-10,RS01SUM1-LJ01B-12-VEL3DB104,5,False,,,0,0,,1.0,,,,,,,,,,,,,,,,False
2021-06-11,RS01SUM1-LJ01B-12-VEL3DB104,5,False,,,0,0,,1.0,,,,,,,,,,,,,,,,False
2021-06-12,RS01SUM1-LJ01B-12-VEL3DB104,5,False,,,0,0,,1.0,,,,,,,,,,,,,,,,False
2021-06-13,RS01SUM1-LJ01B-12-VEL3DB104,5,False,,,0,0,,1.0,,,,,,,,,,,,,,,,False
2021-06-14,RS01SUM1-LJ01B-12-VEL3DB104,5,False,,,0,0,,1.0,,,,,,,,,,,,,,,,False
2021-06-15,RS01SUM1-LJ01B-12-VEL3DB104,5,False,,,0,0,,1.0,,,,,,,,,,,,,,,,False
2021-06-16,RS01SUM1-LJ01B-12-VEL3DB104,5,False,,,0,0,,1.0,,,,,,,,,,,,,,,,False
2021-06-17,RS01SUM1-LJ01B-12-VEL3DB104,5,False,,,0,0,,1.0,,,,,,,,,,,,,,,,False
2021-06-18,RS01SUM1-LJ01B-12-VEL3DB104,5,False,,,0,0,,1.0,,,,,,,,,,,,,,,,False
2021-06-19,RS01SUM1-LJ01B-12-VEL3DB104,5,False,,,0,0,,1.0,,,,,,,,,,,,,,,,False
2021-06-20,RS01SUM1-LJ01B-12-VEL3DB104,5,False,,,0,0,,1.0,,,,,,,,,,,,,,,,False
2021-06-21,RS01SUM1-LJ01B-12-VEL3DB104,5,False,,,0,0,,1.0,,,,,,,,,,,,,,,,False
2021-06-22,RS01SUM1-LJ01B-12-VEL3DB104,5,False,,,0,0,,1.0,,,,,,,,,,,,,,,,False
2021-06-23,RS01SUM1-LJ01B-12-VEL3DB104,5,False,,,0,0,,1.0,,,,,,,,,,,,,,,,False
2021-06-24,RS01SUM1-LJ01B-12-VEL3DB104,5,False,,,0,0,,1.0,,,,,,,,,,,,,,,,False
2021-06-25,RS01SUM1-LJ01B-12-VEL3DB104,5,False,,,0,0,,1.0,,,,,,,,,,,,,,,,False
2021-06-26,RS01SUM1-LJ01B-12-VEL3DB104,5,False,,,0,0,,1.0,,,,,,,,,,,,,,,,False
2021-06-27,RS01SUM1-LJ01B-12-VEL3DB104,5,False,,,0,0,,1.0,,,,,,,,,,,,,,,,False
2021-06-28,RS01SUM1-LJ01B-12-VEL3DB104,5,False,,,0,0,,1.0,,,,,,,,,,,,,,,,False
2021-06-29,RS01SUM1-LJ01B-12-VEL3DB104,5,False,,,0,0,,1.0,,,,,,,,,,,,,,,,False
2021-06-30,RS01SUM1-LJ01B-12-VEL3DB104,5,False,,,0,0,,1.0,,,,,,,,,,,,,,,,False
2021-07-01,RS01SUM1-LJ01B-12-VEL3DB104,5,False,,,0,0,,1.0,,,,,,,,,,,,,,,,False
2021-07-02,RS01SUM1-LJ01B-12-VEL3DB104,5,False,,,0,0,,1.0,,,,,,,,,,,,,,,,False
2021-07-03,RS01SUM1-LJ01B-12-VEL3DB104,5,False,,,0,0,,1.0,,,,,,,,,,,,,,,,False
2021-07-04,RS01SUM1-LJ01B-12-VEL3DB104,5,False,,,0,0,,1.0,,,,,,,,,,,,,,,,False
2021-07-05,RS01SUM1-LJ01B-12-VEL3DB104,5,False,,,0,0,,1.0,,,,,,,,,,,,,,,,False
2021-07-06,RS01SUM1-LJ01B-12-VEL3DB104,5,False,,,0,0,,1.0,,,,,,,,,,,,,,,,False
2021-07-07,RS01SUM1-LJ01B-12-VEL3DB104,5,False,,,0,0,,1.0,,,,,,,,,,,,,,,,False
2021-07-08,RS01SUM1-LJ01B-12-VEL3DB104,5,False,,,0,0,,1.0,,,,,,,,,,,,,,,,False
2021-07-09,RS01SUM1-LJ01B-12-VEL3DB104,5,False,,,0,0,,1.0,,,,,,,,,,,,,,,,False
2021-07-10,RS01SUM1-LJ01B-12-VEL3DB104,5,False,,,0,0,,1.0,,,,,,,,,,,,,,,,False
2021-07-11,RS01SUM1-LJ01B-12-VEL3DB104,5,False,,,0,0,,1.0,,,,,,,,,,,,,,,,False
2021-07-12,RS01SUM1-LJ01B-12-VEL3DB104,5,False,,,0,0,,1.0,,,,,,,,,,,,,,,,False
2021-07-13,RS01SUM1-LJ01B-12-VEL3DB104,5,False,,,0,0,,1.0,,,,,,,,,,,,,,,,False
2021-07-14,RS01SUM1-LJ01B-12-VEL3DB104,5,False,,,0,0,,1.0,,,,,,,,,,,,,,,,False
2021-07-15,RS01SUM1-LJ01B-12-VEL3DB104,5,False,,,0,0,,1.0,,,,,,,,,,,,,,,,False
2021-07-16,RS01SUM1-LJ01B-12-VEL3DB104,5,False,,,0,0,,1.0,,,,,,,,,,,,,,,,False
2021-07-17,RS01SUM1-LJ01B-12-VEL3DB104,5,False,,,0,0,,1.0,,,,,,,,,,,,,,,,False
2021-07-18,RS01SUM1-LJ01B-12-VEL3DB104,5,False,,,0,0,,1.0,,,,,,,,,,,,,,,,False
2021-07-19,RS01SUM1-LJ01B-12-VEL3DB104,5,False,,,0,0,,1.0,,,,,,,,,,,,,,,,False
2021-07-20,RS01SUM1-LJ01B-12-VEL3DB104,5,False,,,0,0,,1.0,,,,,,,,,,,,,,,,False
2021-07-21,RS01SUM1-LJ01B-12-VEL3DB104,5,False,,,0,0,,1.0,,,,,,,,,,,,,,,,False
2021-07-22,RS01SUM1-LJ01B-12-VEL3DB104,5,False,,,0,0,,1.0,,,,,,,,,,,,,,,,False
2021-07-23,RS01SUM1-LJ01B-12-VEL3DB104,5,False,,,0,0,,1.0,,,,,,,,,,,,,,,,False
2021-07-24,RS01SUM1-LJ01B-12-VEL3DB104,5,False,,,0,0,,1.0,,,,,,,,,,,,,,,,False
2021-07-25,RS01SUM1-LJ01B-12-VEL3DB104,5,False,,,0,0,,1.0,,,,,,,,,,,,,,,,False
2021-07-26,RS01SUM1-LJ01B-12-VEL3DB104,5,False,,,0,0,,1.0,,,,,,,,,,,,,,,,False
2021-07-27,RS01SUM1-LJ01B-12-VEL3DB104,5,False,,,0,0,,1.0,,,,,,,,,,,,,,,,False
2021-07-28,RS01SUM1-LJ01B-12-VEL3DB104,5,False,,,0,0,,1.0,,,,,,,,,,,,,,,,False
2021-07-29,RS01SUM1-LJ01B-12-VEL3DB104,5,False,,,0,0,,1.0,,,,,,,,,,,,,,,,False
2021-07-30,RS01SUM1-LJ01B-12-VEL3DB104,5,False,,,0,0,,1.0,,,,,,,,,,,,,,,,False
2021-07-31,RS01SUM1-LJ01B-12-VEL3DB104,5,False,,,0,0,,1.0,,,,,,,,,,,,,,,,False
2021-08-01,RS01SUM1-LJ01B-12-VEL3DB104,5,False,,,0,0,,1.0,,,,,,,,,,,,,,,,False
2021-08-02,RS01SUM1-LJ01B-12-VEL3DB104,5,False,,,0,0,,1.0,,,,,,,,,,,,,,,,False
2021-08-03,RS01SUM1-LJ01B-12-VEL3DB104,5,False,,,0,0,,1.0,,,,,,,,,,,,,,,,False
2021-08-04,RS01SUM1-LJ01B-12-VEL3DB104,5,False,,,0,0,,1.0,,,,,,,,,,,,,,,,False
2021-08-05,RS01SUM1-LJ01B-12-VEL3DB104,5,False,,,0,0,,1.0,,,,,,,,,,,,,,,,False
2021-08-06,RS01SUM1-LJ01B-12-VEL3DB104,5,False,,,0,0,,1.0,,,,,,,,,,,,,,,,False
2021-08-07,RS01SUM1-LJ01B-12-VEL3DB104,5,False,,,0,0,,1.0,,,,,,,,,,,,,,,,False
2021-08-08,RS01SUM1-LJ01B-12-VEL3DB104,5,False,,,0,0,,1.0,,,,,,,,,,,,,,,,False
2021-08-09,RS01SUM1-LJ01B-12-VEL3DB104,5,False,,,0,0,,1.0,,,,,,,,,,,,,,,,False
2021-08-10,RS01SUM1-LJ01B-12-VEL3DB104,5,False,,,0,0,,1.0,,,,,,,,,,,,,,,,False
2021-08-11,RS01SUM1-LJ01B-12-VEL3DB104,5,False,,,0,0,,1.0,,,,,,,,,,,,,,,,False
2021-08-12,RS01SUM1-LJ01B-12-VEL3DB104,5,False,,,0,0,,1.0,,,,,,,,,,,,,,,,False
2021-08-13,RS01SUM1-LJ01B-12-VEL3DB104,5,False,,,0,0,,1.0,,,,,,,,,,,,,,,,False
2021-08-14,RS01SUM1-LJ01B-12-VEL3DB104,5,False,,,0,0,,1.0,,,,,,,,,,,,,,,,False
2021-08-15,RS01SUM1-LJ01B-12-VEL3DB104,5,False,,,0,0,,1.0,,,,,,,,,,,,,,,,False
2021-08-16,RS01SUM1-LJ01B-12-VEL3DB104,5,False,,,0,0,,1.0,,,,,,,,,,,,,,,,False
2021-08-17,RS01SUM1-LJ01B-12-VEL3DB104,5,False,,,0,0,,1.0,,,,,,,,,,,,,,,,False
2021-08-18,RS01SUM1-LJ01B-12-VEL3DB104,5,False,,,0,0,,1.0,,,,,,,,,,,,,,,,False
2021-08-19,RS01SUM1-LJ01B-12-VEL3DB104,5,False,,,0,0,,1.0,,,,,,,,,,,,,,,,False
2021-08-20,RS01SUM1-LJ01B-12-VEL3DB104,5,False,,,0,0,,1.0,,,,,,,,,,,,,,,,False
2021-08-21,RS01SUM1-LJ01B-12-VEL3DB104,5,False,,,0,0,,1.0,,,,,,,,,,,,,,,,False
2021-08-22,RS01SUM1-LJ01B-12-VEL3DB104,5,False,,,0,0,,1.0,,,,,,,,,,,,,,,,False
2021-08-23,RS01SUM1-LJ01B-12-VEL3DB104,5,False,,,0,0,,1.0,,,,,,,,,,,,,,,,False
2021-08-24,RS01SUM1-LJ01B-12-VEL3DB104,5,False,,,0,0,,1.0,,,,,,,,,,,,,,,,False
2021-08-25,RS01SUM1-LJ01B-12-VEL3DB104,5,False,,,0,0,,1.0,,,,,,,,,,,,,,,,False
2021-08-26,RS01SUM1-LJ01B-12-VEL3DB104,5,False,,,0,0,,1.0,,,,,,,,,,,,,,,,False
2021-08-27,RS01SUM1-LJ01B-12-VEL3DB104,5,False,,,0,0,,1.0,,,,,,,,,,,,,,,,False
2021-08-28,RS01SUM1-LJ01B-12-VEL3DB104,5,False,,,0,0,,1.0,,,,,,,,,,,,,,,,False
2021-08-29,RS01SUM1-LJ01B-12-VEL3DB104,5,False,,,0,0,,1.0,,,,,,,,,,,,,,,,False
2021-08-30,RS01SUM1-LJ01B-12-VEL3DB104,5,False,,,0,0,,1.0,,,,,,,,,,,,,,,,False
2021-08-31,RS01SUM1-LJ01B-12-VEL3DB104,5,False,,,0,0,,1.0,,,,,,,,,,,,,,,,False
2021-09-01,RS01SUM1-LJ01B-12-VEL3DB104,5,False,,,0,0,,1.0,,,,,,,,,,,,,,,,False
2021-09-02,RS01SUM1-LJ01B-12-VEL3DB104,5,False,,,0,0,,1.0,,,,,,,,,,,,,,,,False
2021-09-03,RS01SUM1-LJ01B-12-VEL3DB104,5,False,,,0,0,,1.0,,,,,,,,,,,,,,,,False
2021-09-04,RS01SUM1-LJ01B-12-VEL3DB104,5,False,,,0,0,,1.0,,,,,,,,,,,,,,,,False
2021-09-05,RS01SUM1-LJ01B-12-VEL3DB104,5,False,,,0,0,,1.0,,,,,,,,,,,,,,,,False
2021-09-06,RS01SUM1-LJ01B-12-VEL3DB104,5,False,,,0,0,,1.0,,,,,,,,,,,,,,,,False
2021-09-07,RS01SUM1-LJ01B-12-VEL3DB104,5,False,,,0,0,,1.0,,,,,,,,,,,,,,,,False
2021-09-08,RS01SUM1-LJ01B-12-VEL3DB104,5,False,,,0,0,,1.0,,,,,,,,,,,,,,,,False
2021-09-09,RS01SUM1-LJ01B-12-VEL3DB104,5,False,,,0,0,,1.0,,,,,,,,,,,,,,,,False
2021-09-10,RS01SUM1-LJ01B-12-VEL3DB104,5,False,,,0,0,,1.0,,,,,,,,,,,,,,,,False
2021-09-11,RS01SUM1-LJ01B-12-VEL3DB104,5,False,,,0,0,,1.0,,,,,,,,,,,,,,,,False
2021-09-12,RS01SUM1-LJ01B-12-VEL3DB104,5,False,,,0,0,,1.0,,,,,,,,,,,,,,,,False
2021-09-13,RS01SUM1-LJ01B-12-VEL3DB104,5,False,,,0,0,,1.0,,,,,,,,,,,,,,,,False
2021-09-14,RS01SUM1-LJ01B-12-VEL3DB104,5,False,,,0,0,,1.0,,,,,,,,,,,,,,,,False
2021-09-15,RS01SUM1-LJ01B-12-VEL3DB104,5,False,,,0,0,,1.0,,,,,,,,,,,,,,,,False
2021-09-16,RS01SUM1-LJ01B-12-VEL3DB104,5,False,,,0,0,,1.0,,,,,,,,,,,,,,,,False
2021-09-17,RS01SUM1-LJ01B-12-VEL3DB104,5,False,,,0,0,,1.0,,,,,,,,,,,,,,,,False
2021-09-18,RS01SUM1-LJ01B-12-VEL3DB104,5,False,,,0,0,,1.0,,,,,,,,,,,,,,,,False
2021-09-19,RS01SUM1-LJ01B-12-VEL3DB104,5,False,,,0,0,,1.0,,,,,,,,,,,,,,,,False
2021-09-20,RS01SUM1-LJ01B-12-VEL3DB104,5,False,,,0,0,,1.0,,,,,,,,,,,,,,,,False
2021-09-21,RS01SUM1-LJ01B-12-VEL3DB104,5,False,,,0,0,,1.0,,,,,,,,,,,,,,,,False
2021-09-22,RS01SUM1-LJ01B-12-VEL3DB104,5,False,,,0,0,,1.0,,,,,,,,,,,,,,,,False
2021-09-23,RS01SUM1-LJ01B-12-VEL3DB104,5,False,,,0,0,,1.0,,,,,,,,,,,,,,,,False
2021-09-24,RS01SUM1-LJ01B-12-VEL3DB104,5,False,,,0,0,,1.0,,,,,,,,,,,,,,,,False
2021-09-25,RS01SUM1-LJ01B-12-VEL3DB104,5,False,,,0,0,,1.0,,,,,,,,,,,,,,,,False
2021-09-26,RS01SUM1-LJ01B-12-VEL3DB104,5,False,,,0,0,,1.0,,,,,,,,,,,,,,,,False
2021-09-27,RS01SUM1-LJ01B-12-VEL3DB104,5,False,,,0,0,,1.0,,,,,,,,,,,,,,,,False
2021-09-28,RS01SUM1-LJ01B-12-VEL3DB104,5,False,,,0,0,,1.0,,,,,,,,,,,,,,,,False
2021-09-29,RS01SUM1-LJ01B-12-VEL3DB104,5,False,,,0,0,,1.0,,,,,,,,,,,,,,,,False
2021-09-30,RS01SUM1-LJ01B-12-VEL3DB104,5,False,,,0,0,,1.0,,,,,,,,,,,,,,,,False
2021-10-01,RS01SUM1-LJ01B-12-VEL3DB104,5,False,,,0,0,,1.0,,,,,,,,,,,,,,,,False
2021-10-02,RS01SUM1-LJ01B-12-VEL3DB104,5,False,,,0,0,,1.0,,,,,,,,,,,,,,,,False
2021-10-03,RS01SUM1-LJ01B-12-VEL3DB104,5,False,,,0,0,,1.0,,,,,,,,,,,,,,,,False
2021-10-04,RS01SUM1-LJ01B-12-VEL3DB104,5,False,,,0,0,,1.0,,,,,,,,,,,,,,,,False
2021-10-05,RS01SUM1-LJ01B-12-VEL3DB104,5,False,,,0,0,,1.0,,,,,,,,,,,,,,,,False
2021-10-06,RS01SUM1-LJ01B-12-VEL3DB104,5,False,,,0,0,,1.0,,,,,,,,,,,,,,,,False
2021-10-07,RS01SUM1-LJ01B-12-VEL3DB104,5,False,,,0,0,,1.0,,,,,,,,,,,,,,,,False
2021-10-08,RS01SUM1-LJ01B-12-VEL3DB104,5,False,,,0,0,,1.0,,,,,,,,,,,,,,,,False
2021-10-09,RS01SUM1-LJ01B-12-VEL3DB104,5,False,,,0,0,,1.0,,,,,,,,,,,,,,,,False
2021-10-10,RS01SUM1-LJ01B-12-VEL3DB104,5,False,,,0,0,,1.0,,,,,,,,,,,,,,,,False
2021-10-11,RS01SUM1-LJ01B-12-VEL3DB104,5,False,,,0,0,,1.0,,,,,,,,,,,,,,,,False
2021-10-12,RS01SUM1-LJ01B-12-VEL3DB104,5,False,,,0,0,,1.0,,,,,,,,,,,,,,,,False
2021-10-13,RS01SUM1-LJ01B-12-VEL3DB104,5,False,,,0,0,,1.0,,,,,,,,,,,,,,,,False
2021-10-14,RS01SUM1-LJ01B-12-VEL3DB104,5,False,,,0,0,,1.0,,,,,,,,,,,,,,,,False
2021-10-15,RS01SUM1-LJ01B-12-VEL3DB104,5,False,,,0,0,,1.0,,,,,,,,,,,,,,,,False
2021-10-16,RS01SUM1-LJ01B-12-VEL3DB104,5,False,,,0,0,,1.0,,,,,,,,,,,,,,,,False
2021-10-17,RS01SUM1-LJ01B-12-VEL3DB104,5,False,,,0,0,,1.0,,,,,,,,,,,,,,,,False
2021-10-18,RS01SUM1-LJ01B-12-VEL3DB104,5,False,,,0,0,,1.0,,,,,,,,,,,,,,,,False
2021-10-19,RS01SUM1-LJ01B-12-VEL3DB104,5,False,,,0,0,,1.0,,,,,,,,,,,,,,,,False
2021-10-20,RS01SUM1-LJ01B-12-VEL3DB104,5,False,,,0,0,,1.0,,,,,,,,,,,,,,,,False
2021-10-21,RS01SUM1-LJ01B-12-VEL3DB104,5,False,,,0,0,,1.0,,,,,,,,,,,,,,,,False
2021-10-22,RS01SUM1-LJ01B-12-VEL3DB104,5,False,,,0,0,,1.0,,,,,,,,,,,,,,,,False
2021-10-23,RS01SUM1-LJ01B-12-VEL3DB104,5,False,,,0,0,,1.0,,,,,,,,,,,,,,,,False
2021-10-24,RS01SUM1-LJ01B-12-VEL3DB104,5,False,,,0,0,,1.0,,,,,,,,,,,,,,,,False
2021-10-25,RS01SUM1-LJ01B-12-VEL3DB104,5,False,,,0,0,,1.0,,,,,,,,,,,,,,,,False
2021-10-26,RS01SUM1-LJ01B-12-VEL3DB104,5,False,,,0,0,,1.0,,,,,,,,,,,,,,,,False
2021-10-27,RS01SUM1-LJ01B-12-VEL3DB104,5,False,,,0,0,,1.0,,,,,,,,,,,,,,,,False
2021-10-28,RS01SUM1-LJ01B-12-VEL3DB104,5,False,,,0,0,,1.0,,,,,,,,,,,,,,,,False
2021-10-29,RS01SUM1-LJ01B-12-VEL3DB104,5,False,,,0,0,,1.0,,,,,,,,,,,,,,,,False
2021-10-30,RS01SUM1-LJ01B-12-VEL3DB104,5,False,,,0,0,,1.0,,,,,,,,,,,,,,,,False
2021-10-31,RS01SUM1-LJ01B-12-VEL3DB104,5,False,,,0,0,,1.0,,,,,,,,,,,,,,,,False
2021-11-01,RS01SUM1-LJ01B-12-VEL3DB104,5,False,,,0,0,,1.0,,,,,,,,,,,,,,,,False
2021-11-02,RS01SUM1-LJ01B-12-VEL3DB104,5,False,,,0,0,,1.0,,,,,,,,,,,,,,,,False
2021-11-03,RS01SUM1-LJ01B-12-VEL3DB104,5,False,,,0,0,,1.0,,,,,,,,,,,,,,,,False
2021-11-04,RS01SUM1-LJ01B-12-VEL3DB104,5,False,,,0,0,,1.0,,,,,,,,,,,,,,,,False
2021-11-05,RS01SUM1-LJ01B-12-VEL3DB104,5,False,,,0,0,,1.0,,,,,,,,,,,,,,,,False
2021-11-06,RS01SUM1-LJ01B-12-VEL3DB104,5,False,,,0,0,,1.0,,,,,,,,,,,,,,,,False
2021-11-07,RS01SUM1-LJ01B-12-VEL3DB104,5,False,,,0,0,,1.0,,,,,,,,,,,,,,,,False
2021-11-08,RS01SUM1-LJ01B-12-VEL3DB104,5,False,,,0,0,,1.0,,,,,,,,,,,,,,,,False
2021-11-09,RS01SUM1-LJ01B-12-VEL3DB104,5,False,,,0,0,,1.0,,,,,,,,,,,,,,,,False
2021-11-10,RS01SUM1-LJ01B-12-VEL3DB104,5,False,,,0,0,,1.0,,,,,,,,,,,,,,,,False
2021-11-11,RS01SUM1-LJ01B-12-VEL3DB104,5,False,,,0,0,,1.0,,,,,,,,,,,,,,,,False
2021-11-12,RS01SUM1-LJ01B-12-VEL3DB104,5,False,,,0,0,,1.0,,,,,,,,,,,,,,,,False
2021-11-13,RS01SUM1-LJ01B-12-VEL3DB104,5,False,,,0,0,,1.0,,,,,,,,,,,,,,,,False
2021-11-14,RS01SUM1-LJ01B-12-VEL3DB104,5,False,,,0,0,,1.0,,,,,,,,,,,,,,,,False
2021-11-15,RS01SUM1-LJ01B-12-VEL3DB104,5,False,,,0,0,,1.0,,,,,,,,,,,,,,,,False
2021-11-16,RS01SUM1-LJ01B-12-VEL3DB104,5,False,,,0,0,,1.0,,,,,,,,,,,,,,,,False
2021-11-17,RS01SUM1-LJ01B-12-VEL3DB104,5,False,,,0,0,,1.0,,,,,,,,,,,,,,,,False
2021-11-18,RS01SUM1-LJ01B-12-VEL3DB104,5,False,,,0,0,,1.0,,,,,,,,,,,,,,,,False
2021-11-19,RS01SUM1-LJ01B-12-VEL3DB104,5,False,,,0,0,,1.0,,,,,,,,,,,,,,,,False
2021-11-20,RS01SUM1-LJ01B-12-VEL3DB104,5,False,,,0,0,,1.0,,,,,,,,,,,,,,,,False
2021-11-21,RS01SUM1-LJ01B-12-VEL3DB104,5,False,,,0,0,,1.0,,,,,,,,,,,,,,,,False
2021-11-22,RS01SUM1-LJ01B-12-VEL3DB104,5,False,,,0,0,,1.0,,,,,,,,,,,,,,,,False
2021-11-23,RS01SUM1-LJ01B-12-VEL3DB104,5,False,,,0,0,,1.0,,,,,,,,,,,,,,,,False
2021-11-24,RS01SUM1-LJ01B-12-VEL3DB104,5,False,,,0,0,,1.0,,,,,,,,,,,,,,,,False
2021-11-25,RS01SUM1-LJ01B-12-VEL3DB104,5,False,,,0,0,,1.0,,,,,,,,,,,,,,,,False
2021-11-26,RS01SUM1-LJ01B-12-VEL3DB104,5,False,,,0,0,,1.0,,,,,,,,,,,,,,,,False
2021-11-27,RS01SUM1-LJ01B-12-VEL3DB104,5,False,,,0,0,,1.0,,,,,,,,,,,,,,,,False
2021-11-28,RS01SUM1-LJ01B-12-VEL3DB104,5,False,,,0,0,,1.0,,,,,,,,,,,,,,,,False
2021-11-29,RS01SUM1-LJ01B-12-VEL3DB104,5,False,,,0,0,,1.0,,,,,,,,,,,,,,,,False
2021-11-30,RS01SUM1-LJ01B-12-VEL3DB104,5,False,,,0,0,,1.0,,,,,,,,,,,,,,,,False
2021-12-01,RS01SUM1-LJ01B-12-VEL3DB104,5,False,,,0,0,,1.0,,,,,,,,,,,,,,,,False
2021-12-02,RS01SUM1-LJ01B-12-VEL3DB104,5,False,,,0,0,,1.0,,,,,,,,,,,,,,,,False
2021-12-03,RS01SUM1-LJ01B-12-VEL3DB104,5,False,,,0,0,,1.0,,,,,,,,,,,,,,,,False
2021-12-04,RS01SUM1-LJ01B-12-VEL3DB104,5,False,,,0,0,,1.0,,,,,,,,,,,,,,,,False
2021-12-05,RS01SUM1-LJ01B-12-VEL3DB104,5,False,,,0,0,,1.0,,,,,,,,,,,,,,,,False
2021-12-06,RS01SUM1-LJ01B-12-VEL3DB104,5,False,,,0,0,,1.0,,,,,,,,,,,,,,,,False
2021-12-07,RS01SUM1-LJ01B-12-VEL3DB104,5,False,,,0,0,,1.0,,,,,,,,,,,,,,,,False
2021-12-08,RS01SUM1-LJ01B-12-VEL3DB104,5,False,,,0,0,,1.0,,,,,,,,,,,,,,,,False
2021-12-09,RS01SUM1-LJ01B-12-VEL3DB104,5,False,,,0,0,,1.0,,,,,,,,,,,,,,,,False
2021-12-10,RS01SUM1-LJ01B-12-VEL3DB104,5,False,,,0,0,,1.0,,,,,,,,,,,,,,,,False
2021-12-11,RS01SUM1-LJ01B-12-VEL3DB104,5,False,,,0,0,,1.0,,,,,,,,,,,,,,,,False
2021-12-12,RS01SUM1-LJ01B-12-VEL3DB104,5,False,,,0,0,,1.0,,,,,,,,,,,,,,,,False
2021-12-13,RS01SUM1-LJ01B-12-VEL3DB104,5,False,,,0,0,,1.0,,,,,,,,,,,,,,,,False
2021-12-14,RS01SUM1-LJ01B-12-VEL3DB104,5,False,,,0,0,,1.0,,,,,,,,,,,,,,,,False
2021-12-15,RS01SUM1-LJ01B-12-VEL3DB104,5,False,,,0,0,,1.0,,,,,,,,,,,,,,,,False
2021-12-16,RS01SUM1-LJ01B-12-VEL3DB104,5,False,,,0,0,,1.0,,,,,,,,,,,,,,,,False
2021-12-17,RS01SUM1-LJ01B-12-VEL3DB104,5,False,,,0,0,,1.0,,,,,,,,,,,,,,,,False
2021-12-18,RS01SUM1-LJ01B-12-VEL3DB104,5,False,,,0,0,,1.0,,,,,,,,,,,,,,,,False
2021-12-19,RS01SUM1-LJ01B-12-VEL3DB104,5,False,,,0,0,,1.0,,,,,,,,,,,,,,,,False
2021-12-20,RS01SUM1-LJ01B-12-VEL3DB104,5,False,,,0,0,,1.0,,,,,,,,,,,,,,,,False
2021-12-21,RS01SUM1-LJ01B-12-VEL3DB104,5,False,,,0,0,,1.0,,,,,,,,,,,,,,,,False
2021-12-22,RS01SUM1-LJ01B-12-VEL3DB104,5,False,,,0,0,,1.0,,,,,,,,,,,,,,,,False
2021-12-23,RS01SUM1-LJ01B-12-VEL3DB104,5,False,,,0,0,,1.0,,,,,,,,,,,,,,,,False
2021-12-24,RS01SUM1-LJ01B-12-VEL3DB104,5,False,,,0,0,,1.0,,,,,,,,,,,,,,,,False
2021-12-25,RS01SUM1-LJ01B-12-VEL3DB104,5,False,,,0,0,,1.0,,,,,,,,,,,,,,,,False
2021-12-26,RS01SUM1-LJ01B-12-VEL3DB104,5,False,,,0,0,,1.0,,,,,,,,,,,,,,,,False
2021-12-27,RS01SUM1-LJ01B-12-VEL3DB104,5,False,,,0,0,,1.0,,,,,,,,,,,,,,,,False
2021-12-28,RS01SUM1-LJ01B-12-VEL3DB104,5,False,,,0,0,,1.0,,,,,,,,,,,,,,,,False
2021-12-29,RS01SUM1-LJ01B-12-VEL3DB104,5,False,,,0,0,,1.0,,,,,,,,,,,,,,,,False
2021-12-30,RS01SUM1-LJ01B-12-VEL3DB104,5,False,,,0,0,,1.0,,,,,,,,,,,,,,,,False
2021-12-31,RS01SUM1-LJ01B-12-VEL3DB104,5,False,,,0,0,,1.0,,,,,,,,,,,,,,,,False
2022-01-01,RS01SUM1-LJ01B-12-VEL3DB104,5,False,,,0,0,,1.0,,,,,,,,,,,,,,,,False
2022-01-02,RS01SUM1-LJ01B-12-VEL3DB104,5,False,,,0,0,,1.0,,,,,,,,,,,,,,,,False
2022-01-03,RS01SUM1-LJ01B-12-VEL3DB104,5,False,,,0,0,,1.0,,,,,,,,,,,,,,,,False
2022-01-04,RS01SUM1-LJ01B-12-VEL3DB104,5,False,,,0,0,,1.0,,,,,,,,,,,,,,,,False
2022-01-05,RS01SUM1-LJ01B-12-VEL3DB104,5,False,,,0,0,,1.0,,,,,,,,,,,,,,,,False
2022-01-06,RS01SUM1-LJ01B-12-VEL3DB104,5,False,,,0,0,,1.0,,,,,,,,,,,,,,,,False
2022-01-07,RS01SUM1-LJ01B-12-VEL3DB104,5,False,,,0,0,,1.0,,,,,,,,,,,,,,,,False
2022-01-08,RS01SUM1-LJ01B-12-VEL3DB104,5,False,,,0,0,,1.0,,,,,,,,,,,,,,,,False
2022-01-09,RS01SUM1-LJ01B-12-VEL3DB104,5,False,,,0,0,,1.0,,,,,,,,,,,,,,,,False
2022-01-10,RS01SUM1-LJ01B-12-VEL3DB104,5,False,,,0,0,,1.0,,,,,,,,,,,,,,,,False
2022-01-11,RS01SUM1-LJ01B-12-VEL3DB104,5,False,,,0,0,,1.0,,,,,,,,,,,,,,,,False
2022-01-12,RS01SUM1-LJ01B-12-VEL3DB104,5,False,,,0,0,,1.0,,,,,,,,,,,,,,,,False
2022-01-13,RS01SUM1-LJ01B-12-VEL3DB104,5,False,,,0,0,,1.0,,,,,,,,,,,,,,,,False
2022-01-14,RS01SUM1-LJ01B-12-VEL3DB104,5,False,,,0,0,,1.0,,,,,,,,,,,,,,,,False
2022-01-15,RS01SUM1-LJ01B-12-VEL3DB104,5,False,,,0,0,,1.0,,,,,,,,,,,,,,,,False
2022-01-16,RS01SUM1-LJ01B-12-VEL3DB104,5,False,,,0,0,,1.0,,,,,,,,,,,,,,,,False
2022-01-17,RS01SUM1-LJ01B-12-VEL3DB104,5,False,,,0,0,,1.0,,,,,,,,,,,,,,,,False
2022-01-18,RS01SUM1-LJ01B-12-VEL3DB104,5,False,,,0,0,,1.0,,,,,,,,,,,,,,,,False
2022-01-19,RS01SUM1-LJ01B-12-VEL3DB104,5,False,,,0,0,,1.0,,,,,,,,,,,,,,,,False
2022-01-20,RS01SUM1-LJ01B-12-VEL3DB104,5,False,,,0,0,,1.0,,,,,,,,,,,,,,,,False
2022-01-21,RS01SUM1-LJ01B-12-VEL3DB104,5,False,,,0,0,,1.0,,,,,,,,,,,,,,,,False
2022-01-22,RS01SUM1-LJ01B-12-VEL3DB104,5,False,,,0,0,,1.0,,,,,,,,,,,,,,,,False
2022-01-23,RS01SUM1-LJ01B-12-VEL3DB104,5,False,,,0,0,,1.0,,,,,,,,,,,,,,,,False
2022-01-24,RS01SUM1-LJ01B-12-VEL3DB104,5,False,,,0,0,,1.0,,,,,,,,,,,,,,,,False
2022-01-25,RS01SUM1-LJ01B-12-VEL3DB104,5,False,,,0,0,,1.0,,,,,,,,,,,,,,,,False
2022-01-26,RS01SUM1-LJ01B-12-VEL3DB104,5,False,,,0,0,,1.0,,,,,,,,,,,,,,,,False
2022-01-27,RS01SUM1-LJ01B-12-VEL3DB104,5,False,,,0,0,,1.0,,,,,,,,,,,,,,,,False
2022-01-28,RS01SUM1-LJ01B-12-VEL3DB104,5,False,,,0,0,,1.0,,,,,,,,,,,,,,,,False
2022-01-29,RS01SUM1-LJ01B-12-VEL3DB104,5,False,,,0,0,,1.0,,,,,,,,,,,,,,,,False
2022-01-30,RS01SUM1-LJ01B-12-VEL3DB104,5,False,,,0,0,,1.0,,,,,,,,,,,,,,,,False
2022-01-31,RS01SUM1-LJ01B-12-VEL3DB104,5,False,,,0,0,,1.0,,,,,,,,,,,,,,,,False
2022-02-01,RS01SUM1-LJ01B-12-VEL3DB104,5,False,,,0,0,,1.0,,,,,,,,,,,,,,,,False
2022-02-02,RS01SUM1-LJ01B-12-VEL3DB104,5,False,,,0,0,,1.0,,,,,,,,,,,,,,,,False
2022-02-03,RS01SUM1-LJ01B-12-VEL3DB104,5,False,,,0,0,,1.0,,,,,,,,,,,,,,,,False
2022-02-04,RS01SUM1-LJ01B-12-VEL3DB104,5,False,,,0,0,,1.0,,,,,,,,,,,,,,,,False
2022-02-05,RS01SUM1-LJ01B-12-VEL3DB104,5,False,,,0,0,,1.0,,,,,,,,,,,,,,,,False
2022-02-06,RS01SUM1-LJ01B-12-VEL3DB104,5,False,,,0,0,,1.0,,,,,,,,,,,,,,,,False
2022-02-07,RS01SUM1-LJ01B-12-VEL3DB104,5,False,,,0,0,,1.0,,,,,,,,,,,,,,,,False
2022-02-08,RS01SUM1-LJ01B-12-VEL3DB104,5,False,,,0,0,,1.0,,,,,,,,,,,,,,,,False
2022-02-09,RS01SUM1-LJ01B-12-VEL3DB104,5,False,,,0,0,,1.0,,,,,,,,,,,,,,,,False
2022-02-10,RS01SUM1-LJ01B-12-VEL3DB104,5,False,,,0,0,,1.0,,,,,,,,,,,,,,,,False
2022-02-11,RS01SUM1-LJ01B-12-VEL3DB104,5,False,,,0,0,,1.0,,,,,,,,,,,,,,,,False
2022-02-12,RS01SUM1-LJ01B-12-VEL3DB104,5,False,,,0,0,,1.0,,,,,,,,,,,,,,,,False
2022-02-13,RS01SUM1-LJ01B-12-VEL3DB104,5,False,,,0,0,,1.0,,,,,,,,,,,,,,,,False
2022-02-14,RS01SUM1-LJ01B-12-VEL3DB104,5,False,,,0,0,,1.0,,,,,,,,,,,,,,,,False
2022-02-15,RS01SUM1-LJ01B-12-VEL3DB104,5,False,,,0,0,,1.0,,,,,,,,,,,,,,,,False
2022-02-16,RS01SUM1-LJ01B-12-VEL3DB104,5,False,,,0,0,,1.0,,,,,,,,,,,,,,,,False
2022-02-17,RS01SUM1-LJ01B-12-VEL3DB104,5,False,,,0,0,,1.0,,,,,,,,,,,,,,,,False
2022-02-18,RS01SUM1-LJ01B-12-VEL3DB104,5,False,,,0,0,,1.0,,,,,,,,,,,,,,,,False
2022-02-19,RS01SUM1-LJ01B-12-VEL3DB104,5,False,,,0,0,,1.0,,,,,,,,,,,,,,,,False
2022-02-20,RS01SUM1-LJ01B-12-VEL3DB104,5,False,,,0,0,,1.0,,,,,,,,,,,,,,,,False
2022-02-21,RS01SUM1-LJ01B-12-VEL3DB104,5,False,,,0,0,,1.0,,,,,,,,,,,,,,,,False
2022-02-22,RS01SUM1-LJ01B-12-VEL3DB104,5,False,,,0,0,,1.0,,,,,,,,,,,,,,,,False
2022-02-23,RS01SUM1-LJ01B-12-VEL3DB104,5,False,,,0,0,,1.0,,,,,,,,,,,,,,,,False
2022-02-24,RS01SUM1-LJ01B-12-VEL3DB104,5,False,,,0,0,,1.0,,,,,,,,,,,,,,,,False
2022-02-25,RS01SUM1-LJ01B-12-VEL3DB104,5,False,,,0,0,,1.0,,,,,,,,,,,,,,,,False
2022-02-26,RS01SUM1-LJ01B-12-VEL3DB104,5,False,,,0,0,,1.0,,,,,,,,,,,,,,,,False
2022-02-27,RS01SUM1-LJ01B-12-VEL3DB104,5,False,,,0,0,,1.0,,,,,,,,,,,,,,,,False
2022-02-28,RS01SUM1-LJ01B-12-VEL3DB104,5,False,,,0,0,,1.0,,,,,,,,,,,,,,,,False
2022-03-01,RS01SUM1-LJ01B-12-VEL3DB104,5,False,,,0,0,,1.0,,,,,,,,,,,,,,,,False
2022-03-02,RS01SUM1-LJ01B-12-VEL3DB104,5,False,,,0,0,,1.0,,,,,,,,,,,,,,,,False
2022-03-03,RS01SUM1-LJ01B-12-VEL3DB104,5,False,,,0,0,,1.0,,,,,,,,,,,,,,,,False
2022-03-04,RS01SUM1-LJ01B-12-VEL3DB104,5,False,,,0,0,,1.0,,,,,,,,,,,,,,,,False
2022-03-05,RS01SUM1-LJ01B-12-VEL3DB104,5,False,,,0,0,,1.0,,,,,,,,,,,,,,,,False
2022-03-06,RS01SUM1-LJ01B-12-VEL3DB104,5,False,,,0,0,,1.0,,,,,,,,,,,,,,,,False
2022-03-07,RS01SUM1-LJ01B-12-VEL3DB104,5,False,,,0,0,,1.0,,,,,,,,,,,,,,,,False
2022-03-08,RS01SUM1-LJ01B-12-VEL3DB104,5,False,,,0,0,,1.0,,,,,,,,,,,,,,,,False
2022-03-09,RS01SUM1-LJ01B-12-VEL3DB104,5,False,,,0,0,,1.0,,,,,,,,,,,,,,,,False
2022-03-10,RS01SUM1-LJ01B-12-VEL3DB104,5,False,,,0,0,,1.0,,,,,,,,,,,,,,,,False
2022-03-11,RS01SUM1-LJ01B-12-VEL3DB104,5,False,,,0,0,,1.0,,,,,,,,,,,,,,,,False
2022-03-12,RS01SUM1-LJ01B-12-VEL3DB104,5,False,,,0,0,,1.0,,,,,,,,,,,,,,,,False
2022-03-13,RS01SUM1-LJ01B-12-VEL3DB104,5,False,,,0,0,,1.0,,,,,,,,,,,,,,,,False
2022-03-14,RS01SUM1-LJ01B-12-VEL3DB104,5,False,,,0,0,,1.0,,,,,,,,,,,,,,,,False
2022-03-15,RS01SUM1-LJ01B-12-VEL3DB104,5,False,,,0,0,,1.0,,,,,,,,,,,,,,,,False
2022-03-16,RS01SUM1-LJ01B-12-VEL3DB104,5,False,,,0,0,,1.0,,,,,,,,,,,,,,,,False
2022-03-17,RS01SUM1-LJ01B-12-VEL3DB104,5,False,,,0,0,,1.0,,,,,,,,,,,,,,,,False
2022-03-18,RS01SUM1-LJ01B-12-VEL3DB104,5,False,,,0,0,,1.0,,,,,,,,,,,,,,,,False
2022-03-19,RS01SUM1-LJ01B-12-VEL3DB104,5,False,,,0,0,,1.0,,,,,,,,,,,,,,,,False
2022-03-20,RS01SUM1-LJ01B-12-VEL3DB104,5,False,,,0,0,,1.0,,,,,,,,,,,,,,,,False
2022-03-21,RS01SUM1-LJ01B-12-VEL3DB104,5,False,,,0,0,,1.0,,,,,,,,,,,,,,,,False
2022-03-22,RS01SUM1-LJ01B-12-VEL3DB104,5,False,,,0,0,,1.0,,,,,,,,,,,,,,,,False
2022-03-23,RS01SUM1-LJ01B-12-VEL3DB104,5,False,,,0,0,,1.0,,,,,,,,,,,,,,,,False
2022-03-24,RS01SUM1-LJ01B-12-VEL3DB104,5,False,,,0,0,,1.0,,,,,,,,,,,,,,,,False
2022-03-25,RS01SUM1-LJ01B-12-VEL3DB104,5,False,,,0,0,,1.0,,,,,,,,,,,,,,,,False
2022-03-26,RS01SUM1-LJ01B-12-VEL3DB104,5,False,,,0,0,,1.0,,,,,,,,,,,,,,,,False
2022-03-27,RS01SUM1-LJ01B-12-VEL3DB104,5,False,,,0,0,,1.0,,,,,,,,,,,,,,,,False
2022-03-28,RS01SUM1-LJ01B-12-VEL3DB104,5,False,,,0,0,,1.0,,,,,,,,,,,,,,,,False
2022-03-29,RS01SUM1-LJ01B-12-VEL3DB104,5,False,,,0,0,,1.0,,,,,,,,,,,,,,,,False
2022-03-30,RS01SUM1-LJ01B-12-VEL3DB104,5,False,,,0,0,,1.0,,,,,,,,,,,,,,,,False
2022-03-31,RS01SUM1-LJ01B-12-VEL3DB104,5,False,,,0,0,,1.0,,,,,,,,,,,,,,,,False
2022-04-01,RS01SUM1-LJ01B-12-VEL3DB104,5,False,,,0,0,,1.0,,,,,,,,,,,,,,,,False
2022-04-02,RS01SUM1-LJ01B-12-VEL3DB104,5,False,,,0,0,,1.0,,,,,,,,,,,,,,,,False
2022-04-03,RS01SUM1-LJ01B-12-VEL3DB104,5,False,,,0,0,,1.0,,,,,,,,,,,,,,,,False
2022-04-04,RS01SUM1-LJ01B-12-VEL3DB104,5,False,,,0,0,,1.0,,,,,,,,,,,,,,,,False
2022-04-05,RS01SUM1-LJ01B-12-VEL3DB104,5,False,,,0,0,,1.0,,,,,,,,,,,,,,,,False
2022-04-06,RS01SUM1-LJ01B-12-VEL3DB104,5,False,,,0,0,,1.0,,,,,,,,,,,,,,,,False
2022-04-07,RS01SUM1-LJ01B-12-VEL3DB104,5,False,,,0,0,,1.0,,,,,,,,,,,,,,,,False
2022-04-08,RS01SUM1-LJ01B-12-VEL3DB104,5,False,,,0,0,,1.0,,,,,,,,,,,,,,,,False
2022-04-09,RS01SUM1-LJ01B-12-VEL3DB104,5,False,,,0,0,,1.0,,,,,,,,,,,,,,,,False
2022-04-10,RS01SUM1-LJ01B-12-VEL3DB104,5,False,,,0,0,,1.0,,,,,,,,,,,,,,,,False
2022-04-11,RS01SUM1-LJ01B-12-VEL3DB104,5,False,,,0,0,,1.0,,,,,,,,,,,,,,,,False
2022-04-12,RS01SUM1-LJ01B-12-VEL3DB104,5,False,,,0,0,,1.0,,,,,,,,,,,,,,,,False
2022-04-13,RS01SUM1-LJ01B-12-VEL3DB104,5,False,,,0,0,,1.0,,,,,,,,,,,,,,,,False
2022-04-14,RS01SUM1-LJ01B-12-VEL3DB104,5,False,,,0,0,,1.0,,,,,,,,,,,,,,,,False
2022-04-15,RS01SUM1-LJ01B-12-VEL3DB104,5,False,,,0,0,,1.0,,,,,,,,,,,,,,,,False
2022-04-16,RS01SUM1-LJ01B-12-VEL3DB104,5,False,,,0,0,,1.0,,,,,,,,,,,,,,,,False
2022-04-17,RS01SUM1-LJ01B-12-VEL3DB104,5,False,,,0,0,,1.0,,,,,,,,,,,,,,,,False
2022-04-18,RS01SUM1-LJ01B-12-VEL3DB104,5,False,,,0,0,,1.0,,,,,,,,,,,,,,,,False
2022-04-19,RS01SUM1-LJ01B-12-VEL3DB104,5,False,,,0,0,,1.0,,,,,,,,,,,,,,,,False
2022-04-20,RS01SUM1-LJ01B-12-VEL3DB104,5,False,,,0,0,,1.0,,,,,,,,,,,,,,,,False
2022-04-21,RS01SUM1-LJ01B-12-VEL3DB104,5,False,,,0,0,,1.0,,,,,,,,,,,,,,,,False
2022-04-22,RS01SUM1-LJ01B-12-VEL3DB104,5,False,,,0,0,,1.0,,,,,,,,,,,,,,,,False
2022-04-23,RS01SUM1-LJ01B-12-VEL3DB104,5,False,,,0,0,,1.0,,,,,,,,,,,,,,,,False
2022-04-24,RS01SUM1-LJ01B-12-VEL3DB104,5,False,,,0,0,,1.0,,,,,,,,,,,,,,,,False
2022-04-25,RS01SUM1-LJ01B-12-VEL3DB104,5,False,,,0,0,,1.0,,,,,,,,,,,,,,,,False
2022-04-26,RS01SUM1-LJ01B-12-VEL3DB104,5,False,,,0,0,,1.0,,,,,,,,,,,,,,,,False
2022-04-27,RS01SUM1-LJ01B-12-VEL3DB104,5,False,,,0,0,,1.0,,,,,,,,,,,,,,,,False
2022-04-28,RS01SUM1-LJ01B-12-VEL3DB104,5,False,,,0,0,,1.0,,,,,,,,,,,,,,,,False
2022-04-29,RS01SUM1-LJ01B-12-VEL3DB104,5,False,,,0,0,,1.0,,,,,,,,,,,,,,,,False
2022-04-30,RS01SUM1-LJ01B-12-VEL3DB104,5,False,,,0,0,,1.0,,,,,,,,,,,,,,,,False
2022-05-01,RS01SUM1-LJ01B-12-VEL3DB104,5,False,,,0,0,,1.0,,,,,,,,,,,,,,,,False
2022-05-02,RS01SUM1-LJ01B-12-VEL3DB104,5,False,,,0,0,,1.0,,,,,,,,,,,,,,,,False
2022-05-03,RS01SUM1-LJ01B-12-VEL3DB104,5,False,,,0,0,,1.0,,,,,,,,,,,,,,,,False
2022-05-04,RS01SUM1-LJ01B-12-VEL3DB104,5,False,,,0,0,,1.0,,,,,,,,,,,,,,,,False
2022-05-05,RS01SUM1-LJ01B-12-VEL3DB104,5,False,,,0,0,,1.0,,,,,,,,,,,,,,,,False
2022-05-06,RS01SUM1-LJ01B-12-VEL3DB104,5,False,,,0,0,,1.0,,,,,,,,,,,,,,,,False
2022-05-07,RS01SUM1-LJ01B-12-VEL3DB104,5,False,,,0,0,,1.0,,,,,,,,,,,,,,,,False
2022-05-08,RS01SUM1-LJ01B-12-VEL3DB104,5,False,,,0,0,,1.0,,,,,,,,,,,,,,,,False
2022-05-09,RS01SUM1-LJ01B-12-VEL3DB104,5,False,,,0,0,,1.0,,,,,,,,,,,,,,,,False
2022-05-10,RS01SUM1-LJ01B-12-VEL3DB104,5,False,,,0,0,,1.0,,,,,,,,,,,,,,,,False
2022-05-11,RS01SUM1-LJ01B-12-VEL3DB104,5,False,,,0,0,,1.0,,,,,,,,,,,,,,,,False
2022-05-12,RS01SUM1-LJ01B-12-VEL3DB104,5,False,,,0,0,,1.0,,,,,,,,,,,,,,,,False
2022-05-13,RS01SUM1-LJ01B-12-VEL3DB104,5,False,,,0,0,,1.0,,,,,,,,,,,,,,,,False
2022-05-14,RS01SUM1-LJ01B-12-VEL3DB104,5,False,,,0,0,,1.0,,,,,,,,,,,,,,,,False
2022-05-15,RS01SUM1-LJ01B-12-VEL3DB104,5,False,,,0,0,,1.0,,,,,,,,,,,,,,,,False
2022-05-16,RS01SUM1-LJ01B-12-VEL3DB104,5,False,,,0,0,,1.0,,,,,,,,,,,,,,,,False
2022-05-17,RS01SUM1-LJ01B-12-VEL3DB104,5,False,,,0,0,,1.0,,,,,,,,,,,,,,,,False
2022-05-18,RS01SUM1-LJ01B-12-VEL3DB104,5,False,,,0,0,,1.0,,,,,,,,,,,,,,,,False
2022-05-19,RS01SUM1-LJ01B-12-VEL3DB104,5,False,,,0,0,,1.0,,,,,,,,,,,,,,,,False
2022-05-20,RS01SUM1-LJ01B-12-VEL3DB104,5,False,,,0,0,,1.0,,,,,,,,,,,,,,,,False
2022-05-21,RS01SUM1-LJ01B-12-VEL3DB104,5,False,,,0,0,,1.0,,,,,,,,,,,,,,,,False
2022-05-22,RS01SUM1-LJ01B-12-VEL3DB104,5,False,,,0,0,,1.0,,,,,,,,,,,,,,,,False
2022-05-23,RS01SUM1-LJ01B-12-VEL3DB104,5,False,,,0,0,,1.0,,,,,,,,,,,,,,,,False
2022-05-24,RS01SUM1-LJ01B-12-VEL3DB104,5,False,,,0,0,,1.0,,,,,,,,,,,,,,,,False
2022-05-25,RS01SUM1-LJ01B-12-VEL3DB104,5,False,,,0,0,,1.0,,,,,,,,,,,,,,,,False
2022-05-26,RS01SUM1-LJ01B-12-VEL3DB104,5,False,,,0,0,,1.0,,,,,,,,,,,,,,,,False
2022-05-27,RS01SUM1-LJ01B-12-VEL3DB104,5,False,,,0,0,,1.0,,,,,,,,,,,,,,,,False
2022-05-28,RS01SUM1-LJ01B-12-VEL3DB104,5,False,,,0,0,,1.0,,,,,,,,,,,,,,,,False
2022-05-29,RS01SUM1-LJ01B-12-VEL3DB104,5,False,,,0,0,,1.0,,,,,,,,,,,,,,,,False
2022-05-30,RS01SUM1-LJ01B-12-VEL3DB104,5,False,,,0,0,,1.0,,,,,,,,,,,,,,,,False
2022-05-31,RS01SUM1-LJ01B-12-VEL3DB104,5,False,,,0,0,,1.0,,,,,,,,,,,,,,,,False
2022-06-01,RS01SUM1-LJ01B-12-VEL3DB104,5,False,,,0,0,,1.0,,,,,,,,,,,,,,,,False
2022-06-02,RS01SUM1-LJ01B-12-VEL3DB104,5,False,,,0,0,,1.0,,,,,,,,,,,,,,,,False
2022-06-03,RS01SUM1-LJ01B-12-VEL3DB104,5,False,,,0,0,,1.0,,,,,,,,,,,,,,,,False
2022-06-04,RS01SUM1-LJ01B-12-VEL3DB104,5,False,,,0,0,,1.0,,,,,,,,,,,,,,,,False
2022-06-05,RS01SUM1-LJ01B-12-VEL3DB104,5,False,,,0,0,,1.0,,,,,,,,,,,,,,,,False
2022-06-06,RS01SUM1-LJ01B-12-VEL3DB104,5,False,,,0,0,,1.0,,,,,,,,,,,,,,,,False
2022-06-07,RS01SUM1-LJ01B-12-VEL3DB104,5,False,,,0,0,,1.0,,,,,,,,,,,,,,,,False
2022-06-08,RS01SUM1-LJ01B-12-VEL3DB104,5,False,,,0,0,,1.0,,,,,,,,,,,,,,,,False
2022-06-09,RS01SUM1-LJ01B-12-VEL3DB104,5,False,,,0,0,,1.0,,,,,,,,,,,,,,,,False
2022-06-10,RS01SUM1-LJ01B-12-VEL3DB104,5,False,,,0,0,,1.0,,,,,,,,,,,,,,,,False
2022-06-11,RS01SUM1-LJ01B-12-VEL3DB104,5,False,,,0,0,,1.0,,,,,,,,,,,,,,,,False
2022-06-12,RS01SUM1-LJ01B-12-VEL3DB104,5,False,,,0,0,,1.0,,,,,,,,,,,,,,,,False
2022-06-13,RS01SUM1-LJ01B-12-VEL3DB104,5,False,,,0,0,,1.0,,,,,,,,,,,,,,,,False
2022-06-14,RS01SUM1-LJ01B-12-VEL3DB104,5,False,,,0,0,,1.0,,,,,,,,,,,,,,,,False
2022-06-15,RS01SUM1-LJ01B-12-VEL3DB104,5,False,,,0,0,,1.0,,,,,,,,,,,,,,,,False
2022-06-16,RS01SUM1-LJ01B-12-VEL3DB104,5,False,,,0,0,,1.0,,,,,,,,,,,,,,,,False
2022-06-17,RS01SUM1-LJ01B-12-VEL3DB104,5,False,,,0,0,,1.0,,,,,,,,,,,,,,,,False
2022-06-18,RS01SUM1-LJ01B-12-VEL3DB104,5,False,,,0,0,,1.0,,,,,,,,,,,,,,,,False
2022-06-19,RS01SUM1-LJ01B-12-VEL3DB104,5,False,,,0,0,,1.0,,,,,,,,,,,,,,,,False
2022-06-20,RS01SUM1-LJ01B-12-VEL3DB104,5,False,,,0,0,,1.0,,,,,,,,,,,,,,,,False
2022-06-21,RS01SUM1-LJ01B-12-VEL3DB104,5,False,,,0,0,,1.0,,,,,,,,,,,,,,,,False
2022-06-22,RS01SUM1-LJ01B-12-VEL3DB104,5,False,,,0,0,,1.0,,,,,,,,,,,,,,,,False
2022-06-23,RS01SUM1-LJ01B-12-VEL3DB104,5,False,,,0,0,,1.0,,,,,,,,,,,,,,,,False
2022-06-24,RS01SUM1-LJ01B-12-VEL3DB104,5,False,,,0,0,,1.0,,,,,,,,,,,,,,,,False
2022-06-25,RS01SUM1-LJ01B-12-VEL3DB104,5,False,,,0,0,,1.0,,,,,,,,,,,,,,,,False
2022-06-26,RS01SUM1-LJ01B-12-VEL3DB104,5,False,,,0,0,,1.0,,,,,,,,,,,,,,,,False
2022-06-27,RS01SUM1-LJ01B-12-VEL3DB104,5,False,,,0,0,,1.0,,,,,,,,,,,,,,,,False
2022-06-28,RS01SUM1-LJ01B-12-VEL3DB104,5,False,,,0,0,,1.0,,,,,,,,,,,,,,,,False
2022-06-29,RS01SUM1-LJ01B-12-VEL3DB104,5,False,,,0,0,,1.0,,,,,,,,,,,,,,,,False
2022-06-30,RS01SUM1-LJ01B-12-VEL3DB104,5,False,,,0,0,,1.0,,,,,,,,,,,,,,,,False
2022-07-01,RS01SUM1-LJ01B-12-VEL3DB104,5,False,,,0,0,,1.0,,,,,,,,,,,,,,,,False
2022-07-02,RS01SUM1-LJ01B-12-VEL3DB104,5,False,,,0,0,,1.0,,,,,,,,,,,,,,,,False
2022-07-03,RS01SUM1-LJ01B-12-VEL3DB104,5,False,,,0,0,,1.0,,,,,,,,,,,,,,,,False
2022-07-04,RS01SUM1-LJ01B-12-VEL3DB104,5,False,,,0,0,,1.0,,,,,,,,,,,,,,,,False
2022-07-05,RS01SUM1-LJ01B-12-VEL3DB104,5,False,,,0,0,,1.0,,,,,,,,,,,,,,,,False
2022-07-06,RS01SUM1-LJ01B-12-VEL3DB104,5,False,,,0,0,,1.0,,,,,,,,,,,,,,,,False
2022-07-07,RS01SUM1-LJ01B-12-VEL3DB104,5,False,,,0,0,,1.0,,,,,,,,,,,,,,,,False
2022-07-08,RS01SUM1-LJ01B-12-VEL3DB104,5,False,,,0,0,,1.0,,,,,,,,,,,,,,,,False
2022-07-09,RS01SUM1-LJ01B-12-VEL3DB104,5,False,,,0,0,,1.0,,,,,,,,,,,,,,,,False
2022-07-10,RS01SUM1-LJ01B-12-VEL3DB104,5,False,,,0,0,,1.0,,,,,,,,,,,,,,,,False
2022-07-11,RS01SUM1-LJ01B-12-VEL3DB104,5,False,,,0,0,,1.0,,,,,,,,,,,,,,,,False
2022-07-12,RS01SUM1-LJ01B-12-VEL3DB104,5,False,,,0,0,,1.0,,,,,,,,,,,,,,,,False
2022-07-13,RS01SUM1-LJ01B-12-VEL3DB104,5,False,,,0,0,,1.0,,,,,,,,,,,,,,,,False
2022-07-14,RS01SUM1-LJ01B-12-VEL3DB104,5,False,,,0,0,,1.0,,,,,,,,,,,,,,,,False
2022-07-15,RS01SUM1-LJ01B-12-VEL3DB104,5,False,,,0,0,,1.0,,,,,,,,,,,,,,,,False
2022-07-16,RS01SUM1-LJ01B-12-VEL3DB104,5,False,,,0,0,,1.0,,,,,,,,,,,,,,,,False
2022-07-17,RS01SUM1-LJ01B-12-VEL3DB104,5,False,,,0,0,,1.0,,,,,,,,,,,,,,,,False
2022-07-18,RS01SUM1-LJ01B-12-VEL3DB104,5,False,,,0,0,,1.0,,,,,,,,,,,,,,,,False
2022-07-19,RS01SUM1-LJ01B-12-VEL3DB104,5,False,,,0,0,,1.0,,,,,,,,,,,,,,,,False
2022-07-20,RS01SUM1-LJ01B-12-VEL3DB104,5,False,,,0,0,,1.0,,,,,,,,,,,,,,,,False
2022-07-21,RS01SUM1-LJ01B-12-VEL3DB104,5,False,,,0,0,,1.0,,,,,,,,,,,,,,,,False
2022-07-22,RS01SUM1-LJ01B-12-VEL3DB104,5,False,,,0,0,,1.0,,,,,,,,,,,,,,,,False
2022-07-23,RS01SUM1-LJ01B-12-VEL3DB104,5,False,,,0,0,,1.0,,,,,,,,,,,,,,,,False
2022-07-24,RS01SUM1-LJ01B-12-VEL3DB104,5,False,,,0,0,,1.0,,,,,,,,,,,,,,,,False
2022-07-25,RS01SUM1-LJ01B-12-VEL3DB104,5,False,,,0,0,,1.0,,,,,,,,,,,,,,,,False
2022-07-26,RS01SUM1-LJ01B-12-VEL3DB104,5,False,,,0,0,,1.0,,,,,,,,,,,,,,,,False
2022-07-27,RS01SUM1-LJ01B-12-VEL3DB104,5,False,,,0,0,,1.0,,,,,,,,,,,,,,,,False
2022-07-28,RS01SUM1-LJ01B-12-VEL3DB104,5,False,,,0,0,,1.0,,,,,,,,,,,,,,,,False
2022-07-29,RS01SUM1-LJ01B-12-VEL3DB104,5,False,,,0,0,,1.0,,,,,,,,,,,,,,,,False
2022-07-30,RS01SUM1-LJ01B-12-VEL3DB104,5,False,,,0,0,,1.0,,,,,,,,,,,,,,,,False
2022-07-31,RS01SUM1-LJ01B-12-VEL3DB104,5,False,,,0,0,,1.0,,,,,,,,,,,,,,,,False
2022-08-01,RS01SUM1-LJ01B-12-VEL3DB104,5,False,,,0,0,,1.0,,,,,,,,,,,,,,,,False
2022-08-02,RS01SUM1-LJ01B-12-VEL3DB104,5,False,,,0,0,,1.0,,,,,,,,,,,,,,,,False
2022-08-03,RS01SUM1-LJ01B-12-VEL3DB104,5,False,,,0,0,,1.0,,,,,,,,,,,,,,,,False
2022-08-04,RS01SUM1-LJ01B-12-VEL3DB104,5,False,,,0,0,,1.0,,,,,,,,,,,,,,,,False
2022-08-05,RS01SUM1-LJ01B-12-VEL3DB104,5,False,,,0,0,,1.0,,,,,,,,,,,,,,,,False
2022-08-06,RS01SUM1-LJ01B-12-VEL3DB104,5,False,,,0,0,,1.0,,,,,,,,,,,,,,,,False
2022-08-07,RS01SUM1-LJ01B-12-VEL3DB104,5,False,,,0,0,,1.0,,,,,,,,,,,,,,,,False
2022-08-08,RS01SUM1-LJ01B-12-VEL3DB104,5,False,,,0,0,,1.0,,,,,,,,,,,,,,,,False
2022-08-09,RS01SUM1-LJ01B-12-VEL3DB104,5,False,,,0,0,,1.0,,,,,,,,,,,,,,,,False
2022-08-10,RS01SUM1-LJ01B-12-VEL3DB104,5,True,2022-08-10T15:21:25Z,2022-08-10T23:59:59Z,31036,31115,79,1.0,0.999930859,0.99999242,-0.29313075,1,79,1,79,0.0,18.446518,293.13075,1.45674e-10,0.01844666,0.293133,False,0.269405,True
2022-08-11,RS01SUM1-LJ01B-12-VEL3DB104,5,True,2022-08-11T00:00:00Z,2022-08-11T23:59:59Z,86401,86401,0,1.0,0.999956131,0.999992721,0.000542627,0,0,2,2,0.0,1.87479,12.683056,1.468029e-10,0.001874804,0.01268315,False,0.012374,False
2022-08-12,RS01SUM1-LJ01B-12-VEL3DB104,5,True,2022-08-12T00:00:00Z,2022-08-12T23:59:59Z,86400,86400,0,1.0,0.999967098,0.999992773,-0.00063459,0,0,0,0,-1e-06,1.216996,12.138688,-5.012676e-10,0.001217005,0.01213878,False,0.013362,False
2022-08-13,RS01SUM1-LJ01B-12-VEL3DB104,5,True,2022-08-13T00:00:00Z,2022-08-13T23:59:59Z,86401,86401,0,1.0,1.000000954,0.999992767,0.001781272,0,0,0,0,1e-06,0.845345,9.740932,9.113387e-10,0.0008453512,0.009741002,False,0.011411,False
2022-08-14,RS01SUM1-LJ01B-12-VEL3DB104,5,True,2022-08-14T00:00:00Z,2022-08-14T23:59:59Z,86401,86401,0,1.0,0.999989986,0.999992757,-0.000156719,0,0,1,1,0.0,1.554051,12.291971,1.740356e-10,0.001554062,0.01229206,False,0.01188,False
2022-08-15,RS01SUM1-LJ01B-12-VEL3DB104,5,True,2022-08-15T00:00:00Z,2022-08-15T23:59:59Z,86400,86400,0,1.0,0.999973774,0.999992752,0.001969559,0,0,0,0,-1e-06,1.039005,11.280688,-5.041226e-10,0.001039012,0.01128077,False,0.012869,False
2022-08-16,RS01SUM1-LJ01B-12-VEL3DB104,5,True,2022-08-16T00:00:00Z,2022-08-16T23:59:59Z,86401,86401,0,1.0,0.999971867,0.999992753,0.000791761,0,0,1,1,-0.0,1.151153,11.401436,-1.216482e-10,0.001151162,0.01140152,False,0.011891,False
2022-08-17,RS01SUM1-LJ01B-12-VEL3DB104,5,True,2022-08-17T00:00:00Z,2022-08-17T23:59:59Z,86400,86400,0,1.0,1.000007153,0.999992748,0.00272572,0,0,0,0,-0.0,1.90448,8.002256,-4.772088e-10,0.001904494,0.008002314,False,0.010316,False
2022-08-18,RS01SUM1-LJ01B-12-VEL3DB104,5,True,2022-08-18T00:00:00Z,2022-08-18T23:59:59Z,86401,86401,0,1.0,0.999957085,0.99999279,-0.000165127,0,0,2,2,0.0,4.177177,12.299174,1.199427e-10,0.004177207,0.01229926,False,0.013753,False
2022-08-19,RS01SUM1-LJ01B-12-VEL3DB104,5,True,2022-08-19T00:00:00Z,2022-08-19T22:27:00Z,80822,80822,0,1.0,0.99993515,0.999992792,0.000753402,0,0,1,1,-0.0,4.131252,13.39533,-4.42204e-10,0.004131282,0.01339543,False,0.01466,False
2022-08-20,RS01SUM1-LJ01B-12-VEL3DB104,5,True,2022-08-20T06:01:08Z,2022-08-20T23:59:59Z,64732,64733,1,1.0,0.999961853,0.999992676,0.005968292,2,1,2,2,0.0,2.734293,35.883593,1.82119e-11,0.002734313,0.03588386,False,0.037562,True
2022-08-21,RS01SUM1-LJ01B-12-VEL3DB104,5,True,2022-08-21T00:00:00Z,2022-08-21T23:59:59Z,86400,86400,0,1.0,1.000026703,0.99999277,0.000342921,0,0,0,0,-1e-06,0.911813,10.992394,-5.362543e-10,0.0009118197,0.01099247,False,0.010374,False
2022-08-22,RS01SUM1-LJ01B-12-VEL3DB104,5,True,2022-08-22T00:00:00Z,2022-08-22T23:59:59Z,86401,86401,0,1.0,0.99999094,0.999992703,0.00014069,0,0,0,0,1e-06,1.453503,11.78593,9.38622e-10,0.001453513,0.01178602,False,0.012663,False
2022-08-23,RS01SUM1-LJ01B-12-VEL3DB104,5,True,2022-08-23T00:00:00Z,2022-08-23T23:59:59Z,86401,86401,0,1.0,0.999997616,0.99999268,0.006319683,0,0,1,1,-1e-06,3.350858,16.114899,-7.27641e-10,0.003350882,0.01611502,False,0.01153,False
2022-08-24,RS01SUM1-LJ01B-12-VEL3DB104,5,True,2022-08-24T00:00:00Z,2022-08-24T23:59:59Z,86400,86400,0,1.0,0.999968052,0.999992692,-0.002248062,0,0,0,0,-0.0,2.033838,15.092963,-4.769764e-10,0.002033852,0.01509307,False,0.012644,False
2022-08-25,RS01SUM1-LJ01B-12-VEL3DB104,5,True,2022-08-25T00:00:00Z,2022-08-25T23:59:59Z,86401,86401,0,1.0,0.999974251,0.999992736,0.003010373,0,0,0,0,1e-06,1.798527,11.572615,8.308496e-10,0.00179854,0.0115727,False,0.011586,False
2022-08-26,RS01SUM1-LJ01B-12-VEL3DB104,5,True,2022-08-26T00:00:00Z,2022-08-26T23:59:59Z,86400,86400,0,1.0,0.999989033,0.999992674,0.005936372,0,0,0,0,-0.0,2.30192,11.797552,-4.697285e-10,0.002301937,0.01179764,False,0.01176,False
2022-08-27,RS01SUM1-LJ01B-12-VEL3DB104,5,True,2022-08-27T00:00:00Z,2022-08-27T23:59:59Z,86401,86401,0,1.0,1.000006676,0.999992724,0.005521178,0,0,1,1,-0.0,3.159586,16.273353,-4.880488e-10,0.003159609,0.01627347,False,0.01198,False
2022-08-28,RS01SUM1-LJ01B-12-VEL3DB104,5,True,2022-08-28T00:00:00Z,2022-08-28T23:59:59Z,86401,86401,0,1.0,0.999996901,0.999992784,0.002697394,0,0,1,1,-0.0,1.386801,10.946647,-3.636995e-10,0.001386811,0.01094673,False,0.011498,False
2022-08-29,RS01SUM1-LJ01B-12-VEL3DB104,5,True,2022-08-29T00:00:00Z,2022-08-29T23:59:59Z,86400,86400,0,1.0,1.000004292,0.999992763,-0.000480382,0,0,0,0,-1e-06,0.818876,11.550457,-5.19478e-10,0.0008188823,0.01155054,False,0.011953,False
2022-08-30,RS01SUM1-LJ01B-12-VEL3DB104,5,True,2022-08-30T00:00:00Z,2022-08-30T23:59:59Z,85990,86401,411,1.0,0.999987125,0.999992769,0.000989992,2,411,2,412,-0.0,0.842921,12.31278,-4.648581e-10,0.0008429266,0.01231287,False,0.011802,True
2022-08-31,RS01SUM1-LJ01B-12-VEL3DB104,5,True,2022-08-31T00:00:00Z,2022-08-31T23:59:59Z,85594,86401,807,1.0,1.000005245,0.99999274,0.000130481,3,807,3,808,0.0,0.996705,11.35047,8.223065e-11,0.0009967125,0.01135055,False,0.011832,True
2022-09-01,RS01SUM1-LJ01B-12-VEL3DB104,5,True,2022-09-01T00:00:00Z,2022-09-01T23:59:59Z,86400,86400,0,1.0,1.000033855,0.999992746,0.001464823,0,0,0,0,-1e-06,1.213562,12.51436,-5.05868e-10,0.001213571,0.01251445,False,0.01082,False
2022-09-02,RS01SUM1-LJ01B-12-VEL3DB104,5,True,2022-09-02T00:00:00Z,2022-09-02T23:59:59Z,86401,86401,0,1.0,1.000005245,0.99999271,0.004376376,0,0,2,2,1e-06,1.927836,11.141107,6.768673e-10,0.00192785,0.01114119,False,0.013427,False
2022-09-03,RS01SUM1-LJ01B-12-VEL3DB104,5,True,2022-09-03T00:00:00Z,2022-09-03T23:59:59Z,86400,86400,0,1.0,1.000049114,0.99999279,0.000779774,0,0,0,0,-0.0,1.170066,12.006258,-4.966161e-10,0.001170075,0.01200634,False,0.012301,False
2022-09-04,RS01SUM1-LJ01B-12-VEL3DB104,5,True,2022-09-04T00:00:00Z,2022-09-04T23:59:59Z,86401,86401,0,1.0,1.000053883,0.999992794,-0.001395735,0,0,2,2,0.0,1.391753,4.906589,4.017273e-10,0.001391763,0.004906624,False,0.00301,False
2022-09-05,RS01SUM1-LJ01B-12-VEL3DB104,5,True,2022-09-05T00:00:00Z,2022-09-05T23:59:59Z,86401,86401,0,1.0,0.999993324,0.999992814,-0.000822175,0,0,0,0,1e-06,0.931985,10.543056,8.698196e-10,0.000931992,0.01054313,False,0.011675,False
2022-09-06,RS01SUM1-LJ01B-12-VEL3DB104,5,True,2022-09-06T00:00:00Z,2022-09-06T23:59:59Z,86400,86400,0,1.0,0.999989986,0.999992873,-0.000993387,0,0,0,0,-0.0,1.087324,11.812941,-4.841145e-10,0.001087331,0.01181302,False,0.008826,False
2022-09-07,RS01SUM1-LJ01B-12-VEL3DB104,5,True,2022-09-07T00:00:00Z,2022-09-07T23:59:59Z,86401,86401,0,1.0,1.000010967,0.999992881,-0.001449066,0,0,0,0,1e-06,0.851088,12.378103,8.751807e-10,0.0008510943,0.01237819,False,0.013238,False
2022-09-08,RS01SUM1-LJ01B-12-VEL3DB104,5,True,2022-09-08T00:00:00Z,2022-09-08T23:59:59Z,86401,86401,0,1.0,0.999969006,0.999992889,-0.000784726,0,0,1,1,-0.0,1.1624,3.666808,-3.315419e-10,0.001162408,0.003666834,False,0.003264,False
2022-09-09,RS01SUM1-LJ01B-12-VEL3DB104,5,True,2022-09-09T00:00:00Z,2022-09-09T23:59:59Z,86400,86400,0,1.0,1.000002861,0.999992946,-0.002253923,0,0,0,0,-0.0,1.394903,10.626407,-4.400927e-10,0.001394913,0.01062648,False,0.010316,False
2022-09-10,RS01SUM1-LJ01B-12-VEL3DB104,5,True,2022-09-10T00:00:00Z,2022-09-10T23:59:59Z,86401,86401,0,1.0,1.000019073,0.999992866,0.000968008,0,0,1,1,-1e-06,0.955122,4.114612,-5.176366e-10,0.0009551285,0.004114641,False,0.003624,False
2022-09-11,RS01SUM1-LJ01B-12-VEL3DB104,5,True,2022-09-11T00:00:00Z,2022-09-11T23:59:59Z,86400,86400,0,1.0,1.000062943,0.999992886,-0.000751039,0,0,0,0,-0.0,1.160625,3.792702,-4.534421e-10,0.001160633,0.003792729,False,0.003642,False
2022-09-12,RS01SUM1-LJ01B-12-VEL3DB104,5,True,2022-09-12T00:00:00Z,2022-09-12T23:59:59Z,86401,86401,0,1.0,1.000020027,0.999992885,0.000300919,0,0,1,1,0.0,0.946162,3.224098,2.373324e-11,0.0009461692,0.003224121,False,0.003451,False
2022-09-13,RS01SUM1-LJ01B-12-VEL3DB104,5,True,2022-09-13T00:00:00Z,2022-09-13T23:59:59Z,86401,86401,0,1.0,1.000003815,0.999992823,0.003015759,0,0,1,1,-0.0,1.017028,3.332519,-3.425424e-10,0.001017036,0.003332543,False,0.003231,False
2022-09-14,RS01SUM1-LJ01B-12-VEL3DB104,5,True,2022-09-14T00:00:00Z,2022-09-14T23:59:59Z,86400,86400,0,1.0,1.000041008,0.99999289,2.6487e-05,0,0,0,0,-0.0,1.542364,4.915779,-4.625994e-10,0.001542375,0.004915814,False,0.003078,False
2022-09-15,RS01SUM1-LJ01B-12-VEL3DB104,5,True,2022-09-15T00:00:00Z,2022-09-15T23:59:59Z,86401,86401,0,1.0,0.999982834,0.999992836,-0.000796439,0,0,0,0,1e-06,1.639104,12.286892,8.686555e-10,0.001639116,0.01228698,False,0.009995,False
2022-09-16,RS01SUM1-LJ01B-12-VEL3DB104,5,True,2022-09-16T00:00:00Z,2022-09-16T23:59:59Z,86400,86400,0,1.0,0.999993801,0.999992825,0.001420409,0,0,0,0,-0.0,1.213069,3.647406,-4.716789e-10,0.001213078,0.003647432,False,0.003152,False
2022-09-17,RS01SUM1-LJ01B-12-VEL3DB104,5,True,2022-09-17T00:00:00Z,2022-09-17T23:59:59Z,86401,86401,0,1.0,0.999994755,0.999992857,0.001541048,0,0,2,2,-0.0,1.444988,4.286353,-1.323833e-10,0.001444998,0.004286384,False,0.003204,False
2022-09-18,RS01SUM1-LJ01B-12-VEL3DB104,5,True,2022-09-18T00:00:00Z,2022-09-18T23:59:59Z,86401,86401,0,1.0,1.00000906,0.999992854,0.000251433,0,0,0,0,1e-06,1.034551,3.950978,9.177207e-10,0.001034559,0.003951006,False,0.003195,False
2022-09-19,RS01SUM1-LJ01B-12-VEL3DB104,5,True,2022-09-19T00:00:00Z,2022-09-19T23:59:59Z,86400,86400,0,1.0,1.000033855,0.99999282,0.001126948,0,0,0,0,-0.0,1.325677,10.259608,-4.8195e-10,0.001325686,0.01025968,False,0.010351,False
2022-09-20,RS01SUM1-LJ01B-12-VEL3DB104,5,True,2022-09-20T00:00:00Z,2022-09-20T23:59:59Z,86401,86401,0,1.0,1.000053883,0.999992791,0.000547909,0,0,0,0,1e-06,1.217638,4.303876,8.768765e-10,0.001217646,0.004303907,False,0.003304,False
2022-09-21,RS01SUM1-LJ01B-12-VEL3DB104,5,True,2022-09-21T00:00:00Z,2022-09-21T23:59:59Z,86400,86401,1,1.0,0.999993801,0.999992811,0.002699931,2,1,2,2,0.0,1.107232,10.871486,3.803075e-10,0.00110724,0.01087156,False,0.011848,True
2022-09-22,RS01SUM1-LJ01B-12-VEL3DB104,5,True,2022-09-22T00:00:00Z,2022-09-22T23:59:59Z,86400,86400,0,1.0,1.000023842,0.99999281,-0.000487845,0,0,0,0,-0.0,0.937428,3.047298,-4.897052e-10,0.0009374349,0.00304732,False,0.00322,False
2022-09-23,RS01SUM1-LJ01B-12-VEL3DB104,5,True,2022-09-23T00:00:00Z,2022-09-23T23:59:59Z,86401,86401,0,1.0,1.000004292,0.99999281,0.000317695,0,0,0,0,1e-06,0.926759,11.80657,8.987665e-10,0.0009267657,0.01180665,False,0.011841,False
2022-09-24,RS01SUM1-LJ01B-12-VEL3DB104,5,True,2022-09-24T00:00:00Z,2022-09-24T23:59:59Z,86400,86400,0,1.0,1.000061035,0.99999285,0.001793175,0,0,0,0,-0.0,1.231531,4.551145,-4.865035e-10,0.00123154,0.004551178,False,0.004618,False
2022-09-25,RS01SUM1-LJ01B-12-VEL3DB104,5,True,2022-09-25T00:00:00Z,2022-09-25T23:59:59Z,86401,86401,0,1.0,1.000049114,0.999992867,0.001232997,0,0,1,1,-0.0,0.891019,10.479622,-3.744572e-10,0.0008910256,0.0104797,False,0.010353,False
2022-09-26,RS01SUM1-LJ01B-12-VEL3DB104,5,True,2022-09-26T00:00:00Z,2022-09-26T23:59:59Z,86401,86401,0,1.0,1.000029087,0.999992871,0.000880035,0,0,1,1,-0.0,0.791861,12.133049,-3.050439e-10,0.0007918662,0.01213314,False,0.012584,False
2022-09-27,RS01SUM1-LJ01B-12-VEL3DB104,5,True,2022-09-27T00:00:00Z,2022-09-27T23:59:59Z,86400,86400,0,1.0,1.000024796,0.999992869,-0.000625384,0,0,0,0,-0.0,0.705352,10.267431,-4.826363e-10,0.0007053572,0.0102675,False,0.010375,False
2022-09-28,RS01SUM1-LJ01B-12-VEL3DB104,5,True,2022-09-28T00:00:00Z,2022-09-28T23:59:59Z,86401,86401,0,1.0,1.000010967,0.99999286,0.000361832,0,0,0,0,1e-06,1.502335,11.400257,8.565865e-10,0.001502345,0.01140034,False,0.011849,False
2022-09-29,RS01SUM1-LJ01B-12-VEL3DB104,5,True,2022-09-29T00:00:00Z,2022-09-29T23:59:59Z,86400,86400,0,1.0,1.000044823,0.999992869,0.002734134,0,0,0,0,-0.0,2.215807,12.567943,-4.06153e-10,0.002215823,0.01256803,False,0.011417,False
2022-09-30,RS01SUM1-LJ01B-12-VEL3DB104,5,True,2022-09-30T00:00:00Z,2022-09-30T23:59:59Z,86401,86401,0,1.0,1.000010014,0.999992954,-0.000441142,0,0,1,1,1e-06,1.084577,10.452013,5.440957e-10,0.001084585,0.01045209,False,0.012519,False
2022-10-01,RS01SUM1-LJ01B-12-VEL3DB104,5,True,2022-10-01T00:00:00Z,2022-10-01T23:59:59Z,86401,86401,0,1.0,1.000005245,0.999993002,-0.000380789,0,0,2,2,-0.0,1.007785,10.007136,-1.921271e-10,0.001007792,0.01000721,False,0.011816,False
2022-10-02,RS01SUM1-LJ01B-12-VEL3DB104,5,True,2022-10-02T00:00:00Z,2022-10-02T23:59:59Z,86400,86400,0,1.0,1.00002718,0.999992953,0.000680568,0,0,0,0,-0.0,1.03047,3.39636,-4.371011e-10,0.001030477,0.003396384,False,0.003263,False
2022-10-03,RS01SUM1-LJ01B-12-VEL3DB104,5,True,2022-10-03T00:00:00Z,2022-10-03T23:59:59Z,86401,86401,0,1.0,1.000061035,0.99999287,0.001736069,0,0,1,1,0.0,1.571181,11.82677,2.621777e-10,0.001571192,0.01182685,False,0.012397,False
2022-10-04,RS01SUM1-LJ01B-12-VEL3DB104,5,True,2022-10-04T00:00:00Z,2022-10-04T23:59:59Z,86401,86401,0,1.0,1.000015736,0.999992875,-0.00033536,0,0,0,0,1e-06,1.116596,10.33378,8.831564e-10,0.001116604,0.01033385,False,0.008918,False
2022-10-05,RS01SUM1-LJ01B-12-VEL3DB104,5,True,2022-10-05T00:00:00Z,2022-10-05T23:59:59Z,86400,86400,0,1.0,0.999999046,0.999992925,-0.000359229,0,0,0,0,-0.0,1.029004,12.439971,-4.918927e-10,0.001029012,0.01244006,False,0.011941,False
2022-10-06,RS01SUM1-LJ01B-12-VEL3DB104,5,True,2022-10-06T00:00:00Z,2022-10-06T23:59:59Z,86401,86401,0,1.0,0.999989033,0.999992947,-0.000380927,0,0,1,1,-0.0,1.184334,12.897597,-1.186173e-10,0.001184342,0.01289769,False,0.011786,False
2022-10-07,RS01SUM1-LJ01B-12-VEL3DB104,5,True,2022-10-07T00:00:00Z,2022-10-07T23:59:59Z,86400,86400,0,1.0,1.000028133,0.999992871,0.000485334,0,0,0,0,-1e-06,2.359091,6.505086,-5.08328e-10,0.002359107,0.006505133,False,0.00341,False
2022-10-08,RS01SUM1-LJ01B-12-VEL3DB104,5,True,2022-10-08T00:00:00Z,2022-10-08T23:59:59Z,86383,86401,18,1.0,1.000000954,0.999992883,-0.002063795,1,18,1,18,0.0,1.985059,5.361376,3.373633e-10,0.001985073,0.005361414,False,0.003235,True
2022-10-09,RS01SUM1-LJ01B-12-VEL3DB104,5,True,2022-10-09T00:00:00Z,2022-10-09T23:59:59Z,86401,86401,0,1.0,0.999991894,0.999992894,0.001202587,0,0,2,2,-1e-06,1.347493,3.743859,-8.671902e-10,0.001347502,0.003743886,False,0.003142,False
2022-10-10,RS01SUM1-LJ01B-12-VEL3DB104,5,True,2022-10-10T00:00:00Z,2022-10-10T23:59:59Z,86400,86400,0,1.0,1.00002718,0.999992935,-0.000762254,0,0,0,0,-0.0,1.222777,6.412358,-4.615093e-10,0.001222786,0.006412403,False,0.005421,False
2022-10-11,RS01SUM1-LJ01B-12-VEL3DB104,5,True,2022-10-11T00:00:00Z,2022-10-11T23:59:59Z,86401,86401,0,1.0,0.999996185,0.999992923,0.000341885,0,0,0,0,1e-06,1.016422,11.915609,9.505274e-10,0.001016429,0.01191569,False,0.012487,False
2022-10-12,RS01SUM1-LJ01B-12-VEL3DB104,5,True,2022-10-12T00:00:00Z,2022-10-12T23:59:59Z,86400,86400,0,1.0,1.000033855,0.999992965,5.2836e-05,0,0,0,0,-1e-06,1.17383,11.485573,-5.210898e-10,0.001173838,0.01148565,False,0.011938,False
2022-10-13,RS01SUM1-LJ01B-12-VEL3DB104,5,True,2022-10-13T00:00:00Z,2022-10-13T23:59:59Z,86401,86401,0,1.0,1.000008106,0.999992969,0.002567019,0,0,2,2,-0.0,1.979293,12.441843,-1.47844e-10,0.001979307,0.01244193,False,0.010401,False
2022-10-14,RS01SUM1-LJ01B-12-VEL3DB104,5,True,2022-10-14T00:00:00Z,2022-10-14T23:59:59Z,86401,86401,0,1.0,1.000065327,0.999992983,-0.000445437,0,0,1,1,1e-06,1.289523,12.795842,5.396819e-10,0.001289532,0.01279593,False,0.011974,False
2022-10-15,RS01SUM1-LJ01B-12-VEL3DB104,5,True,2022-10-15T00:00:00Z,2022-10-15T23:59:59Z,86400,86400,0,1.0,0.999997139,0.999992973,-0.001000998,0,0,0,0,-0.0,1.362357,11.975062,-4.986333e-10,0.001362366,0.01197515,False,0.013638,False
2022-10-16,RS01SUM1-LJ01B-12-VEL3DB104,5,True,2022-10-16T00:00:00Z,2022-10-16T23:59:59Z,86401,86401,0,1.0,0.999996185,0.999993052,-0.000848069,0,0,1,1,-0.0,1.604092,11.175936,-8.215648e-11,0.001604103,0.01117601,False,0.013635,False
2022-10-17,RS01SUM1-LJ01B-12-VEL3DB104,5,True,2022-10-17T00:00:00Z,2022-10-17T23:59:59Z,86400,86400,0,1.0,1.000028133,0.999992935,0.000168832,0,0,0,0,-0.0,1.93258,12.864068,-4.774673e-10,0.001932594,0.01286416,False,0.013394,False
2022-10-18,RS01SUM1-LJ01B-12-VEL3DB104,5,True,2022-10-18T00:00:00Z,2022-10-18T23:59:59Z,86401,86401,0,1.0,0.999999046,0.999992942,0.00052514,0,0,1,1,0.0,3.524029,18.097533,1.363702e-10,0.003524054,0.01809766,False,0.01326,False
2022-10-19,RS01SUM1-LJ01B-12-VEL3DB104,5,True,2022-10-19T00:00:00Z,2022-10-19T23:59:59Z,85920,86401,481,1.0,1.000002861,0.999992922,-0.003959007,1,481,1,481,0.0,1.955121,13.541184,2.347977e-10,0.001955135,0.01354128,False,0.013332,True
2022-10-20,RS01SUM1-LJ01B-12-VEL3DB104,5,True,2022-10-20T00:00:00Z,2022-10-20T23:59:59Z,86400,86400,0,1.0,0.999991894,0.999993047,-0.003260409,0,0,0,0,-1e-06,3.067978,19.067283,-5.274686e-10,0.003068,0.01906742,False,0.013144,False
2022-10-21,RS01SUM1-LJ01B-12-VEL3DB104,5,True,2022-10-21T00:00:00Z,2022-10-21T23:59:59Z,86401,86401,0,1.0,0.999979973,0.999993103,-0.005123155,0,0,2,2,-0.0,3.580832,15.278072,-1.120109e-10,0.003580857,0.01527818,False,0.011806,False
2022-10-22,RS01SUM1-LJ01B-12-VEL3DB104,5,True,2022-10-22T00:00:00Z,2022-10-22T23:59:59Z,86401,86401,0,1.0,0.999985695,0.999992962,-0.000264092,0,0,0,0,1e-06,1.470232,12.18538,9.082366e-10,0.001470242,0.01218547,False,0.011871,False
2022-10-23,RS01SUM1-LJ01B-12-VEL3DB104,5,True,2022-10-23T00:00:00Z,2022-10-23T23:59:59Z,86400,86400,0,1.0,0.999997616,0.999992975,0.000344112,0,0,0,0,-0.0,0.911127,11.680075,-4.56964e-10,0.0009111337,0.01168016,False,0.011892,False
2022-10-24,RS01SUM1-LJ01B-12-VEL3DB104,5,True,2022-10-24T00:00:00Z,2022-10-24T23:59:59Z,86401,86401,0,1.0,0.999998093,0.999992918,-0.000728353,0,0,1,1,0.0,1.688893,12.68697,1.003055e-10,0.001688905,0.01268706,False,0.013271,False
2022-10-25,RS01SUM1-LJ01B-12-VEL3DB104,5,True,2022-10-25T00:00:00Z,2022-10-25T23:59:59Z,86400,86400,0,1.0,1.00001812,0.999992933,0.00071956,0,0,0,0,-0.0,0.848785,11.982678,-4.727569e-10,0.000848791,0.01198276,False,0.012588,False
2022-10-26,RS01SUM1-LJ01B-12-VEL3DB104,5,True,2022-10-26T00:00:00Z,2022-10-26T23:59:59Z,86401,86401,0,1.0,1.000016928,0.999992943,-0.000276207,0,0,1,1,0.0,1.024342,12.055525,4.495329e-10,0.00102435,0.01205561,False,0.013055,False
2022-10-27,RS01SUM1-LJ01B-12-VEL3DB104,5,True,2022-10-27T00:00:00Z,2022-10-27T23:59:59Z,86401,86401,0,1.0,1.000035763,0.999993023,0.000173634,0,0,1,1,1e-06,1.567876,12.394361,7.009614e-10,0.001567887,0.01239445,False,0.013288,False
2022-10-28,RS01SUM1-LJ01B-12-VEL3DB104,5,True,2022-10-28T00:00:00Z,2022-10-28T23:59:59Z,86400,86400,0,1.0,1.000024796,0.999993023,0.000849076,0,0,0,0,-1e-06,1.702017,12.728545,-5.451109e-10,0.001702028,0.01272863,False,0.012904,False
2022-10-29,RS01SUM1-LJ01B-12-VEL3DB104,5,True,2022-10-29T00:00:00Z,2022-10-29T23:59:59Z,86401,86401,0,1.0,1.000010014,0.999993009,0.001220875,0,0,4,4,0.0,2.028507,13.686238,2.608149e-11,0.002028521,0.01368633,False,0.013252,False
2022-10-30,RS01SUM1-LJ01B-12-VEL3DB104,5,True,2022-10-30T00:00:00Z,2022-10-30T23:59:59Z,86400,86400,0,1.0,1.000007153,0.999992961,0.002123115,0,0,0,0,-1e-06,1.250952,11.676353,-5.214832e-10,0.001250961,0.01167643,False,0.012925,False
2022-10-31,RS01SUM1-LJ01B-12-VEL3DB104,5,True,2022-10-31T00:00:00Z,2022-10-31T23:59:59Z,86401,86401,0,1.0,1.000033855,0.999992994,0.001619941,0,0,0,0,1e-06,1.676933,10.385597,8.699663e-10,0.001676945,0.01038567,False,0.012005,False
2022-11-01,RS01SUM1-LJ01B-12-VEL3DB104,5,True,2022-11-01T00:00:00Z,2022-11-01T23:59:59Z,86401,86401,0,1.0,1.000034809,0.999993026,0.001171092,0,0,0,0,1e-06,1.520144,12.178304,8.907252e-10,0.001520155,0.01217839,False,0.011574,False
2022-11-02,RS01SUM1-LJ01B-12-VEL3DB104,5,True,2022-11-02T00:00:00Z,2022-11-02T23:59:59Z,86400,86400,0,1.0,0.999984741,0.999993036,0.000342802,0,0,0,0,-0.0,1.691745,13.421033,-4.870673e-10,0.001691757,0.01342113,False,0.013382,False
2022-11-03,RS01SUM1-LJ01B-12-VEL3DB104,5,True,2022-11-03T00:00:00Z,2022-11-03T23:59:59Z,85955,86401,446,1.0,1.000044346,0.999993017,-0.001045071,2,446,2,447,-0.0,2.316402,10.910415,-1.744105e-10,0.002316418,0.01091049,False,0.023564,True
2022-11-04,RS01SUM1-LJ01B-12-VEL3DB104,5,True,2022-11-04T00:00:00Z,2022-11-04T23:59:59Z,86400,86400,0,1.0,0.999986649,0.999993025,-0.000909795,0,0,0,0,-0.0,1.019839,12.337303,-4.90519e-10,0.001019846,0.01233739,False,0.013627,False
2022-11-05,RS01SUM1-LJ01B-12-VEL3DB104,5,True,2022-11-05T00:00:00Z,2022-11-05T23:59:59Z,86401,86401,0,1.0,0.999991894,0.999992975,-0.002201321,0,0,1,1,-0.0,0.977471,12.037658,-1.426864e-10,0.0009774782,0.01203774,False,0.012259,False
2022-11-06,RS01SUM1-LJ01B-12-VEL3DB104,5,True,2022-11-06T00:00:00Z,2022-11-06T23:59:59Z,86401,86401,0,1.0,1.000004768,0.999993009,-0.002033235,0,0,2,2,1e-06,1.421739,11.977632,7.484375e-10,0.001421749,0.01197772,False,0.011826,False
2022-11-07,RS01SUM1-LJ01B-12-VEL3DB104,5,True,2022-11-07T00:00:00Z,2022-11-07T23:59:59Z,86400,86400,0,1.0,0.999989033,0.999992983,-0.00024022,0,0,0,0,-0.0,1.151398,12.083628,-4.673627e-10,0.001151406,0.01208371,False,0.01267,False
2022-11-08,RS01SUM1-LJ01B-12-VEL3DB104,5,True,2022-11-08T00:00:00Z,2022-11-08T23:59:59Z,86401,86401,0,1.0,0.999983311,0.999993016,0.000332336,0,0,2,2,-0.0,1.251305,14.386495,-4.693363e-10,0.001251314,0.0143866,False,0.012189,False
2022-11-09,RS01SUM1-LJ01B-12-VEL3DB104,5,True,2022-11-09T00:00:00Z,2022-11-09T23:59:59Z,86400,86400,0,1.0,1.000005245,0.999993054,-0.002213386,0,0,0,0,-0.0,1.290136,11.932107,-4.686066e-10,0.001290145,0.01193219,False,0.013252,False
2022-11-10,RS01SUM1-LJ01B-12-VEL3DB104,5,True,2022-11-10T00:00:00Z,2022-11-10T23:59:59Z,86401,86401,0,1.0,1.000008106,0.99999303,0.001160143,0,0,0,0,1e-06,1.172308,12.068367,8.693952e-10,0.001172316,0.01206845,False,0.012567,False
2022-11-11,RS01SUM1-LJ01B-12-VEL3DB104,5,True,2022-11-11T00:00:00Z,2022-11-11T23:59:59Z,86401,86401,0,1.0,1.000004768,0.999993039,0.00072664,0,0,1,1,0.0,1.160371,12.571504,3.263085e-10,0.001160379,0.01257159,False,0.013335,False
2022-11-12,RS01SUM1-LJ01B-12-VEL3DB104,5,True,2022-11-12T00:00:00Z,2022-11-12T23:59:59Z,86400,86400,0,1.0,0.999996185,0.999993036,0.000990293,0,0,0,0,-1e-06,1.524056,9.539214,-5.003087e-10,0.001524067,0.00953928,False,0.011357,False
2022-11-13,RS01SUM1-LJ01B-12-VEL3DB104,5,True,2022-11-13T00:00:00Z,2022-11-13T23:59:59Z,86401,86401,0,1.0,1.000003815,0.999993074,-0.000769748,0,0,1,1,1e-06,0.86745,3.172735,5.69366e-10,0.0008674565,0.003172757,False,0.003089,False
2022-11-14,RS01SUM1-LJ01B-12-VEL3DB104,5,True,2022-11-14T00:00:00Z,2022-11-14T23:59:59Z,86400,86400,0,1.0,0.999981403,0.99999304,-0.000542829,0,0,0,0,-1e-06,0.926435,10.153522,-5.311582e-10,0.0009264413,0.01015359,False,0.012449,False
2022-11-15,RS01SUM1-LJ01B-12-VEL3DB104,5,True,2022-11-15T00:00:00Z,2022-11-15T23:59:59Z,86401,86401,0,1.0,1.000052929,0.999993081,0.000360789,0,0,3,3,0.0,1.436778,8.207091,2.867621e-10,0.001436788,0.008207148,False,0.010391,False
2022-11-16,RS01SUM1-LJ01B-12-VEL3DB104,5,True,2022-11-16T00:00:00Z,2022-11-16T23:59:59Z,86401,86401,0,1.0,1.00003767,0.999993063,-0.000384361,0,0,2,2,0.0,1.810323,5.432359,3.818853e-10,0.001810335,0.005432397,False,0.002958,False
2022-11-17,RS01SUM1-LJ01B-12-VEL3DB104,5,True,2022-11-17T00:00:00Z,2022-11-17T23:59:59Z,86400,86400,0,1.0,1.00002718,0.999993062,0.00024641,0,0,0,0,-0.0,1.743551,11.889498,-4.914953e-10,0.001743563,0.01188958,False,0.013977,False
2022-11-18,RS01SUM1-LJ01B-12-VEL3DB104,5,True,2022-11-18T00:00:00Z,2022-11-18T23:59:59Z,86401,86401,0,1.0,0.999989033,0.999993053,-0.000460057,0,0,2,2,0.0,0.890175,11.568673,2.819624e-10,0.0008901817,0.01156875,False,0.011784,False
2022-11-19,RS01SUM1-LJ01B-12-VEL3DB104,5,True,2022-11-19T00:00:00Z,2022-11-19T23:59:59Z,86400,86400,0,1.0,0.999984741,0.99999303,-0.001486495,0,0,0,0,-0.0,0.825085,3.085947,-4.729553e-10,0.0008250912,0.003085968,False,0.002987,False
2022-11-20,RS01SUM1-LJ01B-12-VEL3DB104,5,True,2022-11-20T00:00:00Z,2022-11-20T23:59:59Z,86401,86401,0,1.0,0.999972343,0.999993037,0.000128516,0,0,0,0,1e-06,1.850393,11.593187,8.555143e-10,0.001850406,0.01159327,False,0.011537,False
2022-11-21,RS01SUM1-LJ01B-12-VEL3DB104,5,True,2022-11-21T00:00:00Z,2022-11-21T23:59:59Z,86401,86401,0,1.0,0.999945164,0.999993008,-0.000667443,0,0,1,1,-0.0,0.913919,3.164638,-1.250473e-10,0.0009139251,0.00316466,False,0.003097,False
2022-11-22,RS01SUM1-LJ01B-12-VEL3DB104,5,True,2022-11-22T00:00:00Z,2022-11-22T23:59:59Z,86400,86400,0,1.0,0.999863148,0.999993,-0.002001675,0,0,0,0,-0.0,5.153358,9.748481,-4.949605e-10,0.005153394,0.009748549,False,0.014197,False
2022-11-23,RS01SUM1-LJ01B-12-VEL3DB104,5,True,2022-11-23T00:00:00Z,2022-11-23T23:59:59Z,86401,86401,0,1.0,0.999793053,0.999993024,-0.004598889,0,0,3,3,0.0,5.426855,11.399177,1.067435e-10,0.005426893,0.01139926,False,0.014007,False
2022-11-24,RS01SUM1-LJ01B-12-VEL3DB104,5,True,2022-11-24T00:00:00Z,2022-11-24T23:59:59Z,86400,86400,0,1.0,0.999911785,0.999992982,0.007922818,0,0,0,0,-0.0,5.092292,10.237882,-4.824845e-10,0.005092328,0.01023795,False,0.014562,False
2022-11-25,RS01SUM1-LJ01B-12-VEL3DB104,5,True,2022-11-25T00:00:00Z,2022-11-25T23:59:59Z,86401,86401,0,1.0,1.000032902,0.99999306,-0.001278151,0,0,1,1,-1e-06,1.623111,11.960979,-7.891956e-10,0.001623122,0.01196106,False,0.013614,False
2022-11-26,RS01SUM1-LJ01B-12-VEL3DB104,5,True,2022-11-26T00:00:00Z,2022-11-26T23:59:59Z,86401,86401,0,1.0,1.000034332,0.999993032,0.000329012,0,0,1,1,-0.0,0.960441,3.054825,-3.033981e-10,0.0009604475,0.003054846,False,0.003198,False
2022-11-27,RS01SUM1-LJ01B-12-VEL3DB104,5,True,2022-11-27T00:00:00Z,2022-11-27T23:59:59Z,86400,86400,0,1.0,1.00002861,0.99999307,-0.000174484,0,0,0,0,-0.0,0.95839,11.701011,-4.740201e-10,0.0009583961,0.01170109,False,0.011976,False
2022-11-28,RS01SUM1-LJ01B-12-VEL3DB104,5,True,2022-11-28T00:00:00Z,2022-11-28T23:59:59Z,86401,86401,0,1.0,1.000072002,0.999993066,-0.000246795,0,0,0,0,1e-06,0.978826,3.381637,8.71734e-10,0.0009788327,0.00338166,False,0.003175,False
2022-11-29,RS01SUM1-LJ01B-12-VEL3DB104,5,True,2022-11-29T00:00:00Z,2022-11-29T20:37:59Z,74280,74280,0,1.0,0.999994755,0.999993019,8.2964e-05,0,0,0,0,-0.0,1.034981,3.164989,-1.101443e-10,0.001034988,0.003165011,False,0.003124,False
2022-11-30,RS01SUM1-LJ01B-12-VEL3DB104,5,False,,,0,0,,1.0,,,,,,,,,,,,,,,,False
2022-12-01,RS01SUM1-LJ01B-12-VEL3DB104,5,True,2022-12-01T23:11:13Z,2022-12-01T23:59:59Z,2927,2927,0,1.0,0.999975204,0.999991076,-0.01090229,0,0,0,0,0.0,1.675302,10.90229,4.973423e-12,0.001675317,0.01090239,False,0.01022,False
2022-12-02,RS01SUM1-LJ01B-12-VEL3DB104,5,True,2022-12-02T00:00:00Z,2022-12-02T23:59:59Z,86400,86400,0,1.0,0.999997139,0.999993009,0.001737811,0,0,0,0,-1e-06,0.872706,3.325547,-5.089542e-10,0.0008727123,0.00332557,False,0.003478,False
2022-12-03,RS01SUM1-LJ01B-12-VEL3DB104,5,True,2022-12-03T00:00:00Z,2022-12-03T23:59:59Z,86401,86401,0,1.0,1.000007153,0.99999297,-0.001882685,0,0,1,1,0.0,0.980804,10.449674,5.46278e-11,0.000980811,0.01044975,False,0.01157,False
2022-12-04,RS01SUM1-LJ01B-12-VEL3DB104,5,True,2022-12-04T00:00:00Z,2022-12-04T23:59:59Z,86401,86401,0,1.0,1.000055313,0.999992991,0.000458826,0,0,0,0,1e-06,1.13856,11.288231,8.564759e-10,0.001138568,0.01128831,False,0.010416,False
2022-12-05,RS01SUM1-LJ01B-12-VEL3DB104,5,True,2022-12-05T00:00:00Z,2022-12-05T23:59:59Z,86400,86400,0,1.0,0.999989033,0.999992968,-0.000160763,0,0,0,0,-0.0,1.131088,3.727041,-4.993711e-10,0.001131096,0.003727068,False,0.003303,False
2022-12-06,RS01SUM1-LJ01B-12-VEL3DB104,5,True,2022-12-06T00:00:00Z,2022-12-06T23:59:59Z,86401,86401,0,1.0,1.00000906,0.999992991,-0.001290053,0,0,4,4,1e-06,0.964518,11.586126,6.115405e-10,0.0009645246,0.01158621,False,0.011539,False
2022-12-07,RS01SUM1-LJ01B-12-VEL3DB104,5,True,2022-12-07T00:00:00Z,2022-12-07T23:59:59Z,86400,86400,0,1.0,0.999996185,0.999992991,-0.000393996,0,0,0,0,-1e-06,0.974527,10.878065,-5.064711e-10,0.0009745343,0.01087814,False,0.010215,False
2022-12-08,RS01SUM1-LJ01B-12-VEL3DB104,5,True,2022-12-08T00:00:00Z,2022-12-08T23:59:59Z,86401,86401,0,1.0,1.0,0.999992996,0.001376403,0,0,0,0,1e-06,1.095017,3.556144,9.123515e-10,0.001095024,0.003556168,False,0.003142,False
2022-12-09,RS01SUM1-LJ01B-12-VEL3DB104,5,True,2022-12-09T00:00:00Z,2022-12-09T23:59:59Z,86401,86401,0,1.0,1.000013828,0.999992991,-0.001112016,0,0,1,1,1e-06,1.239512,4.156181,5.545327e-10,0.001239521,0.00415621,False,0.003229,False
2022-12-10,RS01SUM1-LJ01B-12-VEL3DB104,5,True,2022-12-10T00:00:00Z,2022-12-10T23:59:59Z,86400,86400,0,1.0,1.000023842,0.999993014,-0.001221086,0,0,0,0,-1e-06,0.985334,3.308607,-5.200157e-10,0.000985341,0.00330863,False,0.003215,False
2022-12-11,RS01SUM1-LJ01B-12-VEL3DB104,5,True,2022-12-11T00:00:00Z,2022-12-11T23:59:59Z,86401,86401,0,1.0,1.000085831,0.999992991,0.000567749,0,0,0,0,1e-06,1.253426,4.066751,8.902652e-10,0.001253435,0.00406678,False,0.003193,False
2022-12-12,RS01SUM1-LJ01B-12-VEL3DB104,5,True,2022-12-12T00:00:00Z,2022-12-12T23:59:59Z,86400,86400,0,1.0,1.000019073,0.99999296,-0.000377716,0,0,0,0,-0.0,0.966294,11.648237,-4.718698e-10,0.0009663004,0.01164832,False,0.011489,False
2022-12-13,RS01SUM1-LJ01B-12-VEL3DB104,5,True,2022-12-13T00:00:00Z,2022-12-13T23:59:59Z,86401,86401,0,1.0,1.000100136,0.99999301,0.001343468,0,0,2,2,0.0,1.216499,4.145771,1.036102e-10,0.001216507,0.0041458,False,0.003054,False
2022-12-14,RS01SUM1-LJ01B-12-VEL3DB104,5,True,2022-12-14T00:00:00Z,2022-12-14T23:59:59Z,86401,86401,0,1.0,1.00004673,0.999992954,-0.002233535,0,0,2,2,-1e-06,1.118165,3.561454,-6.942944e-10,0.001118173,0.003561479,False,0.003236,False
2022-12-15,RS01SUM1-LJ01B-12-VEL3DB104,5,True,2022-12-15T00:00:00Z,2022-12-15T23:59:59Z,86400,86400,0,1.0,1.000032425,0.999993001,-0.001728688,0,0,0,0,-0.0,1.385901,5.934346,-4.573431e-10,0.001385911,0.005934388,False,0.00446,False
2022-12-16,RS01SUM1-LJ01B-12-VEL3DB104,5,True,2022-12-16T00:00:00Z,2022-12-16T23:59:59Z,86401,86401,0,1.0,0.999984741,0.999992962,-0.001278995,0,0,0,0,1e-06,1.153611,3.618712,8.802057e-10,0.001153619,0.003618737,False,0.003231,False
2022-12-17,RS01SUM1-LJ01B-12-VEL3DB104,5,True,2022-12-17T00:00:00Z,2022-12-17T23:59:59Z,86400,86400,0,1.0,1.000022888,0.999992984,0.001080592,0,0,0,0,-1e-06,1.116875,11.165596,-5.05475e-10,0.001116883,0.01116567,False,0.011978,False
2022-12-18,RS01SUM1-LJ01B-12-VEL3DB104,5,True,2022-12-18T00:00:00Z,2022-12-18T23:59:59Z,86401,86401,0,1.0,1.000067234,0.999992972,-0.00108747,0,0,0,0,1e-06,0.989292,3.742836,8.629734e-10,0.0009892986,0.003742862,False,0.003088,False
2022-12-19,RS01SUM1-LJ01B-12-VEL3DB104,5,True,2022-12-19T00:00:00Z,2022-12-19T23:59:59Z,86401,86401,0,1.0,1.000032902,0.999992973,-0.000295641,0,0,1,1,0.0,1.349624,12.81064,3.214507e-10,0.001349634,0.01281073,False,0.011546,False
2022-12-20,RS01SUM1-LJ01B-12-VEL3DB104,5,True,2022-12-20T00:00:00Z,2022-12-20T23:59:59Z,86400,86400,0,1.0,1.00005579,0.999992964,0.000344084,0,0,0,0,-0.0,1.105654,10.953612,-4.832305e-10,0.001105662,0.01095369,False,0.012072,False
2022-12-21,RS01SUM1-LJ01B-12-VEL3DB104,5,True,2022-12-21T00:00:00Z,2022-12-21T23:59:59Z,86401,86401,0,1.0,1.000052929,0.999992976,0.00109804,0,0,0,0,1e-06,1.166123,11.802391,8.995749e-10,0.001166131,0.01180247,False,0.010453,False
2022-12-22,RS01SUM1-LJ01B-12-VEL3DB104,5,True,2022-12-22T00:00:00Z,2022-12-22T23:59:59Z,86400,86400,0,1.0,1.000024796,0.999992916,-0.00143586,0,0,0,0,-1e-06,1.2058,12.507151,-5.162541e-10,0.001205809,0.01250724,False,0.013968,False
2022-12-23,RS01SUM1-LJ01B-12-VEL3DB104,5,True,2022-12-23T00:00:00Z,2022-12-23T23:59:59Z,86401,86401,0,1.0,1.000197887,0.999992953,-0.002442661,0,0,0,0,1e-06,1.676399,9.933197,9.173273e-10,0.001676411,0.009933267,False,0.011923,False
2022-12-24,RS01SUM1-LJ01B-12-VEL3DB104,5,True,2022-12-24T00:00:00Z,2022-12-24T23:59:59Z,86401,86401,0,1.0,1.000067711,0.99999289,-0.001424082,0,0,1,1,0.0,2.404843,12.243133,5.585731e-11,0.00240486,0.01224322,False,0.014724,False
2022-12-25,RS01SUM1-LJ01B-12-VEL3DB104,5,True,2022-12-25T00:00:00Z,2022-12-25T23:59:59Z,86400,86400,0,1.0,1.00011301,0.99999295,-0.001926621,0,0,0,0,-0.0,3.77084,12.843878,-4.48235e-10,0.003770867,0.01284397,False,0.014891,False
2022-12-26,RS01SUM1-LJ01B-12-VEL3DB104,5,True,2022-12-26T00:00:00Z,2022-12-26T23:59:59Z,86401,86401,0,1.0,1.000180244,0.999992982,-0.000328114,0,0,0,0,1e-06,0.907429,11.104189,9.365947e-10,0.0009074355,0.01110427,False,0.011823,False
2022-12-27,RS01SUM1-LJ01B-12-VEL3DB104,5,True,2022-12-27T00:00:00Z,2022-12-27T23:59:59Z,83523,86401,2878,1.0,1.00008297,0.999993013,-0.000476877,5,2878,5,2879,1e-06,1.969439,12.07384,5.072892e-10,0.001969453,0.01207392,False,0.070534,True
2022-12-28,RS01SUM1-LJ01B-12-VEL3DB104,5,True,2022-12-28T00:00:00Z,2022-12-28T23:59:59Z,86400,86400,0,1.0,1.00005579,0.999992976,0.000868443,0,0,0,0,-0.0,2.243307,8.872338,-4.952584e-10,0.002243322,0.008872401,False,0.014328,False
2022-12-29,RS01SUM1-LJ01B-12-VEL3DB104,5,True,2022-12-29T00:00:00Z,2022-12-29T23:59:59Z,86401,86401,0,1.0,1.000008106,0.999992996,-0.001976403,0,0,3,3,-1e-06,1.042729,3.703779,-5.420913e-10,0.001042736,0.003703805,False,0.003262,False
2022-12-30,RS01SUM1-LJ01B-12-VEL3DB104,5,True,2022-12-30T00:00:00Z,2022-12-30T23:59:59Z,86400,86400,0,1.0,1.000067711,0.999992963,-0.000224129,0,0,0,0,-1e-06,1.368195,4.27246,-5.020335e-10,0.001368205,0.00427249,False,0.003176,False
2022-12-31,RS01SUM1-LJ01B-12-VEL3DB104,5,True,2022-12-31T00:00:00Z,2022-12-31T23:59:59Z,86401,86401,0,1.0,1.000029087,0.999993015,-0.000456279,0,0,1,1,0.0,2.047765,12.798486,3.06996e-10,0.002047779,0.01279858,False,0.009987,False
2023-01-01,RS01SUM1-LJ01B-12-VEL3DB104,5,True,2023-01-01T00:00:00Z,2023-01-01T23:59:59Z,86401,86401,0,1.0,0.999935627,0.999992946,0.000679847,0,0,3,3,-0.0,1.406098,10.460464,-2.875292e-10,0.001406108,0.01046054,False,0.010546,False
2023-01-02,RS01SUM1-LJ01B-12-VEL3DB104,5,True,2023-01-02T00:00:00Z,2023-01-02T23:59:59Z,86400,86400,0,1.0,0.999884129,0.999992847,-1.0164e-05,0,0,0,0,-1e-06,2.236598,9.729444,-5.27096e-10,0.002236614,0.009729514,False,0.013255,False
2023-01-03,RS01SUM1-LJ01B-12-VEL3DB104,5,True,2023-01-03T00:00:00Z,2023-01-03T23:59:59Z,86401,86401,0,1.0,0.999921799,0.999992946,0.007515908,0,0,0,0,1e-06,1.859107,12.407629,9.092179e-10,0.00185912,0.01240772,False,0.012433,False
2023-01-04,RS01SUM1-LJ01B-12-VEL3DB104,5,True,2023-01-04T00:00:00Z,2023-01-04T23:59:59Z,86400,86400,0,1.0,0.999874592,0.999992876,0.001782875,0,0,0,0,-0.0,1.023905,11.931144,-4.475795e-10,0.001023913,0.01193123,False,0.011846,False
2023-01-05,RS01SUM1-LJ01B-12-VEL3DB104,5,True,2023-01-05T00:00:00Z,2023-01-05T23:59:59Z,86401,86401,0,1.0,0.999958038,0.999992943,-0.001452214,0,0,0,0,1e-06,1.071764,10.784171,8.610601e-10,0.001071771,0.01078425,False,0.011529,False
2023-01-06,RS01SUM1-LJ01B-12-VEL3DB104,5,True,2023-01-06T00:00:00Z,2023-01-06T23:59:59Z,86401,86401,0,1.0,0.999906063,0.99999288,0.00019227,0,0,0,0,1e-06,1.126704,3.864285,8.822986e-10,0.001126712,0.003864313,False,0.003494,False
2023-01-07,RS01SUM1-LJ01B-12-VEL3DB104,5,True,2023-01-07T00:00:00Z,2023-01-07T23:59:59Z,86400,86400,0,1.0,0.999934196,0.999992894,0.000559024,0,0,0,0,-0.0,0.83238,2.921,-4.311414e-10,0.0008323861,0.002921021,False,0.003167,False
2023-01-08,RS01SUM1-LJ01B-12-VEL3DB104,5,True,2023-01-08T00:00:00Z,2023-01-08T23:59:59Z,86401,86401,0,1.0,1.000025272,0.999992933,0.001288569,0,0,0,0,1e-06,0.976084,3.708818,8.375251e-10,0.0009760907,0.003708844,False,0.003127,False
2023-01-09,RS01SUM1-LJ01B-12-VEL3DB104,5,True,2023-01-09T00:00:00Z,2023-01-09T23:59:59Z,86400,86400,0,1.0,0.999937057,0.999992906,-0.002718942,0,0,0,0,-0.0,1.272045,4.975081,-4.955434e-10,0.001272054,0.004975116,False,0.003286,False
2023-01-10,RS01SUM1-LJ01B-12-VEL3DB104,5,True,2023-01-10T00:00:00Z,2023-01-10T23:59:59Z,86401,86401,0,1.0,0.999949932,0.99999295,-0.002757567,0,0,1,1,1e-06,1.196836,12.535478,1.104397e-09,0.001196844,0.01253557,False,0.01358,False
2023-01-11,RS01SUM1-LJ01B-12-VEL3DB104,5,True,2023-01-11T00:00:00Z,2023-01-11T20:27:10Z,73632,73632,0,1.0,0.999958992,0.999992868,0.000162917,0,0,1,1,0.0,1.001702,11.393371,1.986411e-10,0.001001709,0.01139345,False,0.012568,False
2023-01-12,RS01SUM1-LJ01B-12-VEL3DB104,5,False,,,0,0,,1.0,,,,,,,,,,,,,,,,False
2023-01-13,RS01SUM1-LJ01B-12-VEL3DB104,5,True,2023-01-13T01:27:57Z,2023-01-13T23:59:59Z,81124,81124,0,1.0,0.999979973,0.999992816,-0.019266247,0,0,1,1,-0.0,1.595095,19.266247,-2.718788e-10,0.001595106,0.01926639,False,0.013167,False
2023-01-14,RS01SUM1-LJ01B-12-VEL3DB104,5,True,2023-01-14T00:00:00Z,2023-01-14T23:59:59Z,86400,86400,0,1.0,0.999897957,0.999992798,0.001946299,0,0,0,0,-0.0,1.473913,7.400718,-4.61975e-10,0.001473923,0.007400772,False,0.006479,False
2023-01-15,RS01SUM1-LJ01B-12-VEL3DB104,5,True,2023-01-15T00:00:00Z,2023-01-15T23:59:59Z,86401,86401,0,1.0,0.999917984,0.999992793,0.000727254,0,0,0,0,1e-06,1.261211,10.635883,8.545753e-10,0.00126122,0.01063596,False,0.01225,False
2023-01-16,RS01SUM1-LJ01B-12-VEL3DB104,5,True,2023-01-16T00:00:00Z,2023-01-16T23:59:59Z,86400,86400,0,1.0,0.999979973,0.999992856,0.001912124,0,0,0,0,-0.0,1.428392,5.947285,-4.432808e-10,0.001428402,0.005947327,False,0.004835,False
2023-01-17,RS01SUM1-LJ01B-12-VEL3DB104,5,True,2023-01-17T00:00:00Z,2023-01-17T23:59:59Z,86401,86401,0,1.0,0.999923706,0.999992878,-0.00093033,0,0,2,2,-0.0,1.396802,9.624094,-4.180717e-10,0.001396812,0.009624163,False,0.010104,False
2023-01-18,RS01SUM1-LJ01B-12-VEL3DB104,5,True,2023-01-18T00:00:00Z,2023-01-18T23:59:59Z,86401,86401,0,1.0,0.999908924,0.999992841,-0.001876385,0,0,1,1,-0.0,1.260225,9.3145,-2.684066e-10,0.001260234,0.009314566,False,0.010345,False
2023-01-19,RS01SUM1-LJ01B-12-VEL3DB104,5,True,2023-01-19T00:00:00Z,2023-01-19T23:59:59Z,86400,86400,0,1.0,0.999932766,0.999992858,-0.001701769,0,0,0,0,-0.0,1.185845,10.651792,-4.512227e-10,0.001185853,0.01065187,False,0.011569,False
2023-01-20,RS01SUM1-LJ01B-12-VEL3DB104,5,True,2023-01-20T00:00:00Z,2023-01-20T23:59:59Z,86401,86401,0,1.0,0.999920845,0.999992875,-0.00164554,0,0,0,0,1e-06,0.927607,10.12102,9.140983e-10,0.000927614,0.01012109,False,0.011602,False
2023-01-21,RS01SUM1-LJ01B-12-VEL3DB104,5,True,2023-01-21T00:00:00Z,2023-01-21T23:59:59Z,86401,86401,0,1.0,0.999975681,0.999992871,-0.001340192,0,0,2,2,0.0,0.964944,5.622068,2.243333e-10,0.0009649513,0.005622108,False,0.005349,False
2023-01-22,RS01SUM1-LJ01B-12-VEL3DB104,5,True,2023-01-22T00:00:00Z,2023-01-22T23:59:59Z,86400,86400,0,1.0,0.999948025,0.999992828,-0.001591635,0,0,0,0,-0.0,1.249336,12.060034,-4.799187e-10,0.001249345,0.01206012,False,0.013001,False
2023-01-23,RS01SUM1-LJ01B-12-VEL3DB104,5,True,2023-01-23T00:00:00Z,2023-01-23T23:59:59Z,86401,86401,0,1.0,1.000062943,0.999992929,-0.001365968,0,0,1,1,-1e-06,1.97563,9.261459,-5.702552e-10,0.001975644,0.009261524,False,0.005412,False
2023-01-24,RS01SUM1-LJ01B-12-VEL3DB104,5,True,2023-01-24T00:00:00Z,2023-01-24T23:59:59Z,86400,86400,0,1.0,0.999937057,0.999992964,0.001227916,0,0,0,0,-0.0,1.015805,3.247127,-4.783513e-10,0.001015812,0.00324715,False,0.003283,False
2023-01-25,RS01SUM1-LJ01B-12-VEL3DB104,5,True,2023-01-25T00:00:00Z,2023-01-25T23:59:59Z,86401,86401,0,1.0,0.999920845,0.999993074,-0.003190312,0,0,2,2,0.0,1.428513,14.021355,5.754149e-11,0.001428523,0.01402145,False,0.01198,False
2023-01-26,RS01SUM1-LJ01B-12-VEL3DB104,5,True,2023-01-26T00:00:00Z,2023-01-26T23:59:59Z,86401,86401,0,1.0,0.999922276,0.999993083,-0.002157391,0,0,2,2,-0.0,1.916364,5.21081,-9.096689e-11,0.001916377,0.005210846,False,0.00298,False
2023-01-27,RS01SUM1-LJ01B-12-VEL3DB104,5,True,2023-01-27T00:00:00Z,2023-01-27T23:59:59Z,86400,86400,0,1.0,1.000143051,0.999993068,-0.002134018,0,0,0,0,-1e-06,1.43287,4.392144,-5.284967e-10,0.00143288,0.004392175,False,0.003478,False
2023-01-28,RS01SUM1-LJ01B-12-VEL3DB104,5,True,2023-01-28T00:00:00Z,2023-01-28T23:59:59Z,86401,86401,0,1.0,0.999984741,0.999993008,0.001115749,0,0,0,0,1e-06,1.694175,4.733567,9.262932e-10,0.001694187,0.0047336,False,0.003067,False
2023-01-29,RS01SUM1-LJ01B-12-VEL3DB104,5,True,2023-01-29T00:00:00Z,2023-01-29T23:59:59Z,86400,86400,0,1.0,0.999985218,0.999993004,-0.002583425,0,0,0,0,-1e-06,1.058126,5.766569,-5.076615e-10,0.001058134,0.005766609,False,0.006813,False
2023-01-30,RS01SUM1-LJ01B-12-VEL3DB104,5,True,2023-01-30T00:00:00Z,2023-01-30T23:59:59Z,86401,86401,0,1.0,0.999953747,0.999992974,-0.001348731,0,0,2,2,-1e-06,1.164031,4.212184,-7.508853e-10,0.001164039,0.004212214,False,0.003647,False
2023-01-31,RS01SUM1-LJ01B-12-VEL3DB104,5,True,2023-01-31T00:00:00Z,2023-01-31T23:59:59Z,86401,86401,0,1.0,0.999958038,0.999993004,-0.000568443,0,0,0,0,1e-06,1.040334,5.965971,8.995333e-10,0.001040341,0.005966013,False,0.005059,False
2023-02-01,RS01SUM1-LJ01B-12-VEL3DB104,5,True,2023-02-01T00:00:00Z,2023-02-01T23:59:59Z,86400,86400,0,1.0,0.999988079,0.999993002,-0.001498894,0,0,0,0,-0.0,0.991846,6.392517,-4.750544e-10,0.000991853,0.006392562,False,0.005377,False
2023-02-02,RS01SUM1-LJ01B-12-VEL3DB104,5,True,2023-02-02T00:00:00Z,2023-02-02T23:59:59Z,86401,86401,0,1.0,0.999937057,0.999992949,-0.000819456,0,0,0,0,1e-06,0.821024,3.009936,8.902837e-10,0.0008210301,0.003009957,False,0.003125,False
2023-02-03,RS01SUM1-LJ01B-12-VEL3DB104,5,True,2023-02-03T00:00:00Z,2023-02-03T23:59:59Z,86400,86400,0,1.0,0.999988079,0.999992971,-9.2153e-05,0,0,0,0,-0.0,1.168101,5.021361,-4.709229e-10,0.001168109,0.005021397,False,0.003658,False
2023-02-04,RS01SUM1-LJ01B-12-VEL3DB104,5,True,2023-02-04T00:00:00Z,2023-02-04T23:59:59Z,86401,86401,0,1.0,0.99996376,0.999992907,-0.000199449,0,0,1,1,-0.0,1.222442,11.812507,-3.326718e-10,0.001222451,0.01181259,False,0.012488,False
2023-02-05,RS01SUM1-LJ01B-12-VEL3DB104,5,True,2023-02-05T00:00:00Z,2023-02-05T23:59:59Z,86401,86401,0,1.0,1.000014782,0.999992946,0.000363543,0,0,4,4,0.0,0.983181,4.734786,1.324291e-10,0.0009831882,0.004734819,False,0.005216,False
2023-02-06,RS01SUM1-LJ01B-12-VEL3DB104,5,True,2023-02-06T00:00:00Z,2023-02-06T23:59:59Z,86400,86400,0,1.0,1.000030994,0.999992905,0.000618387,0,0,0,0,-0.0,1.06927,6.569094,-4.82631e-10,0.001069277,0.00656914,False,0.006637,False
2023-02-07,RS01SUM1-LJ01B-12-VEL3DB104,5,True,2023-02-07T00:00:00Z,2023-02-07T23:59:59Z,86039,86401,362,1.0,1.000030994,0.999992881,0.000446514,2,362,2,362,-0.0,1.005971,3.276412,-1.20892e-10,0.001005979,0.003276435,False,0.013727,True
2023-02-08,RS01SUM1-LJ01B-12-VEL3DB104,5,True,2023-02-08T00:00:00Z,2023-02-08T23:59:59Z,86401,86401,0,1.0,0.999973774,0.999992861,0.000478091,0,0,1,1,0.0,0.922406,5.660935,3.60495e-10,0.0009224127,0.005660976,False,0.005597,False
2023-02-09,RS01SUM1-LJ01B-12-VEL3DB104,5,True,2023-02-09T00:00:00Z,2023-02-09T23:59:59Z,86400,86400,0,1.0,0.999914169,0.99999288,0.002400624,0,0,0,0,-0.0,1.734096,4.77649,-4.957503e-10,0.001734108,0.004776524,False,0.00351,False
2023-02-10,RS01SUM1-LJ01B-12-VEL3DB104,5,True,2023-02-10T00:00:00Z,2023-02-10T23:59:59Z,86401,86401,0,1.0,0.999960899,0.999992936,-0.001050968,0,0,0,0,1e-06,1.27537,6.727751,8.282381e-10,0.001275379,0.006727799,False,0.005883,False
2023-02-11,RS01SUM1-LJ01B-12-VEL3DB104,5,True,2023-02-11T00:00:00Z,2023-02-11T23:59:59Z,86400,86400,0,1.0,0.999950886,0.999992967,-0.00310992,0,0,0,0,-0.0,1.737251,11.474718,-4.78942e-10,0.001737263,0.0114748,False,0.010411,False
2023-02-12,RS01SUM1-LJ01B-12-VEL3DB104,5,True,2023-02-12T00:00:00Z,2023-02-12T23:59:59Z,86401,86401,0,1.0,0.999960899,0.999992878,-0.000259793,0,0,0,0,1e-06,0.91348,3.670651,8.574287e-10,0.0009134864,0.003670677,False,0.003588,False
2023-02-13,RS01SUM1-LJ01B-12-VEL3DB104,5,True,2023-02-13T00:00:00Z,2023-02-13T23:59:59Z,86401,86401,0,1.0,0.999949932,0.999992884,-0.001853392,0,0,2,2,1e-06,1.219654,7.556777,7.672997e-10,0.001219662,0.007556831,False,0.005529,False
2023-02-14,RS01SUM1-LJ01B-12-VEL3DB104,5,True,2023-02-14T00:00:00Z,2023-02-14T23:59:59Z,86400,86400,0,1.0,0.999959946,0.999992892,0.001279456,0,0,0,0,-1e-06,1.101197,5.062561,-5.084407e-10,0.001101205,0.005062597,False,0.003495,False
2023-02-15,RS01SUM1-LJ01B-12-VEL3DB104,5,True,2023-02-15T00:00:00Z,2023-02-15T23:59:59Z,86401,86401,0,1.0,0.99994278,0.999992896,0.000444713,0,0,0,0,1e-06,1.056872,7.166586,8.703603e-10,0.001056879,0.007166637,False,0.006733,False
2023-02-16,RS01SUM1-LJ01B-12-VEL3DB104,5,True,2023-02-16T00:00:00Z,2023-02-16T23:59:59Z,86400,86400,0,1.0,0.999964714,0.999992948,-0.001349726,0,0,0,0,-1e-06,2.312323,7.298291,-5.200834e-10,0.00231234,0.007298343,False,0.004862,False
2023-02-17,RS01SUM1-LJ01B-12-VEL3DB104,5,True,2023-02-17T00:00:00Z,2023-02-17T23:59:59Z,86401,86401,0,1.0,0.999912739,0.999992883,0.004272731,0,0,0,0,1e-06,1.484992,6.531368,8.558831e-10,0.001485003,0.006531414,False,0.010071,False
2023-02-18,RS01SUM1-LJ01B-12-VEL3DB104,5,True,2023-02-18T00:00:00Z,2023-02-18T23:59:59Z,86401,86401,0,1.0,0.999941826,0.999992959,0.000205403,0,0,1,1,-0.0,1.820207,7.803886,-2.852399e-10,0.00182022,0.007803941,False,0.005038,False
2023-02-19,RS01SUM1-LJ01B-12-VEL3DB104,5,True,2023-02-19T00:00:00Z,2023-02-19T23:59:59Z,86400,86400,0,1.0,0.999940872,0.999992925,0.001296224,0,0,0,0,-1e-06,0.899614,8.885982,-5.205395e-10,0.0008996202,0.008886045,False,0.010419,False
2023-02-20,RS01SUM1-LJ01B-12-VEL3DB104,5,True,2023-02-20T00:00:00Z,2023-02-20T23:59:59Z,86401,86401,0,1.0,0.999938011,0.999992965,-0.001352554,0,0,1,1,-0.0,1.046963,11.902935,-4.101945e-10,0.00104697,0.01190302,False,0.011868,False
2023-02-21,RS01SUM1-LJ01B-12-VEL3DB104,5,True,2023-02-21T00:00:00Z,2023-02-21T23:59:59Z,86400,86400,0,1.0,0.999913692,0.999992972,0.000703645,0,0,0,0,-0.0,0.784063,2.824291,-4.825445e-10,0.0007840688,0.002824311,False,0.00332,False
2023-02-22,RS01SUM1-LJ01B-12-VEL3DB104,5,True,2023-02-22T00:00:00Z,2023-02-22T23:59:59Z,56353,86401,30048,1.0,0.999916077,0.99999296,-0.000402182,165,30048,165,30050,0.0,0.740497,10.772188,2.905818e-10,0.0007405027,0.01077226,False,0.200106,True
2023-02-23,RS01SUM1-LJ01B-12-VEL3DB104,5,True,2023-02-23T00:00:00Z,2023-02-23T23:59:59Z,86401,86401,0,1.0,0.999952316,0.999993002,-0.00116788,0,0,4,4,0.0,0.941953,3.683135,4.843547e-10,0.0009419597,0.00368316,False,0.00311,False
2023-02-24,RS01SUM1-LJ01B-12-VEL3DB104,5,True,2023-02-24T00:00:00Z,2023-02-24T23:59:59Z,86400,86400,0,1.0,1.000014305,0.99999294,0.000130123,0,0,0,0,-0.0,0.723652,2.720912,-4.798993e-10,0.0007236576,0.002720931,False,0.003204,False
2023-02-25,RS01SUM1-LJ01B-12-VEL3DB104,5,True,2023-02-25T00:00:00Z,2023-02-25T23:59:59Z,86401,86401,0,1.0,0.999942303,0.999992956,-0.000361392,0,0,0,0,1e-06,1.013125,10.277548,8.53336e-10,0.001013132,0.01027762,False,0.013277,False
2023-02-26,RS01SUM1-LJ01B-12-VEL3DB104,5,True,2023-02-26T00:00:00Z,2023-02-26T23:59:59Z,86401,86401,0,1.0,0.999963284,0.999992888,-0.000779148,0,0,3,3,-0.0,0.899683,3.485939,-1.040874e-10,0.0008996896,0.003485964,False,0.003447,False
2023-02-27,RS01SUM1-LJ01B-12-VEL3DB104,5,True,2023-02-27T00:00:00Z,2023-02-27T23:59:59Z,86400,86400,0,1.0,0.999979019,0.999992888,0.000166619,0,0,0,0,-0.0,1.113369,11.014802,-4.379567e-10,0.001113377,0.01101488,False,0.008886,False
2023-02-28,RS01SUM1-LJ01B-12-VEL3DB104,5,True,2023-02-28T00:00:00Z,2023-02-28T23:59:59Z,86401,86401,0,1.0,0.999993801,0.999992892,3.4366e-05,0,0,2,2,-0.0,1.075767,13.081852,-2.962316e-10,0.001075774,0.01308194,False,0.012317,False
2023-03-01,RS01SUM1-LJ01B-12-VEL3DB104,5,True,2023-03-01T00:00:00Z,2023-03-01T23:59:59Z,86400,86400,0,1.0,0.99999094,0.999992905,9.227e-05,0,0,0,0,-1e-06,0.952729,6.343627,-5.381022e-10,0.0009527353,0.006343672,False,0.005607,False
2023-03-02,RS01SUM1-LJ01B-12-VEL3DB104,5,True,2023-03-02T00:00:00Z,2023-03-02T23:59:59Z,86401,86401,0,1.0,0.999960899,0.999992918,0.000368736,0,0,1,1,-0.0,2.424335,14.422979,-2.418227e-10,0.002424352,0.01442308,False,0.01378,False
2023-03-03,RS01SUM1-LJ01B-12-VEL3DB104,5,True,2023-03-03T00:00:00Z,2023-03-03T23:59:59Z,86401,86401,0,1.0,0.999933243,0.999992866,0.001346117,0,0,1,1,0.0,2.950604,15.772715,1.306534e-10,0.002950625,0.01577283,False,0.015071,False
2023-03-04,RS01SUM1-LJ01B-12-VEL3DB104,5,True,2023-03-04T00:00:00Z,2023-03-04T23:59:59Z,86400,86400,0,1.0,0.999939919,0.999992881,0.000145221,0,0,0,0,-0.0,0.675542,11.824357,-4.393858e-10,0.0006755468,0.01182444,False,0.01322,False
2023-03-05,RS01SUM1-LJ01B-12-VEL3DB104,5,True,2023-03-05T00:00:00Z,2023-03-05T23:59:59Z,86401,86401,0,1.0,0.999939919,0.999992895,0.001324074,0,0,0,0,1e-06,1.420921,10.763065,8.796671e-10,0.001420931,0.01076314,False,0.010369,False
2023-03-06,RS01SUM1-LJ01B-12-VEL3DB104,5,True,2023-03-06T00:00:00Z,2023-03-06T23:59:59Z,86400,86400,0,1.0,0.999967098,0.999992948,-0.001752427,0,0,0,0,-0.0,0.965927,3.334637,-4.583279e-10,0.0009659339,0.00333466,False,0.003295,False
2023-03-07,RS01SUM1-LJ01B-12-VEL3DB104,5,True,2023-03-07T00:00:00Z,2023-03-07T23:59:59Z,86401,86401,0,1.0,0.999981403,0.999992938,0.000580974,0,0,1,1,-0.0,1.022682,4.360918,-3.975138e-10,0.001022689,0.004360949,False,0.003277,False
2023-03-08,RS01SUM1-LJ01B-12-VEL3DB104,5,True,2023-03-08T00:00:00Z,2023-03-08T23:59:59Z,86401,86401,0,1.0,0.999944687,0.999992934,-0.001811885,0,0,1,1,-0.0,0.896009,10.482129,-2.46149e-10,0.000896015,0.0104822,False,0.010011,False
2023-03-09,RS01SUM1-LJ01B-12-VEL3DB104,5,True,2023-03-09T00:00:00Z,2023-03-09T23:59:59Z,86400,86400,0,1.0,0.999949932,0.999992916,-0.000561827,0,0,0,0,-1e-06,0.907049,3.930229,-5.328487e-10,0.0009070555,0.003930256,False,0.003395,False
2023-03-10,RS01SUM1-LJ01B-12-VEL3DB104,5,True,2023-03-10T00:00:00Z,2023-03-10T23:59:59Z,86401,86401,0,1.0,0.999948978,0.999992889,0.000976294,0,0,1,1,-1e-06,0.981572,10.613848,-9.797822e-10,0.0009815785,0.01061392,False,0.013254,False
2023-03-11,RS01SUM1-LJ01B-12-VEL3DB104,5,True,2023-03-11T00:00:00Z,2023-03-11T23:59:59Z,86400,86400,0,1.0,0.999958038,0.999992933,0.000381741,0,0,0,0,-0.0,1.548939,12.396569,-4.657562e-10,0.00154895,0.01239666,False,0.013279,False
2023-03-12,RS01SUM1-LJ01B-12-VEL3DB104,5,True,2023-03-12T00:00:00Z,2023-03-12T23:59:59Z,86401,86401,0,1.0,0.999974728,0.999992909,-0.001420153,0,0,0,0,1e-06,1.35727,12.030996,8.798566e-10,0.00135728,0.01203108,False,0.013603,False
2023-03-13,RS01SUM1-LJ01B-12-VEL3DB104,5,True,2023-03-13T00:00:00Z,2023-03-13T23:59:59Z,86401,86401,0,1.0,0.999958992,0.999992929,0.000651911,0,0,1,1,0.0,1.480439,12.980409,1.273752e-10,0.001480449,0.0129805,False,0.012323,False
2023-03-14,RS01SUM1-LJ01B-12-VEL3DB104,5,True,2023-03-14T00:00:00Z,2023-03-14T23:59:59Z,86400,86400,0,1.0,0.999948978,0.999992908,0.002343693,0,0,0,0,-1e-06,1.721952,4.762903,-5.302225e-10,0.001721964,0.004762937,False,0.003107,False
2023-03-15,RS01SUM1-LJ01B-12-VEL3DB104,5,True,2023-03-15T00:00:00Z,2023-03-15T23:59:59Z,86401,86401,0,1.0,0.999960899,0.999992926,-0.000419041,0,0,2,2,-0.0,1.259799,9.676775,-1.410972e-10,0.001259807,0.009676843,False,0.012506,False
2023-03-16,RS01SUM1-LJ01B-12-VEL3DB104,5,True,2023-03-16T00:00:00Z,2023-03-16T23:59:59Z,86401,86401,0,1.0,0.999950886,0.999992908,0.001193767,0,0,1,1,0.0,0.961363,8.754191,3.61098e-10,0.0009613697,0.008754253,False,0.010079,False
2023-03-17,RS01SUM1-LJ01B-12-VEL3DB104,5,True,2023-03-17T00:00:00Z,2023-03-17T23:59:59Z,86400,86400,0,1.0,0.999977112,0.999992981,-0.001434006,0,0,0,0,-0.0,1.433292,4.3088,-4.294427e-10,0.001433303,0.004308831,False,0.003517,False
2023-03-18,RS01SUM1-LJ01B-12-VEL3DB104,5,True,2023-03-18T00:00:00Z,2023-03-18T23:59:59Z,86401,86401,0,1.0,0.999958038,0.999992922,-0.000586999,0,0,0,0,1e-06,0.699474,2.668759,8.460542e-10,0.0006994794,0.002668778,False,0.003135,False
2023-03-19,RS01SUM1-LJ01B-12-VEL3DB104,5,True,2023-03-19T00:00:00Z,2023-03-19T23:59:59Z,86400,86400,0,1.0,0.999965191,0.999993007,-0.000439233,0,0,0,0,-1e-06,0.942465,3.385832,-5.242293e-10,0.0009424718,0.003385855,False,0.003071,False
2023-03-20,RS01SUM1-LJ01B-12-VEL3DB104,5,True,2023-03-20T00:00:00Z,2023-03-20T23:59:59Z,86401,86401,0,1.0,0.999939919,0.999992949,9.8707e-05,0,0,0,0,1e-06,0.893774,11.79753,8.958242e-10,0.0008937803,0.01179761,False,0.011912,False
2023-03-21,RS01SUM1-LJ01B-12-VEL3DB104,5,True,2023-03-21T00:00:00Z,2023-03-21T23:59:59Z,86401,86401,0,1.0,0.999976158,0.999993025,-0.001190314,0,0,0,0,1e-06,1.103432,3.615262,9.047613e-10,0.00110344,0.003615287,False,0.003091,False
2023-03-22,RS01SUM1-LJ01B-12-VEL3DB104,5,True,2023-03-22T00:00:00Z,2023-03-22T23:59:59Z,86400,86400,0,1.0,0.999946117,0.999992923,-0.000788288,0,0,0,0,-0.0,2.560358,11.991258,-4.943079e-10,0.002560376,0.01199134,False,0.013251,False
2023-03-23,RS01SUM1-LJ01B-12-VEL3DB104,5,True,2023-03-23T00:00:00Z,2023-03-23T23:59:59Z,86401,86401,0,1.0,0.999967098,0.999992991,0.001585096,0,0,2,2,0.0,1.579618,12.793033,2.02244e-10,0.001579629,0.01279312,False,0.013335,False
2023-03-24,RS01SUM1-LJ01B-12-VEL3DB104,5,True,2023-03-24T00:00:00Z,2023-03-24T23:59:59Z,86400,86400,0,1.0,0.999993801,0.999992927,0.001952322,0,0,0,0,-1e-06,1.2304,9.70139,-5.120962e-10,0.001230409,0.009701459,False,0.013027,False
2023-03-25,RS01SUM1-LJ01B-12-VEL3DB104,5,True,2023-03-25T00:00:00Z,2023-03-25T23:59:59Z,86401,86401,0,1.0,0.999925613,0.999992979,0.000993495,0,0,0,0,1e-06,1.799254,12.816252,8.990594e-10,0.001799267,0.01281634,False,0.013364,False
2023-03-26,RS01SUM1-LJ01B-12-VEL3DB104,5,True,2023-03-26T00:00:00Z,2023-03-26T23:59:59Z,86401,86401,0,1.0,0.999927998,0.999992983,0.000585034,0,0,0,0,1e-06,1.037168,8.485948,8.818407e-10,0.001037175,0.008486008,False,0.007052,False
2023-03-27,RS01SUM1-LJ01B-12-VEL3DB104,5,True,2023-03-27T00:00:00Z,2023-03-27T23:59:59Z,86400,86400,0,1.0,0.999946117,0.999993002,-0.002576082,0,0,0,0,-0.0,0.837607,11.54113,-4.691672e-10,0.0008376127,0.01154121,False,0.011744,False
2023-03-28,RS01SUM1-LJ01B-12-VEL3DB104,5,True,2023-03-28T00:00:00Z,2023-03-28T23:59:59Z,86401,86401,0,1.0,0.999949932,0.999992935,-0.000426295,0,0,0,0,1e-06,1.15626,4.05811,8.476547e-10,0.001156268,0.004058139,False,0.003163,False
2023-03-29,RS01SUM1-LJ01B-12-VEL3DB104,5,True,2023-03-29T00:00:00Z,2023-03-29T23:59:59Z,86400,86400,0,1.0,0.999939919,0.999992992,-0.001149926,0,0,0,0,-1e-06,1.219506,4.259791,-5.082495e-10,0.001219515,0.004259821,False,0.003564,False
2023-03-30,RS01SUM1-LJ01B-12-VEL3DB104,5,True,2023-03-30T00:00:00Z,2023-03-30T23:59:59Z,86401,86401,0,1.0,0.999931812,0.999992886,0.000486932,0,0,1,1,-0.0,0.891845,3.841729,-1.100313e-10,0.0008918517,0.003841757,False,0.003456,False
2023-03-31,RS01SUM1-LJ01B-12-VEL3DB104,5,True,2023-03-31T00:00:00Z,2023-03-31T23:59:59Z,86401,86401,0,1.0,0.999941826,0.99999294,0.000442103,0,0,0,0,1e-06,0.724758,2.922014,8.507195e-10,0.0007247634,0.002922034,False,0.003183,False
2023-04-01,RS01SUM1-LJ01B-12-VEL3DB104,5,True,2023-04-01T00:00:00Z,2023-04-01T23:59:59Z,86400,86400,0,1.0,0.9999547,0.999992972,-0.000191813,0,0,0,0,-0.0,0.852747,3.057632,-4.728641e-10,0.0008527528,0.003057653,False,0.003197,False
2023-04-02,RS01SUM1-LJ01B-12-VEL3DB104,5,True,2023-04-02T00:00:00Z,2023-04-02T23:59:59Z,86401,86401,0,1.0,0.999951839,0.999992929,0.001031117,0,0,2,2,-1e-06,1.491262,6.436426,-5.552996e-10,0.001491273,0.006436471,False,0.003256,False
2023-04-03,RS01SUM1-LJ01B-12-VEL3DB104,5,True,2023-04-03T00:00:00Z,2023-04-03T23:59:59Z,86400,86400,0,1.0,0.999948978,0.999992938,-0.001162941,0,0,0,0,-1e-06,0.869984,3.37242,-5.023089e-10,0.0008699903,0.003372444,False,0.003433,False
2023-04-04,RS01SUM1-LJ01B-12-VEL3DB104,5,True,2023-04-04T00:00:00Z,2023-04-04T23:59:59Z,86401,86401,0,1.0,0.999956131,0.999992934,0.001900719,0,0,0,0,1e-06,1.02187,3.667503,8.782935e-10,0.001021877,0.003667529,False,0.003305,False
2023-04-05,RS01SUM1-LJ01B-12-VEL3DB104,5,True,2023-04-05T00:00:00Z,2023-04-05T23:59:59Z,86401,86401,0,1.0,0.999964237,0.999993006,-0.00051647,0,0,2,2,-0.0,1.078171,3.764297,-2.183375e-10,0.001078179,0.003764323,False,0.003193,False
2023-04-06,RS01SUM1-LJ01B-12-VEL3DB104,5,True,2023-04-06T00:00:00Z,2023-04-06T23:59:59Z,86400,86400,0,1.0,0.999945164,0.999993002,0.000311046,0,0,0,0,-1e-06,1.422036,12.075336,-5.052937e-10,0.001422046,0.01207542,False,0.012882,False
2023-04-07,RS01SUM1-LJ01B-12-VEL3DB104,5,True,2023-04-07T00:00:00Z,2023-04-07T23:59:59Z,86401,86401,0,1.0,0.999945164,0.999992914,0.004029563,0,0,0,0,1e-06,1.417937,4.949111,9.178215e-10,0.001417947,0.004949146,False,0.003218,False
2023-04-08,RS01SUM1-LJ01B-12-VEL3DB104,5,True,2023-04-08T00:00:00Z,2023-04-08T23:59:59Z,86401,86401,0,1.0,0.999976158,0.999992951,0.001934149,0,0,2,2,0.0,1.09207,3.863679,4.571705e-10,0.001092078,0.003863706,False,0.003159,False
2023-04-09,RS01SUM1-LJ01B-12-VEL3DB104,5,True,2023-04-09T00:00:00Z,2023-04-09T23:59:59Z,86400,86400,0,1.0,0.999934196,0.999992969,0.000241811,0,0,0,0,-0.0,1.68511,4.340874,-4.758847e-10,0.001685122,0.004340905,False,0.003366,False
2023-04-10,RS01SUM1-LJ01B-12-VEL3DB104,5,True,2023-04-10T00:00:00Z,2023-04-10T23:59:59Z,86401,86401,0,1.0,0.999961376,0.9999929,0.000605741,0,0,0,0,1e-06,1.024249,11.484809,8.713882e-10,0.001024256,0.01148489,False,0.011849,False
2023-04-11,RS01SUM1-LJ01B-12-VEL3DB104,5,True,2023-04-11T00:00:00Z,2023-04-11T23:59:59Z,86400,86400,0,1.0,0.999998093,0.999992999,0.000210294,0,0,0,0,-0.0,1.009114,10.748016,-4.491919e-10,0.001009121,0.01074809,False,0.010388,False
2023-04-12,RS01SUM1-LJ01B-12-VEL3DB104,5,True,2023-04-12T00:00:00Z,2023-04-12T23:59:59Z,86401,86401,0,1.0,0.999958992,0.999992902,0.002566886,0,0,0,0,1e-06,1.111394,9.595499,8.756761e-10,0.001111402,0.009595567,False,0.011262,False
2023-04-13,RS01SUM1-LJ01B-12-VEL3DB104,5,True,2023-04-13T00:00:00Z,2023-04-13T23:59:59Z,86401,86401,0,1.0,0.999979973,0.999992974,0.001156911,0,0,0,0,1e-06,1.232131,3.694699,8.784303e-10,0.00123214,0.003694725,False,0.00311,False
2023-04-14,RS01SUM1-LJ01B-12-VEL3DB104,5,True,2023-04-14T00:00:00Z,2023-04-14T23:59:59Z,86400,86400,0,1.0,0.999966145,0.999992929,0.000104423,0,0,0,0,-0.0,2.576089,15.483613,-4.678405e-10,0.002576107,0.01548372,False,0.013802,False
2023-04-15,RS01SUM1-LJ01B-12-VEL3DB104,5,True,2023-04-15T00:00:00Z,2023-04-15T23:59:59Z,86401,86401,0,1.0,0.999966145,0.999992982,-0.000496435,0,0,0,0,1e-06,1.115292,11.889106,8.685613e-10,0.0011153,0.01188919,False,0.012618,False
2023-04-16,RS01SUM1-LJ01B-12-VEL3DB104,5,True,2023-04-16T00:00:00Z,2023-04-16T23:59:59Z,86400,86400,0,1.0,0.999941826,0.999992923,-0.000461421,0,0,0,0,-0.0,1.140342,3.974253,-4.529044e-10,0.00114035,0.003974281,False,0.003321,False
2023-04-17,RS01SUM1-LJ01B-12-VEL3DB104,5,True,2023-04-17T00:00:00Z,2023-04-17T23:59:59Z,86401,86401,0,1.0,1.000022888,0.999992989,-0.000165947,0,0,0,0,1e-06,0.836133,3.193232,8.941057e-10,0.0008361384,0.003193254,False,0.003249,False
2023-04-18,RS01SUM1-LJ01B-12-VEL3DB104,5,True,2023-04-18T00:00:00Z,2023-04-18T23:59:59Z,86401,86401,0,1.0,0.999956608,0.999992923,0.001558031,0,0,0,0,1e-06,0.707913,3.393349,8.967844e-10,0.0007079181,0.003393373,False,0.003132,False
2023-04-19,RS01SUM1-LJ01B-12-VEL3DB104,5,True,2023-04-19T00:00:00Z,2023-04-19T23:59:59Z,86400,86400,0,1.0,0.999986649,0.999992931,-0.001308256,0,0,0,0,-0.0,0.888554,11.030015,-4.716459e-10,0.0008885598,0.01103009,False,0.012812,False
2023-04-20,RS01SUM1-LJ01B-12-VEL3DB104,5,True,2023-04-20T00:00:00Z,2023-04-20T23:59:59Z,86401,86401,0,1.0,0.999946117,0.999992909,-9.1896e-05,0,0,0,0,1e-06,1.706947,12.958584,8.837363e-10,0.001706959,0.01295868,False,0.013742,False
2023-04-21,RS01SUM1-LJ01B-12-VEL3DB104,5,True,2023-04-21T00:00:00Z,2023-04-21T23:59:59Z,86400,86400,0,1.0,0.999905109,0.999992974,-0.004628333,0,0,0,0,-0.0,4.675331,12.146349,-4.649502e-10,0.004675364,0.01214643,False,0.014884,False
2023-04-22,RS01SUM1-LJ01B-12-VEL3DB104,5,True,2023-04-22T00:00:00Z,2023-04-22T23:59:59Z,86401,86401,0,1.0,0.999955177,0.999992964,0.000870718,0,0,2,2,-0.0,1.076377,4.049291,-3.477139e-11,0.001076384,0.00404932,False,0.003273,False
2023-04-23,RS01SUM1-LJ01B-12-VEL3DB104,5,True,2023-04-23T00:00:00Z,2023-04-23T23:59:59Z,86401,86401,0,1.0,0.999984264,0.99999295,0.001805106,0,0,2,2,0.0,1.014577,3.537582,1.611399e-10,0.001014584,0.003537607,False,0.003351,False
2023-04-24,RS01SUM1-LJ01B-12-VEL3DB104,5,True,2023-04-24T00:00:00Z,2023-04-24T23:59:59Z,86400,86400,0,1.0,0.999958992,0.999992945,0.001479409,0,0,0,0,-1e-06,1.194705,3.787618,-5.175132e-10,0.001194713,0.003787645,False,0.003242,False
2023-04-25,RS01SUM1-LJ01B-12-VEL3DB104,5,True,2023-04-25T00:00:00Z,2023-04-25T23:59:59Z,86401,86401,0,1.0,0.99997282,0.999992942,-0.001089836,0,0,1,1,0.0,0.946434,11.601541,1.387257e-10,0.0009464411,0.01160162,False,0.012626,False
2023-04-26,RS01SUM1-LJ01B-12-VEL3DB104,5,True,2023-04-26T00:00:00Z,2023-04-26T23:59:59Z,86160,86401,241,1.0,0.999969959,0.999992961,-0.001151948,1,241,1,241,0.0,1.022991,11.172198,4.891196e-10,0.001022998,0.01117228,False,0.011241,True
2023-04-27,RS01SUM1-LJ01B-12-VEL3DB104,5,True,2023-04-27T00:00:00Z,2023-04-27T23:59:59Z,86400,86400,0,1.0,0.999965191,0.99999293,-0.001124317,0,0,0,0,-1e-06,1.230402,3.991698,-5.237582e-10,0.001230411,0.003991726,False,0.003253,False
2023-04-28,RS01SUM1-LJ01B-12-VEL3DB104,5,True,2023-04-28T00:00:00Z,2023-04-28T23:59:59Z,86401,86401,0,1.0,0.999966621,0.999992914,-0.004499095,0,0,1,1,-0.0,2.756753,8.367293,-4.399144e-10,0.002756772,0.008367352,False,0.006488,False
2023-04-29,RS01SUM1-LJ01B-12-VEL3DB104,5,True,2023-04-29T00:00:00Z,2023-04-29T23:59:59Z,86400,86400,0,1.0,0.999958992,0.99999283,0.00056302,0,0,0,0,-0.0,1.78071,11.629668,-4.960802e-10,0.001780723,0.01162975,False,0.01375,False
2023-04-30,RS01SUM1-LJ01B-12-VEL3DB104,5,True,2023-04-30T00:00:00Z,2023-04-30T23:59:59Z,86401,86401,0,1.0,0.999934673,0.999992795,-6.0677e-05,0,0,0,0,1e-06,1.213688,11.997598,9.15853e-10,0.001213697,0.01199768,False,0.014919,False
2023-05-01,RS01SUM1-LJ01B-12-VEL3DB104,5,True,2023-05-01T00:00:00Z,2023-05-01T23:59:59Z,86401,86401,0,1.0,0.999961853,0.999992756,-0.000288513,0,0,4,4,-0.0,1.392337,4.540873,-2.549752e-10,0.001392347,0.004540906,False,0.003472,False
2023-05-02,RS01SUM1-LJ01B-12-VEL3DB104,5,True,2023-05-02T00:00:00Z,2023-05-02T23:59:59Z,86400,86400,0,1.0,0.999997616,0.999992796,0.000160739,0,0,0,0,-1e-06,1.888282,6.280117,-5.45401e-10,0.001888296,0.006280162,False,0.005126,False
2023-05-03,RS01SUM1-LJ01B-12-VEL3DB104,5,True,2023-05-03T00:00:00Z,2023-05-03T23:59:59Z,86401,86401,0,1.0,0.999969959,0.999992822,0.000656741,0,0,2,2,-0.0,2.220429,5.851911,-6.641601e-11,0.002220445,0.005851953,False,0.003278,False
2023-05-04,RS01SUM1-LJ01B-12-VEL3DB104,5,True,2023-05-04T00:00:00Z,2023-05-04T23:59:59Z,86400,86400,0,1.0,1.000015259,0.999992865,0.004063592,0,0,0,0,-0.0,1.458913,6.014265,-4.760281e-10,0.001458924,0.006014308,False,0.005159,False
2023-05-05,RS01SUM1-LJ01B-12-VEL3DB104,5,True,2023-05-05T00:00:00Z,2023-05-05T23:59:59Z,86401,86401,0,1.0,0.999953747,0.999992833,0.002363432,0,0,2,2,0.0,1.501275,5.170752,4.227303e-10,0.001501286,0.005170789,False,0.003329,False
2023-05-06,RS01SUM1-LJ01B-12-VEL3DB104,5,True,2023-05-06T00:00:00Z,2023-05-06T23:59:59Z,86401,86401,0,1.0,0.999977112,0.999992851,-0.001207436,0,0,0,0,1e-06,1.52805,6.834649,8.909171e-10,0.001528061,0.006834698,False,0.010453,False
2023-05-07,RS01SUM1-LJ01B-12-VEL3DB104,5,True,2023-05-07T00:00:00Z,2023-05-07T23:59:59Z,86400,86400,0,1.0,0.999948025,0.999992853,0.000931615,0,0,0,0,-0.0,1.27941,13.730779,-4.470253e-10,0.00127942,0.01373088,False,0.013885,False
2023-05-08,RS01SUM1-LJ01B-12-VEL3DB104,5,True,2023-05-08T00:00:00Z,2023-05-08T23:59:59Z,86401,86401,0,1.0,0.99997282,0.999992825,0.011953072,0,0,4,4,-0.0,1.454188,13.24983,-6.999016e-11,0.001454199,0.01324993,False,0.011854,False
2023-05-09,RS01SUM1-LJ01B-12-VEL3DB104,5,True,2023-05-09T00:00:00Z,2023-05-09T23:59:59Z,86401,86401,0,1.0,1.000030041,0.999992852,0.001531604,0,0,3,3,-0.0,1.115501,11.706133,-2.695268e-10,0.001115509,0.01170622,False,0.013095,False
2023-05-10,RS01SUM1-LJ01B-12-VEL3DB104,5,True,2023-05-10T00:00:00Z,2023-05-10T23:59:59Z,86400,86400,0,1.0,0.999989986,0.999992929,-0.001908144,0,0,0,0,-1e-06,3.692209,10.472684,-5.264649e-10,0.003692235,0.01047276,False,0.013293,False
2023-05-11,RS01SUM1-LJ01B-12-VEL3DB104,5,True,2023-05-11T00:00:00Z,2023-05-11T23:59:59Z,86401,86401,0,1.0,0.999980927,0.999992959,0.000591826,0,0,0,0,1e-06,5.916007,19.929748,8.393388e-10,0.005916048,0.01992989,False,0.011815,False
2023-05-12,RS01SUM1-LJ01B-12-VEL3DB104,5,True,2023-05-12T00:00:00Z,2023-05-12T23:59:59Z,85728,86400,672,1.0,0.999995232,0.999992926,-0.000917319,2,672,2,672,0.0,4.390956,12.809697,2.080997e-10,0.004390987,0.01280979,False,0.015108,True
2023-05-13,RS01SUM1-LJ01B-12-VEL3DB104,5,True,2023-05-13T00:00:00Z,2023-05-13T23:59:59Z,85894,86401,507,1.0,1.0,0.999992824,0.002580811,2,507,2,508,0.0,1.512878,5.256443,3.867414e-10,0.001512888,0.005256481,False,0.003546,True
2023-05-14,RS01SUM1-LJ01B-12-VEL3DB104,5,True,2023-05-14T00:00:00Z,2023-05-14T23:59:59Z,86401,86401,0,1.0,1.000000954,0.999992849,0.001448257,0,0,1,1,0.0,1.59282,13.272437,2.424176e-10,0.001592832,0.01327253,False,0.01336,False
2023-05-15,RS01SUM1-LJ01B-12-VEL3DB104,5,True,2023-05-15T00:00:00Z,2023-05-15T23:59:59Z,86400,86400,0,1.0,1.000001907,0.999992867,0.000883542,0,0,0,0,-1e-06,1.585534,12.67264,-5.171989e-10,0.001585545,0.01267273,False,0.011878,False
2023-05-16,RS01SUM1-LJ01B-12-VEL3DB104,5,True,2023-05-16T00:00:00Z,2023-05-16T23:59:59Z,86401,86401,0,1.0,0.99997282,0.999992894,2.5193e-05,0,0,1,1,0.0,1.440764,9.892917,2.669273e-10,0.001440774,0.009892987,False,0.010386,False
2023-05-17,RS01SUM1-LJ01B-12-VEL3DB104,5,True,2023-05-17T00:00:00Z,2023-05-17T23:59:59Z,86400,86400,0,1.0,0.999921322,0.999992818,0.002137158,0,0,0,0,-0.0,1.133406,11.629904,-4.047907e-10,0.001133414,0.01162999,False,0.011406,False
2023-05-18,RS01SUM1-LJ01B-12-VEL3DB104,5,True,2023-05-18T00:00:00Z,2023-05-18T23:59:59Z,86401,86401,0,1.0,0.999946117,0.99999283,0.002699669,0,0,1,1,1e-06,1.664495,11.292832,5.190469e-10,0.001664507,0.01129291,False,0.010814,False
2023-05-19,RS01SUM1-LJ01B-12-VEL3DB104,5,True,2023-05-19T00:00:00Z,2023-05-19T23:59:59Z,86401,86401,0,1.0,0.999949932,0.999992802,0.002131519,0,0,0,0,1e-06,1.103632,12.896366,9.213137e-10,0.00110364,0.01289646,False,0.012666,False
2023-05-20,RS01SUM1-LJ01B-12-VEL3DB104,5,True,2023-05-20T00:00:00Z,2023-05-20T23:59:59Z,86400,86400,0,1.0,0.999961853,0.999992938,0.001103097,0,0,0,0,-0.0,1.291975,8.823839,-4.447044e-10,0.001291984,0.008823902,False,0.010301,False
2023-05-21,RS01SUM1-LJ01B-12-VEL3DB104,5,True,2023-05-21T00:00:00Z,2023-05-21T23:59:59Z,86401,86401,0,1.0,0.999953747,0.999992948,-0.002908089,0,0,1,1,-0.0,1.694284,12.885363,-1.417042e-10,0.001694295,0.01288545,False,0.01468,False
2023-05-22,RS01SUM1-LJ01B-12-VEL3DB104,5,True,2023-05-22T00:00:00Z,2023-05-22T23:59:59Z,86401,86401,0,1.0,0.999915123,0.999992998,-0.009378094,0,0,1,1,-1e-06,4.716421,11.803376,-6.721598e-10,0.004716454,0.01180346,False,0.015581,False
2023-05-23,RS01SUM1-LJ01B-12-VEL3DB104,5,True,2023-05-23T00:00:00Z,2023-05-23T23:59:59Z,86400,86400,0,1.0,0.999942303,0.99999292,0.000915149,0,0,0,0,-0.0,2.40692,13.527163,-4.859556e-10,0.002406937,0.01352726,False,0.014386,False
2023-05-24,RS01SUM1-LJ01B-12-VEL3DB104,5,True,2023-05-24T00:00:00Z,2023-05-24T23:59:59Z,86401,86401,0,1.0,0.999958992,0.999992933,-0.001073801,0,0,1,1,-0.0,1.39142,13.148618,-4.114137e-10,0.00139143,0.01314871,False,0.010448,False
2023-05-25,RS01SUM1-LJ01B-12-VEL3DB104,5,True,2023-05-25T00:00:00Z,2023-05-25T23:59:59Z,86400,86400,0,1.0,0.999942303,0.999992954,0.000793227,0,0,0,0,-0.0,0.858466,3.131843,-4.375524e-10,0.0008584718,0.003131865,False,0.002984,False
2023-05-26,RS01SUM1-LJ01B-12-VEL3DB104,5,True,2023-05-26T00:00:00Z,2023-05-26T23:59:59Z,86401,86401,0,1.0,0.999932289,0.999992923,0.000299594,0,0,1,1,0.0,1.550429,12.387267,5.067437e-11,0.00155044,0.01238735,False,0.013283,False
2023-05-27,RS01SUM1-LJ01B-12-VEL3DB104,5,True,2023-05-27T00:00:00Z,2023-05-27T23:59:59Z,86401,86401,0,1.0,0.999969959,0.999992923,0.00211266,0,0,1,1,1e-06,1.493995,4.320257,8.728932e-10,0.001494006,0.004320287,False,0.003208,False
2023-05-28,RS01SUM1-LJ01B-12-VEL3DB104,5,True,2023-05-28T00:00:00Z,2023-05-28T23:59:59Z,86400,86400,0,1.0,0.999956131,0.999992867,0.00057755,0,0,0,0,-0.0,1.16234,8.573261,-4.880964e-10,0.001162348,0.008573322,False,0.011506,False
2023-05-29,RS01SUM1-LJ01B-12-VEL3DB104,5,True,2023-05-29T00:00:00Z,2023-05-29T23:59:59Z,86401,86401,0,1.0,0.999961376,0.999992844,-0.000534028,0,0,0,0,1e-06,1.614553,4.73829,9.167332e-10,0.001614565,0.004738324,False,0.003441,False
2023-05-30,RS01SUM1-LJ01B-12-VEL3DB104,5,True,2023-05-30T00:00:00Z,2023-05-30T23:59:59Z,86400,86400,0,1.0,0.999958992,0.999992851,-0.001883451,0,0,0,0,-0.0,1.483283,4.107099,-4.929157e-10,0.001483294,0.004107129,False,0.003346,False
2023-05-31,RS01SUM1-LJ01B-12-VEL3DB104,5,True,2023-05-31T00:00:00Z,2023-05-31T23:59:59Z,86401,86401,0,1.0,0.999962807,0.999992875,-0.002008155,0,0,3,3,-1e-06,1.594997,4.980308,-5.892713e-10,0.001595009,0.004980344,False,0.003534,False
2023-06-01,RS01SUM1-LJ01B-12-VEL3DB104,5,True,2023-06-01T00:00:00Z,2023-06-01T23:59:59Z,86401,86401,0,1.0,0.999981403,0.999992898,3.5887e-05,0,0,0,0,1e-06,0.855646,3.506145,8.888714e-10,0.000855652,0.00350617,False,0.003297,False
2023-06-02,RS01SUM1-LJ01B-12-VEL3DB104,5,True,2023-06-02T00:00:00Z,2023-06-02T23:59:59Z,86400,86400,0,1.0,0.999961376,0.999992882,-0.001153238,0,0,0,0,-0.0,1.053765,3.48613,-4.631796e-10,0.001053772,0.003486155,False,0.003424,False
2023-06-03,RS01SUM1-LJ01B-12-VEL3DB104,5,True,2023-06-03T00:00:00Z,2023-06-03T23:59:59Z,86401,86401,0,1.0,0.999938965,0.999992936,-0.003826467,0,0,1,1,-1e-06,4.056979,9.807548,-9.376722e-10,0.004057007,0.009807617,False,0.013587,False
2023-06-04,RS01SUM1-LJ01B-12-VEL3DB104,5,True,2023-06-04T00:00:00Z,2023-06-04T23:59:59Z,86401,86401,0,1.0,0.999949932,0.99999286,-0.001313191,0,0,3,3,0.0,1.282207,11.908162,2.760682e-12,0.001282216,0.01190825,False,0.011409,False
2023-06-05,RS01SUM1-LJ01B-12-VEL3DB104,5,True,2023-06-05T00:00:00Z,2023-06-05T23:59:59Z,86400,86400,0,1.0,0.999975204,0.999992815,0.002045476,0,0,0,0,-1e-06,1.453451,12.07598,-5.098661e-10,0.001453462,0.01207607,False,0.011548,False
2023-06-06,RS01SUM1-LJ01B-12-VEL3DB104,5,True,2023-06-06T00:00:00Z,2023-06-06T23:59:59Z,86401,86401,0,1.0,1.000044823,0.999992828,0.002269959,0,0,0,0,1e-06,1.008099,3.791747,8.401053e-10,0.001008106,0.003791774,False,0.003086,False
2023-06-07,RS01SUM1-LJ01B-12-VEL3DB104,5,True,2023-06-07T00:00:00Z,2023-06-07T23:59:59Z,86400,86400,0,1.0,1.000020981,0.999992881,0.001789725,0,0,0,0,-0.0,1.579853,4.824326,-4.545387e-10,0.001579864,0.00482436,False,0.003495,False
2023-06-08,RS01SUM1-LJ01B-12-VEL3DB104,5,True,2023-06-08T00:00:00Z,2023-06-08T23:59:59Z,86401,86401,0,1.0,1.000035286,0.999992836,0.001016926,0,0,0,0,1e-06,1.444508,4.345749,8.397422e-10,0.001444518,0.00434578,False,0.003646,False
2023-06-09,RS01SUM1-LJ01B-12-VEL3DB104,5,True,2023-06-09T00:00:00Z,2023-06-09T23:59:59Z,85409,86401,992,1.0,1.000010967,0.99999286,0.001785198,4,992,4,993,-0.0,1.192464,11.291773,-3.986276e-10,0.001192473,0.01129185,False,0.012603,True
2023-06-10,RS01SUM1-LJ01B-12-VEL3DB104,5,True,2023-06-10T00:00:00Z,2023-06-10T23:59:59Z,86400,86400,0,1.0,1.000020027,0.999992861,-0.002969875,0,0,0,0,-0.0,1.150998,3.999515,-4.645049e-10,0.001151007,0.003999543,False,0.003243,False
2023-06-11,RS01SUM1-LJ01B-12-VEL3DB104,5,True,2023-06-11T00:00:00Z,2023-06-11T23:59:59Z,86401,86401,0,1.0,0.999979019,0.999992831,0.002940007,0,0,1,1,1e-06,1.094734,4.273917,6.133303e-10,0.001094741,0.004273947,False,0.003287,False
2023-06-12,RS01SUM1-LJ01B-12-VEL3DB104,5,True,2023-06-12T00:00:00Z,2023-06-12T23:59:59Z,86401,86401,0,1.0,0.999964237,0.999992827,0.002818622,0,0,0,0,1e-06,1.78429,4.956668,8.660353e-10,0.001784303,0.004956703,False,0.003069,False
2023-06-13,RS01SUM1-LJ01B-12-VEL3DB104,5,True,2023-06-13T00:00:00Z,2023-06-13T23:59:59Z,86400,86400,0,1.0,0.999964237,0.999992789,0.003027543,0,0,0,0,-0.0,1.552597,4.956367,-4.792338e-10,0.001552608,0.004956403,False,0.003526,False
2023-06-14,RS01SUM1-LJ01B-12-VEL3DB104,5,True,2023-06-14T00:00:00Z,2023-06-14T23:59:59Z,86401,86401,0,1.0,0.999955177,0.999992703,0.002994896,0,0,2,2,0.0,1.206231,4.660587,2.884529e-11,0.00120624,0.004660621,False,0.00314,False
2023-06-15,RS01SUM1-LJ01B-12-VEL3DB104,5,True,2023-06-15T00:00:00Z,2023-06-15T23:59:59Z,86400,86400,0,1.0,0.999956131,0.999992656,-0.000499541,0,0,0,0,-0.0,1.682416,4.458237,-4.524178e-10,0.001682429,0.00445827,False,0.003334,False
2023-06-16,RS01SUM1-LJ01B-12-VEL3DB104,5,True,2023-06-16T00:00:00Z,2023-06-16T23:59:59Z,86401,86401,0,1.0,0.999955177,0.999992691,0.003535281,0,0,1,1,0.0,2.406583,7.868765,1.852867e-11,0.002406601,0.007868823,False,0.010298,False
2023-06-17,RS01SUM1-LJ01B-12-VEL3DB104,5,True,2023-06-17T00:00:00Z,2023-06-17T23:59:59Z,86401,86401,0,1.0,0.999966145,0.999992722,0.00198393,0,0,2,2,0.0,1.367039,11.528469,2.522831e-10,0.001367049,0.01152855,False,0.013659,False
2023-06-18,RS01SUM1-LJ01B-12-VEL3DB104,5,True,2023-06-18T00:00:00Z,2023-06-18T06:26:10Z,23171,23171,0,1.0,0.999871731,0.999992712,-0.000843356,0,0,0,0,-0.0,0.61775,10.462244,-3.529178e-11,0.0006177548,0.01046232,False,0.011239,False
2023-06-19,RS01SUM1-LJ01B-12-VEL3DB104,5,False,,,0,0,,1.0,,,,,,,,,,,,,,,,False
2023-06-20,RS01SUM1-LJ01B-12-VEL3DB104,5,True,2023-06-20T20:55:45Z,2023-06-20T23:59:59Z,10986,11055,69,1.0,0.999968052,1.000001219,-0.01814332,1,69,1,69,0.0,18.581222,51.325212,1.734016e-11,0.0185812,0.05132515,False,0.083418,True
2023-06-21,RS01SUM1-LJ01B-12-VEL3DB104,5,True,2023-06-21T00:00:00Z,2023-06-21T23:59:59Z,86400,86400,0,1.0,0.999993801,0.999992786,0.00474574,0,0,0,0,-0.0,2.948384,15.999928,-4.747645e-10,0.002948405,0.01600004,False,0.012868,False
2023-06-22,RS01SUM1-LJ01B-12-VEL3DB104,5,True,2023-06-22T00:00:00Z,2023-06-22T23:59:59Z,86401,86401,0,1.0,0.99997282,0.999992817,0.000980831,0,0,3,3,0.0,1.723412,11.370186,2.769691e-10,0.001723425,0.01137027,False,0.013423,False
2023-06-23,RS01SUM1-LJ01B-12-VEL3DB104,5,True,2023-06-23T00:00:00Z,2023-06-23T23:59:59Z,86401,86401,0,1.0,0.999976158,0.999992906,-0.000845725,0,0,2,2,0.0,1.843006,10.407738,3.414198e-10,0.001843019,0.01040781,False,0.011926,False
2023-06-24,RS01SUM1-LJ01B-12-VEL3DB104,5,True,2023-06-24T00:00:00Z,2023-06-24T23:59:59Z,86400,86400,0,1.0,0.999984741,0.999992895,-0.00020524,0,0,0,0,-0.0,0.808259,9.845833,-4.577758e-10,0.0008082649,0.009845903,False,0.008603,False
2023-06-25,RS01SUM1-LJ01B-12-VEL3DB104,5,True,2023-06-25T00:00:00Z,2023-06-25T23:59:59Z,86401,86401,0,1.0,0.999979019,0.999992877,0.000644978,0,0,2,2,0.0,2.119835,9.579413,8.138948e-11,0.00211985,0.009579481,False,0.010277,False
2023-06-26,RS01SUM1-LJ01B-12-VEL3DB104,5,True,2023-06-26T00:00:00Z,2023-06-26T23:59:59Z,86400,86400,0,1.0,0.999983788,0.999992855,0.000419256,0,0,0,0,-0.0,1.318977,11.366026,-4.836913e-10,0.001318986,0.01136611,False,0.011902,False
2023-06-27,RS01SUM1-LJ01B-12-VEL3DB104,5,True,2023-06-27T00:00:00Z,2023-06-27T23:59:59Z,86401,86401,0,1.0,0.999978065,0.999992798,-0.000505222,0,0,0,0,1e-06,0.783275,3.402344,8.943755e-10,0.0007832802,0.003402368,False,0.003516,False
2023-06-28,RS01SUM1-LJ01B-12-VEL3DB104,5,True,2023-06-28T00:00:00Z,2023-06-28T23:59:59Z,86401,86401,0,1.0,0.999956131,0.999992794,0.001291331,0,0,1,1,0.0,2.177352,12.124532,8.827789e-11,0.002177368,0.01212462,False,0.013281,False
2023-06-29,RS01SUM1-LJ01B-12-VEL3DB104,5,True,2023-06-29T00:00:00Z,2023-06-29T23:59:59Z,86400,86400,0,1.0,0.999986649,0.999992811,0.000498575,0,0,0,0,-0.0,0.846089,11.025042,-4.909511e-10,0.0008460948,0.01102512,False,0.012057,False
2023-06-30,RS01SUM1-LJ01B-12-VEL3DB104,5,True,2023-06-30T00:00:00Z,2023-06-30T23:59:59Z,86080,86401,321,1.0,0.999998093,0.999992831,0.003259913,1,321,1,321,-0.0,1.444725,6.750593,-3.334231e-10,0.001444735,0.006750642,False,0.003457,True
2023-07-01,RS01SUM1-LJ01B-12-VEL3DB104,5,True,2023-07-01T00:00:00Z,2023-07-01T23:59:59Z,86401,86401,0,1.0,0.999989986,0.99999289,-0.004012184,0,0,2,2,0.0,4.51884,10.032516,1.489852e-10,0.004518872,0.01003259,False,0.011469,False
2023-07-02,RS01SUM1-LJ01B-12-VEL3DB104,5,True,2023-07-02T00:00:00Z,2023-07-02T23:59:59Z,86400,86400,0,1.0,0.999970913,0.999992883,-0.000803964,0,0,0,0,-1e-06,1.463344,4.386471,-5.56442e-10,0.001463355,0.004386502,False,0.003076,False
2023-07-03,RS01SUM1-LJ01B-12-VEL3DB104,5,True,2023-07-03T00:00:00Z,2023-07-03T23:59:59Z,86401,86401,0,1.0,0.999958038,0.999992968,0.002226493,0,0,0,0,1e-06,1.781557,10.991921,9.036676e-10,0.001781569,0.010992,False,0.01185,False
2023-07-04,RS01SUM1-LJ01B-12-VEL3DB104,5,True,2023-07-04T00:00:00Z,2023-07-04T23:59:59Z,86400,86400,0,1.0,0.999965668,0.999993023,0.00403458,0,0,0,0,-1e-06,1.440174,5.037596,-5.071207e-10,0.001440184,0.005037632,False,0.003138,False
2023-07-05,RS01SUM1-LJ01B-12-VEL3DB104,5,True,2023-07-05T00:00:00Z,2023-07-05T23:59:59Z,86401,86401,0,1.0,0.999927044,0.999993018,-0.00024179,0,0,0,0,1e-06,0.882403,3.394387,8.58484e-10,0.0008824092,0.003394411,False,0.003122,False
2023-07-06,RS01SUM1-LJ01B-12-VEL3DB104,5,True,2023-07-06T00:00:00Z,2023-07-06T23:59:59Z,86401,86401,0,1.0,0.999947071,0.999992889,0.000746426,0,0,5,5,0.0,3.19612,11.023445,4.130217e-10,0.003196142,0.01102352,False,0.013746,False
2023-07-07,RS01SUM1-LJ01B-12-VEL3DB104,5,True,2023-07-07T00:00:00Z,2023-07-07T23:59:59Z,86400,86400,0,1.0,0.999966145,0.999992889,0.001242654,0,0,0,0,-0.0,2.221058,12.769337,-4.659954e-10,0.002221073,0.01276943,False,0.013247,False
2023-07-08,RS01SUM1-LJ01B-12-VEL3DB104,5,True,2023-07-08T00:00:00Z,2023-07-08T23:59:59Z,86401,86401,0,1.0,0.999982834,0.999992887,-0.001703291,0,0,1,1,1e-06,0.881648,11.480184,7.339226e-10,0.0008816541,0.01148027,False,0.010477,False
2023-07-09,RS01SUM1-LJ01B-12-VEL3DB104,5,True,2023-07-09T00:00:00Z,2023-07-09T23:59:59Z,86400,86400,0,1.0,1.00000906,0.999992905,0.000867149,0,0,0,0,-0.0,1.004549,10.276972,-4.936072e-10,0.001004556,0.01027705,False,0.010098,False
2023-07-10,RS01SUM1-LJ01B-12-VEL3DB104,5,True,2023-07-10T00:00:00Z,2023-07-10T23:59:59Z,81259,86401,5142,1.0,0.99997282,0.999992867,-0.001946253,5,5142,5,5144,0.0,1.034735,11.268895,4.636414e-10,0.001034743,0.01126898,False,0.092121,True
2023-07-11,RS01SUM1-LJ01B-12-VEL3DB104,5,True,2023-07-11T00:00:00Z,2023-07-11T23:59:59Z,86401,86401,0,1.0,0.999978065,0.999992868,0.003091661,0,0,0,0,1e-06,2.061714,13.948477,8.1928e-10,0.002061728,0.01394858,False,0.011218,False
2023-07-12,RS01SUM1-LJ01B-12-VEL3DB104,5,True,2023-07-12T00:00:00Z,2023-07-12T23:59:59Z,86400,86400,0,1.0,0.999983311,0.999992902,0.000391393,0,0,0,0,-1e-06,1.551935,7.896079,-5.23786e-10,0.001551946,0.007896135,False,0.011297,False
2023-07-13,RS01SUM1-LJ01B-12-VEL3DB104,5,True,2023-07-13T00:00:00Z,2023-07-13T23:59:59Z,86401,86401,0,1.0,0.999979973,0.999992883,-0.000339006,0,0,1,1,-1e-06,1.365705,13.570257,-5.943906e-10,0.001365715,0.01357035,False,0.011808,False
2023-07-14,RS01SUM1-LJ01B-12-VEL3DB104,5,True,2023-07-14T00:00:00Z,2023-07-14T23:59:59Z,86400,86400,0,1.0,0.999982357,0.99999292,-0.002192406,0,0,0,0,-0.0,1.118596,11.741575,-4.815864e-10,0.001118604,0.01174166,False,0.013173,False
2023-07-15,RS01SUM1-LJ01B-12-VEL3DB104,5,True,2023-07-15T00:00:00Z,2023-07-15T23:59:59Z,86401,86401,0,1.0,1.000003338,0.999992913,0.001093694,0,0,0,0,1e-06,0.770511,10.892909,9.27072e-10,0.0007705165,0.01089299,False,0.011474,False
2023-07-16,RS01SUM1-LJ01B-12-VEL3DB104,5,True,2023-07-16T00:00:00Z,2023-07-16T23:59:59Z,86401,86401,0,1.0,1.000001907,0.999992941,-0.000431294,0,0,2,2,-1e-06,0.837938,10.45281,-6.648768e-10,0.000837944,0.01045288,False,0.010161,False
2023-07-17,RS01SUM1-LJ01B-12-VEL3DB104,5,True,2023-07-17T00:00:00Z,2023-07-17T23:59:59Z,86400,86400,0,1.0,1.000003815,0.999992954,0.00170498,0,0,0,0,-1e-06,1.786161,13.738544,-5.042209e-10,0.001786174,0.01373864,False,0.011557,False
2023-07-18,RS01SUM1-LJ01B-12-VEL3DB104,5,True,2023-07-18T00:00:00Z,2023-07-18T23:59:59Z,86401,86401,0,1.0,0.999999046,0.999992929,0.00089655,0,0,1,1,0.0,1.390846,4.49051,1.16468e-10,0.001390856,0.004490542,False,0.003144,False
2023-07-19,RS01SUM1-LJ01B-12-VEL3DB104,5,True,2023-07-19T00:00:00Z,2023-07-19T23:59:59Z,86401,86401,0,1.0,0.999965191,0.999992954,0.001490968,0,0,1,1,-0.0,1.494471,10.641476,-1.236431e-10,0.001494482,0.01064155,False,0.011286,False
2023-07-20,RS01SUM1-LJ01B-12-VEL3DB104,5,True,2023-07-20T00:00:00Z,2023-07-20T23:59:59Z,85808,86400,592,1.0,1.000002861,0.9999929,0.000352408,1,592,1,592,0.0,1.187436,12.220729,4.443969e-10,0.001187444,0.01222082,False,0.010492,True
2023-07-21,RS01SUM1-LJ01B-12-VEL3DB104,5,True,2023-07-21T00:00:00Z,2023-07-21T23:59:59Z,86401,86401,0,1.0,0.999993801,0.999992848,0.00067269,0,0,1,1,0.0,0.849005,3.349394,4.836237e-10,0.0008490114,0.003349418,False,0.003215,False
2023-07-22,RS01SUM1-LJ01B-12-VEL3DB104,5,True,2023-07-22T00:00:00Z,2023-07-22T13:42:15Z,49336,49336,0,1.0,1.000023842,0.999992706,0.002468921,0,0,0,0,-0.0,3.459539,9.645867,-1.754768e-10,0.003459565,0.009645937,False,0.003119,False
2023-07-23,RS01SUM1-LJ01B-12-VEL3DB104,5,False,,,0,0,,1.0,,,,,,,,,,,,,,,,False
2023-07-24,RS01SUM1-LJ01B-12-VEL3DB104,5,False,,,0,0,,1.0,,,,,,,,,,,,,,,,False
2023-07-25,RS01SUM1-LJ01B-12-VEL3DB104,5,False,,,0,0,,1.0,,,,,,,,,,,,,,,,False
2023-07-26,RS01SUM1-LJ01B-12-VEL3DB104,5,True,2023-07-26T18:00:30Z,2023-07-26T23:59:59Z,21570,21570,0,1.0,0.999876022,0.999992827,0.011265149,0,0,0,0,-0.0,4.754281,26.125844,-6.445718e-11,0.004754315,0.02612603,False,0.030217,False
2023-07-27,RS01SUM1-LJ01B-12-VEL3DB104,5,True,2023-07-27T00:00:00Z,2023-07-27T23:59:59Z,86401,86401,0,1.0,0.999910831,0.999992791,-0.000858839,0,0,1,1,1e-06,2.07882,13.548166,5.711347e-10,0.002078835,0.01354826,False,0.011521,False
2023-07-28,RS01SUM1-LJ01B-12-VEL3DB104,5,True,2023-07-28T00:00:00Z,2023-07-28T23:59:59Z,86400,86400,0,1.0,0.999920845,0.999992818,0.000273975,0,0,0,0,-1e-06,1.352695,10.471098,-5.297229e-10,0.001352705,0.01047117,False,0.012281,False
2023-07-29,RS01SUM1-LJ01B-12-VEL3DB104,5,True,2023-07-29T00:00:00Z,2023-07-29T23:59:59Z,86401,86401,0,1.0,0.999930382,0.999992918,-0.002201937,0,0,1,1,-0.0,1.653984,14.491024,-8.242184e-13,0.001653996,0.01449113,False,0.013223,False
2023-07-30,RS01SUM1-LJ01B-12-VEL3DB104,5,True,2023-07-30T00:00:00Z,2023-07-30T23:59:59Z,86401,86401,0,1.0,0.999931812,0.999992904,-0.000542668,0,0,1,1,-0.0,1.180612,4.675945,-2.693077e-10,0.001180621,0.004675979,False,0.003226,False
2023-07-31,RS01SUM1-LJ01B-12-VEL3DB104,5,True,2023-07-31T00:00:00Z,2023-07-31T23:59:59Z,86400,86400,0,1.0,0.999975204,0.999992879,0.001922909,0,0,0,0,-0.0,1.513322,12.496723,-4.646523e-10,0.001513333,0.01249681,False,0.012478,False
2023-08-01,RS01SUM1-LJ01B-12-VEL3DB104,5,True,2023-08-01T00:00:00Z,2023-08-01T23:59:59Z,85965,86401,436,1.0,1.000032902,0.999992926,0.00043258,2,436,2,437,-0.0,0.787081,11.735503,-4.771758e-10,0.0007870862,0.01173559,False,0.018492,True
2023-08-02,RS01SUM1-LJ01B-12-VEL3DB104,5,True,2023-08-02T00:00:00Z,2023-08-02T23:59:59Z,86400,86400,0,1.0,0.999953747,0.999992964,0.001460283,0,0,0,0,-0.0,1.312737,4.13637,-4.745628e-10,0.001312746,0.004136399,False,0.00318,False
2023-08-03,RS01SUM1-LJ01B-12-VEL3DB104,5,True,2023-08-03T00:00:00Z,2023-08-03T23:59:59Z,86401,86401,0,1.0,0.999934196,0.999992967,-0.000157382,0,0,1,1,1e-06,1.31942,9.362919,6.084001e-10,0.00131943,0.009362985,False,0.010032,False
2023-08-04,RS01SUM1-LJ01B-12-VEL3DB104,5,True,2023-08-04T00:00:00Z,2023-08-04T23:59:59Z,86401,86401,0,1.0,0.999934196,0.999993009,-0.000168746,0,0,0,0,1e-06,1.124288,12.241391,8.784426e-10,0.001124296,0.01224148,False,0.011884,False
2023-08-05,RS01SUM1-LJ01B-12-VEL3DB104,5,True,2023-08-05T00:00:00Z,2023-08-05T23:59:59Z,86400,86400,0,1.0,0.999904633,0.99999301,-0.000785687,0,0,0,0,-0.0,1.228402,11.571612,-4.848555e-10,0.001228411,0.01157169,False,0.01188,False
2023-08-06,RS01SUM1-LJ01B-12-VEL3DB104,5,True,2023-08-06T00:00:00Z,2023-08-06T23:59:59Z,86401,86401,0,1.0,0.999866009,0.999992879,0.001386787,0,0,0,0,1e-06,3.093509,12.872723,9.424578e-10,0.003093531,0.01287281,False,0.014006,False
2023-08-07,RS01SUM1-LJ01B-12-VEL3DB104,5,True,2023-08-07T00:00:00Z,2023-08-07T23:59:59Z,86400,86400,0,1.0,0.999873161,0.999992838,0.003261527,0,0,0,0,-0.0,1.953927,13.772642,-4.785516e-10,0.001953941,0.01377274,False,0.013354,False
2023-08-08,RS01SUM1-LJ01B-12-VEL3DB104,5,True,2023-08-08T00:00:00Z,2023-08-08T23:59:59Z,86401,86401,0,1.0,0.999903679,0.999992829,0.00019881,0,0,1,1,0.0,1.089218,11.956611,4.016318e-11,0.001089226,0.0119567,False,0.011395,False
2023-08-09,RS01SUM1-LJ01B-12-VEL3DB104,5,True,2023-08-09T00:00:00Z,2023-08-09T23:59:59Z,85345,86401,1056,1.0,0.999887943,0.999992801,-0.001268205,4,1056,4,1058,0.0,1.552749,12.883777,7.612267e-11,0.00155276,0.01288387,False,0.077308,True
2023-08-10,RS01SUM1-LJ01B-12-VEL3DB104,5,True,2023-08-10T00:00:00Z,2023-08-10T23:59:59Z,86400,86400,0,1.0,0.999880314,0.999992843,-0.002113823,0,0,0,0,-0.0,2.974464,14.340999,-4.662029e-10,0.002974485,0.0143411,False,0.014738,False
2023-08-11,RS01SUM1-LJ01B-12-VEL3DB104,5,True,2023-08-11T00:00:00Z,2023-08-11T23:59:59Z,86401,86401,0,1.0,0.999857903,0.999992808,-0.001501997,0,0,0,0,1e-06,1.12874,13.095888,8.787676e-10,0.001128749,0.01309598,False,0.012655,False
2023-08-12,RS01SUM1-LJ01B-12-VEL3DB104,5,True,2023-08-12T00:00:00Z,2023-08-12T23:59:59Z,86401,86401,0,1.0,0.999866962,0.999992786,0.000527811,0,0,0,0,1e-06,1.043218,10.956167,8.728882e-10,0.001043226,0.01095625,False,0.011757,False
2023-08-13,RS01SUM1-LJ01B-12-VEL3DB104,5,True,2023-08-13T00:00:00Z,2023-08-13T23:59:59Z,86400,86400,0,1.0,0.999853134,0.999992742,0.002894195,0,0,0,0,-0.0,0.911538,3.539453,-4.748025e-10,0.0009115447,0.003539479,False,0.003389,False
2023-08-14,RS01SUM1-LJ01B-12-VEL3DB104,5,True,2023-08-14T00:00:00Z,2023-08-14T23:59:59Z,86401,86401,0,1.0,0.999874115,0.999992726,0.000620942,0,0,2,2,-0.0,1.700331,8.426934,-1.814766e-10,0.001700344,0.008426995,False,0.005305,False
2023-08-15,RS01SUM1-LJ01B-12-VEL3DB104,5,True,2023-08-15T00:00:00Z,2023-08-15T23:59:59Z,86400,86400,0,1.0,0.999855042,0.999992671,-0.002051869,0,0,0,0,-0.0,1.681155,10.351413,-4.455131e-10,0.001681168,0.01035149,False,0.010192,False
2023-08-16,RS01SUM1-LJ01B-12-VEL3DB104,5,True,2023-08-16T00:00:00Z,2023-08-16T23:59:59Z,86401,86401,0,1.0,0.999863863,0.999992587,0.000933694,0,0,1,1,0.0,1.852355,4.991961,2.980325e-10,0.001852368,0.004991998,False,0.005793,False
2023-08-17,RS01SUM1-LJ01B-12-VEL3DB104,5,True,2023-08-17T00:00:00Z,2023-08-17T23:59:59Z,86294,86401,107,1.0,0.999881744,0.999992572,0.000537566,3,107,3,109,-0.0,1.375822,11.46728,-1.440468e-10,0.001375832,0.01146737,False,0.011506,True
2023-08-18,RS01SUM1-LJ01B-12-VEL3DB104,5,True,2023-08-18T00:00:00Z,2023-08-18T23:59:59Z,86400,86400,0,1.0,0.999895573,0.999992629,0.002059141,0,0,0,0,-0.0,1.180341,9.638985,-4.951218e-10,0.00118035,0.009639056,False,0.006772,False
2023-08-19,RS01SUM1-LJ01B-12-VEL3DB104,5,True,2023-08-19T00:00:00Z,2023-08-19T23:59:59Z,86401,86401,0,1.0,0.999909878,0.999992706,-0.000154414,0,0,1,1,-0.0,0.757987,11.23303,-1.836073e-10,0.0007579924,0.01123311,False,0.011794,False
2023-08-20,RS01SUM1-LJ01B-12-VEL3DB104,5,True,2023-08-20T00:00:00Z,2023-08-20T23:59:59Z,86401,86401,0,1.0,0.999937057,0.999992762,0.000430148,0,0,0,0,1e-06,1.756406,10.537484,8.179843e-10,0.001756419,0.01053756,False,0.011577,False
2023-08-21,RS01SUM1-LJ01B-12-VEL3DB104,5,True,2023-08-21T00:00:00Z,2023-08-21T23:59:59Z,86400,86400,0,1.0,0.999923706,0.999992757,0.002634284,0,0,0,0,-0.0,1.68002,5.469608,-4.228153e-10,0.001680032,0.005469648,False,0.003851,False
2023-08-22,RS01SUM1-LJ01B-12-VEL3DB104,5,True,2023-08-22T00:00:00Z,2023-08-22T23:59:59Z,86401,86401,0,1.0,0.999916077,0.99999278,-0.000866358,0,0,1,1,-0.0,0.948645,3.520407,-3.224284e-10,0.0009486514,0.003520433,False,0.003602,False
2023-08-23,RS01SUM1-LJ01B-12-VEL3DB104,5,True,2023-08-23T00:00:00Z,2023-08-23T23:59:59Z,86400,86400,0,1.0,0.999923229,0.999992764,0.001883333,0,0,0,0,-0.0,1.378914,10.823805,-4.50111e-10,0.001378924,0.01082388,False,0.011532,False
2023-08-24,RS01SUM1-LJ01B-12-VEL3DB104,5,True,2023-08-24T00:00:00Z,2023-08-24T23:59:59Z,86401,86401,0,1.0,0.999890804,0.999992736,2.6329e-05,0,0,3,3,0.0,1.323527,7.644363,2.45039e-10,0.001323536,0.007644418,False,0.006846,False
2023-08-25,RS01SUM1-LJ01B-12-VEL3DB104,5,True,2023-08-25T00:00:00Z,2023-08-25T23:59:59Z,86401,86401,0,1.0,0.999894142,0.999992793,0.002239069,0,0,0,0,1e-06,1.474318,12.116621,8.874007e-10,0.001474328,0.01211671,False,0.010358,False
2023-08-26,RS01SUM1-LJ01B-12-VEL3DB104,5,True,2023-08-26T00:00:00Z,2023-08-26T23:59:59Z,86400,86400,0,1.0,0.999896049,0.999992772,0.000447152,0,0,0,0,-0.0,2.125491,14.886264,-4.815323e-10,0.002125506,0.01488637,False,0.012015,False
2023-08-27,RS01SUM1-LJ01B-12-VEL3DB104,5,True,2023-08-27T00:00:00Z,2023-08-27T23:59:59Z,86401,86401,0,1.0,0.999899864,0.999992841,0.002517572,0,0,0,0,1e-06,0.969418,4.138705,8.642438e-10,0.0009694247,0.004138734,False,0.003166,False
2023-08-28,RS01SUM1-LJ01B-12-VEL3DB104,5,True,2023-08-28T00:00:00Z,2023-08-28T23:59:59Z,86401,86401,0,1.0,0.999896049,0.999992851,0.003157177,0,0,0,0,1e-06,1.04431,5.649273,8.542021e-10,0.001044317,0.005649314,False,0.006459,False
2023-08-29,RS01SUM1-LJ01B-12-VEL3DB104,5,True,2023-08-29T00:00:00Z,2023-08-29T23:59:59Z,86400,86400,0,1.0,0.999914169,0.999992853,0.000288616,0,0,0,0,-0.0,1.111582,11.063011,-4.964168e-10,0.00111159,0.01106309,False,0.011942,False
2023-08-30,RS01SUM1-LJ01B-12-VEL3DB104,5,True,2023-08-30T00:00:00Z,2023-08-30T23:59:59Z,86401,86401,0,1.0,0.999925137,0.999992882,-0.00136289,0,0,2,2,-0.0,3.445079,14.189567,-3.958795e-10,0.003445103,0.01418967,False,0.013583,False
2023-08-31,RS01SUM1-LJ01B-12-VEL3DB104,5,True,2023-08-31T00:00:00Z,2023-08-31T23:59:59Z,86400,86400,0,1.0,0.999924183,0.999992987,0.005906298,0,0,0,0,-0.0,2.301191,7.628636,-4.806303e-10,0.002301207,0.007628689,False,0.007207,False
2023-09-01,RS01SUM1-LJ01B-12-VEL3DB104,5,True,2023-09-01T00:00:00Z,2023-09-01T23:59:59Z,86401,86401,0,1.0,0.999953747,0.999992876,-0.004452893,0,0,2,2,-0.0,2.88505,14.695157,-1.496757e-10,0.002885071,0.01469526,False,0.012503,False
2023-09-02,RS01SUM1-LJ01B-12-VEL3DB104,5,True,2023-09-02T00:00:00Z,2023-09-02T23:59:59Z,86401,86401,0,1.0,0.999913692,0.999992955,0.004669332,0,0,0,0,1e-06,1.752373,8.576558,9.128573e-10,0.001752386,0.008576618,False,0.010326,False
2023-09-03,RS01SUM1-LJ01B-12-VEL3DB104,5,True,2023-09-03T00:00:00Z,2023-09-03T23:59:59Z,86400,86400,0,1.0,0.999922752,0.99999299,0.001257334,0,0,0,0,-1e-06,2.272133,14.771696,-5.078693e-10,0.002272149,0.0147718,False,0.013315,False
2023-09-04,RS01SUM1-LJ01B-12-VEL3DB104,5,True,2023-09-04T00:00:00Z,2023-09-04T23:59:59Z,86401,86401,0,1.0,0.999919891,0.999992965,0.0023187,0,0,0,0,1e-06,1.072633,4.120562,8.915184e-10,0.00107264,0.004120591,False,0.003781,False
2023-09-05,RS01SUM1-LJ01B-12-VEL3DB104,5,True,2023-09-05T00:00:00Z,2023-09-05T23:59:59Z,86400,86400,0,1.0,0.999901295,0.999992986,0.000170337,0,0,0,0,-0.0,1.715189,10.241478,-4.875296e-10,0.001715201,0.01024155,False,0.011213,False
2023-09-06,RS01SUM1-LJ01B-12-VEL3DB104,5,True,2023-09-06T00:00:00Z,2023-09-06T23:59:59Z,86401,86401,0,1.0,0.99993515,0.999992959,-0.000568999,0,0,1,1,-0.0,1.641834,7.152,-1.320012e-10,0.001641846,0.00715205,False,0.006598,False
2023-09-07,RS01SUM1-LJ01B-12-VEL3DB104,5,True,2023-09-07T00:00:00Z,2023-09-07T23:59:59Z,86401,86401,0,1.0,0.999932289,0.99999298,-0.000668561,0,0,5,5,-0.0,1.386851,9.522048,-4.993074e-10,0.001386861,0.009522115,False,0.011919,False
2023-09-08,RS01SUM1-LJ01B-12-VEL3DB104,5,True,2023-09-08T00:00:00Z,2023-09-08T23:59:59Z,86400,86400,0,1.0,0.999928951,0.999992902,-0.000660114,0,0,0,0,-0.0,0.933792,12.078369,-4.706375e-10,0.0009337987,0.01207845,False,0.011961,False
2023-09-09,RS01SUM1-LJ01B-12-VEL3DB104,5,True,2023-09-09T00:00:00Z,2023-09-09T23:59:59Z,86401,86401,0,1.0,0.999924183,0.999992919,-0.000732247,0,0,1,1,-0.0,1.256378,10.192538,-1.015864e-10,0.001256387,0.01019261,False,0.010947,False
2023-09-10,RS01SUM1-LJ01B-12-VEL3DB104,5,True,2023-09-10T00:00:00Z,2023-09-10T23:59:59Z,86400,86400,0,1.0,0.999947071,0.999992937,0.000502435,0,0,0,0,-0.0,1.365598,11.296201,-4.819198e-10,0.001365607,0.01129628,False,0.009902,False
2023-09-11,RS01SUM1-LJ01B-12-VEL3DB104,5,True,2023-09-11T00:00:00Z,2023-09-11T23:59:59Z,86401,86401,0,1.0,0.999948978,0.999992912,0.000480731,0,0,1,1,0.0,1.30215,7.484192,2.315783e-10,0.00130216,0.007484245,False,0.005342,False
2023-09-12,RS01SUM1-LJ01B-12-VEL3DB104,5,True,2023-09-12T00:00:00Z,2023-09-12T23:59:59Z,86401,86401,0,1.0,0.999913216,0.999992885,0.000925478,0,0,0,0,1e-06,1.605409,12.565083,9.045666e-10,0.00160542,0.01256517,False,0.011428,False
2023-09-13,RS01SUM1-LJ01B-12-VEL3DB104,5,True,2023-09-13T00:00:00Z,2023-09-13T23:59:59Z,85879,86400,521,1.0,0.999959946,0.999992988,0.001736422,1,521,1,521,1e-06,1.130398,3.774571,8.862971e-10,0.001130406,0.003774597,False,0.017581,True
2023-09-14,RS01SUM1-LJ01B-12-VEL3DB104,5,True,2023-09-14T00:00:00Z,2023-09-14T23:59:59Z,86401,86401,0,1.0,0.999938011,0.999992974,-0.000409932,0,0,0,0,1e-06,1.233683,12.51195,8.79309e-10,0.001233691,0.01251204,False,0.01282,False
2023-09-15,RS01SUM1-LJ01B-12-VEL3DB104,5,True,2023-09-15T00:00:00Z,2023-09-15T23:59:59Z,86401,86401,0,1.0,0.999938965,0.999993,0.001676159,0,0,3,3,1e-06,1.037572,12.899148,5.169194e-10,0.00103758,0.01289924,False,0.011835,False
2023-09-16,RS01SUM1-LJ01B-12-VEL3DB104,5,True,2023-09-16T00:00:00Z,2023-09-16T23:59:59Z,86400,86400,0,1.0,0.999970913,0.999993044,0.003178202,0,0,0,0,-0.0,1.721973,5.142529,-4.826363e-10,0.001721985,0.005142564,False,0.005123,False
2023-09-17,RS01SUM1-LJ01B-12-VEL3DB104,5,True,2023-09-17T00:00:00Z,2023-09-17T23:59:59Z,86401,86401,0,1.0,0.999937057,0.999993019,0.002871297,0,0,3,3,-0.0,2.829533,17.235069,-1.677226e-10,0.002829553,0.01723519,False,0.014607,False
2023-09-18,RS01SUM1-LJ01B-12-VEL3DB104,5,True,2023-09-18T00:00:00Z,2023-09-18T23:59:59Z,86400,86400,0,1.0,0.999907017,0.999992995,0.001081032,0,0,0,0,-1e-06,2.527003,7.396727,-5.066055e-10,0.002527021,0.007396779,False,0.005192,False
2023-09-19,RS01SUM1-LJ01B-12-VEL3DB104,5,True,2023-09-19T00:00:00Z,2023-09-19T23:59:59Z,86401,86401,0,1.0,0.999946117,0.999992964,-0.000761526,0,0,0,0,1e-06,1.771553,15.460989,9.088795e-10,0.001771566,0.0154611,False,0.012983,False
2023-09-20,RS01SUM1-LJ01B-12-VEL3DB104,5,True,2023-09-20T00:00:00Z,2023-09-20T23:59:59Z,86401,86401,0,1.0,0.99991703,0.999992967,0.000844814,0,0,1,1,0.0,2.080934,12.328795,4.130426e-10,0.002080949,0.01232888,False,0.014714,False
2023-09-21,RS01SUM1-LJ01B-12-VEL3DB104,5,True,2023-09-21T00:00:00Z,2023-09-21T23:59:59Z,86400,86400,0,1.0,0.999903679,0.999992925,0.00128357,0,0,0,0,-0.0,2.235416,11.572669,-4.928755e-10,0.002235431,0.01157275,False,0.014067,False
2023-09-22,RS01SUM1-LJ01B-12-VEL3DB104,5,True,2023-09-22T00:00:00Z,2023-09-22T23:59:59Z,86401,86401,0,1.0,0.999920845,0.999992989,-0.001441206,0,0,0,0,1e-06,1.106251,11.451484,9.243306e-10,0.001106259,0.01145156,False,0.012573,False
2023-09-23,RS01SUM1-LJ01B-12-VEL3DB104,5,True,2023-09-23T00:00:00Z,2023-09-23T23:59:59Z,86400,86400,0,1.0,0.999925137,0.999992963,0.000207998,0,0,0,0,-0.0,2.756945,13.019696,-4.931343e-10,0.002756965,0.01301979,False,0.01373,False
2023-09-24,RS01SUM1-LJ01B-12-VEL3DB104,5,True,2023-09-24T00:00:00Z,2023-09-24T23:59:59Z,86401,86401,0,1.0,0.999910831,0.999992989,0.007526598,0,0,0,0,1e-06,2.844161,12.119014,9.208014e-10,0.002844181,0.0121191,False,0.013584,False
2023-09-25,RS01SUM1-LJ01B-12-VEL3DB104,5,True,2023-09-25T00:00:00Z,2023-09-25T23:59:59Z,86401,86401,0,1.0,0.99992609,0.99999305,-0.00025059,0,0,1,1,-0.0,1.610922,13.103105,-1.608939e-10,0.001610933,0.0131032,False,0.013344,False
2023-09-26,RS01SUM1-LJ01B-12-VEL3DB104,5,True,2023-09-26T00:00:00Z,2023-09-26T23:59:59Z,83329,86400,3071,1.0,0.999920845,0.999992959,-0.004880144,2,3071,2,3071,0.0,3.139887,14.252227,1.959946e-10,0.003139909,0.01425233,False,0.174531,True
2023-09-27,RS01SUM1-LJ01B-12-VEL3DB104,5,True,2023-09-27T00:00:00Z,2023-09-27T23:59:59Z,85459,86401,942,1.0,0.999907017,0.99999302,-0.002927196,3,942,3,944,0.0,4.34282,13.500343,1.985814e-10,0.00434285,0.01350044,False,0.081208,True
2023-09-28,RS01SUM1-LJ01B-12-VEL3DB104,5,True,2023-09-28T00:00:00Z,2023-09-28T23:59:59Z,86400,86400,0,1.0,0.999928951,0.999993006,-0.004136977,0,0,0,0,-1e-06,4.195292,11.422966,-5.047223e-10,0.004195321,0.01142305,False,0.013893,False
2023-09-29,RS01SUM1-LJ01B-12-VEL3DB104,5,True,2023-09-29T00:00:00Z,2023-09-29T23:59:59Z,85759,86401,642,1.0,0.999899864,0.999993032,0.000667062,1,642,1,642,-0.0,2.194478,12.012751,-2.013922e-10,0.002194494,0.01201284,False,0.060095,True
2023-09-30,RS01SUM1-LJ01B-12-VEL3DB104,5,True,2023-09-30T00:00:00Z,2023-09-30T23:59:59Z,86401,86401,0,1.0,0.999936104,0.999993125,-0.002452489,0,0,1,1,0.0,2.704833,7.11101,1.726754e-10,0.002704852,0.007111059,False,0.011462,False
2023-10-01,RS01SUM1-LJ01B-12-VEL3DB104,5,True,2023-10-01T00:00:00Z,2023-10-01T23:59:59Z,86400,86400,0,1.0,0.999897003,0.999993062,0.001438865,0,0,0,0,-0.0,0.933487,11.668113,-4.505314e-10,0.0009334939,0.01166819,False,0.013094,False
2023-10-02,RS01SUM1-LJ01B-12-VEL3DB104,5,True,2023-10-02T00:00:00Z,2023-10-02T23:59:59Z,86401,86401,0,1.0,0.999925137,0.999993105,0.002551903,0,0,1,1,0.0,3.335607,12.726915,3.842885e-10,0.00333563,0.012727,False,0.013541,False
2023-10-03,RS01SUM1-LJ01B-12-VEL3DB104,5,True,2023-10-03T00:00:00Z,2023-10-03T23:59:59Z,86400,86400,0,1.0,0.999855995,0.99999301,0.001635967,0,0,0,0,-0.0,5.064999,12.139264,-4.73902e-10,0.005065035,0.01213935,False,0.014646,False
2023-10-04,RS01SUM1-LJ01B-12-VEL3DB104,5,True,2023-10-04T00:00:00Z,2023-10-04T23:59:59Z,86401,86401,0,1.0,0.999858856,0.999993161,-0.004301551,0,0,1,1,-0.0,4.638998,12.254727,-3.962117e-10,0.00463903,0.01225481,False,0.014219,False
2023-10-05,RS01SUM1-LJ01B-12-VEL3DB104,5,True,2023-10-05T00:00:00Z,2023-10-05T23:59:59Z,86401,86401,0,1.0,0.999935389,0.999993096,0.007161112,0,0,0,0,1e-06,3.717951,16.602125,8.723406e-10,0.003717977,0.01660224,False,0.014743,False
2023-10-06,RS01SUM1-LJ01B-12-VEL3DB104,5,True,2023-10-06T00:00:00Z,2023-10-06T23:59:59Z,86400,86400,0,1.0,0.999897957,0.999993106,-0.003379002,0,0,0,0,-0.0,3.461094,11.671464,-4.801018e-10,0.003461117,0.01167154,False,0.014825,False
2023-10-07,RS01SUM1-LJ01B-12-VEL3DB104,5,True,2023-10-07T00:00:00Z,2023-10-07T23:59:59Z,86401,86401,0,1.0,0.999941826,0.999993054,-0.000626356,0,0,0,0,1e-06,1.381182,11.636513,8.800113e-10,0.001381192,0.01163659,False,0.011885,False
2023-10-08,RS01SUM1-LJ01B-12-VEL3DB104,5,True,2023-10-08T00:00:00Z,2023-10-08T23:59:59Z,86400,86400,0,1.0,1.000003338,0.999993079,-0.000316674,0,0,0,0,-0.0,1.458534,10.49563,-3.885894e-10,0.001458544,0.0104957,False,0.012531,False
2023-10-09,RS01SUM1-LJ01B-12-VEL3DB104,5,True,2023-10-09T00:00:00Z,2023-10-09T23:59:59Z,86401,86401,0,1.0,0.999979019,0.999993061,-0.001112462,0,0,0,0,1e-06,1.041823,16.999344,8.632872e-10,0.00104183,0.01699946,False,0.011905,False
2023-10-10,RS01SUM1-LJ01B-12-VEL3DB104,5,True,2023-10-10T00:00:00Z,2023-10-10T23:59:59Z,86401,86401,0,1.0,0.999931812,0.999993035,-0.001391464,0,0,1,1,-0.0,2.77191,12.948392,-3.941204e-10,0.002771929,0.01294848,False,0.014699,False
2023-10-11,RS01SUM1-LJ01B-12-VEL3DB104,5,True,2023-10-11T00:00:00Z,2023-10-11T23:59:59Z,86400,86400,0,1.0,0.999921322,0.999992984,-0.00068048,0,0,0,0,-1e-06,1.139194,10.906818,-5.202856e-10,0.001139202,0.01090689,False,0.012332,False
2023-10-12,RS01SUM1-LJ01B-12-VEL3DB104,5,True,2023-10-12T00:00:00Z,2023-10-12T23:59:59Z,86401,86401,0,1.0,0.999931812,0.999993052,-1.9033e-05,0,0,0,0,1e-06,1.487044,11.72702,8.877223e-10,0.001487054,0.0117271,False,0.011962,False
2023-10-13,RS01SUM1-LJ01B-12-VEL3DB104,5,True,2023-10-13T00:00:00Z,2023-10-13T23:59:59Z,86400,86400,0,1.0,0.999922276,0.999993019,-0.002290603,0,0,0,0,-0.0,1.501247,4.971556,-4.732161e-10,0.001501257,0.00497159,False,0.003258,False
2023-10-14,RS01SUM1-LJ01B-12-VEL3DB104,5,True,2023-10-14T00:00:00Z,2023-10-14T23:59:59Z,86401,86401,0,1.0,0.999944687,0.999993057,-0.000945239,0,0,1,1,-0.0,1.030932,3.443506,-3.604105e-10,0.001030939,0.00344353,False,0.003329,False
2023-10-15,RS01SUM1-LJ01B-12-VEL3DB104,5,True,2023-10-15T00:00:00Z,2023-10-15T23:59:59Z,86401,86401,0,1.0,0.999938011,0.99999304,-0.001265624,0,0,1,1,1e-06,1.59989,11.622175,7.027321e-10,0.001599901,0.01162226,False,0.013493,False
2023-10-16,RS01SUM1-LJ01B-12-VEL3DB104,5,True,2023-10-16T00:00:00Z,2023-10-16T23:59:59Z,86400,86400,0,1.0,0.999910831,0.99999305,-5.421e-06,0,0,0,0,-0.0,2.51748,11.413022,-4.707091e-10,0.002517497,0.0114131,False,0.0137,False
2023-10-17,RS01SUM1-LJ01B-12-VEL3DB104,5,True,2023-10-17T00:00:00Z,2023-10-17T23:59:59Z,86401,86401,0,1.0,0.999933243,0.999993049,-0.001209164,0,0,0,0,1e-06,1.073364,6.330336,8.764074e-10,0.001073371,0.00633038,False,0.005076,False
2023-10-18,RS01SUM1-LJ01B-12-VEL3DB104,5,True,2023-10-18T00:00:00Z,2023-10-18T23:59:59Z,86400,86400,0,1.0,0.999939919,0.999993061,-0.00109757,0,0,0,0,-0.0,1.266884,4.587232,-4.752128e-10,0.001266893,0.004587264,False,0.004077,False
2023-10-19,RS01SUM1-LJ01B-12-VEL3DB104,5,True,2023-10-19T00:00:00Z,2023-10-19T23:59:59Z,86401,86401,0,1.0,0.999946117,0.999992998,0.000238766,0,0,1,1,0.0,1.086075,6.767527,1.747106e-10,0.001086083,0.006767574,False,0.007209,False
2023-10-20,RS01SUM1-LJ01B-12-VEL3DB104,5,True,2023-10-20T00:00:00Z,2023-10-20T23:59:59Z,86401,86401,0,1.0,0.999920845,0.999993016,0.001526385,0,0,1,1,0.0,1.560382,4.827184,2.082859e-10,0.001560393,0.004827217,False,0.003492,False
2023-10-21,RS01SUM1-LJ01B-12-VEL3DB104,5,True,2023-10-21T00:00:00Z,2023-10-21T23:59:59Z,86400,86400,0,1.0,0.999909878,0.999993048,0.000527396,0,0,0,0,-0.0,0.998924,10.341029,-4.402386e-10,0.0009989309,0.0103411,False,0.011513,False
2023-10-22,RS01SUM1-LJ01B-12-VEL3DB104,5,True,2023-10-22T00:00:00Z,2023-10-22T23:59:59Z,86401,86401,0,1.0,0.999938965,0.99999303,-0.000421795,0,0,2,2,1e-06,0.737225,10.499356,5.343983e-10,0.0007372301,0.01049943,False,0.01031,False
2023-10-23,RS01SUM1-LJ01B-12-VEL3DB104,5,True,2023-10-23T00:00:00Z,2023-10-23T23:59:59Z,86400,86400,0,1.0,0.999930859,0.99999295,0.000645561,0,0,0,0,-0.0,1.314371,4.102661,-4.955781e-10,0.00131438,0.00410269,False,0.003459,False
2023-10-24,RS01SUM1-LJ01B-12-VEL3DB104,5,True,2023-10-24T00:00:00Z,2023-10-24T23:59:59Z,86401,86401,0,1.0,0.999950886,0.999992987,0.001614636,0,0,1,1,0.0,1.470677,10.900198,1.613603e-10,0.001470687,0.01090027,False,0.010347,False
2023-10-25,RS01SUM1-LJ01B-12-VEL3DB104,5,True,2023-10-25T00:00:00Z,2023-10-25T23:59:59Z,86401,86401,0,1.0,0.999936104,0.999993024,0.000906173,0,0,2,2,0.0,1.387082,10.97745,3.403394e-10,0.001387091,0.01097753,False,0.010888,False
2023-10-26,RS01SUM1-LJ01B-12-VEL3DB104,5,True,2023-10-26T00:00:00Z,2023-10-26T23:59:59Z,86400,86400,0,1.0,0.999950886,0.99999296,0.000528606,0,0,0,0,-0.0,0.793013,11.288594,-4.621835e-10,0.0007930182,0.01128867,False,0.0119,False
2023-10-27,RS01SUM1-LJ01B-12-VEL3DB104,5,True,2023-10-27T00:00:00Z,2023-10-27T23:59:59Z,86401,86401,0,1.0,0.999946117,0.999992999,-0.002423177,0,0,1,1,-0.0,1.579239,4.589473,-1.48359e-10,0.00157925,0.004589505,False,0.003836,False
2023-10-28,RS01SUM1-LJ01B-12-VEL3DB104,5,True,2023-10-28T00:00:00Z,2023-10-28T23:59:59Z,86400,86400,0,1.0,1.000023842,0.999992922,-0.000227966,0,0,0,0,-1e-06,1.798761,11.854132,-5.097724e-10,0.001798774,0.01185422,False,0.010859,False
2023-10-29,RS01SUM1-LJ01B-12-VEL3DB104,5,True,2023-10-29T00:00:00Z,2023-10-29T23:59:59Z,86401,86401,0,1.0,0.999969959,0.999992947,0.00218157,0,0,1,1,0.0,1.822207,5.119607,4.095146e-10,0.001822219,0.005119643,False,0.00314,False
2023-10-30,RS01SUM1-LJ01B-12-VEL3DB104,5,True,2023-10-30T00:00:00Z,2023-10-30T23:59:59Z,86401,86401,0,1.0,1.000030041,0.999993036,-0.001774379,0,0,2,2,-1e-06,2.898315,12.702172,-1.010408e-09,0.002898335,0.01270226,False,0.007194,False
2023-10-31,RS01SUM1-LJ01B-12-VEL3DB104,5,True,2023-10-31T00:00:00Z,2023-10-31T23:59:59Z,86400,86400,0,1.0,1.000031948,0.999993055,0.003246296,0,0,0,0,-0.0,3.6622,9.641552,-4.77076e-10,0.003662226,0.009641619,False,0.012582,False
2023-11-01,RS01SUM1-LJ01B-12-VEL3DB104,5,True,2023-11-01T00:00:00Z,2023-11-01T23:59:59Z,86401,86401,0,1.0,0.999991894,0.99999302,-0.006883369,0,0,3,3,0.0,2.113554,8.244173,2.84166e-10,0.002113569,0.008244231,False,0.003271,False
2023-11-02,RS01SUM1-LJ01B-12-VEL3DB104,5,True,2023-11-02T00:00:00Z,2023-11-02T23:59:59Z,86400,86400,0,1.0,1.000020027,0.999993053,0.00144547,0,0,0,0,-1e-06,1.640131,4.974626,-5.130281e-10,0.001640143,0.00497466,False,0.003243,False
2023-11-03,RS01SUM1-LJ01B-12-VEL3DB104,5,True,2023-11-03T00:00:00Z,2023-11-03T23:59:59Z,86401,86401,0,1.0,1.000014305,0.999993073,0.000813096,0,0,0,0,1e-06,1.508033,4.253949,9.02866e-10,0.001508043,0.004253979,False,0.003148,False
2023-11-04,RS01SUM1-LJ01B-12-VEL3DB104,5,True,2023-11-04T00:00:00Z,2023-11-04T23:59:59Z,86401,86401,0,1.0,0.999964714,0.99999305,0.000877931,0,0,3,3,-0.0,0.918683,3.308787,-4.345414e-10,0.0009186898,0.00330881,False,0.003298,False
2023-11-05,RS01SUM1-LJ01B-12-VEL3DB104,5,True,2023-11-05T00:00:00Z,2023-11-05T23:59:59Z,86400,86400,0,1.0,0.999989986,0.999993058,4.9142e-05,0,0,0,0,-0.0,0.89631,3.223324,-4.62551e-10,0.0008963167,0.003223347,False,0.003238,False
2023-11-06,RS01SUM1-LJ01B-12-VEL3DB104,5,True,2023-11-06T00:00:00Z,2023-11-06T23:59:59Z,86401,86401,0,1.0,0.99993515,0.999993029,0.000394797,0,0,0,0,1e-06,1.502138,12.766446,8.619141e-10,0.001502149,0.01276653,False,0.013354,False
2023-11-07,RS01SUM1-LJ01B-12-VEL3DB104,5,True,2023-11-07T00:00:00Z,2023-11-07T23:59:59Z,86400,86400,0,1.0,0.999945641,0.999993067,-0.001548278,0,0,0,0,-0.0,1.336899,4.172195,-4.357365e-10,0.001336908,0.004172223,False,0.0034,False
2023-11-08,RS01SUM1-LJ01B-12-VEL3DB104,5,True,2023-11-08T00:00:00Z,2023-11-08T23:59:59Z,86401,86401,0,1.0,0.999956608,0.999993052,0.001581126,0,0,0,0,1e-06,0.942764,5.218245,8.749938e-10,0.0009427708,0.005218281,False,0.004495,False
2023-11-09,RS01SUM1-LJ01B-12-VEL3DB104,5,True,2023-11-09T00:00:00Z,2023-11-09T23:59:59Z,86401,86401,0,1.0,0.999931812,0.999993039,3.3001e-05,0,0,1,1,1e-06,0.808049,9.420546,5.775431e-10,0.0008080542,0.009420611,False,0.009954,False
2023-11-10,RS01SUM1-LJ01B-12-VEL3DB104,5,True,2023-11-10T00:00:00Z,2023-11-10T23:59:59Z,86400,86400,0,1.0,0.999921322,0.999992993,0.001158127,0,0,0,0,-1e-06,0.866885,11.87254,-5.218825e-10,0.0008668908,0.01187262,False,0.011222,False
2023-11-11,RS01SUM1-LJ01B-12-VEL3DB104,5,True,2023-11-11T00:00:00Z,2023-11-11T23:59:59Z,86401,86401,0,1.0,0.999930382,0.999992999,-0.00079379,0,0,0,0,1e-06,0.802712,2.882809,9.263135e-10,0.0008027178,0.002882829,False,0.003122,False
2023-11-12,RS01SUM1-LJ01B-12-VEL3DB104,5,True,2023-11-12T00:00:00Z,2023-11-12T20:20:13Z,73214,73214,0,1.0,0.999939919,0.999993051,-0.001126682,0,0,0,0,1e-06,1.001459,4.947252,6.508119e-10,0.001001466,0.004947286,False,0.005713,False
2023-11-13,RS01SUM1-LJ01B-12-VEL3DB104,5,True,2023-11-13T00:00:00Z,2023-11-13T23:59:59Z,83280,86401,3121,1.0,0.999938965,0.999993028,0.000112854,2,3121,2,3122,0.0,0.95016,3.564068,3.903678e-10,0.0009501666,0.003564093,False,0.167347,True
2023-11-14,RS01SUM1-LJ01B-12-VEL3DB104,5,True,2023-11-14T00:00:00Z,2023-11-14T23:59:59Z,86401,86401,0,1.0,0.9999547,0.999993006,0.001271549,0,0,1,1,0.0,0.996704,3.215364,4.066149e-10,0.0009967109,0.003215386,False,0.003667,False
2023-11-15,RS01SUM1-LJ01B-12-VEL3DB104,5,True,2023-11-15T00:00:00Z,2023-11-15T23:59:59Z,86400,86400,0,1.0,0.999912739,0.99999304,0.00015023,0,0,0,0,-0.0,1.443466,12.457743,-4.313818e-10,0.001443476,0.01245783,False,0.011791,False
2023-11-16,RS01SUM1-LJ01B-12-VEL3DB104,5,True,2023-11-16T00:00:00Z,2023-11-16T23:59:59Z,86401,86401,0,1.0,0.999948978,0.999993058,0.001808194,0,0,1,1,-1e-06,1.962851,12.179734,-8.652512e-10,0.001962865,0.01217982,False,0.013557,False
2023-11-17,RS01SUM1-LJ01B-12-VEL3DB104,5,True,2023-11-17T00:00:00Z,2023-11-17T23:59:59Z,86401,86401,0,1.0,0.999952316,0.999993079,-0.002120913,0,0,1,1,-0.0,1.205127,4.016373,-1.134255e-10,0.001205135,0.004016401,False,0.00327,False
2023-11-18,RS01SUM1-LJ01B-12-VEL3DB104,5,True,2023-11-18T00:00:00Z,2023-11-18T23:59:59Z,86400,86400,0,1.0,0.9999547,0.999993049,0.000638739,0,0,0,0,-0.0,1.509036,11.60281,-4.642273e-10,0.001509047,0.01160289,False,0.01092,False
2023-11-19,RS01SUM1-LJ01B-12-VEL3DB104,5,True,2023-11-19T00:00:00Z,2023-11-19T23:59:59Z,86401,86401,0,1.0,0.999945641,0.999993059,-0.001774595,0,0,0,0,1e-06,1.360025,4.315233,8.813391e-10,0.001360034,0.004315263,False,0.003324,False
2023-11-20,RS01SUM1-LJ01B-12-VEL3DB104,5,True,2023-11-20T00:00:00Z,2023-11-20T23:59:59Z,86400,86400,0,1.0,0.999958038,0.999993072,-0.001210619,0,0,0,0,-0.0,1.740285,11.793648,-4.696893e-10,0.001740297,0.01179373,False,0.013319,False
2023-11-21,RS01SUM1-LJ01B-12-VEL3DB104,5,True,2023-11-21T00:00:00Z,2023-11-21T23:59:59Z,86401,86401,0,1.0,0.999957085,0.999992996,-0.001526492,0,0,3,3,1e-06,0.7865,11.295745,5.401595e-10,0.0007865054,0.01129582,False,0.011904,False
2023-11-22,RS01SUM1-LJ01B-12-VEL3DB104,5,True,2023-11-22T00:00:00Z,2023-11-22T23:59:59Z,86401,86401,0,1.0,0.99995327,0.999993026,0.000488749,0,0,0,0,1e-06,1.00899,12.836331,8.52316e-10,0.001008997,0.01283642,False,0.012406,False
2023-11-23,RS01SUM1-LJ01B-12-VEL3DB104,5,True,2023-11-23T00:00:00Z,2023-11-23T23:59:59Z,86400,86400,0,1.0,0.999934196,0.999993028,-0.001039841,0,0,0,0,-0.0,1.283474,13.666229,-4.589184e-10,0.001283483,0.01366632,False,0.012502,False
2023-11-24,RS01SUM1-LJ01B-12-VEL3DB104,5,True,2023-11-24T00:00:00Z,2023-11-24T23:59:59Z,86401,86401,0,1.0,0.999954224,0.999993084,1.7407e-05,0,0,3,3,-0.0,1.16522,11.131094,-4.379082e-11,0.001165228,0.01113117,False,0.01195,False
2023-11-25,RS01SUM1-LJ01B-12-VEL3DB104,5,True,2023-11-25T00:00:00Z,2023-11-25T23:59:59Z,86400,86400,0,1.0,0.999920368,0.999993095,-0.001641626,0,0,0,0,-1e-06,1.857414,12.932256,-5.039905e-10,0.001857427,0.01293235,False,0.011935,False
2023-11-26,RS01SUM1-LJ01B-12-VEL3DB104,5,True,2023-11-26T00:00:00Z,2023-11-26T14:42:46Z,52968,52968,0,1.0,0.999948978,0.999993023,-0.001717561,0,0,2,2,-0.0,3.498847,13.825654,-5.548804e-11,0.003498871,0.01382575,False,0.011349,False
2023-11-27,RS01SUM1-LJ01B-12-VEL3DB104,5,False,,,0,0,,1.0,,,,,,,,,,,,,,,,False
2023-11-28,RS01SUM1-LJ01B-12-VEL3DB104,5,False,,,0,0,,1.0,,,,,,,,,,,,,,,,False
2023-11-29,RS01SUM1-LJ01B-12-VEL3DB104,5,False,,,0,0,,1.0,,,,,,,,,,,,,,,,False
2023-11-30,RS01SUM1-LJ01B-12-VEL3DB104,5,False,,,0,0,,1.0,,,,,,,,,,,,,,,,False
2023-12-01,RS01SUM1-LJ01B-12-VEL3DB104,5,False,,,0,0,,1.0,,,,,,,,,,,,,,,,False
2023-12-02,RS01SUM1-LJ01B-12-VEL3DB104,5,False,,,0,0,,1.0,,,,,,,,,,,,,,,,False
2023-12-03,RS01SUM1-LJ01B-12-VEL3DB104,5,False,,,0,0,,1.0,,,,,,,,,,,,,,,,False
2023-12-04,RS01SUM1-LJ01B-12-VEL3DB104,5,False,,,0,0,,1.0,,,,,,,,,,,,,,,,False
2023-12-05,RS01SUM1-LJ01B-12-VEL3DB104,5,False,,,0,0,,1.0,,,,,,,,,,,,,,,,False
2023-12-06,RS01SUM1-LJ01B-12-VEL3DB104,5,False,,,0,0,,1.0,,,,,,,,,,,,,,,,False
2023-12-07,RS01SUM1-LJ01B-12-VEL3DB104,5,False,,,0,0,,1.0,,,,,,,,,,,,,,,,False
2023-12-08,RS01SUM1-LJ01B-12-VEL3DB104,5,False,,,0,0,,1.0,,,,,,,,,,,,,,,,False
2023-12-09,RS01SUM1-LJ01B-12-VEL3DB104,5,False,,,0,0,,1.0,,,,,,,,,,,,,,,,False
2023-12-10,RS01SUM1-LJ01B-12-VEL3DB104,5,False,,,0,0,,1.0,,,,,,,,,,,,,,,,False
2023-12-11,RS01SUM1-LJ01B-12-VEL3DB104,5,False,,,0,0,,1.0,,,,,,,,,,,,,,,,False
2023-12-12,RS01SUM1-LJ01B-12-VEL3DB104,5,False,,,0,0,,1.0,,,,,,,,,,,,,,,,False
2023-12-13,RS01SUM1-LJ01B-12-VEL3DB104,5,False,,,0,0,,1.0,,,,,,,,,,,,,,,,False
2023-12-14,RS01SUM1-LJ01B-12-VEL3DB104,5,True,2023-12-14T23:45:25Z,2023-12-14T23:59:59Z,875,875,0,1.0,0.99969101,0.999995359,-0.014310366,0,0,0,0,-0.0,3.773575,14.310366,-9.126536e-13,0.003773593,0.01431043,False,0.014765,False
2023-12-15,RS01SUM1-LJ01B-12-VEL3DB104,5,True,2023-12-15T00:00:00Z,2023-12-15T23:59:59Z,86401,86401,0,1.0,0.999829292,0.999993106,0.011574903,0,0,3,3,-0.0,3.626122,28.963217,-4.90279e-10,0.003626147,0.02896342,False,0.030453,False
2023-12-16,RS01SUM1-LJ01B-12-VEL3DB104,5,True,2023-12-16T00:00:00Z,2023-12-16T23:59:59Z,86400,86400,0,1.0,0.999831676,0.999993114,-0.000122694,0,0,0,0,-1e-06,0.73144,11.283738,-5.152149e-10,0.0007314449,0.01128382,False,0.012576,False
2023-12-17,RS01SUM1-LJ01B-12-VEL3DB104,5,True,2023-12-17T00:00:00Z,2023-12-17T23:59:59Z,86401,86401,0,1.0,0.999841213,0.999993062,-0.000417876,0,0,1,1,0.0,0.777371,10.819149,9.107319e-11,0.0007773765,0.01081922,False,0.01134,False
2023-12-18,RS01SUM1-LJ01B-12-VEL3DB104,5,True,2023-12-18T00:00:00Z,2023-12-18T23:59:59Z,86400,86400,0,1.0,0.999869347,0.999993036,0.000809287,0,0,0,0,-0.0,0.62239,2.357124,-4.702247e-10,0.0006223948,0.00235714,False,0.003079,False
2023-12-19,RS01SUM1-LJ01B-12-VEL3DB104,5,True,2023-12-19T00:00:00Z,2023-12-19T23:59:59Z,86401,86401,0,1.0,0.999856949,0.999993035,0.000671902,0,0,0,0,1e-06,0.907282,10.335761,8.981647e-10,0.0009072888,0.01033583,False,0.010324,False
2023-12-20,RS01SUM1-LJ01B-12-VEL3DB104,5,True,2023-12-20T00:00:00Z,2023-12-20T23:59:59Z,86401,86401,0,1.0,0.99988699,0.999993007,0.001069006,0,0,0,0,1e-06,1.076694,11.885896,8.316028e-10,0.001076702,0.01188598,False,0.012635,False
2023-12-21,RS01SUM1-LJ01B-12-VEL3DB104,5,True,2023-12-21T00:00:00Z,2023-12-21T23:59:59Z,86400,86400,0,1.0,0.999916077,0.999993021,0.000195333,0,0,0,0,-1e-06,0.952062,11.039267,-5.002446e-10,0.0009520689,0.01103934,False,0.011857,False
2023-12-22,RS01SUM1-LJ01B-12-VEL3DB104,5,True,2023-12-22T00:00:00Z,2023-12-22T23:59:59Z,86401,86401,0,1.0,0.999940872,0.99999297,0.001115751,0,0,0,0,1e-06,1.005008,9.067323,9.239342e-10,0.001005015,0.009067387,False,0.007929,False
2023-12-23,RS01SUM1-LJ01B-12-VEL3DB104,5,True,2023-12-23T00:00:00Z,2023-12-23T23:59:59Z,86400,86400,0,1.0,0.999968052,0.99999302,-0.001460527,0,0,0,0,-0.0,1.108282,3.573492,-4.760291e-10,0.001108289,0.003573517,False,0.003312,False
2023-12-24,RS01SUM1-LJ01B-12-VEL3DB104,5,True,2023-12-24T00:00:00Z,2023-12-24T23:59:59Z,86401,86401,0,1.0,0.999958038,0.999992979,-0.00123452,0,0,1,1,-0.0,1.182972,12.507895,-6.559854e-11,0.00118298,0.01250798,False,0.013457,False
2023-12-25,RS01SUM1-LJ01B-12-VEL3DB104,5,True,2023-12-25T00:00:00Z,2023-12-25T23:59:59Z,86401,86401,0,1.0,0.999938965,0.999992992,0.000392111,0,0,1,1,0.0,1.336435,12.406898,1.434078e-10,0.001336444,0.01240699,False,0.012012,False
2023-12-26,RS01SUM1-LJ01B-12-VEL3DB104,5,True,2023-12-26T00:00:00Z,2023-12-26T23:59:59Z,86400,86400,0,1.0,0.999928951,0.999992921,0.001874287,0,0,0,0,-1e-06,0.833558,3.109226,-5.140208e-10,0.0008335641,0.003109248,False,0.003114,False
2023-12-27,RS01SUM1-LJ01B-12-VEL3DB104,5,True,2023-12-27T00:00:00Z,2023-12-27T23:59:59Z,86401,86401,0,1.0,0.999927998,0.99999296,-0.00067828,0,0,2,2,-0.0,1.080193,10.236287,-2.426967e-10,0.001080201,0.01023636,False,0.011459,False
2023-12-28,RS01SUM1-LJ01B-12-VEL3DB104,5,True,2023-12-28T00:00:00Z,2023-12-28T23:59:59Z,86400,86400,0,1.0,0.999981403,0.999992966,0.001638461,0,0,0,0,-0.0,0.822691,3.452106,-4.4607e-10,0.0008226964,0.00345213,False,0.003261,False
2023-12-29,RS01SUM1-LJ01B-12-VEL3DB104,5,True,2023-12-29T00:00:00Z,2023-12-29T23:59:59Z,86401,86401,0,1.0,0.99992609,0.999993003,0.000483405,0,0,1,1,-0.0,1.012737,10.359981,-3.987609e-10,0.001012744,0.01036005,False,0.010413,False
2023-12-30,RS01SUM1-LJ01B-12-VEL3DB104,5,True,2023-12-30T00:00:00Z,2023-12-30T23:59:59Z,86401,86401,0,1.0,0.99993515,0.999992979,-0.000109322,0,0,1,1,0.0,0.841931,11.223502,1.428763e-11,0.0008419373,0.01122358,False,0.01184,False
2023-12-31,RS01SUM1-LJ01B-12-VEL3DB104,5,True,2023-12-31T00:00:00Z,2023-12-31T23:59:59Z,86400,86400,0,1.0,0.999933243,0.999992966,0.000824437,0,0,0,0,-0.0,1.065844,10.50803,-4.637129e-10,0.001065852,0.0105081,False,0.011876,False
2024-01-01,RS01SUM1-LJ01B-12-VEL3DB104,5,True,2024-01-01T00:00:00Z,2024-01-01T23:59:59Z,86401,86401,0,1.0,0.999900818,0.999993014,0.00052378,0,0,3,3,-0.0,2.148411,11.499333,-2.926006e-10,0.002148426,0.01149941,False,0.013525,False
2024-01-02,RS01SUM1-LJ01B-12-VEL3DB104,5,True,2024-01-02T00:00:00Z,2024-01-02T23:59:59Z,86400,86400,0,1.0,0.999941349,0.999993017,0.001106995,0,0,0,0,-0.0,1.478476,11.558763,-4.876874e-10,0.001478486,0.01155884,False,0.013402,False
2024-01-03,RS01SUM1-LJ01B-12-VEL3DB104,5,True,2024-01-03T00:00:00Z,2024-01-03T23:59:59Z,86401,86401,0,1.0,0.999891281,0.999993005,-0.001153186,0,0,1,1,-0.0,3.950199,10.890507,-2.096671e-10,0.003950227,0.01089058,False,0.014835,False
2024-01-04,RS01SUM1-LJ01B-12-VEL3DB104,5,True,2024-01-04T00:00:00Z,2024-01-04T23:59:59Z,86401,86401,0,1.0,0.999890804,0.999993005,0.009178967,0,0,0,0,1e-06,3.757271,12.445586,9.293976e-10,0.003757297,0.01244567,False,0.015866,False
2024-01-05,RS01SUM1-LJ01B-12-VEL3DB104,5,True,2024-01-05T00:00:00Z,2024-01-05T23:59:59Z,86400,86400,0,1.0,0.999901295,0.999993052,0.00858556,0,0,0,0,-0.0,2.05573,10.753559,-4.461925e-10,0.002055744,0.01075363,False,0.013406,False
2024-01-06,RS01SUM1-LJ01B-12-VEL3DB104,5,True,2024-01-06T00:00:00Z,2024-01-06T23:59:59Z,86401,86401,0,1.0,0.999931335,0.99999305,0.001091702,0,0,1,1,-0.0,0.961927,3.712274,-2.532238e-10,0.0009619339,0.003712299,False,0.004803,False
2024-01-07,RS01SUM1-LJ01B-12-VEL3DB104,5,True,2024-01-07T00:00:00Z,2024-01-07T23:59:59Z,86400,86400,0,1.0,0.999928951,0.99999303,8.9314e-05,0,0,0,0,-1e-06,1.175515,12.556073,-5.084242e-10,0.001175523,0.01255616,False,0.012789,False
2024-01-08,RS01SUM1-LJ01B-12-VEL3DB104,5,True,2024-01-08T00:00:00Z,2024-01-08T23:59:59Z,86401,86401,0,1.0,0.999880791,0.999993,0.000870785,0,0,2,2,0.0,0.813029,11.175743,4.24536e-10,0.0008130344,0.01117582,False,0.011382,False
2024-01-09,RS01SUM1-LJ01B-12-VEL3DB104,5,True,2024-01-09T00:00:00Z,2024-01-09T23:59:59Z,86401,86401,0,1.0,0.999897003,0.99999308,-0.000177498,0,0,0,0,1e-06,1.278685,11.25361,8.76474e-10,0.001278693,0.01125369,False,0.0089,False
2024-01-10,RS01SUM1-LJ01B-12-VEL3DB104,5,True,2024-01-10T00:00:00Z,2024-01-10T23:59:59Z,86400,86400,0,1.0,0.999872684,0.999993048,-0.000489634,0,0,0,0,-0.0,0.882398,10.782976,-4.6431e-10,0.000882404,0.01078305,False,0.011884,False
2024-01-11,RS01SUM1-LJ01B-12-VEL3DB104,5,True,2024-01-11T00:00:00Z,2024-01-11T23:59:59Z,86401,86401,0,1.0,0.999912262,0.999993101,-0.00064659,0,0,0,0,1e-06,1.084352,10.371738,8.914854e-10,0.00108436,0.01037181,False,0.010191,False
2024-01-12,RS01SUM1-LJ01B-12-VEL3DB104,5,True,2024-01-12T00:00:00Z,2024-01-12T23:59:59Z,86400,86400,0,1.0,0.999874115,0.999993083,0.001280875,0,0,0,0,-1e-06,0.735158,2.533693,-5.024745e-10,0.0007351626,0.002533711,False,0.003385,False
2024-01-13,RS01SUM1-LJ01B-12-VEL3DB104,5,True,2024-01-13T00:00:00Z,2024-01-13T23:59:59Z,86401,86401,0,1.0,0.999946117,0.999993119,-0.000331352,0,0,0,0,1e-06,1.309196,10.336217,9.045043e-10,0.001309205,0.01033629,False,0.007985,False
2024-01-14,RS01SUM1-LJ01B-12-VEL3DB104,5,True,2024-01-14T00:00:00Z,2024-01-14T23:59:59Z,86401,86401,0,1.0,0.999916077,0.999993081,0.001579163,0,0,3,3,0.0,1.006188,10.327111,1.59434e-10,0.001006195,0.01032718,False,0.012036,False
2024-01-15,RS01SUM1-LJ01B-12-VEL3DB104,5,True,2024-01-15T00:00:00Z,2024-01-15T23:59:59Z,86400,86400,0,1.0,0.999949932,0.999993105,-0.000442785,0,0,0,0,-0.0,1.01018,4.488019,-4.620372e-10,0.001010187,0.004488049,False,0.003676,False
2024-01-16,RS01SUM1-LJ01B-12-VEL3DB104,5,True,2024-01-16T00:00:00Z,2024-01-16T23:59:59Z,86401,86401,0,1.0,0.999963284,0.99999309,-0.000162507,0,0,0,0,1e-06,0.86244,12.259745,9.202358e-10,0.0008624459,0.01225983,False,0.013559,False
2024-01-17,RS01SUM1-LJ01B-12-VEL3DB104,5,True,2024-01-17T00:00:00Z,2024-01-17T23:59:59Z,86400,86400,0,1.0,0.999925137,0.999993086,0.001282175,0,0,0,0,-0.0,1.364566,10.364447,-4.545817e-10,0.001364575,0.01036452,False,0.01186,False
2024-01-18,RS01SUM1-LJ01B-12-VEL3DB104,5,True,2024-01-18T00:00:00Z,2024-01-18T23:59:59Z,86401,86401,0,1.0,0.999942303,0.999993046,0.000821858,0,0,0,0,1e-06,0.896817,3.919705,8.292137e-10,0.000896823,0.003919732,False,0.003105,False
2024-01-19,RS01SUM1-LJ01B-12-VEL3DB104,5,True,2024-01-19T00:00:00Z,2024-01-19T23:59:59Z,86401,86401,0,1.0,0.99990797,0.999993094,0.000613822,0,0,0,0,1e-06,1.32767,13.811667,8.968953e-10,0.001327679,0.01381176,False,0.013895,False
2024-01-20,RS01SUM1-LJ01B-12-VEL3DB104,5,True,2024-01-20T00:00:00Z,2024-01-20T23:59:59Z,86400,86400,0,1.0,0.999856949,0.999993037,-1.8493e-05,0,0,0,0,-0.0,1.534697,13.349399,-4.711795e-10,0.001534707,0.01334949,False,0.011638,False
2024-01-21,RS01SUM1-LJ01B-12-VEL3DB104,5,True,2024-01-21T00:00:00Z,2024-01-21T23:59:59Z,86401,86401,0,1.0,0.999924183,0.999993057,-0.000487025,0,0,1,1,0.0,1.132573,9.765133,3.843013e-10,0.001132581,0.0097652,False,0.010374,False
2024-01-22,RS01SUM1-LJ01B-12-VEL3DB104,5,True,2024-01-22T00:00:00Z,2024-01-22T23:59:59Z,86400,86400,0,1.0,0.999934196,0.999992976,0.000889417,0,0,0,0,-0.0,0.970155,3.284288,-4.792144e-10,0.0009701619,0.003284311,False,0.003121,False
2024-01-23,RS01SUM1-LJ01B-12-VEL3DB104,5,True,2024-01-23T00:00:00Z,2024-01-23T23:59:59Z,86401,86401,0,1.0,0.999927044,0.999993058,-0.000712794,0,0,1,1,-0.0,1.159394,3.740818,-2.797299e-10,0.001159402,0.003740844,False,0.003089,False
2024-01-24,RS01SUM1-LJ01B-12-VEL3DB104,5,True,2024-01-24T00:00:00Z,2024-01-24T23:59:59Z,63736,86403,22667,1.0,0.999909878,0.999992457,0.014760016,4,22667,4,22670,0.0,85.622492,2146.815631,1.40792e-11,0.08562314,2.146832,True,0.283374,True
2024-01-25,RS01SUM1-LJ01B-12-VEL3DB104,5,True,2024-01-25T00:00:00Z,2024-01-25T23:59:59Z,86400,86400,0,1.0,0.999938011,0.999993024,0.007868802,0,0,0,0,-0.0,2.641972,38.656378,-4.47798e-10,0.00264199,0.03865665,False,0.03916,False
2024-01-26,RS01SUM1-LJ01B-12-VEL3DB104,5,True,2024-01-26T00:00:00Z,2024-01-26T23:59:59Z,86401,86401,0,1.0,0.99988699,0.999992962,0.000329521,0,0,1,1,0.0,0.98526,3.550211,4.142365e-10,0.0009852674,0.003550236,False,0.003541,False
2024-01-27,RS01SUM1-LJ01B-12-VEL3DB104,5,True,2024-01-27T00:00:00Z,2024-01-27T23:59:59Z,86401,86401,0,1.0,0.999947071,0.99999296,0.001626842,0,0,2,2,0.0,0.883565,11.112612,6.320885e-11,0.0008835716,0.01111269,False,0.011833,False
2024-01-28,RS01SUM1-LJ01B-12-VEL3DB104,5,True,2024-01-28T00:00:00Z,2024-01-28T23:59:59Z,86400,86400,0,1.0,0.999912262,0.999992948,0.000199655,0,0,0,0,-1e-06,1.16167,12.514693,-5.135082e-10,0.001161678,0.01251478,False,0.013291,False
2024-01-29,RS01SUM1-LJ01B-12-VEL3DB104,5,True,2024-01-29T00:00:00Z,2024-01-29T23:59:59Z,86401,86401,0,1.0,0.999917984,0.999992961,0.000862747,0,0,0,0,1e-06,1.138675,12.742972,8.898587e-10,0.001138683,0.01274306,False,0.013586,False
2024-01-30,RS01SUM1-LJ01B-12-VEL3DB104,5,True,2024-01-30T00:00:00Z,2024-01-30T23:59:59Z,86400,86400,0,1.0,0.999935627,0.999992977,0.000540972,0,0,0,0,-0.0,0.898054,10.671523,-4.414031e-10,0.0008980606,0.0106716,False,0.011796,False
2024-01-31,RS01SUM1-LJ01B-12-VEL3DB104,5,True,2024-01-31T00:00:00Z,2024-01-31T23:59:59Z,86401,86401,0,1.0,0.999934673,0.999993027,-0.0005466,0,0,1,1,0.0,0.837536,3.704592,2.339446e-10,0.0008375423,0.003704618,False,0.003412,False
2024-02-01,RS01SUM1-LJ01B-12-VEL3DB104,5,True,2024-02-01T00:00:00Z,2024-02-01T23:59:59Z,86401,86401,0,1.0,0.999968052,0.999992994,0.001253093,0,0,0,0,1e-06,0.974295,12.1369,9.001622e-10,0.0009743017,0.01213698,False,0.011921,False
2024-02-02,RS01SUM1-LJ01B-12-VEL3DB104,5,True,2024-02-02T00:00:00Z,2024-02-02T23:59:59Z,86400,86400,0,1.0,0.999896049,0.999993014,-0.003600538,0,0,0,0,-0.0,4.450899,12.36558,-4.954965e-10,0.00445093,0.01236567,False,0.014111,False
2024-02-03,RS01SUM1-LJ01B-12-VEL3DB104,5,True,2024-02-03T00:00:00Z,2024-02-03T23:59:59Z,86401,86401,0,1.0,0.999958992,0.999993004,-0.000817098,0,0,1,1,-1e-06,1.193123,11.7199,-5.447508e-10,0.001193131,0.01171998,False,0.011544,False
2024-02-04,RS01SUM1-LJ01B-12-VEL3DB104,5,True,2024-02-04T00:00:00Z,2024-02-04T23:59:59Z,86400,86400,0,1.0,0.999934196,0.999993063,-0.000279891,0,0,0,0,-1e-06,0.900239,11.150775,-5.244311e-10,0.0009002457,0.01115085,False,0.011942,False
2024-02-05,RS01SUM1-LJ01B-12-VEL3DB104,5,True,2024-02-05T00:00:00Z,2024-02-05T23:59:59Z,86401,86401,0,1.0,0.999923229,0.99999302,-0.001048526,0,0,3,3,0.0,0.98802,11.946805,3.769759e-10,0.0009880272,0.01194689,False,0.011926,False
2024-02-06,RS01SUM1-LJ01B-12-VEL3DB104,5,True,2024-02-06T00:00:00Z,2024-02-06T23:59:59Z,86401,86401,0,1.0,0.999920845,0.99999302,0.000226907,0,0,1,1,1e-06,0.978877,10.568414,6.511082e-10,0.0009788835,0.01056849,False,0.011504,False
2024-02-07,RS01SUM1-LJ01B-12-VEL3DB104,5,True,2024-02-07T00:00:00Z,2024-02-07T23:59:59Z,86400,86400,0,1.0,0.999929905,0.999992971,0.00085582,0,0,0,0,-0.0,0.883022,5.507333,-4.986533e-10,0.0008830278,0.005507372,False,0.005129,False
2024-02-08,RS01SUM1-LJ01B-12-VEL3DB104,5,True,2024-02-08T00:00:00Z,2024-02-08T23:59:59Z,86401,86401,0,1.0,0.99992609,0.999992935,-0.00158803,0,0,1,1,-0.0,0.963165,8.58919,-2.672995e-10,0.0009631718,0.008589251,False,0.010301,False
2024-02-09,RS01SUM1-LJ01B-12-VEL3DB104,5,True,2024-02-09T00:00:00Z,2024-02-09T23:59:59Z,86401,86401,0,1.0,0.999929905,0.999992977,-0.000447854,0,0,0,0,1e-06,1.113054,11.59078,8.343574e-10,0.001113062,0.01159086,False,0.010264,False
2024-02-10,RS01SUM1-LJ01B-12-VEL3DB104,5,True,2024-02-10T00:00:00Z,2024-02-10T23:59:59Z,86400,86400,0,1.0,0.999969959,0.999993016,-0.000641956,0,0,0,0,-0.0,1.399089,12.995542,-4.847621e-10,0.001399099,0.01299563,False,0.011303,False
2024-02-11,RS01SUM1-LJ01B-12-VEL3DB104,5,True,2024-02-11T00:00:00Z,2024-02-11T23:59:59Z,86401,86401,0,1.0,0.999897003,0.999992985,0.000463106,0,0,2,2,0.0,1.331743,3.890473,4.25838e-10,0.001331752,0.0038905,False,0.003429,False
2024-02-12,RS01SUM1-LJ01B-12-VEL3DB104,5,True,2024-02-12T00:00:00Z,2024-02-12T23:59:59Z,86400,86400,0,1.0,0.999906063,0.999993057,0.000599324,0,0,0,0,-0.0,1.206773,11.165465,-4.761644e-10,0.001206781,0.01116554,False,0.01145,False
2024-02-13,RS01SUM1-LJ01B-12-VEL3DB104,5,True,2024-02-13T00:00:00Z,2024-02-13T23:59:59Z,86401,86401,0,1.0,0.999880791,0.999993,-0.000104393,0,0,0,0,1e-06,2.837226,11.791326,8.823303e-10,0.002837245,0.01179141,False,0.014009,False
2024-02-14,RS01SUM1-LJ01B-12-VEL3DB104,5,True,2024-02-14T00:00:00Z,2024-02-14T23:59:59Z,85915,86401,486,1.0,0.999873161,0.999993083,0.00765577,1,486,1,486,-1e-06,3.386741,12.881423,-5.881978e-10,0.003386765,0.01288151,False,0.057784,True
2024-02-15,RS01SUM1-LJ01B-12-VEL3DB104,5,True,2024-02-15T00:00:00Z,2024-02-15T23:59:59Z,86400,86400,0,1.0,0.99993372,0.999993016,5.9225e-05,0,0,0,0,-0.0,0.818674,3.104123,-4.988096e-10,0.0008186799,0.003104145,False,0.003421,False
2024-02-16,RS01SUM1-LJ01B-12-VEL3DB104,5,True,2024-02-16T00:00:00Z,2024-02-16T23:59:59Z,86401,86401,0,1.0,0.999922037,0.99999304,4.0584e-05,0,0,2,2,-0.0,0.827426,6.371376,-3.39277e-10,0.0008274318,0.00637142,False,0.006793,False
2024-02-17,RS01SUM1-LJ01B-12-VEL3DB104,5,True,2024-02-17T00:00:00Z,2024-02-17T23:59:59Z,86400,86400,0,1.0,0.999922752,0.999993019,-0.000798535,0,0,0,0,-0.0,0.881849,12.647685,-4.528908e-10,0.0008818549,0.01264777,False,0.011937,False
2024-02-18,RS01SUM1-LJ01B-12-VEL3DB104,5,True,2024-02-18T00:00:00Z,2024-02-18T23:59:59Z,86401,86401,0,1.0,0.999930382,0.999993034,0.000745047,0,0,2,2,0.0,1.312631,4.51861,4.982839e-12,0.00131264,0.004518642,False,0.003536,False
2024-02-19,RS01SUM1-LJ01B-12-VEL3DB104,5,True,2024-02-19T00:00:00Z,2024-02-19T23:59:59Z,86401,86401,0,1.0,0.999869823,0.999993014,-0.000489616,0,0,3,3,0.0,1.008571,10.860353,2.412444e-11,0.001008578,0.01086043,False,0.01148,False
2024-02-20,RS01SUM1-LJ01B-12-VEL3DB104,5,True,2024-02-20T00:00:00Z,2024-02-20T23:59:59Z,86400,86400,0,1.0,0.99988699,0.999993009,-0.000909093,0,0,0,0,-1e-06,1.119517,3.812825,-5.045285e-10,0.001119525,0.003812852,False,0.003354,False
2024-02-21,RS01SUM1-LJ01B-12-VEL3DB104,5,True,2024-02-21T00:00:00Z,2024-02-21T23:59:59Z,86401,86401,0,1.0,0.99992466,0.999992935,0.002265529,0,0,2,2,0.0,2.845767,15.24445,1.54469e-10,0.002845787,0.01524456,False,0.016439,False
2024-02-22,RS01SUM1-LJ01B-12-VEL3DB104,5,True,2024-02-22T00:00:00Z,2024-02-22T23:59:59Z,86400,86400,0,1.0,0.999929905,0.999993071,-0.003986369,0,0,0,0,-0.0,3.650385,11.88226,-4.630423e-10,0.003650411,0.01188234,False,0.013602,False
2024-02-23,RS01SUM1-LJ01B-12-VEL3DB104,5,True,2024-02-23T00:00:00Z,2024-02-23T23:59:59Z,86401,86401,0,1.0,0.999915123,0.999992982,0.011669746,0,0,0,0,1e-06,2.841241,13.094676,8.584013e-10,0.002841261,0.01309477,False,0.012642,False
2024-02-24,RS01SUM1-LJ01B-12-VEL3DB104,5,True,2024-02-24T00:00:00Z,2024-02-24T23:59:59Z,86401,86401,0,1.0,0.999939919,0.99999302,-0.004305001,0,0,1,1,-0.0,3.755507,10.689497,-2.106558e-10,0.003755533,0.01068957,False,0.013859,False
2024-02-25,RS01SUM1-LJ01B-12-VEL3DB104,5,True,2024-02-25T00:00:00Z,2024-02-25T23:59:59Z,86400,86400,0,1.0,0.999897957,0.999992991,-0.002366726,0,0,0,0,-1e-06,1.186728,11.870498,-5.148585e-10,0.001186737,0.01187058,False,0.013328,False
2024-02-26,RS01SUM1-LJ01B-12-VEL3DB104,5,True,2024-02-26T00:00:00Z,2024-02-26T23:59:59Z,86401,86401,0,1.0,0.999936104,0.999992998,-0.001086389,0,0,0,0,1e-06,0.896666,11.980264,8.260675e-10,0.0008966724,0.01198035,False,0.011852,False
2024-02-27,RS01SUM1-LJ01B-12-VEL3DB104,5,True,2024-02-27T00:00:00Z,2024-02-27T23:59:59Z,86400,86400,0,1.0,0.999929905,0.999993038,0.000449574,0,0,0,0,-1e-06,1.218628,11.593368,-5.096961e-10,0.001218636,0.01159345,False,0.011477,False
2024-02-28,RS01SUM1-LJ01B-12-VEL3DB104,5,True,2024-02-28T00:00:00Z,2024-02-28T23:59:59Z,86401,86401,0,1.0,0.999911785,0.999992988,0.000638027,0,0,0,0,1e-06,0.902167,12.998641,8.671453e-10,0.0009021731,0.01299873,False,0.011607,False
2024-02-29,RS01SUM1-LJ01B-12-VEL3DB104,5,True,2024-02-29T00:00:00Z,2024-02-29T23:59:59Z,86401,86401,0,1.0,0.999905109,0.999993003,-0.001331399,0,0,1,1,1e-06,0.950774,11.721304,5.439527e-10,0.0009507808,0.01172139,False,0.011816,False
2024-03-01,RS01SUM1-LJ01B-12-VEL3DB104,5,True,2024-03-01T00:00:00Z,2024-03-01T23:59:59Z,86400,86400,0,1.0,0.999884129,0.999993066,-0.001279705,0,0,0,0,-0.0,1.046804,11.14542,-4.837542e-10,0.001046811,0.0111455,False,0.01186,False
2024-03-02,RS01SUM1-LJ01B-12-VEL3DB104,5,True,2024-03-02T00:00:00Z,2024-03-02T23:59:59Z,86401,86401,0,1.0,0.999909878,0.999993037,0.002236363,0,0,3,3,1e-06,1.144549,4.05923,8.178481e-10,0.001144557,0.004059259,False,0.003468,False
2024-03-03,RS01SUM1-LJ01B-12-VEL3DB104,5,True,2024-03-03T00:00:00Z,2024-03-03T23:59:59Z,86400,86400,0,1.0,0.999920845,0.999993103,-0.000361723,0,0,0,0,-0.0,0.912509,11.486861,-4.437104e-10,0.0009125152,0.01148694,False,0.011936,False
2024-03-04,RS01SUM1-LJ01B-12-VEL3DB104,5,True,2024-03-04T00:00:00Z,2024-03-04T23:59:59Z,86401,86401,0,1.0,0.99986887,0.999993046,-0.000750767,0,0,0,0,1e-06,0.795545,11.690831,8.504138e-10,0.0007955501,0.01169091,False,0.013269,False
2024-03-05,RS01SUM1-LJ01B-12-VEL3DB104,5,True,2024-03-05T00:00:00Z,2024-03-05T23:59:59Z,86401,86401,0,1.0,0.99993515,0.999993077,-0.000441841,0,0,3,3,0.0,1.107263,4.664148,4.047446e-10,0.001107271,0.00466418,False,0.003401,False
2024-03-06,RS01SUM1-LJ01B-12-VEL3DB104,5,True,2024-03-06T00:00:00Z,2024-03-06T23:59:59Z,86400,86400,0,1.0,0.999925137,0.999993014,0.00052735,0,0,0,0,-0.0,1.341633,13.225243,-4.49169e-10,0.001341643,0.01322534,False,0.012759,False
2024-03-07,RS01SUM1-LJ01B-12-VEL3DB104,5,True,2024-03-07T00:00:00Z,2024-03-07T23:59:59Z,86401,86401,0,1.0,0.999882221,0.999993036,0.001232113,0,0,0,0,1e-06,0.978797,11.777644,9.415826e-10,0.0009788036,0.01177773,False,0.013222,False
2024-03-08,RS01SUM1-LJ01B-12-VEL3DB104,5,True,2024-03-08T00:00:00Z,2024-03-08T23:59:59Z,86400,86400,0,1.0,0.999918938,0.999993086,0.001304309,0,0,0,0,-1e-06,1.013554,12.079911,-5.278061e-10,0.001013561,0.01207999,False,0.011546,False
2024-03-09,RS01SUM1-LJ01B-12-VEL3DB104,5,True,2024-03-09T00:00:00Z,2024-03-09T23:59:59Z,86401,86401,0,1.0,0.999902248,0.999993118,0.002097134,0,0,1,1,0.0,0.857962,9.220347,2.141859e-10,0.0008579682,0.00922041,False,0.010441,False
2024-03-10,RS01SUM1-LJ01B-12-VEL3DB104,5,True,2024-03-10T00:00:00Z,2024-03-10T23:59:59Z,86401,86401,0,1.0,0.99994278,0.999993161,-0.002355899,0,0,0,0,1e-06,1.158756,10.88499,8.857164e-10,0.001158764,0.01088506,False,0.013389,False
2024-03-11,RS01SUM1-LJ01B-12-VEL3DB104,5,True,2024-03-11T00:00:00Z,2024-03-11T23:59:59Z,86400,86400,0,1.0,0.99990797,0.999993131,0.001457868,0,0,0,0,-0.0,1.172317,10.271598,-4.89853e-10,0.001172325,0.01027167,False,0.010106,False
2024-03-12,RS01SUM1-LJ01B-12-VEL3DB104,5,True,2024-03-12T00:00:00Z,2024-03-12T23:59:59Z,86401,86401,0,1.0,0.999886036,0.999993108,0.000784711,0,0,0,0,1e-06,1.123282,12.037435,8.203914e-10,0.00112329,0.01203752,False,0.01285,False
2024-03-13,RS01SUM1-LJ01B-12-VEL3DB104,5,True,2024-03-13T00:00:00Z,2024-03-13T23:59:59Z,86400,86400,0,1.0,0.999921799,0.999993083,0.000932156,0,0,0,0,-0.0,1.091939,11.085084,-4.668758e-10,0.001091946,0.01108516,False,0.01241,False
2024-03-14,RS01SUM1-LJ01B-12-VEL3DB104,5,True,2024-03-14T00:00:00Z,2024-03-14T23:59:59Z,86401,86401,0,1.0,0.999910831,0.99999308,0.001125776,0,0,1,1,-0.0,1.32574,4.285847,-3.334658e-10,0.001325749,0.004285877,False,0.003484,False
2024-03-15,RS01SUM1-LJ01B-12-VEL3DB104,5,True,2024-03-15T00:00:00Z,2024-03-15T23:59:59Z,86401,86401,0,1.0,0.999911785,0.999993087,0.002008382,0,0,2,2,1e-06,1.099427,4.070385,9.577408e-10,0.001099435,0.004070413,False,0.003595,False
2024-03-16,RS01SUM1-LJ01B-12-VEL3DB104,5,True,2024-03-16T00:00:00Z,2024-03-16T23:59:59Z,86400,86400,0,1.0,0.999893665,0.999993043,8.2474e-05,0,0,0,0,-0.0,0.963602,12.157203,-4.312748e-10,0.0009636088,0.01215729,False,0.012062,False
2024-03-17,RS01SUM1-LJ01B-12-VEL3DB104,5,True,2024-03-17T00:00:00Z,2024-03-17T23:59:59Z,86401,86401,0,1.0,0.999876022,0.99999304,0.000403706,0,0,0,0,1e-06,1.306828,10.668266,8.436256e-10,0.001306837,0.01066834,False,0.010142,False
2024-03-18,RS01SUM1-LJ01B-12-VEL3DB104,5,True,2024-03-18T00:00:00Z,2024-03-18T23:59:59Z,86400,86400,0,1.0,0.999876976,0.99999304,0.001740012,0,0,0,0,-0.0,0.869076,11.392835,-4.572267e-10,0.0008690816,0.01139291,False,0.012009,False
2024-03-19,RS01SUM1-LJ01B-12-VEL3DB104,5,True,2024-03-19T00:00:00Z,2024-03-19T23:59:59Z,86401,86401,0,1.0,0.999869823,0.999993061,-0.000289189,0,0,0,0,1e-06,1.639667,4.806559,8.78916e-10,0.001639679,0.004806593,False,0.005631,False
2024-03-20,RS01SUM1-LJ01B-12-VEL3DB104,5,True,2024-03-20T00:00:00Z,2024-03-20T23:59:59Z,86401,86401,0,1.0,0.9998703,0.999993022,-0.000160839,0,0,0,0,1e-06,2.627982,11.161674,8.966044e-10,0.002628,0.01116175,False,0.014027,False
2024-03-21,RS01SUM1-LJ01B-12-VEL3DB104,5,True,2024-03-21T00:00:00Z,2024-03-21T23:59:59Z,86400,86400,0,1.0,0.999894142,0.999992243,0.021960319,0,0,1,1,1e-06,56.351243,417.099834,7.536617e-10,0.05635168,0.4171031,True,0.415592,False
2024-03-22,RS01SUM1-LJ01B-12-VEL3DB104,5,True,2024-03-22T00:00:00Z,2024-03-22T23:59:59Z,86401,86401,0,1.0,0.999873161,0.999993555,0.055024259,0,0,5,5,0.0,50.007993,320.524447,3.484e-10,0.05000832,0.3205265,False,0.429551,False
2024-03-23,RS01SUM1-LJ01B-12-VEL3DB104,5,True,2024-03-23T00:00:00Z,2024-03-23T23:59:59Z,86400,86400,0,1.0,0.999902725,0.999993106,-0.004260969,0,0,0,0,-0.0,4.366117,11.255163,-4.950827e-10,0.004366147,0.01125524,False,0.01375,False
2024-03-24,RS01SUM1-LJ01B-12-VEL3DB104,5,True,2024-03-24T00:00:00Z,2024-03-24T23:59:59Z,86401,86401,0,1.0,0.999962807,0.999993068,-0.000302487,0,0,1,1,0.0,1.055476,11.404943,2.005491e-10,0.001055483,0.01140502,False,0.012968,False
2024-03-25,RS01SUM1-LJ01B-12-VEL3DB104,5,True,2024-03-25T00:00:00Z,2024-03-25T23:59:59Z,86401,86401,0,1.0,0.999915123,0.999993095,0.000574549,0,0,1,1,1e-06,1.043276,11.310333,7.976729e-10,0.001043283,0.01131041,False,0.012537,False
2024-03-26,RS01SUM1-LJ01B-12-VEL3DB104,5,True,2024-03-26T00:00:00Z,2024-03-26T23:59:59Z,86400,86400,0,1.0,0.999872208,0.99999303,-0.001382852,0,0,0,0,-0.0,3.586686,16.636575,-4.484136e-10,0.003586711,0.01663669,False,0.014481,False
2024-03-27,RS01SUM1-LJ01B-12-VEL3DB104,5,True,2024-03-27T00:00:00Z,2024-03-27T23:59:59Z,86401,86401,0,1.0,0.999887943,0.999993046,0.002388928,0,0,0,0,1e-06,1.909398,10.361913,8.222972e-10,0.001909411,0.01036199,False,0.01374,False
2024-03-28,RS01SUM1-LJ01B-12-VEL3DB104,5,True,2024-03-28T00:00:00Z,2024-03-28T23:59:59Z,86400,86400,0,1.0,0.999882221,0.99999309,-0.002153122,0,0,0,0,-0.0,4.289379,11.248787,-4.318784e-10,0.004289408,0.01124887,False,0.013378,False
2024-03-29,RS01SUM1-LJ01B-12-VEL3DB104,5,True,2024-03-29T00:00:00Z,2024-03-29T23:59:59Z,86401,86401,0,1.0,0.999923706,0.999993108,-0.000674967,0,0,1,1,0.0,1.184832,11.128592,2.002741e-10,0.00118484,0.01112867,False,0.011682,False
2024-03-30,RS01SUM1-LJ01B-12-VEL3DB104,5,True,2024-03-30T00:00:00Z,2024-03-30T23:59:59Z,86401,86401,0,1.0,0.999931335,0.99999309,0.001231566,0,0,2,2,0.0,0.859249,8.737363,2.991114e-10,0.0008592548,0.008737423,False,0.010556,False
2024-03-31,RS01SUM1-LJ01B-12-VEL3DB104,5,True,2024-03-31T00:00:00Z,2024-03-31T23:59:59Z,86400,86400,0,1.0,0.999913692,0.999993125,0.000315745,0,0,0,0,-0.0,1.000338,4.055844,-4.58022e-10,0.001000344,0.004055872,False,0.003371,False
2024-04-01,RS01SUM1-LJ01B-12-VEL3DB104,5,True,2024-04-01T00:00:00Z,2024-04-01T23:59:59Z,86401,86401,0,1.0,0.999852657,0.999993117,-0.000861464,0,0,0,0,1e-06,0.995038,6.297314,8.58304e-10,0.0009950447,0.006297358,False,0.005675,False
2024-04-02,RS01SUM1-LJ01B-12-VEL3DB104,5,True,2024-04-02T00:00:00Z,2024-04-02T01:14:14Z,4455,4455,0,1.0,0.999809265,0.999993268,-0.000725662,0,0,0,0,0.0,0.58129,2.377385,1.002891e-12,0.0005812938,0.002377401,False,0.003247,False
2024-04-03,RS01SUM1-LJ01B-12-VEL3DB104,5,False,,,0,0,,1.0,,,,,,,,,,,,,,,,False
2024-04-04,RS01SUM1-LJ01B-12-VEL3DB104,5,True,2024-04-04T00:19:16Z,2024-04-04T23:59:59Z,85244,85244,0,1.0,0.999855042,0.999993172,-0.003137279,0,0,0,0,1e-06,2.957386,40.263535,9.281512e-10,0.002957407,0.04026381,False,0.039865,False
2024-04-05,RS01SUM1-LJ01B-12-VEL3DB104,5,True,2024-04-05T00:00:00Z,2024-04-05T23:59:59Z,85449,86401,952,1.0,0.999849319,0.999993164,-0.000876871,2,952,2,952,0.0,0.833796,11.232858,3.878608e-10,0.0008338013,0.01123294,False,0.084878,True
2024-04-06,RS01SUM1-LJ01B-12-VEL3DB104,5,True,2024-04-06T00:00:00Z,2024-04-06T23:59:59Z,86400,86400,0,1.0,0.999799252,0.999993168,-0.001375413,0,0,0,0,-0.0,3.725307,11.798869,-4.468281e-10,0.003725332,0.01179895,False,0.013932,False
2024-04-07,RS01SUM1-LJ01B-12-VEL3DB104,5,True,2024-04-07T00:00:00Z,2024-04-07T23:59:59Z,86401,86401,0,1.0,0.999842167,0.999993223,-0.000121456,0,0,3,3,-0.0,1.968397,11.805485,-2.813655e-10,0.00196841,0.01180557,False,0.013853,False
2024-04-08,RS01SUM1-LJ01B-12-VEL3DB104,5,True,2024-04-08T00:00:00Z,2024-04-08T23:59:59Z,86401,86401,0,1.0,0.999842167,0.999993203,0.001414763,0,0,1,1,0.0,1.445349,6.415139,1.14505e-10,0.001445358,0.006415183,False,0.003736,False
2024-04-09,RS01SUM1-LJ01B-12-VEL3DB104,5,True,2024-04-09T00:00:00Z,2024-04-09T22:00:27Z,79228,79228,0,1.0,0.999855042,0.999993226,-0.00020141,0,0,0,0,0.0,0.943178,10.068247,1.164082e-10,0.0009431848,0.01006832,False,0.010878,False
2024-04-10,RS01SUM1-LJ01B-12-VEL3DB104,5,True,2024-04-10T02:51:10Z,2024-04-10T23:59:59Z,76131,76131,0,1.0,0.999891281,0.999993249,0.001223395,0,0,0,0,0.0,3.030675,35.624972,2.201969e-10,0.003030695,0.03562521,False,0.037052,False
2024-04-11,RS01SUM1-LJ01B-12-VEL3DB104,5,True,2024-04-11T00:00:00Z,2024-04-11T23:59:59Z,79986,86401,6415,1.0,0.999839783,0.999979698,0.316852407,1,6415,1,6415,-0.0,255.441177,494.901738,-9.177245e-11,0.2554464,0.4949118,True,0.034675,True
2024-04-12,RS01SUM1-LJ01B-12-VEL3DB104,5,True,2024-04-12T00:00:00Z,2024-04-12T23:59:59Z,86401,86401,0,1.0,0.99987793,0.99999334,0.001884221,0,0,1,1,0.0,1.409313,11.260974,4.636865e-10,0.001409323,0.01126105,False,0.013278,False
2024-04-13,RS01SUM1-LJ01B-12-VEL3DB104,5,True,2024-04-13T00:00:00Z,2024-04-13T23:59:59Z,86400,86400,0,1.0,0.999841213,0.999993314,-0.003010523,0,0,0,0,-0.0,1.320467,11.776794,-4.342281e-10,0.001320476,0.01177687,False,0.012011,False
2024-04-14,RS01SUM1-LJ01B-12-VEL3DB104,5,True,2024-04-14T00:00:00Z,2024-04-14T23:59:59Z,86401,86401,0,1.0,0.999875069,0.99999332,-0.000491262,0,0,1,1,1e-06,0.913931,11.128518,5.586143e-10,0.0009139367,0.01112859,False,0.011203,False
2024-04-15,RS01SUM1-LJ01B-12-VEL3DB104,5,True,2024-04-15T00:00:00Z,2024-04-15T23:59:59Z,86400,86400,0,1.0,0.999868393,0.999993278,0.000717339,0,0,0,0,-1e-06,0.904854,3.407382,-5.149595e-10,0.0009048596,0.003407405,False,0.00451,False
2024-04-16,RS01SUM1-LJ01B-12-VEL3DB104,5,True,2024-04-16T00:00:00Z,2024-04-16T23:59:59Z,86401,86401,0,1.0,0.99985075,0.999993243,0.002018327,0,0,2,2,0.0,1.005588,12.961992,1.999735e-10,0.001005594,0.01296208,False,0.012679,False
2024-04-17,RS01SUM1-LJ01B-12-VEL3DB104,5,True,2024-04-17T00:00:00Z,2024-04-17T23:59:59Z,86401,86401,0,1.0,0.999854088,0.99999321,0.000458012,0,0,0,0,1e-06,1.358809,4.667055,9.128221e-10,0.001358818,0.004667086,False,0.003472,False
2024-04-18,RS01SUM1-LJ01B-12-VEL3DB104,5,True,2024-04-18T00:00:00Z,2024-04-18T23:59:59Z,86400,86400,0,1.0,0.999836922,0.999993212,0.000818698,0,0,0,0,-0.0,1.944986,6.264501,-4.97981e-10,0.001944999,0.006264544,False,0.003779,False
2024-04-19,RS01SUM1-LJ01B-12-VEL3DB104,5,True,2024-04-19T00:00:00Z,2024-04-19T23:59:59Z,86401,86401,0,1.0,0.999836922,0.99999324,-0.000221793,0,0,1,1,-0.0,1.058746,6.348143,-1.825763e-10,0.001058754,0.006348186,False,0.005319,False
2024-04-20,RS01SUM1-LJ01B-12-VEL3DB104,5,True,2024-04-20T00:00:00Z,2024-04-20T23:59:59Z,86400,86400,0,1.0,0.999855995,0.9999932,0.000134389,0,0,0,0,-1e-06,0.942273,3.717028,-5.167112e-10,0.0009422798,0.003717053,False,0.004908,False
2024-04-21,RS01SUM1-LJ01B-12-VEL3DB104,5,True,2024-04-21T00:00:00Z,2024-04-21T23:59:59Z,86401,86401,0,1.0,0.999880791,0.999993213,-0.000607136,0,0,1,1,-0.0,0.798624,11.799004,-3.911654e-10,0.0007986294,0.01179908,False,0.013656,False
2024-04-22,RS01SUM1-LJ01B-12-VEL3DB104,5,True,2024-04-22T00:00:00Z,2024-04-22T23:59:59Z,86401,86401,0,1.0,0.999829769,0.999993199,0.000229592,0,0,1,1,0.0,0.917481,11.147871,3.6857e-10,0.0009174872,0.01114795,False,0.013269,False
2024-04-23,RS01SUM1-LJ01B-12-VEL3DB104,5,True,2024-04-23T00:00:00Z,2024-04-23T23:59:59Z,86400,86400,0,1.0,0.999846935,0.999993228,-0.000913272,0,0,0,0,-0.0,1.238763,10.224977,-4.619155e-10,0.001238772,0.01022505,False,0.011559,False
2024-04-24,RS01SUM1-LJ01B-12-VEL3DB104,5,True,2024-04-24T00:00:00Z,2024-04-24T23:59:59Z,86401,86401,0,1.0,0.999844074,0.999993206,0.001076263,0,0,0,0,1e-06,0.759868,2.966169,8.63905e-10,0.0007598727,0.00296619,False,0.003346,False
2024-04-25,RS01SUM1-LJ01B-12-VEL3DB104,5,True,2024-04-25T00:00:00Z,2024-04-25T23:59:59Z,86400,86400,0,1.0,0.999867439,0.999993173,0.002310939,0,0,0,0,-0.0,1.88792,18.978578,-4.42767e-10,0.001887933,0.01897871,False,0.016238,False
2024-04-26,RS01SUM1-LJ01B-12-VEL3DB104,5,True,2024-04-26T00:00:00Z,2024-04-26T23:59:59Z,86401,86401,0,1.0,0.999845982,0.999993162,-0.000968229,0,0,0,0,1e-06,1.061004,12.931161,8.961469e-10,0.001061011,0.01293125,False,0.010099,False
2024-04-27,RS01SUM1-LJ01B-12-VEL3DB104,5,True,2024-04-27T00:00:00Z,2024-04-27T23:59:59Z,86400,86400,0,1.0,0.999849319,0.999993204,-0.002137611,0,0,0,0,-0.0,1.477662,13.203272,-4.979341e-10,0.001477672,0.01320336,False,0.013084,False
2024-04-28,RS01SUM1-LJ01B-12-VEL3DB104,5,True,2024-04-28T00:00:00Z,2024-04-28T23:59:59Z,86401,86401,0,1.0,0.999845028,0.999993155,-0.000361842,0,0,0,0,1e-06,1.40542,11.510958,9.091385e-10,0.00140543,0.01151104,False,0.011415,False
2024-04-29,RS01SUM1-LJ01B-12-VEL3DB104,5,True,2024-04-29T00:00:00Z,2024-04-29T23:59:59Z,86401,86401,0,1.0,0.999873161,0.999993203,-0.000761207,0,0,0,0,1e-06,1.654965,10.886831,9.053348e-10,0.001654977,0.0108869,False,0.013378,False
2024-04-30,RS01SUM1-LJ01B-12-VEL3DB104,5,True,2024-04-30T00:00:00Z,2024-04-30T23:59:59Z,86400,86400,0,1.0,0.999855995,0.999993145,0.001901122,0,0,0,0,-1e-06,0.844102,3.037355,-5.143486e-10,0.000844108,0.003037376,False,0.003366,False
2024-05-01,RS01SUM1-LJ01B-12-VEL3DB104,5,True,2024-05-01T00:00:00Z,2024-05-01T23:59:59Z,86401,86401,0,1.0,0.999876022,0.999993174,0.002222784,0,0,2,2,0.0,1.316361,10.40943,3.567319e-10,0.00131637,0.0104095,False,0.011859,False
2024-05-02,RS01SUM1-LJ01B-12-VEL3DB104,5,True,2024-05-02T00:00:00Z,2024-05-02T23:59:59Z,86009,86400,391,1.0,0.999862194,0.999993161,5.5073e-05,1,391,1,391,-0.0,1.47881,12.365841,-2.486238e-10,0.00147882,0.01236593,False,0.051886,True
2024-05-03,RS01SUM1-LJ01B-12-VEL3DB104,5,True,2024-05-03T00:00:00Z,2024-05-03T23:59:59Z,86401,86401,0,1.0,0.999887943,0.999993274,-0.000828549,0,0,0,0,1e-06,4.430455,15.263569,8.636245e-10,0.004430485,0.01526367,False,0.014451,False
2024-05-04,RS01SUM1-LJ01B-12-VEL3DB104,5,True,2024-05-04T00:00:00Z,2024-05-04T23:59:59Z,86401,86401,0,1.0,0.999897003,0.999993285,-0.002721043,0,0,0,0,1e-06,1.308701,11.951202,8.887528e-10,0.00130871,0.01195128,False,0.013325,False
2024-05-05,RS01SUM1-LJ01B-12-VEL3DB104,5,True,2024-05-05T00:00:00Z,2024-05-05T23:59:59Z,86400,86400,0,1.0,0.999890804,0.999993235,0.001954873,0,0,0,0,-1e-06,1.167442,3.612974,-5.175704e-10,0.00116745,0.003612998,False,0.003399,False
2024-05-06,RS01SUM1-LJ01B-12-VEL3DB104,5,True,2024-05-06T00:00:00Z,2024-05-06T15:16:53Z,55015,55015,0,1.0,0.99988699,0.999993338,-0.003558132,0,0,0,0,0.0,2.017065,14.123338,6.228418e-11,0.002017079,0.01412343,False,0.012506,False
2024-05-07,RS01SUM1-LJ01B-12-VEL3DB104,5,True,2024-05-07T16:51:09Z,2024-05-07T23:59:59Z,25731,25731,0,1.0,0.999902725,0.999993653,-0.003118865,0,0,0,0,-0.0,3.66988,9.466855,-5.128672e-11,0.003669904,0.009466915,False,0.013954,False
2024-05-08,RS01SUM1-LJ01B-12-VEL3DB104,5,True,2024-05-08T00:00:00Z,2024-05-08T23:59:59Z,86400,86400,0,1.0,0.999863148,0.999993252,-0.002290703,0,0,0,0,-0.0,2.111771,7.604786,-4.894608e-10,0.002111785,0.007604838,False,0.003269,False
2024-05-09,RS01SUM1-LJ01B-12-VEL3DB104,5,True,2024-05-09T00:00:00Z,2024-05-09T23:59:59Z,86401,86401,0,1.0,0.999858379,0.999993254,-0.005240757,0,0,0,0,1e-06,2.342379,9.889132,8.958217e-10,0.002342395,0.009889199,False,0.007019,False
2024-05-10,RS01SUM1-LJ01B-12-VEL3DB104,5,True,2024-05-10T00:00:00Z,2024-05-10T23:59:59Z,86299,86400,101,1.0,0.999815941,0.999993164,0.003545032,1,101,1,101,-0.0,4.425779,10.723543,-1.553625e-11,0.00442581,0.01072362,False,0.030042,True
2024-05-11,RS01SUM1-LJ01B-12-VEL3DB104,5,True,2024-05-11T00:00:00Z,2024-05-11T23:59:59Z,86401,86401,0,1.0,0.999873161,0.999993343,0.005834544,0,0,2,2,0.0,3.358036,13.213346,2.39308e-10,0.003358058,0.01321343,False,0.014454,False
2024-05-12,RS01SUM1-LJ01B-12-VEL3DB104,5,True,2024-05-12T00:00:00Z,2024-05-12T23:59:59Z,86401,86401,0,1.0,0.999810219,0.99999324,-0.001298215,0,0,0,0,1e-06,4.217249,9.962489,9.11423e-10,0.004217278,0.009962556,False,0.013773,False
2024-05-13,RS01SUM1-LJ01B-12-VEL3DB104,5,True,2024-05-13T00:00:00Z,2024-05-13T23:59:59Z,86400,86400,0,1.0,0.999824047,0.999993249,-0.002288445,0,0,0,0,-0.0,5.039209,10.699346,-4.560624e-10,0.005039243,0.01069942,False,0.014683,False
2024-05-14,RS01SUM1-LJ01B-12-VEL3DB104,5,True,2024-05-14T00:00:00Z,2024-05-14T23:59:59Z,86401,86401,0,1.0,0.999868393,0.999993243,-0.001866012,0,0,3,3,0.0,1.445208,12.147853,4.659191e-10,0.001445218,0.01214793,False,0.012573,False
2024-05-15,RS01SUM1-LJ01B-12-VEL3DB104,5,True,2024-05-15T00:00:00Z,2024-05-15T23:59:59Z,86400,86400,0,1.0,0.999853134,0.999993175,-0.001630007,0,0,0,0,-0.0,1.225283,9.903181,-4.507445e-10,0.001225291,0.009903249,False,0.011841,False
2024-05-16,RS01SUM1-LJ01B-12-VEL3DB104,5,True,2024-05-16T00:00:00Z,2024-05-16T23:59:59Z,86401,86401,0,1.0,0.999847889,0.999993119,-0.001933725,0,0,1,1,1e-06,4.27277,12.204189,5.84094e-10,0.0042728,0.01220427,False,0.014844,False
2024-05-17,RS01SUM1-LJ01B-12-VEL3DB104,5,True,2024-05-17T00:00:00Z,2024-05-17T23:59:59Z,86401,86401,0,1.0,0.999876976,0.999993139,0.011525944,0,0,2,2,0.0,3.039239,14.776279,4.577932e-10,0.00303926,0.01477638,False,0.014065,False
2024-05-18,RS01SUM1-LJ01B-12-VEL3DB104,5,True,2024-05-18T00:00:00Z,2024-05-18T23:59:59Z,86400,86400,0,1.0,0.999912262,0.999993091,0.000422831,0,0,0,0,-0.0,0.871572,12.152214,-4.695585e-10,0.0008715777,0.0121523,False,0.011934,False
2024-05-19,RS01SUM1-LJ01B-12-VEL3DB104,5,True,2024-05-19T00:00:00Z,2024-05-19T23:59:59Z,86401,86401,0,1.0,0.999949932,0.999993126,0.001071593,0,0,2,2,-0.0,1.052854,4.630336,-2.145252e-10,0.001052862,0.004630368,False,0.003206,False
2024-05-20,RS01SUM1-LJ01B-12-VEL3DB104,5,True,2024-05-20T00:00:00Z,2024-05-20T23:59:59Z,86400,86400,0,1.0,0.999969006,0.999993118,0.002599275,0,0,0,0,-0.0,1.11459,12.539876,-4.745552e-10,0.001114598,0.01253996,False,0.011708,False
2024-05-21,RS01SUM1-LJ01B-12-VEL3DB104,5,True,2024-05-21T00:00:00Z,2024-05-21T23:59:59Z,86401,86401,0,1.0,0.999918461,0.999993059,0.001030748,0,0,1,1,-0.0,1.040817,12.064893,-3.933497e-10,0.001040824,0.01206498,False,0.012418,False
2024-05-22,RS01SUM1-LJ01B-12-VEL3DB104,5,True,2024-05-22T00:00:00Z,2024-05-22T23:59:59Z,86401,86401,0,1.0,0.999934196,0.99999304,-0.000269397,0,0,0,0,1e-06,1.178691,11.122223,8.780897e-10,0.001178699,0.0111223,False,0.011891,False
2024-05-23,RS01SUM1-LJ01B-12-VEL3DB104,5,True,2024-05-23T00:00:00Z,2024-05-23T23:59:59Z,86400,86400,0,1.0,0.999950886,0.999993062,-0.000292712,0,0,0,0,-1e-06,1.299426,12.012289,-5.194397e-10,0.001299435,0.01201237,False,0.01254,False
2024-05-24,RS01SUM1-LJ01B-12-VEL3DB104,5,True,2024-05-24T00:00:00Z,2024-05-24T23:59:59Z,86401,86401,0,1.0,0.999980927,0.999993104,0.00025439,0,0,0,0,1e-06,1.055244,4.868921,8.6677e-10,0.001055252,0.004868954,False,0.004084,False
2024-05-25,RS01SUM1-LJ01B-12-VEL3DB104,5,True,2024-05-25T00:00:00Z,2024-05-25T23:59:59Z,86400,86400,0,1.0,0.999959946,0.999993057,-0.000614918,0,0,0,0,-1e-06,0.961436,11.227472,-5.448012e-10,0.0009614432,0.01122755,False,0.0113,False
2024-05-26,RS01SUM1-LJ01B-12-VEL3DB104,5,True,2024-05-26T00:00:00Z,2024-05-26T23:59:59Z,86401,86401,0,1.0,0.999958992,0.999993081,0.002032775,0,0,2,2,1e-06,1.708925,12.929621,6.962304e-10,0.001708937,0.01292971,False,0.011869,False
2024-05-27,RS01SUM1-LJ01B-12-VEL3DB104,5,True,2024-05-27T00:00:00Z,2024-05-27T23:59:59Z,86401,86401,0,1.0,0.999917984,0.999993062,-0.001400746,0,0,0,0,1e-06,1.58556,11.223241,8.832349e-10,0.001585571,0.01122332,False,0.012611,False
2024-05-28,RS01SUM1-LJ01B-12-VEL3DB104,5,True,2024-05-28T00:00:00Z,2024-05-28T23:59:59Z,86400,86400,0,1.0,0.999913216,0.999993113,0.0005042,0,0,0,0,-0.0,2.844703,15.634896,-4.833638e-10,0.002844722,0.015635,False,0.014413,False
2024-05-29,RS01SUM1-LJ01B-12-VEL3DB104,5,True,2024-05-29T00:00:00Z,2024-05-29T13:33:44Z,48825,48825,0,1.0,0.999963284,0.999993154,-0.001551689,0,0,0,0,-0.0,0.974646,4.943581,-2.257279e-10,0.0009746522,0.004943615,False,0.005657,False
2024-05-30,RS01SUM1-LJ01B-12-VEL3DB104,5,True,2024-05-30T16:48:57Z,2024-05-30T23:59:59Z,25863,25863,0,1.0,0.999842167,0.999993169,-0.002714313,0,0,0,0,0.0,4.826029,37.64971,6.621281e-11,0.004826062,0.03764997,False,0.039316,False
2024-05-31,RS01SUM1-LJ01B-12-VEL3DB104,5,True,2024-05-31T00:00:00Z,2024-05-31T23:59:59Z,86401,86401,0,1.0,0.99990797,0.999993215,-0.003369187,0,0,0,0,1e-06,1.270647,11.395167,8.703986e-10,0.001270656,0.01139524,False,0.010448,False
2024-06-01,RS01SUM1-LJ01B-12-VEL3DB104,5,True,2024-06-01T00:00:00Z,2024-06-01T23:59:59Z,86400,86400,0,1.0,0.999941826,0.999993217,-0.001243343,0,0,3,3,-0.0,1.276344,13.365553,-4.829263e-11,0.001276353,0.01336564,False,0.011941,False
2024-06-02,RS01SUM1-LJ01B-12-VEL3DB104,5,True,2024-06-02T00:00:00Z,2024-06-02T23:59:59Z,86401,86401,0,1.0,0.999948025,0.999993205,0.000168817,0,0,1,1,0.0,0.791998,5.294608,4.491993e-10,0.0007920032,0.005294644,False,0.004949,False
2024-06-03,RS01SUM1-LJ01B-12-VEL3DB104,5,True,2024-06-03T00:00:00Z,2024-06-03T23:59:59Z,86401,86401,0,1.0,0.999927998,0.999993162,0.001169258,0,0,1,1,-0.0,0.977805,11.141283,-3.285787e-11,0.0009778121,0.01114136,False,0.011909,False
2024-06-04,RS01SUM1-LJ01B-12-VEL3DB104,5,True,2024-06-04T00:00:00Z,2024-06-04T23:59:59Z,86400,86400,0,1.0,0.999897957,0.999993182,0.00096931,0,0,0,0,-0.0,2.172708,11.343026,-4.666702e-10,0.002172723,0.0113431,False,0.013678,False
2024-06-05,RS01SUM1-LJ01B-12-VEL3DB104,5,True,2024-06-05T00:00:00Z,2024-06-05T23:59:59Z,86401,86401,0,1.0,0.999855995,0.999993158,-0.000848949,0,0,0,0,1e-06,1.432807,11.624737,8.846188e-10,0.001432817,0.01162482,False,0.013351,False
2024-06-06,RS01SUM1-LJ01B-12-VEL3DB104,5,True,2024-06-06T00:00:00Z,2024-06-06T23:59:59Z,86400,86400,0,1.0,0.999885082,0.999993191,4.819e-05,0,0,0,0,-1e-06,1.05429,12.157829,-5.085156e-10,0.001054297,0.01215791,False,0.011915,False
2024-06-07,RS01SUM1-LJ01B-12-VEL3DB104,5,True,2024-06-07T00:00:00Z,2024-06-07T23:59:59Z,86401,86401,0,1.0,0.99986887,0.999993174,-0.000597369,0,0,0,0,1e-06,1.314001,13.100892,8.838964e-10,0.00131401,0.01310098,False,0.012709,False
2024-06-08,RS01SUM1-LJ01B-12-VEL3DB104,5,True,2024-06-08T00:00:00Z,2024-06-08T23:59:59Z,86401,86401,0,1.0,0.999858856,0.999993184,-0.000733048,0,0,0,0,1e-06,1.531242,10.728625,8.70743e-10,0.001531252,0.0107287,False,0.011652,False
2024-06-09,RS01SUM1-LJ01B-12-VEL3DB104,5,True,2024-06-09T00:00:00Z,2024-06-09T23:59:59Z,86400,86400,0,1.0,0.999893188,0.999993208,0.001198839,0,0,0,0,-1e-06,0.87076,12.392306,-5.277638e-10,0.000870766,0.01239239,False,0.011921,False
2024-06-10,RS01SUM1-LJ01B-12-VEL3DB104,5,True,2024-06-10T00:00:00Z,2024-06-10T23:59:59Z,86401,86401,0,1.0,0.99990797,0.999993185,-0.001130345,0,0,0,0,1e-06,0.948369,3.431933,9.306526e-10,0.0009483754,0.003431956,False,0.003445,False
2024-06-11,RS01SUM1-LJ01B-12-VEL3DB104,5,True,2024-06-11T00:00:00Z,2024-06-11T23:59:59Z,86400,86400,0,1.0,0.999881268,0.999993171,-1.415e-05,0,0,0,0,-1e-06,1.347905,12.902895,-5.451067e-10,0.001347914,0.01290298,False,0.013326,False
2024-06-12,RS01SUM1-LJ01B-12-VEL3DB104,5,True,2024-06-12T00:00:00Z,2024-06-12T23:59:59Z,86401,86401,0,1.0,0.999900341,0.999993184,-0.000962924,0,0,0,0,1e-06,1.410754,11.120079,8.434215e-10,0.001410764,0.01112016,False,0.012734,False
2024-06-13,RS01SUM1-LJ01B-12-VEL3DB104,5,True,2024-06-13T00:00:00Z,2024-06-13T23:59:59Z,86401,86401,0,1.0,0.999906063,0.999993178,0.000254235,0,0,0,0,1e-06,1.030075,11.222848,8.959374e-10,0.001030082,0.01122292,False,0.011957,False
2024-06-14,RS01SUM1-LJ01B-12-VEL3DB104,5,True,2024-06-14T00:00:00Z,2024-06-14T23:59:59Z,86400,86400,0,1.0,0.999897003,0.999993113,0.002277645,0,0,0,0,-0.0,1.651795,5.148117,-4.702937e-10,0.001651806,0.005148152,False,0.003362,False
2024-06-15,RS01SUM1-LJ01B-12-VEL3DB104,5,True,2024-06-15T00:00:00Z,2024-06-15T23:59:59Z,86401,86401,0,1.0,0.999901295,0.999993159,0.000627406,0,0,1,1,0.0,0.85394,4.81086,8.264194e-11,0.0008539454,0.004810893,False,0.003988,False
2024-06-16,RS01SUM1-LJ01B-12-VEL3DB104,5,True,2024-06-16T00:00:00Z,2024-06-16T23:59:59Z,86400,86400,0,1.0,0.999902725,0.999993121,-0.000719229,0,0,0,0,-0.0,0.768176,10.870361,-4.637751e-10,0.0007681816,0.01087044,False,0.011502,False
2024-06-17,RS01SUM1-LJ01B-12-VEL3DB104,5,True,2024-06-17T00:00:00Z,2024-06-17T23:59:59Z,86401,86401,0,1.0,0.999866962,0.999993086,0.000606565,0,0,1,1,0.0,0.941898,10.982723,1.836541e-10,0.0009419047,0.0109828,False,0.011106,False
2024-06-18,RS01SUM1-LJ01B-12-VEL3DB104,5,True,2024-06-18T00:00:00Z,2024-06-18T23:59:59Z,85227,86401,1174,1.0,0.999871731,0.999993081,0.000557232,4,1174,4,1176,0.0,1.361865,11.472521,1.402864e-11,0.001361875,0.0114726,False,0.073047,True
2024-06-19,RS01SUM1-LJ01B-12-VEL3DB104,5,True,2024-06-19T00:00:00Z,2024-06-19T23:59:59Z,85274,86400,1126,1.0,0.999872684,0.999993087,-0.001148163,3,1126,3,1126,0.0,1.526678,11.04965,4.247501e-11,0.001526689,0.01104973,False,0.068591,True
2024-06-20,RS01SUM1-LJ01B-12-VEL3DB104,5,True,2024-06-20T00:00:00Z,2024-06-20T23:59:59Z,86401,86401,0,1.0,0.999880791,0.999993099,-0.000123679,0,0,0,0,1e-06,1.354421,10.616117,9.023429e-10,0.00135443,0.01061619,False,0.012056,False
2024-06-21,RS01SUM1-LJ01B-12-VEL3DB104,5,True,2024-06-21T00:00:00Z,2024-06-21T23:59:59Z,86400,86400,0,1.0,0.999864101,0.999993119,0.00145085,0,0,0,0,-0.0,2.574632,12.665371,-4.878883e-10,0.00257465,0.01266546,False,0.013695,False
2024-06-22,RS01SUM1-LJ01B-12-VEL3DB104,5,True,2024-06-22T00:00:00Z,2024-06-22T23:59:59Z,86401,86401,0,1.0,0.999829292,0.999993264,0.003239935,0,0,2,2,-1e-06,5.163236,10.772426,-6.524468e-10,0.00516327,0.0107725,False,0.01372,False
2024-06-23,RS01SUM1-LJ01B-12-VEL3DB104,5,True,2024-06-23T00:00:00Z,2024-06-23T23:59:59Z,86400,86400,0,1.0,0.999804974,0.999993221,0.006663966,0,0,0,0,-1e-06,5.008483,10.930853,-5.08867e-10,0.005008517,0.01093093,False,0.014046,False
2024-06-24,RS01SUM1-LJ01B-12-VEL3DB104,5,True,2024-06-24T00:00:00Z,2024-06-24T23:59:59Z,86401,86401,0,1.0,0.999845028,0.999993213,-0.004692762,0,0,0,0,1e-06,3.375676,11.676713,9.07983e-10,0.003375699,0.01167679,False,0.014822,False
2024-06-25,RS01SUM1-LJ01B-12-VEL3DB104,5,True,2024-06-25T00:00:00Z,2024-06-25T23:59:59Z,86401,86401,0,1.0,0.999863148,0.999993151,-0.000254962,0,0,3,3,0.0,1.463269,12.28405,3.838732e-10,0.001463279,0.01228413,False,0.013328,False
2024-06-26,RS01SUM1-LJ01B-12-VEL3DB104,5,True,2024-06-26T00:00:00Z,2024-06-26T23:59:59Z,86400,86400,0,1.0,0.999852657,0.999993131,-0.000236524,0,0,0,0,-0.0,0.98022,11.778717,-4.746579e-10,0.000980227,0.0117788,False,0.012794,False
2024-06-27,RS01SUM1-LJ01B-12-VEL3DB104,5,True,2024-06-27T00:00:00Z,2024-06-27T23:59:59Z,86401,86401,0,1.0,0.999876976,0.999993072,-6.6596e-05,0,0,2,2,0.0,0.841317,12.025477,5.786512e-11,0.0008413226,0.01202556,False,0.012574,False
2024-06-28,RS01SUM1-LJ01B-12-VEL3DB104,5,True,2024-06-28T00:00:00Z,2024-06-28T23:59:59Z,86400,86400,0,1.0,0.999907017,0.999992999,-0.000170876,0,0,0,0,-0.0,1.253848,11.169842,-4.99149e-10,0.001253857,0.01116992,False,0.011484,False
2024-06-29,RS01SUM1-LJ01B-12-VEL3DB104,5,True,2024-06-29T00:00:00Z,2024-06-29T23:59:59Z,86401,86401,0,1.0,0.999896049,0.999993015,-0.002538393,0,0,0,0,1e-06,1.015322,12.418693,8.987862e-10,0.001015329,0.01241878,False,0.011761,False
2024-06-30,RS01SUM1-LJ01B-12-VEL3DB104,5,True,2024-06-30T00:00:00Z,2024-06-30T23:59:59Z,86401,86401,0,1.0,0.999912739,0.999992988,-0.000690407,0,0,0,0,1e-06,1.313251,4.321395,8.823683e-10,0.00131326,0.004321425,False,0.004433,False
2024-07-01,RS01SUM1-LJ01B-12-VEL3DB104,5,True,2024-07-01T00:00:00Z,2024-07-01T23:59:59Z,86400,86400,0,1.0,0.999895096,0.999993025,-0.001610976,0,0,0,0,-0.0,2.765683,12.790586,-4.623969e-10,0.002765702,0.01279068,False,0.014466,False
2024-07-02,RS01SUM1-LJ01B-12-VEL3DB104,5,True,2024-07-02T00:00:00Z,2024-07-02T23:59:59Z,86401,86401,0,1.0,0.999892235,0.999993076,-0.001161874,0,0,0,0,1e-06,1.273828,12.246011,9.020832e-10,0.001273837,0.0122461,False,0.01332,False
2024-07-03,RS01SUM1-LJ01B-12-VEL3DB104,5,True,2024-07-03T00:00:00Z,2024-07-03T10:16:10Z,36971,36971,0,1.0,0.999910831,0.999993033,0.00094565,0,0,0,0,0.0,0.676964,2.806639,8.759586e-11,0.0006769685,0.002806658,False,0.003459,False
2024-07-04,RS01SUM1-LJ01B-12-VEL3DB104,5,False,,,0,0,,1.0,,,,,,,,,,,,,,,,False
2024-07-05,RS01SUM1-LJ01B-12-VEL3DB104,5,True,2024-07-05T18:21:35Z,2024-07-05T23:59:59Z,20305,20305,0,1.0,0.999825954,0.999992868,-0.000232099,0,0,0,0,0.0,5.361862,36.823258,9.540613e-11,0.0053619,0.03682352,False,0.039578,False
2024-07-06,RS01SUM1-LJ01B-12-VEL3DB104,5,True,2024-07-06T00:00:00Z,2024-07-06T23:59:59Z,86400,86400,0,1.0,0.999864101,0.999993037,0.001547093,0,0,0,0,-1e-06,1.459062,12.269351,-5.185774e-10,0.001459072,0.01226944,False,0.013276,False
2024-07-07,RS01SUM1-LJ01B-12-VEL3DB104,5,True,2024-07-07T00:00:00Z,2024-07-07T23:59:59Z,86401,86401,0,1.0,0.999897957,0.999993013,0.001894676,0,0,1,1,-0.0,1.663698,13.906728,-9.950389e-11,0.00166371,0.01390683,False,0.013474,False
2024-07-08,RS01SUM1-LJ01B-12-VEL3DB104,5,True,2024-07-08T00:00:00Z,2024-07-08T23:59:59Z,86401,86401,0,1.0,0.99988699,0.999993076,-0.002978451,0,0,2,2,0.0,4.651592,10.655141,2.765424e-10,0.004651624,0.01065521,False,0.014329,False
2024-07-09,RS01SUM1-LJ01B-12-VEL3DB104,5,True,2024-07-09T00:00:00Z,2024-07-09T23:59:59Z,86400,86400,0,1.0,0.999947071,0.999993074,0.002272166,0,0,0,0,-0.0,1.64388,10.033311,-4.77672e-10,0.001643891,0.01003338,False,0.009889,False
2024-07-10,RS01SUM1-LJ01B-12-VEL3DB104,5,True,2024-07-10T00:00:00Z,2024-07-10T23:59:59Z,86401,86401,0,1.0,0.99994421,0.999993056,0.00282002,0,0,2,2,0.0,2.548938,10.405848,4.044484e-11,0.002548955,0.01040592,False,0.010066,False
2024-07-11,RS01SUM1-LJ01B-12-VEL3DB104,5,True,2024-07-11T00:00:00Z,2024-07-11T23:59:59Z,85828,86400,572,1.0,0.99987793,0.999993127,-0.000503136,1,572,1,572,-0.0,3.360256,18.749854,-4.8568e-11,0.003360279,0.01874998,False,0.067526,True
2024-07-12,RS01SUM1-LJ01B-12-VEL3DB104,5,True,2024-07-12T00:00:00Z,2024-07-12T23:59:59Z,86401,86401,0,1.0,0.999911785,0.999993102,5.9578e-05,0,0,0,0,1e-06,0.940773,17.361572,9.243596e-10,0.00094078,0.01736169,False,0.010637,False
2024-07-13,RS01SUM1-LJ01B-12-VEL3DB104,5,True,2024-07-13T00:00:00Z,2024-07-13T23:59:59Z,86400,86400,0,1.0,0.999923229,0.999993067,0.000666406,0,0,0,0,-1e-06,1.197809,12.12269,-5.253628e-10,0.001197817,0.01212277,False,0.014343,False
2024-07-14,RS01SUM1-LJ01B-12-VEL3DB104,5,True,2024-07-14T00:00:00Z,2024-07-14T23:59:59Z,86401,86401,0,1.0,0.999819756,0.999993084,-0.00011311,0,0,3,3,-0.0,5.040847,10.621478,-1.327309e-10,0.005040882,0.01062155,False,0.014315,False
2024-07-15,RS01SUM1-LJ01B-12-VEL3DB104,5,True,2024-07-15T00:00:00Z,2024-07-15T23:59:59Z,86401,86401,0,1.0,0.999932766,0.999993049,-0.00127932,0,0,0,0,1e-06,1.106572,11.627483,7.744934e-10,0.00110658,0.01162756,False,0.010107,False
2024-07-16,RS01SUM1-LJ01B-12-VEL3DB104,5,True,2024-07-16T00:00:00Z,2024-07-16T23:59:59Z,86400,86400,0,1.0,0.999932766,0.99999301,-0.001035376,0,0,0,0,-0.0,1.25291,10.629371,-4.578081e-10,0.001252919,0.01062945,False,0.011396,False
2024-07-17,RS01SUM1-LJ01B-12-VEL3DB104,5,True,2024-07-17T00:00:00Z,2024-07-17T23:59:59Z,86401,86401,0,1.0,0.999923229,0.999992982,0.003620018,0,0,2,2,1e-06,1.627189,11.940068,6.644767e-10,0.001627201,0.01194015,False,0.01272,False
2024-07-18,RS01SUM1-LJ01B-12-VEL3DB104,5,True,2024-07-18T00:00:00Z,2024-07-18T23:59:59Z,86400,86400,0,1.0,0.999931812,0.999993001,0.001273913,0,0,0,0,-0.0,1.183396,11.890739,-4.201229e-10,0.001183404,0.01189082,False,0.013295,False
2024-07-19,RS01SUM1-LJ01B-12-VEL3DB104,5,True,2024-07-19T00:00:00Z,2024-07-19T23:59:59Z,86401,86401,0,1.0,0.999897957,0.99999296,0.002416564,0,0,0,0,1e-06,1.731758,12.407528,9.012021e-10,0.00173177,0.01240762,False,0.013342,False
2024-07-20,RS01SUM1-LJ01B-12-VEL3DB104,5,True,2024-07-20T00:00:00Z,2024-07-20T23:59:59Z,86401,86401,0,1.0,0.99986887,0.999992965,0.001381472,0,0,1,1,-0.0,2.219541,13.844558,-1.596992e-10,0.002219556,0.01384465,False,0.013886,False
2024-07-21,RS01SUM1-LJ01B-12-VEL3DB104,5,True,2024-07-21T00:00:00Z,2024-07-21T23:59:59Z,86400,86400,0,1.0,0.999892235,0.999992963,0.001900629,0,0,0,0,-0.0,2.158555,12.362279,-4.997132e-10,0.00215857,0.01236237,False,0.014331,False
2024-07-22,RS01SUM1-LJ01B-12-VEL3DB104,5,True,2024-07-22T00:00:00Z,2024-07-22T23:59:59Z,86401,86401,0,1.0,0.999915123,0.999992947,0.001431888,0,0,0,0,1e-06,2.318878,11.893639,8.487404e-10,0.002318894,0.01189372,False,0.014313,False
2024-07-23,RS01SUM1-LJ01B-12-VEL3DB104,5,True,2024-07-23T00:00:00Z,2024-07-23T23:59:59Z,86401,86401,0,1.0,0.999927044,0.99999288,0.003613751,0,0,0,0,1e-06,3.242737,10.51873,8.961814e-10,0.00324276,0.01051881,False,0.014279,False
2024-07-24,RS01SUM1-LJ01B-12-VEL3DB104,5,True,2024-07-24T00:00:00Z,2024-07-24T23:59:59Z,86400,86400,0,1.0,0.999931812,0.999992906,0.000559034,0,0,0,0,-1e-06,3.457929,14.611982,-5.010433e-10,0.003457954,0.01461209,False,0.013646,False
2024-07-25,RS01SUM1-LJ01B-12-VEL3DB104,5,True,2024-07-25T00:00:00Z,2024-07-25T23:59:59Z,86401,86401,0,1.0,0.999914885,0.999992916,0.00360921,0,0,0,0,1e-06,3.388162,9.157698,9.132547e-10,0.003388186,0.009157763,False,0.011851,False
2024-07-26,RS01SUM1-LJ01B-12-VEL3DB104,5,True,2024-07-26T00:00:00Z,2024-07-26T23:59:59Z,86400,86400,0,1.0,0.999903202,0.999992904,-0.001149215,0,0,0,0,-0.0,4.457685,17.626025,-4.411991e-10,0.004457717,0.01762615,False,0.014316,False
2024-07-27,RS01SUM1-LJ01B-12-VEL3DB104,5,True,2024-07-27T00:00:00Z,2024-07-27T23:59:59Z,86401,86401,0,1.0,0.999983311,0.999993003,0.001281037,0,0,3,3,0.0,1.797739,13.051475,3.241238e-10,0.001797751,0.01305157,False,0.014298,False
2024-07-28,RS01SUM1-LJ01B-12-VEL3DB104,5,True,2024-07-28T00:00:00Z,2024-07-28T23:59:59Z,86401,86401,0,1.0,1.000039101,0.999993039,-0.00056357,0,0,0,0,1e-06,1.409012,15.323439,9.205513e-10,0.001409022,0.01532355,False,0.015058,False
2024-07-29,RS01SUM1-LJ01B-12-VEL3DB104,5,True,2024-07-29T00:00:00Z,2024-07-29T23:59:59Z,86400,86400,0,1.0,0.999960899,0.999993085,-8.8596e-05,0,0,0,0,-1e-06,1.101223,11.669416,-5.36353e-10,0.00110123,0.0116695,False,0.013448,False
2024-07-30,RS01SUM1-LJ01B-12-VEL3DB104,5,True,2024-07-30T00:00:00Z,2024-07-30T23:59:59Z,86401,86401,0,1.0,0.999900818,0.999992982,0.001143826,0,0,0,0,1e-06,1.224192,14.119646,8.931747e-10,0.001224201,0.01411975,False,0.013391,False
2024-07-31,RS01SUM1-LJ01B-12-VEL3DB104,5,True,2024-07-31T00:00:00Z,2024-07-31T23:59:59Z,86400,86400,0,1.0,0.999898911,0.999993,0.003056659,0,0,0,0,-0.0,1.205307,12.02335,-4.431018e-10,0.001205315,0.01202343,False,0.013183,False
2024-08-01,RS01SUM1-LJ01B-12-VEL3DB104,5,True,2024-08-01T00:00:00Z,2024-08-01T23:59:59Z,86401,86401,0,1.0,0.999892712,0.999992995,0.000897018,0,0,3,3,0.0,0.702868,11.897049,2.678992e-10,0.0007028734,0.01189713,False,0.011347,False
2024-08-02,RS01SUM1-LJ01B-12-VEL3DB104,5,True,2024-08-02T00:00:00Z,2024-08-02T23:59:59Z,86401,86401,0,1.0,0.999898911,0.999992937,0.005120689,0,0,3,3,0.0,3.365329,11.125819,3.808937e-10,0.003365353,0.0111259,False,0.010321,False
2024-08-03,RS01SUM1-LJ01B-12-VEL3DB104,5,True,2024-08-03T00:00:00Z,2024-08-03T23:59:59Z,86400,86400,0,1.0,0.999913692,0.999993052,0.006367363,0,0,0,0,-0.0,2.224103,12.916743,-4.416053e-10,0.002224118,0.01291683,False,0.013006,False
2024-08-04,RS01SUM1-LJ01B-12-VEL3DB104,5,True,2024-08-04T00:00:00Z,2024-08-04T23:59:59Z,86401,86401,0,1.0,0.999929905,0.99999305,0.000789067,0,0,1,1,-1e-06,1.10083,11.674775,-7.941056e-10,0.001100838,0.01167486,False,0.013461,False
2024-08-05,RS01SUM1-LJ01B-12-VEL3DB104,5,True,2024-08-05T00:00:00Z,2024-08-05T23:59:59Z,86400,86400,0,1.0,0.999927044,0.999993042,-0.000367439,0,0,0,0,-0.0,1.124366,12.305583,-4.513174e-10,0.001124374,0.01230567,False,0.012886,False
2024-08-06,RS01SUM1-LJ01B-12-VEL3DB104,5,True,2024-08-06T00:00:00Z,2024-08-06T23:59:59Z,86401,86401,0,1.0,0.999937534,0.999992965,0.001816383,0,0,1,1,-0.0,0.924805,11.482697,-6.713271e-11,0.0009248117,0.01148278,False,0.011681,False
2024-08-07,RS01SUM1-LJ01B-12-VEL3DB104,5,True,2024-08-07T00:00:00Z,2024-08-07T23:59:59Z,86401,86401,0,1.0,0.999939919,0.999992998,0.004846011,0,0,0,0,1e-06,1.909919,9.336177,8.967307e-10,0.001909933,0.009336243,False,0.010368,False
2024-08-08,RS01SUM1-LJ01B-12-VEL3DB104,5,True,2024-08-08T00:00:00Z,2024-08-08T23:59:59Z,85778,86400,622,1.0,0.999969006,0.999993028,0.001702135,1,622,1,622,-0.0,1.034503,12.736484,-1.778399e-10,0.00103451,0.01273657,False,0.013855,True
2024-08-09,RS01SUM1-LJ01B-12-VEL3DB104,5,True,2024-08-09T00:00:00Z,2024-08-09T23:59:59Z,86401,86401,0,1.0,0.999920845,0.999993079,0.004165235,0,0,4,4,-0.0,3.39228,14.051758,-1.375867e-10,0.003392304,0.01405186,False,0.01333,False
2024-08-10,RS01SUM1-LJ01B-12-VEL3DB104,5,True,2024-08-10T00:00:00Z,2024-08-10T23:59:59Z,86400,86400,0,1.0,0.999885082,0.999993093,0.009075809,0,0,0,0,-0.0,3.020987,10.905347,-4.520785e-10,0.003021008,0.01090542,False,0.013472,False
2024-08-11,RS01SUM1-LJ01B-12-VEL3DB104,5,True,2024-08-11T00:00:00Z,2024-08-11T23:59:59Z,86401,86401,0,1.0,0.999909401,0.999992996,-0.000181165,0,0,1,1,-0.0,0.687913,11.276633,-2.633782e-10,0.0006879177,0.01127671,False,0.01154,False
2024-08-12,RS01SUM1-LJ01B-12-VEL3DB104,5,True,2024-08-12T00:00:00Z,2024-08-12T23:59:59Z,86401,86401,0,1.0,0.999928951,0.999992969,0.000157664,0,0,1,1,1e-06,0.894911,11.602561,5.979248e-10,0.0008949175,0.01160264,False,0.011588,False
2024-08-13,RS01SUM1-LJ01B-12-VEL3DB104,5,True,2024-08-13T00:00:00Z,2024-08-13T23:59:59Z,85809,86400,591,1.0,0.999912739,0.999992946,0.00160372,1,591,1,591,0.0,0.760203,10.126501,6.371231e-11,0.0007602085,0.01012657,False,0.0456,True
2024-08-14,RS01SUM1-LJ01B-12-VEL3DB104,5,True,2024-08-14T00:00:00Z,2024-08-14T23:59:59Z,86401,86401,0,1.0,0.999956608,0.999992924,0.00487857,0,0,1,1,-0.0,2.476905,15.768151,-2.187831e-10,0.002476923,0.01576826,False,0.015194,False
2024-08-15,RS01SUM1-LJ01B-12-VEL3DB104,5,True,2024-08-15T00:00:00Z,2024-08-15T23:59:59Z,86400,86400,0,1.0,0.99994278,0.999992942,0.00341315,0,0,0,0,-0.0,1.464693,13.073003,-4.716956e-10,0.001464703,0.01307309,False,0.011785,False
2024-08-16,RS01SUM1-LJ01B-12-VEL3DB104,5,True,2024-08-16T00:00:00Z,2024-08-16T23:59:59Z,86401,86401,0,1.0,0.999937057,0.999993,0.002280315,0,0,1,1,-0.0,1.915776,14.610486,-1.302084e-10,0.001915789,0.01461059,False,0.011781,False
2024-08-17,RS01SUM1-LJ01B-12-VEL3DB104,5,True,2024-08-17T00:00:00Z,2024-08-17T23:59:59Z,86401,86401,0,1.0,0.999922752,0.999993011,0.003634146,0,0,1,1,0.0,2.167978,12.624236,1.724547e-10,0.002167993,0.01262432,False,0.011878,False
2024-08-18,RS01SUM1-LJ01B-12-VEL3DB104,5,True,2024-08-18T00:00:00Z,2024-08-18T23:59:59Z,86400,86400,0,1.0,0.99990797,0.999993083,-0.000191141,0,0,0,0,-1e-06,0.673213,10.96254,-5.161652e-10,0.000673218,0.01096262,False,0.013009,False
2024-08-19,RS01SUM1-LJ01B-12-VEL3DB104,5,True,2024-08-19T00:00:00Z,2024-08-19T23:59:59Z,86401,86401,0,1.0,0.999938965,0.999993102,0.002614424,0,0,1,1,-0.0,2.171887,5.996224,-1.576544e-10,0.002171902,0.005996265,False,0.003164,False
2024-08-20,RS01SUM1-LJ01B-12-VEL3DB104,5,True,2024-08-20T00:00:00Z,2024-08-20T17:04:19Z,61460,61460,0,1.0,0.999955177,0.999993031,0.006022349,0,0,0,0,-0.0,1.635877,10.998265,-4.898646e-10,0.001635888,0.01099834,False,0.011915,False
2024-08-21,RS01SUM1-LJ01B-12-VEL3DB104,6,True,2024-08-21T17:15:00Z,2024-08-21T23:59:59Z,24300,24300,0,1.0,0.999975204,0.999993065,0.000420271,0,0,0,0,0.0,0.580835,1.914785,2.761454e-11,0.0005808389,0.001914798,False,0.002887,False
2024-08-22,RS01SUM1-LJ01B-12-VEL3DB104,6,True,2024-08-22T00:00:00Z,2024-08-22T23:59:59Z,86401,86401,0,1.0,1.000007153,0.999993133,-0.000392405,0,0,0,0,1e-06,0.799708,2.917994,8.802657e-10,0.0007997133,0.002918014,False,0.002935,False
2024-08-23,RS01SUM1-LJ01B-12-VEL3DB104,6,True,2024-08-23T00:00:00Z,2024-08-23T23:59:59Z,86401,86401,0,1.0,1.000012875,0.999993178,8.3583e-05,0,0,1,1,0.0,1.323721,4.17233,4.00459e-10,0.00132373,0.004172359,False,0.003125,False
2024-08-24,RS01SUM1-LJ01B-12-VEL3DB104,6,True,2024-08-24T00:00:00Z,2024-08-24T23:59:59Z,86400,86400,0,1.0,1.00002718,0.999993151,0.001915886,0,0,0,0,-0.0,1.194436,11.122036,-4.83694e-10,0.001194445,0.01112211,False,0.009991,False
2024-08-25,RS01SUM1-LJ01B-12-VEL3DB104,6,True,2024-08-25T00:00:00Z,2024-08-25T23:59:59Z,86401,86401,0,1.0,1.000031948,0.999993164,0.003376983,0,0,1,1,-1e-06,1.525579,4.180666,-5.449025e-10,0.001525589,0.004180694,False,0.002958,False
2024-08-26,RS01SUM1-LJ01B-12-VEL3DB104,6,True,2024-08-26T00:00:00Z,2024-08-26T23:59:59Z,86400,86400,0,1.0,1.000029087,0.999993135,0.001803032,0,0,0,0,-0.0,1.79252,10.70563,-4.684352e-10,0.001792532,0.0107057,False,0.010399,False
2024-08-27,RS01SUM1-LJ01B-12-VEL3DB104,6,True,2024-08-27T00:00:00Z,2024-08-27T23:59:59Z,85855,86401,546,1.0,1.000027657,0.999993179,0.000556959,3,546,3,548,-0.0,1.656708,13.033728,-2.394031e-10,0.00165672,0.01303382,False,0.019649,True
2024-08-28,RS01SUM1-LJ01B-12-VEL3DB104,6,True,2024-08-28T00:00:00Z,2024-08-28T23:59:59Z,86401,86401,0,1.0,1.000023842,0.999993152,-0.000245697,0,0,1,1,0.0,1.008813,3.621843,9.542066e-12,0.00100882,0.003621868,False,0.003205,False
2024-08-29,RS01SUM1-LJ01B-12-VEL3DB104,6,True,2024-08-29T00:00:00Z,2024-08-29T23:59:59Z,86400,86400,0,1.0,1.000010967,0.999993118,0.001121132,0,0,0,0,-1e-06,1.222133,12.37854,-5.231266e-10,0.001222141,0.01237863,False,0.012547,False
2024-08-30,RS01SUM1-LJ01B-12-VEL3DB104,6,True,2024-08-30T00:00:00Z,2024-08-30T23:59:59Z,86401,86401,0,1.0,0.999997139,0.999993164,0.005467809,0,0,0,0,1e-06,2.587204,7.363789,8.849329e-10,0.002587221,0.007363839,False,0.002934,False
2024-08-31,RS01SUM1-LJ01B-12-VEL3DB104,6,True,2024-08-31T00:00:00Z,2024-08-31T23:59:59Z,86400,86400,0,1.0,0.999999046,0.999993139,0.00153582,0,0,0,0,-1e-06,0.859946,2.703386,-5.061757e-10,0.000859952,0.002703405,False,0.002882,False
2024-09-01,RS01SUM1-LJ01B-12-VEL3DB104,6,True,2024-09-01T00:00:00Z,2024-09-01T23:59:59Z,86401,86401,0,1.0,1.000024796,0.999993155,0.002055792,0,0,1,1,-0.0,0.853217,3.550086,-2.296099e-10,0.0008532231,0.00355011,False,0.002846,False
2024-09-02,RS01SUM1-LJ01B-12-VEL3DB104,6,True,2024-09-02T00:00:00Z,2024-09-02T23:59:59Z,86401,86401,0,1.0,1.000006199,0.999993156,0.001392798,0,0,2,2,0.0,1.213649,11.435197,4.733426e-10,0.001213657,0.01143527,False,0.011453,False
2024-09-03,RS01SUM1-LJ01B-12-VEL3DB104,6,True,2024-09-03T00:00:00Z,2024-09-03T23:59:59Z,86400,86400,0,1.0,1.000010967,0.999993135,0.002232515,0,0,0,0,-0.0,1.046336,9.846714,-4.850371e-10,0.001046343,0.009846781,False,0.009438,False
2024-09-04,RS01SUM1-LJ01B-12-VEL3DB104,6,True,2024-09-04T00:00:00Z,2024-09-04T23:59:59Z,86401,86401,0,1.0,0.999979973,0.999993141,0.000840198,0,0,2,2,0.0,1.777053,8.353552,3.713324e-10,0.001777065,0.00835361,False,0.010381,False
2024-09-05,RS01SUM1-LJ01B-12-VEL3DB104,6,True,2024-09-05T00:00:00Z,2024-09-05T23:59:59Z,86400,86400,0,1.0,1.000010967,0.999993216,0.001974479,0,0,0,0,-0.0,1.613812,17.182645,-4.767227e-10,0.001613823,0.01718276,False,0.015421,False
2024-09-06,RS01SUM1-LJ01B-12-VEL3DB104,6,True,2024-09-06T00:00:00Z,2024-09-06T23:59:59Z,86401,86401,0,1.0,0.999976158,0.99999315,0.000127994,0,0,2,2,0.0,0.843003,10.58601,2.252219e-10,0.0008430092,0.01058608,False,0.012653,False
2024-09-07,RS01SUM1-LJ01B-12-VEL3DB104,6,True,2024-09-07T00:00:00Z,2024-09-07T23:59:59Z,86400,86400,0,1.0,0.999996662,0.999993167,0.002752797,0,0,0,0,-1e-06,1.544951,7.530262,-5.039638e-10,0.001544961,0.007530313,False,0.007082,False
2024-09-08,RS01SUM1-LJ01B-12-VEL3DB104,6,True,2024-09-08T00:00:00Z,2024-09-08T23:59:59Z,86401,86401,0,1.0,0.999994278,0.999993137,0.002261825,0,0,3,3,0.0,4.327399,11.17951,1.794298e-10,0.004327429,0.01117959,False,0.003014,False
2024-09-09,RS01SUM1-LJ01B-12-VEL3DB104,6,True,2024-09-09T00:00:00Z,2024-09-09T23:59:59Z,86401,86401,0,1.0,0.999980927,0.99999316,0.001511949,0,0,0,0,1e-06,1.115297,14.952736,8.708319e-10,0.001115305,0.01495284,False,0.014454,False
2024-09-10,RS01SUM1-LJ01B-12-VEL3DB104,6,True,2024-09-10T00:00:00Z,2024-09-10T23:59:59Z,86400,86400,0,1.0,0.999973774,0.999993141,0.000994469,0,0,0,0,-1e-06,1.370257,12.013098,-5.195781e-10,0.001370266,0.01201318,False,0.010398,False
2024-09-11,RS01SUM1-LJ01B-12-VEL3DB104,6,True,2024-09-11T00:00:00Z,2024-09-11T23:59:59Z,86401,86401,0,1.0,0.999976635,0.999993105,0.00264269,0,0,1,1,-0.0,1.579565,4.745259,-2.808234e-10,0.001579576,0.004745292,False,0.002909,False
2024-09-12,RS01SUM1-LJ01B-12-VEL3DB104,6,True,2024-09-12T00:00:00Z,2024-09-12T23:59:59Z,86400,86400,0,1.0,1.000004768,0.999993162,0.00153519,0,0,0,0,-0.0,0.907715,11.44283,-4.403746e-10,0.000907721,0.01144291,False,0.012778,False
2024-09-13,RS01SUM1-LJ01B-12-VEL3DB104,6,True,2024-09-13T00:00:00Z,2024-09-13T23:59:59Z,86401,86401,0,1.0,1.000010967,0.99999316,-0.000336097,0,0,0,0,1e-06,1.028008,11.111039,9.06102e-10,0.001028015,0.01111112,False,0.010408,False
2024-09-14,RS01SUM1-LJ01B-12-VEL3DB104,6,True,2024-09-14T00:00:00Z,2024-09-14T23:59:59Z,86401,86401,0,1.0,1.000012875,0.999993184,-0.00030537,0,0,0,0,1e-06,1.066949,7.540259,8.423636e-10,0.001066956,0.00754031,False,0.005543,False
2024-09-15,RS01SUM1-LJ01B-12-VEL3DB104,6,True,2024-09-15T00:00:00Z,2024-09-15T23:59:59Z,86400,86400,0,1.0,1.000006676,0.999993163,0.0002313,0,0,0,0,-0.0,1.397787,4.851276,-4.86674e-10,0.001397797,0.004851309,False,0.002822,False
2024-09-16,RS01SUM1-LJ01B-12-VEL3DB104,6,True,2024-09-16T00:00:00Z,2024-09-16T23:59:59Z,86401,86401,0,1.0,1.000002861,0.999993181,-0.000967334,0,0,0,0,1e-06,1.554998,4.174916,8.207385e-10,0.001555009,0.004174944,False,0.002874,False
2024-09-17,RS01SUM1-LJ01B-12-VEL3DB104,6,True,2024-09-17T00:00:00Z,2024-09-17T23:59:59Z,86400,86400,0,1.0,1.000001907,0.999993136,0.003234998,0,0,0,0,-0.0,0.978949,3.674233,-4.718701e-10,0.0009789561,0.003674259,False,0.003063,False
2024-09-18,RS01SUM1-LJ01B-12-VEL3DB104,6,True,2024-09-18T00:00:00Z,2024-09-18T01:52:16Z,6737,6737,0,1.0,0.999922276,0.999993439,-0.000316163,0,0,0,0,0.0,0.559828,1.837898,3.190096e-13,0.0005598315,0.00183791,False,0.002356,False
2024-09-19,RS01SUM1-LJ01B-12-VEL3DB104,6,True,2024-09-19T00:10:10Z,2024-09-19T23:59:59Z,85791,85791,0,1.0,0.999876976,0.999993145,0.003094601,0,0,0,0,1e-06,2.458963,44.876694,5.8788e-10,0.002458979,0.044877,False,0.040927,False
2024-09-20,RS01SUM1-LJ01B-12-VEL3DB104,6,True,2024-09-20T00:00:00Z,2024-09-20T23:59:59Z,86400,86400,0,1.0,0.999875069,0.999993136,0.00328432,0,0,0,0,-0.0,1.552071,4.185504,-4.975319e-10,0.001552081,0.004185532,False,0.002945,False
2024-09-21,RS01SUM1-LJ01B-12-VEL3DB104,6,True,2024-09-21T00:00:00Z,2024-09-21T23:59:59Z,86401,86401,0,1.0,0.999871254,0.99999315,0.001982679,0,0,0,0,1e-06,0.950609,14.975492,8.881609e-10,0.0009506154,0.01497559,False,0.014539,False
2024-09-22,RS01SUM1-LJ01B-12-VEL3DB104,6,True,2024-09-22T00:00:00Z,2024-09-22T23:59:59Z,86401,86401,0,1.0,0.999891758,0.99999317,0.001625477,0,0,3,3,-1e-06,0.947816,11.601357,-5.137226e-10,0.0009478223,0.01160144,False,0.010398,False
2024-09-23,RS01SUM1-LJ01B-12-VEL3DB104,6,True,2024-09-23T00:00:00Z,2024-09-23T23:59:59Z,86400,86400,0,1.0,0.999866962,0.999993156,0.000579234,0,0,0,0,-0.0,1.553547,6.769332,-4.509284e-10,0.001553557,0.006769379,False,0.005234,False
2024-09-24,RS01SUM1-LJ01B-12-VEL3DB104,6,True,2024-09-24T00:00:00Z,2024-09-24T23:59:59Z,86401,86401,0,1.0,0.999866009,0.99999314,0.002328101,0,0,1,1,-0.0,1.317097,4.58905,-7.090521e-12,0.001317106,0.004589081,False,0.003285,False
2024-09-25,RS01SUM1-LJ01B-12-VEL3DB104,6,True,2024-09-25T00:00:00Z,2024-09-25T23:59:59Z,86400,86400,0,1.0,0.999888897,0.999993122,0.000679263,0,0,0,0,-0.0,2.537273,6.42692,-4.72718e-10,0.00253729,0.006426965,False,0.004534,False
2024-09-26,RS01SUM1-LJ01B-12-VEL3DB104,6,True,2024-09-26T00:00:00Z,2024-09-26T23:59:59Z,86401,86401,0,1.0,0.999890804,0.999993122,-0.001141106,0,0,0,0,1e-06,1.909357,5.813538,9.26273e-10,0.00190937,0.005813578,False,0.00452,False
2024-09-27,RS01SUM1-LJ01B-12-VEL3DB104,6,True,2024-09-27T00:00:00Z,2024-09-27T23:59:59Z,86400,86400,0,1.0,0.99988699,0.999993104,-0.001929384,0,0,0,0,-0.0,1.99276,5.647928,-4.795373e-10,0.001992773,0.005647967,False,0.005673,False
2024-09-28,RS01SUM1-LJ01B-12-VEL3DB104,6,True,2024-09-28T00:00:00Z,2024-09-28T23:59:59Z,86401,86401,0,1.0,0.999888897,0.999993149,-0.000108512,0,0,1,1,0.0,0.714226,11.554813,9.724629e-11,0.0007142305,0.01155489,False,0.013128,False
2024-09-29,RS01SUM1-LJ01B-12-VEL3DB104,6,True,2024-09-29T00:00:00Z,2024-09-29T23:59:59Z,86401,86401,0,1.0,0.999876022,0.999993129,-0.000131392,0,0,3,3,-0.0,0.711084,2.634066,-2.751795e-10,0.0007110884,0.002634084,False,0.003087,False
2024-09-30,RS01SUM1-LJ01B-12-VEL3DB104,6,True,2024-09-30T00:00:00Z,2024-09-30T23:59:59Z,86400,86400,0,1.0,0.999866962,0.999993137,0.000883256,0,0,0,0,-0.0,1.242862,4.154258,-4.705871e-10,0.00124287,0.004154286,False,0.003035,False
2024-10-01,RS01SUM1-LJ01B-12-VEL3DB104,6,True,2024-10-01T00:00:00Z,2024-10-01T23:59:59Z,86401,86401,0,1.0,0.999863148,0.999993098,0.000961548,0,0,0,0,1e-06,1.880483,9.684587,8.754697e-10,0.001880496,0.009684654,False,0.011917,False
2024-10-02,RS01SUM1-LJ01B-12-VEL3DB104,6,True,2024-10-02T00:00:00Z,2024-10-02T23:59:59Z,86400,86400,0,1.0,0.999897957,0.999993201,0.005846229,0,0,0,0,-1e-06,2.874373,14.555297,-5.054899e-10,0.002874393,0.0145554,False,0.009903,False
2024-10-03,RS01SUM1-LJ01B-12-VEL3DB104,6,True,2024-10-03T00:00:00Z,2024-10-03T23:59:59Z,84822,86401,1579,1.0,0.999871254,0.9999932,0.002174743,4,1579,4,1580,-0.0,1.485996,11.084956,-4.038441e-10,0.001486006,0.01108503,False,0.073008,True
2024-10-04,RS01SUM1-LJ01B-12-VEL3DB104,6,True,2024-10-04T00:00:00Z,2024-10-04T23:59:59Z,86401,86401,0,1.0,0.999909878,0.999993153,-0.000804663,0,0,2,2,0.0,1.417903,4.202749,7.025034e-11,0.001417913,0.004202778,False,0.003183,False
2024-10-05,RS01SUM1-LJ01B-12-VEL3DB104,6,True,2024-10-05T00:00:00Z,2024-10-05T23:59:59Z,86400,86400,0,1.0,0.999883652,0.999993166,-0.001278611,0,0,0,0,-0.0,0.933691,6.299915,-4.934561e-10,0.0009336979,0.006299958,False,0.006594,False
2024-10-06,RS01SUM1-LJ01B-12-VEL3DB104,6,True,2024-10-06T00:00:00Z,2024-10-06T23:59:59Z,85223,86401,1178,1.0,0.999886036,0.999993169,0.001687304,2,1178,2,1178,-0.0,1.154946,3.47982,-2.417044e-10,0.001154954,0.003479844,False,0.065596,True
2024-10-07,RS01SUM1-LJ01B-12-VEL3DB104,6,True,2024-10-07T00:00:00Z,2024-10-07T23:59:59Z,86400,86400,0,1.0,0.999885082,0.999993171,0.002186292,0,0,0,0,-0.0,1.117023,3.531913,-4.706618e-10,0.001117031,0.003531937,False,0.003004,False
2024-10-08,RS01SUM1-LJ01B-12-VEL3DB104,6,True,2024-10-08T00:00:00Z,2024-10-08T23:59:59Z,86401,86401,0,1.0,0.999896049,0.999993119,0.001982781,0,0,0,0,1e-06,0.84282,2.82569,8.918075e-10,0.0008428259,0.00282571,False,0.002932,False
2024-10-09,RS01SUM1-LJ01B-12-VEL3DB104,6,True,2024-10-09T00:00:00Z,2024-10-09T23:59:59Z,86401,86401,0,1.0,0.999898911,0.999993117,0.002235333,0,0,0,0,1e-06,1.136585,3.34986,8.671138e-10,0.001136593,0.003349883,False,0.00303,False
2024-10-10,RS01SUM1-LJ01B-12-VEL3DB104,6,True,2024-10-10T00:00:00Z,2024-10-10T23:59:59Z,86400,86400,0,1.0,0.99987936,0.999993125,0.001702163,0,0,0,0,-0.0,1.603953,4.899201,-4.435167e-10,0.001603965,0.004899234,False,0.003123,False
2024-10-11,RS01SUM1-LJ01B-12-VEL3DB104,6,True,2024-10-11T00:00:00Z,2024-10-11T23:59:59Z,86401,86401,0,1.0,0.999879837,0.999993177,0.000160445,0,0,0,0,1e-06,0.757607,2.626697,8.302094e-10,0.000757612,0.002626715,False,0.002965,False
2024-10-12,RS01SUM1-LJ01B-12-VEL3DB104,6,True,2024-10-12T00:00:00Z,2024-10-12T23:59:59Z,86400,86400,0,1.0,0.999865055,0.999993138,-0.000994488,0,0,0,0,-0.0,0.898366,5.274004,-4.949135e-10,0.0008983724,0.00527404,False,0.00564,False
2024-10-13,RS01SUM1-LJ01B-12-VEL3DB104,6,True,2024-10-13T00:00:00Z,2024-10-13T23:59:59Z,86401,86401,0,1.0,0.999900341,0.999993136,0.000702781,0,0,1,1,-0.0,0.971308,3.004993,-1.433394e-10,0.0009713147,0.003005013,False,0.002986,False
2024-10-14,RS01SUM1-LJ01B-12-VEL3DB104,6,True,2024-10-14T00:00:00Z,2024-10-14T23:59:59Z,86401,86401,0,1.0,0.999897003,0.999993138,0.000928044,0,0,2,2,0.0,0.822133,2.74814,1.751607e-10,0.0008221391,0.002748159,False,0.003047,False
2024-10-15,RS01SUM1-LJ01B-12-VEL3DB104,6,True,2024-10-15T00:00:00Z,2024-10-15T23:59:59Z,86400,86400,0,1.0,0.999909401,0.999993164,0.000355967,0,0,0,0,-0.0,0.990558,2.912056,-4.828025e-10,0.0009905647,0.002912075,False,0.003031,False
2024-10-16,RS01SUM1-LJ01B-12-VEL3DB104,6,True,2024-10-16T00:00:00Z,2024-10-16T23:59:59Z,86401,86401,0,1.0,0.999920845,0.999993153,0.001578426,0,0,1,1,0.0,0.970015,12.161002,2.714866e-10,0.0009700217,0.01216108,False,0.012035,False
2024-10-17,RS01SUM1-LJ01B-12-VEL3DB104,6,True,2024-10-17T00:00:00Z,2024-10-17T23:59:59Z,86400,86400,0,1.0,0.999911308,0.999993196,-0.000547235,0,0,0,0,-1e-06,1.171294,11.925563,-5.100519e-10,0.001171302,0.01192564,False,0.011933,False
2024-10-18,RS01SUM1-LJ01B-12-VEL3DB104,6,True,2024-10-18T00:00:00Z,2024-10-18T23:59:59Z,86401,86401,0,1.0,0.99988699,0.999993223,0.001110599,0,0,3,3,0.0,1.110426,6.226704,4.338067e-10,0.001110433,0.006226746,False,0.00524,False
2024-10-19,RS01SUM1-LJ01B-12-VEL3DB104,6,True,2024-10-19T00:00:00Z,2024-10-19T23:59:59Z,86400,86400,0,1.0,0.99988699,0.999993193,-0.000693298,0,0,0,0,-0.0,1.25823,9.80819,-4.692451e-10,0.001258238,0.009808257,False,0.00998,False
2024-10-20,RS01SUM1-LJ01B-12-VEL3DB104,6,True,2024-10-20T00:00:00Z,2024-10-20T23:59:59Z,86401,86401,0,1.0,0.99990797,0.999993201,0.002266005,0,0,1,1,0.0,1.114353,4.058655,3.239074e-10,0.00111436,0.004058682,False,0.003601,False
2024-10-21,RS01SUM1-LJ01B-12-VEL3DB104,6,True,2024-10-21T00:00:00Z,2024-10-21T23:59:59Z,86401,86401,0,1.0,0.999906063,0.999993226,0.000709273,0,0,1,1,-1e-06,1.008698,3.249671,-6.577696e-10,0.001008705,0.003249693,False,0.002981,False
2024-10-22,RS01SUM1-LJ01B-12-VEL3DB104,6,True,2024-10-22T00:00:00Z,2024-10-22T23:59:59Z,86400,86400,0,1.0,0.999906063,0.999993168,0.002266754,0,0,0,0,-0.0,1.298669,9.758853,-4.66807e-10,0.001298678,0.00975892,False,0.011706,False
2024-10-23,RS01SUM1-LJ01B-12-VEL3DB104,6,True,2024-10-23T00:00:00Z,2024-10-23T23:59:59Z,86401,86401,0,1.0,0.999925137,0.999993188,0.001489405,0,0,1,1,0.0,1.435069,4.359751,4.887874e-10,0.001435079,0.004359781,False,0.003064,False
2024-10-24,RS01SUM1-LJ01B-12-VEL3DB104,6,True,2024-10-24T00:00:00Z,2024-10-24T23:59:59Z,86400,86400,0,1.0,0.999915123,0.999993189,0.00078485,0,0,0,0,-0.0,1.343582,9.529727,-4.843404e-10,0.001343591,0.009529792,False,0.012212,False
2024-10-25,RS01SUM1-LJ01B-12-VEL3DB104,6,True,2024-10-25T00:00:00Z,2024-10-25T23:59:59Z,86401,86401,0,1.0,0.999929905,0.999993218,0.000668575,0,0,3,3,-0.0,1.320537,3.688047,-6.364525e-11,0.001320546,0.003688072,False,0.002867,False
2024-10-26,RS01SUM1-LJ01B-12-VEL3DB104,6,True,2024-10-26T00:00:00Z,2024-10-26T23:59:59Z,86401,86401,0,1.0,0.999882221,0.999993205,-0.000164545,0,0,1,1,0.0,2.90352,14.835454,3.618697e-10,0.00290354,0.01483556,False,0.017061,False
2024-10-27,RS01SUM1-LJ01B-12-VEL3DB104,6,True,2024-10-27T00:00:00Z,2024-10-27T23:59:59Z,86400,86400,0,1.0,0.999847889,0.999993135,0.00037179,0,0,0,0,-0.0,3.676887,14.755299,-4.422093e-10,0.003676912,0.0147554,False,0.017683,False
2024-10-28,RS01SUM1-LJ01B-12-VEL3DB104,6,True,2024-10-28T00:00:00Z,2024-10-28T23:59:59Z,86401,86401,0,1.0,0.99988699,0.999993165,0.0005007,0,0,3,3,-0.0,2.13504,15.080908,-2.401633e-10,0.002135054,0.01508101,False,0.016574,False
2024-10-29,RS01SUM1-LJ01B-12-VEL3DB104,6,True,2024-10-29T00:00:00Z,2024-10-29T23:59:59Z,86400,86400,0,1.0,0.999924183,0.999993142,0.002346366,0,0,0,0,-0.0,1.864353,14.929657,-4.148888e-10,0.001864366,0.01492976,False,0.016283,False
2024-10-30,RS01SUM1-LJ01B-12-VEL3DB104,6,True,2024-10-30T00:00:00Z,2024-10-30T23:59:59Z,86401,86401,0,1.0,0.999897957,0.999993123,0.002535251,0,0,2,2,-0.0,1.077596,15.403583,-3.057801e-10,0.001077604,0.01540369,False,0.015517,False
2024-10-31,RS01SUM1-LJ01B-12-VEL3DB104,6,True,2024-10-31T00:00:00Z,2024-10-31T23:59:59Z,86401,86401,0,1.0,0.999931812,0.999993161,0.001091706,0,0,2,2,0.0,1.677293,4.937794,1.090193e-10,0.001677305,0.004937827,False,0.00297,False
2024-11-01,RS01SUM1-LJ01B-12-VEL3DB104,6,True,2024-11-01T00:00:00Z,2024-11-01T23:59:59Z,86400,86400,0,1.0,0.99990797,0.999993196,-0.000742336,0,0,0,0,-0.0,1.048112,10.782949,-4.723123e-10,0.001048119,0.01078302,False,0.012422,False
2024-11-02,RS01SUM1-LJ01B-12-VEL3DB104,6,True,2024-11-02T00:00:00Z,2024-11-02T23:59:59Z,86401,86401,0,1.0,0.999904156,0.999993229,-0.000389089,0,0,2,2,-0.0,1.091132,3.571615,-3.086403e-11,0.00109114,0.003571639,False,0.003055,False
2024-11-03,RS01SUM1-LJ01B-12-VEL3DB104,6,True,2024-11-03T00:00:00Z,2024-11-03T23:59:59Z,86400,86400,0,1.0,0.999897003,0.999993201,-0.002933599,0,0,0,0,-0.0,1.710484,15.543264,-4.922867e-10,0.001710496,0.01554337,False,0.014132,False
2024-11-04,RS01SUM1-LJ01B-12-VEL3DB104,6,True,2024-11-04T00:00:00Z,2024-11-04T23:59:59Z,86401,86401,0,1.0,0.999917984,0.999993237,0.001070563,0,0,1,1,-0.0,0.960995,14.992114,-2.994676e-10,0.0009610014,0.01499222,False,0.015819,False
2024-11-05,RS01SUM1-LJ01B-12-VEL3DB104,6,True,2024-11-05T00:00:00Z,2024-11-05T23:59:59Z,86400,86400,0,1.0,0.999895096,0.999993204,-0.001635119,0,0,0,0,-0.0,0.885387,5.974594,-4.701375e-10,0.0008853933,0.005974635,False,0.004269,False
2024-11-06,RS01SUM1-LJ01B-12-VEL3DB104,6,True,2024-11-06T00:00:00Z,2024-11-06T23:59:59Z,86401,86401,0,1.0,0.999907017,0.999993224,0.00017815,0,0,2,2,0.0,1.362005,4.210626,2.735422e-10,0.001362014,0.004210655,False,0.003127,False
2024-11-07,RS01SUM1-LJ01B-12-VEL3DB104,6,True,2024-11-07T00:00:00Z,2024-11-07T23:59:59Z,86401,86401,0,1.0,0.999872208,0.999993233,0.000203814,0,0,0,0,1e-06,1.29921,4.386623,8.98739e-10,0.001299218,0.004386653,False,0.003095,False
2024-11-08,RS01SUM1-LJ01B-12-VEL3DB104,6,True,2024-11-08T00:00:00Z,2024-11-08T23:59:59Z,86400,86400,0,1.0,0.999909878,0.999993265,0.000850645,0,0,0,0,-0.0,1.414418,4.171325,-4.75213e-10,0.001414428,0.004171353,False,0.002961,False
2024-11-09,RS01SUM1-LJ01B-12-VEL3DB104,6,True,2024-11-09T00:00:00Z,2024-11-09T23:59:59Z,86401,86401,0,1.0,0.999890804,0.999993213,0.00047532,0,0,0,0,1e-06,1.055332,3.358832,8.527714e-10,0.001055339,0.003358855,False,0.00305,False
2024-11-10,RS01SUM1-LJ01B-12-VEL3DB104,6,True,2024-11-10T00:00:00Z,2024-11-10T23:59:59Z,86400,86400,0,1.0,0.999921322,0.999993251,0.000511386,0,0,0,0,-0.0,1.067761,2.975221,-4.883412e-10,0.001067769,0.002975241,False,0.003003,False
2024-11-11,RS01SUM1-LJ01B-12-VEL3DB104,6,True,2024-11-11T00:00:00Z,2024-11-11T23:59:59Z,86401,86401,0,1.0,0.999934196,0.999993239,0.002331268,0,0,0,0,1e-06,1.824645,7.030707,8.253467e-10,0.001824657,0.007030755,False,0.005185,False
2024-11-12,RS01SUM1-LJ01B-12-VEL3DB104,6,True,2024-11-12T00:00:00Z,2024-11-12T23:59:59Z,86401,86401,0,1.0,0.999950886,0.999993271,-0.000143064,0,0,0,0,1e-06,1.074571,6.888238,9.20695e-10,0.001074578,0.006888285,False,0.00514,False
2024-11-13,RS01SUM1-LJ01B-12-VEL3DB104,6,True,2024-11-13T00:00:00Z,2024-11-13T23:59:59Z,86400,86400,0,1.0,0.999899864,0.999993196,-5.2439e-05,0,0,0,0,-0.0,0.759507,5.127068,-4.939952e-10,0.0007595121,0.005127102,False,0.005684,False
2024-11-14,RS01SUM1-LJ01B-12-VEL3DB104,6,True,2024-11-14T00:00:00Z,2024-11-14T23:59:59Z,86401,86401,0,1.0,0.99993515,0.999993237,-0.000545162,0,0,2,2,-0.0,1.348218,6.613975,-3.991115e-11,0.001348227,0.00661402,False,0.006511,False
2024-11-15,RS01SUM1-LJ01B-12-VEL3DB104,6,True,2024-11-15T00:00:00Z,2024-11-15T23:59:59Z,86400,86400,0,1.0,0.999901772,0.99999322,0.0001535,0,0,0,0,-1e-06,1.282121,9.442747,-5.09561e-10,0.001282129,0.009442811,False,0.010404,False
2024-11-16,RS01SUM1-LJ01B-12-VEL3DB104,6,True,2024-11-16T00:00:00Z,2024-11-16T23:59:59Z,86401,86401,0,1.0,0.999922276,0.99999322,0.003130894,0,0,1,1,-0.0,1.166693,10.926987,-8.396598e-11,0.001166701,0.01092706,False,0.01196,False
2024-11-17,RS01SUM1-LJ01B-12-VEL3DB104,6,True,2024-11-17T00:00:00Z,2024-11-17T23:59:59Z,86400,86400,0,1.0,0.999941349,0.999993241,-0.000787254,0,0,0,0,-1e-06,1.594072,4.13364,-5.040287e-10,0.001594083,0.004133668,False,0.003057,False
2024-11-18,RS01SUM1-LJ01B-12-VEL3DB104,6,True,2024-11-18T00:00:00Z,2024-11-18T23:59:59Z,86401,86401,0,1.0,0.999925137,0.999993233,0.002229431,0,0,0,0,1e-06,1.080604,3.364934,8.949852e-10,0.001080612,0.003364957,False,0.003007,False
2024-11-19,RS01SUM1-LJ01B-12-VEL3DB104,6,True,2024-11-19T00:00:00Z,2024-11-19T23:59:59Z,86401,86401,0,1.0,0.99987793,0.999993225,-0.000113239,0,0,1,1,-0.0,2.528331,5.649709,-1.172592e-10,0.002528348,0.005649748,False,0.005579,False
2024-11-20,RS01SUM1-LJ01B-12-VEL3DB104,6,True,2024-11-20T00:00:00Z,2024-11-20T23:59:59Z,86400,86400,0,1.0,0.999948978,0.999993269,0.001648242,0,0,0,0,-1e-06,1.117737,3.194628,-5.042801e-10,0.001117745,0.003194649,False,0.002823,False
2024-11-21,RS01SUM1-LJ01B-12-VEL3DB104,6,True,2024-11-21T00:00:00Z,2024-11-21T23:59:59Z,86401,86401,0,1.0,0.999936104,0.999993237,-0.000200622,0,0,2,2,0.0,0.901222,10.876456,2.693273e-10,0.0009012282,0.01087653,False,0.011881,False
2024-11-22,RS01SUM1-LJ01B-12-VEL3DB104,6,True,2024-11-22T00:00:00Z,2024-11-22T23:59:59Z,86400,86400,0,1.0,0.999912739,0.999993245,5.9671e-05,0,0,0,0,-0.0,0.811231,11.888149,-4.843409e-10,0.0008112365,0.01188823,False,0.011935,False
2024-11-23,RS01SUM1-LJ01B-12-VEL3DB104,6,True,2024-11-23T00:00:00Z,2024-11-23T23:59:59Z,86401,86401,0,1.0,0.999932289,0.999993264,-0.001475212,0,0,2,2,-0.0,0.995561,3.09013,-3.26085e-10,0.000995568,0.003090151,False,0.00299,False
2024-11-24,RS01SUM1-LJ01B-12-VEL3DB104,6,True,2024-11-24T00:00:00Z,2024-11-24T23:59:59Z,86401,86401,0,1.0,0.999941349,0.999993179,-5.2049e-05,0,0,1,1,0.0,0.739313,2.72317,2.799685e-10,0.000739318,0.002723188,False,0.002875,False
2024-11-25,RS01SUM1-LJ01B-12-VEL3DB104,6,True,2024-11-25T00:00:00Z,2024-11-25T23:59:59Z,86400,86400,0,1.0,0.999895096,0.999993254,-0.000661911,0,0,0,0,-0.0,1.222066,7.45974,-4.826739e-10,0.001222075,0.007459791,False,0.005371,False
2024-11-26,RS01SUM1-LJ01B-12-VEL3DB104,6,True,2024-11-26T00:00:00Z,2024-11-26T23:59:59Z,86401,86401,0,1.0,0.999887943,0.999993181,0.000316706,0,0,0,0,1e-06,0.724128,11.049358,8.657101e-10,0.0007241333,0.01104943,False,0.011875,False
2024-11-27,RS01SUM1-LJ01B-12-VEL3DB104,6,True,2024-11-27T00:00:00Z,2024-11-27T23:59:59Z,86400,86400,0,1.0,0.999924183,0.999993282,-0.001703045,0,0,0,0,-0.0,1.048299,3.468855,-4.764834e-10,0.001048306,0.003468878,False,0.002998,False
2024-11-28,RS01SUM1-LJ01B-12-VEL3DB104,6,True,2024-11-28T00:00:00Z,2024-11-28T23:59:59Z,86401,86401,0,1.0,0.999912262,0.999993253,-0.00222287,0,0,3,3,-0.0,1.276734,3.540735,-8.857172e-11,0.001276743,0.003540759,False,0.002977,False
2024-11-29,RS01SUM1-LJ01B-12-VEL3DB104,6,True,2024-11-29T00:00:00Z,2024-11-29T23:59:59Z,86401,86401,0,1.0,0.999918938,0.999993239,-0.001925843,0,0,2,2,0.0,1.162699,11.698163,3.667873e-10,0.001162707,0.01169824,False,0.012052,False
2024-11-30,RS01SUM1-LJ01B-12-VEL3DB104,6,True,2024-11-30T00:00:00Z,2024-11-30T23:59:59Z,86400,86400,0,1.0,0.999922752,0.999993254,-0.000402132,0,0,0,0,-0.0,0.793207,14.866676,-4.307585e-10,0.0007932125,0.01486678,False,0.013396,False
2024-12-01,RS01SUM1-LJ01B-12-VEL3DB104,6,True,2024-12-01T00:00:00Z,2024-12-01T23:59:59Z,86401,86401,0,1.0,0.999934196,0.999993246,-0.001079774,0,0,0,0,1e-06,1.286758,13.865181,8.625912e-10,0.001286767,0.01386528,False,0.013806,False
2024-12-02,RS01SUM1-LJ01B-12-VEL3DB104,6,True,2024-12-02T00:00:00Z,2024-12-02T23:59:59Z,86400,86400,0,1.0,0.999891758,0.99999337,-0.005338587,0,0,0,0,-1e-06,4.213879,17.002471,-5.06385e-10,0.004213907,0.01700258,False,0.018268,False
2024-12-03,RS01SUM1-LJ01B-12-VEL3DB104,6,True,2024-12-03T00:00:00Z,2024-12-03T23:59:59Z,86401,86401,0,1.0,0.999891281,0.999993273,-0.000302109,0,0,1,1,-1e-06,3.37276,15.275159,-6.394692e-10,0.003372783,0.01527526,False,0.017715,False
2024-12-04,RS01SUM1-LJ01B-12-VEL3DB104,6,True,2024-12-04T00:00:00Z,2024-12-04T23:59:59Z,86400,86400,0,1.0,0.99993372,0.999993251,0.000419215,0,0,0,0,-0.0,1.188567,3.53777,-4.425948e-10,0.001188575,0.003537794,False,0.003039,False
2024-12-05,RS01SUM1-LJ01B-12-VEL3DB104,6,True,2024-12-05T00:00:00Z,2024-12-05T23:59:59Z,86401,86401,0,1.0,0.999905109,0.999993242,0.003455233,0,0,0,0,1e-06,1.292203,3.677095,8.578763e-10,0.001292212,0.003677119,False,0.002993,False
2024-12-06,RS01SUM1-LJ01B-12-VEL3DB104,6,True,2024-12-06T00:00:00Z,2024-12-06T23:59:59Z,86401,86401,0,1.0,0.999911308,0.999993223,0.000911458,0,0,0,0,1e-06,1.337157,3.818102,8.180192e-10,0.001337166,0.003818127,False,0.002949,False
2024-12-07,RS01SUM1-LJ01B-12-VEL3DB104,6,True,2024-12-07T00:00:00Z,2024-12-07T23:59:59Z,86400,86400,0,1.0,0.999906063,0.999993222,0.002070821,0,0,0,0,-0.0,1.282896,4.177792,-4.674709e-10,0.001282904,0.004177821,False,0.003066,False
2024-12-08,RS01SUM1-LJ01B-12-VEL3DB104,6,True,2024-12-08T00:00:00Z,2024-12-08T23:59:59Z,86401,86401,0,1.0,0.999910355,0.99999322,-0.001090534,0,0,2,2,0.0,1.379688,4.565579,3.0206e-10,0.001379697,0.00456561,False,0.003143,False
2024-12-09,RS01SUM1-LJ01B-12-VEL3DB104,6,True,2024-12-09T00:00:00Z,2024-12-09T23:59:59Z,86400,86400,0,1.0,0.999943256,0.999993258,-0.001282506,0,0,0,0,-0.0,1.160126,10.936107,-4.941251e-10,0.001160133,0.01093618,False,0.010517,False
2024-12-10,RS01SUM1-LJ01B-12-VEL3DB104,6,True,2024-12-10T00:00:00Z,2024-12-10T23:59:59Z,86401,86401,0,1.0,0.999938011,0.999993262,-0.001218493,0,0,2,2,0.0,0.765222,4.889927,2.84603e-10,0.0007652273,0.00488996,False,0.003807,False
2024-12-11,RS01SUM1-LJ01B-12-VEL3DB104,6,True,2024-12-11T00:00:00Z,2024-12-11T14:35:27Z,52528,52528,0,1.0,0.999959946,0.999993281,-0.001997904,0,0,0,0,0.0,0.673814,2.194201,2.103378e-10,0.0006738187,0.002194215,False,0.002848,False
2024-12-12,RS01SUM1-LJ01B-12-VEL3DB104,6,True,2024-12-12T03:13:23Z,2024-12-12T23:59:59Z,74531,74797,266,1.0,0.999927044,0.999996018,-0.0489561,2,266,2,266,-0.0,63.89618,192.648047,-1.720046e-11,0.06389643,0.1926488,False,0.303236,True
2024-12-13,RS01SUM1-LJ01B-12-VEL3DB104,6,True,2024-12-13T00:00:00Z,2024-12-13T23:59:59Z,86401,86401,0,1.0,1.000056267,0.999993231,-0.000989732,0,0,4,4,-0.0,1.05233,3.359788,-3.688897e-10,0.001052337,0.003359811,False,0.00291,False
2024-12-14,RS01SUM1-LJ01B-12-VEL3DB104,6,True,2024-12-14T00:00:00Z,2024-12-14T23:59:59Z,54013,86398,32385,1.0,1.000050068,1.000010491,-0.375903461,1,32385,1,32385,0.0,344.076324,965.135306,1.781749e-10,0.3440727,0.9651252,True,0.183785,True
2024-12-15,RS01SUM1-LJ01B-12-VEL3DB104,6,True,2024-12-15T00:00:00Z,2024-12-15T23:59:59Z,86401,86401,0,1.0,0.999917984,0.999993234,0.002619011,0,0,1,1,1e-06,1.959749,5.197058,5.567171e-10,0.001959762,0.005197094,False,0.003691,False
2024-12-16,RS01SUM1-LJ01B-12-VEL3DB104,6,True,2024-12-16T00:00:00Z,2024-12-16T23:59:59Z,86400,86400,0,1.0,0.999905109,0.999993191,-0.001597682,0,0,0,0,-1e-06,0.960589,6.70395,-5.019737e-10,0.0009605951,0.006703995,False,0.007957,False
2024-12-17,RS01SUM1-LJ01B-12-VEL3DB104,6,True,2024-12-17T00:00:00Z,2024-12-17T23:59:59Z,86401,86401,0,1.0,0.999908924,0.999993133,0.00074678,0,0,1,1,-0.0,1.336551,4.673127,-1.291079e-10,0.00133656,0.004673159,False,0.003167,False
2024-12-18,RS01SUM1-LJ01B-12-VEL3DB104,6,True,2024-12-18T00:00:00Z,2024-12-18T23:59:59Z,86400,86400,0,1.0,0.999917984,0.999993235,0.000945884,0,0,0,0,-0.0,0.787631,4.982953,-4.74222e-10,0.0007876361,0.004982987,False,0.004364,False
2024-12-19,RS01SUM1-LJ01B-12-VEL3DB104,6,True,2024-12-19T00:00:00Z,2024-12-19T23:59:59Z,86401,86401,0,1.0,0.999918938,0.999993214,-5.815e-05,0,0,2,2,0.0,0.764545,3.626644,4.547486e-10,0.0007645498,0.003626669,False,0.003285,False
2024-12-20,RS01SUM1-LJ01B-12-VEL3DB104,6,True,2024-12-20T00:00:00Z,2024-12-20T23:59:59Z,86401,86401,0,1.0,0.999898911,0.99999321,0.001349908,0,0,0,0,1e-06,0.80738,6.145649,8.93485e-10,0.0008073851,0.00614569,False,0.00584,False
2024-12-21,RS01SUM1-LJ01B-12-VEL3DB104,6,True,2024-12-21T00:00:00Z,2024-12-21T23:59:59Z,86400,86400,0,1.0,0.999913216,0.999993213,-0.000245996,0,0,0,0,-0.0,0.691889,9.701339,-4.865865e-10,0.0006918938,0.009701405,False,0.011524,False
2024-12-22,RS01SUM1-LJ01B-12-VEL3DB104,6,True,2024-12-22T00:00:00Z,2024-12-22T23:59:59Z,86401,86401,0,1.0,0.999904633,0.999993227,-3.97e-06,0,0,1,1,0.0,1.262482,3.926655,2.314728e-10,0.00126249,0.003926681,False,0.006949,False
2024-12-23,RS01SUM1-LJ01B-12-VEL3DB104,6,True,2024-12-23T00:00:00Z,2024-12-23T23:59:59Z,86400,86400,0,1.0,0.999888897,0.999993205,-0.001909473,0,0,0,0,-0.0,1.012991,3.378899,-4.446543e-10,0.001012998,0.003378922,False,0.003116,False
2024-12-24,RS01SUM1-LJ01B-12-VEL3DB104,6,True,2024-12-24T00:00:00Z,2024-12-24T23:59:59Z,86401,86401,0,1.0,0.999909878,0.99999318,0.002895284,0,0,1,1,-1e-06,1.848871,11.010989,-5.227108e-10,0.001848883,0.01101106,False,0.011459,False
2024-12-25,RS01SUM1-LJ01B-12-VEL3DB104,6,True,2024-12-25T00:00:00Z,2024-12-25T23:59:59Z,86401,86401,0,1.0,0.999884129,0.999993175,-0.000734221,0,0,1,1,0.0,0.732383,3.050608,4.596186e-10,0.000732388,0.003050629,False,0.003002,False
2024-12-26,RS01SUM1-LJ01B-12-VEL3DB104,6,True,2024-12-26T00:00:00Z,2024-12-26T23:59:59Z,86400,86400,0,1.0,0.99990654,0.999993183,0.000165134,0,0,0,0,-0.0,1.039265,10.46154,-4.988474e-10,0.001039272,0.01046161,False,0.010278,False
2024-12-27,RS01SUM1-LJ01B-12-VEL3DB104,6,True,2024-12-27T00:00:00Z,2024-12-27T23:59:59Z,86401,86401,0,1.0,0.999908924,0.999993206,-0.002257707,0,0,0,0,1e-06,1.408185,4.983932,8.90486e-10,0.001408195,0.004983966,False,0.003079,False
2024-12-28,RS01SUM1-LJ01B-12-VEL3DB104,6,True,2024-12-28T00:00:00Z,2024-12-28T23:59:59Z,86400,86400,0,1.0,0.999862194,0.999993175,-0.000874019,0,0,0,0,-0.0,1.042535,9.044388,-4.901811e-10,0.001042542,0.00904445,False,0.011455,False
2024-12-29,RS01SUM1-LJ01B-12-VEL3DB104,6,True,2024-12-29T00:00:00Z,2024-12-29T23:59:59Z,86401,86401,0,1.0,0.999884129,0.999993177,0.000565037,0,0,1,1,0.0,0.906682,5.494195,3.136157e-10,0.0009066884,0.005494233,False,0.00511,False
2024-12-30,RS01SUM1-LJ01B-12-VEL3DB104,6,True,2024-12-30T00:00:00Z,2024-12-30T23:59:59Z,86400,86400,0,1.0,0.999910831,0.999993223,0.000255222,0,0,0,0,-0.0,0.818039,5.117365,-4.488164e-10,0.0008180444,0.005117399,False,0.003181,False
2024-12-31,RS01SUM1-LJ01B-12-VEL3DB104,6,True,2024-12-31T00:00:00Z,2024-12-31T23:59:59Z,86401,86401,0,1.0,0.999876022,0.999993143,0.000215922,0,0,3,3,0.0,0.956929,3.303151,4.129937e-10,0.0009569355,0.003303174,False,0.003322,False
2025-01-01,RS01SUM1-LJ01B-12-VEL3DB104,6,True,2025-01-01T00:00:00Z,2025-01-01T23:59:59Z,86401,86401,0,1.0,0.99993515,0.999993253,0.002052351,0,0,2,2,0.0,1.343333,3.952167,2.072094e-10,0.001343342,0.003952194,False,0.004511,False
2025-01-02,RS01SUM1-LJ01B-12-VEL3DB104,6,True,2025-01-02T00:00:00Z,2025-01-02T23:59:59Z,86400,86400,0,1.0,0.999927044,0.999993159,0.002295732,0,0,0,0,-0.0,0.856834,12.700853,-4.983489e-10,0.0008568402,0.01270094,False,0.011882,False
2025-01-03,RS01SUM1-LJ01B-12-VEL3DB104,6,True,2025-01-03T00:00:00Z,2025-01-03T23:59:59Z,86401,86401,0,1.0,0.999945164,0.999993177,0.001125193,0,0,1,1,-0.0,1.393624,4.327569,-4.0649e-10,0.001393634,0.004327599,False,0.003049,False
2025-01-04,RS01SUM1-LJ01B-12-VEL3DB104,6,True,2025-01-04T00:00:00Z,2025-01-04T23:59:59Z,86400,86400,0,1.0,0.999893188,0.999993157,-0.001984158,0,0,0,0,-0.0,0.777412,3.148232,-4.699578e-10,0.0007774174,0.003148254,False,0.003237,False
2025-01-05,RS01SUM1-LJ01B-12-VEL3DB104,6,True,2025-01-05T00:00:00Z,2025-01-05T23:59:59Z,86401,86401,0,1.0,0.999880314,0.999993167,-0.000390505,0,0,1,1,0.0,0.715593,2.685714,2.183632e-11,0.0007155974,0.002685732,False,0.003225,False
2025-01-06,RS01SUM1-LJ01B-12-VEL3DB104,6,True,2025-01-06T00:00:00Z,2025-01-06T23:59:59Z,86401,86401,0,1.0,0.999924183,0.999993137,0.000957752,0,0,0,0,1e-06,1.130492,3.824565,8.825653e-10,0.001130499,0.003824592,False,0.003172,False
2025-01-07,RS01SUM1-LJ01B-12-VEL3DB104,6,True,2025-01-07T00:00:00Z,2025-01-07T23:59:59Z,86400,86400,0,1.0,0.999931812,0.999993168,0.000523094,0,0,0,0,-0.0,0.826002,3.227791,-4.314703e-10,0.0008260078,0.003227813,False,0.003381,False
2025-01-08,RS01SUM1-LJ01B-12-VEL3DB104,6,True,2025-01-08T00:00:00Z,2025-01-08T23:59:59Z,85578,86401,823,1.0,0.999941826,0.999993222,-0.003772799,2,823,2,824,0.0,1.840615,6.170028,3.493689e-10,0.001840628,0.006170069,False,0.042397,True
2025-01-09,RS01SUM1-LJ01B-12-VEL3DB104,6,True,2025-01-09T00:00:00Z,2025-01-09T23:59:59Z,86400,86400,0,1.0,0.99993515,0.999993255,0.000282936,0,0,0,0,-1e-06,0.770178,3.087348,-5.059738e-10,0.0007701834,0.003087369,False,0.002873,False
2025-01-10,RS01SUM1-LJ01B-12-VEL3DB104,6,True,2025-01-10T00:00:00Z,2025-01-10T23:59:59Z,86401,86401,0,1.0,0.999932766,0.999993255,-0.001965462,0,0,1,1,0.0,1.249299,3.919141,4.105774e-10,0.001249307,0.003919168,False,0.003203,False
2025-01-11,RS01SUM1-LJ01B-12-VEL3DB104,6,True,2025-01-11T00:00:00Z,2025-01-11T23:59:59Z,86401,86401,0,1.0,0.999907017,0.999993237,0.001343919,0,0,2,2,0.0,0.727166,10.804442,4.528767e-10,0.0007271706,0.01080451,False,0.011984,False
2025-01-12,RS01SUM1-LJ01B-12-VEL3DB104,6,True,2025-01-12T00:00:00Z,2025-01-12T23:59:59Z,86400,86400,0,1.0,0.999952793,0.999993322,-0.001226147,0,0,0,0,-0.0,0.99415,3.451665,-4.457592e-10,0.0009941571,0.003451688,False,0.003176,False
2025-01-13,RS01SUM1-LJ01B-12-VEL3DB104,6,True,2025-01-13T00:00:00Z,2025-01-13T23:59:59Z,86401,86401,0,1.0,0.999925137,0.999993263,0.0003302,0,0,1,1,-1e-06,0.769498,10.765508,-6.154505e-10,0.0007695028,0.01076558,False,0.011982,False
2025-01-14,RS01SUM1-LJ01B-12-VEL3DB104,6,True,2025-01-14T00:00:00Z,2025-01-14T23:59:59Z,86400,86400,0,1.0,0.999922752,0.999993295,-0.000292565,0,0,0,0,-0.0,1.13009,12.435957,-4.764747e-10,0.001130097,0.01243604,False,0.013391,False
2025-01-15,RS01SUM1-LJ01B-12-VEL3DB104,6,True,2025-01-15T00:00:00Z,2025-01-15T23:59:59Z,86401,86401,0,1.0,0.999888897,0.99999331,-0.003907956,0,0,3,3,-0.0,1.325102,5.198888,-4.410599e-10,0.001325111,0.005198923,False,0.003346,False
2025-01-16,RS01SUM1-LJ01B-12-VEL3DB104,6,True,2025-01-16T00:00:00Z,2025-01-16T23:59:59Z,86400,86400,0,1.0,0.999879837,0.99999326,4.857e-05,0,0,0,0,-0.0,1.059186,9.921948,-4.642481e-10,0.001059193,0.009922015,False,0.009996,False
2025-01-17,RS01SUM1-LJ01B-12-VEL3DB104,6,True,2025-01-17T00:00:00Z,2025-01-17T23:59:59Z,86401,86401,0,1.0,0.99990797,0.999993202,0.002513453,0,0,2,2,1e-06,1.379919,7.279824,7.487015e-10,0.001379928,0.007279874,False,0.007682,False
2025-01-18,RS01SUM1-LJ01B-12-VEL3DB104,6,True,2025-01-18T00:00:00Z,2025-01-18T23:59:59Z,86401,86401,0,1.0,0.999895096,0.999993196,0.001518629,0,0,0,0,1e-06,1.086896,10.73773,9.351638e-10,0.001086903,0.0107378,False,0.011406,False
2025-01-19,RS01SUM1-LJ01B-12-VEL3DB104,6,True,2025-01-19T00:00:00Z,2025-01-19T23:59:59Z,86400,86400,0,1.0,0.999918938,0.999993219,-0.001023509,0,0,0,0,-1e-06,1.208225,6.329415,-5.355241e-10,0.001208233,0.006329458,False,0.005742,False
2025-01-20,RS01SUM1-LJ01B-12-VEL3DB104,6,True,2025-01-20T00:00:00Z,2025-01-20T23:59:59Z,86401,86401,0,1.0,0.999899387,0.999993178,-0.000862254,0,0,0,0,1e-06,1.00226,5.336307,9.134054e-10,0.001002267,0.005336344,False,0.005234,False
2025-01-21,RS01SUM1-LJ01B-12-VEL3DB104,6,True,2025-01-21T00:00:00Z,2025-01-21T23:59:59Z,86400,86400,0,1.0,0.99992609,0.999993174,-0.003517756,0,0,0,0,-0.0,2.008758,8.537017,-4.415528e-10,0.002008772,0.008537075,False,0.004732,False
2025-01-22,RS01SUM1-LJ01B-12-VEL3DB104,6,True,2025-01-22T00:00:00Z,2025-01-22T23:59:59Z,86401,86401,0,1.0,0.999925137,0.999993173,-0.002748137,0,0,0,0,1e-06,2.110581,5.370797,8.662207e-10,0.002110596,0.005370834,False,0.003265,False
2025-01-23,RS01SUM1-LJ01B-12-VEL3DB104,6,True,2025-01-23T00:00:00Z,2025-01-23T23:59:59Z,86401,86401,0,1.0,0.999927998,0.999993203,-0.003912898,0,0,2,2,1e-06,1.641401,5.434331,5.157426e-10,0.001641412,0.005434368,False,0.003128,False
2025-01-24,RS01SUM1-LJ01B-12-VEL3DB104,6,True,2025-01-24T00:00:00Z,2025-01-24T23:59:59Z,85388,86400,1012,1.0,0.999937534,0.999993105,-0.002170813,3,1012,3,1012,0.0,1.156927,3.865673,3.807136e-10,0.001156935,0.0038657,False,0.02842,True
2025-01-25,RS01SUM1-LJ01B-12-VEL3DB104,6,True,2025-01-25T00:00:00Z,2025-01-25T23:59:59Z,84577,86401,1824,1.0,0.999948025,0.999993116,-0.000469463,42,1824,42,1833,-0.0,3.918451,368.158359,-2.742384e-10,0.003918478,0.3681609,False,0.369256,True
2025-01-26,RS01SUM1-LJ01B-12-VEL3DB104,6,True,2025-01-26T00:00:00Z,2025-01-26T23:59:59Z,86400,86400,0,1.0,0.999934196,0.9999932,0.001147521,0,0,0,0,-0.0,1.438083,14.176115,-4.684819e-10,0.001438093,0.01417621,False,0.01195,False
2025-01-27,RS01SUM1-LJ01B-12-VEL3DB104,6,True,2025-01-27T00:00:00Z,2025-01-27T23:59:59Z,86401,86401,0,1.0,0.999923706,0.999993167,-8.6354e-05,0,0,1,1,-0.0,1.308154,13.859667,-1.197648e-10,0.001308163,0.01385976,False,0.012246,False
2025-01-28,RS01SUM1-LJ01B-12-VEL3DB104,6,True,2025-01-28T00:00:00Z,2025-01-28T23:59:59Z,86401,86401,0,1.0,0.999934673,0.999993145,-0.000898844,0,0,2,2,0.0,1.28325,9.824402,1.931424e-10,0.001283259,0.009824469,False,0.009845,False
2025-01-29,RS01SUM1-LJ01B-12-VEL3DB104,6,True,2025-01-29T00:00:00Z,2025-01-29T20:24:31Z,73472,73472,0,1.0,0.999914169,0.999993078,-0.001694515,0,0,0,0,1e-06,2.040488,7.382496,6.478176e-10,0.002040503,0.007382547,False,0.006166,False
2025-01-30,RS01SUM1-LJ01B-12-VEL3DB104,6,True,2025-01-30T02:58:21Z,2025-01-30T23:59:59Z,75599,75700,101,1.0,0.999948978,0.999992972,-0.019523811,4,101,4,104,-0.0,20.691332,36.738449,-4.486619e-12,0.02069148,0.03673871,False,0.051665,True
2025-01-31,RS01SUM1-LJ01B-12-VEL3DB104,6,True,2025-01-31T00:00:00Z,2025-01-31T23:59:59Z,30845,86402,55557,1.0,0.999948025,0.999966978,-0.063129775,1,55557,1,55557,0.0,190.936587,368.830658,2.078135e-10,0.1909429,0.3688428,False,0.495129,True
2025-02-01,RS01SUM1-LJ01B-12-VEL3DB104,6,True,2025-02-01T00:00:00Z,2025-02-01T23:59:59Z,86401,86401,0,1.0,0.999928951,0.999992991,-0.000875427,0,0,2,2,0.0,3.032974,15.605224,3.021932e-10,0.003032995,0.01560533,False,0.014573,False
2025-02-02,RS01SUM1-LJ01B-12-VEL3DB104,6,True,2025-02-02T00:00:00Z,2025-02-02T23:59:59Z,86401,86401,0,1.0,0.999947071,0.999993083,0.001108704,0,0,0,0,1e-06,5.279222,32.334223,8.392175e-10,0.005279259,0.03233445,False,0.034979,False
2025-02-03,RS01SUM1-LJ01B-12-VEL3DB104,6,True,2025-02-03T00:00:00Z,2025-02-03T23:59:59Z,86400,86400,0,1.0,0.999938965,0.999993133,-0.002643081,0,0,0,0,-0.0,2.881608,25.729593,-4.745969e-10,0.002881628,0.02572977,False,0.026492,False
2025-02-04,RS01SUM1-LJ01B-12-VEL3DB104,6,True,2025-02-04T00:00:00Z,2025-02-04T23:59:59Z,86401,86401,0,1.0,0.999925137,0.999993092,0.022777617,0,0,2,2,1e-06,5.201106,28.018022,8.393215e-10,0.005201142,0.02801822,False,0.029998,False
2025-02-05,RS01SUM1-LJ01B-12-VEL3DB104,6,True,2025-02-05T00:00:00Z,2025-02-05T23:59:59Z,86400,86400,0,1.0,0.99992466,0.999993127,-0.001989946,0,0,0,0,-0.0,3.222965,14.00549,-4.942209e-10,0.003222987,0.01400559,False,0.011812,False
2025-02-06,RS01SUM1-LJ01B-12-VEL3DB104,6,True,2025-02-06T00:00:00Z,2025-02-06T23:59:59Z,86401,86401,0,1.0,0.999896049,0.999993112,0.00347847,0,0,0,0,1e-06,3.201867,11.79713,9.071335e-10,0.003201889,0.01179721,False,0.01343,False
2025-02-07,RS01SUM1-LJ01B-12-VEL3DB104,6,True,2025-02-07T00:00:00Z,2025-02-07T23:59:58Z,86400,86400,0,1.0,0.999929905,0.999993124,0.001584111,0,0,0,0,-0.0,7.630509,46.610702,-4.534206e-10,0.007630561,0.04661102,False,0.044479,False
2025-02-08,RS01SUM1-LJ01B-12-VEL3DB104,6,True,2025-02-08T00:00:00Z,2025-02-08T23:59:59Z,86401,86401,0,1.0,0.999937057,0.999993153,-0.01133312,0,0,0,0,1e-06,5.117406,14.50416,8.914668e-10,0.005117441,0.01450426,False,0.013361,False
2025-02-09,RS01SUM1-LJ01B-12-VEL3DB104,6,True,2025-02-09T00:00:00Z,2025-02-09T23:59:59Z,86401,86401,0,1.0,0.99990797,0.999993106,-0.004563053,0,0,1,1,0.0,2.975651,8.729569,2.308289e-10,0.002975671,0.008729629,False,0.008464,False
2025-02-10,RS01SUM1-LJ01B-12-VEL3DB104,6,True,2025-02-10T00:00:00Z,2025-02-10T23:59:59Z,86400,86400,0,1.0,0.99992609,0.999993151,-0.004821966,0,0,0,0,-0.0,9.034192,88.289582,-4.89225e-10,0.009034254,0.08829019,False,0.090876,False
2025-02-11,RS01SUM1-LJ01B-12-VEL3DB104,6,True,2025-02-11T00:00:00Z,2025-02-11T23:59:59Z,86401,86401,0,1.0,0.999901772,0.99999316,-0.007168804,0,0,3,3,0.0,7.896914,85.837453,2.105789e-10,0.007896968,0.08583804,False,0.08938,False
2025-02-12,RS01SUM1-LJ01B-12-VEL3DB104,6,True,2025-02-12T00:00:00Z,2025-02-12T23:59:59Z,86400,86400,0,1.0,0.999903202,0.99999316,-0.004468891,0,0,0,0,-0.0,4.957475,30.67734,-4.857813e-10,0.004957509,0.03067755,False,0.031709,False
2025-02-13,RS01SUM1-LJ01B-12-VEL3DB104,6,True,2025-02-13T00:00:00Z,2025-02-13T23:59:59Z,86401,86401,0,1.0,0.999888897,0.99999312,0.000960004,0,0,0,0,1e-06,3.901243,25.827238,8.73093e-10,0.00390127,0.02582742,False,0.031067,False
2025-02-14,RS01SUM1-LJ01B-12-VEL3DB104,6,True,2025-02-14T00:00:00Z,2025-02-14T23:59:59Z,86401,86401,0,1.0,0.99992466,0.999993132,-0.003551703,0,0,3,3,-0.0,5.999152,31.808524,-1.765864e-10,0.005999193,0.03180874,False,0.029847,False
2025-02-15,RS01SUM1-LJ01B-12-VEL3DB104,6,True,2025-02-15T00:00:00Z,2025-02-15T23:59:59Z,86400,86400,0,1.0,0.999892235,0.999993157,-0.00712428,0,0,0,0,-0.0,8.634028,87.156604,-4.744211e-10,0.008634087,0.0871572,False,0.088829,False
2025-02-16,RS01SUM1-LJ01B-12-VEL3DB104,6,True,2025-02-16T00:00:00Z,2025-02-16T23:59:59Z,86401,86401,0,1.0,0.999913216,0.99999309,-0.001371685,0,0,2,2,0.0,4.645706,43.38573,1.568486e-11,0.004645738,0.04338603,False,0.045258,False
2025-02-17,RS01SUM1-LJ01B-12-VEL3DB104,6,True,2025-02-17T00:00:00Z,2025-02-17T23:59:59Z,86400,86400,0,1.0,0.999911785,0.999993022,-0.000194998,0,0,0,0,-0.0,6.617215,31.43881,-4.928019e-10,0.006617261,0.03143903,False,0.032162,False
2025-02-18,RS01SUM1-LJ01B-12-VEL3DB104,6,True,2025-02-18T00:00:00Z,2025-02-18T23:59:59Z,86401,86401,0,1.0,0.999910355,0.999993099,0.004448061,0,0,0,0,1e-06,9.214793,91.098073,8.78607e-10,0.009214857,0.0910987,False,0.09098,False
2025-02-19,RS01SUM1-LJ01B-12-VEL3DB104,6,True,2025-02-19T00:00:00Z,2025-02-19T23:59:59Z,86401,86401,0,1.0,0.999930859,0.999993173,-0.006121996,0,0,1,1,-0.0,4.575498,29.280012,-2.157328e-10,0.004575529,0.02928021,False,0.023462,False
2025-02-20,RS01SUM1-LJ01B-12-VEL3DB104,6,True,2025-02-20T00:00:00Z,2025-02-20T23:59:59Z,86400,86400,0,1.0,0.999933243,0.999993144,-0.001970253,0,0,0,0,-0.0,5.505784,27.557635,-4.450814e-10,0.005505822,0.02755782,False,0.030819,False
2025-02-21,RS01SUM1-LJ01B-12-VEL3DB104,6,True,2025-02-21T00:00:00Z,2025-02-21T23:59:59Z,86401,86401,0,1.0,0.999934673,0.999993144,-0.003542485,0,0,1,1,0.0,10.828859,84.071111,8.037396e-11,0.01082893,0.08407169,False,0.091691,False
2025-02-22,RS01SUM1-LJ01B-12-VEL3DB104,6,True,2025-02-22T00:00:00Z,2025-02-22T23:59:59Z,86400,86400,0,1.0,0.999923706,0.999993175,-0.006238175,0,0,0,0,-0.0,6.227008,35.509107,-4.614692e-10,0.006227051,0.03550935,False,0.03719,False
2025-02-23,RS01SUM1-LJ01B-12-VEL3DB104,6,True,2025-02-23T00:00:00Z,2025-02-23T23:59:59Z,86401,86401,0,1.0,0.99993515,0.999993249,-0.005333226,0,0,1,1,-0.0,6.725285,48.258119,-1.713624e-10,0.006725331,0.04825844,False,0.043307,False
2025-02-24,RS01SUM1-LJ01B-12-VEL3DB104,6,True,2025-02-24T00:00:00Z,2025-02-24T23:59:59Z,86401,86401,0,1.0,0.999899864,0.999993178,-0.0031539,0,0,1,1,1e-06,6.348432,40.845779,1.093463e-09,0.006348475,0.04084606,False,0.043763,False
2025-02-25,RS01SUM1-LJ01B-12-VEL3DB104,6,True,2025-02-25T00:00:00Z,2025-02-25T23:59:59Z,86400,86400,0,1.0,0.999923229,0.999993229,0.006786027,0,0,0,0,-0.0,7.426947,31.352814,-4.987303e-10,0.007426998,0.03135303,False,0.031131,False
2025-02-26,RS01SUM1-LJ01B-12-VEL3DB104,6,True,2025-02-26T00:00:00Z,2025-02-26T23:59:59Z,86401,86401,0,1.0,0.999929905,0.999993294,-0.001676541,0,0,0,0,1e-06,13.178075,85.679845,8.725336e-10,0.01317816,0.08568042,False,0.083753,False
2025-02-27,RS01SUM1-LJ01B-12-VEL3DB104,6,True,2025-02-27T00:00:00Z,2025-02-27T23:59:59Z,86400,86400,0,1.0,0.999923706,0.99999327,-0.00443651,0,0,0,0,-0.0,4.992002,30.00125,-4.55151e-10,0.004992036,0.03000145,False,0.029349,False
2025-02-28,RS01SUM1-LJ01B-12-VEL3DB104,6,True,2025-02-28T00:00:00Z,2025-02-28T23:59:59Z,86401,86401,0,1.0,0.999922752,0.999993191,0.00375604,0,0,2,2,1e-06,7.632835,86.155458,7.658674e-10,0.007632887,0.08615604,False,0.079772,False
2025-03-01,RS01SUM1-LJ01B-12-VEL3DB104,6,True,2025-03-01T00:00:00Z,2025-03-01T23:59:59Z,86400,86400,0,1.0,0.999913216,0.999993319,0.003136653,0,0,0,0,-0.0,8.910817,88.226974,-4.934055e-10,0.008910876,0.08822756,False,0.091916,False
2025-03-02,RS01SUM1-LJ01B-12-VEL3DB104,6,True,2025-03-02T00:00:00Z,2025-03-02T23:59:59Z,86401,86401,0,1.0,0.999914169,0.999993157,0.000590958,0,0,0,0,1e-06,7.775219,31.769155,8.855553e-10,0.007775273,0.03176937,False,0.031541,False
2025-03-03,RS01SUM1-LJ01B-12-VEL3DB104,6,True,2025-03-03T00:00:00Z,2025-03-03T23:59:59Z,86401,86401,0,1.0,0.999914646,0.999993213,0.0131099,0,0,0,0,1e-06,6.013553,44.82644,8.855201e-10,0.006013594,0.04482674,False,0.04166,False
2025-03-04,RS01SUM1-LJ01B-12-VEL3DB104,6,True,2025-03-04T00:00:00Z,2025-03-04T23:59:59Z,86400,86400,0,1.0,0.999917984,0.999993197,-0.002818056,0,0,0,0,-0.0,5.20354,27.321994,-4.944087e-10,0.005203575,0.02732218,False,0.030092,False
2025-03-05,RS01SUM1-LJ01B-12-VEL3DB104,6,True,2025-03-05T00:00:00Z,2025-03-05T23:59:59Z,86401,86401,0,1.0,0.999918938,0.999993294,0.001140149,0,0,0,0,1e-06,7.923159,38.412219,8.190858e-10,0.007923212,0.03841248,False,0.030302,False
2025-03-06,RS01SUM1-LJ01B-12-VEL3DB104,6,True,2025-03-06T00:00:00Z,2025-03-06T23:59:59Z,86400,86400,0,1.0,0.999908924,0.999993271,-0.005970526,0,0,0,0,-0.0,5.07277,30.584452,-4.668876e-10,0.005072805,0.03058466,False,0.03041,False
2025-03-07,RS01SUM1-LJ01B-12-VEL3DB104,6,True,2025-03-07T00:00:00Z,2025-03-07T23:59:59Z,86401,86401,0,1.0,0.999940872,0.99999332,0.004934871,0,0,0,0,1e-06,4.580534,30.749297,8.633924e-10,0.004580565,0.0307495,False,0.030635,False
2025-03-08,RS01SUM1-LJ01B-12-VEL3DB104,6,True,2025-03-08T00:00:00Z,2025-03-08T23:59:59Z,86401,86401,0,1.0,0.999906063,0.999993267,0.001379084,0,0,1,1,-0.0,6.294511,36.6781,-2.358764e-10,0.006294553,0.03667835,False,0.030812,False
2025-03-09,RS01SUM1-LJ01B-12-VEL3DB104,6,True,2025-03-09T00:00:00Z,2025-03-09T23:59:59Z,86400,86400,0,1.0,0.999951839,0.999993296,-0.004368434,0,0,0,0,-0.0,6.033868,28.035469,-4.505315e-10,0.006033908,0.02803566,False,0.030316,False
2025-03-10,RS01SUM1-LJ01B-12-VEL3DB104,6,True,2025-03-10T00:00:00Z,2025-03-10T23:59:59Z,86401,86401,0,1.0,0.999905109,0.999993283,-0.003383214,0,0,0,0,1e-06,7.207084,31.248101,8.954292e-10,0.007207132,0.03124831,False,0.030896,False
2025-03-11,RS01SUM1-LJ01B-12-VEL3DB104,6,True,2025-03-11T00:00:00Z,2025-03-11T23:59:59Z,86400,86400,0,1.0,0.999938011,0.99999331,0.001360975,0,0,0,0,-1e-06,4.705425,28.881346,-5.032345e-10,0.004705456,0.02888154,False,0.019713,False
2025-03-12,RS01SUM1-LJ01B-12-VEL3DB104,6,True,2025-03-12T00:00:00Z,2025-03-12T23:59:59Z,86401,86401,0,1.0,0.999915838,0.999993276,0.004905758,0,0,1,1,-0.0,4.135012,28.787645,-1.565691e-11,0.00413504,0.02878784,False,0.028734,False
2025-03-13,RS01SUM1-LJ01B-12-VEL3DB104,6,True,2025-03-13T00:00:00Z,2025-03-13T23:59:59Z,86400,86400,0,1.0,0.999951839,0.999993292,-0.001912147,0,0,0,0,-0.0,6.360824,48.949261,-4.769563e-10,0.006360867,0.04894959,False,0.035765,False
2025-03-14,RS01SUM1-LJ01B-12-VEL3DB104,6,True,2025-03-14T00:00:00Z,2025-03-14T23:59:59Z,86401,86401,0,1.0,0.999897003,0.999993229,-0.001837735,0,0,1,1,-0.0,6.760774,28.667085,-3.125758e-10,0.00676082,0.02866728,False,0.031045,False
2025-03-15,RS01SUM1-LJ01B-12-VEL3DB104,6,True,2025-03-15T00:00:00Z,2025-03-15T23:59:59Z,86401,86401,0,1.0,0.999946117,0.999993249,-0.006226489,0,0,1,1,0.0,11.432412,87.075889,3.863868e-10,0.01143249,0.08707648,False,0.089551,False
2025-03-16,RS01SUM1-LJ01B-12-VEL3DB104,6,True,2025-03-16T00:00:00Z,2025-03-16T23:59:59Z,86400,86400,0,1.0,0.999886036,0.999993197,0.0051849,0,0,0,0,-0.0,6.744394,31.062984,-4.805634e-10,0.00674444,0.0310632,False,0.03014,False
2025-03-17,RS01SUM1-LJ01B-12-VEL3DB104,6,True,2025-03-17T00:00:00Z,2025-03-17T23:59:59Z,86401,86401,0,1.0,0.999922752,0.99999315,0.002078943,0,0,0,0,1e-06,5.181103,30.026155,8.721214e-10,0.005181138,0.03002636,False,0.030325,False
2025-03-18,RS01SUM1-LJ01B-12-VEL3DB104,6,True,2025-03-18T00:00:00Z,2025-03-18T23:59:59Z,86400,86400,0,1.0,0.999895096,0.999993112,-0.001847159,0,0,0,0,-0.0,10.842606,87.792664,-4.730084e-10,0.01084268,0.08779327,False,0.088345,False
2025-03-19,RS01SUM1-LJ01B-12-VEL3DB104,6,True,2025-03-19T00:00:00Z,2025-03-19T23:59:59Z,86401,86401,0,1.0,0.999886036,0.999993133,-0.001189772,0,0,3,3,-0.0,9.087077,86.529161,-2.575095e-11,0.00908714,0.08652976,False,0.089511,False
2025-03-20,RS01SUM1-LJ01B-12-VEL3DB104,6,True,2025-03-20T00:00:00Z,2025-03-20T23:59:59Z,86401,86401,0,1.0,0.999866009,0.999993242,-0.004037868,0,0,1,1,0.0,4.933596,27.82556,1.756984e-10,0.004933629,0.02782575,False,0.024678,False
2025-03-21,RS01SUM1-LJ01B-12-VEL3DB104,6,True,2025-03-21T00:00:00Z,2025-03-21T23:59:59Z,85799,86400,601,1.0,0.999898911,0.999993209,-0.005339585,1,601,1,601,0.0,7.351858,42.840811,1.989917e-10,0.007351908,0.0428411,False,0.050695,True
2025-03-22,RS01SUM1-LJ01B-12-VEL3DB104,6,True,2025-03-22T00:00:00Z,2025-03-22T23:59:59Z,86401,86401,0,1.0,0.999897003,0.999993212,-0.003734236,0,0,0,0,1e-06,7.141444,37.818968,9.006447e-10,0.007141492,0.03781922,False,0.035602,False
2025-03-23,RS01SUM1-LJ01B-12-VEL3DB104,6,True,2025-03-23T00:00:00Z,2025-03-23T23:59:59Z,86400,86400,0,1.0,0.999886036,0.999993176,0.04258263,0,0,0,0,-1e-06,6.196532,44.697835,-5.046929e-10,0.006196574,0.04469814,False,0.047738,False
2025-03-24,RS01SUM1-LJ01B-12-VEL3DB104,6,True,2025-03-24T00:00:00Z,2025-03-24T23:59:59Z,86401,86401,0,1.0,0.999906063,0.999993243,-0.002038205,0,0,0,0,1e-06,5.306999,30.208542,9.012006e-10,0.005307035,0.03020875,False,0.02955,False
2025-03-25,RS01SUM1-LJ01B-12-VEL3DB104,6,True,2025-03-25T00:00:00Z,2025-03-25T23:59:59Z,86401,86401,0,1.0,0.999890327,0.999993162,0.003446764,0,0,0,0,1e-06,5.316443,28.773554,8.937196e-10,0.00531648,0.02877375,False,0.030058,False
2025-03-26,RS01SUM1-LJ01B-12-VEL3DB104,6,True,2025-03-26T00:00:00Z,2025-03-26T23:59:59Z,85808,86400,592,1.0,0.999919891,0.999993176,0.000676127,1,592,1,592,-0.0,4.122615,26.257779,-1.841215e-10,0.004122643,0.02625796,False,0.037184,True
2025-03-27,RS01SUM1-LJ01B-12-VEL3DB104,6,True,2025-03-27T00:00:00Z,2025-03-27T23:59:59Z,86401,86401,0,1.0,0.99992609,0.999993178,0.000715333,0,0,0,0,1e-06,3.513352,29.915483,8.726964e-10,0.003513376,0.02991569,False,0.022663,False
2025-03-28,RS01SUM1-LJ01B-12-VEL3DB104,6,True,2025-03-28T00:00:00Z,2025-03-28T23:59:59Z,86400,86400,0,1.0,0.999928951,0.99999313,0.003769367,0,0,0,0,-0.0,9.962484,88.86402,-4.745838e-10,0.009962552,0.08886463,False,0.091195,False
2025-03-29,RS01SUM1-LJ01B-12-VEL3DB104,6,True,2025-03-29T00:00:00Z,2025-03-29T23:59:59Z,86401,86401,0,1.0,0.999948978,0.999993112,-0.00113764,0,0,1,1,1e-06,7.406941,31.815758,5.006618e-10,0.007406992,0.03181598,False,0.029955,False
2025-03-30,RS01SUM1-LJ01B-12-VEL3DB104,6,True,2025-03-30T00:00:00Z,2025-03-30T23:59:59Z,86400,86400,0,1.0,0.999912262,0.999993151,-0.000219519,0,0,0,0,-1e-06,5.137395,42.92102,-5.002691e-10,0.00513743,0.04292131,False,0.046046,False
2025-03-31,RS01SUM1-LJ01B-12-VEL3DB104,6,True,2025-03-31T00:00:00Z,2025-03-31T23:59:59Z,86401,86401,0,1.0,0.999945641,0.999993122,-0.00247319,0,0,4,4,-0.0,4.421753,30.294046,-3.537561e-11,0.004421784,0.03029425,False,0.021342,False
2025-04-01,RS01SUM1-LJ01B-12-VEL3DB104,6,True,2025-04-01T00:00:00Z,2025-04-01T23:59:59Z,63202,86402,23200,1.0,0.999931335,0.999980894,0.269470061,2,23200,2,23200,0.0,213.601454,419.928417,3.645007e-10,0.2136055,0.4199364,True,0.424614,True
2025-04-02,RS01SUM1-LJ01B-12-VEL3DB104,6,True,2025-04-02T00:00:00Z,2025-04-02T23:59:59Z,86400,86400,0,1.0,0.99993372,0.999993026,-0.004400061,0,0,0,0,-0.0,9.295106,84.825341,-4.764933e-10,0.009295171,0.08482593,False,0.083468,False
2025-04-03,RS01SUM1-LJ01B-12-VEL3DB104,6,True,2025-04-03T00:00:00Z,2025-04-03T23:59:59Z,86401,86401,0,1.0,0.999932289,0.999993014,0.000392482,0,0,1,1,-0.0,4.358737,30.27525,-3.199191e-10,0.004358768,0.03027546,False,0.028447,False
2025-04-04,RS01SUM1-LJ01B-12-VEL3DB104,6,True,2025-04-04T00:00:00Z,2025-04-04T23:59:59Z,86400,86400,0,1.0,0.999936104,0.999993074,0.000273125,0,0,0,0,-0.0,5.121784,30.942588,-4.49849e-10,0.005121819,0.0309428,False,0.028825,False
2025-04-05,RS01SUM1-LJ01B-12-VEL3DB104,6,True,2025-04-05T00:00:00Z,2025-04-05T23:59:59Z,86401,86401,0,1.0,0.99992609,0.999993098,-0.000342858,0,0,1,1,-1e-06,8.936985,93.485764,-6.316928e-10,0.008937047,0.09348641,False,0.087163,False
2025-04-06,RS01SUM1-LJ01B-12-VEL3DB104,6,True,2025-04-06T00:00:00Z,2025-04-06T23:59:59Z,86401,86401,0,1.0,0.999901772,0.999993097,-0.001494144,0,0,1,1,0.0,8.041542,88.106581,2.093168e-10,0.008041598,0.08810719,False,0.082867,False
2025-04-07,RS01SUM1-LJ01B-12-VEL3DB104,6,True,2025-04-07T00:00:00Z,2025-04-07T23:59:59Z,86400,86400,0,1.0,0.999891758,0.999993089,-0.003036741,0,0,0,0,-0.0,6.031438,41.44597,-4.339021e-10,0.00603148,0.04144626,False,0.037393,False
2025-04-08,RS01SUM1-LJ01B-12-VEL3DB104,6,True,2025-04-08T00:00:00Z,2025-04-08T23:59:59Z,86401,86401,0,1.0,0.999925137,0.999993132,0.003604622,0,0,2,2,0.0,3.166178,10.489304,3.336764e-10,0.003166199,0.01048938,False,0.00902,False
2025-04-09,RS01SUM1-LJ01B-12-VEL3DB104,6,True,2025-04-09T00:00:00Z,2025-04-09T23:59:59Z,86400,86400,0,1.0,0.999916077,0.999993077,0.00059642,0,0,0,0,-0.0,5.559147,30.653104,-4.635165e-10,0.005559185,0.03065332,False,0.030893,False
2025-04-10,RS01SUM1-LJ01B-12-VEL3DB104,6,True,2025-04-10T00:00:00Z,2025-04-10T23:59:59Z,86401,86401,0,1.0,0.999913216,0.999993019,0.00956945,0,0,0,0,1e-06,6.275962,29.891074,8.801695e-10,0.006276005,0.02989128,False,0.032145,False
2025-04-11,RS01SUM1-LJ01B-12-VEL3DB104,6,True,2025-04-11T00:00:00Z,2025-04-11T23:59:59Z,86401,86401,0,1.0,0.999927044,0.999993125,0.000895135,0,0,1,1,1e-06,5.537876,28.793452,5.862821e-10,0.005537914,0.02879365,False,0.031216,False
2025-04-12,RS01SUM1-LJ01B-12-VEL3DB104,6,True,2025-04-12T00:00:00Z,2025-04-12T23:59:59Z,86400,86400,0,1.0,0.99992609,0.999993016,-0.002261342,0,0,0,0,-0.0,5.233315,28.651929,-4.628004e-10,0.005233351,0.02865213,False,0.029909,False
2025-04-13,RS01SUM1-LJ01B-12-VEL3DB104,6,True,2025-04-13T00:00:00Z,2025-04-13T23:59:59Z,86401,86401,0,1.0,0.999928951,0.999993077,0.007473619,0,0,0,0,1e-06,5.355646,29.841023,9.291858e-10,0.005355683,0.02984123,False,0.029774,False
2025-04-14,RS01SUM1-LJ01B-12-VEL3DB104,6,True,2025-04-14T00:00:00Z,2025-04-14T23:59:59Z,86400,86400,0,1.0,0.999919891,0.999993155,0.000574153,0,0,0,0,-1e-06,6.507826,30.450345,-5.049993e-10,0.00650787,0.03045055,False,0.031426,False
2025-04-15,RS01SUM1-LJ01B-12-VEL3DB104,6,True,2025-04-15T00:00:00Z,2025-04-15T23:59:59Z,86401,86401,0,1.0,0.999942303,0.999993074,0.002929959,0,0,0,0,1e-06,9.100004,86.671513,9.101029e-10,0.009100067,0.08667211,False,0.089891,False
2025-04-16,RS01SUM1-LJ01B-12-VEL3DB104,6,True,2025-04-16T00:00:00Z,2025-04-16T23:59:59Z,86401,86401,0,1.0,0.999930382,0.99999313,-0.000253194,0,0,1,1,-0.0,5.708835,32.045398,-1.108015e-10,0.005708875,0.03204562,False,0.033971,False
2025-04-17,RS01SUM1-LJ01B-12-VEL3DB104,6,True,2025-04-17T00:00:00Z,2025-04-17T23:59:59Z,86400,86400,0,1.0,0.999938011,0.999993129,-0.00214104,0,0,0,0,-0.0,6.644382,31.625993,-4.553882e-10,0.006644427,0.03162621,False,0.03111,False
2025-04-18,RS01SUM1-LJ01B-12-VEL3DB104,6,True,2025-04-18T00:00:00Z,2025-04-18T23:59:59Z,86401,86401,0,1.0,0.999939919,0.999993142,-5.2999e-05,0,0,0,0,1e-06,7.11076,43.083612,8.4761e-10,0.007110809,0.04308391,False,0.041019,False
2025-04-19,RS01SUM1-LJ01B-12-VEL3DB104,6,True,2025-04-19T00:00:00Z,2025-04-19T23:59:59Z,86400,86400,0,1.0,0.999954224,0.99999316,-0.006806704,0,0,0,0,-1e-06,9.951372,86.964535,-5.344318e-10,0.00995144,0.08696513,False,0.080301,False
2025-04-20,RS01SUM1-LJ01B-12-VEL3DB104,6,True,2025-04-20T00:00:00Z,2025-04-20T23:59:59Z,86401,86401,0,1.0,0.999929905,0.999993182,-0.002587358,0,0,0,0,1e-06,8.470998,38.480851,8.742153e-10,0.008471056,0.03848111,False,0.0292,False
2025-04-21,RS01SUM1-LJ01B-12-VEL3DB104,6,True,2025-04-21T00:00:00Z,2025-04-21T23:59:59Z,86401,86401,0,1.0,0.999932289,0.999993005,-0.009509006,0,0,1,1,0.0,6.468395,32.342998,3.463242e-10,0.00646844,0.03234322,False,0.030568,False
2025-04-22,RS01SUM1-LJ01B-12-VEL3DB104,6,True,2025-04-22T00:00:00Z,2025-04-22T23:59:59Z,86400,86400,0,1.0,0.999921799,0.999993103,0.005645591,0,0,0,0,-0.0,5.356225,32.468671,-4.94878e-10,0.005356262,0.0324689,False,0.029274,False
2025-04-23,RS01SUM1-LJ01B-12-VEL3DB104,6,True,2025-04-23T00:00:00Z,2025-04-23T23:59:59Z,86401,86401,0,1.0,0.999913692,0.999993097,-0.006798538,0,0,1,1,0.0,7.836,40.583734,3.031546e-10,0.007836054,0.04058401,False,0.030063,False
2025-04-24,RS01SUM1-LJ01B-12-VEL3DB104,6,True,2025-04-24T00:00:00Z,2025-04-24T23:59:59Z,86400,86400,0,1.0,0.999911785,0.999993204,0.011766919,0,0,0,0,-0.0,5.40115,27.310493,-4.747628e-10,0.005401187,0.02731068,False,0.029537,False
2025-04-25,RS01SUM1-LJ01B-12-VEL3DB104,6,True,2025-04-25T00:00:00Z,2025-04-25T23:59:59Z,86401,86401,0,1.0,0.999906063,0.999993094,0.002124151,0,0,1,1,0.0,6.531224,31.991282,2.113781e-10,0.006531269,0.0319915,False,0.029969,False
2025-04-26,RS01SUM1-LJ01B-12-VEL3DB104,6,True,2025-04-26T00:00:00Z,2025-04-26T23:59:59Z,86401,86401,0,1.0,0.999933243,0.999993129,0.000536652,0,0,0,0,1e-06,9.161877,88.869123,8.951138e-10,0.00916194,0.08886973,False,0.090255,False
2025-04-27,RS01SUM1-LJ01B-12-VEL3DB104,6,True,2025-04-27T00:00:00Z,2025-04-27T23:59:59Z,86400,86400,0,1.0,0.999948978,0.999993097,0.026963058,0,0,0,0,-0.0,5.800104,30.750903,-4.250049e-10,0.005800144,0.03075112,False,0.029792,False
2025-04-28,RS01SUM1-LJ01B-12-VEL3DB104,6,True,2025-04-28T00:00:00Z,2025-04-28T23:59:59Z,86401,86401,0,1.0,0.999967098,0.999992989,-8.1525e-05,0,0,0,0,1e-06,6.604825,48.803944,9.092589e-10,0.006604871,0.04880429,False,0.047388,False
2025-04-29,RS01SUM1-LJ01B-12-VEL3DB104,6,True,2025-04-29T00:00:00Z,2025-04-29T23:59:59Z,86400,86400,0,1.0,0.999946117,0.999992977,0.003195215,0,0,0,0,-0.0,6.944516,29.471033,-4.555686e-10,0.006944565,0.02947124,False,0.029791,False
2025-04-30,RS01SUM1-LJ01B-12-VEL3DB104,6,True,2025-04-30T00:00:00Z,2025-04-30T23:59:59Z,86401,86401,0,1.0,0.999951839,0.999993038,0.026147327,0,0,1,1,-0.0,8.751344,90.962174,-1.677249e-10,0.008751404,0.09096281,False,0.091054,False
2025-05-01,RS01SUM1-LJ01B-12-VEL3DB104,6,True,2025-05-01T00:00:00Z,2025-05-01T23:59:59Z,86401,86401,0,1.0,0.999932766,0.999993046,0.004122448,0,0,2,2,0.0,6.349433,41.867307,1.548936e-10,0.006349477,0.0418676,False,0.045548,False
2025-05-02,RS01SUM1-LJ01B-12-VEL3DB104,6,True,2025-05-02T00:00:00Z,2025-05-02T23:59:59Z,86400,86400,0,1.0,0.999952793,0.999993074,0.004939544,0,0,0,0,-0.0,6.718584,30.248657,-4.556023e-10,0.006718631,0.03024887,False,0.031363,False
2025-05-03,RS01SUM1-LJ01B-12-VEL3DB104,6,True,2025-05-03T00:00:00Z,2025-05-03T23:59:59Z,86401,86401,0,1.0,0.999948025,0.999993111,0.003638731,0,0,0,0,1e-06,8.657209,89.733576,9.27242e-10,0.008657269,0.08973419,False,0.090437,False
2025-05-04,RS01SUM1-LJ01B-12-VEL3DB104,6,True,2025-05-04T00:00:00Z,2025-05-04T23:59:59Z,86400,86400,0,1.0,0.999948978,0.999993063,0.005569115,0,0,0,0,-0.0,8.899662,86.570798,-4.902554e-10,0.008899724,0.0865714,False,0.086632,False
2025-05-05,RS01SUM1-LJ01B-12-VEL3DB104,6,True,2025-05-05T00:00:00Z,2025-05-05T23:59:59Z,86401,86401,0,1.0,0.999949932,0.999993011,0.004334914,0,0,2,2,-0.0,3.845583,27.516706,-1.982445e-10,0.00384561,0.0275169,False,0.028065,False
2025-05-06,RS01SUM1-LJ01B-12-VEL3DB104,6,True,2025-05-06T00:00:00Z,2025-05-06T23:59:59Z,86401,86401,0,1.0,0.999950886,0.999993037,0.004042557,0,0,1,1,0.0,8.766788,92.821226,2.528706e-11,0.008766849,0.09282187,False,0.090403,False
2025-05-07,RS01SUM1-LJ01B-12-VEL3DB104,6,True,2025-05-07T00:00:00Z,2025-05-07T23:59:59Z,86400,86400,0,1.0,0.999927998,0.999993027,-0.00501781,0,0,0,0,-1e-06,10.2529,87.806596,-5.06834e-10,0.01025297,0.08780721,False,0.080621,False
2025-05-08,RS01SUM1-LJ01B-12-VEL3DB104,6,True,2025-05-08T00:00:00Z,2025-05-08T23:59:59Z,86401,86401,0,1.0,0.999919891,0.999992983,0.002933626,0,0,0,0,1e-06,11.989712,93.826468,8.577989e-10,0.0119898,0.09382713,False,0.090995,False
2025-05-09,RS01SUM1-LJ01B-12-VEL3DB104,6,True,2025-05-09T00:00:00Z,2025-05-09T23:59:59Z,86400,86400,0,1.0,0.999934196,0.999993016,0.00047979,0,0,0,0,-0.0,6.390595,34.699638,-4.706305e-10,0.00639064,0.03469988,False,0.029767,False
2025-05-10,RS01SUM1-LJ01B-12-VEL3DB104,6,True,2025-05-10T00:00:00Z,2025-05-10T23:59:59Z,86401,86401,0,1.0,0.999955177,0.999993082,0.001843279,0,0,0,0,1e-06,8.13019,46.227628,8.588389e-10,0.008130246,0.04622795,False,0.044762,False
2025-05-11,RS01SUM1-LJ01B-12-VEL3DB104,6,True,2025-05-11T00:00:00Z,2025-05-11T23:59:59Z,86401,86401,0,1.0,0.999956131,0.999993043,0.001609797,0,0,0,0,1e-06,7.085536,31.004796,8.896145e-10,0.007085585,0.03100501,False,0.031434,False
2025-05-12,RS01SUM1-LJ01B-12-VEL3DB104,6,True,2025-05-12T00:00:00Z,2025-05-12T23:59:59Z,86400,86400,0,1.0,0.999952793,0.999993051,-0.000121841,0,0,0,0,-0.0,6.626557,36.740341,-4.723438e-10,0.006626603,0.0367406,False,0.031895,False
2025-05-13,RS01SUM1-LJ01B-12-VEL3DB104,6,True,2025-05-13T00:00:00Z,2025-05-13T23:59:59Z,71897,86402,14505,1.0,0.999937057,0.999977324,0.35412114,2,14505,2,14506,1e-06,279.496376,527.78607,6.997239e-10,0.2795027,0.527798,True,0.384967,True
2025-05-14,RS01SUM1-LJ01B-12-VEL3DB104,6,True,2025-05-14T00:00:00Z,2025-05-14T23:59:59Z,86400,86400,0,1.0,0.999893188,0.999993088,0.000588585,0,0,0,0,-0.0,4.747228,30.128241,-4.915353e-10,0.004747261,0.03012845,False,0.027902,False
2025-05-15,RS01SUM1-LJ01B-12-VEL3DB104,6,True,2025-05-15T00:00:00Z,2025-05-15T23:59:59Z,86401,86401,0,1.0,0.999910355,0.999993077,-0.00397428,0,0,1,1,-1e-06,8.348513,88.130854,-5.686369e-10,0.008348571,0.08813146,False,0.090416,False
2025-05-16,RS01SUM1-LJ01B-12-VEL3DB104,6,True,2025-05-16T00:00:00Z,2025-05-16T23:59:59Z,86401,86401,0,1.0,0.999889851,0.999993073,0.003929604,0,0,0,0,1e-06,4.686536,31.322349,8.746957e-10,0.004686568,0.03132257,False,0.030011,False
2025-05-17,RS01SUM1-LJ01B-12-VEL3DB104,6,True,2025-05-17T00:00:00Z,2025-05-17T23:59:59Z,86400,86400,0,1.0,0.999922276,0.999993081,0.005243552,0,0,0,0,-0.0,5.314311,24.602915,-4.713301e-10,0.005314348,0.02460309,False,0.02983,False
2025-05-18,RS01SUM1-LJ01B-12-VEL3DB104,6,True,2025-05-18T00:00:00Z,2025-05-18T23:59:59Z,86401,86401,0,1.0,0.999882698,0.999992999,0.004895661,0,0,1,1,-0.0,5.038147,28.36889,-2.630299e-10,0.005038182,0.02836909,False,0.028296,False
2025-05-19,RS01SUM1-LJ01B-12-VEL3DB104,6,True,2025-05-19T00:00:00Z,2025-05-19T23:59:59Z,86400,86400,0,1.0,0.999894619,0.999993072,0.002369207,0,0,0,0,-1e-06,3.029585,13.887417,-5.117635e-10,0.003029606,0.01388751,False,0.015696,False
2025-05-20,RS01SUM1-LJ01B-12-VEL3DB104,6,True,2025-05-20T00:00:00Z,2025-05-20T23:59:59Z,86401,86401,0,1.0,0.999883175,0.999993041,0.006790504,0,0,0,0,1e-06,3.982942,18.192485,9.055376e-10,0.00398297,0.01819261,False,0.012721,False
2025-05-21,RS01SUM1-LJ01B-12-VEL3DB104,6,True,2025-05-21T00:00:00Z,2025-05-21T23:59:59Z,86401,86401,0,1.0,0.999872684,0.999993122,0.00457078,0,0,3,3,-0.0,5.49801,24.062761,-4.467253e-10,0.005498048,0.02406293,False,0.031268,False
2025-05-22,RS01SUM1-LJ01B-12-VEL3DB104,6,True,2025-05-22T00:00:00Z,2025-05-22T23:59:59Z,86400,86400,0,1.0,0.999876022,0.999993117,-0.00235612,0,0,0,0,-0.0,3.673075,20.491359,-4.913634e-10,0.0036731,0.0204915,False,0.015588,False
2025-05-23,RS01SUM1-LJ01B-12-VEL3DB104,6,True,2025-05-23T00:00:00Z,2025-05-23T23:59:59Z,86401,86401,0,1.0,0.999869823,0.999993131,-0.003213026,0,0,0,0,1e-06,5.560847,43.068581,8.869767e-10,0.005560885,0.04306888,False,0.045167,False
2025-05-24,RS01SUM1-LJ01B-12-VEL3DB104,6,True,2025-05-24T00:00:00Z,2025-05-24T23:59:59Z,86400,86400,0,1.0,0.999871254,0.999993114,0.002078949,0,0,0,0,-1e-06,4.593259,27.518106,-5.107978e-10,0.004593291,0.0275183,False,0.030577,False
2025-05-25,RS01SUM1-LJ01B-12-VEL3DB104,6,True,2025-05-25T00:00:00Z,2025-05-25T23:59:59Z,86401,86401,0,1.0,0.999882698,0.999993078,-0.004251808,0,0,0,0,1e-06,5.279273,32.736494,8.73367e-10,0.005279309,0.03273672,False,0.02843,False
2025-05-26,RS01SUM1-LJ01B-12-VEL3DB104,6,True,2025-05-26T00:00:00Z,2025-05-26T23:59:59Z,86401,86401,0,1.0,0.999905109,0.999993101,-0.003482905,0,0,3,3,0.0,4.854589,43.004617,3.246795e-10,0.004854623,0.04300491,False,0.034601,False
2025-05-27,RS01SUM1-LJ01B-12-VEL3DB104,6,True,2025-05-27T00:00:00Z,2025-05-27T23:59:59Z,86400,86400,0,1.0,0.999872684,0.999993022,-0.000880608,0,0,0,0,-0.0,7.16945,33.825329,-4.705073e-10,0.0071695,0.03382557,False,0.02869,False
2025-05-28,RS01SUM1-LJ01B-12-VEL3DB104,6,True,2025-05-28T00:00:00Z,2025-05-28T23:59:59Z,86401,86401,0,1.0,0.999896049,0.999992989,0.016014747,0,0,0,0,1e-06,7.998319,43.470897,8.756325e-10,0.007998375,0.0434712,False,0.030294,False
2025-05-29,RS01SUM1-LJ01B-12-VEL3DB104,6,True,2025-05-29T00:00:00Z,2025-05-29T23:59:59Z,86400,86400,0,1.0,0.9999156,0.999992938,0.002126898,0,0,0,0,-0.0,4.408738,25.929025,-4.796529e-10,0.004408769,0.02592921,False,0.028841,False
2025-05-30,RS01SUM1-LJ01B-12-VEL3DB104,6,True,2025-05-30T00:00:00Z,2025-05-30T23:59:59Z,86401,86401,0,1.0,0.999902725,0.999993055,0.002574972,0,0,5,5,0.0,4.684673,13.881013,2.116016e-10,0.004684705,0.01388111,False,0.012588,False
2025-05-31,RS01SUM1-LJ01B-12-VEL3DB104,6,True,2025-05-31T00:00:00Z,2025-05-31T23:59:59Z,86401,86401,0,1.0,0.999906063,0.999993037,0.002449958,0,0,2,2,-0.0,4.932211,19.147742,-3.321539e-10,0.004932245,0.01914788,False,0.012707,False
2025-06-01,RS01SUM1-LJ01B-12-VEL3DB104,6,True,2025-06-01T00:00:00Z,2025-06-01T23:59:59Z,86400,86400,0,1.0,0.999911785,0.999993022,0.011023264,0,0,0,0,-0.0,5.947351,28.325256,-4.971954e-10,0.005947393,0.02832545,False,0.030114,False
2025-06-02,RS01SUM1-LJ01B-12-VEL3DB104,6,True,2025-06-02T00:00:00Z,2025-06-02T23:59:59Z,86401,86401,0,1.0,0.999920607,0.999993032,0.000160019,0,0,1,1,-0.0,3.579313,12.413778,-3.615191e-11,0.003579338,0.01241386,False,0.011924,False
2025-06-03,RS01SUM1-LJ01B-12-VEL3DB104,6,True,2025-06-03T00:00:00Z,2025-06-03T23:59:59Z,86400,86400,0,1.0,0.999895096,0.999993065,0.003106591,0,0,0,0,-0.0,5.039804,29.58941,-4.67311e-10,0.005039838,0.02958962,False,0.02597,False
2025-06-04,RS01SUM1-LJ01B-12-VEL3DB104,6,True,2025-06-04T00:00:00Z,2025-06-04T23:59:59Z,86401,86401,0,1.0,0.999894142,0.999993051,-0.004398324,0,0,0,0,1e-06,6.329131,23.776194,8.890056e-10,0.006329175,0.02377636,False,0.025901,False
2025-06-05,RS01SUM1-LJ01B-12-VEL3DB104,6,True,2025-06-05T00:00:00Z,2025-06-05T23:59:59Z,86401,86401,0,1.0,0.999914169,0.999993092,0.026968603,0,0,2,2,-0.0,2.686061,27.928238,-8.016119e-11,0.002686079,0.02792843,False,0.028792,False
2025-06-06,RS01SUM1-LJ01B-12-VEL3DB104,6,True,2025-06-06T00:00:00Z,2025-06-06T23:59:59Z,86400,86400,0,1.0,0.999899864,0.999993052,-0.002062705,0,0,0,0,-0.0,5.370288,47.411868,-4.804464e-10,0.005370325,0.0474122,False,0.045263,False
2025-06-07,RS01SUM1-LJ01B-12-VEL3DB104,6,True,2025-06-07T00:00:00Z,2025-06-07T23:59:59Z,86401,86401,0,1.0,0.999903202,0.999993093,-0.004536235,0,0,3,3,0.0,4.264561,26.260264,2.651301e-10,0.00426459,0.02626045,False,0.029605,False
2025-06-08,RS01SUM1-LJ01B-12-VEL3DB104,6,True,2025-06-08T00:00:00Z,2025-06-08T23:59:59Z,86400,86400,0,1.0,0.999905109,0.999993041,-0.004790887,0,0,0,0,-0.0,4.134734,28.920825,-4.783108e-10,0.004134762,0.02892103,False,0.02878,False
2025-06-09,RS01SUM1-LJ01B-12-VEL3DB104,6,True,2025-06-09T00:00:00Z,2025-06-09T23:59:59Z,86401,86401,0,1.0,0.999936104,0.999993056,0.002993466,0,0,2,2,-0.0,5.398848,23.676603,-2.775136e-10,0.005398885,0.02367677,False,0.019302,False
2025-06-10,RS01SUM1-LJ01B-12-VEL3DB104,6,True,2025-06-10T00:00:00Z,2025-06-10T23:59:59Z,86401,86401,0,1.0,0.999885082,0.999992971,-0.001842735,0,0,1,1,-0.0,3.883269,24.2485,-1.970183e-10,0.003883296,0.02424867,False,0.029274,False
2025-06-11,RS01SUM1-LJ01B-12-VEL3DB104,6,True,2025-06-11T00:00:00Z,2025-06-11T23:59:59Z,86400,86400,0,1.0,0.999905109,0.999993022,0.005046588,0,0,0,0,-0.0,5.567586,29.226854,-4.463859e-10,0.005567625,0.02922706,False,0.030225,False
2025-06-12,RS01SUM1-LJ01B-12-VEL3DB104,6,True,2025-06-12T00:00:00Z,2025-06-12T23:59:59Z,86401,86401,0,1.0,0.999923229,0.999992982,0.005144897,0,0,0,0,1e-06,5.992026,35.867929,8.916302e-10,0.005992068,0.03586818,False,0.030719,False
2025-06-13,RS01SUM1-LJ01B-12-VEL3DB104,6,True,2025-06-13T00:00:00Z,2025-06-13T23:59:59Z,86400,86400,0,1.0,0.999899864,0.999992926,0.007825016,0,0,0,0,-0.0,4.317343,31.55535,-4.646112e-10,0.004317374,0.03155557,False,0.029432,False
2025-06-14,RS01SUM1-LJ01B-12-VEL3DB104,6,True,2025-06-14T00:00:00Z,2025-06-14T23:59:59Z,86401,86401,0,1.0,0.999920845,0.999992954,0.002778161,0,0,1,1,-0.0,3.711717,27.817847,-2.795672e-10,0.003711743,0.02781804,False,0.026745,False
2025-06-15,RS01SUM1-LJ01B-12-VEL3DB104,6,True,2025-06-15T00:00:00Z,2025-06-15T23:59:59Z,86401,86401,0,1.0,0.999939919,0.999992962,-0.008960539,0,0,2,2,-0.0,8.344308,90.434149,-2.014249e-10,0.008344366,0.09043479,False,0.089761,False
2025-06-16,RS01SUM1-LJ01B-12-VEL3DB104,6,True,2025-06-16T00:00:00Z,2025-06-16T23:59:59Z,86400,86400,0,1.0,0.999909878,0.999992972,0.001396237,0,0,0,0,-0.0,5.218542,44.583114,-4.851657e-10,0.005218579,0.04458343,False,0.043229,False
2025-06-17,RS01SUM1-LJ01B-12-VEL3DB104,6,True,2025-06-17T00:00:00Z,2025-06-17T23:59:59Z,86401,86401,0,1.0,0.999870777,0.999992942,0.004630997,0,0,0,0,1e-06,8.312947,88.704683,8.842424e-10,0.008313006,0.08870531,False,0.091755,False
2025-06-18,RS01SUM1-LJ01B-12-VEL3DB104,6,True,2025-06-18T00:00:00Z,2025-06-18T23:59:59Z,86400,86400,0,1.0,0.999930859,0.999993011,-0.003304429,0,0,0,0,-0.0,3.503436,15.362561,-4.775343e-10,0.003503461,0.01536267,False,0.012544,False
2025-06-19,RS01SUM1-LJ01B-12-VEL3DB104,6,True,2025-06-19T00:00:00Z,2025-06-19T23:59:59Z,86401,86401,0,1.0,0.99992609,0.999992988,-0.003385558,0,0,2,2,0.0,5.553505,30.978771,2.061004e-10,0.005553543,0.03097899,False,0.026685,False
2025-06-20,RS01SUM1-LJ01B-12-VEL3DB104,6,True,2025-06-20T00:00:00Z,2025-06-20T23:59:59Z,86401,86401,0,1.0,0.999930859,0.999993035,0.001891521,0,0,0,0,1e-06,4.748661,27.606005,8.578856e-10,0.004748694,0.0276062,False,0.028436,False
2025-06-21,RS01SUM1-LJ01B-12-VEL3DB104,6,True,2025-06-21T00:00:00Z,2025-06-21T23:59:59Z,86400,86400,0,1.0,0.999890804,0.999993043,-0.005822967,0,0,0,0,-0.0,3.14489,14.926139,-4.455722e-10,0.003144912,0.01492624,False,0.012942,False
2025-06-22,RS01SUM1-LJ01B-12-VEL3DB104,6,True,2025-06-22T00:00:00Z,2025-06-22T23:59:59Z,86401,86401,0,1.0,0.999871731,0.999993108,0.002450617,0,0,0,0,1e-06,7.86687,84.6518,8.694983e-10,0.007866925,0.08465238,False,0.089654,False
2025-06-23,RS01SUM1-LJ01B-12-VEL3DB104,6,True,2025-06-23T00:00:00Z,2025-06-23T23:59:59Z,86401,86401,0,1.0,0.999893188,0.999993009,0.003926305,0,0,3,3,-1e-06,4.293472,31.118278,-7.860086e-10,0.004293502,0.0311185,False,0.028922,False
2025-06-24,RS01SUM1-LJ01B-12-VEL3DB104,6,True,2025-06-24T00:00:00Z,2025-06-24T23:59:59Z,86400,86400,0,1.0,0.999887943,0.999993047,-0.000415466,0,0,0,0,-0.0,4.631057,30.04709,-4.988807e-10,0.004631089,0.0300473,False,0.028498,False
2025-06-25,RS01SUM1-LJ01B-12-VEL3DB104,6,True,2025-06-25T00:00:00Z,2025-06-25T23:59:59Z,86401,86401,0,1.0,0.999896049,0.999993145,-0.003101843,0,0,2,2,-0.0,4.893351,24.760679,-4.457402e-11,0.004893384,0.02476085,False,0.030918,False
2025-06-26,RS01SUM1-LJ01B-12-VEL3DB104,6,True,2025-06-26T00:00:00Z,2025-06-26T23:59:59Z,86400,86400,0,1.0,0.999929905,0.999993052,-0.00114989,0,0,0,0,-1e-06,3.935202,30.573456,-5.203731e-10,0.00393523,0.03057367,False,0.029497,False
2025-06-27,RS01SUM1-LJ01B-12-VEL3DB104,6,True,2025-06-27T00:00:00Z,2025-06-27T23:59:59Z,86401,86401,0,1.0,0.999955177,0.999993026,-0.003008667,0,0,2,2,0.0,3.355191,11.006273,1.255379e-10,0.003355214,0.01100635,False,0.01185,False
2025-06-28,RS01SUM1-LJ01B-12-VEL3DB104,6,True,2025-06-28T00:00:00Z,2025-06-28T23:59:59Z,86400,86400,0,1.0,0.999946117,0.999993046,-0.004480718,0,0,0,0,-0.0,4.316782,27.308697,-4.844132e-10,0.004316812,0.02730889,False,0.029541,False
2025-06-29,RS01SUM1-LJ01B-12-VEL3DB104,6,True,2025-06-29T00:00:00Z,2025-06-29T23:59:59Z,86401,86401,0,1.0,0.999940872,0.999993056,-0.001006536,0,0,0,0,1e-06,5.253893,26.899764,8.723943e-10,0.005253929,0.02689995,False,0.030415,False
2025-06-30,RS01SUM1-LJ01B-12-VEL3DB104,6,True,2025-06-30T00:00:00Z,2025-06-30T23:59:59Z,86401,86401,0,1.0,0.999920845,0.999993091,-0.006339009,0,0,1,1,0.0,7.63203,25.944426,1.110117e-10,0.007632083,0.0259446,False,0.026,False
2025-07-01,RS01SUM1-LJ01B-12-VEL3DB104,6,True,2025-07-01T00:00:00Z,2025-07-01T23:59:59Z,86400,86400,0,1.0,0.999938011,0.999993045,0.008361602,0,0,0,0,-0.0,6.291503,28.304411,-4.311619e-10,0.006291547,0.02830461,False,0.02962,False
2025-07-02,RS01SUM1-LJ01B-12-VEL3DB104,6,True,2025-07-02T00:00:00Z,2025-07-02T23:59:59Z,86401,86401,0,1.0,0.999962807,0.999993046,-0.002054213,0,0,0,0,1e-06,4.27784,28.360654,9.086061e-10,0.00427787,0.02836085,False,0.029658,False
2025-07-03,RS01SUM1-LJ01B-12-VEL3DB104,6,True,2025-07-03T00:00:00Z,2025-07-03T23:59:59Z,86400,86400,0,1.0,0.999907017,0.999992971,-0.003328568,0,0,0,0,-0.0,4.762892,28.711069,-4.810985e-10,0.004762925,0.02871127,False,0.029625,False
2025-07-04,RS01SUM1-LJ01B-12-VEL3DB104,6,True,2025-07-04T00:00:00Z,2025-07-04T23:59:59Z,86401,86401,0,1.0,0.999964237,0.999992945,-0.003566131,0,0,1,1,-0.0,4.072327,27.645169,-4.695816e-10,0.004072356,0.02764536,False,0.028662,False
2025-07-05,RS01SUM1-LJ01B-12-VEL3DB104,6,True,2025-07-05T00:00:00Z,2025-07-05T23:59:59Z,86401,86401,0,1.0,0.999912739,0.999992915,-0.003101966,0,0,2,2,0.0,6.071883,28.876405,3.956429e-10,0.006071926,0.02887661,False,0.030012,False
2025-07-06,RS01SUM1-LJ01B-12-VEL3DB104,6,True,2025-07-06T00:00:00Z,2025-07-06T23:59:59Z,86400,86400,0,1.0,0.999919891,0.999992763,0.003537396,0,0,0,0,-0.0,5.738678,30.563216,-4.860507e-10,0.005738719,0.03056344,False,0.030763,False
2025-07-07,RS01SUM1-LJ01B-12-VEL3DB104,6,True,2025-07-07T00:00:00Z,2025-07-07T23:59:59Z,86401,86401,0,1.0,0.999929905,0.999992732,-0.00143344,0,0,4,4,-0.0,5.841311,18.001773,-4.922802e-10,0.005841354,0.0180019,False,0.014743,False
2025-07-08,RS01SUM1-LJ01B-12-VEL3DB104,6,True,2025-07-08T00:00:00Z,2025-07-08T23:59:59Z,86401,86401,0,1.0,0.999945164,0.999992828,-0.00044598,0,0,1,1,0.0,4.938208,26.812427,4.007993e-10,0.004938244,0.02681262,False,0.029269,False
2025-07-09,RS01SUM1-LJ01B-12-VEL3DB104,6,True,2025-07-09T00:00:00Z,2025-07-09T23:59:59Z,86400,86400,0,1.0,0.999965668,0.999992978,0.006053112,0,0,0,0,-0.0,4.592082,28.457888,-4.806849e-10,0.004592114,0.02845809,False,0.029178,False
2025-07-10,RS01SUM1-LJ01B-12-VEL3DB104,6,True,2025-07-10T00:00:00Z,2025-07-10T23:59:59Z,86401,86401,0,1.0,0.999927044,0.999992942,0.006950361,0,0,0,0,1e-06,3.215516,28.170856,8.808168e-10,0.003215539,0.02817106,False,0.027978,False
2025-07-11,RS01SUM1-LJ01B-12-VEL3DB104,6,True,2025-07-11T00:00:00Z,2025-07-11T23:59:59Z,86400,86400,0,1.0,0.999930859,0.999992914,0.002041263,0,0,0,0,-0.0,4.191165,28.152777,-4.295211e-10,0.004191195,0.02815298,False,0.02929,False
2025-07-12,RS01SUM1-LJ01B-12-VEL3DB104,6,True,2025-07-12T00:00:00Z,2025-07-12T23:59:59Z,86401,86401,0,1.0,0.999941349,0.999992895,-0.000710415,0,0,1,1,1e-06,5.623082,29.24415,6.268163e-10,0.005623122,0.02924436,False,0.028939,False
2025-07-13,RS01SUM1-LJ01B-12-VEL3DB104,6,True,2025-07-13T00:00:00Z,2025-07-13T23:59:59Z,86401,86401,0,1.0,0.999917984,0.999993023,0.006232662,0,0,1,1,-0.0,4.310446,28.465995,-4.817783e-10,0.004310476,0.02846619,False,0.028965,False
2025-07-14,RS01SUM1-LJ01B-12-VEL3DB104,6,True,2025-07-14T00:00:00Z,2025-07-14T23:59:59Z,86400,86400,0,1.0,0.999943256,0.99999304,0.003338757,0,0,0,0,-0.0,2.679794,11.424868,-4.873897e-10,0.002679812,0.01142495,False,0.011738,False
2025-07-15,RS01SUM1-LJ01B-12-VEL3DB104,6,True,2025-07-15T00:00:00Z,2025-07-15T23:59:59Z,86401,86401,0,1.0,0.999938011,0.999993014,0.000760266,0,0,1,1,1e-06,3.617848,28.540639,9.720528e-10,0.003617873,0.02854084,False,0.028611,False
2025-07-16,RS01SUM1-LJ01B-12-VEL3DB104,6,True,2025-07-16T00:00:00Z,2025-07-16T23:59:59Z,86400,86400,0,1.0,0.999917984,0.999993038,-0.00086339,0,0,0,0,-0.0,2.968934,9.893936,-4.855206e-10,0.002968955,0.009894005,False,0.01159,False
2025-07-17,RS01SUM1-LJ01B-12-VEL3DB104,6,True,2025-07-17T00:00:00Z,2025-07-17T23:59:59Z,86401,86401,0,1.0,0.999952793,0.999993027,-0.002580184,0,0,0,0,1e-06,3.712989,34.992325,8.817377e-10,0.003713015,0.03499257,False,0.032721,False
2025-07-18,RS01SUM1-LJ01B-12-VEL3DB104,6,True,2025-07-18T00:00:00Z,2025-07-18T23:59:59Z,86401,86401,0,1.0,0.999959946,0.999992992,-2.2685e-05,0,0,2,2,0.0,3.44553,16.060607,2.060609e-10,0.003445555,0.01606072,False,0.013368,False
2025-07-19,RS01SUM1-LJ01B-12-VEL3DB104,6,True,2025-07-19T00:00:00Z,2025-07-19T23:59:59Z,86400,86400,0,1.0,0.999958038,0.999993044,-0.000787305,0,0,0,0,-1e-06,2.83997,10.125022,-5.142766e-10,0.002839989,0.01012509,False,0.007956,False
2025-07-20,RS01SUM1-LJ01B-12-VEL3DB104,6,True,2025-07-20T00:00:00Z,2025-07-20T23:59:59Z,86401,86401,0,1.0,0.999947071,0.999992914,0.004368493,0,0,0,0,1e-06,4.452926,31.082102,8.64836e-10,0.004452957,0.03108232,False,0.029854,False
2025-07-21,RS01SUM1-LJ01B-12-VEL3DB104,6,True,2025-07-21T00:00:00Z,2025-07-21T23:59:59Z,86400,86400,0,1.0,0.999942303,0.999992939,0.000673136,0,0,0,0,-0.0,4.672573,28.78775,-4.415046e-10,0.004672606,0.02878795,False,0.028885,False
2025-07-22,RS01SUM1-LJ01B-12-VEL3DB104,6,True,2025-07-22T00:00:00Z,2025-07-22T23:59:59Z,86401,86401,0,1.0,0.999979973,0.999993042,-0.005152868,0,0,0,0,1e-06,6.397367,28.49678,8.350097e-10,0.006397411,0.02849698,False,0.029453,False
2025-07-23,RS01SUM1-LJ01B-12-VEL3DB104,6,True,2025-07-23T00:00:00Z,2025-07-23T23:59:59Z,86401,86401,0,1.0,0.999958992,0.999993061,0.001338108,0,0,0,0,1e-06,5.593261,32.586257,9.249895e-10,0.0055933,0.03258648,False,0.02822,False
2025-07-24,RS01SUM1-LJ01B-12-VEL3DB104,6,True,2025-07-24T00:00:00Z,2025-07-24T23:59:59Z,86400,86400,0,1.0,0.999958038,0.999992983,0.007036711,0,0,0,0,-0.0,4.18496,22.310214,-4.617651e-10,0.004184989,0.02231037,False,0.014485,False
2025-07-25,RS01SUM1-LJ01B-12-VEL3DB104,6,True,2025-07-25T00:00:00Z,2025-07-25T23:59:59Z,86401,86401,0,1.0,0.999929905,0.999993055,0.002283758,0,0,0,0,1e-06,5.339188,26.911282,8.603725e-10,0.005339225,0.02691147,False,0.029705,False
2025-07-26,RS01SUM1-LJ01B-12-VEL3DB104,6,True,2025-07-26T00:00:00Z,2025-07-26T23:59:59Z,86400,86400,0,1.0,0.99994278,0.999993067,-0.005348832,0,0,0,0,-1e-06,2.652428,9.901841,-5.045158e-10,0.002652447,0.00990191,False,0.00799,False
2025-07-27,RS01SUM1-LJ01B-12-VEL3DB104,6,True,2025-07-27T00:00:00Z,2025-07-27T23:59:59Z,86401,86401,0,1.0,0.999956131,0.999993091,-0.00073873,0,0,0,0,1e-06,3.799297,28.37891,8.537576e-10,0.003799323,0.02837911,False,0.029203,False
2025-07-28,RS01SUM1-LJ01B-12-VEL3DB104,6,True,2025-07-28T00:00:00Z,2025-07-28T23:59:59Z,86401,86401,0,1.0,0.999927044,0.999993081,0.00205513,0,0,1,1,-1e-06,4.948497,29.596507,-5.138373e-10,0.004948532,0.02959671,False,0.028885,False
2025-07-29,RS01SUM1-LJ01B-12-VEL3DB104,6,True,2025-07-29T00:00:00Z,2025-07-29T23:59:59Z,86400,86400,0,1.0,0.999927044,0.999993079,0.005490552,0,0,0,0,-0.0,3.127081,12.318392,-4.567889e-10,0.003127102,0.01231848,False,0.012154,False
2025-07-30,RS01SUM1-LJ01B-12-VEL3DB104,6,True,2025-07-30T00:00:00Z,2025-07-30T23:59:59Z,86401,86401,0,1.0,0.999934673,0.999993061,-0.001152136,0,0,1,1,-0.0,4.14239,28.025519,-1.762394e-10,0.004142419,0.02802571,False,0.030181,False
2025-07-31,RS01SUM1-LJ01B-12-VEL3DB104,6,True,2025-07-31T00:00:00Z,2025-07-31T23:59:59Z,86400,86400,0,1.0,0.999923229,0.999993079,-0.00744917,0,0,0,0,-0.0,10.861074,84.465687,-4.847809e-10,0.01086115,0.08446627,False,0.088219,False
2025-08-01,RS01SUM1-LJ01B-12-VEL3DB104,6,True,2025-08-01T00:00:00Z,2025-08-01T23:59:59Z,86401,86401,0,1.0,0.999915123,0.999993075,-0.004633117,0,0,2,2,-0.0,3.17097,14.324501,-6.546219e-11,0.003170992,0.0143246,False,0.014968,False
2025-08-02,RS01SUM1-LJ01B-12-VEL3DB104,6,True,2025-08-02T00:00:00Z,2025-08-02T23:59:59Z,86401,86401,0,1.0,0.999901295,0.999992983,0.000599797,0,0,0,0,1e-06,4.284949,34.992692,8.763238e-10,0.004284979,0.03499294,False,0.028971,False
2025-08-03,RS01SUM1-LJ01B-12-VEL3DB104,6,True,2025-08-03T00:00:00Z,2025-08-03T23:59:59Z,86400,86400,0,1.0,0.999909878,0.999992983,0.00048286,0,0,0,0,-0.0,5.029392,29.888253,-4.914145e-10,0.005029428,0.02988846,False,0.028705,False
2025-08-04,RS01SUM1-LJ01B-12-VEL3DB104,6,True,2025-08-04T00:00:00Z,2025-08-04T23:59:59Z,86401,86401,0,1.0,0.999908924,0.999992968,-0.002876838,0,0,3,3,-0.0,3.319961,28.481069,-2.374793e-10,0.003319984,0.02848127,False,0.029415,False
2025-08-05,RS01SUM1-LJ01B-12-VEL3DB104,6,True,2025-08-05T00:00:00Z,2025-08-05T23:59:59Z,86400,86400,0,1.0,0.999924183,0.999992979,-0.000878504,0,0,0,0,-0.0,3.159734,11.691776,-4.837253e-10,0.003159757,0.01169186,False,0.011632,False
2025-08-06,RS01SUM1-LJ01B-12-VEL3DB104,6,True,2025-08-06T00:00:00Z,2025-08-06T23:59:59Z,86401,86401,0,1.0,0.999942303,0.999993076,-0.001414041,0,0,0,0,1e-06,3.93719,24.296749,8.570468e-10,0.003937217,0.02429692,False,0.025896,False
2025-08-07,RS01SUM1-LJ01B-12-VEL3DB104,6,True,2025-08-07T00:00:00Z,2025-08-07T23:59:59Z,86401,86401,0,1.0,0.999928951,0.999993013,0.00729864,0,0,1,1,0.0,6.306676,44.319954,9.944324e-11,0.00630672,0.04432026,False,0.044543,False
2025-08-08,RS01SUM1-LJ01B-12-VEL3DB104,6,True,2025-08-08T00:00:00Z,2025-08-08T23:59:59Z,86400,86400,0,1.0,0.999937057,0.999993032,0.001929663,0,0,0,0,-0.0,4.455437,31.324085,-4.308164e-10,0.004455468,0.0313243,False,0.029732,False
2025-08-09,RS01SUM1-LJ01B-12-VEL3DB104,6,True,2025-08-09T00:00:00Z,2025-08-09T23:59:59Z,86401,86401,0,1.0,0.999927044,0.999993014,0.008793599,0,0,2,2,1e-06,3.775,29.5379,6.142963e-10,0.003775026,0.02953811,False,0.029153,False
2025-08-10,RS01SUM1-LJ01B-12-VEL3DB104,6,True,2025-08-10T00:00:00Z,2025-08-10T23:59:59Z,86400,86400,0,1.0,0.999925137,0.999993073,-0.000328809,0,0,0,0,-0.0,4.109426,27.623131,-4.715217e-10,0.004109454,0.02762332,False,0.029756,False
2025-08-11,RS01SUM1-LJ01B-12-VEL3DB104,6,True,2025-08-11T00:00:00Z,2025-08-11T23:59:59Z,86401,86401,0,1.0,0.999930859,0.999993006,0.002393179,0,0,2,2,-0.0,5.677051,29.919854,-3.838493e-10,0.00567709,0.02992006,False,0.031842,False
2025-08-12,RS01SUM1-LJ01B-12-VEL3DB104,6,True,2025-08-12T00:00:00Z,2025-08-12T23:59:59Z,86401,86401,0,1.0,0.999949932,0.999993042,-0.000738858,0,0,1,1,0.0,6.014404,51.315368,3.659802e-10,0.006014446,0.05131573,False,0.052465,False
2025-08-13,RS01SUM1-LJ01B-12-VEL3DB104,6,True,2025-08-13T00:00:00Z,2025-08-13T23:59:59Z,86400,86400,0,1.0,0.999917984,0.99999303,0.003851628,0,0,0,0,-1e-06,4.742914,30.262157,-5.077581e-10,0.004742947,0.03026237,False,0.029099,False
2025-08-14,RS01SUM1-LJ01B-12-VEL3DB104,6,True,2025-08-14T00:00:00Z,2025-08-14T23:59:59Z,86401,86401,0,1.0,0.999907017,0.999992968,0.00025026,0,0,0,0,1e-06,3.066367,11.07638,9.053136e-10,0.003066389,0.01107646,False,0.012402,False
2025-08-15,RS01SUM1-LJ01B-12-VEL3DB104,6,True,2025-08-15T00:00:00Z,2025-08-15T23:59:59Z,86400,86400,0,1.0,0.999902725,0.999992951,-0.002596592,0,0,0,0,-1e-06,5.126561,47.540424,-5.119481e-10,0.005126598,0.04754076,False,0.046559,False
2025-08-16,RS01SUM1-LJ01B-12-VEL3DB104,6,True,2025-08-16T00:00:00Z,2025-08-16T23:59:59Z,86401,86401,0,1.0,0.999896049,0.999992946,-0.002858429,0,0,0,0,1e-06,3.63835,14.370286,9.123192e-10,0.003638376,0.01437039,False,0.011512,False
2025-08-17,RS01SUM1-LJ01B-12-VEL3DB104,6,True,2025-08-17T00:00:00Z,2025-08-17T23:59:59Z,86401,86401,0,1.0,0.999895096,0.999993019,-0.00025862,0,0,0,0,1e-06,3.992528,29.510798,8.800516e-10,0.003992556,0.029511,False,0.02905,False
2025-08-18,RS01SUM1-LJ01B-12-VEL3DB104,6,True,2025-08-18T00:00:00Z,2025-08-18T23:59:59Z,86400,86400,0,1.0,0.999921799,0.999993051,-7.4453e-05,0,0,0,0,-0.0,5.01805,39.911651,-4.994243e-10,0.005018085,0.03991193,False,0.039619,False
2025-08-19,RS01SUM1-LJ01B-12-VEL3DB104,6,True,2025-08-19T00:00:00Z,2025-08-19T23:59:59Z,86401,86401,0,1.0,0.999913692,0.999993048,0.010155024,0,0,0,0,1e-06,3.581617,28.087827,9.060444e-10,0.003581642,0.02808802,False,0.029114,False
2025-08-20,RS01SUM1-LJ01B-12-VEL3DB104,6,True,2025-08-20T00:00:00Z,2025-08-20T23:59:59Z,86400,86400,0,1.0,0.999910831,0.999993034,-0.000776799,0,0,0,0,-1e-06,7.305518,85.219599,-5.368029e-10,0.007305569,0.08522019,False,0.08933,False
2025-08-21,RS01SUM1-LJ01B-12-VEL3DB104,6,True,2025-08-21T00:00:00Z,2025-08-21T23:59:59Z,86401,86401,0,1.0,0.999934673,0.999993027,-0.004401831,0,0,1,1,-1e-06,4.250279,27.773659,-6.003465e-10,0.004250308,0.02777385,False,0.029693,False
2025-08-22,RS01SUM1-LJ01B-12-VEL3DB104,6,True,2025-08-22T00:00:00Z,2025-08-22T23:59:59Z,86401,86401,0,1.0,0.999927998,0.999992998,-0.001467864,0,0,2,2,-1e-06,5.775462,42.854274,-5.008244e-10,0.005775503,0.04285457,False,0.04601,False
2025-08-23,RS01SUM1-LJ01B-12-VEL3DB104,6,True,2025-08-23T00:00:00Z,2025-08-23T23:59:59Z,86400,86400,0,1.0,0.99996233,0.999993099,-0.003022162,0,0,0,0,-0.0,4.186729,35.32308,-4.878391e-10,0.004186757,0.03532332,False,0.027552,False
2025-08-24,RS01SUM1-LJ01B-12-VEL3DB104,6,True,2025-08-24T00:00:00Z,2025-08-24T23:59:59Z,86401,86401,0,1.0,0.999922752,0.999993015,-0.001585193,0,0,2,2,-0.0,3.290094,28.379253,-3.045236e-11,0.003290117,0.02837945,False,0.028621,False
2025-08-25,RS01SUM1-LJ01B-12-VEL3DB104,6,True,2025-08-25T00:00:00Z,2025-08-25T23:59:59Z,86400,86400,0,1.0,0.999938011,0.999993068,-0.001556035,0,0,0,0,-1e-06,5.859603,28.218906,-5.117284e-10,0.005859643,0.0282191,False,0.031363,False
2025-08-26,RS01SUM1-LJ01B-12-VEL3DB104,6,True,2025-08-26T00:00:00Z,2025-08-26T23:59:59Z,86401,86401,0,1.0,0.999958992,0.999993014,0.000999526,0,0,0,0,1e-06,2.991851,13.024054,8.858853e-10,0.002991872,0.01302415,False,0.01239,False
2025-08-27,RS01SUM1-LJ01B-12-VEL3DB104,6,True,2025-08-27T00:00:00Z,2025-08-27T23:59:59Z,86401,86401,0,1.0,0.999934673,0.999993088,0.009811398,0,0,0,0,1e-06,4.295947,12.302272,8.450918e-10,0.004295977,0.01230236,False,0.012792,False
2025-08-28,RS01SUM1-LJ01B-12-VEL3DB104,6,True,2025-08-28T00:00:00Z,2025-08-28T23:59:59Z,86400,86400,0,1.0,0.999938965,0.999993084,-0.003794656,0,0,0,0,-0.0,4.897782,31.161158,-4.417868e-10,0.004897816,0.03116137,False,0.029765,False
2025-08-29,RS01SUM1-LJ01B-12-VEL3DB104,6,True,2025-08-29T00:00:00Z,2025-08-29T23:59:59Z,86401,86401,0,1.0,0.999916077,0.999993158,-0.003954903,0,0,1,1,1e-06,5.401481,36.736818,1.13397e-09,0.005401518,0.03673707,False,0.03491,False
2025-08-30,RS01SUM1-LJ01B-12-VEL3DB104,6,True,2025-08-30T00:00:00Z,2025-08-30T23:59:59Z,86400,86400,0,1.0,0.999882221,0.99999309,0.007131004,0,0,0,0,-0.0,4.864164,29.048293,-4.767527e-10,0.004864197,0.02904849,False,0.028083,False
2025-08-31,RS01SUM1-LJ01B-12-VEL3DB104,6,True,2025-08-31T00:00:00Z,2025-08-31T23:59:59Z,86401,86401,0,1.0,0.999908924,0.999993085,0.001737708,0,0,0,0,1e-06,5.358395,44.095324,8.962914e-10,0.005358432,0.04409563,False,0.045276,False
2025-09-01,RS01SUM1-LJ01B-12-VEL3DB104,6,True,2025-09-01T00:00:00Z,2025-09-01T23:59:59Z,86401,86401,0,1.0,0.99990797,0.999993103,0.00124348,0,0,1,1,-0.0,4.296917,29.292904,-2.691665e-10,0.004296946,0.02929311,False,0.026217,False
2025-09-02,RS01SUM1-LJ01B-12-VEL3DB104,6,True,2025-09-02T00:00:00Z,2025-09-02T23:59:59Z,86400,86400,0,1.0,0.999907017,0.999993104,0.005317191,0,0,0,0,-0.0,8.616481,83.889185,-4.919377e-10,0.008616541,0.08388976,False,0.089217,False
2025-09-03,RS01SUM1-LJ01B-12-VEL3DB104,6,True,2025-09-03T00:00:00Z,2025-09-03T23:59:59Z,86401,86401,0,1.0,0.999866009,0.999993106,-0.000101469,0,0,2,2,1e-06,3.456426,27.595286,5.308653e-10,0.00345645,0.02759548,False,0.027913,False
2025-09-04,RS01SUM1-LJ01B-12-VEL3DB104,6,True,2025-09-04T00:00:00Z,2025-09-04T23:59:59Z,86400,86400,0,1.0,0.999914169,0.999993152,0.00521909,0,0,0,0,-0.0,3.400522,12.169624,-4.78187e-10,0.003400545,0.01216971,False,0.011828,False
2025-09-05,RS01SUM1-LJ01B-12-VEL3DB104,6,True,2025-09-05T00:00:00Z,2025-09-05T23:59:59Z,86401,86401,0,1.0,0.999855042,0.999993099,-0.002518046,0,0,2,2,0.0,7.695037,56.751722,4.497855e-10,0.00769509,0.05675211,False,0.052811,False
2025-09-06,RS01SUM1-LJ01B-12-VEL3DB104,6,True,2025-09-06T00:00:00Z,2025-09-06T23:59:59Z,86401,86401,0,1.0,0.999928951,0.999993032,-0.00126706,0,0,0,0,1e-06,5.594299,32.44365,9.037318e-10,0.005594338,0.03244388,False,0.028953,False
2025-09-07,RS01SUM1-LJ01B-12-VEL3DB104,6,True,2025-09-07T00:00:00Z,2025-09-07T23:59:59Z,86400,86400,0,1.0,0.999906063,0.99999307,-0.000472185,0,0,0,0,-0.0,6.061226,40.140192,-4.991563e-10,0.006061268,0.04014047,False,0.030187,False
2025-09-08,RS01SUM1-LJ01B-12-VEL3DB104,6,True,2025-09-08T00:00:00Z,2025-09-08T23:59:59Z,86401,86401,0,1.0,0.999893665,0.999993154,0.001815879,0,0,1,1,-0.0,5.276645,20.494408,-1.074231e-10,0.005276681,0.02049455,False,0.01435,False
2025-09-09,RS01SUM1-LJ01B-12-VEL3DB104,6,True,2025-09-09T00:00:00Z,2025-09-09T23:59:59Z,86400,86400,0,1.0,0.999953747,0.999993153,0.000451562,0,0,0,0,-0.0,5.222263,34.517473,-4.345103e-10,0.005222299,0.03451771,False,0.029225,False
2025-09-10,RS01SUM1-LJ01B-12-VEL3DB104,6,True,2025-09-10T00:00:00Z,2025-09-10T23:59:59Z,86401,86401,0,1.0,0.999916077,0.999993128,-0.001961842,0,0,2,2,-1e-06,5.954283,21.63602,-7.061013e-10,0.005954324,0.02163617,False,0.016946,False
2025-09-11,RS01SUM1-LJ01B-12-VEL3DB104,6,True,2025-09-11T00:00:00Z,2025-09-11T23:59:59Z,86401,86401,0,1.0,0.999931812,0.999993142,-0.003618121,0,0,0,0,1e-06,6.396166,35.074547,8.728001e-10,0.00639621,0.03507479,False,0.030995,False
2025-09-12,RS01SUM1-LJ01B-12-VEL3DB104,6,True,2025-09-12T00:00:00Z,2025-09-12T23:59:59Z,86400,86400,0,1.0,0.999922752,0.999993165,0.004943431,0,0,0,0,-1e-06,3.75821,27.245077,-5.265666e-10,0.003758235,0.02724526,False,0.029904,False
2025-09-13,RS01SUM1-LJ01B-12-VEL3DB104,6,True,2025-09-13T00:00:00Z,2025-09-13T23:59:59Z,86401,86401,0,1.0,0.999905109,0.999993224,-0.001104154,0,0,0,0,1e-06,2.918226,18.032089,8.619223e-10,0.002918246,0.01803221,False,0.013304,False
2025-09-14,RS01SUM1-LJ01B-12-VEL3DB104,6,True,2025-09-14T00:00:00Z,2025-09-14T23:59:59Z,86400,86400,0,1.0,0.99994421,0.999993203,-0.00294818,0,0,0,0,-1e-06,3.844654,21.502693,-5.188898e-10,0.00384468,0.02150284,False,0.014455,False
2025-09-15,RS01SUM1-LJ01B-12-VEL3DB104,6,True,2025-09-15T00:00:00Z,2025-09-15T23:59:59Z,86401,86401,0,1.0,0.999932766,0.99999315,0.000445362,0,0,0,0,1e-06,6.14041,38.08984,9.036884e-10,0.006140452,0.0380901,False,0.029655,False
2025-09-16,RS01SUM1-LJ01B-12-VEL3DB104,6,True,2025-09-16T00:00:00Z,2025-09-16T23:59:59Z,86400,86400,0,1.0,0.999920368,0.999993256,0.003776237,0,0,0,0,-0.0,3.891651,28.519036,-4.938617e-10,0.003891677,0.02851923,False,0.028314,False
2025-09-17,RS01SUM1-LJ01B-12-VEL3DB104,6,True,2025-09-17T00:00:00Z,2025-09-17T23:59:59Z,86401,86401,0,1.0,0.999925137,0.999993168,-0.001828344,0,0,2,2,0.0,2.682515,17.239032,1.395881e-10,0.002682533,0.01723915,False,0.012896,False
2025-09-18,RS01SUM1-LJ01B-12-VEL3DB104,6,True,2025-09-18T00:00:00Z,2025-09-18T23:59:59Z,86401,86401,0,1.0,0.999921799,0.999993188,-0.000891216,0,0,1,1,-0.0,3.193364,29.393178,-7.359341e-11,0.003193386,0.02939338,False,0.027262,False
2025-09-19,RS01SUM1-LJ01B-12-VEL3DB104,6,True,2025-09-19T00:00:00Z,2025-09-19T23:59:59Z,86400,86400,0,1.0,0.999925613,0.999993242,-0.000445935,0,0,0,0,-0.0,3.222433,17.418425,-4.794278e-10,0.003222454,0.01741854,False,0.017018,False
2025-09-20,RS01SUM1-LJ01B-12-VEL3DB104,6,True,2025-09-20T00:00:00Z,2025-09-20T23:59:59Z,86401,86401,0,1.0,0.999950886,0.99999319,-0.002222417,0,0,2,2,-0.0,3.811787,30.516782,-7.694571e-11,0.003811813,0.03051699,False,0.028714,False
2025-09-21,RS01SUM1-LJ01B-12-VEL3DB104,6,True,2025-09-21T00:00:00Z,2025-09-21T23:59:59Z,86400,86400,0,1.0,0.999950886,0.999993141,0.001762756,0,0,0,0,-0.0,7.247085,39.927739,-4.522521e-10,0.007247135,0.03992801,False,0.045783,False
2025-09-22,RS01SUM1-LJ01B-12-VEL3DB104,6,True,2025-09-22T00:00:00Z,2025-09-22T23:59:59Z,86401,86401,0,1.0,0.999939919,0.999993254,-0.000369453,0,0,3,3,-0.0,6.296356,39.506583,-5.383969e-11,0.006296399,0.03950685,False,0.044408,False
2025-09-23,RS01SUM1-LJ01B-12-VEL3DB104,6,True,2025-09-23T00:00:00Z,2025-09-23T23:59:59Z,86401,86401,0,1.0,0.999913692,0.99999319,-0.002434339,0,0,0,0,1e-06,4.38399,28.991838,8.75623e-10,0.00438402,0.02899204,False,0.028923,False
2025-09-24,RS01SUM1-LJ01B-12-VEL3DB104,6,True,2025-09-24T00:00:00Z,2025-09-24T23:59:59Z,86400,86400,0,1.0,0.999932766,0.999993164,0.002255645,0,0,0,0,-0.0,3.537287,26.17732,-4.826204e-10,0.003537312,0.0261775,False,0.023077,False
2025-09-25,RS01SUM1-LJ01B-12-VEL3DB104,6,True,2025-09-25T00:00:00Z,2025-09-25T23:59:59Z,86401,86401,0,1.0,0.999949932,0.999993168,0.001969378,0,0,4,4,0.0,5.367788,46.367348,4.234051e-10,0.005367824,0.04636766,False,0.045165,False
2025-09-26,RS01SUM1-LJ01B-12-VEL3DB104,6,True,2025-09-26T00:00:00Z,2025-09-26T23:59:59Z,86400,86400,0,1.0,0.999931812,0.999993222,0.001211723,0,0,0,0,-0.0,6.416976,47.426598,-4.973107e-10,0.006417019,0.04742692,False,0.045147,False
2025-09-27,RS01SUM1-LJ01B-12-VEL3DB104,6,True,2025-09-27T00:00:00Z,2025-09-27T23:59:59Z,86401,86401,0,1.0,0.999936104,0.999993232,0.009981472,0,0,2,2,-0.0,3.422376,13.568092,-2.000934e-10,0.003422399,0.01356818,False,0.012025,False
2025-09-28,RS01SUM1-LJ01B-12-VEL3DB104,6,True,2025-09-28T00:00:00Z,2025-09-28T23:59:59Z,86401,86401,0,1.0,0.999927998,0.999993246,-0.001285456,0,0,3,3,1e-06,5.123763,36.955541,5.587564e-10,0.005123798,0.03695579,False,0.039982,False
2025-09-29,RS01SUM1-LJ01B-12-VEL3DB104,6,True,2025-09-29T00:00:00Z,2025-09-29T23:59:59Z,86400,86400,0,1.0,0.999925613,0.999993263,0.000519555,0,0,0,0,-0.0,4.736878,29.631376,-4.518905e-10,0.00473691,0.02963158,False,0.029514,False
2025-09-30,RS01SUM1-LJ01B-12-VEL3DB104,6,True,2025-09-30T00:00:00Z,2025-09-30T23:59:59Z,86401,86401,0,1.0,0.999910831,0.999993139,-0.001145017,0,0,4,4,1e-06,5.52038,33.117449,5.177884e-10,0.005520417,0.03311768,False,0.029337,False
2025-10-01,RS01SUM1-LJ01B-12-VEL3DB104,6,True,2025-10-01T00:00:00Z,2025-10-01T23:59:59Z,86400,86400,0,1.0,0.999924183,0.999993226,0.002941634,0,0,0,0,-0.0,6.160132,22.657531,-4.588767e-10,0.006160174,0.02265768,False,0.028827,False
2025-10-02,RS01SUM1-LJ01B-12-VEL3DB104,6,True,2025-10-02T00:00:00Z,2025-10-02T23:59:59Z,86401,86401,0,1.0,0.999932766,0.999993179,-0.001536014,0,0,1,1,-0.0,4.526975,31.239923,-1.006646e-10,0.004527006,0.03124014,False,0.029449,False
2025-10-03,RS01SUM1-LJ01B-12-VEL3DB104,6,True,2025-10-03T00:00:00Z,2025-10-03T23:59:59Z,86400,86400,0,1.0,0.999977589,0.999993179,0.006131358,0,0,0,0,-0.0,4.043588,28.845231,-4.87781e-10,0.004043616,0.02884543,False,0.028789,False
2025-10-04,RS01SUM1-LJ01B-12-VEL3DB104,6,True,2025-10-04T00:00:00Z,2025-10-04T23:59:59Z,86401,86401,0,1.0,0.999921799,0.999993184,0.007171027,0,0,3,3,0.0,3.293789,11.166193,1.004359e-10,0.003293811,0.01116627,False,0.011741,False
2025-10-05,RS01SUM1-LJ01B-12-VEL3DB104,6,True,2025-10-05T00:00:00Z,2025-10-05T23:59:59Z,86401,86401,0,1.0,0.999960899,0.999993172,0.001873648,0,0,1,1,-1e-06,3.497097,9.979536,-5.846632e-10,0.003497121,0.009979604,False,0.012159,False
2025-10-06,RS01SUM1-LJ01B-12-VEL3DB104,6,True,2025-10-06T00:00:00Z,2025-10-06T23:59:59Z,86400,86400,0,1.0,0.999919415,0.99999316,0.002076387,0,0,0,0,-0.0,3.668476,30.012252,-4.437831e-10,0.003668501,0.03001246,False,0.03008,False
2025-10-07,RS01SUM1-LJ01B-12-VEL3DB104,6,True,2025-10-07T00:00:00Z,2025-10-07T23:59:59Z,86401,86401,0,1.0,0.999943733,0.999993146,0.00335902,0,0,1,1,-0.0,7.32017,45.492644,-5.027182e-11,0.00732022,0.04549296,False,0.044654,False
2025-10-08,RS01SUM1-LJ01B-12-VEL3DB104,6,True,2025-10-08T00:00:00Z,2025-10-08T23:59:59Z,86400,86400,0,1.0,0.99990797,0.999993163,0.000530405,0,0,0,0,-0.0,5.797392,31.097147,-4.759516e-10,0.005797431,0.03109736,False,0.026204,False
2025-10-09,RS01SUM1-LJ01B-12-VEL3DB104,6,True,2025-10-09T00:00:00Z,2025-10-09T23:59:59Z,86401,86401,0,1.0,0.99991703,0.999993169,0.003560277,0,0,1,1,0.0,8.866693,89.907171,1.44553e-10,0.008866753,0.08990779,False,0.090681,False
2025-10-10,RS01SUM1-LJ01B-12-VEL3DB104,6,True,2025-10-10T00:00:00Z,2025-10-10T23:59:59Z,86401,86401,0,1.0,0.999930859,0.999993195,-0.000465201,0,0,0,0,1e-06,3.859843,12.411781,9.039816e-10,0.003859869,0.01241187,False,0.014089,False
2025-10-11,RS01SUM1-LJ01B-12-VEL3DB104,6,True,2025-10-11T00:00:00Z,2025-10-11T23:59:59Z,86400,86400,0,1.0,0.999978065,0.999993243,0.009590121,0,0,0,0,-1e-06,3.807684,29.806715,-5.032267e-10,0.00380771,0.02980692,False,0.02924,False
2025-10-12,RS01SUM1-LJ01B-12-VEL3DB104,6,True,2025-10-12T00:00:00Z,2025-10-12T23:59:59Z,86401,86401,0,1.0,0.999953747,0.999993166,0.002990159,0,0,0,0,1e-06,4.952981,35.586122,8.706349e-10,0.004953015,0.03558637,False,0.03478,False
2025-10-13,RS01SUM1-LJ01B-12-VEL3DB104,6,True,2025-10-13T00:00:00Z,2025-10-13T23:59:59Z,86400,86400,0,1.0,0.999965668,0.999993148,-0.004489682,0,0,0,0,-0.0,4.790709,35.932796,-4.86725e-10,0.004790741,0.03593304,False,0.032709,False
2025-10-14,RS01SUM1-LJ01B-12-VEL3DB104,6,True,2025-10-14T00:00:00Z,2025-10-14T23:59:59Z,86401,86401,0,1.0,0.999953747,0.99999316,0.002321306,0,0,2,2,-0.0,6.066477,24.593834,-1.107711e-10,0.006066518,0.024594,False,0.028657,False
2025-10-15,RS01SUM1-LJ01B-12-VEL3DB104,6,True,2025-10-15T00:00:00Z,2025-10-15T23:59:59Z,86400,86400,0,1.0,0.999931335,0.999993031,-0.001004557,0,0,0,0,-1e-06,5.383136,48.976379,-5.298442e-10,0.005383174,0.04897672,False,0.041171,False
2025-10-16,RS01SUM1-LJ01B-12-VEL3DB104,6,True,2025-10-16T00:00:00Z,2025-10-16T23:59:59Z,86401,86401,0,1.0,0.999938011,0.999993194,0.000216902,0,0,0,0,1e-06,4.104393,32.846346,8.789366e-10,0.004104421,0.03284657,False,0.032716,False
2025-10-17,RS01SUM1-LJ01B-12-VEL3DB104,6,True,2025-10-17T00:00:00Z,2025-10-17T23:59:59Z,86401,86401,0,1.0,0.999947071,0.999993203,-0.001973886,0,0,0,0,1e-06,5.061102,33.595685,8.938189e-10,0.005061136,0.03359591,False,0.026839,False
2025-10-18,RS01SUM1-LJ01B-12-VEL3DB104,6,True,2025-10-18T00:00:00Z,2025-10-18T23:59:59Z,86400,86400,0,1.0,0.999959946,0.999993146,0.003928349,0,0,0,0,-0.0,3.844546,12.112946,-4.095011e-10,0.003844573,0.01211303,False,0.012907,False
2025-10-19,RS01SUM1-LJ01B-12-VEL3DB104,6,True,2025-10-19T00:00:00Z,2025-10-19T23:59:59Z,86401,86401,0,1.0,0.99995327,0.999993066,0.005374582,0,0,1,1,0.0,4.050467,26.205219,5.667725e-11,0.004050495,0.0262054,False,0.028324,False
2025-10-20,RS01SUM1-LJ01B-12-VEL3DB104,6,True,2025-10-20T00:00:00Z,2025-10-20T23:59:59Z,86400,86400,0,1.0,0.99997282,0.999993114,0.001927791,0,0,0,0,-0.0,3.186996,29.019775,-4.477271e-10,0.003187018,0.02901997,False,0.028702,False
2025-10-21,RS01SUM1-LJ01B-12-VEL3DB104,6,True,2025-10-21T00:00:00Z,2025-10-21T23:59:59Z,86401,86401,0,1.0,0.999955177,0.999993083,0.002475523,0,0,2,2,1e-06,4.504003,15.031221,5.840466e-10,0.004504035,0.01503133,False,0.012537,False
2025-10-22,RS01SUM1-LJ01B-12-VEL3DB104,6,True,2025-10-22T00:00:00Z,2025-10-22T23:59:59Z,86401,86401,0,1.0,0.999975204,0.999993158,0.00216776,0,0,2,2,0.0,9.399824,89.957807,1.797422e-10,0.009399888,0.08995842,False,0.089561,False
2025-10-23,RS01SUM1-LJ01B-12-VEL3DB104,6,True,2025-10-23T00:00:00Z,2025-10-23T23:59:59Z,86400,86400,0,1.0,0.99996233,0.99999307,0.003599143,0,0,0,0,-1e-06,6.772806,48.57713,-5.084564e-10,0.006772853,0.04857747,False,0.03931,False
2025-10-24,RS01SUM1-LJ01B-12-VEL3DB104,6,True,2025-10-24T00:00:00Z,2025-10-24T23:59:59Z,86401,86401,0,1.0,0.999958992,0.999993048,0.002633343,0,0,2,2,-0.0,2.296315,12.759638,-3.106396e-10,0.002296331,0.01275973,False,0.011528,False
2025-10-25,RS01SUM1-LJ01B-12-VEL3DB104,6,True,2025-10-25T00:00:00Z,2025-10-25T23:59:59Z,86400,86400,0,1.0,0.999948025,0.999993073,0.001280417,0,0,0,0,-0.0,5.538857,31.660355,-4.860608e-10,0.005538895,0.03166057,False,0.029027,False
2025-10-26,RS01SUM1-LJ01B-12-VEL3DB104,6,True,2025-10-26T00:00:00Z,2025-10-26T23:59:59Z,86401,86401,0,1.0,0.999921799,0.99999304,0.003672447,0,0,0,0,1e-06,4.132431,29.337659,9.166763e-10,0.00413246,0.02933786,False,0.028636,False
2025-10-27,RS01SUM1-LJ01B-12-VEL3DB104,6,True,2025-10-27T00:00:00Z,2025-10-27T23:59:59Z,86401,86401,0,1.0,0.999918938,0.99999302,0.000664764,0,0,2,2,1e-06,3.500955,25.601341,6.95962e-10,0.003500979,0.02560152,False,0.029612,False
2025-10-28,RS01SUM1-LJ01B-12-VEL3DB104,6,True,2025-10-28T00:00:00Z,2025-10-28T23:59:59Z,86400,86400,0,1.0,0.999931812,0.999993149,0.002712412,0,0,0,0,-0.0,3.879551,28.019312,-4.883293e-10,0.003879578,0.0280195,False,0.029211,False
2025-10-29,RS01SUM1-LJ01B-12-VEL3DB104,6,True,2025-10-29T00:00:00Z,2025-10-29T23:59:59Z,86401,86401,0,1.0,0.999915123,0.999993137,-0.00591149,0,0,0,0,1e-06,6.507085,36.380182,9.079353e-10,0.006507129,0.03638043,False,0.032982,False
2025-10-30,RS01SUM1-LJ01B-12-VEL3DB104,6,True,2025-10-30T00:00:00Z,2025-10-30T23:59:59Z,86400,86400,0,1.0,0.999940872,0.999993068,0.004073747,0,0,0,0,-1e-06,5.413834,41.342621,-5.06397e-10,0.005413872,0.04134291,False,0.043168,False
2025-10-31,RS01SUM1-LJ01B-12-VEL3DB104,6,True,2025-10-31T00:00:00Z,2025-10-31T23:59:59Z,85789,86401,612,1.0,0.99993372,0.99999308,0.003599651,1,612,1,612,-0.0,4.660263,16.959748,-8.872292e-12,0.004660296,0.01695987,False,0.036022,True
2025-11-01,RS01SUM1-LJ01B-12-VEL3DB104,6,True,2025-11-01T00:00:00Z,2025-11-01T23:59:59Z,86401,86401,0,1.0,0.999922276,0.999993128,-0.000496556,0,0,2,2,1e-06,5.206786,27.544535,7.077322e-10,0.005206822,0.02754472,False,0.027742,False
2025-11-02,RS01SUM1-LJ01B-12-VEL3DB104,6,True,2025-11-02T00:00:00Z,2025-11-02T23:59:59Z,86400,86400,0,1.0,0.99995327,0.999993174,0.010814266,0,0,0,0,-0.0,5.220407,28.553607,-4.720688e-10,0.005220442,0.0285538,False,0.026045,False
2025-11-03,RS01SUM1-LJ01B-12-VEL3DB104,6,True,2025-11-03T00:00:00Z,2025-11-03T23:59:59Z,86300,86401,101,1.0,0.999921322,0.999993128,0.004057414,5,101,5,105,-0.0,3.651238,27.356734,-4.088554e-10,0.003651264,0.02735692,False,0.028117,True
2025-11-04,RS01SUM1-LJ01B-12-VEL3DB104,6,True,2025-11-04T00:00:00Z,2025-11-04T23:59:59Z,85935,86400,465,1.0,0.999948978,0.999993181,0.001828023,3,465,3,465,0.0,5.28683,28.327202,3.239682e-10,0.005286866,0.0283274,False,0.02917,True
2025-11-05,RS01SUM1-LJ01B-12-VEL3DB104,6,True,2025-11-05T00:00:00Z,2025-11-05T23:59:59Z,86401,86401,0,1.0,0.99992466,0.999993158,0.001966141,0,0,1,1,-0.0,6.396064,30.835064,-1.575346e-10,0.006396108,0.03083527,False,0.028847,False
2025-11-06,RS01SUM1-LJ01B-12-VEL3DB104,6,True,2025-11-06T00:00:00Z,2025-11-06T23:59:59Z,86401,86401,0,1.0,1.000004292,0.999993195,-0.000485106,0,0,1,1,-1e-06,3.754529,27.977083,-7.892629e-10,0.003754554,0.02797727,False,0.0308,False
2025-11-07,RS01SUM1-LJ01B-12-VEL3DB104,6,True,2025-11-07T00:00:00Z,2025-11-07T23:59:59Z,86400,86400,0,1.0,0.999958038,0.999993222,6.5812e-05,0,0,0,0,-0.0,5.452139,26.182579,-4.913858e-10,0.005452176,0.02618276,False,0.027681,False
2025-11-08,RS01SUM1-LJ01B-12-VEL3DB104,6,True,2025-11-08T00:00:00Z,2025-11-08T23:59:59Z,86401,86401,0,1.0,1.0,0.999993269,0.004062199,0,0,5,5,-0.0,6.325893,44.790107,-1.787037e-10,0.006325936,0.04479041,False,0.04474,False
2025-11-09,RS01SUM1-LJ01B-12-VEL3DB104,6,True,2025-11-09T00:00:00Z,2025-11-09T23:59:59Z,86400,86400,0,1.0,0.999931812,0.999993207,-0.000237163,0,0,0,0,-0.0,7.903928,87.739774,-4.754173e-10,0.007903981,0.08774037,False,0.08426,False
2025-11-10,RS01SUM1-LJ01B-12-VEL3DB104,6,True,2025-11-10T00:00:00Z,2025-11-10T23:59:59Z,86401,86401,0,1.0,0.999946117,0.999993241,-8.4847e-05,0,0,0,0,1e-06,5.172464,42.332785,8.451266e-10,0.005172499,0.04233307,False,0.046049,False
2025-11-11,RS01SUM1-LJ01B-12-VEL3DB104,6,True,2025-11-11T00:00:00Z,2025-11-11T23:59:59Z,86400,86400,0,1.0,0.99994421,0.999993256,-0.000430697,0,0,0,0,-0.0,2.881621,8.151533,-4.836544e-10,0.002881641,0.008151588,False,0.008213,False
2025-11-12,RS01SUM1-LJ01B-12-VEL3DB104,6,True,2025-11-12T00:00:00Z,2025-11-12T23:59:59Z,86401,86401,0,1.0,0.999905109,0.999993266,-5.2584e-05,0,0,0,0,1e-06,3.584472,27.189533,9.043271e-10,0.003584497,0.02718972,False,0.028908,False
2025-11-13,RS01SUM1-LJ01B-12-VEL3DB104,6,True,2025-11-13T00:00:00Z,2025-11-13T23:59:59Z,86401,86401,0,1.0,0.9999156,0.999993231,-0.004452849,0,0,0,0,1e-06,4.522581,25.987358,8.84913e-10,0.004522612,0.02598753,False,0.027126,False
2025-11-14,RS01SUM1-LJ01B-12-VEL3DB104,6,True,2025-11-14T00:00:00Z,2025-11-14T23:59:59Z,86400,86400,0,1.0,0.99994278,0.999993219,-0.0029545,0,0,0,0,-0.0,4.83706,29.811354,-4.955694e-10,0.004837092,0.02981156,False,0.030413,False
2025-11-15,RS01SUM1-LJ01B-12-VEL3DB104,6,True,2025-11-15T00:00:00Z,2025-11-15T23:59:59Z,86401,86401,0,1.0,0.999948025,0.999993249,-0.003211293,0,0,0,0,1e-06,2.848429,18.267046,9.057537e-10,0.002848449,0.01826717,False,0.012291,False
2025-11-16,RS01SUM1-LJ01B-12-VEL3DB104,6,True,2025-11-16T00:00:00Z,2025-11-16T23:59:59Z,86400,86400,0,1.0,0.999969006,0.999993247,0.000917496,0,0,0,0,-0.0,3.451047,28.695276,-4.696079e-10,0.00345107,0.02869547,False,0.028655,False
2025-11-17,RS01SUM1-LJ01B-12-VEL3DB104,6,True,2025-11-17T00:00:00Z,2025-11-17T23:59:59Z,86401,86401,0,1.0,0.999929905,0.999993124,0.00124297,0,0,0,0,1e-06,4.560872,29.586606,8.677788e-10,0.004560903,0.02958681,False,0.027575,False
2025-11-18,RS01SUM1-LJ01B-12-VEL3DB104,6,True,2025-11-18T00:00:00Z,2025-11-18T23:59:59Z,86401,86401,0,1.0,0.999957085,0.999993212,-0.000993589,0,0,4,4,0.0,5.845182,30.304151,2.948198e-10,0.005845221,0.03030436,False,0.028886,False
2025-11-19,RS01SUM1-LJ01B-12-VEL3DB104,6,True,2025-11-19T00:00:00Z,2025-11-19T23:59:59Z,86400,86400,0,1.0,0.99991703,0.999993198,-0.001754683,0,0,0,0,-0.0,5.479351,31.819611,-4.873358e-10,0.005479389,0.03181983,False,0.02946,False
2025-11-20,RS01SUM1-LJ01B-12-VEL3DB104,6,True,2025-11-20T00:00:00Z,2025-11-20T23:59:59Z,86401,86401,0,1.0,0.999943733,0.999993279,0.009178952,0,0,2,2,-1e-06,4.622849,27.625681,-6.153979e-10,0.00462288,0.02762587,False,0.029432,False
2025-11-21,RS01SUM1-LJ01B-12-VEL3DB104,6,True,2025-11-21T00:00:00Z,2025-11-21T23:59:59Z,86400,86400,0,1.0,0.999937057,0.999993247,0.005643294,0,0,0,0,-0.0,3.427656,16.444367,-4.969097e-10,0.003427679,0.01644448,False,0.011775,False
2025-11-22,RS01SUM1-LJ01B-12-VEL3DB104,6,True,2025-11-22T00:00:00Z,2025-11-22T23:59:59Z,86401,86401,0,1.0,0.999956608,0.999993238,-0.003129085,0,0,0,0,1e-06,3.307059,10.461339,8.211327e-10,0.003307081,0.01046141,False,0.007874,False
2025-11-23,RS01SUM1-LJ01B-12-VEL3DB104,6,True,2025-11-23T00:00:00Z,2025-11-23T23:59:59Z,86400,86400,0,1.0,0.999907017,0.99999319,0.006806368,0,0,0,0,-0.0,3.928422,30.580789,-4.572862e-10,0.003928449,0.030581,False,0.0254,False
2025-11-24,RS01SUM1-LJ01B-12-VEL3DB104,6,True,2025-11-24T00:00:00Z,2025-11-24T23:59:59Z,86401,86401,0,1.0,0.999969959,0.999993202,-0.002760988,0,0,0,0,1e-06,7.708531,86.888358,8.704407e-10,0.007708584,0.08688895,False,0.089787,False
2025-11-25,RS01SUM1-LJ01B-12-VEL3DB104,6,True,2025-11-25T00:00:00Z,2025-11-25T23:59:59Z,86401,86401,0,1.0,0.999963284,0.99999316,0.003773758,0,0,3,3,-0.0,3.57155,27.985884,-2.160425e-10,0.003571574,0.02798608,False,0.028965,False
2025-11-26,RS01SUM1-LJ01B-12-VEL3DB104,6,True,2025-11-26T00:00:00Z,2025-11-26T23:59:59Z,86400,86400,0,1.0,0.999930382,0.999993149,-0.000162923,0,0,0,0,-1e-06,4.730277,30.66832,-5.074694e-10,0.004730309,0.03066853,False,0.028784,False
2025-11-27,RS01SUM1-LJ01B-12-VEL3DB104,6,True,2025-11-27T00:00:00Z,2025-11-27T23:59:59Z,86401,86401,0,1.0,0.999961376,0.99999316,0.008763243,0,0,2,2,-0.0,4.249008,27.066506,-2.676235e-10,0.004249037,0.02706669,False,0.029819,False
2025-11-28,RS01SUM1-LJ01B-12-VEL3DB104,6,True,2025-11-28T00:00:00Z,2025-11-28T23:59:59Z,86400,86400,0,1.0,0.999949932,0.999993181,0.001653494,0,0,0,0,-0.0,3.70142,9.832018,-4.730056e-10,0.003701445,0.009832085,False,0.008729,False
2025-11-29,RS01SUM1-LJ01B-12-VEL3DB104,6,True,2025-11-29T00:00:00Z,2025-11-29T23:59:59Z,86401,86401,0,1.0,0.999931812,0.999993267,0.000959641,0,0,5,5,0.0,4.076128,28.155226,1.755594e-10,0.004076156,0.02815542,False,0.025777,False
2025-11-30,RS01SUM1-LJ01B-12-VEL3DB104,6,True,2025-11-30T00:00:00Z,2025-11-30T23:59:59Z,86401,86401,0,1.0,0.999958038,0.999993208,-0.000888475,0,0,3,3,0.0,8.118069,89.006629,1.390401e-10,0.008118124,0.08900723,False,0.089337,False
2025-12-01,RS01SUM1-LJ01B-12-VEL3DB104,6,True,2025-12-01T00:00:00Z,2025-12-01T23:59:59Z,86400,86400,0,1.0,0.999940872,0.999993209,0.002368115,0,0,0,0,-0.0,6.050176,46.114945,-4.97832e-10,0.006050217,0.04611526,False,0.042332,False
2025-12-02,RS01SUM1-LJ01B-12-VEL3DB104,6,True,2025-12-02T00:00:00Z,2025-12-02T23:59:59Z,86401,86401,0,1.0,0.999937057,0.999993203,-0.003597445,0,0,0,0,1e-06,4.370876,29.19267,8.981652e-10,0.004370906,0.02919287,False,0.028802,False
2025-12-03,RS01SUM1-LJ01B-12-VEL3DB104,6,True,2025-12-03T00:00:00Z,2025-12-03T23:59:59Z,86400,86400,0,1.0,0.999919891,0.999993161,-0.002478747,0,0,0,0,-1e-06,5.451546,42.312759,-5.35106e-10,0.005451583,0.04231305,False,0.041008,False
2025-12-04,RS01SUM1-LJ01B-12-VEL3DB104,6,True,2025-12-04T00:00:00Z,2025-12-04T23:59:59Z,86401,86401,0,1.0,0.999937057,0.999993213,-0.003426698,0,0,3,3,-0.0,3.373732,17.597785,-1.636085e-10,0.003373755,0.0175979,False,0.014096,False
2025-12-05,RS01SUM1-LJ01B-12-VEL3DB104,6,True,2025-12-05T00:00:00Z,2025-12-05T23:59:59Z,86401,86401,0,1.0,0.999958038,0.999993215,0.002066978,0,0,3,3,-1e-06,5.124118,14.310623,-6.474355e-10,0.005124153,0.01431072,False,0.009905,False
2025-12-06,RS01SUM1-LJ01B-12-VEL3DB104,6,True,2025-12-06T00:00:00Z,2025-12-06T23:59:59Z,86400,86400,0,1.0,0.999940395,0.999993149,0.0005483,0,0,0,0,-0.0,4.708675,30.561792,-4.62582e-10,0.004708707,0.030562,False,0.029698,False
2025-12-07,RS01SUM1-LJ01B-12-VEL3DB104,6,True,2025-12-07T00:00:00Z,2025-12-07T23:59:59Z,86401,86401,0,1.0,0.999960899,0.999993239,-0.007732876,0,0,1,1,-0.0,4.574656,12.812427,-1.172527e-11,0.004574687,0.01281251,False,0.008428,False
2025-12-08,RS01SUM1-LJ01B-12-VEL3DB104,6,True,2025-12-08T00:00:00Z,2025-12-08T23:59:59Z,86400,86400,0,1.0,0.999955654,0.99999311,0.005507942,0,0,0,0,-0.0,4.924847,15.386342,-4.727905e-10,0.00492488,0.01538645,False,0.011834,False
2025-12-09,RS01SUM1-LJ01B-12-VEL3DB104,6,True,2025-12-09T00:00:00Z,2025-12-09T23:59:59Z,86401,86401,0,1.0,0.999958992,0.999993167,0.006155754,0,0,2,2,0.0,4.502812,11.523347,7.274214e-11,0.004502843,0.01152343,False,0.007517,False
2025-12-10,RS01SUM1-LJ01B-12-VEL3DB104,6,True,2025-12-10T00:00:00Z,2025-12-10T23:59:59Z,86400,86400,0,1.0,0.999942303,0.999993184,0.001980706,0,0,0,0,-0.0,5.505903,22.026768,-4.696969e-10,0.005505941,0.02202692,False,0.029673,False
2025-12-11,RS01SUM1-LJ01B-12-VEL3DB104,6,True,2025-12-11T00:00:00Z,2025-12-11T23:59:59Z,86401,86401,0,1.0,0.999968052,0.999993065,-0.000134816,0,0,3,3,-0.0,6.353922,35.340104,-2.209188e-10,0.006353966,0.03534035,False,0.028536,False
2025-12-12,RS01SUM1-LJ01B-12-VEL3DB104,6,True,2025-12-12T00:00:00Z,2025-12-12T23:59:59Z,86401,86401,0,1.0,0.999959946,0.999993029,0.019765359,0,0,0,0,1e-06,5.952858,26.961611,8.803586e-10,0.0059529,0.0269618,False,0.029219,False
2025-12-13,RS01SUM1-LJ01B-12-VEL3DB104,6,True,2025-12-13T00:00:00Z,2025-12-13T23:59:59Z,86400,86400,0,1.0,0.999992847,0.99999316,-0.001161804,0,0,0,0,-0.0,3.547525,28.085476,-4.398917e-10,0.003547549,0.02808567,False,0.029307,False
2025-12-14,RS01SUM1-LJ01B-12-VEL3DB104,6,True,2025-12-14T00:00:00Z,2025-12-14T23:59:59Z,86401,86401,0,1.0,0.999972343,0.999993077,0.007953643,0,0,4,4,0.0,4.197038,27.138642,2.077178e-10,0.004197067,0.02713883,False,0.025522,False
2025-12-15,RS01SUM1-LJ01B-12-VEL3DB104,6,True,2025-12-15T00:00:00Z,2025-12-15T23:59:59Z,86400,86400,0,1.0,0.999983311,0.999993031,-0.001925544,0,0,0,0,-0.0,4.63744,26.493696,-4.680617e-10,0.004637473,0.02649388,False,0.030391,False
2025-12-16,RS01SUM1-LJ01B-12-VEL3DB104,6,True,2025-12-16T00:00:00Z,2025-12-16T23:59:59Z,86401,86401,0,1.0,0.999978065,0.999993018,6.2239e-05,0,0,0,0,1e-06,8.87115,90.535905,8.953923e-10,0.008871212,0.09053654,False,0.09163,False
2025-12-17,RS01SUM1-LJ01B-12-VEL3DB104,6,True,2025-12-17T00:00:00Z,2025-12-17T23:59:59Z,86401,86401,0,1.0,0.999980927,0.999993206,0.008098423,0,0,2,2,1e-06,5.007251,28.752574,5.789021e-10,0.005007285,0.02875277,False,0.030556,False
2025-12-18,RS01SUM1-LJ01B-12-VEL3DB104,6,True,2025-12-18T00:00:00Z,2025-12-18T23:59:59Z,86400,86400,0,1.0,1.0,0.999993225,0.000656164,0,0,0,0,-0.0,5.365362,28.527953,-4.928763e-10,0.005365399,0.02852815,False,0.028133,False
2025-12-19,RS01SUM1-LJ01B-12-VEL3DB104,6,True,2025-12-19T00:00:00Z,2025-12-19T23:59:59Z,86401,86401,0,1.0,0.999972343,0.99999316,0.010488214,0,0,1,1,0.0,6.041323,29.002028,4.336255e-10,0.006041365,0.02900223,False,0.028943,False
2025-12-20,RS01SUM1-LJ01B-12-VEL3DB104,6,True,2025-12-20T00:00:00Z,2025-12-20T23:59:59Z,86400,86400,0,1.0,0.999979019,0.999993258,0.010756147,0,0,0,0,-0.0,5.636706,31.285303,-4.940073e-10,0.005636744,0.03128551,False,0.028977,False
2025-12-21,RS01SUM1-LJ01B-12-VEL3DB104,6,True,2025-12-21T00:00:00Z,2025-12-21T23:59:59Z,86401,86401,0,1.0,0.999939919,0.999993152,0.003216746,0,0,3,3,-1e-06,3.734693,11.10109,-5.29671e-10,0.003734718,0.01110117,False,0.010735,False
2025-12-22,RS01SUM1-LJ01B-12-VEL3DB104,6,True,2025-12-22T00:00:00Z,2025-12-22T23:59:59Z,86401,86401,0,1.0,0.999958992,0.999993268,0.00149187,0,0,1,1,-1e-06,4.152129,28.276033,-6.548901e-10,0.004152157,0.02827622,False,0.02884,False
2025-12-23,RS01SUM1-LJ01B-12-VEL3DB104,6,True,2025-12-23T00:00:00Z,2025-12-23T23:59:59Z,86400,86400,0,1.0,0.999965191,0.999993237,-0.00082435,0,0,0,0,-0.0,6.070106,33.22418,-4.840478e-10,0.006070147,0.0332244,False,0.029767,False
2025-12-24,RS01SUM1-LJ01B-12-VEL3DB104,6,True,2025-12-24T00:00:00Z,2025-12-24T23:59:59Z,86401,86401,0,1.0,0.999952316,0.999993188,0.012916198,0,0,2,2,1e-06,4.632119,20.553341,6.440876e-10,0.00463215,0.02055348,False,0.015258,False
2025-12-25,RS01SUM1-LJ01B-12-VEL3DB104,6,True,2025-12-25T00:00:00Z,2025-12-25T23:59:59Z,86400,86400,0,1.0,0.999971867,0.999993215,-3.422e-06,0,0,0,0,-1e-06,4.568665,27.945825,-5.121568e-10,0.004568696,0.02794601,False,0.029277,False
2025-12-26,RS01SUM1-LJ01B-12-VEL3DB104,6,True,2025-12-26T00:00:00Z,2025-12-26T23:59:59Z,86401,86401,0,1.0,0.999957085,0.99999316,0.002660991,0,0,1,1,-0.0,4.88831,28.913283,-3.924455e-10,0.004888344,0.02891348,False,0.03107,False
2025-12-27,RS01SUM1-LJ01B-12-VEL3DB104,6,True,2025-12-27T00:00:00Z,2025-12-27T23:59:59Z,86401,86401,0,1.0,0.999965191,0.999993126,0.004223285,0,0,0,0,1e-06,3.895006,18.927436,8.822665e-10,0.003895033,0.01892757,False,0.012089,False
2025-12-28,RS01SUM1-LJ01B-12-VEL3DB104,6,True,2025-12-28T00:00:00Z,2025-12-28T23:59:59Z,86400,86400,0,1.0,0.999970913,0.999993132,0.004012739,0,0,0,0,-0.0,3.966786,29.85758,-4.747038e-10,0.003966813,0.02985778,False,0.029137,False
2025-12-29,RS01SUM1-LJ01B-12-VEL3DB104,6,True,2025-12-29T00:00:00Z,2025-12-29T23:59:59Z,86401,86401,0,1.0,0.999953747,0.999993134,0.001196221,0,0,4,4,-0.0,5.373781,36.59859,-1.486945e-10,0.005373818,0.03659884,False,0.032629,False
2025-12-30,RS01SUM1-LJ01B-12-VEL3DB104,6,True,2025-12-30T00:00:00Z,2025-12-30T23:59:59Z,86400,86400,0,1.0,0.999970436,0.999993213,0.004770969,0,0,0,0,-0.0,4.550513,35.088993,-4.77225e-10,0.004550544,0.03508923,False,0.029269,False
2025-12-31,RS01SUM1-LJ01B-12-VEL3DB104,6,True,2025-12-31T00:00:00Z,2025-12-31T23:59:59Z,86401,86401,0,1.0,0.999922276,0.999993183,-0.000699492,0,0,0,0,1e-06,5.290319,28.727509,8.707327e-10,0.005290355,0.0287277,False,0.030251,False
2026-01-01,RS01SUM1-LJ01B-12-VEL3DB104,6,True,2026-01-01T00:00:00Z,2026-01-01T23:59:59Z,86400,86400,0,1.0,0.999988556,0.999993291,-0.001440391,0,0,0,0,-0.0,3.011327,13.798955,-4.8494e-10,0.003011347,0.01379905,False,0.01296,False
2026-01-02,RS01SUM1-LJ01B-12-VEL3DB104,6,True,2026-01-02T00:00:00Z,2026-01-02T23:59:59Z,86401,86401,0,1.0,0.999980927,0.999993352,-0.006563646,0,0,0,0,1e-06,7.668738,20.221035,8.630558e-10,0.007668789,0.02022117,False,0.033946,False
2026-01-03,RS01SUM1-LJ01B-12-VEL3DB104,6,True,2026-01-03T00:00:00Z,2026-01-03T23:59:59Z,86401,86401,0,1.0,0.999958038,0.999993212,0.001778846,0,0,2,2,0.0,3.438883,15.874013,1.225193e-10,0.003438907,0.01587412,False,0.012206,False
2026-01-04,RS01SUM1-LJ01B-12-VEL3DB104,6,True,2026-01-04T00:00:00Z,2026-01-04T23:59:59Z,86247,86400,153,1.0,1.000011921,0.999993201,0.003154373,1,153,1,153,-0.0,8.034092,36.296613,-4.609812e-10,0.008034146,0.03629686,False,0.029414,True
2026-01-05,RS01SUM1-LJ01B-12-VEL3DB104,6,True,2026-01-05T00:00:00Z,2026-01-05T23:59:59Z,86401,86401,0,1.0,0.999975204,0.999993133,-0.000337598,0,0,2,2,0.0,3.700885,15.40689,4.261846e-10,0.003700911,0.015407,False,0.011892,False
2026-01-06,RS01SUM1-LJ01B-12-VEL3DB104,6,True,2026-01-06T00:00:00Z,2026-01-06T23:59:59Z,86400,86400,0,1.0,0.999997139,0.999993199,-0.001508327,0,0,0,0,-0.0,4.376968,32.180551,-4.729211e-10,0.004376997,0.03218077,False,0.026981,False
2026-01-07,RS01SUM1-LJ01B-12-VEL3DB104,6,True,2026-01-07T00:00:00Z,2026-01-07T23:59:59Z,86401,86401,0,1.0,0.999994278,0.999993155,-0.000925055,0,0,0,0,1e-06,4.24054,30.609714,9.128887e-10,0.00424057,0.03060992,False,0.030223,False
2026-01-08,RS01SUM1-LJ01B-12-VEL3DB104,6,True,2026-01-08T00:00:00Z,2026-01-08T23:59:59Z,86401,86401,0,1.0,0.999980927,0.999993207,0.006025589,0,0,0,0,1e-06,5.855886,29.966277,8.837828e-10,0.005855926,0.02996648,False,0.029562,False
2026-01-09,RS01SUM1-LJ01B-12-VEL3DB104,6,True,2026-01-09T00:00:00Z,2026-01-09T23:59:59Z,86400,86400,0,1.0,0.999980927,0.999993112,0.00344014,0,0,0,0,-0.0,3.268971,11.651786,-4.24986e-10,0.003268993,0.01165187,False,0.01144,False
2026-01-10,RS01SUM1-LJ01B-12-VEL3DB104,6,True,2026-01-10T00:00:00Z,2026-01-10T23:59:59Z,86401,86401,0,1.0,0.999987125,0.999993186,-0.001027013,0,0,1,1,-0.0,4.133132,31.24873,-3.499931e-10,0.00413316,0.03124894,False,0.028945,False
2026-01-11,RS01SUM1-LJ01B-12-VEL3DB104,6,True,2026-01-11T00:00:00Z,2026-01-11T23:59:59Z,86400,86400,0,1.0,0.999979973,0.999993224,-0.005129675,0,0,0,0,-1e-06,7.924406,86.565187,-5.012559e-10,0.00792446,0.08656577,False,0.090253,False
2026-01-12,RS01SUM1-LJ01B-12-VEL3DB104,6,True,2026-01-12T00:00:00Z,2026-01-12T23:59:59Z,86401,86401,0,1.0,0.999969006,0.99999319,-0.003818641,0,0,1,1,0.0,4.784432,29.210101,4.322731e-10,0.004784465,0.0292103,False,0.029138,False
2026-01-13,RS01SUM1-LJ01B-12-VEL3DB104,6,True,2026-01-13T00:00:00Z,2026-01-13T23:59:59Z,86400,86400,0,1.0,0.999982357,0.999993275,0.000333404,0,0,0,0,-1e-06,5.673563,31.254465,-5.052971e-10,0.005673601,0.03125468,False,0.030236,False
2026-01-14,RS01SUM1-LJ01B-12-VEL3DB104,6,True,2026-01-14T00:00:00Z,2026-01-14T23:59:59Z,86401,86401,0,1.0,0.999987125,0.99999321,0.005146855,0,0,1,1,-0.0,4.857635,28.449728,-4.369237e-10,0.004857668,0.02844992,False,0.029199,False
2026-01-15,RS01SUM1-LJ01B-12-VEL3DB104,6,True,2026-01-15T00:00:00Z,2026-01-15T23:59:59Z,86401,86401,0,1.0,0.999974728,0.999993269,-0.004064731,0,0,0,0,1e-06,3.941999,27.139723,8.494541e-10,0.003942025,0.02713991,False,0.025129,False
2026-01-16,RS01SUM1-LJ01B-12-VEL3DB104,6,True,2026-01-16T00:00:00Z,2026-01-16T23:59:59Z,86400,86400,0,1.0,0.999973774,0.999993227,0.003169322,0,0,0,0,-0.0,3.499096,19.955471,-4.830564e-10,0.00349912,0.01995561,False,0.013344,False
2026-01-17,RS01SUM1-LJ01B-12-VEL3DB104,6,True,2026-01-17T00:00:00Z,2026-01-17T23:59:59Z,86401,86401,0,1.0,0.999997616,0.99999329,-0.00429366,0,0,0,0,1e-06,6.653528,25.299141,8.836142e-10,0.006653573,0.02529931,False,0.029641,False
2026-01-18,RS01SUM1-LJ01B-12-VEL3DB104,6,True,2026-01-18T00:00:00Z,2026-01-18T23:59:59Z,86400,86400,0,1.0,0.999965668,0.999993211,0.00302625,0,0,0,0,-0.0,4.776964,11.599178,-4.548557e-10,0.004776996,0.01159926,False,0.012072,False
2026-01-19,RS01SUM1-LJ01B-12-VEL3DB104,6,True,2026-01-19T00:00:00Z,2026-01-19T23:59:59Z,86401,86401,0,1.0,1.000021935,0.99999318,-0.004440524,0,0,0,0,1e-06,5.361334,34.712765,8.906291e-10,0.00536137,0.034713,False,0.03627,False
2026-01-20,RS01SUM1-LJ01B-12-VEL3DB104,6,True,2026-01-20T00:00:00Z,2026-01-20T23:59:59Z,86401,86401,0,1.0,0.999984741,0.999993218,0.0059127,0,0,0,0,1e-06,9.707999,85.916729,8.620149e-10,0.009708065,0.08591731,False,0.085594,False
2026-01-21,RS01SUM1-LJ01B-12-VEL3DB104,6,True,2026-01-21T00:00:00Z,2026-01-21T23:59:59Z,86400,86400,0,1.0,0.999995232,0.999993114,0.008074623,0,0,0,0,-0.0,4.335981,29.757537,-4.690862e-10,0.004336011,0.02975774,False,0.028934,False
2026-01-22,RS01SUM1-LJ01B-12-VEL3DB104,6,True,2026-01-22T00:00:00Z,2026-01-22T23:59:59Z,86401,86401,0,1.0,0.999989033,0.999993143,-0.00018501,0,0,0,0,1e-06,4.744479,29.877336,8.798697e-10,0.004744511,0.02987754,False,0.030873,False
2026-01-23,RS01SUM1-LJ01B-12-VEL3DB104,6,True,2026-01-23T00:00:00Z,2026-01-23T23:59:59Z,86400,86400,0,1.0,0.999995232,0.999993248,-0.001089125,0,0,0,0,-0.0,5.762967,31.315718,-4.946028e-10,0.005763005,0.03131593,False,0.030813,False
2026-01-24,RS01SUM1-LJ01B-12-VEL3DB104,6,True,2026-01-24T00:00:00Z,2026-01-24T23:59:59Z,86401,86401,0,1.0,0.999983788,0.999993217,0.006282675,0,0,1,1,1e-06,3.240969,12.026518,7.870742e-10,0.003240991,0.0120266,False,0.011916,False
2026-01-25,RS01SUM1-LJ01B-12-VEL3DB104,6,True,2026-01-25T00:00:00Z,2026-01-25T23:59:59Z,86400,86400,0,1.0,0.999984741,0.999993226,-0.00145011,0,0,0,0,-0.0,3.402271,12.233723,-4.662815e-10,0.003402294,0.01223381,False,0.012587,False
2026-01-26,RS01SUM1-LJ01B-12-VEL3DB104,6,True,2026-01-26T00:00:00Z,2026-01-26T23:59:59Z,86401,86401,0,1.0,0.999969006,0.999993209,-0.000910149,0,0,2,2,0.0,2.693326,16.719901,5.681218e-11,0.002693345,0.01672001,False,0.01246,False
2026-01-27,RS01SUM1-LJ01B-12-VEL3DB104,6,True,2026-01-27T00:00:00Z,2026-01-27T23:59:59Z,86401,86401,0,1.0,0.999970913,0.999993196,0.001013771,0,0,0,0,1e-06,4.108179,28.437431,8.996431e-10,0.004108207,0.02843762,False,0.030374,False
2026-01-28,RS01SUM1-LJ01B-12-VEL3DB104,6,True,2026-01-28T00:00:00Z,2026-01-28T23:59:59Z,86259,86400,141,1.0,0.999966145,0.999993231,-0.004897105,1,141,1,141,0.0,5.668861,32.586385,3.460394e-10,0.005668899,0.03258661,False,0.029967,True
2026-01-29,RS01SUM1-LJ01B-12-VEL3DB104,6,True,2026-01-29T00:00:00Z,2026-01-29T23:59:59Z,86401,86401,0,1.0,0.999980927,0.999993234,-0.006570681,0,0,1,1,0.0,9.195614,103.4166,9.42585e-11,0.009195677,0.1034173,False,0.084933,False
2026-01-30,RS01SUM1-LJ01B-12-VEL3DB104,6,True,2026-01-30T00:00:00Z,2026-01-30T23:59:59Z,86400,86400,0,1.0,0.999999046,0.999993116,0.000443837,0,0,0,0,-1e-06,6.175948,46.952453,-5.327225e-10,0.006175991,0.04695278,False,0.044918,False
2026-01-31,RS01SUM1-LJ01B-12-VEL3DB104,6,True,2026-01-31T00:00:00Z,2026-01-31T23:59:59Z,86401,86401,0,1.0,0.999999046,0.999993191,0.004861244,0,0,0,0,1e-06,5.869531,32.431852,8.745483e-10,0.005869571,0.03243207,False,0.029413,False
2026-02-01,RS01SUM1-LJ01B-12-VEL3DB104,6,True,2026-02-01T00:00:00Z,2026-02-01T23:59:59Z,86401,86401,0,1.0,0.999984741,0.999993242,0.002805618,0,0,1,1,1e-06,8.433265,85.353683,5.518611e-10,0.008433322,0.08535426,False,0.090597,False
2026-02-02,RS01SUM1-LJ01B-12-VEL3DB104,6,True,2026-02-02T00:00:00Z,2026-02-02T23:59:59Z,86400,86400,0,1.0,0.999983788,0.999993198,0.000147933,0,0,0,0,-1e-06,3.996959,26.706177,-5.029452e-10,0.003996986,0.02670636,False,0.029905,False
2026-02-03,RS01SUM1-LJ01B-12-VEL3DB104,6,True,2026-02-03T00:00:00Z,2026-02-03T23:59:59Z,86401,86401,0,1.0,0.999986172,0.999993284,-0.004614025,0,0,1,1,1e-06,5.890737,44.713898,5.432272e-10,0.005890777,0.0447142,False,0.040622,False
2026-02-04,RS01SUM1-LJ01B-12-VEL3DB104,6,True,2026-02-04T00:00:00Z,2026-02-04T23:59:59Z,86400,86400,0,1.0,0.999986172,0.999993128,0.00745567,0,0,0,0,-0.0,8.744797,90.251978,-4.858709e-10,0.008744857,0.0902526,False,0.089336,False
2026-02-05,RS01SUM1-LJ01B-12-VEL3DB104,6,True,2026-02-05T00:00:00Z,2026-02-05T23:59:59Z,86401,86401,0,1.0,0.999975204,0.999993158,0.004571144,0,0,1,1,-0.0,4.048738,23.898217,-9.334202e-11,0.004048766,0.02389838,False,0.028999,False
2026-02-06,RS01SUM1-LJ01B-12-VEL3DB104,6,True,2026-02-06T00:00:00Z,2026-02-06T23:59:59Z,86401,86401,0,1.0,0.999980927,0.999993212,0.001019514,0,0,1,1,1e-06,4.413597,31.601649,5.463225e-10,0.004413627,0.03160186,False,0.028693,False
2026-02-07,RS01SUM1-LJ01B-12-VEL3DB104,6,True,2026-02-07T00:00:00Z,2026-02-07T23:59:59Z,86400,86400,0,1.0,0.999998093,0.999993171,0.010454654,0,0,0,0,-0.0,3.854626,14.036258,-4.77133e-10,0.003854653,0.01403635,False,0.011526,False
2026-02-08,RS01SUM1-LJ01B-12-VEL3DB104,6,True,2026-02-08T00:00:00Z,2026-02-08T23:59:59Z,86401,86401,0,1.0,0.999984741,0.999993225,0.001222708,0,0,0,0,1e-06,4.890095,30.67323,8.97234e-10,0.004890128,0.03067344,False,0.029723,False
2026-02-09,RS01SUM1-LJ01B-12-VEL3DB104,6,True,2026-02-09T00:00:00Z,2026-02-09T23:59:59Z,86400,86400,0,1.0,0.999975204,0.999993118,-0.000977493,0,0,0,0,-0.0,8.542592,92.247912,-4.935234e-10,0.008542651,0.09224855,False,0.09569,False
2026-02-10,RS01SUM1-LJ01B-12-VEL3DB104,6,True,2026-02-10T00:00:00Z,2026-02-10T23:59:59Z,86401,86401,0,1.0,0.999989033,0.999993201,0.000444186,0,0,0,0,1e-06,6.031055,31.194039,8.267706e-10,0.006031096,0.03119425,False,0.02883,False
2026-02-11,RS01SUM1-LJ01B-12-VEL3DB104,6,True,2026-02-11T00:00:00Z,2026-02-11T23:59:59Z,86400,86400,0,1.0,0.999986649,0.999993233,0.000301329,0,0,0,0,-1e-06,5.082404,27.834023,-5.15483e-10,0.005082438,0.02783421,False,0.029013,False
2026-02-12,RS01SUM1-LJ01B-12-VEL3DB104,6,True,2026-02-12T00:00:00Z,2026-02-12T23:59:59Z,86401,86401,0,1.0,0.99999094,0.999993153,0.001139003,0,0,0,0,1e-06,6.324966,34.631852,8.682875e-10,0.006325009,0.03463209,False,0.030337,False
2026-02-13,RS01SUM1-LJ01B-12-VEL3DB104,6,True,2026-02-13T00:00:00Z,2026-02-13T23:59:59Z,86401,86401,0,1.0,0.999985218,0.999993066,-0.000168317,0,0,0,0,1e-06,3.962067,30.715129,8.565835e-10,0.003962094,0.03071534,False,0.028305,False
2026-02-14,RS01SUM1-LJ01B-12-VEL3DB104,6,True,2026-02-14T00:00:00Z,2026-02-14T23:59:59Z,86400,86400,0,1.0,0.999999046,0.999993155,-0.002834833,0,0,0,0,-0.0,8.647474,87.855443,-4.821978e-10,0.008647533,0.08785604,False,0.08973,False
2026-02-15,RS01SUM1-LJ01B-12-VEL3DB104,6,True,2026-02-15T00:00:00Z,2026-02-15T23:59:59Z,86401,86401,0,1.0,0.999983311,0.999993083,0.001008355,0,0,0,0,1e-06,3.656789,27.189441,8.730827e-10,0.003656814,0.02718963,False,0.025981,False
2026-02-16,RS01SUM1-LJ01B-12-VEL3DB104,6,True,2026-02-16T00:00:00Z,2026-02-16T23:59:59Z,86400,86400,0,1.0,1.000016689,0.999993154,0.005332239,0,0,0,0,-0.0,4.8652,29.284838,-4.981212e-10,0.004865233,0.02928504,False,0.028182,False
2026-02-17,RS01SUM1-LJ01B-12-VEL3DB104,6,True,2026-02-17T00:00:00Z,2026-02-17T23:59:59Z,86401,86401,0,1.0,0.999967098,0.99999313,-0.005377325,0,0,0,0,1e-06,11.199613,87.274545,7.915798e-10,0.01119969,0.08727514,False,0.090736,False
2026-02-18,RS01SUM1-LJ01B-12-VEL3DB104,6,True,2026-02-18T00:00:00Z,2026-02-18T23:59:59Z,86401,86401,0,1.0,0.99999094,0.999993111,-0.002110838,0,0,2,2,0.0,3.093532,10.846028,3.969698e-10,0.003093553,0.0108461,False,0.011914,False
2026-02-19,RS01SUM1-LJ01B-12-VEL3DB104,6,True,2026-02-19T00:00:00Z,2026-02-19T23:59:59Z,86400,86400,0,1.0,0.999956608,0.999993082,0.004305914,0,0,0,0,-0.0,3.125874,17.253325,-4.978059e-10,0.003125896,0.01725344,False,0.015315,False
2026-02-20,RS01SUM1-LJ01B-12-VEL3DB104,6,True,2026-02-20T00:00:00Z,2026-02-20T23:59:59Z,86401,86401,0,1.0,0.999992847,0.999993173,-0.002923029,0,0,3,3,-0.0,8.821818,91.679345,-2.272747e-10,0.008821878,0.09167997,False,0.063664,False
2026-02-21,RS01SUM1-LJ01B-12-VEL3DB104,6,True,2026-02-21T00:00:00Z,2026-02-21T23:59:59Z,86400,86400,0,1.0,0.99996233,0.999993211,-0.001138131,0,0,0,0,-0.0,4.792206,30.882214,-4.512998e-10,0.004792239,0.03088242,False,0.022134,False
2026-02-22,RS01SUM1-LJ01B-12-VEL3DB104,6,True,2026-02-22T00:00:00Z,2026-02-22T23:59:59Z,86401,86401,0,1.0,1.000007153,0.999993165,-0.001055062,0,0,0,0,1e-06,3.948993,16.227153,8.665941e-10,0.00394902,0.01622726,False,0.013746,False
2026-02-23,RS01SUM1-LJ01B-12-VEL3DB104,6,True,2026-02-23T00:00:00Z,2026-02-23T23:59:59Z,86401,86401,0,1.0,0.999993324,0.999993174,-0.001704993,0,0,0,0,1e-06,5.619021,31.829471,9.356555e-10,0.00561906,0.03182969,False,0.029615,False
2026-02-24,RS01SUM1-LJ01B-12-VEL3DB104,6,True,2026-02-24T00:00:00Z,2026-02-24T23:59:59Z,86400,86400,0,1.0,1.000016689,0.999993065,0.00314531,0,0,0,0,-1e-06,4.742921,37.40027,-5.001467e-10,0.004742954,0.03740053,False,0.028584,False
2026-02-25,RS01SUM1-LJ01B-12-VEL3DB104,6,True,2026-02-25T00:00:00Z,2026-02-25T23:59:59Z,86401,86401,0,1.0,0.999986649,0.99999308,-0.001088804,0,0,0,0,1e-06,5.162748,29.144383,9.128717e-10,0.005162784,0.02914458,False,0.030453,False
2026-02-26,RS01SUM1-LJ01B-12-VEL3DB104,6,True,2026-02-26T00:00:00Z,2026-02-26T23:59:59Z,86400,86400,0,1.0,0.999985695,0.999993031,-0.002512717,0,0,0,0,-1e-06,7.874542,90.926754,-5.400743e-10,0.007874597,0.09092739,False,0.084011,False
2026-02-27,RS01SUM1-LJ01B-12-VEL3DB104,6,True,2026-02-27T00:00:00Z,2026-02-27T23:59:59Z,85800,86401,601,1.0,0.99996233,0.999993017,0.009439146,1,601,1,601,-0.0,3.727852,18.343593,-1.478353e-11,0.003727878,0.01834372,False,0.018393,True
2026-02-28,RS01SUM1-LJ01B-12-VEL3DB104,6,True,2026-02-28T00:00:00Z,2026-02-28T23:59:59Z,86401,86401,0,1.0,0.99996233,0.99999315,0.004771609,0,0,3,3,1e-06,3.617223,24.618763,5.439891e-10,0.003617248,0.02461893,False,0.028553,False
2026-03-01,RS01SUM1-LJ01B-12-VEL3DB104,6,True,2026-03-01T00:00:00Z,2026-03-01T23:59:59Z,86400,86400,0,1.0,0.999962807,0.999993131,0.007234867,0,0,0,0,-0.0,4.25562,31.726279,-4.820976e-10,0.004255649,0.0317265,False,0.03439,False
2026-03-02,RS01SUM1-LJ01B-12-VEL3DB104,6,True,2026-03-02T00:00:00Z,2026-03-02T23:59:59Z,86401,86401,0,1.0,0.999991894,0.999993184,-0.006713231,0,0,2,2,-0.0,8.904651,88.775235,-1.27928e-10,0.008904712,0.08877584,False,0.090372,False
2026-03-03,RS01SUM1-LJ01B-12-VEL3DB104,6,True,2026-03-03T00:00:00Z,2026-03-03T23:59:59Z,86400,86400,0,1.0,0.999969959,0.999993146,0.001966639,0,0,0,0,-0.0,4.066758,28.162004,-4.911914e-10,0.004066786,0.0281622,False,0.030063,False
2026-03-04,RS01SUM1-LJ01B-12-VEL3DB104,6,True,2026-03-04T00:00:00Z,2026-03-04T23:59:59Z,86401,86401,0,1.0,0.999985218,0.999993207,-0.001429654,0,0,0,0,1e-06,3.731273,27.505218,9.183537e-10,0.003731299,0.02750541,False,0.029177,False
2026-03-05,RS01SUM1-LJ01B-12-VEL3DB104,6,True,2026-03-05T00:00:00Z,2026-03-05T23:59:59Z,86401,86401,0,1.0,0.999995232,0.999993122,0.006684376,0,0,3,3,-1e-06,4.41103,30.091482,-5.13033e-10,0.004411061,0.03009169,False,0.028897,False
2026-03-06,RS01SUM1-LJ01B-12-VEL3DB104,6,True,2026-03-06T00:00:00Z,2026-03-06T23:59:59Z,86400,86400,0,1.0,0.999969959,0.999993213,0.003725276,0,0,0,0,-0.0,4.507585,29.760928,-4.509924e-10,0.004507616,0.02976113,False,0.03022,False
2026-03-07,RS01SUM1-LJ01B-12-VEL3DB104,6,True,2026-03-07T00:00:00Z,2026-03-07T23:59:59Z,86401,86401,0,1.0,0.999974728,0.999993124,0.001871802,0,0,0,0,1e-06,4.396497,31.15122,8.735347e-10,0.004396527,0.03115143,False,0.029213,False
2026-03-08,RS01SUM1-LJ01B-12-VEL3DB104,6,True,2026-03-08T00:00:00Z,2026-03-08T23:59:59Z,86400,86400,0,1.0,0.999957085,0.999993161,0.006006116,0,0,0,0,-0.0,4.944244,35.453128,-4.716022e-10,0.004944278,0.03545337,False,0.029953,False
2026-03-09,RS01SUM1-LJ01B-12-VEL3DB104,6,True,2026-03-09T00:00:00Z,2026-03-09T23:59:59Z,86401,86401,0,1.0,0.999979019,0.999993375,0.003692195,0,0,0,0,1e-06,11.489327,89.464226,8.279531e-10,0.0114894,0.08946482,False,0.089602,False
2026-03-10,RS01SUM1-LJ01B-12-VEL3DB104,6,True,2026-03-10T00:00:00Z,2026-03-10T23:59:59Z,86400,86400,0,1.0,0.999957085,0.999993361,0.015240357,0,0,0,0,-0.0,5.100006,31.048926,-4.641275e-10,0.00510004,0.03104913,False,0.02945,False
2026-03-11,RS01SUM1-LJ01B-12-VEL3DB104,6,True,2026-03-11T00:00:00Z,2026-03-11T23:59:59Z,86401,86401,0,1.0,0.99998188,0.999993331,0.003903813,0,0,2,2,0.0,3.49677,27.351482,2.409635e-10,0.003496793,0.02735166,False,0.02895,False
2026-03-12,RS01SUM1-LJ01B-12-VEL3DB104,6,True,2026-03-12T00:00:00Z,2026-03-12T23:59:59Z,86401,86401,0,1.0,0.999970913,0.999993361,-0.003694388,0,0,0,0,1e-06,4.578958,28.213566,8.449679e-10,0.004578988,0.02821375,False,0.03068,False
2026-03-13,RS01SUM1-LJ01B-12-VEL3DB104,6,True,2026-03-13T00:00:00Z,2026-03-13T23:59:59Z,86400,86400,0,1.0,0.999983788,0.999993317,-0.003960156,0,0,0,0,-0.0,4.849557,29.851731,-4.658572e-10,0.004849589,0.02985193,False,0.028699,False
2026-03-14,RS01SUM1-LJ01B-12-VEL3DB104,6,True,2026-03-14T00:00:00Z,2026-03-14T23:59:59Z,86401,86401,0,1.0,0.999994755,0.999993261,0.00405062,0,0,2,2,-0.0,4.905779,33.331925,-4.906841e-10,0.004905812,0.03333215,False,0.029158,False
2026-03-15,RS01SUM1-LJ01B-12-VEL3DB104,6,True,2026-03-15T00:00:00Z,2026-03-15T23:59:59Z,86400,86400,0,1.0,1.00001812,0.99999326,-0.005245698,0,0,0,0,-0.0,4.839648,17.60393,-4.930578e-10,0.00483968,0.01760405,False,0.013614,False
2026-03-16,RS01SUM1-LJ01B-12-VEL3DB104,6,True,2026-03-16T00:00:00Z,2026-03-16T23:59:59Z,86401,86401,0,1.0,1.000022888,0.999993225,0.003814369,0,0,0,0,1e-06,5.114541,30.352791,8.677951e-10,0.005114576,0.030353,False,0.03113,False
2026-03-17,RS01SUM1-LJ01B-12-VEL3DB104,6,True,2026-03-17T00:00:00Z,2026-03-17T23:59:59Z,85905,86401,496,1.0,1.000019073,0.999993253,-0.003882833,1,496,1,496,1e-06,4.110135,25.726387,6.686963e-10,0.004110163,0.02572656,False,0.028502,True
2026-03-18,RS01SUM1-LJ01B-12-VEL3DB104,6,True,2026-03-18T00:00:00Z,2026-03-18T23:59:59Z,86400,86400,0,1.0,1.000008106,0.999993236,0.004930074,0,0,0,0,-1e-06,2.445654,12.105758,-5.305985e-10,0.00244567,0.01210584,False,0.013536,False
2026-03-19,RS01SUM1-LJ01B-12-VEL3DB104,6,True,2026-03-19T00:00:00Z,2026-03-19T23:59:59Z,86401,86401,0,1.0,0.999986172,0.999993241,0.000365477,0,0,1,1,-1e-06,5.431063,33.120101,-6.09005e-10,0.0054311,0.03312032,False,0.029974,False
2026-03-20,RS01SUM1-LJ01B-12-VEL3DB104,6,True,2026-03-20T00:00:00Z,2026-03-20T23:59:59Z,86400,86400,0,1.0,1.000015736,0.999993295,0.020296508,0,0,0,0,-1e-06,5.935537,30.637343,-5.226758e-10,0.005935577,0.03063755,False,0.028604,False
2026-03-21,RS01SUM1-LJ01B-12-VEL3DB104,6,True,2026-03-21T00:00:00Z,2026-03-21T23:59:59Z,86401,86401,0,1.0,0.999985218,0.999993207,-0.005959813,0,0,1,1,-0.0,8.92518,87.917819,-1.567641e-10,0.008925241,0.08791842,False,0.090575,False
2026-03-22,RS01SUM1-LJ01B-12-VEL3DB104,6,True,2026-03-22T00:00:00Z,2026-03-22T23:59:59Z,86400,86400,0,1.0,1.000006199,0.99999331,0.004664317,0,0,0,0,-1e-06,4.539199,18.645048,-5.108313e-10,0.004539229,0.01864517,False,0.011995,False
2026-03-23,RS01SUM1-LJ01B-12-VEL3DB104,6,True,2026-03-23T00:00:00Z,2026-03-23T23:59:59Z,86401,86401,0,1.0,0.999978065,0.999993247,0.000501998,0,0,0,0,1e-06,3.505781,27.411307,8.915964e-10,0.003505805,0.02741149,False,0.027609,False
2026-03-24,RS01SUM1-LJ01B-12-VEL3DB104,6,True,2026-03-24T00:00:00Z,2026-03-24T23:59:59Z,86401,86401,0,1.0,0.999977589,0.999993229,-0.000432111,0,0,6,6,1e-06,7.696512,87.408922,6.657922e-10,0.007696564,0.08740951,False,0.08994,False
2026-03-25,RS01SUM1-LJ01B-12-VEL3DB104,6,True,2026-03-25T00:00:00Z,2026-03-25T23:59:59Z,86400,86400,0,1.0,0.999994755,0.9999933,0.006431745,0,0,0,0,-0.0,4.308536,30.533988,-4.49685e-10,0.004308565,0.03053419,False,0.028585,False
2026-03-26,RS01SUM1-LJ01B-12-VEL3DB104,6,True,2026-03-26T00:00:00Z,2026-03-26T23:59:59Z,86401,86401,0,1.0,0.999967098,0.999993141,0.000560709,0,0,2,2,-0.0,3.139234,10.564907,-1.301866e-10,0.003139256,0.01056498,False,0.011475,False
2026-03-27,RS01SUM1-LJ01B-12-VEL3DB104,6,True,2026-03-27T00:00:00Z,2026-03-27T23:59:59Z,86400,86400,0,1.0,0.999997139,0.999993219,-0.002925011,0,0,0,0,-0.0,4.162625,13.100448,-4.937834e-10,0.004162654,0.01310054,False,0.011961,False
2026-03-28,RS01SUM1-LJ01B-12-VEL3DB104,6,True,2026-03-28T00:00:00Z,2026-03-28T23:59:59Z,86401,86401,0,1.0,0.999983311,0.999993222,0.003338448,0,0,0,0,1e-06,6.165164,34.332836,8.524762e-10,0.006165205,0.03433307,False,0.030711,False
2026-03-29,RS01SUM1-LJ01B-12-VEL3DB104,6,True,2026-03-29T00:00:00Z,2026-03-29T23:59:59Z,86401,86401,0,1.0,0.999988079,0.999993238,-0.000864499,0,0,1,1,-0.0,4.27115,30.145377,-1.638229e-10,0.004271179,0.03014558,False,0.029577,False
2026-03-30,RS01SUM1-LJ01B-12-VEL3DB104,6,True,2026-03-30T00:00:00Z,2026-03-30T23:59:59Z,86400,86400,0,1.0,1.00000906,0.999993267,-0.00503741,0,0,0,0,-0.0,4.356993,19.912374,-4.98184e-10,0.004357023,0.01991251,False,0.013285,False
2026-03-31,RS01SUM1-LJ01B-12-VEL3DB104,6,True,2026-03-31T00:00:00Z,2026-03-31T23:59:59Z,86401,86401,0,1.0,0.999969959,0.999993185,0.004412871,0,0,0,0,1e-06,4.122943,27.927888,8.858863e-10,0.004122971,0.02792808,False,0.027565,False
2026-04-01,RS01SUM1-LJ01B-12-VEL3DB104,6,True,2026-04-01T00:00:00Z,2026-04-01T23:59:59Z,86400,86400,0,1.0,1.000013351,0.999993211,0.000276196,0,0,0,0,-1e-06,4.528498,31.597533,-5.313427e-10,0.004528529,0.03159775,False,0.027214,False
2026-04-02,RS01SUM1-LJ01B-12-VEL3DB104,6,True,2026-04-02T00:00:00Z,2026-04-02T23:59:59Z,86401,86401,0,1.0,1.000014782,0.999993175,0.000973779,0,0,3,3,-1e-06,3.569312,17.41056,-6.848041e-10,0.003569336,0.01741068,False,0.010491,False
2026-04-03,RS01SUM1-LJ01B-12-VEL3DB104,6,True,2026-04-03T00:00:00Z,2026-04-03T23:59:59Z,86400,86400,0,1.0,1.000029087,0.99999323,-0.004677832,0,0,0,0,-0.0,5.167388,29.777512,-4.749245e-10,0.005167423,0.02977771,False,0.029261,False
2026-04-04,RS01SUM1-LJ01B-12-VEL3DB104,6,True,2026-04-04T00:00:00Z,2026-04-04T23:59:59Z,86401,86401,0,1.0,1.000011921,0.999993213,0.000342812,0,0,2,2,-0.0,8.531008,94.86957,-2.903473e-10,0.008531066,0.09487021,False,0.084025,False
2026-04-05,RS01SUM1-LJ01B-12-VEL3DB104,6,True,2026-04-05T00:00:00Z,2026-04-05T23:59:59Z,86401,86401,0,1.0,1.000001907,0.999993187,-0.005462768,0,0,0,0,1e-06,5.301841,42.139869,8.938963e-10,0.005301877,0.04214016,False,0.04464,False
2026-04-06,RS01SUM1-LJ01B-12-VEL3DB104,6,True,2026-04-06T00:00:00Z,2026-04-06T23:59:59Z,86400,86400,0,1.0,0.999969959,0.99999316,0.002973425,0,0,0,0,-0.0,4.217928,10.804634,-4.522311e-10,0.004217957,0.01080471,False,0.011408,False
2026-04-07,RS01SUM1-LJ01B-12-VEL3DB104,6,True,2026-04-07T00:00:00Z,2026-04-07T23:59:59Z,86401,86401,0,1.0,0.999999046,0.999993203,-0.008246418,0,0,1,1,-0.0,4.762038,31.259184,-3.803225e-11,0.00476207,0.0312594,False,0.02874,False
2026-04-08,RS01SUM1-LJ01B-12-VEL3DB104,6,True,2026-04-08T00:00:00Z,2026-04-08T23:59:59Z,86400,86400,0,1.0,0.999987125,0.999993123,-0.00309411,0,0,0,0,-1e-06,8.270748,90.808889,-5.283388e-10,0.008270804,0.09080951,False,0.09007,False
2026-04-09,RS01SUM1-LJ01B-12-VEL3DB104,6,True,2026-04-09T00:00:00Z,2026-04-09T23:59:59Z,86401,86401,0,1.0,0.999983311,0.999993145,-0.00430257,0,0,1,1,-0.0,5.997478,30.994353,-3.934615e-10,0.005997519,0.03099457,False,0.030226,False
2026-04-10,RS01SUM1-LJ01B-12-VEL3DB104,6,True,2026-04-10T00:00:00Z,2026-04-10T23:59:59Z,86401,86401,0,1.0,1.00002408,0.999993073,-0.00451415,0,0,1,1,0.0,3.365431,10.469952,3.006321e-10,0.003365454,0.01047002,False,0.008026,False
2026-04-11,RS01SUM1-LJ01B-12-VEL3DB104,6,True,2026-04-11T00:00:00Z,2026-04-11T23:59:59Z,86400,86400,0,1.0,0.999985695,0.999993129,-0.000258082,0,0,0,0,-0.0,5.840486,27.925599,-4.628191e-10,0.005840526,0.02792579,False,0.029283,False
2026-04-12,RS01SUM1-LJ01B-12-VEL3DB104,6,True,2026-04-12T00:00:00Z,2026-04-12T23:59:59Z,86401,86401,0,1.0,0.999994755,0.999993183,0.002126693,0,0,5,5,-0.0,3.845202,39.260966,-9.965313e-11,0.003845228,0.03926123,False,0.027407,False
2026-04-13,RS01SUM1-LJ01B-12-VEL3DB104,6,True,2026-04-13T00:00:00Z,2026-04-13T23:59:59Z,86400,86400,0,1.0,1.000006199,0.999993232,-0.001677751,0,0,0,0,-0.0,4.961258,43.225443,-4.942721e-10,0.004961291,0.04322574,False,0.040298,False
2026-04-14,RS01SUM1-LJ01B-12-VEL3DB104,6,True,2026-04-14T00:00:00Z,2026-04-14T23:59:59Z,86401,86401,0,1.0,0.999995708,0.999993281,-0.000491195,0,0,0,0,1e-06,4.334969,30.495298,8.963846e-10,0.004334998,0.0304955,False,0.030387,False
2026-04-15,RS01SUM1-LJ01B-12-VEL3DB104,6,True,2026-04-15T00:00:00Z,2026-04-15T23:59:59Z,86401,86401,0,1.0,1.000013828,0.999993233,-0.004028811,0,0,0,0,1e-06,3.040535,12.385135,9.222665e-10,0.003040555,0.01238522,False,0.011448,False
2026-04-16,RS01SUM1-LJ01B-12-VEL3DB104,6,True,2026-04-16T00:00:00Z,2026-04-16T23:59:59Z,86400,86400,0,1.0,0.999999046,0.999993247,-0.003882486,0,0,0,0,-1e-06,8.245502,83.063049,-5.160435e-10,0.008245557,0.08306361,False,0.090027,False
2026-04-17,RS01SUM1-LJ01B-12-VEL3DB104,6,True,2026-04-17T00:00:00Z,2026-04-17T23:59:59Z,86401,86401,0,1.0,0.999994278,0.999993198,0.002074066,0,0,4,4,-0.0,5.570575,42.197304,-1.532643e-10,0.005570613,0.04219759,False,0.04075,False
2026-04-18,RS01SUM1-LJ01B-12-VEL3DB104,6,True,2026-04-18T00:00:00Z,2026-04-18T23:59:59Z,86400,86400,0,1.0,0.999961853,0.999993219,-0.001227766,0,0,0,0,-0.0,4.545704,29.035811,-4.78131e-10,0.004545734,0.02903601,False,0.026794,False
2026-04-19,RS01SUM1-LJ01B-12-VEL3DB104,6,True,2026-04-19T00:00:00Z,2026-04-19T23:59:59Z,86401,86401,0,1.0,1.000005245,0.999993213,0.007844355,0,0,0,0,1e-06,3.662233,25.103729,8.737849e-10,0.003662258,0.0251039,False,0.028417,False
2026-04-20,RS01SUM1-LJ01B-12-VEL3DB104,6,True,2026-04-20T00:00:00Z,2026-04-20T23:59:59Z,86400,86400,0,1.0,0.999989986,0.999993203,0.000329692,0,0,0,0,-1e-06,4.40689,30.672368,-5.003314e-10,0.00440692,0.03067258,False,0.027876,False
2026-04-21,RS01SUM1-LJ01B-12-VEL3DB104,6,True,2026-04-21T00:00:00Z,2026-04-21T23:59:59Z,86401,86401,0,1.0,1.000002861,0.999993188,-0.001181334,0,0,1,1,0.0,5.165653,28.381487,2.671742e-10,0.005165688,0.02838168,False,0.02877,False
2026-04-22,RS01SUM1-LJ01B-12-VEL3DB104,6,True,2026-04-22T00:00:00Z,2026-04-22T23:59:59Z,85794,86401,607,1.0,0.999995708,0.99999313,-0.001423176,1,607,1,607,0.0,5.485538,29.707659,3.262349e-10,0.005485576,0.02970786,False,0.02974,True
2026-04-23,RS01SUM1-LJ01B-12-VEL3DB104,6,True,2026-04-23T00:00:00Z,2026-04-23T23:59:59Z,86400,86400,0,1.0,1.000012398,0.999993189,-0.001591149,0,0,0,0,-0.0,5.425558,32.608859,-4.780243e-10,0.005425595,0.03260908,False,0.029211,False
2026-04-24,RS01SUM1-LJ01B-12-VEL3DB104,6,True,2026-04-24T00:00:00Z,2026-04-24T23:59:59Z,86401,86401,0,1.0,1.000016689,0.999993065,-0.001055724,0,0,4,4,0.0,3.553933,27.96503,4.581589e-10,0.003553958,0.02796522,False,0.028539,False
2026-04-25,RS01SUM1-LJ01B-12-VEL3DB104,6,True,2026-04-25T00:00:00Z,2026-04-25T23:59:59Z,86400,86400,0,1.0,1.00002861,0.999993053,-0.000452013,0,0,0,0,-0.0,4.185555,14.185342,-4.789491e-10,0.004185584,0.01418544,False,0.013098,False
2026-04-26,RS01SUM1-LJ01B-12-VEL3DB104,6,True,2026-04-26T00:00:00Z,2026-04-26T23:59:59Z,86401,86401,0,1.0,1.000007153,0.999993029,-0.000333521,0,0,3,3,-1e-06,3.968467,34.396412,-6.934697e-10,0.003968495,0.03439665,False,0.035935,False
2026-04-27,RS01SUM1-LJ01B-12-VEL3DB104,6,True,2026-04-27T00:00:00Z,2026-04-27T23:59:59Z,86401,86401,0,1.0,1.000033855,0.999993107,0.004776023,0,0,0,0,1e-06,3.657319,27.606289,8.928956e-10,0.003657344,0.02760648,False,0.026116,False
2026-04-28,RS01SUM1-LJ01B-12-VEL3DB104,6,True,2026-04-28T00:00:00Z,2026-04-28T23:59:59Z,86400,86400,0,1.0,1.000013351,0.999993114,-0.00120423,0,0,0,0,-0.0,3.738535,26.532524,-4.845402e-10,0.003738561,0.02653271,False,0.026292,False
2026-04-29,RS01SUM1-LJ01B-12-VEL3DB104,6,True,2026-04-29T00:00:00Z,2026-04-29T23:59:59Z,86401,86401,0,1.0,1.000029087,0.999993099,0.001263151,0,0,1,1,-0.0,5.523927,44.381597,-1.820067e-10,0.005523965,0.0443819,False,0.046332,False
2026-04-30,RS01SUM1-LJ01B-12-VEL3DB104,6,True,2026-04-30T00:00:00Z,2026-04-30T23:59:59Z,86400,86400,0,1.0,0.999997139,0.999993081,-0.000142709,0,0,0,0,-0.0,3.032284,18.422659,-4.705741e-10,0.003032305,0.01842279,False,0.012625,False
2026-05-01,RS01SUM1-LJ01B-12-VEL3DB104,6,True,2026-05-01T00:00:00Z,2026-05-01T23:59:59Z,86401,86401,0,1.0,0.999960423,0.999993087,0.005714892,0,0,1,1,0.0,4.820963,29.14955,1.208634e-10,0.004820996,0.02914975,False,0.03231,False
2026-05-02,RS01SUM1-LJ01B-12-VEL3DB104,6,True,2026-05-02T00:00:00Z,2026-05-02T23:59:59Z,86401,86401,0,1.0,1.000010967,0.999993146,0.004850662,0,0,0,0,1e-06,7.767791,89.414449,9.001843e-10,0.007767844,0.08941506,False,0.090801,False
2026-05-03,RS01SUM1-LJ01B-12-VEL3DB104,6,True,2026-05-03T00:00:00Z,2026-05-03T23:59:59Z,86400,86400,0,1.0,0.999980927,0.999993128,0.005565777,0,0,0,0,-0.0,5.542914,31.61161,-4.833808e-10,0.005542952,0.03161183,False,0.029829,False
2026-05-04,RS01SUM1-LJ01B-12-VEL3DB104,6,True,2026-05-04T00:00:00Z,2026-05-04T23:59:59Z,86401,86401,0,1.0,1.000011921,0.999993171,0.000280873,0,0,2,2,-1e-06,7.955874,87.091946,-7.447892e-10,0.007955929,0.08709254,False,0.084025,False
2026-05-05,RS01SUM1-LJ01B-12-VEL3DB104,6,True,2026-05-05T00:00:00Z,2026-05-05T23:59:59Z,86400,86400,0,1.0,0.999989033,0.999993113,-0.001225283,0,0,0,0,-0.0,3.472653,28.191443,-4.965667e-10,0.003472677,0.02819164,False,0.029645,False
2026-05-06,RS01SUM1-LJ01B-12-VEL3DB104,6,True,2026-05-06T00:00:00Z,2026-05-06T23:59:59Z,86401,86401,0,1.0,1.000016212,0.999993142,-0.000606275,0,0,0,0,1e-06,3.626596,24.566927,9.047646e-10,0.003626621,0.0245671,False,0.028067,False
2026-05-07,RS01SUM1-LJ01B-12-VEL3DB104,6,True,2026-05-07T00:00:00Z,2026-05-07T23:59:59Z,86401,86401,0,1.0,0.999997139,0.999993163,-0.004386217,0,0,1,1,-0.0,8.327032,86.598715,-4.69025e-10,0.008327089,0.08659931,False,0.083849,False
2026-05-08,RS01SUM1-LJ01B-12-VEL3DB104,6,True,2026-05-08T00:00:00Z,2026-05-08T23:59:59Z,86400,86400,0,1.0,1.000010967,0.999993086,-0.002571201,0,0,0,0,-0.0,3.239246,9.13934,-4.967983e-10,0.003239268,0.009139403,False,0.007235,False
2026-05-09,RS01SUM1-LJ01B-12-VEL3DB104,6,True,2026-05-09T00:00:00Z,2026-05-09T23:59:59Z,86401,86401,0,1.0,0.999991894,0.999993169,0.008835998,0,0,6,6,-0.0,4.889415,28.20429,-3.073058e-10,0.004889449,0.02820448,False,0.029889,False
2026-05-10,RS01SUM1-LJ01B-12-VEL3DB104,6,True,2026-05-10T00:00:00Z,2026-05-10T23:59:59Z,86400,86400,0,1.0,0.999992847,0.999993182,-0.00801006,0,0,0,0,-0.0,4.989397,26.838234,-4.24991e-10,0.004989431,0.02683842,False,0.028737,False
2026-05-11,RS01SUM1-LJ01B-12-VEL3DB104,6,True,2026-05-11T00:00:00Z,2026-05-11T23:59:59Z,86401,86401,0,1.0,0.999986172,0.999993153,-0.005780157,0,0,2,2,0.0,4.362565,29.828999,3.958889e-10,0.004362594,0.0298292,False,0.028728,False
2026-05-12,RS01SUM1-LJ01B-12-VEL3DB104,6,True,2026-05-12T00:00:00Z,2026-05-12T23:59:59Z,86400,86400,0,1.0,0.999994755,0.99999315,-0.000829602,0,0,0,0,-0.0,3.931238,30.069918,-4.75004e-10,0.003931265,0.03007012,False,0.029003,False
2026-05-13,RS01SUM1-LJ01B-12-VEL3DB104,6,True,2026-05-13T00:00:00Z,2026-05-13T23:59:59Z,86401,86401,0,1.0,0.999967098,0.999993157,-0.000954223,0,0,3,3,-0.0,2.761082,14.705524,-2.310795e-10,0.002761101,0.01470562,False,0.011721,False
2026-05-14,RS01SUM1-LJ01B-12-VEL3DB104,6,True,2026-05-14T00:00:00Z,2026-05-14T23:59:59Z,86401,86401,0,1.0,0.99986887,0.999993115,0.001918574,0,0,2,2,0.0,6.662453,27.844305,8.104342e-11,0.006662499,0.0278445,False,0.030139,False
2026-05-15,RS01SUM1-LJ01B-12-VEL3DB104,6,True,2026-05-15T00:00:00Z,2026-05-15T23:59:59Z,86400,86400,0,1.0,0.999912262,0.999993151,-0.001285715,0,0,0,0,-0.0,4.525939,27.34176,-4.563914e-10,0.00452597,0.02734195,False,0.028755,False
2026-05-16,RS01SUM1-LJ01B-12-VEL3DB104,6,True,2026-05-16T00:00:00Z,2026-05-16T23:59:59Z,86401,86401,0,1.0,0.999888897,0.999993144,-0.002928174,0,0,2,2,-0.0,4.787846,28.86627,-2.995679e-10,0.004787879,0.02886647,False,0.028088,False
2026-05-17,RS01SUM1-LJ01B-12-VEL3DB104,6,True,2026-05-17T00:00:00Z,2026-05-17T23:59:59Z,86400,86400,0,1.0,0.999911785,0.999993189,-0.004213064,0,0,0,0,-0.0,5.047264,37.4256,-4.508502e-10,0.005047299,0.03742585,False,0.032941,False
2026-05-18,RS01SUM1-LJ01B-12-VEL3DB104,6,True,2026-05-18T00:00:00Z,2026-05-18T23:59:59Z,86401,86401,0,1.0,0.999886036,0.999993231,0.00269431,0,0,1,1,-0.0,5.528405,47.258224,-2.335475e-10,0.005528443,0.04725854,False,0.046135,False
2026-05-19,RS01SUM1-LJ01B-12-VEL3DB104,6,True,2026-05-19T00:00:00Z,2026-05-19T23:59:59Z,86401,86401,0,1.0,0.999863148,0.999993219,0.000708412,0,0,0,0,1e-06,4.168501,33.00225,8.066307e-10,0.004168529,0.03300247,False,0.03347,False
2026-05-20,RS01SUM1-LJ01B-12-VEL3DB104,6,True,2026-05-20T00:00:00Z,2026-05-20T23:59:59Z,86400,86400,0,1.0,0.999856949,0.999993283,0.00269834,0,0,0,0,-0.0,3.356454,14.06283,-4.67827e-10,0.003356476,0.01406292,False,0.013213,False
2026-05-21,RS01SUM1-LJ01B-12-VEL3DB104,6,True,2026-05-21T00:00:00Z,2026-05-21T23:59:59Z,86401,86401,0,1.0,0.999883175,0.999993305,-0.000349241,0,0,6,6,-0.0,3.397276,15.367943,-8.406797e-11,0.003397299,0.01536805,False,0.01323,False
2026-05-22,RS01SUM1-LJ01B-12-VEL3DB104,6,True,2026-05-22T00:00:00Z,2026-05-22T23:59:59Z,86400,86400,0,1.0,0.999866009,0.999993253,0.002650908,0,0,0,0,-0.0,4.382349,29.26635,-4.81832e-10,0.004382379,0.02926655,False,0.029261,False
2026-05-23,RS01SUM1-LJ01B-12-VEL3DB104,6,True,2026-05-23T00:00:00Z,2026-05-23T23:59:59Z,86401,86401,0,1.0,0.999885082,0.999993304,0.003269313,0,0,2,2,0.0,2.889685,15.784933,3.077739e-10,0.002889705,0.01578504,False,0.01253,False
2026-05-24,RS01SUM1-LJ01B-12-VEL3DB104,6,True,2026-05-24T00:00:00Z,2026-05-24T23:59:59Z,86400,86400,0,1.0,0.999915123,0.999993271,-0.000996021,0,0,0,0,-0.0,3.033041,14.537739,-4.524619e-10,0.003033061,0.01453784,False,0.011876,False
2026-05-25,RS01SUM1-LJ01B-12-VEL3DB104,6,True,2026-05-25T00:00:00Z,2026-05-25T23:59:59Z,86401,86401,0,1.0,0.999911785,0.999993222,0.000450297,0,0,0,0,1e-06,2.709022,8.772953,8.703731e-10,0.002709041,0.008773013,False,0.011497,False
2026-05-26,RS01SUM1-LJ01B-12-VEL3DB104,6,True,2026-05-26T00:00:00Z,2026-05-26T23:59:59Z,86401,86401,0,1.0,0.999959946,0.99999322,-0.003081919,0,0,4,4,-0.0,3.622005,18.565528,-4.288361e-10,0.00362203,0.01856565,False,0.017928,False
2026-05-27,RS01SUM1-LJ01B-12-VEL3DB104,6,True,2026-05-27T00:00:00Z,2026-05-27T23:59:59Z,86400,86400,0,1.0,0.999958992,0.999993195,-0.002679963,0,0,0,0,-0.0,2.617703,10.937956,-4.670172e-10,0.002617721,0.01093803,False,0.010995,False
2026-05-28,RS01SUM1-LJ01B-12-VEL3DB104,6,True,2026-05-28T00:00:00Z,2026-05-28T23:59:59Z,86401,86401,0,1.0,0.999914169,0.999993105,0.008595186,0,0,1,1,0.0,4.632986,30.613012,1.119603e-10,0.004633018,0.03061322,False,0.028516,False
2026-05-29,RS01SUM1-LJ01B-12-VEL3DB104,6,True,2026-05-29T00:00:00Z,2026-05-29T23:59:59Z,86400,86400,0,1.0,0.999927044,0.999993176,0.001381383,0,0,0,0,-1e-06,4.756786,29.012483,-5.290798e-10,0.004756818,0.02901268,False,0.029242,False
2026-05-30,RS01SUM1-LJ01B-12-VEL3DB104,6,True,2026-05-30T00:00:00Z,2026-05-30T23:59:59Z,86401,86401,0,1.0,0.999955654,0.999993204,-0.0014182,0,0,4,4,0.0,6.041728,29.294534,2.491318e-10,0.006041769,0.02929473,False,0.029613,False
2026-05-31,RS01SUM1-LJ01B-12-VEL3DB104,6,True,2026-05-31T00:00:00Z,2026-05-31T23:59:59Z,86401,86401,0,1.0,0.999942303,0.99999319,0.008520332,0,0,1,1,1e-06,3.8629,24.676902,5.280649e-10,0.003862926,0.02467707,False,0.026345,False
2026-06-01,RS01SUM1-LJ01B-12-VEL3DB104,6,True,2026-06-01T00:00:00Z,2026-06-01T23:59:59Z,86400,86400,0,1.0,0.999958992,0.999993185,0.001992441,0,0,0,0,-0.0,3.014523,18.944504,-4.571174e-10,0.003014544,0.01894463,False,0.013148,False
2026-06-02,RS01SUM1-LJ01B-12-VEL3DB104,6,True,2026-06-02T00:00:00Z,2026-06-02T23:59:59Z,86401,86401,0,1.0,0.999927044,0.999993106,0.007953383,0,0,2,2,-1e-06,3.423182,11.55859,-7.086477e-10,0.003423206,0.01155867,False,0.011367,False
2026-06-03,RS01SUM1-LJ01B-12-VEL3DB104,6,True,2026-06-03T00:00:00Z,2026-06-03T23:59:59Z,86400,86400,0,1.0,0.999878407,0.999993059,-0.003862418,0,0,0,0,-1e-06,5.209103,22.649744,-5.357553e-10,0.005209139,0.0226499,False,0.01228,False
2026-06-04,RS01SUM1-LJ01B-12-VEL3DB104,6,True,2026-06-04T00:00:00Z,2026-06-04T23:59:59Z,86401,86401,0,1.0,0.99994278,0.999993038,-0.004063626,0,0,0,0,1e-06,3.798581,12.548371,8.768952e-10,0.003798607,0.01254846,False,0.011994,False
2026-06-05,RS01SUM1-LJ01B-12-VEL3DB104,6,True,2026-06-05T00:00:00Z,2026-06-05T23:59:59Z,86401,86401,0,1.0,0.999967098,0.999993121,-0.000100033,0,0,5,5,1e-06,6.081066,27.88472,7.473377e-10,0.006081107,0.02788491,False,0.030375,False
2026-06-06,RS01SUM1-LJ01B-12-VEL3DB104,6,True,2026-06-06T00:00:00Z,2026-06-06T23:59:59Z,86400,86400,0,1.0,0.99991703,0.999993078,0.001193076,0,0,0,0,-0.0,3.751745,17.677587,-4.904333e-10,0.003751771,0.01767771,False,0.011879,False
2026-06-07,RS01SUM1-LJ01B-12-VEL3DB104,6,True,2026-06-07T00:00:00Z,2026-06-07T23:59:59Z,86401,86401,0,1.0,0.999952793,0.99999312,0.002582666,0,0,0,0,1e-06,6.083582,32.16459,8.921727e-10,0.006083624,0.03216481,False,0.030659,False
2026-06-08,RS01SUM1-LJ01B-12-VEL3DB104,6,True,2026-06-08T00:00:00Z,2026-06-08T23:59:59Z,86400,86400,0,1.0,0.999871254,0.999993033,-0.001802873,0,0,0,0,-1e-06,3.461337,28.620074,-5.228802e-10,0.003461361,0.02862027,False,0.026705,False
2026-06-09,RS01SUM1-LJ01B-12-VEL3DB104,6,True,2026-06-09T00:00:00Z,2026-06-09T23:59:59Z,86401,86401,0,1.0,0.999886036,0.999993202,-0.002681106,0,0,0,0,1e-06,2.820084,14.280057,9.062938e-10,0.002820103,0.01428015,False,0.010513,False
2026-06-10,RS01SUM1-LJ01B-12-VEL3DB104,6,True,2026-06-10T00:00:00Z,2026-06-10T23:59:59Z,86401,86401,0,1.0,0.999924183,0.999993044,-0.004649625,0,0,0,0,1e-06,3.826593,40.473481,8.815892e-10,0.00382662,0.04047376,False,0.034163,False
2026-06-11,RS01SUM1-LJ01B-12-VEL3DB104,6,True,2026-06-11T00:00:00Z,2026-06-11T23:59:59Z,86400,86400,0,1.0,0.999930382,0.999993057,0.00278362,0,0,0,0,-0.0,5.781405,41.368052,-4.743884e-10,0.005781445,0.04136834,False,0.046002,False
2026-06-12,RS01SUM1-LJ01B-12-VEL3DB104,6,True,2026-06-12T00:00:00Z,2026-06-12T23:59:59Z,86401,86401,0,1.0,0.999938965,0.999993099,-0.004865288,0,0,1,1,-0.0,5.555855,30.056901,-1.009624e-10,0.005555894,0.03005711,False,0.02855,False
2026-06-13,RS01SUM1-LJ01B-12-VEL3DB104,6,True,2026-06-13T00:00:00Z,2026-06-13T23:59:59Z,86400,86400,0,1.0,0.99994278,0.999993132,7.3268e-05,0,0,0,0,-0.0,2.675197,16.785942,-4.848501e-10,0.002675216,0.01678606,False,0.011997,False
2026-06-14,RS01SUM1-LJ01B-12-VEL3DB104,6,True,2026-06-14T00:00:00Z,2026-06-14T23:59:59Z,86401,86401,0,1.0,0.999939919,0.999993091,-0.001856217,0,0,3,3,1e-06,4.856841,28.47457,5.159368e-10,0.004856875,0.02847477,False,0.030453,False
2026-06-15,RS01SUM1-LJ01B-12-VEL3DB104,6,True,2026-06-15T00:00:00Z,2026-06-15T23:59:59Z,86401,86401,0,1.0,0.999938011,0.999992929,-0.000618544,0,0,1,1,0.0,5.550065,30.49897,3.320574e-11,0.005550104,0.03049919,False,0.02877,False
2026-06-16,RS01SUM1-LJ01B-12-VEL3DB104,6,True,2026-06-16T00:00:00Z,2026-06-16T23:59:59Z,86400,86400,0,1.0,0.99993372,0.999992968,0.004864444,0,0,0,0,-0.0,3.901899,25.51948,-4.821389e-10,0.003901927,0.02551966,False,0.029707,False
2026-06-17,RS01SUM1-LJ01B-12-VEL3DB104,6,True,2026-06-17T00:00:00Z,2026-06-17T23:59:59Z,86401,86401,0,1.0,0.999951363,0.999993046,-0.004330245,0,0,0,0,1e-06,4.596308,26.549096,8.676527e-10,0.00459634,0.02654928,False,0.030224,False
2026-06-18,RS01SUM1-LJ01B-12-VEL3DB104,6,True,2026-06-18T00:00:00Z,2026-06-18T23:59:59Z,86400,86400,0,1.0,0.999958038,0.99999306,-0.003042299,0,0,0,0,-0.0,4.210603,28.877161,-4.807332e-10,0.004210633,0.02887736,False,0.028654,False
2026-06-19,RS01SUM1-LJ01B-12-VEL3DB104,6,True,2026-06-19T00:00:00Z,2026-06-19T23:59:59Z,86401,86401,0,1.0,0.999948025,0.999992981,0.004456814,0,0,1,1,-0.0,5.640156,37.318406,-4.375823e-10,0.005640196,0.03731867,False,0.035247,False
2026-06-20,RS01SUM1-LJ01B-12-VEL3DB104,6,True,2026-06-20T00:00:00Z,2026-06-20T23:59:59Z,86401,86401,0,1.0,0.999925137,0.999992979,-0.000521897,0,0,0,0,1e-06,7.540444,86.71858,9.044039e-10,0.007540497,0.08671919,False,0.090649,False
2026-06-21,RS01SUM1-LJ01B-12-VEL3DB104,6,True,2026-06-21T00:00:00Z,2026-06-21T23:59:59Z,86400,86400,0,1.0,0.999931335,0.999992788,0.008298623,0,0,0,0,-0.0,4.805289,29.333455,-4.591853e-10,0.004805324,0.02933367,False,0.029403,False
2026-06-22,RS01SUM1-LJ01B-12-VEL3DB104,6,True,2026-06-22T00:00:00Z,2026-06-22T23:59:59Z,86401,86401,0,1.0,0.999934196,0.999992813,0.002436146,0,0,0,0,1e-06,4.082615,26.801011,8.952868e-10,0.004082644,0.0268012,False,0.02733,False
2026-06-23,RS01SUM1-LJ01B-12-VEL3DB104,6,True,2026-06-23T00:00:00Z,2026-06-23T23:59:59Z,86400,86400,0,1.0,0.999906063,0.999992834,0.00832209,0,0,0,0,-0.0,5.6038,42.402273,-4.986431e-10,0.00560384,0.04240258,False,0.044622,False
2026-06-24,RS01SUM1-LJ01B-12-VEL3DB104,6,True,2026-06-24T00:00:00Z,2026-06-24T23:59:59Z,86401,86401,0,1.0,0.999950886,0.999992922,-0.005915586,0,0,3,3,-0.0,5.135373,33.395298,-1.200479e-10,0.005135409,0.03339553,False,0.029165,False
2026-06-25,RS01SUM1-LJ01B-12-VEL3DB104,6,True,2026-06-25T00:00:00Z,2026-06-25T23:59:59Z,86401,86401,0,1.0,0.999947071,0.999992941,0.0082503,0,0,1,1,0.0,5.014524,45.031965,1.455105e-10,0.00501456,0.04503228,False,0.040671,False
2026-06-26,RS01SUM1-LJ01B-12-VEL3DB104,6,True,2026-06-26T00:00:00Z,2026-06-26T23:59:59Z,86400,86400,0,1.0,0.999936104,0.999992844,0.001965594,0,0,0,0,-0.0,5.599839,27.667288,-4.839798e-10,0.005599879,0.02766749,False,0.029664,False
2026-06-27,RS01SUM1-LJ01B-12-VEL3DB104,6,True,2026-06-27T00:00:00Z,2026-06-27T23:59:59Z,86401,86401,0,1.0,0.999966145,0.999992966,0.001548903,0,0,1,1,1e-06,5.011394,28.150731,7.587837e-10,0.00501143,0.02815093,False,0.028881,False
2026-06-28,RS01SUM1-LJ01B-12-VEL3DB104,6,True,2026-06-28T00:00:00Z,2026-06-28T23:59:59Z,86400,86400,0,1.0,0.99996376,0.999992903,-0.002735423,0,0,0,0,-0.0,2.60522,11.912149,-4.89399e-10,0.002605238,0.01191223,False,0.013442,False
2026-06-29,RS01SUM1-LJ01B-12-VEL3DB104,6,True,2026-06-29T00:00:00Z,2026-06-29T23:59:59Z,86401,86401,0,1.0,0.999938011,0.999992932,0.001700073,0,0,2,2,0.0,3.057907,11.34177,1.676505e-10,0.003057929,0.01134185,False,0.012663,False
2026-06-30,RS01SUM1-LJ01B-12-VEL3DB104,6,True,2026-06-30T00:00:00Z,2026-06-30T23:59:59Z,86401,86401,0,1.0,0.999910831,0.999992911,-0.000345842,0,0,0,0,1e-06,4.365128,31.021219,8.662095e-10,0.004365159,0.03102144,False,0.028859,False
2026-07-01,RS01SUM1-LJ01B-12-VEL3DB104,6,True,2026-07-01T00:00:00Z,2026-07-01T23:59:59Z,86400,86400,0,1.0,0.999853611,0.999992961,-0.001422148,0,0,0,0,-0.0,3.93396,27.313601,-4.932649e-10,0.003933988,0.02731379,False,0.029203,False
2026-07-02,RS01SUM1-LJ01B-12-VEL3DB104,6,True,2026-07-02T00:00:00Z,2026-07-02T23:59:59Z,86401,86401,0,1.0,0.999897003,0.999992936,-0.000985309,0,0,4,4,0.0,4.85547,29.661432,3.166266e-11,0.004855504,0.02966164,False,0.029251,False
2026-07-03,RS01SUM1-LJ01B-12-VEL3DB104,6,True,2026-07-03T00:00:00Z,2026-07-03T23:59:59Z,86401,86401,0,1.0,0.999881268,0.999993009,0.004032995,0,0,1,1,-0.0,3.041203,11.611192,-4.264858e-10,0.003041224,0.01161127,False,0.011661,False
2026-07-04,RS01SUM1-LJ01B-12-VEL3DB104,6,True,2026-07-04T00:00:00Z,2026-07-04T23:59:59Z,86400,86400,0,1.0,0.999908924,0.999993047,-0.005493407,0,0,0,0,-0.0,4.916346,33.049868,-4.649053e-10,0.004916381,0.0330501,False,0.029579,False
2026-07-05,RS01SUM1-LJ01B-12-VEL3DB104,6,True,2026-07-05T00:00:00Z,2026-07-05T23:59:59Z,86401,86401,0,1.0,0.999930859,0.999993002,0.001264386,0,0,2,2,-0.0,2.891399,14.84771,-4.211224e-10,0.002891419,0.01484781,False,0.015447,False
2026-07-06,RS01SUM1-LJ01B-12-VEL3DB104,6,True,2026-07-06T00:00:00Z,2026-07-06T23:59:59Z,86400,86400,0,1.0,0.999938965,0.999992964,2.6002e-05,0,0,0,0,-0.0,4.920102,31.977474,-4.983687e-10,0.004920137,0.0319777,False,0.028932,False
2026-07-07,RS01SUM1-LJ01B-12-VEL3DB104,6,True,2026-07-07T00:00:00Z,2026-07-07T23:59:59Z,86401,86401,0,1.0,0.999897957,0.999992991,-0.001063945,0,0,2,2,-0.0,5.203145,44.776224,-1.849183e-10,0.005203181,0.04477654,False,0.042334,False
2026-07-08,RS01SUM1-LJ01B-12-VEL3DB104,6,True,2026-07-08T00:00:00Z,2026-07-08T23:59:59Z,86401,86401,0,1.0,0.999903202,0.99999297,-0.001896947,0,0,1,1,0.0,4.270818,27.350249,2.537379e-10,0.004270849,0.02735044,False,0.030237,False
2026-07-09,RS01SUM1-LJ01B-12-VEL3DB104,6,True,2026-07-09T00:00:00Z,2026-07-09T23:59:59Z,86400,86400,0,1.0,0.999922752,0.999992933,0.001633869,0,0,0,0,-0.0,6.601272,30.998455,-4.691043e-10,0.006601318,0.03099867,False,0.030832,False
2026-07-10,RS01SUM1-LJ01B-12-VEL3DB104,6,True,2026-07-10T00:00:00Z,2026-07-10T23:59:59Z,86401,86401,0,1.0,0.999931335,0.999992961,-4.2256e-05,0,0,0,0,1e-06,5.617521,31.189192,8.413332e-10,0.00561756,0.03118941,False,0.028973,False
2026-07-11,RS01SUM1-LJ01B-12-VEL3DB104,6,True,2026-07-11T00:00:00Z,2026-07-11T23:59:59Z,86400,86400,0,1.0,0.999948978,0.999993023,-0.000845648,0,0,0,0,-0.0,3.766771,28.428555,-4.850311e-10,0.003766797,0.02842875,False,0.024264,False
2026-07-12,RS01SUM1-LJ01B-12-VEL3DB104,6,True,2026-07-12T00:00:00Z,2026-07-12T23:59:59Z,86401,86401,0,1.0,0.9999547,0.999992984,0.001430878,0,0,0,0,1e-06,4.747658,26.711357,9.035092e-10,0.004747691,0.02671154,False,0.028749,False
2026-07-13,RS01SUM1-LJ01B-12-VEL3DB104,6,True,2026-07-13T00:00:00Z,2026-07-13T23:59:59Z,86401,86401,0,1.0,0.999927998,0.999992968,0.004652481,0,0,2,2,0.0,4.377079,15.237848,5.80193e-11,0.00437711,0.01523796,False,0.011912,False
2026-07-14,RS01SUM1-LJ01B-12-VEL3DB104,6,True,2026-07-14T00:00:00Z,2026-07-14T23:59:59Z,86400,86400,0,1.0,0.999932766,0.999993031,6.0121e-05,0,0,0,0,-0.0,5.624032,29.13291,-4.762952e-10,0.005624072,0.02913311,False,0.029785,False
2026-07-15,RS01SUM1-LJ01B-12-VEL3DB104,6,True,2026-07-15T00:00:00Z,2026-07-15T23:59:59Z,86401,86401,0,1.0,0.999945164,0.99999311,-0.002255899,0,0,1,1,-1e-06,5.041287,29.922556,-6.800063e-10,0.005041321,0.02992276,False,0.024532,False
2026-07-16,RS01SUM1-LJ01B-12-VEL3DB104,6,True,2026-07-16T00:00:00Z,2026-07-16T23:59:59Z,86400,86400,0,1.0,0.999919891,0.999993046,0.005861636,0,0,0,0,-0.0,3.836508,12.871677,-4.6564e-10,0.003836535,0.01287177,False,0.011788,False
2026-07-17,RS01SUM1-LJ01B-12-VEL3DB104,6,True,2026-07-17T00:00:00Z,2026-07-17T23:59:59Z,86401,86401,0,1.0,0.999896049,0.999993003,-0.001862416,0,0,2,2,0.0,4.676786,29.884176,2.622433e-10,0.004676819,0.02988439,False,0.02945,False
2026-07-18,RS01SUM1-LJ01B-12-VEL3DB104,6,True,2026-07-18T00:00:00Z,2026-07-18T23:59:59Z,86401,86401,0,1.0,0.999892235,0.99999295,0.001924791,0,0,1,1,0.0,5.200468,30.463648,2.718351e-10,0.005200505,0.03046386,False,0.02933,False
2026-07-19,RS01SUM1-LJ01B-12-VEL3DB104,6,True,2026-07-19T00:00:00Z,2026-07-19T23:59:59Z,86400,86400,0,1.0,0.99986124,0.999992764,0.004908939,0,0,0,0,-1e-06,3.649987,15.94433,-5.135863e-10,0.003650013,0.01594445,False,0.01268,False
2026-07-20,RS01SUM1-LJ01B-12-VEL3DB104,6,True,2026-07-20T00:00:00Z,2026-07-20T23:59:59Z,86401,86401,0,1.0,0.999889851,0.999992814,-0.001299722,0,0,0,0,1e-06,3.730758,22.751158,8.431549e-10,0.003730785,0.02275132,False,0.018827,False
2026-07-21,RS01SUM1-LJ01B-12-VEL3DB104,6,True,2026-07-21T00:00:00Z,2026-07-21T23:59:59Z,86400,86400,0,1.0,0.999872684,0.999992706,0.00048112,0,0,0,0,-0.0,4.521976,27.513912,-4.937125e-10,0.004522009,0.02751411,False,0.028873,False
2026-07-22,RS01SUM1-LJ01B-12-VEL3DB104,6,True,2026-07-22T00:00:00Z,2026-07-22T23:59:59Z,86401,86401,0,1.0,0.999905109,0.999992613,-0.00132774,0,0,0,0,1e-06,7.874868,86.426336,8.707338e-10,0.007874926,0.08642697,False,0.08894,False
2026-07-23,RS01SUM1-LJ01B-12-VEL3DB104,6,True,2026-07-23T00:00:00Z,2026-07-23T23:59:59Z,86401,86401,0,1.0,0.999894142,0.999992724,-0.00304175,0,0,0,0,1e-06,3.273311,13.175606,8.671007e-10,0.003273334,0.0131757,False,0.01159,False
2026-07-24,RS01SUM1-LJ01B-12-VEL3DB104,6,True,2026-07-24T00:00:00Z,2026-07-24T23:59:59Z,86400,86400,0,1.0,0.999925137,0.999992635,0.001783836,0,0,0,0,-1e-06,5.400739,29.236738,-5.172073e-10,0.005400778,0.02923695,False,0.028773,False
2026-07-25,RS01SUM1-LJ01B-12-VEL3DB104,6,True,2026-07-25T00:00:00Z,2026-07-25T23:59:59Z,86401,86401,0,1.0,0.999915123,0.99999267,0.006717426,0,0,3,3,0.0,3.969722,17.071282,1.124315e-11,0.003969751,0.01707141,False,0.012707,False
2026-07-26,RS01SUM1-LJ01B-12-VEL3DB104,6,True,2026-07-26T00:00:00Z,2026-07-26T23:59:59Z,86401,86401,0,1.0,0.999928951,0.999992819,0.001102754,0,0,1,1,1e-06,3.960766,26.155024,1.05329e-09,0.003960794,0.02615521,False,0.02944,False
2026-07-27,RS01SUM1-LJ01B-12-VEL3DB104,6,True,2026-07-27T00:00:00Z,2026-07-27T23:59:59Z,86400,86400,0,1.0,0.999885082,0.999992834,-0.003867841,0,0,0,0,-0.0,3.887756,26.062491,-4.29103e-10,0.003887784,0.02606268,False,0.026691,False
2026-07-28,RS01SUM1-LJ01B-12-VEL3DB104,6,True,2026-07-28T00:00:00Z,2026-07-28T23:59:59Z,86401,86401,0,1.0,0.99987793,0.999992687,0.004084952,0,0,0,0,1e-06,5.921039,32.686061,9.369462e-10,0.005921083,0.0326863,False,0.031078,False
2026-07-29,RS01SUM1-LJ01B-12-VEL3DB104,6,True,2026-07-29T00:00:00Z,2026-07-29T23:59:59Z,86400,86400,0,1.0,0.999897003,0.9999928,-0.000667406,0,0,0,0,-1e-06,3.194898,12.725271,-5.024534e-10,0.003194921,0.01272536,False,0.011918,False
2026-07-30,RS01SUM1-LJ01B-12-VEL3DB104,6,True,2026-07-30T00:00:00Z,2026-07-30T23:59:59Z,86401,86401,0,1.0,0.999937534,0.999992852,-0.000581634,0,0,2,2,0.0,3.602906,26.416267,1.731499e-10,0.003602931,0.02641646,False,0.028468,False
2026-07-31,RS01SUM1-LJ01B-12-VEL3DB104,6,True,2026-07-31T00:00:00Z,2026-07-31T23:59:59Z,86401,86401,0,1.0,0.999938011,0.9999928,0.002113938,0,0,2,2,0.0,5.631541,44.830566,2.437218e-10,0.005631582,0.04483089,False,0.037594,False
2026-08-01,RS01SUM1-LJ01B-12-VEL3DB104,6,True,2026-08-01T00:00:00Z,2026-08-01T23:59:59Z,86400,86400,0,1.0,0.999857903,0.999992842,0.004571231,0,0,0,0,-1e-06,3.533024,25.338381,-5.165404e-10,0.003533049,0.02533856,False,0.028969,False
2026-08-02,RS01SUM1-LJ01B-12-VEL3DB104,6,True,2026-08-02T00:00:00Z,2026-08-02T23:59:59Z,86401,86401,0,1.0,0.99987793,0.999992893,-0.004896581,0,0,1,1,-0.0,6.640473,36.331199,-3.266892e-10,0.006640521,0.03633146,False,0.029021,False
2026-08-03,RS01SUM1-LJ01B-12-VEL3DB104,6,True,2026-08-03T00:00:00Z,2026-08-03T23:59:59Z,86401,86401,0,1.0,0.999884129,0.999992835,-0.000639334,0,0,1,1,1e-06,4.735259,29.4341,5.813255e-10,0.004735293,0.02943431,False,0.030651,False
2026-08-04,RS01SUM1-LJ01B-12-VEL3DB104,6,True,2026-08-04T00:00:00Z,2026-08-04T23:59:59Z,86400,86400,0,1.0,0.999925137,0.999992966,-0.003368451,0,0,0,0,-0.0,4.344586,43.5106,-4.942511e-10,0.004344616,0.04351091,False,0.044698,False
2026-08-05,RS01SUM1-LJ01B-12-VEL3DB104,6,True,2026-08-05T00:00:00Z,2026-08-05T23:59:59Z,86401,86401,0,1.0,0.999985218,0.999993006,-0.002965528,0,0,0,0,1e-06,7.958359,86.37008,9.04357e-10,0.007958414,0.08637068,False,0.089665,False
2026-08-06,RS01SUM1-LJ01B-12-VEL3DB104,6,True,2026-08-06T00:00:00Z,2026-08-06T23:59:59Z,86400,86400,0,1.0,1.000030041,0.999993045,0.000393511,0,0,0,0,-0.0,4.697567,30.595324,-4.578694e-10,0.0046976,0.03059554,False,0.028833,False
2026-08-07,RS01SUM1-LJ01B-12-VEL3DB104,6,True,2026-08-07T00:00:00Z,2026-08-07T23:59:59Z,86401,86401,0,1.0,0.999988079,0.999993161,0.000674753,0,0,0,0,1e-06,5.548366,31.555724,9.141727e-10,0.005548404,0.03155594,False,0.026198,False
2026-08-08,RS01SUM1-LJ01B-12-VEL3DB104,6,True,2026-08-08T00:00:00Z,2026-08-08T23:59:59Z,86401,86401,0,1.0,0.999981403,0.999993037,0.026949591,0,0,2,2,1e-06,5.64667,46.074563,6.439765e-10,0.00564671,0.04607488,False,0.045044,False
2026-08-09,RS01SUM1-LJ01B-12-VEL3DB104,6,True,2026-08-09T00:00:00Z,2026-08-09T23:59:59Z,86400,86400,0,1.0,0.99993372,0.999993045,-0.003584823,0,0,0,0,-0.0,3.458211,13.197359,-4.497041e-10,0.003458235,0.01319745,False,0.012696,False
2026-08-10,RS01SUM1-LJ01B-12-VEL3DB104,6,True,2026-08-10T00:00:00Z,2026-08-10T23:59:59Z,86401,86401,0,1.0,0.999918938,0.999993003,-0.001978196,0,0,4,4,0.0,4.334327,28.520654,2.101116e-10,0.004334357,0.02852085,False,0.029734,False
2026-08-11,RS01SUM1-LJ01B-12-VEL3DB104,6,True,2026-08-11T00:00:00Z,2026-08-11T23:59:59Z,86400,86400,0,1.0,0.999913216,0.999992981,-0.002263954,0,0,0,0,-0.0,5.317321,43.562306,-4.562935e-10,0.005317358,0.04356261,False,0.044499,False
2026-08-12,RS01SUM1-LJ01B-12-VEL3DB104,6,True,2026-08-12T00:00:00Z,2026-08-12T23:59:59Z,86401,86401,0,1.0,0.999916077,0.999993019,-0.001955087,0,0,0,0,1e-06,5.012467,37.578721,8.499299e-10,0.005012502,0.03757898,False,0.02924,False
2026-08-13,RS01SUM1-LJ01B-12-VEL3DB104,6,True,2026-08-13T00:00:00Z,2026-08-13T23:59:59Z,86401,86401,0,1.0,0.999911308,0.999992928,-0.001422532,0,0,0,0,1e-06,3.948472,17.522589,9.100747e-10,0.0039485,0.01752271,False,0.011883,False
2026-08-14,RS01SUM1-LJ01B-12-VEL3DB104,6,True,2026-08-14T00:00:00Z,2026-08-14T23:59:59Z,86400,86400,0,1.0,0.999888897,0.999992832,0.005710517,0,0,0,0,-1e-06,5.172347,38.496365,-5.009427e-10,0.005172384,0.03849664,False,0.028764,False
2026-08-15,RS01SUM1-LJ01B-12-VEL3DB104,6,True,2026-08-15T00:00:00Z,2026-08-15T23:59:59Z,86401,86401,0,1.0,0.999886036,0.999993041,0.00417262,0,0,2,2,-0.0,8.984571,23.455269,-1.297323e-10,0.008984634,0.02345543,False,0.014861,False
2026-08-16,RS01SUM1-LJ01B-12-VEL3DB104,6,True,2026-08-16T00:00:00Z,2026-08-16T23:59:59Z,86400,86400,0,1.0,0.999924183,0.999992987,-0.013274258,0,0,0,0,-1e-06,6.068159,30.081641,-5.004407e-10,0.006068202,0.03008185,False,0.02891,False
2026-08-17,RS01SUM1-LJ01B-12-VEL3DB104,6,True,2026-08-17T00:00:00Z,2026-08-17T23:59:59Z,86401,86401,0,1.0,0.999919891,0.999993026,-0.0029965,0,0,0,0,1e-06,3.054881,15.127637,8.126029e-10,0.003054902,0.01512774,False,0.014481,False
2026-08-18,RS01SUM1-LJ01B-12-VEL3DB104,6,True,2026-08-18T00:00:00Z,2026-08-18T23:59:59Z,86401,86401,0,1.0,0.999907017,0.999993016,0.001741698,0,0,1,1,0.0,4.691888,35.755733,3.525532e-10,0.004691921,0.03575598,False,0.032716,False
2026-08-19,RS01SUM1-LJ01B-12-VEL3DB104,6,True,2026-08-19T00:00:00Z,2026-08-19T23:59:59Z,86400,86400,0,1.0,0.999937057,0.999993015,0.021629278,0,0,0,0,-0.0,5.071471,25.473207,-4.894547e-10,0.005071507,0.02547338,False,0.028046,False
2026-08-20,RS01SUM1-LJ01B-12-VEL3DB104,6,True,2026-08-20T00:00:00Z,2026-08-20T23:59:59Z,86401,86401,0,1.0,0.999941349,0.999993024,0.013579894,0,0,2,2,-0.0,4.505878,31.324857,-1.676448e-10,0.004505909,0.03132508,False,0.026727,False
2026-08-21,RS01SUM1-LJ01B-12-VEL3DB104,6,True,2026-08-21T00:00:00Z,2026-08-21T23:59:59Z,86400,86400,0,1.0,0.999927998,0.999992984,-0.002848303,0,0,0,0,-1e-06,3.796384,15.709077,-5.272817e-10,0.003796411,0.01570919,False,0.01326,False
2026-08-22,RS01SUM1-LJ01B-12-VEL3DB104,6,True,2026-08-22T00:00:00Z,2026-08-22T23:59:59Z,86401,86401,0,1.0,0.999909878,0.999993044,-0.000634051,0,0,0,0,1e-06,4.943784,45.003928,8.837016e-10,0.004943819,0.04500424,False,0.045166,False
2026-08-23,RS01SUM1-LJ01B-12-VEL3DB104,6,True,2026-08-23T00:00:00Z,2026-08-23T23:59:59Z,86401,86401,0,1.0,0.999890327,0.999992983,0.001611497,0,0,2,2,0.0,4.998165,37.43297,3.591241e-10,0.0049982,0.03743323,False,0.02606,False
2026-08-24,RS01SUM1-LJ01B-12-VEL3DB104,6,True,2026-08-24T00:00:00Z,2026-08-24T23:59:59Z,86400,86400,0,1.0,0.999927998,0.999993054,0.005309808,0,0,0,0,-0.0,5.89384,35.106438,-4.86455e-10,0.005893881,0.03510668,False,0.030197,False
2026-08-25,RS01SUM1-LJ01B-12-VEL3DB104,6,True,2026-08-25T00:00:00Z,2026-08-25T23:59:59Z,86401,86401,0,1.0,0.999911785,0.99999304,-0.002022154,0,0,0,0,1e-06,4.401539,28.427016,8.577687e-10,0.00440157,0.02842721,False,0.029841,False
2026-08-26,RS01SUM1-LJ01B-12-VEL3DB104,6,True,2026-08-26T00:00:00Z,2026-08-26T23:59:59Z,86400,86400,0,1.0,0.999950886,0.999993029,-0.000194673,0,0,0,0,-1e-06,3.574019,15.361304,-5.043614e-10,0.003574044,0.01536141,False,0.012458,False
2026-08-27,RS01SUM1-LJ01B-12-VEL3DB104,6,True,2026-08-27T00:00:00Z,2026-08-27T23:59:59Z,86401,86401,0,1.0,0.999916077,0.999992981,0.004610855,0,0,0,0,1e-06,4.37159,27.94881,8.701325e-10,0.004371621,0.02794901,False,0.0287,False
2026-08-28,RS01SUM1-LJ01B-12-VEL3DB104,6,True,2026-08-28T00:00:00Z,2026-08-28T23:59:59Z,86401,86401,0,1.0,0.999959946,0.999993095,-7.4722e-05,0,0,1,1,0.0,4.407406,28.805005,5.019169e-12,0.004407436,0.0288052,False,0.028432,False
2026-08-29,RS01SUM1-LJ01B-12-VEL3DB104,6,True,2026-08-29T00:00:00Z,2026-08-29T23:59:59Z,86400,86400,0,1.0,0.999932289,0.99999308,0.005811477,0,0,0,0,-1e-06,3.494053,30.141823,-5.284736e-10,0.003494077,0.03014203,False,0.029182,False
2026-08-30,RS01SUM1-LJ01B-12-VEL3DB104,6,True,2026-08-30T00:00:00Z,2026-08-30T23:59:59Z,86401,86401,0,1.0,0.999966145,0.99999311,-0.001768675,0,0,1,1,0.0,3.778357,12.725383,1.010266e-10,0.003778383,0.01272547,False,0.012682,False
2026-08-31,RS01SUM1-LJ01B-12-VEL3DB104,6,True,2026-08-31T00:00:00Z,2026-08-31T23:59:59Z,86400,86400,0,1.0,0.999938965,0.999993081,-0.001976445,0,0,0,0,-0.0,10.708788,82.764187,-4.517461e-10,0.01070886,0.08276476,False,0.08592,False
2026-09-01,RS01SUM1-LJ01B-12-VEL3DB104,6,True,2026-09-01T00:00:00Z,2026-09-01T23:59:59Z,86401,86401,0,1.0,0.999955177,0.999993069,0.001685172,0,0,0,0,1e-06,3.077059,15.419178,8.794355e-10,0.00307708,0.01541929,False,0.012483,False
2026-09-02,RS01SUM1-LJ01B-12-VEL3DB104,6,True,2026-09-02T00:00:00Z,2026-09-02T23:59:59Z,86401,86401,0,1.0,0.999949932,0.999992999,0.00129628,0,0,0,0,1e-06,3.499693,25.469346,8.909971e-10,0.003499718,0.02546952,False,0.027976,False
2026-09-03,RS01SUM1-LJ01B-12-VEL3DB104,6,True,2026-09-03T00:00:00Z,2026-09-03T23:59:59Z,86400,86400,0,1.0,0.999930859,0.999993063,-0.001946534,0,0,0,0,-0.0,4.725448,29.669457,-4.470073e-10,0.00472548,0.02966966,False,0.028922,False
2026-09-04,RS01SUM1-LJ01B-12-VEL3DB104,6,True,2026-09-04T00:00:00Z,2026-09-04T23:59:59Z,86401,86401,0,1.0,0.999946117,0.999993082,6.7473e-05,0,0,1,1,0.0,3.212321,28.975547,4.519926e-12,0.003212343,0.02897575,False,0.027635,False
2026-09-05,RS01SUM1-LJ01B-12-VEL3DB104,6,True,2026-09-05T00:00:00Z,2026-09-05T23:59:59Z,86400,86400,0,1.0,0.99990797,0.999993074,0.000862135,0,0,0,0,-0.0,5.127589,30.12357,-4.630039e-10,0.005127625,0.03012378,False,0.029366,False
2026-09-06,RS01SUM1-LJ01B-12-VEL3DB104,6,True,2026-09-06T00:00:00Z,2026-09-06T23:59:59Z,86401,86401,0,1.0,0.999914646,0.999993075,0.001617436,0,0,0,0,1e-06,4.749946,23.6129,8.970339e-10,0.004749979,0.02361306,False,0.028462,False
2026-09-07,RS01SUM1-LJ01B-12-VEL3DB104,6,True,2026-09-07T00:00:00Z,2026-09-07T23:59:59Z,86401,86401,0,1.0,0.999936104,0.999993001,0.004252384,0,0,0,0,1e-06,7.761427,46.456179,8.355343e-10,0.007761481,0.0464565,False,0.04542,False
2026-09-08,RS01SUM1-LJ01B-12-VEL3DB104,6,True,2026-09-08T00:00:00Z,2026-09-08T23:59:59Z,86400,86400,0,1.0,0.999931812,0.999992974,0.01321914,0,0,0,0,-1e-06,4.772508,27.144134,-5.056797e-10,0.004772541,0.02714432,False,0.027915,False
2026-09-09,RS01SUM1-LJ01B-12-VEL3DB104,6,True,2026-09-09T00:00:00Z,2026-09-09T23:59:59Z,86401,86401,0,1.0,0.999936104,0.999993043,0.004116569,0,0,0,0,1e-06,5.097295,38.036978,8.826094e-10,0.00509733,0.03803724,False,0.034543,False
2026-09-10,RS01SUM1-LJ01B-12-VEL3DB104,6,True,2026-09-10T00:00:00Z,2026-09-10T23:59:59Z,86400,86400,0,1.0,0.99993372,0.999993098,0.038985183,0,0,0,0,-0.0,6.233626,42.910205,-4.920606e-10,0.006233669,0.0429105,False,0.045757,False
2026-09-11,RS01SUM1-LJ01B-12-VEL3DB104,6,True,2026-09-11T00:00:00Z,2026-09-11T23:59:59Z,86401,86401,0,1.0,0.99991703,0.999992983,0.002213202,0,0,0,0,1e-06,5.251357,29.770358,8.914698e-10,0.005251394,0.02977057,False,0.033244,False
2026-09-12,RS01SUM1-LJ01B-12-VEL3DB104,6,True,2026-09-12T00:00:00Z,2026-09-12T23:59:59Z,86401,86401,0,1.0,0.999934196,0.99999299,0.000352747,0,0,0,0,1e-06,5.707149,34.303759,8.915358e-10,0.005707189,0.034304,False,0.029947,False
2026-09-13,RS01SUM1-LJ01B-12-VEL3DB104,6,True,2026-09-13T00:00:00Z,2026-09-13T23:59:59Z,86400,86400,0,1.0,0.999931812,0.999993104,0.005800592,0,0,0,0,-0.0,3.608604,18.425473,-4.82624e-10,0.003608629,0.0184256,False,0.011979,False
2026-09-14,RS01SUM1-LJ01B-12-VEL3DB104,6,True,2026-09-14T00:00:00Z,2026-09-14T23:59:59Z,86401,86401,0,1.0,0.999935627,0.99999305,0.00825952,0,0,1,1,-1e-06,7.980523,86.469718,-1.26195e-09,0.007980579,0.08647032,False,0.091159,False
2026-09-15,RS01SUM1-LJ01B-12-VEL3DB104,6,True,2026-09-15T00:00:00Z,2026-09-15T23:59:59Z,86400,86400,0,1.0,0.99995327,0.999993073,0.001661078,0,0,0,0,-1e-06,4.923158,31.803755,-5.033205e-10,0.004923192,0.03180398,False,0.034764,False
2026-09-16,RS01SUM1-LJ01B-12-VEL3DB104,6,True,2026-09-16T00:00:00Z,2026-09-16T23:59:59Z,86401,86401,0,1.0,0.999930859,0.999993079,0.002824075,0,0,2,2,-0.0,5.130841,25.806322,-2.389357e-10,0.005130877,0.0258065,False,0.028203,False
2026-09-17,RS01SUM1-LJ01B-12-VEL3DB104,6,True,2026-09-17T00:00:00Z,2026-09-17T23:59:59Z,86401,86401,0,1.0,0.999950409,0.999993063,-0.001303975,0,0,0,0,1e-06,4.094141,25.312873,9.165046e-10,0.004094169,0.02531305,False,0.028538,False
2026-09-18,RS01SUM1-LJ01B-12-VEL3DB104,6,True,2026-09-18T00:00:00Z,2026-09-18T23:59:59Z,86400,86400,0,1.0,0.999917507,0.999993039,-0.00402813,0,0,0,0,-0.0,4.163677,27.758484,-4.489754e-10,0.004163706,0.02775868,False,0.018625,False
2026-09-19,RS01SUM1-LJ01B-12-VEL3DB104,6,True,2026-09-19T00:00:00Z,2026-09-19T23:59:59Z,86401,86401,0,1.0,0.999945641,0.999992968,-0.000941981,0,0,4,4,-1e-06,4.210847,29.118473,-5.196322e-10,0.004210876,0.02911868,False,0.028925,False
2026-09-20,RS01SUM1-LJ01B-12-VEL3DB104,6,True,2026-09-20T00:00:00Z,2026-09-20T23:59:59Z,86400,86400,0,1.0,0.999938488,0.999993002,0.001880978,0,0,0,0,-0.0,3.053015,12.291781,-4.603748e-10,0.003053036,0.01229187,False,0.012677,False
2026-09-21,RS01SUM1-LJ01B-12-VEL3DB104,6,True,2026-09-21T00:00:00Z,2026-09-21T23:59:59Z,86401,86401,0,1.0,0.999943733,0.999993036,-0.006558053,0,0,1,1,-0.0,3.33343,19.693308,-3.757008e-10,0.003333453,0.01969345,False,0.013387,False
2026-09-22,RS01SUM1-LJ01B-12-VEL3DB104,6,True,2026-09-22T00:00:00Z,2026-09-22T23:59:59Z,86401,86401,0,1.0,0.999922752,0.999992965,-0.000262476,0,0,2,2,1e-06,4.646646,28.14753,5.935533e-10,0.004646679,0.02814773,False,0.03144,False
2026-09-23,RS01SUM1-LJ01B-12-VEL3DB104,6,True,2026-09-23T00:00:00Z,2026-09-23T23:59:59Z,86400,86400,0,1.0,0.999970913,0.999993,0.0015239,0,0,0,0,-1e-06,4.140358,30.578139,-5.222512e-10,0.004140387,0.03057835,False,0.028822,False
2026-09-24,RS01SUM1-LJ01B-12-VEL3DB104,6,True,2026-09-24T00:00:00Z,2026-09-24T23:59:59Z,86401,86401,0,1.0,0.999969006,0.99999302,-0.00474215,0,0,0,0,1e-06,4.371196,26.832233,8.848238e-10,0.004371226,0.02683242,False,0.026259,False
2026-09-25,RS01SUM1-LJ01B-12-VEL3DB104,6,True,2026-09-25T00:00:00Z,2026-09-25T23:59:59Z,86400,86400,0,1.0,0.999975204,0.999993031,-0.0018114,0,0,0,0,-0.0,5.392579,33.291257,-4.693367e-10,0.005392616,0.03329149,False,0.028812,False
2026-09-26,RS01SUM1-LJ01B-12-VEL3DB104,6,True,2026-09-26T00:00:00Z,2026-09-26T23:59:59Z,86401,86401,0,1.0,0.999992371,0.999993047,0.000612792,0,0,0,0,1e-06,4.886774,28.534803,8.323036e-10,0.004886808,0.028535,False,0.029583,False
2026-09-27,RS01SUM1-LJ01B-12-VEL3DB104,6,True,2026-09-27T00:00:00Z,2026-09-27T23:59:59Z,86401,86401,0,1.0,0.999980927,0.999993046,0.004595932,0,0,1,1,-0.0,5.119785,30.916244,-4.940113e-11,0.00511982,0.03091646,False,0.025739,False
2026-09-28,RS01SUM1-LJ01B-12-VEL3DB104,6,True,2026-09-28T00:00:00Z,2026-09-28T23:59:59Z,86400,86400,0,1.0,0.999997139,0.999993082,0.003824587,0,0,0,0,-0.0,4.640165,26.965627,-4.948449e-10,0.004640197,0.02696581,False,0.030659,False
2026-09-29,RS01SUM1-LJ01B-12-VEL3DB104,6,True,2026-09-29T00:00:00Z,2026-09-29T23:59:59Z,86401,86401,0,1.0,0.999995232,0.999993043,-0.000739875,0,0,1,1,1e-06,4.60955,29.247298,7.469481e-10,0.004609582,0.0292475,False,0.030122,False
2026-09-30,RS01SUM1-LJ01B-12-VEL3DB104,6,True,2026-09-30T00:00:00Z,2026-09-30T23:59:59Z,86400,86400,0,1.0,0.999959946,0.999993029,0.00075833,0,0,0,0,-0.0,4.602594,28.018587,-4.708714e-10,0.004602626,0.02801878,False,0.02754,False
